ISO-10303-21;
HEADER;
FILE_DESCRIPTION((''),'2;1');
FILE_NAME('LE1601_ASM','2012-07-10T',('dcronin'),(''),
'PRO/ENGINEER BY PARAMETRIC TECHNOLOGY CORPORATION, 2010140',
'PRO/ENGINEER BY PARAMETRIC TECHNOLOGY CORPORATION, 2010140','');
FILE_SCHEMA(('CONFIG_CONTROL_DESIGN'));
ENDSEC;
DATA;
#2=DIRECTION('',(-1.E0,0.E0,0.E0));
#3=VECTOR('',#2,1.585E1);
#4=CARTESIAN_POINT('',(7.925E0,0.E0,-7.925E0));
#5=LINE('',#4,#3);
#6=DIRECTION('',(0.E0,0.E0,1.E0));
#7=VECTOR('',#6,1.585E1);
#8=CARTESIAN_POINT('',(-7.925E0,0.E0,-7.925E0));
#9=LINE('',#8,#7);
#10=DIRECTION('',(1.E0,0.E0,0.E0));
#11=VECTOR('',#10,1.585E1);
#12=CARTESIAN_POINT('',(-7.925E0,0.E0,7.925E0));
#13=LINE('',#12,#11);
#14=DIRECTION('',(0.E0,0.E0,-1.E0));
#15=VECTOR('',#14,1.585E1);
#16=CARTESIAN_POINT('',(7.925E0,0.E0,7.925E0));
#17=LINE('',#16,#15);
#18=DIRECTION('',(0.E0,1.E0,0.E0));
#19=VECTOR('',#18,1.E0);
#20=CARTESIAN_POINT('',(7.925E0,0.E0,-7.925E0));
#21=LINE('',#20,#19);
#22=DIRECTION('',(0.E0,1.E0,0.E0));
#23=VECTOR('',#22,1.E0);
#24=CARTESIAN_POINT('',(7.925E0,0.E0,7.925E0));
#25=LINE('',#24,#23);
#26=DIRECTION('',(0.E0,1.E0,0.E0));
#27=VECTOR('',#26,1.E0);
#28=CARTESIAN_POINT('',(-7.925E0,0.E0,7.925E0));
#29=LINE('',#28,#27);
#30=DIRECTION('',(0.E0,1.E0,0.E0));
#31=VECTOR('',#30,1.E0);
#32=CARTESIAN_POINT('',(-7.925E0,0.E0,-7.925E0));
#33=LINE('',#32,#31);
#34=DIRECTION('',(-1.E0,0.E0,0.E0));
#35=VECTOR('',#34,1.585E1);
#36=CARTESIAN_POINT('',(7.925E0,1.E0,-7.925E0));
#37=LINE('',#36,#35);
#38=DIRECTION('',(0.E0,0.E0,-1.E0));
#39=VECTOR('',#38,1.585E1);
#40=CARTESIAN_POINT('',(7.925E0,1.E0,7.925E0));
#41=LINE('',#40,#39);
#42=DIRECTION('',(1.E0,0.E0,0.E0));
#43=VECTOR('',#42,1.585E1);
#44=CARTESIAN_POINT('',(-7.925E0,1.E0,7.925E0));
#45=LINE('',#44,#43);
#46=DIRECTION('',(0.E0,0.E0,1.E0));
#47=VECTOR('',#46,1.585E1);
#48=CARTESIAN_POINT('',(-7.925E0,1.E0,-7.925E0));
#49=LINE('',#48,#47);
#50=CARTESIAN_POINT('',(7.925E0,0.E0,-7.925E0));
#51=CARTESIAN_POINT('',(-7.925E0,0.E0,-7.925E0));
#52=VERTEX_POINT('',#50);
#53=VERTEX_POINT('',#51);
#54=CARTESIAN_POINT('',(-7.925E0,0.E0,7.925E0));
#55=VERTEX_POINT('',#54);
#56=CARTESIAN_POINT('',(7.925E0,0.E0,7.925E0));
#57=VERTEX_POINT('',#56);
#58=CARTESIAN_POINT('',(7.925E0,1.E0,-7.925E0));
#59=CARTESIAN_POINT('',(-7.925E0,1.E0,-7.925E0));
#60=VERTEX_POINT('',#58);
#61=VERTEX_POINT('',#59);
#62=CARTESIAN_POINT('',(-7.925E0,1.E0,7.925E0));
#63=VERTEX_POINT('',#62);
#64=CARTESIAN_POINT('',(7.925E0,1.E0,7.925E0));
#65=VERTEX_POINT('',#64);
#66=CARTESIAN_POINT('',(0.E0,0.E0,0.E0));
#67=DIRECTION('',(0.E0,1.E0,0.E0));
#68=DIRECTION('',(1.E0,0.E0,0.E0));
#69=AXIS2_PLACEMENT_3D('',#66,#67,#68);
#70=PLANE('',#69);
#72=ORIENTED_EDGE('',*,*,#71,.T.);
#74=ORIENTED_EDGE('',*,*,#73,.T.);
#76=ORIENTED_EDGE('',*,*,#75,.T.);
#78=ORIENTED_EDGE('',*,*,#77,.T.);
#79=EDGE_LOOP('',(#72,#74,#76,#78));
#80=FACE_OUTER_BOUND('',#79,.F.);
#81=ADVANCED_FACE('',(#80),#70,.F.);
#82=CARTESIAN_POINT('',(7.925E0,0.E0,-7.925E0));
#83=DIRECTION('',(0.E0,0.E0,-1.E0));
#84=DIRECTION('',(-1.E0,0.E0,0.E0));
#85=AXIS2_PLACEMENT_3D('',#82,#83,#84);
#86=PLANE('',#85);
#87=ORIENTED_EDGE('',*,*,#71,.F.);
#89=ORIENTED_EDGE('',*,*,#88,.T.);
#91=ORIENTED_EDGE('',*,*,#90,.T.);
#93=ORIENTED_EDGE('',*,*,#92,.F.);
#94=EDGE_LOOP('',(#87,#89,#91,#93));
#95=FACE_OUTER_BOUND('',#94,.F.);
#96=ADVANCED_FACE('',(#95),#86,.T.);
#97=CARTESIAN_POINT('',(7.925E0,0.E0,7.925E0));
#98=DIRECTION('',(1.E0,0.E0,0.E0));
#99=DIRECTION('',(0.E0,0.E0,-1.E0));
#100=AXIS2_PLACEMENT_3D('',#97,#98,#99);
#101=PLANE('',#100);
#102=ORIENTED_EDGE('',*,*,#77,.F.);
#104=ORIENTED_EDGE('',*,*,#103,.T.);
#106=ORIENTED_EDGE('',*,*,#105,.T.);
#107=ORIENTED_EDGE('',*,*,#88,.F.);
#108=EDGE_LOOP('',(#102,#104,#106,#107));
#109=FACE_OUTER_BOUND('',#108,.F.);
#110=ADVANCED_FACE('',(#109),#101,.T.);
#111=CARTESIAN_POINT('',(-7.925E0,0.E0,7.925E0));
#112=DIRECTION('',(0.E0,0.E0,1.E0));
#113=DIRECTION('',(1.E0,0.E0,0.E0));
#114=AXIS2_PLACEMENT_3D('',#111,#112,#113);
#115=PLANE('',#114);
#116=ORIENTED_EDGE('',*,*,#75,.F.);
#118=ORIENTED_EDGE('',*,*,#117,.T.);
#120=ORIENTED_EDGE('',*,*,#119,.T.);
#121=ORIENTED_EDGE('',*,*,#103,.F.);
#122=EDGE_LOOP('',(#116,#118,#120,#121));
#123=FACE_OUTER_BOUND('',#122,.F.);
#124=ADVANCED_FACE('',(#123),#115,.T.);
#125=CARTESIAN_POINT('',(-7.925E0,0.E0,-7.925E0));
#126=DIRECTION('',(-1.E0,0.E0,0.E0));
#127=DIRECTION('',(0.E0,0.E0,1.E0));
#128=AXIS2_PLACEMENT_3D('',#125,#126,#127);
#129=PLANE('',#128);
#130=ORIENTED_EDGE('',*,*,#73,.F.);
#131=ORIENTED_EDGE('',*,*,#92,.T.);
#133=ORIENTED_EDGE('',*,*,#132,.T.);
#134=ORIENTED_EDGE('',*,*,#117,.F.);
#135=EDGE_LOOP('',(#130,#131,#133,#134));
#136=FACE_OUTER_BOUND('',#135,.F.);
#137=ADVANCED_FACE('',(#136),#129,.T.);
#138=CARTESIAN_POINT('',(0.E0,1.E0,0.E0));
#139=DIRECTION('',(0.E0,1.E0,0.E0));
#140=DIRECTION('',(1.E0,0.E0,0.E0));
#141=AXIS2_PLACEMENT_3D('',#138,#139,#140);
#142=PLANE('',#141);
#143=ORIENTED_EDGE('',*,*,#90,.F.);
#144=ORIENTED_EDGE('',*,*,#105,.F.);
#145=ORIENTED_EDGE('',*,*,#119,.F.);
#146=ORIENTED_EDGE('',*,*,#132,.F.);
#147=EDGE_LOOP('',(#143,#144,#145,#146));
#148=FACE_OUTER_BOUND('',#147,.F.);
#149=ADVANCED_FACE('',(#148),#142,.T.);
#150=CLOSED_SHELL('',(#81,#96,#110,#124,#137,#149));
#151=MANIFOLD_SOLID_BREP('',#150);
#153=DIMENSIONAL_EXPONENTS(0.E0,0.E0,0.E0,0.E0,0.E0,0.E0,0.E0);
#155=PLANE_ANGLE_MEASURE_WITH_UNIT(PLANE_ANGLE_MEASURE(1.745329251994E-2),#154);
#156=(CONVERSION_BASED_UNIT('DEGREE',#155)NAMED_UNIT(#153)PLANE_ANGLE_UNIT());
#158=UNCERTAINTY_MEASURE_WITH_UNIT(LENGTH_MEASURE(2.465582718744E-3),#152,
'closure',
'Maximum model space distance between geometric entities at asserted connectivities');
#159=(GEOMETRIC_REPRESENTATION_CONTEXT(3)GLOBAL_UNCERTAINTY_ASSIGNED_CONTEXT((
#158))GLOBAL_UNIT_ASSIGNED_CONTEXT((#152,#156,#157))REPRESENTATION_CONTEXT
('ID1','3'));
#160=CARTESIAN_POINT('',(0.E0,0.E0,0.E0));
#161=DIRECTION('',(0.E0,0.E0,1.E0));
#162=DIRECTION('',(1.E0,0.E0,0.E0));
#165=APPLICATION_CONTEXT(
'CONFIGURATION CONTROLLED 3D DESIGNS OF MECHANICAL PARTS AND ASSEMBLIES');
#166=APPLICATION_PROTOCOL_DEFINITION('international standard',
'config_control_design',1994,#165);
#167=DESIGN_CONTEXT('',#165,'design');
#168=MECHANICAL_CONTEXT('',#165,'mechanical');
#169=PRODUCT('LE1601_ROUTING','LE1601_ROUTING','NOT SPECIFIED',(#168));
#170=PRODUCT_DEFINITION_FORMATION_WITH_SPECIFIED_SOURCE('1','LAST_VERSION',#169,
.MADE.);
#179=CARTESIAN_POINT('',(0.E0,0.E0,0.E0));
#180=DIRECTION('',(0.E0,0.E0,1.E0));
#181=DIRECTION('',(1.E0,0.E0,0.E0));
#182=AXIS2_PLACEMENT_3D('',#179,#180,#181);
#183=ITEM_DEFINED_TRANSFORMATION('','',#163,#182);
#184=(REPRESENTATION_RELATIONSHIP('','',#164,#176)REPRESENTATION_RELATIONSHIP_WITH_TRANSFORMATION(#183)SHAPE_REPRESENTATION_RELATIONSHIP());
#185=CONTEXT_DEPENDENT_SHAPE_REPRESENTATION(#184,#178);
#187=CARTESIAN_POINT('',(3.286988412533E0,0.E0,-5.496839464631E0));
#188=DIRECTION('',(0.E0,1.E0,0.E0));
#189=DIRECTION('',(1.E0,0.E0,0.E0));
#190=AXIS2_PLACEMENT_3D('',#187,#188,#189);
#192=CARTESIAN_POINT('',(3.286988412533E0,0.E0,-5.496839464631E0));
#193=DIRECTION('',(0.E0,1.E0,0.E0));
#194=DIRECTION('',(-1.E0,0.E0,0.E0));
#195=AXIS2_PLACEMENT_3D('',#192,#193,#194);
#197=DIRECTION('',(0.E0,1.E0,0.E0));
#198=VECTOR('',#197,1.6E-1);
#199=CARTESIAN_POINT('',(3.936988412533E0,0.E0,-5.496839464631E0));
#200=LINE('',#199,#198);
#201=DIRECTION('',(0.E0,1.E0,0.E0));
#202=VECTOR('',#201,1.6E-1);
#203=CARTESIAN_POINT('',(2.636988412533E0,0.E0,-5.496839464631E0));
#204=LINE('',#203,#202);
#205=CARTESIAN_POINT('',(3.286988412533E0,1.6E-1,-5.496839464631E0));
#206=DIRECTION('',(0.E0,1.E0,0.E0));
#207=DIRECTION('',(1.E0,0.E0,0.E0));
#208=AXIS2_PLACEMENT_3D('',#205,#206,#207);
#210=CARTESIAN_POINT('',(3.286988412533E0,1.6E-1,-5.496839464631E0));
#211=DIRECTION('',(0.E0,1.E0,0.E0));
#212=DIRECTION('',(-1.E0,0.E0,0.E0));
#213=AXIS2_PLACEMENT_3D('',#210,#211,#212);
#215=CARTESIAN_POINT('',(3.936988412533E0,0.E0,-5.496839464631E0));
#216=CARTESIAN_POINT('',(2.636988412533E0,0.E0,-5.496839464631E0));
#217=VERTEX_POINT('',#215);
#218=VERTEX_POINT('',#216);
#219=CARTESIAN_POINT('',(3.936988412533E0,1.6E-1,-5.496839464631E0));
#220=CARTESIAN_POINT('',(2.636988412533E0,1.6E-1,-5.496839464631E0));
#221=VERTEX_POINT('',#219);
#222=VERTEX_POINT('',#220);
#223=CARTESIAN_POINT('',(0.E0,0.E0,0.E0));
#224=DIRECTION('',(0.E0,1.E0,0.E0));
#225=DIRECTION('',(1.E0,0.E0,0.E0));
#226=AXIS2_PLACEMENT_3D('',#223,#224,#225);
#227=PLANE('',#226);
#229=ORIENTED_EDGE('',*,*,#228,.T.);
#231=ORIENTED_EDGE('',*,*,#230,.T.);
#232=EDGE_LOOP('',(#229,#231));
#233=FACE_OUTER_BOUND('',#232,.F.);
#234=ADVANCED_FACE('',(#233),#227,.F.);
#235=CARTESIAN_POINT('',(3.286988412533E0,0.E0,-5.496839464631E0));
#236=DIRECTION('',(0.E0,1.E0,0.E0));
#237=DIRECTION('',(1.E0,0.E0,0.E0));
#238=AXIS2_PLACEMENT_3D('',#235,#236,#237);
#239=CYLINDRICAL_SURFACE('',#238,6.5E-1);
#240=ORIENTED_EDGE('',*,*,#228,.F.);
#242=ORIENTED_EDGE('',*,*,#241,.T.);
#244=ORIENTED_EDGE('',*,*,#243,.T.);
#246=ORIENTED_EDGE('',*,*,#245,.F.);
#247=EDGE_LOOP('',(#240,#242,#244,#246));
#248=FACE_OUTER_BOUND('',#247,.F.);
#249=ADVANCED_FACE('',(#248),#239,.T.);
#250=CARTESIAN_POINT('',(3.286988412533E0,0.E0,-5.496839464631E0));
#251=DIRECTION('',(0.E0,1.E0,0.E0));
#252=DIRECTION('',(1.E0,0.E0,0.E0));
#253=AXIS2_PLACEMENT_3D('',#250,#251,#252);
#254=CYLINDRICAL_SURFACE('',#253,6.5E-1);
#255=ORIENTED_EDGE('',*,*,#230,.F.);
#256=ORIENTED_EDGE('',*,*,#245,.T.);
#258=ORIENTED_EDGE('',*,*,#257,.T.);
#259=ORIENTED_EDGE('',*,*,#241,.F.);
#260=EDGE_LOOP('',(#255,#256,#258,#259));
#261=FACE_OUTER_BOUND('',#260,.F.);
#262=ADVANCED_FACE('',(#261),#254,.T.);
#263=CARTESIAN_POINT('',(0.E0,1.6E-1,0.E0));
#264=DIRECTION('',(0.E0,1.E0,0.E0));
#265=DIRECTION('',(1.E0,0.E0,0.E0));
#266=AXIS2_PLACEMENT_3D('',#263,#264,#265);
#267=PLANE('',#266);
#268=ORIENTED_EDGE('',*,*,#243,.F.);
#269=ORIENTED_EDGE('',*,*,#257,.F.);
#270=EDGE_LOOP('',(#268,#269));
#271=FACE_OUTER_BOUND('',#270,.F.);
#272=ADVANCED_FACE('',(#271),#267,.T.);
#273=CLOSED_SHELL('',(#234,#249,#262,#272));
#274=MANIFOLD_SOLID_BREP('',#273);
#276=DIRECTION('',(0.E0,1.E0,0.E0));
#277=VECTOR('',#276,1.6E-1);
#278=CARTESIAN_POINT('',(-5.882893218814E0,0.E0,-6.9E0));
#279=LINE('',#278,#277);
#280=CARTESIAN_POINT('',(-4.248842458948E-1,0.E0,-4.856449153197E0));
#281=DIRECTION('',(0.E0,1.E0,0.E0));
#282=DIRECTION('',(8.715574274765E-2,0.E0,9.961946980917E-1));
#283=AXIS2_PLACEMENT_3D('',#280,#281,#282);
#285=CARTESIAN_POINT('',(0.E0,0.E0,0.E0));
#286=DIRECTION('',(0.E0,1.E0,0.E0));
#287=DIRECTION('',(-8.715574274765E-2,0.E0,-9.961946980917E-1));
#288=AXIS2_PLACEMENT_3D('',#285,#286,#287);
#290=DIRECTION('',(-1.E0,0.E0,0.E0));
#291=VECTOR('',#290,5.494485592242E-1);
#292=CARTESIAN_POINT('',(-5.100551440776E0,0.E0,-5.E-1));
#293=LINE('',#292,#291);
#294=CARTESIAN_POINT('',(-5.65E0,0.E0,-7.5E-1));
#295=DIRECTION('',(0.E0,-1.E0,0.E0));
#296=DIRECTION('',(0.E0,0.E0,1.E0));
#297=AXIS2_PLACEMENT_3D('',#294,#295,#296);
#299=DIRECTION('',(0.E0,0.E0,-1.E0));
#300=VECTOR('',#299,2.945617587575E0);
#301=CARTESIAN_POINT('',(-5.9E0,0.E0,-7.5E-1));
#302=LINE('',#301,#300);
#303=CARTESIAN_POINT('',(-5.4E0,0.E0,-3.695617587575E0));
#304=DIRECTION('',(0.E0,-1.E0,0.E0));
#305=DIRECTION('',(-1.E0,0.E0,1.332267629550E-14));
#306=AXIS2_PLACEMENT_3D('',#303,#304,#305);
#308=DIRECTION('',(7.071067811865E-1,0.E0,-7.071067811866E-1));
#309=VECTOR('',#308,2.327518010647E0);
#310=CARTESIAN_POINT('',(-5.753553390593E0,0.E0,-4.049170978168E0));
#311=LINE('',#310,#309);
#312=CARTESIAN_POINT('',(-4.602724368762E0,0.E0,-6.189949493661E0));
#313=DIRECTION('',(0.E0,1.E0,0.E0));
#314=DIRECTION('',(7.071067811866E-1,0.E0,7.071067811865E-1));
#315=AXIS2_PLACEMENT_3D('',#312,#313,#314);
#317=DIRECTION('',(0.E0,0.E0,-1.E0));
#318=VECTOR('',#317,1.005050633871E-2);
#319=CARTESIAN_POINT('',(-3.902724368762E0,0.E0,-6.189949493661E0));
#320=LINE('',#319,#318);
#321=CARTESIAN_POINT('',(-4.602724368762E0,0.E0,-6.2E0));
#322=DIRECTION('',(0.E0,1.E0,0.E0));
#323=DIRECTION('',(1.E0,0.E0,0.E0));
#324=AXIS2_PLACEMENT_3D('',#321,#322,#323);
#326=DIRECTION('',(-1.E0,0.E0,0.E0));
#327=VECTOR('',#326,1.280168850052E0);
#328=CARTESIAN_POINT('',(-4.602724368762E0,0.E0,-6.9E0));
#329=LINE('',#328,#327);
#330=CARTESIAN_POINT('',(-5.882893218814E0,0.E0,-6.4E0));
#331=DIRECTION('',(0.E0,1.E0,0.E0));
#332=DIRECTION('',(-5.329070518200E-14,0.E0,-1.E0));
#333=AXIS2_PLACEMENT_3D('',#330,#331,#332);
#335=DIRECTION('',(-7.071067811865E-1,0.E0,7.071067811866E-1));
#336=VECTOR('',#335,7.312994231489E-1);
#337=CARTESIAN_POINT('',(-6.236446609407E0,0.E0,-6.753553390593E0));
#338=LINE('',#337,#336);
#339=CARTESIAN_POINT('',(-6.4E0,0.E0,-5.882893218814E0));
#340=DIRECTION('',(0.E0,1.E0,0.E0));
#341=DIRECTION('',(-7.071067811866E-1,0.E0,-7.071067811864E-1));
#342=AXIS2_PLACEMENT_3D('',#339,#340,#341);
#344=DIRECTION('',(0.E0,0.E0,1.E0));
#345=VECTOR('',#344,6.132893218814E0);
#346=CARTESIAN_POINT('',(-6.9E0,0.E0,-5.882893218814E0));
#347=LINE('',#346,#345);
#348=CARTESIAN_POINT('',(-6.65E0,0.E0,2.5E-1));
#349=DIRECTION('',(0.E0,1.E0,0.E0));
#350=DIRECTION('',(-1.E0,0.E0,1.776356839400E-14));
#351=AXIS2_PLACEMENT_3D('',#348,#349,#350);
#353=DIRECTION('',(1.E0,0.E0,0.E0));
#354=VECTOR('',#353,1.549448559224E0);
#355=CARTESIAN_POINT('',(-6.65E0,0.E0,5.E-1));
#356=LINE('',#355,#354);
#357=CARTESIAN_POINT('',(0.E0,0.E0,0.E0));
#358=DIRECTION('',(0.E0,1.E0,0.E0));
#359=DIRECTION('',(-9.952295494197E-1,0.E0,9.756097560975E-2));
#360=AXIS2_PLACEMENT_3D('',#357,#358,#359);
#362=CARTESIAN_POINT('',(-4.248842458948E-1,0.E0,4.856449153197E0));
#363=DIRECTION('',(0.E0,1.E0,0.E0));
#364=DIRECTION('',(-8.715574274765E-2,0.E0,9.961946980917E-1));
#365=AXIS2_PLACEMENT_3D('',#362,#363,#364);
#367=CARTESIAN_POINT('',(0.E0,0.E0,0.E0));
#368=DIRECTION('',(0.E0,-1.E0,0.E0));
#369=DIRECTION('',(-8.715574274765E-2,0.E0,9.961946980917E-1));
#370=AXIS2_PLACEMENT_3D('',#367,#368,#369);
#372=DIRECTION('',(-1.E0,0.E0,0.E0));
#373=VECTOR('',#372,1.010812074605E-1);
#374=CARTESIAN_POINT('',(-4.623918792539E0,0.E0,1.E-1));
#375=LINE('',#374,#373);
#376=CARTESIAN_POINT('',(-4.725E0,0.E0,0.E0));
#377=DIRECTION('',(0.E0,-1.E0,0.E0));
#378=DIRECTION('',(0.E0,0.E0,1.E0));
#379=AXIS2_PLACEMENT_3D('',#376,#377,#378);
#381=DIRECTION('',(1.E0,0.E0,0.E0));
#382=VECTOR('',#381,1.010812074605E-1);
#383=CARTESIAN_POINT('',(-4.725E0,0.E0,-1.E-1));
#384=LINE('',#383,#382);
#385=CARTESIAN_POINT('',(0.E0,0.E0,0.E0));
#386=DIRECTION('',(0.E0,-1.E0,0.E0));
#387=DIRECTION('',(-9.997662254139E-1,0.E0,-2.162162162162E-2));
#388=AXIS2_PLACEMENT_3D('',#385,#386,#387);
#390=DIRECTION('',(0.E0,1.E0,0.E0));
#391=VECTOR('',#390,1.6E-1);
#392=CARTESIAN_POINT('',(-4.030953102079E-1,0.E0,-4.607400478674E0));
#393=LINE('',#392,#391);
#394=DIRECTION('',(0.E0,1.E0,0.E0));
#395=VECTOR('',#394,1.6E-1);
#396=CARTESIAN_POINT('',(-4.623918792539E0,0.E0,-1.E-1));
#397=LINE('',#396,#395);
#398=DIRECTION('',(0.E0,1.E0,0.E0));
#399=VECTOR('',#398,1.6E-1);
#400=CARTESIAN_POINT('',(-4.725E0,0.E0,-1.E-1));
#401=LINE('',#400,#399);
#402=DIRECTION('',(0.E0,1.E0,0.E0));
#403=VECTOR('',#402,1.6E-1);
#404=CARTESIAN_POINT('',(-4.725E0,0.E0,1.E-1));
#405=LINE('',#404,#403);
#406=DIRECTION('',(0.E0,1.E0,0.E0));
#407=VECTOR('',#406,1.6E-1);
#408=CARTESIAN_POINT('',(-4.623918792539E0,0.E0,1.E-1));
#409=LINE('',#408,#407);
#410=DIRECTION('',(0.E0,1.E0,0.E0));
#411=VECTOR('',#410,1.6E-1);
#412=CARTESIAN_POINT('',(-4.030953102079E-1,0.E0,4.607400478674E0));
#413=LINE('',#412,#411);
#414=DIRECTION('',(0.E0,1.E0,0.E0));
#415=VECTOR('',#414,1.6E-1);
#416=CARTESIAN_POINT('',(-4.466731815817E-1,0.E0,5.105497827720E0));
#417=LINE('',#416,#415);
#418=DIRECTION('',(0.E0,1.E0,0.E0));
#419=VECTOR('',#418,1.6E-1);
#420=CARTESIAN_POINT('',(-5.100551440776E0,0.E0,5.E-1));
#421=LINE('',#420,#419);
#422=DIRECTION('',(0.E0,1.E0,0.E0));
#423=VECTOR('',#422,1.6E-1);
#424=CARTESIAN_POINT('',(-6.65E0,0.E0,5.E-1));
#425=LINE('',#424,#423);
#426=DIRECTION('',(0.E0,1.E0,0.E0));
#427=VECTOR('',#426,1.6E-1);
#428=CARTESIAN_POINT('',(-6.9E0,0.E0,2.5E-1));
#429=LINE('',#428,#427);
#430=DIRECTION('',(0.E0,1.E0,0.E0));
#431=VECTOR('',#430,1.6E-1);
#432=CARTESIAN_POINT('',(-6.9E0,0.E0,-5.882893218814E0));
#433=LINE('',#432,#431);
#434=DIRECTION('',(0.E0,1.E0,0.E0));
#435=VECTOR('',#434,1.6E-1);
#436=CARTESIAN_POINT('',(-6.753553390593E0,0.E0,-6.236446609407E0));
#437=LINE('',#436,#435);
#438=DIRECTION('',(0.E0,1.E0,0.E0));
#439=VECTOR('',#438,1.6E-1);
#440=CARTESIAN_POINT('',(-6.236446609407E0,0.E0,-6.753553390593E0));
#441=LINE('',#440,#439);
#442=CARTESIAN_POINT('',(-4.248842458948E-1,1.6E-1,-4.856449153197E0));
#443=DIRECTION('',(0.E0,1.E0,0.E0));
#444=DIRECTION('',(8.715574274765E-2,0.E0,9.961946980917E-1));
#445=AXIS2_PLACEMENT_3D('',#442,#443,#444);
#447=CARTESIAN_POINT('',(0.E0,1.6E-1,0.E0));
#448=DIRECTION('',(0.E0,-1.E0,0.E0));
#449=DIRECTION('',(-9.997662254139E-1,0.E0,-2.162162162162E-2));
#450=AXIS2_PLACEMENT_3D('',#447,#448,#449);
#452=DIRECTION('',(1.E0,0.E0,0.E0));
#453=VECTOR('',#452,1.010812074605E-1);
#454=CARTESIAN_POINT('',(-4.725E0,1.6E-1,-1.E-1));
#455=LINE('',#454,#453);
#456=CARTESIAN_POINT('',(-4.725E0,1.6E-1,0.E0));
#457=DIRECTION('',(0.E0,-1.E0,0.E0));
#458=DIRECTION('',(0.E0,0.E0,1.E0));
#459=AXIS2_PLACEMENT_3D('',#456,#457,#458);
#461=DIRECTION('',(-1.E0,0.E0,0.E0));
#462=VECTOR('',#461,1.010812074605E-1);
#463=CARTESIAN_POINT('',(-4.623918792539E0,1.6E-1,1.E-1));
#464=LINE('',#463,#462);
#465=CARTESIAN_POINT('',(0.E0,1.6E-1,0.E0));
#466=DIRECTION('',(0.E0,-1.E0,0.E0));
#467=DIRECTION('',(-8.715574274765E-2,0.E0,9.961946980917E-1));
#468=AXIS2_PLACEMENT_3D('',#465,#466,#467);
#470=CARTESIAN_POINT('',(-4.248842458948E-1,1.6E-1,4.856449153197E0));
#471=DIRECTION('',(0.E0,1.E0,0.E0));
#472=DIRECTION('',(-8.715574274765E-2,0.E0,9.961946980917E-1));
#473=AXIS2_PLACEMENT_3D('',#470,#471,#472);
#475=CARTESIAN_POINT('',(0.E0,1.6E-1,0.E0));
#476=DIRECTION('',(0.E0,1.E0,0.E0));
#477=DIRECTION('',(-9.952295494197E-1,0.E0,9.756097560975E-2));
#478=AXIS2_PLACEMENT_3D('',#475,#476,#477);
#480=DIRECTION('',(1.E0,0.E0,0.E0));
#481=VECTOR('',#480,1.549448559224E0);
#482=CARTESIAN_POINT('',(-6.65E0,1.6E-1,5.E-1));
#483=LINE('',#482,#481);
#484=CARTESIAN_POINT('',(-6.65E0,1.6E-1,2.5E-1));
#485=DIRECTION('',(0.E0,1.E0,0.E0));
#486=DIRECTION('',(-1.E0,0.E0,1.776356839400E-14));
#487=AXIS2_PLACEMENT_3D('',#484,#485,#486);
#489=DIRECTION('',(0.E0,0.E0,1.E0));
#490=VECTOR('',#489,6.132893218814E0);
#491=CARTESIAN_POINT('',(-6.9E0,1.6E-1,-5.882893218814E0));
#492=LINE('',#491,#490);
#493=CARTESIAN_POINT('',(-6.4E0,1.6E-1,-5.882893218814E0));
#494=DIRECTION('',(0.E0,1.E0,0.E0));
#495=DIRECTION('',(-7.071067811866E-1,0.E0,-7.071067811864E-1));
#496=AXIS2_PLACEMENT_3D('',#493,#494,#495);
#498=DIRECTION('',(-7.071067811865E-1,0.E0,7.071067811866E-1));
#499=VECTOR('',#498,7.312994231489E-1);
#500=CARTESIAN_POINT('',(-6.236446609407E0,1.6E-1,-6.753553390593E0));
#501=LINE('',#500,#499);
#502=CARTESIAN_POINT('',(-5.882893218814E0,1.6E-1,-6.4E0));
#503=DIRECTION('',(0.E0,1.E0,0.E0));
#504=DIRECTION('',(-5.329070518200E-14,0.E0,-1.E0));
#505=AXIS2_PLACEMENT_3D('',#502,#503,#504);
#507=DIRECTION('',(-1.E0,0.E0,0.E0));
#508=VECTOR('',#507,1.280168850052E0);
#509=CARTESIAN_POINT('',(-4.602724368762E0,1.6E-1,-6.9E0));
#510=LINE('',#509,#508);
#511=CARTESIAN_POINT('',(-4.602724368762E0,1.6E-1,-6.2E0));
#512=DIRECTION('',(0.E0,1.E0,0.E0));
#513=DIRECTION('',(1.E0,0.E0,0.E0));
#514=AXIS2_PLACEMENT_3D('',#511,#512,#513);
#516=DIRECTION('',(4.418575491463E-14,0.E0,-1.E0));
#517=VECTOR('',#516,1.005050633871E-2);
#518=CARTESIAN_POINT('',(-3.902724368762E0,1.6E-1,-6.189949493661E0));
#519=LINE('',#518,#517);
#520=CARTESIAN_POINT('',(-4.602724368762E0,1.6E-1,-6.189949493661E0));
#521=DIRECTION('',(0.E0,1.E0,0.E0));
#522=DIRECTION('',(7.071067811866E-1,0.E0,7.071067811865E-1));
#523=AXIS2_PLACEMENT_3D('',#520,#521,#522);
#525=DIRECTION('',(7.071067811865E-1,0.E0,-7.071067811866E-1));
#526=VECTOR('',#525,2.327518010647E0);
#527=CARTESIAN_POINT('',(-5.753553390593E0,1.6E-1,-4.049170978168E0));
#528=LINE('',#527,#526);
#529=CARTESIAN_POINT('',(-5.4E0,1.6E-1,-3.695617587575E0));
#530=DIRECTION('',(0.E0,-1.E0,0.E0));
#531=DIRECTION('',(-1.E0,0.E0,1.332267629550E-14));
#532=AXIS2_PLACEMENT_3D('',#529,#530,#531);
#534=DIRECTION('',(0.E0,0.E0,-1.E0));
#535=VECTOR('',#534,2.945617587575E0);
#536=CARTESIAN_POINT('',(-5.9E0,1.6E-1,-7.5E-1));
#537=LINE('',#536,#535);
#538=CARTESIAN_POINT('',(-5.65E0,1.6E-1,-7.5E-1));
#539=DIRECTION('',(0.E0,-1.E0,0.E0));
#540=DIRECTION('',(0.E0,0.E0,1.E0));
#541=AXIS2_PLACEMENT_3D('',#538,#539,#540);
#543=DIRECTION('',(-1.E0,0.E0,0.E0));
#544=VECTOR('',#543,5.494485592242E-1);
#545=CARTESIAN_POINT('',(-5.100551440776E0,1.6E-1,-5.E-1));
#546=LINE('',#545,#544);
#547=CARTESIAN_POINT('',(0.E0,1.6E-1,0.E0));
#548=DIRECTION('',(0.E0,1.E0,0.E0));
#549=DIRECTION('',(-8.715574274765E-2,0.E0,-9.961946980917E-1));
#550=AXIS2_PLACEMENT_3D('',#547,#548,#549);
#552=DIRECTION('',(0.E0,1.E0,0.E0));
#553=VECTOR('',#552,1.6E-1);
#554=CARTESIAN_POINT('',(-4.602724368762E0,0.E0,-6.9E0));
#555=LINE('',#554,#553);
#556=DIRECTION('',(0.E0,1.E0,0.E0));
#557=VECTOR('',#556,1.6E-1);
#558=CARTESIAN_POINT('',(-3.902724368762E0,0.E0,-6.2E0));
#559=LINE('',#558,#557);
#560=DIRECTION('',(0.E0,1.E0,0.E0));
#561=VECTOR('',#560,1.6E-1);
#562=CARTESIAN_POINT('',(-3.902724368762E0,0.E0,-6.189949493661E0));
#563=LINE('',#562,#561);
#564=DIRECTION('',(0.E0,1.E0,0.E0));
#565=VECTOR('',#564,1.6E-1);
#566=CARTESIAN_POINT('',(-4.107749621931E0,0.E0,-5.694974746831E0));
#567=LINE('',#566,#565);
#568=DIRECTION('',(0.E0,1.E0,0.E0));
#569=VECTOR('',#568,1.6E-1);
#570=CARTESIAN_POINT('',(-5.753553390593E0,0.E0,-4.049170978168E0));
#571=LINE('',#570,#569);
#572=DIRECTION('',(0.E0,1.E0,0.E0));
#573=VECTOR('',#572,1.6E-1);
#574=CARTESIAN_POINT('',(-5.9E0,0.E0,-3.695617587575E0));
#575=LINE('',#574,#573);
#576=DIRECTION('',(0.E0,1.E0,0.E0));
#577=VECTOR('',#576,1.6E-1);
#578=CARTESIAN_POINT('',(-5.9E0,0.E0,-7.5E-1));
#579=LINE('',#578,#577);
#580=DIRECTION('',(0.E0,1.E0,0.E0));
#581=VECTOR('',#580,1.6E-1);
#582=CARTESIAN_POINT('',(-5.65E0,0.E0,-5.E-1));
#583=LINE('',#582,#581);
#584=DIRECTION('',(0.E0,1.E0,0.E0));
#585=VECTOR('',#584,1.6E-1);
#586=CARTESIAN_POINT('',(-5.100551440776E0,0.E0,-5.E-1));
#587=LINE('',#586,#585);
#588=DIRECTION('',(0.E0,1.E0,0.E0));
#589=VECTOR('',#588,1.6E-1);
#590=CARTESIAN_POINT('',(-4.466731815817E-1,0.E0,-5.105497827720E0));
#591=LINE('',#590,#589);
#592=CARTESIAN_POINT('',(-4.030953102079E-1,0.E0,-4.607400478674E0));
#593=CARTESIAN_POINT('',(-4.466731815817E-1,0.E0,-5.105497827720E0));
#594=VERTEX_POINT('',#592);
#595=VERTEX_POINT('',#593);
#596=CARTESIAN_POINT('',(-5.100551440776E0,0.E0,-5.E-1));
#597=VERTEX_POINT('',#596);
#598=CARTESIAN_POINT('',(-5.65E0,0.E0,-5.E-1));
#599=VERTEX_POINT('',#598);
#600=CARTESIAN_POINT('',(-5.9E0,0.E0,-7.5E-1));
#601=VERTEX_POINT('',#600);
#602=CARTESIAN_POINT('',(-5.9E0,0.E0,-3.695617587575E0));
#603=VERTEX_POINT('',#602);
#604=CARTESIAN_POINT('',(-5.753553390593E0,0.E0,-4.049170978168E0));
#605=VERTEX_POINT('',#604);
#606=CARTESIAN_POINT('',(-4.107749621931E0,0.E0,-5.694974746831E0));
#607=VERTEX_POINT('',#606);
#608=CARTESIAN_POINT('',(-3.902724368762E0,0.E0,-6.189949493661E0));
#609=VERTEX_POINT('',#608);
#610=CARTESIAN_POINT('',(-3.902724368762E0,0.E0,-6.2E0));
#611=VERTEX_POINT('',#610);
#612=CARTESIAN_POINT('',(-4.602724368762E0,0.E0,-6.9E0));
#613=VERTEX_POINT('',#612);
#614=CARTESIAN_POINT('',(-5.882893218814E0,0.E0,-6.9E0));
#615=VERTEX_POINT('',#614);
#616=CARTESIAN_POINT('',(-6.236446609407E0,0.E0,-6.753553390593E0));
#617=VERTEX_POINT('',#616);
#618=CARTESIAN_POINT('',(-6.753553390593E0,0.E0,-6.236446609407E0));
#619=VERTEX_POINT('',#618);
#620=CARTESIAN_POINT('',(-6.9E0,0.E0,-5.882893218814E0));
#621=VERTEX_POINT('',#620);
#622=CARTESIAN_POINT('',(-6.9E0,0.E0,2.5E-1));
#623=VERTEX_POINT('',#622);
#624=CARTESIAN_POINT('',(-6.65E0,0.E0,5.E-1));
#625=VERTEX_POINT('',#624);
#626=CARTESIAN_POINT('',(-5.100551440776E0,0.E0,5.E-1));
#627=VERTEX_POINT('',#626);
#628=CARTESIAN_POINT('',(-4.466731815817E-1,0.E0,5.105497827720E0));
#629=VERTEX_POINT('',#628);
#630=CARTESIAN_POINT('',(-4.030953102079E-1,0.E0,4.607400478674E0));
#631=VERTEX_POINT('',#630);
#632=CARTESIAN_POINT('',(-4.623918792539E0,0.E0,1.E-1));
#633=VERTEX_POINT('',#632);
#634=CARTESIAN_POINT('',(-4.725E0,0.E0,1.E-1));
#635=VERTEX_POINT('',#634);
#636=CARTESIAN_POINT('',(-4.725E0,0.E0,-1.E-1));
#637=VERTEX_POINT('',#636);
#638=CARTESIAN_POINT('',(-4.623918792539E0,0.E0,-1.E-1));
#639=VERTEX_POINT('',#638);
#640=CARTESIAN_POINT('',(-4.030953102079E-1,1.6E-1,-4.607400478674E0));
#641=CARTESIAN_POINT('',(-4.466731815817E-1,1.6E-1,-5.105497827720E0));
#642=VERTEX_POINT('',#640);
#643=VERTEX_POINT('',#641);
#644=CARTESIAN_POINT('',(-5.100551440776E0,1.6E-1,-5.E-1));
#645=VERTEX_POINT('',#644);
#646=CARTESIAN_POINT('',(-5.65E0,1.6E-1,-5.E-1));
#647=VERTEX_POINT('',#646);
#648=CARTESIAN_POINT('',(-5.9E0,1.6E-1,-7.5E-1));
#649=VERTEX_POINT('',#648);
#650=CARTESIAN_POINT('',(-5.9E0,1.6E-1,-3.695617587575E0));
#651=VERTEX_POINT('',#650);
#652=CARTESIAN_POINT('',(-5.753553390593E0,1.6E-1,-4.049170978168E0));
#653=VERTEX_POINT('',#652);
#654=CARTESIAN_POINT('',(-4.107749621931E0,1.6E-1,-5.694974746831E0));
#655=VERTEX_POINT('',#654);
#656=CARTESIAN_POINT('',(-3.902724368762E0,1.6E-1,-6.189949493661E0));
#657=VERTEX_POINT('',#656);
#658=CARTESIAN_POINT('',(-3.902724368762E0,1.6E-1,-6.2E0));
#659=VERTEX_POINT('',#658);
#660=CARTESIAN_POINT('',(-4.602724368762E0,1.6E-1,-6.9E0));
#661=VERTEX_POINT('',#660);
#662=CARTESIAN_POINT('',(-5.882893218814E0,1.6E-1,-6.9E0));
#663=VERTEX_POINT('',#662);
#664=CARTESIAN_POINT('',(-6.236446609407E0,1.6E-1,-6.753553390593E0));
#665=VERTEX_POINT('',#664);
#666=CARTESIAN_POINT('',(-6.753553390593E0,1.6E-1,-6.236446609407E0));
#667=VERTEX_POINT('',#666);
#668=CARTESIAN_POINT('',(-6.9E0,1.6E-1,-5.882893218814E0));
#669=VERTEX_POINT('',#668);
#670=CARTESIAN_POINT('',(-6.9E0,1.6E-1,2.5E-1));
#671=VERTEX_POINT('',#670);
#672=CARTESIAN_POINT('',(-6.65E0,1.6E-1,5.E-1));
#673=VERTEX_POINT('',#672);
#674=CARTESIAN_POINT('',(-5.100551440776E0,1.6E-1,5.E-1));
#675=VERTEX_POINT('',#674);
#676=CARTESIAN_POINT('',(-4.466731815817E-1,1.6E-1,5.105497827720E0));
#677=VERTEX_POINT('',#676);
#678=CARTESIAN_POINT('',(-4.030953102079E-1,1.6E-1,4.607400478674E0));
#679=VERTEX_POINT('',#678);
#680=CARTESIAN_POINT('',(-4.623918792539E0,1.6E-1,1.E-1));
#681=VERTEX_POINT('',#680);
#682=CARTESIAN_POINT('',(-4.725E0,1.6E-1,1.E-1));
#683=VERTEX_POINT('',#682);
#684=CARTESIAN_POINT('',(-4.725E0,1.6E-1,-1.E-1));
#685=VERTEX_POINT('',#684);
#686=CARTESIAN_POINT('',(-4.623918792539E0,1.6E-1,-1.E-1));
#687=VERTEX_POINT('',#686);
#688=CARTESIAN_POINT('',(-5.882893218814E0,0.E0,-6.4E0));
#689=DIRECTION('',(0.E0,1.E0,0.E0));
#690=DIRECTION('',(1.E0,0.E0,0.E0));
#691=AXIS2_PLACEMENT_3D('',#688,#689,#690);
#692=CYLINDRICAL_SURFACE('',#691,5.E-1);
#694=ORIENTED_EDGE('',*,*,#693,.F.);
#696=ORIENTED_EDGE('',*,*,#695,.T.);
#698=ORIENTED_EDGE('',*,*,#697,.T.);
#700=ORIENTED_EDGE('',*,*,#699,.F.);
#701=EDGE_LOOP('',(#694,#696,#698,#700));
#702=FACE_OUTER_BOUND('',#701,.F.);
#703=ADVANCED_FACE('',(#702),#692,.T.);
#704=CARTESIAN_POINT('',(0.E0,0.E0,0.E0));
#705=DIRECTION('',(0.E0,1.E0,0.E0));
#706=DIRECTION('',(1.E0,0.E0,0.E0));
#707=AXIS2_PLACEMENT_3D('',#704,#705,#706);
#708=PLANE('',#707);
#710=ORIENTED_EDGE('',*,*,#709,.T.);
#712=ORIENTED_EDGE('',*,*,#711,.T.);
#714=ORIENTED_EDGE('',*,*,#713,.T.);
#716=ORIENTED_EDGE('',*,*,#715,.T.);
#718=ORIENTED_EDGE('',*,*,#717,.T.);
#720=ORIENTED_EDGE('',*,*,#719,.T.);
#722=ORIENTED_EDGE('',*,*,#721,.T.);
#724=ORIENTED_EDGE('',*,*,#723,.T.);
#726=ORIENTED_EDGE('',*,*,#725,.T.);
#728=ORIENTED_EDGE('',*,*,#727,.T.);
#730=ORIENTED_EDGE('',*,*,#729,.T.);
#731=ORIENTED_EDGE('',*,*,#693,.T.);
#733=ORIENTED_EDGE('',*,*,#732,.T.);
#735=ORIENTED_EDGE('',*,*,#734,.T.);
#737=ORIENTED_EDGE('',*,*,#736,.T.);
#739=ORIENTED_EDGE('',*,*,#738,.T.);
#741=ORIENTED_EDGE('',*,*,#740,.T.);
#743=ORIENTED_EDGE('',*,*,#742,.T.);
#745=ORIENTED_EDGE('',*,*,#744,.T.);
#747=ORIENTED_EDGE('',*,*,#746,.T.);
#749=ORIENTED_EDGE('',*,*,#748,.T.);
#751=ORIENTED_EDGE('',*,*,#750,.T.);
#753=ORIENTED_EDGE('',*,*,#752,.T.);
#755=ORIENTED_EDGE('',*,*,#754,.T.);
#756=EDGE_LOOP('',(#710,#712,#714,#716,#718,#720,#722,#724,#726,#728,#730,#731,
#733,#735,#737,#739,#741,#743,#745,#747,#749,#751,#753,#755));
#757=FACE_OUTER_BOUND('',#756,.F.);
#758=ADVANCED_FACE('',(#757),#708,.F.);
#759=CARTESIAN_POINT('',(-4.248842458948E-1,0.E0,-4.856449153197E0));
#760=DIRECTION('',(0.E0,1.E0,0.E0));
#761=DIRECTION('',(1.E0,0.E0,0.E0));
#762=AXIS2_PLACEMENT_3D('',#759,#760,#761);
#763=CYLINDRICAL_SURFACE('',#762,2.5E-1);
#764=ORIENTED_EDGE('',*,*,#709,.F.);
#766=ORIENTED_EDGE('',*,*,#765,.T.);
#768=ORIENTED_EDGE('',*,*,#767,.T.);
#770=ORIENTED_EDGE('',*,*,#769,.F.);
#771=EDGE_LOOP('',(#764,#766,#768,#770));
#772=FACE_OUTER_BOUND('',#771,.F.);
#773=ADVANCED_FACE('',(#772),#763,.T.);
#774=CARTESIAN_POINT('',(0.E0,0.E0,0.E0));
#775=DIRECTION('',(0.E0,1.E0,0.E0));
#776=DIRECTION('',(1.E0,0.E0,0.E0));
#777=AXIS2_PLACEMENT_3D('',#774,#775,#776);
#778=CYLINDRICAL_SURFACE('',#777,4.625E0);
#779=ORIENTED_EDGE('',*,*,#754,.F.);
#781=ORIENTED_EDGE('',*,*,#780,.T.);
#783=ORIENTED_EDGE('',*,*,#782,.T.);
#784=ORIENTED_EDGE('',*,*,#765,.F.);
#785=EDGE_LOOP('',(#779,#781,#783,#784));
#786=FACE_OUTER_BOUND('',#785,.F.);
#787=ADVANCED_FACE('',(#786),#778,.F.);
#788=CARTESIAN_POINT('',(-4.725E0,0.E0,-1.E-1));
#789=DIRECTION('',(0.E0,0.E0,1.E0));
#790=DIRECTION('',(1.E0,0.E0,0.E0));
#791=AXIS2_PLACEMENT_3D('',#788,#789,#790);
#792=PLANE('',#791);
#793=ORIENTED_EDGE('',*,*,#752,.F.);
#795=ORIENTED_EDGE('',*,*,#794,.T.);
#797=ORIENTED_EDGE('',*,*,#796,.T.);
#798=ORIENTED_EDGE('',*,*,#780,.F.);
#799=EDGE_LOOP('',(#793,#795,#797,#798));
#800=FACE_OUTER_BOUND('',#799,.F.);
#801=ADVANCED_FACE('',(#800),#792,.T.);
#802=CARTESIAN_POINT('',(-4.725E0,0.E0,0.E0));
#803=DIRECTION('',(0.E0,1.E0,0.E0));
#804=DIRECTION('',(1.E0,0.E0,0.E0));
#805=AXIS2_PLACEMENT_3D('',#802,#803,#804);
#806=CYLINDRICAL_SURFACE('',#805,1.E-1);
#807=ORIENTED_EDGE('',*,*,#750,.F.);
#809=ORIENTED_EDGE('',*,*,#808,.T.);
#811=ORIENTED_EDGE('',*,*,#810,.T.);
#812=ORIENTED_EDGE('',*,*,#794,.F.);
#813=EDGE_LOOP('',(#807,#809,#811,#812));
#814=FACE_OUTER_BOUND('',#813,.F.);
#815=ADVANCED_FACE('',(#814),#806,.F.);
#816=CARTESIAN_POINT('',(-4.623918792539E0,0.E0,1.E-1));
#817=DIRECTION('',(0.E0,0.E0,-1.E0));
#818=DIRECTION('',(-1.E0,0.E0,0.E0));
#819=AXIS2_PLACEMENT_3D('',#816,#817,#818);
#820=PLANE('',#819);
#821=ORIENTED_EDGE('',*,*,#748,.F.);
#823=ORIENTED_EDGE('',*,*,#822,.T.);
#825=ORIENTED_EDGE('',*,*,#824,.T.);
#826=ORIENTED_EDGE('',*,*,#808,.F.);
#827=EDGE_LOOP('',(#821,#823,#825,#826));
#828=FACE_OUTER_BOUND('',#827,.F.);
#829=ADVANCED_FACE('',(#828),#820,.T.);
#830=CARTESIAN_POINT('',(0.E0,0.E0,0.E0));
#831=DIRECTION('',(0.E0,1.E0,0.E0));
#832=DIRECTION('',(1.E0,0.E0,0.E0));
#833=AXIS2_PLACEMENT_3D('',#830,#831,#832);
#834=CYLINDRICAL_SURFACE('',#833,4.625E0);
#835=ORIENTED_EDGE('',*,*,#746,.F.);
#837=ORIENTED_EDGE('',*,*,#836,.T.);
#839=ORIENTED_EDGE('',*,*,#838,.T.);
#840=ORIENTED_EDGE('',*,*,#822,.F.);
#841=EDGE_LOOP('',(#835,#837,#839,#840));
#842=FACE_OUTER_BOUND('',#841,.F.);
#843=ADVANCED_FACE('',(#842),#834,.F.);
#844=CARTESIAN_POINT('',(-4.248842458948E-1,0.E0,4.856449153197E0));
#845=DIRECTION('',(0.E0,1.E0,0.E0));
#846=DIRECTION('',(1.E0,0.E0,0.E0));
#847=AXIS2_PLACEMENT_3D('',#844,#845,#846);
#848=CYLINDRICAL_SURFACE('',#847,2.5E-1);
#849=ORIENTED_EDGE('',*,*,#744,.F.);
#851=ORIENTED_EDGE('',*,*,#850,.T.);
#853=ORIENTED_EDGE('',*,*,#852,.T.);
#854=ORIENTED_EDGE('',*,*,#836,.F.);
#855=EDGE_LOOP('',(#849,#851,#853,#854));
#856=FACE_OUTER_BOUND('',#855,.F.);
#857=ADVANCED_FACE('',(#856),#848,.T.);
#858=CARTESIAN_POINT('',(0.E0,0.E0,0.E0));
#859=DIRECTION('',(0.E0,1.E0,0.E0));
#860=DIRECTION('',(1.E0,0.E0,0.E0));
#861=AXIS2_PLACEMENT_3D('',#858,#859,#860);
#862=CYLINDRICAL_SURFACE('',#861,5.125E0);
#863=ORIENTED_EDGE('',*,*,#742,.F.);
#865=ORIENTED_EDGE('',*,*,#864,.T.);
#867=ORIENTED_EDGE('',*,*,#866,.T.);
#868=ORIENTED_EDGE('',*,*,#850,.F.);
#869=EDGE_LOOP('',(#863,#865,#867,#868));
#870=FACE_OUTER_BOUND('',#869,.F.);
#871=ADVANCED_FACE('',(#870),#862,.T.);
#872=CARTESIAN_POINT('',(-6.65E0,0.E0,5.E-1));
#873=DIRECTION('',(0.E0,0.E0,1.E0));
#874=DIRECTION('',(1.E0,0.E0,0.E0));
#875=AXIS2_PLACEMENT_3D('',#872,#873,#874);
#876=PLANE('',#875);
#877=ORIENTED_EDGE('',*,*,#740,.F.);
#879=ORIENTED_EDGE('',*,*,#878,.T.);
#881=ORIENTED_EDGE('',*,*,#880,.T.);
#882=ORIENTED_EDGE('',*,*,#864,.F.);
#883=EDGE_LOOP('',(#877,#879,#881,#882));
#884=FACE_OUTER_BOUND('',#883,.F.);
#885=ADVANCED_FACE('',(#884),#876,.T.);
#886=CARTESIAN_POINT('',(-6.65E0,0.E0,2.5E-1));
#887=DIRECTION('',(0.E0,1.E0,0.E0));
#888=DIRECTION('',(1.E0,0.E0,0.E0));
#889=AXIS2_PLACEMENT_3D('',#886,#887,#888);
#890=CYLINDRICAL_SURFACE('',#889,2.5E-1);
#891=ORIENTED_EDGE('',*,*,#738,.F.);
#893=ORIENTED_EDGE('',*,*,#892,.T.);
#895=ORIENTED_EDGE('',*,*,#894,.T.);
#896=ORIENTED_EDGE('',*,*,#878,.F.);
#897=EDGE_LOOP('',(#891,#893,#895,#896));
#898=FACE_OUTER_BOUND('',#897,.F.);
#899=ADVANCED_FACE('',(#898),#890,.T.);
#900=CARTESIAN_POINT('',(-6.9E0,0.E0,-5.882893218814E0));
#901=DIRECTION('',(-1.E0,0.E0,0.E0));
#902=DIRECTION('',(0.E0,0.E0,1.E0));
#903=AXIS2_PLACEMENT_3D('',#900,#901,#902);
#904=PLANE('',#903);
#905=ORIENTED_EDGE('',*,*,#736,.F.);
#907=ORIENTED_EDGE('',*,*,#906,.T.);
#909=ORIENTED_EDGE('',*,*,#908,.T.);
#910=ORIENTED_EDGE('',*,*,#892,.F.);
#911=EDGE_LOOP('',(#905,#907,#909,#910));
#912=FACE_OUTER_BOUND('',#911,.F.);
#913=ADVANCED_FACE('',(#912),#904,.T.);
#914=CARTESIAN_POINT('',(-6.4E0,0.E0,-5.882893218814E0));
#915=DIRECTION('',(0.E0,1.E0,0.E0));
#916=DIRECTION('',(1.E0,0.E0,0.E0));
#917=AXIS2_PLACEMENT_3D('',#914,#915,#916);
#918=CYLINDRICAL_SURFACE('',#917,5.E-1);
#919=ORIENTED_EDGE('',*,*,#734,.F.);
#921=ORIENTED_EDGE('',*,*,#920,.T.);
#923=ORIENTED_EDGE('',*,*,#922,.T.);
#924=ORIENTED_EDGE('',*,*,#906,.F.);
#925=EDGE_LOOP('',(#919,#921,#923,#924));
#926=FACE_OUTER_BOUND('',#925,.F.);
#927=ADVANCED_FACE('',(#926),#918,.T.);
#928=CARTESIAN_POINT('',(-6.236446609407E0,0.E0,-6.753553390593E0));
#929=DIRECTION('',(-7.071067811866E-1,0.E0,-7.071067811865E-1));
#930=DIRECTION('',(-7.071067811865E-1,0.E0,7.071067811866E-1));
#931=AXIS2_PLACEMENT_3D('',#928,#929,#930);
#932=PLANE('',#931);
#933=ORIENTED_EDGE('',*,*,#732,.F.);
#934=ORIENTED_EDGE('',*,*,#699,.T.);
#936=ORIENTED_EDGE('',*,*,#935,.T.);
#937=ORIENTED_EDGE('',*,*,#920,.F.);
#938=EDGE_LOOP('',(#933,#934,#936,#937));
#939=FACE_OUTER_BOUND('',#938,.F.);
#940=ADVANCED_FACE('',(#939),#932,.T.);
#941=CARTESIAN_POINT('',(0.E0,1.6E-1,0.E0));
#942=DIRECTION('',(0.E0,1.E0,0.E0));
#943=DIRECTION('',(1.E0,0.E0,0.E0));
#944=AXIS2_PLACEMENT_3D('',#941,#942,#943);
#945=PLANE('',#944);
#946=ORIENTED_EDGE('',*,*,#767,.F.);
#947=ORIENTED_EDGE('',*,*,#782,.F.);
#948=ORIENTED_EDGE('',*,*,#796,.F.);
#949=ORIENTED_EDGE('',*,*,#810,.F.);
#950=ORIENTED_EDGE('',*,*,#824,.F.);
#951=ORIENTED_EDGE('',*,*,#838,.F.);
#952=ORIENTED_EDGE('',*,*,#852,.F.);
#953=ORIENTED_EDGE('',*,*,#866,.F.);
#954=ORIENTED_EDGE('',*,*,#880,.F.);
#955=ORIENTED_EDGE('',*,*,#894,.F.);
#956=ORIENTED_EDGE('',*,*,#908,.F.);
#957=ORIENTED_EDGE('',*,*,#922,.F.);
#958=ORIENTED_EDGE('',*,*,#935,.F.);
#959=ORIENTED_EDGE('',*,*,#697,.F.);
#961=ORIENTED_EDGE('',*,*,#960,.F.);
#963=ORIENTED_EDGE('',*,*,#962,.F.);
#965=ORIENTED_EDGE('',*,*,#964,.F.);
#967=ORIENTED_EDGE('',*,*,#966,.F.);
#969=ORIENTED_EDGE('',*,*,#968,.F.);
#971=ORIENTED_EDGE('',*,*,#970,.F.);
#973=ORIENTED_EDGE('',*,*,#972,.F.);
#975=ORIENTED_EDGE('',*,*,#974,.F.);
#977=ORIENTED_EDGE('',*,*,#976,.F.);
#979=ORIENTED_EDGE('',*,*,#978,.F.);
#980=EDGE_LOOP('',(#946,#947,#948,#949,#950,#951,#952,#953,#954,#955,#956,#957,
#958,#959,#961,#963,#965,#967,#969,#971,#973,#975,#977,#979));
#981=FACE_OUTER_BOUND('',#980,.F.);
#982=ADVANCED_FACE('',(#981),#945,.T.);
#983=CARTESIAN_POINT('',(-4.602724368762E0,0.E0,-6.9E0));
#984=DIRECTION('',(0.E0,0.E0,-1.E0));
#985=DIRECTION('',(-1.E0,0.E0,0.E0));
#986=AXIS2_PLACEMENT_3D('',#983,#984,#985);
#987=PLANE('',#986);
#988=ORIENTED_EDGE('',*,*,#729,.F.);
#990=ORIENTED_EDGE('',*,*,#989,.T.);
#991=ORIENTED_EDGE('',*,*,#960,.T.);
#992=ORIENTED_EDGE('',*,*,#695,.F.);
#993=EDGE_LOOP('',(#988,#990,#991,#992));
#994=FACE_OUTER_BOUND('',#993,.F.);
#995=ADVANCED_FACE('',(#994),#987,.T.);
#996=CARTESIAN_POINT('',(-4.602724368762E0,0.E0,-6.2E0));
#997=DIRECTION('',(0.E0,1.E0,0.E0));
#998=DIRECTION('',(1.E0,0.E0,0.E0));
#999=AXIS2_PLACEMENT_3D('',#996,#997,#998);
#1000=CYLINDRICAL_SURFACE('',#999,7.E-1);
#1001=ORIENTED_EDGE('',*,*,#727,.F.);
#1003=ORIENTED_EDGE('',*,*,#1002,.T.);
#1004=ORIENTED_EDGE('',*,*,#962,.T.);
#1005=ORIENTED_EDGE('',*,*,#989,.F.);
#1006=EDGE_LOOP('',(#1001,#1003,#1004,#1005));
#1007=FACE_OUTER_BOUND('',#1006,.F.);
#1008=ADVANCED_FACE('',(#1007),#1000,.T.);
#1009=CARTESIAN_POINT('',(-3.902724368762E0,0.E0,-6.189949493661E0));
#1010=DIRECTION('',(1.E0,0.E0,0.E0));
#1011=DIRECTION('',(0.E0,0.E0,-1.E0));
#1012=AXIS2_PLACEMENT_3D('',#1009,#1010,#1011);
#1013=PLANE('',#1012);
#1014=ORIENTED_EDGE('',*,*,#725,.F.);
#1016=ORIENTED_EDGE('',*,*,#1015,.T.);
#1017=ORIENTED_EDGE('',*,*,#964,.T.);
#1018=ORIENTED_EDGE('',*,*,#1002,.F.);
#1019=EDGE_LOOP('',(#1014,#1016,#1017,#1018));
#1020=FACE_OUTER_BOUND('',#1019,.F.);
#1021=ADVANCED_FACE('',(#1020),#1013,.T.);
#1022=CARTESIAN_POINT('',(-4.602724368762E0,0.E0,-6.189949493661E0));
#1023=DIRECTION('',(0.E0,1.E0,0.E0));
#1024=DIRECTION('',(1.E0,0.E0,0.E0));
#1025=AXIS2_PLACEMENT_3D('',#1022,#1023,#1024);
#1026=CYLINDRICAL_SURFACE('',#1025,7.E-1);
#1027=ORIENTED_EDGE('',*,*,#723,.F.);
#1029=ORIENTED_EDGE('',*,*,#1028,.T.);
#1030=ORIENTED_EDGE('',*,*,#966,.T.);
#1031=ORIENTED_EDGE('',*,*,#1015,.F.);
#1032=EDGE_LOOP('',(#1027,#1029,#1030,#1031));
#1033=FACE_OUTER_BOUND('',#1032,.F.);
#1034=ADVANCED_FACE('',(#1033),#1026,.T.);
#1035=CARTESIAN_POINT('',(-5.753553390593E0,0.E0,-4.049170978168E0));
#1036=DIRECTION('',(7.071067811866E-1,0.E0,7.071067811865E-1));
#1037=DIRECTION('',(7.071067811865E-1,0.E0,-7.071067811866E-1));
#1038=AXIS2_PLACEMENT_3D('',#1035,#1036,#1037);
#1039=PLANE('',#1038);
#1040=ORIENTED_EDGE('',*,*,#721,.F.);
#1042=ORIENTED_EDGE('',*,*,#1041,.T.);
#1043=ORIENTED_EDGE('',*,*,#968,.T.);
#1044=ORIENTED_EDGE('',*,*,#1028,.F.);
#1045=EDGE_LOOP('',(#1040,#1042,#1043,#1044));
#1046=FACE_OUTER_BOUND('',#1045,.F.);
#1047=ADVANCED_FACE('',(#1046),#1039,.T.);
#1048=CARTESIAN_POINT('',(-5.4E0,0.E0,-3.695617587575E0));
#1049=DIRECTION('',(0.E0,1.E0,0.E0));
#1050=DIRECTION('',(1.E0,0.E0,0.E0));
#1051=AXIS2_PLACEMENT_3D('',#1048,#1049,#1050);
#1052=CYLINDRICAL_SURFACE('',#1051,5.E-1);
#1053=ORIENTED_EDGE('',*,*,#719,.F.);
#1055=ORIENTED_EDGE('',*,*,#1054,.T.);
#1056=ORIENTED_EDGE('',*,*,#970,.T.);
#1057=ORIENTED_EDGE('',*,*,#1041,.F.);
#1058=EDGE_LOOP('',(#1053,#1055,#1056,#1057));
#1059=FACE_OUTER_BOUND('',#1058,.F.);
#1060=ADVANCED_FACE('',(#1059),#1052,.F.);
#1061=CARTESIAN_POINT('',(-5.9E0,0.E0,-7.5E-1));
#1062=DIRECTION('',(1.E0,0.E0,0.E0));
#1063=DIRECTION('',(0.E0,0.E0,-1.E0));
#1064=AXIS2_PLACEMENT_3D('',#1061,#1062,#1063);
#1065=PLANE('',#1064);
#1066=ORIENTED_EDGE('',*,*,#717,.F.);
#1068=ORIENTED_EDGE('',*,*,#1067,.T.);
#1069=ORIENTED_EDGE('',*,*,#972,.T.);
#1070=ORIENTED_EDGE('',*,*,#1054,.F.);
#1071=EDGE_LOOP('',(#1066,#1068,#1069,#1070));
#1072=FACE_OUTER_BOUND('',#1071,.F.);
#1073=ADVANCED_FACE('',(#1072),#1065,.T.);
#1074=CARTESIAN_POINT('',(-5.65E0,0.E0,-7.5E-1));
#1075=DIRECTION('',(0.E0,1.E0,0.E0));
#1076=DIRECTION('',(1.E0,0.E0,0.E0));
#1077=AXIS2_PLACEMENT_3D('',#1074,#1075,#1076);
#1078=CYLINDRICAL_SURFACE('',#1077,2.5E-1);
#1079=ORIENTED_EDGE('',*,*,#715,.F.);
#1081=ORIENTED_EDGE('',*,*,#1080,.T.);
#1082=ORIENTED_EDGE('',*,*,#974,.T.);
#1083=ORIENTED_EDGE('',*,*,#1067,.F.);
#1084=EDGE_LOOP('',(#1079,#1081,#1082,#1083));
#1085=FACE_OUTER_BOUND('',#1084,.F.);
#1086=ADVANCED_FACE('',(#1085),#1078,.F.);
#1087=CARTESIAN_POINT('',(-5.100551440776E0,0.E0,-5.E-1));
#1088=DIRECTION('',(0.E0,0.E0,-1.E0));
#1089=DIRECTION('',(-1.E0,0.E0,0.E0));
#1090=AXIS2_PLACEMENT_3D('',#1087,#1088,#1089);
#1091=PLANE('',#1090);
#1092=ORIENTED_EDGE('',*,*,#713,.F.);
#1094=ORIENTED_EDGE('',*,*,#1093,.T.);
#1095=ORIENTED_EDGE('',*,*,#976,.T.);
#1096=ORIENTED_EDGE('',*,*,#1080,.F.);
#1097=EDGE_LOOP('',(#1092,#1094,#1095,#1096));
#1098=FACE_OUTER_BOUND('',#1097,.F.);
#1099=ADVANCED_FACE('',(#1098),#1091,.T.);
#1100=CARTESIAN_POINT('',(0.E0,0.E0,0.E0));
#1101=DIRECTION('',(0.E0,1.E0,0.E0));
#1102=DIRECTION('',(1.E0,0.E0,0.E0));
#1103=AXIS2_PLACEMENT_3D('',#1100,#1101,#1102);
#1104=CYLINDRICAL_SURFACE('',#1103,5.125E0);
#1105=ORIENTED_EDGE('',*,*,#711,.F.);
#1106=ORIENTED_EDGE('',*,*,#769,.T.);
#1107=ORIENTED_EDGE('',*,*,#978,.T.);
#1108=ORIENTED_EDGE('',*,*,#1093,.F.);
#1109=EDGE_LOOP('',(#1105,#1106,#1107,#1108));
#1110=FACE_OUTER_BOUND('',#1109,.F.);
#1111=ADVANCED_FACE('',(#1110),#1104,.T.);
#1112=CLOSED_SHELL('',(#703,#758,#773,#787,#801,#815,#829,#843,#857,#871,#885,
#899,#913,#927,#940,#982,#995,#1008,#1021,#1034,#1047,#1060,#1073,#1086,#1099,
#1111));
#1113=MANIFOLD_SOLID_BREP('',#1112);
#1115=DIRECTION('',(0.E0,1.E0,0.E0));
#1116=VECTOR('',#1115,1.6E-1);
#1117=CARTESIAN_POINT('',(5.882893218814E0,0.E0,6.9E0));
#1118=LINE('',#1117,#1116);
#1119=CARTESIAN_POINT('',(4.248842458948E-1,0.E0,4.856449153197E0));
#1120=DIRECTION('',(0.E0,1.E0,0.E0));
#1121=DIRECTION('',(-8.715574274765E-2,0.E0,-9.961946980917E-1));
#1122=AXIS2_PLACEMENT_3D('',#1119,#1120,#1121);
#1124=CARTESIAN_POINT('',(0.E0,0.E0,0.E0));
#1125=DIRECTION('',(0.E0,1.E0,0.E0));
#1126=DIRECTION('',(8.715574274765E-2,0.E0,9.961946980917E-1));
#1127=AXIS2_PLACEMENT_3D('',#1124,#1125,#1126);
#1129=DIRECTION('',(1.E0,0.E0,0.E0));
#1130=VECTOR('',#1129,5.494485592242E-1);
#1131=CARTESIAN_POINT('',(5.100551440776E0,0.E0,5.E-1));
#1132=LINE('',#1131,#1130);
#1133=CARTESIAN_POINT('',(5.65E0,0.E0,7.5E-1));
#1134=DIRECTION('',(0.E0,-1.E0,0.E0));
#1135=DIRECTION('',(0.E0,0.E0,-1.E0));
#1136=AXIS2_PLACEMENT_3D('',#1133,#1134,#1135);
#1138=DIRECTION('',(0.E0,0.E0,1.E0));
#1139=VECTOR('',#1138,2.945617587575E0);
#1140=CARTESIAN_POINT('',(5.9E0,0.E0,7.5E-1));
#1141=LINE('',#1140,#1139);
#1142=CARTESIAN_POINT('',(5.4E0,0.E0,3.695617587575E0));
#1143=DIRECTION('',(0.E0,-1.E0,0.E0));
#1144=DIRECTION('',(1.E0,0.E0,1.332267629550E-14));
#1145=AXIS2_PLACEMENT_3D('',#1142,#1143,#1144);
#1147=DIRECTION('',(-7.071067811865E-1,0.E0,7.071067811866E-1));
#1148=VECTOR('',#1147,2.327518010647E0);
#1149=CARTESIAN_POINT('',(5.753553390593E0,0.E0,4.049170978168E0));
#1150=LINE('',#1149,#1148);
#1151=CARTESIAN_POINT('',(4.602724368762E0,0.E0,6.189949493661E0));
#1152=DIRECTION('',(0.E0,1.E0,0.E0));
#1153=DIRECTION('',(-7.071067811866E-1,0.E0,-7.071067811865E-1));
#1154=AXIS2_PLACEMENT_3D('',#1151,#1152,#1153);
#1156=DIRECTION('',(0.E0,0.E0,1.E0));
#1157=VECTOR('',#1156,1.005050633871E-2);
#1158=CARTESIAN_POINT('',(3.902724368762E0,0.E0,6.189949493661E0));
#1159=LINE('',#1158,#1157);
#1160=CARTESIAN_POINT('',(4.602724368762E0,0.E0,6.2E0));
#1161=DIRECTION('',(0.E0,1.E0,0.E0));
#1162=DIRECTION('',(-1.E0,0.E0,1.015061051086E-14));
#1163=AXIS2_PLACEMENT_3D('',#1160,#1161,#1162);
#1165=DIRECTION('',(1.E0,0.E0,0.E0));
#1166=VECTOR('',#1165,1.280168850052E0);
#1167=CARTESIAN_POINT('',(4.602724368762E0,0.E0,6.9E0));
#1168=LINE('',#1167,#1166);
#1169=CARTESIAN_POINT('',(5.882893218814E0,0.E0,6.4E0));
#1170=DIRECTION('',(0.E0,1.E0,0.E0));
#1171=DIRECTION('',(-9.414691248821E-14,0.E0,1.E0));
#1172=AXIS2_PLACEMENT_3D('',#1169,#1170,#1171);
#1174=DIRECTION('',(7.071067811865E-1,0.E0,-7.071067811866E-1));
#1175=VECTOR('',#1174,7.312994231489E-1);
#1176=CARTESIAN_POINT('',(6.236446609407E0,0.E0,6.753553390593E0));
#1177=LINE('',#1176,#1175);
#1178=CARTESIAN_POINT('',(6.4E0,0.E0,5.882893218814E0));
#1179=DIRECTION('',(0.E0,1.E0,0.E0));
#1180=DIRECTION('',(7.071067811866E-1,0.E0,7.071067811865E-1));
#1181=AXIS2_PLACEMENT_3D('',#1178,#1179,#1180);
#1183=DIRECTION('',(0.E0,0.E0,-1.E0));
#1184=VECTOR('',#1183,6.132893218814E0);
#1185=CARTESIAN_POINT('',(6.9E0,0.E0,5.882893218814E0));
#1186=LINE('',#1185,#1184);
#1187=CARTESIAN_POINT('',(6.65E0,0.E0,-2.5E-1));
#1188=DIRECTION('',(0.E0,1.E0,0.E0));
#1189=DIRECTION('',(1.E0,0.E0,1.776356839400E-14));
#1190=AXIS2_PLACEMENT_3D('',#1187,#1188,#1189);
#1192=DIRECTION('',(-1.E0,0.E0,0.E0));
#1193=VECTOR('',#1192,1.549448559224E0);
#1194=CARTESIAN_POINT('',(6.65E0,0.E0,-5.E-1));
#1195=LINE('',#1194,#1193);
#1196=CARTESIAN_POINT('',(0.E0,0.E0,0.E0));
#1197=DIRECTION('',(0.E0,1.E0,0.E0));
#1198=DIRECTION('',(9.952295494197E-1,0.E0,-9.756097560975E-2));
#1199=AXIS2_PLACEMENT_3D('',#1196,#1197,#1198);
#1201=CARTESIAN_POINT('',(4.248842458948E-1,0.E0,-4.856449153197E0));
#1202=DIRECTION('',(0.E0,1.E0,0.E0));
#1203=DIRECTION('',(8.715574274765E-2,0.E0,-9.961946980917E-1));
#1204=AXIS2_PLACEMENT_3D('',#1201,#1202,#1203);
#1206=CARTESIAN_POINT('',(0.E0,0.E0,0.E0));
#1207=DIRECTION('',(0.E0,-1.E0,0.E0));
#1208=DIRECTION('',(8.715574274765E-2,0.E0,-9.961946980917E-1));
#1209=AXIS2_PLACEMENT_3D('',#1206,#1207,#1208);
#1211=DIRECTION('',(1.E0,0.E0,0.E0));
#1212=VECTOR('',#1211,1.010812074605E-1);
#1213=CARTESIAN_POINT('',(4.623918792539E0,0.E0,-1.E-1));
#1214=LINE('',#1213,#1212);
#1215=CARTESIAN_POINT('',(4.725E0,0.E0,0.E0));
#1216=DIRECTION('',(0.E0,-1.E0,0.E0));
#1217=DIRECTION('',(0.E0,0.E0,-1.E0));
#1218=AXIS2_PLACEMENT_3D('',#1215,#1216,#1217);
#1220=DIRECTION('',(-1.E0,0.E0,0.E0));
#1221=VECTOR('',#1220,1.010812074605E-1);
#1222=CARTESIAN_POINT('',(4.725E0,0.E0,1.E-1));
#1223=LINE('',#1222,#1221);
#1224=CARTESIAN_POINT('',(0.E0,0.E0,0.E0));
#1225=DIRECTION('',(0.E0,-1.E0,0.E0));
#1226=DIRECTION('',(9.997662254139E-1,0.E0,2.162162162162E-2));
#1227=AXIS2_PLACEMENT_3D('',#1224,#1225,#1226);
#1229=DIRECTION('',(0.E0,1.E0,0.E0));
#1230=VECTOR('',#1229,1.6E-1);
#1231=CARTESIAN_POINT('',(4.030953102079E-1,0.E0,4.607400478674E0));
#1232=LINE('',#1231,#1230);
#1233=DIRECTION('',(0.E0,1.E0,0.E0));
#1234=VECTOR('',#1233,1.6E-1);
#1235=CARTESIAN_POINT('',(4.623918792539E0,0.E0,1.E-1));
#1236=LINE('',#1235,#1234);
#1237=DIRECTION('',(0.E0,1.E0,0.E0));
#1238=VECTOR('',#1237,1.6E-1);
#1239=CARTESIAN_POINT('',(4.725E0,0.E0,1.E-1));
#1240=LINE('',#1239,#1238);
#1241=DIRECTION('',(0.E0,1.E0,0.E0));
#1242=VECTOR('',#1241,1.6E-1);
#1243=CARTESIAN_POINT('',(4.725E0,0.E0,-1.E-1));
#1244=LINE('',#1243,#1242);
#1245=DIRECTION('',(0.E0,1.E0,0.E0));
#1246=VECTOR('',#1245,1.6E-1);
#1247=CARTESIAN_POINT('',(4.623918792539E0,0.E0,-1.E-1));
#1248=LINE('',#1247,#1246);
#1249=DIRECTION('',(0.E0,1.E0,0.E0));
#1250=VECTOR('',#1249,1.6E-1);
#1251=CARTESIAN_POINT('',(4.030953102079E-1,0.E0,-4.607400478674E0));
#1252=LINE('',#1251,#1250);
#1253=DIRECTION('',(0.E0,1.E0,0.E0));
#1254=VECTOR('',#1253,1.6E-1);
#1255=CARTESIAN_POINT('',(4.466731815817E-1,0.E0,-5.105497827720E0));
#1256=LINE('',#1255,#1254);
#1257=DIRECTION('',(0.E0,1.E0,0.E0));
#1258=VECTOR('',#1257,1.6E-1);
#1259=CARTESIAN_POINT('',(5.100551440776E0,0.E0,-5.E-1));
#1260=LINE('',#1259,#1258);
#1261=DIRECTION('',(0.E0,1.E0,0.E0));
#1262=VECTOR('',#1261,1.6E-1);
#1263=CARTESIAN_POINT('',(6.65E0,0.E0,-5.E-1));
#1264=LINE('',#1263,#1262);
#1265=DIRECTION('',(0.E0,1.E0,0.E0));
#1266=VECTOR('',#1265,1.6E-1);
#1267=CARTESIAN_POINT('',(6.9E0,0.E0,-2.5E-1));
#1268=LINE('',#1267,#1266);
#1269=DIRECTION('',(0.E0,1.E0,0.E0));
#1270=VECTOR('',#1269,1.6E-1);
#1271=CARTESIAN_POINT('',(6.9E0,0.E0,5.882893218814E0));
#1272=LINE('',#1271,#1270);
#1273=DIRECTION('',(0.E0,1.E0,0.E0));
#1274=VECTOR('',#1273,1.6E-1);
#1275=CARTESIAN_POINT('',(6.753553390593E0,0.E0,6.236446609407E0));
#1276=LINE('',#1275,#1274);
#1277=DIRECTION('',(0.E0,1.E0,0.E0));
#1278=VECTOR('',#1277,1.6E-1);
#1279=CARTESIAN_POINT('',(6.236446609407E0,0.E0,6.753553390593E0));
#1280=LINE('',#1279,#1278);
#1281=CARTESIAN_POINT('',(4.248842458948E-1,1.6E-1,4.856449153197E0));
#1282=DIRECTION('',(0.E0,1.E0,0.E0));
#1283=DIRECTION('',(-8.715574274765E-2,0.E0,-9.961946980917E-1));
#1284=AXIS2_PLACEMENT_3D('',#1281,#1282,#1283);
#1286=CARTESIAN_POINT('',(0.E0,1.6E-1,0.E0));
#1287=DIRECTION('',(0.E0,-1.E0,0.E0));
#1288=DIRECTION('',(9.997662254139E-1,0.E0,2.162162162162E-2));
#1289=AXIS2_PLACEMENT_3D('',#1286,#1287,#1288);
#1291=DIRECTION('',(-1.E0,0.E0,0.E0));
#1292=VECTOR('',#1291,1.010812074605E-1);
#1293=CARTESIAN_POINT('',(4.725E0,1.6E-1,1.E-1));
#1294=LINE('',#1293,#1292);
#1295=CARTESIAN_POINT('',(4.725E0,1.6E-1,0.E0));
#1296=DIRECTION('',(0.E0,-1.E0,0.E0));
#1297=DIRECTION('',(0.E0,0.E0,-1.E0));
#1298=AXIS2_PLACEMENT_3D('',#1295,#1296,#1297);
#1300=DIRECTION('',(1.E0,0.E0,0.E0));
#1301=VECTOR('',#1300,1.010812074605E-1);
#1302=CARTESIAN_POINT('',(4.623918792539E0,1.6E-1,-1.E-1));
#1303=LINE('',#1302,#1301);
#1304=CARTESIAN_POINT('',(0.E0,1.6E-1,0.E0));
#1305=DIRECTION('',(0.E0,-1.E0,0.E0));
#1306=DIRECTION('',(8.715574274765E-2,0.E0,-9.961946980917E-1));
#1307=AXIS2_PLACEMENT_3D('',#1304,#1305,#1306);
#1309=CARTESIAN_POINT('',(4.248842458948E-1,1.6E-1,-4.856449153197E0));
#1310=DIRECTION('',(0.E0,1.E0,0.E0));
#1311=DIRECTION('',(8.715574274765E-2,0.E0,-9.961946980917E-1));
#1312=AXIS2_PLACEMENT_3D('',#1309,#1310,#1311);
#1314=CARTESIAN_POINT('',(0.E0,1.6E-1,0.E0));
#1315=DIRECTION('',(0.E0,1.E0,0.E0));
#1316=DIRECTION('',(9.952295494197E-1,0.E0,-9.756097560975E-2));
#1317=AXIS2_PLACEMENT_3D('',#1314,#1315,#1316);
#1319=DIRECTION('',(-1.E0,0.E0,0.E0));
#1320=VECTOR('',#1319,1.549448559224E0);
#1321=CARTESIAN_POINT('',(6.65E0,1.6E-1,-5.E-1));
#1322=LINE('',#1321,#1320);
#1323=CARTESIAN_POINT('',(6.65E0,1.6E-1,-2.5E-1));
#1324=DIRECTION('',(0.E0,1.E0,0.E0));
#1325=DIRECTION('',(1.E0,0.E0,1.776356839400E-14));
#1326=AXIS2_PLACEMENT_3D('',#1323,#1324,#1325);
#1328=DIRECTION('',(0.E0,0.E0,-1.E0));
#1329=VECTOR('',#1328,6.132893218814E0);
#1330=CARTESIAN_POINT('',(6.9E0,1.6E-1,5.882893218814E0));
#1331=LINE('',#1330,#1329);
#1332=CARTESIAN_POINT('',(6.4E0,1.6E-1,5.882893218814E0));
#1333=DIRECTION('',(0.E0,1.E0,0.E0));
#1334=DIRECTION('',(7.071067811866E-1,0.E0,7.071067811865E-1));
#1335=AXIS2_PLACEMENT_3D('',#1332,#1333,#1334);
#1337=DIRECTION('',(7.071067811865E-1,0.E0,-7.071067811866E-1));
#1338=VECTOR('',#1337,7.312994231489E-1);
#1339=CARTESIAN_POINT('',(6.236446609407E0,1.6E-1,6.753553390593E0));
#1340=LINE('',#1339,#1338);
#1341=CARTESIAN_POINT('',(5.882893218814E0,1.6E-1,6.4E0));
#1342=DIRECTION('',(0.E0,1.E0,0.E0));
#1343=DIRECTION('',(-9.414691248821E-14,0.E0,1.E0));
#1344=AXIS2_PLACEMENT_3D('',#1341,#1342,#1343);
#1346=DIRECTION('',(1.E0,0.E0,0.E0));
#1347=VECTOR('',#1346,1.280168850052E0);
#1348=CARTESIAN_POINT('',(4.602724368762E0,1.6E-1,6.9E0));
#1349=LINE('',#1348,#1347);
#1350=CARTESIAN_POINT('',(4.602724368762E0,1.6E-1,6.2E0));
#1351=DIRECTION('',(0.E0,1.E0,0.E0));
#1352=DIRECTION('',(-1.E0,0.E0,1.015061051086E-14));
#1353=AXIS2_PLACEMENT_3D('',#1350,#1351,#1352);
#1355=DIRECTION('',(0.E0,0.E0,1.E0));
#1356=VECTOR('',#1355,1.005050633871E-2);
#1357=CARTESIAN_POINT('',(3.902724368762E0,1.6E-1,6.189949493661E0));
#1358=LINE('',#1357,#1356);
#1359=CARTESIAN_POINT('',(4.602724368762E0,1.6E-1,6.189949493661E0));
#1360=DIRECTION('',(0.E0,1.E0,0.E0));
#1361=DIRECTION('',(-7.071067811866E-1,0.E0,-7.071067811865E-1));
#1362=AXIS2_PLACEMENT_3D('',#1359,#1360,#1361);
#1364=DIRECTION('',(-7.071067811865E-1,0.E0,7.071067811866E-1));
#1365=VECTOR('',#1364,2.327518010647E0);
#1366=CARTESIAN_POINT('',(5.753553390593E0,1.6E-1,4.049170978168E0));
#1367=LINE('',#1366,#1365);
#1368=CARTESIAN_POINT('',(5.4E0,1.6E-1,3.695617587575E0));
#1369=DIRECTION('',(0.E0,-1.E0,0.E0));
#1370=DIRECTION('',(1.E0,0.E0,1.332267629550E-14));
#1371=AXIS2_PLACEMENT_3D('',#1368,#1369,#1370);
#1373=DIRECTION('',(0.E0,0.E0,1.E0));
#1374=VECTOR('',#1373,2.945617587575E0);
#1375=CARTESIAN_POINT('',(5.9E0,1.6E-1,7.5E-1));
#1376=LINE('',#1375,#1374);
#1377=CARTESIAN_POINT('',(5.65E0,1.6E-1,7.5E-1));
#1378=DIRECTION('',(0.E0,-1.E0,0.E0));
#1379=DIRECTION('',(0.E0,0.E0,-1.E0));
#1380=AXIS2_PLACEMENT_3D('',#1377,#1378,#1379);
#1382=DIRECTION('',(1.E0,0.E0,0.E0));
#1383=VECTOR('',#1382,5.494485592242E-1);
#1384=CARTESIAN_POINT('',(5.100551440776E0,1.6E-1,5.E-1));
#1385=LINE('',#1384,#1383);
#1386=CARTESIAN_POINT('',(0.E0,1.6E-1,0.E0));
#1387=DIRECTION('',(0.E0,1.E0,0.E0));
#1388=DIRECTION('',(8.715574274765E-2,0.E0,9.961946980917E-1));
#1389=AXIS2_PLACEMENT_3D('',#1386,#1387,#1388);
#1391=DIRECTION('',(0.E0,1.E0,0.E0));
#1392=VECTOR('',#1391,1.6E-1);
#1393=CARTESIAN_POINT('',(4.602724368762E0,0.E0,6.9E0));
#1394=LINE('',#1393,#1392);
#1395=DIRECTION('',(0.E0,1.E0,0.E0));
#1396=VECTOR('',#1395,1.6E-1);
#1397=CARTESIAN_POINT('',(3.902724368762E0,0.E0,6.2E0));
#1398=LINE('',#1397,#1396);
#1399=DIRECTION('',(0.E0,1.E0,0.E0));
#1400=VECTOR('',#1399,1.6E-1);
#1401=CARTESIAN_POINT('',(3.902724368762E0,0.E0,6.189949493661E0));
#1402=LINE('',#1401,#1400);
#1403=DIRECTION('',(0.E0,1.E0,0.E0));
#1404=VECTOR('',#1403,1.6E-1);
#1405=CARTESIAN_POINT('',(4.107749621931E0,0.E0,5.694974746831E0));
#1406=LINE('',#1405,#1404);
#1407=DIRECTION('',(0.E0,1.E0,0.E0));
#1408=VECTOR('',#1407,1.6E-1);
#1409=CARTESIAN_POINT('',(5.753553390593E0,0.E0,4.049170978168E0));
#1410=LINE('',#1409,#1408);
#1411=DIRECTION('',(0.E0,1.E0,0.E0));
#1412=VECTOR('',#1411,1.6E-1);
#1413=CARTESIAN_POINT('',(5.9E0,0.E0,3.695617587575E0));
#1414=LINE('',#1413,#1412);
#1415=DIRECTION('',(0.E0,1.E0,0.E0));
#1416=VECTOR('',#1415,1.6E-1);
#1417=CARTESIAN_POINT('',(5.9E0,0.E0,7.5E-1));
#1418=LINE('',#1417,#1416);
#1419=DIRECTION('',(0.E0,1.E0,0.E0));
#1420=VECTOR('',#1419,1.6E-1);
#1421=CARTESIAN_POINT('',(5.65E0,0.E0,5.E-1));
#1422=LINE('',#1421,#1420);
#1423=DIRECTION('',(0.E0,1.E0,0.E0));
#1424=VECTOR('',#1423,1.6E-1);
#1425=CARTESIAN_POINT('',(5.100551440776E0,0.E0,5.E-1));
#1426=LINE('',#1425,#1424);
#1427=DIRECTION('',(0.E0,1.E0,0.E0));
#1428=VECTOR('',#1427,1.6E-1);
#1429=CARTESIAN_POINT('',(4.466731815817E-1,0.E0,5.105497827720E0));
#1430=LINE('',#1429,#1428);
#1431=CARTESIAN_POINT('',(4.030953102079E-1,0.E0,4.607400478674E0));
#1432=CARTESIAN_POINT('',(4.466731815817E-1,0.E0,5.105497827720E0));
#1433=VERTEX_POINT('',#1431);
#1434=VERTEX_POINT('',#1432);
#1435=CARTESIAN_POINT('',(5.100551440776E0,0.E0,5.E-1));
#1436=VERTEX_POINT('',#1435);
#1437=CARTESIAN_POINT('',(5.65E0,0.E0,5.E-1));
#1438=VERTEX_POINT('',#1437);
#1439=CARTESIAN_POINT('',(5.9E0,0.E0,7.5E-1));
#1440=VERTEX_POINT('',#1439);
#1441=CARTESIAN_POINT('',(5.9E0,0.E0,3.695617587575E0));
#1442=VERTEX_POINT('',#1441);
#1443=CARTESIAN_POINT('',(5.753553390593E0,0.E0,4.049170978168E0));
#1444=VERTEX_POINT('',#1443);
#1445=CARTESIAN_POINT('',(4.107749621931E0,0.E0,5.694974746831E0));
#1446=VERTEX_POINT('',#1445);
#1447=CARTESIAN_POINT('',(3.902724368762E0,0.E0,6.189949493661E0));
#1448=VERTEX_POINT('',#1447);
#1449=CARTESIAN_POINT('',(3.902724368762E0,0.E0,6.2E0));
#1450=VERTEX_POINT('',#1449);
#1451=CARTESIAN_POINT('',(4.602724368762E0,0.E0,6.9E0));
#1452=VERTEX_POINT('',#1451);
#1453=CARTESIAN_POINT('',(5.882893218814E0,0.E0,6.9E0));
#1454=VERTEX_POINT('',#1453);
#1455=CARTESIAN_POINT('',(6.236446609407E0,0.E0,6.753553390593E0));
#1456=VERTEX_POINT('',#1455);
#1457=CARTESIAN_POINT('',(6.753553390593E0,0.E0,6.236446609407E0));
#1458=VERTEX_POINT('',#1457);
#1459=CARTESIAN_POINT('',(6.9E0,0.E0,5.882893218814E0));
#1460=VERTEX_POINT('',#1459);
#1461=CARTESIAN_POINT('',(6.9E0,0.E0,-2.5E-1));
#1462=VERTEX_POINT('',#1461);
#1463=CARTESIAN_POINT('',(6.65E0,0.E0,-5.E-1));
#1464=VERTEX_POINT('',#1463);
#1465=CARTESIAN_POINT('',(5.100551440776E0,0.E0,-5.E-1));
#1466=VERTEX_POINT('',#1465);
#1467=CARTESIAN_POINT('',(4.466731815817E-1,0.E0,-5.105497827720E0));
#1468=VERTEX_POINT('',#1467);
#1469=CARTESIAN_POINT('',(4.030953102079E-1,0.E0,-4.607400478674E0));
#1470=VERTEX_POINT('',#1469);
#1471=CARTESIAN_POINT('',(4.623918792539E0,0.E0,-1.E-1));
#1472=VERTEX_POINT('',#1471);
#1473=CARTESIAN_POINT('',(4.725E0,0.E0,-1.E-1));
#1474=VERTEX_POINT('',#1473);
#1475=CARTESIAN_POINT('',(4.725E0,0.E0,1.E-1));
#1476=VERTEX_POINT('',#1475);
#1477=CARTESIAN_POINT('',(4.623918792539E0,0.E0,1.E-1));
#1478=VERTEX_POINT('',#1477);
#1479=CARTESIAN_POINT('',(4.030953102079E-1,1.6E-1,4.607400478674E0));
#1480=CARTESIAN_POINT('',(4.466731815817E-1,1.6E-1,5.105497827720E0));
#1481=VERTEX_POINT('',#1479);
#1482=VERTEX_POINT('',#1480);
#1483=CARTESIAN_POINT('',(5.100551440776E0,1.6E-1,5.E-1));
#1484=VERTEX_POINT('',#1483);
#1485=CARTESIAN_POINT('',(5.65E0,1.6E-1,5.E-1));
#1486=VERTEX_POINT('',#1485);
#1487=CARTESIAN_POINT('',(5.9E0,1.6E-1,7.5E-1));
#1488=VERTEX_POINT('',#1487);
#1489=CARTESIAN_POINT('',(5.9E0,1.6E-1,3.695617587575E0));
#1490=VERTEX_POINT('',#1489);
#1491=CARTESIAN_POINT('',(5.753553390593E0,1.6E-1,4.049170978168E0));
#1492=VERTEX_POINT('',#1491);
#1493=CARTESIAN_POINT('',(4.107749621931E0,1.6E-1,5.694974746831E0));
#1494=VERTEX_POINT('',#1493);
#1495=CARTESIAN_POINT('',(3.902724368762E0,1.6E-1,6.189949493661E0));
#1496=VERTEX_POINT('',#1495);
#1497=CARTESIAN_POINT('',(3.902724368762E0,1.6E-1,6.2E0));
#1498=VERTEX_POINT('',#1497);
#1499=CARTESIAN_POINT('',(4.602724368762E0,1.6E-1,6.9E0));
#1500=VERTEX_POINT('',#1499);
#1501=CARTESIAN_POINT('',(5.882893218814E0,1.6E-1,6.9E0));
#1502=VERTEX_POINT('',#1501);
#1503=CARTESIAN_POINT('',(6.236446609407E0,1.6E-1,6.753553390593E0));
#1504=VERTEX_POINT('',#1503);
#1505=CARTESIAN_POINT('',(6.753553390593E0,1.6E-1,6.236446609407E0));
#1506=VERTEX_POINT('',#1505);
#1507=CARTESIAN_POINT('',(6.9E0,1.6E-1,5.882893218814E0));
#1508=VERTEX_POINT('',#1507);
#1509=CARTESIAN_POINT('',(6.9E0,1.6E-1,-2.5E-1));
#1510=VERTEX_POINT('',#1509);
#1511=CARTESIAN_POINT('',(6.65E0,1.6E-1,-5.E-1));
#1512=VERTEX_POINT('',#1511);
#1513=CARTESIAN_POINT('',(5.100551440776E0,1.6E-1,-5.E-1));
#1514=VERTEX_POINT('',#1513);
#1515=CARTESIAN_POINT('',(4.466731815817E-1,1.6E-1,-5.105497827720E0));
#1516=VERTEX_POINT('',#1515);
#1517=CARTESIAN_POINT('',(4.030953102079E-1,1.6E-1,-4.607400478674E0));
#1518=VERTEX_POINT('',#1517);
#1519=CARTESIAN_POINT('',(4.623918792539E0,1.6E-1,-1.E-1));
#1520=VERTEX_POINT('',#1519);
#1521=CARTESIAN_POINT('',(4.725E0,1.6E-1,-1.E-1));
#1522=VERTEX_POINT('',#1521);
#1523=CARTESIAN_POINT('',(4.725E0,1.6E-1,1.E-1));
#1524=VERTEX_POINT('',#1523);
#1525=CARTESIAN_POINT('',(4.623918792539E0,1.6E-1,1.E-1));
#1526=VERTEX_POINT('',#1525);
#1527=CARTESIAN_POINT('',(5.882893218814E0,0.E0,6.4E0));
#1528=DIRECTION('',(0.E0,1.E0,0.E0));
#1529=DIRECTION('',(1.E0,0.E0,0.E0));
#1530=AXIS2_PLACEMENT_3D('',#1527,#1528,#1529);
#1531=CYLINDRICAL_SURFACE('',#1530,5.E-1);
#1533=ORIENTED_EDGE('',*,*,#1532,.F.);
#1535=ORIENTED_EDGE('',*,*,#1534,.T.);
#1537=ORIENTED_EDGE('',*,*,#1536,.T.);
#1539=ORIENTED_EDGE('',*,*,#1538,.F.);
#1540=EDGE_LOOP('',(#1533,#1535,#1537,#1539));
#1541=FACE_OUTER_BOUND('',#1540,.F.);
#1542=ADVANCED_FACE('',(#1541),#1531,.T.);
#1543=CARTESIAN_POINT('',(0.E0,0.E0,0.E0));
#1544=DIRECTION('',(0.E0,1.E0,0.E0));
#1545=DIRECTION('',(1.E0,0.E0,0.E0));
#1546=AXIS2_PLACEMENT_3D('',#1543,#1544,#1545);
#1547=PLANE('',#1546);
#1549=ORIENTED_EDGE('',*,*,#1548,.T.);
#1551=ORIENTED_EDGE('',*,*,#1550,.T.);
#1553=ORIENTED_EDGE('',*,*,#1552,.T.);
#1555=ORIENTED_EDGE('',*,*,#1554,.T.);
#1557=ORIENTED_EDGE('',*,*,#1556,.T.);
#1559=ORIENTED_EDGE('',*,*,#1558,.T.);
#1561=ORIENTED_EDGE('',*,*,#1560,.T.);
#1563=ORIENTED_EDGE('',*,*,#1562,.T.);
#1565=ORIENTED_EDGE('',*,*,#1564,.T.);
#1567=ORIENTED_EDGE('',*,*,#1566,.T.);
#1569=ORIENTED_EDGE('',*,*,#1568,.T.);
#1570=ORIENTED_EDGE('',*,*,#1532,.T.);
#1572=ORIENTED_EDGE('',*,*,#1571,.T.);
#1574=ORIENTED_EDGE('',*,*,#1573,.T.);
#1576=ORIENTED_EDGE('',*,*,#1575,.T.);
#1578=ORIENTED_EDGE('',*,*,#1577,.T.);
#1580=ORIENTED_EDGE('',*,*,#1579,.T.);
#1582=ORIENTED_EDGE('',*,*,#1581,.T.);
#1584=ORIENTED_EDGE('',*,*,#1583,.T.);
#1586=ORIENTED_EDGE('',*,*,#1585,.T.);
#1588=ORIENTED_EDGE('',*,*,#1587,.T.);
#1590=ORIENTED_EDGE('',*,*,#1589,.T.);
#1592=ORIENTED_EDGE('',*,*,#1591,.T.);
#1594=ORIENTED_EDGE('',*,*,#1593,.T.);
#1595=EDGE_LOOP('',(#1549,#1551,#1553,#1555,#1557,#1559,#1561,#1563,#1565,#1567,
#1569,#1570,#1572,#1574,#1576,#1578,#1580,#1582,#1584,#1586,#1588,#1590,#1592,
#1594));
#1596=FACE_OUTER_BOUND('',#1595,.F.);
#1597=ADVANCED_FACE('',(#1596),#1547,.F.);
#1598=CARTESIAN_POINT('',(4.248842458948E-1,0.E0,4.856449153197E0));
#1599=DIRECTION('',(0.E0,1.E0,0.E0));
#1600=DIRECTION('',(1.E0,0.E0,0.E0));
#1601=AXIS2_PLACEMENT_3D('',#1598,#1599,#1600);
#1602=CYLINDRICAL_SURFACE('',#1601,2.5E-1);
#1603=ORIENTED_EDGE('',*,*,#1548,.F.);
#1605=ORIENTED_EDGE('',*,*,#1604,.T.);
#1607=ORIENTED_EDGE('',*,*,#1606,.T.);
#1609=ORIENTED_EDGE('',*,*,#1608,.F.);
#1610=EDGE_LOOP('',(#1603,#1605,#1607,#1609));
#1611=FACE_OUTER_BOUND('',#1610,.F.);
#1612=ADVANCED_FACE('',(#1611),#1602,.T.);
#1613=CARTESIAN_POINT('',(0.E0,0.E0,0.E0));
#1614=DIRECTION('',(0.E0,1.E0,0.E0));
#1615=DIRECTION('',(1.E0,0.E0,0.E0));
#1616=AXIS2_PLACEMENT_3D('',#1613,#1614,#1615);
#1617=CYLINDRICAL_SURFACE('',#1616,4.625E0);
#1618=ORIENTED_EDGE('',*,*,#1593,.F.);
#1620=ORIENTED_EDGE('',*,*,#1619,.T.);
#1622=ORIENTED_EDGE('',*,*,#1621,.T.);
#1623=ORIENTED_EDGE('',*,*,#1604,.F.);
#1624=EDGE_LOOP('',(#1618,#1620,#1622,#1623));
#1625=FACE_OUTER_BOUND('',#1624,.F.);
#1626=ADVANCED_FACE('',(#1625),#1617,.F.);
#1627=CARTESIAN_POINT('',(4.725E0,0.E0,1.E-1));
#1628=DIRECTION('',(0.E0,0.E0,-1.E0));
#1629=DIRECTION('',(-1.E0,0.E0,0.E0));
#1630=AXIS2_PLACEMENT_3D('',#1627,#1628,#1629);
#1631=PLANE('',#1630);
#1632=ORIENTED_EDGE('',*,*,#1591,.F.);
#1634=ORIENTED_EDGE('',*,*,#1633,.T.);
#1636=ORIENTED_EDGE('',*,*,#1635,.T.);
#1637=ORIENTED_EDGE('',*,*,#1619,.F.);
#1638=EDGE_LOOP('',(#1632,#1634,#1636,#1637));
#1639=FACE_OUTER_BOUND('',#1638,.F.);
#1640=ADVANCED_FACE('',(#1639),#1631,.T.);
#1641=CARTESIAN_POINT('',(4.725E0,0.E0,0.E0));
#1642=DIRECTION('',(0.E0,1.E0,0.E0));
#1643=DIRECTION('',(1.E0,0.E0,0.E0));
#1644=AXIS2_PLACEMENT_3D('',#1641,#1642,#1643);
#1645=CYLINDRICAL_SURFACE('',#1644,1.E-1);
#1646=ORIENTED_EDGE('',*,*,#1589,.F.);
#1648=ORIENTED_EDGE('',*,*,#1647,.T.);
#1650=ORIENTED_EDGE('',*,*,#1649,.T.);
#1651=ORIENTED_EDGE('',*,*,#1633,.F.);
#1652=EDGE_LOOP('',(#1646,#1648,#1650,#1651));
#1653=FACE_OUTER_BOUND('',#1652,.F.);
#1654=ADVANCED_FACE('',(#1653),#1645,.F.);
#1655=CARTESIAN_POINT('',(4.623918792539E0,0.E0,-1.E-1));
#1656=DIRECTION('',(0.E0,0.E0,1.E0));
#1657=DIRECTION('',(1.E0,0.E0,0.E0));
#1658=AXIS2_PLACEMENT_3D('',#1655,#1656,#1657);
#1659=PLANE('',#1658);
#1660=ORIENTED_EDGE('',*,*,#1587,.F.);
#1662=ORIENTED_EDGE('',*,*,#1661,.T.);
#1664=ORIENTED_EDGE('',*,*,#1663,.T.);
#1665=ORIENTED_EDGE('',*,*,#1647,.F.);
#1666=EDGE_LOOP('',(#1660,#1662,#1664,#1665));
#1667=FACE_OUTER_BOUND('',#1666,.F.);
#1668=ADVANCED_FACE('',(#1667),#1659,.T.);
#1669=CARTESIAN_POINT('',(0.E0,0.E0,0.E0));
#1670=DIRECTION('',(0.E0,1.E0,0.E0));
#1671=DIRECTION('',(1.E0,0.E0,0.E0));
#1672=AXIS2_PLACEMENT_3D('',#1669,#1670,#1671);
#1673=CYLINDRICAL_SURFACE('',#1672,4.625E0);
#1674=ORIENTED_EDGE('',*,*,#1585,.F.);
#1676=ORIENTED_EDGE('',*,*,#1675,.T.);
#1678=ORIENTED_EDGE('',*,*,#1677,.T.);
#1679=ORIENTED_EDGE('',*,*,#1661,.F.);
#1680=EDGE_LOOP('',(#1674,#1676,#1678,#1679));
#1681=FACE_OUTER_BOUND('',#1680,.F.);
#1682=ADVANCED_FACE('',(#1681),#1673,.F.);
#1683=CARTESIAN_POINT('',(4.248842458948E-1,0.E0,-4.856449153197E0));
#1684=DIRECTION('',(0.E0,1.E0,0.E0));
#1685=DIRECTION('',(1.E0,0.E0,0.E0));
#1686=AXIS2_PLACEMENT_3D('',#1683,#1684,#1685);
#1687=CYLINDRICAL_SURFACE('',#1686,2.5E-1);
#1688=ORIENTED_EDGE('',*,*,#1583,.F.);
#1690=ORIENTED_EDGE('',*,*,#1689,.T.);
#1692=ORIENTED_EDGE('',*,*,#1691,.T.);
#1693=ORIENTED_EDGE('',*,*,#1675,.F.);
#1694=EDGE_LOOP('',(#1688,#1690,#1692,#1693));
#1695=FACE_OUTER_BOUND('',#1694,.F.);
#1696=ADVANCED_FACE('',(#1695),#1687,.T.);
#1697=CARTESIAN_POINT('',(0.E0,0.E0,0.E0));
#1698=DIRECTION('',(0.E0,1.E0,0.E0));
#1699=DIRECTION('',(1.E0,0.E0,0.E0));
#1700=AXIS2_PLACEMENT_3D('',#1697,#1698,#1699);
#1701=CYLINDRICAL_SURFACE('',#1700,5.125E0);
#1702=ORIENTED_EDGE('',*,*,#1581,.F.);
#1704=ORIENTED_EDGE('',*,*,#1703,.T.);
#1706=ORIENTED_EDGE('',*,*,#1705,.T.);
#1707=ORIENTED_EDGE('',*,*,#1689,.F.);
#1708=EDGE_LOOP('',(#1702,#1704,#1706,#1707));
#1709=FACE_OUTER_BOUND('',#1708,.F.);
#1710=ADVANCED_FACE('',(#1709),#1701,.T.);
#1711=CARTESIAN_POINT('',(6.65E0,0.E0,-5.E-1));
#1712=DIRECTION('',(0.E0,0.E0,-1.E0));
#1713=DIRECTION('',(-1.E0,0.E0,0.E0));
#1714=AXIS2_PLACEMENT_3D('',#1711,#1712,#1713);
#1715=PLANE('',#1714);
#1716=ORIENTED_EDGE('',*,*,#1579,.F.);
#1718=ORIENTED_EDGE('',*,*,#1717,.T.);
#1720=ORIENTED_EDGE('',*,*,#1719,.T.);
#1721=ORIENTED_EDGE('',*,*,#1703,.F.);
#1722=EDGE_LOOP('',(#1716,#1718,#1720,#1721));
#1723=FACE_OUTER_BOUND('',#1722,.F.);
#1724=ADVANCED_FACE('',(#1723),#1715,.T.);
#1725=CARTESIAN_POINT('',(6.65E0,0.E0,-2.5E-1));
#1726=DIRECTION('',(0.E0,1.E0,0.E0));
#1727=DIRECTION('',(1.E0,0.E0,0.E0));
#1728=AXIS2_PLACEMENT_3D('',#1725,#1726,#1727);
#1729=CYLINDRICAL_SURFACE('',#1728,2.5E-1);
#1730=ORIENTED_EDGE('',*,*,#1577,.F.);
#1732=ORIENTED_EDGE('',*,*,#1731,.T.);
#1734=ORIENTED_EDGE('',*,*,#1733,.T.);
#1735=ORIENTED_EDGE('',*,*,#1717,.F.);
#1736=EDGE_LOOP('',(#1730,#1732,#1734,#1735));
#1737=FACE_OUTER_BOUND('',#1736,.F.);
#1738=ADVANCED_FACE('',(#1737),#1729,.T.);
#1739=CARTESIAN_POINT('',(6.9E0,0.E0,5.882893218814E0));
#1740=DIRECTION('',(1.E0,0.E0,0.E0));
#1741=DIRECTION('',(0.E0,0.E0,-1.E0));
#1742=AXIS2_PLACEMENT_3D('',#1739,#1740,#1741);
#1743=PLANE('',#1742);
#1744=ORIENTED_EDGE('',*,*,#1575,.F.);
#1746=ORIENTED_EDGE('',*,*,#1745,.T.);
#1748=ORIENTED_EDGE('',*,*,#1747,.T.);
#1749=ORIENTED_EDGE('',*,*,#1731,.F.);
#1750=EDGE_LOOP('',(#1744,#1746,#1748,#1749));
#1751=FACE_OUTER_BOUND('',#1750,.F.);
#1752=ADVANCED_FACE('',(#1751),#1743,.T.);
#1753=CARTESIAN_POINT('',(6.4E0,0.E0,5.882893218814E0));
#1754=DIRECTION('',(0.E0,1.E0,0.E0));
#1755=DIRECTION('',(1.E0,0.E0,0.E0));
#1756=AXIS2_PLACEMENT_3D('',#1753,#1754,#1755);
#1757=CYLINDRICAL_SURFACE('',#1756,5.E-1);
#1758=ORIENTED_EDGE('',*,*,#1573,.F.);
#1760=ORIENTED_EDGE('',*,*,#1759,.T.);
#1762=ORIENTED_EDGE('',*,*,#1761,.T.);
#1763=ORIENTED_EDGE('',*,*,#1745,.F.);
#1764=EDGE_LOOP('',(#1758,#1760,#1762,#1763));
#1765=FACE_OUTER_BOUND('',#1764,.F.);
#1766=ADVANCED_FACE('',(#1765),#1757,.T.);
#1767=CARTESIAN_POINT('',(6.236446609407E0,0.E0,6.753553390593E0));
#1768=DIRECTION('',(7.071067811866E-1,0.E0,7.071067811865E-1));
#1769=DIRECTION('',(7.071067811865E-1,0.E0,-7.071067811866E-1));
#1770=AXIS2_PLACEMENT_3D('',#1767,#1768,#1769);
#1771=PLANE('',#1770);
#1772=ORIENTED_EDGE('',*,*,#1571,.F.);
#1773=ORIENTED_EDGE('',*,*,#1538,.T.);
#1775=ORIENTED_EDGE('',*,*,#1774,.T.);
#1776=ORIENTED_EDGE('',*,*,#1759,.F.);
#1777=EDGE_LOOP('',(#1772,#1773,#1775,#1776));
#1778=FACE_OUTER_BOUND('',#1777,.F.);
#1779=ADVANCED_FACE('',(#1778),#1771,.T.);
#1780=CARTESIAN_POINT('',(0.E0,1.6E-1,0.E0));
#1781=DIRECTION('',(0.E0,1.E0,0.E0));
#1782=DIRECTION('',(1.E0,0.E0,0.E0));
#1783=AXIS2_PLACEMENT_3D('',#1780,#1781,#1782);
#1784=PLANE('',#1783);
#1785=ORIENTED_EDGE('',*,*,#1606,.F.);
#1786=ORIENTED_EDGE('',*,*,#1621,.F.);
#1787=ORIENTED_EDGE('',*,*,#1635,.F.);
#1788=ORIENTED_EDGE('',*,*,#1649,.F.);
#1789=ORIENTED_EDGE('',*,*,#1663,.F.);
#1790=ORIENTED_EDGE('',*,*,#1677,.F.);
#1791=ORIENTED_EDGE('',*,*,#1691,.F.);
#1792=ORIENTED_EDGE('',*,*,#1705,.F.);
#1793=ORIENTED_EDGE('',*,*,#1719,.F.);
#1794=ORIENTED_EDGE('',*,*,#1733,.F.);
#1795=ORIENTED_EDGE('',*,*,#1747,.F.);
#1796=ORIENTED_EDGE('',*,*,#1761,.F.);
#1797=ORIENTED_EDGE('',*,*,#1774,.F.);
#1798=ORIENTED_EDGE('',*,*,#1536,.F.);
#1800=ORIENTED_EDGE('',*,*,#1799,.F.);
#1802=ORIENTED_EDGE('',*,*,#1801,.F.);
#1804=ORIENTED_EDGE('',*,*,#1803,.F.);
#1806=ORIENTED_EDGE('',*,*,#1805,.F.);
#1808=ORIENTED_EDGE('',*,*,#1807,.F.);
#1810=ORIENTED_EDGE('',*,*,#1809,.F.);
#1812=ORIENTED_EDGE('',*,*,#1811,.F.);
#1814=ORIENTED_EDGE('',*,*,#1813,.F.);
#1816=ORIENTED_EDGE('',*,*,#1815,.F.);
#1818=ORIENTED_EDGE('',*,*,#1817,.F.);
#1819=EDGE_LOOP('',(#1785,#1786,#1787,#1788,#1789,#1790,#1791,#1792,#1793,#1794,
#1795,#1796,#1797,#1798,#1800,#1802,#1804,#1806,#1808,#1810,#1812,#1814,#1816,
#1818));
#1820=FACE_OUTER_BOUND('',#1819,.F.);
#1821=ADVANCED_FACE('',(#1820),#1784,.T.);
#1822=CARTESIAN_POINT('',(4.602724368762E0,0.E0,6.9E0));
#1823=DIRECTION('',(0.E0,0.E0,1.E0));
#1824=DIRECTION('',(1.E0,0.E0,0.E0));
#1825=AXIS2_PLACEMENT_3D('',#1822,#1823,#1824);
#1826=PLANE('',#1825);
#1827=ORIENTED_EDGE('',*,*,#1568,.F.);
#1829=ORIENTED_EDGE('',*,*,#1828,.T.);
#1830=ORIENTED_EDGE('',*,*,#1799,.T.);
#1831=ORIENTED_EDGE('',*,*,#1534,.F.);
#1832=EDGE_LOOP('',(#1827,#1829,#1830,#1831));
#1833=FACE_OUTER_BOUND('',#1832,.F.);
#1834=ADVANCED_FACE('',(#1833),#1826,.T.);
#1835=CARTESIAN_POINT('',(4.602724368762E0,0.E0,6.2E0));
#1836=DIRECTION('',(0.E0,1.E0,0.E0));
#1837=DIRECTION('',(1.E0,0.E0,0.E0));
#1838=AXIS2_PLACEMENT_3D('',#1835,#1836,#1837);
#1839=CYLINDRICAL_SURFACE('',#1838,7.E-1);
#1840=ORIENTED_EDGE('',*,*,#1566,.F.);
#1842=ORIENTED_EDGE('',*,*,#1841,.T.);
#1843=ORIENTED_EDGE('',*,*,#1801,.T.);
#1844=ORIENTED_EDGE('',*,*,#1828,.F.);
#1845=EDGE_LOOP('',(#1840,#1842,#1843,#1844));
#1846=FACE_OUTER_BOUND('',#1845,.F.);
#1847=ADVANCED_FACE('',(#1846),#1839,.T.);
#1848=CARTESIAN_POINT('',(3.902724368762E0,0.E0,6.189949493661E0));
#1849=DIRECTION('',(-1.E0,0.E0,0.E0));
#1850=DIRECTION('',(0.E0,0.E0,1.E0));
#1851=AXIS2_PLACEMENT_3D('',#1848,#1849,#1850);
#1852=PLANE('',#1851);
#1853=ORIENTED_EDGE('',*,*,#1564,.F.);
#1855=ORIENTED_EDGE('',*,*,#1854,.T.);
#1856=ORIENTED_EDGE('',*,*,#1803,.T.);
#1857=ORIENTED_EDGE('',*,*,#1841,.F.);
#1858=EDGE_LOOP('',(#1853,#1855,#1856,#1857));
#1859=FACE_OUTER_BOUND('',#1858,.F.);
#1860=ADVANCED_FACE('',(#1859),#1852,.T.);
#1861=CARTESIAN_POINT('',(4.602724368762E0,0.E0,6.189949493661E0));
#1862=DIRECTION('',(0.E0,1.E0,0.E0));
#1863=DIRECTION('',(1.E0,0.E0,0.E0));
#1864=AXIS2_PLACEMENT_3D('',#1861,#1862,#1863);
#1865=CYLINDRICAL_SURFACE('',#1864,7.E-1);
#1866=ORIENTED_EDGE('',*,*,#1562,.F.);
#1868=ORIENTED_EDGE('',*,*,#1867,.T.);
#1869=ORIENTED_EDGE('',*,*,#1805,.T.);
#1870=ORIENTED_EDGE('',*,*,#1854,.F.);
#1871=EDGE_LOOP('',(#1866,#1868,#1869,#1870));
#1872=FACE_OUTER_BOUND('',#1871,.F.);
#1873=ADVANCED_FACE('',(#1872),#1865,.T.);
#1874=CARTESIAN_POINT('',(5.753553390593E0,0.E0,4.049170978168E0));
#1875=DIRECTION('',(-7.071067811866E-1,0.E0,-7.071067811865E-1));
#1876=DIRECTION('',(-7.071067811865E-1,0.E0,7.071067811866E-1));
#1877=AXIS2_PLACEMENT_3D('',#1874,#1875,#1876);
#1878=PLANE('',#1877);
#1879=ORIENTED_EDGE('',*,*,#1560,.F.);
#1881=ORIENTED_EDGE('',*,*,#1880,.T.);
#1882=ORIENTED_EDGE('',*,*,#1807,.T.);
#1883=ORIENTED_EDGE('',*,*,#1867,.F.);
#1884=EDGE_LOOP('',(#1879,#1881,#1882,#1883));
#1885=FACE_OUTER_BOUND('',#1884,.F.);
#1886=ADVANCED_FACE('',(#1885),#1878,.T.);
#1887=CARTESIAN_POINT('',(5.4E0,0.E0,3.695617587575E0));
#1888=DIRECTION('',(0.E0,1.E0,0.E0));
#1889=DIRECTION('',(1.E0,0.E0,0.E0));
#1890=AXIS2_PLACEMENT_3D('',#1887,#1888,#1889);
#1891=CYLINDRICAL_SURFACE('',#1890,5.E-1);
#1892=ORIENTED_EDGE('',*,*,#1558,.F.);
#1894=ORIENTED_EDGE('',*,*,#1893,.T.);
#1895=ORIENTED_EDGE('',*,*,#1809,.T.);
#1896=ORIENTED_EDGE('',*,*,#1880,.F.);
#1897=EDGE_LOOP('',(#1892,#1894,#1895,#1896));
#1898=FACE_OUTER_BOUND('',#1897,.F.);
#1899=ADVANCED_FACE('',(#1898),#1891,.F.);
#1900=CARTESIAN_POINT('',(5.9E0,0.E0,7.5E-1));
#1901=DIRECTION('',(-1.E0,0.E0,0.E0));
#1902=DIRECTION('',(0.E0,0.E0,1.E0));
#1903=AXIS2_PLACEMENT_3D('',#1900,#1901,#1902);
#1904=PLANE('',#1903);
#1905=ORIENTED_EDGE('',*,*,#1556,.F.);
#1907=ORIENTED_EDGE('',*,*,#1906,.T.);
#1908=ORIENTED_EDGE('',*,*,#1811,.T.);
#1909=ORIENTED_EDGE('',*,*,#1893,.F.);
#1910=EDGE_LOOP('',(#1905,#1907,#1908,#1909));
#1911=FACE_OUTER_BOUND('',#1910,.F.);
#1912=ADVANCED_FACE('',(#1911),#1904,.T.);
#1913=CARTESIAN_POINT('',(5.65E0,0.E0,7.5E-1));
#1914=DIRECTION('',(0.E0,1.E0,0.E0));
#1915=DIRECTION('',(1.E0,0.E0,0.E0));
#1916=AXIS2_PLACEMENT_3D('',#1913,#1914,#1915);
#1917=CYLINDRICAL_SURFACE('',#1916,2.5E-1);
#1918=ORIENTED_EDGE('',*,*,#1554,.F.);
#1920=ORIENTED_EDGE('',*,*,#1919,.T.);
#1921=ORIENTED_EDGE('',*,*,#1813,.T.);
#1922=ORIENTED_EDGE('',*,*,#1906,.F.);
#1923=EDGE_LOOP('',(#1918,#1920,#1921,#1922));
#1924=FACE_OUTER_BOUND('',#1923,.F.);
#1925=ADVANCED_FACE('',(#1924),#1917,.F.);
#1926=CARTESIAN_POINT('',(5.100551440776E0,0.E0,5.E-1));
#1927=DIRECTION('',(0.E0,0.E0,1.E0));
#1928=DIRECTION('',(1.E0,0.E0,0.E0));
#1929=AXIS2_PLACEMENT_3D('',#1926,#1927,#1928);
#1930=PLANE('',#1929);
#1931=ORIENTED_EDGE('',*,*,#1552,.F.);
#1933=ORIENTED_EDGE('',*,*,#1932,.T.);
#1934=ORIENTED_EDGE('',*,*,#1815,.T.);
#1935=ORIENTED_EDGE('',*,*,#1919,.F.);
#1936=EDGE_LOOP('',(#1931,#1933,#1934,#1935));
#1937=FACE_OUTER_BOUND('',#1936,.F.);
#1938=ADVANCED_FACE('',(#1937),#1930,.T.);
#1939=CARTESIAN_POINT('',(0.E0,0.E0,0.E0));
#1940=DIRECTION('',(0.E0,1.E0,0.E0));
#1941=DIRECTION('',(1.E0,0.E0,0.E0));
#1942=AXIS2_PLACEMENT_3D('',#1939,#1940,#1941);
#1943=CYLINDRICAL_SURFACE('',#1942,5.125E0);
#1944=ORIENTED_EDGE('',*,*,#1550,.F.);
#1945=ORIENTED_EDGE('',*,*,#1608,.T.);
#1946=ORIENTED_EDGE('',*,*,#1817,.T.);
#1947=ORIENTED_EDGE('',*,*,#1932,.F.);
#1948=EDGE_LOOP('',(#1944,#1945,#1946,#1947));
#1949=FACE_OUTER_BOUND('',#1948,.F.);
#1950=ADVANCED_FACE('',(#1949),#1943,.T.);
#1951=CLOSED_SHELL('',(#1542,#1597,#1612,#1626,#1640,#1654,#1668,#1682,#1696,
#1710,#1724,#1738,#1752,#1766,#1779,#1821,#1834,#1847,#1860,#1873,#1886,#1899,
#1912,#1925,#1938,#1950));
#1952=MANIFOLD_SOLID_BREP('',#1951);
#1954=DIMENSIONAL_EXPONENTS(0.E0,0.E0,0.E0,0.E0,0.E0,0.E0,0.E0);
#1956=PLANE_ANGLE_MEASURE_WITH_UNIT(PLANE_ANGLE_MEASURE(1.745329251994E-2),
#1955);
#1957=(CONVERSION_BASED_UNIT('DEGREE',#1956)NAMED_UNIT(#1954)PLANE_ANGLE_UNIT(
));
#1959=UNCERTAINTY_MEASURE_WITH_UNIT(LENGTH_MEASURE(1.951602234477E-3),#1953,
'closure',
'Maximum model space distance between geometric entities at asserted connectivities');
#1960=(GEOMETRIC_REPRESENTATION_CONTEXT(3)GLOBAL_UNCERTAINTY_ASSIGNED_CONTEXT((
#1959))GLOBAL_UNIT_ASSIGNED_CONTEXT((#1953,#1957,#1958))REPRESENTATION_CONTEXT(
'ID2','3'));
#1961=CARTESIAN_POINT('',(0.E0,0.E0,0.E0));
#1962=DIRECTION('',(0.E0,0.E0,1.E0));
#1963=DIRECTION('',(1.E0,0.E0,0.E0));
#1966=MECHANICAL_CONTEXT('',#165,'mechanical');
#1967=PRODUCT('LE1601_TM','LE1601_TM','NOT SPECIFIED',(#1966));
#1968=PRODUCT_DEFINITION_FORMATION_WITH_SPECIFIED_SOURCE('1','LAST_VERSION',
#1967,.MADE.);
#1974=CARTESIAN_POINT('',(0.E0,1.E0,0.E0));
#1975=DIRECTION('',(0.E0,0.E0,1.E0));
#1976=DIRECTION('',(1.E0,0.E0,0.E0));
#1977=AXIS2_PLACEMENT_3D('',#1974,#1975,#1976);
#1978=ITEM_DEFINED_TRANSFORMATION('','',#1964,#1977);
#1979=(REPRESENTATION_RELATIONSHIP('','',#1965,#176)REPRESENTATION_RELATIONSHIP_WITH_TRANSFORMATION(#1978)SHAPE_REPRESENTATION_RELATIONSHIP());
#1980=CONTEXT_DEPENDENT_SHAPE_REPRESENTATION(#1979,#1973);
#1982=DIRECTION('',(-1.E0,0.E0,0.E0));
#1983=VECTOR('',#1982,1.585E1);
#1984=CARTESIAN_POINT('',(7.925E0,0.E0,-7.925E0));
#1985=LINE('',#1984,#1983);
#1986=DIRECTION('',(0.E0,0.E0,1.E0));
#1987=VECTOR('',#1986,1.585E1);
#1988=CARTESIAN_POINT('',(-7.925E0,0.E0,-7.925E0));
#1989=LINE('',#1988,#1987);
#1990=DIRECTION('',(1.E0,0.E0,0.E0));
#1991=VECTOR('',#1990,1.585E1);
#1992=CARTESIAN_POINT('',(-7.925E0,0.E0,7.925E0));
#1993=LINE('',#1992,#1991);
#1994=DIRECTION('',(0.E0,0.E0,-1.E0));
#1995=VECTOR('',#1994,1.585E1);
#1996=CARTESIAN_POINT('',(7.925E0,0.E0,7.925E0));
#1997=LINE('',#1996,#1995);
#1998=CARTESIAN_POINT('',(3.286988412533E0,0.E0,-5.496839464674E0));
#1999=DIRECTION('',(0.E0,1.E0,0.E0));
#2000=DIRECTION('',(1.E0,0.E0,0.E0));
#2001=AXIS2_PLACEMENT_3D('',#1998,#1999,#2000);
#2003=CARTESIAN_POINT('',(3.286988412533E0,0.E0,-5.496839464674E0));
#2004=DIRECTION('',(0.E0,1.E0,0.E0));
#2005=DIRECTION('',(-1.E0,0.E0,0.E0));
#2006=AXIS2_PLACEMENT_3D('',#2003,#2004,#2005);
#2008=CARTESIAN_POINT('',(0.E0,0.E0,0.E0));
#2009=DIRECTION('',(0.E0,1.E0,0.E0));
#2010=DIRECTION('',(1.E0,0.E0,0.E0));
#2011=AXIS2_PLACEMENT_3D('',#2008,#2009,#2010);
#2013=CARTESIAN_POINT('',(0.E0,0.E0,0.E0));
#2014=DIRECTION('',(0.E0,1.E0,0.E0));
#2015=DIRECTION('',(-1.E0,0.E0,0.E0));
#2016=AXIS2_PLACEMENT_3D('',#2013,#2014,#2015);
#2018=CARTESIAN_POINT('',(0.E0,0.E0,0.E0));
#2019=DIRECTION('',(0.E0,1.E0,0.E0));
#2020=DIRECTION('',(9.992076264693E-1,0.E0,-3.980099503349E-2));
#2021=AXIS2_PLACEMENT_3D('',#2018,#2019,#2020);
#2023=CARTESIAN_POINT('',(0.E0,0.E0,0.E0));
#2024=DIRECTION('',(0.E0,1.E0,0.E0));
#2025=DIRECTION('',(9.991037667990E-1,0.E0,-4.232804233720E-2));
#2026=AXIS2_PLACEMENT_3D('',#2023,#2024,#2025);
#2028=CARTESIAN_POINT('',(4.248842458949E-1,0.E0,-4.856449153197E0));
#2029=DIRECTION('',(0.E0,1.E0,0.E0));
#2030=DIRECTION('',(8.715574274767E-2,0.E0,-9.961946980917E-1));
#2031=AXIS2_PLACEMENT_3D('',#2028,#2029,#2030);
#2033=DIRECTION('',(-1.E0,0.E0,0.E0));
#2034=VECTOR('',#2033,1.005050633881E-2);
#2035=CARTESIAN_POINT('',(6.2E0,0.E0,4.102724368804E0));
#2036=LINE('',#2035,#2034);
#2037=CARTESIAN_POINT('',(6.2E0,0.E0,4.602724368804E0));
#2038=DIRECTION('',(0.E0,1.E0,0.E0));
#2039=DIRECTION('',(1.E0,0.E0,0.E0));
#2040=AXIS2_PLACEMENT_3D('',#2037,#2038,#2039);
#2042=DIRECTION('',(0.E0,0.E0,-1.E0));
#2043=VECTOR('',#2042,1.404432918764E0);
#2044=CARTESIAN_POINT('',(6.7E0,0.E0,6.007157287568E0));
#2045=LINE('',#2044,#2043);
#2046=DIRECTION('',(7.071067811865E-1,0.E0,-7.071067811865E-1));
#2047=VECTOR('',#2046,9.798275605734E-1);
#2048=CARTESIAN_POINT('',(6.007157287525E0,0.E0,6.700000000043E0));
#2049=LINE('',#2048,#2047);
#2050=DIRECTION('',(1.E0,0.E0,0.E0));
#2051=VECTOR('',#2050,1.404432918764E0);
#2052=CARTESIAN_POINT('',(4.602724368761E0,0.E0,6.700000000043E0));
#2053=LINE('',#2052,#2051);
#2054=CARTESIAN_POINT('',(4.602724368761E0,0.E0,6.200000000043E0));
#2055=DIRECTION('',(0.E0,1.E0,0.E0));
#2056=DIRECTION('',(-1.E0,0.E0,0.E0));
#2057=AXIS2_PLACEMENT_3D('',#2054,#2055,#2056);
#2059=DIRECTION('',(0.E0,0.E0,1.E0));
#2060=VECTOR('',#2059,1.005050633881E-2);
#2061=CARTESIAN_POINT('',(4.102724368761E0,0.E0,6.189949493704E0));
#2062=LINE('',#2061,#2060);
#2063=CARTESIAN_POINT('',(4.602724368761E0,0.E0,6.189949493704E0));
#2064=DIRECTION('',(0.E0,1.E0,0.E0));
#2065=DIRECTION('',(-7.071067811866E-1,0.E0,-7.071067811865E-1));
#2066=AXIS2_PLACEMENT_3D('',#2063,#2064,#2065);
#2068=DIRECTION('',(-7.071067811865E-1,0.E0,7.071067811865E-1));
#2069=VECTOR('',#2068,2.244675298173E0);
#2070=CARTESIAN_POINT('',(5.836396103068E0,0.E0,4.249170978211E0));
#2071=LINE('',#2070,#2069);
#2072=CARTESIAN_POINT('',(6.189949493661E0,0.E0,4.602724368804E0));
#2073=DIRECTION('',(0.E0,1.E0,0.E0));
#2074=DIRECTION('',(0.E0,0.E0,-1.E0));
#2075=AXIS2_PLACEMENT_3D('',#2072,#2073,#2074);
#2077=DIRECTION('',(1.E0,0.E0,0.E0));
#2078=VECTOR('',#2077,1.005050633881E-2);
#2079=CARTESIAN_POINT('',(-6.2E0,0.E0,-4.102724368805E0));
#2080=LINE('',#2079,#2078);
#2081=CARTESIAN_POINT('',(-6.2E0,0.E0,-4.602724368805E0));
#2082=DIRECTION('',(0.E0,1.E0,0.E0));
#2083=DIRECTION('',(-1.E0,0.E0,0.E0));
#2084=AXIS2_PLACEMENT_3D('',#2081,#2082,#2083);
#2086=DIRECTION('',(0.E0,0.E0,1.E0));
#2087=VECTOR('',#2086,1.404432918764E0);
#2088=CARTESIAN_POINT('',(-6.7E0,0.E0,-6.007157287569E0));
#2089=LINE('',#2088,#2087);
#2090=DIRECTION('',(-7.071067811865E-1,0.E0,7.071067811865E-1));
#2091=VECTOR('',#2090,9.798275605734E-1);
#2092=CARTESIAN_POINT('',(-6.007157287525E0,0.E0,-6.700000000044E0));
#2093=LINE('',#2092,#2091);
#2094=DIRECTION('',(-1.E0,0.E0,0.E0));
#2095=VECTOR('',#2094,1.404432918764E0);
#2096=CARTESIAN_POINT('',(-4.602724368761E0,0.E0,-6.700000000044E0));
#2097=LINE('',#2096,#2095);
#2098=CARTESIAN_POINT('',(-4.602724368761E0,0.E0,-6.200000000044E0));
#2099=DIRECTION('',(0.E0,1.E0,0.E0));
#2100=DIRECTION('',(1.E0,0.E0,-1.598721155460E-14));
#2101=AXIS2_PLACEMENT_3D('',#2098,#2099,#2100);
#2103=DIRECTION('',(0.E0,0.E0,-1.E0));
#2104=VECTOR('',#2103,1.005050633882E-2);
#2105=CARTESIAN_POINT('',(-4.102724368761E0,0.E0,-6.189949493705E0));
#2106=LINE('',#2105,#2104);
#2107=CARTESIAN_POINT('',(-4.602724368761E0,0.E0,-6.189949493705E0));
#2108=DIRECTION('',(0.E0,1.E0,0.E0));
#2109=DIRECTION('',(7.071067811865E-1,0.E0,7.071067811866E-1));
#2110=AXIS2_PLACEMENT_3D('',#2107,#2108,#2109);
#2112=DIRECTION('',(7.071067811865E-1,0.E0,-7.071067811865E-1));
#2113=VECTOR('',#2112,2.244675298173E0);
#2114=CARTESIAN_POINT('',(-5.836396103068E0,0.E0,-4.249170978212E0));
#2115=LINE('',#2114,#2113);
#2116=CARTESIAN_POINT('',(-6.189949493661E0,0.E0,-4.602724368805E0));
#2117=DIRECTION('',(0.E0,1.E0,0.E0));
#2118=DIRECTION('',(0.E0,0.E0,1.E0));
#2119=AXIS2_PLACEMENT_3D('',#2116,#2117,#2118);
#2121=CARTESIAN_POINT('',(0.E0,0.E0,0.E0));
#2122=DIRECTION('',(0.E0,1.E0,0.E0));
#2123=DIRECTION('',(8.715574274767E-2,0.E0,9.961946980917E-1));
#2124=AXIS2_PLACEMENT_3D('',#2121,#2122,#2123);
#2126=CARTESIAN_POINT('',(4.248842458949E-1,0.E0,4.856449153197E0));
#2127=DIRECTION('',(0.E0,1.E0,0.E0));
#2128=DIRECTION('',(-8.715574274777E-2,0.E0,-9.961946980917E-1));
#2129=AXIS2_PLACEMENT_3D('',#2126,#2127,#2128);
#2131=CARTESIAN_POINT('',(0.E0,0.E0,0.E0));
#2132=DIRECTION('',(0.E0,1.E0,0.E0));
#2133=DIRECTION('',(8.715574274767E-2,0.E0,9.961946980917E-1));
#2134=AXIS2_PLACEMENT_3D('',#2131,#2132,#2133);
#2136=CARTESIAN_POINT('',(0.E0,0.E0,0.E0));
#2137=DIRECTION('',(0.E0,1.E0,0.E0));
#2138=DIRECTION('',(-8.715574274767E-2,0.E0,-9.961946980917E-1));
#2139=AXIS2_PLACEMENT_3D('',#2136,#2137,#2138);
#2141=CARTESIAN_POINT('',(-4.248842458949E-1,0.E0,-4.856449153197E0));
#2142=DIRECTION('',(0.E0,1.E0,0.E0));
#2143=DIRECTION('',(8.715574274774E-2,0.E0,9.961946980917E-1));
#2144=AXIS2_PLACEMENT_3D('',#2141,#2142,#2143);
#2146=CARTESIAN_POINT('',(0.E0,0.E0,0.E0));
#2147=DIRECTION('',(0.E0,1.E0,0.E0));
#2148=DIRECTION('',(-8.715574274767E-2,0.E0,-9.961946980917E-1));
#2149=AXIS2_PLACEMENT_3D('',#2146,#2147,#2148);
#2151=CARTESIAN_POINT('',(0.E0,0.E0,0.E0));
#2152=DIRECTION('',(0.E0,1.E0,0.E0));
#2153=DIRECTION('',(-9.992076264693E-1,0.E0,3.980099503338E-2));
#2154=AXIS2_PLACEMENT_3D('',#2151,#2152,#2153);
#2156=CARTESIAN_POINT('',(0.E0,0.E0,0.E0));
#2157=DIRECTION('',(0.E0,1.E0,0.E0));
#2158=DIRECTION('',(-9.991037667990E-1,0.E0,4.232804233708E-2));
#2159=AXIS2_PLACEMENT_3D('',#2156,#2157,#2158);
#2161=CARTESIAN_POINT('',(-4.248842458949E-1,0.E0,4.856449153197E0));
#2162=DIRECTION('',(0.E0,1.E0,0.E0));
#2163=DIRECTION('',(-8.715574274769E-2,0.E0,9.961946980917E-1));
#2164=AXIS2_PLACEMENT_3D('',#2161,#2162,#2163);
#2166=DIRECTION('',(0.E0,1.E0,0.E0));
#2167=VECTOR('',#2166,1.7E-1);
#2168=CARTESIAN_POINT('',(7.925E0,0.E0,-7.925E0));
#2169=LINE('',#2168,#2167);
#2170=DIRECTION('',(0.E0,1.E0,0.E0));
#2171=VECTOR('',#2170,1.7E-1);
#2172=CARTESIAN_POINT('',(7.925E0,0.E0,7.925E0));
#2173=LINE('',#2172,#2171);
#2174=DIRECTION('',(0.E0,1.E0,0.E0));
#2175=VECTOR('',#2174,1.7E-1);
#2176=CARTESIAN_POINT('',(-7.925E0,0.E0,7.925E0));
#2177=LINE('',#2176,#2175);
#2178=DIRECTION('',(0.E0,1.E0,0.E0));
#2179=VECTOR('',#2178,1.7E-1);
#2180=CARTESIAN_POINT('',(-7.925E0,0.E0,-7.925E0));
#2181=LINE('',#2180,#2179);
#2182=DIRECTION('',(-1.E0,0.E0,0.E0));
#2183=VECTOR('',#2182,1.585E1);
#2184=CARTESIAN_POINT('',(7.925E0,1.7E-1,-7.925E0));
#2185=LINE('',#2184,#2183);
#2186=DIRECTION('',(0.E0,0.E0,-1.E0));
#2187=VECTOR('',#2186,1.585E1);
#2188=CARTESIAN_POINT('',(7.925E0,1.7E-1,7.925E0));
#2189=LINE('',#2188,#2187);
#2190=DIRECTION('',(1.E0,0.E0,0.E0));
#2191=VECTOR('',#2190,1.585E1);
#2192=CARTESIAN_POINT('',(-7.925E0,1.7E-1,7.925E0));
#2193=LINE('',#2192,#2191);
#2194=DIRECTION('',(0.E0,0.E0,1.E0));
#2195=VECTOR('',#2194,1.585E1);
#2196=CARTESIAN_POINT('',(-7.925E0,1.7E-1,-7.925E0));
#2197=LINE('',#2196,#2195);
#2198=CARTESIAN_POINT('',(3.286988412533E0,1.7E-1,-5.496839464674E0));
#2199=DIRECTION('',(0.E0,1.E0,0.E0));
#2200=DIRECTION('',(1.E0,0.E0,0.E0));
#2201=AXIS2_PLACEMENT_3D('',#2198,#2199,#2200);
#2203=CARTESIAN_POINT('',(3.286988412533E0,1.7E-1,-5.496839464674E0));
#2204=DIRECTION('',(0.E0,1.E0,0.E0));
#2205=DIRECTION('',(-1.E0,0.E0,0.E0));
#2206=AXIS2_PLACEMENT_3D('',#2203,#2204,#2205);
#2208=CARTESIAN_POINT('',(0.E0,1.7E-1,0.E0));
#2209=DIRECTION('',(0.E0,1.E0,0.E0));
#2210=DIRECTION('',(1.E0,0.E0,0.E0));
#2211=AXIS2_PLACEMENT_3D('',#2208,#2209,#2210);
#2213=CARTESIAN_POINT('',(0.E0,1.7E-1,0.E0));
#2214=DIRECTION('',(0.E0,1.E0,0.E0));
#2215=DIRECTION('',(-1.E0,0.E0,0.E0));
#2216=AXIS2_PLACEMENT_3D('',#2213,#2214,#2215);
#2218=CARTESIAN_POINT('',(0.E0,1.7E-1,0.E0));
#2219=DIRECTION('',(0.E0,1.E0,0.E0));
#2220=DIRECTION('',(9.992076264693E-1,0.E0,-3.980099503349E-2));
#2221=AXIS2_PLACEMENT_3D('',#2218,#2219,#2220);
#2223=CARTESIAN_POINT('',(4.248842458949E-1,1.7E-1,-4.856449153197E0));
#2224=DIRECTION('',(0.E0,1.E0,0.E0));
#2225=DIRECTION('',(8.715574274767E-2,0.E0,-9.961946980917E-1));
#2226=AXIS2_PLACEMENT_3D('',#2223,#2224,#2225);
#2228=CARTESIAN_POINT('',(0.E0,1.7E-1,0.E0));
#2229=DIRECTION('',(0.E0,1.E0,0.E0));
#2230=DIRECTION('',(9.991037667990E-1,0.E0,-4.232804233720E-2));
#2231=AXIS2_PLACEMENT_3D('',#2228,#2229,#2230);
#2233=DIRECTION('',(-1.E0,0.E0,0.E0));
#2234=VECTOR('',#2233,1.005050633881E-2);
#2235=CARTESIAN_POINT('',(6.2E0,1.7E-1,4.102724368804E0));
#2236=LINE('',#2235,#2234);
#2237=CARTESIAN_POINT('',(6.189949493661E0,1.7E-1,4.602724368804E0));
#2238=DIRECTION('',(0.E0,1.E0,0.E0));
#2239=DIRECTION('',(0.E0,0.E0,-1.E0));
#2240=AXIS2_PLACEMENT_3D('',#2237,#2238,#2239);
#2242=DIRECTION('',(-7.071067811865E-1,0.E0,7.071067811865E-1));
#2243=VECTOR('',#2242,2.244675298173E0);
#2244=CARTESIAN_POINT('',(5.836396103068E0,1.7E-1,4.249170978211E0));
#2245=LINE('',#2244,#2243);
#2246=CARTESIAN_POINT('',(4.602724368761E0,1.7E-1,6.189949493704E0));
#2247=DIRECTION('',(0.E0,1.E0,0.E0));
#2248=DIRECTION('',(-7.071067811866E-1,0.E0,-7.071067811865E-1));
#2249=AXIS2_PLACEMENT_3D('',#2246,#2247,#2248);
#2251=DIRECTION('',(0.E0,0.E0,1.E0));
#2252=VECTOR('',#2251,1.005050633881E-2);
#2253=CARTESIAN_POINT('',(4.102724368761E0,1.7E-1,6.189949493704E0));
#2254=LINE('',#2253,#2252);
#2255=CARTESIAN_POINT('',(4.602724368761E0,1.7E-1,6.200000000043E0));
#2256=DIRECTION('',(0.E0,1.E0,0.E0));
#2257=DIRECTION('',(-1.E0,0.E0,0.E0));
#2258=AXIS2_PLACEMENT_3D('',#2255,#2256,#2257);
#2260=DIRECTION('',(1.E0,0.E0,0.E0));
#2261=VECTOR('',#2260,1.404432918764E0);
#2262=CARTESIAN_POINT('',(4.602724368761E0,1.7E-1,6.700000000043E0));
#2263=LINE('',#2262,#2261);
#2264=DIRECTION('',(7.071067811865E-1,0.E0,-7.071067811865E-1));
#2265=VECTOR('',#2264,9.798275605734E-1);
#2266=CARTESIAN_POINT('',(6.007157287525E0,1.7E-1,6.700000000043E0));
#2267=LINE('',#2266,#2265);
#2268=DIRECTION('',(0.E0,0.E0,-1.E0));
#2269=VECTOR('',#2268,1.404432918764E0);
#2270=CARTESIAN_POINT('',(6.7E0,1.7E-1,6.007157287568E0));
#2271=LINE('',#2270,#2269);
#2272=CARTESIAN_POINT('',(6.2E0,1.7E-1,4.602724368804E0));
#2273=DIRECTION('',(0.E0,1.E0,0.E0));
#2274=DIRECTION('',(1.E0,0.E0,0.E0));
#2275=AXIS2_PLACEMENT_3D('',#2272,#2273,#2274);
#2277=DIRECTION('',(1.E0,0.E0,0.E0));
#2278=VECTOR('',#2277,1.005050633881E-2);
#2279=CARTESIAN_POINT('',(-6.2E0,1.7E-1,-4.102724368805E0));
#2280=LINE('',#2279,#2278);
#2281=CARTESIAN_POINT('',(-6.189949493661E0,1.7E-1,-4.602724368805E0));
#2282=DIRECTION('',(0.E0,1.E0,0.E0));
#2283=DIRECTION('',(0.E0,0.E0,1.E0));
#2284=AXIS2_PLACEMENT_3D('',#2281,#2282,#2283);
#2286=DIRECTION('',(7.071067811865E-1,0.E0,-7.071067811865E-1));
#2287=VECTOR('',#2286,2.244675298173E0);
#2288=CARTESIAN_POINT('',(-5.836396103068E0,1.7E-1,-4.249170978212E0));
#2289=LINE('',#2288,#2287);
#2290=CARTESIAN_POINT('',(-4.602724368761E0,1.7E-1,-6.189949493705E0));
#2291=DIRECTION('',(0.E0,1.E0,0.E0));
#2292=DIRECTION('',(7.071067811865E-1,0.E0,7.071067811865E-1));
#2293=AXIS2_PLACEMENT_3D('',#2290,#2291,#2292);
#2295=DIRECTION('',(0.E0,0.E0,-1.E0));
#2296=VECTOR('',#2295,1.005050633882E-2);
#2297=CARTESIAN_POINT('',(-4.102724368761E0,1.7E-1,-6.189949493705E0));
#2298=LINE('',#2297,#2296);
#2299=CARTESIAN_POINT('',(-4.602724368761E0,1.7E-1,-6.200000000044E0));
#2300=DIRECTION('',(0.E0,1.E0,0.E0));
#2301=DIRECTION('',(1.E0,0.E0,-1.598721155460E-14));
#2302=AXIS2_PLACEMENT_3D('',#2299,#2300,#2301);
#2304=DIRECTION('',(-1.E0,0.E0,0.E0));
#2305=VECTOR('',#2304,1.404432918764E0);
#2306=CARTESIAN_POINT('',(-4.602724368761E0,1.7E-1,-6.700000000044E0));
#2307=LINE('',#2306,#2305);
#2308=DIRECTION('',(-7.071067811865E-1,0.E0,7.071067811865E-1));
#2309=VECTOR('',#2308,9.798275605734E-1);
#2310=CARTESIAN_POINT('',(-6.007157287525E0,1.7E-1,-6.700000000044E0));
#2311=LINE('',#2310,#2309);
#2312=DIRECTION('',(0.E0,0.E0,1.E0));
#2313=VECTOR('',#2312,1.404432918764E0);
#2314=CARTESIAN_POINT('',(-6.7E0,1.7E-1,-6.007157287569E0));
#2315=LINE('',#2314,#2313);
#2316=CARTESIAN_POINT('',(-6.2E0,1.7E-1,-4.602724368805E0));
#2317=DIRECTION('',(0.E0,1.E0,0.E0));
#2318=DIRECTION('',(-1.E0,0.E0,0.E0));
#2319=AXIS2_PLACEMENT_3D('',#2316,#2317,#2318);
#2321=CARTESIAN_POINT('',(0.E0,1.7E-1,0.E0));
#2322=DIRECTION('',(0.E0,1.E0,0.E0));
#2323=DIRECTION('',(8.715574274767E-2,0.E0,9.961946980917E-1));
#2324=AXIS2_PLACEMENT_3D('',#2321,#2322,#2323);
#2326=CARTESIAN_POINT('',(0.E0,1.7E-1,0.E0));
#2327=DIRECTION('',(0.E0,1.E0,0.E0));
#2328=DIRECTION('',(8.715574274767E-2,0.E0,9.961946980917E-1));
#2329=AXIS2_PLACEMENT_3D('',#2326,#2327,#2328);
#2331=CARTESIAN_POINT('',(4.248842458949E-1,1.7E-1,4.856449153197E0));
#2332=DIRECTION('',(0.E0,1.E0,0.E0));
#2333=DIRECTION('',(-8.715574274779E-2,0.E0,-9.961946980917E-1));
#2334=AXIS2_PLACEMENT_3D('',#2331,#2332,#2333);
#2336=CARTESIAN_POINT('',(0.E0,1.7E-1,0.E0));
#2337=DIRECTION('',(0.E0,1.E0,0.E0));
#2338=DIRECTION('',(-8.715574274767E-2,0.E0,-9.961946980917E-1));
#2339=AXIS2_PLACEMENT_3D('',#2336,#2337,#2338);
#2341=CARTESIAN_POINT('',(0.E0,1.7E-1,0.E0));
#2342=DIRECTION('',(0.E0,1.E0,0.E0));
#2343=DIRECTION('',(-8.715574274767E-2,0.E0,-9.961946980917E-1));
#2344=AXIS2_PLACEMENT_3D('',#2341,#2342,#2343);
#2346=CARTESIAN_POINT('',(-4.248842458949E-1,1.7E-1,-4.856449153197E0));
#2347=DIRECTION('',(0.E0,1.E0,0.E0));
#2348=DIRECTION('',(8.715574274774E-2,0.E0,9.961946980917E-1));
#2349=AXIS2_PLACEMENT_3D('',#2346,#2347,#2348);
#2351=CARTESIAN_POINT('',(0.E0,1.7E-1,0.E0));
#2352=DIRECTION('',(0.E0,1.E0,0.E0));
#2353=DIRECTION('',(-9.992076264693E-1,0.E0,3.980099503338E-2));
#2354=AXIS2_PLACEMENT_3D('',#2351,#2352,#2353);
#2356=CARTESIAN_POINT('',(-4.248842458949E-1,1.7E-1,4.856449153197E0));
#2357=DIRECTION('',(0.E0,1.E0,0.E0));
#2358=DIRECTION('',(-8.715574274771E-2,0.E0,9.961946980917E-1));
#2359=AXIS2_PLACEMENT_3D('',#2356,#2357,#2358);
#2361=CARTESIAN_POINT('',(0.E0,1.7E-1,0.E0));
#2362=DIRECTION('',(0.E0,1.E0,0.E0));
#2363=DIRECTION('',(-9.991037667990E-1,0.E0,4.232804233708E-2));
#2364=AXIS2_PLACEMENT_3D('',#2361,#2362,#2363);
#2366=DIRECTION('',(0.E0,-1.E0,0.E0));
#2367=VECTOR('',#2366,1.7E-1);
#2368=CARTESIAN_POINT('',(3.936988412533E0,1.7E-1,-5.496839464674E0));
#2369=LINE('',#2368,#2367);
#2370=DIRECTION('',(0.E0,-1.E0,0.E0));
#2371=VECTOR('',#2370,1.7E-1);
#2372=CARTESIAN_POINT('',(2.636988412533E0,1.7E-1,-5.496839464674E0));
#2373=LINE('',#2372,#2371);
#2374=DIRECTION('',(0.E0,-1.E0,0.E0));
#2375=VECTOR('',#2374,1.7E-1);
#2376=CARTESIAN_POINT('',(4.525E0,1.7E-1,0.E0));
#2377=LINE('',#2376,#2375);
#2378=DIRECTION('',(0.E0,-1.E0,0.E0));
#2379=VECTOR('',#2378,1.7E-1);
#2380=CARTESIAN_POINT('',(-4.525E0,1.7E-1,0.E0));
#2381=LINE('',#2380,#2379);
#2382=DIRECTION('',(0.E0,-1.E0,0.E0));
#2383=VECTOR('',#2382,1.7E-1);
#2384=CARTESIAN_POINT('',(5.021018323008E0,1.7E-1,-2.000000000433E-1));
#2385=LINE('',#2384,#2383);
#2386=DIRECTION('',(0.E0,-1.E0,0.E0));
#2387=VECTOR('',#2386,1.7E-1);
#2388=CARTESIAN_POINT('',(4.379576073070E-1,1.7E-1,-5.005878357911E0));
#2389=LINE('',#2388,#2387);
#2390=DIRECTION('',(0.E0,-1.E0,0.E0));
#2391=VECTOR('',#2390,1.7E-1);
#2392=CARTESIAN_POINT('',(4.118108844827E-1,1.7E-1,-4.707019948483E0));
#2393=LINE('',#2392,#2391);
#2394=DIRECTION('',(1.E0,0.E0,0.E0));
#2395=VECTOR('',#2394,3.002530248828E-1);
#2396=CARTESIAN_POINT('',(4.720765298125E0,0.E0,-2.000000000433E-1));
#2397=LINE('',#2396,#2395);
#2398=DIRECTION('',(-1.E0,0.E0,0.E0));
#2399=VECTOR('',#2398,3.002530248828E-1);
#2400=CARTESIAN_POINT('',(5.021018323008E0,1.7E-1,-2.000000000433E-1));
#2401=LINE('',#2400,#2399);
#2402=DIRECTION('',(0.E0,-1.E0,0.E0));
#2403=VECTOR('',#2402,1.7E-1);
#2404=CARTESIAN_POINT('',(4.720765298125E0,1.7E-1,-2.000000000433E-1));
#2405=LINE('',#2404,#2403);
#2406=DIRECTION('',(0.E0,-1.E0,0.E0));
#2407=VECTOR('',#2406,1.7E-1);
#2408=CARTESIAN_POINT('',(6.2E0,1.7E-1,4.102724368804E0));
#2409=LINE('',#2408,#2407);
#2410=DIRECTION('',(0.E0,-1.E0,0.E0));
#2411=VECTOR('',#2410,1.7E-1);
#2412=CARTESIAN_POINT('',(6.189949493661E0,1.7E-1,4.102724368804E0));
#2413=LINE('',#2412,#2411);
#2414=DIRECTION('',(0.E0,-1.E0,1.044915787883E-14));
#2415=VECTOR('',#2414,1.7E-1);
#2416=CARTESIAN_POINT('',(5.836396103068E0,1.7E-1,4.249170978211E0));
#2417=LINE('',#2416,#2415);
#2418=DIRECTION('',(0.E0,-1.E0,0.E0));
#2419=VECTOR('',#2418,1.7E-1);
#2420=CARTESIAN_POINT('',(4.249170978168E0,1.7E-1,5.836396103111E0));
#2421=LINE('',#2420,#2419);
#2422=DIRECTION('',(0.E0,-1.E0,0.E0));
#2423=VECTOR('',#2422,1.7E-1);
#2424=CARTESIAN_POINT('',(4.102724368761E0,1.7E-1,6.189949493704E0));
#2425=LINE('',#2424,#2423);
#2426=DIRECTION('',(0.E0,-1.E0,0.E0));
#2427=VECTOR('',#2426,1.7E-1);
#2428=CARTESIAN_POINT('',(4.102724368761E0,1.7E-1,6.200000000043E0));
#2429=LINE('',#2428,#2427);
#2430=DIRECTION('',(0.E0,-1.E0,0.E0));
#2431=VECTOR('',#2430,1.7E-1);
#2432=CARTESIAN_POINT('',(4.602724368761E0,1.7E-1,6.700000000043E0));
#2433=LINE('',#2432,#2431);
#2434=DIRECTION('',(0.E0,-1.E0,0.E0));
#2435=VECTOR('',#2434,1.7E-1);
#2436=CARTESIAN_POINT('',(6.007157287525E0,1.7E-1,6.700000000043E0));
#2437=LINE('',#2436,#2435);
#2438=DIRECTION('',(0.E0,-1.E0,0.E0));
#2439=VECTOR('',#2438,1.7E-1);
#2440=CARTESIAN_POINT('',(6.7E0,1.7E-1,6.007157287568E0));
#2441=LINE('',#2440,#2439);
#2442=DIRECTION('',(0.E0,-1.E0,0.E0));
#2443=VECTOR('',#2442,1.7E-1);
#2444=CARTESIAN_POINT('',(6.7E0,1.7E-1,4.602724368804E0));
#2445=LINE('',#2444,#2443);
#2446=DIRECTION('',(0.E0,-1.E0,0.E0));
#2447=VECTOR('',#2446,1.7E-1);
#2448=CARTESIAN_POINT('',(-6.2E0,1.7E-1,-4.102724368805E0));
#2449=LINE('',#2448,#2447);
#2450=DIRECTION('',(0.E0,-1.E0,0.E0));
#2451=VECTOR('',#2450,1.7E-1);
#2452=CARTESIAN_POINT('',(-6.189949493661E0,1.7E-1,-4.102724368805E0));
#2453=LINE('',#2452,#2451);
#2454=DIRECTION('',(1.044915787883E-14,-1.E0,-2.089831575765E-14));
#2455=VECTOR('',#2454,1.7E-1);
#2456=CARTESIAN_POINT('',(-5.836396103068E0,1.7E-1,-4.249170978212E0));
#2457=LINE('',#2456,#2455);
#2458=DIRECTION('',(0.E0,-1.E0,0.E0));
#2459=VECTOR('',#2458,1.7E-1);
#2460=CARTESIAN_POINT('',(-4.249170978168E0,1.7E-1,-5.836396103112E0));
#2461=LINE('',#2460,#2459);
#2462=DIRECTION('',(0.E0,-1.E0,-1.044915787883E-14));
#2463=VECTOR('',#2462,1.7E-1);
#2464=CARTESIAN_POINT('',(-4.102724368761E0,1.7E-1,-6.189949493705E0));
#2465=LINE('',#2464,#2463);
#2466=DIRECTION('',(0.E0,-1.E0,0.E0));
#2467=VECTOR('',#2466,1.7E-1);
#2468=CARTESIAN_POINT('',(-4.102724368761E0,1.7E-1,-6.200000000044E0));
#2469=LINE('',#2468,#2467);
#2470=DIRECTION('',(0.E0,-1.E0,0.E0));
#2471=VECTOR('',#2470,1.7E-1);
#2472=CARTESIAN_POINT('',(-4.602724368761E0,1.7E-1,-6.700000000044E0));
#2473=LINE('',#2472,#2471);
#2474=DIRECTION('',(0.E0,-1.E0,0.E0));
#2475=VECTOR('',#2474,1.7E-1);
#2476=CARTESIAN_POINT('',(-6.007157287525E0,1.7E-1,-6.700000000044E0));
#2477=LINE('',#2476,#2475);
#2478=DIRECTION('',(0.E0,-1.E0,0.E0));
#2479=VECTOR('',#2478,1.7E-1);
#2480=CARTESIAN_POINT('',(-6.7E0,1.7E-1,-6.007157287569E0));
#2481=LINE('',#2480,#2479);
#2482=DIRECTION('',(0.E0,-1.E0,0.E0));
#2483=VECTOR('',#2482,1.7E-1);
#2484=CARTESIAN_POINT('',(-6.7E0,1.7E-1,-4.602724368805E0));
#2485=LINE('',#2484,#2483);
#2486=DIRECTION('',(1.697988155309E-14,-1.E0,0.E0));
#2487=VECTOR('',#2486,1.7E-1);
#2488=CARTESIAN_POINT('',(4.379576073070E-1,1.7E-1,5.005878357911E0));
#2489=LINE('',#2488,#2487);
#2490=DIRECTION('',(-1.E0,0.E0,0.E0));
#2491=VECTOR('',#2490,3.002530248828E-1);
#2492=CARTESIAN_POINT('',(5.021018323008E0,0.E0,2.000000000427E-1));
#2493=LINE('',#2492,#2491);
#2494=DIRECTION('',(1.E0,0.E0,0.E0));
#2495=VECTOR('',#2494,3.002530248828E-1);
#2496=CARTESIAN_POINT('',(4.720765298125E0,1.7E-1,2.000000000427E-1));
#2497=LINE('',#2496,#2495);
#2498=DIRECTION('',(0.E0,-1.E0,0.E0));
#2499=VECTOR('',#2498,1.7E-1);
#2500=CARTESIAN_POINT('',(5.021018323008E0,1.7E-1,2.000000000427E-1));
#2501=LINE('',#2500,#2499);
#2502=DIRECTION('',(0.E0,-1.E0,0.E0));
#2503=VECTOR('',#2502,1.7E-1);
#2504=CARTESIAN_POINT('',(4.720765298125E0,1.7E-1,2.000000000427E-1));
#2505=LINE('',#2504,#2503);
#2506=DIRECTION('',(1.567373681824E-14,-1.E0,0.E0));
#2507=VECTOR('',#2506,1.7E-1);
#2508=CARTESIAN_POINT('',(4.118108844827E-1,1.7E-1,4.707019948483E0));
#2509=LINE('',#2508,#2507);
#2510=DIRECTION('',(0.E0,-1.E0,0.E0));
#2511=VECTOR('',#2510,1.7E-1);
#2512=CARTESIAN_POINT('',(-4.379576073070E-1,1.7E-1,-5.005878357911E0));
#2513=LINE('',#2512,#2511);
#2514=DIRECTION('',(1.E0,0.E0,0.E0));
#2515=VECTOR('',#2514,3.002530248828E-1);
#2516=CARTESIAN_POINT('',(-5.021018323008E0,0.E0,-2.000000000433E-1));
#2517=LINE('',#2516,#2515);
#2518=DIRECTION('',(-1.E0,0.E0,0.E0));
#2519=VECTOR('',#2518,3.002530248828E-1);
#2520=CARTESIAN_POINT('',(-4.720765298125E0,1.7E-1,-2.000000000433E-1));
#2521=LINE('',#2520,#2519);
#2522=DIRECTION('',(0.E0,-1.E0,0.E0));
#2523=VECTOR('',#2522,1.7E-1);
#2524=CARTESIAN_POINT('',(-5.021018323008E0,1.7E-1,-2.000000000433E-1));
#2525=LINE('',#2524,#2523);
#2526=DIRECTION('',(0.E0,-1.E0,0.E0));
#2527=VECTOR('',#2526,1.7E-1);
#2528=CARTESIAN_POINT('',(-4.720765298125E0,1.7E-1,-2.000000000433E-1));
#2529=LINE('',#2528,#2527);
#2530=DIRECTION('',(0.E0,-1.E0,0.E0));
#2531=VECTOR('',#2530,1.7E-1);
#2532=CARTESIAN_POINT('',(-4.118108844827E-1,1.7E-1,-4.707019948483E0));
#2533=LINE('',#2532,#2531);
#2534=DIRECTION('',(0.E0,-1.E0,0.E0));
#2535=VECTOR('',#2534,1.7E-1);
#2536=CARTESIAN_POINT('',(-5.021018323008E0,1.7E-1,2.000000000427E-1));
#2537=LINE('',#2536,#2535);
#2538=DIRECTION('',(1.632680918566E-14,-1.E0,0.E0));
#2539=VECTOR('',#2538,1.7E-1);
#2540=CARTESIAN_POINT('',(-4.379576073070E-1,1.7E-1,5.005878357911E0));
#2541=LINE('',#2540,#2539);
#2542=DIRECTION('',(1.338798353224E-14,-1.E0,0.E0));
#2543=VECTOR('',#2542,1.7E-1);
#2544=CARTESIAN_POINT('',(-4.118108844827E-1,1.7E-1,4.707019948483E0));
#2545=LINE('',#2544,#2543);
#2546=DIRECTION('',(-1.E0,0.E0,0.E0));
#2547=VECTOR('',#2546,3.002530248828E-1);
#2548=CARTESIAN_POINT('',(-4.720765298125E0,0.E0,2.000000000427E-1));
#2549=LINE('',#2548,#2547);
#2550=DIRECTION('',(1.E0,0.E0,0.E0));
#2551=VECTOR('',#2550,3.002530248828E-1);
#2552=CARTESIAN_POINT('',(-5.021018323008E0,1.7E-1,2.000000000427E-1));
#2553=LINE('',#2552,#2551);
#2554=DIRECTION('',(0.E0,-1.E0,0.E0));
#2555=VECTOR('',#2554,1.7E-1);
#2556=CARTESIAN_POINT('',(-4.720765298125E0,1.7E-1,2.000000000427E-1));
#2557=LINE('',#2556,#2555);
#2558=CARTESIAN_POINT('',(7.925E0,0.E0,-7.925E0));
#2559=CARTESIAN_POINT('',(-7.925E0,0.E0,-7.925E0));
#2560=VERTEX_POINT('',#2558);
#2561=VERTEX_POINT('',#2559);
#2562=CARTESIAN_POINT('',(-7.925E0,0.E0,7.925E0));
#2563=VERTEX_POINT('',#2562);
#2564=CARTESIAN_POINT('',(7.925E0,0.E0,7.925E0));
#2565=VERTEX_POINT('',#2564);
#2566=CARTESIAN_POINT('',(7.925E0,1.7E-1,-7.925E0));
#2567=CARTESIAN_POINT('',(-7.925E0,1.7E-1,-7.925E0));
#2568=VERTEX_POINT('',#2566);
#2569=VERTEX_POINT('',#2567);
#2570=CARTESIAN_POINT('',(-7.925E0,1.7E-1,7.925E0));
#2571=VERTEX_POINT('',#2570);
#2572=CARTESIAN_POINT('',(7.925E0,1.7E-1,7.925E0));
#2573=VERTEX_POINT('',#2572);
#2574=CARTESIAN_POINT('',(3.936988412533E0,0.E0,-5.496839464674E0));
#2575=CARTESIAN_POINT('',(2.636988412533E0,0.E0,-5.496839464674E0));
#2576=VERTEX_POINT('',#2574);
#2577=VERTEX_POINT('',#2575);
#2578=CARTESIAN_POINT('',(4.525E0,0.E0,0.E0));
#2579=CARTESIAN_POINT('',(-4.525E0,0.E0,0.E0));
#2580=VERTEX_POINT('',#2578);
#2581=VERTEX_POINT('',#2579);
#2582=CARTESIAN_POINT('',(5.021018323008E0,0.E0,-2.000000000433E-1));
#2583=CARTESIAN_POINT('',(4.379576073070E-1,0.E0,-5.005878357911E0));
#2584=VERTEX_POINT('',#2582);
#2585=VERTEX_POINT('',#2583);
#2586=CARTESIAN_POINT('',(4.118108844827E-1,0.E0,-4.707019948483E0));
#2587=VERTEX_POINT('',#2586);
#2588=CARTESIAN_POINT('',(4.720765298125E0,0.E0,-2.000000000433E-1));
#2589=VERTEX_POINT('',#2588);
#2590=CARTESIAN_POINT('',(6.2E0,0.E0,4.102724368804E0));
#2591=CARTESIAN_POINT('',(6.189949493661E0,0.E0,4.102724368804E0));
#2592=VERTEX_POINT('',#2590);
#2593=VERTEX_POINT('',#2591);
#2594=CARTESIAN_POINT('',(5.836396103068E0,0.E0,4.249170978211E0));
#2595=VERTEX_POINT('',#2594);
#2596=CARTESIAN_POINT('',(4.249170978168E0,0.E0,5.836396103111E0));
#2597=VERTEX_POINT('',#2596);
#2598=CARTESIAN_POINT('',(4.102724368761E0,0.E0,6.189949493704E0));
#2599=VERTEX_POINT('',#2598);
#2600=CARTESIAN_POINT('',(4.102724368761E0,0.E0,6.200000000043E0));
#2601=VERTEX_POINT('',#2600);
#2602=CARTESIAN_POINT('',(4.602724368761E0,0.E0,6.700000000043E0));
#2603=VERTEX_POINT('',#2602);
#2604=CARTESIAN_POINT('',(6.007157287525E0,0.E0,6.700000000043E0));
#2605=VERTEX_POINT('',#2604);
#2606=CARTESIAN_POINT('',(6.7E0,0.E0,6.007157287568E0));
#2607=VERTEX_POINT('',#2606);
#2608=CARTESIAN_POINT('',(6.7E0,0.E0,4.602724368804E0));
#2609=VERTEX_POINT('',#2608);
#2610=CARTESIAN_POINT('',(-6.2E0,0.E0,-4.102724368805E0));
#2611=CARTESIAN_POINT('',(-6.189949493661E0,0.E0,-4.102724368805E0));
#2612=VERTEX_POINT('',#2610);
#2613=VERTEX_POINT('',#2611);
#2614=CARTESIAN_POINT('',(-5.836396103068E0,0.E0,-4.249170978212E0));
#2615=VERTEX_POINT('',#2614);
#2616=CARTESIAN_POINT('',(-4.249170978168E0,0.E0,-5.836396103112E0));
#2617=VERTEX_POINT('',#2616);
#2618=CARTESIAN_POINT('',(-4.102724368761E0,0.E0,-6.189949493705E0));
#2619=VERTEX_POINT('',#2618);
#2620=CARTESIAN_POINT('',(-4.102724368761E0,0.E0,-6.200000000044E0));
#2621=VERTEX_POINT('',#2620);
#2622=CARTESIAN_POINT('',(-4.602724368761E0,0.E0,-6.700000000044E0));
#2623=VERTEX_POINT('',#2622);
#2624=CARTESIAN_POINT('',(-6.007157287525E0,0.E0,-6.700000000044E0));
#2625=VERTEX_POINT('',#2624);
#2626=CARTESIAN_POINT('',(-6.7E0,0.E0,-6.007157287569E0));
#2627=VERTEX_POINT('',#2626);
#2628=CARTESIAN_POINT('',(-6.7E0,0.E0,-4.602724368805E0));
#2629=VERTEX_POINT('',#2628);
#2630=CARTESIAN_POINT('',(4.379576073070E-1,0.E0,5.005878357911E0));
#2631=CARTESIAN_POINT('',(5.021018323008E0,0.E0,2.000000000427E-1));
#2632=VERTEX_POINT('',#2630);
#2633=VERTEX_POINT('',#2631);
#2634=CARTESIAN_POINT('',(4.118108844827E-1,0.E0,4.707019948483E0));
#2635=CARTESIAN_POINT('',(4.720765298125E0,0.E0,2.000000000427E-1));
#2636=VERTEX_POINT('',#2634);
#2637=VERTEX_POINT('',#2635);
#2638=CARTESIAN_POINT('',(-4.379576073070E-1,0.E0,-5.005878357911E0));
#2639=CARTESIAN_POINT('',(-5.021018323008E0,0.E0,-2.000000000433E-1));
#2640=VERTEX_POINT('',#2638);
#2641=VERTEX_POINT('',#2639);
#2642=CARTESIAN_POINT('',(-4.118108844827E-1,0.E0,-4.707019948483E0));
#2643=CARTESIAN_POINT('',(-4.720765298125E0,0.E0,-2.000000000433E-1));
#2644=VERTEX_POINT('',#2642);
#2645=VERTEX_POINT('',#2643);
#2646=CARTESIAN_POINT('',(-5.021018323008E0,0.E0,2.000000000427E-1));
#2647=CARTESIAN_POINT('',(-4.379576073070E-1,0.E0,5.005878357911E0));
#2648=VERTEX_POINT('',#2646);
#2649=VERTEX_POINT('',#2647);
#2650=CARTESIAN_POINT('',(-4.118108844827E-1,0.E0,4.707019948483E0));
#2651=VERTEX_POINT('',#2650);
#2652=CARTESIAN_POINT('',(-4.720765298125E0,0.E0,2.000000000427E-1));
#2653=VERTEX_POINT('',#2652);
#2654=CARTESIAN_POINT('',(3.936988412533E0,1.7E-1,-5.496839464674E0));
#2655=CARTESIAN_POINT('',(2.636988412533E0,1.7E-1,-5.496839464674E0));
#2656=VERTEX_POINT('',#2654);
#2657=VERTEX_POINT('',#2655);
#2658=CARTESIAN_POINT('',(4.525E0,1.7E-1,0.E0));
#2659=CARTESIAN_POINT('',(-4.525E0,1.7E-1,0.E0));
#2660=VERTEX_POINT('',#2658);
#2661=VERTEX_POINT('',#2659);
#2662=CARTESIAN_POINT('',(5.021018323008E0,1.7E-1,-2.000000000433E-1));
#2663=CARTESIAN_POINT('',(4.379576073070E-1,1.7E-1,-5.005878357911E0));
#2664=VERTEX_POINT('',#2662);
#2665=VERTEX_POINT('',#2663);
#2666=CARTESIAN_POINT('',(4.118108844827E-1,1.7E-1,-4.707019948483E0));
#2667=VERTEX_POINT('',#2666);
#2668=CARTESIAN_POINT('',(4.720765298125E0,1.7E-1,-2.000000000433E-1));
#2669=VERTEX_POINT('',#2668);
#2670=CARTESIAN_POINT('',(6.2E0,1.7E-1,4.102724368804E0));
#2671=CARTESIAN_POINT('',(6.189949493661E0,1.7E-1,4.102724368804E0));
#2672=VERTEX_POINT('',#2670);
#2673=VERTEX_POINT('',#2671);
#2674=CARTESIAN_POINT('',(5.836396103068E0,1.7E-1,4.249170978211E0));
#2675=VERTEX_POINT('',#2674);
#2676=CARTESIAN_POINT('',(4.249170978168E0,1.7E-1,5.836396103111E0));
#2677=VERTEX_POINT('',#2676);
#2678=CARTESIAN_POINT('',(4.102724368761E0,1.7E-1,6.189949493704E0));
#2679=VERTEX_POINT('',#2678);
#2680=CARTESIAN_POINT('',(4.102724368761E0,1.7E-1,6.200000000043E0));
#2681=VERTEX_POINT('',#2680);
#2682=CARTESIAN_POINT('',(4.602724368761E0,1.7E-1,6.700000000043E0));
#2683=VERTEX_POINT('',#2682);
#2684=CARTESIAN_POINT('',(6.007157287525E0,1.7E-1,6.700000000043E0));
#2685=VERTEX_POINT('',#2684);
#2686=CARTESIAN_POINT('',(6.7E0,1.7E-1,6.007157287568E0));
#2687=VERTEX_POINT('',#2686);
#2688=CARTESIAN_POINT('',(6.7E0,1.7E-1,4.602724368804E0));
#2689=VERTEX_POINT('',#2688);
#2690=CARTESIAN_POINT('',(-6.2E0,1.7E-1,-4.102724368805E0));
#2691=CARTESIAN_POINT('',(-6.189949493661E0,1.7E-1,-4.102724368805E0));
#2692=VERTEX_POINT('',#2690);
#2693=VERTEX_POINT('',#2691);
#2694=CARTESIAN_POINT('',(-5.836396103068E0,1.7E-1,-4.249170978212E0));
#2695=VERTEX_POINT('',#2694);
#2696=CARTESIAN_POINT('',(-4.249170978168E0,1.7E-1,-5.836396103112E0));
#2697=VERTEX_POINT('',#2696);
#2698=CARTESIAN_POINT('',(-4.102724368761E0,1.7E-1,-6.189949493705E0));
#2699=VERTEX_POINT('',#2698);
#2700=CARTESIAN_POINT('',(-4.102724368761E0,1.7E-1,-6.200000000044E0));
#2701=VERTEX_POINT('',#2700);
#2702=CARTESIAN_POINT('',(-4.602724368761E0,1.7E-1,-6.700000000044E0));
#2703=VERTEX_POINT('',#2702);
#2704=CARTESIAN_POINT('',(-6.007157287525E0,1.7E-1,-6.700000000044E0));
#2705=VERTEX_POINT('',#2704);
#2706=CARTESIAN_POINT('',(-6.7E0,1.7E-1,-6.007157287569E0));
#2707=VERTEX_POINT('',#2706);
#2708=CARTESIAN_POINT('',(-6.7E0,1.7E-1,-4.602724368805E0));
#2709=VERTEX_POINT('',#2708);
#2710=CARTESIAN_POINT('',(4.379576073070E-1,1.7E-1,5.005878357911E0));
#2711=CARTESIAN_POINT('',(5.021018323008E0,1.7E-1,2.000000000427E-1));
#2712=VERTEX_POINT('',#2710);
#2713=VERTEX_POINT('',#2711);
#2714=CARTESIAN_POINT('',(4.118108844827E-1,1.7E-1,4.707019948483E0));
#2715=CARTESIAN_POINT('',(4.720765298125E0,1.7E-1,2.000000000427E-1));
#2716=VERTEX_POINT('',#2714);
#2717=VERTEX_POINT('',#2715);
#2718=CARTESIAN_POINT('',(-4.379576073070E-1,1.7E-1,-5.005878357911E0));
#2719=CARTESIAN_POINT('',(-5.021018323008E0,1.7E-1,-2.000000000433E-1));
#2720=VERTEX_POINT('',#2718);
#2721=VERTEX_POINT('',#2719);
#2722=CARTESIAN_POINT('',(-4.118108844827E-1,1.7E-1,-4.707019948483E0));
#2723=CARTESIAN_POINT('',(-4.720765298125E0,1.7E-1,-2.000000000433E-1));
#2724=VERTEX_POINT('',#2722);
#2725=VERTEX_POINT('',#2723);
#2726=CARTESIAN_POINT('',(-5.021018323008E0,1.7E-1,2.000000000427E-1));
#2727=CARTESIAN_POINT('',(-4.379576073070E-1,1.7E-1,5.005878357911E0));
#2728=VERTEX_POINT('',#2726);
#2729=VERTEX_POINT('',#2727);
#2730=CARTESIAN_POINT('',(-4.118108844827E-1,1.7E-1,4.707019948483E0));
#2731=VERTEX_POINT('',#2730);
#2732=CARTESIAN_POINT('',(-4.720765298125E0,1.7E-1,2.000000000427E-1));
#2733=VERTEX_POINT('',#2732);
#2734=CARTESIAN_POINT('',(0.E0,0.E0,0.E0));
#2735=DIRECTION('',(0.E0,1.E0,0.E0));
#2736=DIRECTION('',(1.E0,0.E0,0.E0));
#2737=AXIS2_PLACEMENT_3D('',#2734,#2735,#2736);
#2738=PLANE('',#2737);
#2740=ORIENTED_EDGE('',*,*,#2739,.T.);
#2742=ORIENTED_EDGE('',*,*,#2741,.T.);
#2744=ORIENTED_EDGE('',*,*,#2743,.T.);
#2746=ORIENTED_EDGE('',*,*,#2745,.T.);
#2747=EDGE_LOOP('',(#2740,#2742,#2744,#2746));
#2748=FACE_OUTER_BOUND('',#2747,.F.);
#2750=ORIENTED_EDGE('',*,*,#2749,.F.);
#2752=ORIENTED_EDGE('',*,*,#2751,.F.);
#2753=EDGE_LOOP('',(#2750,#2752));
#2754=FACE_BOUND('',#2753,.F.);
#2756=ORIENTED_EDGE('',*,*,#2755,.F.);
#2758=ORIENTED_EDGE('',*,*,#2757,.F.);
#2759=EDGE_LOOP('',(#2756,#2758));
#2760=FACE_BOUND('',#2759,.F.);
#2762=ORIENTED_EDGE('',*,*,#2761,.F.);
#2764=ORIENTED_EDGE('',*,*,#2763,.F.);
#2766=ORIENTED_EDGE('',*,*,#2765,.T.);
#2768=ORIENTED_EDGE('',*,*,#2767,.F.);
#2769=EDGE_LOOP('',(#2762,#2764,#2766,#2768));
#2770=FACE_BOUND('',#2769,.F.);
#2772=ORIENTED_EDGE('',*,*,#2771,.F.);
#2774=ORIENTED_EDGE('',*,*,#2773,.F.);
#2776=ORIENTED_EDGE('',*,*,#2775,.F.);
#2778=ORIENTED_EDGE('',*,*,#2777,.F.);
#2780=ORIENTED_EDGE('',*,*,#2779,.F.);
#2782=ORIENTED_EDGE('',*,*,#2781,.F.);
#2784=ORIENTED_EDGE('',*,*,#2783,.F.);
#2786=ORIENTED_EDGE('',*,*,#2785,.F.);
#2788=ORIENTED_EDGE('',*,*,#2787,.F.);
#2790=ORIENTED_EDGE('',*,*,#2789,.F.);
#2791=EDGE_LOOP('',(#2772,#2774,#2776,#2778,#2780,#2782,#2784,#2786,#2788,
#2790));
#2792=FACE_BOUND('',#2791,.F.);
#2794=ORIENTED_EDGE('',*,*,#2793,.F.);
#2796=ORIENTED_EDGE('',*,*,#2795,.F.);
#2798=ORIENTED_EDGE('',*,*,#2797,.F.);
#2800=ORIENTED_EDGE('',*,*,#2799,.F.);
#2802=ORIENTED_EDGE('',*,*,#2801,.F.);
#2804=ORIENTED_EDGE('',*,*,#2803,.F.);
#2806=ORIENTED_EDGE('',*,*,#2805,.F.);
#2808=ORIENTED_EDGE('',*,*,#2807,.F.);
#2810=ORIENTED_EDGE('',*,*,#2809,.F.);
#2812=ORIENTED_EDGE('',*,*,#2811,.F.);
#2813=EDGE_LOOP('',(#2794,#2796,#2798,#2800,#2802,#2804,#2806,#2808,#2810,
#2812));
#2814=FACE_BOUND('',#2813,.F.);
#2816=ORIENTED_EDGE('',*,*,#2815,.F.);
#2818=ORIENTED_EDGE('',*,*,#2817,.F.);
#2820=ORIENTED_EDGE('',*,*,#2819,.T.);
#2822=ORIENTED_EDGE('',*,*,#2821,.F.);
#2823=EDGE_LOOP('',(#2816,#2818,#2820,#2822));
#2824=FACE_BOUND('',#2823,.F.);
#2826=ORIENTED_EDGE('',*,*,#2825,.F.);
#2828=ORIENTED_EDGE('',*,*,#2827,.F.);
#2830=ORIENTED_EDGE('',*,*,#2829,.T.);
#2832=ORIENTED_EDGE('',*,*,#2831,.F.);
#2833=EDGE_LOOP('',(#2826,#2828,#2830,#2832));
#2834=FACE_BOUND('',#2833,.F.);
#2836=ORIENTED_EDGE('',*,*,#2835,.F.);
#2838=ORIENTED_EDGE('',*,*,#2837,.F.);
#2840=ORIENTED_EDGE('',*,*,#2839,.T.);
#2842=ORIENTED_EDGE('',*,*,#2841,.F.);
#2843=EDGE_LOOP('',(#2836,#2838,#2840,#2842));
#2844=FACE_BOUND('',#2843,.F.);
#2845=ADVANCED_FACE('',(#2748,#2754,#2760,#2770,#2792,#2814,#2824,#2834,#2844),
#2738,.F.);
#2846=CARTESIAN_POINT('',(7.925E0,0.E0,-7.925E0));
#2847=DIRECTION('',(0.E0,0.E0,-1.E0));
#2848=DIRECTION('',(-1.E0,0.E0,0.E0));
#2849=AXIS2_PLACEMENT_3D('',#2846,#2847,#2848);
#2850=PLANE('',#2849);
#2851=ORIENTED_EDGE('',*,*,#2739,.F.);
#2853=ORIENTED_EDGE('',*,*,#2852,.T.);
#2855=ORIENTED_EDGE('',*,*,#2854,.T.);
#2857=ORIENTED_EDGE('',*,*,#2856,.F.);
#2858=EDGE_LOOP('',(#2851,#2853,#2855,#2857));
#2859=FACE_OUTER_BOUND('',#2858,.F.);
#2860=ADVANCED_FACE('',(#2859),#2850,.T.);
#2861=CARTESIAN_POINT('',(7.925E0,0.E0,7.925E0));
#2862=DIRECTION('',(1.E0,0.E0,0.E0));
#2863=DIRECTION('',(0.E0,0.E0,-1.E0));
#2864=AXIS2_PLACEMENT_3D('',#2861,#2862,#2863);
#2865=PLANE('',#2864);
#2866=ORIENTED_EDGE('',*,*,#2745,.F.);
#2868=ORIENTED_EDGE('',*,*,#2867,.T.);
#2870=ORIENTED_EDGE('',*,*,#2869,.T.);
#2871=ORIENTED_EDGE('',*,*,#2852,.F.);
#2872=EDGE_LOOP('',(#2866,#2868,#2870,#2871));
#2873=FACE_OUTER_BOUND('',#2872,.F.);
#2874=ADVANCED_FACE('',(#2873),#2865,.T.);
#2875=CARTESIAN_POINT('',(-7.925E0,0.E0,7.925E0));
#2876=DIRECTION('',(0.E0,0.E0,1.E0));
#2877=DIRECTION('',(1.E0,0.E0,0.E0));
#2878=AXIS2_PLACEMENT_3D('',#2875,#2876,#2877);
#2879=PLANE('',#2878);
#2880=ORIENTED_EDGE('',*,*,#2743,.F.);
#2882=ORIENTED_EDGE('',*,*,#2881,.T.);
#2884=ORIENTED_EDGE('',*,*,#2883,.T.);
#2885=ORIENTED_EDGE('',*,*,#2867,.F.);
#2886=EDGE_LOOP('',(#2880,#2882,#2884,#2885));
#2887=FACE_OUTER_BOUND('',#2886,.F.);
#2888=ADVANCED_FACE('',(#2887),#2879,.T.);
#2889=CARTESIAN_POINT('',(-7.925E0,0.E0,-7.925E0));
#2890=DIRECTION('',(-1.E0,0.E0,0.E0));
#2891=DIRECTION('',(0.E0,0.E0,1.E0));
#2892=AXIS2_PLACEMENT_3D('',#2889,#2890,#2891);
#2893=PLANE('',#2892);
#2894=ORIENTED_EDGE('',*,*,#2741,.F.);
#2895=ORIENTED_EDGE('',*,*,#2856,.T.);
#2897=ORIENTED_EDGE('',*,*,#2896,.T.);
#2898=ORIENTED_EDGE('',*,*,#2881,.F.);
#2899=EDGE_LOOP('',(#2894,#2895,#2897,#2898));
#2900=FACE_OUTER_BOUND('',#2899,.F.);
#2901=ADVANCED_FACE('',(#2900),#2893,.T.);
#2902=CARTESIAN_POINT('',(0.E0,1.7E-1,0.E0));
#2903=DIRECTION('',(0.E0,1.E0,0.E0));
#2904=DIRECTION('',(1.E0,0.E0,0.E0));
#2905=AXIS2_PLACEMENT_3D('',#2902,#2903,#2904);
#2906=PLANE('',#2905);
#2907=ORIENTED_EDGE('',*,*,#2854,.F.);
#2908=ORIENTED_EDGE('',*,*,#2869,.F.);
#2909=ORIENTED_EDGE('',*,*,#2883,.F.);
#2910=ORIENTED_EDGE('',*,*,#2896,.F.);
#2911=EDGE_LOOP('',(#2907,#2908,#2909,#2910));
#2912=FACE_OUTER_BOUND('',#2911,.F.);
#2914=ORIENTED_EDGE('',*,*,#2913,.T.);
#2916=ORIENTED_EDGE('',*,*,#2915,.T.);
#2917=EDGE_LOOP('',(#2914,#2916));
#2918=FACE_BOUND('',#2917,.F.);
#2920=ORIENTED_EDGE('',*,*,#2919,.T.);
#2922=ORIENTED_EDGE('',*,*,#2921,.T.);
#2923=EDGE_LOOP('',(#2920,#2922));
#2924=FACE_BOUND('',#2923,.F.);
#2926=ORIENTED_EDGE('',*,*,#2925,.T.);
#2928=ORIENTED_EDGE('',*,*,#2927,.T.);
#2930=ORIENTED_EDGE('',*,*,#2929,.F.);
#2932=ORIENTED_EDGE('',*,*,#2931,.F.);
#2933=EDGE_LOOP('',(#2926,#2928,#2930,#2932));
#2934=FACE_BOUND('',#2933,.F.);
#2936=ORIENTED_EDGE('',*,*,#2935,.T.);
#2938=ORIENTED_EDGE('',*,*,#2937,.T.);
#2940=ORIENTED_EDGE('',*,*,#2939,.T.);
#2942=ORIENTED_EDGE('',*,*,#2941,.T.);
#2944=ORIENTED_EDGE('',*,*,#2943,.T.);
#2946=ORIENTED_EDGE('',*,*,#2945,.T.);
#2948=ORIENTED_EDGE('',*,*,#2947,.T.);
#2950=ORIENTED_EDGE('',*,*,#2949,.T.);
#2952=ORIENTED_EDGE('',*,*,#2951,.T.);
#2954=ORIENTED_EDGE('',*,*,#2953,.T.);
#2955=EDGE_LOOP('',(#2936,#2938,#2940,#2942,#2944,#2946,#2948,#2950,#2952,
#2954));
#2956=FACE_BOUND('',#2955,.F.);
#2958=ORIENTED_EDGE('',*,*,#2957,.T.);
#2960=ORIENTED_EDGE('',*,*,#2959,.T.);
#2962=ORIENTED_EDGE('',*,*,#2961,.T.);
#2964=ORIENTED_EDGE('',*,*,#2963,.T.);
#2966=ORIENTED_EDGE('',*,*,#2965,.T.);
#2968=ORIENTED_EDGE('',*,*,#2967,.T.);
#2970=ORIENTED_EDGE('',*,*,#2969,.T.);
#2972=ORIENTED_EDGE('',*,*,#2971,.T.);
#2974=ORIENTED_EDGE('',*,*,#2973,.T.);
#2976=ORIENTED_EDGE('',*,*,#2975,.T.);
#2977=EDGE_LOOP('',(#2958,#2960,#2962,#2964,#2966,#2968,#2970,#2972,#2974,
#2976));
#2978=FACE_BOUND('',#2977,.F.);
#2980=ORIENTED_EDGE('',*,*,#2979,.T.);
#2982=ORIENTED_EDGE('',*,*,#2981,.F.);
#2984=ORIENTED_EDGE('',*,*,#2983,.F.);
#2986=ORIENTED_EDGE('',*,*,#2985,.T.);
#2987=EDGE_LOOP('',(#2980,#2982,#2984,#2986));
#2988=FACE_BOUND('',#2987,.F.);
#2990=ORIENTED_EDGE('',*,*,#2989,.T.);
#2992=ORIENTED_EDGE('',*,*,#2991,.F.);
#2994=ORIENTED_EDGE('',*,*,#2993,.F.);
#2996=ORIENTED_EDGE('',*,*,#2995,.T.);
#2997=EDGE_LOOP('',(#2990,#2992,#2994,#2996));
#2998=FACE_BOUND('',#2997,.F.);
#3000=ORIENTED_EDGE('',*,*,#2999,.T.);
#3002=ORIENTED_EDGE('',*,*,#3001,.T.);
#3004=ORIENTED_EDGE('',*,*,#3003,.F.);
#3006=ORIENTED_EDGE('',*,*,#3005,.F.);
#3007=EDGE_LOOP('',(#3000,#3002,#3004,#3006));
#3008=FACE_BOUND('',#3007,.F.);
#3009=ADVANCED_FACE('',(#2912,#2918,#2924,#2934,#2956,#2978,#2988,#2998,#3008),
#2906,.T.);
#3010=CARTESIAN_POINT('',(3.286988412533E0,1.7E-1,-5.496839464674E0));
#3011=DIRECTION('',(0.E0,1.E0,0.E0));
#3012=DIRECTION('',(1.E0,0.E0,0.E0));
#3013=AXIS2_PLACEMENT_3D('',#3010,#3011,#3012);
#3014=CYLINDRICAL_SURFACE('',#3013,6.5E-1);
#3015=ORIENTED_EDGE('',*,*,#2749,.T.);
#3017=ORIENTED_EDGE('',*,*,#3016,.F.);
#3018=ORIENTED_EDGE('',*,*,#2913,.F.);
#3020=ORIENTED_EDGE('',*,*,#3019,.T.);
#3021=EDGE_LOOP('',(#3015,#3017,#3018,#3020));
#3022=FACE_OUTER_BOUND('',#3021,.F.);
#3023=ADVANCED_FACE('',(#3022),#3014,.F.);
#3024=CARTESIAN_POINT('',(3.286988412533E0,1.7E-1,-5.496839464674E0));
#3025=DIRECTION('',(0.E0,1.E0,0.E0));
#3026=DIRECTION('',(1.E0,0.E0,0.E0));
#3027=AXIS2_PLACEMENT_3D('',#3024,#3025,#3026);
#3028=CYLINDRICAL_SURFACE('',#3027,6.5E-1);
#3029=ORIENTED_EDGE('',*,*,#2751,.T.);
#3030=ORIENTED_EDGE('',*,*,#3019,.F.);
#3031=ORIENTED_EDGE('',*,*,#2915,.F.);
#3032=ORIENTED_EDGE('',*,*,#3016,.T.);
#3033=EDGE_LOOP('',(#3029,#3030,#3031,#3032));
#3034=FACE_OUTER_BOUND('',#3033,.F.);
#3035=ADVANCED_FACE('',(#3034),#3028,.F.);
#3036=CARTESIAN_POINT('',(0.E0,1.7E-1,0.E0));
#3037=DIRECTION('',(0.E0,1.E0,0.E0));
#3038=DIRECTION('',(1.E0,0.E0,0.E0));
#3039=AXIS2_PLACEMENT_3D('',#3036,#3037,#3038);
#3040=CYLINDRICAL_SURFACE('',#3039,4.525E0);
#3041=ORIENTED_EDGE('',*,*,#2755,.T.);
#3043=ORIENTED_EDGE('',*,*,#3042,.F.);
#3044=ORIENTED_EDGE('',*,*,#2919,.F.);
#3046=ORIENTED_EDGE('',*,*,#3045,.T.);
#3047=EDGE_LOOP('',(#3041,#3043,#3044,#3046));
#3048=FACE_OUTER_BOUND('',#3047,.F.);
#3049=ADVANCED_FACE('',(#3048),#3040,.F.);
#3050=CARTESIAN_POINT('',(0.E0,1.7E-1,0.E0));
#3051=DIRECTION('',(0.E0,1.E0,0.E0));
#3052=DIRECTION('',(1.E0,0.E0,0.E0));
#3053=AXIS2_PLACEMENT_3D('',#3050,#3051,#3052);
#3054=CYLINDRICAL_SURFACE('',#3053,4.525E0);
#3055=ORIENTED_EDGE('',*,*,#2757,.T.);
#3056=ORIENTED_EDGE('',*,*,#3045,.F.);
#3057=ORIENTED_EDGE('',*,*,#2921,.F.);
#3058=ORIENTED_EDGE('',*,*,#3042,.T.);
#3059=EDGE_LOOP('',(#3055,#3056,#3057,#3058));
#3060=FACE_OUTER_BOUND('',#3059,.F.);
#3061=ADVANCED_FACE('',(#3060),#3054,.F.);
#3062=CARTESIAN_POINT('',(0.E0,1.7E-1,0.E0));
#3063=DIRECTION('',(0.E0,1.E0,0.E0));
#3064=DIRECTION('',(1.E0,0.E0,0.E0));
#3065=AXIS2_PLACEMENT_3D('',#3062,#3063,#3064);
#3066=CYLINDRICAL_SURFACE('',#3065,5.025E0);
#3067=ORIENTED_EDGE('',*,*,#2761,.T.);
#3069=ORIENTED_EDGE('',*,*,#3068,.F.);
#3070=ORIENTED_EDGE('',*,*,#2925,.F.);
#3072=ORIENTED_EDGE('',*,*,#3071,.T.);
#3073=EDGE_LOOP('',(#3067,#3069,#3070,#3072));
#3074=FACE_OUTER_BOUND('',#3073,.F.);
#3075=ADVANCED_FACE('',(#3074),#3066,.F.);
#3076=CARTESIAN_POINT('',(4.248842458949E-1,1.7E-1,-4.856449153197E0));
#3077=DIRECTION('',(0.E0,1.E0,0.E0));
#3078=DIRECTION('',(1.E0,0.E0,0.E0));
#3079=AXIS2_PLACEMENT_3D('',#3076,#3077,#3078);
#3080=CYLINDRICAL_SURFACE('',#3079,1.499999999999E-1);
#3081=ORIENTED_EDGE('',*,*,#2767,.T.);
#3083=ORIENTED_EDGE('',*,*,#3082,.F.);
#3084=ORIENTED_EDGE('',*,*,#2927,.F.);
#3085=ORIENTED_EDGE('',*,*,#3068,.T.);
#3086=EDGE_LOOP('',(#3081,#3083,#3084,#3085));
#3087=FACE_OUTER_BOUND('',#3086,.F.);
#3088=ADVANCED_FACE('',(#3087),#3080,.F.);
#3089=CARTESIAN_POINT('',(0.E0,1.7E-1,0.E0));
#3090=DIRECTION('',(0.E0,1.E0,0.E0));
#3091=DIRECTION('',(1.E0,0.E0,0.E0));
#3092=AXIS2_PLACEMENT_3D('',#3089,#3090,#3091);
#3093=CYLINDRICAL_SURFACE('',#3092,4.725E0);
#3094=ORIENTED_EDGE('',*,*,#2765,.F.);
#3096=ORIENTED_EDGE('',*,*,#3095,.F.);
#3097=ORIENTED_EDGE('',*,*,#2929,.T.);
#3098=ORIENTED_EDGE('',*,*,#3082,.T.);
#3099=EDGE_LOOP('',(#3094,#3096,#3097,#3098));
#3100=FACE_OUTER_BOUND('',#3099,.F.);
#3101=ADVANCED_FACE('',(#3100),#3093,.T.);
#3102=CARTESIAN_POINT('',(4.720765298125E0,1.7E-1,-2.000000000433E-1));
#3103=DIRECTION('',(0.E0,0.E0,1.E0));
#3104=DIRECTION('',(1.E0,0.E0,0.E0));
#3105=AXIS2_PLACEMENT_3D('',#3102,#3103,#3104);
#3106=PLANE('',#3105);
#3107=ORIENTED_EDGE('',*,*,#2763,.T.);
#3108=ORIENTED_EDGE('',*,*,#3071,.F.);
#3109=ORIENTED_EDGE('',*,*,#2931,.T.);
#3110=ORIENTED_EDGE('',*,*,#3095,.T.);
#3111=EDGE_LOOP('',(#3107,#3108,#3109,#3110));
#3112=FACE_OUTER_BOUND('',#3111,.F.);
#3113=ADVANCED_FACE('',(#3112),#3106,.F.);
#3114=CARTESIAN_POINT('',(6.2E0,1.7E-1,4.102724368804E0));
#3115=DIRECTION('',(0.E0,0.E0,-1.E0));
#3116=DIRECTION('',(-1.E0,0.E0,0.E0));
#3117=AXIS2_PLACEMENT_3D('',#3114,#3115,#3116);
#3118=PLANE('',#3117);
#3119=ORIENTED_EDGE('',*,*,#2771,.T.);
#3121=ORIENTED_EDGE('',*,*,#3120,.F.);
#3122=ORIENTED_EDGE('',*,*,#2935,.F.);
#3124=ORIENTED_EDGE('',*,*,#3123,.T.);
#3125=EDGE_LOOP('',(#3119,#3121,#3122,#3124));
#3126=FACE_OUTER_BOUND('',#3125,.F.);
#3127=ADVANCED_FACE('',(#3126),#3118,.F.);
#3128=CARTESIAN_POINT('',(6.189949493661E0,1.7E-1,4.602724368804E0));
#3129=DIRECTION('',(0.E0,1.E0,0.E0));
#3130=DIRECTION('',(1.E0,0.E0,0.E0));
#3131=AXIS2_PLACEMENT_3D('',#3128,#3129,#3130);
#3132=CYLINDRICAL_SURFACE('',#3131,5.E-1);
#3133=ORIENTED_EDGE('',*,*,#2789,.T.);
#3135=ORIENTED_EDGE('',*,*,#3134,.F.);
#3136=ORIENTED_EDGE('',*,*,#2937,.F.);
#3137=ORIENTED_EDGE('',*,*,#3120,.T.);
#3138=EDGE_LOOP('',(#3133,#3135,#3136,#3137));
#3139=FACE_OUTER_BOUND('',#3138,.F.);
#3140=ADVANCED_FACE('',(#3139),#3132,.F.);
#3141=CARTESIAN_POINT('',(5.836396103068E0,1.7E-1,4.249170978211E0));
#3142=DIRECTION('',(-7.071067811865E-1,0.E0,-7.071067811865E-1));
#3143=DIRECTION('',(-7.071067811865E-1,0.E0,7.071067811865E-1));
#3144=AXIS2_PLACEMENT_3D('',#3141,#3142,#3143);
#3145=PLANE('',#3144);
#3146=ORIENTED_EDGE('',*,*,#2787,.T.);
#3148=ORIENTED_EDGE('',*,*,#3147,.F.);
#3149=ORIENTED_EDGE('',*,*,#2939,.F.);
#3150=ORIENTED_EDGE('',*,*,#3134,.T.);
#3151=EDGE_LOOP('',(#3146,#3148,#3149,#3150));
#3152=FACE_OUTER_BOUND('',#3151,.F.);
#3153=ADVANCED_FACE('',(#3152),#3145,.F.);
#3154=CARTESIAN_POINT('',(4.602724368761E0,1.7E-1,6.189949493704E0));
#3155=DIRECTION('',(0.E0,1.E0,0.E0));
#3156=DIRECTION('',(1.E0,0.E0,0.E0));
#3157=AXIS2_PLACEMENT_3D('',#3154,#3155,#3156);
#3158=CYLINDRICAL_SURFACE('',#3157,5.E-1);
#3159=ORIENTED_EDGE('',*,*,#2785,.T.);
#3161=ORIENTED_EDGE('',*,*,#3160,.F.);
#3162=ORIENTED_EDGE('',*,*,#2941,.F.);
#3163=ORIENTED_EDGE('',*,*,#3147,.T.);
#3164=EDGE_LOOP('',(#3159,#3161,#3162,#3163));
#3165=FACE_OUTER_BOUND('',#3164,.F.);
#3166=ADVANCED_FACE('',(#3165),#3158,.F.);
#3167=CARTESIAN_POINT('',(4.102724368761E0,1.7E-1,6.189949493704E0));
#3168=DIRECTION('',(-1.E0,0.E0,0.E0));
#3169=DIRECTION('',(0.E0,0.E0,1.E0));
#3170=AXIS2_PLACEMENT_3D('',#3167,#3168,#3169);
#3171=PLANE('',#3170);
#3172=ORIENTED_EDGE('',*,*,#2783,.T.);
#3174=ORIENTED_EDGE('',*,*,#3173,.F.);
#3175=ORIENTED_EDGE('',*,*,#2943,.F.);
#3176=ORIENTED_EDGE('',*,*,#3160,.T.);
#3177=EDGE_LOOP('',(#3172,#3174,#3175,#3176));
#3178=FACE_OUTER_BOUND('',#3177,.F.);
#3179=ADVANCED_FACE('',(#3178),#3171,.F.);
#3180=CARTESIAN_POINT('',(4.602724368761E0,1.7E-1,6.200000000043E0));
#3181=DIRECTION('',(0.E0,1.E0,0.E0));
#3182=DIRECTION('',(1.E0,0.E0,0.E0));
#3183=AXIS2_PLACEMENT_3D('',#3180,#3181,#3182);
#3184=CYLINDRICAL_SURFACE('',#3183,5.E-1);
#3185=ORIENTED_EDGE('',*,*,#2781,.T.);
#3187=ORIENTED_EDGE('',*,*,#3186,.F.);
#3188=ORIENTED_EDGE('',*,*,#2945,.F.);
#3189=ORIENTED_EDGE('',*,*,#3173,.T.);
#3190=EDGE_LOOP('',(#3185,#3187,#3188,#3189));
#3191=FACE_OUTER_BOUND('',#3190,.F.);
#3192=ADVANCED_FACE('',(#3191),#3184,.F.);
#3193=CARTESIAN_POINT('',(4.602724368761E0,1.7E-1,6.700000000043E0));
#3194=DIRECTION('',(0.E0,0.E0,1.E0));
#3195=DIRECTION('',(1.E0,0.E0,0.E0));
#3196=AXIS2_PLACEMENT_3D('',#3193,#3194,#3195);
#3197=PLANE('',#3196);
#3198=ORIENTED_EDGE('',*,*,#2779,.T.);
#3200=ORIENTED_EDGE('',*,*,#3199,.F.);
#3201=ORIENTED_EDGE('',*,*,#2947,.F.);
#3202=ORIENTED_EDGE('',*,*,#3186,.T.);
#3203=EDGE_LOOP('',(#3198,#3200,#3201,#3202));
#3204=FACE_OUTER_BOUND('',#3203,.F.);
#3205=ADVANCED_FACE('',(#3204),#3197,.F.);
#3206=CARTESIAN_POINT('',(6.007157287525E0,1.7E-1,6.700000000043E0));
#3207=DIRECTION('',(7.071067811865E-1,0.E0,7.071067811865E-1));
#3208=DIRECTION('',(7.071067811865E-1,0.E0,-7.071067811865E-1));
#3209=AXIS2_PLACEMENT_3D('',#3206,#3207,#3208);
#3210=PLANE('',#3209);
#3211=ORIENTED_EDGE('',*,*,#2777,.T.);
#3213=ORIENTED_EDGE('',*,*,#3212,.F.);
#3214=ORIENTED_EDGE('',*,*,#2949,.F.);
#3215=ORIENTED_EDGE('',*,*,#3199,.T.);
#3216=EDGE_LOOP('',(#3211,#3213,#3214,#3215));
#3217=FACE_OUTER_BOUND('',#3216,.F.);
#3218=ADVANCED_FACE('',(#3217),#3210,.F.);
#3219=CARTESIAN_POINT('',(6.7E0,1.7E-1,6.007157287568E0));
#3220=DIRECTION('',(1.E0,0.E0,0.E0));
#3221=DIRECTION('',(0.E0,0.E0,-1.E0));
#3222=AXIS2_PLACEMENT_3D('',#3219,#3220,#3221);
#3223=PLANE('',#3222);
#3224=ORIENTED_EDGE('',*,*,#2775,.T.);
#3226=ORIENTED_EDGE('',*,*,#3225,.F.);
#3227=ORIENTED_EDGE('',*,*,#2951,.F.);
#3228=ORIENTED_EDGE('',*,*,#3212,.T.);
#3229=EDGE_LOOP('',(#3224,#3226,#3227,#3228));
#3230=FACE_OUTER_BOUND('',#3229,.F.);
#3231=ADVANCED_FACE('',(#3230),#3223,.F.);
#3232=CARTESIAN_POINT('',(6.2E0,1.7E-1,4.602724368804E0));
#3233=DIRECTION('',(0.E0,1.E0,0.E0));
#3234=DIRECTION('',(1.E0,0.E0,0.E0));
#3235=AXIS2_PLACEMENT_3D('',#3232,#3233,#3234);
#3236=CYLINDRICAL_SURFACE('',#3235,5.E-1);
#3237=ORIENTED_EDGE('',*,*,#2773,.T.);
#3238=ORIENTED_EDGE('',*,*,#3123,.F.);
#3239=ORIENTED_EDGE('',*,*,#2953,.F.);
#3240=ORIENTED_EDGE('',*,*,#3225,.T.);
#3241=EDGE_LOOP('',(#3237,#3238,#3239,#3240));
#3242=FACE_OUTER_BOUND('',#3241,.F.);
#3243=ADVANCED_FACE('',(#3242),#3236,.F.);
#3244=CARTESIAN_POINT('',(-6.2E0,1.7E-1,-4.102724368805E0));
#3245=DIRECTION('',(0.E0,0.E0,1.E0));
#3246=DIRECTION('',(1.E0,0.E0,0.E0));
#3247=AXIS2_PLACEMENT_3D('',#3244,#3245,#3246);
#3248=PLANE('',#3247);
#3249=ORIENTED_EDGE('',*,*,#2793,.T.);
#3251=ORIENTED_EDGE('',*,*,#3250,.F.);
#3252=ORIENTED_EDGE('',*,*,#2957,.F.);
#3254=ORIENTED_EDGE('',*,*,#3253,.T.);
#3255=EDGE_LOOP('',(#3249,#3251,#3252,#3254));
#3256=FACE_OUTER_BOUND('',#3255,.F.);
#3257=ADVANCED_FACE('',(#3256),#3248,.F.);
#3258=CARTESIAN_POINT('',(-6.189949493661E0,1.7E-1,-4.602724368805E0));
#3259=DIRECTION('',(0.E0,1.E0,0.E0));
#3260=DIRECTION('',(1.E0,0.E0,0.E0));
#3261=AXIS2_PLACEMENT_3D('',#3258,#3259,#3260);
#3262=CYLINDRICAL_SURFACE('',#3261,5.E-1);
#3263=ORIENTED_EDGE('',*,*,#2811,.T.);
#3265=ORIENTED_EDGE('',*,*,#3264,.F.);
#3266=ORIENTED_EDGE('',*,*,#2959,.F.);
#3267=ORIENTED_EDGE('',*,*,#3250,.T.);
#3268=EDGE_LOOP('',(#3263,#3265,#3266,#3267));
#3269=FACE_OUTER_BOUND('',#3268,.F.);
#3270=ADVANCED_FACE('',(#3269),#3262,.F.);
#3271=CARTESIAN_POINT('',(-5.836396103068E0,1.7E-1,-4.249170978212E0));
#3272=DIRECTION('',(7.071067811865E-1,0.E0,7.071067811865E-1));
#3273=DIRECTION('',(7.071067811865E-1,0.E0,-7.071067811865E-1));
#3274=AXIS2_PLACEMENT_3D('',#3271,#3272,#3273);
#3275=PLANE('',#3274);
#3276=ORIENTED_EDGE('',*,*,#2809,.T.);
#3278=ORIENTED_EDGE('',*,*,#3277,.F.);
#3279=ORIENTED_EDGE('',*,*,#2961,.F.);
#3280=ORIENTED_EDGE('',*,*,#3264,.T.);
#3281=EDGE_LOOP('',(#3276,#3278,#3279,#3280));
#3282=FACE_OUTER_BOUND('',#3281,.F.);
#3283=ADVANCED_FACE('',(#3282),#3275,.F.);
#3284=CARTESIAN_POINT('',(-4.602724368761E0,1.7E-1,-6.189949493705E0));
#3285=DIRECTION('',(0.E0,1.E0,0.E0));
#3286=DIRECTION('',(1.E0,0.E0,0.E0));
#3287=AXIS2_PLACEMENT_3D('',#3284,#3285,#3286);
#3288=CYLINDRICAL_SURFACE('',#3287,5.E-1);
#3289=ORIENTED_EDGE('',*,*,#2807,.T.);
#3291=ORIENTED_EDGE('',*,*,#3290,.F.);
#3292=ORIENTED_EDGE('',*,*,#2963,.F.);
#3293=ORIENTED_EDGE('',*,*,#3277,.T.);
#3294=EDGE_LOOP('',(#3289,#3291,#3292,#3293));
#3295=FACE_OUTER_BOUND('',#3294,.F.);
#3296=ADVANCED_FACE('',(#3295),#3288,.F.);
#3297=CARTESIAN_POINT('',(-4.102724368761E0,1.7E-1,-6.189949493705E0));
#3298=DIRECTION('',(1.E0,0.E0,0.E0));
#3299=DIRECTION('',(0.E0,0.E0,-1.E0));
#3300=AXIS2_PLACEMENT_3D('',#3297,#3298,#3299);
#3301=PLANE('',#3300);
#3302=ORIENTED_EDGE('',*,*,#2805,.T.);
#3304=ORIENTED_EDGE('',*,*,#3303,.F.);
#3305=ORIENTED_EDGE('',*,*,#2965,.F.);
#3306=ORIENTED_EDGE('',*,*,#3290,.T.);
#3307=EDGE_LOOP('',(#3302,#3304,#3305,#3306));
#3308=FACE_OUTER_BOUND('',#3307,.F.);
#3309=ADVANCED_FACE('',(#3308),#3301,.F.);
#3310=CARTESIAN_POINT('',(-4.602724368761E0,1.7E-1,-6.200000000044E0));
#3311=DIRECTION('',(0.E0,1.E0,0.E0));
#3312=DIRECTION('',(1.E0,0.E0,0.E0));
#3313=AXIS2_PLACEMENT_3D('',#3310,#3311,#3312);
#3314=CYLINDRICAL_SURFACE('',#3313,5.E-1);
#3315=ORIENTED_EDGE('',*,*,#2803,.T.);
#3317=ORIENTED_EDGE('',*,*,#3316,.F.);
#3318=ORIENTED_EDGE('',*,*,#2967,.F.);
#3319=ORIENTED_EDGE('',*,*,#3303,.T.);
#3320=EDGE_LOOP('',(#3315,#3317,#3318,#3319));
#3321=FACE_OUTER_BOUND('',#3320,.F.);
#3322=ADVANCED_FACE('',(#3321),#3314,.F.);
#3323=CARTESIAN_POINT('',(-4.602724368761E0,1.7E-1,-6.700000000044E0));
#3324=DIRECTION('',(0.E0,0.E0,-1.E0));
#3325=DIRECTION('',(-1.E0,0.E0,0.E0));
#3326=AXIS2_PLACEMENT_3D('',#3323,#3324,#3325);
#3327=PLANE('',#3326);
#3328=ORIENTED_EDGE('',*,*,#2801,.T.);
#3330=ORIENTED_EDGE('',*,*,#3329,.F.);
#3331=ORIENTED_EDGE('',*,*,#2969,.F.);
#3332=ORIENTED_EDGE('',*,*,#3316,.T.);
#3333=EDGE_LOOP('',(#3328,#3330,#3331,#3332));
#3334=FACE_OUTER_BOUND('',#3333,.F.);
#3335=ADVANCED_FACE('',(#3334),#3327,.F.);
#3336=CARTESIAN_POINT('',(-6.007157287525E0,1.7E-1,-6.700000000044E0));
#3337=DIRECTION('',(-7.071067811865E-1,0.E0,-7.071067811865E-1));
#3338=DIRECTION('',(-7.071067811865E-1,0.E0,7.071067811865E-1));
#3339=AXIS2_PLACEMENT_3D('',#3336,#3337,#3338);
#3340=PLANE('',#3339);
#3341=ORIENTED_EDGE('',*,*,#2799,.T.);
#3343=ORIENTED_EDGE('',*,*,#3342,.F.);
#3344=ORIENTED_EDGE('',*,*,#2971,.F.);
#3345=ORIENTED_EDGE('',*,*,#3329,.T.);
#3346=EDGE_LOOP('',(#3341,#3343,#3344,#3345));
#3347=FACE_OUTER_BOUND('',#3346,.F.);
#3348=ADVANCED_FACE('',(#3347),#3340,.F.);
#3349=CARTESIAN_POINT('',(-6.7E0,1.7E-1,-6.007157287569E0));
#3350=DIRECTION('',(-1.E0,0.E0,0.E0));
#3351=DIRECTION('',(0.E0,0.E0,1.E0));
#3352=AXIS2_PLACEMENT_3D('',#3349,#3350,#3351);
#3353=PLANE('',#3352);
#3354=ORIENTED_EDGE('',*,*,#2797,.T.);
#3356=ORIENTED_EDGE('',*,*,#3355,.F.);
#3357=ORIENTED_EDGE('',*,*,#2973,.F.);
#3358=ORIENTED_EDGE('',*,*,#3342,.T.);
#3359=EDGE_LOOP('',(#3354,#3356,#3357,#3358));
#3360=FACE_OUTER_BOUND('',#3359,.F.);
#3361=ADVANCED_FACE('',(#3360),#3353,.F.);
#3362=CARTESIAN_POINT('',(-6.2E0,1.7E-1,-4.602724368805E0));
#3363=DIRECTION('',(0.E0,1.E0,0.E0));
#3364=DIRECTION('',(1.E0,0.E0,0.E0));
#3365=AXIS2_PLACEMENT_3D('',#3362,#3363,#3364);
#3366=CYLINDRICAL_SURFACE('',#3365,5.E-1);
#3367=ORIENTED_EDGE('',*,*,#2795,.T.);
#3368=ORIENTED_EDGE('',*,*,#3253,.F.);
#3369=ORIENTED_EDGE('',*,*,#2975,.F.);
#3370=ORIENTED_EDGE('',*,*,#3355,.T.);
#3371=EDGE_LOOP('',(#3367,#3368,#3369,#3370));
#3372=FACE_OUTER_BOUND('',#3371,.F.);
#3373=ADVANCED_FACE('',(#3372),#3366,.F.);
#3374=CARTESIAN_POINT('',(0.E0,1.7E-1,0.E0));
#3375=DIRECTION('',(0.E0,1.E0,0.E0));
#3376=DIRECTION('',(1.E0,0.E0,0.E0));
#3377=AXIS2_PLACEMENT_3D('',#3374,#3375,#3376);
#3378=CYLINDRICAL_SURFACE('',#3377,5.025E0);
#3379=ORIENTED_EDGE('',*,*,#2815,.T.);
#3381=ORIENTED_EDGE('',*,*,#3380,.F.);
#3382=ORIENTED_EDGE('',*,*,#2979,.F.);
#3384=ORIENTED_EDGE('',*,*,#3383,.T.);
#3385=EDGE_LOOP('',(#3379,#3381,#3382,#3384));
#3386=FACE_OUTER_BOUND('',#3385,.F.);
#3387=ADVANCED_FACE('',(#3386),#3378,.F.);
#3388=CARTESIAN_POINT('',(5.021018323008E0,1.7E-1,2.000000000427E-1));
#3389=DIRECTION('',(0.E0,0.E0,-1.E0));
#3390=DIRECTION('',(-1.E0,0.E0,0.E0));
#3391=AXIS2_PLACEMENT_3D('',#3388,#3389,#3390);
#3392=PLANE('',#3391);
#3393=ORIENTED_EDGE('',*,*,#2821,.T.);
#3395=ORIENTED_EDGE('',*,*,#3394,.F.);
#3396=ORIENTED_EDGE('',*,*,#2981,.T.);
#3397=ORIENTED_EDGE('',*,*,#3380,.T.);
#3398=EDGE_LOOP('',(#3393,#3395,#3396,#3397));
#3399=FACE_OUTER_BOUND('',#3398,.F.);
#3400=ADVANCED_FACE('',(#3399),#3392,.F.);
#3401=CARTESIAN_POINT('',(0.E0,1.7E-1,0.E0));
#3402=DIRECTION('',(0.E0,1.E0,0.E0));
#3403=DIRECTION('',(1.E0,0.E0,0.E0));
#3404=AXIS2_PLACEMENT_3D('',#3401,#3402,#3403);
#3405=CYLINDRICAL_SURFACE('',#3404,4.725E0);
#3406=ORIENTED_EDGE('',*,*,#2819,.F.);
#3408=ORIENTED_EDGE('',*,*,#3407,.F.);
#3409=ORIENTED_EDGE('',*,*,#2983,.T.);
#3410=ORIENTED_EDGE('',*,*,#3394,.T.);
#3411=EDGE_LOOP('',(#3406,#3408,#3409,#3410));
#3412=FACE_OUTER_BOUND('',#3411,.F.);
#3413=ADVANCED_FACE('',(#3412),#3405,.T.);
#3414=CARTESIAN_POINT('',(4.248842458949E-1,1.7E-1,4.856449153197E0));
#3415=DIRECTION('',(0.E0,1.E0,0.E0));
#3416=DIRECTION('',(1.E0,0.E0,0.E0));
#3417=AXIS2_PLACEMENT_3D('',#3414,#3415,#3416);
#3418=CYLINDRICAL_SURFACE('',#3417,1.499999999999E-1);
#3419=ORIENTED_EDGE('',*,*,#2817,.T.);
#3420=ORIENTED_EDGE('',*,*,#3383,.F.);
#3421=ORIENTED_EDGE('',*,*,#2985,.F.);
#3422=ORIENTED_EDGE('',*,*,#3407,.T.);
#3423=EDGE_LOOP('',(#3419,#3420,#3421,#3422));
#3424=FACE_OUTER_BOUND('',#3423,.F.);
#3425=ADVANCED_FACE('',(#3424),#3418,.F.);
#3426=CARTESIAN_POINT('',(0.E0,1.7E-1,0.E0));
#3427=DIRECTION('',(0.E0,1.E0,0.E0));
#3428=DIRECTION('',(1.E0,0.E0,0.E0));
#3429=AXIS2_PLACEMENT_3D('',#3426,#3427,#3428);
#3430=CYLINDRICAL_SURFACE('',#3429,5.025E0);
#3431=ORIENTED_EDGE('',*,*,#2825,.T.);
#3433=ORIENTED_EDGE('',*,*,#3432,.F.);
#3434=ORIENTED_EDGE('',*,*,#2989,.F.);
#3436=ORIENTED_EDGE('',*,*,#3435,.T.);
#3437=EDGE_LOOP('',(#3431,#3433,#3434,#3436));
#3438=FACE_OUTER_BOUND('',#3437,.F.);
#3439=ADVANCED_FACE('',(#3438),#3430,.F.);
#3440=CARTESIAN_POINT('',(-5.021018323008E0,1.7E-1,-2.000000000433E-1));
#3441=DIRECTION('',(0.E0,0.E0,1.E0));
#3442=DIRECTION('',(1.E0,0.E0,0.E0));
#3443=AXIS2_PLACEMENT_3D('',#3440,#3441,#3442);
#3444=PLANE('',#3443);
#3445=ORIENTED_EDGE('',*,*,#2831,.T.);
#3447=ORIENTED_EDGE('',*,*,#3446,.F.);
#3448=ORIENTED_EDGE('',*,*,#2991,.T.);
#3449=ORIENTED_EDGE('',*,*,#3432,.T.);
#3450=EDGE_LOOP('',(#3445,#3447,#3448,#3449));
#3451=FACE_OUTER_BOUND('',#3450,.F.);
#3452=ADVANCED_FACE('',(#3451),#3444,.F.);
#3453=CARTESIAN_POINT('',(0.E0,1.7E-1,0.E0));
#3454=DIRECTION('',(0.E0,1.E0,0.E0));
#3455=DIRECTION('',(1.E0,0.E0,0.E0));
#3456=AXIS2_PLACEMENT_3D('',#3453,#3454,#3455);
#3457=CYLINDRICAL_SURFACE('',#3456,4.725E0);
#3458=ORIENTED_EDGE('',*,*,#2829,.F.);
#3460=ORIENTED_EDGE('',*,*,#3459,.F.);
#3461=ORIENTED_EDGE('',*,*,#2993,.T.);
#3462=ORIENTED_EDGE('',*,*,#3446,.T.);
#3463=EDGE_LOOP('',(#3458,#3460,#3461,#3462));
#3464=FACE_OUTER_BOUND('',#3463,.F.);
#3465=ADVANCED_FACE('',(#3464),#3457,.T.);
#3466=CARTESIAN_POINT('',(-4.248842458949E-1,1.7E-1,-4.856449153197E0));
#3467=DIRECTION('',(0.E0,1.E0,0.E0));
#3468=DIRECTION('',(1.E0,0.E0,0.E0));
#3469=AXIS2_PLACEMENT_3D('',#3466,#3467,#3468);
#3470=CYLINDRICAL_SURFACE('',#3469,1.499999999999E-1);
#3471=ORIENTED_EDGE('',*,*,#2827,.T.);
#3472=ORIENTED_EDGE('',*,*,#3435,.F.);
#3473=ORIENTED_EDGE('',*,*,#2995,.F.);
#3474=ORIENTED_EDGE('',*,*,#3459,.T.);
#3475=EDGE_LOOP('',(#3471,#3472,#3473,#3474));
#3476=FACE_OUTER_BOUND('',#3475,.F.);
#3477=ADVANCED_FACE('',(#3476),#3470,.F.);
#3478=CARTESIAN_POINT('',(0.E0,1.7E-1,0.E0));
#3479=DIRECTION('',(0.E0,1.E0,0.E0));
#3480=DIRECTION('',(1.E0,0.E0,0.E0));
#3481=AXIS2_PLACEMENT_3D('',#3478,#3479,#3480);
#3482=CYLINDRICAL_SURFACE('',#3481,5.025E0);
#3483=ORIENTED_EDGE('',*,*,#2835,.T.);
#3485=ORIENTED_EDGE('',*,*,#3484,.F.);
#3486=ORIENTED_EDGE('',*,*,#2999,.F.);
#3488=ORIENTED_EDGE('',*,*,#3487,.T.);
#3489=EDGE_LOOP('',(#3483,#3485,#3486,#3488));
#3490=FACE_OUTER_BOUND('',#3489,.F.);
#3491=ADVANCED_FACE('',(#3490),#3482,.F.);
#3492=CARTESIAN_POINT('',(-4.248842458949E-1,1.7E-1,4.856449153197E0));
#3493=DIRECTION('',(0.E0,1.E0,0.E0));
#3494=DIRECTION('',(1.E0,0.E0,0.E0));
#3495=AXIS2_PLACEMENT_3D('',#3492,#3493,#3494);
#3496=CYLINDRICAL_SURFACE('',#3495,1.499999999999E-1);
#3497=ORIENTED_EDGE('',*,*,#2841,.T.);
#3499=ORIENTED_EDGE('',*,*,#3498,.F.);
#3500=ORIENTED_EDGE('',*,*,#3001,.F.);
#3501=ORIENTED_EDGE('',*,*,#3484,.T.);
#3502=EDGE_LOOP('',(#3497,#3499,#3500,#3501));
#3503=FACE_OUTER_BOUND('',#3502,.F.);
#3504=ADVANCED_FACE('',(#3503),#3496,.F.);
#3505=CARTESIAN_POINT('',(0.E0,1.7E-1,0.E0));
#3506=DIRECTION('',(0.E0,1.E0,0.E0));
#3507=DIRECTION('',(1.E0,0.E0,0.E0));
#3508=AXIS2_PLACEMENT_3D('',#3505,#3506,#3507);
#3509=CYLINDRICAL_SURFACE('',#3508,4.725E0);
#3510=ORIENTED_EDGE('',*,*,#2839,.F.);
#3512=ORIENTED_EDGE('',*,*,#3511,.F.);
#3513=ORIENTED_EDGE('',*,*,#3003,.T.);
#3514=ORIENTED_EDGE('',*,*,#3498,.T.);
#3515=EDGE_LOOP('',(#3510,#3512,#3513,#3514));
#3516=FACE_OUTER_BOUND('',#3515,.F.);
#3517=ADVANCED_FACE('',(#3516),#3509,.T.);
#3518=CARTESIAN_POINT('',(-4.720765298125E0,1.7E-1,2.000000000427E-1));
#3519=DIRECTION('',(0.E0,0.E0,-1.E0));
#3520=DIRECTION('',(-1.E0,0.E0,0.E0));
#3521=AXIS2_PLACEMENT_3D('',#3518,#3519,#3520);
#3522=PLANE('',#3521);
#3523=ORIENTED_EDGE('',*,*,#2837,.T.);
#3524=ORIENTED_EDGE('',*,*,#3487,.F.);
#3525=ORIENTED_EDGE('',*,*,#3005,.T.);
#3526=ORIENTED_EDGE('',*,*,#3511,.T.);
#3527=EDGE_LOOP('',(#3523,#3524,#3525,#3526));
#3528=FACE_OUTER_BOUND('',#3527,.F.);
#3529=ADVANCED_FACE('',(#3528),#3522,.F.);
#3530=CLOSED_SHELL('',(#2845,#2860,#2874,#2888,#2901,#3009,#3023,#3035,#3049,
#3061,#3075,#3088,#3101,#3113,#3127,#3140,#3153,#3166,#3179,#3192,#3205,#3218,
#3231,#3243,#3257,#3270,#3283,#3296,#3309,#3322,#3335,#3348,#3361,#3373,#3387,
#3400,#3413,#3425,#3439,#3452,#3465,#3477,#3491,#3504,#3517,#3529));
#3531=MANIFOLD_SOLID_BREP('',#3530);
#3533=DIMENSIONAL_EXPONENTS(0.E0,0.E0,0.E0,0.E0,0.E0,0.E0,0.E0);
#3535=PLANE_ANGLE_MEASURE_WITH_UNIT(PLANE_ANGLE_MEASURE(1.745329251994E-2),
#3534);
#3536=(CONVERSION_BASED_UNIT('DEGREE',#3535)NAMED_UNIT(#3533)PLANE_ANGLE_UNIT(
));
#3538=UNCERTAINTY_MEASURE_WITH_UNIT(LENGTH_MEASURE(1.746454425777E-3),#3532,
'closure',
'Maximum model space distance between geometric entities at asserted connectivities');
#3539=(GEOMETRIC_REPRESENTATION_CONTEXT(3)GLOBAL_UNCERTAINTY_ASSIGNED_CONTEXT((
#3538))GLOBAL_UNIT_ASSIGNED_CONTEXT((#3532,#3536,#3537))REPRESENTATION_CONTEXT(
'ID3','3'));
#3540=CARTESIAN_POINT('',(0.E0,0.E0,0.E0));
#3541=DIRECTION('',(0.E0,0.E0,1.E0));
#3542=DIRECTION('',(1.E0,0.E0,0.E0));
#3545=DESIGN_CONTEXT('',#165,'design');
#3546=MECHANICAL_CONTEXT('',#165,'mechanical');
#3547=PRODUCT('LE1601_SM','LE1601_SM','NOT SPECIFIED',(#3546));
#3548=PRODUCT_DEFINITION_FORMATION_WITH_SPECIFIED_SOURCE('1','LAST_VERSION',
#3547,.MADE.);
#3554=CARTESIAN_POINT('',(0.E0,1.E0,0.E0));
#3555=DIRECTION('',(0.E0,0.E0,1.E0));
#3556=DIRECTION('',(1.E0,0.E0,0.E0));
#3557=AXIS2_PLACEMENT_3D('',#3554,#3555,#3556);
#3558=ITEM_DEFINED_TRANSFORMATION('','',#3543,#3557);
#3559=(REPRESENTATION_RELATIONSHIP('','',#3544,#176)REPRESENTATION_RELATIONSHIP_WITH_TRANSFORMATION(#3558)SHAPE_REPRESENTATION_RELATIONSHIP());
#3560=CONTEXT_DEPENDENT_SHAPE_REPRESENTATION(#3559,#3553);
#3562=CARTESIAN_POINT('',(0.E0,3.15E-1,0.E0));
#3563=DIRECTION('',(0.E0,1.E0,0.E0));
#3564=DIRECTION('',(1.E0,0.E0,0.E0));
#3565=AXIS2_PLACEMENT_3D('',#3562,#3563,#3564);
#3567=CARTESIAN_POINT('',(0.E0,3.15E-1,0.E0));
#3568=DIRECTION('',(0.E0,-1.E0,0.E0));
#3569=DIRECTION('',(1.E0,0.E0,0.E0));
#3570=AXIS2_PLACEMENT_3D('',#3567,#3568,#3569);
#3572=CARTESIAN_POINT('',(0.E0,3.15E-1,0.E0));
#3573=DIRECTION('',(0.E0,-1.E0,0.E0));
#3574=DIRECTION('',(1.E0,0.E0,0.E0));
#3575=AXIS2_PLACEMENT_3D('',#3572,#3573,#3574);
#3577=CARTESIAN_POINT('',(4.765375E0,0.E0,0.E0));
#3578=DIRECTION('',(0.E0,0.E0,1.E0));
#3579=DIRECTION('',(-4.875148632580E-2,9.988109393579E-1,0.E0));
#3580=AXIS2_PLACEMENT_3D('',#3577,#3578,#3579);
#3582=CARTESIAN_POINT('',(-4.765375E0,0.E0,0.E0));
#3583=DIRECTION('',(0.E0,0.E0,-1.E0));
#3584=DIRECTION('',(4.875148632580E-2,9.988109393579E-1,0.E0));
#3585=AXIS2_PLACEMENT_3D('',#3582,#3583,#3584);
#3587=CARTESIAN_POINT('',(0.E0,3.15E-1,0.E0));
#3588=DIRECTION('',(0.E0,1.E0,0.E0));
#3589=DIRECTION('',(1.E0,0.E0,0.E0));
#3590=AXIS2_PLACEMENT_3D('',#3587,#3588,#3589);
#3592=CARTESIAN_POINT('',(0.E0,-3.15E-1,0.E0));
#3593=DIRECTION('',(0.E0,1.E0,0.E0));
#3594=DIRECTION('',(1.E0,0.E0,0.E0));
#3595=AXIS2_PLACEMENT_3D('',#3592,#3593,#3594);
#3597=CARTESIAN_POINT('',(0.E0,-3.15E-1,0.E0));
#3598=DIRECTION('',(0.E0,-1.E0,0.E0));
#3599=DIRECTION('',(1.E0,0.E0,0.E0));
#3600=AXIS2_PLACEMENT_3D('',#3597,#3598,#3599);
#3602=CARTESIAN_POINT('',(0.E0,-3.15E-1,0.E0));
#3603=DIRECTION('',(0.E0,-1.E0,0.E0));
#3604=DIRECTION('',(1.E0,0.E0,0.E0));
#3605=AXIS2_PLACEMENT_3D('',#3602,#3603,#3604);
#3607=CARTESIAN_POINT('',(4.934625E0,0.E0,0.E0));
#3608=DIRECTION('',(0.E0,0.E0,1.E0));
#3609=DIRECTION('',(4.875148632580E-2,-9.988109393579E-1,0.E0));
#3610=AXIS2_PLACEMENT_3D('',#3607,#3608,#3609);
#3612=CARTESIAN_POINT('',(-4.934625E0,0.E0,0.E0));
#3613=DIRECTION('',(0.E0,0.E0,-1.E0));
#3614=DIRECTION('',(-4.875148632580E-2,-9.988109393579E-1,0.E0));
#3615=AXIS2_PLACEMENT_3D('',#3612,#3613,#3614);
#3617=CARTESIAN_POINT('',(0.E0,-3.15E-1,0.E0));
#3618=DIRECTION('',(0.E0,1.E0,0.E0));
#3619=DIRECTION('',(1.E0,0.E0,0.E0));
#3620=AXIS2_PLACEMENT_3D('',#3617,#3618,#3619);
#3622=CARTESIAN_POINT('',(4.75E0,3.15E-1,0.E0));
#3623=CARTESIAN_POINT('',(4.75E0,-3.15E-1,0.E0));
#3624=VERTEX_POINT('',#3622);
#3625=VERTEX_POINT('',#3623);
#3626=CARTESIAN_POINT('',(4.95E0,-3.15E-1,0.E0));
#3627=CARTESIAN_POINT('',(4.95E0,3.15E-1,0.E0));
#3628=VERTEX_POINT('',#3626);
#3629=VERTEX_POINT('',#3627);
#3630=CARTESIAN_POINT('',(-4.75E0,3.15E-1,0.E0));
#3631=CARTESIAN_POINT('',(-4.75E0,-3.15E-1,0.E0));
#3632=VERTEX_POINT('',#3630);
#3633=VERTEX_POINT('',#3631);
#3634=CARTESIAN_POINT('',(-4.95E0,-3.15E-1,0.E0));
#3635=CARTESIAN_POINT('',(-4.95E0,3.15E-1,0.E0));
#3636=VERTEX_POINT('',#3634);
#3637=VERTEX_POINT('',#3635);
#3638=CARTESIAN_POINT('',(0.E0,3.15E-1,0.E0));
#3639=DIRECTION('',(0.E0,-1.E0,0.E0));
#3640=DIRECTION('',(-1.E0,0.E0,0.E0));
#3641=AXIS2_PLACEMENT_3D('',#3638,#3639,#3640);
#3642=PLANE('',#3641);
#3644=ORIENTED_EDGE('',*,*,#3643,.F.);
#3646=ORIENTED_EDGE('',*,*,#3645,.T.);
#3647=EDGE_LOOP('',(#3644,#3646));
#3648=FACE_OUTER_BOUND('',#3647,.F.);
#3650=ORIENTED_EDGE('',*,*,#3649,.F.);
#3652=ORIENTED_EDGE('',*,*,#3651,.T.);
#3653=EDGE_LOOP('',(#3650,#3652));
#3654=FACE_BOUND('',#3653,.F.);
#3655=ADVANCED_FACE('',(#3648,#3654),#3642,.F.);
#3656=CARTESIAN_POINT('',(0.E0,0.E0,0.E0));
#3657=DIRECTION('',(0.E0,-1.E0,0.E0));
#3658=DIRECTION('',(-1.E0,0.E0,0.E0));
#3659=AXIS2_PLACEMENT_3D('',#3656,#3657,#3658);
#3660=TOROIDAL_SURFACE('',#3659,4.765375E0,3.15375E-1);
#3662=ORIENTED_EDGE('',*,*,#3661,.F.);
#3663=ORIENTED_EDGE('',*,*,#3649,.T.);
#3665=ORIENTED_EDGE('',*,*,#3664,.T.);
#3667=ORIENTED_EDGE('',*,*,#3666,.F.);
#3668=EDGE_LOOP('',(#3662,#3663,#3665,#3667));
#3669=FACE_OUTER_BOUND('',#3668,.F.);
#3670=ADVANCED_FACE('',(#3669),#3660,.T.);
#3671=CARTESIAN_POINT('',(0.E0,0.E0,0.E0));
#3672=DIRECTION('',(0.E0,-1.E0,0.E0));
#3673=DIRECTION('',(-1.E0,0.E0,0.E0));
#3674=AXIS2_PLACEMENT_3D('',#3671,#3672,#3673);
#3675=TOROIDAL_SURFACE('',#3674,4.765375E0,3.15375E-1);
#3676=ORIENTED_EDGE('',*,*,#3661,.T.);
#3678=ORIENTED_EDGE('',*,*,#3677,.T.);
#3679=ORIENTED_EDGE('',*,*,#3664,.F.);
#3680=ORIENTED_EDGE('',*,*,#3651,.F.);
#3681=EDGE_LOOP('',(#3676,#3678,#3679,#3680));
#3682=FACE_OUTER_BOUND('',#3681,.F.);
#3683=ADVANCED_FACE('',(#3682),#3675,.T.);
#3684=CARTESIAN_POINT('',(0.E0,-3.15E-1,0.E0));
#3685=DIRECTION('',(0.E0,-1.E0,0.E0));
#3686=DIRECTION('',(-1.E0,0.E0,0.E0));
#3687=AXIS2_PLACEMENT_3D('',#3684,#3685,#3686);
#3688=PLANE('',#3687);
#3690=ORIENTED_EDGE('',*,*,#3689,.F.);
#3692=ORIENTED_EDGE('',*,*,#3691,.T.);
#3693=EDGE_LOOP('',(#3690,#3692));
#3694=FACE_OUTER_BOUND('',#3693,.F.);
#3695=ORIENTED_EDGE('',*,*,#3677,.F.);
#3696=ORIENTED_EDGE('',*,*,#3666,.T.);
#3697=EDGE_LOOP('',(#3695,#3696));
#3698=FACE_BOUND('',#3697,.F.);
#3699=ADVANCED_FACE('',(#3694,#3698),#3688,.T.);
#3700=CARTESIAN_POINT('',(0.E0,0.E0,0.E0));
#3701=DIRECTION('',(0.E0,-1.E0,0.E0));
#3702=DIRECTION('',(-1.E0,0.E0,0.E0));
#3703=AXIS2_PLACEMENT_3D('',#3700,#3701,#3702);
#3704=TOROIDAL_SURFACE('',#3703,4.934625E0,3.15375E-1);
#3706=ORIENTED_EDGE('',*,*,#3705,.F.);
#3707=ORIENTED_EDGE('',*,*,#3689,.T.);
#3709=ORIENTED_EDGE('',*,*,#3708,.T.);
#3710=ORIENTED_EDGE('',*,*,#3645,.F.);
#3711=EDGE_LOOP('',(#3706,#3707,#3709,#3710));
#3712=FACE_OUTER_BOUND('',#3711,.F.);
#3713=ADVANCED_FACE('',(#3712),#3704,.T.);
#3714=CARTESIAN_POINT('',(0.E0,0.E0,0.E0));
#3715=DIRECTION('',(0.E0,-1.E0,0.E0));
#3716=DIRECTION('',(-1.E0,0.E0,0.E0));
#3717=AXIS2_PLACEMENT_3D('',#3714,#3715,#3716);
#3718=TOROIDAL_SURFACE('',#3717,4.934625E0,3.15375E-1);
#3719=ORIENTED_EDGE('',*,*,#3705,.T.);
#3720=ORIENTED_EDGE('',*,*,#3643,.T.);
#3721=ORIENTED_EDGE('',*,*,#3708,.F.);
#3722=ORIENTED_EDGE('',*,*,#3691,.F.);
#3723=EDGE_LOOP('',(#3719,#3720,#3721,#3722));
#3724=FACE_OUTER_BOUND('',#3723,.F.);
#3725=ADVANCED_FACE('',(#3724),#3718,.T.);
#3726=CLOSED_SHELL('',(#3655,#3670,#3683,#3699,#3713,#3725));
#3727=MANIFOLD_SOLID_BREP('',#3726);
#3729=DIMENSIONAL_EXPONENTS(0.E0,0.E0,0.E0,0.E0,0.E0,0.E0,0.E0);
#3731=PLANE_ANGLE_MEASURE_WITH_UNIT(PLANE_ANGLE_MEASURE(1.745329251994E-2),
#3730);
#3732=(CONVERSION_BASED_UNIT('DEGREE',#3731)NAMED_UNIT(#3729)PLANE_ANGLE_UNIT(
));
#3734=UNCERTAINTY_MEASURE_WITH_UNIT(LENGTH_MEASURE(1.486200621052E-3),#3728,
'closure',
'Maximum model space distance between geometric entities at asserted connectivities');
#3735=(GEOMETRIC_REPRESENTATION_CONTEXT(3)GLOBAL_UNCERTAINTY_ASSIGNED_CONTEXT((
#3734))GLOBAL_UNIT_ASSIGNED_CONTEXT((#3728,#3732,#3733))REPRESENTATION_CONTEXT(
'ID4','3'));
#3736=CARTESIAN_POINT('',(0.E0,0.E0,0.E0));
#3737=DIRECTION('',(0.E0,0.E0,1.E0));
#3738=DIRECTION('',(1.E0,0.E0,0.E0));
#3741=MECHANICAL_CONTEXT('',#165,'mechanical');
#3742=PRODUCT('LE1601_DAM','LE1601_DAM','NOT SPECIFIED',(#3741));
#3743=PRODUCT_DEFINITION_FORMATION_WITH_SPECIFIED_SOURCE('1','LAST_VERSION',
#3742,.MADE.);
#3749=CARTESIAN_POINT('',(0.E0,1.47E0,0.E0));
#3750=DIRECTION('',(0.E0,0.E0,1.E0));
#3751=DIRECTION('',(1.E0,0.E0,0.E0));
#3752=AXIS2_PLACEMENT_3D('',#3749,#3750,#3751);
#3753=ITEM_DEFINED_TRANSFORMATION('','',#3739,#3752);
#3754=(REPRESENTATION_RELATIONSHIP('','',#3740,#176)REPRESENTATION_RELATIONSHIP_WITH_TRANSFORMATION(#3753)SHAPE_REPRESENTATION_RELATIONSHIP());
#3755=CONTEXT_DEPENDENT_SHAPE_REPRESENTATION(#3754,#3748);
#3756=DIRECTION('',(-1.E0,0.E0,0.E0));
#3757=VECTOR('',#3756,1.585E1);
#3758=CARTESIAN_POINT('',(7.925E0,0.E0,-7.925E0));
#3759=LINE('',#3758,#3757);
#3760=DIRECTION('',(0.E0,0.E0,1.E0));
#3761=VECTOR('',#3760,1.585E1);
#3762=CARTESIAN_POINT('',(-7.925E0,0.E0,-7.925E0));
#3763=LINE('',#3762,#3761);
#3764=DIRECTION('',(1.E0,0.E0,0.E0));
#3765=VECTOR('',#3764,1.585E1);
#3766=CARTESIAN_POINT('',(-7.925E0,0.E0,7.925E0));
#3767=LINE('',#3766,#3765);
#3768=DIRECTION('',(0.E0,0.E0,-1.E0));
#3769=VECTOR('',#3768,1.585E1);
#3770=CARTESIAN_POINT('',(7.925E0,0.E0,7.925E0));
#3771=LINE('',#3770,#3769);
#3772=DIRECTION('',(0.E0,1.E0,0.E0));
#3773=VECTOR('',#3772,1.E-1);
#3774=CARTESIAN_POINT('',(7.925E0,0.E0,-7.925E0));
#3775=LINE('',#3774,#3773);
#3776=DIRECTION('',(0.E0,1.E0,0.E0));
#3777=VECTOR('',#3776,1.E-1);
#3778=CARTESIAN_POINT('',(7.925E0,0.E0,7.925E0));
#3779=LINE('',#3778,#3777);
#3780=DIRECTION('',(0.E0,1.E0,0.E0));
#3781=VECTOR('',#3780,1.E-1);
#3782=CARTESIAN_POINT('',(-7.925E0,0.E0,7.925E0));
#3783=LINE('',#3782,#3781);
#3784=DIRECTION('',(0.E0,1.E0,0.E0));
#3785=VECTOR('',#3784,1.E-1);
#3786=CARTESIAN_POINT('',(-7.925E0,0.E0,-7.925E0));
#3787=LINE('',#3786,#3785);
#3788=DIRECTION('',(-1.E0,0.E0,0.E0));
#3789=VECTOR('',#3788,1.585E1);
#3790=CARTESIAN_POINT('',(7.925E0,1.E-1,-7.925E0));
#3791=LINE('',#3790,#3789);
#3792=DIRECTION('',(0.E0,0.E0,-1.E0));
#3793=VECTOR('',#3792,1.585E1);
#3794=CARTESIAN_POINT('',(7.925E0,1.E-1,7.925E0));
#3795=LINE('',#3794,#3793);
#3796=DIRECTION('',(1.E0,0.E0,0.E0));
#3797=VECTOR('',#3796,1.585E1);
#3798=CARTESIAN_POINT('',(-7.925E0,1.E-1,7.925E0));
#3799=LINE('',#3798,#3797);
#3800=DIRECTION('',(0.E0,0.E0,1.E0));
#3801=VECTOR('',#3800,1.585E1);
#3802=CARTESIAN_POINT('',(-7.925E0,1.E-1,-7.925E0));
#3803=LINE('',#3802,#3801);
#3804=CARTESIAN_POINT('',(7.925E0,0.E0,-7.925E0));
#3805=CARTESIAN_POINT('',(-7.925E0,0.E0,-7.925E0));
#3806=VERTEX_POINT('',#3804);
#3807=VERTEX_POINT('',#3805);
#3808=CARTESIAN_POINT('',(-7.925E0,0.E0,7.925E0));
#3809=VERTEX_POINT('',#3808);
#3810=CARTESIAN_POINT('',(7.925E0,0.E0,7.925E0));
#3811=VERTEX_POINT('',#3810);
#3812=CARTESIAN_POINT('',(7.925E0,1.E-1,-7.925E0));
#3813=CARTESIAN_POINT('',(-7.925E0,1.E-1,-7.925E0));
#3814=VERTEX_POINT('',#3812);
#3815=VERTEX_POINT('',#3813);
#3816=CARTESIAN_POINT('',(-7.925E0,1.E-1,7.925E0));
#3817=VERTEX_POINT('',#3816);
#3818=CARTESIAN_POINT('',(7.925E0,1.E-1,7.925E0));
#3819=VERTEX_POINT('',#3818);
#3820=CARTESIAN_POINT('',(0.E0,0.E0,0.E0));
#3821=DIRECTION('',(0.E0,1.E0,0.E0));
#3822=DIRECTION('',(1.E0,0.E0,0.E0));
#3823=AXIS2_PLACEMENT_3D('',#3820,#3821,#3822);
#3824=PLANE('',#3823);
#3826=ORIENTED_EDGE('',*,*,#3825,.T.);
#3828=ORIENTED_EDGE('',*,*,#3827,.T.);
#3830=ORIENTED_EDGE('',*,*,#3829,.T.);
#3832=ORIENTED_EDGE('',*,*,#3831,.T.);
#3833=EDGE_LOOP('',(#3826,#3828,#3830,#3832));
#3834=FACE_OUTER_BOUND('',#3833,.F.);
#3835=ADVANCED_FACE('',(#3834),#3824,.F.);
#3836=CARTESIAN_POINT('',(7.925E0,0.E0,-7.925E0));
#3837=DIRECTION('',(0.E0,0.E0,-1.E0));
#3838=DIRECTION('',(-1.E0,0.E0,0.E0));
#3839=AXIS2_PLACEMENT_3D('',#3836,#3837,#3838);
#3840=PLANE('',#3839);
#3841=ORIENTED_EDGE('',*,*,#3825,.F.);
#3843=ORIENTED_EDGE('',*,*,#3842,.T.);
#3845=ORIENTED_EDGE('',*,*,#3844,.T.);
#3847=ORIENTED_EDGE('',*,*,#3846,.F.);
#3848=EDGE_LOOP('',(#3841,#3843,#3845,#3847));
#3849=FACE_OUTER_BOUND('',#3848,.F.);
#3850=ADVANCED_FACE('',(#3849),#3840,.T.);
#3851=CARTESIAN_POINT('',(7.925E0,0.E0,7.925E0));
#3852=DIRECTION('',(1.E0,0.E0,0.E0));
#3853=DIRECTION('',(0.E0,0.E0,-1.E0));
#3854=AXIS2_PLACEMENT_3D('',#3851,#3852,#3853);
#3855=PLANE('',#3854);
#3856=ORIENTED_EDGE('',*,*,#3831,.F.);
#3858=ORIENTED_EDGE('',*,*,#3857,.T.);
#3860=ORIENTED_EDGE('',*,*,#3859,.T.);
#3861=ORIENTED_EDGE('',*,*,#3842,.F.);
#3862=EDGE_LOOP('',(#3856,#3858,#3860,#3861));
#3863=FACE_OUTER_BOUND('',#3862,.F.);
#3864=ADVANCED_FACE('',(#3863),#3855,.T.);
#3865=CARTESIAN_POINT('',(-7.925E0,0.E0,7.925E0));
#3866=DIRECTION('',(0.E0,0.E0,1.E0));
#3867=DIRECTION('',(1.E0,0.E0,0.E0));
#3868=AXIS2_PLACEMENT_3D('',#3865,#3866,#3867);
#3869=PLANE('',#3868);
#3870=ORIENTED_EDGE('',*,*,#3829,.F.);
#3872=ORIENTED_EDGE('',*,*,#3871,.T.);
#3874=ORIENTED_EDGE('',*,*,#3873,.T.);
#3875=ORIENTED_EDGE('',*,*,#3857,.F.);
#3876=EDGE_LOOP('',(#3870,#3872,#3874,#3875));
#3877=FACE_OUTER_BOUND('',#3876,.F.);
#3878=ADVANCED_FACE('',(#3877),#3869,.T.);
#3879=CARTESIAN_POINT('',(-7.925E0,0.E0,-7.925E0));
#3880=DIRECTION('',(-1.E0,0.E0,0.E0));
#3881=DIRECTION('',(0.E0,0.E0,1.E0));
#3882=AXIS2_PLACEMENT_3D('',#3879,#3880,#3881);
#3883=PLANE('',#3882);
#3884=ORIENTED_EDGE('',*,*,#3827,.F.);
#3885=ORIENTED_EDGE('',*,*,#3846,.T.);
#3887=ORIENTED_EDGE('',*,*,#3886,.T.);
#3888=ORIENTED_EDGE('',*,*,#3871,.F.);
#3889=EDGE_LOOP('',(#3884,#3885,#3887,#3888));
#3890=FACE_OUTER_BOUND('',#3889,.F.);
#3891=ADVANCED_FACE('',(#3890),#3883,.T.);
#3892=CARTESIAN_POINT('',(0.E0,1.E-1,0.E0));
#3893=DIRECTION('',(0.E0,1.E0,0.E0));
#3894=DIRECTION('',(1.E0,0.E0,0.E0));
#3895=AXIS2_PLACEMENT_3D('',#3892,#3893,#3894);
#3896=PLANE('',#3895);
#3897=ORIENTED_EDGE('',*,*,#3844,.F.);
#3898=ORIENTED_EDGE('',*,*,#3859,.F.);
#3899=ORIENTED_EDGE('',*,*,#3873,.F.);
#3900=ORIENTED_EDGE('',*,*,#3886,.F.);
#3901=EDGE_LOOP('',(#3897,#3898,#3899,#3900));
#3902=FACE_OUTER_BOUND('',#3901,.F.);
#3903=ADVANCED_FACE('',(#3902),#3896,.T.);
#3904=CLOSED_SHELL('',(#3835,#3850,#3864,#3878,#3891,#3903));
#3905=MANIFOLD_SOLID_BREP('',#3904);
#3907=DIMENSIONAL_EXPONENTS(0.E0,0.E0,0.E0,0.E0,0.E0,0.E0,0.E0);
#3909=PLANE_ANGLE_MEASURE_WITH_UNIT(PLANE_ANGLE_MEASURE(1.745329251994E-2),
#3908);
#3910=(CONVERSION_BASED_UNIT('DEGREE',#3909)NAMED_UNIT(#3907)PLANE_ANGLE_UNIT(
));
#3912=UNCERTAINTY_MEASURE_WITH_UNIT(LENGTH_MEASURE(2.465582718744E-3),#3906,
'closure',
'Maximum model space distance between geometric entities at asserted connectivities');
#3913=(GEOMETRIC_REPRESENTATION_CONTEXT(3)GLOBAL_UNCERTAINTY_ASSIGNED_CONTEXT((
#3912))GLOBAL_UNIT_ASSIGNED_CONTEXT((#3906,#3910,#3911))REPRESENTATION_CONTEXT(
'ID5','3'));
#3914=CARTESIAN_POINT('',(0.E0,0.E0,0.E0));
#3915=DIRECTION('',(0.E0,0.E0,1.E0));
#3916=DIRECTION('',(1.E0,0.E0,0.E0));
#3919=DESIGN_CONTEXT('',#165,'design');
#3920=MECHANICAL_CONTEXT('',#165,'mechanical');
#3921=PRODUCT('LE1601_DIELECTRIC','LE1601_DIELECTRIC','NOT SPECIFIED',(#3920));
#3922=PRODUCT_DEFINITION_FORMATION_WITH_SPECIFIED_SOURCE('1','LAST_VERSION',
#3921,.MADE.);
#3928=CARTESIAN_POINT('',(0.E0,1.E0,0.E0));
#3929=DIRECTION('',(0.E0,0.E0,1.E0));
#3930=DIRECTION('',(1.E0,0.E0,0.E0));
#3931=AXIS2_PLACEMENT_3D('',#3928,#3929,#3930);
#3932=ITEM_DEFINED_TRANSFORMATION('','',#3917,#3931);
#3933=(REPRESENTATION_RELATIONSHIP('','',#3918,#176)REPRESENTATION_RELATIONSHIP_WITH_TRANSFORMATION(#3932)SHAPE_REPRESENTATION_RELATIONSHIP());
#3934=CONTEXT_DEPENDENT_SHAPE_REPRESENTATION(#3933,#3927);
#3936=DIRECTION('',(6.812092103118E-1,0.E0,7.320888004787E-1));
#3937=VECTOR('',#3936,7.573512022111E-1);
#3938=CARTESIAN_POINT('',(-1.500359328633E0,0.E0,-5.638304212468E-1));
#3939=LINE('',#3938,#3937);
#3940=DIRECTION('',(1.E0,0.E0,0.E0));
#3941=VECTOR('',#3940,3.358302508347E-1);
#3942=CARTESIAN_POINT('',(-9.844447142460E-1,0.E0,-9.382088078866E-3));
#3943=LINE('',#3942,#3941);
#3944=DIRECTION('',(-6.812092103118E-1,0.E0,-7.320888004787E-1));
#3945=VECTOR('',#3944,7.573512022111E-1);
#3946=CARTESIAN_POINT('',(-6.486144634113E-1,0.E0,-9.382088078866E-3));
#3947=LINE('',#3946,#3945);
#3948=DIRECTION('',(-1.E0,0.E0,0.E0));
#3949=VECTOR('',#3948,3.358302508347E-1);
#3950=CARTESIAN_POINT('',(-1.164529077798E0,0.E0,-5.638304212468E-1));
#3951=LINE('',#3950,#3949);
#3952=DIRECTION('',(0.E0,1.E0,0.E0));
#3953=VECTOR('',#3952,2.E-3);
#3954=CARTESIAN_POINT('',(-1.500359328633E0,0.E0,-5.638304212468E-1));
#3955=LINE('',#3954,#3953);
#3956=DIRECTION('',(0.E0,1.E0,0.E0));
#3957=VECTOR('',#3956,2.E-3);
#3958=CARTESIAN_POINT('',(-1.164529077798E0,0.E0,-5.638304212468E-1));
#3959=LINE('',#3958,#3957);
#3960=DIRECTION('',(0.E0,1.E0,0.E0));
#3961=VECTOR('',#3960,2.E-3);
#3962=CARTESIAN_POINT('',(-6.486144634113E-1,0.E0,-9.382088078866E-3));
#3963=LINE('',#3962,#3961);
#3964=DIRECTION('',(0.E0,1.E0,0.E0));
#3965=VECTOR('',#3964,2.E-3);
#3966=CARTESIAN_POINT('',(-9.844447142460E-1,0.E0,-9.382088078866E-3));
#3967=LINE('',#3966,#3965);
#3968=DIRECTION('',(6.812092103118E-1,0.E0,7.320888004787E-1));
#3969=VECTOR('',#3968,7.573512022111E-1);
#3970=CARTESIAN_POINT('',(-1.500359328633E0,2.E-3,-5.638304212468E-1));
#3971=LINE('',#3970,#3969);
#3972=DIRECTION('',(-1.E0,0.E0,0.E0));
#3973=VECTOR('',#3972,3.358302508347E-1);
#3974=CARTESIAN_POINT('',(-1.164529077798E0,2.E-3,-5.638304212468E-1));
#3975=LINE('',#3974,#3973);
#3976=DIRECTION('',(-6.812092103118E-1,0.E0,-7.320888004787E-1));
#3977=VECTOR('',#3976,7.573512022111E-1);
#3978=CARTESIAN_POINT('',(-6.486144634113E-1,2.E-3,-9.382088078866E-3));
#3979=LINE('',#3978,#3977);
#3980=DIRECTION('',(1.E0,0.E0,0.E0));
#3981=VECTOR('',#3980,3.358302508347E-1);
#3982=CARTESIAN_POINT('',(-9.844447142460E-1,2.E-3,-9.382088078866E-3));
#3983=LINE('',#3982,#3981);
#3984=CARTESIAN_POINT('',(-1.500359328633E0,0.E0,-5.638304212468E-1));
#3985=CARTESIAN_POINT('',(-9.844447142460E-1,0.E0,-9.382088078866E-3));
#3986=VERTEX_POINT('',#3984);
#3987=VERTEX_POINT('',#3985);
#3988=CARTESIAN_POINT('',(-6.486144634113E-1,0.E0,-9.382088078866E-3));
#3989=VERTEX_POINT('',#3988);
#3990=CARTESIAN_POINT('',(-1.164529077798E0,0.E0,-5.638304212468E-1));
#3991=VERTEX_POINT('',#3990);
#3992=CARTESIAN_POINT('',(-1.500359328633E0,2.E-3,-5.638304212468E-1));
#3993=CARTESIAN_POINT('',(-9.844447142460E-1,2.E-3,-9.382088078866E-3));
#3994=VERTEX_POINT('',#3992);
#3995=VERTEX_POINT('',#3993);
#3996=CARTESIAN_POINT('',(-6.486144634113E-1,2.E-3,-9.382088078866E-3));
#3997=VERTEX_POINT('',#3996);
#3998=CARTESIAN_POINT('',(-1.164529077798E0,2.E-3,-5.638304212468E-1));
#3999=VERTEX_POINT('',#3998);
#4000=CARTESIAN_POINT('',(0.E0,0.E0,0.E0));
#4001=DIRECTION('',(0.E0,1.E0,0.E0));
#4002=DIRECTION('',(1.E0,0.E0,0.E0));
#4003=AXIS2_PLACEMENT_3D('',#4000,#4001,#4002);
#4004=PLANE('',#4003);
#4006=ORIENTED_EDGE('',*,*,#4005,.T.);
#4008=ORIENTED_EDGE('',*,*,#4007,.T.);
#4010=ORIENTED_EDGE('',*,*,#4009,.T.);
#4012=ORIENTED_EDGE('',*,*,#4011,.T.);
#4013=EDGE_LOOP('',(#4006,#4008,#4010,#4012));
#4014=FACE_OUTER_BOUND('',#4013,.F.);
#4015=ADVANCED_FACE('',(#4014),#4004,.F.);
#4016=CARTESIAN_POINT('',(-1.500359328633E0,0.E0,-5.638304212468E-1));
#4017=DIRECTION('',(-7.320888004787E-1,0.E0,6.812092103118E-1));
#4018=DIRECTION('',(6.812092103118E-1,0.E0,7.320888004787E-1));
#4019=AXIS2_PLACEMENT_3D('',#4016,#4017,#4018);
#4020=PLANE('',#4019);
#4021=ORIENTED_EDGE('',*,*,#4005,.F.);
#4023=ORIENTED_EDGE('',*,*,#4022,.T.);
#4025=ORIENTED_EDGE('',*,*,#4024,.T.);
#4027=ORIENTED_EDGE('',*,*,#4026,.F.);
#4028=EDGE_LOOP('',(#4021,#4023,#4025,#4027));
#4029=FACE_OUTER_BOUND('',#4028,.F.);
#4030=ADVANCED_FACE('',(#4029),#4020,.T.);
#4031=CARTESIAN_POINT('',(-1.164529077798E0,0.E0,-5.638304212468E-1));
#4032=DIRECTION('',(0.E0,0.E0,-1.E0));
#4033=DIRECTION('',(-1.E0,0.E0,0.E0));
#4034=AXIS2_PLACEMENT_3D('',#4031,#4032,#4033);
#4035=PLANE('',#4034);
#4036=ORIENTED_EDGE('',*,*,#4011,.F.);
#4038=ORIENTED_EDGE('',*,*,#4037,.T.);
#4040=ORIENTED_EDGE('',*,*,#4039,.T.);
#4041=ORIENTED_EDGE('',*,*,#4022,.F.);
#4042=EDGE_LOOP('',(#4036,#4038,#4040,#4041));
#4043=FACE_OUTER_BOUND('',#4042,.F.);
#4044=ADVANCED_FACE('',(#4043),#4035,.T.);
#4045=CARTESIAN_POINT('',(-6.486144634113E-1,0.E0,-9.382088078866E-3));
#4046=DIRECTION('',(7.320888004787E-1,0.E0,-6.812092103118E-1));
#4047=DIRECTION('',(-6.812092103118E-1,0.E0,-7.320888004787E-1));
#4048=AXIS2_PLACEMENT_3D('',#4045,#4046,#4047);
#4049=PLANE('',#4048);
#4050=ORIENTED_EDGE('',*,*,#4009,.F.);
#4052=ORIENTED_EDGE('',*,*,#4051,.T.);
#4054=ORIENTED_EDGE('',*,*,#4053,.T.);
#4055=ORIENTED_EDGE('',*,*,#4037,.F.);
#4056=EDGE_LOOP('',(#4050,#4052,#4054,#4055));
#4057=FACE_OUTER_BOUND('',#4056,.F.);
#4058=ADVANCED_FACE('',(#4057),#4049,.T.);
#4059=CARTESIAN_POINT('',(-9.844447142460E-1,0.E0,-9.382088078866E-3));
#4060=DIRECTION('',(0.E0,0.E0,1.E0));
#4061=DIRECTION('',(1.E0,0.E0,0.E0));
#4062=AXIS2_PLACEMENT_3D('',#4059,#4060,#4061);
#4063=PLANE('',#4062);
#4064=ORIENTED_EDGE('',*,*,#4007,.F.);
#4065=ORIENTED_EDGE('',*,*,#4026,.T.);
#4067=ORIENTED_EDGE('',*,*,#4066,.T.);
#4068=ORIENTED_EDGE('',*,*,#4051,.F.);
#4069=EDGE_LOOP('',(#4064,#4065,#4067,#4068));
#4070=FACE_OUTER_BOUND('',#4069,.F.);
#4071=ADVANCED_FACE('',(#4070),#4063,.T.);
#4072=CARTESIAN_POINT('',(0.E0,2.E-3,0.E0));
#4073=DIRECTION('',(0.E0,1.E0,0.E0));
#4074=DIRECTION('',(1.E0,0.E0,0.E0));
#4075=AXIS2_PLACEMENT_3D('',#4072,#4073,#4074);
#4076=PLANE('',#4075);
#4077=ORIENTED_EDGE('',*,*,#4024,.F.);
#4078=ORIENTED_EDGE('',*,*,#4039,.F.);
#4079=ORIENTED_EDGE('',*,*,#4053,.F.);
#4080=ORIENTED_EDGE('',*,*,#4066,.F.);
#4081=EDGE_LOOP('',(#4077,#4078,#4079,#4080));
#4082=FACE_OUTER_BOUND('',#4081,.F.);
#4083=ADVANCED_FACE('',(#4082),#4076,.T.);
#4084=CLOSED_SHELL('',(#4015,#4030,#4044,#4058,#4071,#4083));
#4085=MANIFOLD_SOLID_BREP('',#4084);
#4087=DIRECTION('',(9.999340732223E-1,0.E0,1.148256108296E-2));
#4088=VECTOR('',#4087,2.931208969648E-1);
#4089=CARTESIAN_POINT('',(-1.5E0,0.E0,-6.762888856745E-1));
#4090=LINE('',#4089,#4088);
#4091=DIRECTION('',(6.998154030102E-1,0.E0,-7.143237373276E-1));
#4092=VECTOR('',#4091,7.775933779078E-1);
#4093=CARTESIAN_POINT('',(-1.206898427551E0,0.E0,-6.729231070704E-1));
#4094=LINE('',#4093,#4092);
#4095=DIRECTION('',(-1.E0,0.E0,0.E0));
#4096=VECTOR('',#4095,3.200505993543E-1);
#4097=CARTESIAN_POINT('',(-6.627266044128E-1,0.E0,-1.228376514899E0));
#4098=LINE('',#4097,#4096);
#4099=DIRECTION('',(-6.836882741972E-1,0.E0,7.297741731010E-1));
#4100=VECTOR('',#4099,7.565184540283E-1);
#4101=CARTESIAN_POINT('',(-9.827772037671E-1,0.E0,-1.228376514899E0));
#4102=LINE('',#4101,#4100);
#4103=DIRECTION('',(0.E0,1.E0,0.E0));
#4104=VECTOR('',#4103,2.E-3);
#4105=CARTESIAN_POINT('',(-1.5E0,0.E0,-6.762888856745E-1));
#4106=LINE('',#4105,#4104);
#4107=DIRECTION('',(0.E0,1.E0,0.E0));
#4108=VECTOR('',#4107,2.E-3);
#4109=CARTESIAN_POINT('',(-9.827772037671E-1,0.E0,-1.228376514899E0));
#4110=LINE('',#4109,#4108);
#4111=DIRECTION('',(0.E0,1.E0,0.E0));
#4112=VECTOR('',#4111,2.E-3);
#4113=CARTESIAN_POINT('',(-6.627266044128E-1,0.E0,-1.228376514899E0));
#4114=LINE('',#4113,#4112);
#4115=DIRECTION('',(0.E0,1.E0,0.E0));
#4116=VECTOR('',#4115,2.E-3);
#4117=CARTESIAN_POINT('',(-1.206898427551E0,0.E0,-6.729231070704E-1));
#4118=LINE('',#4117,#4116);
#4119=DIRECTION('',(9.999340732223E-1,0.E0,1.148256108296E-2));
#4120=VECTOR('',#4119,2.931208969648E-1);
#4121=CARTESIAN_POINT('',(-1.5E0,2.E-3,-6.762888856745E-1));
#4122=LINE('',#4121,#4120);
#4123=DIRECTION('',(-6.836882741972E-1,0.E0,7.297741731010E-1));
#4124=VECTOR('',#4123,7.565184540283E-1);
#4125=CARTESIAN_POINT('',(-9.827772037671E-1,2.E-3,-1.228376514899E0));
#4126=LINE('',#4125,#4124);
#4127=DIRECTION('',(-1.E0,0.E0,0.E0));
#4128=VECTOR('',#4127,3.200505993543E-1);
#4129=CARTESIAN_POINT('',(-6.627266044128E-1,2.E-3,-1.228376514899E0));
#4130=LINE('',#4129,#4128);
#4131=DIRECTION('',(6.998154030102E-1,0.E0,-7.143237373276E-1));
#4132=VECTOR('',#4131,7.775933779078E-1);
#4133=CARTESIAN_POINT('',(-1.206898427551E0,2.E-3,-6.729231070704E-1));
#4134=LINE('',#4133,#4132);
#4135=CARTESIAN_POINT('',(-1.5E0,0.E0,-6.762888856745E-1));
#4136=CARTESIAN_POINT('',(-1.206898427551E0,0.E0,-6.729231070704E-1));
#4137=VERTEX_POINT('',#4135);
#4138=VERTEX_POINT('',#4136);
#4139=CARTESIAN_POINT('',(-6.627266044128E-1,0.E0,-1.228376514899E0));
#4140=VERTEX_POINT('',#4139);
#4141=CARTESIAN_POINT('',(-9.827772037671E-1,0.E0,-1.228376514899E0));
#4142=VERTEX_POINT('',#4141);
#4143=CARTESIAN_POINT('',(-1.5E0,2.E-3,-6.762888856745E-1));
#4144=CARTESIAN_POINT('',(-1.206898427551E0,2.E-3,-6.729231070704E-1));
#4145=VERTEX_POINT('',#4143);
#4146=VERTEX_POINT('',#4144);
#4147=CARTESIAN_POINT('',(-6.627266044128E-1,2.E-3,-1.228376514899E0));
#4148=VERTEX_POINT('',#4147);
#4149=CARTESIAN_POINT('',(-9.827772037671E-1,2.E-3,-1.228376514899E0));
#4150=VERTEX_POINT('',#4149);
#4151=CARTESIAN_POINT('',(0.E0,0.E0,0.E0));
#4152=DIRECTION('',(0.E0,1.E0,0.E0));
#4153=DIRECTION('',(1.E0,0.E0,0.E0));
#4154=AXIS2_PLACEMENT_3D('',#4151,#4152,#4153);
#4155=PLANE('',#4154);
#4157=ORIENTED_EDGE('',*,*,#4156,.T.);
#4159=ORIENTED_EDGE('',*,*,#4158,.T.);
#4161=ORIENTED_EDGE('',*,*,#4160,.T.);
#4163=ORIENTED_EDGE('',*,*,#4162,.T.);
#4164=EDGE_LOOP('',(#4157,#4159,#4161,#4163));
#4165=FACE_OUTER_BOUND('',#4164,.F.);
#4166=ADVANCED_FACE('',(#4165),#4155,.F.);
#4167=CARTESIAN_POINT('',(-1.5E0,0.E0,-6.762888856745E-1));
#4168=DIRECTION('',(-1.148256108296E-2,0.E0,9.999340732223E-1));
#4169=DIRECTION('',(9.999340732223E-1,0.E0,1.148256108296E-2));
#4170=AXIS2_PLACEMENT_3D('',#4167,#4168,#4169);
#4171=PLANE('',#4170);
#4172=ORIENTED_EDGE('',*,*,#4156,.F.);
#4174=ORIENTED_EDGE('',*,*,#4173,.T.);
#4176=ORIENTED_EDGE('',*,*,#4175,.T.);
#4178=ORIENTED_EDGE('',*,*,#4177,.F.);
#4179=EDGE_LOOP('',(#4172,#4174,#4176,#4178));
#4180=FACE_OUTER_BOUND('',#4179,.F.);
#4181=ADVANCED_FACE('',(#4180),#4171,.T.);
#4182=CARTESIAN_POINT('',(-9.827772037671E-1,0.E0,-1.228376514899E0));
#4183=DIRECTION('',(-7.297741731010E-1,0.E0,-6.836882741972E-1));
#4184=DIRECTION('',(-6.836882741972E-1,0.E0,7.297741731010E-1));
#4185=AXIS2_PLACEMENT_3D('',#4182,#4183,#4184);
#4186=PLANE('',#4185);
#4187=ORIENTED_EDGE('',*,*,#4162,.F.);
#4189=ORIENTED_EDGE('',*,*,#4188,.T.);
#4191=ORIENTED_EDGE('',*,*,#4190,.T.);
#4192=ORIENTED_EDGE('',*,*,#4173,.F.);
#4193=EDGE_LOOP('',(#4187,#4189,#4191,#4192));
#4194=FACE_OUTER_BOUND('',#4193,.F.);
#4195=ADVANCED_FACE('',(#4194),#4186,.T.);
#4196=CARTESIAN_POINT('',(-6.627266044128E-1,0.E0,-1.228376514899E0));
#4197=DIRECTION('',(0.E0,0.E0,-1.E0));
#4198=DIRECTION('',(-1.E0,0.E0,0.E0));
#4199=AXIS2_PLACEMENT_3D('',#4196,#4197,#4198);
#4200=PLANE('',#4199);
#4201=ORIENTED_EDGE('',*,*,#4160,.F.);
#4203=ORIENTED_EDGE('',*,*,#4202,.T.);
#4205=ORIENTED_EDGE('',*,*,#4204,.T.);
#4206=ORIENTED_EDGE('',*,*,#4188,.F.);
#4207=EDGE_LOOP('',(#4201,#4203,#4205,#4206));
#4208=FACE_OUTER_BOUND('',#4207,.F.);
#4209=ADVANCED_FACE('',(#4208),#4200,.T.);
#4210=CARTESIAN_POINT('',(-1.206898427551E0,0.E0,-6.729231070704E-1));
#4211=DIRECTION('',(7.143237373276E-1,0.E0,6.998154030102E-1));
#4212=DIRECTION('',(6.998154030102E-1,0.E0,-7.143237373276E-1));
#4213=AXIS2_PLACEMENT_3D('',#4210,#4211,#4212);
#4214=PLANE('',#4213);
#4215=ORIENTED_EDGE('',*,*,#4158,.F.);
#4216=ORIENTED_EDGE('',*,*,#4177,.T.);
#4218=ORIENTED_EDGE('',*,*,#4217,.T.);
#4219=ORIENTED_EDGE('',*,*,#4202,.F.);
#4220=EDGE_LOOP('',(#4215,#4216,#4218,#4219));
#4221=FACE_OUTER_BOUND('',#4220,.F.);
#4222=ADVANCED_FACE('',(#4221),#4214,.T.);
#4223=CARTESIAN_POINT('',(0.E0,2.E-3,0.E0));
#4224=DIRECTION('',(0.E0,1.E0,0.E0));
#4225=DIRECTION('',(1.E0,0.E0,0.E0));
#4226=AXIS2_PLACEMENT_3D('',#4223,#4224,#4225);
#4227=PLANE('',#4226);
#4228=ORIENTED_EDGE('',*,*,#4175,.F.);
#4229=ORIENTED_EDGE('',*,*,#4190,.F.);
#4230=ORIENTED_EDGE('',*,*,#4204,.F.);
#4231=ORIENTED_EDGE('',*,*,#4217,.F.);
#4232=EDGE_LOOP('',(#4228,#4229,#4230,#4231));
#4233=FACE_OUTER_BOUND('',#4232,.F.);
#4234=ADVANCED_FACE('',(#4233),#4227,.T.);
#4235=CLOSED_SHELL('',(#4166,#4181,#4195,#4209,#4222,#4234));
#4236=MANIFOLD_SOLID_BREP('',#4235);
#4238=DIRECTION('',(1.E0,0.E0,0.E0));
#4239=VECTOR('',#4238,7.418544709470E-1);
#4240=CARTESIAN_POINT('',(-9.061716941654E-1,0.E0,-8.425703323471E-1));
#4241=LINE('',#4240,#4239);
#4242=DIRECTION('',(-7.176224164262E-1,0.E0,-6.964323854062E-1));
#4243=VECTOR('',#4242,5.240874607704E-1);
#4244=CARTESIAN_POINT('',(-1.643172232184E-1,0.E0,-8.425703323471E-1));
#4245=LINE('',#4244,#4243);
#4246=DIRECTION('',(-7.078476873217E-1,0.E0,7.063650979156E-1));
#4247=VECTOR('',#4246,5.167178864625E-1);
#4248=CARTESIAN_POINT('',(-5.404141332351E-1,0.E0,-1.207561812813E0));
#4249=LINE('',#4248,#4247);
#4250=DIRECTION('',(0.E0,1.E0,0.E0));
#4251=VECTOR('',#4250,2.E-3);
#4252=CARTESIAN_POINT('',(-9.061716941654E-1,0.E0,-8.425703323471E-1));
#4253=LINE('',#4252,#4251);
#4254=DIRECTION('',(0.E0,1.E0,0.E0));
#4255=VECTOR('',#4254,2.E-3);
#4256=CARTESIAN_POINT('',(-5.404141332351E-1,0.E0,-1.207561812813E0));
#4257=LINE('',#4256,#4255);
#4258=DIRECTION('',(0.E0,1.E0,0.E0));
#4259=VECTOR('',#4258,2.E-3);
#4260=CARTESIAN_POINT('',(-1.643172232184E-1,0.E0,-8.425703323471E-1));
#4261=LINE('',#4260,#4259);
#4262=DIRECTION('',(1.E0,0.E0,0.E0));
#4263=VECTOR('',#4262,7.418544709470E-1);
#4264=CARTESIAN_POINT('',(-9.061716941654E-1,2.E-3,-8.425703323471E-1));
#4265=LINE('',#4264,#4263);
#4266=DIRECTION('',(-7.078476873217E-1,0.E0,7.063650979156E-1));
#4267=VECTOR('',#4266,5.167178864625E-1);
#4268=CARTESIAN_POINT('',(-5.404141332351E-1,2.E-3,-1.207561812813E0));
#4269=LINE('',#4268,#4267);
#4270=DIRECTION('',(-7.176224164262E-1,0.E0,-6.964323854062E-1));
#4271=VECTOR('',#4270,5.240874607704E-1);
#4272=CARTESIAN_POINT('',(-1.643172232184E-1,2.E-3,-8.425703323471E-1));
#4273=LINE('',#4272,#4271);
#4274=CARTESIAN_POINT('',(-9.061716941654E-1,0.E0,-8.425703323471E-1));
#4275=CARTESIAN_POINT('',(-1.643172232184E-1,0.E0,-8.425703323471E-1));
#4276=VERTEX_POINT('',#4274);
#4277=VERTEX_POINT('',#4275);
#4278=CARTESIAN_POINT('',(-5.404141332351E-1,0.E0,-1.207561812813E0));
#4279=VERTEX_POINT('',#4278);
#4280=CARTESIAN_POINT('',(-9.061716941654E-1,2.E-3,-8.425703323471E-1));
#4281=CARTESIAN_POINT('',(-1.643172232184E-1,2.E-3,-8.425703323471E-1));
#4282=VERTEX_POINT('',#4280);
#4283=VERTEX_POINT('',#4281);
#4284=CARTESIAN_POINT('',(-5.404141332351E-1,2.E-3,-1.207561812813E0));
#4285=VERTEX_POINT('',#4284);
#4286=CARTESIAN_POINT('',(0.E0,0.E0,0.E0));
#4287=DIRECTION('',(0.E0,1.E0,0.E0));
#4288=DIRECTION('',(1.E0,0.E0,0.E0));
#4289=AXIS2_PLACEMENT_3D('',#4286,#4287,#4288);
#4290=PLANE('',#4289);
#4292=ORIENTED_EDGE('',*,*,#4291,.T.);
#4294=ORIENTED_EDGE('',*,*,#4293,.T.);
#4296=ORIENTED_EDGE('',*,*,#4295,.T.);
#4297=EDGE_LOOP('',(#4292,#4294,#4296));
#4298=FACE_OUTER_BOUND('',#4297,.F.);
#4299=ADVANCED_FACE('',(#4298),#4290,.F.);
#4300=CARTESIAN_POINT('',(-9.061716941654E-1,0.E0,-8.425703323471E-1));
#4301=DIRECTION('',(0.E0,0.E0,1.E0));
#4302=DIRECTION('',(1.E0,0.E0,0.E0));
#4303=AXIS2_PLACEMENT_3D('',#4300,#4301,#4302);
#4304=PLANE('',#4303);
#4305=ORIENTED_EDGE('',*,*,#4291,.F.);
#4307=ORIENTED_EDGE('',*,*,#4306,.T.);
#4309=ORIENTED_EDGE('',*,*,#4308,.T.);
#4311=ORIENTED_EDGE('',*,*,#4310,.F.);
#4312=EDGE_LOOP('',(#4305,#4307,#4309,#4311));
#4313=FACE_OUTER_BOUND('',#4312,.F.);
#4314=ADVANCED_FACE('',(#4313),#4304,.T.);
#4315=CARTESIAN_POINT('',(-5.404141332351E-1,0.E0,-1.207561812813E0));
#4316=DIRECTION('',(-7.063650979156E-1,0.E0,-7.078476873217E-1));
#4317=DIRECTION('',(-7.078476873217E-1,0.E0,7.063650979156E-1));
#4318=AXIS2_PLACEMENT_3D('',#4315,#4316,#4317);
#4319=PLANE('',#4318);
#4320=ORIENTED_EDGE('',*,*,#4295,.F.);
#4322=ORIENTED_EDGE('',*,*,#4321,.T.);
#4324=ORIENTED_EDGE('',*,*,#4323,.T.);
#4325=ORIENTED_EDGE('',*,*,#4306,.F.);
#4326=EDGE_LOOP('',(#4320,#4322,#4324,#4325));
#4327=FACE_OUTER_BOUND('',#4326,.F.);
#4328=ADVANCED_FACE('',(#4327),#4319,.T.);
#4329=CARTESIAN_POINT('',(-1.643172232184E-1,0.E0,-8.425703323471E-1));
#4330=DIRECTION('',(6.964323854062E-1,0.E0,-7.176224164262E-1));
#4331=DIRECTION('',(-7.176224164262E-1,0.E0,-6.964323854062E-1));
#4332=AXIS2_PLACEMENT_3D('',#4329,#4330,#4331);
#4333=PLANE('',#4332);
#4334=ORIENTED_EDGE('',*,*,#4293,.F.);
#4335=ORIENTED_EDGE('',*,*,#4310,.T.);
#4337=ORIENTED_EDGE('',*,*,#4336,.T.);
#4338=ORIENTED_EDGE('',*,*,#4321,.F.);
#4339=EDGE_LOOP('',(#4334,#4335,#4337,#4338));
#4340=FACE_OUTER_BOUND('',#4339,.F.);
#4341=ADVANCED_FACE('',(#4340),#4333,.T.);
#4342=CARTESIAN_POINT('',(0.E0,2.E-3,0.E0));
#4343=DIRECTION('',(0.E0,1.E0,0.E0));
#4344=DIRECTION('',(1.E0,0.E0,0.E0));
#4345=AXIS2_PLACEMENT_3D('',#4342,#4343,#4344);
#4346=PLANE('',#4345);
#4347=ORIENTED_EDGE('',*,*,#4308,.F.);
#4348=ORIENTED_EDGE('',*,*,#4323,.F.);
#4349=ORIENTED_EDGE('',*,*,#4336,.F.);
#4350=EDGE_LOOP('',(#4347,#4348,#4349));
#4351=FACE_OUTER_BOUND('',#4350,.F.);
#4352=ADVANCED_FACE('',(#4351),#4346,.T.);
#4353=CLOSED_SHELL('',(#4299,#4314,#4328,#4341,#4352));
#4354=MANIFOLD_SOLID_BREP('',#4353);
#4356=DIRECTION('',(7.083418890178E-1,0.E0,7.058695122066E-1));
#4357=VECTOR('',#4356,5.110878033495E-1);
#4358=CARTESIAN_POINT('',(-9.170416023638E-1,0.E0,-4.051403438678E-1));
#4359=LINE('',#4358,#4357);
#4360=DIRECTION('',(7.031125926623E-1,0.E0,-7.110785343686E-1));
#4361=VECTOR('',#4360,5.073438178884E-1);
#4362=CARTESIAN_POINT('',(-5.550167022852E-1,0.E0,-4.437904542278E-2));
#4363=LINE('',#4362,#4361);
#4364=DIRECTION('',(-1.E0,0.E0,0.E0));
#4365=VECTOR('',#4364,7.187447272453E-1);
#4366=CARTESIAN_POINT('',(-1.982968751185E-1,0.E0,-4.051403438678E-1));
#4367=LINE('',#4366,#4365);
#4368=DIRECTION('',(0.E0,1.E0,0.E0));
#4369=VECTOR('',#4368,2.E-3);
#4370=CARTESIAN_POINT('',(-9.170416023638E-1,0.E0,-4.051403438678E-1));
#4371=LINE('',#4370,#4369);
#4372=DIRECTION('',(0.E0,1.E0,0.E0));
#4373=VECTOR('',#4372,2.E-3);
#4374=CARTESIAN_POINT('',(-1.982968751185E-1,0.E0,-4.051403438678E-1));
#4375=LINE('',#4374,#4373);
#4376=DIRECTION('',(0.E0,1.E0,0.E0));
#4377=VECTOR('',#4376,2.E-3);
#4378=CARTESIAN_POINT('',(-5.550167022852E-1,0.E0,-4.437904542278E-2));
#4379=LINE('',#4378,#4377);
#4380=DIRECTION('',(7.083418890178E-1,0.E0,7.058695122066E-1));
#4381=VECTOR('',#4380,5.110878033495E-1);
#4382=CARTESIAN_POINT('',(-9.170416023638E-1,2.E-3,-4.051403438678E-1));
#4383=LINE('',#4382,#4381);
#4384=DIRECTION('',(-1.E0,0.E0,0.E0));
#4385=VECTOR('',#4384,7.187447272453E-1);
#4386=CARTESIAN_POINT('',(-1.982968751185E-1,2.E-3,-4.051403438678E-1));
#4387=LINE('',#4386,#4385);
#4388=DIRECTION('',(7.031125926623E-1,0.E0,-7.110785343686E-1));
#4389=VECTOR('',#4388,5.073438178884E-1);
#4390=CARTESIAN_POINT('',(-5.550167022852E-1,2.E-3,-4.437904542278E-2));
#4391=LINE('',#4390,#4389);
#4392=CARTESIAN_POINT('',(-9.170416023638E-1,0.E0,-4.051403438678E-1));
#4393=CARTESIAN_POINT('',(-5.550167022852E-1,0.E0,-4.437904542278E-2));
#4394=VERTEX_POINT('',#4392);
#4395=VERTEX_POINT('',#4393);
#4396=CARTESIAN_POINT('',(-1.982968751185E-1,0.E0,-4.051403438678E-1));
#4397=VERTEX_POINT('',#4396);
#4398=CARTESIAN_POINT('',(-9.170416023638E-1,2.E-3,-4.051403438678E-1));
#4399=CARTESIAN_POINT('',(-5.550167022852E-1,2.E-3,-4.437904542278E-2));
#4400=VERTEX_POINT('',#4398);
#4401=VERTEX_POINT('',#4399);
#4402=CARTESIAN_POINT('',(-1.982968751185E-1,2.E-3,-4.051403438678E-1));
#4403=VERTEX_POINT('',#4402);
#4404=CARTESIAN_POINT('',(0.E0,0.E0,0.E0));
#4405=DIRECTION('',(0.E0,1.E0,0.E0));
#4406=DIRECTION('',(1.E0,0.E0,0.E0));
#4407=AXIS2_PLACEMENT_3D('',#4404,#4405,#4406);
#4408=PLANE('',#4407);
#4410=ORIENTED_EDGE('',*,*,#4409,.T.);
#4412=ORIENTED_EDGE('',*,*,#4411,.T.);
#4414=ORIENTED_EDGE('',*,*,#4413,.T.);
#4415=EDGE_LOOP('',(#4410,#4412,#4414));
#4416=FACE_OUTER_BOUND('',#4415,.F.);
#4417=ADVANCED_FACE('',(#4416),#4408,.F.);
#4418=CARTESIAN_POINT('',(-9.170416023638E-1,0.E0,-4.051403438678E-1));
#4419=DIRECTION('',(-7.058695122066E-1,0.E0,7.083418890178E-1));
#4420=DIRECTION('',(7.083418890178E-1,0.E0,7.058695122066E-1));
#4421=AXIS2_PLACEMENT_3D('',#4418,#4419,#4420);
#4422=PLANE('',#4421);
#4423=ORIENTED_EDGE('',*,*,#4409,.F.);
#4425=ORIENTED_EDGE('',*,*,#4424,.T.);
#4427=ORIENTED_EDGE('',*,*,#4426,.T.);
#4429=ORIENTED_EDGE('',*,*,#4428,.F.);
#4430=EDGE_LOOP('',(#4423,#4425,#4427,#4429));
#4431=FACE_OUTER_BOUND('',#4430,.F.);
#4432=ADVANCED_FACE('',(#4431),#4422,.T.);
#4433=CARTESIAN_POINT('',(-1.982968751185E-1,0.E0,-4.051403438678E-1));
#4434=DIRECTION('',(0.E0,0.E0,-1.E0));
#4435=DIRECTION('',(-1.E0,0.E0,0.E0));
#4436=AXIS2_PLACEMENT_3D('',#4433,#4434,#4435);
#4437=PLANE('',#4436);
#4438=ORIENTED_EDGE('',*,*,#4413,.F.);
#4440=ORIENTED_EDGE('',*,*,#4439,.T.);
#4442=ORIENTED_EDGE('',*,*,#4441,.T.);
#4443=ORIENTED_EDGE('',*,*,#4424,.F.);
#4444=EDGE_LOOP('',(#4438,#4440,#4442,#4443));
#4445=FACE_OUTER_BOUND('',#4444,.F.);
#4446=ADVANCED_FACE('',(#4445),#4437,.T.);
#4447=CARTESIAN_POINT('',(-5.550167022852E-1,0.E0,-4.437904542278E-2));
#4448=DIRECTION('',(7.110785343686E-1,0.E0,7.031125926623E-1));
#4449=DIRECTION('',(7.031125926623E-1,0.E0,-7.110785343686E-1));
#4450=AXIS2_PLACEMENT_3D('',#4447,#4448,#4449);
#4451=PLANE('',#4450);
#4452=ORIENTED_EDGE('',*,*,#4411,.F.);
#4453=ORIENTED_EDGE('',*,*,#4428,.T.);
#4455=ORIENTED_EDGE('',*,*,#4454,.T.);
#4456=ORIENTED_EDGE('',*,*,#4439,.F.);
#4457=EDGE_LOOP('',(#4452,#4453,#4455,#4456));
#4458=FACE_OUTER_BOUND('',#4457,.F.);
#4459=ADVANCED_FACE('',(#4458),#4451,.T.);
#4460=CARTESIAN_POINT('',(0.E0,2.E-3,0.E0));
#4461=DIRECTION('',(0.E0,1.E0,0.E0));
#4462=DIRECTION('',(1.E0,0.E0,0.E0));
#4463=AXIS2_PLACEMENT_3D('',#4460,#4461,#4462);
#4464=PLANE('',#4463);
#4465=ORIENTED_EDGE('',*,*,#4426,.F.);
#4466=ORIENTED_EDGE('',*,*,#4441,.F.);
#4467=ORIENTED_EDGE('',*,*,#4454,.F.);
#4468=EDGE_LOOP('',(#4465,#4466,#4467));
#4469=FACE_OUTER_BOUND('',#4468,.F.);
#4470=ADVANCED_FACE('',(#4469),#4464,.T.);
#4471=CLOSED_SHELL('',(#4417,#4432,#4446,#4459,#4470));
#4472=MANIFOLD_SOLID_BREP('',#4471);
#4474=DIRECTION('',(5.946968486232E-1,0.E0,8.039500346649E-1));
#4475=VECTOR('',#4474,9.744685731668E-2);
#4476=CARTESIAN_POINT('',(-1.119499133302E0,0.E0,-6.401399855432E-1));
#4477=LINE('',#4476,#4475);
#4478=DIRECTION('',(1.E0,0.E0,0.E0));
#4479=VECTOR('',#4478,9.9E-1);
#4480=CARTESIAN_POINT('',(-1.061547794348E0,0.E0,-5.617975812254E-1));
#4481=LINE('',#4480,#4479);
#4482=DIRECTION('',(5.244025373082E-1,0.E0,-8.514704803249E-1));
#4483=VECTOR('',#4482,1.036862711351E-1);
#4484=CARTESIAN_POINT('',(-7.154779434799E-2,0.E0,-5.617975812254E-1));
#4485=LINE('',#4484,#4483);
#4486=DIRECTION('',(-7.851959171590E-1,0.E0,-6.192474236336E-1));
#4487=VECTOR('',#4486,1.428943402233E-1);
#4488=CARTESIAN_POINT('',(-1.717445068070E-2,0.E0,-6.500833803120E-1));
#4489=LINE('',#4488,#4487);
#4490=DIRECTION('',(-1.E0,0.E0,0.E0));
#4491=VECTOR('',#4490,8.748271224426E-1);
#4492=CARTESIAN_POINT('',(-1.293745032092E-1,0.E0,-7.385703323471E-1));
#4493=LINE('',#4492,#4491);
#4494=DIRECTION('',(-7.605461137705E-1,0.E0,6.492839200446E-1));
#4495=VECTOR('',#4494,1.515983127953E-1);
#4496=CARTESIAN_POINT('',(-1.004201625652E0,0.E0,-7.385703323471E-1));
#4497=LINE('',#4496,#4495);
#4498=DIRECTION('',(0.E0,1.E0,0.E0));
#4499=VECTOR('',#4498,2.E-3);
#4500=CARTESIAN_POINT('',(-1.119499133302E0,0.E0,-6.401399855432E-1));
#4501=LINE('',#4500,#4499);
#4502=DIRECTION('',(0.E0,1.E0,0.E0));
#4503=VECTOR('',#4502,2.E-3);
#4504=CARTESIAN_POINT('',(-1.004201625652E0,0.E0,-7.385703323471E-1));
#4505=LINE('',#4504,#4503);
#4506=DIRECTION('',(0.E0,1.E0,0.E0));
#4507=VECTOR('',#4506,2.E-3);
#4508=CARTESIAN_POINT('',(-1.293745032092E-1,0.E0,-7.385703323471E-1));
#4509=LINE('',#4508,#4507);
#4510=DIRECTION('',(0.E0,1.E0,0.E0));
#4511=VECTOR('',#4510,2.E-3);
#4512=CARTESIAN_POINT('',(-1.717445068070E-2,0.E0,-6.500833803120E-1));
#4513=LINE('',#4512,#4511);
#4514=DIRECTION('',(0.E0,1.E0,0.E0));
#4515=VECTOR('',#4514,2.E-3);
#4516=CARTESIAN_POINT('',(-7.154779434799E-2,0.E0,-5.617975812254E-1));
#4517=LINE('',#4516,#4515);
#4518=DIRECTION('',(0.E0,1.E0,0.E0));
#4519=VECTOR('',#4518,2.E-3);
#4520=CARTESIAN_POINT('',(-1.061547794348E0,0.E0,-5.617975812254E-1));
#4521=LINE('',#4520,#4519);
#4522=DIRECTION('',(5.946968486232E-1,0.E0,8.039500346649E-1));
#4523=VECTOR('',#4522,9.744685731668E-2);
#4524=CARTESIAN_POINT('',(-1.119499133302E0,2.E-3,-6.401399855432E-1));
#4525=LINE('',#4524,#4523);
#4526=DIRECTION('',(-7.605461137705E-1,0.E0,6.492839200446E-1));
#4527=VECTOR('',#4526,1.515983127953E-1);
#4528=CARTESIAN_POINT('',(-1.004201625652E0,2.E-3,-7.385703323471E-1));
#4529=LINE('',#4528,#4527);
#4530=DIRECTION('',(-1.E0,0.E0,0.E0));
#4531=VECTOR('',#4530,8.748271224426E-1);
#4532=CARTESIAN_POINT('',(-1.293745032092E-1,2.E-3,-7.385703323471E-1));
#4533=LINE('',#4532,#4531);
#4534=DIRECTION('',(-7.851959171590E-1,0.E0,-6.192474236336E-1));
#4535=VECTOR('',#4534,1.428943402233E-1);
#4536=CARTESIAN_POINT('',(-1.717445068070E-2,2.E-3,-6.500833803120E-1));
#4537=LINE('',#4536,#4535);
#4538=DIRECTION('',(5.244025373082E-1,0.E0,-8.514704803249E-1));
#4539=VECTOR('',#4538,1.036862711351E-1);
#4540=CARTESIAN_POINT('',(-7.154779434799E-2,2.E-3,-5.617975812254E-1));
#4541=LINE('',#4540,#4539);
#4542=DIRECTION('',(1.E0,0.E0,0.E0));
#4543=VECTOR('',#4542,9.9E-1);
#4544=CARTESIAN_POINT('',(-1.061547794348E0,2.E-3,-5.617975812254E-1));
#4545=LINE('',#4544,#4543);
#4546=CARTESIAN_POINT('',(-1.119499133302E0,0.E0,-6.401399855432E-1));
#4547=CARTESIAN_POINT('',(-1.061547794348E0,0.E0,-5.617975812254E-1));
#4548=VERTEX_POINT('',#4546);
#4549=VERTEX_POINT('',#4547);
#4550=CARTESIAN_POINT('',(-7.154779434799E-2,0.E0,-5.617975812254E-1));
#4551=VERTEX_POINT('',#4550);
#4552=CARTESIAN_POINT('',(-1.717445068070E-2,0.E0,-6.500833803120E-1));
#4553=VERTEX_POINT('',#4552);
#4554=CARTESIAN_POINT('',(-1.293745032092E-1,0.E0,-7.385703323471E-1));
#4555=VERTEX_POINT('',#4554);
#4556=CARTESIAN_POINT('',(-1.004201625652E0,0.E0,-7.385703323471E-1));
#4557=VERTEX_POINT('',#4556);
#4558=CARTESIAN_POINT('',(-1.119499133302E0,2.E-3,-6.401399855432E-1));
#4559=CARTESIAN_POINT('',(-1.061547794348E0,2.E-3,-5.617975812254E-1));
#4560=VERTEX_POINT('',#4558);
#4561=VERTEX_POINT('',#4559);
#4562=CARTESIAN_POINT('',(-7.154779434799E-2,2.E-3,-5.617975812254E-1));
#4563=VERTEX_POINT('',#4562);
#4564=CARTESIAN_POINT('',(-1.717445068070E-2,2.E-3,-6.500833803120E-1));
#4565=VERTEX_POINT('',#4564);
#4566=CARTESIAN_POINT('',(-1.293745032092E-1,2.E-3,-7.385703323471E-1));
#4567=VERTEX_POINT('',#4566);
#4568=CARTESIAN_POINT('',(-1.004201625652E0,2.E-3,-7.385703323471E-1));
#4569=VERTEX_POINT('',#4568);
#4570=CARTESIAN_POINT('',(0.E0,0.E0,0.E0));
#4571=DIRECTION('',(0.E0,1.E0,0.E0));
#4572=DIRECTION('',(1.E0,0.E0,0.E0));
#4573=AXIS2_PLACEMENT_3D('',#4570,#4571,#4572);
#4574=PLANE('',#4573);
#4576=ORIENTED_EDGE('',*,*,#4575,.T.);
#4578=ORIENTED_EDGE('',*,*,#4577,.T.);
#4580=ORIENTED_EDGE('',*,*,#4579,.T.);
#4582=ORIENTED_EDGE('',*,*,#4581,.T.);
#4584=ORIENTED_EDGE('',*,*,#4583,.T.);
#4586=ORIENTED_EDGE('',*,*,#4585,.T.);
#4587=EDGE_LOOP('',(#4576,#4578,#4580,#4582,#4584,#4586));
#4588=FACE_OUTER_BOUND('',#4587,.F.);
#4589=ADVANCED_FACE('',(#4588),#4574,.F.);
#4590=CARTESIAN_POINT('',(-1.119499133302E0,0.E0,-6.401399855432E-1));
#4591=DIRECTION('',(-8.039500346649E-1,0.E0,5.946968486232E-1));
#4592=DIRECTION('',(5.946968486232E-1,0.E0,8.039500346649E-1));
#4593=AXIS2_PLACEMENT_3D('',#4590,#4591,#4592);
#4594=PLANE('',#4593);
#4595=ORIENTED_EDGE('',*,*,#4575,.F.);
#4597=ORIENTED_EDGE('',*,*,#4596,.T.);
#4599=ORIENTED_EDGE('',*,*,#4598,.T.);
#4601=ORIENTED_EDGE('',*,*,#4600,.F.);
#4602=EDGE_LOOP('',(#4595,#4597,#4599,#4601));
#4603=FACE_OUTER_BOUND('',#4602,.F.);
#4604=ADVANCED_FACE('',(#4603),#4594,.T.);
#4605=CARTESIAN_POINT('',(-1.004201625652E0,0.E0,-7.385703323471E-1));
#4606=DIRECTION('',(-6.492839200446E-1,0.E0,-7.605461137705E-1));
#4607=DIRECTION('',(-7.605461137705E-1,0.E0,6.492839200446E-1));
#4608=AXIS2_PLACEMENT_3D('',#4605,#4606,#4607);
#4609=PLANE('',#4608);
#4610=ORIENTED_EDGE('',*,*,#4585,.F.);
#4612=ORIENTED_EDGE('',*,*,#4611,.T.);
#4614=ORIENTED_EDGE('',*,*,#4613,.T.);
#4615=ORIENTED_EDGE('',*,*,#4596,.F.);
#4616=EDGE_LOOP('',(#4610,#4612,#4614,#4615));
#4617=FACE_OUTER_BOUND('',#4616,.F.);
#4618=ADVANCED_FACE('',(#4617),#4609,.T.);
#4619=CARTESIAN_POINT('',(-1.293745032092E-1,0.E0,-7.385703323471E-1));
#4620=DIRECTION('',(0.E0,0.E0,-1.E0));
#4621=DIRECTION('',(-1.E0,0.E0,0.E0));
#4622=AXIS2_PLACEMENT_3D('',#4619,#4620,#4621);
#4623=PLANE('',#4622);
#4624=ORIENTED_EDGE('',*,*,#4583,.F.);
#4626=ORIENTED_EDGE('',*,*,#4625,.T.);
#4628=ORIENTED_EDGE('',*,*,#4627,.T.);
#4629=ORIENTED_EDGE('',*,*,#4611,.F.);
#4630=EDGE_LOOP('',(#4624,#4626,#4628,#4629));
#4631=FACE_OUTER_BOUND('',#4630,.F.);
#4632=ADVANCED_FACE('',(#4631),#4623,.T.);
#4633=CARTESIAN_POINT('',(-1.717445068070E-2,0.E0,-6.500833803120E-1));
#4634=DIRECTION('',(6.192474236336E-1,0.E0,-7.851959171590E-1));
#4635=DIRECTION('',(-7.851959171590E-1,0.E0,-6.192474236336E-1));
#4636=AXIS2_PLACEMENT_3D('',#4633,#4634,#4635);
#4637=PLANE('',#4636);
#4638=ORIENTED_EDGE('',*,*,#4581,.F.);
#4640=ORIENTED_EDGE('',*,*,#4639,.T.);
#4642=ORIENTED_EDGE('',*,*,#4641,.T.);
#4643=ORIENTED_EDGE('',*,*,#4625,.F.);
#4644=EDGE_LOOP('',(#4638,#4640,#4642,#4643));
#4645=FACE_OUTER_BOUND('',#4644,.F.);
#4646=ADVANCED_FACE('',(#4645),#4637,.T.);
#4647=CARTESIAN_POINT('',(-7.154779434799E-2,0.E0,-5.617975812254E-1));
#4648=DIRECTION('',(8.514704803249E-1,0.E0,5.244025373083E-1));
#4649=DIRECTION('',(5.244025373083E-1,0.E0,-8.514704803249E-1));
#4650=AXIS2_PLACEMENT_3D('',#4647,#4648,#4649);
#4651=PLANE('',#4650);
#4652=ORIENTED_EDGE('',*,*,#4579,.F.);
#4654=ORIENTED_EDGE('',*,*,#4653,.T.);
#4656=ORIENTED_EDGE('',*,*,#4655,.T.);
#4657=ORIENTED_EDGE('',*,*,#4639,.F.);
#4658=EDGE_LOOP('',(#4652,#4654,#4656,#4657));
#4659=FACE_OUTER_BOUND('',#4658,.F.);
#4660=ADVANCED_FACE('',(#4659),#4651,.T.);
#4661=CARTESIAN_POINT('',(-1.061547794348E0,0.E0,-5.617975812254E-1));
#4662=DIRECTION('',(0.E0,0.E0,1.E0));
#4663=DIRECTION('',(1.E0,0.E0,0.E0));
#4664=AXIS2_PLACEMENT_3D('',#4661,#4662,#4663);
#4665=PLANE('',#4664);
#4666=ORIENTED_EDGE('',*,*,#4577,.F.);
#4667=ORIENTED_EDGE('',*,*,#4600,.T.);
#4669=ORIENTED_EDGE('',*,*,#4668,.T.);
#4670=ORIENTED_EDGE('',*,*,#4653,.F.);
#4671=EDGE_LOOP('',(#4666,#4667,#4669,#4670));
#4672=FACE_OUTER_BOUND('',#4671,.F.);
#4673=ADVANCED_FACE('',(#4672),#4665,.T.);
#4674=CARTESIAN_POINT('',(0.E0,2.E-3,0.E0));
#4675=DIRECTION('',(0.E0,1.E0,0.E0));
#4676=DIRECTION('',(1.E0,0.E0,0.E0));
#4677=AXIS2_PLACEMENT_3D('',#4674,#4675,#4676);
#4678=PLANE('',#4677);
#4679=ORIENTED_EDGE('',*,*,#4598,.F.);
#4680=ORIENTED_EDGE('',*,*,#4613,.F.);
#4681=ORIENTED_EDGE('',*,*,#4627,.F.);
#4682=ORIENTED_EDGE('',*,*,#4641,.F.);
#4683=ORIENTED_EDGE('',*,*,#4655,.F.);
#4684=ORIENTED_EDGE('',*,*,#4668,.F.);
#4685=EDGE_LOOP('',(#4679,#4680,#4681,#4682,#4683,#4684));
#4686=FACE_OUTER_BOUND('',#4685,.F.);
#4687=ADVANCED_FACE('',(#4686),#4678,.T.);
#4688=CLOSED_SHELL('',(#4589,#4604,#4618,#4632,#4646,#4660,#4673,#4687));
#4689=MANIFOLD_SOLID_BREP('',#4688);
#4691=DIRECTION('',(0.E0,1.E0,0.E0));
#4692=VECTOR('',#4691,2.E-3);
#4693=CARTESIAN_POINT('',(-5.479374999385E0,0.E0,-7.582978999615E-1));
#4694=LINE('',#4693,#4692);
#4695=DIRECTION('',(-1.E0,0.E0,0.E0));
#4696=VECTOR('',#4695,1.2375E-1);
#4697=CARTESIAN_POINT('',(-4.695625E0,0.E0,-2.527659568191E-1));
#4698=LINE('',#4697,#4696);
#4699=DIRECTION('',(-3.102797975506E-1,0.E0,9.506452793929E-1));
#4700=VECTOR('',#4699,6.647219861971E-2);
#4701=CARTESIAN_POINT('',(-4.819375E0,0.E0,-2.527659568191E-1));
#4702=LINE('',#4701,#4700);
#4703=DIRECTION('',(-8.265991871191E-1,0.E0,5.627910658976E-1));
#4704=VECTOR('',#4703,7.485490061471E-2);
#4705=CARTESIAN_POINT('',(-4.839999980330E0,0.E0,-1.895744749904E-1));
#4706=LINE('',#4705,#4704);
#4707=DIRECTION('',(-9.689177459678E-1,0.E0,2.473831068378E-1));
#4708=VECTOR('',#4707,8.514658719215E-2);
#4709=CARTESIAN_POINT('',(-4.901874980330E0,0.E0,-1.474468056858E-1));
#4710=LINE('',#4709,#4708);
#4711=DIRECTION('',(-1.E0,0.E0,0.E0));
#4712=VECTOR('',#4711,1.856249704957E-1);
#4713=CARTESIAN_POINT('',(-4.984375019670E0,0.E0,-1.263829784095E-1));
#4714=LINE('',#4713,#4712);
#4715=DIRECTION('',(-9.689177247618E-1,0.E0,-2.473831898946E-1));
#4716=VECTOR('',#4715,8.514655860491E-2);
#4717=CARTESIAN_POINT('',(-5.169999990165E0,0.E0,-1.263829784095E-1));
#4718=LINE('',#4717,#4716);
#4719=DIRECTION('',(-8.265991871191E-1,0.E0,-5.627910658976E-1));
#4720=VECTOR('',#4719,7.485490061471E-2);
#4721=CARTESIAN_POINT('',(-5.2525E0,0.E0,-1.474468056858E-1));
#4722=LINE('',#4721,#4720);
#4723=DIRECTION('',(-5.466225923193E-1,0.E0,-8.373790907147E-1));
#4724=VECTOR('',#4723,7.546341021574E-2);
#4725=CARTESIAN_POINT('',(-5.314375E0,0.E0,-1.895744749904E-1));
#4726=LINE('',#4725,#4724);
#4727=DIRECTION('',(-2.377712989836E-1,0.E0,-9.713211669575E-1));
#4728=VECTOR('',#4727,8.674299703448E-2);
#4729=CARTESIAN_POINT('',(-5.355625004917E0,0.E0,-2.527659568191E-1));
#4730=LINE('',#4729,#4728);
#4731=DIRECTION('',(0.E0,0.E0,-1.E0));
#4732=VECTOR('',#4731,3.159574386477E-1);
#4733=CARTESIAN_POINT('',(-5.37625E0,0.E0,-3.370212659240E-1));
#4734=LINE('',#4733,#4732);
#4735=DIRECTION('',(2.377712989836E-1,0.E0,-9.713211669575E-1));
#4736=VECTOR('',#4735,8.674299703448E-2);
#4737=CARTESIAN_POINT('',(-5.37625E0,0.E0,-6.529787045717E-1));
#4738=LINE('',#4737,#4736);
#4739=DIRECTION('',(5.466222343973E-1,0.E0,-8.373793243581E-1));
#4740=VECTOR('',#4739,7.546345962832E-2);
#4741=CARTESIAN_POINT('',(-5.355625004917E0,0.E0,-7.372340136766E-1));
#4742=LINE('',#4741,#4740);
#4743=DIRECTION('',(8.265992787996E-1,0.E0,-5.627909312418E-1));
#4744=VECTOR('',#4743,7.485489231233E-2);
#4745=CARTESIAN_POINT('',(-5.314375E0,0.E0,-8.004255545139E-1));
#4746=LINE('',#4745,#4744);
#4747=DIRECTION('',(9.689177247618E-1,0.E0,-2.473831898946E-1));
#4748=VECTOR('',#4747,8.514655860491E-2);
#4749=CARTESIAN_POINT('',(-5.2525E0,0.E0,-8.425532090664E-1));
#4750=LINE('',#4749,#4748);
#4751=DIRECTION('',(1.E0,0.E0,0.E0));
#4752=VECTOR('',#4751,1.856249704957E-1);
#4753=CARTESIAN_POINT('',(-5.169999990165E0,0.E0,-8.636170363426E-1));
#4754=LINE('',#4753,#4752);
#4755=DIRECTION('',(9.689177459678E-1,0.E0,2.473831068378E-1));
#4756=VECTOR('',#4755,8.514658719215E-2);
#4757=CARTESIAN_POINT('',(-4.984375019670E0,0.E0,-8.636170363426E-1));
#4758=LINE('',#4757,#4756);
#4759=DIRECTION('',(8.265992787996E-1,0.E0,5.627909312417E-1));
#4760=VECTOR('',#4759,7.485489231234E-2);
#4761=CARTESIAN_POINT('',(-4.901874980330E0,0.E0,-8.425532090664E-1));
#4762=LINE('',#4761,#4760);
#4763=DIRECTION('',(3.102795357040E-1,0.E0,9.506453648566E-1));
#4764=VECTOR('',#4763,6.647225471595E-2);
#4765=CARTESIAN_POINT('',(-4.839999980330E0,0.E0,-8.004255545139E-1));
#4766=LINE('',#4765,#4764);
#4767=DIRECTION('',(1.E0,0.E0,0.E0));
#4768=VECTOR('',#4767,1.2375E-1);
#4769=CARTESIAN_POINT('',(-4.819375E0,0.E0,-7.372340136766E-1));
#4770=LINE('',#4769,#4768);
#4771=DIRECTION('',(-1.921825732045E-1,0.E0,-9.813591893677E-1));
#4772=VECTOR('',#4771,1.073197220047E-1);
#4773=CARTESIAN_POINT('',(-4.695625E0,0.E0,-7.372340136766E-1));
#4774=LINE('',#4773,#4772);
#4775=DIRECTION('',(-6.996250055017E-1,0.E0,-7.145102180353E-1));
#4776=VECTOR('',#4775,1.179203697557E-1);
#4777=CARTESIAN_POINT('',(-4.716249980330E0,0.E0,-8.425532090664E-1));
#4778=LINE('',#4777,#4776);
#4779=DIRECTION('',(-8.906052429498E-1,0.E0,-4.547771995497E-1));
#4780=VECTOR('',#4779,9.263361178654E-2);
#4781=CARTESIAN_POINT('',(-4.798750019670E0,0.E0,-9.268085181713E-1));
#4782=LINE('',#4781,#4780);
#4783=DIRECTION('',(-9.797707167625E-1,0.E0,-2.001233184181E-1));
#4784=VECTOR('',#4783,1.052542374509E-1);
#4785=CARTESIAN_POINT('',(-4.88125E0,0.E0,-9.689361727238E-1));
#4786=LINE('',#4785,#4784);
#4787=DIRECTION('',(-1.E0,0.E0,0.E0));
#4788=VECTOR('',#4787,1.856249704957E-1);
#4789=CARTESIAN_POINT('',(-4.984375019670E0,0.E0,-9.9E-1));
#4790=LINE('',#4789,#4788);
#4791=DIRECTION('',(-9.797707111493E-1,0.E0,2.001233458994E-1));
#4792=VECTOR('',#4791,1.052542229971E-1);
#4793=CARTESIAN_POINT('',(-5.169999990165E0,0.E0,-9.9E-1));
#4794=LINE('',#4793,#4792);
#4795=DIRECTION('',(-8.906053088238E-1,0.E0,4.547770705465E-1));
#4796=VECTOR('',#4795,9.263363806322E-2);
#4797=CARTESIAN_POINT('',(-5.273124995083E0,0.E0,-9.689361727238E-1));
#4798=LINE('',#4797,#4796);
#4799=DIRECTION('',(-6.996248138976E-1,0.E0,7.145104056477E-1));
#4800=VECTOR('',#4799,1.179203387928E-1);
#4801=CARTESIAN_POINT('',(-5.355625004917E0,0.E0,-9.268085181713E-1));
#4802=LINE('',#4801,#4800);
#4803=DIRECTION('',(-4.397134905391E-1,0.E0,8.981380997585E-1));
#4804=VECTOR('',#4803,9.381108442852E-2);
#4805=CARTESIAN_POINT('',(-5.438125E0,0.E0,-8.425532090664E-1));
#4806=LINE('',#4805,#4804);
#4807=DIRECTION('',(-1.921827552310E-1,0.E0,9.813591537209E-1));
#4808=VECTOR('',#4807,1.073197259030E-1);
#4809=CARTESIAN_POINT('',(-5.479374999385E0,0.E0,-7.582978999615E-1));
#4810=LINE('',#4809,#4808);
#4811=DIRECTION('',(0.E0,0.E0,1.E0));
#4812=VECTOR('',#4811,3.159574386477E-1);
#4813=CARTESIAN_POINT('',(-5.5E0,0.E0,-6.529787045717E-1));
#4814=LINE('',#4813,#4812);
#4815=DIRECTION('',(1.921828589309E-1,0.E0,9.813591334130E-1));
#4816=VECTOR('',#4815,1.073196679944E-1);
#4817=CARTESIAN_POINT('',(-5.5E0,0.E0,-3.370212659240E-1));
#4818=LINE('',#4817,#4816);
#4819=DIRECTION('',(4.397134284359E-1,0.E0,8.981381301632E-1));
#4820=VECTOR('',#4819,9.381109767799E-2);
#4821=CARTESIAN_POINT('',(-5.479374999385E0,0.E0,-2.317021295428E-1));
#4822=LINE('',#4821,#4820);
#4823=DIRECTION('',(6.996247826288E-1,0.E0,7.145104362650E-1));
#4824=VECTOR('',#4823,1.179203440630E-1);
#4825=CARTESIAN_POINT('',(-5.438125E0,0.E0,-1.474468056858E-1));
#4826=LINE('',#4825,#4824);
#4827=DIRECTION('',(8.906052846357E-1,0.E0,4.547771179149E-1));
#4828=VECTOR('',#4827,9.263364057907E-2);
#4829=CARTESIAN_POINT('',(-5.355625004917E0,0.E0,-6.319148920476E-2));
#4830=LINE('',#4829,#4828);
#4831=DIRECTION('',(9.797707077141E-1,0.E0,2.001233627174E-1));
#4832=VECTOR('',#4831,1.052542233662E-1);
#4833=CARTESIAN_POINT('',(-5.273124995083E0,0.E0,-2.106382912025E-2));
#4834=LINE('',#4833,#4832);
#4835=DIRECTION('',(1.E0,0.E0,0.E0));
#4836=VECTOR('',#4835,1.856249704957E-1);
#4837=CARTESIAN_POINT('',(-5.169999990165E0,0.E0,0.E0));
#4838=LINE('',#4837,#4836);
#4839=DIRECTION('',(9.797707133274E-1,0.E0,-2.001233352361E-1));
#4840=VECTOR('',#4839,1.052542378199E-1);
#4841=CARTESIAN_POINT('',(-4.984375019670E0,0.E0,0.E0));
#4842=LINE('',#4841,#4840);
#4843=DIRECTION('',(8.906052187617E-1,0.E0,-4.547772469181E-1));
#4844=VECTOR('',#4843,9.263361430239E-2);
#4845=CARTESIAN_POINT('',(-4.88125E0,0.E0,-2.106382912025E-2));
#4846=LINE('',#4845,#4844);
#4847=DIRECTION('',(6.996249742329E-1,0.E0,-7.145102486526E-1));
#4848=VECTOR('',#4847,1.179203750259E-1);
#4849=CARTESIAN_POINT('',(-4.798750019670E0,0.E0,-6.319148920476E-2));
#4850=LINE('',#4849,#4848);
#4851=DIRECTION('',(1.921826509794E-1,0.E0,-9.813591741368E-1));
#4852=VECTOR('',#4851,1.073196785733E-1);
#4853=CARTESIAN_POINT('',(-4.716249980330E0,0.E0,-1.474468056858E-1));
#4854=LINE('',#4853,#4852);
#4855=DIRECTION('',(0.E0,1.E0,0.E0));
#4856=VECTOR('',#4855,2.E-3);
#4857=CARTESIAN_POINT('',(-4.695625E0,0.E0,-2.527659568191E-1));
#4858=LINE('',#4857,#4856);
#4859=DIRECTION('',(0.E0,1.E0,0.E0));
#4860=VECTOR('',#4859,2.E-3);
#4861=CARTESIAN_POINT('',(-4.716249980330E0,0.E0,-1.474468056858E-1));
#4862=LINE('',#4861,#4860);
#4863=DIRECTION('',(0.E0,1.E0,0.E0));
#4864=VECTOR('',#4863,2.E-3);
#4865=CARTESIAN_POINT('',(-4.798750019670E0,0.E0,-6.319148920476E-2));
#4866=LINE('',#4865,#4864);
#4867=DIRECTION('',(0.E0,1.E0,0.E0));
#4868=VECTOR('',#4867,2.E-3);
#4869=CARTESIAN_POINT('',(-4.88125E0,0.E0,-2.106382912025E-2));
#4870=LINE('',#4869,#4868);
#4871=DIRECTION('',(0.E0,1.E0,0.E0));
#4872=VECTOR('',#4871,2.E-3);
#4873=CARTESIAN_POINT('',(-4.984375019670E0,0.E0,0.E0));
#4874=LINE('',#4873,#4872);
#4875=DIRECTION('',(0.E0,1.E0,0.E0));
#4876=VECTOR('',#4875,2.E-3);
#4877=CARTESIAN_POINT('',(-5.169999990165E0,0.E0,0.E0));
#4878=LINE('',#4877,#4876);
#4879=DIRECTION('',(0.E0,1.E0,0.E0));
#4880=VECTOR('',#4879,2.E-3);
#4881=CARTESIAN_POINT('',(-5.273124995083E0,0.E0,-2.106382912025E-2));
#4882=LINE('',#4881,#4880);
#4883=DIRECTION('',(0.E0,1.E0,0.E0));
#4884=VECTOR('',#4883,2.E-3);
#4885=CARTESIAN_POINT('',(-5.355625004917E0,0.E0,-6.319148920476E-2));
#4886=LINE('',#4885,#4884);
#4887=DIRECTION('',(0.E0,1.E0,0.E0));
#4888=VECTOR('',#4887,2.E-3);
#4889=CARTESIAN_POINT('',(-5.438125E0,0.E0,-1.474468056858E-1));
#4890=LINE('',#4889,#4888);
#4891=DIRECTION('',(0.E0,1.E0,0.E0));
#4892=VECTOR('',#4891,2.E-3);
#4893=CARTESIAN_POINT('',(-5.479374999385E0,0.E0,-2.317021295428E-1));
#4894=LINE('',#4893,#4892);
#4895=DIRECTION('',(0.E0,1.E0,0.E0));
#4896=VECTOR('',#4895,2.E-3);
#4897=CARTESIAN_POINT('',(-5.5E0,0.E0,-3.370212659240E-1));
#4898=LINE('',#4897,#4896);
#4899=DIRECTION('',(0.E0,1.E0,0.E0));
#4900=VECTOR('',#4899,2.E-3);
#4901=CARTESIAN_POINT('',(-5.5E0,0.E0,-6.529787045717E-1));
#4902=LINE('',#4901,#4900);
#4903=DIRECTION('',(-1.E0,0.E0,0.E0));
#4904=VECTOR('',#4903,1.2375E-1);
#4905=CARTESIAN_POINT('',(-4.695625E0,2.E-3,-2.527659568191E-1));
#4906=LINE('',#4905,#4904);
#4907=DIRECTION('',(1.921826509794E-1,0.E0,-9.813591741368E-1));
#4908=VECTOR('',#4907,1.073196785733E-1);
#4909=CARTESIAN_POINT('',(-4.716249980330E0,2.E-3,-1.474468056858E-1));
#4910=LINE('',#4909,#4908);
#4911=DIRECTION('',(6.996249742329E-1,0.E0,-7.145102486526E-1));
#4912=VECTOR('',#4911,1.179203750259E-1);
#4913=CARTESIAN_POINT('',(-4.798750019670E0,2.E-3,-6.319148920476E-2));
#4914=LINE('',#4913,#4912);
#4915=DIRECTION('',(8.906052187617E-1,0.E0,-4.547772469181E-1));
#4916=VECTOR('',#4915,9.263361430239E-2);
#4917=CARTESIAN_POINT('',(-4.88125E0,2.E-3,-2.106382912025E-2));
#4918=LINE('',#4917,#4916);
#4919=DIRECTION('',(9.797707133274E-1,0.E0,-2.001233352361E-1));
#4920=VECTOR('',#4919,1.052542378199E-1);
#4921=CARTESIAN_POINT('',(-4.984375019670E0,2.E-3,0.E0));
#4922=LINE('',#4921,#4920);
#4923=DIRECTION('',(1.E0,0.E0,0.E0));
#4924=VECTOR('',#4923,1.856249704957E-1);
#4925=CARTESIAN_POINT('',(-5.169999990165E0,2.E-3,0.E0));
#4926=LINE('',#4925,#4924);
#4927=DIRECTION('',(9.797707077141E-1,0.E0,2.001233627174E-1));
#4928=VECTOR('',#4927,1.052542233662E-1);
#4929=CARTESIAN_POINT('',(-5.273124995083E0,2.E-3,-2.106382912025E-2));
#4930=LINE('',#4929,#4928);
#4931=DIRECTION('',(8.906052846357E-1,0.E0,4.547771179149E-1));
#4932=VECTOR('',#4931,9.263364057907E-2);
#4933=CARTESIAN_POINT('',(-5.355625004917E0,2.E-3,-6.319148920476E-2));
#4934=LINE('',#4933,#4932);
#4935=DIRECTION('',(6.996247826288E-1,0.E0,7.145104362650E-1));
#4936=VECTOR('',#4935,1.179203440630E-1);
#4937=CARTESIAN_POINT('',(-5.438125E0,2.E-3,-1.474468056858E-1));
#4938=LINE('',#4937,#4936);
#4939=DIRECTION('',(4.397134284359E-1,0.E0,8.981381301632E-1));
#4940=VECTOR('',#4939,9.381109767799E-2);
#4941=CARTESIAN_POINT('',(-5.479374999385E0,2.E-3,-2.317021295428E-1));
#4942=LINE('',#4941,#4940);
#4943=DIRECTION('',(1.921828589309E-1,0.E0,9.813591334130E-1));
#4944=VECTOR('',#4943,1.073196679944E-1);
#4945=CARTESIAN_POINT('',(-5.5E0,2.E-3,-3.370212659240E-1));
#4946=LINE('',#4945,#4944);
#4947=DIRECTION('',(0.E0,0.E0,1.E0));
#4948=VECTOR('',#4947,3.159574386477E-1);
#4949=CARTESIAN_POINT('',(-5.5E0,2.E-3,-6.529787045717E-1));
#4950=LINE('',#4949,#4948);
#4951=DIRECTION('',(-1.921827552310E-1,0.E0,9.813591537209E-1));
#4952=VECTOR('',#4951,1.073197259030E-1);
#4953=CARTESIAN_POINT('',(-5.479374999385E0,2.E-3,-7.582978999615E-1));
#4954=LINE('',#4953,#4952);
#4955=DIRECTION('',(-4.397134905391E-1,0.E0,8.981380997585E-1));
#4956=VECTOR('',#4955,9.381108442852E-2);
#4957=CARTESIAN_POINT('',(-5.438125E0,2.E-3,-8.425532090664E-1));
#4958=LINE('',#4957,#4956);
#4959=DIRECTION('',(-6.996248138976E-1,0.E0,7.145104056477E-1));
#4960=VECTOR('',#4959,1.179203387928E-1);
#4961=CARTESIAN_POINT('',(-5.355625004917E0,2.E-3,-9.268085181713E-1));
#4962=LINE('',#4961,#4960);
#4963=DIRECTION('',(-8.906053088238E-1,0.E0,4.547770705465E-1));
#4964=VECTOR('',#4963,9.263363806322E-2);
#4965=CARTESIAN_POINT('',(-5.273124995083E0,2.E-3,-9.689361727238E-1));
#4966=LINE('',#4965,#4964);
#4967=DIRECTION('',(-9.797707111493E-1,0.E0,2.001233458994E-1));
#4968=VECTOR('',#4967,1.052542229971E-1);
#4969=CARTESIAN_POINT('',(-5.169999990165E0,2.E-3,-9.9E-1));
#4970=LINE('',#4969,#4968);
#4971=DIRECTION('',(-1.E0,0.E0,0.E0));
#4972=VECTOR('',#4971,1.856249704957E-1);
#4973=CARTESIAN_POINT('',(-4.984375019670E0,2.E-3,-9.9E-1));
#4974=LINE('',#4973,#4972);
#4975=DIRECTION('',(-9.797707167625E-1,0.E0,-2.001233184181E-1));
#4976=VECTOR('',#4975,1.052542374509E-1);
#4977=CARTESIAN_POINT('',(-4.88125E0,2.E-3,-9.689361727238E-1));
#4978=LINE('',#4977,#4976);
#4979=DIRECTION('',(-8.906052429498E-1,0.E0,-4.547771995497E-1));
#4980=VECTOR('',#4979,9.263361178654E-2);
#4981=CARTESIAN_POINT('',(-4.798750019670E0,2.E-3,-9.268085181713E-1));
#4982=LINE('',#4981,#4980);
#4983=DIRECTION('',(-6.996250055017E-1,0.E0,-7.145102180353E-1));
#4984=VECTOR('',#4983,1.179203697557E-1);
#4985=CARTESIAN_POINT('',(-4.716249980330E0,2.E-3,-8.425532090664E-1));
#4986=LINE('',#4985,#4984);
#4987=DIRECTION('',(-1.921825732045E-1,0.E0,-9.813591893677E-1));
#4988=VECTOR('',#4987,1.073197220047E-1);
#4989=CARTESIAN_POINT('',(-4.695625E0,2.E-3,-7.372340136766E-1));
#4990=LINE('',#4989,#4988);
#4991=DIRECTION('',(1.E0,0.E0,0.E0));
#4992=VECTOR('',#4991,1.2375E-1);
#4993=CARTESIAN_POINT('',(-4.819375E0,2.E-3,-7.372340136766E-1));
#4994=LINE('',#4993,#4992);
#4995=DIRECTION('',(3.102795357040E-1,0.E0,9.506453648566E-1));
#4996=VECTOR('',#4995,6.647225471595E-2);
#4997=CARTESIAN_POINT('',(-4.839999980330E0,2.E-3,-8.004255545139E-1));
#4998=LINE('',#4997,#4996);
#4999=DIRECTION('',(8.265992787996E-1,0.E0,5.627909312417E-1));
#5000=VECTOR('',#4999,7.485489231234E-2);
#5001=CARTESIAN_POINT('',(-4.901874980330E0,2.E-3,-8.425532090664E-1));
#5002=LINE('',#5001,#5000);
#5003=DIRECTION('',(9.689177459678E-1,0.E0,2.473831068378E-1));
#5004=VECTOR('',#5003,8.514658719215E-2);
#5005=CARTESIAN_POINT('',(-4.984375019670E0,2.E-3,-8.636170363426E-1));
#5006=LINE('',#5005,#5004);
#5007=DIRECTION('',(1.E0,0.E0,0.E0));
#5008=VECTOR('',#5007,1.856249704957E-1);
#5009=CARTESIAN_POINT('',(-5.169999990165E0,2.E-3,-8.636170363426E-1));
#5010=LINE('',#5009,#5008);
#5011=DIRECTION('',(9.689177247618E-1,0.E0,-2.473831898946E-1));
#5012=VECTOR('',#5011,8.514655860491E-2);
#5013=CARTESIAN_POINT('',(-5.2525E0,2.E-3,-8.425532090664E-1));
#5014=LINE('',#5013,#5012);
#5015=DIRECTION('',(8.265992787996E-1,0.E0,-5.627909312418E-1));
#5016=VECTOR('',#5015,7.485489231233E-2);
#5017=CARTESIAN_POINT('',(-5.314375E0,2.E-3,-8.004255545139E-1));
#5018=LINE('',#5017,#5016);
#5019=DIRECTION('',(5.466222343973E-1,0.E0,-8.373793243581E-1));
#5020=VECTOR('',#5019,7.546345962832E-2);
#5021=CARTESIAN_POINT('',(-5.355625004917E0,2.E-3,-7.372340136766E-1));
#5022=LINE('',#5021,#5020);
#5023=DIRECTION('',(2.377712989836E-1,0.E0,-9.713211669575E-1));
#5024=VECTOR('',#5023,8.674299703448E-2);
#5025=CARTESIAN_POINT('',(-5.37625E0,2.E-3,-6.529787045717E-1));
#5026=LINE('',#5025,#5024);
#5027=DIRECTION('',(0.E0,0.E0,-1.E0));
#5028=VECTOR('',#5027,3.159574386477E-1);
#5029=CARTESIAN_POINT('',(-5.37625E0,2.E-3,-3.370212659240E-1));
#5030=LINE('',#5029,#5028);
#5031=DIRECTION('',(-2.377712989836E-1,0.E0,-9.713211669575E-1));
#5032=VECTOR('',#5031,8.674299703448E-2);
#5033=CARTESIAN_POINT('',(-5.355625004917E0,2.E-3,-2.527659568191E-1));
#5034=LINE('',#5033,#5032);
#5035=DIRECTION('',(-5.466225923193E-1,0.E0,-8.373790907147E-1));
#5036=VECTOR('',#5035,7.546341021574E-2);
#5037=CARTESIAN_POINT('',(-5.314375E0,2.E-3,-1.895744749904E-1));
#5038=LINE('',#5037,#5036);
#5039=DIRECTION('',(-8.265991871191E-1,0.E0,-5.627910658976E-1));
#5040=VECTOR('',#5039,7.485490061471E-2);
#5041=CARTESIAN_POINT('',(-5.2525E0,2.E-3,-1.474468056858E-1));
#5042=LINE('',#5041,#5040);
#5043=DIRECTION('',(-9.689177247618E-1,0.E0,-2.473831898946E-1));
#5044=VECTOR('',#5043,8.514655860491E-2);
#5045=CARTESIAN_POINT('',(-5.169999990165E0,2.E-3,-1.263829784095E-1));
#5046=LINE('',#5045,#5044);
#5047=DIRECTION('',(-1.E0,0.E0,0.E0));
#5048=VECTOR('',#5047,1.856249704957E-1);
#5049=CARTESIAN_POINT('',(-4.984375019670E0,2.E-3,-1.263829784095E-1));
#5050=LINE('',#5049,#5048);
#5051=DIRECTION('',(-9.689177459678E-1,0.E0,2.473831068378E-1));
#5052=VECTOR('',#5051,8.514658719215E-2);
#5053=CARTESIAN_POINT('',(-4.901874980330E0,2.E-3,-1.474468056858E-1));
#5054=LINE('',#5053,#5052);
#5055=DIRECTION('',(-8.265991871191E-1,0.E0,5.627910658976E-1));
#5056=VECTOR('',#5055,7.485490061471E-2);
#5057=CARTESIAN_POINT('',(-4.839999980330E0,2.E-3,-1.895744749904E-1));
#5058=LINE('',#5057,#5056);
#5059=DIRECTION('',(-3.102797975506E-1,0.E0,9.506452793929E-1));
#5060=VECTOR('',#5059,6.647219861971E-2);
#5061=CARTESIAN_POINT('',(-4.819375E0,2.E-3,-2.527659568191E-1));
#5062=LINE('',#5061,#5060);
#5063=DIRECTION('',(0.E0,1.E0,0.E0));
#5064=VECTOR('',#5063,2.E-3);
#5065=CARTESIAN_POINT('',(-5.438125E0,0.E0,-8.425532090664E-1));
#5066=LINE('',#5065,#5064);
#5067=DIRECTION('',(0.E0,1.E0,0.E0));
#5068=VECTOR('',#5067,2.E-3);
#5069=CARTESIAN_POINT('',(-5.355625004917E0,0.E0,-9.268085181713E-1));
#5070=LINE('',#5069,#5068);
#5071=DIRECTION('',(0.E0,1.E0,0.E0));
#5072=VECTOR('',#5071,2.E-3);
#5073=CARTESIAN_POINT('',(-5.273124995083E0,0.E0,-9.689361727238E-1));
#5074=LINE('',#5073,#5072);
#5075=DIRECTION('',(0.E0,1.E0,0.E0));
#5076=VECTOR('',#5075,2.E-3);
#5077=CARTESIAN_POINT('',(-5.169999990165E0,0.E0,-9.9E-1));
#5078=LINE('',#5077,#5076);
#5079=DIRECTION('',(0.E0,1.E0,0.E0));
#5080=VECTOR('',#5079,2.E-3);
#5081=CARTESIAN_POINT('',(-4.984375019670E0,0.E0,-9.9E-1));
#5082=LINE('',#5081,#5080);
#5083=DIRECTION('',(0.E0,1.E0,0.E0));
#5084=VECTOR('',#5083,2.E-3);
#5085=CARTESIAN_POINT('',(-4.88125E0,0.E0,-9.689361727238E-1));
#5086=LINE('',#5085,#5084);
#5087=DIRECTION('',(0.E0,1.E0,0.E0));
#5088=VECTOR('',#5087,2.E-3);
#5089=CARTESIAN_POINT('',(-4.798750019670E0,0.E0,-9.268085181713E-1));
#5090=LINE('',#5089,#5088);
#5091=DIRECTION('',(0.E0,1.E0,0.E0));
#5092=VECTOR('',#5091,2.E-3);
#5093=CARTESIAN_POINT('',(-4.716249980330E0,0.E0,-8.425532090664E-1));
#5094=LINE('',#5093,#5092);
#5095=DIRECTION('',(0.E0,1.E0,0.E0));
#5096=VECTOR('',#5095,2.E-3);
#5097=CARTESIAN_POINT('',(-4.695625E0,0.E0,-7.372340136766E-1));
#5098=LINE('',#5097,#5096);
#5099=DIRECTION('',(0.E0,1.E0,0.E0));
#5100=VECTOR('',#5099,2.E-3);
#5101=CARTESIAN_POINT('',(-4.819375E0,0.E0,-7.372340136766E-1));
#5102=LINE('',#5101,#5100);
#5103=DIRECTION('',(0.E0,1.E0,0.E0));
#5104=VECTOR('',#5103,2.E-3);
#5105=CARTESIAN_POINT('',(-4.839999980330E0,0.E0,-8.004255545139E-1));
#5106=LINE('',#5105,#5104);
#5107=DIRECTION('',(0.E0,1.E0,0.E0));
#5108=VECTOR('',#5107,2.E-3);
#5109=CARTESIAN_POINT('',(-4.901874980330E0,0.E0,-8.425532090664E-1));
#5110=LINE('',#5109,#5108);
#5111=DIRECTION('',(0.E0,1.E0,0.E0));
#5112=VECTOR('',#5111,2.E-3);
#5113=CARTESIAN_POINT('',(-4.984375019670E0,0.E0,-8.636170363426E-1));
#5114=LINE('',#5113,#5112);
#5115=DIRECTION('',(0.E0,1.E0,0.E0));
#5116=VECTOR('',#5115,2.E-3);
#5117=CARTESIAN_POINT('',(-5.169999990165E0,0.E0,-8.636170363426E-1));
#5118=LINE('',#5117,#5116);
#5119=DIRECTION('',(0.E0,1.E0,0.E0));
#5120=VECTOR('',#5119,2.E-3);
#5121=CARTESIAN_POINT('',(-5.2525E0,0.E0,-8.425532090664E-1));
#5122=LINE('',#5121,#5120);
#5123=DIRECTION('',(0.E0,1.E0,0.E0));
#5124=VECTOR('',#5123,2.E-3);
#5125=CARTESIAN_POINT('',(-5.314375E0,0.E0,-8.004255545139E-1));
#5126=LINE('',#5125,#5124);
#5127=DIRECTION('',(0.E0,1.E0,0.E0));
#5128=VECTOR('',#5127,2.E-3);
#5129=CARTESIAN_POINT('',(-5.355625004917E0,0.E0,-7.372340136766E-1));
#5130=LINE('',#5129,#5128);
#5131=DIRECTION('',(0.E0,1.E0,0.E0));
#5132=VECTOR('',#5131,2.E-3);
#5133=CARTESIAN_POINT('',(-5.37625E0,0.E0,-6.529787045717E-1));
#5134=LINE('',#5133,#5132);
#5135=DIRECTION('',(0.E0,1.E0,0.E0));
#5136=VECTOR('',#5135,2.E-3);
#5137=CARTESIAN_POINT('',(-5.37625E0,0.E0,-3.370212659240E-1));
#5138=LINE('',#5137,#5136);
#5139=DIRECTION('',(0.E0,1.E0,0.E0));
#5140=VECTOR('',#5139,2.E-3);
#5141=CARTESIAN_POINT('',(-5.355625004917E0,0.E0,-2.527659568191E-1));
#5142=LINE('',#5141,#5140);
#5143=DIRECTION('',(0.E0,1.E0,0.E0));
#5144=VECTOR('',#5143,2.E-3);
#5145=CARTESIAN_POINT('',(-5.314375E0,0.E0,-1.895744749904E-1));
#5146=LINE('',#5145,#5144);
#5147=DIRECTION('',(0.E0,1.E0,0.E0));
#5148=VECTOR('',#5147,2.E-3);
#5149=CARTESIAN_POINT('',(-5.2525E0,0.E0,-1.474468056858E-1));
#5150=LINE('',#5149,#5148);
#5151=DIRECTION('',(0.E0,1.E0,0.E0));
#5152=VECTOR('',#5151,2.E-3);
#5153=CARTESIAN_POINT('',(-5.169999990165E0,0.E0,-1.263829784095E-1));
#5154=LINE('',#5153,#5152);
#5155=DIRECTION('',(0.E0,1.E0,0.E0));
#5156=VECTOR('',#5155,2.E-3);
#5157=CARTESIAN_POINT('',(-4.984375019670E0,0.E0,-1.263829784095E-1));
#5158=LINE('',#5157,#5156);
#5159=DIRECTION('',(0.E0,1.E0,0.E0));
#5160=VECTOR('',#5159,2.E-3);
#5161=CARTESIAN_POINT('',(-4.901874980330E0,0.E0,-1.474468056858E-1));
#5162=LINE('',#5161,#5160);
#5163=DIRECTION('',(0.E0,1.E0,0.E0));
#5164=VECTOR('',#5163,2.E-3);
#5165=CARTESIAN_POINT('',(-4.839999980330E0,0.E0,-1.895744749904E-1));
#5166=LINE('',#5165,#5164);
#5167=DIRECTION('',(0.E0,1.E0,0.E0));
#5168=VECTOR('',#5167,2.E-3);
#5169=CARTESIAN_POINT('',(-4.819375E0,0.E0,-2.527659568191E-1));
#5170=LINE('',#5169,#5168);
#5171=CARTESIAN_POINT('',(-4.695625E0,0.E0,-2.527659568191E-1));
#5172=CARTESIAN_POINT('',(-4.819375E0,0.E0,-2.527659568191E-1));
#5173=VERTEX_POINT('',#5171);
#5174=VERTEX_POINT('',#5172);
#5175=CARTESIAN_POINT('',(-4.839999980330E0,0.E0,-1.895744749904E-1));
#5176=VERTEX_POINT('',#5175);
#5177=CARTESIAN_POINT('',(-4.901874980330E0,0.E0,-1.474468056858E-1));
#5178=VERTEX_POINT('',#5177);
#5179=CARTESIAN_POINT('',(-4.984375019670E0,0.E0,-1.263829784095E-1));
#5180=VERTEX_POINT('',#5179);
#5181=CARTESIAN_POINT('',(-5.169999990165E0,0.E0,-1.263829784095E-1));
#5182=VERTEX_POINT('',#5181);
#5183=CARTESIAN_POINT('',(-5.2525E0,0.E0,-1.474468056858E-1));
#5184=VERTEX_POINT('',#5183);
#5185=CARTESIAN_POINT('',(-5.314375E0,0.E0,-1.895744749904E-1));
#5186=VERTEX_POINT('',#5185);
#5187=CARTESIAN_POINT('',(-5.355625004917E0,0.E0,-2.527659568191E-1));
#5188=VERTEX_POINT('',#5187);
#5189=CARTESIAN_POINT('',(-5.37625E0,0.E0,-3.370212659240E-1));
#5190=VERTEX_POINT('',#5189);
#5191=CARTESIAN_POINT('',(-5.37625E0,0.E0,-6.529787045717E-1));
#5192=VERTEX_POINT('',#5191);
#5193=CARTESIAN_POINT('',(-5.355625004917E0,0.E0,-7.372340136766E-1));
#5194=VERTEX_POINT('',#5193);
#5195=CARTESIAN_POINT('',(-5.314375E0,0.E0,-8.004255545139E-1));
#5196=VERTEX_POINT('',#5195);
#5197=CARTESIAN_POINT('',(-5.2525E0,0.E0,-8.425532090664E-1));
#5198=VERTEX_POINT('',#5197);
#5199=CARTESIAN_POINT('',(-5.169999990165E0,0.E0,-8.636170363426E-1));
#5200=VERTEX_POINT('',#5199);
#5201=CARTESIAN_POINT('',(-4.984375019670E0,0.E0,-8.636170363426E-1));
#5202=VERTEX_POINT('',#5201);
#5203=CARTESIAN_POINT('',(-4.901874980330E0,0.E0,-8.425532090664E-1));
#5204=VERTEX_POINT('',#5203);
#5205=CARTESIAN_POINT('',(-4.839999980330E0,0.E0,-8.004255545139E-1));
#5206=VERTEX_POINT('',#5205);
#5207=CARTESIAN_POINT('',(-4.819375E0,0.E0,-7.372340136766E-1));
#5208=VERTEX_POINT('',#5207);
#5209=CARTESIAN_POINT('',(-4.695625E0,0.E0,-7.372340136766E-1));
#5210=VERTEX_POINT('',#5209);
#5211=CARTESIAN_POINT('',(-4.716249980330E0,0.E0,-8.425532090664E-1));
#5212=VERTEX_POINT('',#5211);
#5213=CARTESIAN_POINT('',(-4.798750019670E0,0.E0,-9.268085181713E-1));
#5214=VERTEX_POINT('',#5213);
#5215=CARTESIAN_POINT('',(-4.88125E0,0.E0,-9.689361727238E-1));
#5216=VERTEX_POINT('',#5215);
#5217=CARTESIAN_POINT('',(-4.984375019670E0,0.E0,-9.9E-1));
#5218=VERTEX_POINT('',#5217);
#5219=CARTESIAN_POINT('',(-5.169999990165E0,0.E0,-9.9E-1));
#5220=VERTEX_POINT('',#5219);
#5221=CARTESIAN_POINT('',(-5.273124995083E0,0.E0,-9.689361727238E-1));
#5222=VERTEX_POINT('',#5221);
#5223=CARTESIAN_POINT('',(-5.355625004917E0,0.E0,-9.268085181713E-1));
#5224=VERTEX_POINT('',#5223);
#5225=CARTESIAN_POINT('',(-5.438125E0,0.E0,-8.425532090664E-1));
#5226=VERTEX_POINT('',#5225);
#5227=CARTESIAN_POINT('',(-5.479374999385E0,0.E0,-7.582978999615E-1));
#5228=VERTEX_POINT('',#5227);
#5229=CARTESIAN_POINT('',(-5.5E0,0.E0,-6.529787045717E-1));
#5230=VERTEX_POINT('',#5229);
#5231=CARTESIAN_POINT('',(-5.5E0,0.E0,-3.370212659240E-1));
#5232=VERTEX_POINT('',#5231);
#5233=CARTESIAN_POINT('',(-5.479374999385E0,0.E0,-2.317021295428E-1));
#5234=VERTEX_POINT('',#5233);
#5235=CARTESIAN_POINT('',(-5.438125E0,0.E0,-1.474468056858E-1));
#5236=VERTEX_POINT('',#5235);
#5237=CARTESIAN_POINT('',(-5.355625004917E0,0.E0,-6.319148920476E-2));
#5238=VERTEX_POINT('',#5237);
#5239=CARTESIAN_POINT('',(-5.273124995083E0,0.E0,-2.106382912025E-2));
#5240=VERTEX_POINT('',#5239);
#5241=CARTESIAN_POINT('',(-5.169999990165E0,0.E0,0.E0));
#5242=VERTEX_POINT('',#5241);
#5243=CARTESIAN_POINT('',(-4.984375019670E0,0.E0,0.E0));
#5244=VERTEX_POINT('',#5243);
#5245=CARTESIAN_POINT('',(-4.88125E0,0.E0,-2.106382912025E-2));
#5246=VERTEX_POINT('',#5245);
#5247=CARTESIAN_POINT('',(-4.798750019670E0,0.E0,-6.319148920476E-2));
#5248=VERTEX_POINT('',#5247);
#5249=CARTESIAN_POINT('',(-4.716249980330E0,0.E0,-1.474468056858E-1));
#5250=VERTEX_POINT('',#5249);
#5251=CARTESIAN_POINT('',(-4.695625E0,2.E-3,-2.527659568191E-1));
#5252=CARTESIAN_POINT('',(-4.819375E0,2.E-3,-2.527659568191E-1));
#5253=VERTEX_POINT('',#5251);
#5254=VERTEX_POINT('',#5252);
#5255=CARTESIAN_POINT('',(-4.839999980330E0,2.E-3,-1.895744749904E-1));
#5256=VERTEX_POINT('',#5255);
#5257=CARTESIAN_POINT('',(-4.901874980330E0,2.E-3,-1.474468056858E-1));
#5258=VERTEX_POINT('',#5257);
#5259=CARTESIAN_POINT('',(-4.984375019670E0,2.E-3,-1.263829784095E-1));
#5260=VERTEX_POINT('',#5259);
#5261=CARTESIAN_POINT('',(-5.169999990165E0,2.E-3,-1.263829784095E-1));
#5262=VERTEX_POINT('',#5261);
#5263=CARTESIAN_POINT('',(-5.2525E0,2.E-3,-1.474468056858E-1));
#5264=VERTEX_POINT('',#5263);
#5265=CARTESIAN_POINT('',(-5.314375E0,2.E-3,-1.895744749904E-1));
#5266=VERTEX_POINT('',#5265);
#5267=CARTESIAN_POINT('',(-5.355625004917E0,2.E-3,-2.527659568191E-1));
#5268=VERTEX_POINT('',#5267);
#5269=CARTESIAN_POINT('',(-5.37625E0,2.E-3,-3.370212659240E-1));
#5270=VERTEX_POINT('',#5269);
#5271=CARTESIAN_POINT('',(-5.37625E0,2.E-3,-6.529787045717E-1));
#5272=VERTEX_POINT('',#5271);
#5273=CARTESIAN_POINT('',(-5.355625004917E0,2.E-3,-7.372340136766E-1));
#5274=VERTEX_POINT('',#5273);
#5275=CARTESIAN_POINT('',(-5.314375E0,2.E-3,-8.004255545139E-1));
#5276=VERTEX_POINT('',#5275);
#5277=CARTESIAN_POINT('',(-5.2525E0,2.E-3,-8.425532090664E-1));
#5278=VERTEX_POINT('',#5277);
#5279=CARTESIAN_POINT('',(-5.169999990165E0,2.E-3,-8.636170363426E-1));
#5280=VERTEX_POINT('',#5279);
#5281=CARTESIAN_POINT('',(-4.984375019670E0,2.E-3,-8.636170363426E-1));
#5282=VERTEX_POINT('',#5281);
#5283=CARTESIAN_POINT('',(-4.901874980330E0,2.E-3,-8.425532090664E-1));
#5284=VERTEX_POINT('',#5283);
#5285=CARTESIAN_POINT('',(-4.839999980330E0,2.E-3,-8.004255545139E-1));
#5286=VERTEX_POINT('',#5285);
#5287=CARTESIAN_POINT('',(-4.819375E0,2.E-3,-7.372340136766E-1));
#5288=VERTEX_POINT('',#5287);
#5289=CARTESIAN_POINT('',(-4.695625E0,2.E-3,-7.372340136766E-1));
#5290=VERTEX_POINT('',#5289);
#5291=CARTESIAN_POINT('',(-4.716249980330E0,2.E-3,-8.425532090664E-1));
#5292=VERTEX_POINT('',#5291);
#5293=CARTESIAN_POINT('',(-4.798750019670E0,2.E-3,-9.268085181713E-1));
#5294=VERTEX_POINT('',#5293);
#5295=CARTESIAN_POINT('',(-4.88125E0,2.E-3,-9.689361727238E-1));
#5296=VERTEX_POINT('',#5295);
#5297=CARTESIAN_POINT('',(-4.984375019670E0,2.E-3,-9.9E-1));
#5298=VERTEX_POINT('',#5297);
#5299=CARTESIAN_POINT('',(-5.169999990165E0,2.E-3,-9.9E-1));
#5300=VERTEX_POINT('',#5299);
#5301=CARTESIAN_POINT('',(-5.273124995083E0,2.E-3,-9.689361727238E-1));
#5302=VERTEX_POINT('',#5301);
#5303=CARTESIAN_POINT('',(-5.355625004917E0,2.E-3,-9.268085181713E-1));
#5304=VERTEX_POINT('',#5303);
#5305=CARTESIAN_POINT('',(-5.438125E0,2.E-3,-8.425532090664E-1));
#5306=VERTEX_POINT('',#5305);
#5307=CARTESIAN_POINT('',(-5.479374999385E0,2.E-3,-7.582978999615E-1));
#5308=VERTEX_POINT('',#5307);
#5309=CARTESIAN_POINT('',(-5.5E0,2.E-3,-6.529787045717E-1));
#5310=VERTEX_POINT('',#5309);
#5311=CARTESIAN_POINT('',(-5.5E0,2.E-3,-3.370212659240E-1));
#5312=VERTEX_POINT('',#5311);
#5313=CARTESIAN_POINT('',(-5.479374999385E0,2.E-3,-2.317021295428E-1));
#5314=VERTEX_POINT('',#5313);
#5315=CARTESIAN_POINT('',(-5.438125E0,2.E-3,-1.474468056858E-1));
#5316=VERTEX_POINT('',#5315);
#5317=CARTESIAN_POINT('',(-5.355625004917E0,2.E-3,-6.319148920476E-2));
#5318=VERTEX_POINT('',#5317);
#5319=CARTESIAN_POINT('',(-5.273124995083E0,2.E-3,-2.106382912025E-2));
#5320=VERTEX_POINT('',#5319);
#5321=CARTESIAN_POINT('',(-5.169999990165E0,2.E-3,0.E0));
#5322=VERTEX_POINT('',#5321);
#5323=CARTESIAN_POINT('',(-4.984375019670E0,2.E-3,0.E0));
#5324=VERTEX_POINT('',#5323);
#5325=CARTESIAN_POINT('',(-4.88125E0,2.E-3,-2.106382912025E-2));
#5326=VERTEX_POINT('',#5325);
#5327=CARTESIAN_POINT('',(-4.798750019670E0,2.E-3,-6.319148920476E-2));
#5328=VERTEX_POINT('',#5327);
#5329=CARTESIAN_POINT('',(-4.716249980330E0,2.E-3,-1.474468056858E-1));
#5330=VERTEX_POINT('',#5329);
#5331=CARTESIAN_POINT('',(-5.479374999385E0,0.E0,-7.582978999615E-1));
#5332=DIRECTION('',(-9.813591537209E-1,0.E0,-1.921827552310E-1));
#5333=DIRECTION('',(-1.921827552310E-1,0.E0,9.813591537209E-1));
#5334=AXIS2_PLACEMENT_3D('',#5331,#5332,#5333);
#5335=PLANE('',#5334);
#5337=ORIENTED_EDGE('',*,*,#5336,.F.);
#5339=ORIENTED_EDGE('',*,*,#5338,.T.);
#5341=ORIENTED_EDGE('',*,*,#5340,.T.);
#5343=ORIENTED_EDGE('',*,*,#5342,.F.);
#5344=EDGE_LOOP('',(#5337,#5339,#5341,#5343));
#5345=FACE_OUTER_BOUND('',#5344,.F.);
#5346=ADVANCED_FACE('',(#5345),#5335,.T.);
#5347=CARTESIAN_POINT('',(0.E0,0.E0,0.E0));
#5348=DIRECTION('',(0.E0,1.E0,0.E0));
#5349=DIRECTION('',(1.E0,0.E0,0.E0));
#5350=AXIS2_PLACEMENT_3D('',#5347,#5348,#5349);
#5351=PLANE('',#5350);
#5353=ORIENTED_EDGE('',*,*,#5352,.T.);
#5355=ORIENTED_EDGE('',*,*,#5354,.T.);
#5357=ORIENTED_EDGE('',*,*,#5356,.T.);
#5359=ORIENTED_EDGE('',*,*,#5358,.T.);
#5361=ORIENTED_EDGE('',*,*,#5360,.T.);
#5363=ORIENTED_EDGE('',*,*,#5362,.T.);
#5365=ORIENTED_EDGE('',*,*,#5364,.T.);
#5367=ORIENTED_EDGE('',*,*,#5366,.T.);
#5369=ORIENTED_EDGE('',*,*,#5368,.T.);
#5371=ORIENTED_EDGE('',*,*,#5370,.T.);
#5373=ORIENTED_EDGE('',*,*,#5372,.T.);
#5375=ORIENTED_EDGE('',*,*,#5374,.T.);
#5377=ORIENTED_EDGE('',*,*,#5376,.T.);
#5379=ORIENTED_EDGE('',*,*,#5378,.T.);
#5381=ORIENTED_EDGE('',*,*,#5380,.T.);
#5383=ORIENTED_EDGE('',*,*,#5382,.T.);
#5385=ORIENTED_EDGE('',*,*,#5384,.T.);
#5387=ORIENTED_EDGE('',*,*,#5386,.T.);
#5389=ORIENTED_EDGE('',*,*,#5388,.T.);
#5391=ORIENTED_EDGE('',*,*,#5390,.T.);
#5393=ORIENTED_EDGE('',*,*,#5392,.T.);
#5395=ORIENTED_EDGE('',*,*,#5394,.T.);
#5397=ORIENTED_EDGE('',*,*,#5396,.T.);
#5399=ORIENTED_EDGE('',*,*,#5398,.T.);
#5401=ORIENTED_EDGE('',*,*,#5400,.T.);
#5403=ORIENTED_EDGE('',*,*,#5402,.T.);
#5405=ORIENTED_EDGE('',*,*,#5404,.T.);
#5407=ORIENTED_EDGE('',*,*,#5406,.T.);
#5408=ORIENTED_EDGE('',*,*,#5336,.T.);
#5410=ORIENTED_EDGE('',*,*,#5409,.T.);
#5412=ORIENTED_EDGE('',*,*,#5411,.T.);
#5414=ORIENTED_EDGE('',*,*,#5413,.T.);
#5416=ORIENTED_EDGE('',*,*,#5415,.T.);
#5418=ORIENTED_EDGE('',*,*,#5417,.T.);
#5420=ORIENTED_EDGE('',*,*,#5419,.T.);
#5422=ORIENTED_EDGE('',*,*,#5421,.T.);
#5424=ORIENTED_EDGE('',*,*,#5423,.T.);
#5426=ORIENTED_EDGE('',*,*,#5425,.T.);
#5428=ORIENTED_EDGE('',*,*,#5427,.T.);
#5430=ORIENTED_EDGE('',*,*,#5429,.T.);
#5431=EDGE_LOOP('',(#5353,#5355,#5357,#5359,#5361,#5363,#5365,#5367,#5369,#5371,
#5373,#5375,#5377,#5379,#5381,#5383,#5385,#5387,#5389,#5391,#5393,#5395,#5397,
#5399,#5401,#5403,#5405,#5407,#5408,#5410,#5412,#5414,#5416,#5418,#5420,#5422,
#5424,#5426,#5428,#5430));
#5432=FACE_OUTER_BOUND('',#5431,.F.);
#5433=ADVANCED_FACE('',(#5432),#5351,.F.);
#5434=CARTESIAN_POINT('',(-4.695625E0,0.E0,-2.527659568191E-1));
#5435=DIRECTION('',(0.E0,0.E0,-1.E0));
#5436=DIRECTION('',(-1.E0,0.E0,0.E0));
#5437=AXIS2_PLACEMENT_3D('',#5434,#5435,#5436);
#5438=PLANE('',#5437);
#5439=ORIENTED_EDGE('',*,*,#5352,.F.);
#5441=ORIENTED_EDGE('',*,*,#5440,.T.);
#5443=ORIENTED_EDGE('',*,*,#5442,.T.);
#5445=ORIENTED_EDGE('',*,*,#5444,.F.);
#5446=EDGE_LOOP('',(#5439,#5441,#5443,#5445));
#5447=FACE_OUTER_BOUND('',#5446,.F.);
#5448=ADVANCED_FACE('',(#5447),#5438,.T.);
#5449=CARTESIAN_POINT('',(-4.716249980330E0,0.E0,-1.474468056858E-1));
#5450=DIRECTION('',(9.813591741368E-1,0.E0,1.921826509794E-1));
#5451=DIRECTION('',(1.921826509794E-1,0.E0,-9.813591741368E-1));
#5452=AXIS2_PLACEMENT_3D('',#5449,#5450,#5451);
#5453=PLANE('',#5452);
#5454=ORIENTED_EDGE('',*,*,#5429,.F.);
#5456=ORIENTED_EDGE('',*,*,#5455,.T.);
#5458=ORIENTED_EDGE('',*,*,#5457,.T.);
#5459=ORIENTED_EDGE('',*,*,#5440,.F.);
#5460=EDGE_LOOP('',(#5454,#5456,#5458,#5459));
#5461=FACE_OUTER_BOUND('',#5460,.F.);
#5462=ADVANCED_FACE('',(#5461),#5453,.T.);
#5463=CARTESIAN_POINT('',(-4.798750019670E0,0.E0,-6.319148920476E-2));
#5464=DIRECTION('',(7.145102486526E-1,0.E0,6.996249742329E-1));
#5465=DIRECTION('',(6.996249742329E-1,0.E0,-7.145102486526E-1));
#5466=AXIS2_PLACEMENT_3D('',#5463,#5464,#5465);
#5467=PLANE('',#5466);
#5468=ORIENTED_EDGE('',*,*,#5427,.F.);
#5470=ORIENTED_EDGE('',*,*,#5469,.T.);
#5472=ORIENTED_EDGE('',*,*,#5471,.T.);
#5473=ORIENTED_EDGE('',*,*,#5455,.F.);
#5474=EDGE_LOOP('',(#5468,#5470,#5472,#5473));
#5475=FACE_OUTER_BOUND('',#5474,.F.);
#5476=ADVANCED_FACE('',(#5475),#5467,.T.);
#5477=CARTESIAN_POINT('',(-4.88125E0,0.E0,-2.106382912025E-2));
#5478=DIRECTION('',(4.547772469181E-1,0.E0,8.906052187617E-1));
#5479=DIRECTION('',(8.906052187617E-1,0.E0,-4.547772469181E-1));
#5480=AXIS2_PLACEMENT_3D('',#5477,#5478,#5479);
#5481=PLANE('',#5480);
#5482=ORIENTED_EDGE('',*,*,#5425,.F.);
#5484=ORIENTED_EDGE('',*,*,#5483,.T.);
#5486=ORIENTED_EDGE('',*,*,#5485,.T.);
#5487=ORIENTED_EDGE('',*,*,#5469,.F.);
#5488=EDGE_LOOP('',(#5482,#5484,#5486,#5487));
#5489=FACE_OUTER_BOUND('',#5488,.F.);
#5490=ADVANCED_FACE('',(#5489),#5481,.T.);
#5491=CARTESIAN_POINT('',(-4.984375019670E0,0.E0,0.E0));
#5492=DIRECTION('',(2.001233352361E-1,0.E0,9.797707133274E-1));
#5493=DIRECTION('',(9.797707133274E-1,0.E0,-2.001233352361E-1));
#5494=AXIS2_PLACEMENT_3D('',#5491,#5492,#5493);
#5495=PLANE('',#5494);
#5496=ORIENTED_EDGE('',*,*,#5423,.F.);
#5498=ORIENTED_EDGE('',*,*,#5497,.T.);
#5500=ORIENTED_EDGE('',*,*,#5499,.T.);
#5501=ORIENTED_EDGE('',*,*,#5483,.F.);
#5502=EDGE_LOOP('',(#5496,#5498,#5500,#5501));
#5503=FACE_OUTER_BOUND('',#5502,.F.);
#5504=ADVANCED_FACE('',(#5503),#5495,.T.);
#5505=CARTESIAN_POINT('',(-5.169999990165E0,0.E0,0.E0));
#5506=DIRECTION('',(0.E0,0.E0,1.E0));
#5507=DIRECTION('',(1.E0,0.E0,0.E0));
#5508=AXIS2_PLACEMENT_3D('',#5505,#5506,#5507);
#5509=PLANE('',#5508);
#5510=ORIENTED_EDGE('',*,*,#5421,.F.);
#5512=ORIENTED_EDGE('',*,*,#5511,.T.);
#5514=ORIENTED_EDGE('',*,*,#5513,.T.);
#5515=ORIENTED_EDGE('',*,*,#5497,.F.);
#5516=EDGE_LOOP('',(#5510,#5512,#5514,#5515));
#5517=FACE_OUTER_BOUND('',#5516,.F.);
#5518=ADVANCED_FACE('',(#5517),#5509,.T.);
#5519=CARTESIAN_POINT('',(-5.273124995083E0,0.E0,-2.106382912025E-2));
#5520=DIRECTION('',(-2.001233627174E-1,0.E0,9.797707077141E-1));
#5521=DIRECTION('',(9.797707077141E-1,0.E0,2.001233627174E-1));
#5522=AXIS2_PLACEMENT_3D('',#5519,#5520,#5521);
#5523=PLANE('',#5522);
#5524=ORIENTED_EDGE('',*,*,#5419,.F.);
#5526=ORIENTED_EDGE('',*,*,#5525,.T.);
#5528=ORIENTED_EDGE('',*,*,#5527,.T.);
#5529=ORIENTED_EDGE('',*,*,#5511,.F.);
#5530=EDGE_LOOP('',(#5524,#5526,#5528,#5529));
#5531=FACE_OUTER_BOUND('',#5530,.F.);
#5532=ADVANCED_FACE('',(#5531),#5523,.T.);
#5533=CARTESIAN_POINT('',(-5.355625004917E0,0.E0,-6.319148920476E-2));
#5534=DIRECTION('',(-4.547771179149E-1,0.E0,8.906052846357E-1));
#5535=DIRECTION('',(8.906052846357E-1,0.E0,4.547771179149E-1));
#5536=AXIS2_PLACEMENT_3D('',#5533,#5534,#5535);
#5537=PLANE('',#5536);
#5538=ORIENTED_EDGE('',*,*,#5417,.F.);
#5540=ORIENTED_EDGE('',*,*,#5539,.T.);
#5542=ORIENTED_EDGE('',*,*,#5541,.T.);
#5543=ORIENTED_EDGE('',*,*,#5525,.F.);
#5544=EDGE_LOOP('',(#5538,#5540,#5542,#5543));
#5545=FACE_OUTER_BOUND('',#5544,.F.);
#5546=ADVANCED_FACE('',(#5545),#5537,.T.);
#5547=CARTESIAN_POINT('',(-5.438125E0,0.E0,-1.474468056858E-1));
#5548=DIRECTION('',(-7.145104362650E-1,0.E0,6.996247826288E-1));
#5549=DIRECTION('',(6.996247826288E-1,0.E0,7.145104362650E-1));
#5550=AXIS2_PLACEMENT_3D('',#5547,#5548,#5549);
#5551=PLANE('',#5550);
#5552=ORIENTED_EDGE('',*,*,#5415,.F.);
#5554=ORIENTED_EDGE('',*,*,#5553,.T.);
#5556=ORIENTED_EDGE('',*,*,#5555,.T.);
#5557=ORIENTED_EDGE('',*,*,#5539,.F.);
#5558=EDGE_LOOP('',(#5552,#5554,#5556,#5557));
#5559=FACE_OUTER_BOUND('',#5558,.F.);
#5560=ADVANCED_FACE('',(#5559),#5551,.T.);
#5561=CARTESIAN_POINT('',(-5.479374999385E0,0.E0,-2.317021295428E-1));
#5562=DIRECTION('',(-8.981381301632E-1,0.E0,4.397134284359E-1));
#5563=DIRECTION('',(4.397134284359E-1,0.E0,8.981381301632E-1));
#5564=AXIS2_PLACEMENT_3D('',#5561,#5562,#5563);
#5565=PLANE('',#5564);
#5566=ORIENTED_EDGE('',*,*,#5413,.F.);
#5568=ORIENTED_EDGE('',*,*,#5567,.T.);
#5570=ORIENTED_EDGE('',*,*,#5569,.T.);
#5571=ORIENTED_EDGE('',*,*,#5553,.F.);
#5572=EDGE_LOOP('',(#5566,#5568,#5570,#5571));
#5573=FACE_OUTER_BOUND('',#5572,.F.);
#5574=ADVANCED_FACE('',(#5573),#5565,.T.);
#5575=CARTESIAN_POINT('',(-5.5E0,0.E0,-3.370212659240E-1));
#5576=DIRECTION('',(-9.813591334130E-1,0.E0,1.921828589309E-1));
#5577=DIRECTION('',(1.921828589309E-1,0.E0,9.813591334130E-1));
#5578=AXIS2_PLACEMENT_3D('',#5575,#5576,#5577);
#5579=PLANE('',#5578);
#5580=ORIENTED_EDGE('',*,*,#5411,.F.);
#5582=ORIENTED_EDGE('',*,*,#5581,.T.);
#5584=ORIENTED_EDGE('',*,*,#5583,.T.);
#5585=ORIENTED_EDGE('',*,*,#5567,.F.);
#5586=EDGE_LOOP('',(#5580,#5582,#5584,#5585));
#5587=FACE_OUTER_BOUND('',#5586,.F.);
#5588=ADVANCED_FACE('',(#5587),#5579,.T.);
#5589=CARTESIAN_POINT('',(-5.5E0,0.E0,-6.529787045717E-1));
#5590=DIRECTION('',(-1.E0,0.E0,0.E0));
#5591=DIRECTION('',(0.E0,0.E0,1.E0));
#5592=AXIS2_PLACEMENT_3D('',#5589,#5590,#5591);
#5593=PLANE('',#5592);
#5594=ORIENTED_EDGE('',*,*,#5409,.F.);
#5595=ORIENTED_EDGE('',*,*,#5342,.T.);
#5597=ORIENTED_EDGE('',*,*,#5596,.T.);
#5598=ORIENTED_EDGE('',*,*,#5581,.F.);
#5599=EDGE_LOOP('',(#5594,#5595,#5597,#5598));
#5600=FACE_OUTER_BOUND('',#5599,.F.);
#5601=ADVANCED_FACE('',(#5600),#5593,.T.);
#5602=CARTESIAN_POINT('',(0.E0,2.E-3,0.E0));
#5603=DIRECTION('',(0.E0,1.E0,0.E0));
#5604=DIRECTION('',(1.E0,0.E0,0.E0));
#5605=AXIS2_PLACEMENT_3D('',#5602,#5603,#5604);
#5606=PLANE('',#5605);
#5607=ORIENTED_EDGE('',*,*,#5442,.F.);
#5608=ORIENTED_EDGE('',*,*,#5457,.F.);
#5609=ORIENTED_EDGE('',*,*,#5471,.F.);
#5610=ORIENTED_EDGE('',*,*,#5485,.F.);
#5611=ORIENTED_EDGE('',*,*,#5499,.F.);
#5612=ORIENTED_EDGE('',*,*,#5513,.F.);
#5613=ORIENTED_EDGE('',*,*,#5527,.F.);
#5614=ORIENTED_EDGE('',*,*,#5541,.F.);
#5615=ORIENTED_EDGE('',*,*,#5555,.F.);
#5616=ORIENTED_EDGE('',*,*,#5569,.F.);
#5617=ORIENTED_EDGE('',*,*,#5583,.F.);
#5618=ORIENTED_EDGE('',*,*,#5596,.F.);
#5619=ORIENTED_EDGE('',*,*,#5340,.F.);
#5621=ORIENTED_EDGE('',*,*,#5620,.F.);
#5623=ORIENTED_EDGE('',*,*,#5622,.F.);
#5625=ORIENTED_EDGE('',*,*,#5624,.F.);
#5627=ORIENTED_EDGE('',*,*,#5626,.F.);
#5629=ORIENTED_EDGE('',*,*,#5628,.F.);
#5631=ORIENTED_EDGE('',*,*,#5630,.F.);
#5633=ORIENTED_EDGE('',*,*,#5632,.F.);
#5635=ORIENTED_EDGE('',*,*,#5634,.F.);
#5637=ORIENTED_EDGE('',*,*,#5636,.F.);
#5639=ORIENTED_EDGE('',*,*,#5638,.F.);
#5641=ORIENTED_EDGE('',*,*,#5640,.F.);
#5643=ORIENTED_EDGE('',*,*,#5642,.F.);
#5645=ORIENTED_EDGE('',*,*,#5644,.F.);
#5647=ORIENTED_EDGE('',*,*,#5646,.F.);
#5649=ORIENTED_EDGE('',*,*,#5648,.F.);
#5651=ORIENTED_EDGE('',*,*,#5650,.F.);
#5653=ORIENTED_EDGE('',*,*,#5652,.F.);
#5655=ORIENTED_EDGE('',*,*,#5654,.F.);
#5657=ORIENTED_EDGE('',*,*,#5656,.F.);
#5659=ORIENTED_EDGE('',*,*,#5658,.F.);
#5661=ORIENTED_EDGE('',*,*,#5660,.F.);
#5663=ORIENTED_EDGE('',*,*,#5662,.F.);
#5665=ORIENTED_EDGE('',*,*,#5664,.F.);
#5667=ORIENTED_EDGE('',*,*,#5666,.F.);
#5669=ORIENTED_EDGE('',*,*,#5668,.F.);
#5671=ORIENTED_EDGE('',*,*,#5670,.F.);
#5673=ORIENTED_EDGE('',*,*,#5672,.F.);
#5674=EDGE_LOOP('',(#5607,#5608,#5609,#5610,#5611,#5612,#5613,#5614,#5615,#5616,
#5617,#5618,#5619,#5621,#5623,#5625,#5627,#5629,#5631,#5633,#5635,#5637,#5639,
#5641,#5643,#5645,#5647,#5649,#5651,#5653,#5655,#5657,#5659,#5661,#5663,#5665,
#5667,#5669,#5671,#5673));
#5675=FACE_OUTER_BOUND('',#5674,.F.);
#5676=ADVANCED_FACE('',(#5675),#5606,.T.);
#5677=CARTESIAN_POINT('',(-5.438125E0,0.E0,-8.425532090664E-1));
#5678=DIRECTION('',(-8.981380997585E-1,0.E0,-4.397134905391E-1));
#5679=DIRECTION('',(-4.397134905391E-1,0.E0,8.981380997585E-1));
#5680=AXIS2_PLACEMENT_3D('',#5677,#5678,#5679);
#5681=PLANE('',#5680);
#5682=ORIENTED_EDGE('',*,*,#5406,.F.);
#5684=ORIENTED_EDGE('',*,*,#5683,.T.);
#5685=ORIENTED_EDGE('',*,*,#5620,.T.);
#5686=ORIENTED_EDGE('',*,*,#5338,.F.);
#5687=EDGE_LOOP('',(#5682,#5684,#5685,#5686));
#5688=FACE_OUTER_BOUND('',#5687,.F.);
#5689=ADVANCED_FACE('',(#5688),#5681,.T.);
#5690=CARTESIAN_POINT('',(-5.355625004917E0,0.E0,-9.268085181713E-1));
#5691=DIRECTION('',(-7.145104056477E-1,0.E0,-6.996248138976E-1));
#5692=DIRECTION('',(-6.996248138976E-1,0.E0,7.145104056477E-1));
#5693=AXIS2_PLACEMENT_3D('',#5690,#5691,#5692);
#5694=PLANE('',#5693);
#5695=ORIENTED_EDGE('',*,*,#5404,.F.);
#5697=ORIENTED_EDGE('',*,*,#5696,.T.);
#5698=ORIENTED_EDGE('',*,*,#5622,.T.);
#5699=ORIENTED_EDGE('',*,*,#5683,.F.);
#5700=EDGE_LOOP('',(#5695,#5697,#5698,#5699));
#5701=FACE_OUTER_BOUND('',#5700,.F.);
#5702=ADVANCED_FACE('',(#5701),#5694,.T.);
#5703=CARTESIAN_POINT('',(-5.273124995083E0,0.E0,-9.689361727238E-1));
#5704=DIRECTION('',(-4.547770705465E-1,0.E0,-8.906053088238E-1));
#5705=DIRECTION('',(-8.906053088238E-1,0.E0,4.547770705465E-1));
#5706=AXIS2_PLACEMENT_3D('',#5703,#5704,#5705);
#5707=PLANE('',#5706);
#5708=ORIENTED_EDGE('',*,*,#5402,.F.);
#5710=ORIENTED_EDGE('',*,*,#5709,.T.);
#5711=ORIENTED_EDGE('',*,*,#5624,.T.);
#5712=ORIENTED_EDGE('',*,*,#5696,.F.);
#5713=EDGE_LOOP('',(#5708,#5710,#5711,#5712));
#5714=FACE_OUTER_BOUND('',#5713,.F.);
#5715=ADVANCED_FACE('',(#5714),#5707,.T.);
#5716=CARTESIAN_POINT('',(-5.169999990165E0,0.E0,-9.9E-1));
#5717=DIRECTION('',(-2.001233458994E-1,0.E0,-9.797707111493E-1));
#5718=DIRECTION('',(-9.797707111493E-1,0.E0,2.001233458994E-1));
#5719=AXIS2_PLACEMENT_3D('',#5716,#5717,#5718);
#5720=PLANE('',#5719);
#5721=ORIENTED_EDGE('',*,*,#5400,.F.);
#5723=ORIENTED_EDGE('',*,*,#5722,.T.);
#5724=ORIENTED_EDGE('',*,*,#5626,.T.);
#5725=ORIENTED_EDGE('',*,*,#5709,.F.);
#5726=EDGE_LOOP('',(#5721,#5723,#5724,#5725));
#5727=FACE_OUTER_BOUND('',#5726,.F.);
#5728=ADVANCED_FACE('',(#5727),#5720,.T.);
#5729=CARTESIAN_POINT('',(-4.984375019670E0,0.E0,-9.9E-1));
#5730=DIRECTION('',(0.E0,0.E0,-1.E0));
#5731=DIRECTION('',(-1.E0,0.E0,0.E0));
#5732=AXIS2_PLACEMENT_3D('',#5729,#5730,#5731);
#5733=PLANE('',#5732);
#5734=ORIENTED_EDGE('',*,*,#5398,.F.);
#5736=ORIENTED_EDGE('',*,*,#5735,.T.);
#5737=ORIENTED_EDGE('',*,*,#5628,.T.);
#5738=ORIENTED_EDGE('',*,*,#5722,.F.);
#5739=EDGE_LOOP('',(#5734,#5736,#5737,#5738));
#5740=FACE_OUTER_BOUND('',#5739,.F.);
#5741=ADVANCED_FACE('',(#5740),#5733,.T.);
#5742=CARTESIAN_POINT('',(-4.88125E0,0.E0,-9.689361727238E-1));
#5743=DIRECTION('',(2.001233184181E-1,0.E0,-9.797707167625E-1));
#5744=DIRECTION('',(-9.797707167625E-1,0.E0,-2.001233184181E-1));
#5745=AXIS2_PLACEMENT_3D('',#5742,#5743,#5744);
#5746=PLANE('',#5745);
#5747=ORIENTED_EDGE('',*,*,#5396,.F.);
#5749=ORIENTED_EDGE('',*,*,#5748,.T.);
#5750=ORIENTED_EDGE('',*,*,#5630,.T.);
#5751=ORIENTED_EDGE('',*,*,#5735,.F.);
#5752=EDGE_LOOP('',(#5747,#5749,#5750,#5751));
#5753=FACE_OUTER_BOUND('',#5752,.F.);
#5754=ADVANCED_FACE('',(#5753),#5746,.T.);
#5755=CARTESIAN_POINT('',(-4.798750019670E0,0.E0,-9.268085181713E-1));
#5756=DIRECTION('',(4.547771995497E-1,0.E0,-8.906052429498E-1));
#5757=DIRECTION('',(-8.906052429498E-1,0.E0,-4.547771995497E-1));
#5758=AXIS2_PLACEMENT_3D('',#5755,#5756,#5757);
#5759=PLANE('',#5758);
#5760=ORIENTED_EDGE('',*,*,#5394,.F.);
#5762=ORIENTED_EDGE('',*,*,#5761,.T.);
#5763=ORIENTED_EDGE('',*,*,#5632,.T.);
#5764=ORIENTED_EDGE('',*,*,#5748,.F.);
#5765=EDGE_LOOP('',(#5760,#5762,#5763,#5764));
#5766=FACE_OUTER_BOUND('',#5765,.F.);
#5767=ADVANCED_FACE('',(#5766),#5759,.T.);
#5768=CARTESIAN_POINT('',(-4.716249980330E0,0.E0,-8.425532090664E-1));
#5769=DIRECTION('',(7.145102180353E-1,0.E0,-6.996250055017E-1));
#5770=DIRECTION('',(-6.996250055017E-1,0.E0,-7.145102180353E-1));
#5771=AXIS2_PLACEMENT_3D('',#5768,#5769,#5770);
#5772=PLANE('',#5771);
#5773=ORIENTED_EDGE('',*,*,#5392,.F.);
#5775=ORIENTED_EDGE('',*,*,#5774,.T.);
#5776=ORIENTED_EDGE('',*,*,#5634,.T.);
#5777=ORIENTED_EDGE('',*,*,#5761,.F.);
#5778=EDGE_LOOP('',(#5773,#5775,#5776,#5777));
#5779=FACE_OUTER_BOUND('',#5778,.F.);
#5780=ADVANCED_FACE('',(#5779),#5772,.T.);
#5781=CARTESIAN_POINT('',(-4.695625E0,0.E0,-7.372340136766E-1));
#5782=DIRECTION('',(9.813591893677E-1,0.E0,-1.921825732045E-1));
#5783=DIRECTION('',(-1.921825732045E-1,0.E0,-9.813591893677E-1));
#5784=AXIS2_PLACEMENT_3D('',#5781,#5782,#5783);
#5785=PLANE('',#5784);
#5786=ORIENTED_EDGE('',*,*,#5390,.F.);
#5788=ORIENTED_EDGE('',*,*,#5787,.T.);
#5789=ORIENTED_EDGE('',*,*,#5636,.T.);
#5790=ORIENTED_EDGE('',*,*,#5774,.F.);
#5791=EDGE_LOOP('',(#5786,#5788,#5789,#5790));
#5792=FACE_OUTER_BOUND('',#5791,.F.);
#5793=ADVANCED_FACE('',(#5792),#5785,.T.);
#5794=CARTESIAN_POINT('',(-4.819375E0,0.E0,-7.372340136766E-1));
#5795=DIRECTION('',(0.E0,0.E0,1.E0));
#5796=DIRECTION('',(1.E0,0.E0,0.E0));
#5797=AXIS2_PLACEMENT_3D('',#5794,#5795,#5796);
#5798=PLANE('',#5797);
#5799=ORIENTED_EDGE('',*,*,#5388,.F.);
#5801=ORIENTED_EDGE('',*,*,#5800,.T.);
#5802=ORIENTED_EDGE('',*,*,#5638,.T.);
#5803=ORIENTED_EDGE('',*,*,#5787,.F.);
#5804=EDGE_LOOP('',(#5799,#5801,#5802,#5803));
#5805=FACE_OUTER_BOUND('',#5804,.F.);
#5806=ADVANCED_FACE('',(#5805),#5798,.T.);
#5807=CARTESIAN_POINT('',(-4.839999980330E0,0.E0,-8.004255545139E-1));
#5808=DIRECTION('',(-9.506453648566E-1,0.E0,3.102795357040E-1));
#5809=DIRECTION('',(3.102795357040E-1,0.E0,9.506453648566E-1));
#5810=AXIS2_PLACEMENT_3D('',#5807,#5808,#5809);
#5811=PLANE('',#5810);
#5812=ORIENTED_EDGE('',*,*,#5386,.F.);
#5814=ORIENTED_EDGE('',*,*,#5813,.T.);
#5815=ORIENTED_EDGE('',*,*,#5640,.T.);
#5816=ORIENTED_EDGE('',*,*,#5800,.F.);
#5817=EDGE_LOOP('',(#5812,#5814,#5815,#5816));
#5818=FACE_OUTER_BOUND('',#5817,.F.);
#5819=ADVANCED_FACE('',(#5818),#5811,.T.);
#5820=CARTESIAN_POINT('',(-4.901874980330E0,0.E0,-8.425532090664E-1));
#5821=DIRECTION('',(-5.627909312417E-1,0.E0,8.265992787996E-1));
#5822=DIRECTION('',(8.265992787996E-1,0.E0,5.627909312417E-1));
#5823=AXIS2_PLACEMENT_3D('',#5820,#5821,#5822);
#5824=PLANE('',#5823);
#5825=ORIENTED_EDGE('',*,*,#5384,.F.);
#5827=ORIENTED_EDGE('',*,*,#5826,.T.);
#5828=ORIENTED_EDGE('',*,*,#5642,.T.);
#5829=ORIENTED_EDGE('',*,*,#5813,.F.);
#5830=EDGE_LOOP('',(#5825,#5827,#5828,#5829));
#5831=FACE_OUTER_BOUND('',#5830,.F.);
#5832=ADVANCED_FACE('',(#5831),#5824,.T.);
#5833=CARTESIAN_POINT('',(-4.984375019670E0,0.E0,-8.636170363426E-1));
#5834=DIRECTION('',(-2.473831068378E-1,0.E0,9.689177459678E-1));
#5835=DIRECTION('',(9.689177459678E-1,0.E0,2.473831068378E-1));
#5836=AXIS2_PLACEMENT_3D('',#5833,#5834,#5835);
#5837=PLANE('',#5836);
#5838=ORIENTED_EDGE('',*,*,#5382,.F.);
#5840=ORIENTED_EDGE('',*,*,#5839,.T.);
#5841=ORIENTED_EDGE('',*,*,#5644,.T.);
#5842=ORIENTED_EDGE('',*,*,#5826,.F.);
#5843=EDGE_LOOP('',(#5838,#5840,#5841,#5842));
#5844=FACE_OUTER_BOUND('',#5843,.F.);
#5845=ADVANCED_FACE('',(#5844),#5837,.T.);
#5846=CARTESIAN_POINT('',(-5.169999990165E0,0.E0,-8.636170363426E-1));
#5847=DIRECTION('',(0.E0,0.E0,1.E0));
#5848=DIRECTION('',(1.E0,0.E0,0.E0));
#5849=AXIS2_PLACEMENT_3D('',#5846,#5847,#5848);
#5850=PLANE('',#5849);
#5851=ORIENTED_EDGE('',*,*,#5380,.F.);
#5853=ORIENTED_EDGE('',*,*,#5852,.T.);
#5854=ORIENTED_EDGE('',*,*,#5646,.T.);
#5855=ORIENTED_EDGE('',*,*,#5839,.F.);
#5856=EDGE_LOOP('',(#5851,#5853,#5854,#5855));
#5857=FACE_OUTER_BOUND('',#5856,.F.);
#5858=ADVANCED_FACE('',(#5857),#5850,.T.);
#5859=CARTESIAN_POINT('',(-5.2525E0,0.E0,-8.425532090664E-1));
#5860=DIRECTION('',(2.473831898946E-1,0.E0,9.689177247618E-1));
#5861=DIRECTION('',(9.689177247618E-1,0.E0,-2.473831898946E-1));
#5862=AXIS2_PLACEMENT_3D('',#5859,#5860,#5861);
#5863=PLANE('',#5862);
#5864=ORIENTED_EDGE('',*,*,#5378,.F.);
#5866=ORIENTED_EDGE('',*,*,#5865,.T.);
#5867=ORIENTED_EDGE('',*,*,#5648,.T.);
#5868=ORIENTED_EDGE('',*,*,#5852,.F.);
#5869=EDGE_LOOP('',(#5864,#5866,#5867,#5868));
#5870=FACE_OUTER_BOUND('',#5869,.F.);
#5871=ADVANCED_FACE('',(#5870),#5863,.T.);
#5872=CARTESIAN_POINT('',(-5.314375E0,0.E0,-8.004255545139E-1));
#5873=DIRECTION('',(5.627909312417E-1,0.E0,8.265992787996E-1));
#5874=DIRECTION('',(8.265992787996E-1,0.E0,-5.627909312417E-1));
#5875=AXIS2_PLACEMENT_3D('',#5872,#5873,#5874);
#5876=PLANE('',#5875);
#5877=ORIENTED_EDGE('',*,*,#5376,.F.);
#5879=ORIENTED_EDGE('',*,*,#5878,.T.);
#5880=ORIENTED_EDGE('',*,*,#5650,.T.);
#5881=ORIENTED_EDGE('',*,*,#5865,.F.);
#5882=EDGE_LOOP('',(#5877,#5879,#5880,#5881));
#5883=FACE_OUTER_BOUND('',#5882,.F.);
#5884=ADVANCED_FACE('',(#5883),#5876,.T.);
#5885=CARTESIAN_POINT('',(-5.355625004917E0,0.E0,-7.372340136766E-1));
#5886=DIRECTION('',(8.373793243581E-1,0.E0,5.466222343973E-1));
#5887=DIRECTION('',(5.466222343973E-1,0.E0,-8.373793243581E-1));
#5888=AXIS2_PLACEMENT_3D('',#5885,#5886,#5887);
#5889=PLANE('',#5888);
#5890=ORIENTED_EDGE('',*,*,#5374,.F.);
#5892=ORIENTED_EDGE('',*,*,#5891,.T.);
#5893=ORIENTED_EDGE('',*,*,#5652,.T.);
#5894=ORIENTED_EDGE('',*,*,#5878,.F.);
#5895=EDGE_LOOP('',(#5890,#5892,#5893,#5894));
#5896=FACE_OUTER_BOUND('',#5895,.F.);
#5897=ADVANCED_FACE('',(#5896),#5889,.T.);
#5898=CARTESIAN_POINT('',(-5.37625E0,0.E0,-6.529787045717E-1));
#5899=DIRECTION('',(9.713211669575E-1,0.E0,2.377712989836E-1));
#5900=DIRECTION('',(2.377712989836E-1,0.E0,-9.713211669575E-1));
#5901=AXIS2_PLACEMENT_3D('',#5898,#5899,#5900);
#5902=PLANE('',#5901);
#5903=ORIENTED_EDGE('',*,*,#5372,.F.);
#5905=ORIENTED_EDGE('',*,*,#5904,.T.);
#5906=ORIENTED_EDGE('',*,*,#5654,.T.);
#5907=ORIENTED_EDGE('',*,*,#5891,.F.);
#5908=EDGE_LOOP('',(#5903,#5905,#5906,#5907));
#5909=FACE_OUTER_BOUND('',#5908,.F.);
#5910=ADVANCED_FACE('',(#5909),#5902,.T.);
#5911=CARTESIAN_POINT('',(-5.37625E0,0.E0,-3.370212659240E-1));
#5912=DIRECTION('',(1.E0,0.E0,0.E0));
#5913=DIRECTION('',(0.E0,0.E0,-1.E0));
#5914=AXIS2_PLACEMENT_3D('',#5911,#5912,#5913);
#5915=PLANE('',#5914);
#5916=ORIENTED_EDGE('',*,*,#5370,.F.);
#5918=ORIENTED_EDGE('',*,*,#5917,.T.);
#5919=ORIENTED_EDGE('',*,*,#5656,.T.);
#5920=ORIENTED_EDGE('',*,*,#5904,.F.);
#5921=EDGE_LOOP('',(#5916,#5918,#5919,#5920));
#5922=FACE_OUTER_BOUND('',#5921,.F.);
#5923=ADVANCED_FACE('',(#5922),#5915,.T.);
#5924=CARTESIAN_POINT('',(-5.355625004917E0,0.E0,-2.527659568191E-1));
#5925=DIRECTION('',(9.713211669575E-1,0.E0,-2.377712989836E-1));
#5926=DIRECTION('',(-2.377712989836E-1,0.E0,-9.713211669575E-1));
#5927=AXIS2_PLACEMENT_3D('',#5924,#5925,#5926);
#5928=PLANE('',#5927);
#5929=ORIENTED_EDGE('',*,*,#5368,.F.);
#5931=ORIENTED_EDGE('',*,*,#5930,.T.);
#5932=ORIENTED_EDGE('',*,*,#5658,.T.);
#5933=ORIENTED_EDGE('',*,*,#5917,.F.);
#5934=EDGE_LOOP('',(#5929,#5931,#5932,#5933));
#5935=FACE_OUTER_BOUND('',#5934,.F.);
#5936=ADVANCED_FACE('',(#5935),#5928,.T.);
#5937=CARTESIAN_POINT('',(-5.314375E0,0.E0,-1.895744749904E-1));
#5938=DIRECTION('',(8.373790907147E-1,0.E0,-5.466225923193E-1));
#5939=DIRECTION('',(-5.466225923193E-1,0.E0,-8.373790907147E-1));
#5940=AXIS2_PLACEMENT_3D('',#5937,#5938,#5939);
#5941=PLANE('',#5940);
#5942=ORIENTED_EDGE('',*,*,#5366,.F.);
#5944=ORIENTED_EDGE('',*,*,#5943,.T.);
#5945=ORIENTED_EDGE('',*,*,#5660,.T.);
#5946=ORIENTED_EDGE('',*,*,#5930,.F.);
#5947=EDGE_LOOP('',(#5942,#5944,#5945,#5946));
#5948=FACE_OUTER_BOUND('',#5947,.F.);
#5949=ADVANCED_FACE('',(#5948),#5941,.T.);
#5950=CARTESIAN_POINT('',(-5.2525E0,0.E0,-1.474468056858E-1));
#5951=DIRECTION('',(5.627910658976E-1,0.E0,-8.265991871191E-1));
#5952=DIRECTION('',(-8.265991871191E-1,0.E0,-5.627910658976E-1));
#5953=AXIS2_PLACEMENT_3D('',#5950,#5951,#5952);
#5954=PLANE('',#5953);
#5955=ORIENTED_EDGE('',*,*,#5364,.F.);
#5957=ORIENTED_EDGE('',*,*,#5956,.T.);
#5958=ORIENTED_EDGE('',*,*,#5662,.T.);
#5959=ORIENTED_EDGE('',*,*,#5943,.F.);
#5960=EDGE_LOOP('',(#5955,#5957,#5958,#5959));
#5961=FACE_OUTER_BOUND('',#5960,.F.);
#5962=ADVANCED_FACE('',(#5961),#5954,.T.);
#5963=CARTESIAN_POINT('',(-5.169999990165E0,0.E0,-1.263829784095E-1));
#5964=DIRECTION('',(2.473831898946E-1,0.E0,-9.689177247618E-1));
#5965=DIRECTION('',(-9.689177247618E-1,0.E0,-2.473831898946E-1));
#5966=AXIS2_PLACEMENT_3D('',#5963,#5964,#5965);
#5967=PLANE('',#5966);
#5968=ORIENTED_EDGE('',*,*,#5362,.F.);
#5970=ORIENTED_EDGE('',*,*,#5969,.T.);
#5971=ORIENTED_EDGE('',*,*,#5664,.T.);
#5972=ORIENTED_EDGE('',*,*,#5956,.F.);
#5973=EDGE_LOOP('',(#5968,#5970,#5971,#5972));
#5974=FACE_OUTER_BOUND('',#5973,.F.);
#5975=ADVANCED_FACE('',(#5974),#5967,.T.);
#5976=CARTESIAN_POINT('',(-4.984375019670E0,0.E0,-1.263829784095E-1));
#5977=DIRECTION('',(0.E0,0.E0,-1.E0));
#5978=DIRECTION('',(-1.E0,0.E0,0.E0));
#5979=AXIS2_PLACEMENT_3D('',#5976,#5977,#5978);
#5980=PLANE('',#5979);
#5981=ORIENTED_EDGE('',*,*,#5360,.F.);
#5983=ORIENTED_EDGE('',*,*,#5982,.T.);
#5984=ORIENTED_EDGE('',*,*,#5666,.T.);
#5985=ORIENTED_EDGE('',*,*,#5969,.F.);
#5986=EDGE_LOOP('',(#5981,#5983,#5984,#5985));
#5987=FACE_OUTER_BOUND('',#5986,.F.);
#5988=ADVANCED_FACE('',(#5987),#5980,.T.);
#5989=CARTESIAN_POINT('',(-4.901874980330E0,0.E0,-1.474468056858E-1));
#5990=DIRECTION('',(-2.473831068378E-1,0.E0,-9.689177459678E-1));
#5991=DIRECTION('',(-9.689177459678E-1,0.E0,2.473831068378E-1));
#5992=AXIS2_PLACEMENT_3D('',#5989,#5990,#5991);
#5993=PLANE('',#5992);
#5994=ORIENTED_EDGE('',*,*,#5358,.F.);
#5996=ORIENTED_EDGE('',*,*,#5995,.T.);
#5997=ORIENTED_EDGE('',*,*,#5668,.T.);
#5998=ORIENTED_EDGE('',*,*,#5982,.F.);
#5999=EDGE_LOOP('',(#5994,#5996,#5997,#5998));
#6000=FACE_OUTER_BOUND('',#5999,.F.);
#6001=ADVANCED_FACE('',(#6000),#5993,.T.);
#6002=CARTESIAN_POINT('',(-4.839999980330E0,0.E0,-1.895744749904E-1));
#6003=DIRECTION('',(-5.627910658976E-1,0.E0,-8.265991871191E-1));
#6004=DIRECTION('',(-8.265991871191E-1,0.E0,5.627910658976E-1));
#6005=AXIS2_PLACEMENT_3D('',#6002,#6003,#6004);
#6006=PLANE('',#6005);
#6007=ORIENTED_EDGE('',*,*,#5356,.F.);
#6009=ORIENTED_EDGE('',*,*,#6008,.T.);
#6010=ORIENTED_EDGE('',*,*,#5670,.T.);
#6011=ORIENTED_EDGE('',*,*,#5995,.F.);
#6012=EDGE_LOOP('',(#6007,#6009,#6010,#6011));
#6013=FACE_OUTER_BOUND('',#6012,.F.);
#6014=ADVANCED_FACE('',(#6013),#6006,.T.);
#6015=CARTESIAN_POINT('',(-4.819375E0,0.E0,-2.527659568191E-1));
#6016=DIRECTION('',(-9.506452793929E-1,0.E0,-3.102797975506E-1));
#6017=DIRECTION('',(-3.102797975506E-1,0.E0,9.506452793929E-1));
#6018=AXIS2_PLACEMENT_3D('',#6015,#6016,#6017);
#6019=PLANE('',#6018);
#6020=ORIENTED_EDGE('',*,*,#5354,.F.);
#6021=ORIENTED_EDGE('',*,*,#5444,.T.);
#6022=ORIENTED_EDGE('',*,*,#5672,.T.);
#6023=ORIENTED_EDGE('',*,*,#6008,.F.);
#6024=EDGE_LOOP('',(#6020,#6021,#6022,#6023));
#6025=FACE_OUTER_BOUND('',#6024,.F.);
#6026=ADVANCED_FACE('',(#6025),#6019,.T.);
#6027=CLOSED_SHELL('',(#5346,#5433,#5448,#5462,#5476,#5490,#5504,#5518,#5532,
#5546,#5560,#5574,#5588,#5601,#5676,#5689,#5702,#5715,#5728,#5741,#5754,#5767,
#5780,#5793,#5806,#5819,#5832,#5845,#5858,#5871,#5884,#5897,#5910,#5923,#5936,
#5949,#5962,#5975,#5988,#6001,#6014,#6026));
#6028=MANIFOLD_SOLID_BREP('',#6027);
#6030=DIRECTION('',(0.E0,1.E0,0.E0));
#6031=VECTOR('',#6030,2.E-3);
#6032=CARTESIAN_POINT('',(-4.530624980330E0,0.E0,0.E0));
#6033=LINE('',#6032,#6031);
#6034=DIRECTION('',(1.E0,0.E0,0.E0));
#6035=VECTOR('',#6034,3.918750393391E-1);
#6036=CARTESIAN_POINT('',(-4.406875039339E0,0.E0,-8.846808636189E-1));
#6037=LINE('',#6036,#6035);
#6038=DIRECTION('',(9.466499177700E-1,0.E0,3.222637633772E-1));
#6039=VECTOR('',#6038,6.536207191118E-2);
#6040=CARTESIAN_POINT('',(-4.015E0,0.E0,-8.846808636189E-1));
#6041=LINE('',#6040,#6039);
#6042=DIRECTION('',(6.996244945571E-1,0.E0,7.145107183351E-1));
#6043=VECTOR('',#6042,5.896014359396E-2);
#6044=CARTESIAN_POINT('',(-3.953125E0,0.E0,-8.636170363426E-1));
#6045=LINE('',#6044,#6043);
#6046=DIRECTION('',(3.102805998049E-1,0.E0,9.506450175458E-1));
#6047=VECTOR('',#6046,6.647221692891E-2);
#6048=CARTESIAN_POINT('',(-3.911875039339E0,0.E0,-8.214893817902E-1));
#6049=LINE('',#6048,#6047);
#6050=DIRECTION('',(0.E0,0.E0,1.E0));
#6051=VECTOR('',#6050,6.319154083729E-2);
#6052=CARTESIAN_POINT('',(-3.89125E0,0.E0,-7.582978999615E-1));
#6053=LINE('',#6052,#6051);
#6054=DIRECTION('',(-3.102805998049E-1,0.E0,9.506450175458E-1));
#6055=VECTOR('',#6054,6.647221692891E-2);
#6056=CARTESIAN_POINT('',(-3.89125E0,0.E0,-6.951063591242E-1));
#6057=LINE('',#6056,#6055);
#6058=DIRECTION('',(-6.996244945571E-1,0.E0,7.145107183351E-1));
#6059=VECTOR('',#6058,5.896014359396E-2);
#6060=CARTESIAN_POINT('',(-3.911875039339E0,0.E0,-6.319148772955E-1));
#6061=LINE('',#6060,#6059);
#6062=DIRECTION('',(-9.466499177700E-1,0.E0,3.222637633772E-1));
#6063=VECTOR('',#6062,6.536207191118E-2);
#6064=CARTESIAN_POINT('',(-3.953125E0,0.E0,-5.897872227430E-1));
#6065=LINE('',#6064,#6063);
#6066=DIRECTION('',(-1.E0,0.E0,0.E0));
#6067=VECTOR('',#6066,3.748750393391E-1);
#6068=CARTESIAN_POINT('',(-4.015E0,0.E0,-5.687233954668E-1));
#6069=LINE('',#6068,#6067);
#6070=DIRECTION('',(0.E0,0.E0,-1.E0));
#6071=VECTOR('',#6070,1.263829636574E-1);
#6072=CARTESIAN_POINT('',(-4.389875039339E0,0.E0,-4.423404318094E-1));
#6073=LINE('',#6072,#6071);
#6074=DIRECTION('',(1.E0,0.E0,0.E0));
#6075=VECTOR('',#6074,3.336250786781E-1);
#6076=CARTESIAN_POINT('',(-4.389875039339E0,0.E0,-4.423404318094E-1));
#6077=LINE('',#6076,#6075);
#6078=DIRECTION('',(3.494930188318E-1,0.E0,9.369389680165E-1));
#6079=VECTOR('',#6078,4.721123220500E-1);
#6080=CARTESIAN_POINT('',(-4.056249960661E0,0.E0,-4.423404318094E-1));
#6081=LINE('',#6080,#6079);
#6082=DIRECTION('',(1.E0,0.E0,0.E0));
#6083=VECTOR('',#6082,1.443750393391E-1);
#6084=CARTESIAN_POINT('',(-3.89125E0,0.E0,0.E0));
#6085=LINE('',#6084,#6083);
#6086=DIRECTION('',(-3.577885126009E-1,0.E0,-9.338026452366E-1));
#6087=VECTOR('',#6086,5.188120732290E-1);
#6088=CARTESIAN_POINT('',(-3.746874960661E0,0.E0,0.E0));
#6089=LINE('',#6088,#6087);
#6090=DIRECTION('',(8.906051112017E-1,0.E0,-4.547774575564E-1));
#6091=VECTOR('',#6090,9.263355923317E-2);
#6092=CARTESIAN_POINT('',(-3.932499960661E0,0.E0,-4.844680863619E-1));
#6093=LINE('',#6092,#6091);
#6094=DIRECTION('',(5.919095487496E-1,0.E0,-8.060043958311E-1));
#6095=VECTOR('',#6094,1.045345528396E-1);
#6096=CARTESIAN_POINT('',(-3.850000039339E0,0.E0,-5.265957409143E-1));
#6097=LINE('',#6096,#6095);
#6098=DIRECTION('',(3.102805998049E-1,0.E0,-9.506450175458E-1));
#6099=VECTOR('',#6098,6.647221692891E-2);
#6100=CARTESIAN_POINT('',(-3.788125039339E0,0.E0,-6.108510500193E-1));
#6101=LINE('',#6100,#6099);
#6102=DIRECTION('',(0.E0,0.E0,-1.E0));
#6103=VECTOR('',#6102,8.425536811352E-2);
#6104=CARTESIAN_POINT('',(-3.7675E0,0.E0,-6.740425318480E-1));
#6105=LINE('',#6104,#6103);
#6106=DIRECTION('',(-3.102805998049E-1,0.E0,-9.506450175458E-1));
#6107=VECTOR('',#6106,6.647221692891E-2);
#6108=CARTESIAN_POINT('',(-3.7675E0,0.E0,-7.582978999615E-1));
#6109=LINE('',#6108,#6107);
#6110=DIRECTION('',(-5.919095487496E-1,0.E0,-8.060043958311E-1));
#6111=VECTOR('',#6110,1.045345528396E-1);
#6112=CARTESIAN_POINT('',(-3.788125039339E0,0.E0,-8.214893817902E-1));
#6113=LINE('',#6112,#6111);
#6114=DIRECTION('',(-7.938779010506E-1,0.E0,-6.080771975856E-1));
#6115=VECTOR('',#6114,1.039201635575E-1);
#6116=CARTESIAN_POINT('',(-3.850000039339E0,0.E0,-9.057446908951E-1));
#6117=LINE('',#6116,#6115);
#6118=DIRECTION('',(-9.797707392153E-1,0.E0,-2.001232084928E-1));
#6119=VECTOR('',#6118,1.052542952658E-1);
#6120=CARTESIAN_POINT('',(-3.932499960661E0,0.E0,-9.689361727238E-1));
#6121=LINE('',#6120,#6119);
#6122=DIRECTION('',(-1.E0,0.E0,0.E0));
#6123=VECTOR('',#6122,4.949999409914E-1);
#6124=CARTESIAN_POINT('',(-4.035625039339E0,0.E0,-9.9E-1));
#6125=LINE('',#6124,#6123);
#6126=DIRECTION('',(0.E0,0.E0,1.E0));
#6127=VECTOR('',#6126,9.9E-1);
#6128=CARTESIAN_POINT('',(-4.530624980330E0,0.E0,-9.9E-1));
#6129=LINE('',#6128,#6127);
#6130=DIRECTION('',(1.E0,0.E0,0.E0));
#6131=VECTOR('',#6130,1.237499409914E-1);
#6132=CARTESIAN_POINT('',(-4.530624980330E0,0.E0,0.E0));
#6133=LINE('',#6132,#6131);
#6134=DIRECTION('',(0.E0,0.E0,-1.E0));
#6135=VECTOR('',#6134,8.846808636189E-1);
#6136=CARTESIAN_POINT('',(-4.406875039339E0,2.E-3,0.E0));
#6137=LINE('',#6136,#6135);
#6138=DIRECTION('',(0.E0,0.E0,1.E0));
#6139=VECTOR('',#6138,8.846808636189E-1);
#6140=CARTESIAN_POINT('',(-4.406875039339E0,0.E0,-8.846808636189E-1));
#6141=LINE('',#6140,#6139);
#6142=DIRECTION('',(0.E0,1.E0,0.E0));
#6143=VECTOR('',#6142,2.E-3);
#6144=CARTESIAN_POINT('',(-4.406875039339E0,0.E0,0.E0));
#6145=LINE('',#6144,#6143);
#6146=DIRECTION('',(1.E0,0.E0,0.E0));
#6147=VECTOR('',#6146,1.237499409914E-1);
#6148=CARTESIAN_POINT('',(-4.530624980330E0,2.E-3,0.E0));
#6149=LINE('',#6148,#6147);
#6150=DIRECTION('',(0.E0,0.E0,1.E0));
#6151=VECTOR('',#6150,9.9E-1);
#6152=CARTESIAN_POINT('',(-4.530624980330E0,2.E-3,-9.9E-1));
#6153=LINE('',#6152,#6151);
#6154=DIRECTION('',(-1.E0,0.E0,0.E0));
#6155=VECTOR('',#6154,4.949999409914E-1);
#6156=CARTESIAN_POINT('',(-4.035625039339E0,2.E-3,-9.9E-1));
#6157=LINE('',#6156,#6155);
#6158=DIRECTION('',(-9.797707392153E-1,0.E0,-2.001232084928E-1));
#6159=VECTOR('',#6158,1.052542952658E-1);
#6160=CARTESIAN_POINT('',(-3.932499960661E0,2.E-3,-9.689361727238E-1));
#6161=LINE('',#6160,#6159);
#6162=DIRECTION('',(-7.938779010506E-1,0.E0,-6.080771975856E-1));
#6163=VECTOR('',#6162,1.039201635575E-1);
#6164=CARTESIAN_POINT('',(-3.850000039339E0,2.E-3,-9.057446908951E-1));
#6165=LINE('',#6164,#6163);
#6166=DIRECTION('',(-5.919095487496E-1,0.E0,-8.060043958311E-1));
#6167=VECTOR('',#6166,1.045345528396E-1);
#6168=CARTESIAN_POINT('',(-3.788125039339E0,2.E-3,-8.214893817902E-1));
#6169=LINE('',#6168,#6167);
#6170=DIRECTION('',(-3.102805998049E-1,0.E0,-9.506450175458E-1));
#6171=VECTOR('',#6170,6.647221692891E-2);
#6172=CARTESIAN_POINT('',(-3.7675E0,2.E-3,-7.582978999615E-1));
#6173=LINE('',#6172,#6171);
#6174=DIRECTION('',(0.E0,0.E0,-1.E0));
#6175=VECTOR('',#6174,8.425536811352E-2);
#6176=CARTESIAN_POINT('',(-3.7675E0,2.E-3,-6.740425318480E-1));
#6177=LINE('',#6176,#6175);
#6178=DIRECTION('',(3.102805998049E-1,0.E0,-9.506450175458E-1));
#6179=VECTOR('',#6178,6.647221692891E-2);
#6180=CARTESIAN_POINT('',(-3.788125039339E0,2.E-3,-6.108510500193E-1));
#6181=LINE('',#6180,#6179);
#6182=DIRECTION('',(5.919095487496E-1,0.E0,-8.060043958311E-1));
#6183=VECTOR('',#6182,1.045345528396E-1);
#6184=CARTESIAN_POINT('',(-3.850000039339E0,2.E-3,-5.265957409143E-1));
#6185=LINE('',#6184,#6183);
#6186=DIRECTION('',(8.906051112017E-1,0.E0,-4.547774575564E-1));
#6187=VECTOR('',#6186,9.263355923317E-2);
#6188=CARTESIAN_POINT('',(-3.932499960661E0,2.E-3,-4.844680863619E-1));
#6189=LINE('',#6188,#6187);
#6190=DIRECTION('',(-3.577885126009E-1,0.E0,-9.338026452366E-1));
#6191=VECTOR('',#6190,5.188120732290E-1);
#6192=CARTESIAN_POINT('',(-3.746874960661E0,2.E-3,0.E0));
#6193=LINE('',#6192,#6191);
#6194=DIRECTION('',(1.E0,0.E0,0.E0));
#6195=VECTOR('',#6194,1.443750393391E-1);
#6196=CARTESIAN_POINT('',(-3.89125E0,2.E-3,0.E0));
#6197=LINE('',#6196,#6195);
#6198=DIRECTION('',(3.494930188318E-1,0.E0,9.369389680165E-1));
#6199=VECTOR('',#6198,4.721123220500E-1);
#6200=CARTESIAN_POINT('',(-4.056249960661E0,2.E-3,-4.423404318094E-1));
#6201=LINE('',#6200,#6199);
#6202=DIRECTION('',(1.E0,0.E0,0.E0));
#6203=VECTOR('',#6202,3.336250786781E-1);
#6204=CARTESIAN_POINT('',(-4.389875039339E0,2.E-3,-4.423404318094E-1));
#6205=LINE('',#6204,#6203);
#6206=DIRECTION('',(0.E0,0.E0,-1.E0));
#6207=VECTOR('',#6206,1.263829636574E-1);
#6208=CARTESIAN_POINT('',(-4.389875039339E0,2.E-3,-4.423404318094E-1));
#6209=LINE('',#6208,#6207);
#6210=DIRECTION('',(-1.E0,0.E0,0.E0));
#6211=VECTOR('',#6210,3.748750393391E-1);
#6212=CARTESIAN_POINT('',(-4.015E0,2.E-3,-5.687233954668E-1));
#6213=LINE('',#6212,#6211);
#6214=DIRECTION('',(-9.466499177700E-1,0.E0,3.222637633772E-1));
#6215=VECTOR('',#6214,6.536207191118E-2);
#6216=CARTESIAN_POINT('',(-3.953125E0,2.E-3,-5.897872227430E-1));
#6217=LINE('',#6216,#6215);
#6218=DIRECTION('',(-6.996244945571E-1,0.E0,7.145107183351E-1));
#6219=VECTOR('',#6218,5.896014359396E-2);
#6220=CARTESIAN_POINT('',(-3.911875039339E0,2.E-3,-6.319148772955E-1));
#6221=LINE('',#6220,#6219);
#6222=DIRECTION('',(-3.102805998049E-1,0.E0,9.506450175458E-1));
#6223=VECTOR('',#6222,6.647221692891E-2);
#6224=CARTESIAN_POINT('',(-3.89125E0,2.E-3,-6.951063591242E-1));
#6225=LINE('',#6224,#6223);
#6226=DIRECTION('',(0.E0,0.E0,1.E0));
#6227=VECTOR('',#6226,6.319154083729E-2);
#6228=CARTESIAN_POINT('',(-3.89125E0,2.E-3,-7.582978999615E-1));
#6229=LINE('',#6228,#6227);
#6230=DIRECTION('',(3.102805998049E-1,0.E0,9.506450175458E-1));
#6231=VECTOR('',#6230,6.647221692891E-2);
#6232=CARTESIAN_POINT('',(-3.911875039339E0,2.E-3,-8.214893817902E-1));
#6233=LINE('',#6232,#6231);
#6234=DIRECTION('',(6.996244945571E-1,0.E0,7.145107183351E-1));
#6235=VECTOR('',#6234,5.896014359396E-2);
#6236=CARTESIAN_POINT('',(-3.953125E0,2.E-3,-8.636170363426E-1));
#6237=LINE('',#6236,#6235);
#6238=DIRECTION('',(9.466499177700E-1,0.E0,3.222637633772E-1));
#6239=VECTOR('',#6238,6.536207191118E-2);
#6240=CARTESIAN_POINT('',(-4.015E0,2.E-3,-8.846808636189E-1));
#6241=LINE('',#6240,#6239);
#6242=DIRECTION('',(1.E0,0.E0,0.E0));
#6243=VECTOR('',#6242,3.918750393391E-1);
#6244=CARTESIAN_POINT('',(-4.406875039339E0,2.E-3,-8.846808636189E-1));
#6245=LINE('',#6244,#6243);
#6246=DIRECTION('',(0.E0,1.E0,0.E0));
#6247=VECTOR('',#6246,2.E-3);
#6248=CARTESIAN_POINT('',(-4.530624980330E0,0.E0,-9.9E-1));
#6249=LINE('',#6248,#6247);
#6250=DIRECTION('',(0.E0,1.E0,0.E0));
#6251=VECTOR('',#6250,2.E-3);
#6252=CARTESIAN_POINT('',(-4.035625039339E0,0.E0,-9.9E-1));
#6253=LINE('',#6252,#6251);
#6254=DIRECTION('',(0.E0,1.E0,0.E0));
#6255=VECTOR('',#6254,2.E-3);
#6256=CARTESIAN_POINT('',(-3.932499960661E0,0.E0,-9.689361727238E-1));
#6257=LINE('',#6256,#6255);
#6258=DIRECTION('',(0.E0,1.E0,0.E0));
#6259=VECTOR('',#6258,2.E-3);
#6260=CARTESIAN_POINT('',(-3.850000039339E0,0.E0,-9.057446908951E-1));
#6261=LINE('',#6260,#6259);
#6262=DIRECTION('',(0.E0,1.E0,0.E0));
#6263=VECTOR('',#6262,2.E-3);
#6264=CARTESIAN_POINT('',(-3.788125039339E0,0.E0,-8.214893817902E-1));
#6265=LINE('',#6264,#6263);
#6266=DIRECTION('',(0.E0,1.E0,0.E0));
#6267=VECTOR('',#6266,2.E-3);
#6268=CARTESIAN_POINT('',(-3.7675E0,0.E0,-7.582978999615E-1));
#6269=LINE('',#6268,#6267);
#6270=DIRECTION('',(0.E0,1.E0,0.E0));
#6271=VECTOR('',#6270,2.E-3);
#6272=CARTESIAN_POINT('',(-3.7675E0,0.E0,-6.740425318480E-1));
#6273=LINE('',#6272,#6271);
#6274=DIRECTION('',(0.E0,1.E0,0.E0));
#6275=VECTOR('',#6274,2.E-3);
#6276=CARTESIAN_POINT('',(-3.788125039339E0,0.E0,-6.108510500193E-1));
#6277=LINE('',#6276,#6275);
#6278=DIRECTION('',(0.E0,1.E0,0.E0));
#6279=VECTOR('',#6278,2.E-3);
#6280=CARTESIAN_POINT('',(-3.850000039339E0,0.E0,-5.265957409143E-1));
#6281=LINE('',#6280,#6279);
#6282=DIRECTION('',(0.E0,1.E0,0.E0));
#6283=VECTOR('',#6282,2.E-3);
#6284=CARTESIAN_POINT('',(-3.932499960661E0,0.E0,-4.844680863619E-1));
#6285=LINE('',#6284,#6283);
#6286=DIRECTION('',(0.E0,1.E0,0.E0));
#6287=VECTOR('',#6286,2.E-3);
#6288=CARTESIAN_POINT('',(-3.746874960661E0,0.E0,0.E0));
#6289=LINE('',#6288,#6287);
#6290=DIRECTION('',(0.E0,1.E0,0.E0));
#6291=VECTOR('',#6290,2.E-3);
#6292=CARTESIAN_POINT('',(-3.89125E0,0.E0,0.E0));
#6293=LINE('',#6292,#6291);
#6294=DIRECTION('',(0.E0,1.E0,0.E0));
#6295=VECTOR('',#6294,2.E-3);
#6296=CARTESIAN_POINT('',(-4.056249960661E0,0.E0,-4.423404318094E-1));
#6297=LINE('',#6296,#6295);
#6298=DIRECTION('',(0.E0,1.E0,0.E0));
#6299=VECTOR('',#6298,2.E-3);
#6300=CARTESIAN_POINT('',(-4.389875039339E0,0.E0,-4.423404318094E-1));
#6301=LINE('',#6300,#6299);
#6302=DIRECTION('',(0.E0,1.E0,0.E0));
#6303=VECTOR('',#6302,2.E-3);
#6304=CARTESIAN_POINT('',(-4.389875039339E0,0.E0,-5.687233954668E-1));
#6305=LINE('',#6304,#6303);
#6306=DIRECTION('',(0.E0,1.E0,0.E0));
#6307=VECTOR('',#6306,2.E-3);
#6308=CARTESIAN_POINT('',(-4.015E0,0.E0,-5.687233954668E-1));
#6309=LINE('',#6308,#6307);
#6310=DIRECTION('',(0.E0,1.E0,0.E0));
#6311=VECTOR('',#6310,2.E-3);
#6312=CARTESIAN_POINT('',(-3.953125E0,0.E0,-5.897872227430E-1));
#6313=LINE('',#6312,#6311);
#6314=DIRECTION('',(0.E0,1.E0,0.E0));
#6315=VECTOR('',#6314,2.E-3);
#6316=CARTESIAN_POINT('',(-3.911875039339E0,0.E0,-6.319148772955E-1));
#6317=LINE('',#6316,#6315);
#6318=DIRECTION('',(0.E0,1.E0,0.E0));
#6319=VECTOR('',#6318,2.E-3);
#6320=CARTESIAN_POINT('',(-3.89125E0,0.E0,-6.951063591242E-1));
#6321=LINE('',#6320,#6319);
#6322=DIRECTION('',(0.E0,1.E0,0.E0));
#6323=VECTOR('',#6322,2.E-3);
#6324=CARTESIAN_POINT('',(-3.89125E0,0.E0,-7.582978999615E-1));
#6325=LINE('',#6324,#6323);
#6326=DIRECTION('',(0.E0,1.E0,0.E0));
#6327=VECTOR('',#6326,2.E-3);
#6328=CARTESIAN_POINT('',(-3.911875039339E0,0.E0,-8.214893817902E-1));
#6329=LINE('',#6328,#6327);
#6330=DIRECTION('',(0.E0,1.E0,0.E0));
#6331=VECTOR('',#6330,2.E-3);
#6332=CARTESIAN_POINT('',(-3.953125E0,0.E0,-8.636170363426E-1));
#6333=LINE('',#6332,#6331);
#6334=DIRECTION('',(0.E0,1.E0,0.E0));
#6335=VECTOR('',#6334,2.E-3);
#6336=CARTESIAN_POINT('',(-4.015E0,0.E0,-8.846808636189E-1));
#6337=LINE('',#6336,#6335);
#6338=DIRECTION('',(0.E0,1.E0,0.E0));
#6339=VECTOR('',#6338,2.E-3);
#6340=CARTESIAN_POINT('',(-4.406875039339E0,0.E0,-8.846808636189E-1));
#6341=LINE('',#6340,#6339);
#6342=CARTESIAN_POINT('',(-4.056249960661E0,0.E0,-4.423404318094E-1));
#6343=CARTESIAN_POINT('',(-3.89125E0,0.E0,0.E0));
#6344=VERTEX_POINT('',#6342);
#6345=VERTEX_POINT('',#6343);
#6346=CARTESIAN_POINT('',(-3.746874960661E0,0.E0,0.E0));
#6347=VERTEX_POINT('',#6346);
#6348=CARTESIAN_POINT('',(-3.932499960661E0,0.E0,-4.844680863619E-1));
#6349=VERTEX_POINT('',#6348);
#6350=CARTESIAN_POINT('',(-3.850000039339E0,0.E0,-5.265957409143E-1));
#6351=VERTEX_POINT('',#6350);
#6352=CARTESIAN_POINT('',(-3.788125039339E0,0.E0,-6.108510500193E-1));
#6353=VERTEX_POINT('',#6352);
#6354=CARTESIAN_POINT('',(-3.7675E0,0.E0,-6.740425318480E-1));
#6355=VERTEX_POINT('',#6354);
#6356=CARTESIAN_POINT('',(-3.7675E0,0.E0,-7.582978999615E-1));
#6357=VERTEX_POINT('',#6356);
#6358=CARTESIAN_POINT('',(-3.788125039339E0,0.E0,-8.214893817902E-1));
#6359=VERTEX_POINT('',#6358);
#6360=CARTESIAN_POINT('',(-3.850000039339E0,0.E0,-9.057446908951E-1));
#6361=VERTEX_POINT('',#6360);
#6362=CARTESIAN_POINT('',(-3.932499960661E0,0.E0,-9.689361727238E-1));
#6363=VERTEX_POINT('',#6362);
#6364=CARTESIAN_POINT('',(-4.035625039339E0,0.E0,-9.9E-1));
#6365=VERTEX_POINT('',#6364);
#6366=CARTESIAN_POINT('',(-4.530624980330E0,0.E0,-9.9E-1));
#6367=VERTEX_POINT('',#6366);
#6368=CARTESIAN_POINT('',(-4.530624980330E0,0.E0,0.E0));
#6369=VERTEX_POINT('',#6368);
#6370=CARTESIAN_POINT('',(-4.406875039339E0,0.E0,0.E0));
#6371=VERTEX_POINT('',#6370);
#6372=CARTESIAN_POINT('',(-4.406875039339E0,0.E0,-8.846808636189E-1));
#6373=CARTESIAN_POINT('',(-4.015E0,0.E0,-8.846808636189E-1));
#6374=VERTEX_POINT('',#6372);
#6375=VERTEX_POINT('',#6373);
#6376=CARTESIAN_POINT('',(-3.953125E0,0.E0,-8.636170363426E-1));
#6377=VERTEX_POINT('',#6376);
#6378=CARTESIAN_POINT('',(-3.911875039339E0,0.E0,-8.214893817902E-1));
#6379=VERTEX_POINT('',#6378);
#6380=CARTESIAN_POINT('',(-3.89125E0,0.E0,-7.582978999615E-1));
#6381=VERTEX_POINT('',#6380);
#6382=CARTESIAN_POINT('',(-3.89125E0,0.E0,-6.951063591242E-1));
#6383=VERTEX_POINT('',#6382);
#6384=CARTESIAN_POINT('',(-3.911875039339E0,0.E0,-6.319148772955E-1));
#6385=VERTEX_POINT('',#6384);
#6386=CARTESIAN_POINT('',(-3.953125E0,0.E0,-5.897872227430E-1));
#6387=VERTEX_POINT('',#6386);
#6388=CARTESIAN_POINT('',(-4.015E0,0.E0,-5.687233954668E-1));
#6389=VERTEX_POINT('',#6388);
#6390=CARTESIAN_POINT('',(-4.056249960661E0,2.E-3,-4.423404318094E-1));
#6391=CARTESIAN_POINT('',(-3.89125E0,2.E-3,0.E0));
#6392=VERTEX_POINT('',#6390);
#6393=VERTEX_POINT('',#6391);
#6394=CARTESIAN_POINT('',(-3.746874960661E0,2.E-3,0.E0));
#6395=VERTEX_POINT('',#6394);
#6396=CARTESIAN_POINT('',(-3.932499960661E0,2.E-3,-4.844680863619E-1));
#6397=VERTEX_POINT('',#6396);
#6398=CARTESIAN_POINT('',(-3.850000039339E0,2.E-3,-5.265957409143E-1));
#6399=VERTEX_POINT('',#6398);
#6400=CARTESIAN_POINT('',(-3.788125039339E0,2.E-3,-6.108510500193E-1));
#6401=VERTEX_POINT('',#6400);
#6402=CARTESIAN_POINT('',(-3.7675E0,2.E-3,-6.740425318480E-1));
#6403=VERTEX_POINT('',#6402);
#6404=CARTESIAN_POINT('',(-3.7675E0,2.E-3,-7.582978999615E-1));
#6405=VERTEX_POINT('',#6404);
#6406=CARTESIAN_POINT('',(-3.788125039339E0,2.E-3,-8.214893817902E-1));
#6407=VERTEX_POINT('',#6406);
#6408=CARTESIAN_POINT('',(-3.850000039339E0,2.E-3,-9.057446908951E-1));
#6409=VERTEX_POINT('',#6408);
#6410=CARTESIAN_POINT('',(-3.932499960661E0,2.E-3,-9.689361727238E-1));
#6411=VERTEX_POINT('',#6410);
#6412=CARTESIAN_POINT('',(-4.035625039339E0,2.E-3,-9.9E-1));
#6413=VERTEX_POINT('',#6412);
#6414=CARTESIAN_POINT('',(-4.530624980330E0,2.E-3,-9.9E-1));
#6415=VERTEX_POINT('',#6414);
#6416=CARTESIAN_POINT('',(-4.530624980330E0,2.E-3,0.E0));
#6417=VERTEX_POINT('',#6416);
#6418=CARTESIAN_POINT('',(-4.406875039339E0,2.E-3,0.E0));
#6419=VERTEX_POINT('',#6418);
#6420=CARTESIAN_POINT('',(-4.406875039339E0,2.E-3,-8.846808636189E-1));
#6421=CARTESIAN_POINT('',(-4.015E0,2.E-3,-8.846808636189E-1));
#6422=VERTEX_POINT('',#6420);
#6423=VERTEX_POINT('',#6421);
#6424=CARTESIAN_POINT('',(-3.953125E0,2.E-3,-8.636170363426E-1));
#6425=VERTEX_POINT('',#6424);
#6426=CARTESIAN_POINT('',(-3.911875039339E0,2.E-3,-8.214893817902E-1));
#6427=VERTEX_POINT('',#6426);
#6428=CARTESIAN_POINT('',(-3.89125E0,2.E-3,-7.582978999615E-1));
#6429=VERTEX_POINT('',#6428);
#6430=CARTESIAN_POINT('',(-3.89125E0,2.E-3,-6.951063591242E-1));
#6431=VERTEX_POINT('',#6430);
#6432=CARTESIAN_POINT('',(-3.911875039339E0,2.E-3,-6.319148772955E-1));
#6433=VERTEX_POINT('',#6432);
#6434=CARTESIAN_POINT('',(-3.953125E0,2.E-3,-5.897872227430E-1));
#6435=VERTEX_POINT('',#6434);
#6436=CARTESIAN_POINT('',(-4.015E0,2.E-3,-5.687233954668E-1));
#6437=VERTEX_POINT('',#6436);
#6438=CARTESIAN_POINT('',(-4.389875039339E0,0.E0,-4.423404318094E-1));
#6439=CARTESIAN_POINT('',(-4.389875039339E0,0.E0,-5.687233954668E-1));
#6440=VERTEX_POINT('',#6438);
#6441=VERTEX_POINT('',#6439);
#6442=CARTESIAN_POINT('',(-4.389875039339E0,2.E-3,-4.423404318094E-1));
#6443=CARTESIAN_POINT('',(-4.389875039339E0,2.E-3,-5.687233954668E-1));
#6444=VERTEX_POINT('',#6442);
#6445=VERTEX_POINT('',#6443);
#6446=CARTESIAN_POINT('',(-4.530624980330E0,0.E0,0.E0));
#6447=DIRECTION('',(0.E0,0.E0,1.E0));
#6448=DIRECTION('',(1.E0,0.E0,0.E0));
#6449=AXIS2_PLACEMENT_3D('',#6446,#6447,#6448);
#6450=PLANE('',#6449);
#6452=ORIENTED_EDGE('',*,*,#6451,.F.);
#6454=ORIENTED_EDGE('',*,*,#6453,.T.);
#6456=ORIENTED_EDGE('',*,*,#6455,.T.);
#6458=ORIENTED_EDGE('',*,*,#6457,.F.);
#6459=EDGE_LOOP('',(#6452,#6454,#6456,#6458));
#6460=FACE_OUTER_BOUND('',#6459,.F.);
#6461=ADVANCED_FACE('',(#6460),#6450,.T.);
#6462=CARTESIAN_POINT('',(0.E0,0.E0,0.E0));
#6463=DIRECTION('',(0.E0,1.E0,0.E0));
#6464=DIRECTION('',(1.E0,0.E0,0.E0));
#6465=AXIS2_PLACEMENT_3D('',#6462,#6463,#6464);
#6466=PLANE('',#6465);
#6468=ORIENTED_EDGE('',*,*,#6467,.F.);
#6470=ORIENTED_EDGE('',*,*,#6469,.T.);
#6472=ORIENTED_EDGE('',*,*,#6471,.T.);
#6474=ORIENTED_EDGE('',*,*,#6473,.T.);
#6476=ORIENTED_EDGE('',*,*,#6475,.T.);
#6478=ORIENTED_EDGE('',*,*,#6477,.T.);
#6480=ORIENTED_EDGE('',*,*,#6479,.T.);
#6482=ORIENTED_EDGE('',*,*,#6481,.T.);
#6484=ORIENTED_EDGE('',*,*,#6483,.T.);
#6486=ORIENTED_EDGE('',*,*,#6485,.T.);
#6488=ORIENTED_EDGE('',*,*,#6487,.F.);
#6490=ORIENTED_EDGE('',*,*,#6489,.T.);
#6492=ORIENTED_EDGE('',*,*,#6491,.T.);
#6494=ORIENTED_EDGE('',*,*,#6493,.T.);
#6496=ORIENTED_EDGE('',*,*,#6495,.T.);
#6498=ORIENTED_EDGE('',*,*,#6497,.T.);
#6500=ORIENTED_EDGE('',*,*,#6499,.T.);
#6502=ORIENTED_EDGE('',*,*,#6501,.T.);
#6504=ORIENTED_EDGE('',*,*,#6503,.T.);
#6506=ORIENTED_EDGE('',*,*,#6505,.T.);
#6508=ORIENTED_EDGE('',*,*,#6507,.T.);
#6510=ORIENTED_EDGE('',*,*,#6509,.T.);
#6512=ORIENTED_EDGE('',*,*,#6511,.T.);
#6514=ORIENTED_EDGE('',*,*,#6513,.T.);
#6516=ORIENTED_EDGE('',*,*,#6515,.T.);
#6517=ORIENTED_EDGE('',*,*,#6451,.T.);
#6518=EDGE_LOOP('',(#6468,#6470,#6472,#6474,#6476,#6478,#6480,#6482,#6484,#6486,
#6488,#6490,#6492,#6494,#6496,#6498,#6500,#6502,#6504,#6506,#6508,#6510,#6512,
#6514,#6516,#6517));
#6519=FACE_OUTER_BOUND('',#6518,.F.);
#6520=ADVANCED_FACE('',(#6519),#6466,.F.);
#6521=CARTESIAN_POINT('',(-4.406875039339E0,0.E0,0.E0));
#6522=DIRECTION('',(1.E0,0.E0,0.E0));
#6523=DIRECTION('',(0.E0,0.E0,-1.E0));
#6524=AXIS2_PLACEMENT_3D('',#6521,#6522,#6523);
#6525=PLANE('',#6524);
#6527=ORIENTED_EDGE('',*,*,#6526,.T.);
#6529=ORIENTED_EDGE('',*,*,#6528,.F.);
#6530=ORIENTED_EDGE('',*,*,#6467,.T.);
#6531=ORIENTED_EDGE('',*,*,#6457,.T.);
#6532=EDGE_LOOP('',(#6527,#6529,#6530,#6531));
#6533=FACE_OUTER_BOUND('',#6532,.F.);
#6534=ADVANCED_FACE('',(#6533),#6525,.T.);
#6535=CARTESIAN_POINT('',(0.E0,2.E-3,0.E0));
#6536=DIRECTION('',(0.E0,1.E0,0.E0));
#6537=DIRECTION('',(1.E0,0.E0,0.E0));
#6538=AXIS2_PLACEMENT_3D('',#6535,#6536,#6537);
#6539=PLANE('',#6538);
#6540=ORIENTED_EDGE('',*,*,#6526,.F.);
#6541=ORIENTED_EDGE('',*,*,#6455,.F.);
#6543=ORIENTED_EDGE('',*,*,#6542,.F.);
#6545=ORIENTED_EDGE('',*,*,#6544,.F.);
#6547=ORIENTED_EDGE('',*,*,#6546,.F.);
#6549=ORIENTED_EDGE('',*,*,#6548,.F.);
#6551=ORIENTED_EDGE('',*,*,#6550,.F.);
#6553=ORIENTED_EDGE('',*,*,#6552,.F.);
#6555=ORIENTED_EDGE('',*,*,#6554,.F.);
#6557=ORIENTED_EDGE('',*,*,#6556,.F.);
#6559=ORIENTED_EDGE('',*,*,#6558,.F.);
#6561=ORIENTED_EDGE('',*,*,#6560,.F.);
#6563=ORIENTED_EDGE('',*,*,#6562,.F.);
#6565=ORIENTED_EDGE('',*,*,#6564,.F.);
#6567=ORIENTED_EDGE('',*,*,#6566,.F.);
#6569=ORIENTED_EDGE('',*,*,#6568,.F.);
#6571=ORIENTED_EDGE('',*,*,#6570,.T.);
#6573=ORIENTED_EDGE('',*,*,#6572,.F.);
#6575=ORIENTED_EDGE('',*,*,#6574,.F.);
#6577=ORIENTED_EDGE('',*,*,#6576,.F.);
#6579=ORIENTED_EDGE('',*,*,#6578,.F.);
#6581=ORIENTED_EDGE('',*,*,#6580,.F.);
#6583=ORIENTED_EDGE('',*,*,#6582,.F.);
#6585=ORIENTED_EDGE('',*,*,#6584,.F.);
#6587=ORIENTED_EDGE('',*,*,#6586,.F.);
#6589=ORIENTED_EDGE('',*,*,#6588,.F.);
#6590=EDGE_LOOP('',(#6540,#6541,#6543,#6545,#6547,#6549,#6551,#6553,#6555,#6557,
#6559,#6561,#6563,#6565,#6567,#6569,#6571,#6573,#6575,#6577,#6579,#6581,#6583,
#6585,#6587,#6589));
#6591=FACE_OUTER_BOUND('',#6590,.F.);
#6592=ADVANCED_FACE('',(#6591),#6539,.T.);
#6593=CARTESIAN_POINT('',(-4.530624980330E0,0.E0,-9.9E-1));
#6594=DIRECTION('',(-1.E0,0.E0,0.E0));
#6595=DIRECTION('',(0.E0,0.E0,1.E0));
#6596=AXIS2_PLACEMENT_3D('',#6593,#6594,#6595);
#6597=PLANE('',#6596);
#6598=ORIENTED_EDGE('',*,*,#6515,.F.);
#6600=ORIENTED_EDGE('',*,*,#6599,.T.);
#6601=ORIENTED_EDGE('',*,*,#6542,.T.);
#6602=ORIENTED_EDGE('',*,*,#6453,.F.);
#6603=EDGE_LOOP('',(#6598,#6600,#6601,#6602));
#6604=FACE_OUTER_BOUND('',#6603,.F.);
#6605=ADVANCED_FACE('',(#6604),#6597,.T.);
#6606=CARTESIAN_POINT('',(-4.035625039339E0,0.E0,-9.9E-1));
#6607=DIRECTION('',(0.E0,0.E0,-1.E0));
#6608=DIRECTION('',(-1.E0,0.E0,0.E0));
#6609=AXIS2_PLACEMENT_3D('',#6606,#6607,#6608);
#6610=PLANE('',#6609);
#6611=ORIENTED_EDGE('',*,*,#6513,.F.);
#6613=ORIENTED_EDGE('',*,*,#6612,.T.);
#6614=ORIENTED_EDGE('',*,*,#6544,.T.);
#6615=ORIENTED_EDGE('',*,*,#6599,.F.);
#6616=EDGE_LOOP('',(#6611,#6613,#6614,#6615));
#6617=FACE_OUTER_BOUND('',#6616,.F.);
#6618=ADVANCED_FACE('',(#6617),#6610,.T.);
#6619=CARTESIAN_POINT('',(-3.932499960661E0,0.E0,-9.689361727238E-1));
#6620=DIRECTION('',(2.001232084928E-1,0.E0,-9.797707392153E-1));
#6621=DIRECTION('',(-9.797707392153E-1,0.E0,-2.001232084928E-1));
#6622=AXIS2_PLACEMENT_3D('',#6619,#6620,#6621);
#6623=PLANE('',#6622);
#6624=ORIENTED_EDGE('',*,*,#6511,.F.);
#6626=ORIENTED_EDGE('',*,*,#6625,.T.);
#6627=ORIENTED_EDGE('',*,*,#6546,.T.);
#6628=ORIENTED_EDGE('',*,*,#6612,.F.);
#6629=EDGE_LOOP('',(#6624,#6626,#6627,#6628));
#6630=FACE_OUTER_BOUND('',#6629,.F.);
#6631=ADVANCED_FACE('',(#6630),#6623,.T.);
#6632=CARTESIAN_POINT('',(-3.850000039339E0,0.E0,-9.057446908951E-1));
#6633=DIRECTION('',(6.080771975856E-1,0.E0,-7.938779010506E-1));
#6634=DIRECTION('',(-7.938779010506E-1,0.E0,-6.080771975856E-1));
#6635=AXIS2_PLACEMENT_3D('',#6632,#6633,#6634);
#6636=PLANE('',#6635);
#6637=ORIENTED_EDGE('',*,*,#6509,.F.);
#6639=ORIENTED_EDGE('',*,*,#6638,.T.);
#6640=ORIENTED_EDGE('',*,*,#6548,.T.);
#6641=ORIENTED_EDGE('',*,*,#6625,.F.);
#6642=EDGE_LOOP('',(#6637,#6639,#6640,#6641));
#6643=FACE_OUTER_BOUND('',#6642,.F.);
#6644=ADVANCED_FACE('',(#6643),#6636,.T.);
#6645=CARTESIAN_POINT('',(-3.788125039339E0,0.E0,-8.214893817902E-1));
#6646=DIRECTION('',(8.060043958311E-1,0.E0,-5.919095487496E-1));
#6647=DIRECTION('',(-5.919095487496E-1,0.E0,-8.060043958311E-1));
#6648=AXIS2_PLACEMENT_3D('',#6645,#6646,#6647);
#6649=PLANE('',#6648);
#6650=ORIENTED_EDGE('',*,*,#6507,.F.);
#6652=ORIENTED_EDGE('',*,*,#6651,.T.);
#6653=ORIENTED_EDGE('',*,*,#6550,.T.);
#6654=ORIENTED_EDGE('',*,*,#6638,.F.);
#6655=EDGE_LOOP('',(#6650,#6652,#6653,#6654));
#6656=FACE_OUTER_BOUND('',#6655,.F.);
#6657=ADVANCED_FACE('',(#6656),#6649,.T.);
#6658=CARTESIAN_POINT('',(-3.7675E0,0.E0,-7.582978999615E-1));
#6659=DIRECTION('',(9.506450175458E-1,0.E0,-3.102805998049E-1));
#6660=DIRECTION('',(-3.102805998049E-1,0.E0,-9.506450175458E-1));
#6661=AXIS2_PLACEMENT_3D('',#6658,#6659,#6660);
#6662=PLANE('',#6661);
#6663=ORIENTED_EDGE('',*,*,#6505,.F.);
#6665=ORIENTED_EDGE('',*,*,#6664,.T.);
#6666=ORIENTED_EDGE('',*,*,#6552,.T.);
#6667=ORIENTED_EDGE('',*,*,#6651,.F.);
#6668=EDGE_LOOP('',(#6663,#6665,#6666,#6667));
#6669=FACE_OUTER_BOUND('',#6668,.F.);
#6670=ADVANCED_FACE('',(#6669),#6662,.T.);
#6671=CARTESIAN_POINT('',(-3.7675E0,0.E0,-6.740425318480E-1));
#6672=DIRECTION('',(1.E0,0.E0,0.E0));
#6673=DIRECTION('',(0.E0,0.E0,-1.E0));
#6674=AXIS2_PLACEMENT_3D('',#6671,#6672,#6673);
#6675=PLANE('',#6674);
#6676=ORIENTED_EDGE('',*,*,#6503,.F.);
#6678=ORIENTED_EDGE('',*,*,#6677,.T.);
#6679=ORIENTED_EDGE('',*,*,#6554,.T.);
#6680=ORIENTED_EDGE('',*,*,#6664,.F.);
#6681=EDGE_LOOP('',(#6676,#6678,#6679,#6680));
#6682=FACE_OUTER_BOUND('',#6681,.F.);
#6683=ADVANCED_FACE('',(#6682),#6675,.T.);
#6684=CARTESIAN_POINT('',(-3.788125039339E0,0.E0,-6.108510500193E-1));
#6685=DIRECTION('',(9.506450175458E-1,0.E0,3.102805998049E-1));
#6686=DIRECTION('',(3.102805998049E-1,0.E0,-9.506450175458E-1));
#6687=AXIS2_PLACEMENT_3D('',#6684,#6685,#6686);
#6688=PLANE('',#6687);
#6689=ORIENTED_EDGE('',*,*,#6501,.F.);
#6691=ORIENTED_EDGE('',*,*,#6690,.T.);
#6692=ORIENTED_EDGE('',*,*,#6556,.T.);
#6693=ORIENTED_EDGE('',*,*,#6677,.F.);
#6694=EDGE_LOOP('',(#6689,#6691,#6692,#6693));
#6695=FACE_OUTER_BOUND('',#6694,.F.);
#6696=ADVANCED_FACE('',(#6695),#6688,.T.);
#6697=CARTESIAN_POINT('',(-3.850000039339E0,0.E0,-5.265957409143E-1));
#6698=DIRECTION('',(8.060043958311E-1,0.E0,5.919095487496E-1));
#6699=DIRECTION('',(5.919095487496E-1,0.E0,-8.060043958311E-1));
#6700=AXIS2_PLACEMENT_3D('',#6697,#6698,#6699);
#6701=PLANE('',#6700);
#6702=ORIENTED_EDGE('',*,*,#6499,.F.);
#6704=ORIENTED_EDGE('',*,*,#6703,.T.);
#6705=ORIENTED_EDGE('',*,*,#6558,.T.);
#6706=ORIENTED_EDGE('',*,*,#6690,.F.);
#6707=EDGE_LOOP('',(#6702,#6704,#6705,#6706));
#6708=FACE_OUTER_BOUND('',#6707,.F.);
#6709=ADVANCED_FACE('',(#6708),#6701,.T.);
#6710=CARTESIAN_POINT('',(-3.932499960661E0,0.E0,-4.844680863619E-1));
#6711=DIRECTION('',(4.547774575564E-1,0.E0,8.906051112017E-1));
#6712=DIRECTION('',(8.906051112017E-1,0.E0,-4.547774575564E-1));
#6713=AXIS2_PLACEMENT_3D('',#6710,#6711,#6712);
#6714=PLANE('',#6713);
#6715=ORIENTED_EDGE('',*,*,#6497,.F.);
#6717=ORIENTED_EDGE('',*,*,#6716,.T.);
#6718=ORIENTED_EDGE('',*,*,#6560,.T.);
#6719=ORIENTED_EDGE('',*,*,#6703,.F.);
#6720=EDGE_LOOP('',(#6715,#6717,#6718,#6719));
#6721=FACE_OUTER_BOUND('',#6720,.F.);
#6722=ADVANCED_FACE('',(#6721),#6714,.T.);
#6723=CARTESIAN_POINT('',(-3.746874960661E0,0.E0,0.E0));
#6724=DIRECTION('',(9.338026452366E-1,0.E0,-3.577885126009E-1));
#6725=DIRECTION('',(-3.577885126009E-1,0.E0,-9.338026452366E-1));
#6726=AXIS2_PLACEMENT_3D('',#6723,#6724,#6725);
#6727=PLANE('',#6726);
#6728=ORIENTED_EDGE('',*,*,#6495,.F.);
#6730=ORIENTED_EDGE('',*,*,#6729,.T.);
#6731=ORIENTED_EDGE('',*,*,#6562,.T.);
#6732=ORIENTED_EDGE('',*,*,#6716,.F.);
#6733=EDGE_LOOP('',(#6728,#6730,#6731,#6732));
#6734=FACE_OUTER_BOUND('',#6733,.F.);
#6735=ADVANCED_FACE('',(#6734),#6727,.T.);
#6736=CARTESIAN_POINT('',(-3.89125E0,0.E0,0.E0));
#6737=DIRECTION('',(0.E0,0.E0,1.E0));
#6738=DIRECTION('',(1.E0,0.E0,0.E0));
#6739=AXIS2_PLACEMENT_3D('',#6736,#6737,#6738);
#6740=PLANE('',#6739);
#6741=ORIENTED_EDGE('',*,*,#6493,.F.);
#6743=ORIENTED_EDGE('',*,*,#6742,.T.);
#6744=ORIENTED_EDGE('',*,*,#6564,.T.);
#6745=ORIENTED_EDGE('',*,*,#6729,.F.);
#6746=EDGE_LOOP('',(#6741,#6743,#6744,#6745));
#6747=FACE_OUTER_BOUND('',#6746,.F.);
#6748=ADVANCED_FACE('',(#6747),#6740,.T.);
#6749=CARTESIAN_POINT('',(-4.056249960661E0,0.E0,-4.423404318094E-1));
#6750=DIRECTION('',(-9.369389680165E-1,0.E0,3.494930188318E-1));
#6751=DIRECTION('',(3.494930188318E-1,0.E0,9.369389680165E-1));
#6752=AXIS2_PLACEMENT_3D('',#6749,#6750,#6751);
#6753=PLANE('',#6752);
#6754=ORIENTED_EDGE('',*,*,#6491,.F.);
#6756=ORIENTED_EDGE('',*,*,#6755,.T.);
#6757=ORIENTED_EDGE('',*,*,#6566,.T.);
#6758=ORIENTED_EDGE('',*,*,#6742,.F.);
#6759=EDGE_LOOP('',(#6754,#6756,#6757,#6758));
#6760=FACE_OUTER_BOUND('',#6759,.F.);
#6761=ADVANCED_FACE('',(#6760),#6753,.T.);
#6762=CARTESIAN_POINT('',(-4.406875039339E0,0.E0,-4.423404318094E-1));
#6763=DIRECTION('',(0.E0,0.E0,1.E0));
#6764=DIRECTION('',(1.E0,0.E0,0.E0));
#6765=AXIS2_PLACEMENT_3D('',#6762,#6763,#6764);
#6766=PLANE('',#6765);
#6768=ORIENTED_EDGE('',*,*,#6767,.T.);
#6769=ORIENTED_EDGE('',*,*,#6568,.T.);
#6770=ORIENTED_EDGE('',*,*,#6755,.F.);
#6771=ORIENTED_EDGE('',*,*,#6489,.F.);
#6772=EDGE_LOOP('',(#6768,#6769,#6770,#6771));
#6773=FACE_OUTER_BOUND('',#6772,.F.);
#6774=ADVANCED_FACE('',(#6773),#6766,.T.);
#6775=CARTESIAN_POINT('',(-4.389875039339E0,2.E-3,-4.423404318094E-1));
#6776=DIRECTION('',(1.E0,0.E0,0.E0));
#6777=DIRECTION('',(0.E0,0.E0,-1.E0));
#6778=AXIS2_PLACEMENT_3D('',#6775,#6776,#6777);
#6779=PLANE('',#6778);
#6780=ORIENTED_EDGE('',*,*,#6487,.T.);
#6782=ORIENTED_EDGE('',*,*,#6781,.T.);
#6783=ORIENTED_EDGE('',*,*,#6570,.F.);
#6784=ORIENTED_EDGE('',*,*,#6767,.F.);
#6785=EDGE_LOOP('',(#6780,#6782,#6783,#6784));
#6786=FACE_OUTER_BOUND('',#6785,.F.);
#6787=ADVANCED_FACE('',(#6786),#6779,.F.);
#6788=CARTESIAN_POINT('',(-4.015E0,0.E0,-5.687233954668E-1));
#6789=DIRECTION('',(0.E0,0.E0,-1.E0));
#6790=DIRECTION('',(-1.E0,0.E0,0.E0));
#6791=AXIS2_PLACEMENT_3D('',#6788,#6789,#6790);
#6792=PLANE('',#6791);
#6793=ORIENTED_EDGE('',*,*,#6781,.F.);
#6794=ORIENTED_EDGE('',*,*,#6485,.F.);
#6796=ORIENTED_EDGE('',*,*,#6795,.T.);
#6797=ORIENTED_EDGE('',*,*,#6572,.T.);
#6798=EDGE_LOOP('',(#6793,#6794,#6796,#6797));
#6799=FACE_OUTER_BOUND('',#6798,.F.);
#6800=ADVANCED_FACE('',(#6799),#6792,.T.);
#6801=CARTESIAN_POINT('',(-3.953125E0,0.E0,-5.897872227430E-1));
#6802=DIRECTION('',(-3.222637633772E-1,0.E0,-9.466499177700E-1));
#6803=DIRECTION('',(-9.466499177700E-1,0.E0,3.222637633772E-1));
#6804=AXIS2_PLACEMENT_3D('',#6801,#6802,#6803);
#6805=PLANE('',#6804);
#6806=ORIENTED_EDGE('',*,*,#6483,.F.);
#6808=ORIENTED_EDGE('',*,*,#6807,.T.);
#6809=ORIENTED_EDGE('',*,*,#6574,.T.);
#6810=ORIENTED_EDGE('',*,*,#6795,.F.);
#6811=EDGE_LOOP('',(#6806,#6808,#6809,#6810));
#6812=FACE_OUTER_BOUND('',#6811,.F.);
#6813=ADVANCED_FACE('',(#6812),#6805,.T.);
#6814=CARTESIAN_POINT('',(-3.911875039339E0,0.E0,-6.319148772955E-1));
#6815=DIRECTION('',(-7.145107183351E-1,0.E0,-6.996244945571E-1));
#6816=DIRECTION('',(-6.996244945571E-1,0.E0,7.145107183351E-1));
#6817=AXIS2_PLACEMENT_3D('',#6814,#6815,#6816);
#6818=PLANE('',#6817);
#6819=ORIENTED_EDGE('',*,*,#6481,.F.);
#6821=ORIENTED_EDGE('',*,*,#6820,.T.);
#6822=ORIENTED_EDGE('',*,*,#6576,.T.);
#6823=ORIENTED_EDGE('',*,*,#6807,.F.);
#6824=EDGE_LOOP('',(#6819,#6821,#6822,#6823));
#6825=FACE_OUTER_BOUND('',#6824,.F.);
#6826=ADVANCED_FACE('',(#6825),#6818,.T.);
#6827=CARTESIAN_POINT('',(-3.89125E0,0.E0,-6.951063591242E-1));
#6828=DIRECTION('',(-9.506450175458E-1,0.E0,-3.102805998049E-1));
#6829=DIRECTION('',(-3.102805998049E-1,0.E0,9.506450175458E-1));
#6830=AXIS2_PLACEMENT_3D('',#6827,#6828,#6829);
#6831=PLANE('',#6830);
#6832=ORIENTED_EDGE('',*,*,#6479,.F.);
#6834=ORIENTED_EDGE('',*,*,#6833,.T.);
#6835=ORIENTED_EDGE('',*,*,#6578,.T.);
#6836=ORIENTED_EDGE('',*,*,#6820,.F.);
#6837=EDGE_LOOP('',(#6832,#6834,#6835,#6836));
#6838=FACE_OUTER_BOUND('',#6837,.F.);
#6839=ADVANCED_FACE('',(#6838),#6831,.T.);
#6840=CARTESIAN_POINT('',(-3.89125E0,0.E0,-7.582978999615E-1));
#6841=DIRECTION('',(-1.E0,0.E0,0.E0));
#6842=DIRECTION('',(0.E0,0.E0,1.E0));
#6843=AXIS2_PLACEMENT_3D('',#6840,#6841,#6842);
#6844=PLANE('',#6843);
#6845=ORIENTED_EDGE('',*,*,#6477,.F.);
#6847=ORIENTED_EDGE('',*,*,#6846,.T.);
#6848=ORIENTED_EDGE('',*,*,#6580,.T.);
#6849=ORIENTED_EDGE('',*,*,#6833,.F.);
#6850=EDGE_LOOP('',(#6845,#6847,#6848,#6849));
#6851=FACE_OUTER_BOUND('',#6850,.F.);
#6852=ADVANCED_FACE('',(#6851),#6844,.T.);
#6853=CARTESIAN_POINT('',(-3.911875039339E0,0.E0,-8.214893817902E-1));
#6854=DIRECTION('',(-9.506450175458E-1,0.E0,3.102805998049E-1));
#6855=DIRECTION('',(3.102805998049E-1,0.E0,9.506450175458E-1));
#6856=AXIS2_PLACEMENT_3D('',#6853,#6854,#6855);
#6857=PLANE('',#6856);
#6858=ORIENTED_EDGE('',*,*,#6475,.F.);
#6860=ORIENTED_EDGE('',*,*,#6859,.T.);
#6861=ORIENTED_EDGE('',*,*,#6582,.T.);
#6862=ORIENTED_EDGE('',*,*,#6846,.F.);
#6863=EDGE_LOOP('',(#6858,#6860,#6861,#6862));
#6864=FACE_OUTER_BOUND('',#6863,.F.);
#6865=ADVANCED_FACE('',(#6864),#6857,.T.);
#6866=CARTESIAN_POINT('',(-3.953125E0,0.E0,-8.636170363426E-1));
#6867=DIRECTION('',(-7.145107183351E-1,0.E0,6.996244945571E-1));
#6868=DIRECTION('',(6.996244945571E-1,0.E0,7.145107183351E-1));
#6869=AXIS2_PLACEMENT_3D('',#6866,#6867,#6868);
#6870=PLANE('',#6869);
#6871=ORIENTED_EDGE('',*,*,#6473,.F.);
#6873=ORIENTED_EDGE('',*,*,#6872,.T.);
#6874=ORIENTED_EDGE('',*,*,#6584,.T.);
#6875=ORIENTED_EDGE('',*,*,#6859,.F.);
#6876=EDGE_LOOP('',(#6871,#6873,#6874,#6875));
#6877=FACE_OUTER_BOUND('',#6876,.F.);
#6878=ADVANCED_FACE('',(#6877),#6870,.T.);
#6879=CARTESIAN_POINT('',(-4.015E0,0.E0,-8.846808636189E-1));
#6880=DIRECTION('',(-3.222637633772E-1,0.E0,9.466499177700E-1));
#6881=DIRECTION('',(9.466499177700E-1,0.E0,3.222637633772E-1));
#6882=AXIS2_PLACEMENT_3D('',#6879,#6880,#6881);
#6883=PLANE('',#6882);
#6884=ORIENTED_EDGE('',*,*,#6471,.F.);
#6886=ORIENTED_EDGE('',*,*,#6885,.T.);
#6887=ORIENTED_EDGE('',*,*,#6586,.T.);
#6888=ORIENTED_EDGE('',*,*,#6872,.F.);
#6889=EDGE_LOOP('',(#6884,#6886,#6887,#6888));
#6890=FACE_OUTER_BOUND('',#6889,.F.);
#6891=ADVANCED_FACE('',(#6890),#6883,.T.);
#6892=CARTESIAN_POINT('',(-4.406875039339E0,0.E0,-8.846808636189E-1));
#6893=DIRECTION('',(0.E0,0.E0,1.E0));
#6894=DIRECTION('',(1.E0,0.E0,0.E0));
#6895=AXIS2_PLACEMENT_3D('',#6892,#6893,#6894);
#6896=PLANE('',#6895);
#6897=ORIENTED_EDGE('',*,*,#6469,.F.);
#6898=ORIENTED_EDGE('',*,*,#6528,.T.);
#6899=ORIENTED_EDGE('',*,*,#6588,.T.);
#6900=ORIENTED_EDGE('',*,*,#6885,.F.);
#6901=EDGE_LOOP('',(#6897,#6898,#6899,#6900));
#6902=FACE_OUTER_BOUND('',#6901,.F.);
#6903=ADVANCED_FACE('',(#6902),#6896,.T.);
#6904=CLOSED_SHELL('',(#6461,#6520,#6534,#6592,#6605,#6618,#6631,#6644,#6657,
#6670,#6683,#6696,#6709,#6722,#6735,#6748,#6761,#6774,#6787,#6800,#6813,#6826,
#6839,#6852,#6865,#6878,#6891,#6903));
#6905=MANIFOLD_SOLID_BREP('',#6904);
#6907=DIRECTION('',(0.E0,1.E0,0.E0));
#6908=VECTOR('',#6907,2.E-3);
#6909=CARTESIAN_POINT('',(-2.839375E0,0.E0,0.E0));
#6910=LINE('',#6909,#6908);
#6911=DIRECTION('',(-1.E0,0.E0,0.E0));
#6912=VECTOR('',#6911,6.1875E-1);
#6913=CARTESIAN_POINT('',(-2.839375E0,0.E0,-1.263829784095E-1));
#6914=LINE('',#6913,#6912);
#6915=DIRECTION('',(0.E0,0.E0,-1.E0));
#6916=VECTOR('',#6915,3.370212806761E-1);
#6917=CARTESIAN_POINT('',(-3.458125E0,0.E0,-1.263829784095E-1));
#6918=LINE('',#6917,#6916);
#6919=DIRECTION('',(1.E0,0.E0,0.E0));
#6920=VECTOR('',#6919,5.362500786781E-1);
#6921=CARTESIAN_POINT('',(-3.458125E0,0.E0,-4.634042590857E-1));
#6922=LINE('',#6921,#6920);
#6923=DIRECTION('',(0.E0,0.E0,-1.E0));
#6924=VECTOR('',#6923,1.263829636574E-1);
#6925=CARTESIAN_POINT('',(-2.921874921322E0,0.E0,-4.634042590857E-1));
#6926=LINE('',#6925,#6924);
#6927=DIRECTION('',(-1.E0,0.E0,0.E0));
#6928=VECTOR('',#6927,5.362500786781E-1);
#6929=CARTESIAN_POINT('',(-2.921874921322E0,0.E0,-5.897872227430E-1));
#6930=LINE('',#6929,#6928);
#6931=DIRECTION('',(0.E0,0.E0,-1.E0));
#6932=VECTOR('',#6931,2.738298135996E-1);
#6933=CARTESIAN_POINT('',(-3.458125E0,0.E0,-5.897872227430E-1));
#6934=LINE('',#6933,#6932);
#6935=DIRECTION('',(1.E0,0.E0,0.E0));
#6936=VECTOR('',#6935,6.1875E-1);
#6937=CARTESIAN_POINT('',(-3.458125E0,0.E0,-8.636170363426E-1));
#6938=LINE('',#6937,#6936);
#6939=DIRECTION('',(0.E0,0.E0,-1.E0));
#6940=VECTOR('',#6939,1.263829636574E-1);
#6941=CARTESIAN_POINT('',(-2.839375E0,0.E0,-8.636170363426E-1));
#6942=LINE('',#6941,#6940);
#6943=DIRECTION('',(-1.E0,0.E0,0.E0));
#6944=VECTOR('',#6943,7.425E-1);
#6945=CARTESIAN_POINT('',(-2.839375E0,0.E0,-9.9E-1));
#6946=LINE('',#6945,#6944);
#6947=DIRECTION('',(0.E0,0.E0,1.E0));
#6948=VECTOR('',#6947,9.9E-1);
#6949=CARTESIAN_POINT('',(-3.581875E0,0.E0,-9.9E-1));
#6950=LINE('',#6949,#6948);
#6951=DIRECTION('',(1.E0,0.E0,0.E0));
#6952=VECTOR('',#6951,7.425E-1);
#6953=CARTESIAN_POINT('',(-3.581875E0,0.E0,0.E0));
#6954=LINE('',#6953,#6952);
#6955=DIRECTION('',(0.E0,0.E0,-1.E0));
#6956=VECTOR('',#6955,1.263829784095E-1);
#6957=CARTESIAN_POINT('',(-2.839375E0,0.E0,0.E0));
#6958=LINE('',#6957,#6956);
#6959=DIRECTION('',(0.E0,1.E0,0.E0));
#6960=VECTOR('',#6959,2.E-3);
#6961=CARTESIAN_POINT('',(-2.839375E0,0.E0,-1.263829784095E-1));
#6962=LINE('',#6961,#6960);
#6963=DIRECTION('',(-1.E0,0.E0,0.E0));
#6964=VECTOR('',#6963,6.1875E-1);
#6965=CARTESIAN_POINT('',(-2.839375E0,2.E-3,-1.263829784095E-1));
#6966=LINE('',#6965,#6964);
#6967=DIRECTION('',(0.E0,0.E0,-1.E0));
#6968=VECTOR('',#6967,1.263829784095E-1);
#6969=CARTESIAN_POINT('',(-2.839375E0,2.E-3,0.E0));
#6970=LINE('',#6969,#6968);
#6971=DIRECTION('',(1.E0,0.E0,0.E0));
#6972=VECTOR('',#6971,7.425E-1);
#6973=CARTESIAN_POINT('',(-3.581875E0,2.E-3,0.E0));
#6974=LINE('',#6973,#6972);
#6975=DIRECTION('',(0.E0,0.E0,1.E0));
#6976=VECTOR('',#6975,9.9E-1);
#6977=CARTESIAN_POINT('',(-3.581875E0,2.E-3,-9.9E-1));
#6978=LINE('',#6977,#6976);
#6979=DIRECTION('',(-1.E0,0.E0,0.E0));
#6980=VECTOR('',#6979,7.425E-1);
#6981=CARTESIAN_POINT('',(-2.839375E0,2.E-3,-9.9E-1));
#6982=LINE('',#6981,#6980);
#6983=DIRECTION('',(0.E0,0.E0,-1.E0));
#6984=VECTOR('',#6983,1.263829636574E-1);
#6985=CARTESIAN_POINT('',(-2.839375E0,2.E-3,-8.636170363426E-1));
#6986=LINE('',#6985,#6984);
#6987=DIRECTION('',(1.E0,0.E0,0.E0));
#6988=VECTOR('',#6987,6.1875E-1);
#6989=CARTESIAN_POINT('',(-3.458125E0,2.E-3,-8.636170363426E-1));
#6990=LINE('',#6989,#6988);
#6991=DIRECTION('',(0.E0,0.E0,-1.E0));
#6992=VECTOR('',#6991,2.738298135996E-1);
#6993=CARTESIAN_POINT('',(-3.458125E0,2.E-3,-5.897872227430E-1));
#6994=LINE('',#6993,#6992);
#6995=DIRECTION('',(-1.E0,0.E0,0.E0));
#6996=VECTOR('',#6995,5.362500786781E-1);
#6997=CARTESIAN_POINT('',(-2.921874921322E0,2.E-3,-5.897872227430E-1));
#6998=LINE('',#6997,#6996);
#6999=DIRECTION('',(0.E0,0.E0,-1.E0));
#7000=VECTOR('',#6999,1.263829636574E-1);
#7001=CARTESIAN_POINT('',(-2.921874921322E0,2.E-3,-4.634042590857E-1));
#7002=LINE('',#7001,#7000);
#7003=DIRECTION('',(1.E0,0.E0,0.E0));
#7004=VECTOR('',#7003,5.362500786781E-1);
#7005=CARTESIAN_POINT('',(-3.458125E0,2.E-3,-4.634042590857E-1));
#7006=LINE('',#7005,#7004);
#7007=DIRECTION('',(0.E0,0.E0,-1.E0));
#7008=VECTOR('',#7007,3.370212806761E-1);
#7009=CARTESIAN_POINT('',(-3.458125E0,2.E-3,-1.263829784095E-1));
#7010=LINE('',#7009,#7008);
#7011=DIRECTION('',(0.E0,1.E0,0.E0));
#7012=VECTOR('',#7011,2.E-3);
#7013=CARTESIAN_POINT('',(-3.581875E0,0.E0,0.E0));
#7014=LINE('',#7013,#7012);
#7015=DIRECTION('',(0.E0,1.E0,0.E0));
#7016=VECTOR('',#7015,2.E-3);
#7017=CARTESIAN_POINT('',(-3.581875E0,0.E0,-9.9E-1));
#7018=LINE('',#7017,#7016);
#7019=DIRECTION('',(0.E0,1.E0,0.E0));
#7020=VECTOR('',#7019,2.E-3);
#7021=CARTESIAN_POINT('',(-2.839375E0,0.E0,-9.9E-1));
#7022=LINE('',#7021,#7020);
#7023=DIRECTION('',(0.E0,1.E0,0.E0));
#7024=VECTOR('',#7023,2.E-3);
#7025=CARTESIAN_POINT('',(-2.839375E0,0.E0,-8.636170363426E-1));
#7026=LINE('',#7025,#7024);
#7027=DIRECTION('',(0.E0,1.E0,0.E0));
#7028=VECTOR('',#7027,2.E-3);
#7029=CARTESIAN_POINT('',(-3.458125E0,0.E0,-8.636170363426E-1));
#7030=LINE('',#7029,#7028);
#7031=DIRECTION('',(0.E0,1.E0,0.E0));
#7032=VECTOR('',#7031,2.E-3);
#7033=CARTESIAN_POINT('',(-3.458125E0,0.E0,-5.897872227430E-1));
#7034=LINE('',#7033,#7032);
#7035=DIRECTION('',(0.E0,1.E0,0.E0));
#7036=VECTOR('',#7035,2.E-3);
#7037=CARTESIAN_POINT('',(-2.921874921322E0,0.E0,-5.897872227430E-1));
#7038=LINE('',#7037,#7036);
#7039=DIRECTION('',(0.E0,1.E0,0.E0));
#7040=VECTOR('',#7039,2.E-3);
#7041=CARTESIAN_POINT('',(-2.921874921322E0,0.E0,-4.634042590857E-1));
#7042=LINE('',#7041,#7040);
#7043=DIRECTION('',(0.E0,1.E0,0.E0));
#7044=VECTOR('',#7043,2.E-3);
#7045=CARTESIAN_POINT('',(-3.458125E0,0.E0,-4.634042590857E-1));
#7046=LINE('',#7045,#7044);
#7047=DIRECTION('',(0.E0,1.E0,0.E0));
#7048=VECTOR('',#7047,2.E-3);
#7049=CARTESIAN_POINT('',(-3.458125E0,0.E0,-1.263829784095E-1));
#7050=LINE('',#7049,#7048);
#7051=CARTESIAN_POINT('',(-2.839375E0,0.E0,-1.263829784095E-1));
#7052=CARTESIAN_POINT('',(-3.458125E0,0.E0,-1.263829784095E-1));
#7053=VERTEX_POINT('',#7051);
#7054=VERTEX_POINT('',#7052);
#7055=CARTESIAN_POINT('',(-3.458125E0,0.E0,-4.634042590857E-1));
#7056=VERTEX_POINT('',#7055);
#7057=CARTESIAN_POINT('',(-2.921874921322E0,0.E0,-4.634042590857E-1));
#7058=VERTEX_POINT('',#7057);
#7059=CARTESIAN_POINT('',(-2.921874921322E0,0.E0,-5.897872227430E-1));
#7060=VERTEX_POINT('',#7059);
#7061=CARTESIAN_POINT('',(-3.458125E0,0.E0,-5.897872227430E-1));
#7062=VERTEX_POINT('',#7061);
#7063=CARTESIAN_POINT('',(-3.458125E0,0.E0,-8.636170363426E-1));
#7064=VERTEX_POINT('',#7063);
#7065=CARTESIAN_POINT('',(-2.839375E0,0.E0,-8.636170363426E-1));
#7066=VERTEX_POINT('',#7065);
#7067=CARTESIAN_POINT('',(-2.839375E0,0.E0,-9.9E-1));
#7068=VERTEX_POINT('',#7067);
#7069=CARTESIAN_POINT('',(-3.581875E0,0.E0,-9.9E-1));
#7070=VERTEX_POINT('',#7069);
#7071=CARTESIAN_POINT('',(-3.581875E0,0.E0,0.E0));
#7072=VERTEX_POINT('',#7071);
#7073=CARTESIAN_POINT('',(-2.839375E0,0.E0,0.E0));
#7074=VERTEX_POINT('',#7073);
#7075=CARTESIAN_POINT('',(-2.839375E0,2.E-3,-1.263829784095E-1));
#7076=CARTESIAN_POINT('',(-3.458125E0,2.E-3,-1.263829784095E-1));
#7077=VERTEX_POINT('',#7075);
#7078=VERTEX_POINT('',#7076);
#7079=CARTESIAN_POINT('',(-3.458125E0,2.E-3,-4.634042590857E-1));
#7080=VERTEX_POINT('',#7079);
#7081=CARTESIAN_POINT('',(-2.921874921322E0,2.E-3,-4.634042590857E-1));
#7082=VERTEX_POINT('',#7081);
#7083=CARTESIAN_POINT('',(-2.921874921322E0,2.E-3,-5.897872227430E-1));
#7084=VERTEX_POINT('',#7083);
#7085=CARTESIAN_POINT('',(-3.458125E0,2.E-3,-5.897872227430E-1));
#7086=VERTEX_POINT('',#7085);
#7087=CARTESIAN_POINT('',(-3.458125E0,2.E-3,-8.636170363426E-1));
#7088=VERTEX_POINT('',#7087);
#7089=CARTESIAN_POINT('',(-2.839375E0,2.E-3,-8.636170363426E-1));
#7090=VERTEX_POINT('',#7089);
#7091=CARTESIAN_POINT('',(-2.839375E0,2.E-3,-9.9E-1));
#7092=VERTEX_POINT('',#7091);
#7093=CARTESIAN_POINT('',(-3.581875E0,2.E-3,-9.9E-1));
#7094=VERTEX_POINT('',#7093);
#7095=CARTESIAN_POINT('',(-3.581875E0,2.E-3,0.E0));
#7096=VERTEX_POINT('',#7095);
#7097=CARTESIAN_POINT('',(-2.839375E0,2.E-3,0.E0));
#7098=VERTEX_POINT('',#7097);
#7099=CARTESIAN_POINT('',(-2.839375E0,0.E0,0.E0));
#7100=DIRECTION('',(1.E0,0.E0,0.E0));
#7101=DIRECTION('',(0.E0,0.E0,-1.E0));
#7102=AXIS2_PLACEMENT_3D('',#7099,#7100,#7101);
#7103=PLANE('',#7102);
#7105=ORIENTED_EDGE('',*,*,#7104,.F.);
#7107=ORIENTED_EDGE('',*,*,#7106,.T.);
#7109=ORIENTED_EDGE('',*,*,#7108,.T.);
#7111=ORIENTED_EDGE('',*,*,#7110,.F.);
#7112=EDGE_LOOP('',(#7105,#7107,#7109,#7111));
#7113=FACE_OUTER_BOUND('',#7112,.F.);
#7114=ADVANCED_FACE('',(#7113),#7103,.T.);
#7115=CARTESIAN_POINT('',(0.E0,0.E0,0.E0));
#7116=DIRECTION('',(0.E0,1.E0,0.E0));
#7117=DIRECTION('',(1.E0,0.E0,0.E0));
#7118=AXIS2_PLACEMENT_3D('',#7115,#7116,#7117);
#7119=PLANE('',#7118);
#7121=ORIENTED_EDGE('',*,*,#7120,.T.);
#7123=ORIENTED_EDGE('',*,*,#7122,.T.);
#7125=ORIENTED_EDGE('',*,*,#7124,.T.);
#7127=ORIENTED_EDGE('',*,*,#7126,.T.);
#7129=ORIENTED_EDGE('',*,*,#7128,.T.);
#7131=ORIENTED_EDGE('',*,*,#7130,.T.);
#7133=ORIENTED_EDGE('',*,*,#7132,.T.);
#7135=ORIENTED_EDGE('',*,*,#7134,.T.);
#7137=ORIENTED_EDGE('',*,*,#7136,.T.);
#7139=ORIENTED_EDGE('',*,*,#7138,.T.);
#7141=ORIENTED_EDGE('',*,*,#7140,.T.);
#7142=ORIENTED_EDGE('',*,*,#7104,.T.);
#7143=EDGE_LOOP('',(#7121,#7123,#7125,#7127,#7129,#7131,#7133,#7135,#7137,#7139,
#7141,#7142));
#7144=FACE_OUTER_BOUND('',#7143,.F.);
#7145=ADVANCED_FACE('',(#7144),#7119,.F.);
#7146=CARTESIAN_POINT('',(-2.839375E0,0.E0,-1.263829784095E-1));
#7147=DIRECTION('',(0.E0,0.E0,-1.E0));
#7148=DIRECTION('',(-1.E0,0.E0,0.E0));
#7149=AXIS2_PLACEMENT_3D('',#7146,#7147,#7148);
#7150=PLANE('',#7149);
#7151=ORIENTED_EDGE('',*,*,#7120,.F.);
#7152=ORIENTED_EDGE('',*,*,#7110,.T.);
#7154=ORIENTED_EDGE('',*,*,#7153,.T.);
#7156=ORIENTED_EDGE('',*,*,#7155,.F.);
#7157=EDGE_LOOP('',(#7151,#7152,#7154,#7156));
#7158=FACE_OUTER_BOUND('',#7157,.F.);
#7159=ADVANCED_FACE('',(#7158),#7150,.T.);
#7160=CARTESIAN_POINT('',(0.E0,2.E-3,0.E0));
#7161=DIRECTION('',(0.E0,1.E0,0.E0));
#7162=DIRECTION('',(1.E0,0.E0,0.E0));
#7163=AXIS2_PLACEMENT_3D('',#7160,#7161,#7162);
#7164=PLANE('',#7163);
#7165=ORIENTED_EDGE('',*,*,#7153,.F.);
#7166=ORIENTED_EDGE('',*,*,#7108,.F.);
#7168=ORIENTED_EDGE('',*,*,#7167,.F.);
#7170=ORIENTED_EDGE('',*,*,#7169,.F.);
#7172=ORIENTED_EDGE('',*,*,#7171,.F.);
#7174=ORIENTED_EDGE('',*,*,#7173,.F.);
#7176=ORIENTED_EDGE('',*,*,#7175,.F.);
#7178=ORIENTED_EDGE('',*,*,#7177,.F.);
#7180=ORIENTED_EDGE('',*,*,#7179,.F.);
#7182=ORIENTED_EDGE('',*,*,#7181,.F.);
#7184=ORIENTED_EDGE('',*,*,#7183,.F.);
#7186=ORIENTED_EDGE('',*,*,#7185,.F.);
#7187=EDGE_LOOP('',(#7165,#7166,#7168,#7170,#7172,#7174,#7176,#7178,#7180,#7182,
#7184,#7186));
#7188=FACE_OUTER_BOUND('',#7187,.F.);
#7189=ADVANCED_FACE('',(#7188),#7164,.T.);
#7190=CARTESIAN_POINT('',(-3.581875E0,0.E0,0.E0));
#7191=DIRECTION('',(0.E0,0.E0,1.E0));
#7192=DIRECTION('',(1.E0,0.E0,0.E0));
#7193=AXIS2_PLACEMENT_3D('',#7190,#7191,#7192);
#7194=PLANE('',#7193);
#7195=ORIENTED_EDGE('',*,*,#7140,.F.);
#7197=ORIENTED_EDGE('',*,*,#7196,.T.);
#7198=ORIENTED_EDGE('',*,*,#7167,.T.);
#7199=ORIENTED_EDGE('',*,*,#7106,.F.);
#7200=EDGE_LOOP('',(#7195,#7197,#7198,#7199));
#7201=FACE_OUTER_BOUND('',#7200,.F.);
#7202=ADVANCED_FACE('',(#7201),#7194,.T.);
#7203=CARTESIAN_POINT('',(-3.581875E0,0.E0,-9.9E-1));
#7204=DIRECTION('',(-1.E0,0.E0,0.E0));
#7205=DIRECTION('',(0.E0,0.E0,1.E0));
#7206=AXIS2_PLACEMENT_3D('',#7203,#7204,#7205);
#7207=PLANE('',#7206);
#7208=ORIENTED_EDGE('',*,*,#7138,.F.);
#7210=ORIENTED_EDGE('',*,*,#7209,.T.);
#7211=ORIENTED_EDGE('',*,*,#7169,.T.);
#7212=ORIENTED_EDGE('',*,*,#7196,.F.);
#7213=EDGE_LOOP('',(#7208,#7210,#7211,#7212));
#7214=FACE_OUTER_BOUND('',#7213,.F.);
#7215=ADVANCED_FACE('',(#7214),#7207,.T.);
#7216=CARTESIAN_POINT('',(-2.839375E0,0.E0,-9.9E-1));
#7217=DIRECTION('',(0.E0,0.E0,-1.E0));
#7218=DIRECTION('',(-1.E0,0.E0,0.E0));
#7219=AXIS2_PLACEMENT_3D('',#7216,#7217,#7218);
#7220=PLANE('',#7219);
#7221=ORIENTED_EDGE('',*,*,#7136,.F.);
#7223=ORIENTED_EDGE('',*,*,#7222,.T.);
#7224=ORIENTED_EDGE('',*,*,#7171,.T.);
#7225=ORIENTED_EDGE('',*,*,#7209,.F.);
#7226=EDGE_LOOP('',(#7221,#7223,#7224,#7225));
#7227=FACE_OUTER_BOUND('',#7226,.F.);
#7228=ADVANCED_FACE('',(#7227),#7220,.T.);
#7229=CARTESIAN_POINT('',(-2.839375E0,0.E0,-8.636170363426E-1));
#7230=DIRECTION('',(1.E0,0.E0,0.E0));
#7231=DIRECTION('',(0.E0,0.E0,-1.E0));
#7232=AXIS2_PLACEMENT_3D('',#7229,#7230,#7231);
#7233=PLANE('',#7232);
#7234=ORIENTED_EDGE('',*,*,#7134,.F.);
#7236=ORIENTED_EDGE('',*,*,#7235,.T.);
#7237=ORIENTED_EDGE('',*,*,#7173,.T.);
#7238=ORIENTED_EDGE('',*,*,#7222,.F.);
#7239=EDGE_LOOP('',(#7234,#7236,#7237,#7238));
#7240=FACE_OUTER_BOUND('',#7239,.F.);
#7241=ADVANCED_FACE('',(#7240),#7233,.T.);
#7242=CARTESIAN_POINT('',(-3.458125E0,0.E0,-8.636170363426E-1));
#7243=DIRECTION('',(0.E0,0.E0,1.E0));
#7244=DIRECTION('',(1.E0,0.E0,0.E0));
#7245=AXIS2_PLACEMENT_3D('',#7242,#7243,#7244);
#7246=PLANE('',#7245);
#7247=ORIENTED_EDGE('',*,*,#7132,.F.);
#7249=ORIENTED_EDGE('',*,*,#7248,.T.);
#7250=ORIENTED_EDGE('',*,*,#7175,.T.);
#7251=ORIENTED_EDGE('',*,*,#7235,.F.);
#7252=EDGE_LOOP('',(#7247,#7249,#7250,#7251));
#7253=FACE_OUTER_BOUND('',#7252,.F.);
#7254=ADVANCED_FACE('',(#7253),#7246,.T.);
#7255=CARTESIAN_POINT('',(-3.458125E0,0.E0,-5.897872227430E-1));
#7256=DIRECTION('',(1.E0,0.E0,0.E0));
#7257=DIRECTION('',(0.E0,0.E0,-1.E0));
#7258=AXIS2_PLACEMENT_3D('',#7255,#7256,#7257);
#7259=PLANE('',#7258);
#7260=ORIENTED_EDGE('',*,*,#7130,.F.);
#7262=ORIENTED_EDGE('',*,*,#7261,.T.);
#7263=ORIENTED_EDGE('',*,*,#7177,.T.);
#7264=ORIENTED_EDGE('',*,*,#7248,.F.);
#7265=EDGE_LOOP('',(#7260,#7262,#7263,#7264));
#7266=FACE_OUTER_BOUND('',#7265,.F.);
#7267=ADVANCED_FACE('',(#7266),#7259,.T.);
#7268=CARTESIAN_POINT('',(-2.921874921322E0,0.E0,-5.897872227430E-1));
#7269=DIRECTION('',(0.E0,0.E0,-1.E0));
#7270=DIRECTION('',(-1.E0,0.E0,0.E0));
#7271=AXIS2_PLACEMENT_3D('',#7268,#7269,#7270);
#7272=PLANE('',#7271);
#7273=ORIENTED_EDGE('',*,*,#7128,.F.);
#7275=ORIENTED_EDGE('',*,*,#7274,.T.);
#7276=ORIENTED_EDGE('',*,*,#7179,.T.);
#7277=ORIENTED_EDGE('',*,*,#7261,.F.);
#7278=EDGE_LOOP('',(#7273,#7275,#7276,#7277));
#7279=FACE_OUTER_BOUND('',#7278,.F.);
#7280=ADVANCED_FACE('',(#7279),#7272,.T.);
#7281=CARTESIAN_POINT('',(-2.921874921322E0,0.E0,-4.634042590857E-1));
#7282=DIRECTION('',(1.E0,0.E0,0.E0));
#7283=DIRECTION('',(0.E0,0.E0,-1.E0));
#7284=AXIS2_PLACEMENT_3D('',#7281,#7282,#7283);
#7285=PLANE('',#7284);
#7286=ORIENTED_EDGE('',*,*,#7126,.F.);
#7288=ORIENTED_EDGE('',*,*,#7287,.T.);
#7289=ORIENTED_EDGE('',*,*,#7181,.T.);
#7290=ORIENTED_EDGE('',*,*,#7274,.F.);
#7291=EDGE_LOOP('',(#7286,#7288,#7289,#7290));
#7292=FACE_OUTER_BOUND('',#7291,.F.);
#7293=ADVANCED_FACE('',(#7292),#7285,.T.);
#7294=CARTESIAN_POINT('',(-3.458125E0,0.E0,-4.634042590857E-1));
#7295=DIRECTION('',(0.E0,0.E0,1.E0));
#7296=DIRECTION('',(1.E0,0.E0,0.E0));
#7297=AXIS2_PLACEMENT_3D('',#7294,#7295,#7296);
#7298=PLANE('',#7297);
#7299=ORIENTED_EDGE('',*,*,#7124,.F.);
#7301=ORIENTED_EDGE('',*,*,#7300,.T.);
#7302=ORIENTED_EDGE('',*,*,#7183,.T.);
#7303=ORIENTED_EDGE('',*,*,#7287,.F.);
#7304=EDGE_LOOP('',(#7299,#7301,#7302,#7303));
#7305=FACE_OUTER_BOUND('',#7304,.F.);
#7306=ADVANCED_FACE('',(#7305),#7298,.T.);
#7307=CARTESIAN_POINT('',(-3.458125E0,0.E0,-1.263829784095E-1));
#7308=DIRECTION('',(1.E0,0.E0,0.E0));
#7309=DIRECTION('',(0.E0,0.E0,-1.E0));
#7310=AXIS2_PLACEMENT_3D('',#7307,#7308,#7309);
#7311=PLANE('',#7310);
#7312=ORIENTED_EDGE('',*,*,#7122,.F.);
#7313=ORIENTED_EDGE('',*,*,#7155,.T.);
#7314=ORIENTED_EDGE('',*,*,#7185,.T.);
#7315=ORIENTED_EDGE('',*,*,#7300,.F.);
#7316=EDGE_LOOP('',(#7312,#7313,#7314,#7315));
#7317=FACE_OUTER_BOUND('',#7316,.F.);
#7318=ADVANCED_FACE('',(#7317),#7311,.T.);
#7319=CLOSED_SHELL('',(#7114,#7145,#7159,#7189,#7202,#7215,#7228,#7241,#7254,
#7267,#7280,#7293,#7306,#7318));
#7320=MANIFOLD_SOLID_BREP('',#7319);
#7322=DIRECTION('',(0.E0,1.E0,0.E0));
#7323=VECTOR('',#7322,2.E-3);
#7324=CARTESIAN_POINT('',(-1.931874921322E0,0.E0,0.E0));
#7325=LINE('',#7324,#7323);
#7326=DIRECTION('',(-1.E0,0.E0,0.E0));
#7327=VECTOR('',#7326,6.1875E-1);
#7328=CARTESIAN_POINT('',(-1.931874921322E0,0.E0,-1.263829784095E-1));
#7329=LINE('',#7328,#7327);
#7330=DIRECTION('',(0.E0,0.E0,-1.E0));
#7331=VECTOR('',#7330,3.370212806761E-1);
#7332=CARTESIAN_POINT('',(-2.550624921322E0,0.E0,-1.263829784095E-1));
#7333=LINE('',#7332,#7331);
#7334=DIRECTION('',(1.E0,0.E0,0.E0));
#7335=VECTOR('',#7334,5.362498426437E-1);
#7336=CARTESIAN_POINT('',(-2.550624921322E0,0.E0,-4.634042590857E-1));
#7337=LINE('',#7336,#7335);
#7338=DIRECTION('',(0.E0,0.E0,-1.E0));
#7339=VECTOR('',#7338,1.263829636574E-1);
#7340=CARTESIAN_POINT('',(-2.014375078678E0,0.E0,-4.634042590857E-1));
#7341=LINE('',#7340,#7339);
#7342=DIRECTION('',(-1.E0,0.E0,0.E0));
#7343=VECTOR('',#7342,5.362498426437E-1);
#7344=CARTESIAN_POINT('',(-2.014375078678E0,0.E0,-5.897872227430E-1));
#7345=LINE('',#7344,#7343);
#7346=DIRECTION('',(0.E0,0.E0,-1.E0));
#7347=VECTOR('',#7346,2.738298135996E-1);
#7348=CARTESIAN_POINT('',(-2.550624921322E0,0.E0,-5.897872227430E-1));
#7349=LINE('',#7348,#7347);
#7350=DIRECTION('',(1.E0,0.E0,0.E0));
#7351=VECTOR('',#7350,6.1875E-1);
#7352=CARTESIAN_POINT('',(-2.550624921322E0,0.E0,-8.636170363426E-1));
#7353=LINE('',#7352,#7351);
#7354=DIRECTION('',(0.E0,0.E0,-1.E0));
#7355=VECTOR('',#7354,1.263829636574E-1);
#7356=CARTESIAN_POINT('',(-1.931874921322E0,0.E0,-8.636170363426E-1));
#7357=LINE('',#7356,#7355);
#7358=DIRECTION('',(-1.E0,0.E0,0.E0));
#7359=VECTOR('',#7358,7.425E-1);
#7360=CARTESIAN_POINT('',(-1.931874921322E0,0.E0,-9.9E-1));
#7361=LINE('',#7360,#7359);
#7362=DIRECTION('',(0.E0,0.E0,1.E0));
#7363=VECTOR('',#7362,9.9E-1);
#7364=CARTESIAN_POINT('',(-2.674374921322E0,0.E0,-9.9E-1));
#7365=LINE('',#7364,#7363);
#7366=DIRECTION('',(1.E0,0.E0,0.E0));
#7367=VECTOR('',#7366,7.425E-1);
#7368=CARTESIAN_POINT('',(-2.674374921322E0,0.E0,0.E0));
#7369=LINE('',#7368,#7367);
#7370=DIRECTION('',(0.E0,0.E0,-1.E0));
#7371=VECTOR('',#7370,1.263829784095E-1);
#7372=CARTESIAN_POINT('',(-1.931874921322E0,0.E0,0.E0));
#7373=LINE('',#7372,#7371);
#7374=DIRECTION('',(0.E0,1.E0,0.E0));
#7375=VECTOR('',#7374,2.E-3);
#7376=CARTESIAN_POINT('',(-1.931874921322E0,0.E0,-1.263829784095E-1));
#7377=LINE('',#7376,#7375);
#7378=DIRECTION('',(-1.E0,0.E0,0.E0));
#7379=VECTOR('',#7378,6.1875E-1);
#7380=CARTESIAN_POINT('',(-1.931874921322E0,2.E-3,-1.263829784095E-1));
#7381=LINE('',#7380,#7379);
#7382=DIRECTION('',(0.E0,0.E0,-1.E0));
#7383=VECTOR('',#7382,1.263829784095E-1);
#7384=CARTESIAN_POINT('',(-1.931874921322E0,2.E-3,0.E0));
#7385=LINE('',#7384,#7383);
#7386=DIRECTION('',(1.E0,0.E0,0.E0));
#7387=VECTOR('',#7386,7.425E-1);
#7388=CARTESIAN_POINT('',(-2.674374921322E0,2.E-3,0.E0));
#7389=LINE('',#7388,#7387);
#7390=DIRECTION('',(0.E0,0.E0,1.E0));
#7391=VECTOR('',#7390,9.9E-1);
#7392=CARTESIAN_POINT('',(-2.674374921322E0,2.E-3,-9.9E-1));
#7393=LINE('',#7392,#7391);
#7394=DIRECTION('',(-1.E0,0.E0,0.E0));
#7395=VECTOR('',#7394,7.425E-1);
#7396=CARTESIAN_POINT('',(-1.931874921322E0,2.E-3,-9.9E-1));
#7397=LINE('',#7396,#7395);
#7398=DIRECTION('',(0.E0,0.E0,-1.E0));
#7399=VECTOR('',#7398,1.263829636574E-1);
#7400=CARTESIAN_POINT('',(-1.931874921322E0,2.E-3,-8.636170363426E-1));
#7401=LINE('',#7400,#7399);
#7402=DIRECTION('',(1.E0,0.E0,0.E0));
#7403=VECTOR('',#7402,6.1875E-1);
#7404=CARTESIAN_POINT('',(-2.550624921322E0,2.E-3,-8.636170363426E-1));
#7405=LINE('',#7404,#7403);
#7406=DIRECTION('',(0.E0,0.E0,-1.E0));
#7407=VECTOR('',#7406,2.738298135996E-1);
#7408=CARTESIAN_POINT('',(-2.550624921322E0,2.E-3,-5.897872227430E-1));
#7409=LINE('',#7408,#7407);
#7410=DIRECTION('',(-1.E0,0.E0,0.E0));
#7411=VECTOR('',#7410,5.362498426437E-1);
#7412=CARTESIAN_POINT('',(-2.014375078678E0,2.E-3,-5.897872227430E-1));
#7413=LINE('',#7412,#7411);
#7414=DIRECTION('',(0.E0,0.E0,-1.E0));
#7415=VECTOR('',#7414,1.263829636574E-1);
#7416=CARTESIAN_POINT('',(-2.014375078678E0,2.E-3,-4.634042590857E-1));
#7417=LINE('',#7416,#7415);
#7418=DIRECTION('',(1.E0,0.E0,0.E0));
#7419=VECTOR('',#7418,5.362498426437E-1);
#7420=CARTESIAN_POINT('',(-2.550624921322E0,2.E-3,-4.634042590857E-1));
#7421=LINE('',#7420,#7419);
#7422=DIRECTION('',(0.E0,0.E0,-1.E0));
#7423=VECTOR('',#7422,3.370212806761E-1);
#7424=CARTESIAN_POINT('',(-2.550624921322E0,2.E-3,-1.263829784095E-1));
#7425=LINE('',#7424,#7423);
#7426=DIRECTION('',(0.E0,1.E0,0.E0));
#7427=VECTOR('',#7426,2.E-3);
#7428=CARTESIAN_POINT('',(-2.674374921322E0,0.E0,0.E0));
#7429=LINE('',#7428,#7427);
#7430=DIRECTION('',(0.E0,1.E0,0.E0));
#7431=VECTOR('',#7430,2.E-3);
#7432=CARTESIAN_POINT('',(-2.674374921322E0,0.E0,-9.9E-1));
#7433=LINE('',#7432,#7431);
#7434=DIRECTION('',(0.E0,1.E0,0.E0));
#7435=VECTOR('',#7434,2.E-3);
#7436=CARTESIAN_POINT('',(-1.931874921322E0,0.E0,-9.9E-1));
#7437=LINE('',#7436,#7435);
#7438=DIRECTION('',(0.E0,1.E0,0.E0));
#7439=VECTOR('',#7438,2.E-3);
#7440=CARTESIAN_POINT('',(-1.931874921322E0,0.E0,-8.636170363426E-1));
#7441=LINE('',#7440,#7439);
#7442=DIRECTION('',(0.E0,1.E0,0.E0));
#7443=VECTOR('',#7442,2.E-3);
#7444=CARTESIAN_POINT('',(-2.550624921322E0,0.E0,-8.636170363426E-1));
#7445=LINE('',#7444,#7443);
#7446=DIRECTION('',(0.E0,1.E0,0.E0));
#7447=VECTOR('',#7446,2.E-3);
#7448=CARTESIAN_POINT('',(-2.550624921322E0,0.E0,-5.897872227430E-1));
#7449=LINE('',#7448,#7447);
#7450=DIRECTION('',(0.E0,1.E0,0.E0));
#7451=VECTOR('',#7450,2.E-3);
#7452=CARTESIAN_POINT('',(-2.014375078678E0,0.E0,-5.897872227430E-1));
#7453=LINE('',#7452,#7451);
#7454=DIRECTION('',(0.E0,1.E0,0.E0));
#7455=VECTOR('',#7454,2.E-3);
#7456=CARTESIAN_POINT('',(-2.014375078678E0,0.E0,-4.634042590857E-1));
#7457=LINE('',#7456,#7455);
#7458=DIRECTION('',(0.E0,1.E0,0.E0));
#7459=VECTOR('',#7458,2.E-3);
#7460=CARTESIAN_POINT('',(-2.550624921322E0,0.E0,-4.634042590857E-1));
#7461=LINE('',#7460,#7459);
#7462=DIRECTION('',(0.E0,1.E0,0.E0));
#7463=VECTOR('',#7462,2.E-3);
#7464=CARTESIAN_POINT('',(-2.550624921322E0,0.E0,-1.263829784095E-1));
#7465=LINE('',#7464,#7463);
#7466=CARTESIAN_POINT('',(-1.931874921322E0,0.E0,-1.263829784095E-1));
#7467=CARTESIAN_POINT('',(-2.550624921322E0,0.E0,-1.263829784095E-1));
#7468=VERTEX_POINT('',#7466);
#7469=VERTEX_POINT('',#7467);
#7470=CARTESIAN_POINT('',(-2.550624921322E0,0.E0,-4.634042590857E-1));
#7471=VERTEX_POINT('',#7470);
#7472=CARTESIAN_POINT('',(-2.014375078678E0,0.E0,-4.634042590857E-1));
#7473=VERTEX_POINT('',#7472);
#7474=CARTESIAN_POINT('',(-2.014375078678E0,0.E0,-5.897872227430E-1));
#7475=VERTEX_POINT('',#7474);
#7476=CARTESIAN_POINT('',(-2.550624921322E0,0.E0,-5.897872227430E-1));
#7477=VERTEX_POINT('',#7476);
#7478=CARTESIAN_POINT('',(-2.550624921322E0,0.E0,-8.636170363426E-1));
#7479=VERTEX_POINT('',#7478);
#7480=CARTESIAN_POINT('',(-1.931874921322E0,0.E0,-8.636170363426E-1));
#7481=VERTEX_POINT('',#7480);
#7482=CARTESIAN_POINT('',(-1.931874921322E0,0.E0,-9.9E-1));
#7483=VERTEX_POINT('',#7482);
#7484=CARTESIAN_POINT('',(-2.674374921322E0,0.E0,-9.9E-1));
#7485=VERTEX_POINT('',#7484);
#7486=CARTESIAN_POINT('',(-2.674374921322E0,0.E0,0.E0));
#7487=VERTEX_POINT('',#7486);
#7488=CARTESIAN_POINT('',(-1.931874921322E0,0.E0,0.E0));
#7489=VERTEX_POINT('',#7488);
#7490=CARTESIAN_POINT('',(-1.931874921322E0,2.E-3,-1.263829784095E-1));
#7491=CARTESIAN_POINT('',(-2.550624921322E0,2.E-3,-1.263829784095E-1));
#7492=VERTEX_POINT('',#7490);
#7493=VERTEX_POINT('',#7491);
#7494=CARTESIAN_POINT('',(-2.550624921322E0,2.E-3,-4.634042590857E-1));
#7495=VERTEX_POINT('',#7494);
#7496=CARTESIAN_POINT('',(-2.014375078678E0,2.E-3,-4.634042590857E-1));
#7497=VERTEX_POINT('',#7496);
#7498=CARTESIAN_POINT('',(-2.014375078678E0,2.E-3,-5.897872227430E-1));
#7499=VERTEX_POINT('',#7498);
#7500=CARTESIAN_POINT('',(-2.550624921322E0,2.E-3,-5.897872227430E-1));
#7501=VERTEX_POINT('',#7500);
#7502=CARTESIAN_POINT('',(-2.550624921322E0,2.E-3,-8.636170363426E-1));
#7503=VERTEX_POINT('',#7502);
#7504=CARTESIAN_POINT('',(-1.931874921322E0,2.E-3,-8.636170363426E-1));
#7505=VERTEX_POINT('',#7504);
#7506=CARTESIAN_POINT('',(-1.931874921322E0,2.E-3,-9.9E-1));
#7507=VERTEX_POINT('',#7506);
#7508=CARTESIAN_POINT('',(-2.674374921322E0,2.E-3,-9.9E-1));
#7509=VERTEX_POINT('',#7508);
#7510=CARTESIAN_POINT('',(-2.674374921322E0,2.E-3,0.E0));
#7511=VERTEX_POINT('',#7510);
#7512=CARTESIAN_POINT('',(-1.931874921322E0,2.E-3,0.E0));
#7513=VERTEX_POINT('',#7512);
#7514=CARTESIAN_POINT('',(-1.931874921322E0,0.E0,0.E0));
#7515=DIRECTION('',(1.E0,0.E0,0.E0));
#7516=DIRECTION('',(0.E0,0.E0,-1.E0));
#7517=AXIS2_PLACEMENT_3D('',#7514,#7515,#7516);
#7518=PLANE('',#7517);
#7520=ORIENTED_EDGE('',*,*,#7519,.F.);
#7522=ORIENTED_EDGE('',*,*,#7521,.T.);
#7524=ORIENTED_EDGE('',*,*,#7523,.T.);
#7526=ORIENTED_EDGE('',*,*,#7525,.F.);
#7527=EDGE_LOOP('',(#7520,#7522,#7524,#7526));
#7528=FACE_OUTER_BOUND('',#7527,.F.);
#7529=ADVANCED_FACE('',(#7528),#7518,.T.);
#7530=CARTESIAN_POINT('',(0.E0,0.E0,0.E0));
#7531=DIRECTION('',(0.E0,1.E0,0.E0));
#7532=DIRECTION('',(1.E0,0.E0,0.E0));
#7533=AXIS2_PLACEMENT_3D('',#7530,#7531,#7532);
#7534=PLANE('',#7533);
#7536=ORIENTED_EDGE('',*,*,#7535,.T.);
#7538=ORIENTED_EDGE('',*,*,#7537,.T.);
#7540=ORIENTED_EDGE('',*,*,#7539,.T.);
#7542=ORIENTED_EDGE('',*,*,#7541,.T.);
#7544=ORIENTED_EDGE('',*,*,#7543,.T.);
#7546=ORIENTED_EDGE('',*,*,#7545,.T.);
#7548=ORIENTED_EDGE('',*,*,#7547,.T.);
#7550=ORIENTED_EDGE('',*,*,#7549,.T.);
#7552=ORIENTED_EDGE('',*,*,#7551,.T.);
#7554=ORIENTED_EDGE('',*,*,#7553,.T.);
#7556=ORIENTED_EDGE('',*,*,#7555,.T.);
#7557=ORIENTED_EDGE('',*,*,#7519,.T.);
#7558=EDGE_LOOP('',(#7536,#7538,#7540,#7542,#7544,#7546,#7548,#7550,#7552,#7554,
#7556,#7557));
#7559=FACE_OUTER_BOUND('',#7558,.F.);
#7560=ADVANCED_FACE('',(#7559),#7534,.F.);
#7561=CARTESIAN_POINT('',(-1.931874921322E0,0.E0,-1.263829784095E-1));
#7562=DIRECTION('',(0.E0,0.E0,-1.E0));
#7563=DIRECTION('',(-1.E0,0.E0,0.E0));
#7564=AXIS2_PLACEMENT_3D('',#7561,#7562,#7563);
#7565=PLANE('',#7564);
#7566=ORIENTED_EDGE('',*,*,#7535,.F.);
#7567=ORIENTED_EDGE('',*,*,#7525,.T.);
#7569=ORIENTED_EDGE('',*,*,#7568,.T.);
#7571=ORIENTED_EDGE('',*,*,#7570,.F.);
#7572=EDGE_LOOP('',(#7566,#7567,#7569,#7571));
#7573=FACE_OUTER_BOUND('',#7572,.F.);
#7574=ADVANCED_FACE('',(#7573),#7565,.T.);
#7575=CARTESIAN_POINT('',(0.E0,2.E-3,0.E0));
#7576=DIRECTION('',(0.E0,1.E0,0.E0));
#7577=DIRECTION('',(1.E0,0.E0,0.E0));
#7578=AXIS2_PLACEMENT_3D('',#7575,#7576,#7577);
#7579=PLANE('',#7578);
#7580=ORIENTED_EDGE('',*,*,#7568,.F.);
#7581=ORIENTED_EDGE('',*,*,#7523,.F.);
#7583=ORIENTED_EDGE('',*,*,#7582,.F.);
#7585=ORIENTED_EDGE('',*,*,#7584,.F.);
#7587=ORIENTED_EDGE('',*,*,#7586,.F.);
#7589=ORIENTED_EDGE('',*,*,#7588,.F.);
#7591=ORIENTED_EDGE('',*,*,#7590,.F.);
#7593=ORIENTED_EDGE('',*,*,#7592,.F.);
#7595=ORIENTED_EDGE('',*,*,#7594,.F.);
#7597=ORIENTED_EDGE('',*,*,#7596,.F.);
#7599=ORIENTED_EDGE('',*,*,#7598,.F.);
#7601=ORIENTED_EDGE('',*,*,#7600,.F.);
#7602=EDGE_LOOP('',(#7580,#7581,#7583,#7585,#7587,#7589,#7591,#7593,#7595,#7597,
#7599,#7601));
#7603=FACE_OUTER_BOUND('',#7602,.F.);
#7604=ADVANCED_FACE('',(#7603),#7579,.T.);
#7605=CARTESIAN_POINT('',(-2.674374921322E0,0.E0,0.E0));
#7606=DIRECTION('',(0.E0,0.E0,1.E0));
#7607=DIRECTION('',(1.E0,0.E0,0.E0));
#7608=AXIS2_PLACEMENT_3D('',#7605,#7606,#7607);
#7609=PLANE('',#7608);
#7610=ORIENTED_EDGE('',*,*,#7555,.F.);
#7612=ORIENTED_EDGE('',*,*,#7611,.T.);
#7613=ORIENTED_EDGE('',*,*,#7582,.T.);
#7614=ORIENTED_EDGE('',*,*,#7521,.F.);
#7615=EDGE_LOOP('',(#7610,#7612,#7613,#7614));
#7616=FACE_OUTER_BOUND('',#7615,.F.);
#7617=ADVANCED_FACE('',(#7616),#7609,.T.);
#7618=CARTESIAN_POINT('',(-2.674374921322E0,0.E0,-9.9E-1));
#7619=DIRECTION('',(-1.E0,0.E0,0.E0));
#7620=DIRECTION('',(0.E0,0.E0,1.E0));
#7621=AXIS2_PLACEMENT_3D('',#7618,#7619,#7620);
#7622=PLANE('',#7621);
#7623=ORIENTED_EDGE('',*,*,#7553,.F.);
#7625=ORIENTED_EDGE('',*,*,#7624,.T.);
#7626=ORIENTED_EDGE('',*,*,#7584,.T.);
#7627=ORIENTED_EDGE('',*,*,#7611,.F.);
#7628=EDGE_LOOP('',(#7623,#7625,#7626,#7627));
#7629=FACE_OUTER_BOUND('',#7628,.F.);
#7630=ADVANCED_FACE('',(#7629),#7622,.T.);
#7631=CARTESIAN_POINT('',(-1.931874921322E0,0.E0,-9.9E-1));
#7632=DIRECTION('',(0.E0,0.E0,-1.E0));
#7633=DIRECTION('',(-1.E0,0.E0,0.E0));
#7634=AXIS2_PLACEMENT_3D('',#7631,#7632,#7633);
#7635=PLANE('',#7634);
#7636=ORIENTED_EDGE('',*,*,#7551,.F.);
#7638=ORIENTED_EDGE('',*,*,#7637,.T.);
#7639=ORIENTED_EDGE('',*,*,#7586,.T.);
#7640=ORIENTED_EDGE('',*,*,#7624,.F.);
#7641=EDGE_LOOP('',(#7636,#7638,#7639,#7640));
#7642=FACE_OUTER_BOUND('',#7641,.F.);
#7643=ADVANCED_FACE('',(#7642),#7635,.T.);
#7644=CARTESIAN_POINT('',(-1.931874921322E0,0.E0,-8.636170363426E-1));
#7645=DIRECTION('',(1.E0,0.E0,0.E0));
#7646=DIRECTION('',(0.E0,0.E0,-1.E0));
#7647=AXIS2_PLACEMENT_3D('',#7644,#7645,#7646);
#7648=PLANE('',#7647);
#7649=ORIENTED_EDGE('',*,*,#7549,.F.);
#7651=ORIENTED_EDGE('',*,*,#7650,.T.);
#7652=ORIENTED_EDGE('',*,*,#7588,.T.);
#7653=ORIENTED_EDGE('',*,*,#7637,.F.);
#7654=EDGE_LOOP('',(#7649,#7651,#7652,#7653));
#7655=FACE_OUTER_BOUND('',#7654,.F.);
#7656=ADVANCED_FACE('',(#7655),#7648,.T.);
#7657=CARTESIAN_POINT('',(-2.550624921322E0,0.E0,-8.636170363426E-1));
#7658=DIRECTION('',(0.E0,0.E0,1.E0));
#7659=DIRECTION('',(1.E0,0.E0,0.E0));
#7660=AXIS2_PLACEMENT_3D('',#7657,#7658,#7659);
#7661=PLANE('',#7660);
#7662=ORIENTED_EDGE('',*,*,#7547,.F.);
#7664=ORIENTED_EDGE('',*,*,#7663,.T.);
#7665=ORIENTED_EDGE('',*,*,#7590,.T.);
#7666=ORIENTED_EDGE('',*,*,#7650,.F.);
#7667=EDGE_LOOP('',(#7662,#7664,#7665,#7666));
#7668=FACE_OUTER_BOUND('',#7667,.F.);
#7669=ADVANCED_FACE('',(#7668),#7661,.T.);
#7670=CARTESIAN_POINT('',(-2.550624921322E0,0.E0,-5.897872227430E-1));
#7671=DIRECTION('',(1.E0,0.E0,0.E0));
#7672=DIRECTION('',(0.E0,0.E0,-1.E0));
#7673=AXIS2_PLACEMENT_3D('',#7670,#7671,#7672);
#7674=PLANE('',#7673);
#7675=ORIENTED_EDGE('',*,*,#7545,.F.);
#7677=ORIENTED_EDGE('',*,*,#7676,.T.);
#7678=ORIENTED_EDGE('',*,*,#7592,.T.);
#7679=ORIENTED_EDGE('',*,*,#7663,.F.);
#7680=EDGE_LOOP('',(#7675,#7677,#7678,#7679));
#7681=FACE_OUTER_BOUND('',#7680,.F.);
#7682=ADVANCED_FACE('',(#7681),#7674,.T.);
#7683=CARTESIAN_POINT('',(-2.014375078678E0,0.E0,-5.897872227430E-1));
#7684=DIRECTION('',(0.E0,0.E0,-1.E0));
#7685=DIRECTION('',(-1.E0,0.E0,0.E0));
#7686=AXIS2_PLACEMENT_3D('',#7683,#7684,#7685);
#7687=PLANE('',#7686);
#7688=ORIENTED_EDGE('',*,*,#7543,.F.);
#7690=ORIENTED_EDGE('',*,*,#7689,.T.);
#7691=ORIENTED_EDGE('',*,*,#7594,.T.);
#7692=ORIENTED_EDGE('',*,*,#7676,.F.);
#7693=EDGE_LOOP('',(#7688,#7690,#7691,#7692));
#7694=FACE_OUTER_BOUND('',#7693,.F.);
#7695=ADVANCED_FACE('',(#7694),#7687,.T.);
#7696=CARTESIAN_POINT('',(-2.014375078678E0,0.E0,-4.634042590857E-1));
#7697=DIRECTION('',(1.E0,0.E0,0.E0));
#7698=DIRECTION('',(0.E0,0.E0,-1.E0));
#7699=AXIS2_PLACEMENT_3D('',#7696,#7697,#7698);
#7700=PLANE('',#7699);
#7701=ORIENTED_EDGE('',*,*,#7541,.F.);
#7703=ORIENTED_EDGE('',*,*,#7702,.T.);
#7704=ORIENTED_EDGE('',*,*,#7596,.T.);
#7705=ORIENTED_EDGE('',*,*,#7689,.F.);
#7706=EDGE_LOOP('',(#7701,#7703,#7704,#7705));
#7707=FACE_OUTER_BOUND('',#7706,.F.);
#7708=ADVANCED_FACE('',(#7707),#7700,.T.);
#7709=CARTESIAN_POINT('',(-2.550624921322E0,0.E0,-4.634042590857E-1));
#7710=DIRECTION('',(0.E0,0.E0,1.E0));
#7711=DIRECTION('',(1.E0,0.E0,0.E0));
#7712=AXIS2_PLACEMENT_3D('',#7709,#7710,#7711);
#7713=PLANE('',#7712);
#7714=ORIENTED_EDGE('',*,*,#7539,.F.);
#7716=ORIENTED_EDGE('',*,*,#7715,.T.);
#7717=ORIENTED_EDGE('',*,*,#7598,.T.);
#7718=ORIENTED_EDGE('',*,*,#7702,.F.);
#7719=EDGE_LOOP('',(#7714,#7716,#7717,#7718));
#7720=FACE_OUTER_BOUND('',#7719,.F.);
#7721=ADVANCED_FACE('',(#7720),#7713,.T.);
#7722=CARTESIAN_POINT('',(-2.550624921322E0,0.E0,-1.263829784095E-1));
#7723=DIRECTION('',(1.E0,0.E0,0.E0));
#7724=DIRECTION('',(0.E0,0.E0,-1.E0));
#7725=AXIS2_PLACEMENT_3D('',#7722,#7723,#7724);
#7726=PLANE('',#7725);
#7727=ORIENTED_EDGE('',*,*,#7537,.F.);
#7728=ORIENTED_EDGE('',*,*,#7570,.T.);
#7729=ORIENTED_EDGE('',*,*,#7600,.T.);
#7730=ORIENTED_EDGE('',*,*,#7715,.F.);
#7731=EDGE_LOOP('',(#7727,#7728,#7729,#7730));
#7732=FACE_OUTER_BOUND('',#7731,.F.);
#7733=ADVANCED_FACE('',(#7732),#7726,.T.);
#7734=CLOSED_SHELL('',(#7529,#7560,#7574,#7604,#7617,#7630,#7643,#7656,#7669,
#7682,#7695,#7708,#7721,#7733));
#7735=MANIFOLD_SOLID_BREP('',#7734);
#7737=DIMENSIONAL_EXPONENTS(0.E0,0.E0,0.E0,0.E0,0.E0,0.E0,0.E0);
#7739=PLANE_ANGLE_MEASURE_WITH_UNIT(PLANE_ANGLE_MEASURE(1.745329251994E-2),
#7738);
#7740=(CONVERSION_BASED_UNIT('DEGREE',#7739)NAMED_UNIT(#7737)PLANE_ANGLE_UNIT(
));
#7742=UNCERTAINTY_MEASURE_WITH_UNIT(LENGTH_MEASURE(5.618519671054E-4),#7736,
'closure',
'Maximum model space distance between geometric entities at asserted connectivities');
#7743=(GEOMETRIC_REPRESENTATION_CONTEXT(3)GLOBAL_UNCERTAINTY_ASSIGNED_CONTEXT((
#7742))GLOBAL_UNIT_ASSIGNED_CONTEXT((#7736,#7740,#7741))REPRESENTATION_CONTEXT(
'ID6','3'));
#7744=CARTESIAN_POINT('',(0.E0,0.E0,0.E0));
#7745=DIRECTION('',(0.E0,0.E0,1.E0));
#7746=DIRECTION('',(1.E0,0.E0,0.E0));
#7749=MECHANICAL_CONTEXT('',#165,'mechanical');
#7750=PRODUCT('CREE_LOGO','CREE_LOGO','NOT SPECIFIED',(#7749));
#7751=PRODUCT_DEFINITION_FORMATION_WITH_SPECIFIED_SOURCE('1','LAST_VERSION',
#7750,.MADE.);
#7757=CARTESIAN_POINT('',(2.674374921322E0,1.17E0,7.E0));
#7758=DIRECTION('',(0.E0,0.E0,1.E0));
#7759=DIRECTION('',(1.E0,0.E0,0.E0));
#7760=AXIS2_PLACEMENT_3D('',#7757,#7758,#7759);
#7761=ITEM_DEFINED_TRANSFORMATION('','',#7747,#7760);
#7762=(REPRESENTATION_RELATIONSHIP('','',#7748,#176)REPRESENTATION_RELATIONSHIP_WITH_TRANSFORMATION(#7761)SHAPE_REPRESENTATION_RELATIONSHIP());
#7763=CONTEXT_DEPENDENT_SHAPE_REPRESENTATION(#7762,#7756);
#7765=DIRECTION('',(1.E0,0.E0,0.E0));
#7766=VECTOR('',#7765,5.000000149012E-1);
#7767=CARTESIAN_POINT('',(0.E0,0.E0,-1.468085110188E0));
#7768=LINE('',#7767,#7766);
#7769=DIRECTION('',(0.E0,0.E0,1.E0));
#7770=VECTOR('',#7769,5.106383264065E-1);
#7771=CARTESIAN_POINT('',(5.000000149012E-1,0.E0,-1.468085110188E0));
#7772=LINE('',#7771,#7770);
#7773=DIRECTION('',(1.E0,0.E0,0.E0));
#7774=VECTOR('',#7773,1.249999701977E-1);
#7775=CARTESIAN_POINT('',(5.000000149012E-1,0.E0,-9.574467837811E-1));
#7776=LINE('',#7775,#7774);
#7777=DIRECTION('',(0.E0,0.E0,-1.E0));
#7778=VECTOR('',#7777,5.106383264065E-1);
#7779=CARTESIAN_POINT('',(6.249999850988E-1,0.E0,-9.574467837811E-1));
#7780=LINE('',#7779,#7778);
#7781=DIRECTION('',(1.E0,0.E0,0.E0));
#7782=VECTOR('',#7781,5.000000149012E-1);
#7783=CARTESIAN_POINT('',(6.249999850988E-1,0.E0,-1.468085110188E0));
#7784=LINE('',#7783,#7782);
#7785=DIRECTION('',(0.E0,0.E0,-1.E0));
#7786=VECTOR('',#7785,1.276595592499E-1);
#7787=CARTESIAN_POINT('',(1.125E0,0.E0,-1.468085110188E0));
#7788=LINE('',#7787,#7786);
#7789=DIRECTION('',(-1.E0,0.E0,0.E0));
#7790=VECTOR('',#7789,5.000000149012E-1);
#7791=CARTESIAN_POINT('',(1.125E0,0.E0,-1.595744669437E0));
#7792=LINE('',#7791,#7790);
#7793=DIRECTION('',(0.E0,0.E0,-1.E0));
#7794=VECTOR('',#7793,5.106382369995E-1);
#7795=CARTESIAN_POINT('',(6.249999850988E-1,0.E0,-1.595744669437E0));
#7796=LINE('',#7795,#7794);
#7797=DIRECTION('',(-1.E0,0.E0,0.E0));
#7798=VECTOR('',#7797,1.249999701977E-1);
#7799=CARTESIAN_POINT('',(6.249999850988E-1,0.E0,-2.106382906437E0));
#7800=LINE('',#7799,#7798);
#7801=DIRECTION('',(0.E0,0.E0,1.E0));
#7802=VECTOR('',#7801,5.106382369995E-1);
#7803=CARTESIAN_POINT('',(5.000000149012E-1,0.E0,-2.106382906437E0));
#7804=LINE('',#7803,#7802);
#7805=DIRECTION('',(-1.E0,0.E0,0.E0));
#7806=VECTOR('',#7805,5.000000149012E-1);
#7807=CARTESIAN_POINT('',(5.000000149012E-1,0.E0,-1.595744669437E0));
#7808=LINE('',#7807,#7806);
#7809=DIRECTION('',(0.E0,0.E0,1.E0));
#7810=VECTOR('',#7809,1.276595592499E-1);
#7811=CARTESIAN_POINT('',(0.E0,0.E0,-1.595744669437E0));
#7812=LINE('',#7811,#7810);
#7813=DIRECTION('',(0.E0,1.E0,0.E0));
#7814=VECTOR('',#7813,2.E-3);
#7815=CARTESIAN_POINT('',(0.E0,0.E0,-1.468085110188E0));
#7816=LINE('',#7815,#7814);
#7817=DIRECTION('',(0.E0,1.E0,0.E0));
#7818=VECTOR('',#7817,2.E-3);
#7819=CARTESIAN_POINT('',(0.E0,0.E0,-1.595744669437E0));
#7820=LINE('',#7819,#7818);
#7821=DIRECTION('',(0.E0,1.E0,0.E0));
#7822=VECTOR('',#7821,2.E-3);
#7823=CARTESIAN_POINT('',(5.000000149012E-1,0.E0,-1.595744669437E0));
#7824=LINE('',#7823,#7822);
#7825=DIRECTION('',(0.E0,1.E0,0.E0));
#7826=VECTOR('',#7825,2.E-3);
#7827=CARTESIAN_POINT('',(5.000000149012E-1,0.E0,-2.106382906437E0));
#7828=LINE('',#7827,#7826);
#7829=DIRECTION('',(0.E0,1.E0,0.E0));
#7830=VECTOR('',#7829,2.E-3);
#7831=CARTESIAN_POINT('',(6.249999850988E-1,0.E0,-2.106382906437E0));
#7832=LINE('',#7831,#7830);
#7833=DIRECTION('',(0.E0,1.E0,0.E0));
#7834=VECTOR('',#7833,2.E-3);
#7835=CARTESIAN_POINT('',(6.249999850988E-1,0.E0,-1.595744669437E0));
#7836=LINE('',#7835,#7834);
#7837=DIRECTION('',(0.E0,1.E0,0.E0));
#7838=VECTOR('',#7837,2.E-3);
#7839=CARTESIAN_POINT('',(1.125E0,0.E0,-1.595744669437E0));
#7840=LINE('',#7839,#7838);
#7841=DIRECTION('',(0.E0,1.E0,0.E0));
#7842=VECTOR('',#7841,2.E-3);
#7843=CARTESIAN_POINT('',(1.125E0,0.E0,-1.468085110188E0));
#7844=LINE('',#7843,#7842);
#7845=DIRECTION('',(0.E0,1.E0,0.E0));
#7846=VECTOR('',#7845,2.E-3);
#7847=CARTESIAN_POINT('',(6.249999850988E-1,0.E0,-1.468085110188E0));
#7848=LINE('',#7847,#7846);
#7849=DIRECTION('',(0.E0,1.E0,0.E0));
#7850=VECTOR('',#7849,2.E-3);
#7851=CARTESIAN_POINT('',(6.249999850988E-1,0.E0,-9.574467837811E-1));
#7852=LINE('',#7851,#7850);
#7853=DIRECTION('',(0.E0,1.E0,0.E0));
#7854=VECTOR('',#7853,2.E-3);
#7855=CARTESIAN_POINT('',(5.000000149012E-1,0.E0,-9.574467837811E-1));
#7856=LINE('',#7855,#7854);
#7857=DIRECTION('',(0.E0,1.E0,0.E0));
#7858=VECTOR('',#7857,2.E-3);
#7859=CARTESIAN_POINT('',(5.000000149012E-1,0.E0,-1.468085110188E0));
#7860=LINE('',#7859,#7858);
#7861=DIRECTION('',(1.E0,0.E0,0.E0));
#7862=VECTOR('',#7861,5.000000149012E-1);
#7863=CARTESIAN_POINT('',(0.E0,2.E-3,-1.468085110188E0));
#7864=LINE('',#7863,#7862);
#7865=DIRECTION('',(0.E0,0.E0,1.E0));
#7866=VECTOR('',#7865,1.276595592499E-1);
#7867=CARTESIAN_POINT('',(0.E0,2.E-3,-1.595744669437E0));
#7868=LINE('',#7867,#7866);
#7869=DIRECTION('',(-1.E0,0.E0,0.E0));
#7870=VECTOR('',#7869,5.000000149012E-1);
#7871=CARTESIAN_POINT('',(5.000000149012E-1,2.E-3,-1.595744669437E0));
#7872=LINE('',#7871,#7870);
#7873=DIRECTION('',(0.E0,0.E0,1.E0));
#7874=VECTOR('',#7873,5.106382369995E-1);
#7875=CARTESIAN_POINT('',(5.000000149012E-1,2.E-3,-2.106382906437E0));
#7876=LINE('',#7875,#7874);
#7877=DIRECTION('',(-1.E0,0.E0,0.E0));
#7878=VECTOR('',#7877,1.249999701977E-1);
#7879=CARTESIAN_POINT('',(6.249999850988E-1,2.E-3,-2.106382906437E0));
#7880=LINE('',#7879,#7878);
#7881=DIRECTION('',(0.E0,0.E0,-1.E0));
#7882=VECTOR('',#7881,5.106382369995E-1);
#7883=CARTESIAN_POINT('',(6.249999850988E-1,2.E-3,-1.595744669437E0));
#7884=LINE('',#7883,#7882);
#7885=DIRECTION('',(-1.E0,0.E0,0.E0));
#7886=VECTOR('',#7885,5.000000149012E-1);
#7887=CARTESIAN_POINT('',(1.125E0,2.E-3,-1.595744669437E0));
#7888=LINE('',#7887,#7886);
#7889=DIRECTION('',(0.E0,0.E0,-1.E0));
#7890=VECTOR('',#7889,1.276595592499E-1);
#7891=CARTESIAN_POINT('',(1.125E0,2.E-3,-1.468085110188E0));
#7892=LINE('',#7891,#7890);
#7893=DIRECTION('',(1.E0,0.E0,0.E0));
#7894=VECTOR('',#7893,5.000000149012E-1);
#7895=CARTESIAN_POINT('',(6.249999850988E-1,2.E-3,-1.468085110188E0));
#7896=LINE('',#7895,#7894);
#7897=DIRECTION('',(0.E0,0.E0,-1.E0));
#7898=VECTOR('',#7897,5.106383264065E-1);
#7899=CARTESIAN_POINT('',(6.249999850988E-1,2.E-3,-9.574467837811E-1));
#7900=LINE('',#7899,#7898);
#7901=DIRECTION('',(1.E0,0.E0,0.E0));
#7902=VECTOR('',#7901,1.249999701977E-1);
#7903=CARTESIAN_POINT('',(5.000000149012E-1,2.E-3,-9.574467837811E-1));
#7904=LINE('',#7903,#7902);
#7905=DIRECTION('',(0.E0,0.E0,1.E0));
#7906=VECTOR('',#7905,5.106383264065E-1);
#7907=CARTESIAN_POINT('',(5.000000149012E-1,2.E-3,-1.468085110188E0));
#7908=LINE('',#7907,#7906);
#7909=CARTESIAN_POINT('',(0.E0,0.E0,-1.468085110188E0));
#7910=CARTESIAN_POINT('',(5.000000149012E-1,0.E0,-1.468085110188E0));
#7911=VERTEX_POINT('',#7909);
#7912=VERTEX_POINT('',#7910);
#7913=CARTESIAN_POINT('',(5.000000149012E-1,0.E0,-9.574467837811E-1));
#7914=VERTEX_POINT('',#7913);
#7915=CARTESIAN_POINT('',(6.249999850988E-1,0.E0,-9.574467837811E-1));
#7916=VERTEX_POINT('',#7915);
#7917=CARTESIAN_POINT('',(6.249999850988E-1,0.E0,-1.468085110188E0));
#7918=VERTEX_POINT('',#7917);
#7919=CARTESIAN_POINT('',(1.125E0,0.E0,-1.468085110188E0));
#7920=VERTEX_POINT('',#7919);
#7921=CARTESIAN_POINT('',(1.125E0,0.E0,-1.595744669437E0));
#7922=VERTEX_POINT('',#7921);
#7923=CARTESIAN_POINT('',(6.249999850988E-1,0.E0,-1.595744669437E0));
#7924=VERTEX_POINT('',#7923);
#7925=CARTESIAN_POINT('',(6.249999850988E-1,0.E0,-2.106382906437E0));
#7926=VERTEX_POINT('',#7925);
#7927=CARTESIAN_POINT('',(5.000000149012E-1,0.E0,-2.106382906437E0));
#7928=VERTEX_POINT('',#7927);
#7929=CARTESIAN_POINT('',(5.000000149012E-1,0.E0,-1.595744669437E0));
#7930=VERTEX_POINT('',#7929);
#7931=CARTESIAN_POINT('',(0.E0,0.E0,-1.595744669437E0));
#7932=VERTEX_POINT('',#7931);
#7933=CARTESIAN_POINT('',(0.E0,2.E-3,-1.468085110188E0));
#7934=CARTESIAN_POINT('',(5.000000149012E-1,2.E-3,-1.468085110188E0));
#7935=VERTEX_POINT('',#7933);
#7936=VERTEX_POINT('',#7934);
#7937=CARTESIAN_POINT('',(5.000000149012E-1,2.E-3,-9.574467837811E-1));
#7938=VERTEX_POINT('',#7937);
#7939=CARTESIAN_POINT('',(6.249999850988E-1,2.E-3,-9.574467837811E-1));
#7940=VERTEX_POINT('',#7939);
#7941=CARTESIAN_POINT('',(6.249999850988E-1,2.E-3,-1.468085110188E0));
#7942=VERTEX_POINT('',#7941);
#7943=CARTESIAN_POINT('',(1.125E0,2.E-3,-1.468085110188E0));
#7944=VERTEX_POINT('',#7943);
#7945=CARTESIAN_POINT('',(1.125E0,2.E-3,-1.595744669437E0));
#7946=VERTEX_POINT('',#7945);
#7947=CARTESIAN_POINT('',(6.249999850988E-1,2.E-3,-1.595744669437E0));
#7948=VERTEX_POINT('',#7947);
#7949=CARTESIAN_POINT('',(6.249999850988E-1,2.E-3,-2.106382906437E0));
#7950=VERTEX_POINT('',#7949);
#7951=CARTESIAN_POINT('',(5.000000149012E-1,2.E-3,-2.106382906437E0));
#7952=VERTEX_POINT('',#7951);
#7953=CARTESIAN_POINT('',(5.000000149012E-1,2.E-3,-1.595744669437E0));
#7954=VERTEX_POINT('',#7953);
#7955=CARTESIAN_POINT('',(0.E0,2.E-3,-1.595744669437E0));
#7956=VERTEX_POINT('',#7955);
#7957=CARTESIAN_POINT('',(0.E0,0.E0,0.E0));
#7958=DIRECTION('',(0.E0,1.E0,0.E0));
#7959=DIRECTION('',(1.E0,0.E0,0.E0));
#7960=AXIS2_PLACEMENT_3D('',#7957,#7958,#7959);
#7961=PLANE('',#7960);
#7963=ORIENTED_EDGE('',*,*,#7962,.T.);
#7965=ORIENTED_EDGE('',*,*,#7964,.T.);
#7967=ORIENTED_EDGE('',*,*,#7966,.T.);
#7969=ORIENTED_EDGE('',*,*,#7968,.T.);
#7971=ORIENTED_EDGE('',*,*,#7970,.T.);
#7973=ORIENTED_EDGE('',*,*,#7972,.T.);
#7975=ORIENTED_EDGE('',*,*,#7974,.T.);
#7977=ORIENTED_EDGE('',*,*,#7976,.T.);
#7979=ORIENTED_EDGE('',*,*,#7978,.T.);
#7981=ORIENTED_EDGE('',*,*,#7980,.T.);
#7983=ORIENTED_EDGE('',*,*,#7982,.T.);
#7985=ORIENTED_EDGE('',*,*,#7984,.T.);
#7986=EDGE_LOOP('',(#7963,#7965,#7967,#7969,#7971,#7973,#7975,#7977,#7979,#7981,
#7983,#7985));
#7987=FACE_OUTER_BOUND('',#7986,.F.);
#7988=ADVANCED_FACE('',(#7987),#7961,.F.);
#7989=CARTESIAN_POINT('',(0.E0,0.E0,-1.468085110188E0));
#7990=DIRECTION('',(0.E0,0.E0,1.E0));
#7991=DIRECTION('',(1.E0,0.E0,0.E0));
#7992=AXIS2_PLACEMENT_3D('',#7989,#7990,#7991);
#7993=PLANE('',#7992);
#7994=ORIENTED_EDGE('',*,*,#7962,.F.);
#7996=ORIENTED_EDGE('',*,*,#7995,.T.);
#7998=ORIENTED_EDGE('',*,*,#7997,.T.);
#8000=ORIENTED_EDGE('',*,*,#7999,.F.);
#8001=EDGE_LOOP('',(#7994,#7996,#7998,#8000));
#8002=FACE_OUTER_BOUND('',#8001,.F.);
#8003=ADVANCED_FACE('',(#8002),#7993,.T.);
#8004=CARTESIAN_POINT('',(0.E0,0.E0,-1.595744669437E0));
#8005=DIRECTION('',(-1.E0,0.E0,0.E0));
#8006=DIRECTION('',(0.E0,0.E0,1.E0));
#8007=AXIS2_PLACEMENT_3D('',#8004,#8005,#8006);
#8008=PLANE('',#8007);
#8009=ORIENTED_EDGE('',*,*,#7984,.F.);
#8011=ORIENTED_EDGE('',*,*,#8010,.T.);
#8013=ORIENTED_EDGE('',*,*,#8012,.T.);
#8014=ORIENTED_EDGE('',*,*,#7995,.F.);
#8015=EDGE_LOOP('',(#8009,#8011,#8013,#8014));
#8016=FACE_OUTER_BOUND('',#8015,.F.);
#8017=ADVANCED_FACE('',(#8016),#8008,.T.);
#8018=CARTESIAN_POINT('',(5.000000149012E-1,0.E0,-1.595744669437E0));
#8019=DIRECTION('',(0.E0,0.E0,-1.E0));
#8020=DIRECTION('',(-1.E0,0.E0,0.E0));
#8021=AXIS2_PLACEMENT_3D('',#8018,#8019,#8020);
#8022=PLANE('',#8021);
#8023=ORIENTED_EDGE('',*,*,#7982,.F.);
#8025=ORIENTED_EDGE('',*,*,#8024,.T.);
#8027=ORIENTED_EDGE('',*,*,#8026,.T.);
#8028=ORIENTED_EDGE('',*,*,#8010,.F.);
#8029=EDGE_LOOP('',(#8023,#8025,#8027,#8028));
#8030=FACE_OUTER_BOUND('',#8029,.F.);
#8031=ADVANCED_FACE('',(#8030),#8022,.T.);
#8032=CARTESIAN_POINT('',(5.000000149012E-1,0.E0,-2.106382906437E0));
#8033=DIRECTION('',(-1.E0,0.E0,0.E0));
#8034=DIRECTION('',(0.E0,0.E0,1.E0));
#8035=AXIS2_PLACEMENT_3D('',#8032,#8033,#8034);
#8036=PLANE('',#8035);
#8037=ORIENTED_EDGE('',*,*,#7980,.F.);
#8039=ORIENTED_EDGE('',*,*,#8038,.T.);
#8041=ORIENTED_EDGE('',*,*,#8040,.T.);
#8042=ORIENTED_EDGE('',*,*,#8024,.F.);
#8043=EDGE_LOOP('',(#8037,#8039,#8041,#8042));
#8044=FACE_OUTER_BOUND('',#8043,.F.);
#8045=ADVANCED_FACE('',(#8044),#8036,.T.);
#8046=CARTESIAN_POINT('',(6.249999850988E-1,0.E0,-2.106382906437E0));
#8047=DIRECTION('',(0.E0,0.E0,-1.E0));
#8048=DIRECTION('',(-1.E0,0.E0,0.E0));
#8049=AXIS2_PLACEMENT_3D('',#8046,#8047,#8048);
#8050=PLANE('',#8049);
#8051=ORIENTED_EDGE('',*,*,#7978,.F.);
#8053=ORIENTED_EDGE('',*,*,#8052,.T.);
#8055=ORIENTED_EDGE('',*,*,#8054,.T.);
#8056=ORIENTED_EDGE('',*,*,#8038,.F.);
#8057=EDGE_LOOP('',(#8051,#8053,#8055,#8056));
#8058=FACE_OUTER_BOUND('',#8057,.F.);
#8059=ADVANCED_FACE('',(#8058),#8050,.T.);
#8060=CARTESIAN_POINT('',(6.249999850988E-1,0.E0,-1.595744669437E0));
#8061=DIRECTION('',(1.E0,0.E0,0.E0));
#8062=DIRECTION('',(0.E0,0.E0,-1.E0));
#8063=AXIS2_PLACEMENT_3D('',#8060,#8061,#8062);
#8064=PLANE('',#8063);
#8065=ORIENTED_EDGE('',*,*,#7976,.F.);
#8067=ORIENTED_EDGE('',*,*,#8066,.T.);
#8069=ORIENTED_EDGE('',*,*,#8068,.T.);
#8070=ORIENTED_EDGE('',*,*,#8052,.F.);
#8071=EDGE_LOOP('',(#8065,#8067,#8069,#8070));
#8072=FACE_OUTER_BOUND('',#8071,.F.);
#8073=ADVANCED_FACE('',(#8072),#8064,.T.);
#8074=CARTESIAN_POINT('',(1.125E0,0.E0,-1.595744669437E0));
#8075=DIRECTION('',(0.E0,0.E0,-1.E0));
#8076=DIRECTION('',(-1.E0,0.E0,0.E0));
#8077=AXIS2_PLACEMENT_3D('',#8074,#8075,#8076);
#8078=PLANE('',#8077);
#8079=ORIENTED_EDGE('',*,*,#7974,.F.);
#8081=ORIENTED_EDGE('',*,*,#8080,.T.);
#8083=ORIENTED_EDGE('',*,*,#8082,.T.);
#8084=ORIENTED_EDGE('',*,*,#8066,.F.);
#8085=EDGE_LOOP('',(#8079,#8081,#8083,#8084));
#8086=FACE_OUTER_BOUND('',#8085,.F.);
#8087=ADVANCED_FACE('',(#8086),#8078,.T.);
#8088=CARTESIAN_POINT('',(1.125E0,0.E0,-1.468085110188E0));
#8089=DIRECTION('',(1.E0,0.E0,0.E0));
#8090=DIRECTION('',(0.E0,0.E0,-1.E0));
#8091=AXIS2_PLACEMENT_3D('',#8088,#8089,#8090);
#8092=PLANE('',#8091);
#8093=ORIENTED_EDGE('',*,*,#7972,.F.);
#8095=ORIENTED_EDGE('',*,*,#8094,.T.);
#8097=ORIENTED_EDGE('',*,*,#8096,.T.);
#8098=ORIENTED_EDGE('',*,*,#8080,.F.);
#8099=EDGE_LOOP('',(#8093,#8095,#8097,#8098));
#8100=FACE_OUTER_BOUND('',#8099,.F.);
#8101=ADVANCED_FACE('',(#8100),#8092,.T.);
#8102=CARTESIAN_POINT('',(6.249999850988E-1,0.E0,-1.468085110188E0));
#8103=DIRECTION('',(0.E0,0.E0,1.E0));
#8104=DIRECTION('',(1.E0,0.E0,0.E0));
#8105=AXIS2_PLACEMENT_3D('',#8102,#8103,#8104);
#8106=PLANE('',#8105);
#8107=ORIENTED_EDGE('',*,*,#7970,.F.);
#8109=ORIENTED_EDGE('',*,*,#8108,.T.);
#8111=ORIENTED_EDGE('',*,*,#8110,.T.);
#8112=ORIENTED_EDGE('',*,*,#8094,.F.);
#8113=EDGE_LOOP('',(#8107,#8109,#8111,#8112));
#8114=FACE_OUTER_BOUND('',#8113,.F.);
#8115=ADVANCED_FACE('',(#8114),#8106,.T.);
#8116=CARTESIAN_POINT('',(6.249999850988E-1,0.E0,-9.574467837811E-1));
#8117=DIRECTION('',(1.E0,0.E0,0.E0));
#8118=DIRECTION('',(0.E0,0.E0,-1.E0));
#8119=AXIS2_PLACEMENT_3D('',#8116,#8117,#8118);
#8120=PLANE('',#8119);
#8121=ORIENTED_EDGE('',*,*,#7968,.F.);
#8123=ORIENTED_EDGE('',*,*,#8122,.T.);
#8125=ORIENTED_EDGE('',*,*,#8124,.T.);
#8126=ORIENTED_EDGE('',*,*,#8108,.F.);
#8127=EDGE_LOOP('',(#8121,#8123,#8125,#8126));
#8128=FACE_OUTER_BOUND('',#8127,.F.);
#8129=ADVANCED_FACE('',(#8128),#8120,.T.);
#8130=CARTESIAN_POINT('',(5.000000149012E-1,0.E0,-9.574467837811E-1));
#8131=DIRECTION('',(0.E0,0.E0,1.E0));
#8132=DIRECTION('',(1.E0,0.E0,0.E0));
#8133=AXIS2_PLACEMENT_3D('',#8130,#8131,#8132);
#8134=PLANE('',#8133);
#8135=ORIENTED_EDGE('',*,*,#7966,.F.);
#8137=ORIENTED_EDGE('',*,*,#8136,.T.);
#8139=ORIENTED_EDGE('',*,*,#8138,.T.);
#8140=ORIENTED_EDGE('',*,*,#8122,.F.);
#8141=EDGE_LOOP('',(#8135,#8137,#8139,#8140));
#8142=FACE_OUTER_BOUND('',#8141,.F.);
#8143=ADVANCED_FACE('',(#8142),#8134,.T.);
#8144=CARTESIAN_POINT('',(5.000000149012E-1,0.E0,-1.468085110188E0));
#8145=DIRECTION('',(-1.E0,0.E0,0.E0));
#8146=DIRECTION('',(0.E0,0.E0,1.E0));
#8147=AXIS2_PLACEMENT_3D('',#8144,#8145,#8146);
#8148=PLANE('',#8147);
#8149=ORIENTED_EDGE('',*,*,#7964,.F.);
#8150=ORIENTED_EDGE('',*,*,#7999,.T.);
#8152=ORIENTED_EDGE('',*,*,#8151,.T.);
#8153=ORIENTED_EDGE('',*,*,#8136,.F.);
#8154=EDGE_LOOP('',(#8149,#8150,#8152,#8153));
#8155=FACE_OUTER_BOUND('',#8154,.F.);
#8156=ADVANCED_FACE('',(#8155),#8148,.T.);
#8157=CARTESIAN_POINT('',(0.E0,2.E-3,0.E0));
#8158=DIRECTION('',(0.E0,1.E0,0.E0));
#8159=DIRECTION('',(1.E0,0.E0,0.E0));
#8160=AXIS2_PLACEMENT_3D('',#8157,#8158,#8159);
#8161=PLANE('',#8160);
#8162=ORIENTED_EDGE('',*,*,#7997,.F.);
#8163=ORIENTED_EDGE('',*,*,#8012,.F.);
#8164=ORIENTED_EDGE('',*,*,#8026,.F.);
#8165=ORIENTED_EDGE('',*,*,#8040,.F.);
#8166=ORIENTED_EDGE('',*,*,#8054,.F.);
#8167=ORIENTED_EDGE('',*,*,#8068,.F.);
#8168=ORIENTED_EDGE('',*,*,#8082,.F.);
#8169=ORIENTED_EDGE('',*,*,#8096,.F.);
#8170=ORIENTED_EDGE('',*,*,#8110,.F.);
#8171=ORIENTED_EDGE('',*,*,#8124,.F.);
#8172=ORIENTED_EDGE('',*,*,#8138,.F.);
#8173=ORIENTED_EDGE('',*,*,#8151,.F.);
#8174=EDGE_LOOP('',(#8162,#8163,#8164,#8165,#8166,#8167,#8168,#8169,#8170,#8171,
#8172,#8173));
#8175=FACE_OUTER_BOUND('',#8174,.F.);
#8176=ADVANCED_FACE('',(#8175),#8161,.T.);
#8177=CLOSED_SHELL('',(#7988,#8003,#8017,#8031,#8045,#8059,#8073,#8087,#8101,
#8115,#8129,#8143,#8156,#8176));
#8178=MANIFOLD_SOLID_BREP('',#8177);
#8180=DIMENSIONAL_EXPONENTS(0.E0,0.E0,0.E0,0.E0,0.E0,0.E0,0.E0);
#8182=PLANE_ANGLE_MEASURE_WITH_UNIT(PLANE_ANGLE_MEASURE(1.745329251994E-2),
#8181);
#8183=(CONVERSION_BASED_UNIT('DEGREE',#8182)NAMED_UNIT(#8180)PLANE_ANGLE_UNIT(
));
#8185=UNCERTAINTY_MEASURE_WITH_UNIT(LENGTH_MEASURE(3.203873244438E-4),#8179,
'closure',
'Maximum model space distance between geometric entities at asserted connectivities');
#8186=(GEOMETRIC_REPRESENTATION_CONTEXT(3)GLOBAL_UNCERTAINTY_ASSIGNED_CONTEXT((
#8185))GLOBAL_UNIT_ASSIGNED_CONTEXT((#8179,#8183,#8184))REPRESENTATION_CONTEXT(
'ID7','3'));
#8187=CARTESIAN_POINT('',(0.E0,0.E0,0.E0));
#8188=DIRECTION('',(0.E0,0.E0,1.E0));
#8189=DIRECTION('',(1.E0,0.E0,0.E0));
#8192=DESIGN_CONTEXT('',#165,'design');
#8193=MECHANICAL_CONTEXT('',#165,'mechanical');
#8194=PRODUCT('LE1601_POSITIVE','LE1601_POSITIVE','NOT SPECIFIED',(#8193));
#8195=PRODUCT_DEFINITION_FORMATION_WITH_SPECIFIED_SOURCE('1','LAST_VERSION',
#8194,.MADE.);
#8201=CARTESIAN_POINT('',(-3.5E0,1.172E0,-7.595744669437E0));
#8202=DIRECTION('',(0.E0,0.E0,-1.E0));
#8203=DIRECTION('',(1.E0,0.E0,0.E0));
#8204=AXIS2_PLACEMENT_3D('',#8201,#8202,#8203);
#8205=ITEM_DEFINED_TRANSFORMATION('','',#8190,#8204);
#8206=(REPRESENTATION_RELATIONSHIP('','',#8191,#176)REPRESENTATION_RELATIONSHIP_WITH_TRANSFORMATION(#8205)SHAPE_REPRESENTATION_RELATIONSHIP());
#8207=CONTEXT_DEPENDENT_SHAPE_REPRESENTATION(#8206,#8200);
#8209=CARTESIAN_POINT('',(0.E0,0.E0,0.E0));
#8210=DIRECTION('',(0.E0,1.E0,0.E0));
#8211=DIRECTION('',(1.E0,0.E0,0.E0));
#8212=AXIS2_PLACEMENT_3D('',#8209,#8210,#8211);
#8214=CARTESIAN_POINT('',(0.E0,0.E0,0.E0));
#8215=DIRECTION('',(0.E0,1.E0,0.E0));
#8216=DIRECTION('',(-1.E0,0.E0,0.E0));
#8217=AXIS2_PLACEMENT_3D('',#8214,#8215,#8216);
#8219=DIRECTION('',(0.E0,1.E0,0.E0));
#8220=VECTOR('',#8219,7.8E-1);
#8221=CARTESIAN_POINT('',(4.75E0,0.E0,0.E0));
#8222=LINE('',#8221,#8220);
#8223=DIRECTION('',(0.E0,1.E0,0.E0));
#8224=VECTOR('',#8223,7.8E-1);
#8225=CARTESIAN_POINT('',(-4.75E0,0.E0,0.E0));
#8226=LINE('',#8225,#8224);
#8227=CARTESIAN_POINT('',(0.E0,7.8E-1,0.E0));
#8228=DIRECTION('',(0.E0,1.E0,0.E0));
#8229=DIRECTION('',(1.E0,0.E0,0.E0));
#8230=AXIS2_PLACEMENT_3D('',#8227,#8228,#8229);
#8232=CARTESIAN_POINT('',(0.E0,7.8E-1,0.E0));
#8233=DIRECTION('',(0.E0,1.E0,0.E0));
#8234=DIRECTION('',(-1.E0,0.E0,0.E0));
#8235=AXIS2_PLACEMENT_3D('',#8232,#8233,#8234);
#8237=CARTESIAN_POINT('',(4.75E0,0.E0,0.E0));
#8238=CARTESIAN_POINT('',(-4.75E0,0.E0,0.E0));
#8239=VERTEX_POINT('',#8237);
#8240=VERTEX_POINT('',#8238);
#8241=CARTESIAN_POINT('',(4.75E0,7.8E-1,0.E0));
#8242=CARTESIAN_POINT('',(-4.75E0,7.8E-1,0.E0));
#8243=VERTEX_POINT('',#8241);
#8244=VERTEX_POINT('',#8242);
#8245=CARTESIAN_POINT('',(0.E0,0.E0,0.E0));
#8246=DIRECTION('',(0.E0,1.E0,0.E0));
#8247=DIRECTION('',(1.E0,0.E0,0.E0));
#8248=AXIS2_PLACEMENT_3D('',#8245,#8246,#8247);
#8249=PLANE('',#8248);
#8251=ORIENTED_EDGE('',*,*,#8250,.T.);
#8253=ORIENTED_EDGE('',*,*,#8252,.T.);
#8254=EDGE_LOOP('',(#8251,#8253));
#8255=FACE_OUTER_BOUND('',#8254,.F.);
#8256=ADVANCED_FACE('',(#8255),#8249,.F.);
#8257=CARTESIAN_POINT('',(0.E0,0.E0,0.E0));
#8258=DIRECTION('',(0.E0,1.E0,0.E0));
#8259=DIRECTION('',(1.E0,0.E0,0.E0));
#8260=AXIS2_PLACEMENT_3D('',#8257,#8258,#8259);
#8261=CYLINDRICAL_SURFACE('',#8260,4.75E0);
#8262=ORIENTED_EDGE('',*,*,#8250,.F.);
#8264=ORIENTED_EDGE('',*,*,#8263,.T.);
#8266=ORIENTED_EDGE('',*,*,#8265,.T.);
#8268=ORIENTED_EDGE('',*,*,#8267,.F.);
#8269=EDGE_LOOP('',(#8262,#8264,#8266,#8268));
#8270=FACE_OUTER_BOUND('',#8269,.F.);
#8271=ADVANCED_FACE('',(#8270),#8261,.T.);
#8272=CARTESIAN_POINT('',(0.E0,0.E0,0.E0));
#8273=DIRECTION('',(0.E0,1.E0,0.E0));
#8274=DIRECTION('',(1.E0,0.E0,0.E0));
#8275=AXIS2_PLACEMENT_3D('',#8272,#8273,#8274);
#8276=CYLINDRICAL_SURFACE('',#8275,4.75E0);
#8277=ORIENTED_EDGE('',*,*,#8252,.F.);
#8278=ORIENTED_EDGE('',*,*,#8267,.T.);
#8280=ORIENTED_EDGE('',*,*,#8279,.T.);
#8281=ORIENTED_EDGE('',*,*,#8263,.F.);
#8282=EDGE_LOOP('',(#8277,#8278,#8280,#8281));
#8283=FACE_OUTER_BOUND('',#8282,.F.);
#8284=ADVANCED_FACE('',(#8283),#8276,.T.);
#8285=CARTESIAN_POINT('',(0.E0,7.8E-1,0.E0));
#8286=DIRECTION('',(0.E0,1.E0,0.E0));
#8287=DIRECTION('',(1.E0,0.E0,0.E0));
#8288=AXIS2_PLACEMENT_3D('',#8285,#8286,#8287);
#8289=PLANE('',#8288);
#8290=ORIENTED_EDGE('',*,*,#8265,.F.);
#8291=ORIENTED_EDGE('',*,*,#8279,.F.);
#8292=EDGE_LOOP('',(#8290,#8291));
#8293=FACE_OUTER_BOUND('',#8292,.F.);
#8294=ADVANCED_FACE('',(#8293),#8289,.T.);
#8295=CLOSED_SHELL('',(#8256,#8271,#8284,#8294));
#8296=MANIFOLD_SOLID_BREP('',#8295);
#8298=DIMENSIONAL_EXPONENTS(0.E0,0.E0,0.E0,0.E0,0.E0,0.E0,0.E0);
#8300=PLANE_ANGLE_MEASURE_WITH_UNIT(PLANE_ANGLE_MEASURE(1.745329251994E-2),
#8299);
#8301=(CONVERSION_BASED_UNIT('DEGREE',#8300)NAMED_UNIT(#8298)PLANE_ANGLE_UNIT(
));
#8303=UNCERTAINTY_MEASURE_WITH_UNIT(LENGTH_MEASURE(1.345711379226E-3),#8297,
'closure',
'Maximum model space distance between geometric entities at asserted connectivities');
#8304=(GEOMETRIC_REPRESENTATION_CONTEXT(3)GLOBAL_UNCERTAINTY_ASSIGNED_CONTEXT((
#8303))GLOBAL_UNIT_ASSIGNED_CONTEXT((#8297,#8301,#8302))REPRESENTATION_CONTEXT(
'ID8','3'));
#8305=CARTESIAN_POINT('',(0.E0,0.E0,0.E0));
#8306=DIRECTION('',(0.E0,0.E0,1.E0));
#8307=DIRECTION('',(1.E0,0.E0,0.E0));
#8310=MECHANICAL_CONTEXT('',#165,'mechanical');
#8311=PRODUCT('LE1601_ENCAPSULANT','LE1601_ENCAPSULANT','NOT SPECIFIED',
(#8310));
#8312=PRODUCT_DEFINITION_FORMATION_WITH_SPECIFIED_SOURCE('1','LAST_VERSION',
#8311,.MADE.);
#8318=CARTESIAN_POINT('',(0.E0,1.E0,0.E0));
#8319=DIRECTION('',(0.E0,0.E0,1.E0));
#8320=DIRECTION('',(1.E0,0.E0,0.E0));
#8321=AXIS2_PLACEMENT_3D('',#8318,#8319,#8320);
#8322=ITEM_DEFINED_TRANSFORMATION('','',#8308,#8321);
#8323=(REPRESENTATION_RELATIONSHIP('','',#8309,#176)REPRESENTATION_RELATIONSHIP_WITH_TRANSFORMATION(#8322)SHAPE_REPRESENTATION_RELATIONSHIP());
#8324=CONTEXT_DEPENDENT_SHAPE_REPRESENTATION(#8323,#8317);
#8326=DIMENSIONAL_EXPONENTS(0.E0,0.E0,0.E0,0.E0,0.E0,0.E0,0.E0);
#8328=PLANE_ANGLE_MEASURE_WITH_UNIT(PLANE_ANGLE_MEASURE(1.745329251994E-2),
#8327);
#8329=(CONVERSION_BASED_UNIT('DEGREE',#8328)NAMED_UNIT(#8326)PLANE_ANGLE_UNIT(
));
#8331=UNCERTAINTY_MEASURE_WITH_UNIT(LENGTH_MEASURE(2.248534579034E-3),#8325,
'closure',
'Maximum model space distance between geometric entities at asserted connectivities');
#8332=(GEOMETRIC_REPRESENTATION_CONTEXT(3)GLOBAL_UNCERTAINTY_ASSIGNED_CONTEXT((
#8331))GLOBAL_UNIT_ASSIGNED_CONTEXT((#8325,#8329,#8330))REPRESENTATION_CONTEXT(
'ID9','3'));
#8333=CARTESIAN_POINT('',(0.E0,0.E0,0.E0));
#8334=DIRECTION('',(0.E0,0.E0,1.E0));
#8335=DIRECTION('',(1.E0,0.E0,0.E0));
#8337=DESIGN_CONTEXT('',#165,'design');
#8338=MECHANICAL_CONTEXT('',#165,'mechanical');
#8339=PRODUCT('LE1601_ASM','LE1601_ASM','NOT SPECIFIED',(#8338));
#8340=PRODUCT_DEFINITION_FORMATION_WITH_SPECIFIED_SOURCE('','LAST_VERSION',
#8339,.MADE.);
#8342=PRODUCT_CATEGORY('part','');
#8343=PRODUCT_RELATED_PRODUCT_CATEGORY('assembly','',(#8339));
#8344=PRODUCT_CATEGORY_RELATIONSHIP('','',#8342,#8343);
#8345=PRODUCT_CATEGORY('part','');
#8346=PRODUCT_RELATED_PRODUCT_CATEGORY('detail','',(#169,#1967,#3547,#3742,
#3921,#7750,#8194,#8311));
#8347=PRODUCT_CATEGORY_RELATIONSHIP('','',#8345,#8346);
#8348=SECURITY_CLASSIFICATION_LEVEL('unclassified');
#8349=SECURITY_CLASSIFICATION('','',#8348);
#8350=CC_DESIGN_SECURITY_CLASSIFICATION(#8349,(#170,#1968,#3548,#3743,#3922,
#7751,#8195,#8312,#8340,#177,#1972,#3552,#3747,#3926,#7755,#8199,#8316));
#8351=APPROVAL_STATUS('approved');
#8352=APPROVAL(#8351,'');
#8353=CC_DESIGN_APPROVAL(#8352,(#8349,#170,#1968,#3548,#3743,#3922,#7751,#8195,
#8312,#8340,#171,#1969,#3549,#3744,#3923,#7752,#8196,#8313,#8341));
#8354=CALENDAR_DATE(112,10,7);
#8355=COORDINATED_UNIVERSAL_TIME_OFFSET(4,0,.BEHIND.);
#8356=LOCAL_TIME(12,20,1.2E1,#8355);
#8357=DATE_AND_TIME(#8354,#8356);
#8358=APPROVAL_DATE_TIME(#8357,#8352);
#8359=DATE_TIME_ROLE('creation_date');
#8360=CC_DESIGN_DATE_AND_TIME_ASSIGNMENT(#8357,#8359,(#171,#1969,#3549,#3744,
#3923,#7752,#8196,#8313,#8341));
#8361=DATE_TIME_ROLE('classification_date');
#8362=CC_DESIGN_DATE_AND_TIME_ASSIGNMENT(#8357,#8361,(#8349));
#8363=PERSON('UNSPECIFIED','UNSPECIFIED',$,$,$,$);
#8364=ORGANIZATION('UNSPECIFIED','UNSPECIFIED','UNSPECIFIED');
#8365=PERSON_AND_ORGANIZATION(#8363,#8364);
#8366=APPROVAL_ROLE('approver');
#8367=APPROVAL_PERSON_ORGANIZATION(#8365,#8352,#8366);
#8368=PERSON_AND_ORGANIZATION_ROLE('creator');
#8369=CC_DESIGN_PERSON_AND_ORGANIZATION_ASSIGNMENT(#8365,#8368,(#170,#1968,
#3548,#3743,#3922,#7751,#8195,#8312,#8340,#171,#1969,#3549,#3744,#3923,#7752,
#8196,#8313,#8341));
#8370=PERSON_AND_ORGANIZATION_ROLE('design_supplier');
#8371=CC_DESIGN_PERSON_AND_ORGANIZATION_ASSIGNMENT(#8365,#8370,(#170,#1968,
#3548,#3743,#3922,#7751,#8195,#8312,#8340));
#8372=PERSON_AND_ORGANIZATION_ROLE('classification_officer');
#8373=CC_DESIGN_PERSON_AND_ORGANIZATION_ASSIGNMENT(#8365,#8372,(#8349));
#8374=PERSON_AND_ORGANIZATION_ROLE('design_owner');
#8375=CC_DESIGN_PERSON_AND_ORGANIZATION_ASSIGNMENT(#8365,#8374,(#8339,#169,
#1967,#3547,#3742,#3921,#7750,#8194,#8311));
#71=EDGE_CURVE('',#52,#53,#5,.T.);
#73=EDGE_CURVE('',#53,#55,#9,.T.);
#75=EDGE_CURVE('',#55,#57,#13,.T.);
#77=EDGE_CURVE('',#57,#52,#17,.T.);
#88=EDGE_CURVE('',#52,#60,#21,.T.);
#90=EDGE_CURVE('',#60,#61,#37,.T.);
#92=EDGE_CURVE('',#53,#61,#33,.T.);
#103=EDGE_CURVE('',#57,#65,#25,.T.);
#105=EDGE_CURVE('',#65,#60,#41,.T.);
#117=EDGE_CURVE('',#55,#63,#29,.T.);
#119=EDGE_CURVE('',#63,#65,#45,.T.);
#132=EDGE_CURVE('',#61,#63,#49,.T.);
#152=(LENGTH_UNIT()NAMED_UNIT(*)SI_UNIT(.MILLI.,.METRE.));
#154=(NAMED_UNIT(*)PLANE_ANGLE_UNIT()SI_UNIT($,.RADIAN.));
#157=(NAMED_UNIT(*)SI_UNIT($,.STERADIAN.)SOLID_ANGLE_UNIT());
#163=AXIS2_PLACEMENT_3D('',#160,#161,#162);
#164=ADVANCED_BREP_SHAPE_REPRESENTATION('',(#163,#151),#159);
#171=PRODUCT_DEFINITION('design','',#170,#167);
#172=PRODUCT_DEFINITION_SHAPE('','SHAPE FOR LE1601_ROUTING.',#171);
#173=SHAPE_DEFINITION_REPRESENTATION(#172,#164);
#174=SHAPE_DEFINITION_REPRESENTATION(#175,#176);
#175=PRODUCT_DEFINITION_SHAPE('','SHAPE FOR LE1601_ASM.',#8341);
#176=SHAPE_REPRESENTATION('',(#182,#1977,#3557,#3752,#3931,#7760,#8204,#8321,
#8336),#8332);
#177=NEXT_ASSEMBLY_USAGE_OCCURRENCE('0','Next assembly relationship',
'LE1601_ROUTING',#8341,#171,$);
#178=PRODUCT_DEFINITION_SHAPE('Placement #0',
'Placement of LE1601_ROUTING with respect to LE1601_ASM',#177);
#191=CIRCLE('',#190,6.5E-1);
#196=CIRCLE('',#195,6.5E-1);
#209=CIRCLE('',#208,6.5E-1);
#214=CIRCLE('',#213,6.5E-1);
#228=EDGE_CURVE('',#217,#218,#191,.T.);
#230=EDGE_CURVE('',#218,#217,#196,.T.);
#241=EDGE_CURVE('',#217,#221,#200,.T.);
#243=EDGE_CURVE('',#221,#222,#209,.T.);
#245=EDGE_CURVE('',#218,#222,#204,.T.);
#257=EDGE_CURVE('',#222,#221,#214,.T.);
#284=CIRCLE('',#283,2.5E-1);
#289=CIRCLE('',#288,5.125E0);
#298=CIRCLE('',#297,2.5E-1);
#307=CIRCLE('',#306,5.E-1);
#316=CIRCLE('',#315,7.E-1);
#325=CIRCLE('',#324,7.E-1);
#334=CIRCLE('',#333,5.E-1);
#343=CIRCLE('',#342,5.E-1);
#352=CIRCLE('',#351,2.5E-1);
#361=CIRCLE('',#360,5.125E0);
#366=CIRCLE('',#365,2.5E-1);
#371=CIRCLE('',#370,4.625E0);
#380=CIRCLE('',#379,1.E-1);
#389=CIRCLE('',#388,4.625E0);
#446=CIRCLE('',#445,2.5E-1);
#451=CIRCLE('',#450,4.625E0);
#460=CIRCLE('',#459,1.E-1);
#469=CIRCLE('',#468,4.625E0);
#474=CIRCLE('',#473,2.5E-1);
#479=CIRCLE('',#478,5.125E0);
#488=CIRCLE('',#487,2.5E-1);
#497=CIRCLE('',#496,5.E-1);
#506=CIRCLE('',#505,5.E-1);
#515=CIRCLE('',#514,7.E-1);
#524=CIRCLE('',#523,7.E-1);
#533=CIRCLE('',#532,5.E-1);
#542=CIRCLE('',#541,2.5E-1);
#551=CIRCLE('',#550,5.125E0);
#693=EDGE_CURVE('',#615,#617,#334,.T.);
#695=EDGE_CURVE('',#615,#663,#279,.T.);
#697=EDGE_CURVE('',#663,#665,#506,.T.);
#699=EDGE_CURVE('',#617,#665,#441,.T.);
#709=EDGE_CURVE('',#594,#595,#284,.T.);
#711=EDGE_CURVE('',#595,#597,#289,.T.);
#713=EDGE_CURVE('',#597,#599,#293,.T.);
#715=EDGE_CURVE('',#599,#601,#298,.T.);
#717=EDGE_CURVE('',#601,#603,#302,.T.);
#719=EDGE_CURVE('',#603,#605,#307,.T.);
#721=EDGE_CURVE('',#605,#607,#311,.T.);
#723=EDGE_CURVE('',#607,#609,#316,.T.);
#725=EDGE_CURVE('',#609,#611,#320,.T.);
#727=EDGE_CURVE('',#611,#613,#325,.T.);
#729=EDGE_CURVE('',#613,#615,#329,.T.);
#732=EDGE_CURVE('',#617,#619,#338,.T.);
#734=EDGE_CURVE('',#619,#621,#343,.T.);
#736=EDGE_CURVE('',#621,#623,#347,.T.);
#738=EDGE_CURVE('',#623,#625,#352,.T.);
#740=EDGE_CURVE('',#625,#627,#356,.T.);
#742=EDGE_CURVE('',#627,#629,#361,.T.);
#744=EDGE_CURVE('',#629,#631,#366,.T.);
#746=EDGE_CURVE('',#631,#633,#371,.T.);
#748=EDGE_CURVE('',#633,#635,#375,.T.);
#750=EDGE_CURVE('',#635,#637,#380,.T.);
#752=EDGE_CURVE('',#637,#639,#384,.T.);
#754=EDGE_CURVE('',#639,#594,#389,.T.);
#765=EDGE_CURVE('',#594,#642,#393,.T.);
#767=EDGE_CURVE('',#642,#643,#446,.T.);
#769=EDGE_CURVE('',#595,#643,#591,.T.);
#780=EDGE_CURVE('',#639,#687,#397,.T.);
#782=EDGE_CURVE('',#687,#642,#451,.T.);
#794=EDGE_CURVE('',#637,#685,#401,.T.);
#796=EDGE_CURVE('',#685,#687,#455,.T.);
#808=EDGE_CURVE('',#635,#683,#405,.T.);
#810=EDGE_CURVE('',#683,#685,#460,.T.);
#822=EDGE_CURVE('',#633,#681,#409,.T.);
#824=EDGE_CURVE('',#681,#683,#464,.T.);
#836=EDGE_CURVE('',#631,#679,#413,.T.);
#838=EDGE_CURVE('',#679,#681,#469,.T.);
#850=EDGE_CURVE('',#629,#677,#417,.T.);
#852=EDGE_CURVE('',#677,#679,#474,.T.);
#864=EDGE_CURVE('',#627,#675,#421,.T.);
#866=EDGE_CURVE('',#675,#677,#479,.T.);
#878=EDGE_CURVE('',#625,#673,#425,.T.);
#880=EDGE_CURVE('',#673,#675,#483,.T.);
#892=EDGE_CURVE('',#623,#671,#429,.T.);
#894=EDGE_CURVE('',#671,#673,#488,.T.);
#906=EDGE_CURVE('',#621,#669,#433,.T.);
#908=EDGE_CURVE('',#669,#671,#492,.T.);
#920=EDGE_CURVE('',#619,#667,#437,.T.);
#922=EDGE_CURVE('',#667,#669,#497,.T.);
#935=EDGE_CURVE('',#665,#667,#501,.T.);
#960=EDGE_CURVE('',#661,#663,#510,.T.);
#962=EDGE_CURVE('',#659,#661,#515,.T.);
#964=EDGE_CURVE('',#657,#659,#519,.T.);
#966=EDGE_CURVE('',#655,#657,#524,.T.);
#968=EDGE_CURVE('',#653,#655,#528,.T.);
#970=EDGE_CURVE('',#651,#653,#533,.T.);
#972=EDGE_CURVE('',#649,#651,#537,.T.);
#974=EDGE_CURVE('',#647,#649,#542,.T.);
#976=EDGE_CURVE('',#645,#647,#546,.T.);
#978=EDGE_CURVE('',#643,#645,#551,.T.);
#989=EDGE_CURVE('',#613,#661,#555,.T.);
#1002=EDGE_CURVE('',#611,#659,#559,.T.);
#1015=EDGE_CURVE('',#609,#657,#563,.T.);
#1028=EDGE_CURVE('',#607,#655,#567,.T.);
#1041=EDGE_CURVE('',#605,#653,#571,.T.);
#1054=EDGE_CURVE('',#603,#651,#575,.T.);
#1067=EDGE_CURVE('',#601,#649,#579,.T.);
#1080=EDGE_CURVE('',#599,#647,#583,.T.);
#1093=EDGE_CURVE('',#597,#645,#587,.T.);
#1123=CIRCLE('',#1122,2.5E-1);
#1128=CIRCLE('',#1127,5.125E0);
#1137=CIRCLE('',#1136,2.5E-1);
#1146=CIRCLE('',#1145,5.E-1);
#1155=CIRCLE('',#1154,7.E-1);
#1164=CIRCLE('',#1163,7.E-1);
#1173=CIRCLE('',#1172,5.E-1);
#1182=CIRCLE('',#1181,5.E-1);
#1191=CIRCLE('',#1190,2.5E-1);
#1200=CIRCLE('',#1199,5.125E0);
#1205=CIRCLE('',#1204,2.5E-1);
#1210=CIRCLE('',#1209,4.625E0);
#1219=CIRCLE('',#1218,1.E-1);
#1228=CIRCLE('',#1227,4.625E0);
#1285=CIRCLE('',#1284,2.5E-1);
#1290=CIRCLE('',#1289,4.625E0);
#1299=CIRCLE('',#1298,1.E-1);
#1308=CIRCLE('',#1307,4.625E0);
#1313=CIRCLE('',#1312,2.5E-1);
#1318=CIRCLE('',#1317,5.125E0);
#1327=CIRCLE('',#1326,2.5E-1);
#1336=CIRCLE('',#1335,5.E-1);
#1345=CIRCLE('',#1344,5.E-1);
#1354=CIRCLE('',#1353,7.E-1);
#1363=CIRCLE('',#1362,7.E-1);
#1372=CIRCLE('',#1371,5.E-1);
#1381=CIRCLE('',#1380,2.5E-1);
#1390=CIRCLE('',#1389,5.125E0);
#1532=EDGE_CURVE('',#1454,#1456,#1173,.T.);
#1534=EDGE_CURVE('',#1454,#1502,#1118,.T.);
#1536=EDGE_CURVE('',#1502,#1504,#1345,.T.);
#1538=EDGE_CURVE('',#1456,#1504,#1280,.T.);
#1548=EDGE_CURVE('',#1433,#1434,#1123,.T.);
#1550=EDGE_CURVE('',#1434,#1436,#1128,.T.);
#1552=EDGE_CURVE('',#1436,#1438,#1132,.T.);
#1554=EDGE_CURVE('',#1438,#1440,#1137,.T.);
#1556=EDGE_CURVE('',#1440,#1442,#1141,.T.);
#1558=EDGE_CURVE('',#1442,#1444,#1146,.T.);
#1560=EDGE_CURVE('',#1444,#1446,#1150,.T.);
#1562=EDGE_CURVE('',#1446,#1448,#1155,.T.);
#1564=EDGE_CURVE('',#1448,#1450,#1159,.T.);
#1566=EDGE_CURVE('',#1450,#1452,#1164,.T.);
#1568=EDGE_CURVE('',#1452,#1454,#1168,.T.);
#1571=EDGE_CURVE('',#1456,#1458,#1177,.T.);
#1573=EDGE_CURVE('',#1458,#1460,#1182,.T.);
#1575=EDGE_CURVE('',#1460,#1462,#1186,.T.);
#1577=EDGE_CURVE('',#1462,#1464,#1191,.T.);
#1579=EDGE_CURVE('',#1464,#1466,#1195,.T.);
#1581=EDGE_CURVE('',#1466,#1468,#1200,.T.);
#1583=EDGE_CURVE('',#1468,#1470,#1205,.T.);
#1585=EDGE_CURVE('',#1470,#1472,#1210,.T.);
#1587=EDGE_CURVE('',#1472,#1474,#1214,.T.);
#1589=EDGE_CURVE('',#1474,#1476,#1219,.T.);
#1591=EDGE_CURVE('',#1476,#1478,#1223,.T.);
#1593=EDGE_CURVE('',#1478,#1433,#1228,.T.);
#1604=EDGE_CURVE('',#1433,#1481,#1232,.T.);
#1606=EDGE_CURVE('',#1481,#1482,#1285,.T.);
#1608=EDGE_CURVE('',#1434,#1482,#1430,.T.);
#1619=EDGE_CURVE('',#1478,#1526,#1236,.T.);
#1621=EDGE_CURVE('',#1526,#1481,#1290,.T.);
#1633=EDGE_CURVE('',#1476,#1524,#1240,.T.);
#1635=EDGE_CURVE('',#1524,#1526,#1294,.T.);
#1647=EDGE_CURVE('',#1474,#1522,#1244,.T.);
#1649=EDGE_CURVE('',#1522,#1524,#1299,.T.);
#1661=EDGE_CURVE('',#1472,#1520,#1248,.T.);
#1663=EDGE_CURVE('',#1520,#1522,#1303,.T.);
#1675=EDGE_CURVE('',#1470,#1518,#1252,.T.);
#1677=EDGE_CURVE('',#1518,#1520,#1308,.T.);
#1689=EDGE_CURVE('',#1468,#1516,#1256,.T.);
#1691=EDGE_CURVE('',#1516,#1518,#1313,.T.);
#1703=EDGE_CURVE('',#1466,#1514,#1260,.T.);
#1705=EDGE_CURVE('',#1514,#1516,#1318,.T.);
#1717=EDGE_CURVE('',#1464,#1512,#1264,.T.);
#1719=EDGE_CURVE('',#1512,#1514,#1322,.T.);
#1731=EDGE_CURVE('',#1462,#1510,#1268,.T.);
#1733=EDGE_CURVE('',#1510,#1512,#1327,.T.);
#1745=EDGE_CURVE('',#1460,#1508,#1272,.T.);
#1747=EDGE_CURVE('',#1508,#1510,#1331,.T.);
#1759=EDGE_CURVE('',#1458,#1506,#1276,.T.);
#1761=EDGE_CURVE('',#1506,#1508,#1336,.T.);
#1774=EDGE_CURVE('',#1504,#1506,#1340,.T.);
#1799=EDGE_CURVE('',#1500,#1502,#1349,.T.);
#1801=EDGE_CURVE('',#1498,#1500,#1354,.T.);
#1803=EDGE_CURVE('',#1496,#1498,#1358,.T.);
#1805=EDGE_CURVE('',#1494,#1496,#1363,.T.);
#1807=EDGE_CURVE('',#1492,#1494,#1367,.T.);
#1809=EDGE_CURVE('',#1490,#1492,#1372,.T.);
#1811=EDGE_CURVE('',#1488,#1490,#1376,.T.);
#1813=EDGE_CURVE('',#1486,#1488,#1381,.T.);
#1815=EDGE_CURVE('',#1484,#1486,#1385,.T.);
#1817=EDGE_CURVE('',#1482,#1484,#1390,.T.);
#1828=EDGE_CURVE('',#1452,#1500,#1394,.T.);
#1841=EDGE_CURVE('',#1450,#1498,#1398,.T.);
#1854=EDGE_CURVE('',#1448,#1496,#1402,.T.);
#1867=EDGE_CURVE('',#1446,#1494,#1406,.T.);
#1880=EDGE_CURVE('',#1444,#1492,#1410,.T.);
#1893=EDGE_CURVE('',#1442,#1490,#1414,.T.);
#1906=EDGE_CURVE('',#1440,#1488,#1418,.T.);
#1919=EDGE_CURVE('',#1438,#1486,#1422,.T.);
#1932=EDGE_CURVE('',#1436,#1484,#1426,.T.);
#1953=(LENGTH_UNIT()NAMED_UNIT(*)SI_UNIT(.MILLI.,.METRE.));
#1955=(NAMED_UNIT(*)PLANE_ANGLE_UNIT()SI_UNIT($,.RADIAN.));
#1958=(NAMED_UNIT(*)SI_UNIT($,.STERADIAN.)SOLID_ANGLE_UNIT());
#1964=AXIS2_PLACEMENT_3D('',#1961,#1962,#1963);
#1965=ADVANCED_BREP_SHAPE_REPRESENTATION('',(#1964,#274,#1113,#1952),#1960);
#1969=PRODUCT_DEFINITION('design','',#1968,#167);
#1970=PRODUCT_DEFINITION_SHAPE('','SHAPE FOR LE1601_TM.',#1969);
#1971=SHAPE_DEFINITION_REPRESENTATION(#1970,#1965);
#1972=NEXT_ASSEMBLY_USAGE_OCCURRENCE('1','Next assembly relationship',
'LE1601_TM',#8341,#1969,$);
#1973=PRODUCT_DEFINITION_SHAPE('Placement #1',
'Placement of LE1601_TM with respect to LE1601_ASM',#1972);
#2002=CIRCLE('',#2001,6.5E-1);
#2007=CIRCLE('',#2006,6.5E-1);
#2012=CIRCLE('',#2011,4.525E0);
#2017=CIRCLE('',#2016,4.525E0);
#2022=CIRCLE('',#2021,5.025E0);
#2027=CIRCLE('',#2026,4.725E0);
#2032=CIRCLE('',#2031,1.499999999999E-1);
#2041=CIRCLE('',#2040,5.E-1);
#2058=CIRCLE('',#2057,5.E-1);
#2067=CIRCLE('',#2066,5.E-1);
#2076=CIRCLE('',#2075,5.E-1);
#2085=CIRCLE('',#2084,5.E-1);
#2102=CIRCLE('',#2101,5.E-1);
#2111=CIRCLE('',#2110,5.E-1);
#2120=CIRCLE('',#2119,5.E-1);
#2125=CIRCLE('',#2124,5.025E0);
#2130=CIRCLE('',#2129,1.499999999999E-1);
#2135=CIRCLE('',#2134,4.725E0);
#2140=CIRCLE('',#2139,5.025E0);
#2145=CIRCLE('',#2144,1.499999999999E-1);
#2150=CIRCLE('',#2149,4.725E0);
#2155=CIRCLE('',#2154,5.025E0);
#2160=CIRCLE('',#2159,4.725E0);
#2165=CIRCLE('',#2164,1.499999999999E-1);
#2202=CIRCLE('',#2201,6.5E-1);
#2207=CIRCLE('',#2206,6.5E-1);
#2212=CIRCLE('',#2211,4.525E0);
#2217=CIRCLE('',#2216,4.525E0);
#2222=CIRCLE('',#2221,5.025E0);
#2227=CIRCLE('',#2226,1.499999999999E-1);
#2232=CIRCLE('',#2231,4.725E0);
#2241=CIRCLE('',#2240,5.E-1);
#2250=CIRCLE('',#2249,5.E-1);
#2259=CIRCLE('',#2258,5.E-1);
#2276=CIRCLE('',#2275,5.E-1);
#2285=CIRCLE('',#2284,5.E-1);
#2294=CIRCLE('',#2293,5.E-1);
#2303=CIRCLE('',#2302,5.E-1);
#2320=CIRCLE('',#2319,5.E-1);
#2325=CIRCLE('',#2324,5.025E0);
#2330=CIRCLE('',#2329,4.725E0);
#2335=CIRCLE('',#2334,1.499999999999E-1);
#2340=CIRCLE('',#2339,5.025E0);
#2345=CIRCLE('',#2344,4.725E0);
#2350=CIRCLE('',#2349,1.499999999999E-1);
#2355=CIRCLE('',#2354,5.025E0);
#2360=CIRCLE('',#2359,1.499999999999E-1);
#2365=CIRCLE('',#2364,4.725E0);
#2739=EDGE_CURVE('',#2560,#2561,#1985,.T.);
#2741=EDGE_CURVE('',#2561,#2563,#1989,.T.);
#2743=EDGE_CURVE('',#2563,#2565,#1993,.T.);
#2745=EDGE_CURVE('',#2565,#2560,#1997,.T.);
#2749=EDGE_CURVE('',#2576,#2577,#2002,.T.);
#2751=EDGE_CURVE('',#2577,#2576,#2007,.T.);
#2755=EDGE_CURVE('',#2580,#2581,#2012,.T.);
#2757=EDGE_CURVE('',#2581,#2580,#2017,.T.);
#2761=EDGE_CURVE('',#2584,#2585,#2022,.T.);
#2763=EDGE_CURVE('',#2589,#2584,#2397,.T.);
#2765=EDGE_CURVE('',#2589,#2587,#2027,.T.);
#2767=EDGE_CURVE('',#2585,#2587,#2032,.T.);
#2771=EDGE_CURVE('',#2592,#2593,#2036,.T.);
#2773=EDGE_CURVE('',#2609,#2592,#2041,.T.);
#2775=EDGE_CURVE('',#2607,#2609,#2045,.T.);
#2777=EDGE_CURVE('',#2605,#2607,#2049,.T.);
#2779=EDGE_CURVE('',#2603,#2605,#2053,.T.);
#2781=EDGE_CURVE('',#2601,#2603,#2058,.T.);
#2783=EDGE_CURVE('',#2599,#2601,#2062,.T.);
#2785=EDGE_CURVE('',#2597,#2599,#2067,.T.);
#2787=EDGE_CURVE('',#2595,#2597,#2071,.T.);
#2789=EDGE_CURVE('',#2593,#2595,#2076,.T.);
#2793=EDGE_CURVE('',#2612,#2613,#2080,.T.);
#2795=EDGE_CURVE('',#2629,#2612,#2085,.T.);
#2797=EDGE_CURVE('',#2627,#2629,#2089,.T.);
#2799=EDGE_CURVE('',#2625,#2627,#2093,.T.);
#2801=EDGE_CURVE('',#2623,#2625,#2097,.T.);
#2803=EDGE_CURVE('',#2621,#2623,#2102,.T.);
#2805=EDGE_CURVE('',#2619,#2621,#2106,.T.);
#2807=EDGE_CURVE('',#2617,#2619,#2111,.T.);
#2809=EDGE_CURVE('',#2615,#2617,#2115,.T.);
#2811=EDGE_CURVE('',#2613,#2615,#2120,.T.);
#2815=EDGE_CURVE('',#2632,#2633,#2125,.T.);
#2817=EDGE_CURVE('',#2636,#2632,#2130,.T.);
#2819=EDGE_CURVE('',#2636,#2637,#2135,.T.);
#2821=EDGE_CURVE('',#2633,#2637,#2493,.T.);
#2825=EDGE_CURVE('',#2640,#2641,#2140,.T.);
#2827=EDGE_CURVE('',#2644,#2640,#2145,.T.);
#2829=EDGE_CURVE('',#2644,#2645,#2150,.T.);
#2831=EDGE_CURVE('',#2641,#2645,#2517,.T.);
#2835=EDGE_CURVE('',#2648,#2649,#2155,.T.);
#2837=EDGE_CURVE('',#2653,#2648,#2549,.T.);
#2839=EDGE_CURVE('',#2653,#2651,#2160,.T.);
#2841=EDGE_CURVE('',#2649,#2651,#2165,.T.);
#2852=EDGE_CURVE('',#2560,#2568,#2169,.T.);
#2854=EDGE_CURVE('',#2568,#2569,#2185,.T.);
#2856=EDGE_CURVE('',#2561,#2569,#2181,.T.);
#2867=EDGE_CURVE('',#2565,#2573,#2173,.T.);
#2869=EDGE_CURVE('',#2573,#2568,#2189,.T.);
#2881=EDGE_CURVE('',#2563,#2571,#2177,.T.);
#2883=EDGE_CURVE('',#2571,#2573,#2193,.T.);
#2896=EDGE_CURVE('',#2569,#2571,#2197,.T.);
#2913=EDGE_CURVE('',#2656,#2657,#2202,.T.);
#2915=EDGE_CURVE('',#2657,#2656,#2207,.T.);
#2919=EDGE_CURVE('',#2660,#2661,#2212,.T.);
#2921=EDGE_CURVE('',#2661,#2660,#2217,.T.);
#2925=EDGE_CURVE('',#2664,#2665,#2222,.T.);
#2927=EDGE_CURVE('',#2665,#2667,#2227,.T.);
#2929=EDGE_CURVE('',#2669,#2667,#2232,.T.);
#2931=EDGE_CURVE('',#2664,#2669,#2401,.T.);
#2935=EDGE_CURVE('',#2672,#2673,#2236,.T.);
#2937=EDGE_CURVE('',#2673,#2675,#2241,.T.);
#2939=EDGE_CURVE('',#2675,#2677,#2245,.T.);
#2941=EDGE_CURVE('',#2677,#2679,#2250,.T.);
#2943=EDGE_CURVE('',#2679,#2681,#2254,.T.);
#2945=EDGE_CURVE('',#2681,#2683,#2259,.T.);
#2947=EDGE_CURVE('',#2683,#2685,#2263,.T.);
#2949=EDGE_CURVE('',#2685,#2687,#2267,.T.);
#2951=EDGE_CURVE('',#2687,#2689,#2271,.T.);
#2953=EDGE_CURVE('',#2689,#2672,#2276,.T.);
#2957=EDGE_CURVE('',#2692,#2693,#2280,.T.);
#2959=EDGE_CURVE('',#2693,#2695,#2285,.T.);
#2961=EDGE_CURVE('',#2695,#2697,#2289,.T.);
#2963=EDGE_CURVE('',#2697,#2699,#2294,.T.);
#2965=EDGE_CURVE('',#2699,#2701,#2298,.T.);
#2967=EDGE_CURVE('',#2701,#2703,#2303,.T.);
#2969=EDGE_CURVE('',#2703,#2705,#2307,.T.);
#2971=EDGE_CURVE('',#2705,#2707,#2311,.T.);
#2973=EDGE_CURVE('',#2707,#2709,#2315,.T.);
#2975=EDGE_CURVE('',#2709,#2692,#2320,.T.);
#2979=EDGE_CURVE('',#2712,#2713,#2325,.T.);
#2981=EDGE_CURVE('',#2717,#2713,#2497,.T.);
#2983=EDGE_CURVE('',#2716,#2717,#2330,.T.);
#2985=EDGE_CURVE('',#2716,#2712,#2335,.T.);
#2989=EDGE_CURVE('',#2720,#2721,#2340,.T.);
#2991=EDGE_CURVE('',#2725,#2721,#2521,.T.);
#2993=EDGE_CURVE('',#2724,#2725,#2345,.T.);
#2995=EDGE_CURVE('',#2724,#2720,#2350,.T.);
#2999=EDGE_CURVE('',#2728,#2729,#2355,.T.);
#3001=EDGE_CURVE('',#2729,#2731,#2360,.T.);
#3003=EDGE_CURVE('',#2733,#2731,#2365,.T.);
#3005=EDGE_CURVE('',#2728,#2733,#2553,.T.);
#3016=EDGE_CURVE('',#2657,#2577,#2373,.T.);
#3019=EDGE_CURVE('',#2656,#2576,#2369,.T.);
#3042=EDGE_CURVE('',#2661,#2581,#2381,.T.);
#3045=EDGE_CURVE('',#2660,#2580,#2377,.T.);
#3068=EDGE_CURVE('',#2665,#2585,#2389,.T.);
#3071=EDGE_CURVE('',#2664,#2584,#2385,.T.);
#3082=EDGE_CURVE('',#2667,#2587,#2393,.T.);
#3095=EDGE_CURVE('',#2669,#2589,#2405,.T.);
#3120=EDGE_CURVE('',#2673,#2593,#2413,.T.);
#3123=EDGE_CURVE('',#2672,#2592,#2409,.T.);
#3134=EDGE_CURVE('',#2675,#2595,#2417,.T.);
#3147=EDGE_CURVE('',#2677,#2597,#2421,.T.);
#3160=EDGE_CURVE('',#2679,#2599,#2425,.T.);
#3173=EDGE_CURVE('',#2681,#2601,#2429,.T.);
#3186=EDGE_CURVE('',#2683,#2603,#2433,.T.);
#3199=EDGE_CURVE('',#2685,#2605,#2437,.T.);
#3212=EDGE_CURVE('',#2687,#2607,#2441,.T.);
#3225=EDGE_CURVE('',#2689,#2609,#2445,.T.);
#3250=EDGE_CURVE('',#2693,#2613,#2453,.T.);
#3253=EDGE_CURVE('',#2692,#2612,#2449,.T.);
#3264=EDGE_CURVE('',#2695,#2615,#2457,.T.);
#3277=EDGE_CURVE('',#2697,#2617,#2461,.T.);
#3290=EDGE_CURVE('',#2699,#2619,#2465,.T.);
#3303=EDGE_CURVE('',#2701,#2621,#2469,.T.);
#3316=EDGE_CURVE('',#2703,#2623,#2473,.T.);
#3329=EDGE_CURVE('',#2705,#2625,#2477,.T.);
#3342=EDGE_CURVE('',#2707,#2627,#2481,.T.);
#3355=EDGE_CURVE('',#2709,#2629,#2485,.T.);
#3380=EDGE_CURVE('',#2713,#2633,#2501,.T.);
#3383=EDGE_CURVE('',#2712,#2632,#2489,.T.);
#3394=EDGE_CURVE('',#2717,#2637,#2505,.T.);
#3407=EDGE_CURVE('',#2716,#2636,#2509,.T.);
#3432=EDGE_CURVE('',#2721,#2641,#2525,.T.);
#3435=EDGE_CURVE('',#2720,#2640,#2513,.T.);
#3446=EDGE_CURVE('',#2725,#2645,#2529,.T.);
#3459=EDGE_CURVE('',#2724,#2644,#2533,.T.);
#3484=EDGE_CURVE('',#2729,#2649,#2541,.T.);
#3487=EDGE_CURVE('',#2728,#2648,#2537,.T.);
#3498=EDGE_CURVE('',#2731,#2651,#2545,.T.);
#3511=EDGE_CURVE('',#2733,#2653,#2557,.T.);
#3532=(LENGTH_UNIT()NAMED_UNIT(*)SI_UNIT(.MILLI.,.METRE.));
#3534=(NAMED_UNIT(*)PLANE_ANGLE_UNIT()SI_UNIT($,.RADIAN.));
#3537=(NAMED_UNIT(*)SI_UNIT($,.STERADIAN.)SOLID_ANGLE_UNIT());
#3543=AXIS2_PLACEMENT_3D('',#3540,#3541,#3542);
#3544=ADVANCED_BREP_SHAPE_REPRESENTATION('',(#3543,#3531),#3539);
#3549=PRODUCT_DEFINITION('design','',#3548,#3545);
#3550=PRODUCT_DEFINITION_SHAPE('','SHAPE FOR LE1601_SM.',#3549);
#3551=SHAPE_DEFINITION_REPRESENTATION(#3550,#3544);
#3552=NEXT_ASSEMBLY_USAGE_OCCURRENCE('2','Next assembly relationship',
'LE1601_SM',#8341,#3549,$);
#3553=PRODUCT_DEFINITION_SHAPE('Placement #2',
'Placement of LE1601_SM with respect to LE1601_ASM',#3552);
#3566=CIRCLE('',#3565,4.95E0);
#3571=CIRCLE('',#3570,4.95E0);
#3576=CIRCLE('',#3575,4.75E0);
#3581=CIRCLE('',#3580,3.15375E-1);
#3586=CIRCLE('',#3585,3.15375E-1);
#3591=CIRCLE('',#3590,4.75E0);
#3596=CIRCLE('',#3595,4.75E0);
#3601=CIRCLE('',#3600,4.75E0);
#3606=CIRCLE('',#3605,4.95E0);
#3611=CIRCLE('',#3610,3.15375E-1);
#3616=CIRCLE('',#3615,3.15375E-1);
#3621=CIRCLE('',#3620,4.95E0);
#3643=EDGE_CURVE('',#3629,#3637,#3566,.T.);
#3645=EDGE_CURVE('',#3629,#3637,#3571,.T.);
#3649=EDGE_CURVE('',#3624,#3632,#3576,.T.);
#3651=EDGE_CURVE('',#3624,#3632,#3591,.T.);
#3661=EDGE_CURVE('',#3624,#3625,#3581,.T.);
#3664=EDGE_CURVE('',#3632,#3633,#3586,.T.);
#3666=EDGE_CURVE('',#3625,#3633,#3601,.T.);
#3677=EDGE_CURVE('',#3625,#3633,#3596,.T.);
#3689=EDGE_CURVE('',#3628,#3636,#3606,.T.);
#3691=EDGE_CURVE('',#3628,#3636,#3621,.T.);
#3705=EDGE_CURVE('',#3628,#3629,#3611,.T.);
#3708=EDGE_CURVE('',#3636,#3637,#3616,.T.);
#3728=(LENGTH_UNIT()NAMED_UNIT(*)SI_UNIT(.MILLI.,.METRE.));
#3730=(NAMED_UNIT(*)PLANE_ANGLE_UNIT()SI_UNIT($,.RADIAN.));
#3733=(NAMED_UNIT(*)SI_UNIT($,.STERADIAN.)SOLID_ANGLE_UNIT());
#3739=AXIS2_PLACEMENT_3D('',#3736,#3737,#3738);
#3740=ADVANCED_BREP_SHAPE_REPRESENTATION('',(#3739,#3727),#3735);
#3744=PRODUCT_DEFINITION('design','',#3743,#3545);
#3745=PRODUCT_DEFINITION_SHAPE('','SHAPE FOR LE1601_DAM.',#3744);
#3746=SHAPE_DEFINITION_REPRESENTATION(#3745,#3740);
#3747=NEXT_ASSEMBLY_USAGE_OCCURRENCE('3','Next assembly relationship',
'LE1601_DAM',#8341,#3744,$);
#3748=PRODUCT_DEFINITION_SHAPE('Placement #3',
'Placement of LE1601_DAM with respect to LE1601_ASM',#3747);
#3825=EDGE_CURVE('',#3806,#3807,#3759,.T.);
#3827=EDGE_CURVE('',#3807,#3809,#3763,.T.);
#3829=EDGE_CURVE('',#3809,#3811,#3767,.T.);
#3831=EDGE_CURVE('',#3811,#3806,#3771,.T.);
#3842=EDGE_CURVE('',#3806,#3814,#3775,.T.);
#3844=EDGE_CURVE('',#3814,#3815,#3791,.T.);
#3846=EDGE_CURVE('',#3807,#3815,#3787,.T.);
#3857=EDGE_CURVE('',#3811,#3819,#3779,.T.);
#3859=EDGE_CURVE('',#3819,#3814,#3795,.T.);
#3871=EDGE_CURVE('',#3809,#3817,#3783,.T.);
#3873=EDGE_CURVE('',#3817,#3819,#3799,.T.);
#3886=EDGE_CURVE('',#3815,#3817,#3803,.T.);
#3906=(LENGTH_UNIT()NAMED_UNIT(*)SI_UNIT(.MILLI.,.METRE.));
#3908=(NAMED_UNIT(*)PLANE_ANGLE_UNIT()SI_UNIT($,.RADIAN.));
#3911=(NAMED_UNIT(*)SI_UNIT($,.STERADIAN.)SOLID_ANGLE_UNIT());
#3917=AXIS2_PLACEMENT_3D('',#3914,#3915,#3916);
#3918=ADVANCED_BREP_SHAPE_REPRESENTATION('',(#3917,#3905),#3913);
#3923=PRODUCT_DEFINITION('design','',#3922,#3919);
#3924=PRODUCT_DEFINITION_SHAPE('','SHAPE FOR LE1601_DIELECTRIC.',#3923);
#3925=SHAPE_DEFINITION_REPRESENTATION(#3924,#3918);
#3926=NEXT_ASSEMBLY_USAGE_OCCURRENCE('4','Next assembly relationship',
'LE1601_DIELECTRIC',#8341,#3923,$);
#3927=PRODUCT_DEFINITION_SHAPE('Placement #4',
'Placement of LE1601_DIELECTRIC with respect to LE1601_ASM',#3926);
#4005=EDGE_CURVE('',#3986,#3987,#3939,.T.);
#4007=EDGE_CURVE('',#3987,#3989,#3943,.T.);
#4009=EDGE_CURVE('',#3989,#3991,#3947,.T.);
#4011=EDGE_CURVE('',#3991,#3986,#3951,.T.);
#4022=EDGE_CURVE('',#3986,#3994,#3955,.T.);
#4024=EDGE_CURVE('',#3994,#3995,#3971,.T.);
#4026=EDGE_CURVE('',#3987,#3995,#3967,.T.);
#4037=EDGE_CURVE('',#3991,#3999,#3959,.T.);
#4039=EDGE_CURVE('',#3999,#3994,#3975,.T.);
#4051=EDGE_CURVE('',#3989,#3997,#3963,.T.);
#4053=EDGE_CURVE('',#3997,#3999,#3979,.T.);
#4066=EDGE_CURVE('',#3995,#3997,#3983,.T.);
#4156=EDGE_CURVE('',#4137,#4138,#4090,.T.);
#4158=EDGE_CURVE('',#4138,#4140,#4094,.T.);
#4160=EDGE_CURVE('',#4140,#4142,#4098,.T.);
#4162=EDGE_CURVE('',#4142,#4137,#4102,.T.);
#4173=EDGE_CURVE('',#4137,#4145,#4106,.T.);
#4175=EDGE_CURVE('',#4145,#4146,#4122,.T.);
#4177=EDGE_CURVE('',#4138,#4146,#4118,.T.);
#4188=EDGE_CURVE('',#4142,#4150,#4110,.T.);
#4190=EDGE_CURVE('',#4150,#4145,#4126,.T.);
#4202=EDGE_CURVE('',#4140,#4148,#4114,.T.);
#4204=EDGE_CURVE('',#4148,#4150,#4130,.T.);
#4217=EDGE_CURVE('',#4146,#4148,#4134,.T.);
#4291=EDGE_CURVE('',#4276,#4277,#4241,.T.);
#4293=EDGE_CURVE('',#4277,#4279,#4245,.T.);
#4295=EDGE_CURVE('',#4279,#4276,#4249,.T.);
#4306=EDGE_CURVE('',#4276,#4282,#4253,.T.);
#4308=EDGE_CURVE('',#4282,#4283,#4265,.T.);
#4310=EDGE_CURVE('',#4277,#4283,#4261,.T.);
#4321=EDGE_CURVE('',#4279,#4285,#4257,.T.);
#4323=EDGE_CURVE('',#4285,#4282,#4269,.T.);
#4336=EDGE_CURVE('',#4283,#4285,#4273,.T.);
#4409=EDGE_CURVE('',#4394,#4395,#4359,.T.);
#4411=EDGE_CURVE('',#4395,#4397,#4363,.T.);
#4413=EDGE_CURVE('',#4397,#4394,#4367,.T.);
#4424=EDGE_CURVE('',#4394,#4400,#4371,.T.);
#4426=EDGE_CURVE('',#4400,#4401,#4383,.T.);
#4428=EDGE_CURVE('',#4395,#4401,#4379,.T.);
#4439=EDGE_CURVE('',#4397,#4403,#4375,.T.);
#4441=EDGE_CURVE('',#4403,#4400,#4387,.T.);
#4454=EDGE_CURVE('',#4401,#4403,#4391,.T.);
#4575=EDGE_CURVE('',#4548,#4549,#4477,.T.);
#4577=EDGE_CURVE('',#4549,#4551,#4481,.T.);
#4579=EDGE_CURVE('',#4551,#4553,#4485,.T.);
#4581=EDGE_CURVE('',#4553,#4555,#4489,.T.);
#4583=EDGE_CURVE('',#4555,#4557,#4493,.T.);
#4585=EDGE_CURVE('',#4557,#4548,#4497,.T.);
#4596=EDGE_CURVE('',#4548,#4560,#4501,.T.);
#4598=EDGE_CURVE('',#4560,#4561,#4525,.T.);
#4600=EDGE_CURVE('',#4549,#4561,#4521,.T.);
#4611=EDGE_CURVE('',#4557,#4569,#4505,.T.);
#4613=EDGE_CURVE('',#4569,#4560,#4529,.T.);
#4625=EDGE_CURVE('',#4555,#4567,#4509,.T.);
#4627=EDGE_CURVE('',#4567,#4569,#4533,.T.);
#4639=EDGE_CURVE('',#4553,#4565,#4513,.T.);
#4641=EDGE_CURVE('',#4565,#4567,#4537,.T.);
#4653=EDGE_CURVE('',#4551,#4563,#4517,.T.);
#4655=EDGE_CURVE('',#4563,#4565,#4541,.T.);
#4668=EDGE_CURVE('',#4561,#4563,#4545,.T.);
#5336=EDGE_CURVE('',#5228,#5230,#4810,.T.);
#5338=EDGE_CURVE('',#5228,#5308,#4694,.T.);
#5340=EDGE_CURVE('',#5308,#5310,#4954,.T.);
#5342=EDGE_CURVE('',#5230,#5310,#4902,.T.);
#5352=EDGE_CURVE('',#5173,#5174,#4698,.T.);
#5354=EDGE_CURVE('',#5174,#5176,#4702,.T.);
#5356=EDGE_CURVE('',#5176,#5178,#4706,.T.);
#5358=EDGE_CURVE('',#5178,#5180,#4710,.T.);
#5360=EDGE_CURVE('',#5180,#5182,#4714,.T.);
#5362=EDGE_CURVE('',#5182,#5184,#4718,.T.);
#5364=EDGE_CURVE('',#5184,#5186,#4722,.T.);
#5366=EDGE_CURVE('',#5186,#5188,#4726,.T.);
#5368=EDGE_CURVE('',#5188,#5190,#4730,.T.);
#5370=EDGE_CURVE('',#5190,#5192,#4734,.T.);
#5372=EDGE_CURVE('',#5192,#5194,#4738,.T.);
#5374=EDGE_CURVE('',#5194,#5196,#4742,.T.);
#5376=EDGE_CURVE('',#5196,#5198,#4746,.T.);
#5378=EDGE_CURVE('',#5198,#5200,#4750,.T.);
#5380=EDGE_CURVE('',#5200,#5202,#4754,.T.);
#5382=EDGE_CURVE('',#5202,#5204,#4758,.T.);
#5384=EDGE_CURVE('',#5204,#5206,#4762,.T.);
#5386=EDGE_CURVE('',#5206,#5208,#4766,.T.);
#5388=EDGE_CURVE('',#5208,#5210,#4770,.T.);
#5390=EDGE_CURVE('',#5210,#5212,#4774,.T.);
#5392=EDGE_CURVE('',#5212,#5214,#4778,.T.);
#5394=EDGE_CURVE('',#5214,#5216,#4782,.T.);
#5396=EDGE_CURVE('',#5216,#5218,#4786,.T.);
#5398=EDGE_CURVE('',#5218,#5220,#4790,.T.);
#5400=EDGE_CURVE('',#5220,#5222,#4794,.T.);
#5402=EDGE_CURVE('',#5222,#5224,#4798,.T.);
#5404=EDGE_CURVE('',#5224,#5226,#4802,.T.);
#5406=EDGE_CURVE('',#5226,#5228,#4806,.T.);
#5409=EDGE_CURVE('',#5230,#5232,#4814,.T.);
#5411=EDGE_CURVE('',#5232,#5234,#4818,.T.);
#5413=EDGE_CURVE('',#5234,#5236,#4822,.T.);
#5415=EDGE_CURVE('',#5236,#5238,#4826,.T.);
#5417=EDGE_CURVE('',#5238,#5240,#4830,.T.);
#5419=EDGE_CURVE('',#5240,#5242,#4834,.T.);
#5421=EDGE_CURVE('',#5242,#5244,#4838,.T.);
#5423=EDGE_CURVE('',#5244,#5246,#4842,.T.);
#5425=EDGE_CURVE('',#5246,#5248,#4846,.T.);
#5427=EDGE_CURVE('',#5248,#5250,#4850,.T.);
#5429=EDGE_CURVE('',#5250,#5173,#4854,.T.);
#5440=EDGE_CURVE('',#5173,#5253,#4858,.T.);
#5442=EDGE_CURVE('',#5253,#5254,#4906,.T.);
#5444=EDGE_CURVE('',#5174,#5254,#5170,.T.);
#5455=EDGE_CURVE('',#5250,#5330,#4862,.T.);
#5457=EDGE_CURVE('',#5330,#5253,#4910,.T.);
#5469=EDGE_CURVE('',#5248,#5328,#4866,.T.);
#5471=EDGE_CURVE('',#5328,#5330,#4914,.T.);
#5483=EDGE_CURVE('',#5246,#5326,#4870,.T.);
#5485=EDGE_CURVE('',#5326,#5328,#4918,.T.);
#5497=EDGE_CURVE('',#5244,#5324,#4874,.T.);
#5499=EDGE_CURVE('',#5324,#5326,#4922,.T.);
#5511=EDGE_CURVE('',#5242,#5322,#4878,.T.);
#5513=EDGE_CURVE('',#5322,#5324,#4926,.T.);
#5525=EDGE_CURVE('',#5240,#5320,#4882,.T.);
#5527=EDGE_CURVE('',#5320,#5322,#4930,.T.);
#5539=EDGE_CURVE('',#5238,#5318,#4886,.T.);
#5541=EDGE_CURVE('',#5318,#5320,#4934,.T.);
#5553=EDGE_CURVE('',#5236,#5316,#4890,.T.);
#5555=EDGE_CURVE('',#5316,#5318,#4938,.T.);
#5567=EDGE_CURVE('',#5234,#5314,#4894,.T.);
#5569=EDGE_CURVE('',#5314,#5316,#4942,.T.);
#5581=EDGE_CURVE('',#5232,#5312,#4898,.T.);
#5583=EDGE_CURVE('',#5312,#5314,#4946,.T.);
#5596=EDGE_CURVE('',#5310,#5312,#4950,.T.);
#5620=EDGE_CURVE('',#5306,#5308,#4958,.T.);
#5622=EDGE_CURVE('',#5304,#5306,#4962,.T.);
#5624=EDGE_CURVE('',#5302,#5304,#4966,.T.);
#5626=EDGE_CURVE('',#5300,#5302,#4970,.T.);
#5628=EDGE_CURVE('',#5298,#5300,#4974,.T.);
#5630=EDGE_CURVE('',#5296,#5298,#4978,.T.);
#5632=EDGE_CURVE('',#5294,#5296,#4982,.T.);
#5634=EDGE_CURVE('',#5292,#5294,#4986,.T.);
#5636=EDGE_CURVE('',#5290,#5292,#4990,.T.);
#5638=EDGE_CURVE('',#5288,#5290,#4994,.T.);
#5640=EDGE_CURVE('',#5286,#5288,#4998,.T.);
#5642=EDGE_CURVE('',#5284,#5286,#5002,.T.);
#5644=EDGE_CURVE('',#5282,#5284,#5006,.T.);
#5646=EDGE_CURVE('',#5280,#5282,#5010,.T.);
#5648=EDGE_CURVE('',#5278,#5280,#5014,.T.);
#5650=EDGE_CURVE('',#5276,#5278,#5018,.T.);
#5652=EDGE_CURVE('',#5274,#5276,#5022,.T.);
#5654=EDGE_CURVE('',#5272,#5274,#5026,.T.);
#5656=EDGE_CURVE('',#5270,#5272,#5030,.T.);
#5658=EDGE_CURVE('',#5268,#5270,#5034,.T.);
#5660=EDGE_CURVE('',#5266,#5268,#5038,.T.);
#5662=EDGE_CURVE('',#5264,#5266,#5042,.T.);
#5664=EDGE_CURVE('',#5262,#5264,#5046,.T.);
#5666=EDGE_CURVE('',#5260,#5262,#5050,.T.);
#5668=EDGE_CURVE('',#5258,#5260,#5054,.T.);
#5670=EDGE_CURVE('',#5256,#5258,#5058,.T.);
#5672=EDGE_CURVE('',#5254,#5256,#5062,.T.);
#5683=EDGE_CURVE('',#5226,#5306,#5066,.T.);
#5696=EDGE_CURVE('',#5224,#5304,#5070,.T.);
#5709=EDGE_CURVE('',#5222,#5302,#5074,.T.);
#5722=EDGE_CURVE('',#5220,#5300,#5078,.T.);
#5735=EDGE_CURVE('',#5218,#5298,#5082,.T.);
#5748=EDGE_CURVE('',#5216,#5296,#5086,.T.);
#5761=EDGE_CURVE('',#5214,#5294,#5090,.T.);
#5774=EDGE_CURVE('',#5212,#5292,#5094,.T.);
#5787=EDGE_CURVE('',#5210,#5290,#5098,.T.);
#5800=EDGE_CURVE('',#5208,#5288,#5102,.T.);
#5813=EDGE_CURVE('',#5206,#5286,#5106,.T.);
#5826=EDGE_CURVE('',#5204,#5284,#5110,.T.);
#5839=EDGE_CURVE('',#5202,#5282,#5114,.T.);
#5852=EDGE_CURVE('',#5200,#5280,#5118,.T.);
#5865=EDGE_CURVE('',#5198,#5278,#5122,.T.);
#5878=EDGE_CURVE('',#5196,#5276,#5126,.T.);
#5891=EDGE_CURVE('',#5194,#5274,#5130,.T.);
#5904=EDGE_CURVE('',#5192,#5272,#5134,.T.);
#5917=EDGE_CURVE('',#5190,#5270,#5138,.T.);
#5930=EDGE_CURVE('',#5188,#5268,#5142,.T.);
#5943=EDGE_CURVE('',#5186,#5266,#5146,.T.);
#5956=EDGE_CURVE('',#5184,#5264,#5150,.T.);
#5969=EDGE_CURVE('',#5182,#5262,#5154,.T.);
#5982=EDGE_CURVE('',#5180,#5260,#5158,.T.);
#5995=EDGE_CURVE('',#5178,#5258,#5162,.T.);
#6008=EDGE_CURVE('',#5176,#5256,#5166,.T.);
#6451=EDGE_CURVE('',#6369,#6371,#6133,.T.);
#6453=EDGE_CURVE('',#6369,#6417,#6033,.T.);
#6455=EDGE_CURVE('',#6417,#6419,#6149,.T.);
#6457=EDGE_CURVE('',#6371,#6419,#6145,.T.);
#6467=EDGE_CURVE('',#6374,#6371,#6141,.T.);
#6469=EDGE_CURVE('',#6374,#6375,#6037,.T.);
#6471=EDGE_CURVE('',#6375,#6377,#6041,.T.);
#6473=EDGE_CURVE('',#6377,#6379,#6045,.T.);
#6475=EDGE_CURVE('',#6379,#6381,#6049,.T.);
#6477=EDGE_CURVE('',#6381,#6383,#6053,.T.);
#6479=EDGE_CURVE('',#6383,#6385,#6057,.T.);
#6481=EDGE_CURVE('',#6385,#6387,#6061,.T.);
#6483=EDGE_CURVE('',#6387,#6389,#6065,.T.);
#6485=EDGE_CURVE('',#6389,#6441,#6069,.T.);
#6487=EDGE_CURVE('',#6440,#6441,#6073,.T.);
#6489=EDGE_CURVE('',#6440,#6344,#6077,.T.);
#6491=EDGE_CURVE('',#6344,#6345,#6081,.T.);
#6493=EDGE_CURVE('',#6345,#6347,#6085,.T.);
#6495=EDGE_CURVE('',#6347,#6349,#6089,.T.);
#6497=EDGE_CURVE('',#6349,#6351,#6093,.T.);
#6499=EDGE_CURVE('',#6351,#6353,#6097,.T.);
#6501=EDGE_CURVE('',#6353,#6355,#6101,.T.);
#6503=EDGE_CURVE('',#6355,#6357,#6105,.T.);
#6505=EDGE_CURVE('',#6357,#6359,#6109,.T.);
#6507=EDGE_CURVE('',#6359,#6361,#6113,.T.);
#6509=EDGE_CURVE('',#6361,#6363,#6117,.T.);
#6511=EDGE_CURVE('',#6363,#6365,#6121,.T.);
#6513=EDGE_CURVE('',#6365,#6367,#6125,.T.);
#6515=EDGE_CURVE('',#6367,#6369,#6129,.T.);
#6526=EDGE_CURVE('',#6419,#6422,#6137,.T.);
#6528=EDGE_CURVE('',#6374,#6422,#6341,.T.);
#6542=EDGE_CURVE('',#6415,#6417,#6153,.T.);
#6544=EDGE_CURVE('',#6413,#6415,#6157,.T.);
#6546=EDGE_CURVE('',#6411,#6413,#6161,.T.);
#6548=EDGE_CURVE('',#6409,#6411,#6165,.T.);
#6550=EDGE_CURVE('',#6407,#6409,#6169,.T.);
#6552=EDGE_CURVE('',#6405,#6407,#6173,.T.);
#6554=EDGE_CURVE('',#6403,#6405,#6177,.T.);
#6556=EDGE_CURVE('',#6401,#6403,#6181,.T.);
#6558=EDGE_CURVE('',#6399,#6401,#6185,.T.);
#6560=EDGE_CURVE('',#6397,#6399,#6189,.T.);
#6562=EDGE_CURVE('',#6395,#6397,#6193,.T.);
#6564=EDGE_CURVE('',#6393,#6395,#6197,.T.);
#6566=EDGE_CURVE('',#6392,#6393,#6201,.T.);
#6568=EDGE_CURVE('',#6444,#6392,#6205,.T.);
#6570=EDGE_CURVE('',#6444,#6445,#6209,.T.);
#6572=EDGE_CURVE('',#6437,#6445,#6213,.T.);
#6574=EDGE_CURVE('',#6435,#6437,#6217,.T.);
#6576=EDGE_CURVE('',#6433,#6435,#6221,.T.);
#6578=EDGE_CURVE('',#6431,#6433,#6225,.T.);
#6580=EDGE_CURVE('',#6429,#6431,#6229,.T.);
#6582=EDGE_CURVE('',#6427,#6429,#6233,.T.);
#6584=EDGE_CURVE('',#6425,#6427,#6237,.T.);
#6586=EDGE_CURVE('',#6423,#6425,#6241,.T.);
#6588=EDGE_CURVE('',#6422,#6423,#6245,.T.);
#6599=EDGE_CURVE('',#6367,#6415,#6249,.T.);
#6612=EDGE_CURVE('',#6365,#6413,#6253,.T.);
#6625=EDGE_CURVE('',#6363,#6411,#6257,.T.);
#6638=EDGE_CURVE('',#6361,#6409,#6261,.T.);
#6651=EDGE_CURVE('',#6359,#6407,#6265,.T.);
#6664=EDGE_CURVE('',#6357,#6405,#6269,.T.);
#6677=EDGE_CURVE('',#6355,#6403,#6273,.T.);
#6690=EDGE_CURVE('',#6353,#6401,#6277,.T.);
#6703=EDGE_CURVE('',#6351,#6399,#6281,.T.);
#6716=EDGE_CURVE('',#6349,#6397,#6285,.T.);
#6729=EDGE_CURVE('',#6347,#6395,#6289,.T.);
#6742=EDGE_CURVE('',#6345,#6393,#6293,.T.);
#6755=EDGE_CURVE('',#6344,#6392,#6297,.T.);
#6767=EDGE_CURVE('',#6440,#6444,#6301,.T.);
#6781=EDGE_CURVE('',#6441,#6445,#6305,.T.);
#6795=EDGE_CURVE('',#6389,#6437,#6309,.T.);
#6807=EDGE_CURVE('',#6387,#6435,#6313,.T.);
#6820=EDGE_CURVE('',#6385,#6433,#6317,.T.);
#6833=EDGE_CURVE('',#6383,#6431,#6321,.T.);
#6846=EDGE_CURVE('',#6381,#6429,#6325,.T.);
#6859=EDGE_CURVE('',#6379,#6427,#6329,.T.);
#6872=EDGE_CURVE('',#6377,#6425,#6333,.T.);
#6885=EDGE_CURVE('',#6375,#6423,#6337,.T.);
#7104=EDGE_CURVE('',#7074,#7053,#6958,.T.);
#7106=EDGE_CURVE('',#7074,#7098,#6910,.T.);
#7108=EDGE_CURVE('',#7098,#7077,#6970,.T.);
#7110=EDGE_CURVE('',#7053,#7077,#6962,.T.);
#7120=EDGE_CURVE('',#7053,#7054,#6914,.T.);
#7122=EDGE_CURVE('',#7054,#7056,#6918,.T.);
#7124=EDGE_CURVE('',#7056,#7058,#6922,.T.);
#7126=EDGE_CURVE('',#7058,#7060,#6926,.T.);
#7128=EDGE_CURVE('',#7060,#7062,#6930,.T.);
#7130=EDGE_CURVE('',#7062,#7064,#6934,.T.);
#7132=EDGE_CURVE('',#7064,#7066,#6938,.T.);
#7134=EDGE_CURVE('',#7066,#7068,#6942,.T.);
#7136=EDGE_CURVE('',#7068,#7070,#6946,.T.);
#7138=EDGE_CURVE('',#7070,#7072,#6950,.T.);
#7140=EDGE_CURVE('',#7072,#7074,#6954,.T.);
#7153=EDGE_CURVE('',#7077,#7078,#6966,.T.);
#7155=EDGE_CURVE('',#7054,#7078,#7050,.T.);
#7167=EDGE_CURVE('',#7096,#7098,#6974,.T.);
#7169=EDGE_CURVE('',#7094,#7096,#6978,.T.);
#7171=EDGE_CURVE('',#7092,#7094,#6982,.T.);
#7173=EDGE_CURVE('',#7090,#7092,#6986,.T.);
#7175=EDGE_CURVE('',#7088,#7090,#6990,.T.);
#7177=EDGE_CURVE('',#7086,#7088,#6994,.T.);
#7179=EDGE_CURVE('',#7084,#7086,#6998,.T.);
#7181=EDGE_CURVE('',#7082,#7084,#7002,.T.);
#7183=EDGE_CURVE('',#7080,#7082,#7006,.T.);
#7185=EDGE_CURVE('',#7078,#7080,#7010,.T.);
#7196=EDGE_CURVE('',#7072,#7096,#7014,.T.);
#7209=EDGE_CURVE('',#7070,#7094,#7018,.T.);
#7222=EDGE_CURVE('',#7068,#7092,#7022,.T.);
#7235=EDGE_CURVE('',#7066,#7090,#7026,.T.);
#7248=EDGE_CURVE('',#7064,#7088,#7030,.T.);
#7261=EDGE_CURVE('',#7062,#7086,#7034,.T.);
#7274=EDGE_CURVE('',#7060,#7084,#7038,.T.);
#7287=EDGE_CURVE('',#7058,#7082,#7042,.T.);
#7300=EDGE_CURVE('',#7056,#7080,#7046,.T.);
#7519=EDGE_CURVE('',#7489,#7468,#7373,.T.);
#7521=EDGE_CURVE('',#7489,#7513,#7325,.T.);
#7523=EDGE_CURVE('',#7513,#7492,#7385,.T.);
#7525=EDGE_CURVE('',#7468,#7492,#7377,.T.);
#7535=EDGE_CURVE('',#7468,#7469,#7329,.T.);
#7537=EDGE_CURVE('',#7469,#7471,#7333,.T.);
#7539=EDGE_CURVE('',#7471,#7473,#7337,.T.);
#7541=EDGE_CURVE('',#7473,#7475,#7341,.T.);
#7543=EDGE_CURVE('',#7475,#7477,#7345,.T.);
#7545=EDGE_CURVE('',#7477,#7479,#7349,.T.);
#7547=EDGE_CURVE('',#7479,#7481,#7353,.T.);
#7549=EDGE_CURVE('',#7481,#7483,#7357,.T.);
#7551=EDGE_CURVE('',#7483,#7485,#7361,.T.);
#7553=EDGE_CURVE('',#7485,#7487,#7365,.T.);
#7555=EDGE_CURVE('',#7487,#7489,#7369,.T.);
#7568=EDGE_CURVE('',#7492,#7493,#7381,.T.);
#7570=EDGE_CURVE('',#7469,#7493,#7465,.T.);
#7582=EDGE_CURVE('',#7511,#7513,#7389,.T.);
#7584=EDGE_CURVE('',#7509,#7511,#7393,.T.);
#7586=EDGE_CURVE('',#7507,#7509,#7397,.T.);
#7588=EDGE_CURVE('',#7505,#7507,#7401,.T.);
#7590=EDGE_CURVE('',#7503,#7505,#7405,.T.);
#7592=EDGE_CURVE('',#7501,#7503,#7409,.T.);
#7594=EDGE_CURVE('',#7499,#7501,#7413,.T.);
#7596=EDGE_CURVE('',#7497,#7499,#7417,.T.);
#7598=EDGE_CURVE('',#7495,#7497,#7421,.T.);
#7600=EDGE_CURVE('',#7493,#7495,#7425,.T.);
#7611=EDGE_CURVE('',#7487,#7511,#7429,.T.);
#7624=EDGE_CURVE('',#7485,#7509,#7433,.T.);
#7637=EDGE_CURVE('',#7483,#7507,#7437,.T.);
#7650=EDGE_CURVE('',#7481,#7505,#7441,.T.);
#7663=EDGE_CURVE('',#7479,#7503,#7445,.T.);
#7676=EDGE_CURVE('',#7477,#7501,#7449,.T.);
#7689=EDGE_CURVE('',#7475,#7499,#7453,.T.);
#7702=EDGE_CURVE('',#7473,#7497,#7457,.T.);
#7715=EDGE_CURVE('',#7471,#7495,#7461,.T.);
#7736=(LENGTH_UNIT()NAMED_UNIT(*)SI_UNIT(.MILLI.,.METRE.));
#7738=(NAMED_UNIT(*)PLANE_ANGLE_UNIT()SI_UNIT($,.RADIAN.));
#7741=(NAMED_UNIT(*)SI_UNIT($,.STERADIAN.)SOLID_ANGLE_UNIT());
#7747=AXIS2_PLACEMENT_3D('',#7744,#7745,#7746);
#7748=ADVANCED_BREP_SHAPE_REPRESENTATION('',(#7747,#4085,#4236,#4354,#4472,
#4689,#6028,#6905,#7320,#7735),#7743);
#7752=PRODUCT_DEFINITION('design','',#7751,#3919);
#7753=PRODUCT_DEFINITION_SHAPE('','SHAPE FOR CREE_LOGO.',#7752);
#7754=SHAPE_DEFINITION_REPRESENTATION(#7753,#7748);
#7755=NEXT_ASSEMBLY_USAGE_OCCURRENCE('5','Next assembly relationship',
'CREE_LOGO',#8341,#7752,$);
#7756=PRODUCT_DEFINITION_SHAPE('Placement #5',
'Placement of CREE_LOGO with respect to LE1601_ASM',#7755);
#7962=EDGE_CURVE('',#7911,#7912,#7768,.T.);
#7964=EDGE_CURVE('',#7912,#7914,#7772,.T.);
#7966=EDGE_CURVE('',#7914,#7916,#7776,.T.);
#7968=EDGE_CURVE('',#7916,#7918,#7780,.T.);
#7970=EDGE_CURVE('',#7918,#7920,#7784,.T.);
#7972=EDGE_CURVE('',#7920,#7922,#7788,.T.);
#7974=EDGE_CURVE('',#7922,#7924,#7792,.T.);
#7976=EDGE_CURVE('',#7924,#7926,#7796,.T.);
#7978=EDGE_CURVE('',#7926,#7928,#7800,.T.);
#7980=EDGE_CURVE('',#7928,#7930,#7804,.T.);
#7982=EDGE_CURVE('',#7930,#7932,#7808,.T.);
#7984=EDGE_CURVE('',#7932,#7911,#7812,.T.);
#7995=EDGE_CURVE('',#7911,#7935,#7816,.T.);
#7997=EDGE_CURVE('',#7935,#7936,#7864,.T.);
#7999=EDGE_CURVE('',#7912,#7936,#7860,.T.);
#8010=EDGE_CURVE('',#7932,#7956,#7820,.T.);
#8012=EDGE_CURVE('',#7956,#7935,#7868,.T.);
#8024=EDGE_CURVE('',#7930,#7954,#7824,.T.);
#8026=EDGE_CURVE('',#7954,#7956,#7872,.T.);
#8038=EDGE_CURVE('',#7928,#7952,#7828,.T.);
#8040=EDGE_CURVE('',#7952,#7954,#7876,.T.);
#8052=EDGE_CURVE('',#7926,#7950,#7832,.T.);
#8054=EDGE_CURVE('',#7950,#7952,#7880,.T.);
#8066=EDGE_CURVE('',#7924,#7948,#7836,.T.);
#8068=EDGE_CURVE('',#7948,#7950,#7884,.T.);
#8080=EDGE_CURVE('',#7922,#7946,#7840,.T.);
#8082=EDGE_CURVE('',#7946,#7948,#7888,.T.);
#8094=EDGE_CURVE('',#7920,#7944,#7844,.T.);
#8096=EDGE_CURVE('',#7944,#7946,#7892,.T.);
#8108=EDGE_CURVE('',#7918,#7942,#7848,.T.);
#8110=EDGE_CURVE('',#7942,#7944,#7896,.T.);
#8122=EDGE_CURVE('',#7916,#7940,#7852,.T.);
#8124=EDGE_CURVE('',#7940,#7942,#7900,.T.);
#8136=EDGE_CURVE('',#7914,#7938,#7856,.T.);
#8138=EDGE_CURVE('',#7938,#7940,#7904,.T.);
#8151=EDGE_CURVE('',#7936,#7938,#7908,.T.);
#8179=(LENGTH_UNIT()NAMED_UNIT(*)SI_UNIT(.MILLI.,.METRE.));
#8181=(NAMED_UNIT(*)PLANE_ANGLE_UNIT()SI_UNIT($,.RADIAN.));
#8184=(NAMED_UNIT(*)SI_UNIT($,.STERADIAN.)SOLID_ANGLE_UNIT());
#8190=AXIS2_PLACEMENT_3D('',#8187,#8188,#8189);
#8191=ADVANCED_BREP_SHAPE_REPRESENTATION('',(#8190,#8178),#8186);
#8196=PRODUCT_DEFINITION('design','',#8195,#8192);
#8197=PRODUCT_DEFINITION_SHAPE('','SHAPE FOR LE1601_POSITIVE.',#8196);
#8198=SHAPE_DEFINITION_REPRESENTATION(#8197,#8191);
#8199=NEXT_ASSEMBLY_USAGE_OCCURRENCE('6','Next assembly relationship',
'LE1601_POSITIVE',#8341,#8196,$);
#8200=PRODUCT_DEFINITION_SHAPE('Placement #6',
'Placement of LE1601_POSITIVE with respect to LE1601_ASM',#8199);
#8213=CIRCLE('',#8212,4.75E0);
#8218=CIRCLE('',#8217,4.75E0);
#8231=CIRCLE('',#8230,4.75E0);
#8236=CIRCLE('',#8235,4.75E0);
#8250=EDGE_CURVE('',#8239,#8240,#8213,.T.);
#8252=EDGE_CURVE('',#8240,#8239,#8218,.T.);
#8263=EDGE_CURVE('',#8239,#8243,#8222,.T.);
#8265=EDGE_CURVE('',#8243,#8244,#8231,.T.);
#8267=EDGE_CURVE('',#8240,#8244,#8226,.T.);
#8279=EDGE_CURVE('',#8244,#8243,#8236,.T.);
#8297=(LENGTH_UNIT()NAMED_UNIT(*)SI_UNIT(.MILLI.,.METRE.));
#8299=(NAMED_UNIT(*)PLANE_ANGLE_UNIT()SI_UNIT($,.RADIAN.));
#8302=(NAMED_UNIT(*)SI_UNIT($,.STERADIAN.)SOLID_ANGLE_UNIT());
#8308=AXIS2_PLACEMENT_3D('',#8305,#8306,#8307);
#8309=ADVANCED_BREP_SHAPE_REPRESENTATION('',(#8308,#8296),#8304);
#8313=PRODUCT_DEFINITION('design','',#8312,#8192);
#8314=PRODUCT_DEFINITION_SHAPE('','SHAPE FOR LE1601_ENCAPSULANT.',#8313);
#8315=SHAPE_DEFINITION_REPRESENTATION(#8314,#8309);
#8316=NEXT_ASSEMBLY_USAGE_OCCURRENCE('7','Next assembly relationship',
'LE1601_ENCAPSULANT',#8341,#8313,$);
#8317=PRODUCT_DEFINITION_SHAPE('Placement #7',
'Placement of LE1601_ENCAPSULANT with respect to LE1601_ASM',#8316);
#8325=(LENGTH_UNIT()NAMED_UNIT(*)SI_UNIT(.MILLI.,.METRE.));
#8327=(NAMED_UNIT(*)PLANE_ANGLE_UNIT()SI_UNIT($,.RADIAN.));
#8330=(NAMED_UNIT(*)SI_UNIT($,.STERADIAN.)SOLID_ANGLE_UNIT());
#8336=AXIS2_PLACEMENT_3D('',#8333,#8334,#8335);
#8341=PRODUCT_DEFINITION('design','',#8340,#8337);
ENDSEC;
END-ISO-10303-21;
