ISO-10303-21;
HEADER;
FILE_DESCRIPTION (( 'STEP AP214' ),
    '1' );
FILE_NAME ('CXM-32-AC40_DF_121918.STEP',
    '2018-12-19T17:27:19',
    ( '' ),
    ( '' ),
    'SwSTEP 2.0',
    'SolidWorks 2017',
    '' );
FILE_SCHEMA (( 'AUTOMOTIVE_DESIGN' ));
ENDSEC;

DATA;
#1 = VECTOR ( 'NONE', #918, 1000.000000000000000 ) ;
#2 = VERTEX_POINT ( 'NONE', #2626 ) ;
#3 = CARTESIAN_POINT ( 'NONE',  ( -8.599024758810749300, 0.8650000000000003200, 18.03834697636674300 ) ) ;
#4 = SURFACE_STYLE_FILL_AREA ( #5081 ) ;
#5 = FILL_AREA_STYLE ('',( #6097 ) ) ;
#6 = EDGE_CURVE ( 'NONE', #5710, #2692, #3572, .T. ) ;
#7 = LINE ( 'NONE', #4067, #433 ) ;
#8 = ORIENTED_EDGE ( 'NONE', *, *, #3524, .F. ) ;
#9 =( GEOMETRIC_REPRESENTATION_CONTEXT ( 3 ) GLOBAL_UNCERTAINTY_ASSIGNED_CONTEXT ( ( #1422 ) ) GLOBAL_UNIT_ASSIGNED_CONTEXT ( ( #729, #286, #798 ) ) REPRESENTATION_CONTEXT ( 'NONE', 'WORKASPACE' ) );
#10 = VERTEX_POINT ( 'NONE', #3698 ) ;
#11 = LINE ( 'NONE', #4409, #5107 ) ;
#12 = SURFACE_SIDE_STYLE ('',( #1697 ) ) ;
#13 = ORIENTED_EDGE ( 'NONE', *, *, #4999, .T. ) ;
#14 = LINE ( 'NONE', #3679, #1336 ) ;
#15 = B_SPLINE_CURVE_WITH_KNOTS ( 'NONE', 3,
 ( #2927, #3509, #5746, #3406 ),
 .UNSPECIFIED., .F., .F.,
 ( 4, 4 ),
 ( 0.0000000000000000000, 1.000000000000000000 ),
 .UNSPECIFIED. ) ;
#16 = FILL_AREA_STYLE ('',( #4402 ) ) ;
#17 = ORIENTED_EDGE ( 'NONE', *, *, #5707, .F. ) ;
#18 = ORIENTED_EDGE ( 'NONE', *, *, #957, .F. ) ;
#19 = AXIS2_PLACEMENT_3D ( 'NONE', #5553, #6587, #4370 ) ;
#20 = CARTESIAN_POINT ( 'NONE',  ( -3.321176891941437500, 0.8653000000000004000, 17.57571561188368000 ) ) ;
#21 = CARTESIAN_POINT ( 'NONE',  ( -17.14444444444444900, 0.8650000000000003200, -13.79123931623931700 ) ) ;
#22 = FILL_AREA_STYLE ('',( #6594 ) ) ;
#23 = UNCERTAINTY_MEASURE_WITH_UNIT (LENGTH_MEASURE( 1.000000000000000100E-005 ), #5298, 'distance_accuracy_value', 'NONE');
#24 = COLOUR_RGB ( '',0.0000000000000000000, 0.0000000000000000000, 1.000000000000000000 ) ;
#25 = ORIENTED_EDGE ( 'NONE', *, *, #5189, .T. ) ;
#26 = FILL_AREA_STYLE ('',( #625 ) ) ;
#27 = SURFACE_STYLE_FILL_AREA ( #5667 ) ;
#28 = PRESENTATION_LAYER_ASSIGNMENT (  '', '', ( #7091 ) ) ;
#29 = CARTESIAN_POINT ( 'NONE',  ( -12.20072210546603800, 0.8653000000000004000, 17.87908057078369900 ) ) ;
#30 = CARTESIAN_POINT ( 'NONE',  ( -4.317946421336984000, 0.8650000000000003200, 18.19032716632673500 ) ) ;
#31 =( NAMED_UNIT ( * ) SI_UNIT ( $, .STERADIAN. ) SOLID_ANGLE_UNIT ( ) );
#32 =( NAMED_UNIT ( * ) PLANE_ANGLE_UNIT ( ) SI_UNIT ( $, .RADIAN. ) );
#33 = PRESENTATION_STYLE_ASSIGNMENT (( #4981 ) ) ;
#34 = VECTOR ( 'NONE', #3425, 1000.000000000000000 ) ;
#35 =( NAMED_UNIT ( * ) SI_UNIT ( $, .STERADIAN. ) SOLID_ANGLE_UNIT ( ) );
#36 = LINE ( 'NONE', #6110, #5845 ) ;
#37 = SURFACE_STYLE_USAGE ( .BOTH. , #4546 ) ;
#38 = EDGE_CURVE ( 'NONE', #2362, #6148, #6588, .T. ) ;
#39 = PRESENTATION_LAYER_ASSIGNMENT (  '', '', ( #4640 ) ) ;
#40 = FACE_OUTER_BOUND ( 'NONE', #5538, .T. ) ;
#41 = ORIENTED_EDGE ( 'NONE', *, *, #499, .F. ) ;
#42 = CARTESIAN_POINT ( 'NONE',  ( -4.440561772358937500, 0.8650000000000003200, 17.95608755419133500 ) ) ;
#43 = VECTOR ( 'NONE', #3471, 1000.000000000000000 ) ;
#44 = CARTESIAN_POINT ( 'NONE',  ( -3.845161075207352000, 0.8653000000000004000, 18.19891092970823700 ) ) ;
#45 = CARTESIAN_POINT ( 'NONE',  ( -7.565312561836970300, 0.8653000000000004000, 17.57000169561520400 ) ) ;
#46 = EDGE_CURVE ( 'NONE', #5557, #6174, #1973, .T. ) ;
#47 = MECHANICAL_DESIGN_GEOMETRIC_PRESENTATION_REPRESENTATION (  '', ( #5350 ), #425 ) ;
#48 = SURFACE_STYLE_USAGE ( .BOTH. , #3351 ) ;
#49 =( NAMED_UNIT ( * ) PLANE_ANGLE_UNIT ( ) SI_UNIT ( $, .RADIAN. ) );
#50 = DIRECTION ( 'NONE',  ( -1.000000000000000000, 0.0000000000000000000, 0.0000000000000000000 ) ) ;
#51 = SURFACE_STYLE_FILL_AREA ( #3577 ) ;
#52 = SURFACE_STYLE_USAGE ( .BOTH. , #4023 ) ;
#53 = LINE ( 'NONE', #2041, #4304 ) ;
#54 = EDGE_CURVE ( 'NONE', #5385, #5565, #311, .T. ) ;
#55 =( NAMED_UNIT ( * ) SI_UNIT ( $, .STERADIAN. ) SOLID_ANGLE_UNIT ( ) );
#56 = UNCERTAINTY_MEASURE_WITH_UNIT (LENGTH_MEASURE( 1.000000000000000100E-005 ), #5688, 'distance_accuracy_value', 'NONE');
#57 = SURFACE_SIDE_STYLE ('',( #5141 ) ) ;
#58 = STYLED_ITEM ( 'NONE', ( #6770 ), #5371 ) ;
#59 = LINE ( 'NONE', #5942, #6531 ) ;
#60 = CARTESIAN_POINT ( 'NONE',  ( -3.261890097925141100, 0.8653000000000004000, 17.95608755419133500 ) ) ;
#61 =( NAMED_UNIT ( * ) PLANE_ANGLE_UNIT ( ) SI_UNIT ( $, .RADIAN. ) );
#62 = ORIENTED_EDGE ( 'NONE', *, *, #4068, .F. ) ;
#63 = CARTESIAN_POINT ( 'NONE',  ( -3.533706688394836300, 0.8650000000000003200, 17.95608755419133500 ) ) ;
#64 = DIRECTION ( 'NONE',  ( -9.130123557772669600E-017, -1.000000000000000000, 0.0000000000000000000 ) ) ;
#65 = UNCERTAINTY_MEASURE_WITH_UNIT (LENGTH_MEASURE( 1.000000000000000100E-005 ), #2017, 'distance_accuracy_value', 'NONE');
#66 = AXIS2_PLACEMENT_3D ( 'NONE', #5630, #4665, #6217 ) ;
#67 = FILL_AREA_STYLE_COLOUR ( '', #2628 ) ;
#68 = PRESENTATION_LAYER_ASSIGNMENT (  '', '', ( #4393 ) ) ;
#69 = VERTEX_POINT ( 'NONE', #2152 ) ;
#70 =( NAMED_UNIT ( * ) PLANE_ANGLE_UNIT ( ) SI_UNIT ( $, .RADIAN. ) );
#71 = FILL_AREA_STYLE ('',( #6113 ) ) ;
#72 = CARTESIAN_POINT ( 'NONE',  ( -7.670296811569977900, 0.8653000000000004000, 18.19891092970823700 ) ) ;
#73 = PRESENTATION_STYLE_ASSIGNMENT (( #6165 ) ) ;
#74 = EDGE_LOOP ( 'NONE', ( #6482, #2679, #3987, #3310 ) ) ;
#75 = FILL_AREA_STYLE ('',( #5700 ) ) ;
#76 = CARTESIAN_POINT ( 'NONE',  ( -12.22652025571572300, 0.8653000000000004000, 18.13617373217540800 ) ) ;
#77 = AXIS2_PLACEMENT_3D ( 'NONE', #6283, #1363, #5226 ) ;
#78 = VECTOR ( 'NONE', #1004, 1000.000000000000000 ) ;
#79 = CARTESIAN_POINT ( 'NONE',  ( -7.858984287663347800, 0.8650000000000003200, 17.57000169561520400 ) ) ;
#80 = FILL_AREA_STYLE ('',( #1746 ) ) ;
#81 = ORIENTED_EDGE ( 'NONE', *, *, #3094, .T. ) ;
#82 = DIRECTION ( 'NONE',  ( 1.000000000000000000, 0.0000000000000000000, 0.0000000000000000000 ) ) ;
#83 = CARTESIAN_POINT ( 'NONE',  ( -5.040810504759547500, 0.8650000000000003200, 17.57000169561520400 ) ) ;
#84 = CARTESIAN_POINT ( 'NONE',  ( -4.247439589176138100, 0.8653000000000004000, 17.95608755419133500 ) ) ;
#85 = FACE_OUTER_BOUND ( 'NONE', #5869, .T. ) ;
#86 = EDGE_LOOP ( 'NONE', ( #338, #1909, #5106, #3647 ) ) ;
#87 = ORIENTED_EDGE ( 'NONE', *, *, #3238, .T. ) ;
#88 = EDGE_CURVE ( 'NONE', #6477, #4860, #1623, .T. ) ;
#89 = ORIENTED_EDGE ( 'NONE', *, *, #7064, .T. ) ;
#90 = ORIENTED_EDGE ( 'NONE', *, *, #4657, .T. ) ;
#91 = ORIENTED_EDGE ( 'NONE', *, *, #4486, .T. ) ;
#92 = FACE_OUTER_BOUND ( 'NONE', #2737, .T. ) ;
#93 = SURFACE_SIDE_STYLE ('',( #3924 ) ) ;
#94 =( NAMED_UNIT ( * ) SI_UNIT ( $, .STERADIAN. ) SOLID_ANGLE_UNIT ( ) );
#95 = ORIENTED_EDGE ( 'NONE', *, *, #4272, .F. ) ;
#96 = VERTEX_POINT ( 'NONE', #6516 ) ;
#97 = EDGE_CURVE ( 'NONE', #2765, #5095, #4805, .T. ) ;
#98 = CARTESIAN_POINT ( 'NONE',  ( -9.971997813562577300, 0.8653000000000004000, 17.77774013301958800 ) ) ;
#99 = LINE ( 'NONE', #4658, #6412 ) ;
#100 = FILL_AREA_STYLE_COLOUR ( '', #4578 ) ;
#101 = LINE ( 'NONE', #1309, #6737 ) ;
#102 = ORIENTED_EDGE ( 'NONE', *, *, #5445, .F. ) ;
#103 = SURFACE_SIDE_STYLE ('',( #1178 ) ) ;
#104 = ORIENTED_EDGE ( 'NONE', *, *, #1471, .T. ) ;
#105 = DIRECTION ( 'NONE',  ( 0.0000000000000000000, 0.0000000000000000000, -1.000000000000000000 ) ) ;
#106 = PRESENTATION_STYLE_ASSIGNMENT (( #6893 ) ) ;
#107 = DIRECTION ( 'NONE',  ( -0.0000000000000000000, -1.000000000000000000, -0.0000000000000000000 ) ) ;
#108 = UNCERTAINTY_MEASURE_WITH_UNIT (LENGTH_MEASURE( 1.000000000000000100E-005 ), #5775, 'distance_accuracy_value', 'NONE');
#109 = B_SPLINE_CURVE_WITH_KNOTS ( 'NONE', 3,
 ( #4708, #4161, #4211, #2575 ),
 .UNSPECIFIED., .F., .F.,
 ( 4, 4 ),
 ( 0.0000000000000000000, 1.000000000000000000 ),
 .UNSPECIFIED. ) ;
#110 = DIRECTION ( 'NONE',  ( -1.000000000000000000, 0.0000000000000000000, 0.0000000000000000000 ) ) ;
#111 = LINE ( 'NONE', #4605, #2712 ) ;
#112 =( GEOMETRIC_REPRESENTATION_CONTEXT ( 3 ) GLOBAL_UNCERTAINTY_ASSIGNED_CONTEXT ( ( #5029 ) ) GLOBAL_UNIT_ASSIGNED_CONTEXT ( ( #6363, #6894, #31 ) ) REPRESENTATION_CONTEXT ( 'NONE', 'WORKASPACE' ) );
#113 = SURFACE_STYLE_USAGE ( .BOTH. , #2311 ) ;
#114 = PRESENTATION_LAYER_ASSIGNMENT (  '', '', ( #6177 ) ) ;
#115 = DIRECTION ( 'NONE',  ( -0.0000000000000000000, -1.000000000000000000, -0.0000000000000000000 ) ) ;
#116 = VECTOR ( 'NONE', #1723, 1000.000000000000000 ) ;
#117 = SURFACE_SIDE_STYLE ('',( #659 ) ) ;
#118 = CARTESIAN_POINT ( 'NONE',  ( -3.285981471631799000, 0.8653000000000004000, 17.73318271590345700 ) ) ;
#119 =( LENGTH_UNIT ( ) NAMED_UNIT ( * ) SI_UNIT ( .MILLI., .METRE. ) );
#120 = CARTESIAN_POINT ( 'NONE',  ( -11.29027920413558300, 0.8650000000000003200, 18.45133746945663600 ) ) ;
#121 = PRESENTATION_LAYER_ASSIGNMENT (  '', '', ( #2002 ) ) ;
#122 = ORIENTED_EDGE ( 'NONE', *, *, #1720, .T. ) ;
#123 = VERTEX_POINT ( 'NONE', #2673 ) ;
#124 = CARTESIAN_POINT ( 'NONE',  ( -12.18056257477258500, 0.8650000000000003200, 17.89797427332903700 ) ) ;
#125 =( NAMED_UNIT ( * ) SI_UNIT ( $, .STERADIAN. ) SOLID_ANGLE_UNIT ( ) );
#126 = SURFACE_STYLE_USAGE ( .BOTH. , #607 ) ;
#127 = FILL_AREA_STYLE ('',( #2394 ) ) ;
#128 = PLANE ( 'NONE',  #3142 ) ;
#129 = LINE ( 'NONE', #250, #7114 ) ;
#130 = CARTESIAN_POINT ( 'NONE',  ( -4.050786439046620800, 0.8650000000000003200, 17.70431948479133400 ) ) ;
#131 =( NAMED_UNIT ( * ) SI_UNIT ( $, .STERADIAN. ) SOLID_ANGLE_UNIT ( ) );
#132 = VECTOR ( 'NONE', #6611, 1000.000000000000000 ) ;
#133 = EDGE_CURVE ( 'NONE', #5566, #6491, #6094, .T. ) ;
#134 = CARTESIAN_POINT ( 'NONE',  ( -3.412933807636223400, 0.8650000000000003200, 17.96435640083765500 ) ) ;
#135 =( GEOMETRIC_REPRESENTATION_CONTEXT ( 3 ) GLOBAL_UNCERTAINTY_ASSIGNED_CONTEXT ( ( #6634 ) ) GLOBAL_UNIT_ASSIGNED_CONTEXT ( ( #5903, #2667, #3742 ) ) REPRESENTATION_CONTEXT ( 'NONE', 'WORKASPACE' ) );
#136 = CARTESIAN_POINT ( 'NONE',  ( -14.60000000000000100, 0.8350000000000000800, -17.40000000000000200 ) ) ;
#137 = SURFACE_SIDE_STYLE ('',( #2569 ) ) ;
#138 = SURFACE_STYLE_FILL_AREA ( #71 ) ;
#139 =( NAMED_UNIT ( * ) SI_UNIT ( $, .STERADIAN. ) SOLID_ANGLE_UNIT ( ) );
#140 = FACE_OUTER_BOUND ( 'NONE', #4484, .T. ) ;
#141 = VECTOR ( 'NONE', #5002, 1000.000000000000000 ) ;
#142 = EDGE_CURVE ( 'NONE', #5083, #6556, #389, .T. ) ;
#143 = DIRECTION ( 'NONE',  ( 0.0000000000000000000, 0.0000000000000000000, 1.000000000000000000 ) ) ;
#144 = STYLED_ITEM ( 'NONE', ( #277 ), #4243 ) ;
#145 = CARTESIAN_POINT ( 'NONE',  ( -3.412933807636223400, 0.8653000000000004000, 17.96435640083765500 ) ) ;
#146 = ADVANCED_FACE ( 'NONE', ( #2810 ), #2337, .F. ) ;
#147 = ORIENTED_EDGE ( 'NONE', *, *, #3888, .F. ) ;
#148 = CARTESIAN_POINT ( 'NONE',  ( 14.60000000000000100, 0.8350000000000000800, 17.40000000000000600 ) ) ;
#149 = UNCERTAINTY_MEASURE_WITH_UNIT (LENGTH_MEASURE( 1.000000000000000100E-005 ), #867, 'distance_accuracy_value', 'NONE');
#150 = PRESENTATION_STYLE_ASSIGNMENT (( #1898 ) ) ;
#151 = CARTESIAN_POINT ( 'NONE',  ( -10.83205225423109600, 0.8653000000000004000, 17.30830367580641400 ) ) ;
#152 = VECTOR ( 'NONE', #1239, 1000.000000000000000 ) ;
#153 = SURFACE_STYLE_USAGE ( .BOTH. , #1872 ) ;
#154 = CARTESIAN_POINT ( 'NONE',  ( -8.067130061986265600, 0.8653000000000004000, 17.57000169561520400 ) ) ;
#156 = MECHANICAL_DESIGN_GEOMETRIC_PRESENTATION_REPRESENTATION (  '', ( #1899 ), #3951 ) ;
#155 = CARTESIAN_POINT ( 'NONE',  ( -10.40100737467328800, 0.8653000000000004000, 18.34262767591853600 ) ) ;
#157 = CARTESIAN_POINT ( 'NONE',  ( 0.0000000000000000000, 0.8653000000000004000, 0.0000000000000000000 ) ) ;
#158 = ORIENTED_EDGE ( 'NONE', *, *, #6689, .T. ) ;
#159 =( GEOMETRIC_REPRESENTATION_CONTEXT ( 3 ) GLOBAL_UNCERTAINTY_ASSIGNED_CONTEXT ( ( #1462 ) ) GLOBAL_UNIT_ASSIGNED_CONTEXT ( ( #7059, #1605, #2652 ) ) REPRESENTATION_CONTEXT ( 'NONE', 'WORKASPACE' ) );
#160 = B_SPLINE_CURVE_WITH_KNOTS ( 'NONE', 3,
 ( #2123, #2090, #6022, #405 ),
 .UNSPECIFIED., .F., .F.,
 ( 4, 4 ),
 ( 0.0000000000000000000, 1.000000000000000000 ),
 .UNSPECIFIED. ) ;
#161 = SURFACE_STYLE_USAGE ( .BOTH. , #2351 ) ;
#162 = FACE_OUTER_BOUND ( 'NONE', #6508, .T. ) ;
#163 =( NAMED_UNIT ( * ) PLANE_ANGLE_UNIT ( ) SI_UNIT ( $, .RADIAN. ) );
#164 = ORIENTED_EDGE ( 'NONE', *, *, #6606, .F. ) ;
#165 = MECHANICAL_DESIGN_GEOMETRIC_PRESENTATION_REPRESENTATION (  '', ( #4579 ), #314 ) ;
#166 = PLANE ( 'NONE',  #3205 ) ;
#167 = ORIENTED_EDGE ( 'NONE', *, *, #3420, .F. ) ;
#168 = DIRECTION ( 'NONE',  ( 1.000000000000000000, 0.0000000000000000000, -0.0000000000000000000 ) ) ;
#169 = FACE_OUTER_BOUND ( 'NONE', #6696, .T. ) ;
#170 = ORIENTED_EDGE ( 'NONE', *, *, #4321, .F. ) ;
#171 = PRODUCT_DEFINITION ( 'UNKNOWN', '', #1014, #2475 ) ;
#172 = EDGE_CURVE ( 'NONE', #2647, #4751, #5833, .T. ) ;
#173 = LINE ( 'NONE', #3946, #1846 ) ;
#174 = DIRECTION ( 'NONE',  ( -1.000000000000000000, 0.0000000000000000000, -0.0000000000000000000 ) ) ;
#175 = SURFACE_STYLE_USAGE ( .BOTH. , #205 ) ;
#176 =( GEOMETRIC_REPRESENTATION_CONTEXT ( 3 ) GLOBAL_UNCERTAINTY_ASSIGNED_CONTEXT ( ( #2298 ) ) GLOBAL_UNIT_ASSIGNED_CONTEXT ( ( #624, #555, #1115 ) ) REPRESENTATION_CONTEXT ( 'NONE', 'WORKASPACE' ) );
#177 = DIRECTION ( 'NONE',  ( 0.0000000000000000000, -1.000000000000000000, 0.0000000000000000000 ) ) ;
#178 = CARTESIAN_POINT ( 'NONE',  ( -5.040810504759547500, 0.8653000000000004000, 17.57000169561520400 ) ) ;
#179 = VERTEX_POINT ( 'NONE', #2227 ) ;
#180 = DIRECTION ( 'NONE',  ( 0.0000000000000000000, 0.0000000000000000000, 1.000000000000000000 ) ) ;
#181 = ORIENTED_EDGE ( 'NONE', *, *, #1118, .F. ) ;
#182 = EDGE_LOOP ( 'NONE', ( #6403, #2419, #6399, #2944 ) ) ;
#183 = SURFACE_SIDE_STYLE ('',( #5114 ) ) ;
#184 = LINE ( 'NONE', #2460, #696 ) ;
#185 = EDGE_CURVE ( 'NONE', #2457, #1657, #2140, .T. ) ;
#186 = LINE ( 'NONE', #4685, #2537 ) ;
#187 = FILL_AREA_STYLE_COLOUR ( '', #6319 ) ;
#188 = ORIENTED_EDGE ( 'NONE', *, *, #6295, .T. ) ;
#189 = MECHANICAL_DESIGN_GEOMETRIC_PRESENTATION_REPRESENTATION (  '', ( #466 ), #4653 ) ;
#190 = VERTEX_POINT ( 'NONE', #2453 ) ;
#191 = SURFACE_STYLE_FILL_AREA ( #6559 ) ;
#192 = SURFACE_SIDE_STYLE ('',( #5323 ) ) ;
#193 = CARTESIAN_POINT ( 'NONE',  ( -12.18346340461477300, 0.8653000000000004000, 17.86572192957769200 ) ) ;
#194 = FILL_AREA_STYLE ('',( #4095 ) ) ;
#195 = COLOUR_RGB ( '',0.0000000000000000000, 0.0000000000000000000, 1.000000000000000000 ) ;
#196 = COLOUR_RGB ( '',0.0000000000000000000, 0.0000000000000000000, 1.000000000000000000 ) ;
#197 = DIRECTION ( 'NONE',  ( 0.0000000000000000000, 0.0000000000000000000, 1.000000000000000000 ) ) ;
#198 = ORIENTED_EDGE ( 'NONE', *, *, #5304, .T. ) ;
#199 = EDGE_CURVE ( 'NONE', #742, #742, #2302, .T. ) ;
#200 = CARTESIAN_POINT ( 'NONE',  ( -8.108318048052650400, 0.8650000000000003200, 18.18092874601748900 ) ) ;
#201 =( GEOMETRIC_REPRESENTATION_CONTEXT ( 3 ) GLOBAL_UNCERTAINTY_ASSIGNED_CONTEXT ( ( #2216 ) ) GLOBAL_UNIT_ASSIGNED_CONTEXT ( ( #844, #3515, #5724 ) ) REPRESENTATION_CONTEXT ( 'NONE', 'WORKASPACE' ) );
#202 =( NAMED_UNIT ( * ) PLANE_ANGLE_UNIT ( ) SI_UNIT ( $, .RADIAN. ) );
#203 = UNCERTAINTY_MEASURE_WITH_UNIT (LENGTH_MEASURE( 1.000000000000000100E-005 ), #6648, 'distance_accuracy_value', 'NONE');
#204 = DIRECTION ( 'NONE',  ( -0.0000000000000000000, 0.0000000000000000000, 1.000000000000000000 ) ) ;
#205 = SURFACE_SIDE_STYLE ('',( #1488 ) ) ;
#206 = CARTESIAN_POINT ( 'NONE',  ( -12.20072210546603800, 0.8653000000000004000, 17.87551710783972700 ) ) ;
#207 = SURFACE_STYLE_USAGE ( .BOTH. , #3004 ) ;
#208 = CARTESIAN_POINT ( 'NONE',  ( -5.549230962821756200, 0.8650000000000003200, 18.19891092970823700 ) ) ;
#209 = B_SPLINE_CURVE_WITH_KNOTS ( 'NONE', 3,
 ( #6920, #4216, #4732, #2535 ),
 .UNSPECIFIED., .F., .F.,
 ( 4, 4 ),
 ( 0.0000000000000000000, 1.000000000000000000 ),
 .UNSPECIFIED. ) ;
#210 = FACE_OUTER_BOUND ( 'NONE', #361, .T. ) ;
#211 = ORIENTED_EDGE ( 'NONE', *, *, #1507, .T. ) ;
#212 = PRESENTATION_LAYER_ASSIGNMENT (  '', '', ( #5915 ) ) ;
#213 = SURFACE_SIDE_STYLE ('',( #7150 ) ) ;
#214 = PRESENTATION_STYLE_ASSIGNMENT (( #4720 ) ) ;
#215 = CARTESIAN_POINT ( 'NONE',  ( -14.40000000000000200, 0.8650000000000003200, -16.19999999999999900 ) ) ;
#216 = COLOUR_RGB ( '',0.0000000000000000000, 0.0000000000000000000, 1.000000000000000000 ) ;
#217 = ORIENTED_EDGE ( 'NONE', *, *, #2787, .F. ) ;
#218 = VECTOR ( 'NONE', #3977, 1000.000000000000000 ) ;
#219 = DIRECTION ( 'NONE',  ( -1.000000000000000000, 0.0000000000000000000, 0.0000000000000000000 ) ) ;
#220 = CARTESIAN_POINT ( 'NONE',  ( -11.26524202843952200, 0.8650000000000003200, 17.30830367580641400 ) ) ;
#221 =( GEOMETRIC_REPRESENTATION_CONTEXT ( 3 ) GLOBAL_UNCERTAINTY_ASSIGNED_CONTEXT ( ( #3244 ) ) GLOBAL_UNIT_ASSIGNED_CONTEXT ( ( #5648, #1742, #5624 ) ) REPRESENTATION_CONTEXT ( 'NONE', 'WORKASPACE' ) );
#222 = EDGE_CURVE ( 'NONE', #6622, #5968, #3664, .T. ) ;
#223 = STYLED_ITEM ( 'NONE', ( #3927 ), #2120 ) ;
#224 = CARTESIAN_POINT ( 'NONE',  ( 19.00000000000000400, 0.6999999999999999600, -18.99999999999999600 ) ) ;
#225 = ORIENTED_EDGE ( 'NONE', *, *, #6979, .F. ) ;
#226 = DIRECTION ( 'NONE',  ( -0.0000000000000000000, -1.000000000000000000, -0.0000000000000000000 ) ) ;
#227 = B_SPLINE_SURFACE_WITH_KNOTS ( 'NONE', 3, 1, ( 
 ( #4974, #571 ),
 ( #5505, #3815 ),
 ( #4931, #6044 ),
 ( #4405, #5609 ) ),
 .UNSPECIFIED., .F., .F., .F.,
 ( 4, 4 ),
 ( 2, 2 ),
 ( 0.0000000000000000000, 1.000000000000000000 ),
 ( 0.0000000000000000000, 1.000000000000000000 ),
 .UNSPECIFIED. ) ;
#228 = SURFACE_STYLE_USAGE ( .BOTH. , #5814 ) ;
#229 = CARTESIAN_POINT ( 'NONE',  ( -3.805246575660643100, 0.8650000000000003200, 17.80630687864909900 ) ) ;
#230 = CARTESIAN_POINT ( 'NONE',  ( -10.61446690945732000, 0.8653000000000004000, 18.42454691138690800 ) ) ;
#231 = CARTESIAN_POINT ( 'NONE',  ( -17.14444444444444900, -9.134999999999999800, -13.27564102564102600 ) ) ;
#232 = VECTOR ( 'NONE', #4322, 1000.000000000000000 ) ;
#233 = EDGE_CURVE ( 'NONE', #727, #931, #4928, .T. ) ;
#234 = CARTESIAN_POINT ( 'NONE',  ( -5.245327677881258300, 0.8653000000000004000, 17.57000169561520400 ) ) ;
#235 =( GEOMETRIC_REPRESENTATION_CONTEXT ( 3 ) GLOBAL_UNCERTAINTY_ASSIGNED_CONTEXT ( ( #756 ) ) GLOBAL_UNIT_ASSIGNED_CONTEXT ( ( #3865, #1037, #4957 ) ) REPRESENTATION_CONTEXT ( 'NONE', 'WORKASPACE' ) );
#236 = FILL_AREA_STYLE ('',( #6804 ) ) ;
#237 = VECTOR ( 'NONE', #1443, 1000.000000000000000 ) ;
#238 = ORIENTED_EDGE ( 'NONE', *, *, #3940, .T. ) ;
#239 = DIRECTION ( 'NONE',  ( -0.0000000000000000000, -1.000000000000000000, -0.0000000000000000000 ) ) ;
#240 = B_SPLINE_SURFACE_WITH_KNOTS ( 'NONE', 2, 1, ( 
 ( #5282, #885 ),
 ( #5785, #836 ),
 ( #6324, #5262 ) ),
 .UNSPECIFIED., .F., .F., .F.,
 ( 3, 3 ),
 ( 2, 2 ),
 ( 0.0000000000000000000, 1.000000000000000000 ),
 ( 0.0000000000000000000, 1.000000000000000000 ),
 .UNSPECIFIED. ) ;
#241 = ORIENTED_EDGE ( 'NONE', *, *, #669, .F. ) ;
#242 = EDGE_CURVE ( 'NONE', #5095, #2508, #6292, .T. ) ;
#243 = UNCERTAINTY_MEASURE_WITH_UNIT (LENGTH_MEASURE( 1.000000000000000100E-005 ), #5407, 'distance_accuracy_value', 'NONE');
#244 = PLANE ( 'NONE',  #710 ) ;
#245 = CARTESIAN_POINT ( 'NONE',  ( -12.20072210546603800, 0.8650000000000003200, 17.87551710783972700 ) ) ;
#246 = CARTESIAN_POINT ( 'NONE',  ( 2.243089218376837400, 1.365000000000000000, 16.85136643594227500 ) ) ;
#247 = SURFACE_SIDE_STYLE ('',( #1439 ) ) ;
#248 = ORIENTED_EDGE ( 'NONE', *, *, #3238, .F. ) ;
#249 = DIRECTION ( 'NONE',  ( 1.000000000000000000, 0.0000000000000000000, 0.0000000000000000000 ) ) ;
#250 = CARTESIAN_POINT ( 'NONE',  ( -14.40000000000000200, 0.8000000000000003800, -17.40000000000000200 ) ) ;
#251 = CARTESIAN_POINT ( 'NONE',  ( -16.79166666666667100, 0.8350000000000000800, -13.79123931623931700 ) ) ;
#253 = STYLED_ITEM ( 'NONE', ( #5999 ), #716 ) ;
#252 = SURFACE_SIDE_STYLE ('',( #2333 ) ) ;
#254 = FILL_AREA_STYLE ('',( #1953 ) ) ;
#255 = ORIENTED_EDGE ( 'NONE', *, *, #5850, .F. ) ;
#256 = CARTESIAN_POINT ( 'NONE',  ( -4.317946421336984000, 0.8653000000000004000, 18.19032716632673500 ) ) ;
#257 = FILL_AREA_STYLE ('',( #67 ) ) ;
#258 = DIRECTION ( 'NONE',  ( -1.000000000000000000, -0.0000000000000000000, -0.0000000000000000000 ) ) ;
#259 =( NAMED_UNIT ( * ) PLANE_ANGLE_UNIT ( ) SI_UNIT ( $, .RADIAN. ) );
#260 = VECTOR ( 'NONE', #4902, 1000.000000000000000 ) ;
#261 = CARTESIAN_POINT ( 'NONE',  ( -17.14444444444444900, -9.134999999999999800, -14.14401709401709400 ) ) ;
#262 = ORIENTED_EDGE ( 'NONE', *, *, #637, .T. ) ;
#263 = CARTESIAN_POINT ( 'NONE',  ( -14.60000000000000100, 0.8650000000000003200, -17.60000000000000100 ) ) ;
#264 = COLOUR_RGB ( '',0.0000000000000000000, 0.0000000000000000000, 1.000000000000000000 ) ;
#265 = MECHANICAL_DESIGN_GEOMETRIC_PRESENTATION_REPRESENTATION (  '', ( #3734 ), #1767 ) ;
#266 = ORIENTED_EDGE ( 'NONE', *, *, #6153, .F. ) ;
#267 = CARTESIAN_POINT ( 'NONE',  ( -3.987703829387685900, 0.8650000000000003200, 18.20146168278876100 ) ) ;
#268 = SURFACE_SIDE_STYLE ('',( #51 ) ) ;
#269 = DIRECTION ( 'NONE',  ( -0.0000000000000000000, -1.000000000000000000, -0.0000000000000000000 ) ) ;
#270 = VERTEX_POINT ( 'NONE', #5187 ) ;
#271 = CARTESIAN_POINT ( 'NONE',  ( -2.241329932715355500, 1.363887651569858100, -16.83814967795328600 ) ) ;
#272 = ORIENTED_EDGE ( 'NONE', *, *, #6867, .T. ) ;
#273 = ORIENTED_EDGE ( 'NONE', *, *, #2928, .T. ) ;
#274 = VECTOR ( 'NONE', #6861, 1000.000000000000000 ) ;
#275 = ORIENTED_EDGE ( 'NONE', *, *, #5521, .T. ) ;
#276 = CARTESIAN_POINT ( 'NONE',  ( -3.444174235474486000, 0.8650000000000003200, 17.57000169561520400 ) ) ;
#277 = PRESENTATION_STYLE_ASSIGNMENT (( #1628 ) ) ;
#278 = STYLED_ITEM ( 'NONE', ( #3340 ), #295 ) ;
#279 = VERTEX_POINT ( 'NONE', #2483 ) ;
#280 = EDGE_CURVE ( 'NONE', #6872, #5312, #4540, .T. ) ;
#281 =( NAMED_UNIT ( * ) PLANE_ANGLE_UNIT ( ) SI_UNIT ( $, .RADIAN. ) );
#282 = ORIENTED_EDGE ( 'NONE', *, *, #3053, .T. ) ;
#283 = MECHANICAL_DESIGN_GEOMETRIC_PRESENTATION_REPRESENTATION (  '', ( #4487 ), #1681 ) ;
#284 = SURFACE_SIDE_STYLE ('',( #5449 ) ) ;
#285 = CYLINDRICAL_SURFACE ( 'NONE', #3115, 0.1999999999999987900 ) ;
#286 =( NAMED_UNIT ( * ) PLANE_ANGLE_UNIT ( ) SI_UNIT ( $, .RADIAN. ) );
#287 = EDGE_LOOP ( 'NONE', ( #3875, #2878 ) ) ;
#288 = VECTOR ( 'NONE', #1682, 1000.000000000000000 ) ;
#289 = FACE_OUTER_BOUND ( 'NONE', #3180, .T. ) ;
#290 = CARTESIAN_POINT ( 'NONE',  ( 17.60000000000000500, 0.8650000000000003200, 16.00000000000000000 ) ) ;
#291 = SURFACE_STYLE_FILL_AREA ( #254 ) ;
#292 = ORIENTED_EDGE ( 'NONE', *, *, #4080, .F. ) ;
#293 = SURFACE_STYLE_USAGE ( .BOTH. , #806 ) ;
#294 = FACE_OUTER_BOUND ( 'NONE', #6481, .T. ) ;
#295 = ADVANCED_BREP_SHAPE_REPRESENTATION ( 'CXM-32-AC40_DF_121918', ( #6304, #1409 ), #412 ) ;
#296 =( NAMED_UNIT ( * ) SI_UNIT ( $, .STERADIAN. ) SOLID_ANGLE_UNIT ( ) );
#297 = EDGE_CURVE ( 'NONE', #860, #5808, #5503, .T. ) ;
#298 = CARTESIAN_POINT ( 'NONE',  ( -12.20072210546603800, 0.8653000000000004000, 17.87551710783972700 ) ) ;
#299 = CARTESIAN_POINT ( 'NONE',  ( -3.886121799076965200, 0.8653000000000004000, 17.71658061441629400 ) ) ;
#300 = FACE_BOUND ( 'NONE', #6140, .T. ) ;
#301 = CARTESIAN_POINT ( 'NONE',  ( -11.83671193562480200, 0.8650000000000003200, 18.16268604519448000 ) ) ;
#302 = ADVANCED_FACE ( 'NONE', ( #6014 ), #1938, .F. ) ;
#303 = SURFACE_STYLE_USAGE ( .BOTH. , #859 ) ;
#304 =( NAMED_UNIT ( * ) PLANE_ANGLE_UNIT ( ) SI_UNIT ( $, .RADIAN. ) );
#305 = CARTESIAN_POINT ( 'NONE',  ( 2.242502245694283600, 1.365000000000000000, 16.84695676214037300 ) ) ;
#306 = LINE ( 'NONE', #1055, #4719 ) ;
#307 = EDGE_CURVE ( 'NONE', #6068, #6758, #6343, .T. ) ;
#308 = CARTESIAN_POINT ( 'NONE',  ( -5.040810504759547500, 0.8650000000000003200, 17.95608755419133500 ) ) ;
#309 = DIRECTION ( 'NONE',  ( 1.000000000000000000, 0.0000000000000000000, -0.0000000000000000000 ) ) ;
#310 = CARTESIAN_POINT ( 'NONE',  ( -9.981614088852071000, 0.8650000000000003200, 17.99397935232808600 ) ) ;
#311 = LINE ( 'NONE', #5911, #6427 ) ;
#312 = FILL_AREA_STYLE ('',( #3003 ) ) ;
#313 = CARTESIAN_POINT ( 'NONE',  ( -9.639949665254722100, 0.8650000000000003200, 18.19891092970823700 ) ) ;
#314 =( GEOMETRIC_REPRESENTATION_CONTEXT ( 3 ) GLOBAL_UNCERTAINTY_ASSIGNED_CONTEXT ( ( #1043 ) ) GLOBAL_UNIT_ASSIGNED_CONTEXT ( ( #5063, #2347, #3336 ) ) REPRESENTATION_CONTEXT ( 'NONE', 'WORKASPACE' ) );
#315 = CARTESIAN_POINT ( 'NONE',  ( -17.60000000000000100, 0.8650000000000003200, -17.40000000000000200 ) ) ;
#316 = SURFACE_SIDE_STYLE ('',( #5842 ) ) ;
#317 = PRESENTATION_STYLE_ASSIGNMENT (( #6671 ) ) ;
#318 = CARTESIAN_POINT ( 'NONE',  ( -8.666349520355391100, 0.8650000000000003200, 18.19891092970823700 ) ) ;
#319 = CARTESIAN_POINT ( 'NONE',  ( -10.56760879361895700, 0.8650000000000003200, 17.32116819601630600 ) ) ;
#320 = AXIS2_PLACEMENT_3D ( 'NONE', #1304, #3486, #3512 ) ;
#321 = SURFACE_STYLE_FILL_AREA ( #4940 ) ;
#322 = EDGE_CURVE ( 'NONE', #3614, #5509, #3400, .T. ) ;
#323 = STYLED_ITEM ( 'NONE', ( #317 ), #2981 ) ;
#324 = DIRECTION ( 'NONE',  ( -1.000000000000000000, -0.0000000000000000000, -0.0000000000000000000 ) ) ;
#325 = CARTESIAN_POINT ( 'NONE',  ( -19.00000000000000000, 0.8650000000000003200, 18.99999999999999600 ) ) ;
#326 = DIRECTION ( 'NONE',  ( -0.4894465773139325400, 0.0000000000000000000, -0.8720332837430442300 ) ) ;
#327 = EDGE_LOOP ( 'NONE', ( #367, #1418, #1740, #6674 ) ) ;
#328 = ADVANCED_FACE ( 'NONE', ( #6925 ), #5354, .F. ) ;
#329 = ADVANCED_FACE ( 'NONE', ( #6420 ), #5965, .F. ) ;
#330 = VECTOR ( 'NONE', #5143, 1000.000000000000000 ) ;
#331 =( LENGTH_UNIT ( ) NAMED_UNIT ( * ) SI_UNIT ( .MILLI., .METRE. ) );
#332 = EDGE_CURVE ( 'NONE', #1657, #3285, #3745, .T. ) ;
#333 = DIRECTION ( 'NONE',  ( -0.6282116378033477700, 0.0000000000000000000, -0.7780425040628791100 ) ) ;
#334 = MECHANICAL_DESIGN_GEOMETRIC_PRESENTATION_REPRESENTATION (  '', ( #4417 ), #6739 ) ;
#335 =( NAMED_UNIT ( * ) SI_UNIT ( $, .STERADIAN. ) SOLID_ANGLE_UNIT ( ) );
#336 = ORIENTED_EDGE ( 'NONE', *, *, #422, .T. ) ;
#337 = UNCERTAINTY_MEASURE_WITH_UNIT (LENGTH_MEASURE( 1.000000000000000100E-005 ), #4032, 'distance_accuracy_value', 'NONE');
#338 = ORIENTED_EDGE ( 'NONE', *, *, #1820, .F. ) ;
#339 = LINE ( 'NONE', #1460, #6202 ) ;
#340 = EDGE_CURVE ( 'NONE', #2362, #1097, #2803, .T. ) ;
#341 = SURFACE_SIDE_STYLE ('',( #2719 ) ) ;
#342 = EDGE_LOOP ( 'NONE', ( #4547, #5213, #4090, #6593 ) ) ;
#343 = AXIS2_PLACEMENT_3D ( 'NONE', #6869, #2486, #309 ) ;
#344 = FILL_AREA_STYLE_COLOUR ( '', #5691 ) ;
#345 = ORIENTED_EDGE ( 'NONE', *, *, #5086, .T. ) ;
#346 = CARTESIAN_POINT ( 'NONE',  ( 16.19716684191321900, 1.142628163596250700, 34.76009617787655500 ) ) ;
#347 = ORIENTED_EDGE ( 'NONE', *, *, #5010, .T. ) ;
#348 = CARTESIAN_POINT ( 'NONE',  ( -9.985630581786313800, 0.8650000000000003200, 17.70333963657575200 ) ) ;
#349 = CARTESIAN_POINT ( 'NONE',  ( -7.858984287663347800, 0.8653000000000004000, 17.57000169561520400 ) ) ;
#350 = AXIS2_PLACEMENT_3D ( 'NONE', #1487, #6410, #5345 ) ;
#351 = SURFACE_SIDE_STYLE ('',( #371 ) ) ;
#352 = STYLED_ITEM ( 'NONE', ( #1155 ), #5907 ) ;
#353 = COLOUR_RGB ( '',1.000000000000000000, 1.000000000000000000, 1.000000000000000000 ) ;
#354 = VECTOR ( 'NONE', #4602, 1000.000000000000000 ) ;
#355 =( NAMED_UNIT ( * ) PLANE_ANGLE_UNIT ( ) SI_UNIT ( $, .RADIAN. ) );
#356 = ORIENTED_EDGE ( 'NONE', *, *, #6200, .F. ) ;
#357 = FILL_AREA_STYLE ('',( #1959 ) ) ;
#358 = ADVANCED_FACE ( 'NONE', ( #4530 ), #7050, .T. ) ;
#359 = CARTESIAN_POINT ( 'NONE',  ( -4.050786439046619900, 0.8653000000000004000, 18.04350418491232900 ) ) ;
#360 = CARTESIAN_POINT ( 'NONE',  ( -3.533706688394836300, 0.8653000000000004000, 17.70431948479133400 ) ) ;
#361 = EDGE_LOOP ( 'NONE', ( #3790, #3383, #248, #4053 ) ) ;
#362 = ORIENTED_EDGE ( 'NONE', *, *, #5571, .T. ) ;
#363 = ORIENTED_EDGE ( 'NONE', *, *, #2430, .F. ) ;
#364 = LINE ( 'NONE', #4646, #5645 ) ;
#365 = STYLED_ITEM ( 'NONE', ( #1728 ), #2544 ) ;
#366 = CARTESIAN_POINT ( 'NONE',  ( -4.980000601216056000, 0.8653000000000004000, 18.18774322547260900 ) ) ;
#367 = ORIENTED_EDGE ( 'NONE', *, *, #1456, .F. ) ;
#368 = FILL_AREA_STYLE ('',( #6419 ) ) ;
#369 =( LENGTH_UNIT ( ) NAMED_UNIT ( * ) SI_UNIT ( .MILLI., .METRE. ) );
#370 = DIRECTION ( 'NONE',  ( 0.0000000000000000000, 0.0000000000000000000, 1.000000000000000000 ) ) ;
#371 = SURFACE_STYLE_FILL_AREA ( #2014 ) ;
#372 = ORIENTED_EDGE ( 'NONE', *, *, #3932, .T. ) ;
#373 = ORIENTED_EDGE ( 'NONE', *, *, #1877, .F. ) ;
#374 = PRESENTATION_STYLE_ASSIGNMENT (( #3140 ) ) ;
#375 = CARTESIAN_POINT ( 'NONE',  ( -4.980000601216056000, 0.8650000000000003200, 18.18774322547260900 ) ) ;
#376 = SURFACE_STYLE_FILL_AREA ( #5210 ) ;
#377 = PRESENTATION_STYLE_ASSIGNMENT (( #2510 ) ) ;
#378 = EDGE_CURVE ( 'NONE', #1936, #3194, #6915, .T. ) ;
#379 = VECTOR ( 'NONE', #5605, 1000.000000000000000 ) ;
#380 = ORIENTED_EDGE ( 'NONE', *, *, #5796, .T. ) ;
#381 = MECHANICAL_DESIGN_GEOMETRIC_PRESENTATION_REPRESENTATION (  '', ( #6070 ), #1879 ) ;
#382 = FILL_AREA_STYLE ('',( #6428 ) ) ;
#383 = UNCERTAINTY_MEASURE_WITH_UNIT (LENGTH_MEASURE( 1.000000000000000100E-005 ), #6201, 'distance_accuracy_value', 'NONE');
#384 = PLANE ( 'NONE',  #4934 ) ;
#385 = CARTESIAN_POINT ( 'NONE',  ( -5.040810504759547500, 0.8653000000000004000, 17.57000169561520400 ) ) ;
#386 = EDGE_CURVE ( 'NONE', #6878, #2417, #7099, .T. ) ;
#387 = FILL_AREA_STYLE ('',( #5349 ) ) ;
#388 = MECHANICAL_DESIGN_GEOMETRIC_PRESENTATION_REPRESENTATION (  '', ( #3380 ), #2159 ) ;
#389 = LINE ( 'NONE', #6553, #4455 ) ;
#390 = FILL_AREA_STYLE_COLOUR ( '', #4997 ) ;
#391 = SURFACE_STYLE_USAGE ( .BOTH. , #6549 ) ;
#392 = CARTESIAN_POINT ( 'NONE',  ( 16.19716684191321200, 0.8649999999999998800, 34.76009617787655500 ) ) ;
#393 = ADVANCED_FACE ( 'NONE', ( #4449 ), #1186, .F. ) ;
#394 = ORIENTED_EDGE ( 'NONE', *, *, #566, .T. ) ;
#395 = PRESENTATION_LAYER_ASSIGNMENT (  '', '', ( #6309 ) ) ;
#396 = LINE ( 'NONE', #5897, #4290 ) ;
#397 = ADVANCED_FACE ( 'NONE', ( #1777 ), #3792, .F. ) ;
#398 = DIRECTION ( 'NONE',  ( 0.0000000000000000000, 0.0000000000000000000, 1.000000000000000000 ) ) ;
#399 = CARTESIAN_POINT ( 'NONE',  ( -9.971997813562577300, 0.8653000000000004000, 17.77774013301958800 ) ) ;
#400 = CARTESIAN_POINT ( 'NONE',  ( -10.83205225423109400, 0.8653000000000004000, 17.30830367580641400 ) ) ;
#401 = FILL_AREA_STYLE_COLOUR ( '', #5494 ) ;
#402 = PRESENTATION_LAYER_ASSIGNMENT (  '', '', ( #3080 ) ) ;
#403 = CARTESIAN_POINT ( 'NONE',  ( -3.261890097925141100, 0.8653000000000004000, 17.95608755419133500 ) ) ;
#404 = SURFACE_STYLE_FILL_AREA ( #1755 ) ;
#405 = CARTESIAN_POINT ( 'NONE',  ( -3.845161075207352000, 0.8650000000000003200, 18.04350418491232900 ) ) ;
#406 = DIRECTION ( 'NONE',  ( 0.0000000000000000000, 0.0000000000000000000, 1.000000000000000000 ) ) ;
#407 = ADVANCED_FACE ( 'NONE', ( #6333 ), #2624, .F. ) ;
#408 = CARTESIAN_POINT ( 'NONE',  ( -17.40000000000000200, 0.8350000000000000800, -17.40000000000000200 ) ) ;
#409 = DIRECTION ( 'NONE',  ( 0.0000000000000000000, 0.0000000000000000000, 1.000000000000000000 ) ) ;
#410 = COLOUR_RGB ( '',0.0000000000000000000, 0.0000000000000000000, 1.000000000000000000 ) ;
#411 = CARTESIAN_POINT ( 'NONE',  ( 17.14347183953325900, 0.8649999999999997700, 0.4731524988100224100 ) ) ;
#412 =( GEOMETRIC_REPRESENTATION_CONTEXT ( 3 ) GLOBAL_UNCERTAINTY_ASSIGNED_CONTEXT ( ( #1595 ) ) GLOBAL_UNIT_ASSIGNED_CONTEXT ( ( #5121, #1162, #139 ) ) REPRESENTATION_CONTEXT ( 'NONE', 'WORKASPACE' ) );
#413 = EDGE_CURVE ( 'NONE', #1201, #6983, #3910, .T. ) ;
#414 =( GEOMETRIC_REPRESENTATION_CONTEXT ( 3 ) GLOBAL_UNCERTAINTY_ASSIGNED_CONTEXT ( ( #1553 ) ) GLOBAL_UNIT_ASSIGNED_CONTEXT ( ( #4675, #4656, #5097 ) ) REPRESENTATION_CONTEXT ( 'NONE', 'WORKASPACE' ) );
#415 = ORIENTED_EDGE ( 'NONE', *, *, #3648, .F. ) ;
#416 = ORIENTED_EDGE ( 'NONE', *, *, #5945, .T. ) ;
#417 = FACE_OUTER_BOUND ( 'NONE', #74, .T. ) ;
#418 = CARTESIAN_POINT ( 'NONE',  ( -8.859375071189683500, 0.8650000000000003200, 17.57000169561520400 ) ) ;
#419 = SURFACE_STYLE_USAGE ( .BOTH. , #2085 ) ;
#420 = ORIENTED_EDGE ( 'NONE', *, *, #637, .F. ) ;
#421 = DIRECTION ( 'NONE',  ( 0.0000000000000000000, 0.0000000000000000000, -1.000000000000000000 ) ) ;
#422 = EDGE_CURVE ( 'NONE', #2428, #3454, #3764, .T. ) ;
#423 = CARTESIAN_POINT ( 'NONE',  ( -9.013750247222809300, 0.8653000000000004000, 18.03834697636674300 ) ) ;
#424 = LINE ( 'NONE', #4887, #5713 ) ;
#425 =( GEOMETRIC_REPRESENTATION_CONTEXT ( 3 ) GLOBAL_UNCERTAINTY_ASSIGNED_CONTEXT ( ( #853 ) ) GLOBAL_UNIT_ASSIGNED_CONTEXT ( ( #2856, #49, #1716 ) ) REPRESENTATION_CONTEXT ( 'NONE', 'WORKASPACE' ) );
#426 =( NAMED_UNIT ( * ) SI_UNIT ( $, .STERADIAN. ) SOLID_ANGLE_UNIT ( ) );
#427 = SURFACE_STYLE_FILL_AREA ( #5104 ) ;
#428 = ADVANCED_FACE ( 'NONE', ( #2454 ), #2134, .F. ) ;
#429 = ORIENTED_EDGE ( 'NONE', *, *, #5707, .T. ) ;
#430 = CARTESIAN_POINT ( 'NONE',  ( -3.805246575660643100, 0.8653000000000004000, 17.70431948479133400 ) ) ;
#431 = STYLED_ITEM ( 'NONE', ( #5752 ), #393 ) ;
#432 = DIRECTION ( 'NONE',  ( -0.0000000000000000000, 1.000000000000000000, -0.0000000000000000000 ) ) ;
#433 = VECTOR ( 'NONE', #1249, 1000.000000000000000 ) ;
#434 = MECHANICAL_DESIGN_GEOMETRIC_PRESENTATION_REPRESENTATION (  '', ( #3903 ), #6259 ) ;
#435 = CARTESIAN_POINT ( 'NONE',  ( -11.44573098037522000, 0.8650000000000003200, 17.53389347053593600 ) ) ;
#436 = EDGE_LOOP ( 'NONE', ( #3370, #3302, #4429, #2086 ) ) ;
#437 = CIRCLE ( 'NONE', #906, 0.1999999999999987900 ) ;
#438 = ORIENTED_EDGE ( 'NONE', *, *, #5580, .T. ) ;
#439 = CARTESIAN_POINT ( 'NONE',  ( -3.877881027603348000, 0.8653000000000004000, 17.57000169561520400 ) ) ;
#440 = ORIENTED_EDGE ( 'NONE', *, *, #5753, .F. ) ;
#441 = CARTESIAN_POINT ( 'NONE',  ( -4.317946421336984000, 0.8653000000000004000, 18.19032716632673500 ) ) ;
#442 = MECHANICAL_DESIGN_GEOMETRIC_PRESENTATION_REPRESENTATION (  '', ( #1088 ), #1483 ) ;
#443 =( NAMED_UNIT ( * ) SI_UNIT ( $, .STERADIAN. ) SOLID_ANGLE_UNIT ( ) );
#444 = AXIS2_PLACEMENT_3D ( 'NONE', #1596, #494, #3789 ) ;
#445 = DIRECTION ( 'NONE',  ( -0.0000000000000000000, 1.000000000000000000, -0.0000000000000000000 ) ) ;
#446 =( NAMED_UNIT ( * ) PLANE_ANGLE_UNIT ( ) SI_UNIT ( $, .RADIAN. ) );
#447 = EDGE_LOOP ( 'NONE', ( #6534, #1848, #7023, #3202 ) ) ;
#448 = SURFACE_SIDE_STYLE ('',( #3018 ) ) ;
#449 = ORIENTED_EDGE ( 'NONE', *, *, #6592, .F. ) ;
#450 = VECTOR ( 'NONE', #258, 1000.000000000000000 ) ;
#451 = SURFACE_SIDE_STYLE ('',( #3409 ) ) ;
#452 =( NAMED_UNIT ( * ) SI_UNIT ( $, .STERADIAN. ) SOLID_ANGLE_UNIT ( ) );
#453 = ORIENTED_EDGE ( 'NONE', *, *, #6433, .F. ) ;
#454 = VECTOR ( 'NONE', #1084, 1000.000000000000000 ) ;
#455 = ORIENTED_EDGE ( 'NONE', *, *, #866, .T. ) ;
#456 = EDGE_CURVE ( 'NONE', #2360, #6076, #1865, .T. ) ;
#457 = FILL_AREA_STYLE_COLOUR ( '', #3879 ) ;
#458 = PRESENTATION_LAYER_ASSIGNMENT (  '', '', ( #365 ) ) ;
#459 = DIRECTION ( 'NONE',  ( -1.000000000000000000, -0.0000000000000000000, -0.0000000000000000000 ) ) ;
#460 =( NAMED_UNIT ( * ) PLANE_ANGLE_UNIT ( ) SI_UNIT ( $, .RADIAN. ) );
#461 = SURFACE_SIDE_STYLE ('',( #4235 ) ) ;
#462 = ADVANCED_FACE ( 'NONE', ( #1067 ), #827, .T. ) ;
#463 = UNCERTAINTY_MEASURE_WITH_UNIT (LENGTH_MEASURE( 1.000000000000000100E-005 ), #3894, 'distance_accuracy_value', 'NONE');
#464 = EDGE_CURVE ( 'NONE', #1629, #4569, #1147, .T. ) ;
#465 = FILL_AREA_STYLE_COLOUR ( '', #3752 ) ;
#466 = STYLED_ITEM ( 'NONE', ( #2455 ), #3820 ) ;
#467 = SURFACE_STYLE_FILL_AREA ( #1139 ) ;
#468 =( LENGTH_UNIT ( ) NAMED_UNIT ( * ) SI_UNIT ( .MILLI., .METRE. ) );
#469 = CARTESIAN_POINT ( 'NONE',  ( -3.533706688394836300, 0.8653000000000004000, 17.80630687864909900 ) ) ;
#470 = VECTOR ( 'NONE', #4907, 1000.000000000000000 ) ;
#471 = FILL_AREA_STYLE_COLOUR ( '', #5274 ) ;
#472 =( LENGTH_UNIT ( ) NAMED_UNIT ( * ) SI_UNIT ( .MILLI., .METRE. ) );
#473 = EDGE_CURVE ( 'NONE', #5312, #3895, #1031, .T. ) ;
#474 = CARTESIAN_POINT ( 'NONE',  ( -8.067130061986265600, 0.8653000000000004000, 17.95608755419133500 ) ) ;
#475 = CARTESIAN_POINT ( 'NONE',  ( -10.61446690945732000, 0.8650000000000003200, 18.42454691138690800 ) ) ;
#476 = COLOUR_RGB ( '',0.0000000000000000000, 0.0000000000000000000, 1.000000000000000000 ) ;
#477 = CARTESIAN_POINT ( 'NONE',  ( -11.44573098037522000, 0.8650000000000003200, 17.53389347053593600 ) ) ;
#478 = ORIENTED_EDGE ( 'NONE', *, *, #5495, .T. ) ;
#479 = SURFACE_STYLE_USAGE ( .BOTH. , #4309 ) ;
#480 = CARTESIAN_POINT ( 'NONE',  ( -11.86005279977585000, 0.8650000000000003200, 17.67125164733246100 ) ) ;
#481 = PRESENTATION_LAYER_ASSIGNMENT (  '', '', ( #4470 ) ) ;
#482 = AXIS2_PLACEMENT_3D ( 'NONE', #3038, #6881, #5769 ) ;
#483 = VECTOR ( 'NONE', #4576, 1000.000000000000000 ) ;
#484 = B_SPLINE_CURVE_WITH_KNOTS ( 'NONE', 3,
 ( #2639, #5928, #2616, #4859 ),
 .UNSPECIFIED., .F., .F.,
 ( 4, 4 ),
 ( 0.0000000000000000000, 1.000000000000000000 ),
 .UNSPECIFIED. ) ;
#485 = CARTESIAN_POINT ( 'NONE',  ( -17.68717948717949200, 0.8350000000000000800, -13.79123931623931700 ) ) ;
#486 = DIRECTION ( 'NONE',  ( 0.0000000000000000000, 0.0000000000000000000, -1.000000000000000000 ) ) ;
#487 = DIRECTION ( 'NONE',  ( 0.4759965258014645100, 0.0000000000000000000, -0.8794471601096541800 ) ) ;
#488 = VECTOR ( 'NONE', #4388, 1000.000000000000000 ) ;
#489 = DIRECTION ( 'NONE',  ( 0.0000000000000000000, 0.0000000000000000000, 1.000000000000000000 ) ) ;
#490 = MECHANICAL_DESIGN_GEOMETRIC_PRESENTATION_REPRESENTATION (  '', ( #2995 ), #3353 ) ;
#491 = ORIENTED_EDGE ( 'NONE', *, *, #4958, .F. ) ;
#492 =( LENGTH_UNIT ( ) NAMED_UNIT ( * ) SI_UNIT ( .MILLI., .METRE. ) );
#493 = CARTESIAN_POINT ( 'NONE',  ( -3.805246575660643100, 0.8650000000000003200, 18.06816015398052100 ) ) ;
#494 = DIRECTION ( 'NONE',  ( 0.0000000000000000000, 1.000000000000000000, -0.0000000000000000000 ) ) ;
#495 = VERTEX_POINT ( 'NONE', #1769 ) ;
#496 = CARTESIAN_POINT ( 'NONE',  ( 14.40000000000000200, 0.8650000000000003200, 16.00000000000000000 ) ) ;
#497 = ORIENTED_EDGE ( 'NONE', *, *, #233, .F. ) ;
#498 = LINE ( 'NONE', #1821, #2926 ) ;
#499 = EDGE_CURVE ( 'NONE', #3194, #1826, #3247, .T. ) ;
#500 = DIRECTION ( 'NONE',  ( 1.000000000000000000, 0.0000000000000000000, 0.0000000000000000000 ) ) ;
#501 = MECHANICAL_DESIGN_GEOMETRIC_PRESENTATION_REPRESENTATION (  '', ( #3605 ), #3570 ) ;
#502 = EDGE_LOOP ( 'NONE', ( #13, #3079 ) ) ;
#503 = DIRECTION ( 'NONE',  ( -1.000000000000000000, -0.0000000000000000000, -0.0000000000000000000 ) ) ;
#504 = CARTESIAN_POINT ( 'NONE',  ( -7.345058767467194500, 0.8653000000000004000, 17.97378617922964500 ) ) ;
#505 = COLOUR_RGB ( '',0.0000000000000000000, 0.0000000000000000000, 1.000000000000000000 ) ;
#506 = ADVANCED_FACE ( 'NONE', ( #6831 ), #3992, .F. ) ;
#507 = SURFACE_SIDE_STYLE ('',( #191 ) ) ;
#508 = EDGE_CURVE ( 'NONE', #6456, #2161, #4441, .T. ) ;
#509 = CARTESIAN_POINT ( 'NONE',  ( -12.20072210546603800, 0.8653000000000004000, 17.87908057078369900 ) ) ;
#510 = ORIENTED_EDGE ( 'NONE', *, *, #2920, .F. ) ;
#511 = ORIENTED_EDGE ( 'NONE', *, *, #6105, .T. ) ;
#512 = SURFACE_STYLE_USAGE ( .BOTH. , #2270 ) ;
#513 = SURFACE_SIDE_STYLE ('',( #6991 ) ) ;
#514 = DIRECTION ( 'NONE',  ( -0.0000000000000000000, -0.0000000000000000000, -1.000000000000000000 ) ) ;
#515 = ADVANCED_FACE ( 'NONE', ( #6082 ), #1795, .F. ) ;
#516 = ORIENTED_EDGE ( 'NONE', *, *, #2971, .F. ) ;
#517 = B_SPLINE_CURVE_WITH_KNOTS ( 'NONE', 3,
 ( #6729, #3339, #1749, #589 ),
 .UNSPECIFIED., .F., .F.,
 ( 4, 4 ),
 ( 0.0000000000000000000, 1.000000000000000000 ),
 .UNSPECIFIED. ) ;
#518 = CARTESIAN_POINT ( 'NONE',  ( -10.81395369519062100, 0.8653000000000004000, 18.19314516065765700 ) ) ;
#519 = ORIENTED_EDGE ( 'NONE', *, *, #3617, .T. ) ;
#520 = MECHANICAL_DESIGN_GEOMETRIC_PRESENTATION_REPRESENTATION (  '', ( #3103 ), #2756 ) ;
#521 = CARTESIAN_POINT ( 'NONE',  ( -10.34922221654372100, 0.8650000000000003200, 17.41184081926417800 ) ) ;
#522 = AXIS2_PLACEMENT_3D ( 'NONE', #1691, #5615, #2288 ) ;
#523 = CARTESIAN_POINT ( 'NONE',  ( -17.60000000000000100, 0.8650000000000003200, -16.00000000000000000 ) ) ;
#524 = ORIENTED_EDGE ( 'NONE', *, *, #46, .T. ) ;
#525 = ORIENTED_EDGE ( 'NONE', *, *, #6200, .T. ) ;
#526 = EDGE_LOOP ( 'NONE', ( #2542, #6715, #1390, #4932 ) ) ;
#527 = CARTESIAN_POINT ( 'NONE',  ( -19.00000000000000000, 0.8650000000000003200, 18.99999999999999600 ) ) ;
#528 =( LENGTH_UNIT ( ) NAMED_UNIT ( * ) SI_UNIT ( .MILLI., .METRE. ) );
#529 = CARTESIAN_POINT ( 'NONE',  ( -6.107512552934629500, 0.8653000000000004000, 18.19891092970823700 ) ) ;
#530 = CARTESIAN_POINT ( 'NONE',  ( -9.443704833392827100, 0.8653000000000004000, 18.03834697636674300 ) ) ;
#531 = COLOUR_RGB ( '',0.0000000000000000000, 0.0000000000000000000, 1.000000000000000000 ) ;
#532 = CARTESIAN_POINT ( 'NONE',  ( -11.15390883288658900, 0.8653000000000004000, 18.00619333857467200 ) ) ;
#533 = VERTEX_POINT ( 'NONE', #2267 ) ;
#534 =( GEOMETRIC_REPRESENTATION_CONTEXT ( 3 ) GLOBAL_UNCERTAINTY_ASSIGNED_CONTEXT ( ( #724 ) ) GLOBAL_UNIT_ASSIGNED_CONTEXT ( ( #3970, #6372, #4137 ) ) REPRESENTATION_CONTEXT ( 'NONE', 'WORKASPACE' ) );
#535 = SURFACE_SIDE_STYLE ('',( #3809 ) ) ;
#536 = ORIENTED_EDGE ( 'NONE', *, *, #7025, .T. ) ;
#537 = LINE ( 'NONE', #469, #6241 ) ;
#538 = DIRECTION ( 'NONE',  ( -1.000000000000000000, 0.0000000000000000000, 0.0000000000000000000 ) ) ;
#539 = CARTESIAN_POINT ( 'NONE',  ( -3.480278174149926200, 0.8653000000000004000, 17.73318271590345700 ) ) ;
#540 = FACE_OUTER_BOUND ( 'NONE', #4926, .T. ) ;
#541 = VERTEX_POINT ( 'NONE', #2818 ) ;
#542 = CARTESIAN_POINT ( 'NONE',  ( -10.40100737467328800, 0.8653000000000004000, 18.34262767591853600 ) ) ;
#543 =( NAMED_UNIT ( * ) SI_UNIT ( $, .STERADIAN. ) SOLID_ANGLE_UNIT ( ) );
#544 = CARTESIAN_POINT ( 'NONE',  ( -9.999361009848611200, 0.8653000000000004000, 18.05898269427272900 ) ) ;
#545 = EDGE_CURVE ( 'NONE', #6758, #5083, #2199, .T. ) ;
#546 = PRESENTATION_LAYER_ASSIGNMENT (  '', '', ( #3748 ) ) ;
#547 = SURFACE_STYLE_USAGE ( .BOTH. , #1131 ) ;
#548 = DIRECTION ( 'NONE',  ( 1.000000000000000000, 0.0000000000000000000, 0.0000000000000000000 ) ) ;
#549 = LINE ( 'NONE', #1059, #6171 ) ;
#550 = UNCERTAINTY_MEASURE_WITH_UNIT (LENGTH_MEASURE( 1.000000000000000100E-005 ), #6407, 'distance_accuracy_value', 'NONE');
#551 = ORIENTED_EDGE ( 'NONE', *, *, #5714, .T. ) ;
#552 = VECTOR ( 'NONE', #4316, 1000.000000000000000 ) ;
#553 = EDGE_LOOP ( 'NONE', ( #3982, #5491, #1948, #2210 ) ) ;
#554 = PRESENTATION_STYLE_ASSIGNMENT (( #3245 ) ) ;
#555 =( NAMED_UNIT ( * ) PLANE_ANGLE_UNIT ( ) SI_UNIT ( $, .RADIAN. ) );
#556 = EDGE_CURVE ( 'NONE', #5276, #2568, #4008, .T. ) ;
#557 = CARTESIAN_POINT ( 'NONE',  ( -11.96363995934020300, 0.8653000000000004000, 18.24041444034088500 ) ) ;
#558 = AXIS2_PLACEMENT_3D ( 'NONE', #3490, #105, #3968 ) ;
#559 = DIRECTION ( 'NONE',  ( -1.000000000000000000, -0.0000000000000000000, -0.0000000000000000000 ) ) ;
#560 = DIRECTION ( 'NONE',  ( -0.0000000000000000000, -1.000000000000000000, -0.0000000000000000000 ) ) ;
#561 = ORIENTED_EDGE ( 'NONE', *, *, #5202, .T. ) ;
#562 = ORIENTED_EDGE ( 'NONE', *, *, #1463, .F. ) ;
#563 = PRESENTATION_STYLE_ASSIGNMENT (( #4995 ) ) ;
#564 = FILL_AREA_STYLE ('',( #1121 ) ) ;
#565 = FACE_OUTER_BOUND ( 'NONE', #2621, .T. ) ;
#566 = EDGE_CURVE ( 'NONE', #3818, #2539, #3812, .T. ) ;
#567 =( NAMED_UNIT ( * ) PLANE_ANGLE_UNIT ( ) SI_UNIT ( $, .RADIAN. ) );
#568 = SURFACE_STYLE_FILL_AREA ( #572 ) ;
#569 = B_SPLINE_CURVE_WITH_KNOTS ( 'NONE', 3,
 ( #3101, #7051, #3793, #6514 ),
 .UNSPECIFIED., .F., .F.,
 ( 4, 4 ),
 ( 0.0000000000000000000, 1.000000000000000000 ),
 .UNSPECIFIED. ) ;
#570 = DIRECTION ( 'NONE',  ( -1.000000000000000000, -0.0000000000000000000, -0.0000000000000000000 ) ) ;
#571 = CARTESIAN_POINT ( 'NONE',  ( -3.805246575660643100, 0.8650000000000003200, 18.06816015398052100 ) ) ;
#572 = FILL_AREA_STYLE ('',( #3885 ) ) ;
#573 = SURFACE_SIDE_STYLE ('',( #1710 ) ) ;
#574 = COLOUR_RGB ( '',0.0000000000000000000, 0.0000000000000000000, 1.000000000000000000 ) ;
#575 = AXIS2_PLACEMENT_3D ( 'NONE', #4055, #3521, #2440 ) ;
#576 = AXIS2_PLACEMENT_3D ( 'NONE', #1130, #4992, #2805 ) ;
#577 =( LENGTH_UNIT ( ) NAMED_UNIT ( * ) SI_UNIT ( .MILLI., .METRE. ) );
#578 = CARTESIAN_POINT ( 'NONE',  ( -3.285981471631799000, 0.8650000000000003200, 17.73318271590345700 ) ) ;
#579 = LINE ( 'NONE', #44, #4220 ) ;
#580 = ORIENTED_EDGE ( 'NONE', *, *, #1877, .T. ) ;
#581 = LINE ( 'NONE', #2467, #4478 ) ;
#582 = EDGE_LOOP ( 'NONE', ( #1700, #4325, #2711, #6084 ) ) ;
#583 = DIRECTION ( 'NONE',  ( -0.0000000000000000000, -1.000000000000000000, -0.0000000000000000000 ) ) ;
#584 = SURFACE_STYLE_FILL_AREA ( #2408 ) ;
#585 = PLANE ( 'NONE',  #1142 ) ;
#586 = UNCERTAINTY_MEASURE_WITH_UNIT (LENGTH_MEASURE( 1.000000000000000100E-005 ), #1896, 'distance_accuracy_value', 'NONE');
#587 = DIRECTION ( 'NONE',  ( 1.000000000000000000, -0.0000000000000000000, 0.0000000000000000000 ) ) ;
#588 = VERTEX_POINT ( 'NONE', #6793 ) ;
#589 = CARTESIAN_POINT ( 'NONE',  ( -3.845161075207352000, 0.8653000000000004000, 18.19891092970823700 ) ) ;
#590 = PRESENTATION_STYLE_ASSIGNMENT (( #3313 ) ) ;
#591 =( LENGTH_UNIT ( ) NAMED_UNIT ( * ) SI_UNIT ( .MILLI., .METRE. ) );
#592 = PLANE ( 'NONE',  #597 ) ;
#593 = CARTESIAN_POINT ( 'NONE',  ( -15.99999999999997900, 0.8650000000000003200, 14.00000000000001600 ) ) ;
#594 = VERTEX_POINT ( 'NONE', #276 ) ;
#595 = ORIENTED_EDGE ( 'NONE', *, *, #3323, .F. ) ;
#596 = EDGE_CURVE ( 'NONE', #1851, #5073, #99, .T. ) ;
#597 = AXIS2_PLACEMENT_3D ( 'NONE', #1621, #2781, #2222 ) ;
#598 = SURFACE_SIDE_STYLE ('',( #5415 ) ) ;
#599 = VERTEX_POINT ( 'NONE', #4679 ) ;
#600 = SURFACE_SIDE_STYLE ('',( #7029 ) ) ;
#601 = DIRECTION ( 'NONE',  ( -1.000000000000000000, 0.0000000000000000000, 0.0000000000000000000 ) ) ;
#602 = ORIENTED_EDGE ( 'NONE', *, *, #2555, .F. ) ;
#603 = EDGE_CURVE ( 'NONE', #279, #727, #5500, .T. ) ;
#604 = DIRECTION ( 'NONE',  ( -0.0000000000000000000, -0.0000000000000000000, 1.000000000000000000 ) ) ;
#605 = SURFACE_STYLE_FILL_AREA ( #1172 ) ;
#606 = ORIENTED_EDGE ( 'NONE', *, *, #4958, .T. ) ;
#607 = SURFACE_SIDE_STYLE ('',( #5621 ) ) ;
#608 = ORIENTED_EDGE ( 'NONE', *, *, #6, .F. ) ;
#609 = ORIENTED_EDGE ( 'NONE', *, *, #2072, .T. ) ;
#610 = CARTESIAN_POINT ( 'NONE',  ( -4.846377213621117600, 0.8653000000000004000, 18.19891092970823700 ) ) ;
#611 = PLANE ( 'NONE',  #6474 ) ;
#612 = ORIENTED_EDGE ( 'NONE', *, *, #1787, .T. ) ;
#613 = B_SPLINE_CURVE_WITH_KNOTS ( 'NONE', 3,
 ( #400, #3160, #4242, #5363 ),
 .UNSPECIFIED., .F., .F.,
 ( 4, 4 ),
 ( 0.0000000000000000000, 1.000000000000000000 ),
 .UNSPECIFIED. ) ;
#614 = DIRECTION ( 'NONE',  ( -1.000000000000000000, 0.0000000000000000000, -0.0000000000000000000 ) ) ;
#615 = VERTEX_POINT ( 'NONE', #3534 ) ;
#616 = ORIENTED_EDGE ( 'NONE', *, *, #222, .T. ) ;
#617 = MECHANICAL_DESIGN_GEOMETRIC_PRESENTATION_REPRESENTATION (  '', ( #253 ), #1287 ) ;
#618 = FACE_OUTER_BOUND ( 'NONE', #2277, .T. ) ;
#619 = CARTESIAN_POINT ( 'NONE',  ( -8.859375071189683500, 0.8653000000000004000, 17.95608755419133500 ) ) ;
#620 = CYLINDRICAL_SURFACE ( 'NONE', #4693, 0.5999999999999998700 ) ;
#621 = CARTESIAN_POINT ( 'NONE',  ( -7.345058767467194500, 0.8653000000000004000, 17.97378617922964500 ) ) ;
#622 = VERTEX_POINT ( 'NONE', #4099 ) ;
#623 = LINE ( 'NONE', #2087, #5575 ) ;
#624 =( LENGTH_UNIT ( ) NAMED_UNIT ( * ) SI_UNIT ( .MILLI., .METRE. ) );
#625 = FILL_AREA_STYLE_COLOUR ( '', #803 ) ;
#626 =( LENGTH_UNIT ( ) NAMED_UNIT ( * ) SI_UNIT ( .MILLI., .METRE. ) );
#627 = COLOUR_RGB ( '',0.0000000000000000000, 0.0000000000000000000, 1.000000000000000000 ) ;
#628 = CARTESIAN_POINT ( 'NONE',  ( -12.20072210546603800, 0.8650000000000003200, 17.87908057078369900 ) ) ;
#629 = CARTESIAN_POINT ( 'NONE',  ( -12.18056257477258500, 0.8653000000000004000, 17.89797427332903700 ) ) ;
#630 = FACE_OUTER_BOUND ( 'NONE', #2791, .T. ) ;
#631 = CARTESIAN_POINT ( 'NONE',  ( -10.11630518186262900, 0.8653000000000004000, 18.17812954696020000 ) ) ;
#632 = CARTESIAN_POINT ( 'NONE',  ( -12.20072210546603800, 0.8650000000000003200, 17.87908057078369900 ) ) ;
#633 = DIRECTION ( 'NONE',  ( 0.0000000000000000000, -0.0000000000000000000, 1.000000000000000000 ) ) ;
#634 = SURFACE_SIDE_STYLE ('',( #975 ) ) ;
#635 = COLOUR_RGB ( '',0.0000000000000000000, 0.0000000000000000000, 1.000000000000000000 ) ;
#636 = FILL_AREA_STYLE ('',( #2308 ) ) ;
#637 = EDGE_CURVE ( 'NONE', #2360, #96, #1857, .T. ) ;
#638 = PRESENTATION_LAYER_ASSIGNMENT (  '', '', ( #4027 ) ) ;
#639 = CIRCLE ( 'NONE', #6123, 17.15000000000000200 ) ;
#640 = ORIENTED_EDGE ( 'NONE', *, *, #3315, .F. ) ;
#641 = SURFACE_SIDE_STYLE ('',( #4686 ) ) ;
#642 = CARTESIAN_POINT ( 'NONE',  ( -3.845161075207352000, 0.8653000000000004000, 18.04350418491232900 ) ) ;
#643 = VECTOR ( 'NONE', #3908, 1000.000000000000000 ) ;
#644 = EDGE_CURVE ( 'NONE', #4060, #5124, #6041, .T. ) ;
#645 = CARTESIAN_POINT ( 'NONE',  ( -3.805246575660643100, 0.8650000000000003200, 17.80630687864909900 ) ) ;
#646 = STYLED_ITEM ( 'NONE', ( #4697 ), #4238 ) ;
#647 = LINE ( 'NONE', #4627, #483 ) ;
#648 = SURFACE_STYLE_USAGE ( .BOTH. , #5034 ) ;
#649 = LINE ( 'NONE', #5435, #1719 ) ;
#650 = CARTESIAN_POINT ( 'NONE',  ( -11.84618586599094100, 0.8653000000000004000, 18.39479209532017400 ) ) ;
#651 = EDGE_CURVE ( 'NONE', #2961, #4159, #1612, .T. ) ;
#652 = CARTESIAN_POINT ( 'NONE',  ( -3.980300214717135400, 0.8650000000000003200, 17.57251756548153000 ) ) ;
#653 = LINE ( 'NONE', #4582, #3602 ) ;
#654 = B_SPLINE_CURVE_WITH_KNOTS ( 'NONE', 3,
 ( #2986, #3001, #3604, #3581 ),
 .UNSPECIFIED., .F., .F.,
 ( 4, 4 ),
 ( 0.0000000000000000000, 1.000000000000000000 ),
 .UNSPECIFIED. ) ;
#655 = CARTESIAN_POINT ( 'NONE',  ( -3.805246575660643100, 0.8650000000000003200, 17.70431948479133400 ) ) ;
#656 = ORIENTED_EDGE ( 'NONE', *, *, #1358, .T. ) ;
#657 = DIRECTION ( 'NONE',  ( -0.0000000000000000000, -1.000000000000000000, -0.0000000000000000000 ) ) ;
#658 =( NAMED_UNIT ( * ) PLANE_ANGLE_UNIT ( ) SI_UNIT ( $, .RADIAN. ) );
#659 = SURFACE_STYLE_FILL_AREA ( #3442 ) ;
#660 = AXIS2_PLACEMENT_3D ( 'NONE', #6384, #3071, #333 ) ;
#661 = ORIENTED_EDGE ( 'NONE', *, *, #38, .F. ) ;
#662 = CARTESIAN_POINT ( 'NONE',  ( 18.99999999999999600, 0.8650000000000003200, -19.00000000000000400 ) ) ;
#663 = VECTOR ( 'NONE', #5109, 1000.000000000000000 ) ;
#664 = CARTESIAN_POINT ( 'NONE',  ( -6.373883349586632700, 0.8650000000000003200, 18.19891092970823700 ) ) ;
#665 = ORIENTED_EDGE ( 'NONE', *, *, #596, .T. ) ;
#666 = PLANE ( 'NONE',  #1966 ) ;
#667 = PRESENTATION_LAYER_ASSIGNMENT (  '', '', ( #4263 ) ) ;
#668 = COLOUR_RGB ( '',0.0000000000000000000, 0.0000000000000000000, 1.000000000000000000 ) ;
#669 = EDGE_CURVE ( 'NONE', #3887, #5610, #111, .T. ) ;
#670 = CARTESIAN_POINT ( 'NONE',  ( -11.29027920413558300, 0.8653000000000004000, 18.45133746945663600 ) ) ;
#671 = DIRECTION ( 'NONE',  ( 0.0000000000000000000, 0.0000000000000000000, 1.000000000000000000 ) ) ;
#672 = PRESENTATION_LAYER_ASSIGNMENT (  '', '', ( #3133 ) ) ;
#673 = LINE ( 'NONE', #7100, #2008 ) ;
#674 = SURFACE_STYLE_USAGE ( .BOTH. , #1258 ) ;
#675 = ORIENTED_EDGE ( 'NONE', *, *, #3087, .F. ) ;
#676 = FILL_AREA_STYLE ('',( #3863 ) ) ;
#677 = CARTESIAN_POINT ( 'NONE',  ( -3.533706688394836300, 0.8650000000000003200, 18.06816015398052100 ) ) ;
#678 = DIRECTION ( 'NONE',  ( -0.0000000000000000000, -1.000000000000000000, -0.0000000000000000000 ) ) ;
#679 = CARTESIAN_POINT ( 'NONE',  ( -11.26524202843952200, 0.8653000000000004000, 17.30830367580641400 ) ) ;
#680 = COLOUR_RGB ( '',0.0000000000000000000, 0.0000000000000000000, 1.000000000000000000 ) ;
#681 = ORIENTED_EDGE ( 'NONE', *, *, #1642, .T. ) ;
#682 = EDGE_CURVE ( 'NONE', #5892, #6456, #2365, .T. ) ;
#683 = VERTEX_POINT ( 'NONE', #5218 ) ;
#684 =( GEOMETRIC_REPRESENTATION_CONTEXT ( 3 ) GLOBAL_UNCERTAINTY_ASSIGNED_CONTEXT ( ( #337 ) ) GLOBAL_UNIT_ASSIGNED_CONTEXT ( ( #4032, #2892, #1849 ) ) REPRESENTATION_CONTEXT ( 'NONE', 'WORKASPACE' ) );
#685 = COLOUR_RGB ( '',1.000000000000000000, 1.000000000000000000, 1.000000000000000000 ) ;
#686 = VECTOR ( 'NONE', #1608, 1000.000000000000000 ) ;
#687 = FILL_AREA_STYLE_COLOUR ( '', #7037 ) ;
#688 = CARTESIAN_POINT ( 'NONE',  ( -11.15390883288658900, 0.8650000000000003200, 18.00619333857467200 ) ) ;
#689 = ORIENTED_EDGE ( 'NONE', *, *, #307, .F. ) ;
#690 = EDGE_LOOP ( 'NONE', ( #5824, #5711, #95, #3548 ) ) ;
#691 = CARTESIAN_POINT ( 'NONE',  ( -9.639949665254722100, 0.8653000000000004000, 17.57000169561520400 ) ) ;
#692 = ORIENTED_EDGE ( 'NONE', *, *, #2106, .F. ) ;
#693 = ORIENTED_EDGE ( 'NONE', *, *, #818, .F. ) ;
#694 = EDGE_CURVE ( 'NONE', #4253, #1706, #5647, .T. ) ;
#695 = MECHANICAL_DESIGN_GEOMETRIC_PRESENTATION_REPRESENTATION (  '', ( #3153 ), #3536 ) ;
#696 = VECTOR ( 'NONE', #1944, 1000.000000000000000 ) ;
#697 = CARTESIAN_POINT ( 'NONE',  ( -9.999361009848611200, 0.8653000000000004000, 18.05898269427272900 ) ) ;
#698 = EDGE_LOOP ( 'NONE', ( #2783, #6382, #3255, #158 ) ) ;
#699 = CARTESIAN_POINT ( 'NONE',  ( -8.261725682775729500, 0.8653000000000004000, 17.95608755419133500 ) ) ;
#700 = ORIENTED_EDGE ( 'NONE', *, *, #6247, .T. ) ;
#701 =( NAMED_UNIT ( * ) PLANE_ANGLE_UNIT ( ) SI_UNIT ( $, .RADIAN. ) );
#702 = CARTESIAN_POINT ( 'NONE',  ( -7.858984287663347800, 0.8653000000000004000, 18.19891092970823700 ) ) ;
#703 = VECTOR ( 'NONE', #4298, 1000.000000000000000 ) ;
#704 = DIRECTION ( 'NONE',  ( 0.0000000000000000000, 0.0000000000000000000, 1.000000000000000000 ) ) ;
#705 = B_SPLINE_CURVE_WITH_KNOTS ( 'NONE', 2,
 ( #1342, #5818, #5757 ),
 .UNSPECIFIED., .F., .F.,
 ( 3, 3 ),
 ( 0.0000000000000000000, 1.000000000000000000 ),
 .UNSPECIFIED. ) ;
#706 = FACE_OUTER_BOUND ( 'NONE', #327, .T. ) ;
#707 = ORIENTED_EDGE ( 'NONE', *, *, #1799, .F. ) ;
#708 = PRESENTATION_LAYER_ASSIGNMENT (  '', '', ( #5027 ) ) ;
#709 = SURFACE_STYLE_USAGE ( .BOTH. , #183 ) ;
#710 = AXIS2_PLACEMENT_3D ( 'NONE', #4208, #6391, #3643 ) ;
#711 = CIRCLE ( 'NONE', #7126, 17.00000000000000400 ) ;
#712 = CARTESIAN_POINT ( 'NONE',  ( -12.18056257477258500, 0.8653000000000004000, 17.89797427332903700 ) ) ;
#713 = CARTESIAN_POINT ( 'NONE',  ( -11.72815476985506000, 0.8650000000000003200, 17.48298042619537200 ) ) ;
#714 = FILL_AREA_STYLE_COLOUR ( '', #3841 ) ;
#715 = CARTESIAN_POINT ( 'NONE',  ( -8.067130061986265600, 0.8653000000000004000, 17.95608755419133500 ) ) ;
#716 = ADVANCED_FACE ( 'NONE', ( #289 ), #3607, .F. ) ;
#717 = LINE ( 'NONE', #3108, #3928 ) ;
#718 = ORIENTED_EDGE ( 'NONE', *, *, #4552, .T. ) ;
#719 = SURFACE_STYLE_FILL_AREA ( #5827 ) ;
#720 =( GEOMETRIC_REPRESENTATION_CONTEXT ( 3 ) GLOBAL_UNCERTAINTY_ASSIGNED_CONTEXT ( ( #4323 ) ) GLOBAL_UNIT_ASSIGNED_CONTEXT ( ( #7024, #4300, #4903 ) ) REPRESENTATION_CONTEXT ( 'NONE', 'WORKASPACE' ) );
#721 =( NAMED_UNIT ( * ) SI_UNIT ( $, .STERADIAN. ) SOLID_ANGLE_UNIT ( ) );
#722 = LINE ( 'NONE', #4472, #2900 ) ;
#723 =( NAMED_UNIT ( * ) SI_UNIT ( $, .STERADIAN. ) SOLID_ANGLE_UNIT ( ) );
#724 = UNCERTAINTY_MEASURE_WITH_UNIT (LENGTH_MEASURE( 1.000000000000000100E-005 ), #3970, 'distance_accuracy_value', 'NONE');
#725 =( LENGTH_UNIT ( ) NAMED_UNIT ( * ) SI_UNIT ( .MILLI., .METRE. ) );
#726 = DIRECTION ( 'NONE',  ( -0.0000000000000000000, -0.0000000000000000000, -1.000000000000000000 ) ) ;
#727 = VERTEX_POINT ( 'NONE', #2431 ) ;
#728 = CARTESIAN_POINT ( 'NONE',  ( -3.845161075207352000, 0.8653000000000004000, 18.04350418491232900 ) ) ;
#729 =( LENGTH_UNIT ( ) NAMED_UNIT ( * ) SI_UNIT ( .MILLI., .METRE. ) );
#730 = LINE ( 'NONE', #21, #1887 ) ;
#731 = CARTESIAN_POINT ( 'NONE',  ( -5.245327677881258300, 0.8650000000000003200, 17.57000169561520400 ) ) ;
#732 = EDGE_CURVE ( 'NONE', #3708, #1210, #184, .T. ) ;
#733 = STYLED_ITEM ( 'NONE', ( #2898 ), #3624 ) ;
#734 = CARTESIAN_POINT ( 'NONE',  ( -4.039429389673068200, 0.8650000000000003200, 17.92601187586819100 ) ) ;
#735 = VECTOR ( 'NONE', #1169, 1000.000000000000000 ) ;
#736 = EDGE_CURVE ( 'NONE', #4154, #961, #5904, .T. ) ;
#737 = CARTESIAN_POINT ( 'NONE',  ( -14.60000000000000100, 0.8650000000000003200, -17.40000000000000200 ) ) ;
#738 = CARTESIAN_POINT ( 'NONE',  ( -11.76054351053508500, 0.8653000000000004000, 17.69570517639627000 ) ) ;
#739 = PRESENTATION_LAYER_ASSIGNMENT (  '', '', ( #144 ) ) ;
#740 = CARTESIAN_POINT ( 'NONE',  ( -4.050786439046619900, 0.8650000000000003200, 17.80630687864909900 ) ) ;
#741 = FILL_AREA_STYLE_COLOUR ( '', #1732 ) ;
#742 = VERTEX_POINT ( 'NONE', #6129 ) ;
#743 = CARTESIAN_POINT ( 'NONE',  ( -12.18346340461477300, 0.8650000000000003200, 17.86572192957768800 ) ) ;
#745 = STYLED_ITEM ( 'NONE', ( #3131 ), #407 ) ;
#744 = SURFACE_SIDE_STYLE ('',( #6371 ) ) ;
#746 = ORIENTED_EDGE ( 'NONE', *, *, #7110, .F. ) ;
#747 = COLOUR_RGB ( '',0.0000000000000000000, 0.0000000000000000000, 1.000000000000000000 ) ;
#748 =( NAMED_UNIT ( * ) SI_UNIT ( $, .STERADIAN. ) SOLID_ANGLE_UNIT ( ) );
#749 = CARTESIAN_POINT ( 'NONE',  ( -8.667013013304648800, 0.8653000000000004000, 17.99921390012985300 ) ) ;
#750 = LINE ( 'NONE', #6454, #6453 ) ;
#751 = FILL_AREA_STYLE_COLOUR ( '', #6560 ) ;
#752 = VERTEX_POINT ( 'NONE', #6232 ) ;
#753 =( NAMED_UNIT ( * ) SI_UNIT ( $, .STERADIAN. ) SOLID_ANGLE_UNIT ( ) );
#754 = FACE_OUTER_BOUND ( 'NONE', #4948, .T. ) ;
#755 =( GEOMETRIC_REPRESENTATION_CONTEXT ( 3 ) GLOBAL_UNCERTAINTY_ASSIGNED_CONTEXT ( ( #65 ) ) GLOBAL_UNIT_ASSIGNED_CONTEXT ( ( #2017, #4174, #849 ) ) REPRESENTATION_CONTEXT ( 'NONE', 'WORKASPACE' ) );
#756 = UNCERTAINTY_MEASURE_WITH_UNIT (LENGTH_MEASURE( 1.000000000000000100E-005 ), #3865, 'distance_accuracy_value', 'NONE');
#757 = ORIENTED_EDGE ( 'NONE', *, *, #2555, .T. ) ;
#758 = SURFACE_SIDE_STYLE ('',( #1717 ) ) ;
#759 = CARTESIAN_POINT ( 'NONE',  ( -31.44318348357383600, 1.364629079620785400, 21.32638074069099700 ) ) ;
#760 = CARTESIAN_POINT ( 'NONE',  ( -4.039429389673068200, 0.8650000000000003200, 17.92601187586819100 ) ) ;
#761 = SURFACE_STYLE_FILL_AREA ( #5905 ) ;
#762 = CARTESIAN_POINT ( 'NONE',  ( -9.971997813562577300, 0.8653000000000004000, 17.77774013301958800 ) ) ;
#763 = ORIENTED_EDGE ( 'NONE', *, *, #5714, .F. ) ;
#764 = EDGE_CURVE ( 'NONE', #1242, #2622, #874, .T. ) ;
#765 = CARTESIAN_POINT ( 'NONE',  ( 17.40000000000000600, 0.8350000000000000800, 16.19999999999999900 ) ) ;
#766 = PRESENTATION_LAYER_ASSIGNMENT (  '', '', ( #1920 ) ) ;
#767 =( NAMED_UNIT ( * ) PLANE_ANGLE_UNIT ( ) SI_UNIT ( $, .RADIAN. ) );
#768 = SURFACE_SIDE_STYLE ('',( #291 ) ) ;
#769 = ORIENTED_EDGE ( 'NONE', *, *, #4173, .F. ) ;
#770 = FILL_AREA_STYLE ('',( #1343 ) ) ;
#771 = VERTEX_POINT ( 'NONE', #6848 ) ;
#772 = LINE ( 'NONE', #3573, #2019 ) ;
#773 = CARTESIAN_POINT ( 'NONE',  ( -4.509297700310660200, 0.8650000000000003200, 18.03834697636674300 ) ) ;
#774 = B_SPLINE_CURVE_WITH_KNOTS ( 'NONE', 3,
 ( #7019, #2113, #1609, #6500 ),
 .UNSPECIFIED., .F., .F.,
 ( 4, 4 ),
 ( 0.0000000000000000000, 1.000000000000000000 ),
 .UNSPECIFIED. ) ;
#775 = EDGE_CURVE ( 'NONE', #2261, #5885, #3474, .T. ) ;
#776 = VECTOR ( 'NONE', #3233, 1000.000000000000000 ) ;
#777 = ORIENTED_EDGE ( 'NONE', *, *, #54, .T. ) ;
#778 =( GEOMETRIC_REPRESENTATION_CONTEXT ( 3 ) GLOBAL_UNCERTAINTY_ASSIGNED_CONTEXT ( ( #2383 ) ) GLOBAL_UNIT_ASSIGNED_CONTEXT ( ( #2619, #2099, #7033 ) ) REPRESENTATION_CONTEXT ( 'NONE', 'WORKASPACE' ) );
#779 = CARTESIAN_POINT ( 'NONE',  ( -7.020653954054350400, 0.8653000000000004000, 18.19891092970823700 ) ) ;
#780 = ORIENTED_EDGE ( 'NONE', *, *, #340, .F. ) ;
#781 = ORIENTED_EDGE ( 'NONE', *, *, #4637, .F. ) ;
#782 = FILL_AREA_STYLE_COLOUR ( '', #195 ) ;
#783 = FILL_AREA_STYLE_COLOUR ( '', #1554 ) ;
#784 = CARTESIAN_POINT ( 'NONE',  ( -10.08184721089984500, 0.8650000000000003200, 17.58080537566368300 ) ) ;
#785 = LINE ( 'NONE', #4767, #1056 ) ;
#786 = SURFACE_STYLE_FILL_AREA ( #257 ) ;
#787 = CARTESIAN_POINT ( 'NONE',  ( 35.91762928862195300, 1.363887651569858400, 12.35548981252257900 ) ) ;
#788 = ADVANCED_FACE ( 'NONE', ( #5488 ), #4335, .F. ) ;
#789 = EDGE_LOOP ( 'NONE', ( #1224, #3433, #693, #3193 ) ) ;
#790 = EDGE_CURVE ( 'NONE', #5557, #5565, #3844, .T. ) ;
#791 =( NAMED_UNIT ( * ) PLANE_ANGLE_UNIT ( ) SI_UNIT ( $, .RADIAN. ) );
#792 = AXIS2_PLACEMENT_3D ( 'NONE', #699, #5062, #6167 ) ;
#793 = FACE_OUTER_BOUND ( 'NONE', #4945, .T. ) ;
#794 =( NAMED_UNIT ( * ) SI_UNIT ( $, .STERADIAN. ) SOLID_ANGLE_UNIT ( ) );
#795 = FACE_BOUND ( 'NONE', #1150, .T. ) ;
#796 = CARTESIAN_POINT ( 'NONE',  ( -12.78295325769270400, 0.8653000000000004000, 18.18989930348602600 ) ) ;
#797 = CARTESIAN_POINT ( 'NONE',  ( -12.18515224144049300, 0.8650000000000003200, 17.88701189099145200 ) ) ;
#798 =( NAMED_UNIT ( * ) SI_UNIT ( $, .STERADIAN. ) SOLID_ANGLE_UNIT ( ) );
#799 = VECTOR ( 'NONE', #4588, 1000.000000000000000 ) ;
#800 = B_SPLINE_CURVE_WITH_KNOTS ( 'NONE', 3,
 ( #3898, #1718, #3386, #3966 ),
 .UNSPECIFIED., .F., .F.,
 ( 4, 4 ),
 ( 0.0000000000000000000, 1.000000000000000000 ),
 .UNSPECIFIED. ) ;
#801 =( LENGTH_UNIT ( ) NAMED_UNIT ( * ) SI_UNIT ( .MILLI., .METRE. ) );
#802 = ORIENTED_EDGE ( 'NONE', *, *, #5395, .F. ) ;
#803 = COLOUR_RGB ( '',0.0000000000000000000, 0.0000000000000000000, 1.000000000000000000 ) ;
#804 = SURFACE_STYLE_FILL_AREA ( #194 ) ;
#805 = PRESENTATION_LAYER_ASSIGNMENT (  '', '', ( #1088 ) ) ;
#806 = SURFACE_SIDE_STYLE ('',( #1495 ) ) ;
#807 = COLOUR_RGB ( '',0.0000000000000000000, 0.0000000000000000000, 1.000000000000000000 ) ;
#808 = UNCERTAINTY_MEASURE_WITH_UNIT (LENGTH_MEASURE( 1.000000000000000100E-005 ), #5225, 'distance_accuracy_value', 'NONE');
#809 = VECTOR ( 'NONE', #570, 1000.000000000000000 ) ;
#810 = DIRECTION ( 'NONE',  ( 0.0000000000000000000, 0.0000000000000000000, 1.000000000000000000 ) ) ;
#811 = ORIENTED_EDGE ( 'NONE', *, *, #97, .F. ) ;
#812 = COLOUR_RGB ( '',0.0000000000000000000, 0.0000000000000000000, 1.000000000000000000 ) ;
#813 = ORIENTED_EDGE ( 'NONE', *, *, #6423, .F. ) ;
#814 = PRESENTATION_STYLE_ASSIGNMENT (( #4814 ) ) ;
#815 = UNCERTAINTY_MEASURE_WITH_UNIT (LENGTH_MEASURE( 1.000000000000000100E-005 ), #4360, 'distance_accuracy_value', 'NONE');
#816 =( NAMED_UNIT ( * ) SI_UNIT ( $, .STERADIAN. ) SOLID_ANGLE_UNIT ( ) );
#817 = PRESENTATION_LAYER_ASSIGNMENT (  '', '', ( #5696 ) ) ;
#818 = EDGE_CURVE ( 'NONE', #5184, #5898, #1980, .T. ) ;
#819 = STYLED_ITEM ( 'NONE', ( #6669 ), #2182 ) ;
#820 =( LENGTH_UNIT ( ) NAMED_UNIT ( * ) SI_UNIT ( .MILLI., .METRE. ) );
#821 = CARTESIAN_POINT ( 'NONE',  ( -5.803609267994147600, 0.8653000000000004000, 17.57000169561520400 ) ) ;
#822 = FILL_AREA_STYLE_COLOUR ( '', #216 ) ;
#823 = DIRECTION ( 'NONE',  ( -0.0000000000000000000, -0.0000000000000000000, -1.000000000000000000 ) ) ;
#824 = SURFACE_STYLE_FILL_AREA ( #1528 ) ;
#825 = CARTESIAN_POINT ( 'NONE',  ( -11.84618586599094100, 0.8653000000000004000, 18.39479209532017400 ) ) ;
#826 = EDGE_CURVE ( 'NONE', #7071, #3697, #6090, .T. ) ;
#827 = PLANE ( 'NONE',  #19 ) ;
#828 = DIRECTION ( 'NONE',  ( -0.0000000000000000000, -1.000000000000000000, -0.0000000000000000000 ) ) ;
#829 = FACE_OUTER_BOUND ( 'NONE', #5733, .T. ) ;
#830 = PRESENTATION_LAYER_ASSIGNMENT (  '', '', ( #2701 ) ) ;
#831 = PLANE ( 'NONE',  #4112 ) ;
#832 = CARTESIAN_POINT ( 'NONE',  ( -4.440561772358937500, 0.8653000000000004000, 17.57000169561520400 ) ) ;
#833 = CARTESIAN_POINT ( 'NONE',  ( -3.865548922873262700, 0.8653000000000004000, 17.81062405547182700 ) ) ;
#834 = EDGE_LOOP ( 'NONE', ( #5387, #6984, #6255, #2437 ) ) ;
#835 = EDGE_CURVE ( 'NONE', #5300, #4340, #2223, .T. ) ;
#836 = CARTESIAN_POINT ( 'NONE',  ( -10.61446690945732000, 0.8650000000000003200, 18.42454691138690800 ) ) ;
#837 = DIRECTION ( 'NONE',  ( 1.000000000000000000, 0.0000000000000000000, -0.0000000000000000000 ) ) ;
#838 = SURFACE_STYLE_USAGE ( .BOTH. , #4769 ) ;
#839 = LINE ( 'NONE', #6827, #330 ) ;
#840 = FILL_AREA_STYLE_COLOUR ( '', #680 ) ;
#841 = ORIENTED_EDGE ( 'NONE', *, *, #4589, .F. ) ;
#842 = ORIENTED_EDGE ( 'NONE', *, *, #4213, .T. ) ;
#843 = LINE ( 'NONE', #6308, #934 ) ;
#844 =( LENGTH_UNIT ( ) NAMED_UNIT ( * ) SI_UNIT ( .MILLI., .METRE. ) );
#845 = DIRECTION ( 'NONE',  ( -0.0000000000000000000, -1.000000000000000000, -0.0000000000000000000 ) ) ;
#846 = ORIENTED_EDGE ( 'NONE', *, *, #6024, .T. ) ;
#847 =( LENGTH_UNIT ( ) NAMED_UNIT ( * ) SI_UNIT ( .MILLI., .METRE. ) );
#848 = EDGE_LOOP ( 'NONE', ( #910, #2341, #62, #2758 ) ) ;
#849 =( NAMED_UNIT ( * ) SI_UNIT ( $, .STERADIAN. ) SOLID_ANGLE_UNIT ( ) );
#850 = ORIENTED_EDGE ( 'NONE', *, *, #1271, .T. ) ;
#851 = DIRECTION ( 'NONE',  ( 1.000000000000000000, 0.0000000000000000000, 0.0000000000000000000 ) ) ;
#852 = DIRECTION ( 'NONE',  ( 1.000000000000000000, -0.0000000000000000000, 0.0000000000000000000 ) ) ;
#853 = UNCERTAINTY_MEASURE_WITH_UNIT (LENGTH_MEASURE( 1.000000000000000100E-005 ), #2856, 'distance_accuracy_value', 'NONE');
#854 = FILL_AREA_STYLE_COLOUR ( '', #1077 ) ;
#855 = ORIENTED_EDGE ( 'NONE', *, *, #6683, .F. ) ;
#856 = PRESENTATION_LAYER_ASSIGNMENT (  '', '', ( #4475 ) ) ;
#857 = CARTESIAN_POINT ( 'NONE',  ( -12.18056257477258500, 0.8650000000000003200, 17.89797427332903700 ) ) ;
#858 = SURFACE_STYLE_FILL_AREA ( #999 ) ;
#859 = SURFACE_SIDE_STYLE ('',( #7120 ) ) ;
#860 = VERTEX_POINT ( 'NONE', #3320 ) ;
#861 = ORIENTED_EDGE ( 'NONE', *, *, #6024, .F. ) ;
#862 = VECTOR ( 'NONE', #5631, 1000.000000000000000 ) ;
#863 = FACE_OUTER_BOUND ( 'NONE', #2195, .T. ) ;
#864 = ORIENTED_EDGE ( 'NONE', *, *, #1463, .T. ) ;
#865 = ORIENTED_EDGE ( 'NONE', *, *, #1377, .F. ) ;
#866 = EDGE_CURVE ( 'NONE', #4253, #2088, #6346, .T. ) ;
#867 =( LENGTH_UNIT ( ) NAMED_UNIT ( * ) SI_UNIT ( .MILLI., .METRE. ) );
#868 = ORIENTED_EDGE ( 'NONE', *, *, #866, .F. ) ;
#869 = CARTESIAN_POINT ( 'NONE',  ( -6.107512552934629500, 0.8650000000000003200, 17.57000169561520400 ) ) ;
#870 =( GEOMETRIC_REPRESENTATION_CONTEXT ( 3 ) GLOBAL_UNCERTAINTY_ASSIGNED_CONTEXT ( ( #4105 ) ) GLOBAL_UNIT_ASSIGNED_CONTEXT ( ( #7123, #1085, #2806 ) ) REPRESENTATION_CONTEXT ( 'NONE', 'WORKASPACE' ) );
#871 = LINE ( 'NONE', #6348, #5120 ) ;
#872 = CARTESIAN_POINT ( 'NONE',  ( -4.440561772358937500, 0.8650000000000003200, 17.95608755419133500 ) ) ;
#873 =( NAMED_UNIT ( * ) SI_UNIT ( $, .STERADIAN. ) SOLID_ANGLE_UNIT ( ) );
#874 = LINE ( 'NONE', #1914, #4522 ) ;
#875 = CARTESIAN_POINT ( 'NONE',  ( -5.441176461509573200, 0.8650000000000003200, 18.03834697636674300 ) ) ;
#876 = ORIENTED_EDGE ( 'NONE', *, *, #984, .F. ) ;
#877 = CARTESIAN_POINT ( 'NONE',  ( -5.040810504759547500, 0.8653000000000004000, 17.57000169561520400 ) ) ;
#878 = ORIENTED_EDGE ( 'NONE', *, *, #3011, .T. ) ;
#879 = EDGE_CURVE ( 'NONE', #6174, #1101, #1373, .T. ) ;
#880 =( NAMED_UNIT ( * ) SI_UNIT ( $, .STERADIAN. ) SOLID_ANGLE_UNIT ( ) );
#881 = AXIS2_PLACEMENT_3D ( 'NONE', #231, #5171, #5272 ) ;
#882 = LINE ( 'NONE', #1353, #6081 ) ;
#883 = VERTEX_POINT ( 'NONE', #3813 ) ;
#884 = VECTOR ( 'NONE', #6269, 1000.000000000000000 ) ;
#885 = CARTESIAN_POINT ( 'NONE',  ( -10.85635636153174500, 0.8650000000000003200, 18.44626050294931100 ) ) ;
#886 =( LENGTH_UNIT ( ) NAMED_UNIT ( * ) SI_UNIT ( .MILLI., .METRE. ) );
#887 = SURFACE_SIDE_STYLE ('',( #4622 ) ) ;
#888 = DIRECTION ( 'NONE',  ( -1.000000000000000000, 0.0000000000000000000, 0.0000000000000000000 ) ) ;
#889 = VECTOR ( 'NONE', #514, 1000.000000000000000 ) ;
#890 = PRESENTATION_LAYER_ASSIGNMENT (  '', '', ( #253 ) ) ;
#891 = SURFACE_SIDE_STYLE ('',( #4351 ) ) ;
#892 = STYLED_ITEM ( 'NONE', ( #3221 ), #5847 ) ;
#893 = ADVANCED_FACE ( 'NONE', ( #894 ), #4381, .F. ) ;
#894 = FACE_OUTER_BOUND ( 'NONE', #6264, .T. ) ;
#895 = CARTESIAN_POINT ( 'NONE',  ( -8.067130061986265600, 0.8650000000000003200, 17.95608755419133500 ) ) ;
#896 = CARTESIAN_POINT ( 'NONE',  ( -4.317946421336984000, 0.8650000000000003200, 18.19032716632673500 ) ) ;
#897 = ORIENTED_EDGE ( 'NONE', *, *, #2237, .T. ) ;
#898 = CARTESIAN_POINT ( 'NONE',  ( -3.805246575660643100, 0.8653000000000004000, 17.80630687864909900 ) ) ;
#899 = UNCERTAINTY_MEASURE_WITH_UNIT (LENGTH_MEASURE( 1.000000000000000100E-005 ), #6953, 'distance_accuracy_value', 'NONE');
#900 = B_SPLINE_CURVE_WITH_KNOTS ( 'NONE', 3,
 ( #42, #3907, #5236, #773 ),
 .UNSPECIFIED., .F., .F.,
 ( 4, 4 ),
 ( 0.0000000000000000000, 1.000000000000000000 ),
 .UNSPECIFIED. ) ;
#901 = DIRECTION ( 'NONE',  ( -1.000000000000000000, 0.0000000000000000000, 0.0000000000000000000 ) ) ;
#902 = LINE ( 'NONE', #3961, #4810 ) ;
#903 =( LENGTH_UNIT ( ) NAMED_UNIT ( * ) SI_UNIT ( .MILLI., .METRE. ) );
#904 =( GEOMETRIC_REPRESENTATION_CONTEXT ( 3 ) GLOBAL_UNCERTAINTY_ASSIGNED_CONTEXT ( ( #2044 ) ) GLOBAL_UNIT_ASSIGNED_CONTEXT ( ( #6544, #3860, #4423 ) ) REPRESENTATION_CONTEXT ( 'NONE', 'WORKASPACE' ) );
#905 = DIRECTION ( 'NONE',  ( 1.000000000000000000, 0.0000000000000000000, 0.0000000000000000000 ) ) ;
#906 = AXIS2_PLACEMENT_3D ( 'NONE', #136, #5067, #6176 ) ;
#907 = PRESENTATION_STYLE_ASSIGNMENT (( #228 ) ) ;
#908 = ORIENTED_EDGE ( 'NONE', *, *, #1888, .T. ) ;
#909 = LINE ( 'NONE', #2918, #3506 ) ;
#910 = ORIENTED_EDGE ( 'NONE', *, *, #6078, .T. ) ;
#911 = DIRECTION ( 'NONE',  ( 0.0000000000000000000, 0.0000000000000000000, -1.000000000000000000 ) ) ;
#912 = DIRECTION ( 'NONE',  ( 0.0000000000000000000, 0.0000000000000000000, -1.000000000000000000 ) ) ;
#913 = SURFACE_STYLE_USAGE ( .BOTH. , #4225 ) ;
#914 = FACE_BOUND ( 'NONE', #2987, .T. ) ;
#915 = LINE ( 'NONE', #6716, #2571 ) ;
#916 =( NAMED_UNIT ( * ) SI_UNIT ( $, .STERADIAN. ) SOLID_ANGLE_UNIT ( ) );
#917 = DIRECTION ( 'NONE',  ( -0.0000000000000000000, -0.0000000000000000000, -1.000000000000000000 ) ) ;
#918 = DIRECTION ( 'NONE',  ( 0.0000000000000000000, -1.000000000000000000, 0.0000000000000000000 ) ) ;
#919 = EDGE_CURVE ( 'NONE', #2879, #1672, #6422, .T. ) ;
#920 = AXIS2_PLACEMENT_3D ( 'NONE', #4528, #1216, #6183 ) ;
#921 = DIRECTION ( 'NONE',  ( -0.0000000000000000000, -1.000000000000000000, -0.0000000000000000000 ) ) ;
#922 = FACE_OUTER_BOUND ( 'NONE', #5926, .T. ) ;
#923 = DIRECTION ( 'NONE',  ( -0.0000000000000000000, -1.000000000000000000, -0.0000000000000000000 ) ) ;
#924 = CARTESIAN_POINT ( 'NONE',  ( -15.99999999999998600, 0.0000000000000000000, 16.00000000000000700 ) ) ;
#925 = EDGE_CURVE ( 'NONE', #3321, #2647, #549, .T. ) ;
#926 = ADVANCED_FACE ( 'NONE', ( #5666 ), #3492, .F. ) ;
#927 = AXIS2_PLACEMENT_3D ( 'NONE', #6361, #4843, #7016 ) ;
#928 = STYLED_ITEM ( 'NONE', ( #5418 ), #3722 ) ;
#929 = VERTEX_POINT ( 'NONE', #2313 ) ;
#930 = CARTESIAN_POINT ( 'NONE',  ( -7.565312561836970300, 0.8653000000000004000, 17.57000169561520400 ) ) ;
#931 = VERTEX_POINT ( 'NONE', #6591 ) ;
#932 = ADVANCED_FACE ( 'NONE', ( #5921 ), #2252, .F. ) ;
#933 = PLANE ( 'NONE',  #5436 ) ;
#934 = VECTOR ( 'NONE', #6850, 1000.000000000000000 ) ;
#935 = SURFACE_STYLE_FILL_AREA ( #2366 ) ;
#936 = FILL_AREA_STYLE ('',( #959 ) ) ;
#937 = EDGE_CURVE ( 'NONE', #5357, #5357, #711, .T. ) ;
#938 = B_SPLINE_SURFACE_WITH_KNOTS ( 'NONE', 3, 1, ( 
 ( #3985, #1735 ),
 ( #2790, #3329 ),
 ( #4500, #2953 ),
 ( #1300, #6767 ) ),
 .UNSPECIFIED., .F., .F., .F.,
 ( 4, 4 ),
 ( 2, 2 ),
 ( 0.0000000000000000000, 1.000000000000000000 ),
 ( 0.0000000000000000000, 1.000000000000000000 ),
 .UNSPECIFIED. ) ;
#939 = CARTESIAN_POINT ( 'NONE',  ( 19.00000000000000400, 0.6999999999999999600, -18.99999999999999600 ) ) ;
#940 = ORIENTED_EDGE ( 'NONE', *, *, #1179, .F. ) ;
#941 =( LENGTH_UNIT ( ) NAMED_UNIT ( * ) SI_UNIT ( .MILLI., .METRE. ) );
#942 = CARTESIAN_POINT ( 'NONE',  ( -18.01975974987015400, 1.345379107330116500, 33.68291376868003800 ) ) ;
#943 = ORIENTED_EDGE ( 'NONE', *, *, #3575, .F. ) ;
#944 = ORIENTED_EDGE ( 'NONE', *, *, #2064, .F. ) ;
#945 = FILL_AREA_STYLE_COLOUR ( '', #4158 ) ;
#946 = CARTESIAN_POINT ( 'NONE',  ( -6.107512552934629500, 0.8650000000000003200, 18.19891092970823700 ) ) ;
#947 = AXIS2_PLACEMENT_3D ( 'NONE', #3342, #2897, #6662 ) ;
#948 = COLOUR_RGB ( '',1.000000000000000000, 1.000000000000000000, 0.0000000000000000000 ) ;
#949 = UNCERTAINTY_MEASURE_WITH_UNIT (LENGTH_MEASURE( 1.000000000000000100E-005 ), #1280, 'distance_accuracy_value', 'NONE');
#950 = ORIENTED_EDGE ( 'NONE', *, *, #297, .T. ) ;
#951 = FILL_AREA_STYLE ('',( #3782 ) ) ;
#952 = CARTESIAN_POINT ( 'NONE',  ( -11.16832556989444200, 0.8653000000000004000, 17.57734525350127800 ) ) ;
#953 = FILL_AREA_STYLE_COLOUR ( '', #3668 ) ;
#954 = EDGE_LOOP ( 'NONE', ( #1431, #1208, #2024, #6558 ) ) ;
#955 = ORIENTED_EDGE ( 'NONE', *, *, #1720, .F. ) ;
#956 = STYLED_ITEM ( 'NONE', ( #73 ), #7002 ) ;
#957 = EDGE_CURVE ( 'NONE', #3608, #2362, #985, .T. ) ;
#958 = VECTOR ( 'NONE', #6625, 1000.000000000000000 ) ;
#959 = FILL_AREA_STYLE_COLOUR ( '', #6700 ) ;
#960 =( GEOMETRIC_REPRESENTATION_CONTEXT ( 3 ) GLOBAL_UNCERTAINTY_ASSIGNED_CONTEXT ( ( #6353 ) ) GLOBAL_UNIT_ASSIGNED_CONTEXT ( ( #5756, #767, #4103 ) ) REPRESENTATION_CONTEXT ( 'NONE', 'WORKASPACE' ) );
#961 = VERTEX_POINT ( 'NONE', #5085 ) ;
#962 = CARTESIAN_POINT ( 'NONE',  ( -3.282499986744676700, 0.8653000000000004000, 17.63725463270457200 ) ) ;
#963 = VERTEX_POINT ( 'NONE', #6630 ) ;
#964 = SURFACE_SIDE_STYLE ('',( #1458 ) ) ;
#965 = CARTESIAN_POINT ( 'NONE',  ( -18.99999999999999300, 0.6999999999999999600, 19.00000000000000400 ) ) ;
#966 = ADVANCED_FACE ( 'NONE', ( #6011 ), #6104, .T. ) ;
#967 = VERTEX_POINT ( 'NONE', #3904 ) ;
#968 = ORIENTED_EDGE ( 'NONE', *, *, #1613, .F. ) ;
#969 = PRESENTATION_STYLE_ASSIGNMENT (( #3831 ) ) ;
#970 = CARTESIAN_POINT ( 'NONE',  ( -9.981614088852071000, 0.8653000000000004000, 17.99397935232808600 ) ) ;
#971 = SURFACE_STYLE_FILL_AREA ( #4861 ) ;
#972 = PRESENTATION_STYLE_ASSIGNMENT (( #7127 ) ) ;
#973 = EDGE_CURVE ( 'NONE', #495, #2631, #517, .T. ) ;
#974 = CARTESIAN_POINT ( 'NONE',  ( 14.40000000000000200, 0.8650000000000003200, 16.00000000000000000 ) ) ;
#975 = SURFACE_STYLE_FILL_AREA ( #80 ) ;
#976 = CARTESIAN_POINT ( 'NONE',  ( -8.667013013304648800, 0.8653000000000004000, 17.99921390012985300 ) ) ;
#977 = VERTEX_POINT ( 'NONE', #1804 ) ;
#978 = MECHANICAL_DESIGN_GEOMETRIC_PRESENTATION_REPRESENTATION (  '', ( #3703 ), #135 ) ;
#979 = SURFACE_STYLE_USAGE ( .BOTH. , #5492 ) ;
#980 =( NAMED_UNIT ( * ) SI_UNIT ( $, .STERADIAN. ) SOLID_ANGLE_UNIT ( ) );
#981 = PLANE ( 'NONE',  #4446 ) ;
#982 = CARTESIAN_POINT ( 'NONE',  ( -16.24893162393162900, 0.8350000000000000800, -13.79123931623931700 ) ) ;
#983 = PRESENTATION_STYLE_ASSIGNMENT (( #3459 ) ) ;
#984 = EDGE_CURVE ( 'NONE', #2018, #6229, #3836, .T. ) ;
#985 = LINE ( 'NONE', #3973, #116 ) ;
#986 = MECHANICAL_DESIGN_GEOMETRIC_PRESENTATION_REPRESENTATION (  '', ( #5806 ), #1380 ) ;
#987 = ORIENTED_EDGE ( 'NONE', *, *, #5039, .T. ) ;
#988 = LINE ( 'NONE', #4458, #3056 ) ;
#989 = PRESENTATION_STYLE_ASSIGNMENT (( #5923 ) ) ;
#990 = DIRECTION ( 'NONE',  ( -0.0000000000000000000, 1.000000000000000000, 0.0000000000000000000 ) ) ;
#991 = DIRECTION ( 'NONE',  ( -0.9912568491730745500, 0.0000000000000000000, 0.1319464246104018700 ) ) ;
#992 = DIRECTION ( 'NONE',  ( -0.0000000000000000000, 1.000000000000000000, 0.0000000000000000000 ) ) ;
#993 =( NAMED_UNIT ( * ) SI_UNIT ( $, .STERADIAN. ) SOLID_ANGLE_UNIT ( ) );
#994 = ORIENTED_EDGE ( 'NONE', *, *, #508, .F. ) ;
#995 =( GEOMETRIC_REPRESENTATION_CONTEXT ( 3 ) GLOBAL_UNCERTAINTY_ASSIGNED_CONTEXT ( ( #7042 ) ) GLOBAL_UNIT_ASSIGNED_CONTEXT ( ( #2754, #2714, #5540 ) ) REPRESENTATION_CONTEXT ( 'NONE', 'WORKASPACE' ) );
#996 = PRESENTATION_LAYER_ASSIGNMENT (  '', '', ( #4570 ) ) ;
#997 = UNCERTAINTY_MEASURE_WITH_UNIT (LENGTH_MEASURE( 1.000000000000000100E-005 ), #3947, 'distance_accuracy_value', 'NONE');
#998 = DIRECTION ( 'NONE',  ( 0.0000000000000000000, -0.0000000000000000000, -1.000000000000000000 ) ) ;
#999 = FILL_AREA_STYLE ('',( #945 ) ) ;
#1000 = SURFACE_STYLE_FILL_AREA ( #1254 ) ;
#1001 = VECTOR ( 'NONE', #409, 1000.000000000000000 ) ;
#1002 = FILL_AREA_STYLE ('',( #5467 ) ) ;
#1003 = CARTESIAN_POINT ( 'NONE',  ( -3.845161075207352000, 0.8650000000000003200, 18.19891092970823700 ) ) ;
#1004 = DIRECTION ( 'NONE',  ( 1.000000000000000000, 0.0000000000000000000, -1.084202172485503400E-015 ) ) ;
#1005 = PRESENTATION_LAYER_ASSIGNMENT (  '', '', ( #1251 ) ) ;
#1006 = COLOUR_RGB ( '',0.0000000000000000000, 0.0000000000000000000, 1.000000000000000000 ) ;
#1007 = ADVANCED_FACE ( 'NONE', ( #630 ), #4514, .F. ) ;
#1008 = DIRECTION ( 'NONE',  ( 0.0000000000000000000, 1.000000000000000000, 0.0000000000000000000 ) ) ;
#1009 =( NAMED_UNIT ( * ) SI_UNIT ( $, .STERADIAN. ) SOLID_ANGLE_UNIT ( ) );
#1010 = FILL_AREA_STYLE ('',( #7145 ) ) ;
#1011 =( NAMED_UNIT ( * ) SI_UNIT ( $, .STERADIAN. ) SOLID_ANGLE_UNIT ( ) );
#1012 = CARTESIAN_POINT ( 'NONE',  ( -4.448922305484327200, 0.8650000000000003200, 18.01574776695557000 ) ) ;
#1013 = SURFACE_STYLE_FILL_AREA ( #3615 ) ;
#1014 = PRODUCT_DEFINITION_FORMATION_WITH_SPECIFIED_SOURCE ( 'ANY', '', #3207, .NOT_KNOWN. ) ;
#1015 = EDGE_CURVE ( 'NONE', #5548, #2108, #4451, .T. ) ;
#1016 = ORIENTED_EDGE ( 'NONE', *, *, #2572, .T. ) ;
#1017 = CARTESIAN_POINT ( 'NONE',  ( -12.18346340461477300, 0.8650000000000003200, 17.87551710783972700 ) ) ;
#1018 = CARTESIAN_POINT ( 'NONE',  ( -7.565312561836970300, 0.8650000000000003200, 17.57000169561520400 ) ) ;
#1019 = CARTESIAN_POINT ( 'NONE',  ( -9.985630581786313800, 0.8653000000000004000, 17.70333963657575200 ) ) ;
#1020 = DIRECTION ( 'NONE',  ( 1.000000000000000000, 0.0000000000000000000, 0.0000000000000000000 ) ) ;
#1021 = VERTEX_POINT ( 'NONE', #2991 ) ;
#1022 = EDGE_CURVE ( 'NONE', #3880, #5552, #2721, .T. ) ;
#1023 = ORIENTED_EDGE ( 'NONE', *, *, #4773, .T. ) ;
#1024 = PRESENTATION_LAYER_ASSIGNMENT (  '', '', ( #3661 ) ) ;
#1025 = COLOUR_RGB ( '',0.0000000000000000000, 0.0000000000000000000, 1.000000000000000000 ) ;
#1026 = AXIS2_PLACEMENT_3D ( 'NONE', #3259, #1020, #3183 ) ;
#1027 = CARTESIAN_POINT ( 'NONE',  ( -16.79166666666667100, 0.8350000000000000800, -13.27564102564102600 ) ) ;
#1028 = VECTOR ( 'NONE', #4506, 1000.000000000000000 ) ;
#1029 =( LENGTH_UNIT ( ) NAMED_UNIT ( * ) SI_UNIT ( .MILLI., .METRE. ) );
#1030 = VERTEX_POINT ( 'NONE', #5779 ) ;
#1031 = B_SPLINE_CURVE_WITH_KNOTS ( 'NONE', 3,
 ( #2245, #1631, #2795, #5059 ),
 .UNSPECIFIED., .F., .F.,
 ( 4, 4 ),
 ( 0.0000000000000000000, 1.000000000000000000 ),
 .UNSPECIFIED. ) ;
#1032 = CARTESIAN_POINT ( 'NONE',  ( -10.05238526892099100, 0.8650000000000003200, 18.12470470102213900 ) ) ;
#1033 = COLOUR_RGB ( '',1.000000000000000000, 1.000000000000000000, 1.000000000000000000 ) ;
#1034 = STYLED_ITEM ( 'NONE', ( #1967 ), #329 ) ;
#1035 = UNCERTAINTY_MEASURE_WITH_UNIT (LENGTH_MEASURE( 1.000000000000000100E-005 ), #3419, 'distance_accuracy_value', 'NONE');
#1036 = SURFACE_STYLE_FILL_AREA ( #5408 ) ;
#1037 =( NAMED_UNIT ( * ) PLANE_ANGLE_UNIT ( ) SI_UNIT ( $, .RADIAN. ) );
#1038 = SURFACE_SIDE_STYLE ('',( #2293 ) ) ;
#1039 = ORIENTED_EDGE ( 'NONE', *, *, #5835, .T. ) ;
#1040 = SURFACE_STYLE_USAGE ( .BOTH. , #887 ) ;
#1041 = LINE ( 'NONE', #72, #5293 ) ;
#1042 = ORIENTED_EDGE ( 'NONE', *, *, #4422, .T. ) ;
#1043 = UNCERTAINTY_MEASURE_WITH_UNIT (LENGTH_MEASURE( 1.000000000000000100E-005 ), #5063, 'distance_accuracy_value', 'NONE');
#1044 = CARTESIAN_POINT ( 'NONE',  ( 18.99999999999999600, 0.8650000000000003200, -19.00000000000000400 ) ) ;
#1045 = ORIENTED_EDGE ( 'NONE', *, *, #5425, .F. ) ;
#1046 = CARTESIAN_POINT ( 'NONE',  ( -12.18515224144049300, 0.8653000000000004000, 17.88701189099145200 ) ) ;
#1047 = PRESENTATION_LAYER_ASSIGNMENT (  '', '', ( #4983 ) ) ;
#1048 = PLANE ( 'NONE',  #4967 ) ;
#1049 = PRESENTATION_LAYER_ASSIGNMENT (  '', '', ( #7094 ) ) ;
#1050 = DIRECTION ( 'NONE',  ( -1.000000000000000000, 0.0000000000000000000, -0.0000000000000000000 ) ) ;
#1051 = SURFACE_STYLE_FILL_AREA ( #1072 ) ;
#1052 = VERTEX_POINT ( 'NONE', #6286 ) ;
#1053 = ORIENTED_EDGE ( 'NONE', *, *, #2011, .T. ) ;
#1054 = VERTEX_POINT ( 'NONE', #2938 ) ;
#1055 = CARTESIAN_POINT ( 'NONE',  ( -6.831133247271061700, 0.8653000000000004000, 17.57000169561520400 ) ) ;
#1056 = VECTOR ( 'NONE', #432, 1000.000000000000000 ) ;
#1057 = VECTOR ( 'NONE', #6330, 1000.000000000000000 ) ;
#1058 = LINE ( 'NONE', #3520, #4607 ) ;
#1059 = CARTESIAN_POINT ( 'NONE',  ( 0.0000000000000000000, 0.8350000000000000800, -16.00000000000000000 ) ) ;
#1060 = ORIENTED_EDGE ( 'NONE', *, *, #2740, .F. ) ;
#1061 = EDGE_CURVE ( 'NONE', #6834, #2782, #1535, .T. ) ;
#1062 = ORIENTED_EDGE ( 'NONE', *, *, #413, .T. ) ;
#1063 = PRESENTATION_LAYER_ASSIGNMENT (  '', '', ( #1158 ) ) ;
#1064 = FACE_OUTER_BOUND ( 'NONE', #3890, .T. ) ;
#1065 = CARTESIAN_POINT ( 'NONE',  ( -6.107512552934629500, 0.8653000000000004000, 17.57000169561520400 ) ) ;
#1066 = FILL_AREA_STYLE_COLOUR ( '', #4727 ) ;
#1067 = FACE_OUTER_BOUND ( 'NONE', #5091, .T. ) ;
#1068 = FACE_BOUND ( 'NONE', #3114, .T. ) ;
#1069 = EDGE_CURVE ( 'NONE', #5914, #931, #7101, .T. ) ;
#1070 = AXIS2_PLACEMENT_3D ( 'NONE', #7119, #6085, #1677 ) ;
#1071 = VECTOR ( 'NONE', #5131, 1000.000000000000000 ) ;
#1072 = FILL_AREA_STYLE ('',( #4919 ) ) ;
#1073 = DIRECTION ( 'NONE',  ( -1.000000000000000000, 0.0000000000000000000, -0.0000000000000000000 ) ) ;
#1074 = FILL_AREA_STYLE ('',( #471 ) ) ;
#1075 = FACE_OUTER_BOUND ( 'NONE', #3797, .T. ) ;
#1076 = ORIENTED_EDGE ( 'NONE', *, *, #6969, .F. ) ;
#1077 = COLOUR_RGB ( '',0.0000000000000000000, 0.0000000000000000000, 1.000000000000000000 ) ;
#1078 = EDGE_CURVE ( 'NONE', #1128, #3880, #2297, .T. ) ;
#1079 =( LENGTH_UNIT ( ) NAMED_UNIT ( * ) SI_UNIT ( .MILLI., .METRE. ) );
#1080 = STYLED_ITEM ( 'NONE', ( #907 ), #5442 ) ;
#1081 = LINE ( 'NONE', #621, #1541 ) ;
#1082 =( NAMED_UNIT ( * ) PLANE_ANGLE_UNIT ( ) SI_UNIT ( $, .RADIAN. ) );
#1083 = ORIENTED_EDGE ( 'NONE', *, *, #790, .F. ) ;
#1084 = DIRECTION ( 'NONE',  ( -0.0000000000000000000, -1.000000000000000000, -0.0000000000000000000 ) ) ;
#1085 =( NAMED_UNIT ( * ) PLANE_ANGLE_UNIT ( ) SI_UNIT ( $, .RADIAN. ) );
#1086 = UNCERTAINTY_MEASURE_WITH_UNIT (LENGTH_MEASURE( 1.000000000000000100E-005 ), #4839, 'distance_accuracy_value', 'NONE');
#1087 = CARTESIAN_POINT ( 'NONE',  ( -4.819497407893102500, 0.8650000000000003200, 18.03341534530790800 ) ) ;
#1088 = STYLED_ITEM ( 'NONE', ( #106 ), #1292 ) ;
#1089 = PRESENTATION_STYLE_ASSIGNMENT (( #4542 ) ) ;
#1090 = COLOUR_RGB ( '',0.0000000000000000000, 0.0000000000000000000, 1.000000000000000000 ) ;
#1091 = DIRECTION ( 'NONE',  ( -9.130123557772669600E-017, -0.0000000000000000000, -1.000000000000000000 ) ) ;
#1092 = CARTESIAN_POINT ( 'NONE',  ( -10.08184721089984500, 0.8653000000000004000, 17.58080537566368300 ) ) ;
#1093 = SURFACE_STYLE_USAGE ( .BOTH. , #4439 ) ;
#1094 = FACE_OUTER_BOUND ( 'NONE', #3443, .T. ) ;
#1095 = CARTESIAN_POINT ( 'NONE',  ( -10.69686617517050600, 0.8650000000000003200, 17.76253634326051400 ) ) ;
#1096 = MECHANICAL_DESIGN_GEOMETRIC_PRESENTATION_REPRESENTATION (  '', ( #4678 ), #221 ) ;
#1097 = VERTEX_POINT ( 'NONE', #3541 ) ;
#1098 = CARTESIAN_POINT ( 'NONE',  ( -17.14444444444444900, 0.8650000000000003200, -13.27564102564102600 ) ) ;
#1099 = PRESENTATION_LAYER_ASSIGNMENT (  '', '', ( #6418 ) ) ;
#1100 = CARTESIAN_POINT ( 'NONE',  ( -12.20072210546603800, 0.8653000000000004000, 17.87551710783972700 ) ) ;
#1101 = VERTEX_POINT ( 'NONE', #4127 ) ;
#1102 = PLANE ( 'NONE',  #3055 ) ;
#1103 = ORIENTED_EDGE ( 'NONE', *, *, #6651, .F. ) ;
#1104 = DIRECTION ( 'NONE',  ( -1.000000000000000000, 0.0000000000000000000, 0.0000000000000000000 ) ) ;
#1105 = DIRECTION ( 'NONE',  ( 1.000000000000000000, 0.0000000000000000000, -0.0000000000000000000 ) ) ;
#1106 = ORIENTED_EDGE ( 'NONE', *, *, #5901, .F. ) ;
#1107 = FILL_AREA_STYLE_COLOUR ( '', #4297 ) ;
#1108 = ORIENTED_EDGE ( 'NONE', *, *, #5662, .F. ) ;
#1109 = COLOUR_RGB ( '',0.0000000000000000000, 0.0000000000000000000, 1.000000000000000000 ) ;
#1110 = EDGE_CURVE ( 'NONE', #5616, #622, #4716, .T. ) ;
#1111 = DIRECTION ( 'NONE',  ( -0.0000000000000000000, -1.000000000000000000, -0.0000000000000000000 ) ) ;
#1112 = PRESENTATION_LAYER_ASSIGNMENT (  '', '', ( #733 ) ) ;
#1113 = DIRECTION ( 'NONE',  ( 0.0000000000000000000, 0.0000000000000000000, 1.000000000000000000 ) ) ;
#1114 = VERTEX_POINT ( 'NONE', #6856 ) ;
#1115 =( NAMED_UNIT ( * ) SI_UNIT ( $, .STERADIAN. ) SOLID_ANGLE_UNIT ( ) );
#1116 =( NAMED_UNIT ( * ) PLANE_ANGLE_UNIT ( ) SI_UNIT ( $, .RADIAN. ) );
#1117 = ORIENTED_EDGE ( 'NONE', *, *, #7054, .F. ) ;
#1118 = EDGE_CURVE ( 'NONE', #5552, #5025, #2469, .T. ) ;
#1119 = ORIENTED_EDGE ( 'NONE', *, *, #4824, .T. ) ;
#1120 = VERTEX_POINT ( 'NONE', #2399 ) ;
#1121 = FILL_AREA_STYLE_COLOUR ( '', #1033 ) ;
#1122 = VECTOR ( 'NONE', #678, 1000.000000000000000 ) ;
#1123 = UNCERTAINTY_MEASURE_WITH_UNIT (LENGTH_MEASURE( 1.000000000000000100E-005 ), #3307, 'distance_accuracy_value', 'NONE');
#1124 = DIRECTION ( 'NONE',  ( 0.0000000000000000000, -0.0000000000000000000, 1.000000000000000000 ) ) ;
#1125 = ORIENTED_EDGE ( 'NONE', *, *, #6334, .T. ) ;
#1126 = B_SPLINE_CURVE_WITH_KNOTS ( 'NONE', 3,
 ( #1992, #796, #6888, #6870 ),
 .UNSPECIFIED., .F., .F.,
 ( 4, 4 ),
 ( 0.0000000000000000000, 1.000000000000000000 ),
 .UNSPECIFIED. ) ;
#1127 = CARTESIAN_POINT ( 'NONE',  ( -8.261725682775729500, 0.8653000000000004000, 17.57000169561520400 ) ) ;
#1128 = VERTEX_POINT ( 'NONE', #6244 ) ;
#1129 = PRESENTATION_LAYER_ASSIGNMENT (  '', '', ( #6661 ) ) ;
#1130 = CARTESIAN_POINT ( 'NONE',  ( 16.00000000000000000, 0.0000000000000000000, -16.00000000000000000 ) ) ;
#1131 = SURFACE_SIDE_STYLE ('',( #568 ) ) ;
#1132 = VERTEX_POINT ( 'NONE', #3462 ) ;
#1133 = ORIENTED_EDGE ( 'NONE', *, *, #1358, .F. ) ;
#1134 = CARTESIAN_POINT ( 'NONE',  ( -4.781093952204545700, 0.8650000000000003200, 18.03834697636674300 ) ) ;
#1135 = VERTEX_POINT ( 'NONE', #1393 ) ;
#1136 = FACE_OUTER_BOUND ( 'NONE', #6961, .T. ) ;
#1137 = VERTEX_POINT ( 'NONE', #5732 ) ;
#1138 = B_SPLINE_SURFACE_WITH_KNOTS ( 'NONE', 3, 1, ( 
 ( #1046, #5531 ),
 ( #3210, #3800 ),
 ( #2724, #2229 ),
 ( #7112, #6601 ) ),
 .UNSPECIFIED., .F., .F., .F.,
 ( 4, 4 ),
 ( 2, 2 ),
 ( 0.0000000000000000000, 1.000000000000000000 ),
 ( 0.0000000000000000000, 1.000000000000000000 ),
 .UNSPECIFIED. ) ;
#1139 = FILL_AREA_STYLE ('',( #3889 ) ) ;
#1140 = ORIENTED_EDGE ( 'NONE', *, *, #2747, .F. ) ;
#1141 = ORIENTED_EDGE ( 'NONE', *, *, #2709, .F. ) ;
#1142 = AXIS2_PLACEMENT_3D ( 'NONE', #261, #4696, #2516 ) ;
#1143 =( NAMED_UNIT ( * ) PLANE_ANGLE_UNIT ( ) SI_UNIT ( $, .RADIAN. ) );
#1144 = ORIENTED_EDGE ( 'NONE', *, *, #1022, .T. ) ;
#1145 =( GEOMETRIC_REPRESENTATION_CONTEXT ( 3 ) GLOBAL_UNCERTAINTY_ASSIGNED_CONTEXT ( ( #1371 ) ) GLOBAL_UNIT_ASSIGNED_CONTEXT ( ( #4648, #163, #1829 ) ) REPRESENTATION_CONTEXT ( 'NONE', 'WORKASPACE' ) );
#1146 = VECTOR ( 'NONE', #445, 1000.000000000000000 ) ;
#1147 = LINE ( 'NONE', #3283, #5912 ) ;
#1148 = DIRECTION ( 'NONE',  ( 0.0000000000000000000, -0.0000000000000000000, -1.000000000000000000 ) ) ;
#1149 = LINE ( 'NONE', #349, #6321 ) ;
#1150 = EDGE_LOOP ( 'NONE', ( #608, #5158, #3953, #7011, #2042, #2723, #813, #562, #1815, #3035, #1844, #968 ) ) ;
#1151 = DIRECTION ( 'NONE',  ( -0.0000000000000000000, 1.000000000000000000, -0.0000000000000000000 ) ) ;
#1152 = FILL_AREA_STYLE_COLOUR ( '', #807 ) ;
#1153 = PRESENTATION_LAYER_ASSIGNMENT (  '', '', ( #278 ) ) ;
#1154 = CARTESIAN_POINT ( 'NONE',  ( 0.0000000000000000000, 0.8350000000000000800, -14.65961538461538400 ) ) ;
#1155 = PRESENTATION_STYLE_ASSIGNMENT (( #6182 ) ) ;
#1156 = EDGE_CURVE ( 'NONE', #6155, #533, #6842, .T. ) ;
#1157 = FACE_BOUND ( 'NONE', #582, .T. ) ;
#1158 = STYLED_ITEM ( 'NONE', ( #2069 ), #3128 ) ;
#1159 = SURFACE_STYLE_USAGE ( .BOTH. , #3930 ) ;
#1160 = CARTESIAN_POINT ( 'NONE',  ( -10.69686617517050600, 0.8653000000000004000, 17.76253634326051400 ) ) ;
#1161 = SURFACE_STYLE_FILL_AREA ( #2824 ) ;
#1162 =( NAMED_UNIT ( * ) PLANE_ANGLE_UNIT ( ) SI_UNIT ( $, .RADIAN. ) );
#1163 = LINE ( 'NONE', #2260, #6847 ) ;
#1164 = CARTESIAN_POINT ( 'NONE',  ( -6.568368449399659200, 0.8653000000000004000, 17.57000169561520400 ) ) ;
#1165 = B_SPLINE_SURFACE_WITH_KNOTS ( 'NONE', 3, 1, ( 
 ( #1406, #5265 ),
 ( #6814, #2497 ),
 ( #1383, #5241 ),
 ( #6357, #1940 ) ),
 .UNSPECIFIED., .F., .F., .F.,
 ( 4, 4 ),
 ( 2, 2 ),
 ( 0.0000000000000000000, 1.000000000000000000 ),
 ( 0.0000000000000000000, 1.000000000000000000 ),
 .UNSPECIFIED. ) ;
#1166 = EDGE_CURVE ( 'NONE', #5984, #179, #2136, .T. ) ;
#1167 = CARTESIAN_POINT ( 'NONE',  ( -8.067130061986265600, 0.8653000000000004000, 17.95608755419133500 ) ) ;
#1168 = PRESENTATION_LAYER_ASSIGNMENT (  '', '', ( #5099 ) ) ;
#1169 = DIRECTION ( 'NONE',  ( 1.000000000000000000, 0.0000000000000000000, 0.0000000000000000000 ) ) ;
#1170 = STYLED_ITEM ( 'NONE', ( #2951 ), #4313 ) ;
#1171 =( NAMED_UNIT ( * ) SI_UNIT ( $, .STERADIAN. ) SOLID_ANGLE_UNIT ( ) );
#1172 = FILL_AREA_STYLE ('',( #1670 ) ) ;
#1173 = ORIENTED_EDGE ( 'NONE', *, *, #2601, .F. ) ;
#1174 = LINE ( 'NONE', #1490, #2479 ) ;
#1175 =( LENGTH_UNIT ( ) NAMED_UNIT ( * ) SI_UNIT ( .MILLI., .METRE. ) );
#1176 = DIRECTION ( 'NONE',  ( 0.0000000000000000000, -1.000000000000000000, 0.0000000000000000000 ) ) ;
#1177 = DIRECTION ( 'NONE',  ( -0.0000000000000000000, -1.000000000000000000, -0.0000000000000000000 ) ) ;
#1178 = SURFACE_STYLE_FILL_AREA ( #3456 ) ;
#1179 = EDGE_CURVE ( 'NONE', #2088, #1485, #1352, .T. ) ;
#1180 = CARTESIAN_POINT ( 'NONE',  ( -17.14444444444444900, 0.8350000000000000800, -14.65961538461538400 ) ) ;
#1181 = CARTESIAN_POINT ( 'NONE',  ( -17.49999999999999600, -9.134999999999999800, 9.500000000000000000 ) ) ;
#1182 = MECHANICAL_DESIGN_GEOMETRIC_PRESENTATION_REPRESENTATION (  '', ( #58 ), #5676 ) ;
#1183 = UNCERTAINTY_MEASURE_WITH_UNIT (LENGTH_MEASURE( 1.000000000000000100E-005 ), #5160, 'distance_accuracy_value', 'NONE');
#1184 =( LENGTH_UNIT ( ) NAMED_UNIT ( * ) SI_UNIT ( .MILLI., .METRE. ) );
#1185 = ADVANCED_FACE ( 'NONE', ( #5758 ), #6778, .T. ) ;
#1186 = B_SPLINE_SURFACE_WITH_KNOTS ( 'NONE', 3, 1, ( 
 ( #6007, #6530 ),
 ( #5974, #1012 ),
 ( #2668, #3199 ),
 ( #3771, #4330 ) ),
 .UNSPECIFIED., .F., .F., .F.,
 ( 4, 4 ),
 ( 2, 2 ),
 ( 0.0000000000000000000, 1.000000000000000000 ),
 ( 0.0000000000000000000, 1.000000000000000000 ),
 .UNSPECIFIED. ) ;
#1187 = FILL_AREA_STYLE ('',( #4488 ) ) ;
#1188 =( LENGTH_UNIT ( ) NAMED_UNIT ( * ) SI_UNIT ( .MILLI., .METRE. ) );
#1189 = MECHANICAL_DESIGN_GEOMETRIC_PRESENTATION_REPRESENTATION (  '', ( #4197 ), #5687 ) ;
#1190 =( GEOMETRIC_REPRESENTATION_CONTEXT ( 3 ) GLOBAL_UNCERTAINTY_ASSIGNED_CONTEXT ( ( #4228 ) ) GLOBAL_UNIT_ASSIGNED_CONTEXT ( ( #2147, #6025, #2717 ) ) REPRESENTATION_CONTEXT ( 'NONE', 'WORKASPACE' ) );
#1191 = FILL_AREA_STYLE_COLOUR ( '', #4448 ) ;
#1192 =( LENGTH_UNIT ( ) NAMED_UNIT ( * ) SI_UNIT ( .MILLI., .METRE. ) );
#1193 = CARTESIAN_POINT ( 'NONE',  ( -4.244830864550217500, 0.8650000000000003200, 18.11879910641462400 ) ) ;
#1194 = EDGE_LOOP ( 'NONE', ( #4412, #2815, #4857, #4969 ) ) ;
#1195 = FILL_AREA_STYLE_COLOUR ( '', #196 ) ;
#1196 = VERTEX_POINT ( 'NONE', #1903 ) ;
#1197 = FILL_AREA_STYLE ('',( #3944 ) ) ;
#1198 = STYLED_ITEM ( 'NONE', ( #150 ), #2538 ) ;
#1199 = CARTESIAN_POINT ( 'NONE',  ( -3.877881027603348000, 0.8653000000000004000, 17.57000169561520400 ) ) ;
#1200 = SURFACE_STYLE_USAGE ( .BOTH. , #634 ) ;
#1201 = VERTEX_POINT ( 'NONE', #3052 ) ;
#1202 = ORIENTED_EDGE ( 'NONE', *, *, #5891, .T. ) ;
#1203 = PRESENTATION_STYLE_ASSIGNMENT (( #126 ) ) ;
#1204 = CARTESIAN_POINT ( 'NONE',  ( -17.14444444444444900, 0.8650000000000003200, -14.14401709401709400 ) ) ;
#1205 = FILL_AREA_STYLE_COLOUR ( '', #3146 ) ;
#1206 = CARTESIAN_POINT ( 'NONE',  ( 16.00000000000000000, 0.8650000000000003200, -13.99999999999999600 ) ) ;
#1207 = ORIENTED_EDGE ( 'NONE', *, *, #4908, .T. ) ;
#1208 = ORIENTED_EDGE ( 'NONE', *, *, #4068, .T. ) ;
#1209 = EDGE_CURVE ( 'NONE', #190, #2261, #4620, .T. ) ;
#1210 = VERTEX_POINT ( 'NONE', #4734 ) ;
#1211 = PRESENTATION_LAYER_ASSIGNMENT (  '', '', ( #3892 ) ) ;
#1212 = COLOUR_RGB ( '',1.000000000000000000, 1.000000000000000000, 1.000000000000000000 ) ;
#1213 = B_SPLINE_SURFACE_WITH_KNOTS ( 'NONE', 3, 1, ( 
 ( #6121, #1703 ),
 ( #6658, #6607 ),
 ( #4952, #5562 ),
 ( #6570, #3318 ) ),
 .UNSPECIFIED., .F., .F., .F.,
 ( 4, 4 ),
 ( 2, 2 ),
 ( 0.0000000000000000000, 1.000000000000000000 ),
 ( 0.0000000000000000000, 1.000000000000000000 ),
 .UNSPECIFIED. ) ;
#1214 = SURFACE_SIDE_STYLE ('',( #3308 ) ) ;
#1215 = VERTEX_POINT ( 'NONE', #313 ) ;
#1216 = DIRECTION ( 'NONE',  ( -0.0000000000000000000, -1.000000000000000000, -0.0000000000000000000 ) ) ;
#1217 = DIRECTION ( 'NONE',  ( 0.0000000000000000000, -0.0000000000000000000, 1.000000000000000000 ) ) ;
#1218 = CARTESIAN_POINT ( 'NONE',  ( -11.26524202843952200, 0.8653000000000004000, 17.30830367580641400 ) ) ;
#1219 = COLOUR_RGB ( '',1.000000000000000000, 0.8078431372549019800, 0.4980392156862745200 ) ;
#1220 = EDGE_CURVE ( 'NONE', #4332, #2817, #2753, .T. ) ;
#1221 =( NAMED_UNIT ( * ) SI_UNIT ( $, .STERADIAN. ) SOLID_ANGLE_UNIT ( ) );
#1222 = PRESENTATION_LAYER_ASSIGNMENT (  '', '', ( #3062 ) ) ;
#1223 = CARTESIAN_POINT ( 'NONE',  ( -5.912976898943594700, 0.8653000000000004000, 17.74841020359541600 ) ) ;
#1224 = ORIENTED_EDGE ( 'NONE', *, *, #1799, .T. ) ;
#1225 = VECTOR ( 'NONE', #5712, 1000.000000000000000 ) ;
#1226 =( NAMED_UNIT ( * ) PLANE_ANGLE_UNIT ( ) SI_UNIT ( $, .RADIAN. ) );
#1227 = FILL_AREA_STYLE ('',( #1798 ) ) ;
#1228 = DIRECTION ( 'NONE',  ( 0.0000000000000000000, 1.000000000000000000, 0.0000000000000000000 ) ) ;
#1229 = CARTESIAN_POINT ( 'NONE',  ( -3.264251412980061900, 0.8650000000000003200, 18.20652176406117900 ) ) ;
#1230 = SURFACE_STYLE_USAGE ( .BOTH. , #5657 ) ;
#1231 = EDGE_LOOP ( 'NONE', ( #3806, #2775, #2274, #2703 ) ) ;
#1232 = ORIENTED_EDGE ( 'NONE', *, *, #6867, .F. ) ;
#1233 = ORIENTED_EDGE ( 'NONE', *, *, #5058, .F. ) ;
#1234 =( GEOMETRIC_REPRESENTATION_CONTEXT ( 3 ) GLOBAL_UNCERTAINTY_ASSIGNED_CONTEXT ( ( #6180 ) ) GLOBAL_UNIT_ASSIGNED_CONTEXT ( ( #2350, #6193, #2894 ) ) REPRESENTATION_CONTEXT ( 'NONE', 'WORKASPACE' ) );
#1235 = SURFACE_STYLE_USAGE ( .BOTH. , #641 ) ;
#1236 = AXIS2_PLACEMENT_3D ( 'NONE', #2766, #2241, #6096 ) ;
#1237 = CARTESIAN_POINT ( 'NONE',  ( -11.02488769279018800, 0.8653000000000004000, 17.13542832098493600 ) ) ;
#1238 = EDGE_LOOP ( 'NONE', ( #6134 ) ) ;
#1239 = DIRECTION ( 'NONE',  ( -0.0000000000000000000, 1.000000000000000000, -0.0000000000000000000 ) ) ;
#1240 = COLOUR_RGB ( '',0.0000000000000000000, 0.0000000000000000000, 1.000000000000000000 ) ;
#1241 = LINE ( 'NONE', #2967, #3996 ) ;
#1242 = VERTEX_POINT ( 'NONE', #3682 ) ;
#1243 = EDGE_LOOP ( 'NONE', ( #4866, #4603, #2179, #455 ) ) ;
#1244 = VECTOR ( 'NONE', #3780, 1000.000000000000000 ) ;
#1245 = B_SPLINE_SURFACE_WITH_KNOTS ( 'NONE', 3, 1, ( 
 ( #298, #2664 ),
 ( #4815, #1521 ),
 ( #2144, #5402 ),
 ( #1615, #3785 ) ),
 .UNSPECIFIED., .F., .F., .F.,
 ( 4, 4 ),
 ( 2, 2 ),
 ( 0.0000000000000000000, 1.000000000000000000 ),
 ( 0.0000000000000000000, 1.000000000000000000 ),
 .UNSPECIFIED. ) ;
#1246 = CARTESIAN_POINT ( 'NONE',  ( -9.443704833392827100, 0.8650000000000003200, 17.57000169561520400 ) ) ;
#1247 = CARTESIAN_POINT ( 'NONE',  ( -3.444174235474486000, 0.8650000000000003200, 17.57000169561520400 ) ) ;
#1248 = FACE_OUTER_BOUND ( 'NONE', #6116, .T. ) ;
#1249 = DIRECTION ( 'NONE',  ( 1.000000000000000000, -0.0000000000000000000, 0.0000000000000000000 ) ) ;
#1250 = FACE_OUTER_BOUND ( 'NONE', #6954, .T. ) ;
#1251 = STYLED_ITEM ( 'NONE', ( #2610 ), #6432 ) ;
#1252 = VECTOR ( 'NONE', #6315, 1000.000000000000000 ) ;
#1253 = DIRECTION ( 'NONE',  ( 0.0000000000000000000, 0.0000000000000000000, 1.000000000000000000 ) ) ;
#1254 = FILL_AREA_STYLE ('',( #4562 ) ) ;
#1255 = COLOUR_RGB ( '',0.0000000000000000000, 0.0000000000000000000, 1.000000000000000000 ) ;
#1256 = DIRECTION ( 'NONE',  ( 0.0000000000000000000, 1.000000000000000000, -0.0000000000000000000 ) ) ;
#1257 = CARTESIAN_POINT ( 'NONE',  ( -5.912976898943594700, 0.8650000000000003200, 18.19891092970823700 ) ) ;
#1258 = SURFACE_SIDE_STYLE ('',( #5133 ) ) ;
#1259 = B_SPLINE_SURFACE_WITH_KNOTS ( 'NONE', 2, 1, ( 
 ( #1288, #2936 ),
 ( #2348, #1229 ),
 ( #6776, #6192 ) ),
 .UNSPECIFIED., .F., .F., .F.,
 ( 3, 3 ),
 ( 2, 2 ),
 ( 0.0000000000000000000, 1.000000000000000000 ),
 ( 0.0000000000000000000, 1.000000000000000000 ),
 .UNSPECIFIED. ) ;
#1260 = COLOUR_RGB ( '',0.0000000000000000000, 0.0000000000000000000, 1.000000000000000000 ) ;
#1261 = EDGE_CURVE ( 'NONE', #2018, #6323, #4875, .T. ) ;
#1262 = PRESENTATION_LAYER_ASSIGNMENT (  '', '', ( #4082 ) ) ;
#1263 = VECTOR ( 'NONE', #503, 1000.000000000000000 ) ;
#1264 = ORIENTED_EDGE ( 'NONE', *, *, #3141, .F. ) ;
#1265 = CARTESIAN_POINT ( 'NONE',  ( -4.050786439046620800, 0.8653000000000004000, 17.80630687864909900 ) ) ;
#1266 = CARTESIAN_POINT ( 'NONE',  ( 4.626344595849421100E-015, 1.363887651569858400, -16.98666666666666500 ) ) ;
#1267 = PRESENTATION_STYLE_ASSIGNMENT (( #4122 ) ) ;
#1268 = VERTEX_POINT ( 'NONE', #5864 ) ;
#1269 = UNCERTAINTY_MEASURE_WITH_UNIT (LENGTH_MEASURE( 1.000000000000000100E-005 ), #6781, 'distance_accuracy_value', 'NONE');
#1270 = LINE ( 'NONE', #619, #5057 ) ;
#1271 = EDGE_CURVE ( 'NONE', #1052, #2770, #3305, .T. ) ;
#1272 = DIRECTION ( 'NONE',  ( -0.0000000000000000000, -1.000000000000000000, -0.0000000000000000000 ) ) ;
#1273 = ADVANCED_FACE ( 'NONE', ( #5237 ), #384, .T. ) ;
#1274 = SURFACE_STYLE_USAGE ( .BOTH. , #2404 ) ;
#1275 = CARTESIAN_POINT ( 'NONE',  ( -5.040810504759547500, 0.8653000000000004000, 17.57000169561520400 ) ) ;
#1276 = PRESENTATION_LAYER_ASSIGNMENT (  '', '', ( #6791 ) ) ;
#1277 = CARTESIAN_POINT ( 'NONE',  ( -12.04718136187347500, 0.8650000000000003200, 18.08190447113507900 ) ) ;
#1278 = FACE_OUTER_BOUND ( 'NONE', #6496, .T. ) ;
#1279 = VECTOR ( 'NONE', #6237, 1000.000000000000000 ) ;
#1280 =( LENGTH_UNIT ( ) NAMED_UNIT ( * ) SI_UNIT ( .MILLI., .METRE. ) );
#1281 = PRESENTATION_STYLE_ASSIGNMENT (( #6457 ) ) ;
#1282 = SURFACE_SIDE_STYLE ('',( #427 ) ) ;
#1283 = UNCERTAINTY_MEASURE_WITH_UNIT (LENGTH_MEASURE( 1.000000000000000100E-005 ), #331, 'distance_accuracy_value', 'NONE');
#1284 = SURFACE_STYLE_FILL_AREA ( #4365 ) ;
#1285 =( NAMED_UNIT ( * ) PLANE_ANGLE_UNIT ( ) SI_UNIT ( $, .RADIAN. ) );
#1287 =( GEOMETRIC_REPRESENTATION_CONTEXT ( 3 ) GLOBAL_UNCERTAINTY_ASSIGNED_CONTEXT ( ( #5450 ) ) GLOBAL_UNIT_ASSIGNED_CONTEXT ( ( #820, #791, #721 ) ) REPRESENTATION_CONTEXT ( 'NONE', 'WORKASPACE' ) );
#1286 = SURFACE_STYLE_USAGE ( .BOTH. , #252 ) ;
#1288 = CARTESIAN_POINT ( 'NONE',  ( -3.480278174149926200, 0.8653000000000004000, 18.19891092970823700 ) ) ;
#1289 = VECTOR ( 'NONE', #5577, 1000.000000000000000 ) ;
#1290 = VERTEX_POINT ( 'NONE', #1954 ) ;
#1291 = B_SPLINE_CURVE_WITH_KNOTS ( 'NONE', 3,
 ( #2907, #5717, #5159, #6298 ),
 .UNSPECIFIED., .F., .F.,
 ( 4, 4 ),
 ( 0.0000000000000000000, 1.000000000000000000 ),
 .UNSPECIFIED. ) ;
#1292 = ADVANCED_FACE ( 'NONE', ( #294 ), #1774, .F. ) ;
#1293 = CARTESIAN_POINT ( 'NONE',  ( -8.666349520355391100, 0.8653000000000004000, 18.19891092970823700 ) ) ;
#1294 = ORIENTED_EDGE ( 'NONE', *, *, #3975, .F. ) ;
#1295 = CARTESIAN_POINT ( 'NONE',  ( -11.71898397452163600, 0.8650000000000003200, 18.10705928947618700 ) ) ;
#1296 = FACE_OUTER_BOUND ( 'NONE', #848, .T. ) ;
#1297 = MECHANICAL_DESIGN_GEOMETRIC_PRESENTATION_REPRESENTATION (  '', ( #7094 ), #5868 ) ;
#1298 = ORIENTED_EDGE ( 'NONE', *, *, #5425, .T. ) ;
#1299 = ORIENTED_EDGE ( 'NONE', *, *, #4817, .T. ) ;
#1300 = CARTESIAN_POINT ( 'NONE',  ( -4.846377213621117600, 0.8653000000000004000, 18.19891092970823700 ) ) ;
#1301 = DIRECTION ( 'NONE',  ( -0.0000000000000000000, -0.0000000000000000000, 1.000000000000000000 ) ) ;
#1302 = DIRECTION ( 'NONE',  ( -0.0000000000000000000, -1.000000000000000000, -0.0000000000000000000 ) ) ;
#1303 = ORIENTED_EDGE ( 'NONE', *, *, #1738, .F. ) ;
#1304 = CARTESIAN_POINT ( 'NONE',  ( -5.441176461509573200, 0.8653000000000004000, 18.03834697636674300 ) ) ;
#1305 = EDGE_CURVE ( 'NONE', #1825, #5566, #3391, .T. ) ;
#1306 = PLANE ( 'NONE',  #1569 ) ;
#1307 =( GEOMETRIC_REPRESENTATION_CONTEXT ( 3 ) GLOBAL_UNCERTAINTY_ASSIGNED_CONTEXT ( ( #1770 ) ) GLOBAL_UNIT_ASSIGNED_CONTEXT ( ( #1192, #5051, #5549 ) ) REPRESENTATION_CONTEXT ( 'NONE', 'WORKASPACE' ) );
#1308 = CARTESIAN_POINT ( 'NONE',  ( -7.020653954054350400, 0.8653000000000004000, 17.74841020359541600 ) ) ;
#1309 = CARTESIAN_POINT ( 'NONE',  ( -7.020653954054350400, 0.8653000000000004000, 17.74841020359541600 ) ) ;
#1310 = B_SPLINE_SURFACE_WITH_KNOTS ( 'NONE', 3, 1, ( 
 ( #3138, #6940 ),
 ( #441, #896 ),
 ( #1537, #2653 ),
 ( #5361, #6988 ) ),
 .UNSPECIFIED., .F., .F., .F.,
 ( 4, 4 ),
 ( 2, 2 ),
 ( 0.0000000000000000000, 1.000000000000000000 ),
 ( 0.0000000000000000000, 1.000000000000000000 ),
 .UNSPECIFIED. ) ;
#1311 = ORIENTED_EDGE ( 'NONE', *, *, #4315, .F. ) ;
#1312 = CARTESIAN_POINT ( 'NONE',  ( -8.640109053327426700, 0.8650000000000003200, 18.04041749469235300 ) ) ;
#1313 = PRESENTATION_STYLE_ASSIGNMENT (( #293 ) ) ;
#1314 = LINE ( 'NONE', #3178, #5545 ) ;
#1315 = ORIENTED_EDGE ( 'NONE', *, *, #2826, .F. ) ;
#1316 = EDGE_CURVE ( 'NONE', #5468, #2568, #6499, .T. ) ;
#1317 = ORIENTED_EDGE ( 'NONE', *, *, #3323, .T. ) ;
#1318 = MECHANICAL_DESIGN_GEOMETRIC_PRESENTATION_REPRESENTATION (  '', ( #3661 ), #778 ) ;
#1319 = DIRECTION ( 'NONE',  ( -0.6120073268604974100, -0.0000000000000000000, -0.7908520922834233500 ) ) ;
#1320 =( GEOMETRIC_REPRESENTATION_CONTEXT ( 3 ) GLOBAL_UNCERTAINTY_ASSIGNED_CONTEXT ( ( #2170 ) ) GLOBAL_UNIT_ASSIGNED_CONTEXT ( ( #2686, #7003, #452 ) ) REPRESENTATION_CONTEXT ( 'NONE', 'WORKASPACE' ) );
#1321 = ORIENTED_EDGE ( 'NONE', *, *, #790, .T. ) ;
#1322 = FACE_OUTER_BOUND ( 'NONE', #3367, .T. ) ;
#1323 = ORIENTED_EDGE ( 'NONE', *, *, #6509, .T. ) ;
#1324 = UNCERTAINTY_MEASURE_WITH_UNIT (LENGTH_MEASURE( 1.000000000000000100E-005 ), #468, 'distance_accuracy_value', 'NONE');
#1325 =( NAMED_UNIT ( * ) PLANE_ANGLE_UNIT ( ) SI_UNIT ( $, .RADIAN. ) );
#1326 = LINE ( 'NONE', #6138, #6892 ) ;
#1327 = FILL_AREA_STYLE ('',( #687 ) ) ;
#1328 = SURFACE_STYLE_USAGE ( .BOTH. , #6864 ) ;
#1329 = ORIENTED_EDGE ( 'NONE', *, *, #2591, .T. ) ;
#1330 = CARTESIAN_POINT ( 'NONE',  ( -11.29027920413558300, 0.8650000000000003200, 18.45133746945663600 ) ) ;
#1331 = VERTEX_POINT ( 'NONE', #5844 ) ;
#1332 = ADVANCED_FACE ( 'NONE', ( #6331 ), #3027, .T. ) ;
#1333 = SURFACE_STYLE_FILL_AREA ( #3546 ) ;
#1334 = EDGE_CURVE ( 'NONE', #96, #6610, #623, .T. ) ;
#1335 = DIRECTION ( 'NONE',  ( -0.0000000000000000000, -1.000000000000000000, -0.0000000000000000000 ) ) ;
#1336 = VECTOR ( 'NONE', #2580, 1000.000000000000000 ) ;
#1337 = VERTEX_POINT ( 'NONE', #6540 ) ;
#1338 = PLANE ( 'NONE',  #2074 ) ;
#1339 = ORIENTED_EDGE ( 'NONE', *, *, #682, .T. ) ;
#1340 = CARTESIAN_POINT ( 'NONE',  ( -3.819819616345347500, 0.8653000000000004000, 18.06263779760815400 ) ) ;
#1341 = VECTOR ( 'NONE', #4959, 1000.000000000000000 ) ;
#1342 = CARTESIAN_POINT ( 'NONE',  ( -3.480278174149926200, 0.8653000000000004000, 18.19891092970823700 ) ) ;
#1343 = FILL_AREA_STYLE_COLOUR ( '', #6231 ) ;
#1344 = CARTESIAN_POINT ( 'NONE',  ( -4.846377213621117600, 0.8650000000000003200, 18.19891092970823700 ) ) ;
#1345 = ORIENTED_EDGE ( 'NONE', *, *, #3514, .F. ) ;
#1346 = AXIS2_PLACEMENT_3D ( 'NONE', #1558, #6471, #489 ) ;
#1347 = FILL_AREA_STYLE ('',( #5659 ) ) ;
#1348 =( GEOMETRIC_REPRESENTATION_CONTEXT ( 3 ) GLOBAL_UNCERTAINTY_ASSIGNED_CONTEXT ( ( #899 ) ) GLOBAL_UNIT_ASSIGNED_CONTEXT ( ( #6953, #2054, #3124 ) ) REPRESENTATION_CONTEXT ( 'NONE', 'WORKASPACE' ) );
#1349 = DIRECTION ( 'NONE',  ( -0.0000000000000000000, 1.000000000000000000, -0.0000000000000000000 ) ) ;
#1350 = PRESENTATION_STYLE_ASSIGNMENT (( #391 ) ) ;
#1351 = B_SPLINE_SURFACE_WITH_KNOTS ( 'NONE', 3, 1, ( 
 ( #712, #857 ),
 ( #1378, #301 ),
 ( #4723, #4188 ),
 ( #3576, #4745 ) ),
 .UNSPECIFIED., .F., .F., .F.,
 ( 4, 4 ),
 ( 2, 2 ),
 ( 0.0000000000000000000, 1.000000000000000000 ),
 ( 0.0000000000000000000, 1.000000000000000000 ),
 .UNSPECIFIED. ) ;
#1352 = LINE ( 'NONE', #6803, #884 ) ;
#1353 = CARTESIAN_POINT ( 'NONE',  ( -7.020653954054350400, 0.8653000000000004000, 17.74841020359541600 ) ) ;
#1354 = DIRECTION ( 'NONE',  ( 1.000000000000000000, 0.0000000000000000000, 0.0000000000000000000 ) ) ;
#1355 = CARTESIAN_POINT ( 'NONE',  ( 2.243089218376837400, 1.365000000000000000, 16.85136643594227500 ) ) ;
#1356 = PRESENTATION_LAYER_ASSIGNMENT (  '', '', ( #956 ) ) ;
#1357 = PRESENTATION_STYLE_ASSIGNMENT (( #1812 ) ) ;
#1358 = EDGE_CURVE ( 'NONE', #1706, #1398, #774, .T. ) ;
#1359 = AXIS2_PLACEMENT_3D ( 'NONE', #4250, #852, #911 ) ;
#1360 = VECTOR ( 'NONE', #3866, 1000.000000000000000 ) ;
#1361 = CARTESIAN_POINT ( 'NONE',  ( -12.20072210546603800, 0.8653000000000004000, 17.87908057078369900 ) ) ;
#1362 = VERTEX_POINT ( 'NONE', #3805 ) ;
#1363 = DIRECTION ( 'NONE',  ( 1.000000000000000000, 0.0000000000000000000, 0.0000000000000000000 ) ) ;
#1364 = LINE ( 'NONE', #4489, #43 ) ;
#1365 = DIRECTION ( 'NONE',  ( 0.6282116378033477700, 0.0000000000000000000, 0.7780425040628791100 ) ) ;
#1366 = EDGE_CURVE ( 'NONE', #2526, #3798, #6650, .T. ) ;
#1367 = CARTESIAN_POINT ( 'NONE',  ( -7.858984287663347800, 0.8650000000000003200, 17.57000169561520400 ) ) ;
#1368 = AXIS2_PLACEMENT_3D ( 'NONE', #7105, #6632, #6046 ) ;
#1369 = DIRECTION ( 'NONE',  ( -1.000000000000000000, 0.0000000000000000000, 0.0000000000000000000 ) ) ;
#1370 = FACE_OUTER_BOUND ( 'NONE', #4420, .T. ) ;
#1371 = UNCERTAINTY_MEASURE_WITH_UNIT (LENGTH_MEASURE( 1.000000000000000100E-005 ), #4648, 'distance_accuracy_value', 'NONE');
#1372 = EDGE_LOOP ( 'NONE', ( #4177, #164, #5534, #4203 ) ) ;
#1373 = B_SPLINE_CURVE_WITH_KNOTS ( 'NONE', 3,
 ( #2735, #6087, #7121, #2165 ),
 .UNSPECIFIED., .F., .F.,
 ( 4, 4 ),
 ( 0.0000000000000000000, 1.000000000000000000 ),
 .UNSPECIFIED. ) ;
#1374 = CARTESIAN_POINT ( 'NONE',  ( -5.040810504759547500, 0.8653000000000004000, 17.57000169561520400 ) ) ;
#1375 = B_SPLINE_SURFACE_WITH_KNOTS ( 'NONE', 3, 1, ( 
 ( #399, #3630 ),
 ( #5341, #348 ),
 ( #1555, #5886 ),
 ( #2577, #4193 ) ),
 .UNSPECIFIED., .F., .F., .F.,
 ( 4, 4 ),
 ( 2, 2 ),
 ( 0.0000000000000000000, 1.000000000000000000 ),
 ( 0.0000000000000000000, 1.000000000000000000 ),
 .UNSPECIFIED. ) ;
#1376 = VECTOR ( 'NONE', #3424, 1000.000000000000000 ) ;
#1377 = EDGE_CURVE ( 'NONE', #6747, #2444, #4002, .T. ) ;
#1378 = CARTESIAN_POINT ( 'NONE',  ( -11.83671193562480200, 0.8653000000000004000, 18.16268604519448000 ) ) ;
#1379 = SURFACE_STYLE_FILL_AREA ( #3694 ) ;
#1380 =( GEOMETRIC_REPRESENTATION_CONTEXT ( 3 ) GLOBAL_UNCERTAINTY_ASSIGNED_CONTEXT ( ( #1123 ) ) GLOBAL_UNIT_ASSIGNED_CONTEXT ( ( #3307, #5465, #6013 ) ) REPRESENTATION_CONTEXT ( 'NONE', 'WORKASPACE' ) );
#1381 = CARTESIAN_POINT ( 'NONE',  ( -17.49999999999999600, 0.8650000000000003200, 9.500000000000000000 ) ) ;
#1382 = UNCERTAINTY_MEASURE_WITH_UNIT (LENGTH_MEASURE( 1.000000000000000100E-005 ), #1417, 'distance_accuracy_value', 'NONE');
#1383 = CARTESIAN_POINT ( 'NONE',  ( -8.285342008175714300, 0.8653000000000004000, 18.03748791201022100 ) ) ;
#1384 = CARTESIAN_POINT ( 'NONE',  ( -17.14444444444444900, -9.134999999999999800, -13.79123931623931700 ) ) ;
#1385 = LINE ( 'NONE', #3592, #5182 ) ;
#1386 = CARTESIAN_POINT ( 'NONE',  ( -3.446823988547574200, 0.8650000000000003200, 18.06978901880615100 ) ) ;
#1387 = CARTESIAN_POINT ( 'NONE',  ( -3.886121799076965200, 0.8650000000000003200, 17.71658061441629400 ) ) ;
#1388 = ORIENTED_EDGE ( 'NONE', *, *, #4265, .F. ) ;
#1389 =( GEOMETRIC_REPRESENTATION_CONTEXT ( 3 ) GLOBAL_UNCERTAINTY_ASSIGNED_CONTEXT ( ( #3830 ) ) GLOBAL_UNIT_ASSIGNED_CONTEXT ( ( #4574, #6741, #5185 ) ) REPRESENTATION_CONTEXT ( 'NONE', 'WORKASPACE' ) );
#1390 = ORIENTED_EDGE ( 'NONE', *, *, #4361, .F. ) ;
#1391 = PRESENTATION_STYLE_ASSIGNMENT (( #5271 ) ) ;
#1392 = B_SPLINE_CURVE_WITH_KNOTS ( 'NONE', 3,
 ( #2248, #2212, #2750, #4421 ),
 .UNSPECIFIED., .F., .F.,
 ( 4, 4 ),
 ( 0.0000000000000000000, 1.000000000000000000 ),
 .UNSPECIFIED. ) ;
#1393 = CARTESIAN_POINT ( 'NONE',  ( -4.846377213621117600, 0.8653000000000004000, 17.95608755419133500 ) ) ;
#1394 = CARTESIAN_POINT ( 'NONE',  ( 17.40000000000000600, 0.8650000000000003200, 16.19999999999999900 ) ) ;
#1395 = FACE_OUTER_BOUND ( 'NONE', #6546, .T. ) ;
#1396 = CARTESIAN_POINT ( 'NONE',  ( -11.81742751645830200, 0.8653000000000004000, 18.13643311436219800 ) ) ;
#1397 = EDGE_LOOP ( 'NONE', ( #1233, #1294, #516, #2168 ) ) ;
#1398 = VERTEX_POINT ( 'NONE', #3706 ) ;
#1399 = ORIENTED_EDGE ( 'NONE', *, *, #3181, .F. ) ;
#1400 =( NAMED_UNIT ( * ) PLANE_ANGLE_UNIT ( ) SI_UNIT ( $, .RADIAN. ) );
#1401 = LINE ( 'NONE', #2578, #7053 ) ;
#1402 =( NAMED_UNIT ( * ) SI_UNIT ( $, .STERADIAN. ) SOLID_ANGLE_UNIT ( ) );
#1403 = ORIENTED_EDGE ( 'NONE', *, *, #4413, .T. ) ;
#1404 = PLANE ( 'NONE',  #2828 ) ;
#1405 = CARTESIAN_POINT ( 'NONE',  ( -8.261725682775729500, 0.8650000000000003200, 17.57000169561520400 ) ) ;
#1406 = CARTESIAN_POINT ( 'NONE',  ( -8.261725682775729500, 0.8653000000000004000, 17.95608755419133500 ) ) ;
#1407 = LINE ( 'NONE', #1632, #2935 ) ;
#1408 = ORIENTED_EDGE ( 'NONE', *, *, #5189, .F. ) ;
#1409 = AXIS2_PLACEMENT_3D ( 'NONE', #2284, #64, #2825 ) ;
#1410 = EDGE_CURVE ( 'NONE', #6074, #3697, #4181, .T. ) ;
#1411 = CARTESIAN_POINT ( 'NONE',  ( -3.412933807636223400, 0.8653000000000004000, 17.96435640083765500 ) ) ;
#1412 = DIRECTION ( 'NONE',  ( 0.0000000000000000000, 1.000000000000000000, -0.0000000000000000000 ) ) ;
#1413 = FACE_OUTER_BOUND ( 'NONE', #6226, .T. ) ;
#1414 = LINE ( 'NONE', #6162, #2268 ) ;
#1415 =( NAMED_UNIT ( * ) PLANE_ANGLE_UNIT ( ) SI_UNIT ( $, .RADIAN. ) );
#1416 = SURFACE_SIDE_STYLE ('',( #786 ) ) ;
#1417 =( LENGTH_UNIT ( ) NAMED_UNIT ( * ) SI_UNIT ( .MILLI., .METRE. ) );
#1418 = ORIENTED_EDGE ( 'NONE', *, *, #307, .T. ) ;
#1419 = LINE ( 'NONE', #4987, #958 ) ;
#1420 = COLOUR_RGB ( '',0.0000000000000000000, 0.0000000000000000000, 1.000000000000000000 ) ;
#1421 = EDGE_CURVE ( 'NONE', #4749, #4749, #5741, .T. ) ;
#1422 = UNCERTAINTY_MEASURE_WITH_UNIT (LENGTH_MEASURE( 1.000000000000000100E-005 ), #729, 'distance_accuracy_value', 'NONE');
#1423 = FILL_AREA_STYLE_COLOUR ( '', #4632 ) ;
#1424 = PRESENTATION_LAYER_ASSIGNMENT (  '', '', ( #5530 ) ) ;
#1425 = VERTEX_POINT ( 'NONE', #3185 ) ;
#1426 = ORIENTED_EDGE ( 'NONE', *, *, #6472, .T. ) ;
#1427 = CARTESIAN_POINT ( 'NONE',  ( 14.60000000000000100, 0.8350000000000000800, 16.00000000000000000 ) ) ;
#1428 = DIRECTION ( 'NONE',  ( 0.0000000000000000000, 0.0000000000000000000, 1.000000000000000000 ) ) ;
#1429 = CARTESIAN_POINT ( 'NONE',  ( -31.43496942319122700, 1.363887651569858400, 21.32080954338401900 ) ) ;
#1430 = VECTOR ( 'NONE', #3024, 1000.000000000000000 ) ;
#1431 = ORIENTED_EDGE ( 'NONE', *, *, #5762, .T. ) ;
#1432 = ORIENTED_EDGE ( 'NONE', *, *, #1471, .F. ) ;
#1433 = EDGE_CURVE ( 'NONE', #1757, #6834, #6828, .T. ) ;
#1434 = DIRECTION ( 'NONE',  ( 0.0000000000000000000, 0.0000000000000000000, -1.000000000000000000 ) ) ;
#1435 = VECTOR ( 'NONE', #7106, 1000.000000000000000 ) ;
#1436 = FILL_AREA_STYLE_COLOUR ( '', #476 ) ;
#1437 = FACE_BOUND ( 'NONE', #1933, .T. ) ;
#1438 = CARTESIAN_POINT ( 'NONE',  ( -17.68717948717949200, -9.134999999999999800, -14.14401709401709400 ) ) ;
#1439 = SURFACE_STYLE_FILL_AREA ( #4140 ) ;
#1440 = PLANE ( 'NONE',  #3241 ) ;
#1441 = ADVANCED_FACE ( 'NONE', ( #1064 ), #3237, .F. ) ;
#1442 =( LENGTH_UNIT ( ) NAMED_UNIT ( * ) SI_UNIT ( .MILLI., .METRE. ) );
#1443 = DIRECTION ( 'NONE',  ( -0.0000000000000000000, -1.000000000000000000, -0.0000000000000000000 ) ) ;
#1444 = FILL_AREA_STYLE ('',( #3636 ) ) ;
#1445 = FACE_OUTER_BOUND ( 'NONE', #4670, .T. ) ;
#1446 = AXIS2_PLACEMENT_3D ( 'NONE', #5478, #4956, #1105 ) ;
#1447 = SURFACE_STYLE_USAGE ( .BOTH. , #3665 ) ;
#1448 = LINE ( 'NONE', #4432, #1689 ) ;
#1449 = CARTESIAN_POINT ( 'NONE',  ( -6.568368449399659200, 0.8653000000000004000, 17.57000169561520400 ) ) ;
#1450 = VECTOR ( 'NONE', #2674, 1000.000000000000100 ) ;
#1451 = EDGE_LOOP ( 'NONE', ( #5526, #1117, #5392, #4998 ) ) ;
#1452 = COLOUR_RGB ( '',0.0000000000000000000, 0.0000000000000000000, 1.000000000000000000 ) ;
#1453 = CARTESIAN_POINT ( 'NONE',  ( -3.845161075207352000, 0.8650000000000003200, 18.19891092970823700 ) ) ;
#1454 = PLANE ( 'NONE',  #4404 ) ;
#1455 = CARTESIAN_POINT ( 'NONE',  ( -2.243089218376828100, 1.365000000000000000, -16.85136643594226400 ) ) ;
#1456 = EDGE_CURVE ( 'NONE', #6068, #5968, #7096, .T. ) ;
#1457 = MECHANICAL_DESIGN_GEOMETRIC_PRESENTATION_REPRESENTATION (  '', ( #1158 ), #3364 ) ;
#1458 = SURFACE_STYLE_FILL_AREA ( #2618 ) ;
#1459 = CARTESIAN_POINT ( 'NONE',  ( -9.443704833392827100, 0.8653000000000004000, 17.57000169561520400 ) ) ;
#1460 = CARTESIAN_POINT ( 'NONE',  ( -5.245327677881258300, 0.8653000000000004000, 17.57000169561520400 ) ) ;
#1461 = PLANE ( 'NONE',  #5261 ) ;
#1462 = UNCERTAINTY_MEASURE_WITH_UNIT (LENGTH_MEASURE( 1.000000000000000100E-005 ), #7059, 'distance_accuracy_value', 'NONE');
#1463 = EDGE_CURVE ( 'NONE', #771, #4083, #2545, .T. ) ;
#1464 = FILL_AREA_STYLE ('',( #5846 ) ) ;
#1465 = STYLED_ITEM ( 'NONE', ( #989 ), #3686 ) ;
#1466 = CARTESIAN_POINT ( 'NONE',  ( -11.03499367637736700, 0.8653000000000004000, 18.28837119949456600 ) ) ;
#1467 = COLOUR_RGB ( '',0.0000000000000000000, 0.0000000000000000000, 1.000000000000000000 ) ;
#1468 = ADVANCED_FACE ( 'NONE', ( #1862 ), #4344, .F. ) ;
#1469 =( LENGTH_UNIT ( ) NAMED_UNIT ( * ) SI_UNIT ( .MILLI., .METRE. ) );
#1470 = VERTEX_POINT ( 'NONE', #1540 ) ;
#1471 = EDGE_CURVE ( 'NONE', #5105, #5201, #537, .T. ) ;
#1472 = CARTESIAN_POINT ( 'NONE',  ( -3.805246575660643100, 0.8653000000000004000, 18.06816015398052100 ) ) ;
#1473 = MECHANICAL_DESIGN_GEOMETRIC_PRESENTATION_REPRESENTATION (  '', ( #2930 ), #2710 ) ;
#1474 =( NAMED_UNIT ( * ) SI_UNIT ( $, .STERADIAN. ) SOLID_ANGLE_UNIT ( ) );
#1475 = SURFACE_STYLE_FILL_AREA ( #6914 ) ;
#1476 = FILL_AREA_STYLE_COLOUR ( '', #3148 ) ;
#1477 = CARTESIAN_POINT ( 'NONE',  ( 18.01975974987014700, 1.345379107330116500, -33.68291376868003800 ) ) ;
#1478 = ORIENTED_EDGE ( 'NONE', *, *, #5805, .T. ) ;
#1479 = VERTEX_POINT ( 'NONE', #7115 ) ;
#1480 = LINE ( 'NONE', #4713, #6790 ) ;
#1481 = SURFACE_STYLE_USAGE ( .BOTH. , #3655 ) ;
#1482 = CARTESIAN_POINT ( 'NONE',  ( -16.24893162393162900, -9.134999999999999800, -14.14401709401709400 ) ) ;
#1483 =( GEOMETRIC_REPRESENTATION_CONTEXT ( 3 ) GLOBAL_UNCERTAINTY_ASSIGNED_CONTEXT ( ( #1960 ) ) GLOBAL_UNIT_ASSIGNED_CONTEXT ( ( #1442, #355, #2536 ) ) REPRESENTATION_CONTEXT ( 'NONE', 'WORKASPACE' ) );
#1484 = DIRECTION ( 'NONE',  ( 0.0000000000000000000, 0.0000000000000000000, 1.000000000000000000 ) ) ;
#1485 = VERTEX_POINT ( 'NONE', #6053 ) ;
#1486 = B_SPLINE_CURVE_WITH_KNOTS ( 'NONE', 2,
 ( #403, #6019, #5963 ),
 .UNSPECIFIED., .F., .F.,
 ( 3, 3 ),
 ( 0.0000000000000000000, 1.000000000000000000 ),
 .UNSPECIFIED. ) ;
#1487 = CARTESIAN_POINT ( 'NONE',  ( -17.40000000000000200, 0.8650000000000003200, -16.19999999999999900 ) ) ;
#1488 = SURFACE_STYLE_FILL_AREA ( #1227 ) ;
#1489 =( NAMED_UNIT ( * ) SI_UNIT ( $, .STERADIAN. ) SOLID_ANGLE_UNIT ( ) );
#1490 = CARTESIAN_POINT ( 'NONE',  ( -3.444174235474486000, 0.8653000000000004000, 17.57000169561520400 ) ) ;
#1491 = ORIENTED_EDGE ( 'NONE', *, *, #6874, .F. ) ;
#1492 = ORIENTED_EDGE ( 'NONE', *, *, #3660, .T. ) ;
#1493 = AXIS2_PLACEMENT_3D ( 'NONE', #3923, #1772, #6187 ) ;
#1494 = AXIS2_PLACEMENT_3D ( 'NONE', #3298, #3886, #6853 ) ;
#1495 = SURFACE_STYLE_FILL_AREA ( #1444 ) ;
#1496 = VECTOR ( 'NONE', #5786, 1000.000000000000000 ) ;
#1497 = ORIENTED_EDGE ( 'NONE', *, *, #3420, .T. ) ;
#1498 = CARTESIAN_POINT ( 'NONE',  ( 14.40000000000000200, 0.8650000000000003200, 17.60000000000000500 ) ) ;
#1499 =( NAMED_UNIT ( * ) SI_UNIT ( $, .STERADIAN. ) SOLID_ANGLE_UNIT ( ) );
#1500 = CARTESIAN_POINT ( 'NONE',  ( -17.14347183953326600, 1.142628163596250500, -0.4731524988100234100 ) ) ;
#1501 = ORIENTED_EDGE ( 'NONE', *, *, #4657, .F. ) ;
#1502 = EDGE_LOOP ( 'NONE', ( #1674, #2532, #4406, #897 ) ) ;
#1503 = ADVANCED_FACE ( 'NONE', ( #2880 ), #2727, .F. ) ;
#1504 = FACE_OUTER_BOUND ( 'NONE', #1372, .T. ) ;
#1505 = ORIENTED_EDGE ( 'NONE', *, *, #1261, .T. ) ;
#1506 = ORIENTED_EDGE ( 'NONE', *, *, #6606, .T. ) ;
#1507 = EDGE_CURVE ( 'NONE', #5468, #683, #4091, .T. ) ;
#1508 = DIRECTION ( 'NONE',  ( 1.000000000000000000, 0.0000000000000000000, 0.0000000000000000000 ) ) ;
#1509 = ORIENTED_EDGE ( 'NONE', *, *, #185, .T. ) ;
#1510 =( LENGTH_UNIT ( ) NAMED_UNIT ( * ) SI_UNIT ( .MILLI., .METRE. ) );
#1511 = AXIS2_PLACEMENT_3D ( 'NONE', #2517, #810, #5281 ) ;
#1512 = LINE ( 'NONE', #5572, #3345 ) ;
#1513 = CARTESIAN_POINT ( 'NONE',  ( -4.247439589176138100, 0.8653000000000004000, 17.57000169561520400 ) ) ;
#1514 = DIRECTION ( 'NONE',  ( -0.4788650536753306100, -0.0000000000000000000, -0.8778885238847372600 ) ) ;
#1515 = UNCERTAINTY_MEASURE_WITH_UNIT (LENGTH_MEASURE( 1.000000000000000100E-005 ), #5569, 'distance_accuracy_value', 'NONE');
#1516 = ORIENTED_EDGE ( 'NONE', *, *, #1209, .T. ) ;
#1517 = DIRECTION ( 'NONE',  ( -0.0000000000000000000, -1.000000000000000000, -0.0000000000000000000 ) ) ;
#1518 = VERTEX_POINT ( 'NONE', #6364 ) ;
#1519 =( NAMED_UNIT ( * ) PLANE_ANGLE_UNIT ( ) SI_UNIT ( $, .RADIAN. ) );
#1520 = EDGE_CURVE ( 'NONE', #860, #6575, #3991, .T. ) ;
#1521 = CARTESIAN_POINT ( 'NONE',  ( -12.06410172443422400, 0.8650000000000003200, 17.69758785171620000 ) ) ;
#1522 = FACE_OUTER_BOUND ( 'NONE', #1543, .T. ) ;
#1523 = SURFACE_STYLE_FILL_AREA ( #5486 ) ;
#1524 = ORIENTED_EDGE ( 'NONE', *, *, #2881, .T. ) ;
#1525 = SURFACE_SIDE_STYLE ('',( #3786 ) ) ;
#1526 = SURFACE_STYLE_FILL_AREA ( #6968 ) ;
#1527 =( NAMED_UNIT ( * ) PLANE_ANGLE_UNIT ( ) SI_UNIT ( $, .RADIAN. ) );
#1528 = FILL_AREA_STYLE ('',( #7031 ) ) ;
#1529 = DIRECTION ( 'NONE',  ( 0.0000000000000000000, -0.0000000000000000000, 1.000000000000000000 ) ) ;
#1530 = CARTESIAN_POINT ( 'NONE',  ( -16.13447516502194300, 1.345379107330116500, -34.62555606110413500 ) ) ;
#1531 = LINE ( 'NONE', #4064, #6752 ) ;
#1532 = LINE ( 'NONE', #2841, #3574 ) ;
#1533 = AXIS2_PLACEMENT_3D ( 'NONE', #7102, #5564, #3293 ) ;
#1534 = MECHANICAL_DESIGN_GEOMETRIC_PRESENTATION_REPRESENTATION (  '', ( #4512 ), #2759 ) ;
#1535 = LINE ( 'NONE', #5146, #6664 ) ;
#1536 = DIRECTION ( 'NONE',  ( 0.0000000000000000000, 0.0000000000000000000, -1.000000000000000000 ) ) ;
#1537 = CARTESIAN_POINT ( 'NONE',  ( -4.244830864550217500, 0.8653000000000004000, 18.11879910641462400 ) ) ;
#1538 = ORIENTED_EDGE ( 'NONE', *, *, #651, .F. ) ;
#1539 = FILL_AREA_STYLE_COLOUR ( '', #531 ) ;
#1540 = CARTESIAN_POINT ( 'NONE',  ( -6.831133247271061700, 0.8650000000000003200, 18.19891092970823700 ) ) ;
#1541 = VECTOR ( 'NONE', #4492, 1000.000000000000100 ) ;
#1542 =( GEOMETRIC_REPRESENTATION_CONTEXT ( 3 ) GLOBAL_UNCERTAINTY_ASSIGNED_CONTEXT ( ( #1382 ) ) GLOBAL_UNIT_ASSIGNED_CONTEXT ( ( #1417, #2472, #4107 ) ) REPRESENTATION_CONTEXT ( 'NONE', 'WORKASPACE' ) );
#1543 = EDGE_LOOP ( 'NONE', ( #2922, #1990, #4098, #380 ) ) ;
#1544 = CARTESIAN_POINT ( 'NONE',  ( -14.60000000000000100, 0.8650000000000003200, -16.19999999999999900 ) ) ;
#1545 = FACE_OUTER_BOUND ( 'NONE', #6318, .T. ) ;
#1546 = DIRECTION ( 'NONE',  ( 0.0000000000000000000, -0.0000000000000000000, 1.000000000000000000 ) ) ;
#1547 = FACE_OUTER_BOUND ( 'NONE', #5235, .T. ) ;
#1548 = DIRECTION ( 'NONE',  ( 0.0000000000000000000, 0.0000000000000000000, 1.000000000000000000 ) ) ;
#1549 =( NAMED_UNIT ( * ) SI_UNIT ( $, .STERADIAN. ) SOLID_ANGLE_UNIT ( ) );
#1550 = CARTESIAN_POINT ( 'NONE',  ( 18.08977683715330500, 0.8649999999999998800, -33.81379118025650100 ) ) ;
#1551 = EDGE_CURVE ( 'NONE', #7147, #5997, #3469, .T. ) ;
#1552 = MECHANICAL_DESIGN_GEOMETRIC_PRESENTATION_REPRESENTATION (  '', ( #4027 ), #1781 ) ;
#1553 = UNCERTAINTY_MEASURE_WITH_UNIT (LENGTH_MEASURE( 1.000000000000000100E-005 ), #4675, 'distance_accuracy_value', 'NONE');
#1554 = COLOUR_RGB ( '',0.0000000000000000000, 0.0000000000000000000, 1.000000000000000000 ) ;
#1555 = CARTESIAN_POINT ( 'NONE',  ( -10.02340811491857600, 0.8653000000000004000, 17.64729074430271200 ) ) ;
#1556 = CARTESIAN_POINT ( 'NONE',  ( -8.666349520355391100, 0.8653000000000004000, 17.95608755419133500 ) ) ;
#1557 =( LENGTH_UNIT ( ) NAMED_UNIT ( * ) SI_UNIT ( .MILLI., .METRE. ) );
#1558 = CARTESIAN_POINT ( 'NONE',  ( 16.00000000000000000, 0.8650000000000003200, -16.00000000000000000 ) ) ;
#1559 = EDGE_CURVE ( 'NONE', #4491, #1763, #364, .T. ) ;
#1560 = STYLED_ITEM ( 'NONE', ( #5194 ), #4890 ) ;
#1561 = MECHANICAL_DESIGN_GEOMETRIC_PRESENTATION_REPRESENTATION (  '', ( #1170 ), #1932 ) ;
#1562 = VERTEX_POINT ( 'NONE', #6288 ) ;
#1563 = CARTESIAN_POINT ( 'NONE',  ( -11.56451976543143600, 0.8650000000000003200, 18.55149399258303000 ) ) ;
#1564 = EDGE_LOOP ( 'NONE', ( #5930, #3560, #6166, #6825 ) ) ;
#1565 = SURFACE_SIDE_STYLE ('',( #3704 ) ) ;
#1566 = EDGE_CURVE ( 'NONE', #5961, #5025, #2875, .T. ) ;
#1567 = DIRECTION ( 'NONE',  ( -0.0000000000000000000, -1.000000000000000000, -0.0000000000000000000 ) ) ;
#1568 = ORIENTED_EDGE ( 'NONE', *, *, #1729, .T. ) ;
#1569 = AXIS2_PLACEMENT_3D ( 'NONE', #6701, #6209, #174 ) ;
#1570 =( LENGTH_UNIT ( ) NAMED_UNIT ( * ) SI_UNIT ( .MILLI., .METRE. ) );
#1571 = VERTEX_POINT ( 'NONE', #5234 ) ;
#1572 = CARTESIAN_POINT ( 'NONE',  ( -16.19716684191321900, 1.142628163596250700, -34.76009617787655500 ) ) ;
#1573 = ADVANCED_FACE ( 'NONE', ( #618 ), #4690, .F. ) ;
#1574 = DIRECTION ( 'NONE',  ( 1.000000000000000000, 0.0000000000000000000, -0.0000000000000000000 ) ) ;
#1575 = ADVANCED_FACE ( 'NONE', ( #4700 ), #285, .F. ) ;
#1576 = DIRECTION ( 'NONE',  ( -1.000000000000000000, -0.0000000000000000000, -0.0000000000000000000 ) ) ;
#1577 = ORIENTED_EDGE ( 'NONE', *, *, #1652, .F. ) ;
#1578 = CARTESIAN_POINT ( 'NONE',  ( 14.60000000000000100, 0.8650000000000003200, 16.00000000000000000 ) ) ;
#1579 = FILL_AREA_STYLE ('',( #3182 ) ) ;
#1580 = PRESENTATION_LAYER_ASSIGNMENT (  '', '', ( #4806 ) ) ;
#1581 = VECTOR ( 'NONE', #2909, 1000.000000000000000 ) ;
#1582 = DIRECTION ( 'NONE',  ( 0.0000000000000000000, 0.0000000000000000000, 1.000000000000000000 ) ) ;
#1583 = CARTESIAN_POINT ( 'NONE',  ( -5.040810504759547500, 0.8653000000000004000, 17.57000169561520400 ) ) ;
#1584 = VERTEX_POINT ( 'NONE', #6317 ) ;
#1585 = ORIENTED_EDGE ( 'NONE', *, *, #5347, .F. ) ;
#1586 = CARTESIAN_POINT ( 'NONE',  ( -18.99999999999999600, 0.0000000000000000000, -18.99999999999999600 ) ) ;
#1588 = ORIENTED_EDGE ( 'NONE', *, *, #2591, .F. ) ;
#1587 = SURFACE_SIDE_STYLE ('',( #719 ) ) ;
#1589 = VERTEX_POINT ( 'NONE', #6832 ) ;
#1590 = ORIENTED_EDGE ( 'NONE', *, *, #456, .T. ) ;
#1591 = EDGE_CURVE ( 'NONE', #2417, #1825, #6568, .T. ) ;
#1592 = LINE ( 'NONE', #4133, #6898 ) ;
#1593 = FILL_AREA_STYLE ('',( #457 ) ) ;
#1594 = STYLED_ITEM ( 'NONE', ( #1391 ), #2548 ) ;
#1595 = UNCERTAINTY_MEASURE_WITH_UNIT (LENGTH_MEASURE( 1.000000000000000100E-005 ), #5121, 'distance_accuracy_value', 'NONE');
#1596 = CARTESIAN_POINT ( 'NONE',  ( -15.99999999999997900, 0.8650000000000003200, 16.00000000000001400 ) ) ;
#1597 = CARTESIAN_POINT ( 'NONE',  ( -10.40100737467328800, 0.8650000000000003200, 18.34262767591853600 ) ) ;
#1598 = CARTESIAN_POINT ( 'NONE',  ( 0.0000000000000000000, 0.8653000000000004000, 0.0000000000000000000 ) ) ;
#1599 = COLOUR_RGB ( '',0.0000000000000000000, 0.0000000000000000000, 1.000000000000000000 ) ;
#1600 = ORIENTED_EDGE ( 'NONE', *, *, #5650, .T. ) ;
#1601 = ORIENTED_EDGE ( 'NONE', *, *, #3940, .F. ) ;
#1602 = PRESENTATION_STYLE_ASSIGNMENT (( #4580 ) ) ;
#1603 = EDGE_CURVE ( 'NONE', #3618, #2000, #3288, .T. ) ;
#1604 = UNCERTAINTY_MEASURE_WITH_UNIT (LENGTH_MEASURE( 1.000000000000000100E-005 ), #3525, 'distance_accuracy_value', 'NONE');
#1605 =( NAMED_UNIT ( * ) PLANE_ANGLE_UNIT ( ) SI_UNIT ( $, .RADIAN. ) );
#1606 = ORIENTED_EDGE ( 'NONE', *, *, #1421, .T. ) ;
#1607 = AXIS2_PLACEMENT_3D ( 'NONE', #1544, #2637, #6480 ) ;
#1608 = DIRECTION ( 'NONE',  ( 1.000000000000000000, 0.0000000000000000000, 0.0000000000000000000 ) ) ;
#1609 = CARTESIAN_POINT ( 'NONE',  ( -8.285342008175714300, 0.8653000000000004000, 18.03748791201022100 ) ) ;
#1610 = ADVANCED_FACE ( 'NONE', ( #6733 ), #1998, .F. ) ;
#1611 = FACE_BOUND ( 'NONE', #2390, .T. ) ;
#1612 = LINE ( 'NONE', #224, #2886 ) ;
#1613 = EDGE_CURVE ( 'NONE', #2692, #3552, #871, .T. ) ;
#1614 = CARTESIAN_POINT ( 'NONE',  ( -16.24893162393162900, -9.134999999999999800, -13.79123931623931700 ) ) ;
#1615 = CARTESIAN_POINT ( 'NONE',  ( -11.26524202843952200, 0.8653000000000004000, 17.30830367580641400 ) ) ;
#1616 = VERTEX_POINT ( 'NONE', #875 ) ;
#1617 = CARTESIAN_POINT ( 'NONE',  ( -11.71898397452163600, 0.8653000000000004000, 18.10705928947618700 ) ) ;
#1618 = LINE ( 'NONE', #4895, #6924 ) ;
#1619 = COLOUR_RGB ( '',0.0000000000000000000, 0.0000000000000000000, 1.000000000000000000 ) ;
#1620 = CARTESIAN_POINT ( 'NONE',  ( -3.261890097925141100, 0.8650000000000003200, 18.06816015398052100 ) ) ;
#1621 = CARTESIAN_POINT ( 'NONE',  ( 0.0000000000000000000, 0.8653000000000004000, 0.0000000000000000000 ) ) ;
#1622 = CARTESIAN_POINT ( 'NONE',  ( -11.44573098037522000, 0.8653000000000004000, 17.53389347053593600 ) ) ;
#1623 = LINE ( 'NONE', #3723, #2051 ) ;
#1624 =( GEOMETRIC_REPRESENTATION_CONTEXT ( 3 ) GLOBAL_UNCERTAINTY_ASSIGNED_CONTEXT ( ( #2651 ) ) GLOBAL_UNIT_ASSIGNED_CONTEXT ( ( #6586, #4942, #1651 ) ) REPRESENTATION_CONTEXT ( 'NONE', 'WORKASPACE' ) );
#1625 = LINE ( 'NONE', #1449, #1794 ) ;
#1626 = AXIS2_PLACEMENT_3D ( 'NONE', #737, #6276, #143 ) ;
#1627 = CARTESIAN_POINT ( 'NONE',  ( -7.345058767467194500, 0.8653000000000004000, 17.97378617922964500 ) ) ;
#1628 = SURFACE_STYLE_USAGE ( .BOTH. , #2702 ) ;
#1629 = VERTEX_POINT ( 'NONE', #2994 ) ;
#1630 = CARTESIAN_POINT ( 'NONE',  ( -4.244830864550217500, 0.8653000000000004000, 18.11879910641462400 ) ) ;
#1631 = CARTESIAN_POINT ( 'NONE',  ( -8.640109053327426700, 0.8650000000000003200, 18.04041749469235300 ) ) ;
#1632 = CARTESIAN_POINT ( 'NONE',  ( 14.40000000000000200, 0.8350000000000000800, 0.0000000000000000000 ) ) ;
#1633 =( GEOMETRIC_REPRESENTATION_CONTEXT ( 3 ) GLOBAL_UNCERTAINTY_ASSIGNED_CONTEXT ( ( #5750 ) ) GLOBAL_UNIT_ASSIGNED_CONTEXT ( ( #4718, #5867, #1999 ) ) REPRESENTATION_CONTEXT ( 'NONE', 'WORKASPACE' ) );
#1634 = LINE ( 'NONE', #4473, #735 ) ;
#1635 = PRESENTATION_STYLE_ASSIGNMENT (( #2097 ) ) ;
#1636 = COLOUR_RGB ( '',0.0000000000000000000, 0.0000000000000000000, 1.000000000000000000 ) ;
#1637 = CARTESIAN_POINT ( 'NONE',  ( -12.18515224144049300, 0.8653000000000004000, 17.88701189099145200 ) ) ;
#1638 = CARTESIAN_POINT ( 'NONE',  ( -9.443704833392827100, 0.8653000000000004000, 18.03834697636674300 ) ) ;
#1639 = LINE ( 'NONE', #4459, #141 ) ;
#1640 = DIRECTION ( 'NONE',  ( -1.000000000000000000, 0.0000000000000000000, 0.0000000000000000000 ) ) ;
#1641 = UNCERTAINTY_MEASURE_WITH_UNIT (LENGTH_MEASURE( 1.000000000000000100E-005 ), #1029, 'distance_accuracy_value', 'NONE');
#1642 = EDGE_CURVE ( 'NONE', #1763, #2860, #3642, .T. ) ;
#1643 = CARTESIAN_POINT ( 'NONE',  ( -3.282499986744676700, 0.8650000000000003200, 17.63725463270457200 ) ) ;
#1644 = PRESENTATION_LAYER_ASSIGNMENT (  '', '', ( #6826 ) ) ;
#1645 = VERTEX_POINT ( 'NONE', #6922 ) ;
#1646 = LINE ( 'NONE', #4662, #4572 ) ;
#1647 =( LENGTH_UNIT ( ) NAMED_UNIT ( * ) SI_UNIT ( .MILLI., .METRE. ) );
#1648 = VECTOR ( 'NONE', #3171, 1000.000000000000000 ) ;
#1649 = CARTESIAN_POINT ( 'NONE',  ( -11.02488769279018800, 0.8650000000000003200, 17.13542832098493600 ) ) ;
#1650 = ORIENTED_EDGE ( 'NONE', *, *, #3279, .F. ) ;
#1651 =( NAMED_UNIT ( * ) SI_UNIT ( $, .STERADIAN. ) SOLID_ANGLE_UNIT ( ) );
#1652 = EDGE_CURVE ( 'NONE', #2434, #5468, #2615, .T. ) ;
#1653 = SURFACE_STYLE_FILL_AREA ( #4730 ) ;
#1654 =( GEOMETRIC_REPRESENTATION_CONTEXT ( 3 ) GLOBAL_UNCERTAINTY_ASSIGNED_CONTEXT ( ( #1324 ) ) GLOBAL_UNIT_ASSIGNED_CONTEXT ( ( #468, #4941, #4874 ) ) REPRESENTATION_CONTEXT ( 'NONE', 'WORKASPACE' ) );
#1655 = LINE ( 'NONE', #4073, #4479 ) ;
#1656 = DIRECTION ( 'NONE',  ( 1.000000000000000000, 0.0000000000000000000, -0.0000000000000000000 ) ) ;
#1657 = VERTEX_POINT ( 'NONE', #4202 ) ;
#1658 = CARTESIAN_POINT ( 'NONE',  ( -9.981614088852071000, 0.8653000000000004000, 17.99397935232808600 ) ) ;
#1659 = LINE ( 'NONE', #930, #4762 ) ;
#1660 = STYLED_ITEM ( 'NONE', ( #6571 ), #788 ) ;
#1661 = CARTESIAN_POINT ( 'NONE',  ( -3.444174235474486000, 0.8653000000000004000, 17.57000169561520400 ) ) ;
#1662 = ORIENTED_EDGE ( 'NONE', *, *, #1316, .T. ) ;
#1663 = ORIENTED_EDGE ( 'NONE', *, *, #3170, .T. ) ;
#1664 = CARTESIAN_POINT ( 'NONE',  ( -8.599024758810749300, 0.8653000000000004000, 18.03834697636674300 ) ) ;
#1665 = SURFACE_STYLE_FILL_AREA ( #6884 ) ;
#1666 = ORIENTED_EDGE ( 'NONE', *, *, #3617, .F. ) ;
#1667 = SURFACE_STYLE_USAGE ( .BOTH. , #1214 ) ;
#1668 = EDGE_LOOP ( 'NONE', ( #429, #440, #4846, #6817 ) ) ;
#1669 = CARTESIAN_POINT ( 'NONE',  ( -4.247439589176138100, 0.8653000000000004000, 17.57000169561520400 ) ) ;
#1670 = FILL_AREA_STYLE_COLOUR ( '', #5730 ) ;
#1671 = ORIENTED_EDGE ( 'NONE', *, *, #6837, .F. ) ;
#1672 = VERTEX_POINT ( 'NONE', #4111 ) ;
#1673 =( LENGTH_UNIT ( ) NAMED_UNIT ( * ) SI_UNIT ( .MILLI., .METRE. ) );
#1674 = ORIENTED_EDGE ( 'NONE', *, *, #6194, .T. ) ;
#1675 = VECTOR ( 'NONE', #4666, 1000.000000000000000 ) ;
#1676 = UNCERTAINTY_MEASURE_WITH_UNIT (LENGTH_MEASURE( 1.000000000000000100E-005 ), #1673, 'distance_accuracy_value', 'NONE');
#1677 = DIRECTION ( 'NONE',  ( 0.0000000000000000000, 0.0000000000000000000, 1.000000000000000000 ) ) ;
#1678 = ORIENTED_EDGE ( 'NONE', *, *, #2611, .F. ) ;
#1679 = EDGE_CURVE ( 'NONE', #2444, #1616, #5217, .T. ) ;
#1680 = ORIENTED_EDGE ( 'NONE', *, *, #7025, .F. ) ;
#1681 =( GEOMETRIC_REPRESENTATION_CONTEXT ( 3 ) GLOBAL_UNCERTAINTY_ASSIGNED_CONTEXT ( ( #3654 ) ) GLOBAL_UNIT_ASSIGNED_CONTEXT ( ( #1783, #658, #4549 ) ) REPRESENTATION_CONTEXT ( 'NONE', 'WORKASPACE' ) );
#1682 = DIRECTION ( 'NONE',  ( 0.0000000000000000000, 0.0000000000000000000, -1.000000000000000000 ) ) ;
#1683 = CARTESIAN_POINT ( 'NONE',  ( -7.670296811569977900, 0.8650000000000003200, 18.19891092970823700 ) ) ;
#1684 = ORIENTED_EDGE ( 'NONE', *, *, #4559, .T. ) ;
#1685 = FACE_OUTER_BOUND ( 'NONE', #4376, .T. ) ;
#1686 = DIRECTION ( 'NONE',  ( -0.0000000000000000000, -1.000000000000000000, -0.0000000000000000000 ) ) ;
#1687 = ORIENTED_EDGE ( 'NONE', *, *, #1061, .T. ) ;
#1688 = CARTESIAN_POINT ( 'NONE',  ( -6.568368449399659200, 0.8650000000000003200, 17.57000169561520400 ) ) ;
#1689 = VECTOR ( 'NONE', #6613, 1000.000000000000000 ) ;
#1690 = EDGE_CURVE ( 'NONE', #1854, #2896, #5477, .T. ) ;
#1691 = CARTESIAN_POINT ( 'NONE',  ( -18.99999999999999600, 0.6999999999999999600, -18.99999999999999600 ) ) ;
#1692 = STYLED_ITEM ( 'NONE', ( #5878 ), #4823 ) ;
#1693 = ORIENTED_EDGE ( 'NONE', *, *, #603, .F. ) ;
#1694 = SURFACE_SIDE_STYLE ('',( #4904 ) ) ;
#1695 = PRESENTATION_LAYER_ASSIGNMENT (  '', '', ( #1465 ) ) ;
#1696 = CARTESIAN_POINT ( 'NONE',  ( -4.247439589176138100, 0.8650000000000003200, 17.57000169561520400 ) ) ;
#1697 = SURFACE_STYLE_FILL_AREA ( #6627 ) ;
#1698 = DIRECTION ( 'NONE',  ( 0.0000000000000000000, 0.0000000000000000000, 1.000000000000000000 ) ) ;
#1699 = ORIENTED_EDGE ( 'NONE', *, *, #5287, .T. ) ;
#1700 = ORIENTED_EDGE ( 'NONE', *, *, #4595, .F. ) ;
#1701 = EDGE_CURVE ( 'NONE', #2033, #7147, #1928, .T. ) ;
#1702 = CARTESIAN_POINT ( 'NONE',  ( -8.261725682775729500, 0.8653000000000004000, 18.19891092970823700 ) ) ;
#1703 = CARTESIAN_POINT ( 'NONE',  ( -4.050786439046619900, 0.8650000000000003200, 18.04350418491232900 ) ) ;
#1704 =( GEOMETRIC_REPRESENTATION_CONTEXT ( 3 ) GLOBAL_UNCERTAINTY_ASSIGNED_CONTEXT ( ( #586 ) ) GLOBAL_UNIT_ASSIGNED_CONTEXT ( ( #1896, #4075, #794 ) ) REPRESENTATION_CONTEXT ( 'NONE', 'WORKASPACE' ) );
#1705 =( NAMED_UNIT ( * ) SI_UNIT ( $, .STERADIAN. ) SOLID_ANGLE_UNIT ( ) );
#1706 = VERTEX_POINT ( 'NONE', #1859 ) ;
#1707 =( NAMED_UNIT ( * ) SI_UNIT ( $, .STERADIAN. ) SOLID_ANGLE_UNIT ( ) );
#1708 =( NAMED_UNIT ( * ) SI_UNIT ( $, .STERADIAN. ) SOLID_ANGLE_UNIT ( ) );
#1709 = PLANE ( 'NONE',  #5751 ) ;
#1710 = SURFACE_STYLE_FILL_AREA ( #22 ) ;
#1711 =( GEOMETRIC_REPRESENTATION_CONTEXT ( 3 ) GLOBAL_UNCERTAINTY_ASSIGNED_CONTEXT ( ( #4591 ) ) GLOBAL_UNIT_ASSIGNED_CONTEXT ( ( #6447, #3213, #4876 ) ) REPRESENTATION_CONTEXT ( 'NONE', 'WORKASPACE' ) );
#1712 = STYLED_ITEM ( 'NONE', ( #7084 ), #6301 ) ;
#1713 = COLOUR_RGB ( '',0.0000000000000000000, 0.0000000000000000000, 1.000000000000000000 ) ;
#1714 = SURFACE_STYLE_USAGE ( .BOTH. , #598 ) ;
#1715 = CARTESIAN_POINT ( 'NONE',  ( -8.067130061986265600, 0.8650000000000003200, 17.57000169561520400 ) ) ;
#1716 =( NAMED_UNIT ( * ) SI_UNIT ( $, .STERADIAN. ) SOLID_ANGLE_UNIT ( ) );
#1717 = SURFACE_STYLE_FILL_AREA ( #4094 ) ;
#1718 = CARTESIAN_POINT ( 'NONE',  ( -4.448922305484327200, 0.8653000000000004000, 18.01574776695557000 ) ) ;
#1719 = VECTOR ( 'NONE', #2154, 1000.000000000000000 ) ;
#1720 = EDGE_CURVE ( 'NONE', #2000, #3798, #3031, .T. ) ;
#1721 = SURFACE_SIDE_STYLE ('',( #4 ) ) ;
#1722 =( NAMED_UNIT ( * ) PLANE_ANGLE_UNIT ( ) SI_UNIT ( $, .RADIAN. ) );
#1723 = DIRECTION ( 'NONE',  ( 9.130123557772669600E-017, 0.0000000000000000000, 1.000000000000000000 ) ) ;
#1724 =( NAMED_UNIT ( * ) PLANE_ANGLE_UNIT ( ) SI_UNIT ( $, .RADIAN. ) );
#1725 = ORIENTED_EDGE ( 'NONE', *, *, #3289, .F. ) ;
#1726 = CARTESIAN_POINT ( 'NONE',  ( -4.440561772358937500, 0.8653000000000004000, 18.19891092970823700 ) ) ;
#1727 = FILL_AREA_STYLE_COLOUR ( '', #4830 ) ;
#1728 = PRESENTATION_STYLE_ASSIGNMENT (( #1286 ) ) ;
#1729 = EDGE_CURVE ( 'NONE', #683, #1470, #6400, .T. ) ;
#1730 = CARTESIAN_POINT ( 'NONE',  ( -7.858984287663347800, 0.8653000000000004000, 18.19891092970823700 ) ) ;
#1731 = AXIS2_PLACEMENT_3D ( 'NONE', #496, #6063, #4450 ) ;
#1732 = COLOUR_RGB ( '',0.0000000000000000000, 0.0000000000000000000, 1.000000000000000000 ) ;
#1733 = EDGE_LOOP ( 'NONE', ( #362 ) ) ;
#1734 =( LENGTH_UNIT ( ) NAMED_UNIT ( * ) SI_UNIT ( .MILLI., .METRE. ) );
#1735 = CARTESIAN_POINT ( 'NONE',  ( -5.040810504759547500, 0.8650000000000003200, 17.95608755419133500 ) ) ;
#1736 = FILL_AREA_STYLE_COLOUR ( '', #3190 ) ;
#1737 = FACE_OUTER_BOUND ( 'NONE', #1231, .T. ) ;
#1738 = EDGE_CURVE ( 'NONE', #6725, #1196, #4508, .T. ) ;
#1739 =( NAMED_UNIT ( * ) PLANE_ANGLE_UNIT ( ) SI_UNIT ( $, .RADIAN. ) );
#1740 = ORIENTED_EDGE ( 'NONE', *, *, #1984, .T. ) ;
#1741 = ORIENTED_EDGE ( 'NONE', *, *, #2339, .F. ) ;
#1742 =( NAMED_UNIT ( * ) PLANE_ANGLE_UNIT ( ) SI_UNIT ( $, .RADIAN. ) );
#1743 = LINE ( 'NONE', #3144, #7144 ) ;
#1744 = PLANE ( 'NONE',  #3777 ) ;
#1745 = LINE ( 'NONE', #6185, #1581 ) ;
#1746 = FILL_AREA_STYLE_COLOUR ( '', #4097 ) ;
#1747 = ORIENTED_EDGE ( 'NONE', *, *, #4037, .F. ) ;
#1748 = B_SPLINE_CURVE_WITH_KNOTS ( 'NONE', 3,
 ( #4460, #256, #1630, #6125 ),
 .UNSPECIFIED., .F., .F.,
 ( 4, 4 ),
 ( 0.0000000000000000000, 1.000000000000000000 ),
 .UNSPECIFIED. ) ;
#1749 = CARTESIAN_POINT ( 'NONE',  ( -3.987703829387685900, 0.8653000000000004000, 18.20146168278876100 ) ) ;
#1750 = PRESENTATION_LAYER_ASSIGNMENT (  '', '', ( #5358 ) ) ;
#1751 = DIRECTION ( 'NONE',  ( 0.0000000000000000000, -0.0000000000000000000, -1.000000000000000000 ) ) ;
#1752 = PRESENTATION_LAYER_ASSIGNMENT (  '', '', ( #2941 ) ) ;
#1753 = DIRECTION ( 'NONE',  ( -1.000000000000000000, 0.0000000000000000000, 0.0000000000000000000 ) ) ;
#1754 = COLOUR_RGB ( '',0.0000000000000000000, 0.0000000000000000000, 1.000000000000000000 ) ;
#1755 = FILL_AREA_STYLE ('',( #5661 ) ) ;
#1756 = LINE ( 'NONE', #5032, #3896 ) ;
#1757 = VERTEX_POINT ( 'NONE', #4621 ) ;
#1758 = ORIENTED_EDGE ( 'NONE', *, *, #5329, .F. ) ;
#1759 = FILL_AREA_STYLE_COLOUR ( '', #4022 ) ;
#1760 = VECTOR ( 'NONE', #1884, 1000.000000000000000 ) ;
#1761 = COLOUR_RGB ( '',0.7921568627450980000, 0.8196078431372548800, 0.9333333333333333500 ) ;
#1762 = SURFACE_STYLE_FILL_AREA ( #4392 ) ;
#1763 = VERTEX_POINT ( 'NONE', #263 ) ;
#1764 =( NAMED_UNIT ( * ) PLANE_ANGLE_UNIT ( ) SI_UNIT ( $, .RADIAN. ) );
#1765 =( NAMED_UNIT ( * ) PLANE_ANGLE_UNIT ( ) SI_UNIT ( $, .RADIAN. ) );
#1766 = ORIENTED_EDGE ( 'NONE', *, *, #1410, .T. ) ;
#1767 =( GEOMETRIC_REPRESENTATION_CONTEXT ( 3 ) GLOBAL_UNCERTAINTY_ASSIGNED_CONTEXT ( ( #56 ) ) GLOBAL_UNIT_ASSIGNED_CONTEXT ( ( #5688, #3470, #4619 ) ) REPRESENTATION_CONTEXT ( 'NONE', 'WORKASPACE' ) );
#1768 = PRESENTATION_STYLE_ASSIGNMENT (( #5820 ) ) ;
#1769 = CARTESIAN_POINT ( 'NONE',  ( -4.050786439046619900, 0.8653000000000004000, 18.04350418491232900 ) ) ;
#1770 = UNCERTAINTY_MEASURE_WITH_UNIT (LENGTH_MEASURE( 1.000000000000000100E-005 ), #1192, 'distance_accuracy_value', 'NONE');
#1771 = PRESENTATION_STYLE_ASSIGNMENT (( #648 ) ) ;
#1772 = DIRECTION ( 'NONE',  ( -1.000000000000000000, 0.0000000000000000000, 0.0000000000000000000 ) ) ;
#1773 = ORIENTED_EDGE ( 'NONE', *, *, #2480, .T. ) ;
#1774 = CYLINDRICAL_SURFACE ( 'NONE', #350, 0.1999999999999987900 ) ;
#1775 =( NAMED_UNIT ( * ) PLANE_ANGLE_UNIT ( ) SI_UNIT ( $, .RADIAN. ) );
#1776 = CARTESIAN_POINT ( 'NONE',  ( -17.60000000000000100, 0.8650000000000003200, -16.00000000000000000 ) ) ;
#1777 = FACE_OUTER_BOUND ( 'NONE', #5748, .T. ) ;
#1778 = EDGE_CURVE ( 'NONE', #2444, #977, #772, .T. ) ;
#1779 = CARTESIAN_POINT ( 'NONE',  ( -6.373883349586632700, 0.8650000000000003200, 18.19891092970823700 ) ) ;
#1780 = FACE_BOUND ( 'NONE', #3726, .T. ) ;
#1781 =( GEOMETRIC_REPRESENTATION_CONTEXT ( 3 ) GLOBAL_UNCERTAINTY_ASSIGNED_CONTEXT ( ( #3876 ) ) GLOBAL_UNIT_ASSIGNED_CONTEXT ( ( #626, #2813, #94 ) ) REPRESENTATION_CONTEXT ( 'NONE', 'WORKASPACE' ) );
#1782 = CARTESIAN_POINT ( 'NONE',  ( -11.29027920413558300, 0.8653000000000004000, 18.45133746945663600 ) ) ;
#1783 =( LENGTH_UNIT ( ) NAMED_UNIT ( * ) SI_UNIT ( .MILLI., .METRE. ) );
#1784 = CARTESIAN_POINT ( 'NONE',  ( 0.4731524988100196400, 0.8649999999999998800, -17.14347183953325900 ) ) ;
#1785 = ORIENTED_EDGE ( 'NONE', *, *, #4045, .F. ) ;
#1786 = PRESENTATION_STYLE_ASSIGNMENT (( #4399 ) ) ;
#1787 = EDGE_CURVE ( 'NONE', #2581, #3990, #1592, .T. ) ;
#1788 = CARTESIAN_POINT ( 'NONE',  ( -3.261890097925141100, 0.8650000000000003200, 18.06816015398052100 ) ) ;
#1789 =( GEOMETRIC_REPRESENTATION_CONTEXT ( 3 ) GLOBAL_UNCERTAINTY_ASSIGNED_CONTEXT ( ( #4944 ) ) GLOBAL_UNIT_ASSIGNED_CONTEXT ( ( #2525, #2552, #4117 ) ) REPRESENTATION_CONTEXT ( 'NONE', 'WORKASPACE' ) );
#1790 = CARTESIAN_POINT ( 'NONE',  ( -3.444174235474486000, 0.8653000000000004000, 17.57000169561520400 ) ) ;
#1791 = PLANE ( 'NONE',  #6511 ) ;
#1792 = CARTESIAN_POINT ( 'NONE',  ( -3.285981471631799000, 0.8650000000000003200, 17.73318271590345700 ) ) ;
#1793 = ORIENTED_EDGE ( 'NONE', *, *, #2232, .F. ) ;
#1794 = VECTOR ( 'NONE', #3666, 1000.000000000000000 ) ;
#1795 = PLANE ( 'NONE',  #5227 ) ;
#1796 = CARTESIAN_POINT ( 'NONE',  ( -17.14444444444444900, 0.8350000000000000800, -14.14401709401709400 ) ) ;
#1797 =( NAMED_UNIT ( * ) PLANE_ANGLE_UNIT ( ) SI_UNIT ( $, .RADIAN. ) );
#1798 = FILL_AREA_STYLE_COLOUR ( '', #3179 ) ;
#1799 = EDGE_CURVE ( 'NONE', #2508, #5251, #4650, .T. ) ;
#1800 = CARTESIAN_POINT ( 'NONE',  ( -3.877881027603348000, 0.8650000000000003200, 17.57000169561520400 ) ) ;
#1801 = DIRECTION ( 'NONE',  ( -0.4900736531645338800, 0.0000000000000000000, 0.8716810279419692200 ) ) ;
#1802 = FACE_OUTER_BOUND ( 'NONE', #4086, .T. ) ;
#1803 = B_SPLINE_CURVE_WITH_KNOTS ( 'NONE', 3,
 ( #2344, #6262, #3537, #1361 ),
 .UNSPECIFIED., .F., .F.,
 ( 4, 4 ),
 ( 0.0000000000000000000, 1.000000000000000000 ),
 .UNSPECIFIED. ) ;
#1804 = CARTESIAN_POINT ( 'NONE',  ( -5.803609267994147600, 0.8653000000000004000, 17.57000169561520400 ) ) ;
#1805 =( NAMED_UNIT ( * ) PLANE_ANGLE_UNIT ( ) SI_UNIT ( $, .RADIAN. ) );
#1806 =( NAMED_UNIT ( * ) PLANE_ANGLE_UNIT ( ) SI_UNIT ( $, .RADIAN. ) );
#1807 = CARTESIAN_POINT ( 'NONE',  ( -8.599024758810749300, 0.8650000000000003200, 18.03834697636674300 ) ) ;
#1808 = AXIS2_PLACEMENT_3D ( 'NONE', #3064, #5309, #6396 ) ;
#1809 = UNCERTAINTY_MEASURE_WITH_UNIT (LENGTH_MEASURE( 1.000000000000000100E-005 ), #3507, 'distance_accuracy_value', 'NONE');
#1810 = CARTESIAN_POINT ( 'NONE',  ( -3.480278174149926200, 0.8650000000000003200, 18.19891092970823700 ) ) ;
#1811 = CARTESIAN_POINT ( 'NONE',  ( -16.79166666666667100, -9.134999999999999800, -14.65961538461538400 ) ) ;
#1812 = SURFACE_STYLE_USAGE ( .BOTH. , #5098 ) ;
#1813 =( NAMED_UNIT ( * ) SI_UNIT ( $, .STERADIAN. ) SOLID_ANGLE_UNIT ( ) );
#1814 = CARTESIAN_POINT ( 'NONE',  ( -7.417444033374493100, 0.8653000000000004000, 18.19891092970823700 ) ) ;
#1815 = ORIENTED_EDGE ( 'NONE', *, *, #4541, .F. ) ;
#1816 = ORIENTED_EDGE ( 'NONE', *, *, #5992, .T. ) ;
#1817 =( NAMED_UNIT ( * ) PLANE_ANGLE_UNIT ( ) SI_UNIT ( $, .RADIAN. ) );
#1818 = UNCERTAINTY_MEASURE_WITH_UNIT (LENGTH_MEASURE( 1.000000000000000100E-005 ), #5176, 'distance_accuracy_value', 'NONE');
#1819 = SHAPE_DEFINITION_REPRESENTATION ( #1907, #295 ) ;
#1820 = EDGE_CURVE ( 'NONE', #6229, #2955, #2864, .T. ) ;
#1821 = CARTESIAN_POINT ( 'NONE',  ( -6.107512552934629500, 0.8650000000000003200, 18.19891092970823700 ) ) ;
#1822 = STYLED_ITEM ( 'NONE', ( #3685 ), #2685 ) ;
#1823 = SURFACE_STYLE_USAGE ( .BOTH. , #1721 ) ;
#1824 = CARTESIAN_POINT ( 'NONE',  ( -7.020653954054350400, 0.8653000000000004000, 17.74841020359541600 ) ) ;
#1825 = VERTEX_POINT ( 'NONE', #6249 ) ;
#1826 = VERTEX_POINT ( 'NONE', #2421 ) ;
#1827 = ADVANCED_FACE ( 'NONE', ( #1136 ), #6275, .F. ) ;
#1828 = VECTOR ( 'NONE', #4145, 1000.000000000000000 ) ;
#1829 =( NAMED_UNIT ( * ) SI_UNIT ( $, .STERADIAN. ) SOLID_ANGLE_UNIT ( ) );
#1830 = ORIENTED_EDGE ( 'NONE', *, *, #133, .T. ) ;
#1831 = EDGE_CURVE ( 'NONE', #5124, #3476, #1942, .T. ) ;
#1832 = PRESENTATION_LAYER_ASSIGNMENT (  '', '', ( #3526 ) ) ;
#1833 = CIRCLE ( 'NONE', #4443, 0.1999999999999987900 ) ;
#1834 =( NAMED_UNIT ( * ) PLANE_ANGLE_UNIT ( ) SI_UNIT ( $, .RADIAN. ) );
#1835 = EDGE_LOOP ( 'NONE', ( #4482, #373, #1678, #6649 ) ) ;
#1836 = FILL_AREA_STYLE_COLOUR ( '', #3150 ) ;
#1837 =( NAMED_UNIT ( * ) SI_UNIT ( $, .STERADIAN. ) SOLID_ANGLE_UNIT ( ) );
#1838 = CARTESIAN_POINT ( 'NONE',  ( -12.20072210546603800, 0.8650000000000003200, 17.87908057078369900 ) ) ;
#1839 = LINE ( 'NONE', #6760, #1122 ) ;
#1840 = EDGE_CURVE ( 'NONE', #6638, #1562, #2527, .T. ) ;
#1841 =( NAMED_UNIT ( * ) SI_UNIT ( $, .STERADIAN. ) SOLID_ANGLE_UNIT ( ) );
#1842 = ORIENTED_EDGE ( 'NONE', *, *, #6525, .T. ) ;
#1843 =( LENGTH_UNIT ( ) NAMED_UNIT ( * ) SI_UNIT ( .MILLI., .METRE. ) );
#1844 = ORIENTED_EDGE ( 'NONE', *, *, #4305, .F. ) ;
#1845 = VERTEX_POINT ( 'NONE', #1779 ) ;
#1846 = VECTOR ( 'NONE', #5112, 1000.000000000000000 ) ;
#1847 = CARTESIAN_POINT ( 'NONE',  ( -11.85712424806710200, 0.8653000000000004000, 17.60912567376661600 ) ) ;
#1848 = ORIENTED_EDGE ( 'NONE', *, *, #5796, .F. ) ;
#1849 =( NAMED_UNIT ( * ) SI_UNIT ( $, .STERADIAN. ) SOLID_ANGLE_UNIT ( ) );
#1850 = CIRCLE ( 'NONE', #576, 2.000000000000003600 ) ;
#1851 = VERTEX_POINT ( 'NONE', #360 ) ;
#1852 = CARTESIAN_POINT ( 'NONE',  ( -8.067130061986265600, 0.8650000000000003200, 17.57000169561520400 ) ) ;
#1853 = ORIENTED_EDGE ( 'NONE', *, *, #6111, .F. ) ;
#1854 = VERTEX_POINT ( 'NONE', #4881 ) ;
#1855 = CARTESIAN_POINT ( 'NONE',  ( -4.846377213621117600, 0.8653000000000004000, 17.95608755419133500 ) ) ;
#1856 = MECHANICAL_DESIGN_GEOMETRIC_PRESENTATION_REPRESENTATION (  '', ( #892 ), #4059 ) ;
#1857 = LINE ( 'NONE', #5244, #4534 ) ;
#1858 = LINE ( 'NONE', #3051, #3043 ) ;
#1859 = CARTESIAN_POINT ( 'NONE',  ( -8.261725682775729500, 0.8653000000000004000, 17.95608755419133500 ) ) ;
#1860 = ORIENTED_EDGE ( 'NONE', *, *, #5879, .T. ) ;
#1861 = ORIENTED_EDGE ( 'NONE', *, *, #1334, .T. ) ;
#1862 = FACE_OUTER_BOUND ( 'NONE', #1451, .T. ) ;
#1863 = UNCERTAINTY_MEASURE_WITH_UNIT (LENGTH_MEASURE( 1.000000000000000100E-005 ), #6468, 'distance_accuracy_value', 'NONE');
#1864 = CARTESIAN_POINT ( 'NONE',  ( -10.08184721089984000, 0.8650000000000003200, 17.58080537566368300 ) ) ;
#1865 = LINE ( 'NONE', #5596, #3300 ) ;
#1866 = CARTESIAN_POINT ( 'NONE',  ( -11.74427794614614700, 0.8653000000000004000, 17.31995799106224300 ) ) ;
#1867 = ORIENTED_EDGE ( 'NONE', *, *, #6651, .T. ) ;
#1868 = EDGE_CURVE ( 'NONE', #3476, #7071, #6836, .T. ) ;
#1869 =( GEOMETRIC_REPRESENTATION_CONTEXT ( 3 ) GLOBAL_UNCERTAINTY_ASSIGNED_CONTEXT ( ( #4645 ) ) GLOBAL_UNIT_ASSIGNED_CONTEXT ( ( #5100, #3989, #1171 ) ) REPRESENTATION_CONTEXT ( 'NONE', 'WORKASPACE' ) );
#1870 = CARTESIAN_POINT ( 'NONE',  ( -7.858984287663347800, 0.8653000000000004000, 17.57000169561520400 ) ) ;
#1871 = COLOUR_RGB ( '',1.000000000000000000, 1.000000000000000000, 1.000000000000000000 ) ;
#1872 = SURFACE_SIDE_STYLE ('',( #3936 ) ) ;
#1873 = COLOUR_RGB ( '',1.000000000000000000, 1.000000000000000000, 1.000000000000000000 ) ;
#1874 = CARTESIAN_POINT ( 'NONE',  ( -10.83205225423109400, 0.8653000000000004000, 17.30830367580641400 ) ) ;
#1875 = DIRECTION ( 'NONE',  ( 1.000000000000000000, -0.0000000000000000000, -0.0000000000000000000 ) ) ;
#1876 = SURFACE_STYLE_FILL_AREA ( #7143 ) ;
#1877 = EDGE_CURVE ( 'NONE', #5739, #270, #3814, .T. ) ;
#1878 = FILL_AREA_STYLE ('',( #4149 ) ) ;
#1879 =( GEOMETRIC_REPRESENTATION_CONTEXT ( 3 ) GLOBAL_UNCERTAINTY_ASSIGNED_CONTEXT ( ( #2598 ) ) GLOBAL_UNIT_ASSIGNED_CONTEXT ( ( #5258, #3032, #4741 ) ) REPRESENTATION_CONTEXT ( 'NONE', 'WORKASPACE' ) );
#1880 = VECTOR ( 'NONE', #1091, 1000.000000000000000 ) ;
#1881 = ORIENTED_EDGE ( 'NONE', *, *, #775, .F. ) ;
#1882 = SURFACE_SIDE_STYLE ('',( #5386 ) ) ;
#1883 = CYLINDRICAL_SURFACE ( 'NONE', #6868, 2.000000000000010700 ) ;
#1884 = DIRECTION ( 'NONE',  ( -0.0000000000000000000, -1.000000000000000000, -0.0000000000000000000 ) ) ;
#1885 = COLOUR_RGB ( '',1.000000000000000000, 1.000000000000000000, 1.000000000000000000 ) ;
#1886 = ORIENTED_EDGE ( 'NONE', *, *, #5329, .T. ) ;
#1887 = VECTOR ( 'NONE', #1753, 1000.000000000000000 ) ;
#1888 = EDGE_CURVE ( 'NONE', #1826, #1021, #5256, .T. ) ;
#1889 = PLANE ( 'NONE',  #3954 ) ;
#1890 =( GEOMETRIC_REPRESENTATION_CONTEXT ( 3 ) GLOBAL_UNCERTAINTY_ASSIGNED_CONTEXT ( ( #6387 ) ) GLOBAL_UNIT_ASSIGNED_CONTEXT ( ( #4293, #5887, #3702 ) ) REPRESENTATION_CONTEXT ( 'NONE', 'WORKASPACE' ) );
#1891 = CARTESIAN_POINT ( 'NONE',  ( -10.83205225423109400, 0.8653000000000004000, 17.30830367580641400 ) ) ;
#1892 = FACE_OUTER_BOUND ( 'NONE', #6222, .T. ) ;
#1893 = CARTESIAN_POINT ( 'NONE',  ( -9.443704833392827100, 0.8653000000000004000, 17.57000169561520400 ) ) ;
#1894 = CARTESIAN_POINT ( 'NONE',  ( -8.067130061986265600, 0.8650000000000003200, 17.95608755419133500 ) ) ;
#1895 = FILL_AREA_STYLE_COLOUR ( '', #4400 ) ;
#1896 =( LENGTH_UNIT ( ) NAMED_UNIT ( * ) SI_UNIT ( .MILLI., .METRE. ) );
#1897 =( LENGTH_UNIT ( ) NAMED_UNIT ( * ) SI_UNIT ( .MILLI., .METRE. ) );
#1899 = STYLED_ITEM ( 'NONE', ( #3311 ), #926 ) ;
#1898 = SURFACE_STYLE_USAGE ( .BOTH. , #744 ) ;
#1900 = CARTESIAN_POINT ( 'NONE',  ( -9.443704833392827100, 0.8653000000000004000, 17.57000169561520400 ) ) ;
#1901 = STYLED_ITEM ( 'NONE', ( #2646 ), #5747 ) ;
#1902 = FACE_OUTER_BOUND ( 'NONE', #86, .T. ) ;
#1903 = CARTESIAN_POINT ( 'NONE',  ( -5.040810504759547500, 0.8653000000000004000, 17.95608755419133500 ) ) ;
#1904 = DIRECTION ( 'NONE',  ( 0.0000000000000000000, 0.0000000000000000000, 1.000000000000000000 ) ) ;
#1905 = CARTESIAN_POINT ( 'NONE',  ( -4.050786439046620800, 0.8650000000000003200, 17.80630687864909900 ) ) ;
#1906 = UNCERTAINTY_MEASURE_WITH_UNIT (LENGTH_MEASURE( 1.000000000000000100E-005 ), #1510, 'distance_accuracy_value', 'NONE');
#1907 = PRODUCT_DEFINITION_SHAPE ( 'NONE', 'NONE',  #171 ) ;
#1908 = STYLED_ITEM ( 'NONE', ( #814 ), #2077 ) ;
#1909 = ORIENTED_EDGE ( 'NONE', *, *, #2958, .T. ) ;
#1910 = PLANE ( 'NONE',  #482 ) ;
#1911 = DIRECTION ( 'NONE',  ( -1.000000000000000000, 0.0000000000000000000, 0.0000000000000000000 ) ) ;
#1912 = CARTESIAN_POINT ( 'NONE',  ( -35.91762928862193900, 1.363887651569858400, -12.35548981252256900 ) ) ;
#1913 = ADVANCED_FACE ( 'NONE', ( #3635 ), #2183, .F. ) ;
#1914 = CARTESIAN_POINT ( 'NONE',  ( -16.79166666666667100, 0.8650000000000003200, -13.27564102564102600 ) ) ;
#1915 = ORIENTED_EDGE ( 'NONE', *, *, #984, .T. ) ;
#1916 = COLOUR_RGB ( '',0.0000000000000000000, 0.0000000000000000000, 1.000000000000000000 ) ;
#1917 = EDGE_CURVE ( 'NONE', #3540, #4340, #1419, .T. ) ;
#1918 = FILL_AREA_STYLE ('',( #5195 ) ) ;
#1919 = DIRECTION ( 'NONE',  ( -0.0000000000000000000, -0.0000000000000000000, -1.000000000000000000 ) ) ;
#1920 = STYLED_ITEM ( 'NONE', ( #3325 ), #3093 ) ;
#1921 = FILL_AREA_STYLE_COLOUR ( '', #3168 ) ;
#1922 = CARTESIAN_POINT ( 'NONE',  ( -11.85712424806710200, 0.8650000000000003200, 17.60912567376661600 ) ) ;
#1923 = ORIENTED_EDGE ( 'NONE', *, *, #6597, .T. ) ;
#1924 = ORIENTED_EDGE ( 'NONE', *, *, #2057, .T. ) ;
#1925 = DIRECTION ( 'NONE',  ( 0.0000000000000000000, 0.0000000000000000000, -1.000000000000000000 ) ) ;
#1926 = PLANE ( 'NONE',  #6810 ) ;
#1927 = VECTOR ( 'NONE', #4019, 1000.000000000000000 ) ;
#1928 = B_SPLINE_CURVE_WITH_KNOTS ( 'NONE', 3,
 ( #3594, #833, #299, #2476 ),
 .UNSPECIFIED., .F., .F.,
 ( 4, 4 ),
 ( 0.0000000000000000000, 1.000000000000000000 ),
 .UNSPECIFIED. ) ;
#1929 = EDGE_CURVE ( 'NONE', #1331, #5865, #3616, .T. ) ;
#1930 = ORIENTED_EDGE ( 'NONE', *, *, #5901, .T. ) ;
#1931 = PRESENTATION_LAYER_ASSIGNMENT (  '', '', ( #1560 ) ) ;
#1932 =( GEOMETRIC_REPRESENTATION_CONTEXT ( 3 ) GLOBAL_UNCERTAINTY_ASSIGNED_CONTEXT ( ( #463 ) ) GLOBAL_UNIT_ASSIGNED_CONTEXT ( ( #3894, #1765, #5600 ) ) REPRESENTATION_CONTEXT ( 'NONE', 'WORKASPACE' ) );
#1933 = EDGE_LOOP ( 'NONE', ( #2290, #345, #3731, #2785, #4433, #681, #5422, #6911 ) ) ;
#1934 = FACE_OUTER_BOUND ( 'NONE', #3467, .T. ) ;
#1935 =( LENGTH_UNIT ( ) NAMED_UNIT ( * ) SI_UNIT ( .MILLI., .METRE. ) );
#1936 = VERTEX_POINT ( 'NONE', #542 ) ;
#1937 =( LENGTH_UNIT ( ) NAMED_UNIT ( * ) SI_UNIT ( .MILLI., .METRE. ) );
#1938 = PLANE ( 'NONE',  #3019 ) ;
#1939 = ORIENTED_EDGE ( 'NONE', *, *, #6748, .F. ) ;
#1940 = CARTESIAN_POINT ( 'NONE',  ( -8.331996323616325000, 0.8650000000000003200, 18.03834697636674300 ) ) ;
#1941 = ORIENTED_EDGE ( 'NONE', *, *, #5433, .T. ) ;
#1942 = LINE ( 'NONE', #4184, #4858 ) ;
#1943 = EDGE_CURVE ( 'NONE', #1135, #6581, #3455, .T. ) ;
#1944 = DIRECTION ( 'NONE',  ( -1.000000000000000000, -0.0000000000000000000, -0.0000000000000000000 ) ) ;
#1945 = AXIS2_PLACEMENT_3D ( 'NONE', #3701, #6917, #5315 ) ;
#1946 = CARTESIAN_POINT ( 'NONE',  ( -4.846377213621117600, 0.8650000000000003200, 18.19891092970823700 ) ) ;
#1947 = FACE_OUTER_BOUND ( 'NONE', #5373, .T. ) ;
#1948 = ORIENTED_EDGE ( 'NONE', *, *, #422, .F. ) ;
#1949 = FILL_AREA_STYLE ('',( #6824 ) ) ;
#1950 = ORIENTED_EDGE ( 'NONE', *, *, #6247, .F. ) ;
#1951 = SURFACE_SIDE_STYLE ('',( #1653 ) ) ;
#1952 =( NAMED_UNIT ( * ) PLANE_ANGLE_UNIT ( ) SI_UNIT ( $, .RADIAN. ) );
#1953 = FILL_AREA_STYLE_COLOUR ( '', #6654 ) ;
#1954 = CARTESIAN_POINT ( 'NONE',  ( -5.803609267994147600, 0.8650000000000003200, 17.57000169561520400 ) ) ;
#1955 = VECTOR ( 'NONE', #2221, 1000.000000000000000 ) ;
#1956 = DIRECTION ( 'NONE',  ( 0.0000000000000000000, 1.000000000000000000, -0.0000000000000000000 ) ) ;
#1957 = ORIENTED_EDGE ( 'NONE', *, *, #1078, .T. ) ;
#1958 = AXIS2_PLACEMENT_3D ( 'NONE', #3565, #5686, #180 ) ;
#1959 = FILL_AREA_STYLE_COLOUR ( '', #353 ) ;
#1960 = UNCERTAINTY_MEASURE_WITH_UNIT (LENGTH_MEASURE( 1.000000000000000100E-005 ), #1442, 'distance_accuracy_value', 'NONE');
#1961 = CARTESIAN_POINT ( 'NONE',  ( -11.56451976543143600, 0.8653000000000004000, 18.55149399258303000 ) ) ;
#1962 = CARTESIAN_POINT ( 'NONE',  ( -10.81395369519062100, 0.8650000000000003200, 18.19314516065765700 ) ) ;
#1963 = SURFACE_SIDE_STYLE ('',( #5570 ) ) ;
#1964 = CARTESIAN_POINT ( 'NONE',  ( -3.261890097925141100, 0.8653000000000004000, 17.95608755419133500 ) ) ;
#1965 = CARTESIAN_POINT ( 'NONE',  ( 31.43496942319122700, 1.363887651569858400, -21.32080954338400900 ) ) ;
#1966 = AXIS2_PLACEMENT_3D ( 'NONE', #4583, #1253, #2931 ) ;
#1967 = PRESENTATION_STYLE_ASSIGNMENT (( #4232 ) ) ;
#1968 = EDGE_CURVE ( 'NONE', #2, #5684, #4694, .T. ) ;
#1969 = AXIS2_PLACEMENT_3D ( 'NONE', #2914, #5702, #4714 ) ;
#1970 = ORIENTED_EDGE ( 'NONE', *, *, #4833, .T. ) ;
#1971 =( NAMED_UNIT ( * ) SI_UNIT ( $, .STERADIAN. ) SOLID_ANGLE_UNIT ( ) );
#1972 = PLANE ( 'NONE',  #343 ) ;
#1973 = LINE ( 'NONE', #4337, #4196 ) ;
#1974 =( LENGTH_UNIT ( ) NAMED_UNIT ( * ) SI_UNIT ( .MILLI., .METRE. ) );
#1975 = CARTESIAN_POINT ( 'NONE',  ( -6.568368449399659200, 0.8653000000000004000, 17.57000169561520400 ) ) ;
#1976 = FILL_AREA_STYLE ('',( #6873 ) ) ;
#1977 = EDGE_CURVE ( 'NONE', #2428, #615, #2446, .T. ) ;
#1978 = CARTESIAN_POINT ( 'NONE',  ( -3.805246575660643100, 0.8653000000000004000, 17.70431948479133400 ) ) ;
#1979 = MECHANICAL_DESIGN_GEOMETRIC_PRESENTATION_REPRESENTATION (  '', ( #928 ), #3282 ) ;
#1980 = B_SPLINE_CURVE_WITH_KNOTS ( 'NONE', 3,
 ( #1637, #1617, #518, #2235 ),
 .UNSPECIFIED., .F., .F.,
 ( 4, 4 ),
 ( 0.0000000000000000000, 1.000000000000000000 ),
 .UNSPECIFIED. ) ;
#1981 = DIRECTION ( 'NONE',  ( -0.0000000000000000000, -1.000000000000000000, -0.0000000000000000000 ) ) ;
#1982 = CARTESIAN_POINT ( 'NONE',  ( 0.0000000000000000000, 0.8653000000000004000, 0.0000000000000000000 ) ) ;
#1983 = LINE ( 'NONE', #2386, #4733 ) ;
#1984 = EDGE_CURVE ( 'NONE', #6758, #123, #4333, .T. ) ;
#1985 =( NAMED_UNIT ( * ) PLANE_ANGLE_UNIT ( ) SI_UNIT ( $, .RADIAN. ) );
#1986 = CARTESIAN_POINT ( 'NONE',  ( -9.639949665254722100, 0.8653000000000004000, 17.57000169561520400 ) ) ;
#1987 = CARTESIAN_POINT ( 'NONE',  ( 31.45141127858645500, 1.364999999999999800, -21.33196125352892000 ) ) ;
#1988 = ADVANCED_FACE ( 'NONE', ( #1322 ), #3404, .F. ) ;
#1989 = LINE ( 'NONE', #315, #4738 ) ;
#1990 = ORIENTED_EDGE ( 'NONE', *, *, #6779, .F. ) ;
#1991 = CARTESIAN_POINT ( 'NONE',  ( -3.845161075207352400, 0.8653000000000004000, 18.19891092970823700 ) ) ;
#1992 = CARTESIAN_POINT ( 'NONE',  ( -11.56451976543143600, 0.8653000000000004000, 18.55149399258303000 ) ) ;
#1993 = MECHANICAL_DESIGN_GEOMETRIC_PRESENTATION_REPRESENTATION (  '', ( #6857 ), #1234 ) ;
#1994 =( NAMED_UNIT ( * ) SI_UNIT ( $, .STERADIAN. ) SOLID_ANGLE_UNIT ( ) );
#1995 = VERTEX_POINT ( 'NONE', #6704 ) ;
#1996 = UNCERTAINTY_MEASURE_WITH_UNIT (LENGTH_MEASURE( 1.000000000000000100E-005 ), #3123, 'distance_accuracy_value', 'NONE');
#1997 = CARTESIAN_POINT ( 'NONE',  ( -17.14444444444444900, -9.134999999999999800, -13.79123931623931700 ) ) ;
#1998 = PLANE ( 'NONE',  #660 ) ;
#1999 =( NAMED_UNIT ( * ) SI_UNIT ( $, .STERADIAN. ) SOLID_ANGLE_UNIT ( ) );
#2000 = VERTEX_POINT ( 'NONE', #79 ) ;
#2001 = LINE ( 'NONE', #6798, #7136 ) ;
#2002 = STYLED_ITEM ( 'NONE', ( #3460 ), #6460 ) ;
#2003 = ORIENTED_EDGE ( 'NONE', *, *, #6358, .F. ) ;
#2004 = SURFACE_SIDE_STYLE ('',( #3411 ) ) ;
#2005 = CARTESIAN_POINT ( 'NONE',  ( -9.639949665254722100, 0.8653000000000004000, 18.19891092970823700 ) ) ;
#2006 = EDGE_LOOP ( 'NONE', ( #5555, #3971, #1881, #5858 ) ) ;
#2007 = CARTESIAN_POINT ( 'NONE',  ( 35.94582209026138000, 1.365000000000000000, 12.36518799918861000 ) ) ;
#2008 = VECTOR ( 'NONE', #4831, 1000.000000000000000 ) ;
#2009 = FILL_AREA_STYLE ('',( #6913 ) ) ;
#2010 = ORIENTED_EDGE ( 'NONE', *, *, #1943, .T. ) ;
#2011 = EDGE_CURVE ( 'NONE', #599, #1128, #4427, .T. ) ;
#2012 =( NAMED_UNIT ( * ) PLANE_ANGLE_UNIT ( ) SI_UNIT ( $, .RADIAN. ) );
#2013 = MECHANICAL_DESIGN_GEOMETRIC_PRESENTATION_REPRESENTATION (  '', ( #4082 ), #235 ) ;
#2014 = FILL_AREA_STYLE ('',( #5318 ) ) ;
#2015 = ADVANCED_FACE ( 'NONE', ( #2948 ), #4544, .F. ) ;
#2016 = DIRECTION ( 'NONE',  ( -0.0000000000000000000, -1.000000000000000000, -0.0000000000000000000 ) ) ;
#2017 =( LENGTH_UNIT ( ) NAMED_UNIT ( * ) SI_UNIT ( .MILLI., .METRE. ) );
#2018 = VERTEX_POINT ( 'NONE', #1180 ) ;
#2019 = VECTOR ( 'NONE', #1319, 1000.000000000000000 ) ;
#2020 =( NAMED_UNIT ( * ) PLANE_ANGLE_UNIT ( ) SI_UNIT ( $, .RADIAN. ) );
#2021 = EDGE_CURVE ( 'NONE', #5590, #5385, #173, .T. ) ;
#2022 = COLOUR_RGB ( '',0.0000000000000000000, 0.0000000000000000000, 1.000000000000000000 ) ;
#2023 = EDGE_LOOP ( 'NONE', ( #2396, #1816, #6706, #3758, #81, #4954, #3712, #5803, #6492, #2904, #2010, #757 ) ) ;
#2024 = ORIENTED_EDGE ( 'NONE', *, *, #957, .T. ) ;
#2025 = MECHANICAL_DESIGN_GEOMETRIC_PRESENTATION_REPRESENTATION (  '', ( #144 ), #2749 ) ;
#2026 = ORIENTED_EDGE ( 'NONE', *, *, #6551, .F. ) ;
#2027 = ORIENTED_EDGE ( 'NONE', *, *, #1917, .T. ) ;
#2028 = CARTESIAN_POINT ( 'NONE',  ( 19.00000000000000000, 0.8650000000000003200, 18.99999999999999600 ) ) ;
#2029 = DIRECTION ( 'NONE',  ( 0.0000000000000000000, 0.0000000000000000000, 1.000000000000000000 ) ) ;
#2030 = VECTOR ( 'NONE', #5790, 1000.000000000000000 ) ;
#2031 = CARTESIAN_POINT ( 'NONE',  ( 17.91749324822802700, 1.363887651569859500, -33.49175507377785300 ) ) ;
#2032 = PRESENTATION_STYLE_ASSIGNMENT (( #4198 ) ) ;
#2033 = VERTEX_POINT ( 'NONE', #5586 ) ;
#2034 = ORIENTED_EDGE ( 'NONE', *, *, #1778, .T. ) ;
#2035 = MECHANICAL_DESIGN_GEOMETRIC_PRESENTATION_REPRESENTATION (  '', ( #431 ), #5727 ) ;
#2036 =( NAMED_UNIT ( * ) PLANE_ANGLE_UNIT ( ) SI_UNIT ( $, .RADIAN. ) );
#2037 = AXIS2_PLACEMENT_3D ( 'NONE', #5547, #6670, #2829 ) ;
#2038 = FACE_OUTER_BOUND ( 'NONE', #1668, .T. ) ;
#2039 = PLANE ( 'NONE',  #2801 ) ;
#2040 = COLOUR_RGB ( '',0.0000000000000000000, 0.0000000000000000000, 1.000000000000000000 ) ;
#2041 = CARTESIAN_POINT ( 'NONE',  ( -6.831133247271061700, 0.8653000000000004000, 17.57000169561520400 ) ) ;
#2042 = ORIENTED_EDGE ( 'NONE', *, *, #2305, .F. ) ;
#2043 = DIRECTION ( 'NONE',  ( -1.000000000000000000, -0.0000000000000000000, -0.0000000000000000000 ) ) ;
#2044 = UNCERTAINTY_MEASURE_WITH_UNIT (LENGTH_MEASURE( 1.000000000000000100E-005 ), #6544, 'distance_accuracy_value', 'NONE');
#2045 =( GEOMETRIC_REPRESENTATION_CONTEXT ( 3 ) GLOBAL_UNCERTAINTY_ASSIGNED_CONTEXT ( ( #2774 ) ) GLOBAL_UNIT_ASSIGNED_CONTEXT ( ( #3598, #304, #3843 ) ) REPRESENTATION_CONTEXT ( 'NONE', 'WORKASPACE' ) );
#2046 = CARTESIAN_POINT ( 'NONE',  ( -8.792212574838377000, 0.8650000000000003200, 18.19408581847879700 ) ) ;
#2047 = ADVANCED_FACE ( 'NONE', ( #5550 ), #1744, .T. ) ;
#2048 = PRESENTATION_STYLE_ASSIGNMENT (( #2218 ) ) ;
#2049 = CARTESIAN_POINT ( 'NONE',  ( -11.02488769279018800, 0.8650000000000003200, 17.13542832098493600 ) ) ;
#2050 = LINE ( 'NONE', #1459, #552 ) ;
#2051 = VECTOR ( 'NONE', #921, 1000.000000000000000 ) ;
#2052 = FACE_OUTER_BOUND ( 'NONE', #690, .T. ) ;
#2053 = ADVANCED_FACE ( 'NONE', ( #6062 ), #585, .T. ) ;
#2054 =( NAMED_UNIT ( * ) PLANE_ANGLE_UNIT ( ) SI_UNIT ( $, .RADIAN. ) );
#2055 =( NAMED_UNIT ( * ) PLANE_ANGLE_UNIT ( ) SI_UNIT ( $, .RADIAN. ) );
#2056 = DIRECTION ( 'NONE',  ( 0.0000000000000000000, 0.0000000000000000000, 1.000000000000000000 ) ) ;
#2057 = EDGE_CURVE ( 'NONE', #5610, #4233, #2514, .T. ) ;
#2058 =( GEOMETRIC_REPRESENTATION_CONTEXT ( 3 ) GLOBAL_UNCERTAINTY_ASSIGNED_CONTEXT ( ( #6128 ) ) GLOBAL_UNIT_ASSIGNED_CONTEXT ( ( #6253, #6812, #5743 ) ) REPRESENTATION_CONTEXT ( 'NONE', 'WORKASPACE' ) );
#2059 = SURFACE_STYLE_FILL_AREA ( #6797 ) ;
#2060 = ORIENTED_EDGE ( 'NONE', *, *, #2699, .T. ) ;
#2061 = FACE_OUTER_BOUND ( 'NONE', #4444, .T. ) ;
#2062 = COLOUR_RGB ( '',0.0000000000000000000, 0.0000000000000000000, 1.000000000000000000 ) ;
#2063 = CARTESIAN_POINT ( 'NONE',  ( -4.440561772358937500, 0.8650000000000003200, 17.57000169561520400 ) ) ;
#2064 = EDGE_CURVE ( 'NONE', #5914, #3965, #4739, .T. ) ;
#2065 = MECHANICAL_DESIGN_GEOMETRIC_PRESENTATION_REPRESENTATION (  '', ( #3892 ), #5048 ) ;
#2066 = CARTESIAN_POINT ( 'NONE',  ( -7.417444033374493100, 0.8653000000000004000, 18.19891092970823700 ) ) ;
#2067 = LINE ( 'NONE', #4783, #488 ) ;
#2068 = SURFACE_SIDE_STYLE ('',( #6754 ) ) ;
#2069 = PRESENTATION_STYLE_ASSIGNMENT (( #4160 ) ) ;
#2070 = VECTOR ( 'NONE', #2675, 1000.000000000000000 ) ;
#2071 =( NAMED_UNIT ( * ) SI_UNIT ( $, .STERADIAN. ) SOLID_ANGLE_UNIT ( ) );
#2072 = EDGE_CURVE ( 'NONE', #2955, #6622, #2520, .T. ) ;
#2073 = FILL_AREA_STYLE ('',( #5375 ) ) ;
#2074 = AXIS2_PLACEMENT_3D ( 'NONE', #2081, #5389, #326 ) ;
#2075 = FILL_AREA_STYLE_COLOUR ( '', #5065 ) ;
#2076 = CARTESIAN_POINT ( 'NONE',  ( 16.04290811008546300, 1.363887651569859500, 34.42904764284914200 ) ) ;
#2077 = ADVANCED_FACE ( 'NONE', ( #914, #3976, #6887 ), #4707, .F. ) ;
#2078 = EDGE_LOOP ( 'NONE', ( #3117, #336 ) ) ;
#2079 = ADVANCED_FACE ( 'NONE', ( #1545 ), #6356, .T. ) ;
#2080 = UNCERTAINTY_MEASURE_WITH_UNIT (LENGTH_MEASURE( 1.000000000000000100E-005 ), #1897, 'distance_accuracy_value', 'NONE');
#2081 = CARTESIAN_POINT ( 'NONE',  ( -7.417444033374493100, 0.8653000000000004000, 18.19891092970823700 ) ) ;
#2082 = PLANE ( 'NONE',  #4326 ) ;
#2083 = FACE_OUTER_BOUND ( 'NONE', #2534, .T. ) ;
#2084 = AXIS2_PLACEMENT_3D ( 'NONE', #2704, #421, #1073 ) ;
#2085 = SURFACE_SIDE_STYLE ('',( #5221 ) ) ;
#2086 = ORIENTED_EDGE ( 'NONE', *, *, #1366, .T. ) ;
#2087 = CARTESIAN_POINT ( 'NONE',  ( -9.013750247222809300, 0.8650000000000003200, 18.19891092970823700 ) ) ;
#2088 = VERTEX_POINT ( 'NONE', #1405 ) ;
#2089 = DIRECTION ( 'NONE',  ( -0.0000000000000000000, -1.000000000000000000, -0.0000000000000000000 ) ) ;
#2090 = CARTESIAN_POINT ( 'NONE',  ( -3.819819616345347500, 0.8650000000000003200, 18.06263779760815400 ) ) ;
#2091 = ORIENTED_EDGE ( 'NONE', *, *, #1305, .T. ) ;
#2092 = AXIS2_PLACEMENT_3D ( 'NONE', #5556, #4442, #1698 ) ;
#2093 = CARTESIAN_POINT ( 'NONE',  ( -5.803609267994147600, 0.8650000000000003200, 17.57000169561520400 ) ) ;
#2094 = PRESENTATION_LAYER_ASSIGNMENT (  '', '', ( #4069 ) ) ;
#2095 = ADVANCED_FACE ( 'NONE', ( #2061, #5254 ), #5060, .F. ) ;
#2096 = PLANE ( 'NONE',  #6535 ) ;
#2097 = SURFACE_STYLE_USAGE ( .BOTH. , #6325 ) ;
#2098 = CARTESIAN_POINT ( 'NONE',  ( -6.373883349586632700, 0.8653000000000004000, 17.57000169561520400 ) ) ;
#2099 =( NAMED_UNIT ( * ) PLANE_ANGLE_UNIT ( ) SI_UNIT ( $, .RADIAN. ) );
#2100 = ORIENTED_EDGE ( 'NONE', *, *, #1166, .T. ) ;
#2101 = ORIENTED_EDGE ( 'NONE', *, *, #1642, .F. ) ;
#2102 = VECTOR ( 'NONE', #1151, 1000.000000000000000 ) ;
#2103 = CARTESIAN_POINT ( 'NONE',  ( -11.72815476985506000, 0.8653000000000004000, 17.48298042619537200 ) ) ;
#2104 = DIRECTION ( 'NONE',  ( 1.000000000000000000, 0.0000000000000000000, 0.0000000000000000000 ) ) ;
#2105 = ORIENTED_EDGE ( 'NONE', *, *, #4965, .F. ) ;
#2106 = EDGE_CURVE ( 'NONE', #10, #1215, #2314, .T. ) ;
#2107 = FILL_AREA_STYLE_COLOUR ( '', #2887 ) ;
#2108 = VERTEX_POINT ( 'NONE', #1715 ) ;
#2109 = SURFACE_SIDE_STYLE ('',( #4985 ) ) ;
#2110 = PRESENTATION_LAYER_ASSIGNMENT (  '', '', ( #3605 ) ) ;
#2111 = ORIENTED_EDGE ( 'NONE', *, *, #6823, .F. ) ;
#2112 = PRESENTATION_STYLE_ASSIGNMENT (( #6807 ) ) ;
#2113 = CARTESIAN_POINT ( 'NONE',  ( -8.262788076257400900, 0.8653000000000004000, 18.00155345281131500 ) ) ;
#2114 = PRESENTATION_STYLE_ASSIGNMENT (( #2691 ) ) ;
#2115 = SURFACE_STYLE_USAGE ( .BOTH. , #6562 ) ;
#2116 = ADVANCED_FACE ( 'NONE', ( #6676 ), #6136, .T. ) ;
#2117 = ORIENTED_EDGE ( 'NONE', *, *, #7103, .F. ) ;
#2118 = CARTESIAN_POINT ( 'NONE',  ( -4.846377213621117600, 0.8653000000000004000, 17.57000169561520400 ) ) ;
#2119 = EDGE_LOOP ( 'NONE', ( #5628, #7086, #5138, #4044 ) ) ;
#2120 = ADVANCED_FACE ( 'NONE', ( #1892 ), #1791, .T. ) ;
#2121 = ADVANCED_FACE ( 'NONE', ( #4201 ), #5811, .F. ) ;
#2122 = EDGE_CURVE ( 'NONE', #1101, #1331, #902, .T. ) ;
#2123 = CARTESIAN_POINT ( 'NONE',  ( -3.805246575660643100, 0.8650000000000003200, 18.06816015398052100 ) ) ;
#2124 = SURFACE_STYLE_FILL_AREA ( #5622 ) ;
#2125 = ORIENTED_EDGE ( 'NONE', *, *, #2833, .T. ) ;
#2126 =( LENGTH_UNIT ( ) NAMED_UNIT ( * ) SI_UNIT ( .MILLI., .METRE. ) );
#2127 = VECTOR ( 'NONE', #2016, 1000.000000000000000 ) ;
#2128 = UNCERTAINTY_MEASURE_WITH_UNIT (LENGTH_MEASURE( 1.000000000000000100E-005 ), #4825, 'distance_accuracy_value', 'NONE');
#2129 = CARTESIAN_POINT ( 'NONE',  ( -18.99999999999999600, 0.0000000000000000000, -18.99999999999999600 ) ) ;
#2130 = CARTESIAN_POINT ( 'NONE',  ( -12.56999046327798700, 0.8653000000000004000, 17.29695286030937100 ) ) ;
#2131 = CARTESIAN_POINT ( 'NONE',  ( -11.86005279977585000, 0.8653000000000004000, 17.67125164733246100 ) ) ;
#2132 = LINE ( 'NONE', #5094, #6159 ) ;
#2133 = MECHANICAL_DESIGN_GEOMETRIC_PRESENTATION_REPRESENTATION (  '', ( #4470 ), #4334 ) ;
#2134 = PLANE ( 'NONE',  #3204 ) ;
#2135 =( GEOMETRIC_REPRESENTATION_CONTEXT ( 3 ) GLOBAL_UNCERTAINTY_ASSIGNED_CONTEXT ( ( #1809 ) ) GLOBAL_UNIT_ASSIGNED_CONTEXT ( ( #3507, #1325, #6224 ) ) REPRESENTATION_CONTEXT ( 'NONE', 'WORKASPACE' ) );
#2136 = CIRCLE ( 'NONE', #1958, 0.1999999999999987900 ) ;
#2137 = UNCERTAINTY_MEASURE_WITH_UNIT (LENGTH_MEASURE( 1.000000000000000100E-005 ), #119, 'distance_accuracy_value', 'NONE');
#2138 = FILL_AREA_STYLE ('',( #2107 ) ) ;
#2139 = FILL_AREA_STYLE_COLOUR ( '', #2153 ) ;
#2140 = LINE ( 'NONE', #3553, #3222 ) ;
#2141 = CARTESIAN_POINT ( 'NONE',  ( -16.24893162393162900, -9.134999999999999800, -14.14401709401709400 ) ) ;
#2142 = LINE ( 'NONE', #6964, #5421 ) ;
#2143 = VERTEX_POINT ( 'NONE', #3405 ) ;
#2144 = CARTESIAN_POINT ( 'NONE',  ( -11.72815476985506000, 0.8653000000000004000, 17.48298042619537200 ) ) ;
#2145 = SURFACE_STYLE_FILL_AREA ( #5264 ) ;
#2146 = COLOUR_RGB ( '',0.0000000000000000000, 0.0000000000000000000, 1.000000000000000000 ) ;
#2147 =( LENGTH_UNIT ( ) NAMED_UNIT ( * ) SI_UNIT ( .MILLI., .METRE. ) );
#2148 = PRESENTATION_STYLE_ASSIGNMENT (( #3816 ) ) ;
#2149 = DIRECTION ( 'NONE',  ( 1.000000000000000000, 0.0000000000000000000, 0.0000000000000000000 ) ) ;
#2150 = EDGE_CURVE ( 'NONE', #3614, #190, #1081, .T. ) ;
#2151 =( GEOMETRIC_REPRESENTATION_CONTEXT ( 3 ) GLOBAL_UNCERTAINTY_ASSIGNED_CONTEXT ( ( #6951 ) ) GLOBAL_UNIT_ASSIGNED_CONTEXT ( ( #2845, #2946, #125 ) ) REPRESENTATION_CONTEXT ( 'NONE', 'WORKASPACE' ) );
#2152 = CARTESIAN_POINT ( 'NONE',  ( -9.639949665254722100, 0.8653000000000004000, 18.19891092970823700 ) ) ;
#2153 = COLOUR_RGB ( '',1.000000000000000000, 1.000000000000000000, 1.000000000000000000 ) ;
#2154 = DIRECTION ( 'NONE',  ( -0.0000000000000000000, -1.000000000000000000, -0.0000000000000000000 ) ) ;
#2155 = CARTESIAN_POINT ( 'NONE',  ( -9.443704833392827100, 0.8653000000000004000, 18.03834697636674300 ) ) ;
#2156 = SURFACE_STYLE_USAGE ( .BOTH. , #4828 ) ;
#2157 = EDGE_CURVE ( 'NONE', #5885, #2526, #4634, .T. ) ;
#2158 = MECHANICAL_DESIGN_GEOMETRIC_PRESENTATION_REPRESENTATION (  '', ( #1692 ), #4415 ) ;
#2159 =( GEOMETRIC_REPRESENTATION_CONTEXT ( 3 ) GLOBAL_UNCERTAINTY_ASSIGNED_CONTEXT ( ( #1863 ) ) GLOBAL_UNIT_ASSIGNED_CONTEXT ( ( #6468, #5861, #4170 ) ) REPRESENTATION_CONTEXT ( 'NONE', 'WORKASPACE' ) );
#2160 = DIRECTION ( 'NONE',  ( 0.0000000000000000000, 0.0000000000000000000, 1.000000000000000000 ) ) ;
#2161 = VERTEX_POINT ( 'NONE', #6666 ) ;
#2162 = DIRECTION ( 'NONE',  ( -1.000000000000000000, -0.0000000000000000000, -0.0000000000000000000 ) ) ;
#2163 = DIRECTION ( 'NONE',  ( 1.000000000000000000, 0.0000000000000000000, -0.0000000000000000000 ) ) ;
#2164 = CLOSED_SHELL ( 'NONE', ( #2077, #6018, #7095, #5804, #2739, #2095, #2182, #3759, #2538, #966, #1185, #6923, #5469, #3184, #6432, #3239, #4851, #3686, #5747, #1575, #1292, #5370, #5872, #6897, #3820, #4311, #2053, #6502, #3093, #5442, #5162, #5119, #2079, #5910, #3855, #1273, #5335, #3206, #3549, #2548, #7002, #4890, #329, #2116, #3037, #2685, #5480, #2120, #3312, #3653, #2047, #5366, #2121, #5847, #5931, #5977, #6464, #397, #5306, #926, #5203, #1503, #4207, #6460, #1468, #716, #788, #3136, #5369, #4722, #5412, #2684, #6962, #407, #7034, #328, #3162, #1913, #4238, #3683, #3134, #358, #4847, #4893, #5444, #6374, #3794, #3166, #506, #4277, #5843, #4243, #5981, #6999, #2649, #3761, #5339, #5870, #4313, #428, #1827, #146, #4345, #1610, #7018, #4793, #1007, #7010, #2681, #3622, #3739, #3299, #6505, #2981, #2015, #5145, #4176, #2544, #2650, #393, #6230, #6034, #5907, #302, #6301, #2576, #5371, #2924, #5959, #1988, #3128, #6439, #893, #5440, #515, #6294, #3624, #3756, #1573, #3779, #932, #6742, #4108, #3369, #1441, #7066, #4823, #4692, #3165, #6532, #3722, #1332, #462 ) ) ;
#2165 = CARTESIAN_POINT ( 'NONE',  ( -8.666349520355391100, 0.8653000000000004000, 18.19891092970823700 ) ) ;
#2166 =( GEOMETRIC_REPRESENTATION_CONTEXT ( 3 ) GLOBAL_UNCERTAINTY_ASSIGNED_CONTEXT ( ( #2137 ) ) GLOBAL_UNIT_ASSIGNED_CONTEXT ( ( #119, #3986, #5669 ) ) REPRESENTATION_CONTEXT ( 'NONE', 'WORKASPACE' ) );
#2167 = FILL_AREA_STYLE_COLOUR ( '', #6152 ) ;
#2168 = ORIENTED_EDGE ( 'NONE', *, *, #4916, .F. ) ;
#2169 = CARTESIAN_POINT ( 'NONE',  ( -10.34922221654372100, 0.8650000000000003200, 17.41184081926417800 ) ) ;
#2170 = UNCERTAINTY_MEASURE_WITH_UNIT (LENGTH_MEASURE( 1.000000000000000100E-005 ), #2686, 'distance_accuracy_value', 'NONE');
#2171 = CARTESIAN_POINT ( 'NONE',  ( -3.490475019533605000, 0.8650000000000003200, 17.70388433774292400 ) ) ;
#2172 = CARTESIAN_POINT ( 'NONE',  ( 0.0000000000000000000, 0.8350000000000000800, -14.14401709401709400 ) ) ;
#2173 = VERTEX_POINT ( 'NONE', #3372 ) ;
#2174 = CARTESIAN_POINT ( 'NONE',  ( -17.14444444444444900, 0.8350000000000000800, -13.27564102564102600 ) ) ;
#2175 = MECHANICAL_DESIGN_GEOMETRIC_PRESENTATION_REPRESENTATION (  '', ( #6712 ), #2045 ) ;
#2176 =( LENGTH_UNIT ( ) NAMED_UNIT ( * ) SI_UNIT ( .MILLI., .METRE. ) );
#2177 = FACE_OUTER_BOUND ( 'NONE', #6045, .T. ) ;
#2178 = CARTESIAN_POINT ( 'NONE',  ( -12.20072210546603800, 0.8650000000000003200, 17.87551710783972700 ) ) ;
#2179 = ORIENTED_EDGE ( 'NONE', *, *, #694, .F. ) ;
#2180 = CARTESIAN_POINT ( 'NONE',  ( -8.331996323616325000, 0.8650000000000003200, 18.03834697636674300 ) ) ;
#2181 = PRESENTATION_STYLE_ASSIGNMENT (( #3613 ) ) ;
#2182 = ADVANCED_FACE ( 'NONE', ( #6764, #5510 ), #1883, .F. ) ;
#2183 = PLANE ( 'NONE',  #5367 ) ;
#2184 = VECTOR ( 'NONE', #4629, 1000.000000000000000 ) ;
#2185 = FILL_AREA_STYLE ('',( #3147 ) ) ;
#2186 = ORIENTED_EDGE ( 'NONE', *, *, #3746, .F. ) ;
#2187 = MECHANICAL_DESIGN_GEOMETRIC_PRESENTATION_REPRESENTATION (  '', ( #4636 ), #4772 ) ;
#2188 = EDGE_CURVE ( 'NONE', #3230, #1268, #6260, .T. ) ;
#2189 = VECTOR ( 'NONE', #3394, 1000.000000000000000 ) ;
#2190 = MECHANICAL_DESIGN_GEOMETRIC_PRESENTATION_REPRESENTATION (  '', ( #1822 ), #176 ) ;
#2191 = ORIENTED_EDGE ( 'NONE', *, *, #2287, .F. ) ;
#2192 = CARTESIAN_POINT ( 'NONE',  ( -8.859375071189683500, 0.8653000000000004000, 17.95608755419133500 ) ) ;
#2193 = CARTESIAN_POINT ( 'NONE',  ( -11.74427794614614700, 0.8650000000000003200, 17.31995799106224300 ) ) ;
#2194 = LINE ( 'NONE', #5466, #5640 ) ;
#2195 = EDGE_LOOP ( 'NONE', ( #275, #1408, #2186, #1568 ) ) ;
#2196 = ORIENTED_EDGE ( 'NONE', *, *, #2911, .T. ) ;
#2197 = VERTEX_POINT ( 'NONE', #6069 ) ;
#2198 = DIRECTION ( 'NONE',  ( -1.000000000000000000, -0.0000000000000000000, -0.0000000000000000000 ) ) ;
#2199 = LINE ( 'NONE', #6139, #3646 ) ;
#2200 = EDGE_CURVE ( 'NONE', #1097, #5784, #36, .T. ) ;
#2201 = CARTESIAN_POINT ( 'NONE',  ( -3.222431010010337200E-015, 0.8649999999999998800, -5.123946677829034400E-016 ) ) ;
#2202 = VECTOR ( 'NONE', #2506, 1000.000000000000000 ) ;
#2203 =( NAMED_UNIT ( * ) SI_UNIT ( $, .STERADIAN. ) SOLID_ANGLE_UNIT ( ) );
#2204 = ORIENTED_EDGE ( 'NONE', *, *, #5805, .F. ) ;
#2205 = AXIS2_PLACEMENT_3D ( 'NONE', #157, #4586, #3415 ) ;
#2206 = CARTESIAN_POINT ( 'NONE',  ( -4.050786439046619900, 0.8653000000000004000, 18.04350418491232900 ) ) ;
#2207 = ORIENTED_EDGE ( 'NONE', *, *, #4773, .F. ) ;
#2208 = DIRECTION ( 'NONE',  ( 0.0000000000000000000, -0.0000000000000000000, -1.000000000000000000 ) ) ;
#2209 =( NAMED_UNIT ( * ) SI_UNIT ( $, .STERADIAN. ) SOLID_ANGLE_UNIT ( ) );
#2210 = ORIENTED_EDGE ( 'NONE', *, *, #1977, .T. ) ;
#2211 = LINE ( 'NONE', #318, #4529 ) ;
#2212 = CARTESIAN_POINT ( 'NONE',  ( -8.262788076257400900, 0.8650000000000003200, 18.00155345281131500 ) ) ;
#2213 = ORIENTED_EDGE ( 'NONE', *, *, #1778, .F. ) ;
#2214 = EDGE_CURVE ( 'NONE', #929, #929, #5677, .T. ) ;
#2215 = FILL_AREA_STYLE ('',( #6569 ) ) ;
#2216 = UNCERTAINTY_MEASURE_WITH_UNIT (LENGTH_MEASURE( 1.000000000000000100E-005 ), #844, 'distance_accuracy_value', 'NONE');
#2217 = PRESENTATION_LAYER_ASSIGNMENT (  '', '', ( #6749 ) ) ;
#2218 = SURFACE_STYLE_USAGE ( .BOTH. , #2777 ) ;
#2219 = COLOUR_RGB ( '',0.0000000000000000000, 0.0000000000000000000, 1.000000000000000000 ) ;
#2220 = VECTOR ( 'NONE', #4628, 1000.000000000000000 ) ;
#2221 = DIRECTION ( 'NONE',  ( 1.000000000000000000, -0.0000000000000000000, -0.0000000000000000000 ) ) ;
#2222 = DIRECTION ( 'NONE',  ( 0.0000000000000000000, -0.0000000000000000000, 1.000000000000000000 ) ) ;
#2223 = LINE ( 'NONE', #6023, #4801 ) ;
#2224 = EDGE_LOOP ( 'NONE', ( #3416, #1970, #3561, #415 ) ) ;
#2225 =( GEOMETRIC_REPRESENTATION_CONTEXT ( 3 ) GLOBAL_UNCERTAINTY_ASSIGNED_CONTEXT ( ( #2862 ) ) GLOBAL_UNIT_ASSIGNED_CONTEXT ( ( #847, #1415, #3659 ) ) REPRESENTATION_CONTEXT ( 'NONE', 'WORKASPACE' ) );
#2226 = FACE_OUTER_BOUND ( 'NONE', #553, .T. ) ;
#2227 = CARTESIAN_POINT ( 'NONE',  ( 14.40000000000000200, 0.8350000000000000800, 16.19999999999999900 ) ) ;
#2228 = DIRECTION ( 'NONE',  ( 0.0000000000000000000, -0.0000000000000000000, -1.000000000000000000 ) ) ;
#2229 = CARTESIAN_POINT ( 'NONE',  ( -10.81395369519062100, 0.8650000000000003200, 18.19314516065765700 ) ) ;
#2230 = CARTESIAN_POINT ( 'NONE',  ( -4.247439589176138100, 0.8650000000000003200, 17.95608755419133500 ) ) ;
#2231 = EDGE_LOOP ( 'NONE', ( #273, #1590, #4142, #3848, #238, #2956 ) ) ;
#2232 = EDGE_CURVE ( 'NONE', #883, #7065, #4457, .T. ) ;
#2233 = PRESENTATION_LAYER_ASSIGNMENT (  '', '', ( #819 ) ) ;
#2234 = PRESENTATION_STYLE_ASSIGNMENT (( #303 ) ) ;
#2235 = CARTESIAN_POINT ( 'NONE',  ( -10.11630518186262900, 0.8653000000000004000, 18.17812954696020000 ) ) ;
#2236 = SURFACE_STYLE_USAGE ( .BOTH. , #5541 ) ;
#2237 = EDGE_CURVE ( 'NONE', #3045, #3821, #7020, .T. ) ;
#2238 = CARTESIAN_POINT ( 'NONE',  ( -4.842959098647051900, 0.8650000000000003200, 18.00876984366381400 ) ) ;
#2239 =( GEOMETRIC_REPRESENTATION_CONTEXT ( 3 ) GLOBAL_UNCERTAINTY_ASSIGNED_CONTEXT ( ( #5706 ) ) GLOBAL_UNIT_ASSIGNED_CONTEXT ( ( #1188, #1806, #6127 ) ) REPRESENTATION_CONTEXT ( 'NONE', 'WORKASPACE' ) );
#2240 = LINE ( 'NONE', #3629, #6281 ) ;
#2241 = DIRECTION ( 'NONE',  ( 0.0000000000000000000, 0.0000000000000000000, -1.000000000000000000 ) ) ;
#2242 = CARTESIAN_POINT ( 'NONE',  ( -14.40000000000000200, 0.8650000000000003200, -16.19999999999999900 ) ) ;
#2243 = EDGE_LOOP ( 'NONE', ( #908, #5443, #6795, #91 ) ) ;
#2244 = EDGE_CURVE ( 'NONE', #5073, #5008, #5731, .T. ) ;
#2245 = CARTESIAN_POINT ( 'NONE',  ( -8.599024758810749300, 0.8650000000000003200, 18.03834697636674300 ) ) ;
#2246 = PRESENTATION_LAYER_ASSIGNMENT (  '', '', ( #6079 ) ) ;
#2247 = VECTOR ( 'NONE', #5514, 1000.000000000000000 ) ;
#2248 = CARTESIAN_POINT ( 'NONE',  ( -8.261725682775729500, 0.8650000000000003200, 17.95608755419133500 ) ) ;
#2249 = FILL_AREA_STYLE ('',( #3191 ) ) ;
#2250 = ORIENTED_EDGE ( 'NONE', *, *, #1110, .T. ) ;
#2251 = B_SPLINE_CURVE_WITH_KNOTS ( 'NONE', 3,
 ( #229, #2503, #1387, #2466 ),
 .UNSPECIFIED., .F., .F.,
 ( 4, 4 ),
 ( 0.0000000000000000000, 1.000000000000000000 ),
 .UNSPECIFIED. ) ;
#2252 = PLANE ( 'NONE',  #2939 ) ;
#2253 = MECHANICAL_DESIGN_GEOMETRIC_PRESENTATION_REPRESENTATION (  '', ( #5358 ), #995 ) ;
#2254 = CARTESIAN_POINT ( 'NONE',  ( -4.994298843608006200, 0.8653000000000004000, 18.13381983004746400 ) ) ;
#2255 = CARTESIAN_POINT ( 'NONE',  ( -11.26524202843952200, 0.8650000000000003200, 17.30830367580641400 ) ) ;
#2256 = DIRECTION ( 'NONE',  ( 0.0000000000000000000, 1.000000000000000000, 0.0000000000000000000 ) ) ;
#2257 = ORIENTED_EDGE ( 'NONE', *, *, #764, .F. ) ;
#2258 = ORIENTED_EDGE ( 'NONE', *, *, #1156, .F. ) ;
#2259 = VECTOR ( 'NONE', #1302, 1000.000000000000000 ) ;
#2260 = CARTESIAN_POINT ( 'NONE',  ( -9.443704833392827100, 0.8650000000000003200, 17.57000169561520400 ) ) ;
#2261 = VERTEX_POINT ( 'NONE', #45 ) ;
#2262 = CARTESIAN_POINT ( 'NONE',  ( -3.282499986744676700, 0.8653000000000004000, 17.63725463270457200 ) ) ;
#2263 = AXIS2_PLACEMENT_3D ( 'NONE', #610, #2372, #2867 ) ;
#2264 = DIRECTION ( 'NONE',  ( 0.0000000000000000000, 1.000000000000000000, 0.0000000000000000000 ) ) ;
#2265 = PLANE ( 'NONE',  #6566 ) ;
#2266 = ORIENTED_EDGE ( 'NONE', *, *, #1929, .T. ) ;
#2267 = CARTESIAN_POINT ( 'NONE',  ( -3.261890097925141100, 0.8650000000000003200, 17.95608755419133500 ) ) ;
#2268 = VECTOR ( 'NONE', #2831, 1000.000000000000000 ) ;
#2269 = ORIENTED_EDGE ( 'NONE', *, *, #2376, .T. ) ;
#2270 = SURFACE_SIDE_STYLE ('',( #2512 ) ) ;
#2271 = ORIENTED_EDGE ( 'NONE', *, *, #6287, .T. ) ;
#2272 = VECTOR ( 'NONE', #1349, 1000.000000000000000 ) ;
#2273 = FILL_AREA_STYLE ('',( #5041 ) ) ;
#2274 = ORIENTED_EDGE ( 'NONE', *, *, #3053, .F. ) ;
#2275 = VECTOR ( 'NONE', #3439, 1000.000000000000000 ) ;
#2276 = DIRECTION ( 'NONE',  ( 0.0000000000000000000, 0.0000000000000000000, -1.000000000000000000 ) ) ;
#2277 = EDGE_LOOP ( 'NONE', ( #612, #1501, #7017, #6431 ) ) ;
#2278 = EDGE_CURVE ( 'NONE', #1101, #5222, #1448, .T. ) ;
#2279 = DIRECTION ( 'NONE',  ( 1.000000000000000000, 0.0000000000000000000, 0.0000000000000000000 ) ) ;
#2280 = ORIENTED_EDGE ( 'NONE', *, *, #5340, .F. ) ;
#2281 = VECTOR ( 'NONE', #6522, 1000.000000000000000 ) ;
#2282 = CARTESIAN_POINT ( 'NONE',  ( -3.886121799076965200, 0.8650000000000003200, 17.71658061441629400 ) ) ;
#2283 = CARTESIAN_POINT ( 'NONE',  ( -16.79166666666667100, -9.134999999999999800, -13.79123931623931700 ) ) ;
#2284 = CARTESIAN_POINT ( 'NONE',  ( 0.0000000000000000000, 0.0000000000000000000, -0.001364999999999999900 ) ) ;
#2285 = DIRECTION ( 'NONE',  ( -0.0000000000000000000, -1.000000000000000000, -0.0000000000000000000 ) ) ;
#2286 = ORIENTED_EDGE ( 'NONE', *, *, #736, .F. ) ;
#2287 = EDGE_CURVE ( 'NONE', #4592, #594, #4614, .T. ) ;
#2288 = DIRECTION ( 'NONE',  ( -9.130123557772670800E-017, 0.0000000000000000000, -1.000000000000000000 ) ) ;
#2289 = PRESENTATION_LAYER_ASSIGNMENT (  '', '', ( #6248 ) ) ;
#2290 = ORIENTED_EDGE ( 'NONE', *, *, #3270, .F. ) ;
#2291 = AXIS2_PLACEMENT_3D ( 'NONE', #3873, #601, #2793 ) ;
#2292 = LINE ( 'NONE', #6690, #3663 ) ;
#2293 = SURFACE_STYLE_FILL_AREA ( #2643 ) ;
#2294 = DIRECTION ( 'NONE',  ( -1.000000000000000000, 0.0000000000000000000, 0.0000000000000000000 ) ) ;
#2295 = COLOUR_RGB ( '',1.000000000000000000, 1.000000000000000000, 1.000000000000000000 ) ;
#2296 = DIRECTION ( 'NONE',  ( 0.0000000000000000000, 0.0000000000000000000, 1.000000000000000000 ) ) ;
#2297 = LINE ( 'NONE', #5232, #2636 ) ;
#2298 = UNCERTAINTY_MEASURE_WITH_UNIT (LENGTH_MEASURE( 1.000000000000000100E-005 ), #624, 'distance_accuracy_value', 'NONE');
#2299 = CARTESIAN_POINT ( 'NONE',  ( -10.85635636153174500, 0.8650000000000003200, 18.44626050294931100 ) ) ;
#2300 = VERTEX_POINT ( 'NONE', #3276 ) ;
#2301 = CYLINDRICAL_SURFACE ( 'NONE', #6707, 0.1999999999999987900 ) ;
#2302 = CIRCLE ( 'NONE', #2528, 0.5999999999999998700 ) ;
#2303 =( NAMED_UNIT ( * ) SI_UNIT ( $, .STERADIAN. ) SOLID_ANGLE_UNIT ( ) );
#2304 = SURFACE_STYLE_FILL_AREA ( #2249 ) ;
#2305 = EDGE_CURVE ( 'NONE', #3048, #541, #6802, .T. ) ;
#2306 = DIRECTION ( 'NONE',  ( 0.0000000000000000000, 1.000000000000000000, -0.0000000000000000000 ) ) ;
#2307 = STYLED_ITEM ( 'NONE', ( #2895 ), #5480 ) ;
#2308 = FILL_AREA_STYLE_COLOUR ( '', #6506 ) ;
#2309 = CARTESIAN_POINT ( 'NONE',  ( -3.446823988547574200, 0.8650000000000003200, 18.06978901880615100 ) ) ;
#2310 = ORIENTED_EDGE ( 'NONE', *, *, #4223, .T. ) ;
#2311 = SURFACE_SIDE_STYLE ('',( #2962 ) ) ;
#2312 = LINE ( 'NONE', #2848, #5337 ) ;
#2313 = CARTESIAN_POINT ( 'NONE',  ( -17.49999999999999600, 0.8350000000000006300, 10.10000000000000000 ) ) ;
#2314 = LINE ( 'NONE', #5253, #4894 ) ;
#2315 = SURFACE_SIDE_STYLE ('',( #4287 ) ) ;
#2316 = AXIS2_PLACEMENT_3D ( 'NONE', #7097, #5365, #1050 ) ;
#2317 = FACE_OUTER_BOUND ( 'NONE', #5673, .T. ) ;
#2318 = CIRCLE ( 'NONE', #1368, 0.1999999999999987900 ) ;
#2319 = DIRECTION ( 'NONE',  ( -0.0000000000000000000, -1.000000000000000000, -0.0000000000000000000 ) ) ;
#2320 = SURFACE_STYLE_USAGE ( .BOTH. , #2361 ) ;
#2321 = DIRECTION ( 'NONE',  ( -0.0000000000000000000, -1.000000000000000000, -0.0000000000000000000 ) ) ;
#2322 = VECTOR ( 'NONE', #3508, 1000.000000000000000 ) ;
#2323 = COLOUR_RGB ( '',1.000000000000000000, 1.000000000000000000, 1.000000000000000000 ) ;
#2324 = CARTESIAN_POINT ( 'NONE',  ( -10.56760879361895700, 0.8653000000000004000, 17.32116819601630600 ) ) ;
#2325 = AXIS2_PLACEMENT_3D ( 'NONE', #6604, #4374, #3878 ) ;
#2326 = LINE ( 'NONE', #3870, #3246 ) ;
#2327 = EDGE_CURVE ( 'NONE', #5644, #883, #5567, .T. ) ;
#2328 =( LENGTH_UNIT ( ) NAMED_UNIT ( * ) SI_UNIT ( .MILLI., .METRE. ) );
#2329 =( NAMED_UNIT ( * ) PLANE_ANGLE_UNIT ( ) SI_UNIT ( $, .RADIAN. ) );
#2330 =( GEOMETRIC_REPRESENTATION_CONTEXT ( 3 ) GLOBAL_UNCERTAINTY_ASSIGNED_CONTEXT ( ( #5071 ) ) GLOBAL_UNIT_ASSIGNED_CONTEXT ( ( #6161, #6184, #1813 ) ) REPRESENTATION_CONTEXT ( 'NONE', 'WORKASPACE' ) );
#2331 = CARTESIAN_POINT ( 'NONE',  ( -3.877881027603348000, 0.8653000000000004000, 17.57000169561520400 ) ) ;
#2332 = ORIENTED_EDGE ( 'NONE', *, *, #1078, .F. ) ;
#2333 = SURFACE_STYLE_FILL_AREA ( #2966 ) ;
#2334 = EDGE_CURVE ( 'NONE', #5898, #5251, #11, .T. ) ;
#2335 = ORIENTED_EDGE ( 'NONE', *, *, #6345, .F. ) ;
#2336 = SURFACE_STYLE_USAGE ( .BOTH. , #3937 ) ;
#2337 = PLANE ( 'NONE',  #3533 ) ;
#2338 = PRESENTATION_STYLE_ASSIGNMENT (( #3678 ) ) ;
#2339 = EDGE_CURVE ( 'NONE', #1562, #3476, #722, .T. ) ;
#2340 = CARTESIAN_POINT ( 'NONE',  ( -3.805246575660643100, 0.8653000000000004000, 18.06816015398052100 ) ) ;
#2341 = ORIENTED_EDGE ( 'NONE', *, *, #4729, .F. ) ;
#2342 = PRESENTATION_LAYER_ASSIGNMENT (  '', '', ( #1080 ) ) ;
#2343 = UNCERTAINTY_MEASURE_WITH_UNIT (LENGTH_MEASURE( 1.000000000000000100E-005 ), #6191, 'distance_accuracy_value', 'NONE');
#2344 = CARTESIAN_POINT ( 'NONE',  ( -11.29027920413558300, 0.8653000000000004000, 18.45133746945663600 ) ) ;
#2345 = FILL_AREA_STYLE_COLOUR ( '', #1109 ) ;
#2346 = VECTOR ( 'NONE', #2089, 1000.000000000000000 ) ;
#2347 =( NAMED_UNIT ( * ) PLANE_ANGLE_UNIT ( ) SI_UNIT ( $, .RADIAN. ) );
#2348 = CARTESIAN_POINT ( 'NONE',  ( -3.264251412980061900, 0.8653000000000004000, 18.20652176406117900 ) ) ;
#2349 = ORIENTED_EDGE ( 'NONE', *, *, #7148, .F. ) ;
#2350 =( LENGTH_UNIT ( ) NAMED_UNIT ( * ) SI_UNIT ( .MILLI., .METRE. ) );
#2351 = SURFACE_SIDE_STYLE ('',( #2996 ) ) ;
#2352 =( GEOMETRIC_REPRESENTATION_CONTEXT ( 3 ) GLOBAL_UNCERTAINTY_ASSIGNED_CONTEXT ( ( #4150 ) ) GLOBAL_UNIT_ASSIGNED_CONTEXT ( ( #1184, #5043, #2844 ) ) REPRESENTATION_CONTEXT ( 'NONE', 'WORKASPACE' ) );
#2353 = MECHANICAL_DESIGN_GEOMETRIC_PRESENTATION_REPRESENTATION (  '', ( #2941 ), #7129 ) ;
#2354 = CARTESIAN_POINT ( 'NONE',  ( -4.247439589176138100, 0.8650000000000003200, 17.95608755419133500 ) ) ;
#2355 = ORIENTED_EDGE ( 'NONE', *, *, #4037, .T. ) ;
#2356 = LINE ( 'NONE', #83, #2275 ) ;
#2357 = VECTOR ( 'NONE', #4295, 1000.000000000000000 ) ;
#2358 = CARTESIAN_POINT ( 'NONE',  ( -4.247439589176138100, 0.8653000000000004000, 17.57000169561520400 ) ) ;
#2359 = ORIENTED_EDGE ( 'NONE', *, *, #5978, .F. ) ;
#2360 = VERTEX_POINT ( 'NONE', #5507 ) ;
#2361 = SURFACE_SIDE_STYLE ('',( #2734 ) ) ;
#2362 = VERTEX_POINT ( 'NONE', #527 ) ;
#2363 =( GEOMETRIC_REPRESENTATION_CONTEXT ( 3 ) GLOBAL_UNCERTAINTY_ASSIGNED_CONTEXT ( ( #1269 ) ) GLOBAL_UNIT_ASSIGNED_CONTEXT ( ( #6781, #4058, #2992 ) ) REPRESENTATION_CONTEXT ( 'NONE', 'WORKASPACE' ) );
#2364 = PRESENTATION_STYLE_ASSIGNMENT (( #5873 ) ) ;
#2365 = LINE ( 'NONE', #2960, #6735 ) ;
#2366 = FILL_AREA_STYLE ('',( #100 ) ) ;
#2367 = LINE ( 'NONE', #946, #3475 ) ;
#2368 = ORIENTED_EDGE ( 'NONE', *, *, #545, .F. ) ;
#2369 =( NAMED_UNIT ( * ) SI_UNIT ( $, .STERADIAN. ) SOLID_ANGLE_UNIT ( ) );
#2370 = ORIENTED_EDGE ( 'NONE', *, *, #937, .F. ) ;
#2371 = CARTESIAN_POINT ( 'NONE',  ( -11.46278474984815800, 0.8653000000000004000, 17.44375161069383000 ) ) ;
#2372 = DIRECTION ( 'NONE',  ( 0.0000000000000000000, 0.0000000000000000000, -1.000000000000000000 ) ) ;
#2373 = FILL_AREA_STYLE ('',( #3358 ) ) ;
#2374 = DIRECTION ( 'NONE',  ( -0.0000000000000000000, -1.000000000000000000, -0.0000000000000000000 ) ) ;
#2375 = PRESENTATION_STYLE_ASSIGNMENT (( #3013 ) ) ;
#2376 = EDGE_CURVE ( 'NONE', #6130, #3048, #4371, .T. ) ;
#2377 = ORIENTED_EDGE ( 'NONE', *, *, #6334, .F. ) ;
#2378 = STYLED_ITEM ( 'NONE', ( #6675 ), #3369 ) ;
#2379 = DIRECTION ( 'NONE',  ( 0.6120073268604973000, 0.0000000000000000000, 0.7908520922834233500 ) ) ;
#2380 = COLOUR_RGB ( '',1.000000000000000000, 1.000000000000000000, 1.000000000000000000 ) ;
#2381 = FACE_OUTER_BOUND ( 'NONE', #4507, .T. ) ;
#2382 = EDGE_CURVE ( 'NONE', #3463, #5312, #3319, .T. ) ;
#2383 = UNCERTAINTY_MEASURE_WITH_UNIT (LENGTH_MEASURE( 1.000000000000000100E-005 ), #2619, 'distance_accuracy_value', 'NONE');
#2384 =( NAMED_UNIT ( * ) PLANE_ANGLE_UNIT ( ) SI_UNIT ( $, .RADIAN. ) );
#2385 = AXIS2_PLACEMENT_3D ( 'NONE', #4341, #6537, #486 ) ;
#2386 = CARTESIAN_POINT ( 'NONE',  ( -17.14444444444444900, 0.8650000000000003200, -14.65961538461538400 ) ) ;
#2387 = AXIS2_PLACEMENT_3D ( 'NONE', #924, #5916, #6446 ) ;
#2388 = FILL_AREA_STYLE_COLOUR ( '', #948 ) ;
#2389 = FACE_OUTER_BOUND ( 'NONE', #5876, .T. ) ;
#2390 = EDGE_LOOP ( 'NONE', ( #2026, #3121, #2377, #6369, #510, #802, #2258, #1106, #4973, #5338, #1585, #4573, #4682, #7142, #2982, #3819, #2707, #1232, #17, #2191 ) ) ;
#2391 = SURFACE_STYLE_FILL_AREA ( #6545 ) ;
#2392 = CARTESIAN_POINT ( 'NONE',  ( -8.261725682775729500, 0.8653000000000004000, 17.95608755419133500 ) ) ;
#2393 = SURFACE_SIDE_STYLE ('',( #5368 ) ) ;
#2394 = FILL_AREA_STYLE_COLOUR ( '', #3510 ) ;
#2395 = CARTESIAN_POINT ( 'NONE',  ( -7.670296811569977900, 0.8653000000000004000, 17.74841020359541600 ) ) ;
#2396 = ORIENTED_EDGE ( 'NONE', *, *, #1738, .T. ) ;
#2397 =( GEOMETRIC_REPRESENTATION_CONTEXT ( 3 ) GLOBAL_UNCERTAINTY_ASSIGNED_CONTEXT ( ( #6685 ) ) GLOBAL_UNIT_ASSIGNED_CONTEXT ( ( #5411, #4935, #7056 ) ) REPRESENTATION_CONTEXT ( 'NONE', 'WORKASPACE' ) );
#2398 =( LENGTH_UNIT ( ) NAMED_UNIT ( * ) SI_UNIT ( .MILLI., .METRE. ) );
#2399 = CARTESIAN_POINT ( 'NONE',  ( -11.29027920413558300, 0.8650000000000003200, 18.45133746945663600 ) ) ;
#2400 = CARTESIAN_POINT ( 'NONE',  ( -3.805246575660642600, 0.8650000000000003200, 17.95608755419133500 ) ) ;
#2401 = DIRECTION ( 'NONE',  ( 1.000000000000000000, 0.0000000000000000000, 0.0000000000000000000 ) ) ;
#2402 = AXIS2_PLACEMENT_3D ( 'NONE', #2283, #1640, #5524 ) ;
#2403 = AXIS2_PLACEMENT_3D ( 'NONE', #4850, #5996, #2160 ) ;
#2404 = SURFACE_SIDE_STYLE ('',( #4126 ) ) ;
#2405 = DIRECTION ( 'NONE',  ( -1.000000000000000000, -0.0000000000000000000, -0.0000000000000000000 ) ) ;
#2406 = LINE ( 'NONE', #3258, #5351 ) ;
#2407 = SURFACE_STYLE_FILL_AREA ( #4923 ) ;
#2408 = FILL_AREA_STYLE ('',( #741 ) ) ;
#2409 = EDGE_CURVE ( 'NONE', #5105, #2033, #1512, .T. ) ;
#2410 = AXIS2_PLACEMENT_3D ( 'NONE', #6243, #912, #7026 ) ;
#2411 = DIRECTION ( 'NONE',  ( 0.0000000000000000000, 0.0000000000000000000, 1.000000000000000000 ) ) ;
#2412 = CARTESIAN_POINT ( 'NONE',  ( -12.18346340461477300, 0.8653000000000004000, 17.87551710783972700 ) ) ;
#2413 = ORIENTED_EDGE ( 'NONE', *, *, #2232, .T. ) ;
#2414 = PRESENTATION_STYLE_ASSIGNMENT (( #6210 ) ) ;
#2415 = DIRECTION ( 'NONE',  ( -1.000000000000000000, 0.0000000000000000000, -0.0000000000000000000 ) ) ;
#2416 = UNCERTAINTY_MEASURE_WITH_UNIT (LENGTH_MEASURE( 1.000000000000000100E-005 ), #591, 'distance_accuracy_value', 'NONE');
#2417 = VERTEX_POINT ( 'NONE', #6029 ) ;
#2418 = EDGE_CURVE ( 'NONE', #1851, #3139, #5016, .T. ) ;
#2419 = ORIENTED_EDGE ( 'NONE', *, *, #2911, .F. ) ;
#2420 = MECHANICAL_DESIGN_GEOMETRIC_PRESENTATION_REPRESENTATION (  '', ( #7067 ), #4742 ) ;
#2421 = CARTESIAN_POINT ( 'NONE',  ( -12.18056257477258500, 0.8650000000000003200, 17.89797427332903700 ) ) ;
#2422 = FACE_OUTER_BOUND ( 'NONE', #4688, .T. ) ;
#2423 = SURFACE_STYLE_FILL_AREA ( #6083 ) ;
#2424 = DIRECTION ( 'NONE',  ( -1.000000000000000000, 0.0000000000000000000, 0.0000000000000000000 ) ) ;
#2425 = ORIENTED_EDGE ( 'NONE', *, *, #1110, .F. ) ;
#2426 = DIRECTION ( 'NONE',  ( 1.000000000000000000, 0.0000000000000000000, 0.0000000000000000000 ) ) ;
#2427 = DIRECTION ( 'NONE',  ( -0.0000000000000000000, -1.000000000000000000, -0.0000000000000000000 ) ) ;
#2428 = VERTEX_POINT ( 'NONE', #206 ) ;
#2429 = CARTESIAN_POINT ( 'NONE',  ( -12.22345599934100900, 0.8653000000000004000, 17.58580049547660100 ) ) ;
#2430 = EDGE_CURVE ( 'NONE', #2782, #1584, #839, .T. ) ;
#2431 = CARTESIAN_POINT ( 'NONE',  ( -9.971997813562577300, 0.8650000000000003200, 17.77774013301958800 ) ) ;
#2432 = MECHANICAL_DESIGN_GEOMETRIC_PRESENTATION_REPRESENTATION (  '', ( #6749 ), #201 ) ;
#2433 = CARTESIAN_POINT ( 'NONE',  ( -11.30207643992675100, 0.8650000000000003200, 17.76663680820028500 ) ) ;
#2434 = VERTEX_POINT ( 'NONE', #1308 ) ;
#2435 = ORIENTED_EDGE ( 'NONE', *, *, #3799, .T. ) ;
#2436 = DIRECTION ( 'NONE',  ( -0.0000000000000000000, -1.000000000000000000, -0.0000000000000000000 ) ) ;
#2437 = ORIENTED_EDGE ( 'NONE', *, *, #3270, .T. ) ;
#2438 = FILL_AREA_STYLE ('',( #3518 ) ) ;
#2439 = FACE_OUTER_BOUND ( 'NONE', #3195, .T. ) ;
#2440 = DIRECTION ( 'NONE',  ( 0.0000000000000000000, 0.0000000000000000000, 1.000000000000000000 ) ) ;
#2441 = VERTEX_POINT ( 'NONE', #5726 ) ;
#2442 = DIRECTION ( 'NONE',  ( 1.000000000000000000, -0.0000000000000000000, -0.0000000000000000000 ) ) ;
#2443 = ORIENTED_EDGE ( 'NONE', *, *, #199, .T. ) ;
#2444 = VERTEX_POINT ( 'NONE', #3562 ) ;
#2445 = MECHANICAL_DESIGN_GEOMETRIC_PRESENTATION_REPRESENTATION (  '', ( #3913 ), #1624 ) ;
#2446 = LINE ( 'NONE', #1100, #6641 ) ;
#2447 = CARTESIAN_POINT ( 'NONE',  ( -3.970043588799281300, 0.8653000000000004000, 17.94936220014565400 ) ) ;
#2448 = CARTESIAN_POINT ( 'NONE',  ( -7.858984287663347800, 0.8650000000000003200, 18.19891092970823700 ) ) ;
#2449 = VERTEX_POINT ( 'NONE', #2988 ) ;
#2450 = ORIENTED_EDGE ( 'NONE', *, *, #6525, .F. ) ;
#2451 = FILL_AREA_STYLE_COLOUR ( '', #3040 ) ;
#2452 = CARTESIAN_POINT ( 'NONE',  ( -12.18346340461477300, 0.8650000000000003200, 17.87551710783972700 ) ) ;
#2453 = CARTESIAN_POINT ( 'NONE',  ( -7.345058767467194500, 0.8653000000000004000, 17.97378617922964500 ) ) ;
#2454 = FACE_OUTER_BOUND ( 'NONE', #6466, .T. ) ;
#2455 = PRESENTATION_STYLE_ASSIGNMENT (( #1200 ) ) ;
#2456 =( GEOMETRIC_REPRESENTATION_CONTEXT ( 3 ) GLOBAL_UNCERTAINTY_ASSIGNED_CONTEXT ( ( #4980 ) ) GLOBAL_UNIT_ASSIGNED_CONTEXT ( ( #6119, #5515, #3807 ) ) REPRESENTATION_CONTEXT ( 'NONE', 'WORKASPACE' ) );
#2457 = VERTEX_POINT ( 'NONE', #4643 ) ;
#2458 = EDGE_CURVE ( 'NONE', #2539, #1936, #2893, .T. ) ;
#2459 = MECHANICAL_DESIGN_GEOMETRIC_PRESENTATION_REPRESENTATION (  '', ( #6375 ), #2330 ) ;
#2460 = CARTESIAN_POINT ( 'NONE',  ( -4.781093952204545700, 0.8653000000000004000, 18.03834697636674300 ) ) ;
#2461 = SURFACE_STYLE_FILL_AREA ( #1976 ) ;
#2462 =( NAMED_UNIT ( * ) PLANE_ANGLE_UNIT ( ) SI_UNIT ( $, .RADIAN. ) );
#2463 = FACE_OUTER_BOUND ( 'NONE', #5134, .T. ) ;
#2464 = CARTESIAN_POINT ( 'NONE',  ( -3.533706688394836300, 0.8653000000000004000, 18.06816015398052100 ) ) ;
#2465 = SURFACE_STYLE_FILL_AREA ( #2373 ) ;
#2466 = CARTESIAN_POINT ( 'NONE',  ( -3.805246575660643100, 0.8650000000000003200, 17.70431948479133400 ) ) ;
#2467 = CARTESIAN_POINT ( 'NONE',  ( -14.40000000000000200, 0.8350000000000000800, 0.0000000000000000000 ) ) ;
#2468 = DIRECTION ( 'NONE',  ( -0.0000000000000000000, -1.000000000000000000, -0.0000000000000000000 ) ) ;
#2469 = LINE ( 'NONE', #731, #1252 ) ;
#2470 = CARTESIAN_POINT ( 'NONE',  ( -17.68717948717949200, -9.134999999999999800, -13.79123931623931700 ) ) ;
#2471 = EDGE_CURVE ( 'NONE', #3640, #3839, #1646, .T. ) ;
#2472 =( NAMED_UNIT ( * ) PLANE_ANGLE_UNIT ( ) SI_UNIT ( $, .RADIAN. ) );
#2473 = AXIS2_PLACEMENT_3D ( 'NONE', #1498, #3175, #6529 ) ;
#2474 =( LENGTH_UNIT ( ) NAMED_UNIT ( * ) SI_UNIT ( .MILLI., .METRE. ) );
#2475 = PRODUCT_DEFINITION_CONTEXT ( 'detailed design', #4519, 'design' ) ;
#2476 = CARTESIAN_POINT ( 'NONE',  ( -3.805246575660643100, 0.8653000000000004000, 17.70431948479133400 ) ) ;
#2477 = VECTOR ( 'NONE', #998, 1000.000000000000000 ) ;
#2478 = ORIENTED_EDGE ( 'NONE', *, *, #7117, .T. ) ;
#2479 = VECTOR ( 'NONE', #6436, 1000.000000000000000 ) ;
#2480 = EDGE_CURVE ( 'NONE', #6074, #3527, #6756, .T. ) ;
#2481 = CARTESIAN_POINT ( 'NONE',  ( -5.245327677881258300, 0.8653000000000004000, 17.57000169561520400 ) ) ;
#2482 =( NAMED_UNIT ( * ) PLANE_ANGLE_UNIT ( ) SI_UNIT ( $, .RADIAN. ) );
#2483 = CARTESIAN_POINT ( 'NONE',  ( -9.971997813562577300, 0.8653000000000004000, 17.77774013301958800 ) ) ;
#2484 = DIRECTION ( 'NONE',  ( -1.000000000000000000, -0.0000000000000000000, -0.0000000000000000000 ) ) ;
#2485 = CARTESIAN_POINT ( 'NONE',  ( -8.067756682470122300, 0.8650000000000003200, 18.09369825687882400 ) ) ;
#2486 = DIRECTION ( 'NONE',  ( 0.0000000000000000000, 0.0000000000000000000, 1.000000000000000000 ) ) ;
#2487 = DIRECTION ( 'NONE',  ( -0.0000000000000000000, -0.0000000000000000000, 1.000000000000000000 ) ) ;
#2488 = AXIS2_PLACEMENT_3D ( 'NONE', #2858, #5135, #5603 ) ;
#2489 = CARTESIAN_POINT ( 'NONE',  ( -7.670296811569977900, 0.8650000000000003200, 18.19891092970823700 ) ) ;
#2490 = PRESENTATION_STYLE_ASSIGNMENT (( #1274 ) ) ;
#2491 = SURFACE_SIDE_STYLE ('',( #6057 ) ) ;
#2492 = PRESENTATION_STYLE_ASSIGNMENT (( #4349 ) ) ;
#2493 =( NAMED_UNIT ( * ) PLANE_ANGLE_UNIT ( ) SI_UNIT ( $, .RADIAN. ) );
#2494 = ORIENTED_EDGE ( 'NONE', *, *, #2709, .T. ) ;
#2495 = FILL_AREA_STYLE_COLOUR ( '', #3832 ) ;
#2496 = FACE_OUTER_BOUND ( 'NONE', #6389, .T. ) ;
#2497 = CARTESIAN_POINT ( 'NONE',  ( -8.262788076257400900, 0.8650000000000003200, 18.00155345281131500 ) ) ;
#2498 = ORIENTED_EDGE ( 'NONE', *, *, #3478, .T. ) ;
#2499 = ORIENTED_EDGE ( 'NONE', *, *, #6287, .F. ) ;
#2500 = ORIENTED_EDGE ( 'NONE', *, *, #3932, .F. ) ;
#2501 = EDGE_CURVE ( 'NONE', #5808, #1132, #6198, .T. ) ;
#2502 = DIRECTION ( 'NONE',  ( 1.000000000000000000, 0.0000000000000000000, 0.0000000000000000000 ) ) ;
#2503 = CARTESIAN_POINT ( 'NONE',  ( -3.865548922873262700, 0.8650000000000003200, 17.81062405547182700 ) ) ;
#2504 = STYLED_ITEM ( 'NONE', ( #6274 ), #3312 ) ;
#2505 =( NAMED_UNIT ( * ) SI_UNIT ( $, .STERADIAN. ) SOLID_ANGLE_UNIT ( ) );
#2506 = DIRECTION ( 'NONE',  ( 0.0000000000000000000, 0.0000000000000000000, 1.000000000000000000 ) ) ;
#2507 = UNCERTAINTY_MEASURE_WITH_UNIT (LENGTH_MEASURE( 1.000000000000000100E-005 ), #6686, 'distance_accuracy_value', 'NONE');
#2508 = VERTEX_POINT ( 'NONE', #797 ) ;
#2509 = CARTESIAN_POINT ( 'NONE',  ( -7.565312561836970300, 0.8653000000000004000, 17.57000169561520400 ) ) ;
#2510 = SURFACE_STYLE_USAGE ( .BOTH. , #1416 ) ;
#2511 = CARTESIAN_POINT ( 'NONE',  ( -12.18056257477258500, 0.8653000000000004000, 17.89797427332903700 ) ) ;
#2512 = SURFACE_STYLE_FILL_AREA ( #564 ) ;
#2513 = FACE_OUTER_BOUND ( 'NONE', #5126, .T. ) ;
#2514 = B_SPLINE_CURVE_WITH_KNOTS ( 'NONE', 3,
 ( #1563, #3710, #4302, #5446 ),
 .UNSPECIFIED., .F., .F.,
 ( 4, 4 ),
 ( 0.0000000000000000000, 1.000000000000000000 ),
 .UNSPECIFIED. ) ;
#2515 = EDGE_CURVE ( 'NONE', #588, #1854, #581, .T. ) ;
#2516 = DIRECTION ( 'NONE',  ( 0.0000000000000000000, 0.0000000000000000000, -1.000000000000000000 ) ) ;
#2517 = CARTESIAN_POINT ( 'NONE',  ( -6.107512552934629500, 0.8653000000000004000, 17.57000169561520400 ) ) ;
#2518 = ORIENTED_EDGE ( 'NONE', *, *, #826, .T. ) ;
#2519 = AXIS2_PLACEMENT_3D ( 'NONE', #3695, #888, #3156 ) ;
#2520 = LINE ( 'NONE', #6507, #6718 ) ;
#2521 =( NAMED_UNIT ( * ) SI_UNIT ( $, .STERADIAN. ) SOLID_ANGLE_UNIT ( ) );
#2522 = EDGE_LOOP ( 'NONE', ( #1298, #6297, #3275, #4239 ) ) ;
#2523 = DIRECTION ( 'NONE',  ( 1.000000000000000000, 0.0000000000000000000, 0.0000000000000000000 ) ) ;
#2524 = FILL_AREA_STYLE_COLOUR ( '', #5242 ) ;
#2525 =( LENGTH_UNIT ( ) NAMED_UNIT ( * ) SI_UNIT ( .MILLI., .METRE. ) );
#2526 = VERTEX_POINT ( 'NONE', #702 ) ;
#2527 = LINE ( 'NONE', #6415, #2189 ) ;
#2528 = AXIS2_PLACEMENT_3D ( 'NONE', #1381, #2954, #3016 ) ;
#2529 = PRESENTATION_LAYER_ASSIGNMENT (  '', '', ( #4512 ) ) ;
#2530 = LINE ( 'NONE', #3729, #776 ) ;
#2531 = ORIENTED_EDGE ( 'NONE', *, *, #1069, .F. ) ;
#2532 = ORIENTED_EDGE ( 'NONE', *, *, #3856, .F. ) ;
#2533 =( NAMED_UNIT ( * ) PLANE_ANGLE_UNIT ( ) SI_UNIT ( $, .RADIAN. ) );
#2534 = EDGE_LOOP ( 'NONE', ( #5015, #6912, #865, #1323 ) ) ;
#2535 = CARTESIAN_POINT ( 'NONE',  ( -11.29027920413558300, 0.8650000000000003200, 18.45133746945663600 ) ) ;
#2536 =( NAMED_UNIT ( * ) SI_UNIT ( $, .STERADIAN. ) SOLID_ANGLE_UNIT ( ) );
#2537 = VECTOR ( 'NONE', #1875, 1000.000000000000000 ) ;
#2538 = ADVANCED_FACE ( 'NONE', ( #417 ), #4030, .T. ) ;
#2539 = VERTEX_POINT ( 'NONE', #4611 ) ;
#2540 = PRESENTATION_LAYER_ASSIGNMENT (  '', '', ( #6712 ) ) ;
#2541 =( LENGTH_UNIT ( ) NAMED_UNIT ( * ) SI_UNIT ( .MILLI., .METRE. ) );
#2542 = ORIENTED_EDGE ( 'NONE', *, *, #3524, .T. ) ;
#2543 = AXIS2_PLACEMENT_3D ( 'NONE', #408, #5406, #4229 ) ;
#2544 = ADVANCED_FACE ( 'NONE', ( #5079 ), #6265, .F. ) ;
#2545 = LINE ( 'NONE', #2063, #4612 ) ;
#2546 = FILL_AREA_STYLE ('',( #854 ) ) ;
#2547 = FACE_BOUND ( 'NONE', #4246, .T. ) ;
#2548 = ADVANCED_FACE ( 'NONE', ( #3699 ), #981, .F. ) ;
#2549 = VECTOR ( 'NONE', #2968, 1000.000000000000000 ) ;
#2550 = CARTESIAN_POINT ( 'NONE',  ( -4.050149335412047700, 0.8650000000000003200, 18.16188210077593400 ) ) ;
#2551 =( LENGTH_UNIT ( ) NAMED_UNIT ( * ) SI_UNIT ( .MILLI., .METRE. ) );
#2552 =( NAMED_UNIT ( * ) PLANE_ANGLE_UNIT ( ) SI_UNIT ( $, .RADIAN. ) );
#2553 =( GEOMETRIC_REPRESENTATION_CONTEXT ( 3 ) GLOBAL_UNCERTAINTY_ASSIGNED_CONTEXT ( ( #1035 ) ) GLOBAL_UNIT_ASSIGNED_CONTEXT ( ( #3419, #5594, #6665 ) ) REPRESENTATION_CONTEXT ( 'NONE', 'WORKASPACE' ) );
#2554 = COLOUR_RGB ( '',1.000000000000000000, 1.000000000000000000, 1.000000000000000000 ) ;
#2555 = EDGE_CURVE ( 'NONE', #6581, #6725, #6612, .T. ) ;
#2556 = SURFACE_STYLE_FILL_AREA ( #2185 ) ;
#2557 = AXIS2_PLACEMENT_3D ( 'NONE', #3100, #2523, #6863 ) ;
#2558 = UNCERTAINTY_MEASURE_WITH_UNIT (LENGTH_MEASURE( 1.000000000000000100E-005 ), #5088, 'distance_accuracy_value', 'NONE');
#2559 = SURFACE_SIDE_STYLE ('',( #4195 ) ) ;
#2560 =( NAMED_UNIT ( * ) SI_UNIT ( $, .STERADIAN. ) SOLID_ANGLE_UNIT ( ) );
#2561 = CIRCLE ( 'NONE', #1945, 0.1999999999999987900 ) ;
#2562 = VERTEX_POINT ( 'NONE', #4845 ) ;
#2563 = CARTESIAN_POINT ( 'NONE',  ( -11.29027920413558300, 0.8653000000000004000, 18.45133746945663600 ) ) ;
#2564 = EDGE_CURVE ( 'NONE', #4162, #2692, #6285, .T. ) ;
#2565 = UNCERTAINTY_MEASURE_WITH_UNIT (LENGTH_MEASURE( 1.000000000000000100E-005 ), #801, 'distance_accuracy_value', 'NONE');
#2566 =( GEOMETRIC_REPRESENTATION_CONTEXT ( 3 ) GLOBAL_UNCERTAINTY_ASSIGNED_CONTEXT ( ( #1641 ) ) GLOBAL_UNIT_ASSIGNED_CONTEXT ( ( #1029, #2612, #5998 ) ) REPRESENTATION_CONTEXT ( 'NONE', 'WORKASPACE' ) );
#2567 = CARTESIAN_POINT ( 'NONE',  ( -10.40100737467328800, 0.8650000000000003200, 18.34262767591853600 ) ) ;
#2568 = VERTEX_POINT ( 'NONE', #3781 ) ;
#2569 = SURFACE_STYLE_FILL_AREA ( #4131 ) ;
#2570 = CARTESIAN_POINT ( 'NONE',  ( -13.02520065675322900, 0.8653000000000004000, 18.27987554638381300 ) ) ;
#2571 = VECTOR ( 'NONE', #3917, 1000.000000000000000 ) ;
#2572 = EDGE_CURVE ( 'NONE', #4332, #5613, #3956, .T. ) ;
#2573 = CARTESIAN_POINT ( 'NONE',  ( -4.819497407893102500, 0.8653000000000004000, 18.03341534530790800 ) ) ;
#2574 = SURFACE_SIDE_STYLE ('',( #1284 ) ) ;
#2575 = CARTESIAN_POINT ( 'NONE',  ( -12.18056257477258500, 0.8653000000000004000, 17.89797427332903700 ) ) ;
#2576 = ADVANCED_FACE ( 'NONE', ( #2496 ), #3327, .F. ) ;
#2577 = CARTESIAN_POINT ( 'NONE',  ( -10.08184721089984500, 0.8653000000000004000, 17.58080537566368300 ) ) ;
#2578 = CARTESIAN_POINT ( 'NONE',  ( 14.60000000000000100, 0.8650000000000003200, 17.60000000000000500 ) ) ;
#2579 = PRESENTATION_LAYER_ASSIGNMENT (  '', '', ( #3159 ) ) ;
#2580 = DIRECTION ( 'NONE',  ( -1.000000000000000000, 0.0000000000000000000, 0.0000000000000000000 ) ) ;
#2581 = VERTEX_POINT ( 'NONE', #1003 ) ;
#2582 = AXIS2_PLACEMENT_3D ( 'NONE', #557, #6157, #2228 ) ;
#2583 = CARTESIAN_POINT ( 'NONE',  ( -12.22652025571572300, 0.8653000000000004000, 18.13617373217540800 ) ) ;
#2584 = VERTEX_POINT ( 'NONE', #1784 ) ;
#2585 = FILL_AREA_STYLE_COLOUR ( '', #1219 ) ;
#2586 = ORIENTED_EDGE ( 'NONE', *, *, #1566, .F. ) ;
#2587 = CARTESIAN_POINT ( 'NONE',  ( -8.108318048052650400, 0.8650000000000003200, 18.18092874601748900 ) ) ;
#2588 =( NAMED_UNIT ( * ) SI_UNIT ( $, .STERADIAN. ) SOLID_ANGLE_UNIT ( ) );
#2589 = CIRCLE ( 'NONE', #3891, 0.1999999999999987900 ) ;
#2590 = PRESENTATION_STYLE_ASSIGNMENT (( #6261 ) ) ;
#2591 = EDGE_CURVE ( 'NONE', #6556, #5716, #59, .T. ) ;
#2592 = AXIS2_PLACEMENT_3D ( 'NONE', #3301, #7149, #3254 ) ;
#2593 = CARTESIAN_POINT ( 'NONE',  ( -4.846377213621117600, 0.8653000000000004000, 17.95608755419133500 ) ) ;
#2594 = ORIENTED_EDGE ( 'NONE', *, *, #1613, .T. ) ;
#2595 = DIRECTION ( 'NONE',  ( 1.000000000000000000, -0.0000000000000000000, 0.0000000000000000000 ) ) ;
#2596 = CARTESIAN_POINT ( 'NONE',  ( -12.18346340461477300, 0.8653000000000004000, 17.86572192957769200 ) ) ;
#2597 =( NAMED_UNIT ( * ) PLANE_ANGLE_UNIT ( ) SI_UNIT ( $, .RADIAN. ) );
#2598 = UNCERTAINTY_MEASURE_WITH_UNIT (LENGTH_MEASURE( 1.000000000000000100E-005 ), #5258, 'distance_accuracy_value', 'NONE');
#2599 = EDGE_LOOP ( 'NONE', ( #6199, #3981, #1491, #217 ) ) ;
#2600 = ORIENTED_EDGE ( 'NONE', *, *, #6837, .T. ) ;
#2601 = EDGE_CURVE ( 'NONE', #6076, #6610, #7130, .T. ) ;
#2602 = SURFACE_STYLE_USAGE ( .BOTH. , #2559 ) ;
#2603 = CARTESIAN_POINT ( 'NONE',  ( -10.85635636153174500, 0.8653000000000004000, 18.44626050294931100 ) ) ;
#2604 = CARTESIAN_POINT ( 'NONE',  ( 19.00000000000000400, 0.0000000000000000000, -18.99999999999999600 ) ) ;
#2605 = VECTOR ( 'NONE', #6365, 1000.000000000000000 ) ;
#2606 = FILL_AREA_STYLE ('',( #401 ) ) ;
#2607 = CARTESIAN_POINT ( 'NONE',  ( -12.22345599934100900, 0.8650000000000003200, 17.58580049547660100 ) ) ;
#2608 = ORIENTED_EDGE ( 'NONE', *, *, #5580, .F. ) ;
#2609 = CARTESIAN_POINT ( 'NONE',  ( -7.273932997101369800, 0.8653000000000004000, 18.19891092970823700 ) ) ;
#2610 = PRESENTATION_STYLE_ASSIGNMENT (( #2940 ) ) ;
#2611 = EDGE_CURVE ( 'NONE', #6076, #5739, #6687, .T. ) ;
#2612 =( NAMED_UNIT ( * ) PLANE_ANGLE_UNIT ( ) SI_UNIT ( $, .RADIAN. ) );
#2613 = ORIENTED_EDGE ( 'NONE', *, *, #6880, .T. ) ;
#2614 = ORIENTED_EDGE ( 'NONE', *, *, #4001, .T. ) ;
#2615 = LINE ( 'NONE', #779, #274 ) ;
#2616 = CARTESIAN_POINT ( 'NONE',  ( -11.76054351053508500, 0.8650000000000003200, 17.69570517639627000 ) ) ;
#2617 = CARTESIAN_POINT ( 'NONE',  ( -4.781093952204545700, 0.8653000000000004000, 18.03834697636674300 ) ) ;
#2618 = FILL_AREA_STYLE ('',( #2075 ) ) ;
#2619 =( LENGTH_UNIT ( ) NAMED_UNIT ( * ) SI_UNIT ( .MILLI., .METRE. ) );
#2620 = PRESENTATION_STYLE_ASSIGNMENT (( #3631 ) ) ;
#2621 = EDGE_LOOP ( 'NONE', ( #5767, #2105, #2280, #525 ) ) ;
#2622 = VERTEX_POINT ( 'NONE', #1098 ) ;
#2623 = AXIS2_PLACEMENT_3D ( 'NONE', #4901, #1176, #5193 ) ;
#2624 = PLANE ( 'NONE',  #3584 ) ;
#2625 = VECTOR ( 'NONE', #2442, 1000.000000000000000 ) ;
#2626 = CARTESIAN_POINT ( 'NONE',  ( 17.40000000000000600, 0.8650000000000003200, 16.00000000000000000 ) ) ;
#2627 = FACE_OUTER_BOUND ( 'NONE', #2243, .T. ) ;
#2628 = COLOUR_RGB ( '',1.000000000000000000, 0.8078431372549019800, 0.4980392156862745200 ) ;
#2629 = VERTEX_POINT ( 'NONE', #4986 ) ;
#2630 = CARTESIAN_POINT ( 'NONE',  ( -19.00000000000000400, 0.8650000000000003200, -19.00000000000000400 ) ) ;
#2631 = VERTEX_POINT ( 'NONE', #2798 ) ;
#2632 = DIRECTION ( 'NONE',  ( -1.000000000000000000, 0.0000000000000000000, 0.0000000000000000000 ) ) ;
#2633 =( NAMED_UNIT ( * ) PLANE_ANGLE_UNIT ( ) SI_UNIT ( $, .RADIAN. ) );
#2634 = SURFACE_STYLE_USAGE ( .BOTH. , #448 ) ;
#2635 = FACE_BOUND ( 'NONE', #7135, .T. ) ;
#2636 = VECTOR ( 'NONE', #4687, 1000.000000000000200 ) ;
#2637 = DIRECTION ( 'NONE',  ( -0.0000000000000000000, -1.000000000000000000, -0.0000000000000000000 ) ) ;
#2638 = VECTOR ( 'NONE', #1354, 1000.000000000000000 ) ;
#2639 = CARTESIAN_POINT ( 'NONE',  ( -10.08184721089984500, 0.8650000000000003200, 17.58080537566368300 ) ) ;
#2640 = UNCERTAINTY_MEASURE_WITH_UNIT (LENGTH_MEASURE( 1.000000000000000100E-005 ), #4673, 'distance_accuracy_value', 'NONE');
#2641 = CARTESIAN_POINT ( 'NONE',  ( -4.846377213621117600, 0.8650000000000003200, 17.95608755419133500 ) ) ;
#2642 = DIRECTION ( 'NONE',  ( 0.0000000000000000000, 0.0000000000000000000, -1.000000000000000000 ) ) ;
#2643 = FILL_AREA_STYLE ('',( #5455 ) ) ;
#2644 = CARTESIAN_POINT ( 'NONE',  ( 16.98020067915674500, 1.363887651569859700, 0.4686462845356411100 ) ) ;
#2645 = EDGE_CURVE ( 'NONE', #1657, #1757, #1385, .T. ) ;
#2646 = PRESENTATION_STYLE_ASSIGNMENT (( #3209 ) ) ;
#2647 = VERTEX_POINT ( 'NONE', #6656 ) ;
#2648 = VECTOR ( 'NONE', #1981, 1000.000000000000000 ) ;
#2649 = ADVANCED_FACE ( 'NONE', ( #2919 ), #6949, .F. ) ;
#2650 = ADVANCED_FACE ( 'NONE', ( #7041 ), #6367, .F. ) ;
#2651 = UNCERTAINTY_MEASURE_WITH_UNIT (LENGTH_MEASURE( 1.000000000000000100E-005 ), #6586, 'distance_accuracy_value', 'NONE');
#2652 =( NAMED_UNIT ( * ) SI_UNIT ( $, .STERADIAN. ) SOLID_ANGLE_UNIT ( ) );
#2653 = CARTESIAN_POINT ( 'NONE',  ( -4.244830864550217500, 0.8650000000000003200, 18.11879910641462400 ) ) ;
#2654 = DIRECTION ( 'NONE',  ( 0.0000000000000000000, 0.0000000000000000000, 1.000000000000000000 ) ) ;
#2655 = FACE_OUTER_BOUND ( 'NONE', #5936, .T. ) ;
#2656 = LINE ( 'NONE', #1683, #132 ) ;
#2657 = DIRECTION ( 'NONE',  ( 0.0000000000000000000, 0.0000000000000000000, -1.000000000000000000 ) ) ;
#2658 = EDGE_CURVE ( 'NONE', #977, #1290, #2240, .T. ) ;
#2659 = MECHANICAL_DESIGN_GEOMETRIC_PRESENTATION_REPRESENTATION (  '', ( #6248 ), #3377 ) ;
#2660 = AXIS2_PLACEMENT_3D ( 'NONE', #2155, #6016, #2677 ) ;
#2661 =( NAMED_UNIT ( * ) SI_UNIT ( $, .STERADIAN. ) SOLID_ANGLE_UNIT ( ) );
#2662 = B_SPLINE_SURFACE_WITH_KNOTS ( 'NONE', 3, 1, ( 
 ( #1265, #1905 ),
 ( #5761, #734 ),
 ( #2447, #6290 ),
 ( #4568, #2400 ) ),
 .UNSPECIFIED., .F., .F., .F.,
 ( 4, 4 ),
 ( 2, 2 ),
 ( 0.0000000000000000000, 1.000000000000000000 ),
 ( 0.0000000000000000000, 1.000000000000000000 ),
 .UNSPECIFIED. ) ;
#2663 = CARTESIAN_POINT ( 'NONE',  ( 14.40000000000000200, 0.8650000000000003200, 17.60000000000000500 ) ) ;
#2664 = CARTESIAN_POINT ( 'NONE',  ( -12.20072210546603800, 0.8650000000000003200, 17.87551710783972700 ) ) ;
#2665 = DIRECTION ( 'NONE',  ( 0.0000000000000000000, 0.0000000000000000000, -1.000000000000000000 ) ) ;
#2666 = AXIS2_PLACEMENT_3D ( 'NONE', #5212, #269, #5240 ) ;
#2667 =( NAMED_UNIT ( * ) PLANE_ANGLE_UNIT ( ) SI_UNIT ( $, .RADIAN. ) );
#2668 = CARTESIAN_POINT ( 'NONE',  ( -4.470683887718040600, 0.8653000000000004000, 18.03574952503683800 ) ) ;
#2669 = PRESENTATION_STYLE_ASSIGNMENT (( #1447 ) ) ;
#2670 = FILL_AREA_STYLE ('',( #5457 ) ) ;
#2671 = DIRECTION ( 'NONE',  ( 1.000000000000000000, 0.0000000000000000000, 0.0000000000000000000 ) ) ;
#2672 = ORIENTED_EDGE ( 'NONE', *, *, #378, .F. ) ;
#2673 = CARTESIAN_POINT ( 'NONE',  ( -16.24893162393162900, 0.8650000000000003200, -13.79123931623931700 ) ) ;
#2674 = DIRECTION ( 'NONE',  ( -0.4788650536753306100, -0.0000000000000000000, -0.8778885238847372600 ) ) ;
#2675 = DIRECTION ( 'NONE',  ( -0.0000000000000000000, -1.000000000000000000, -0.0000000000000000000 ) ) ;
#2676 =( GEOMETRIC_REPRESENTATION_CONTEXT ( 3 ) GLOBAL_UNCERTAINTY_ASSIGNED_CONTEXT ( ( #4496 ) ) GLOBAL_UNIT_ASSIGNED_CONTEXT ( ( #4006, #5116, #4566 ) ) REPRESENTATION_CONTEXT ( 'NONE', 'WORKASPACE' ) );
#2677 = DIRECTION ( 'NONE',  ( 0.0000000000000000000, 0.0000000000000000000, 1.000000000000000000 ) ) ;
#2678 = MECHANICAL_DESIGN_GEOMETRIC_PRESENTATION_REPRESENTATION (  '', ( #6177 ), #1348 ) ;
#2679 = ORIENTED_EDGE ( 'NONE', *, *, #464, .T. ) ;
#2680 = DIRECTION ( 'NONE',  ( 0.0000000000000000000, 1.000000000000000000, -0.0000000000000000000 ) ) ;
#2681 = ADVANCED_FACE ( 'NONE', ( #5863 ), #5246, .F. ) ;
#2682 = FACE_OUTER_BOUND ( 'NONE', #3261, .T. ) ;
#2683 = B_SPLINE_SURFACE_WITH_KNOTS ( 'NONE', 2, 1, ( 
 ( #3188, #5470 ),
 ( #7021, #3242 ),
 ( #3732, #4248 ) ),
 .UNSPECIFIED., .F., .F., .F.,
 ( 3, 3 ),
 ( 2, 2 ),
 ( 0.0000000000000000000, 1.000000000000000000 ),
 ( 0.0000000000000000000, 1.000000000000000000 ),
 .UNSPECIFIED. ) ;
#2684 = ADVANCED_FACE ( 'NONE', ( #6950 ), #5825, .F. ) ;
#2685 = ADVANCED_FACE ( 'NONE', ( #1094 ), #5882, .F. ) ;
#2686 =( LENGTH_UNIT ( ) NAMED_UNIT ( * ) SI_UNIT ( .MILLI., .METRE. ) );
#2687 = ORIENTED_EDGE ( 'NONE', *, *, #4213, .F. ) ;
#2688 = EDGE_CURVE ( 'NONE', #4860, #4060, #653, .T. ) ;
#2689 = CARTESIAN_POINT ( 'NONE',  ( -10.40100737467328800, 0.8650000000000003200, 18.34262767591853600 ) ) ;
#2690 = MECHANICAL_DESIGN_GEOMETRIC_PRESENTATION_REPRESENTATION (  '', ( #1594 ), #3047 ) ;
#2691 = SURFACE_STYLE_USAGE ( .BOTH. , #5452 ) ;
#2692 = VERTEX_POINT ( 'NONE', #1344 ) ;
#2693 =( NAMED_UNIT ( * ) SI_UNIT ( $, .STERADIAN. ) SOLID_ANGLE_UNIT ( ) );
#2694 = UNCERTAINTY_MEASURE_WITH_UNIT (LENGTH_MEASURE( 1.000000000000000100E-005 ), #2398, 'distance_accuracy_value', 'NONE');
#2695 = CARTESIAN_POINT ( 'NONE',  ( -6.568368449399659200, 0.8653000000000004000, 18.19891092970823700 ) ) ;
#2696 = EDGE_LOOP ( 'NONE', ( #5462, #5512, #841, #4498 ) ) ;
#2697 = VERTEX_POINT ( 'NONE', #3466 ) ;
#2698 = LINE ( 'NONE', #4695, #2857 ) ;
#2699 = EDGE_CURVE ( 'NONE', #5961, #6747, #5693, .T. ) ;
#2700 = ORIENTED_EDGE ( 'NONE', *, *, #378, .T. ) ;
#2701 = STYLED_ITEM ( 'NONE', ( #6250 ), #3739 ) ;
#2702 = SURFACE_SIDE_STYLE ('',( #1762 ) ) ;
#2703 = ORIENTED_EDGE ( 'NONE', *, *, #3856, .T. ) ;
#2704 = CARTESIAN_POINT ( 'NONE',  ( -8.666349520355391100, 0.8653000000000004000, 18.19891092970823700 ) ) ;
#2705 = ORIENTED_EDGE ( 'NONE', *, *, #2658, .F. ) ;
#2706 = CARTESIAN_POINT ( 'NONE',  ( -8.067130061986265600, 0.8653000000000004000, 17.57000169561520400 ) ) ;
#2707 = ORIENTED_EDGE ( 'NONE', *, *, #2688, .F. ) ;
#2708 = CARTESIAN_POINT ( 'NONE',  ( -8.067756682470122300, 0.8650000000000003200, 18.09369825687882400 ) ) ;
#2709 = EDGE_CURVE ( 'NONE', #2697, #615, #5589, .T. ) ;
#2710 =( GEOMETRIC_REPRESENTATION_CONTEXT ( 3 ) GLOBAL_UNCERTAINTY_ASSIGNED_CONTEXT ( ( #3066 ) ) GLOBAL_UNIT_ASSIGNED_CONTEXT ( ( #4144, #5248, #4712 ) ) REPRESENTATION_CONTEXT ( 'NONE', 'WORKASPACE' ) );
#2711 = ORIENTED_EDGE ( 'NONE', *, *, #1305, .F. ) ;
#2712 = VECTOR ( 'NONE', #1335, 1000.000000000000000 ) ;
#2713 = VECTOR ( 'NONE', #4271, 1000.000000000000000 ) ;
#2714 =( NAMED_UNIT ( * ) PLANE_ANGLE_UNIT ( ) SI_UNIT ( $, .RADIAN. ) );
#2715 = ORIENTED_EDGE ( 'NONE', *, *, #2214, .F. ) ;
#2716 = EDGE_LOOP ( 'NONE', ( #5294, #1062, #2125, #6896 ) ) ;
#2717 =( NAMED_UNIT ( * ) SI_UNIT ( $, .STERADIAN. ) SOLID_ANGLE_UNIT ( ) );
#2718 = CARTESIAN_POINT ( 'NONE',  ( -12.22345599934100900, 0.8650000000000003200, 17.58580049547660100 ) ) ;
#2719 = SURFACE_STYLE_FILL_AREA ( #4702 ) ;
#2720 = MECHANICAL_DESIGN_GEOMETRIC_PRESENTATION_REPRESENTATION (  '', ( #4057 ), #2225 ) ;
#2721 = LINE ( 'NONE', #4035, #799 ) ;
#2722 = DIRECTION ( 'NONE',  ( -1.000000000000000000, -0.0000000000000000000, -0.0000000000000000000 ) ) ;
#2723 = ORIENTED_EDGE ( 'NONE', *, *, #2376, .F. ) ;
#2724 = CARTESIAN_POINT ( 'NONE',  ( -10.81395369519062100, 0.8653000000000004000, 18.19314516065765700 ) ) ;
#2725 =( NAMED_UNIT ( * ) SI_UNIT ( $, .STERADIAN. ) SOLID_ANGLE_UNIT ( ) );
#2726 = FACE_OUTER_BOUND ( 'NONE', #4163, .T. ) ;
#2727 = PLANE ( 'NONE',  #4294 ) ;
#2728 = CARTESIAN_POINT ( 'NONE',  ( -6.373883349586632700, 0.8653000000000004000, 18.19891092970823700 ) ) ;
#2729 = VECTOR ( 'NONE', #3232, 1000.000000000000000 ) ;
#2730 = ORIENTED_EDGE ( 'NONE', *, *, #4689, .F. ) ;
#2731 = STYLED_ITEM ( 'NONE', ( #4169 ), #1575 ) ;
#2732 = UNCERTAINTY_MEASURE_WITH_UNIT (LENGTH_MEASURE( 1.000000000000000100E-005 ), #6252, 'distance_accuracy_value', 'NONE');
#2733 = SURFACE_STYLE_USAGE ( .BOTH. , #4971 ) ;
#2734 = SURFACE_STYLE_FILL_AREA ( #5643 ) ;
#2735 = CARTESIAN_POINT ( 'NONE',  ( -8.859375071189683500, 0.8653000000000004000, 17.95608755419133500 ) ) ;
#2736 = CARTESIAN_POINT ( 'NONE',  ( -8.261725682775729500, 0.8650000000000003200, 18.19891092970823700 ) ) ;
#2737 = EDGE_LOOP ( 'NONE', ( #4709, #5637, #3912, #1766 ) ) ;
#2738 = CARTESIAN_POINT ( 'NONE',  ( -6.107512552934629500, 0.8650000000000003200, 18.19891092970823700 ) ) ;
#2739 = ADVANCED_FACE ( 'NONE', ( #5944 ), #5705, .F. ) ;
#2740 = EDGE_CURVE ( 'NONE', #1479, #1518, #1748, .T. ) ;
#2741 = CARTESIAN_POINT ( 'NONE',  ( -3.444174235474486000, 0.8650000000000003200, 17.57000169561520400 ) ) ;
#2742 = STYLED_ITEM ( 'NONE', ( #214 ), #3622 ) ;
#2743 = COLOUR_RGB ( '',0.0000000000000000000, 0.0000000000000000000, 1.000000000000000000 ) ;
#2744 = CARTESIAN_POINT ( 'NONE',  ( -8.666349520355391100, 0.8653000000000004000, 17.95608755419133500 ) ) ;
#2745 = DIRECTION ( 'NONE',  ( 0.8794471601096541800, -0.0000000000000000000, 0.4759965258014645100 ) ) ;
#2746 = FILL_AREA_STYLE_COLOUR ( '', #3119 ) ;
#2747 = EDGE_CURVE ( 'NONE', #2765, #5184, #2802, .T. ) ;
#2748 =( GEOMETRIC_REPRESENTATION_CONTEXT ( 3 ) GLOBAL_UNCERTAINTY_ASSIGNED_CONTEXT ( ( #4899 ) ) GLOBAL_UNIT_ASSIGNED_CONTEXT ( ( #3389, #3967, #2303 ) ) REPRESENTATION_CONTEXT ( 'NONE', 'WORKASPACE' ) );
#2749 =( GEOMETRIC_REPRESENTATION_CONTEXT ( 3 ) GLOBAL_UNCERTAINTY_ASSIGNED_CONTEXT ( ( #6523 ) ) GLOBAL_UNIT_ASSIGNED_CONTEXT ( ( #1557, #4367, #5437 ) ) REPRESENTATION_CONTEXT ( 'NONE', 'WORKASPACE' ) );
#2750 = CARTESIAN_POINT ( 'NONE',  ( -8.285342008175714300, 0.8650000000000003200, 18.03748791201022100 ) ) ;
#2751 = ORIENTED_EDGE ( 'NONE', *, *, #6959, .F. ) ;
#2752 =( NAMED_UNIT ( * ) SI_UNIT ( $, .STERADIAN. ) SOLID_ANGLE_UNIT ( ) );
#2753 = B_SPLINE_CURVE_WITH_KNOTS ( 'NONE', 3,
 ( #4219, #2583, #825, #2563 ),
 .UNSPECIFIED., .F., .F.,
 ( 4, 4 ),
 ( 0.0000000000000000000, 1.000000000000000000 ),
 .UNSPECIFIED. ) ;
#2754 =( LENGTH_UNIT ( ) NAMED_UNIT ( * ) SI_UNIT ( .MILLI., .METRE. ) );
#2755 = LINE ( 'NONE', #2093, #1648 ) ;
#2756 =( GEOMETRIC_REPRESENTATION_CONTEXT ( 3 ) GLOBAL_UNCERTAINTY_ASSIGNED_CONTEXT ( ( #3291 ) ) GLOBAL_UNIT_ASSIGNED_CONTEXT ( ( #1175, #1739, #1221 ) ) REPRESENTATION_CONTEXT ( 'NONE', 'WORKASPACE' ) );
#2757 = CARTESIAN_POINT ( 'NONE',  ( -16.79166666666667100, 0.8350000000000000800, -14.65961538461538400 ) ) ;
#2758 = ORIENTED_EDGE ( 'NONE', *, *, #651, .T. ) ;
#2759 =( GEOMETRIC_REPRESENTATION_CONTEXT ( 3 ) GLOBAL_UNCERTAINTY_ASSIGNED_CONTEXT ( ( #6469 ) ) GLOBAL_UNIT_ASSIGNED_CONTEXT ( ( #6644, #3869, #5576 ) ) REPRESENTATION_CONTEXT ( 'NONE', 'WORKASPACE' ) );
#2760 = FILL_AREA_STYLE ('',( #1066 ) ) ;
#2761 = B_SPLINE_SURFACE_WITH_KNOTS ( 'NONE', 3, 1, ( 
 ( #6246, #6320 ),
 ( #5205, #5149 ),
 ( #6219, #3522 ),
 ( #1293, #6835 ) ),
 .UNSPECIFIED., .F., .F., .F.,
 ( 4, 4 ),
 ( 2, 2 ),
 ( 0.0000000000000000000, 1.000000000000000000 ),
 ( 0.0000000000000000000, 1.000000000000000000 ),
 .UNSPECIFIED. ) ;
#2762 = PRESENTATION_STYLE_ASSIGNMENT (( #3690 ) ) ;
#2763 = DIRECTION ( 'NONE',  ( 0.0000000000000000000, 0.0000000000000000000, 1.000000000000000000 ) ) ;
#2764 = ORIENTED_EDGE ( 'NONE', *, *, #1840, .T. ) ;
#2765 = VERTEX_POINT ( 'NONE', #6595 ) ;
#2766 = CARTESIAN_POINT ( 'NONE',  ( -6.373883349586632700, 0.8653000000000004000, 18.19891092970823700 ) ) ;
#2767 = PRESENTATION_LAYER_ASSIGNMENT (  '', '', ( #3634 ) ) ;
#2768 = DIRECTION ( 'NONE',  ( -0.0000000000000000000, 0.0000000000000000000, 1.000000000000000000 ) ) ;
#2769 = MECHANICAL_DESIGN_GEOMETRIC_PRESENTATION_REPRESENTATION (  '', ( #4475 ), #1633 ) ;
#2770 = VERTEX_POINT ( 'NONE', #4377 ) ;
#2771 = DIRECTION ( 'NONE',  ( -0.0000000000000000000, -1.000000000000000000, -0.0000000000000000000 ) ) ;
#2772 = LINE ( 'NONE', #5310, #1496 ) ;
#2773 = DIRECTION ( 'NONE',  ( 0.0000000000000000000, 1.000000000000000000, 0.0000000000000000000 ) ) ;
#2774 = UNCERTAINTY_MEASURE_WITH_UNIT (LENGTH_MEASURE( 1.000000000000000100E-005 ), #3598, 'distance_accuracy_value', 'NONE');
#2775 = ORIENTED_EDGE ( 'NONE', *, *, #5287, .F. ) ;
#2776 =( GEOMETRIC_REPRESENTATION_CONTEXT ( 3 ) GLOBAL_UNCERTAINTY_ASSIGNED_CONTEXT ( ( #4680 ) ) GLOBAL_UNIT_ASSIGNED_CONTEXT ( ( #4048, #4606, #1009 ) ) REPRESENTATION_CONTEXT ( 'NONE', 'WORKASPACE' ) );
#2777 = SURFACE_SIDE_STYLE ('',( #1876 ) ) ;
#2778 = EDGE_CURVE ( 'NONE', #5184, #2508, #2067, .T. ) ;
#2779 = MECHANICAL_DESIGN_GEOMETRIC_PRESENTATION_REPRESENTATION (  '', ( #6240 ), #3271 ) ;
#2780 = DIRECTION ( 'NONE',  ( -0.4759965258014645100, -0.0000000000000000000, 0.8794471601096541800 ) ) ;
#2781 = DIRECTION ( 'NONE',  ( -0.0000000000000000000, 1.000000000000000000, 0.0000000000000000000 ) ) ;
#2782 = VERTEX_POINT ( 'NONE', #6889 ) ;
#2783 = ORIENTED_EDGE ( 'NONE', *, *, #2501, .T. ) ;
#2784 = CARTESIAN_POINT ( 'NONE',  ( -7.417444033374493100, 0.8650000000000003200, 18.19891092970823700 ) ) ;
#2785 = ORIENTED_EDGE ( 'NONE', *, *, #6874, .T. ) ;
#2786 = SURFACE_STYLE_FILL_AREA ( #1187 ) ;
#2787 = EDGE_CURVE ( 'NONE', #4569, #6728, #1989, .T. ) ;
#2788 = SURFACE_SIDE_STYLE ('',( #467 ) ) ;
#2789 =( GEOMETRIC_REPRESENTATION_CONTEXT ( 3 ) GLOBAL_UNCERTAINTY_ASSIGNED_CONTEXT ( ( #2080 ) ) GLOBAL_UNIT_ASSIGNED_CONTEXT ( ( #1897, #2329, #6723 ) ) REPRESENTATION_CONTEXT ( 'NONE', 'WORKASPACE' ) );
#2790 = CARTESIAN_POINT ( 'NONE',  ( -5.042400408945069600, 0.8653000000000004000, 18.11744349335409900 ) ) ;
#2791 = EDGE_LOOP ( 'NONE', ( #3674, #5759, #3096, #4587 ) ) ;
#2792 = STYLED_ITEM ( 'NONE', ( #4624 ), #3759 ) ;
#2793 = DIRECTION ( 'NONE',  ( 0.0000000000000000000, 0.0000000000000000000, 1.000000000000000000 ) ) ;
#2794 = EDGE_LOOP ( 'NONE', ( #2823, #2973, #1853, #3957 ) ) ;
#2795 = CARTESIAN_POINT ( 'NONE',  ( -8.667013013304648800, 0.8650000000000003200, 17.99921390012985300 ) ) ;
#2796 = PLANE ( 'NONE',  #2325 ) ;
#2797 = ORIENTED_EDGE ( 'NONE', *, *, #4383, .T. ) ;
#2798 = CARTESIAN_POINT ( 'NONE',  ( -3.845161075207352000, 0.8653000000000004000, 18.19891092970823700 ) ) ;
#2799 = STYLED_ITEM ( 'NONE', ( #6753 ), #302 ) ;
#2800 = CARTESIAN_POINT ( 'NONE',  ( -14.40000000000000200, 0.8650000000000003200, -17.60000000000000100 ) ) ;
#2801 = AXIS2_PLACEMENT_3D ( 'NONE', #974, #5938, #1536 ) ;
#2802 = B_SPLINE_CURVE_WITH_KNOTS ( 'NONE', 2,
 ( #1658, #5699, #3696 ),
 .UNSPECIFIED., .F., .F.,
 ( 3, 3 ),
 ( 0.0000000000000000000, 1.000000000000000000 ),
 .UNSPECIFIED. ) ;
#2803 = LINE ( 'NONE', #965, #1435 ) ;
#2804 = FACE_BOUND ( 'NONE', #3477, .T. ) ;
#2805 = DIRECTION ( 'NONE',  ( 0.0000000000000000000, 0.0000000000000000000, 1.000000000000000000 ) ) ;
#2806 =( NAMED_UNIT ( * ) SI_UNIT ( $, .STERADIAN. ) SOLID_ANGLE_UNIT ( ) );
#2807 = COLOUR_RGB ( '',0.0000000000000000000, 0.0000000000000000000, 1.000000000000000000 ) ;
#2808 = FILL_AREA_STYLE ('',( #390 ) ) ;
#2809 = LINE ( 'NONE', #439, #4013 ) ;
#2810 = FACE_OUTER_BOUND ( 'NONE', #342, .T. ) ;
#2811 =( GEOMETRIC_REPRESENTATION_CONTEXT ( 3 ) GLOBAL_UNCERTAINTY_ASSIGNED_CONTEXT ( ( #2416 ) ) GLOBAL_UNIT_ASSIGNED_CONTEXT ( ( #591, #61, #1707 ) ) REPRESENTATION_CONTEXT ( 'NONE', 'WORKASPACE' ) );
#2812 = PLANE ( 'NONE',  #522 ) ;
#2813 =( NAMED_UNIT ( * ) PLANE_ANGLE_UNIT ( ) SI_UNIT ( $, .RADIAN. ) );
#2814 = DIRECTION ( 'NONE',  ( 1.000000000000000000, 0.0000000000000000000, 0.0000000000000000000 ) ) ;
#2815 = ORIENTED_EDGE ( 'NONE', *, *, #2572, .F. ) ;
#2816 = LINE ( 'NONE', #6347, #2648 ) ;
#2817 = VERTEX_POINT ( 'NONE', #6359 ) ;
#2818 = CARTESIAN_POINT ( 'NONE',  ( -4.846377213621117600, 0.8650000000000003200, 17.95608755419133500 ) ) ;
#2819 = UNCERTAINTY_MEASURE_WITH_UNIT (LENGTH_MEASURE( 1.000000000000000100E-005 ), #6501, 'distance_accuracy_value', 'NONE');
#2820 = PRESENTATION_LAYER_ASSIGNMENT (  '', '', ( #4678 ) ) ;
#2821 = MECHANICAL_DESIGN_GEOMETRIC_PRESENTATION_REPRESENTATION (  '', ( #223 ), #1869 ) ;
#2822 =( NAMED_UNIT ( * ) SI_UNIT ( $, .STERADIAN. ) SOLID_ANGLE_UNIT ( ) );
#2823 = ORIENTED_EDGE ( 'NONE', *, *, #2287, .T. ) ;
#2824 = FILL_AREA_STYLE ('',( #6146 ) ) ;
#2825 = DIRECTION ( 'NONE',  ( 1.000000000000000000, -9.130123557772669600E-017, -0.0000000000000000000 ) ) ;
#2826 = EDGE_CURVE ( 'NONE', #2629, #5548, #6268, .T. ) ;
#2827 = DIRECTION ( 'NONE',  ( -0.0000000000000000000, -0.0000000000000000000, 1.000000000000000000 ) ) ;
#2828 = AXIS2_PLACEMENT_3D ( 'NONE', #6354, #6394, #2029 ) ;
#2829 = DIRECTION ( 'NONE',  ( 1.000000000000000000, 0.0000000000000000000, -0.0000000000000000000 ) ) ;
#2830 = DIRECTION ( 'NONE',  ( 0.0000000000000000000, 1.000000000000000000, 0.0000000000000000000 ) ) ;
#2831 = DIRECTION ( 'NONE',  ( -0.0000000000000000000, -0.0000000000000000000, -1.000000000000000000 ) ) ;
#2832 = ORIENTED_EDGE ( 'NONE', *, *, #2418, .F. ) ;
#2833 = EDGE_CURVE ( 'NONE', #6983, #2770, #4565, .T. ) ;
#2834 = DIRECTION ( 'NONE',  ( 0.0000000000000000000, 0.0000000000000000000, 1.000000000000000000 ) ) ;
#2835 = CARTESIAN_POINT ( 'NONE',  ( -3.490475019533605000, 0.8650000000000003200, 17.70388433774292400 ) ) ;
#2836 = PRESENTATION_LAYER_ASSIGNMENT (  '', '', ( #2978 ) ) ;
#2837 = CARTESIAN_POINT ( 'NONE',  ( -9.981614088852071000, 0.8653000000000004000, 17.99397935232808600 ) ) ;
#2838 = VECTOR ( 'NONE', #4883, 1000.000000000000000 ) ;
#2839 = FILL_AREA_STYLE ('',( #4049 ) ) ;
#2840 = SURFACE_SIDE_STYLE ('',( #4774 ) ) ;
#2841 = CARTESIAN_POINT ( 'NONE',  ( -8.331996323616325000, 0.8653000000000004000, 18.03834697636674300 ) ) ;
#2842 = ORIENTED_EDGE ( 'NONE', *, *, #1015, .T. ) ;
#2843 = FACE_OUTER_BOUND ( 'NONE', #4438, .T. ) ;
#2844 =( NAMED_UNIT ( * ) SI_UNIT ( $, .STERADIAN. ) SOLID_ANGLE_UNIT ( ) );
#2845 =( LENGTH_UNIT ( ) NAMED_UNIT ( * ) SI_UNIT ( .MILLI., .METRE. ) );
#2846 = CARTESIAN_POINT ( 'NONE',  ( -17.14444444444444900, 0.8650000000000003200, -14.65961538461538400 ) ) ;
#2847 = STYLED_ITEM ( 'NONE', ( #3840 ), #5910 ) ;
#2848 = CARTESIAN_POINT ( 'NONE',  ( -8.261725682775729500, 0.8653000000000004000, 17.57000169561520400 ) ) ;
#2849 = ORIENTED_EDGE ( 'NONE', *, *, #2430, .T. ) ;
#2850 = DIRECTION ( 'NONE',  ( 0.0000000000000000000, 0.0000000000000000000, -1.000000000000000000 ) ) ;
#2851 = UNCERTAINTY_MEASURE_WITH_UNIT (LENGTH_MEASURE( 1.000000000000000100E-005 ), #4872, 'distance_accuracy_value', 'NONE');
#2852 = LINE ( 'NONE', #4558, #1927 ) ;
#2853 = EDGE_LOOP ( 'NONE', ( #1426 ) ) ;
#2854 = CARTESIAN_POINT ( 'NONE',  ( -9.639949665254722100, 0.8653000000000004000, 18.19891092970823700 ) ) ;
#2855 = CARTESIAN_POINT ( 'NONE',  ( -3.480278174149926200, 0.8653000000000004000, 17.73318271590345700 ) ) ;
#2856 =( LENGTH_UNIT ( ) NAMED_UNIT ( * ) SI_UNIT ( .MILLI., .METRE. ) );
#2857 = VECTOR ( 'NONE', #3057, 1000.000000000000000 ) ;
#2858 = CARTESIAN_POINT ( 'NONE',  ( -6.831133247271061700, 0.8653000000000004000, 18.19891092970823700 ) ) ;
#2859 = LINE ( 'NONE', #691, #5024 ) ;
#2860 = VERTEX_POINT ( 'NONE', #6629 ) ;
#2861 =( NAMED_UNIT ( * ) PLANE_ANGLE_UNIT ( ) SI_UNIT ( $, .RADIAN. ) );
#2862 = UNCERTAINTY_MEASURE_WITH_UNIT (LENGTH_MEASURE( 1.000000000000000100E-005 ), #847, 'distance_accuracy_value', 'NONE');
#2863 = ORIENTED_EDGE ( 'NONE', *, *, #3141, .T. ) ;
#2864 = LINE ( 'NONE', #6783, #2272 ) ;
#2865 = CARTESIAN_POINT ( 'NONE',  ( -14.60000000000000100, 0.8650000000000003200, -16.19999999999999900 ) ) ;
#2866 = ORIENTED_EDGE ( 'NONE', *, *, #5762, .F. ) ;
#2867 = DIRECTION ( 'NONE',  ( -1.000000000000000000, 0.0000000000000000000, -0.0000000000000000000 ) ) ;
#2868 = CARTESIAN_POINT ( 'NONE',  ( -10.83205225423109400, 0.8650000000000003200, 17.30830367580641400 ) ) ;
#2869 = FACE_OUTER_BOUND ( 'NONE', #2023, .T. ) ;
#2870 = DIRECTION ( 'NONE',  ( 0.0000000000000000000, -1.000000000000000000, -0.0000000000000000000 ) ) ;
#2871 = EDGE_LOOP ( 'NONE', ( #4110, #6245, #5200, #104 ) ) ;
#2872 = EDGE_CURVE ( 'NONE', #3454, #2697, #1639, .T. ) ;
#2873 = ORIENTED_EDGE ( 'NONE', *, *, #5209, .F. ) ;
#2874 = MECHANICAL_DESIGN_GEOMETRIC_PRESENTATION_REPRESENTATION (  '', ( #6826 ), #3324 ) ;
#2875 = LINE ( 'NONE', #234, #3384 ) ;
#2876 = CARTESIAN_POINT ( 'NONE',  ( -3.865548922873262700, 0.8650000000000003200, 17.81062405547182700 ) ) ;
#2877 = FACE_OUTER_BOUND ( 'NONE', #4167, .T. ) ;
#2878 = ORIENTED_EDGE ( 'NONE', *, *, #2057, .F. ) ;
#2879 = VERTEX_POINT ( 'NONE', #3378 ) ;
#2880 = FACE_OUTER_BOUND ( 'NONE', #6092, .T. ) ;
#2881 = EDGE_CURVE ( 'NONE', #3708, #6130, #4212, .T. ) ;
#2882 = CARTESIAN_POINT ( 'NONE',  ( -7.858984287663347800, 0.8653000000000004000, 17.57000169561520400 ) ) ;
#2883 = PRESENTATION_LAYER_ASSIGNMENT (  '', '', ( #1692 ) ) ;
#2884 = CARTESIAN_POINT ( 'NONE',  ( -4.509297700310660200, 0.8653000000000004000, 18.03834697636674300 ) ) ;
#2885 = CARTESIAN_POINT ( 'NONE',  ( -3.446823988547574200, 0.8653000000000004000, 18.06978901880615100 ) ) ;
#2886 = VECTOR ( 'NONE', #3020, 1000.000000000000000 ) ;
#2887 = COLOUR_RGB ( '',1.000000000000000000, 1.000000000000000000, 1.000000000000000000 ) ;
#2888 = DIRECTION ( 'NONE',  ( 0.0000000000000000000, 1.000000000000000000, 0.0000000000000000000 ) ) ;
#2889 = CARTESIAN_POINT ( 'NONE',  ( -12.18346340461477300, 0.8653000000000004000, 17.86572192957768800 ) ) ;
#2890 = PRESENTATION_LAYER_ASSIGNMENT (  '', '', ( #4884 ) ) ;
#2891 =( NAMED_UNIT ( * ) PLANE_ANGLE_UNIT ( ) SI_UNIT ( $, .RADIAN. ) );
#2892 =( NAMED_UNIT ( * ) PLANE_ANGLE_UNIT ( ) SI_UNIT ( $, .RADIAN. ) );
#2893 = B_SPLINE_CURVE_WITH_KNOTS ( 'NONE', 2,
 ( #3538, #230, #155 ),
 .UNSPECIFIED., .F., .F.,
 ( 3, 3 ),
 ( 0.0000000000000000000, 1.000000000000000000 ),
 .UNSPECIFIED. ) ;
#2894 =( NAMED_UNIT ( * ) SI_UNIT ( $, .STERADIAN. ) SOLID_ANGLE_UNIT ( ) );
#2895 = PRESENTATION_STYLE_ASSIGNMENT (( #2602 ) ) ;
#2896 = VERTEX_POINT ( 'NONE', #2242 ) ;
#2897 = DIRECTION ( 'NONE',  ( 0.0000000000000000000, 0.0000000000000000000, -1.000000000000000000 ) ) ;
#2898 = PRESENTATION_STYLE_ASSIGNMENT (( #913 ) ) ;
#2899 = FILL_AREA_STYLE ('',( #6197 ) ) ;
#2900 = VECTOR ( 'NONE', #1686, 1000.000000000000000 ) ;
#2901 = STYLED_ITEM ( 'NONE', ( #5019 ), #1988 ) ;
#2902 = STYLED_ITEM ( 'NONE', ( #4260 ), #6304 ) ;
#2903 = PRESENTATION_STYLE_ASSIGNMENT (( #5542 ) ) ;
#2904 = ORIENTED_EDGE ( 'NONE', *, *, #6031, .T. ) ;
#2905 = UNCERTAINTY_MEASURE_WITH_UNIT (LENGTH_MEASURE( 1.000000000000000100E-005 ), #1937, 'distance_accuracy_value', 'NONE');
#2906 = SURFACE_STYLE_USAGE ( .BOTH. , #5639 ) ;
#2907 = CARTESIAN_POINT ( 'NONE',  ( -11.02488769279018800, 0.8650000000000003200, 17.13542832098493600 ) ) ;
#2908 = FILL_AREA_STYLE_COLOUR ( '', #5763 ) ;
#2909 = DIRECTION ( 'NONE',  ( -1.000000000000000000, -0.0000000000000000000, -0.0000000000000000000 ) ) ;
#2910 = CARTESIAN_POINT ( 'NONE',  ( -11.03499367637736700, 0.8650000000000003200, 18.28837119949456600 ) ) ;
#2911 = EDGE_CURVE ( 'NONE', #69, #1215, #5602, .T. ) ;
#2912 = CARTESIAN_POINT ( 'NONE',  ( -3.261890097925141100, 0.8650000000000003200, 17.95608755419133500 ) ) ;
#2913 = PRESENTATION_LAYER_ASSIGNMENT (  '', '', ( #6240 ) ) ;
#2914 = CARTESIAN_POINT ( 'NONE',  ( -4.440561772358937500, 0.8653000000000004000, 17.57000169561520400 ) ) ;
#2915 = SURFACE_SIDE_STYLE ('',( #5723 ) ) ;
#2916 = CARTESIAN_POINT ( 'NONE',  ( -10.08184721089984500, 0.8653000000000004000, 17.58080537566368300 ) ) ;
#2917 = ORIENTED_EDGE ( 'NONE', *, *, #1679, .T. ) ;
#2918 = CARTESIAN_POINT ( 'NONE',  ( 14.60000000000000100, 0.8000000000000003800, 16.00000000000000000 ) ) ;
#2919 = FACE_OUTER_BOUND ( 'NONE', #3187, .T. ) ;
#2920 = EDGE_CURVE ( 'NONE', #5201, #1362, #3243, .T. ) ;
#2921 =( GEOMETRIC_REPRESENTATION_CONTEXT ( 3 ) GLOBAL_UNCERTAINTY_ASSIGNED_CONTEXT ( ( #3104 ) ) GLOBAL_UNIT_ASSIGNED_CONTEXT ( ( #3861, #1722, #543 ) ) REPRESENTATION_CONTEXT ( 'NONE', 'WORKASPACE' ) );
#2922 = ORIENTED_EDGE ( 'NONE', *, *, #5614, .T. ) ;
#2923 = FILL_AREA_STYLE_COLOUR ( '', #2554 ) ;
#2924 = ADVANCED_FACE ( 'NONE', ( #4979 ), #3356, .F. ) ;
#2925 = SURFACE_STYLE_USAGE ( .BOTH. , #758 ) ;
#2926 = VECTOR ( 'NONE', #2487, 1000.000000000000000 ) ;
#2927 = CARTESIAN_POINT ( 'NONE',  ( -11.02488769279018800, 0.8653000000000004000, 17.13542832098493600 ) ) ;
#2928 = EDGE_CURVE ( 'NONE', #69, #2360, #1634, .T. ) ;
#2929 = ORIENTED_EDGE ( 'NONE', *, *, #1551, .F. ) ;
#2930 = STYLED_ITEM ( 'NONE', ( #5935 ), #5444 ) ;
#2931 = DIRECTION ( 'NONE',  ( 1.000000000000000000, 0.0000000000000000000, -0.0000000000000000000 ) ) ;
#2932 = FACE_OUTER_BOUND ( 'NONE', #3105, .T. ) ;
#2933 =( LENGTH_UNIT ( ) NAMED_UNIT ( * ) SI_UNIT ( .MILLI., .METRE. ) );
#2934 = CARTESIAN_POINT ( 'NONE',  ( -6.373883349586632700, 0.8650000000000003200, 17.57000169561520400 ) ) ;
#2935 = VECTOR ( 'NONE', #1148, 1000.000000000000000 ) ;
#2936 = CARTESIAN_POINT ( 'NONE',  ( -3.480278174149926200, 0.8650000000000003200, 18.19891092970823700 ) ) ;
#2937 = ORIENTED_EDGE ( 'NONE', *, *, #6969, .T. ) ;
#2938 = CARTESIAN_POINT ( 'NONE',  ( -6.568368449399659200, 0.8653000000000004000, 17.57000169561520400 ) ) ;
#2939 = AXIS2_PLACEMENT_3D ( 'NONE', #60, #110, #3950 ) ;
#2940 = SURFACE_STYLE_USAGE ( .BOTH. , #1882 ) ;
#2941 = STYLED_ITEM ( 'NONE', ( #3130 ), #5870 ) ;
#2942 = UNCERTAINTY_MEASURE_WITH_UNIT (LENGTH_MEASURE( 1.000000000000000100E-005 ), #4129, 'distance_accuracy_value', 'NONE');
#2943 = COLOUR_RGB ( '',0.0000000000000000000, 0.0000000000000000000, 1.000000000000000000 ) ;
#2944 = ORIENTED_EDGE ( 'NONE', *, *, #4651, .T. ) ;
#2945 = EDGE_LOOP ( 'NONE', ( #2494, #2957, #781, #5456 ) ) ;
#2946 =( NAMED_UNIT ( * ) PLANE_ANGLE_UNIT ( ) SI_UNIT ( $, .RADIAN. ) );
#2947 = ORIENTED_EDGE ( 'NONE', *, *, #6236, .T. ) ;
#2948 = FACE_OUTER_BOUND ( 'NONE', #3284, .T. ) ;
#2949 = ORIENTED_EDGE ( 'NONE', *, *, #88, .F. ) ;
#2950 = CARTESIAN_POINT ( 'NONE',  ( 14.40000000000000200, 0.8650000000000003200, 17.40000000000000600 ) ) ;
#2951 = PRESENTATION_STYLE_ASSIGNMENT (( #3382 ) ) ;
#2952 = VERTEX_POINT ( 'NONE', #5074 ) ;
#2953 = CARTESIAN_POINT ( 'NONE',  ( -4.980000601216056000, 0.8650000000000003200, 18.18774322547260900 ) ) ;
#2954 = DIRECTION ( 'NONE',  ( 0.0000000000000000000, 1.000000000000000000, 0.0000000000000000000 ) ) ;
#2955 = VERTEX_POINT ( 'NONE', #6692 ) ;
#2956 = ORIENTED_EDGE ( 'NONE', *, *, #4445, .T. ) ;
#2957 = ORIENTED_EDGE ( 'NONE', *, *, #1977, .F. ) ;
#2958 = EDGE_CURVE ( 'NONE', #6229, #6038, #4301, .T. ) ;
#2959 = SURFACE_STYLE_FILL_AREA ( #1878 ) ;
#2960 = CARTESIAN_POINT ( 'NONE',  ( 14.40000000000000200, 0.8000000000000003800, 17.40000000000000600 ) ) ;
#2961 = VERTEX_POINT ( 'NONE', #662 ) ;
#2962 = SURFACE_STYLE_FILL_AREA ( #6195 ) ;
#2963 = ORIENTED_EDGE ( 'NONE', *, *, #4265, .T. ) ;
#2964 = ORIENTED_EDGE ( 'NONE', *, *, #5046, .F. ) ;
#2965 = CARTESIAN_POINT ( 'NONE',  ( -11.85712424806710200, 0.8650000000000003200, 17.60912567376661600 ) ) ;
#2966 = FILL_AREA_STYLE ('',( #1921 ) ) ;
#2967 = CARTESIAN_POINT ( 'NONE',  ( -10.34922221654372100, 0.8653000000000004000, 17.41184081926417800 ) ) ;
#2968 = DIRECTION ( 'NONE',  ( -0.0000000000000000000, -0.0000000000000000000, -1.000000000000000000 ) ) ;
#2969 = PRESENTATION_STYLE_ASSIGNMENT (( #3596 ) ) ;
#2970 = SURFACE_STYLE_FILL_AREA ( #6205 ) ;
#2971 = EDGE_CURVE ( 'NONE', #2, #6575, #5516, .T. ) ;
#2972 = SURFACE_SIDE_STYLE ('',( #2959 ) ) ;
#2973 = ORIENTED_EDGE ( 'NONE', *, *, #3603, .F. ) ;
#2974 = MECHANICAL_DESIGN_GEOMETRIC_PRESENTATION_REPRESENTATION (  '', ( #733 ), #4454 ) ;
#2975 = COLOUR_RGB ( '',0.0000000000000000000, 0.0000000000000000000, 1.000000000000000000 ) ;
#2976 = EDGE_CURVE ( 'NONE', #3527, #3906, #915, .T. ) ;
#2977 = CARTESIAN_POINT ( 'NONE',  ( -3.264251412980061900, 0.8650000000000003200, 18.20652176406117900 ) ) ;
#2978 = STYLED_ITEM ( 'NONE', ( #4736 ), #5335 ) ;
#2979 = CARTESIAN_POINT ( 'NONE',  ( -11.16832556989444200, 0.8650000000000003200, 17.57734525350127800 ) ) ;
#2980 = CARTESIAN_POINT ( 'NONE',  ( -31.45141127858644800, 1.364999999999999800, 21.33196125352893100 ) ) ;
#2981 = ADVANCED_FACE ( 'NONE', ( #5853 ), #938, .F. ) ;
#2982 = ORIENTED_EDGE ( 'NONE', *, *, #1831, .F. ) ;
#2983 = CARTESIAN_POINT ( 'NONE',  ( -10.69686617517050600, 0.8653000000000004000, 17.76253634326051400 ) ) ;
#2984 = CARTESIAN_POINT ( 'NONE',  ( -4.440561772358937500, 0.8653000000000004000, 17.57000169561520400 ) ) ;
#2985 = SURFACE_SIDE_STYLE ('',( #2059 ) ) ;
#2986 = CARTESIAN_POINT ( 'NONE',  ( -3.877881027603348000, 0.8653000000000004000, 17.57000169561520400 ) ) ;
#2987 = EDGE_LOOP ( 'NONE', ( #3897 ) ) ;
#2989 = PRESENTATION_LAYER_ASSIGNMENT (  '', '', ( #3103 ) ) ;
#2988 = CARTESIAN_POINT ( 'NONE',  ( -3.285981471631799000, 0.8653000000000004000, 17.73318271590345700 ) ) ;
#2990 = CARTESIAN_POINT ( 'NONE',  ( -3.480278174149926200, 0.8653000000000004000, 18.19891092970823700 ) ) ;
#2991 = CARTESIAN_POINT ( 'NONE',  ( -10.85635636153174500, 0.8650000000000003200, 18.44626050294931100 ) ) ;
#2992 =( NAMED_UNIT ( * ) SI_UNIT ( $, .STERADIAN. ) SOLID_ANGLE_UNIT ( ) );
#2993 = COLOUR_RGB ( '',0.0000000000000000000, 0.0000000000000000000, 1.000000000000000000 ) ;
#2994 = CARTESIAN_POINT ( 'NONE',  ( -17.60000000000000100, 0.8350000000000000800, -16.19999999999999900 ) ) ;
#2995 = STYLED_ITEM ( 'NONE', ( #4156 ), #6502 ) ;
#2996 = SURFACE_STYLE_FILL_AREA ( #3458 ) ;
#2997 = CARTESIAN_POINT ( 'NONE',  ( -9.985630581786313800, 0.8650000000000003200, 17.70333963657575200 ) ) ;
#2998 = CARTESIAN_POINT ( 'NONE',  ( 2.241915599561634700, 1.364629079620785400, 16.84254954156773500 ) ) ;
#2999 = EDGE_CURVE ( 'NONE', #4233, #5610, #1291, .T. ) ;
#3000 = SURFACE_STYLE_USAGE ( .BOTH. , #6307 ) ;
#3001 = CARTESIAN_POINT ( 'NONE',  ( -3.980300214717135400, 0.8653000000000004000, 17.57251756548153000 ) ) ;
#3002 = AXIS2_PLACEMENT_3D ( 'NONE', #821, #5388, #2379 ) ;
#3003 = FILL_AREA_STYLE_COLOUR ( '', #747 ) ;
#3004 = SURFACE_SIDE_STYLE ('',( #4593 ) ) ;
#3005 = DIRECTION ( 'NONE',  ( -1.000000000000000000, 0.0000000000000000000, 0.0000000000000000000 ) ) ;
#3006 = ORIENTED_EDGE ( 'NONE', *, *, #233, .T. ) ;
#3007 = SURFACE_STYLE_USAGE ( .BOTH. , #4078 ) ;
#3008 = CARTESIAN_POINT ( 'NONE',  ( -6.373883349586632700, 0.8653000000000004000, 17.57000169561520400 ) ) ;
#3009 = CARTESIAN_POINT ( 'NONE',  ( -4.050786439046620800, 0.8653000000000004000, 17.70431948479133400 ) ) ;
#3010 = ORIENTED_EDGE ( 'NONE', *, *, #1520, .F. ) ;
#3011 = EDGE_CURVE ( 'NONE', #541, #2879, #3773, .T. ) ;
#3012 = PRESENTATION_LAYER_ASSIGNMENT (  '', '', ( #1170 ) ) ;
#3013 = SURFACE_STYLE_USAGE ( .BOTH. , #341 ) ;
#3014 = EDGE_LOOP ( 'NONE', ( #6931, #3177, #1577, #372 ) ) ;
#3015 = SURFACE_STYLE_USAGE ( .BOTH. , #5807 ) ;
#3016 = DIRECTION ( 'NONE',  ( 0.0000000000000000000, 0.0000000000000000000, 1.000000000000000000 ) ) ;
#3017 = CARTESIAN_POINT ( 'NONE',  ( -35.93641576997500000, 1.364999999999999800, -12.36195227075180000 ) ) ;
#3018 = SURFACE_STYLE_FILL_AREA ( #951 ) ;
#3019 = AXIS2_PLACEMENT_3D ( 'NONE', #1275, #3480, #168 ) ;
#3020 = DIRECTION ( 'NONE',  ( -0.0000000000000000000, -1.000000000000000000, -0.0000000000000000000 ) ) ;
#3021 = PRESENTATION_STYLE_ASSIGNMENT (( #4726 ) ) ;
#3022 = ORIENTED_EDGE ( 'NONE', *, *, #172, .F. ) ;
#3023 =( LENGTH_UNIT ( ) NAMED_UNIT ( * ) SI_UNIT ( .MILLI., .METRE. ) );
#3024 = DIRECTION ( 'NONE',  ( -0.0000000000000000000, -0.0000000000000000000, 1.000000000000000000 ) ) ;
#3025 = UNCERTAINTY_MEASURE_WITH_UNIT (LENGTH_MEASURE( 1.000000000000000100E-005 ), #3457, 'distance_accuracy_value', 'NONE');
#3026 = COLOUR_RGB ( '',0.0000000000000000000, 0.0000000000000000000, 1.000000000000000000 ) ;
#3027 = PLANE ( 'NONE',  #6406 ) ;
#3028 = ORIENTED_EDGE ( 'NONE', *, *, #6683, .T. ) ;
#3029 = ORIENTED_EDGE ( 'NONE', *, *, #3746, .T. ) ;
#3030 =( GEOMETRIC_REPRESENTATION_CONTEXT ( 3 ) GLOBAL_UNCERTAINTY_ASSIGNED_CONTEXT ( ( #5663 ) ) GLOBAL_UNIT_ASSIGNED_CONTEXT ( ( #6657, #5627, #3357 ) ) REPRESENTATION_CONTEXT ( 'NONE', 'WORKASPACE' ) );
#3031 = LINE ( 'NONE', #2448, #1225 ) ;
#3032 =( NAMED_UNIT ( * ) PLANE_ANGLE_UNIT ( ) SI_UNIT ( $, .RADIAN. ) );
#3033 = DIRECTION ( 'NONE',  ( 0.0000000000000000000, 0.0000000000000000000, 1.000000000000000000 ) ) ;
#3034 = EDGE_LOOP ( 'NONE', ( #6547, #2499, #1758, #3236 ) ) ;
#3035 = ORIENTED_EDGE ( 'NONE', *, *, #1917, .F. ) ;
#3036 = COLOUR_RGB ( '',0.0000000000000000000, 0.0000000000000000000, 1.000000000000000000 ) ;
#3037 = ADVANCED_FACE ( 'NONE', ( #1278 ), #3519, .F. ) ;
#3038 = CARTESIAN_POINT ( 'NONE',  ( -7.565312561836970300, 0.8653000000000004000, 17.57000169561520400 ) ) ;
#3039 = FILL_AREA_STYLE ('',( #714 ) ) ;
#3040 = COLOUR_RGB ( '',0.8980392156862745400, 0.9176470588235293700, 0.9294117647058823800 ) ;
#3041 = COLOUR_RGB ( '',0.0000000000000000000, 0.0000000000000000000, 1.000000000000000000 ) ;
#3042 = SURFACE_SIDE_STYLE ('',( #6392 ) ) ;
#3043 = VECTOR ( 'NONE', #4125, 1000.000000000000000 ) ;
#3044 = MECHANICAL_DESIGN_GEOMETRIC_PRESENTATION_REPRESENTATION (  '', ( #5326 ), #4537 ) ;
#3045 = VERTEX_POINT ( 'NONE', #193 ) ;
#3046 = EDGE_CURVE ( 'NONE', #4674, #7065, #647, .T. ) ;
#3047 =( GEOMETRIC_REPRESENTATION_CONTEXT ( 3 ) GLOBAL_UNCERTAINTY_ASSIGNED_CONTEXT ( ( #5172 ) ) GLOBAL_UNIT_ASSIGNED_CONTEXT ( ( #1974, #5817, #2505 ) ) REPRESENTATION_CONTEXT ( 'NONE', 'WORKASPACE' ) );
#3048 = VERTEX_POINT ( 'NONE', #6844 ) ;
#3049 = COLOUR_RGB ( '',0.0000000000000000000, 0.0000000000000000000, 1.000000000000000000 ) ;
#3050 = CARTESIAN_POINT ( 'NONE',  ( -3.533706688394836300, 0.8650000000000003200, 17.70431948479133400 ) ) ;
#3051 = CARTESIAN_POINT ( 'NONE',  ( 17.60000000000000500, 0.8000000000000003800, 16.19999999999999900 ) ) ;
#3052 = CARTESIAN_POINT ( 'NONE',  ( -17.68717948717949200, 0.8350000000000006300, -14.14401709401709400 ) ) ;
#3053 = EDGE_CURVE ( 'NONE', #6284, #7093, #3338, .T. ) ;
#3054 = DIRECTION ( 'NONE',  ( -0.0000000000000000000, -1.000000000000000000, -0.0000000000000000000 ) ) ;
#3055 = AXIS2_PLACEMENT_3D ( 'NONE', #5013, #587, #4469 ) ;
#3056 = VECTOR ( 'NONE', #3328, 1000.000000000000000 ) ;
#3057 = DIRECTION ( 'NONE',  ( -0.0000000000000000000, -1.000000000000000000, -0.0000000000000000000 ) ) ;
#3058 = DIRECTION ( 'NONE',  ( -0.0000000000000000000, -1.000000000000000000, -0.0000000000000000000 ) ) ;
#3059 = ORIENTED_EDGE ( 'NONE', *, *, #1377, .T. ) ;
#3060 = EDGE_CURVE ( 'NONE', #6323, #2955, #1983, .T. ) ;
#3061 = SURFACE_SIDE_STYLE ('',( #376 ) ) ;
#3062 = STYLED_ITEM ( 'NONE', ( #3582 ), #5469 ) ;
#3063 = FILL_AREA_STYLE_COLOUR ( '', #3774 ) ;
#3064 = CARTESIAN_POINT ( 'NONE',  ( 0.0000000000000000000, 0.0000000000000000000, 0.0000000000000000000 ) ) ;
#3065 = SURFACE_STYLE_FILL_AREA ( #6849 ) ;
#3066 = UNCERTAINTY_MEASURE_WITH_UNIT (LENGTH_MEASURE( 1.000000000000000100E-005 ), #4144, 'distance_accuracy_value', 'NONE');
#3067 = FILL_AREA_STYLE_COLOUR ( '', #5327 ) ;
#3068 = MECHANICAL_DESIGN_GEOMETRIC_PRESENTATION_REPRESENTATION (  '', ( #3543 ), #3438 ) ;
#3069 =( NAMED_UNIT ( * ) PLANE_ANGLE_UNIT ( ) SI_UNIT ( $, .RADIAN. ) );
#3070 = PRESENTATION_LAYER_ASSIGNMENT (  '', '', ( #352 ) ) ;
#3071 = DIRECTION ( 'NONE',  ( 0.7780425040628792300, 0.0000000000000000000, -0.6282116378033478800 ) ) ;
#3072 = DIRECTION ( 'NONE',  ( -1.000000000000000000, 0.0000000000000000000, 0.0000000000000000000 ) ) ;
#3073 = PLANE ( 'NONE',  #3874 ) ;
#3074 = VECTOR ( 'NONE', #6221, 1000.000000000000000 ) ;
#3075 = ORIENTED_EDGE ( 'NONE', *, *, #4452, .F. ) ;
#3076 = DIRECTION ( 'NONE',  ( 1.000000000000000000, 0.0000000000000000000, -0.0000000000000000000 ) ) ;
#3077 = DIRECTION ( 'NONE',  ( 0.0000000000000000000, -0.0000000000000000000, -1.000000000000000000 ) ) ;
#3078 = STYLED_ITEM ( 'NONE', ( #2181 ), #6532 ) ;
#3079 = ORIENTED_EDGE ( 'NONE', *, *, #4689, .T. ) ;
#3080 = STYLED_ITEM ( 'NONE', ( #3373 ), #1913 ) ;
#3081 = DIRECTION ( 'NONE',  ( 1.000000000000000000, 0.0000000000000000000, 0.0000000000000000000 ) ) ;
#3082 = CARTESIAN_POINT ( 'NONE',  ( -3.480278174149926200, 0.8653000000000004000, 17.73318271590345700 ) ) ;
#3083 = DIRECTION ( 'NONE',  ( -1.000000000000000000, 0.0000000000000000000, -0.0000000000000000000 ) ) ;
#3084 = FILL_AREA_STYLE_COLOUR ( '', #1212 ) ;
#3085 = PRESENTATION_STYLE_ASSIGNMENT (( #5374 ) ) ;
#3086 = ORIENTED_EDGE ( 'NONE', *, *, #1888, .F. ) ;
#3087 = EDGE_CURVE ( 'NONE', #615, #2697, #5685, .T. ) ;
#3088 =( NAMED_UNIT ( * ) SI_UNIT ( $, .STERADIAN. ) SOLID_ANGLE_UNIT ( ) );
#3089 = PRESENTATION_LAYER_ASSIGNMENT (  '', '', ( #2378 ) ) ;
#3090 = DIRECTION ( 'NONE',  ( -1.000000000000000000, 0.0000000000000000000, 1.084202172485503400E-015 ) ) ;
#3091 = EDGE_LOOP ( 'NONE', ( #4642 ) ) ;
#3092 = CARTESIAN_POINT ( 'NONE',  ( -17.14444444444444900, -9.134999999999999800, -14.65961538461538400 ) ) ;
#3093 = ADVANCED_FACE ( 'NONE', ( #1902 ), #5211, .T. ) ;
#3094 = EDGE_CURVE ( 'NONE', #1518, #5300, #4467, .T. ) ;
#3095 =( LENGTH_UNIT ( ) NAMED_UNIT ( * ) SI_UNIT ( .MILLI., .METRE. ) );
#3096 = ORIENTED_EDGE ( 'NONE', *, *, #2699, .F. ) ;
#3097 = PRESENTATION_LAYER_ASSIGNMENT (  '', '', ( #5618 ) ) ;
#3098 = ORIENTED_EDGE ( 'NONE', *, *, #4272, .T. ) ;
#3099 = CARTESIAN_POINT ( 'NONE',  ( -4.819497407893102500, 0.8653000000000004000, 18.03341534530790800 ) ) ;
#3100 = CARTESIAN_POINT ( 'NONE',  ( -4.050786439046619900, 0.8653000000000004000, 17.70431948479133400 ) ) ;
#3101 = CARTESIAN_POINT ( 'NONE',  ( -10.11630518186262900, 0.8650000000000003200, 18.17812954696020000 ) ) ;
#3102 = ORIENTED_EDGE ( 'NONE', *, *, #6748, .T. ) ;
#3103 = STYLED_ITEM ( 'NONE', ( #1771 ), #506 ) ;
#3104 = UNCERTAINTY_MEASURE_WITH_UNIT (LENGTH_MEASURE( 1.000000000000000100E-005 ), #3861, 'distance_accuracy_value', 'NONE');
#3105 = EDGE_LOOP ( 'NONE', ( #3343 ) ) ;
#3106 = ORIENTED_EDGE ( 'NONE', *, *, #2999, .T. ) ;
#3107 = ORIENTED_EDGE ( 'NONE', *, *, #6390, .T. ) ;
#3108 = CARTESIAN_POINT ( 'NONE',  ( -3.805246575660643100, 0.8653000000000004000, 17.70431948479133400 ) ) ;
#3109 = ORIENTED_EDGE ( 'NONE', *, *, #1069, .T. ) ;
#3110 = CARTESIAN_POINT ( 'NONE',  ( -10.69686617517050600, 0.8650000000000003200, 17.76253634326051400 ) ) ;
#3111 = DIRECTION ( 'NONE',  ( -0.0000000000000000000, -1.000000000000000000, -0.0000000000000000000 ) ) ;
#3112 = FACE_OUTER_BOUND ( 'NONE', #6819, .T. ) ;
#3113 = VECTOR ( 'NONE', #604, 1000.000000000000000 ) ;
#3114 = EDGE_LOOP ( 'NONE', ( #4764 ) ) ;
#3115 = AXIS2_PLACEMENT_3D ( 'NONE', #1394, #6270, #1904 ) ;
#3116 = DIRECTION ( 'NONE',  ( 0.0000000000000000000, 0.0000000000000000000, -1.000000000000000000 ) ) ;
#3117 = ORIENTED_EDGE ( 'NONE', *, *, #4637, .T. ) ;
#3118 = PRESENTATION_LAYER_ASSIGNMENT (  '', '', ( #5075 ) ) ;
#3119 = COLOUR_RGB ( '',0.0000000000000000000, 0.0000000000000000000, 1.000000000000000000 ) ;
#3120 = PLANE ( 'NONE',  #1511 ) ;
#3121 = ORIENTED_EDGE ( 'NONE', *, *, #2244, .F. ) ;
#3122 = ORIENTED_EDGE ( 'NONE', *, *, #3060, .F. ) ;
#3123 =( LENGTH_UNIT ( ) NAMED_UNIT ( * ) SI_UNIT ( .MILLI., .METRE. ) );
#3124 =( NAMED_UNIT ( * ) SI_UNIT ( $, .STERADIAN. ) SOLID_ANGLE_UNIT ( ) );
#3125 = CARTESIAN_POINT ( 'NONE',  ( -12.78295325769270400, 0.8650000000000003200, 18.18989930348602600 ) ) ;
#3126 = CARTESIAN_POINT ( 'NONE',  ( -17.14347183953326600, 0.8649999999999997700, -0.4731524988100234700 ) ) ;
#3127 = PRODUCT_RELATED_PRODUCT_CATEGORY ( 'part', '', ( #3207 ) ) ;
#3128 = ADVANCED_FACE ( 'NONE', ( #3935 ), #5668, .F. ) ;
#3129 = ORIENTED_EDGE ( 'NONE', *, *, #4413, .F. ) ;
#3130 = PRESENTATION_STYLE_ASSIGNMENT (( #1667 ) ) ;
#3131 = PRESENTATION_STYLE_ASSIGNMENT (( #1040 ) ) ;
#3132 = EDGE_CURVE ( 'NONE', #3750, #752, #5173, .T. ) ;
#3133 = STYLED_ITEM ( 'NONE', ( #2490 ), #3037 ) ;
#3134 = ADVANCED_FACE ( 'NONE', ( #3765 ), #1454, .F. ) ;
#3135 = COLOUR_RGB ( '',0.0000000000000000000, 0.0000000000000000000, 1.000000000000000000 ) ;
#3136 = ADVANCED_FACE ( 'NONE', ( #1370 ), #6934, .F. ) ;
#3137 = FILL_AREA_STYLE ('',( #3067 ) ) ;
#3138 = CARTESIAN_POINT ( 'NONE',  ( -4.440561772358937500, 0.8653000000000004000, 18.19891092970823700 ) ) ;
#3139 = VERTEX_POINT ( 'NONE', #3082 ) ;
#3140 = SURFACE_STYLE_USAGE ( .BOTH. , #4320 ) ;
#3141 = EDGE_CURVE ( 'NONE', #1571, #6306, #3681, .T. ) ;
#3142 = AXIS2_PLACEMENT_3D ( 'NONE', #2395, #4000, #671 ) ;
#3143 = AXIS2_PLACEMENT_3D ( 'NONE', #4925, #2773, #1124 ) ;
#3144 = CARTESIAN_POINT ( 'NONE',  ( -4.440561772358937500, 0.8653000000000004000, 17.95608755419133500 ) ) ;
#3145 = ORIENTED_EDGE ( 'NONE', *, *, #4369, .T. ) ;
#3146 = COLOUR_RGB ( '',0.0000000000000000000, 0.0000000000000000000, 1.000000000000000000 ) ;
#3147 = FILL_AREA_STYLE_COLOUR ( '', #1255 ) ;
#3148 = COLOUR_RGB ( '',1.000000000000000000, 1.000000000000000000, 1.000000000000000000 ) ;
#3149 =( NAMED_UNIT ( * ) PLANE_ANGLE_UNIT ( ) SI_UNIT ( $, .RADIAN. ) );
#3150 = COLOUR_RGB ( '',1.000000000000000000, 1.000000000000000000, 1.000000000000000000 ) ;
#3151 = LINE ( 'NONE', #2855, #5163 ) ;
#3152 = STYLED_ITEM ( 'NONE', ( #3488 ), #328 ) ;
#3153 = STYLED_ITEM ( 'NONE', ( #1089 ), #5370 ) ;
#3154 = SURFACE_STYLE_USAGE ( .BOTH. , #964 ) ;
#3155 = CARTESIAN_POINT ( 'NONE',  ( -10.40100737467328800, 0.8653000000000004000, 18.34262767591853600 ) ) ;
#3156 = DIRECTION ( 'NONE',  ( 0.0000000000000000000, 0.0000000000000000000, 1.000000000000000000 ) ) ;
#3157 = DIRECTION ( 'NONE',  ( 1.000000000000000000, 0.0000000000000000000, 0.0000000000000000000 ) ) ;
#3158 = CARTESIAN_POINT ( 'NONE',  ( -8.640109053327426700, 0.8653000000000004000, 18.04041749469235300 ) ) ;
#3159 = STYLED_ITEM ( 'NONE', ( #5128 ), #1441 ) ;
#3160 = CARTESIAN_POINT ( 'NONE',  ( -11.46278474984815800, 0.8653000000000004000, 17.44375161069383000 ) ) ;
#3161 =( NAMED_UNIT ( * ) PLANE_ANGLE_UNIT ( ) SI_UNIT ( $, .RADIAN. ) );
#3162 = ADVANCED_FACE ( 'NONE', ( #2655 ), #1404, .F. ) ;
#3163 = CARTESIAN_POINT ( 'NONE',  ( -3.805246575660642600, 0.8653000000000004000, 17.95608755419133500 ) ) ;
#3164 = ORIENTED_EDGE ( 'NONE', *, *, #5614, .F. ) ;
#3165 = ADVANCED_FACE ( 'NONE', ( #4209 ), #4210, .T. ) ;
#3166 = ADVANCED_FACE ( 'NONE', ( #6596 ), #5949, .F. ) ;
#3167 = CARTESIAN_POINT ( 'NONE',  ( -4.509297700310660200, 0.8653000000000004000, 18.03834697636674300 ) ) ;
#3168 = COLOUR_RGB ( '',0.0000000000000000000, 0.0000000000000000000, 1.000000000000000000 ) ;
#3169 = MECHANICAL_DESIGN_GEOMETRIC_PRESENTATION_REPRESENTATION (  '', ( #956 ), #5787 ) ;
#3170 = EDGE_CURVE ( 'NONE', #5968, #123, #6030, .T. ) ;
#3171 = DIRECTION ( 'NONE',  ( -0.6120073268604974100, -0.0000000000000000000, -0.7908520922834233500 ) ) ;
#3172 = STYLED_ITEM ( 'NONE', ( #3531 ), #2576 ) ;
#3173 = CARTESIAN_POINT ( 'NONE',  ( -4.781093952204545700, 0.8650000000000003200, 18.03834697636674300 ) ) ;
#3174 = EDGE_LOOP ( 'NONE', ( #4490, #6903, #6642, #1039 ) ) ;
#3175 = DIRECTION ( 'NONE',  ( -1.084202172485503400E-015, 0.0000000000000000000, -1.000000000000000000 ) ) ;
#3176 = SURFACE_SIDE_STYLE ('',( #3393 ) ) ;
#3177 = ORIENTED_EDGE ( 'NONE', *, *, #1316, .F. ) ;
#3178 = CARTESIAN_POINT ( 'NONE',  ( -8.859375071189683500, 0.8650000000000003200, 17.57000169561520400 ) ) ;
#3179 = COLOUR_RGB ( '',1.000000000000000000, 1.000000000000000000, 1.000000000000000000 ) ;
#3180 = EDGE_LOOP ( 'NONE', ( #3408, #6417, #6405, #5822 ) ) ;
#3181 = EDGE_CURVE ( 'NONE', #6038, #6068, #5165, .T. ) ;
#3182 = FILL_AREA_STYLE_COLOUR ( '', #574 ) ;
#3183 = DIRECTION ( 'NONE',  ( 0.0000000000000000000, 0.0000000000000000000, -1.000000000000000000 ) ) ;
#3184 = ADVANCED_FACE ( 'NONE', ( #4561 ), #3791, .T. ) ;
#3185 = CARTESIAN_POINT ( 'NONE',  ( 17.60000000000000500, 0.8350000000000000800, 16.19999999999999900 ) ) ;
#3186 = DIRECTION ( 'NONE',  ( 0.0000000000000000000, -0.0000000000000000000, -1.000000000000000000 ) ) ;
#3187 = EDGE_LOOP ( 'NONE', ( #122, #4873, #4838, #4034 ) ) ;
#3188 = CARTESIAN_POINT ( 'NONE',  ( -3.261890097925141100, 0.8653000000000004000, 17.95608755419133500 ) ) ;
#3189 = EDGE_CURVE ( 'NONE', #4674, #1137, #6860, .T. ) ;
#3190 = COLOUR_RGB ( '',0.0000000000000000000, 0.0000000000000000000, 1.000000000000000000 ) ;
#3191 = FILL_AREA_STYLE_COLOUR ( '', #5324 ) ;
#3192 =( GEOMETRIC_REPRESENTATION_CONTEXT ( 3 ) GLOBAL_UNCERTAINTY_ASSIGNED_CONTEXT ( ( #4011 ) ) GLOBAL_UNIT_ASSIGNED_CONTEXT ( ( #3955, #1400, #5871 ) ) REPRESENTATION_CONTEXT ( 'NONE', 'WORKASPACE' ) );
#3193 = ORIENTED_EDGE ( 'NONE', *, *, #2778, .T. ) ;
#3194 = VERTEX_POINT ( 'NONE', #1597 ) ;
#3195 = EDGE_LOOP ( 'NONE', ( #3379, #4663, #1650, #4135 ) ) ;
#3196 =( NAMED_UNIT ( * ) SI_UNIT ( $, .STERADIAN. ) SOLID_ANGLE_UNIT ( ) );
#3197 = ORIENTED_EDGE ( 'NONE', *, *, #3845, .T. ) ;
#3198 = DIRECTION ( 'NONE',  ( 9.130123557772670800E-017, 0.0000000000000000000, 1.000000000000000000 ) ) ;
#3199 = CARTESIAN_POINT ( 'NONE',  ( -4.470683887718040600, 0.8650000000000003200, 18.03574952503683800 ) ) ;
#3200 = UNCERTAINTY_MEASURE_WITH_UNIT (LENGTH_MEASURE( 1.000000000000000100E-005 ), #941, 'distance_accuracy_value', 'NONE');
#3201 = PLANE ( 'NONE',  #558 ) ;
#3202 = ORIENTED_EDGE ( 'NONE', *, *, #322, .T. ) ;
#3203 = ORIENTED_EDGE ( 'NONE', *, *, #4486, .F. ) ;
#3204 = AXIS2_PLACEMENT_3D ( 'NONE', #1164, #1113, #5544 ) ;
#3205 = AXIS2_PLACEMENT_3D ( 'NONE', #3528, #5742, #219 ) ;
#3206 = ADVANCED_FACE ( 'NONE', ( #1547 ), #5919, .F. ) ;
#3207 = PRODUCT ( 'CXM-32-AC40_DF_121918', 'CXM-32-AC40_DF_121918', '', ( #3979 ) ) ;
#3208 = PRESENTATION_STYLE_ASSIGNMENT (( #2236 ) ) ;
#3209 = SURFACE_STYLE_USAGE ( .BOTH. , #5956 ) ;
#3210 = CARTESIAN_POINT ( 'NONE',  ( -11.71898397452163600, 0.8653000000000004000, 18.10705928947618700 ) ) ;
#3211 = ORIENTED_EDGE ( 'NONE', *, *, #3883, .F. ) ;
#3212 = COLOUR_RGB ( '',1.000000000000000000, 0.8078431372549019800, 0.4980392156862745200 ) ;
#3213 =( NAMED_UNIT ( * ) PLANE_ANGLE_UNIT ( ) SI_UNIT ( $, .RADIAN. ) );
#3214 = CARTESIAN_POINT ( 'NONE',  ( -4.846377213621117600, 0.8653000000000004000, 18.19891092970823700 ) ) ;
#3215 = FACE_OUTER_BOUND ( 'NONE', #4792, .T. ) ;
#3216 = DIRECTION ( 'NONE',  ( 0.0000000000000000000, 1.000000000000000000, -0.0000000000000000000 ) ) ;
#3217 = AXIS2_PLACEMENT_3D ( 'NONE', #5278, #6899, #3116 ) ;
#3218 = CARTESIAN_POINT ( 'NONE',  ( -12.18346340461477300, 0.8653000000000004000, 17.87551710783972700 ) ) ;
#3219 = FILL_AREA_STYLE ('',( #5424 ) ) ;
#3220 = CARTESIAN_POINT ( 'NONE',  ( -10.11630518186262900, 0.8650000000000003200, 18.17812954696020000 ) ) ;
#3221 = PRESENTATION_STYLE_ASSIGNMENT (( #6619 ) ) ;
#3222 = VECTOR ( 'NONE', #1301, 1000.000000000000000 ) ;
#3223 = FACE_OUTER_BOUND ( 'NONE', #5313, .T. ) ;
#3224 = SURFACE_STYLE_USAGE ( .BOTH. , #1565 ) ;
#3225 = FILL_AREA_STYLE_COLOUR ( '', #627 ) ;
#3226 = DIRECTION ( 'NONE',  ( 0.0000000000000000000, 0.0000000000000000000, -1.000000000000000000 ) ) ;
#3227 = EDGE_CURVE ( 'NONE', #6728, #3498, #4204, .T. ) ;
#3228 = PRESENTATION_LAYER_ASSIGNMENT (  '', '', ( #2504 ) ) ;
#3229 = VECTOR ( 'NONE', #4214, 1000.000000000000000 ) ;
#3230 = VERTEX_POINT ( 'NONE', #5973 ) ;
#3231 = CARTESIAN_POINT ( 'NONE',  ( -12.06410172443422400, 0.8653000000000004000, 17.69758785171620000 ) ) ;
#3232 = DIRECTION ( 'NONE',  ( -1.000000000000000000, -0.0000000000000000000, -0.0000000000000000000 ) ) ;
#3233 = DIRECTION ( 'NONE',  ( -1.000000000000000000, 0.0000000000000000000, 0.0000000000000000000 ) ) ;
#3234 = FACE_OUTER_BOUND ( 'NONE', #7124, .T. ) ;
#3235 = SURFACE_STYLE_FILL_AREA ( #2760 ) ;
#3236 = ORIENTED_EDGE ( 'NONE', *, *, #2658, .T. ) ;
#3237 = PLANE ( 'NONE',  #2316 ) ;
#3238 = EDGE_CURVE ( 'NONE', #1337, #5684, #2318, .T. ) ;
#3239 = ADVANCED_FACE ( 'NONE', ( #5773 ), #3842, .T. ) ;
#3240 = MECHANICAL_DESIGN_GEOMETRIC_PRESENTATION_REPRESENTATION (  '', ( #3619 ), #5396 ) ;
#3241 = AXIS2_PLACEMENT_3D ( 'NONE', #898, #3658, #4827 ) ;
#3242 = CARTESIAN_POINT ( 'NONE',  ( -3.261014446045409800, 0.8650000000000003200, 17.79613455919440300 ) ) ;
#3243 = LINE ( 'NONE', #645, #1376 ) ;
#3244 = UNCERTAINTY_MEASURE_WITH_UNIT (LENGTH_MEASURE( 1.000000000000000100E-005 ), #5648, 'distance_accuracy_value', 'NONE');
#3245 = SURFACE_STYLE_USAGE ( .BOTH. , #4303 ) ;
#3246 = VECTOR ( 'NONE', #559, 1000.000000000000000 ) ;
#3247 = B_SPLINE_CURVE_WITH_KNOTS ( 'NONE', 3,
 ( #4560, #2910, #4477, #124 ),
 .UNSPECIFIED., .F., .F.,
 ( 4, 4 ),
 ( 0.0000000000000000000, 1.000000000000000000 ),
 .UNSPECIFIED. ) ;
#3248 = MECHANICAL_DESIGN_GEOMETRIC_PRESENTATION_REPRESENTATION (  '', ( #3152 ), #3901 ) ;
#3249 = CARTESIAN_POINT ( 'NONE',  ( -7.345058767467194500, 0.8650000000000003200, 17.97378617922964500 ) ) ;
#3250 = STYLED_ITEM ( 'NONE', ( #6667 ), #5843 ) ;
#3251 = CARTESIAN_POINT ( 'NONE',  ( -12.20072210546603800, 0.8650000000000003200, 17.87551710783972700 ) ) ;
#3252 = DIRECTION ( 'NONE',  ( -0.0000000000000000000, -1.000000000000000000, -0.0000000000000000000 ) ) ;
#3253 = PRESENTATION_STYLE_ASSIGNMENT (( #6179 ) ) ;
#3254 = DIRECTION ( 'NONE',  ( 0.0000000000000000000, 0.0000000000000000000, 1.000000000000000000 ) ) ;
#3255 = ORIENTED_EDGE ( 'NONE', *, *, #5139, .T. ) ;
#3256 = VECTOR ( 'NONE', #177, 1000.000000000000000 ) ;
#3257 = CARTESIAN_POINT ( 'NONE',  ( -7.126512366852235700, 0.8650000000000003200, 17.57000169561520400 ) ) ;
#3258 = CARTESIAN_POINT ( 'NONE',  ( -8.261725682775729500, 0.8650000000000003200, 17.57000169561520400 ) ) ;
#3259 = CARTESIAN_POINT ( 'NONE',  ( -8.859375071189683500, 0.8653000000000004000, 17.57000169561520400 ) ) ;
#3260 = AXIS2_PLACEMENT_3D ( 'NONE', #2254, #6709, #1751 ) ;
#3261 = EDGE_LOOP ( 'NONE', ( #4505, #1345, #1060, #6782 ) ) ;
#3262 = DIRECTION ( 'NONE',  ( -0.0000000000000000000, -1.000000000000000000, -0.0000000000000000000 ) ) ;
#3263 = COLOUR_RGB ( '',1.000000000000000000, 1.000000000000000000, 1.000000000000000000 ) ;
#3264 = PRESENTATION_STYLE_ASSIGNMENT (( #3224 ) ) ;
#3265 = CARTESIAN_POINT ( 'NONE',  ( -10.85635636153174500, 0.8650000000000003200, 18.44626050294931100 ) ) ;
#3266 = FILL_AREA_STYLE ('',( #1152 ) ) ;
#3267 = ORIENTED_EDGE ( 'NONE', *, *, #5495, .F. ) ;
#3268 = SURFACE_STYLE_FILL_AREA ( #5680 ) ;
#3269 = SURFACE_STYLE_USAGE ( .BOTH. , #4990 ) ;
#3270 = EDGE_CURVE ( 'NONE', #4751, #2173, #6181, .T. ) ;
#3271 =( GEOMETRIC_REPRESENTATION_CONTEXT ( 3 ) GLOBAL_UNCERTAINTY_ASSIGNED_CONTEXT ( ( #2905 ) ) GLOBAL_UNIT_ASSIGNED_CONTEXT ( ( #1937, #2482, #4231 ) ) REPRESENTATION_CONTEXT ( 'NONE', 'WORKASPACE' ) );
#3272 = PRESENTATION_STYLE_ASSIGNMENT (( #2634 ) ) ;
#3273 = EDGE_LOOP ( 'NONE', ( #4224, #4255, #3999, #4865 ) ) ;
#3274 = SURFACE_SIDE_STYLE ('',( #5849 ) ) ;
#3275 = ORIENTED_EDGE ( 'NONE', *, *, #1690, .T. ) ;
#3276 = CARTESIAN_POINT ( 'NONE',  ( 17.60000000000000500, 0.8350000000000000800, 17.40000000000000200 ) ) ;
#3277 = DIRECTION ( 'NONE',  ( 0.0000000000000000000, 0.0000000000000000000, -1.000000000000000000 ) ) ;
#3278 = ORIENTED_EDGE ( 'NONE', *, *, #5937, .F. ) ;
#3279 = EDGE_CURVE ( 'NONE', #2197, #6638, #3495, .T. ) ;
#3280 = EDGE_LOOP ( 'NONE', ( #5909, #1299, #1671, #87, #4699, #3461, #3010, #950 ) ) ;
#3281 = FILL_AREA_STYLE_COLOUR ( '', #5266 ) ;
#3282 =( GEOMETRIC_REPRESENTATION_CONTEXT ( 3 ) GLOBAL_UNCERTAINTY_ASSIGNED_CONTEXT ( ( #4419 ) ) GLOBAL_UNIT_ASSIGNED_CONTEXT ( ( #4988, #3837, #35 ) ) REPRESENTATION_CONTEXT ( 'NONE', 'WORKASPACE' ) );
#3283 = CARTESIAN_POINT ( 'NONE',  ( -17.60000000000000100, 0.8350000000000000800, 0.0000000000000000000 ) ) ;
#3284 = EDGE_LOOP ( 'NONE', ( #2594, #7141, #5390, #4664 ) ) ;
#3285 = VERTEX_POINT ( 'NONE', #2738 ) ;
#3286 = VERTEX_POINT ( 'NONE', #7146 ) ;
#3287 = ORIENTED_EDGE ( 'NONE', *, *, #4999, .F. ) ;
#3288 = LINE ( 'NONE', #1367, #450 ) ;
#3289 = EDGE_CURVE ( 'NONE', #3798, #4052, #2656, .T. ) ;
#3290 = CARTESIAN_POINT ( 'NONE',  ( -9.013750247222809300, 0.8653000000000004000, 18.03834697636674300 ) ) ;
#3291 = UNCERTAINTY_MEASURE_WITH_UNIT (LENGTH_MEASURE( 1.000000000000000100E-005 ), #1175, 'distance_accuracy_value', 'NONE');
#3292 = VECTOR ( 'NONE', #3005, 1000.000000000000000 ) ;
#3293 = DIRECTION ( 'NONE',  ( -1.000000000000000000, 0.0000000000000000000, -0.0000000000000000000 ) ) ;
#3294 = ORIENTED_EDGE ( 'NONE', *, *, #6111, .T. ) ;
#3295 = ORIENTED_EDGE ( 'NONE', *, *, #3478, .F. ) ;
#3296 = VECTOR ( 'NONE', #5962, 1000.000000000000000 ) ;
#3297 = DIRECTION ( 'NONE',  ( -1.000000000000000000, -0.0000000000000000000, -0.0000000000000000000 ) ) ;
#3298 = CARTESIAN_POINT ( 'NONE',  ( 16.00000000000000000, 0.6999999999999999600, -16.00000000000000000 ) ) ;
#3299 = ADVANCED_FACE ( 'NONE', ( #1802 ), #592, .T. ) ;
#3300 = VECTOR ( 'NONE', #4554, 1000.000000000000000 ) ;
#3301 = CARTESIAN_POINT ( 'NONE',  ( -17.49999999999999600, 0.8350000000000006300, 9.500000000000000000 ) ) ;
#3302 = ORIENTED_EDGE ( 'NONE', *, *, #4383, .F. ) ;
#3303 =( GEOMETRIC_REPRESENTATION_CONTEXT ( 3 ) GLOBAL_UNCERTAINTY_ASSIGNED_CONTEXT ( ( #3611 ) ) GLOBAL_UNIT_ASSIGNED_CONTEXT ( ( #7063, #3161, #980 ) ) REPRESENTATION_CONTEXT ( 'NONE', 'WORKASPACE' ) );
#3304 = MECHANICAL_DESIGN_GEOMETRIC_PRESENTATION_REPRESENTATION (  '', ( #3588 ), #4808 ) ;
#3305 = LINE ( 'NONE', #4245, #5918 ) ;
#3306 =( NAMED_UNIT ( * ) SI_UNIT ( $, .STERADIAN. ) SOLID_ANGLE_UNIT ( ) );
#3307 =( LENGTH_UNIT ( ) NAMED_UNIT ( * ) SI_UNIT ( .MILLI., .METRE. ) );
#3308 = SURFACE_STYLE_FILL_AREA ( #4527 ) ;
#3309 = CARTESIAN_POINT ( 'NONE',  ( -17.68717948717949200, -9.134999999999999800, -14.14401709401709400 ) ) ;
#3310 = ORIENTED_EDGE ( 'NONE', *, *, #3227, .T. ) ;
#3311 = PRESENTATION_STYLE_ASSIGNMENT (( #3269 ) ) ;
#3312 = ADVANCED_FACE ( 'NONE', ( #5683 ), #6005, .F. ) ;
#3313 = SURFACE_STYLE_USAGE ( .BOTH. , #5583 ) ;
#3314 = VECTOR ( 'NONE', #4314, 1000.000000000000000 ) ;
#3315 = EDGE_CURVE ( 'NONE', #6983, #2018, #6267, .T. ) ;
#3316 = PRESENTATION_LAYER_ASSIGNMENT (  '', '', ( #1198 ) ) ;
#3317 = CARTESIAN_POINT ( 'NONE',  ( -4.846377213621117600, 0.8653000000000004000, 17.57000169561520400 ) ) ;
#3318 = CARTESIAN_POINT ( 'NONE',  ( -3.845161075207352000, 0.8650000000000003200, 18.19891092970823700 ) ) ;
#3319 = LINE ( 'NONE', #1664, #5834 ) ;
#3320 = CARTESIAN_POINT ( 'NONE',  ( 17.60000000000000500, 0.8650000000000003200, 17.40000000000000200 ) ) ;
#3321 = VERTEX_POINT ( 'NONE', #5506 ) ;
#3322 = CARTESIAN_POINT ( 'NONE',  ( -3.805246575660643100, 0.8653000000000004000, 18.06816015398052100 ) ) ;
#3323 = EDGE_CURVE ( 'NONE', #961, #622, #730, .T. ) ;
#3324 =( GEOMETRIC_REPRESENTATION_CONTEXT ( 3 ) GLOBAL_UNCERTAINTY_ASSIGNED_CONTEXT ( ( #243 ) ) GLOBAL_UNIT_ASSIGNED_CONTEXT ( ( #5407, #4329, #1011 ) ) REPRESENTATION_CONTEXT ( 'NONE', 'WORKASPACE' ) );
#3325 = PRESENTATION_STYLE_ASSIGNMENT (( #2925 ) ) ;
#3326 = PRESENTATION_STYLE_ASSIGNMENT (( #153 ) ) ;
#3327 = B_SPLINE_SURFACE_WITH_KNOTS ( 'NONE', 2, 1, ( 
 ( #6054, #6036 ),
 ( #4396, #2835 ),
 ( #539, #5078 ) ),
 .UNSPECIFIED., .F., .F., .F.,
 ( 3, 3 ),
 ( 2, 2 ),
 ( 0.0000000000000000000, 1.000000000000000000 ),
 ( 0.0000000000000000000, 1.000000000000000000 ),
 .UNSPECIFIED. ) ;
#3328 = DIRECTION ( 'NONE',  ( -1.000000000000000000, -0.0000000000000000000, -0.0000000000000000000 ) ) ;
#3329 = CARTESIAN_POINT ( 'NONE',  ( -5.042400408945069600, 0.8650000000000003200, 18.11744349335409900 ) ) ;
#3330 = DIRECTION ( 'NONE',  ( -0.0000000000000000000, -1.000000000000000000, -0.0000000000000000000 ) ) ;
#3331 = EDGE_CURVE ( 'NONE', #2817, #1120, #4033, .T. ) ;
#3332 =( BOUNDED_SURFACE ( )  B_SPLINE_SURFACE ( 3, 3, ( 
 ( #6204, #1429, #1912, #271, #1965, #787, #3532 ),
 ( #5286, #759, #6300, #6865, #4096, #5771, #2998 ),
 ( #4138, #2980, #3017, #6846, #1987, #3599, #305 ),
 ( #1355, #5215, #3555, #1455, #4677, #2007, #246 ) ),
 .UNSPECIFIED., .F., .T., .F. ) 
 B_SPLINE_SURFACE_WITH_KNOTS ( ( 4, 4 ),
 ( 4, 3, 4 ),
 ( 0.0000000000000000000, 1.000000000000000000 ),
 ( 0.0000000000000000000, 0.5000000000000000000, 1.000000000000000000 ),
 .UNSPECIFIED. ) 
 GEOMETRIC_REPRESENTATION_ITEM ( )  RATIONAL_B_SPLINE_SURFACE ( (
 ( 1.000000000000000000, 0.3333333333333333100, 0.3333333333333333100, 1.000000000000000000, 0.3333333333333333100, 0.3333333333333333100, 1.000000000000000000),
 ( 0.9996291140226466500, 0.3332097046742155100, 0.3332097046742155100, 0.9996291140226466500, 0.3332097046742155100, 0.3332097046742155100, 0.9996291140226466500),
 ( 0.9996291140226466500, 0.3332097046742155100, 0.3332097046742155100, 0.9996291140226466500, 0.3332097046742155100, 0.3332097046742155100, 0.9996291140226466500),
 ( 1.000000000000000000, 0.3333333333333333100, 0.3333333333333333100, 1.000000000000000000, 0.3333333333333333100, 0.3333333333333333100, 1.000000000000000000) ) ) 
 REPRESENTATION_ITEM ( '' )  SURFACE ( )  );
#3333 = PRESENTATION_LAYER_ASSIGNMENT (  '', '', ( #6652 ) ) ;
#3334 = CARTESIAN_POINT ( 'NONE',  ( -4.030423299661500800, 0.8650000000000003200, 17.60686365436351200 ) ) ;
#3335 = VECTOR ( 'NONE', #6051, 1000.000000000000000 ) ;
#3336 =( NAMED_UNIT ( * ) SI_UNIT ( $, .STERADIAN. ) SOLID_ANGLE_UNIT ( ) );
#3337 = PLANE ( 'NONE',  #2205 ) ;
#3338 = B_SPLINE_CURVE_WITH_KNOTS ( 'NONE', 2,
 ( #5130, #5186, #1891 ),
 .UNSPECIFIED., .F., .F.,
 ( 3, 3 ),
 ( 0.0000000000000000000, 1.000000000000000000 ),
 .UNSPECIFIED. ) ;
#3339 = CARTESIAN_POINT ( 'NONE',  ( -4.050149335412047700, 0.8653000000000004000, 18.16188210077593400 ) ) ;
#3340 = PRESENTATION_STYLE_ASSIGNMENT (( #4551 ) ) ;
#3341 = AXIS2_PLACEMENT_3D ( 'NONE', #3589, #538, #3484 ) ;
#3342 = CARTESIAN_POINT ( 'NONE',  ( -7.273932997101369800, 0.8653000000000004000, 18.19891092970823700 ) ) ;
#3343 = ORIENTED_EDGE ( 'NONE', *, *, #6472, .F. ) ;
#3344 = CARTESIAN_POINT ( 'NONE',  ( -3.805246575660642600, 0.8653000000000004000, 17.95608755419133500 ) ) ;
#3345 = VECTOR ( 'NONE', #2198, 1000.000000000000000 ) ;
#3346 = CARTESIAN_POINT ( 'NONE',  ( -3.533706688394836300, 0.8650000000000003200, 17.70431948479133400 ) ) ;
#3347 =( NAMED_UNIT ( * ) PLANE_ANGLE_UNIT ( ) SI_UNIT ( $, .RADIAN. ) );
#3348 = VERTEX_POINT ( 'NONE', #4010 ) ;
#3349 = PLANE ( 'NONE',  #2037 ) ;
#3350 = CARTESIAN_POINT ( 'NONE',  ( -3.321176891941437500, 0.8650000000000003200, 17.57571561188368000 ) ) ;
#3351 = SURFACE_SIDE_STYLE ('',( #5588 ) ) ;
#3352 = DIRECTION ( 'NONE',  ( 0.0000000000000000000, 0.0000000000000000000, 1.000000000000000000 ) ) ;
#3353 =( GEOMETRIC_REPRESENTATION_CONTEXT ( 3 ) GLOBAL_UNCERTAINTY_ASSIGNED_CONTEXT ( ( #4456 ) ) GLOBAL_UNIT_ASSIGNED_CONTEXT ( ( #2541, #2020, #5798 ) ) REPRESENTATION_CONTEXT ( 'NONE', 'WORKASPACE' ) );
#3354 = ORIENTED_EDGE ( 'NONE', *, *, #3575, .T. ) ;
#3355 = FILL_AREA_STYLE_COLOUR ( '', #6974 ) ;
#3356 = B_SPLINE_SURFACE_WITH_KNOTS ( 'NONE', 3, 1, ( 
 ( #118, #578 ),
 ( #2262, #5599 ),
 ( #6646, #3350 ),
 ( #1790, #1247 ) ),
 .UNSPECIFIED., .F., .F., .F.,
 ( 4, 4 ),
 ( 2, 2 ),
 ( 0.0000000000000000000, 1.000000000000000000 ),
 ( 0.0000000000000000000, 1.000000000000000000 ),
 .UNSPECIFIED. ) ;
#3357 =( NAMED_UNIT ( * ) SI_UNIT ( $, .STERADIAN. ) SOLID_ANGLE_UNIT ( ) );
#3358 = FILL_AREA_STYLE_COLOUR ( '', #5410 ) ;
#3359 = ORIENTED_EDGE ( 'NONE', *, *, #2200, .T. ) ;
#3360 = SURFACE_STYLE_USAGE ( .BOTH. , #6660 ) ;
#3361 = ORIENTED_EDGE ( 'NONE', *, *, #473, .F. ) ;
#3362 = EDGE_CURVE ( 'NONE', #2568, #1470, #1364, .T. ) ;
#3363 = COLOUR_RGB ( '',1.000000000000000000, 1.000000000000000000, 1.000000000000000000 ) ;
#3364 =( GEOMETRIC_REPRESENTATION_CONTEXT ( 3 ) GLOBAL_UNCERTAINTY_ASSIGNED_CONTEXT ( ( #4192 ) ) GLOBAL_UNIT_ASSIGNED_CONTEXT ( ( #886, #4768, #1474 ) ) REPRESENTATION_CONTEXT ( 'NONE', 'WORKASPACE' ) );
#3365 = FILL_AREA_STYLE_COLOUR ( '', #3724 ) ;
#3367 = EDGE_LOOP ( 'NONE', ( #272, #2949, #491, #5334 ) ) ;
#3366 = SURFACE_STYLE_USAGE ( .BOTH. , #137 ) ;
#3368 = CARTESIAN_POINT ( 'NONE',  ( -15.99999999999998600, 0.0000000000000000000, 13.99999999999999600 ) ) ;
#3369 = ADVANCED_FACE ( 'NONE', ( #5768 ), #3652, .F. ) ;
#3370 = ORIENTED_EDGE ( 'NONE', *, *, #3289, .T. ) ;
#3371 = ORIENTED_EDGE ( 'NONE', *, *, #5482, .F. ) ;
#3372 = CARTESIAN_POINT ( 'NONE',  ( -14.60000000000000100, 0.8650000000000003200, -16.00000000000000000 ) ) ;
#3373 = PRESENTATION_STYLE_ASSIGNMENT (( #5561 ) ) ;
#3374 = UNCERTAINTY_MEASURE_WITH_UNIT (LENGTH_MEASURE( 1.000000000000000100E-005 ), #4282, 'distance_accuracy_value', 'NONE');
#3375 = EDGE_CURVE ( 'NONE', #5684, #5984, #909, .T. ) ;
#3376 = DIRECTION ( 'NONE',  ( -0.0000000000000000000, -1.000000000000000000, -0.0000000000000000000 ) ) ;
#3377 =( GEOMETRIC_REPRESENTATION_CONTEXT ( 3 ) GLOBAL_UNCERTAINTY_ASSIGNED_CONTEXT ( ( #808 ) ) GLOBAL_UNIT_ASSIGNED_CONTEXT ( ( #5225, #2533, #6378 ) ) REPRESENTATION_CONTEXT ( 'NONE', 'WORKASPACE' ) );
#3378 = CARTESIAN_POINT ( 'NONE',  ( -4.846377213621117600, 0.8650000000000003200, 17.57000169561520400 ) ) ;
#3379 = ORIENTED_EDGE ( 'NONE', *, *, #644, .T. ) ;
#3380 = STYLED_ITEM ( 'NONE', ( #2620 ), #4108 ) ;
#3381 = DIRECTION ( 'NONE',  ( 0.0000000000000000000, -0.0000000000000000000, 1.000000000000000000 ) ) ;
#3382 = SURFACE_STYLE_USAGE ( .BOTH. , #5054 ) ;
#3383 = ORIENTED_EDGE ( 'NONE', *, *, #3375, .F. ) ;
#3384 = VECTOR ( 'NONE', #4616, 1000.000000000000000 ) ;
#3385 = LINE ( 'NONE', #4428, #454 ) ;
#3386 = CARTESIAN_POINT ( 'NONE',  ( -4.470683887718040600, 0.8653000000000004000, 18.03574952503683800 ) ) ;
#3387 = FACE_OUTER_BOUND ( 'NONE', #5117, .T. ) ;
#3388 = ORIENTED_EDGE ( 'NONE', *, *, #4991, .F. ) ;
#3389 =( LENGTH_UNIT ( ) NAMED_UNIT ( * ) SI_UNIT ( .MILLI., .METRE. ) );
#3390 = PRESENTATION_LAYER_ASSIGNMENT (  '', '', ( #3152 ) ) ;
#3391 = LINE ( 'NONE', #6381, #5826 ) ;
#3392 = CARTESIAN_POINT ( 'NONE',  ( -11.92114574629587800, 0.8653000000000004000, 17.48763703040783600 ) ) ;
#3393 = SURFACE_STYLE_FILL_AREA ( #5950 ) ;
#3394 = DIRECTION ( 'NONE',  ( 1.000000000000000000, 0.0000000000000000000, 0.0000000000000000000 ) ) ;
#3395 = FACE_BOUND ( 'NONE', #3547, .T. ) ;
#3396 = DIRECTION ( 'NONE',  ( 1.000000000000000000, 0.0000000000000000000, 0.0000000000000000000 ) ) ;
#3397 = CARTESIAN_POINT ( 'NONE',  ( -17.14444444444444900, 0.8350000000000000800, 0.0000000000000000000 ) ) ;
#3398 =( NAMED_UNIT ( * ) PLANE_ANGLE_UNIT ( ) SI_UNIT ( $, .RADIAN. ) );
#3399 = COLOUR_RGB ( '',0.0000000000000000000, 0.0000000000000000000, 1.000000000000000000 ) ;
#3400 = LINE ( 'NONE', #4042, #5049 ) ;
#3401 = PRESENTATION_LAYER_ASSIGNMENT (  '', '', ( #5866 ) ) ;
#3402 = CIRCLE ( 'NONE', #1607, 0.1999999999999987900 ) ;
#3403 = MECHANICAL_DESIGN_GEOMETRIC_PRESENTATION_REPRESENTATION (  '', ( #1712 ), #2811 ) ;
#3404 = B_SPLINE_SURFACE_WITH_KNOTS ( 'NONE', 3, 1, ( 
 ( #1199, #1800 ),
 ( #4003, #652 ),
 ( #5681, #6168 ),
 ( #3431, #130 ) ),
 .UNSPECIFIED., .F., .F., .F.,
 ( 4, 4 ),
 ( 2, 2 ),
 ( 0.0000000000000000000, 1.000000000000000000 ),
 ( 0.0000000000000000000, 1.000000000000000000 ),
 .UNSPECIFIED. ) ;
#3405 = CARTESIAN_POINT ( 'NONE',  ( 14.60000000000000100, 0.8650000000000003200, 17.60000000000000500 ) ) ;
#3406 = CARTESIAN_POINT ( 'NONE',  ( -11.56451976543143600, 0.8653000000000004000, 18.55149399258303000 ) ) ;
#3407 = LINE ( 'NONE', #6032, #4804 ) ;
#3408 = ORIENTED_EDGE ( 'NONE', *, *, #2826, .T. ) ;
#3409 = SURFACE_STYLE_FILL_AREA ( #6434 ) ;
#3410 = FILL_AREA_STYLE_COLOUR ( '', #4118 ) ;
#3411 = SURFACE_STYLE_FILL_AREA ( #368 ) ;
#3412 =( NAMED_UNIT ( * ) SI_UNIT ( $, .STERADIAN. ) SOLID_ANGLE_UNIT ( ) );
#3413 = MECHANICAL_DESIGN_GEOMETRIC_PRESENTATION_REPRESENTATION (  '', ( #3172 ), #3557 ) ;
#3414 = SURFACE_STYLE_USAGE ( .BOTH. , #2840 ) ;
#3415 = DIRECTION ( 'NONE',  ( 0.0000000000000000000, 0.0000000000000000000, -1.000000000000000000 ) ) ;
#3416 = ORIENTED_EDGE ( 'NONE', *, *, #3660, .F. ) ;
#3417 = PLANE ( 'NONE',  #947 ) ;
#3418 = DIRECTION ( 'NONE',  ( 0.0000000000000000000, -1.000000000000000000, 0.0000000000000000000 ) ) ;
#3419 =( LENGTH_UNIT ( ) NAMED_UNIT ( * ) SI_UNIT ( .MILLI., .METRE. ) );
#3420 = EDGE_CURVE ( 'NONE', #6174, #5115, #1270, .T. ) ;
#3421 = MECHANICAL_DESIGN_GEOMETRIC_PRESENTATION_REPRESENTATION (  '', ( #2792 ), #5297 ) ;
#3422 = UNCERTAINTY_MEASURE_WITH_UNIT (LENGTH_MEASURE( 1.000000000000000100E-005 ), #4748, 'distance_accuracy_value', 'NONE');
#3423 = CARTESIAN_POINT ( 'NONE',  ( -10.11630518186262900, 0.8653000000000004000, 18.17812954696020000 ) ) ;
#3424 = DIRECTION ( 'NONE',  ( -1.000000000000000000, -0.0000000000000000000, -0.0000000000000000000 ) ) ;
#3425 = DIRECTION ( 'NONE',  ( 0.0000000000000000000, 0.0000000000000000000, 1.000000000000000000 ) ) ;
#3426 = ORIENTED_EDGE ( 'NONE', *, *, #4877, .F. ) ;
#3427 = EDGE_CURVE ( 'NONE', #1479, #3552, #3675, .T. ) ;
#3428 = PRESENTATION_LAYER_ASSIGNMENT (  '', '', ( #2307 ) ) ;
#3429 = CARTESIAN_POINT ( 'NONE',  ( -4.050786439046619900, 0.8650000000000003200, 18.04350418491232900 ) ) ;
#3430 = CARTESIAN_POINT ( 'NONE',  ( 17.40000000000000600, 0.8650000000000003200, 16.00000000000000000 ) ) ;
#3431 = CARTESIAN_POINT ( 'NONE',  ( -4.050786439046620800, 0.8653000000000004000, 17.70431948479133400 ) ) ;
#3432 = CARTESIAN_POINT ( 'NONE',  ( -12.18056257477258500, 0.8653000000000004000, 17.89797427332903700 ) ) ;
#3433 = ORIENTED_EDGE ( 'NONE', *, *, #2334, .F. ) ;
#3434 = LINE ( 'NONE', #3430, #4054 ) ;
#3435 = B_SPLINE_CURVE_WITH_KNOTS ( 'NONE', 3,
 ( #6536, #5434, #6050, #4938 ),
 .UNSPECIFIED., .F., .F.,
 ( 4, 4 ),
 ( 0.0000000000000000000, 1.000000000000000000 ),
 .UNSPECIFIED. ) ;
#3436 = DIRECTION ( 'NONE',  ( 0.9912568491730745500, 0.0000000000000000000, -0.1319464246104018700 ) ) ;
#3437 = SURFACE_STYLE_FILL_AREA ( #2808 ) ;
#3438 =( GEOMETRIC_REPRESENTATION_CONTEXT ( 3 ) GLOBAL_UNCERTAINTY_ASSIGNED_CONTEXT ( ( #1818 ) ) GLOBAL_UNIT_ASSIGNED_CONTEXT ( ( #5176, #6895, #3610 ) ) REPRESENTATION_CONTEXT ( 'NONE', 'WORKASPACE' ) );
#3439 = DIRECTION ( 'NONE',  ( 0.0000000000000000000, 0.0000000000000000000, 1.000000000000000000 ) ) ;
#3440 = PRESENTATION_LAYER_ASSIGNMENT (  '', '', ( #6761 ) ) ;
#3441 = DIRECTION ( 'NONE',  ( -0.0000000000000000000, -1.000000000000000000, -0.0000000000000000000 ) ) ;
#3442 = FILL_AREA_STYLE ('',( #1727 ) ) ;
#3443 = EDGE_LOOP ( 'NONE', ( #2613, #1693, #6564, #478 ) ) ;
#3444 = FACE_OUTER_BOUND ( 'NONE', #436, .T. ) ;
#3445 =( NAMED_UNIT ( * ) SI_UNIT ( $, .STERADIAN. ) SOLID_ANGLE_UNIT ( ) );
#3446 = ORIENTED_EDGE ( 'NONE', *, *, #5978, .T. ) ;
#3447 = CARTESIAN_POINT ( 'NONE',  ( -11.76054351053508500, 0.8650000000000003200, 17.69570517639627000 ) ) ;
#3448 = CARTESIAN_POINT ( 'NONE',  ( -3.533706688394836300, 0.8653000000000004000, 18.06816015398052100 ) ) ;
#3449 = AXIS2_PLACEMENT_3D ( 'NONE', #877, #6947, #4791 ) ;
#3450 = AXIS2_PLACEMENT_3D ( 'NONE', #5783, #239, #3033 ) ;
#3451 = LINE ( 'NONE', #6278, #3715 ) ;
#3452 = CARTESIAN_POINT ( 'NONE',  ( -10.34922221654372100, 0.8650000000000003200, 17.41184081926417800 ) ) ;
#3453 = EDGE_LOOP ( 'NONE', ( #6801, #5900, #4252, #1923 ) ) ;
#3454 = VERTEX_POINT ( 'NONE', #679 ) ;
#3455 = LINE ( 'NONE', #3317, #7077 ) ;
#3456 = FILL_AREA_STYLE ('',( #3410 ) ) ;
#3457 =( LENGTH_UNIT ( ) NAMED_UNIT ( * ) SI_UNIT ( .MILLI., .METRE. ) );
#3458 = FILL_AREA_STYLE ('',( #3606 ) ) ;
#3459 = SURFACE_STYLE_USAGE ( .BOTH. , #5703 ) ;
#3460 = PRESENTATION_STYLE_ASSIGNMENT (( #709 ) ) ;
#3461 = ORIENTED_EDGE ( 'NONE', *, *, #2971, .T. ) ;
#3462 = CARTESIAN_POINT ( 'NONE',  ( 17.40000000000000600, 0.8350000000000000800, 17.60000000000000100 ) ) ;
#3463 = VERTEX_POINT ( 'NONE', #4571 ) ;
#3464 = EDGE_CURVE ( 'NONE', #3965, #279, #6124, .T. ) ;
#3465 = CARTESIAN_POINT ( 'NONE',  ( -3.533706688394836300, 0.8650000000000003200, 17.95608755419133500 ) ) ;
#3466 = CARTESIAN_POINT ( 'NONE',  ( -11.26524202843952200, 0.8650000000000003200, 17.30830367580641400 ) ) ;
#3467 = EDGE_LOOP ( 'NONE', ( #4081, #3203, #4778, #2700 ) ) ;
#3468 = MECHANICAL_DESIGN_GEOMETRIC_PRESENTATION_REPRESENTATION (  '', ( #2742 ), #6640 ) ;
#3469 = LINE ( 'NONE', #1978, #6905 ) ;
#3470 =( NAMED_UNIT ( * ) PLANE_ANGLE_UNIT ( ) SI_UNIT ( $, .RADIAN. ) );
#3471 = DIRECTION ( 'NONE',  ( 1.000000000000000000, -0.0000000000000000000, -0.0000000000000000000 ) ) ;
#3472 = UNCERTAINTY_MEASURE_WITH_UNIT (LENGTH_MEASURE( 1.000000000000000100E-005 ), #2933, 'distance_accuracy_value', 'NONE');
#3473 = LINE ( 'NONE', #6980, #4521 ) ;
#3474 = LINE ( 'NONE', #1870, #6908 ) ;
#3475 = VECTOR ( 'NONE', #6992, 1000.000000000000000 ) ;
#3476 = VERTEX_POINT ( 'NONE', #63 ) ;
#3477 = EDGE_LOOP ( 'NONE', ( #3505 ) ) ;
#3478 = EDGE_CURVE ( 'NONE', #1645, #4253, #2312, .T. ) ;
#3479 = MECHANICAL_DESIGN_GEOMETRIC_PRESENTATION_REPRESENTATION (  '', ( #4499 ), #1890 ) ;
#3480 = DIRECTION ( 'NONE',  ( 0.0000000000000000000, 0.0000000000000000000, 1.000000000000000000 ) ) ;
#3481 = MECHANICAL_DESIGN_GEOMETRIC_PRESENTATION_REPRESENTATION (  '', ( #3620 ), #4601 ) ;
#3482 = SURFACE_STYLE_FILL_AREA ( #6766 ) ;
#3483 = ORIENTED_EDGE ( 'NONE', *, *, #5571, .F. ) ;
#3484 = DIRECTION ( 'NONE',  ( 0.0000000000000000000, 0.0000000000000000000, 1.000000000000000000 ) ) ;
#3485 = PRESENTATION_STYLE_ASSIGNMENT (( #5321 ) ) ;
#3486 = DIRECTION ( 'NONE',  ( 1.000000000000000000, -0.0000000000000000000, 0.0000000000000000000 ) ) ;
#3487 = SURFACE_STYLE_FILL_AREA ( #4555 ) ;
#3488 = PRESENTATION_STYLE_ASSIGNMENT (( #838 ) ) ;
#3489 = LINE ( 'NONE', #2800, #889 ) ;
#3490 = CARTESIAN_POINT ( 'NONE',  ( -7.670296811569977900, 0.8653000000000004000, 18.19891092970823700 ) ) ;
#3491 = DIRECTION ( 'NONE',  ( 0.0000000000000000000, 0.0000000000000000000, 1.000000000000000000 ) ) ;
#3492 = B_SPLINE_SURFACE_WITH_KNOTS ( 'NONE', 3, 1, ( 
 ( #6528, #3220 ),
 ( #7076, #1032 ),
 ( #544, #6042 ),
 ( #6573, #4426 ) ),
 .UNSPECIFIED., .F., .F., .F.,
 ( 4, 4 ),
 ( 2, 2 ),
 ( 0.0000000000000000000, 1.000000000000000000 ),
 ( 0.0000000000000000000, 1.000000000000000000 ),
 .UNSPECIFIED. ) ;
#3493 =( NAMED_UNIT ( * ) SI_UNIT ( $, .STERADIAN. ) SOLID_ANGLE_UNIT ( ) );
#3494 = VECTOR ( 'NONE', #5476, 1000.000000000000000 ) ;
#3495 = B_SPLINE_CURVE_WITH_KNOTS ( 'NONE', 3,
 ( #6089, #4407, #4386, #3344 ),
 .UNSPECIFIED., .F., .F.,
 ( 4, 4 ),
 ( 0.0000000000000000000, 1.000000000000000000 ),
 .UNSPECIFIED. ) ;
#3496 = FILL_AREA_STYLE_COLOUR ( '', #2380 ) ;
#3497 = LINE ( 'NONE', #1991, #6350 ) ;
#3498 = VERTEX_POINT ( 'NONE', #6734 ) ;
#3499 = SURFACE_STYLE_USAGE ( .BOTH. , #5736 ) ;
#3500 = LINE ( 'NONE', #5967, #6589 ) ;
#3501 = DIRECTION ( 'NONE',  ( 1.000000000000000000, 0.0000000000000000000, 0.0000000000000000000 ) ) ;
#3502 = MECHANICAL_DESIGN_GEOMETRIC_PRESENTATION_REPRESENTATION (  '', ( #3634 ), #4909 ) ;
#3503 = MECHANICAL_DESIGN_GEOMETRIC_PRESENTATION_REPRESENTATION (  '', ( #3078 ), #5239 ) ;
#3504 = LINE ( 'NONE', #5701, #5333 ) ;
#3505 = ORIENTED_EDGE ( 'NONE', *, *, #199, .F. ) ;
#3506 = VECTOR ( 'NONE', #3418, 1000.000000000000000 ) ;
#3507 =( LENGTH_UNIT ( ) NAMED_UNIT ( * ) SI_UNIT ( .MILLI., .METRE. ) );
#3508 = DIRECTION ( 'NONE',  ( -0.0000000000000000000, -0.0000000000000000000, -1.000000000000000000 ) ) ;
#3509 = CARTESIAN_POINT ( 'NONE',  ( -12.63754875882007800, 0.8653000000000004000, 17.04545152330944500 ) ) ;
#3510 = COLOUR_RGB ( '',0.0000000000000000000, 0.0000000000000000000, 1.000000000000000000 ) ;
#3511 = CARTESIAN_POINT ( 'NONE',  ( -8.067130061986265600, 0.8653000000000004000, 17.95608755419133500 ) ) ;
#3512 = DIRECTION ( 'NONE',  ( 0.0000000000000000000, 0.0000000000000000000, -1.000000000000000000 ) ) ;
#3513 = MECHANICAL_DESIGN_GEOMETRIC_PRESENTATION_REPRESENTATION (  '', ( #278 ), #2553 ) ;
#3514 = EDGE_CURVE ( 'NONE', #1518, #3540, #4892, .T. ) ;
#3515 =( NAMED_UNIT ( * ) PLANE_ANGLE_UNIT ( ) SI_UNIT ( $, .RADIAN. ) );
#3516 = CARTESIAN_POINT ( 'NONE',  ( 17.40000000000000600, 0.8650000000000003200, 17.40000000000000200 ) ) ;
#3517 =( GEOMETRIC_REPRESENTATION_CONTEXT ( 3 ) GLOBAL_UNCERTAINTY_ASSIGNED_CONTEXT ( ( #6215 ) ) GLOBAL_UNIT_ASSIGNED_CONTEXT ( ( #3644, #6906, #5263 ) ) REPRESENTATION_CONTEXT ( 'NONE', 'WORKASPACE' ) );
#3518 = FILL_AREA_STYLE_COLOUR ( '', #6118 ) ;
#3519 = B_SPLINE_SURFACE_WITH_KNOTS ( 'NONE', 3, 1, ( 
 ( #6788, #1864 ),
 ( #4066, #2979 ),
 ( #738, #3447 ),
 ( #6743, #2452 ) ),
 .UNSPECIFIED., .F., .F., .F.,
 ( 4, 4 ),
 ( 2, 2 ),
 ( 0.0000000000000000000, 1.000000000000000000 ),
 ( 0.0000000000000000000, 1.000000000000000000 ),
 .UNSPECIFIED. ) ;
#3520 = CARTESIAN_POINT ( 'NONE',  ( -4.846377213621117600, 0.8653000000000004000, 17.57000169561520400 ) ) ;
#3521 = DIRECTION ( 'NONE',  ( -1.000000000000000000, 0.0000000000000000000, 0.0000000000000000000 ) ) ;
#3522 = CARTESIAN_POINT ( 'NONE',  ( -8.792212574838377000, 0.8650000000000003200, 18.19408581847879700 ) ) ;
#3523 = ORIENTED_EDGE ( 'NONE', *, *, #2334, .T. ) ;
#3524 = EDGE_CURVE ( 'NONE', #3895, #5385, #5423, .T. ) ;
#3525 =( LENGTH_UNIT ( ) NAMED_UNIT ( * ) SI_UNIT ( .MILLI., .METRE. ) );
#3526 = STYLED_ITEM ( 'NONE', ( #1786 ), #3756 ) ;
#3527 = VERTEX_POINT ( 'NONE', #642 ) ;
#3528 = CARTESIAN_POINT ( 'NONE',  ( -16.79166666666667100, -9.134999999999999800, -13.27564102564102600 ) ) ;
#3529 = CARTESIAN_POINT ( 'NONE',  ( -12.06410172443422400, 0.8650000000000003200, 17.69758785171620000 ) ) ;
#3530 = CARTESIAN_POINT ( 'NONE',  ( -9.971997813562577300, 0.8650000000000003200, 17.77774013301958800 ) ) ;
#3531 = PRESENTATION_STYLE_ASSIGNMENT (( #2115 ) ) ;
#3532 = CARTESIAN_POINT ( 'NONE',  ( 2.241329932715364800, 1.363887651569858100, 16.83814967795329700 ) ) ;
#3533 = AXIS2_PLACEMENT_3D ( 'NONE', #529, #3277, #5487 ) ;
#3534 = CARTESIAN_POINT ( 'NONE',  ( -12.20072210546603800, 0.8650000000000003200, 17.87551710783972700 ) ) ;
#3535 = ORIENTED_EDGE ( 'NONE', *, *, #508, .T. ) ;
#3536 =( GEOMETRIC_REPRESENTATION_CONTEXT ( 3 ) GLOBAL_UNCERTAINTY_ASSIGNED_CONTEXT ( ( #3472 ) ) GLOBAL_UNIT_ASSIGNED_CONTEXT ( ( #2933, #1226, #6722 ) ) REPRESENTATION_CONTEXT ( 'NONE', 'WORKASPACE' ) );
#3537 = CARTESIAN_POINT ( 'NONE',  ( -12.04718136187347500, 0.8653000000000004000, 18.08190447113507900 ) ) ;
#3538 = CARTESIAN_POINT ( 'NONE',  ( -10.85635636153174500, 0.8653000000000004000, 18.44626050294931100 ) ) ;
#3539 = DIRECTION ( 'NONE',  ( -0.0000000000000000000, -1.000000000000000000, -0.0000000000000000000 ) ) ;
#3540 = VERTEX_POINT ( 'NONE', #2354 ) ;
#3541 = CARTESIAN_POINT ( 'NONE',  ( -18.99999999999999300, 0.0000000000000000000, 19.00000000000000400 ) ) ;
#3542 = SURFACE_SIDE_STYLE ('',( #5735 ) ) ;
#3543 = STYLED_ITEM ( 'NONE', ( #1768 ), #1573 ) ;
#3544 = FACE_OUTER_BOUND ( 'NONE', #2853, .T. ) ;
#3545 = ORIENTED_EDGE ( 'NONE', *, *, #2305, .T. ) ;
#3546 = FILL_AREA_STYLE ('',( #187 ) ) ;
#3547 = EDGE_LOOP ( 'NONE', ( #1680, #3086, #41 ) ) ;
#3548 = ORIENTED_EDGE ( 'NONE', *, *, #2976, .T. ) ;
#3549 = ADVANCED_FACE ( 'NONE', ( #3587 ), #3559, .F. ) ;
#3550 = FILL_AREA_STYLE_COLOUR ( '', #6580 ) ;
#3551 = LINE ( 'NONE', #6075, #5103 ) ;
#3552 = VERTEX_POINT ( 'NONE', #3931 ) ;
#3553 = CARTESIAN_POINT ( 'NONE',  ( -6.107512552934629500, 0.8653000000000004000, 18.19891092970823700 ) ) ;
#3554 = EDGE_LOOP ( 'NONE', ( #2842, #1939, #3426, #718 ) ) ;
#3555 = CARTESIAN_POINT ( 'NONE',  ( -35.94582209026135900, 1.365000000000000000, -12.36518799918859900 ) ) ;
#3556 = EDGE_LOOP ( 'NONE', ( #1950 ) ) ;
#3557 =( GEOMETRIC_REPRESENTATION_CONTEXT ( 3 ) GLOBAL_UNCERTAINTY_ASSIGNED_CONTEXT ( ( #2819 ) ) GLOBAL_UNIT_ASSIGNED_CONTEXT ( ( #6501, #446, #2209 ) ) REPRESENTATION_CONTEXT ( 'NONE', 'WORKASPACE' ) );
#3558 = DIRECTION ( 'NONE',  ( -1.000000000000000000, 0.0000000000000000000, 0.0000000000000000000 ) ) ;
#3559 = B_SPLINE_SURFACE_WITH_KNOTS ( 'NONE', 3, 1, ( 
 ( #1237, #2049 ),
 ( #4794, #6975 ),
 ( #2570, #3687 ),
 ( #1961, #4183 ) ),
 .UNSPECIFIED., .F., .F., .F.,
 ( 4, 4 ),
 ( 2, 2 ),
 ( 0.0000000000000000000, 1.000000000000000000 ),
 ( 0.0000000000000000000, 1.000000000000000000 ),
 .UNSPECIFIED. ) ;
#3560 = ORIENTED_EDGE ( 'NONE', *, *, #3567, .F. ) ;
#3561 = ORIENTED_EDGE ( 'NONE', *, *, #736, .T. ) ;
#3562 = CARTESIAN_POINT ( 'NONE',  ( -5.441176461509573200, 0.8653000000000004000, 18.03834697636674300 ) ) ;
#3563 = DIRECTION ( 'NONE',  ( -0.0000000000000000000, -1.000000000000000000, -0.0000000000000000000 ) ) ;
#3564 = UNCERTAINTY_MEASURE_WITH_UNIT (LENGTH_MEASURE( 1.000000000000000100E-005 ), #4834, 'distance_accuracy_value', 'NONE');
#3565 = CARTESIAN_POINT ( 'NONE',  ( 14.60000000000000100, 0.8350000000000000800, 16.19999999999999900 ) ) ;
#3566 = COLOUR_RGB ( '',0.0000000000000000000, 0.0000000000000000000, 1.000000000000000000 ) ;
#3567 = EDGE_CURVE ( 'NONE', #2197, #4060, #396, .T. ) ;
#3568 = CARTESIAN_POINT ( 'NONE',  ( -3.845161075207352400, 0.8653000000000004000, 18.19891092970823700 ) ) ;
#3569 = ORIENTED_EDGE ( 'NONE', *, *, #6823, .T. ) ;
#3570 =( GEOMETRIC_REPRESENTATION_CONTEXT ( 3 ) GLOBAL_UNCERTAINTY_ASSIGNED_CONTEXT ( ( #3958 ) ) GLOBAL_UNIT_ASSIGNED_CONTEXT ( ( #5429, #2055, #4259 ) ) REPRESENTATION_CONTEXT ( 'NONE', 'WORKASPACE' ) );
#3571 = CARTESIAN_POINT ( 'NONE',  ( 14.40000000000000200, 0.8350000000000000800, 17.40000000000000600 ) ) ;
#3572 = B_SPLINE_CURVE_WITH_KNOTS ( 'NONE', 3,
 ( #308, #6963, #375, #1946 ),
 .UNSPECIFIED., .F., .F.,
 ( 4, 4 ),
 ( 0.0000000000000000000, 1.000000000000000000 ),
 .UNSPECIFIED. ) ;
#3573 = CARTESIAN_POINT ( 'NONE',  ( -5.803609267994147600, 0.8653000000000004000, 17.57000169561520400 ) ) ;
#3574 = VECTOR ( 'NONE', #107, 1000.000000000000000 ) ;
#3575 = EDGE_CURVE ( 'NONE', #1571, #6155, #2816, .T. ) ;
#3576 = CARTESIAN_POINT ( 'NONE',  ( -10.85635636153174300, 0.8653000000000004000, 18.44626050294931100 ) ) ;
#3577 = FILL_AREA_STYLE ('',( #4189 ) ) ;
#3578 = VECTOR ( 'NONE', #5947, 1000.000000000000000 ) ;
#3579 = CARTESIAN_POINT ( 'NONE',  ( -10.85635636153174500, 0.8653000000000004000, 18.44626050294931100 ) ) ;
#3580 = CARTESIAN_POINT ( 'NONE',  ( -3.446823988547574200, 0.8653000000000004000, 18.06978901880615100 ) ) ;
#3581 = CARTESIAN_POINT ( 'NONE',  ( -4.050786439046620800, 0.8653000000000004000, 17.70431948479133400 ) ) ;
#3582 = PRESENTATION_STYLE_ASSIGNMENT (( #1481 ) ) ;
#3583 = ORIENTED_EDGE ( 'NONE', *, *, #6461, .T. ) ;
#3584 = AXIS2_PLACEMENT_3D ( 'NONE', #4891, #5953, #1574 ) ;
#3585 = DIRECTION ( 'NONE',  ( 0.0000000000000000000, 0.0000000000000000000, 1.000000000000000000 ) ) ;
#3586 = CARTESIAN_POINT ( 'NONE',  ( -6.831133247271061700, 0.8650000000000003200, 17.57000169561520400 ) ) ;
#3587 = FACE_OUTER_BOUND ( 'NONE', #3720, .T. ) ;
#3588 = STYLED_ITEM ( 'NONE', ( #2375 ), #5977 ) ;
#3589 = CARTESIAN_POINT ( 'NONE',  ( -8.067130061986265600, 0.8653000000000004000, 17.57000169561520400 ) ) ;
#3590 = CARTESIAN_POINT ( 'NONE',  ( -6.568368449399659200, 0.8650000000000003200, 18.19891092970823700 ) ) ;
#3591 = FACE_OUTER_BOUND ( 'NONE', #1243, .T. ) ;
#3592 = CARTESIAN_POINT ( 'NONE',  ( -6.107512552934629500, 0.8653000000000004000, 18.19891092970823700 ) ) ;
#3593 =( NAMED_UNIT ( * ) PLANE_ANGLE_UNIT ( ) SI_UNIT ( $, .RADIAN. ) );
#3594 = CARTESIAN_POINT ( 'NONE',  ( -3.805246575660643100, 0.8653000000000004000, 17.80630687864909900 ) ) ;
#3595 =( GEOMETRIC_REPRESENTATION_CONTEXT ( 3 ) GLOBAL_UNCERTAINTY_ASSIGNED_CONTEXT ( ( #6678 ) ) GLOBAL_UNIT_ASSIGNED_CONTEXT ( ( #2474, #259, #1489 ) ) REPRESENTATION_CONTEXT ( 'NONE', 'WORKASPACE' ) );
#3596 = SURFACE_STYLE_USAGE ( .BOTH. , #3061 ) ;
#3597 = FILL_AREA_STYLE ('',( #5307 ) ) ;
#3598 =( LENGTH_UNIT ( ) NAMED_UNIT ( * ) SI_UNIT ( .MILLI., .METRE. ) );
#3599 = CARTESIAN_POINT ( 'NONE',  ( 35.93641576997502100, 1.364999999999999800, 12.36195227075181400 ) ) ;
#3600 = UNCERTAINTY_MEASURE_WITH_UNIT (LENGTH_MEASURE( 1.000000000000000100E-005 ), #1734, 'distance_accuracy_value', 'NONE');
#3601 = B_SPLINE_SURFACE_WITH_KNOTS ( 'NONE', 3, 1, ( 
 ( #1874, #5653 ),
 ( #2371, #5142 ),
 ( #1847, #2965 ),
 ( #2889, #743 ) ),
 .UNSPECIFIED., .F., .F., .F.,
 ( 4, 4 ),
 ( 2, 2 ),
 ( 0.0000000000000000000, 1.000000000000000000 ),
 ( 0.0000000000000000000, 1.000000000000000000 ),
 .UNSPECIFIED. ) ;
#3602 = VECTOR ( 'NONE', #3994, 1000.000000000000000 ) ;
#3603 = EDGE_CURVE ( 'NONE', #2952, #594, #1174, .T. ) ;
#3604 = CARTESIAN_POINT ( 'NONE',  ( -4.030423299661500800, 0.8653000000000004000, 17.60686365436351200 ) ) ;
#3605 = STYLED_ITEM ( 'NONE', ( #1281 ), #3166 ) ;
#3606 = FILL_AREA_STYLE_COLOUR ( '', #4394 ) ;
#3607 = B_SPLINE_SURFACE_WITH_KNOTS ( 'NONE', 3, 1, ( 
 ( #6771, #4046 ),
 ( #5268, #200 ),
 ( #6257, #2485 ),
 ( #3511, #1894 ) ),
 .UNSPECIFIED., .F., .F., .F.,
 ( 4, 4 ),
 ( 2, 2 ),
 ( 0.0000000000000000000, 1.000000000000000000 ),
 ( 0.0000000000000000000, 1.000000000000000000 ),
 .UNSPECIFIED. ) ;
#3608 = VERTEX_POINT ( 'NONE', #6902 ) ;
#3609 = FILL_AREA_STYLE ('',( #5275 ) ) ;
#3610 =( NAMED_UNIT ( * ) SI_UNIT ( $, .STERADIAN. ) SOLID_ANGLE_UNIT ( ) );
#3611 = UNCERTAINTY_MEASURE_WITH_UNIT (LENGTH_MEASURE( 1.000000000000000100E-005 ), #7063, 'distance_accuracy_value', 'NONE');
#3612 = VERTEX_POINT ( 'NONE', #6151 ) ;
#3613 = SURFACE_STYLE_USAGE ( .BOTH. , #6430 ) ;
#3614 = VERTEX_POINT ( 'NONE', #3638 ) ;
#3615 = FILL_AREA_STYLE ('',( #4813 ) ) ;
#3616 = B_SPLINE_CURVE_WITH_KNOTS ( 'NONE', 3,
 ( #1702, #7072, #4970, #474 ),
 .UNSPECIFIED., .F., .F.,
 ( 4, 4 ),
 ( 0.0000000000000000000, 1.000000000000000000 ),
 .UNSPECIFIED. ) ;
#3617 = EDGE_CURVE ( 'NONE', #1054, #5566, #1625, .T. ) ;
#3618 = VERTEX_POINT ( 'NONE', #5325 ) ;
#3619 = STYLED_ITEM ( 'NONE', ( #5800 ), #4722 ) ;
#3620 = STYLED_ITEM ( 'NONE', ( #3637 ), #4277 ) ;
#3621 = COLOUR_RGB ( '',0.0000000000000000000, 0.0000000000000000000, 1.000000000000000000 ) ;
#3622 = ADVANCED_FACE ( 'NONE', ( #6021 ), #3120, .F. ) ;
#3623 = ORIENTED_EDGE ( 'NONE', *, *, #4908, .F. ) ;
#3624 = ADVANCED_FACE ( 'NONE', ( #2052 ), #5851, .F. ) ;
#3625 = VECTOR ( 'NONE', #726, 1000.000000000000000 ) ;
#3626 = LINE ( 'NONE', #6542, #3969 ) ;
#3627 = PRESENTATION_LAYER_ASSIGNMENT (  '', '', ( #3250 ) ) ;
#3628 = ORIENTED_EDGE ( 'NONE', *, *, #4080, .T. ) ;
#3629 = CARTESIAN_POINT ( 'NONE',  ( -5.803609267994147600, 0.8653000000000004000, 17.57000169561520400 ) ) ;
#3630 = CARTESIAN_POINT ( 'NONE',  ( -9.971997813562577300, 0.8650000000000003200, 17.77774013301958800 ) ) ;
#3631 = SURFACE_STYLE_USAGE ( .BOTH. , #351 ) ;
#3632 = SURFACE_STYLE_USAGE ( .BOTH. , #6429 ) ;
#3633 = ORIENTED_EDGE ( 'NONE', *, *, #3709, .T. ) ;
#3634 = STYLED_ITEM ( 'NONE', ( #563 ), #2095 ) ;
#3635 = FACE_OUTER_BOUND ( 'NONE', #1835, .T. ) ;
#3636 = FILL_AREA_STYLE_COLOUR ( '', #5102 ) ;
#3637 = PRESENTATION_STYLE_ASSIGNMENT (( #979 ) ) ;
#3638 = CARTESIAN_POINT ( 'NONE',  ( -7.126512366852235700, 0.8653000000000004000, 17.57000169561520400 ) ) ;
#3639 = EDGE_LOOP ( 'NONE', ( #700 ) ) ;
#3640 = VERTEX_POINT ( 'NONE', #832 ) ;
#3641 = ORIENTED_EDGE ( 'NONE', *, *, #669, .T. ) ;
#3642 = CIRCLE ( 'NONE', #3450, 0.1999999999999987900 ) ;
#3643 = DIRECTION ( 'NONE',  ( 1.000000000000000000, 0.0000000000000000000, -0.0000000000000000000 ) ) ;
#3644 =( LENGTH_UNIT ( ) NAMED_UNIT ( * ) SI_UNIT ( .MILLI., .METRE. ) );
#3645 = FILL_AREA_STYLE ('',( #3225 ) ) ;
#3646 = VECTOR ( 'NONE', #50, 1000.000000000000000 ) ;
#3647 = ORIENTED_EDGE ( 'NONE', *, *, #2072, .F. ) ;
#3648 = EDGE_CURVE ( 'NONE', #2622, #961, #5927, .T. ) ;
#3649 = EDGE_LOOP ( 'NONE', ( #4516, #2586, #5862, #5301 ) ) ;
#3650 = MECHANICAL_DESIGN_GEOMETRIC_PRESENTATION_REPRESENTATION (  '', ( #1920 ), #414 ) ;
#3651 = SURFACE_STYLE_FILL_AREA ( #1002 ) ;
#3652 = B_SPLINE_SURFACE_WITH_KNOTS ( 'NONE', 3, 1, ( 
 ( #5690, #6178 ),
 ( #6220, #2876 ),
 ( #4518, #2282 ),
 ( #5069, #6150 ) ),
 .UNSPECIFIED., .F., .F., .F.,
 ( 4, 4 ),
 ( 2, 2 ),
 ( 0.0000000000000000000, 1.000000000000000000 ),
 ( 0.0000000000000000000, 1.000000000000000000 ),
 .UNSPECIFIED. ) ;
#3653 = ADVANCED_FACE ( 'NONE', ( #2226 ), #1245, .F. ) ;
#3654 = UNCERTAINTY_MEASURE_WITH_UNIT (LENGTH_MEASURE( 1.000000000000000100E-005 ), #1783, 'distance_accuracy_value', 'NONE');
#3655 = SURFACE_SIDE_STYLE ('',( #3847 ) ) ;
#3656 = FILL_AREA_STYLE ('',( #6424 ) ) ;
#3657 = ORIENTED_EDGE ( 'NONE', *, *, #4465, .F. ) ;
#3658 = DIRECTION ( 'NONE',  ( 0.0000000000000000000, 0.0000000000000000000, 1.000000000000000000 ) ) ;
#3659 =( NAMED_UNIT ( * ) SI_UNIT ( $, .STERADIAN. ) SOLID_ANGLE_UNIT ( ) );
#3660 = EDGE_CURVE ( 'NONE', #5716, #2622, #3500, .T. ) ;
#3661 = STYLED_ITEM ( 'NONE', ( #3804 ), #4793 ) ;
#3662 =( GEOMETRIC_REPRESENTATION_CONTEXT ( 3 ) GLOBAL_UNCERTAINTY_ASSIGNED_CONTEXT ( ( #5830 ) ) GLOBAL_UNIT_ASSIGNED_CONTEXT ( ( #1079, #4424, #2822 ) ) REPRESENTATION_CONTEXT ( 'NONE', 'WORKASPACE' ) );
#3663 = VECTOR ( 'NONE', #3376, 1000.000000000000000 ) ;
#3664 = LINE ( 'NONE', #6299, #2638 ) ;
#3665 = SURFACE_SIDE_STYLE ('',( #1013 ) ) ;
#3666 = DIRECTION ( 'NONE',  ( -0.0000000000000000000, -1.000000000000000000, -0.0000000000000000000 ) ) ;
#3667 = VECTOR ( 'NONE', #2104, 1000.000000000000000 ) ;
#3668 = COLOUR_RGB ( '',0.0000000000000000000, 0.0000000000000000000, 1.000000000000000000 ) ;
#3669 = EDGE_CURVE ( 'NONE', #3697, #3906, #160, .T. ) ;
#3670 = MECHANICAL_DESIGN_GEOMETRIC_PRESENTATION_REPRESENTATION (  '', ( #5582 ), #4798 ) ;
#3671 = CARTESIAN_POINT ( 'NONE',  ( -8.261725682775729500, 0.8653000000000004000, 17.57000169561520400 ) ) ;
#3672 = PRESENTATION_STYLE_ASSIGNMENT (( #2320 ) ) ;
#3673 = DIRECTION ( 'NONE',  ( -0.0000000000000000000, -1.000000000000000000, -0.0000000000000000000 ) ) ;
#3674 = ORIENTED_EDGE ( 'NONE', *, *, #6785, .T. ) ;
#3675 = LINE ( 'NONE', #1726, #4975 ) ;
#3676 = B_SPLINE_SURFACE_WITH_KNOTS ( 'NONE', 2, 1, ( 
 ( #4269, #6495 ),
 ( #532, #6073 ),
 ( #4896, #6557 ) ),
 .UNSPECIFIED., .F., .F., .F.,
 ( 3, 3 ),
 ( 2, 2 ),
 ( 0.0000000000000000000, 1.000000000000000000 ),
 ( 0.0000000000000000000, 1.000000000000000000 ),
 .UNSPECIFIED. ) ;
#3677 = CARTESIAN_POINT ( 'NONE',  ( -16.79166666666667100, -9.134999999999999800, -14.14401709401709400 ) ) ;
#3678 = SURFACE_STYLE_USAGE ( .BOTH. , #4826 ) ;
#3679 = CARTESIAN_POINT ( 'NONE',  ( -9.013750247222809300, 0.8650000000000003200, 18.03834697636674300 ) ) ;
#3680 = STYLED_ITEM ( 'NONE', ( #6744 ), #5959 ) ;
#3681 = LINE ( 'NONE', #1964, #3862 ) ;
#3682 = CARTESIAN_POINT ( 'NONE',  ( -16.79166666666667100, 0.8650000000000003200, -13.27564102564102600 ) ) ;
#3683 = ADVANCED_FACE ( 'NONE', ( #5150 ), #933, .F. ) ;
#3684 = DIRECTION ( 'NONE',  ( -0.0000000000000000000, 0.0000000000000000000, 1.000000000000000000 ) ) ;
#3685 = PRESENTATION_STYLE_ASSIGNMENT (( #3915 ) ) ;
#3686 = ADVANCED_FACE ( 'NONE', ( #2381 ), #5665, .F. ) ;
#3687 = CARTESIAN_POINT ( 'NONE',  ( -13.02520065675322900, 0.8650000000000003200, 18.27987554638381300 ) ) ;
#3688 = PRESENTATION_LAYER_ASSIGNMENT (  '', '', ( #5326 ) ) ;
#3689 = EDGE_CURVE ( 'NONE', #6306, #533, #5504, .T. ) ;
#3690 = SURFACE_STYLE_USAGE ( .BOTH. , #6109 ) ;
#3691 =( GEOMETRIC_REPRESENTATION_CONTEXT ( 3 ) GLOBAL_UNCERTAINTY_ASSIGNED_CONTEXT ( ( #6727 ) ) GLOBAL_UNIT_ASSIGNED_CONTEXT ( ( #5252, #1952, #6212 ) ) REPRESENTATION_CONTEXT ( 'NONE', 'WORKASPACE' ) );
#3692 = UNCERTAINTY_MEASURE_WITH_UNIT (LENGTH_MEASURE( 1.000000000000000100E-005 ), #5678, 'distance_accuracy_value', 'NONE');
#3693 = CARTESIAN_POINT ( 'NONE',  ( -9.013750247222809300, 0.8653000000000004000, 18.03834697636674300 ) ) ;
#3694 = FILL_AREA_STYLE ('',( #3063 ) ) ;
#3695 = CARTESIAN_POINT ( 'NONE',  ( -5.245327677881258300, 0.8653000000000004000, 17.57000169561520400 ) ) ;
#3696 = CARTESIAN_POINT ( 'NONE',  ( -12.18515224144049300, 0.8653000000000004000, 17.88701189099145200 ) ) ;
#3697 = VERTEX_POINT ( 'NONE', #6451 ) ;
#3698 = CARTESIAN_POINT ( 'NONE',  ( -9.639949665254722100, 0.8650000000000003200, 17.57000169561520400 ) ) ;
#3699 = FACE_OUTER_BOUND ( 'NONE', #502, .T. ) ;
#3700 = EDGE_CURVE ( 'NONE', #2896, #2173, #3402, .T. ) ;
#3701 = CARTESIAN_POINT ( 'NONE',  ( -14.60000000000000100, 0.8350000000000000800, -16.19999999999999900 ) ) ;
#3702 =( NAMED_UNIT ( * ) SI_UNIT ( $, .STERADIAN. ) SOLID_ANGLE_UNIT ( ) );
#3703 = STYLED_ITEM ( 'NONE', ( #6680 ), #3206 ) ;
#3704 = SURFACE_STYLE_FILL_AREA ( #1593 ) ;
#3705 = ORIENTED_EDGE ( 'NONE', *, *, #6597, .F. ) ;
#3706 = CARTESIAN_POINT ( 'NONE',  ( -8.331996323616325000, 0.8653000000000004000, 18.03834697636674300 ) ) ;
#3707 = COLOUR_RGB ( '',0.0000000000000000000, 0.0000000000000000000, 1.000000000000000000 ) ;
#3708 = VERTEX_POINT ( 'NONE', #3167 ) ;
#3709 = EDGE_CURVE ( 'NONE', #5590, #5557, #5243, .T. ) ;
#3710 = CARTESIAN_POINT ( 'NONE',  ( -12.78295325769270400, 0.8650000000000003200, 18.18989930348602600 ) ) ;
#3711 = DIRECTION ( 'NONE',  ( -0.0000000000000000000, 1.000000000000000000, -0.0000000000000000000 ) ) ;
#3712 = ORIENTED_EDGE ( 'NONE', *, *, #2471, .T. ) ;
#3713 = MECHANICAL_DESIGN_GEOMETRIC_PRESENTATION_REPRESENTATION (  '', ( #6652 ), #3192 ) ;
#3714 = CARTESIAN_POINT ( 'NONE',  ( -5.245327677881258300, 0.8653000000000004000, 18.19891092970823700 ) ) ;
#3715 = VECTOR ( 'NONE', #2405, 1000.000000000000000 ) ;
#3716 = CARTESIAN_POINT ( 'NONE',  ( -12.56999046327798700, 0.8650000000000003200, 17.29695286030937100 ) ) ;
#3717 = CARTESIAN_POINT ( 'NONE',  ( -6.107512552934629500, 0.8653000000000004000, 18.19891092970823700 ) ) ;
#3718 = CARTESIAN_POINT ( 'NONE',  ( 17.14347183953325900, 1.142628163596250500, 0.4731524988100224100 ) ) ;
#3719 = ORIENTED_EDGE ( 'NONE', *, *, #297, .F. ) ;
#3720 = EDGE_LOOP ( 'NONE', ( #3106, #241, #2730, #4779 ) ) ;
#3721 = PRESENTATION_LAYER_ASSIGNMENT (  '', '', ( #1899 ) ) ;
#3722 = ADVANCED_FACE ( 'NONE', ( #1445 ), #4350, .T. ) ;
#3723 = CARTESIAN_POINT ( 'NONE',  ( -4.050786439046620800, 0.8653000000000004000, 17.70431948479133400 ) ) ;
#3724 = COLOUR_RGB ( '',0.0000000000000000000, 0.0000000000000000000, 1.000000000000000000 ) ;
#3725 = CARTESIAN_POINT ( 'NONE',  ( -12.18346340461477300, 0.8653000000000004000, 17.87551710783972700 ) ) ;
#3726 = EDGE_LOOP ( 'NONE', ( #6122, #2117, #497 ) ) ;
#3727 = CARTESIAN_POINT ( 'NONE',  ( -7.126512366852235700, 0.8650000000000003200, 17.57000169561520400 ) ) ;
#3728 = ORIENTED_EDGE ( 'NONE', *, *, #6039, .T. ) ;
#3729 = CARTESIAN_POINT ( 'NONE',  ( -16.24893162393162900, 0.8650000000000003200, -13.79123931623931700 ) ) ;
#3730 = CARTESIAN_POINT ( 'NONE',  ( -11.74427794614614700, 0.8650000000000003200, 17.31995799106224300 ) ) ;
#3731 = ORIENTED_EDGE ( 'NONE', *, *, #3227, .F. ) ;
#3732 = CARTESIAN_POINT ( 'NONE',  ( -3.533706688394836300, 0.8653000000000004000, 17.80630687864909900 ) ) ;
#3733 = VERTEX_POINT ( 'NONE', #5501 ) ;
#3734 = STYLED_ITEM ( 'NONE', ( #4594 ), #6439 ) ;
#3735 = CARTESIAN_POINT ( 'NONE',  ( -3.261890097925141100, 0.8653000000000004000, 17.95608755419133500 ) ) ;
#3736 = VECTOR ( 'NONE', #1567, 1000.000000000000000 ) ;
#3737 = ORIENTED_EDGE ( 'NONE', *, *, #7117, .F. ) ;
#3738 = DIRECTION ( 'NONE',  ( 1.000000000000000000, 0.0000000000000000000, -0.0000000000000000000 ) ) ;
#3739 = ADVANCED_FACE ( 'NONE', ( #2726 ), #1102, .F. ) ;
#3740 = COLOUR_RGB ( '',1.000000000000000000, 1.000000000000000000, 1.000000000000000000 ) ;
#3741 = CARTESIAN_POINT ( 'NONE',  ( -4.509297700310660200, 0.8650000000000003200, 18.03834697636674300 ) ) ;
#3742 =( NAMED_UNIT ( * ) SI_UNIT ( $, .STERADIAN. ) SOLID_ANGLE_UNIT ( ) );
#3743 = DIRECTION ( 'NONE',  ( -0.0000000000000000000, -0.0000000000000000000, -1.000000000000000000 ) ) ;
#3744 = CARTESIAN_POINT ( 'NONE',  ( 14.60000000000000100, 0.8650000000000003200, 17.40000000000000600 ) ) ;
#3745 = LINE ( 'NONE', #3717, #5238 ) ;
#3746 = EDGE_CURVE ( 'NONE', #683, #6886, #306, .T. ) ;
#3747 = FACE_BOUND ( 'NONE', #1733, .T. ) ;
#3748 = STYLED_ITEM ( 'NONE', ( #4912 ), #2739 ) ;
#3749 = SURFACE_STYLE_FILL_AREA ( #636 ) ;
#3750 = VERTEX_POINT ( 'NONE', #5587 ) ;
#3751 = SURFACE_STYLE_USAGE ( .BOTH. , #2109 ) ;
#3752 = COLOUR_RGB ( '',0.8980392156862745400, 0.9176470588235293700, 0.9294117647058823800 ) ;
#3753 = FILL_AREA_STYLE_COLOUR ( '', #4513 ) ;
#3754 = VECTOR ( 'NONE', #4854, 1000.000000000000000 ) ;
#3755 = EDGE_CURVE ( 'NONE', #2896, #2860, #3489, .T. ) ;
#3756 = ADVANCED_FACE ( 'NONE', ( #3223 ), #1213, .F. ) ;
#3757 = PRESENTATION_LAYER_ASSIGNMENT (  '', '', ( #6693 ) ) ;
#3758 = ORIENTED_EDGE ( 'NONE', *, *, #2740, .T. ) ;
#3759 = ADVANCED_FACE ( 'NONE', ( #2804, #1068, #4276, #3919, #1437, #6746, #4185, #4533, #6918, #1780, #2635, #5579, #3395, #2547, #300, #7012, #5828, #1157, #6841, #795, #1611, #3747 ), #4378, .T. ) ;
#3760 = VECTOR ( 'NONE', #5632, 1000.000000000000000 ) ;
#3761 = ADVANCED_FACE ( 'NONE', ( #1250 ), #3337, .F. ) ;
#3762 = FILL_AREA_STYLE_COLOUR ( '', #5290 ) ;
#3763 = COLOUR_RGB ( '',0.8980392156862745400, 0.9176470588235293700, 0.9294117647058823800 ) ;
#3764 = B_SPLINE_CURVE_WITH_KNOTS ( 'NONE', 3,
 ( #6463, #3231, #2103, #6493 ),
 .UNSPECIFIED., .F., .F.,
 ( 4, 4 ),
 ( 0.0000000000000000000, 1.000000000000000000 ),
 .UNSPECIFIED. ) ;
#3765 = FACE_OUTER_BOUND ( 'NONE', #182, .T. ) ;
#3766 = PRESENTATION_STYLE_ASSIGNMENT (( #4509 ) ) ;
#3767 = EDGE_CURVE ( 'NONE', #1398, #6872, #1532, .T. ) ;
#3768 = CARTESIAN_POINT ( 'NONE',  ( -16.24893162393162900, 0.8350000000000000800, -14.14401709401709400 ) ) ;
#3769 = VECTOR ( 'NONE', #4862, 1000.000000000000000 ) ;
#3770 = SURFACE_SIDE_STYLE ('',( #1379 ) ) ;
#3771 = CARTESIAN_POINT ( 'NONE',  ( -4.509297700310660200, 0.8653000000000004000, 18.03834697636674300 ) ) ;
#3772 = CARTESIAN_POINT ( 'NONE',  ( 16.98020067915674500, 1.363887651569859700, 0.4686462845356411100 ) ) ;
#3773 = LINE ( 'NONE', #4018, #2322 ) ;
#3774 = COLOUR_RGB ( '',0.0000000000000000000, 0.0000000000000000000, 1.000000000000000000 ) ;
#3775 = DIRECTION ( 'NONE',  ( -0.0000000000000000000, -1.000000000000000000, -0.0000000000000000000 ) ) ;
#3776 =( NAMED_UNIT ( * ) PLANE_ANGLE_UNIT ( ) SI_UNIT ( $, .RADIAN. ) );
#3777 = AXIS2_PLACEMENT_3D ( 'NONE', #3392, #1228, #633 ) ;
#3778 =( NAMED_UNIT ( * ) PLANE_ANGLE_UNIT ( ) SI_UNIT ( $, .RADIAN. ) );
#3779 = ADVANCED_FACE ( 'NONE', ( #6328 ), #1259, .F. ) ;
#3780 = DIRECTION ( 'NONE',  ( 0.0000000000000000000, 0.0000000000000000000, -1.000000000000000000 ) ) ;
#3781 = CARTESIAN_POINT ( 'NONE',  ( -7.020653954054350400, 0.8650000000000003200, 18.19891092970823700 ) ) ;
#3782 = FILL_AREA_STYLE_COLOUR ( '', #505 ) ;
#3783 = ORIENTED_EDGE ( 'NONE', *, *, #1410, .F. ) ;
#3784 = UNCERTAINTY_MEASURE_WITH_UNIT (LENGTH_MEASURE( 1.000000000000000100E-005 ), #1570, 'distance_accuracy_value', 'NONE');
#3785 = CARTESIAN_POINT ( 'NONE',  ( -11.26524202843952200, 0.8650000000000003200, 17.30830367580641400 ) ) ;
#3786 = SURFACE_STYLE_FILL_AREA ( #936 ) ;
#3787 = DIRECTION ( 'NONE',  ( -1.000000000000000000, 0.0000000000000000000, -0.0000000000000000000 ) ) ;
#3788 = STYLED_ITEM ( 'NONE', ( #2492 ), #2650 ) ;
#3789 = DIRECTION ( 'NONE',  ( 0.0000000000000000000, 0.0000000000000000000, -1.000000000000000000 ) ) ;
#3790 = ORIENTED_EDGE ( 'NONE', *, *, #1166, .F. ) ;
#3791 = PLANE ( 'NONE',  #2473 ) ;
#3792 = PLANE ( 'NONE',  #2623 ) ;
#3793 = CARTESIAN_POINT ( 'NONE',  ( -9.999361009848611200, 0.8650000000000003200, 18.05898269427272900 ) ) ;
#3794 = ADVANCED_FACE ( 'NONE', ( #3387 ), #611, .F. ) ;
#3795 = FACE_OUTER_BOUND ( 'NONE', #4915, .T. ) ;
#3796 = LINE ( 'NONE', #3995, #5459 ) ;
#3797 = EDGE_LOOP ( 'NONE', ( #1339, #3569, #198, #2600 ) ) ;
#3798 = VERTEX_POINT ( 'NONE', #5042 ) ;
#3799 = EDGE_CURVE ( 'NONE', #2952, #3854, #5037, .T. ) ;
#3800 = CARTESIAN_POINT ( 'NONE',  ( -11.71898397452163600, 0.8650000000000003200, 18.10705928947618700 ) ) ;
#3801 = MECHANICAL_DESIGN_GEOMETRIC_PRESENTATION_REPRESENTATION (  '', ( #1465 ), #2566 ) ;
#3802 = DIRECTION ( 'NONE',  ( 1.000000000000000000, 0.0000000000000000000, 0.0000000000000000000 ) ) ;
#3803 = VECTOR ( 'NONE', #5920, 1000.000000000000000 ) ;
#3804 = PRESENTATION_STYLE_ASSIGNMENT (( #4310 ) ) ;
#3805 = CARTESIAN_POINT ( 'NONE',  ( -3.805246575660643100, 0.8650000000000003200, 17.80630687864909900 ) ) ;
#3806 = ORIENTED_EDGE ( 'NONE', *, *, #3132, .T. ) ;
#3807 =( NAMED_UNIT ( * ) SI_UNIT ( $, .STERADIAN. ) SOLID_ANGLE_UNIT ( ) );
#3808 = EDGE_CURVE ( 'NONE', #1629, #2647, #4617, .T. ) ;
#3809 = SURFACE_STYLE_FILL_AREA ( #3853 ) ;
#3810 =( GEOMETRIC_REPRESENTATION_CONTEXT ( 3 ) GLOBAL_UNCERTAINTY_ASSIGNED_CONTEXT ( ( #2128 ) ) GLOBAL_UNIT_ASSIGNED_CONTEXT ( ( #4825, #4268, #6939 ) ) REPRESENTATION_CONTEXT ( 'NONE', 'WORKASPACE' ) );
#3811 = ORIENTED_EDGE ( 'NONE', *, *, #4867, .T. ) ;
#3812 = B_SPLINE_CURVE_WITH_KNOTS ( 'NONE', 3,
 ( #629, #3921, #4503, #3579 ),
 .UNSPECIFIED., .F., .F.,
 ( 4, 4 ),
 ( 0.0000000000000000000, 1.000000000000000000 ),
 .UNSPECIFIED. ) ;
#3813 = CARTESIAN_POINT ( 'NONE',  ( -7.670296811569977900, 0.8650000000000003200, 17.74841020359541600 ) ) ;
#3814 = LINE ( 'NONE', #6731, #862 ) ;
#3815 = CARTESIAN_POINT ( 'NONE',  ( -3.819819616345347500, 0.8650000000000003200, 18.06263779760815400 ) ) ;
#3816 = SURFACE_STYLE_USAGE ( .BOTH. , #3274 ) ;
#3817 = SURFACE_STYLE_USAGE ( .BOTH. , #1038 ) ;
#3818 = VERTEX_POINT ( 'NONE', #3432 ) ;
#3819 = ORIENTED_EDGE ( 'NONE', *, *, #644, .F. ) ;
#3820 = ADVANCED_FACE ( 'NONE', ( #540, #1685 ), #620, .F. ) ;
#3821 = VERTEX_POINT ( 'NONE', #6705 ) ;
#3822 = CARTESIAN_POINT ( 'NONE',  ( -3.533706688394836300, 0.8653000000000004000, 17.70431948479133400 ) ) ;
#3823 = PRESENTATION_LAYER_ASSIGNMENT (  '', '', ( #3913 ) ) ;
#3824 = COLOUR_RGB ( '',1.000000000000000000, 1.000000000000000000, 1.000000000000000000 ) ;
#3825 = PRESENTATION_LAYER_ASSIGNMENT (  '', '', ( #2847 ) ) ;
#3826 = FILL_AREA_STYLE ('',( #3281 ) ) ;
#3827 = ORIENTED_EDGE ( 'NONE', *, *, #5093, .T. ) ;
#3828 = SURFACE_SIDE_STYLE ('',( #6563 ) ) ;
#3829 = ORIENTED_EDGE ( 'NONE', *, *, #2778, .F. ) ;
#3830 = UNCERTAINTY_MEASURE_WITH_UNIT (LENGTH_MEASURE( 1.000000000000000100E-005 ), #4574, 'distance_accuracy_value', 'NONE');
#3831 = SURFACE_STYLE_USAGE ( .BOTH. , #507 ) ;
#3832 = COLOUR_RGB ( '',0.0000000000000000000, 0.0000000000000000000, 1.000000000000000000 ) ;
#3833 = DIRECTION ( 'NONE',  ( -1.000000000000000000, -0.0000000000000000000, -0.0000000000000000000 ) ) ;
#3834 = PRESENTATION_LAYER_ASSIGNMENT (  '', '', ( #3078 ) ) ;
#3835 = ORIENTED_EDGE ( 'NONE', *, *, #2244, .T. ) ;
#3836 = LINE ( 'NONE', #1154, #4278 ) ;
#3837 =( NAMED_UNIT ( * ) PLANE_ANGLE_UNIT ( ) SI_UNIT ( $, .RADIAN. ) );
#3838 = UNCERTAINTY_MEASURE_WITH_UNIT (LENGTH_MEASURE( 1.000000000000000100E-005 ), #369, 'distance_accuracy_value', 'NONE');
#3839 = VERTEX_POINT ( 'NONE', #6145 ) ;
#3840 = PRESENTATION_STYLE_ASSIGNMENT (( #5694 ) ) ;
#3841 = COLOUR_RGB ( '',0.0000000000000000000, 0.0000000000000000000, 1.000000000000000000 ) ;
#3842 = PLANE ( 'NONE',  #1731 ) ;
#3843 =( NAMED_UNIT ( * ) SI_UNIT ( $, .STERADIAN. ) SOLID_ANGLE_UNIT ( ) );
#3844 = LINE ( 'NONE', #5502, #470 ) ;
#3845 = EDGE_CURVE ( 'NONE', #752, #3821, #5629, .T. ) ;
#3846 = PRESENTATION_LAYER_ASSIGNMENT (  '', '', ( #6289 ) ) ;
#3847 = SURFACE_STYLE_FILL_AREA ( #5859 ) ;
#3848 = ORIENTED_EDGE ( 'NONE', *, *, #6153, .T. ) ;
#3849 = VECTOR ( 'NONE', #4763, 1000.000000000000000 ) ;
#3850 = VECTOR ( 'NONE', #2827, 1000.000000000000000 ) ;
#3851 = DIRECTION ( 'NONE',  ( -9.130123557772669600E-017, -0.0000000000000000000, -1.000000000000000000 ) ) ;
#3852 = SURFACE_STYLE_USAGE ( .BOTH. , #4416 ) ;
#3853 = FILL_AREA_STYLE ('',( #1736 ) ) ;
#3854 = VERTEX_POINT ( 'NONE', #6338 ) ;
#3855 = ADVANCED_FACE ( 'NONE', ( #6833 ), #5728, .T. ) ;
#3856 = EDGE_CURVE ( 'NONE', #6284, #3750, #1241, .T. ) ;
#3857 = DIRECTION ( 'NONE',  ( -0.0000000000000000000, -1.000000000000000000, -0.0000000000000000000 ) ) ;
#3858 = PRESENTATION_LAYER_ASSIGNMENT (  '', '', ( #3380 ) ) ;
#3859 = DIRECTION ( 'NONE',  ( 0.0000000000000000000, 0.0000000000000000000, 1.000000000000000000 ) ) ;
#3860 =( NAMED_UNIT ( * ) PLANE_ANGLE_UNIT ( ) SI_UNIT ( $, .RADIAN. ) );
#3861 =( LENGTH_UNIT ( ) NAMED_UNIT ( * ) SI_UNIT ( .MILLI., .METRE. ) );
#3862 = VECTOR ( 'NONE', #6955, 1000.000000000000000 ) ;
#3863 = FILL_AREA_STYLE_COLOUR ( '', #1260 ) ;
#3864 = PLANE ( 'NONE',  #1446 ) ;
#3865 =( LENGTH_UNIT ( ) NAMED_UNIT ( * ) SI_UNIT ( .MILLI., .METRE. ) );
#3866 = DIRECTION ( 'NONE',  ( 0.4894465773139325400, -0.0000000000000000000, 0.8720332837430442300 ) ) ;
#3867 = PRESENTATION_STYLE_ASSIGNMENT (( #3852 ) ) ;
#3868 = SURFACE_SIDE_STYLE ('',( #1523 ) ) ;
#3869 =( NAMED_UNIT ( * ) PLANE_ANGLE_UNIT ( ) SI_UNIT ( $, .RADIAN. ) );
#3870 = CARTESIAN_POINT ( 'NONE',  ( -6.107512552934629500, 0.8653000000000004000, 17.57000169561520400 ) ) ;
#3871 = VERTEX_POINT ( 'NONE', #593 ) ;
#3872 = MECHANICAL_DESIGN_GEOMETRIC_PRESENTATION_REPRESENTATION (  '', ( #7091 ), #4206 ) ;
#3873 = CARTESIAN_POINT ( 'NONE',  ( -6.373883349586632700, 0.8653000000000004000, 17.57000169561520400 ) ) ;
#3874 = AXIS2_PLACEMENT_3D ( 'NONE', #4811, #3216, #5441 ) ;
#3875 = ORIENTED_EDGE ( 'NONE', *, *, #2999, .F. ) ;
#3876 = UNCERTAINTY_MEASURE_WITH_UNIT (LENGTH_MEASURE( 1.000000000000000100E-005 ), #626, 'distance_accuracy_value', 'NONE');
#3877 = LINE ( 'NONE', #869, #1828 ) ;
#3878 = DIRECTION ( 'NONE',  ( 1.000000000000000000, 0.0000000000000000000, -0.0000000000000000000 ) ) ;
#3879 = COLOUR_RGB ( '',0.0000000000000000000, 0.0000000000000000000, 1.000000000000000000 ) ;
#3880 = VERTEX_POINT ( 'NONE', #208 ) ;
#3881 = ORIENTED_EDGE ( 'NONE', *, *, #5086, .F. ) ;
#3882 = STYLED_ITEM ( 'NONE', ( #2590 ), #7018 ) ;
#3883 = EDGE_CURVE ( 'NONE', #6581, #2879, #1058, .T. ) ;
#3884 =( NAMED_UNIT ( * ) SI_UNIT ( $, .STERADIAN. ) SOLID_ANGLE_UNIT ( ) );
#3885 = FILL_AREA_STYLE_COLOUR ( '', #2062 ) ;
#3886 = DIRECTION ( 'NONE',  ( -0.0000000000000000000, -1.000000000000000000, -0.0000000000000000000 ) ) ;
#3887 = VERTEX_POINT ( 'NONE', #6891 ) ;
#3888 = EDGE_CURVE ( 'NONE', #7065, #4029, #186, .T. ) ;
#3889 = FILL_AREA_STYLE_COLOUR ( '', #3399 ) ;
#3890 = EDGE_LOOP ( 'NONE', ( #1125, #5316, #4933, #6636 ) ) ;
#3891 = AXIS2_PLACEMENT_3D ( 'NONE', #5816, #845, #5777 ) ;
#3892 = STYLED_ITEM ( 'NONE', ( #554 ), #3683 ) ;
#3893 = ORIENTED_EDGE ( 'NONE', *, *, #6144, .F. ) ;
#3894 =( LENGTH_UNIT ( ) NAMED_UNIT ( * ) SI_UNIT ( .MILLI., .METRE. ) );
#3895 = VERTEX_POINT ( 'NONE', #4613 ) ;
#3896 = VECTOR ( 'NONE', #3330, 1000.000000000000000 ) ;
#3897 = ORIENTED_EDGE ( 'NONE', *, *, #6383, .T. ) ;
#3898 = CARTESIAN_POINT ( 'NONE',  ( -4.440561772358937500, 0.8653000000000004000, 17.95608755419133500 ) ) ;
#3899 = ORIENTED_EDGE ( 'NONE', *, *, #6236, .F. ) ;
#3900 = ORIENTED_EDGE ( 'NONE', *, *, #3845, .F. ) ;
#3901 =( GEOMETRIC_REPRESENTATION_CONTEXT ( 3 ) GLOBAL_UNCERTAINTY_ASSIGNED_CONTEXT ( ( #3838 ) ) GLOBAL_UNIT_ASSIGNED_CONTEXT ( ( #369, #5285, #4747 ) ) REPRESENTATION_CONTEXT ( 'NONE', 'WORKASPACE' ) );
#3902 = DIRECTION ( 'NONE',  ( -0.0000000000000000000, -0.0000000000000000000, -1.000000000000000000 ) ) ;
#3903 = STYLED_ITEM ( 'NONE', ( #7022 ), #5412 ) ;
#3904 = CARTESIAN_POINT ( 'NONE',  ( -3.533706688394836300, 0.8653000000000004000, 18.06816015398052100 ) ) ;
#3905 = ORIENTED_EDGE ( 'NONE', *, *, #973, .T. ) ;
#3906 = VERTEX_POINT ( 'NONE', #6310 ) ;
#3907 = CARTESIAN_POINT ( 'NONE',  ( -4.448922305484327200, 0.8650000000000003200, 18.01574776695557000 ) ) ;
#3908 = DIRECTION ( 'NONE',  ( 1.000000000000000000, 0.0000000000000000000, 0.0000000000000000000 ) ) ;
#3909 = DIRECTION ( 'NONE',  ( -0.0000000000000000000, -1.000000000000000000, -0.0000000000000000000 ) ) ;
#3910 = LINE ( 'NONE', #2172, #6416 ) ;
#3911 = CARTESIAN_POINT ( 'NONE',  ( -3.285981471631799000, 0.8650000000000003200, 17.73318271590345700 ) ) ;
#3912 = ORIENTED_EDGE ( 'NONE', *, *, #2480, .F. ) ;
#3913 = STYLED_ITEM ( 'NONE', ( #969 ), #1503 ) ;
#3914 = UNCERTAINTY_MEASURE_WITH_UNIT (LENGTH_MEASURE( 1.000000000000000100E-005 ), #1935, 'distance_accuracy_value', 'NONE');
#3915 = SURFACE_STYLE_USAGE ( .BOTH. , #6618 ) ;
#3916 =( NAMED_UNIT ( * ) SI_UNIT ( $, .STERADIAN. ) SOLID_ANGLE_UNIT ( ) );
#3917 = DIRECTION ( 'NONE',  ( -0.0000000000000000000, -1.000000000000000000, -0.0000000000000000000 ) ) ;
#3918 =( NAMED_UNIT ( * ) SI_UNIT ( $, .STERADIAN. ) SOLID_ANGLE_UNIT ( ) );
#3919 = FACE_BOUND ( 'NONE', #3556, .T. ) ;
#3920 = ORIENTED_EDGE ( 'NONE', *, *, #2458, .F. ) ;
#3921 = CARTESIAN_POINT ( 'NONE',  ( -11.83671193562480200, 0.8653000000000004000, 18.16268604519448000 ) ) ;
#3922 = PRESENTATION_STYLE_ASSIGNMENT (( #3360 ) ) ;
#3923 = CARTESIAN_POINT ( 'NONE',  ( -8.666349520355391100, 0.8653000000000004000, 17.57000169561520400 ) ) ;
#3924 = SURFACE_STYLE_FILL_AREA ( #5598 ) ;
#3925 = MECHANICAL_DESIGN_GEOMETRIC_PRESENTATION_REPRESENTATION (  '', ( #3788 ), #720 ) ;
#3926 = SURFACE_STYLE_USAGE ( .BOTH. , #2915 ) ;
#3927 = PRESENTATION_STYLE_ASSIGNMENT (( #48 ) ) ;
#3928 = VECTOR ( 'NONE', #3157, 1000.000000000000000 ) ;
#3929 = EDGE_LOOP ( 'NONE', ( #1053, #1076, #7001, #3145 ) ) ;
#3930 = SURFACE_SIDE_STYLE ('',( #2786 ) ) ;
#3931 = CARTESIAN_POINT ( 'NONE',  ( -4.440561772358937500, 0.8650000000000003200, 18.19891092970823700 ) ) ;
#3932 = EDGE_CURVE ( 'NONE', #2434, #5276, #101, .T. ) ;
#3933 = CARTESIAN_POINT ( 'NONE',  ( -15.99999999999998600, 0.6999999999999999600, 16.00000000000000700 ) ) ;
#3934 = MECHANICAL_DESIGN_GEOMETRIC_PRESENTATION_REPRESENTATION (  '', ( #4362 ), #870 ) ;
#3935 = FACE_OUTER_BOUND ( 'NONE', #1564, .T. ) ;
#3936 = SURFACE_STYLE_FILL_AREA ( #127 ) ;
#3937 = SURFACE_SIDE_STYLE ('',( #138 ) ) ;
#3938 = CARTESIAN_POINT ( 'NONE',  ( -11.70555249530838700, 0.8653000000000004000, 18.28038506439866900 ) ) ;
#3939 =( LENGTH_UNIT ( ) NAMED_UNIT ( * ) SI_UNIT ( .MILLI., .METRE. ) );
#3940 = EDGE_CURVE ( 'NONE', #4631, #1995, #5737, .T. ) ;
#3941 = CARTESIAN_POINT ( 'NONE',  ( -7.020653954054350400, 0.8650000000000003200, 18.19891092970823700 ) ) ;
#3942 = SURFACE_STYLE_FILL_AREA ( #5331 ) ;
#3943 = MECHANICAL_DESIGN_GEOMETRIC_PRESENTATION_REPRESENTATION (  '', ( #4703 ), #2748 ) ;
#3944 = FILL_AREA_STYLE_COLOUR ( '', #3707 ) ;
#3945 = SURFACE_SIDE_STYLE ('',( #1000 ) ) ;
#3946 = CARTESIAN_POINT ( 'NONE',  ( -8.666349520355391100, 0.8653000000000004000, 17.57000169561520400 ) ) ;
#3947 =( LENGTH_UNIT ( ) NAMED_UNIT ( * ) SI_UNIT ( .MILLI., .METRE. ) );
#3948 = VECTOR ( 'NONE', #3072, 1000.000000000000000 ) ;
#3949 = B_SPLINE_CURVE_WITH_KNOTS ( 'NONE', 3,
 ( #6033, #1019, #4982, #1092 ),
 .UNSPECIFIED., .F., .F.,
 ( 4, 4 ),
 ( 0.0000000000000000000, 1.000000000000000000 ),
 .UNSPECIFIED. ) ;
#3950 = DIRECTION ( 'NONE',  ( 0.0000000000000000000, 0.0000000000000000000, 1.000000000000000000 ) ) ;
#3951 =( GEOMETRIC_REPRESENTATION_CONTEXT ( 3 ) GLOBAL_UNCERTAINTY_ASSIGNED_CONTEXT ( ( #5792 ) ) GLOBAL_UNIT_ASSIGNED_CONTEXT ( ( #4353, #1082, #1705 ) ) REPRESENTATION_CONTEXT ( 'NONE', 'WORKASPACE' ) );
#3952 = FILL_AREA_STYLE ('',( #3365 ) ) ;
#3953 = ORIENTED_EDGE ( 'NONE', *, *, #919, .F. ) ;
#3954 = AXIS2_PLACEMENT_3D ( 'NONE', #5715, #2424, #6714 ) ;
#3955 =( LENGTH_UNIT ( ) NAMED_UNIT ( * ) SI_UNIT ( .MILLI., .METRE. ) );
#3956 = LINE ( 'NONE', #509, #6698 ) ;
#3957 = ORIENTED_EDGE ( 'NONE', *, *, #4965, .T. ) ;
#3958 = UNCERTAINTY_MEASURE_WITH_UNIT (LENGTH_MEASURE( 1.000000000000000100E-005 ), #5429, 'distance_accuracy_value', 'NONE');
#3959 = PLANE ( 'NONE',  #2582 ) ;
#3960 = ORIENTED_EDGE ( 'NONE', *, *, #4833, .F. ) ;
#3961 = CARTESIAN_POINT ( 'NONE',  ( -8.666349520355391100, 0.8653000000000004000, 18.19891092970823700 ) ) ;
#3962 = FILL_AREA_STYLE ('',( #2388 ) ) ;
#3963 = MECHANICAL_DESIGN_GEOMETRIC_PRESENTATION_REPRESENTATION (  '', ( #2002 ), #2363 ) ;
#3964 = LINE ( 'NONE', #1223, #1028 ) ;
#3965 = VERTEX_POINT ( 'NONE', #2412 ) ;
#3966 = CARTESIAN_POINT ( 'NONE',  ( -4.509297700310660200, 0.8653000000000004000, 18.03834697636674300 ) ) ;
#3967 =( NAMED_UNIT ( * ) PLANE_ANGLE_UNIT ( ) SI_UNIT ( $, .RADIAN. ) );
#3968 = DIRECTION ( 'NONE',  ( -1.000000000000000000, 0.0000000000000000000, -0.0000000000000000000 ) ) ;
#3969 = VECTOR ( 'NONE', #7069, 1000.000000000000000 ) ;
#3970 =( LENGTH_UNIT ( ) NAMED_UNIT ( * ) SI_UNIT ( .MILLI., .METRE. ) );
#3971 = ORIENTED_EDGE ( 'NONE', *, *, #5151, .F. ) ;
#3972 = VERTEX_POINT ( 'NONE', #2990 ) ;
#3973 = CARTESIAN_POINT ( 'NONE',  ( -19.00000000000000400, 0.8650000000000003200, -19.00000000000000400 ) ) ;
#3974 = EDGE_LOOP ( 'NONE', ( #6142, #769, #6020, #2964, #746, #6936, #6976, #181, #6732, #2332 ) ) ;
#3975 = EDGE_CURVE ( 'NONE', #6575, #1425, #1858, .T. ) ;
#3976 = FACE_OUTER_BOUND ( 'NONE', #6904, .T. ) ;
#3977 = DIRECTION ( 'NONE',  ( -0.0000000000000000000, -0.0000000000000000000, -1.000000000000000000 ) ) ;
#3978 = CIRCLE ( 'NONE', #3217, 16.98666666666666800 ) ;
#3979 = PRODUCT_CONTEXT ( 'NONE', #5023, 'mechanical' ) ;
#3980 = ORIENTED_EDGE ( 'NONE', *, *, #4045, .T. ) ;
#3981 = ORIENTED_EDGE ( 'NONE', *, *, #2188, .F. ) ;
#3982 = ORIENTED_EDGE ( 'NONE', *, *, #3087, .T. ) ;
#3983 = EDGE_CURVE ( 'NONE', #3348, #1616, #5821, .T. ) ;
#3984 = SURFACE_SIDE_STYLE ('',( #3487 ) ) ;
#3985 = CARTESIAN_POINT ( 'NONE',  ( -5.040810504759547500, 0.8653000000000004000, 17.95608755419133500 ) ) ;
#3986 =( NAMED_UNIT ( * ) PLANE_ANGLE_UNIT ( ) SI_UNIT ( $, .RADIAN. ) );
#3987 = ORIENTED_EDGE ( 'NONE', *, *, #2787, .T. ) ;
#3988 =( GEOMETRIC_REPRESENTATION_CONTEXT ( 3 ) GLOBAL_UNCERTAINTY_ASSIGNED_CONTEXT ( ( #6435 ) ) GLOBAL_UNIT_ASSIGNED_CONTEXT ( ( #7092, #3778, #2725 ) ) REPRESENTATION_CONTEXT ( 'NONE', 'WORKASPACE' ) );
#3989 =( NAMED_UNIT ( * ) PLANE_ANGLE_UNIT ( ) SI_UNIT ( $, .RADIAN. ) );
#3990 = VERTEX_POINT ( 'NONE', #6800 ) ;
#3991 = LINE ( 'NONE', #290, #1675 ) ;
#3992 = PLANE ( 'NONE',  #2488 ) ;
#3993 = FACE_OUTER_BOUND ( 'NONE', #5364, .T. ) ;
#3994 = DIRECTION ( 'NONE',  ( 0.0000000000000000000, 0.0000000000000000000, 1.000000000000000000 ) ) ;
#3995 = CARTESIAN_POINT ( 'NONE',  ( 19.00000000000000700, 0.6999999999999999600, 19.00000000000000400 ) ) ;
#3996 = VECTOR ( 'NONE', #2468, 1000.000000000000000 ) ;
#3997 = VERTEX_POINT ( 'NONE', #3586 ) ;
#3998 = CARTESIAN_POINT ( 'NONE',  ( -12.20072210546603800, 0.8653000000000004000, 17.87908057078369900 ) ) ;
#3999 = ORIENTED_EDGE ( 'NONE', *, *, #4916, .T. ) ;
#4000 = DIRECTION ( 'NONE',  ( -1.000000000000000000, 0.0000000000000000000, 0.0000000000000000000 ) ) ;
#4001 = EDGE_CURVE ( 'NONE', #1054, #4848, #4436, .T. ) ;
#4002 = LINE ( 'NONE', #4900, #703 ) ;
#4003 = CARTESIAN_POINT ( 'NONE',  ( -3.980300214717135400, 0.8653000000000004000, 17.57251756548153000 ) ) ;
#4004 = FILL_AREA_STYLE ('',( #6102 ) ) ;
#4005 = B_SPLINE_CURVE_WITH_KNOTS ( 'NONE', 2,
 ( #1810, #2977, #1788 ),
 .UNSPECIFIED., .F., .F.,
 ( 3, 3 ),
 ( 0.0000000000000000000, 1.000000000000000000 ),
 .UNSPECIFIED. ) ;
#4006 =( LENGTH_UNIT ( ) NAMED_UNIT ( * ) SI_UNIT ( .MILLI., .METRE. ) );
#4007 = COLOUR_RGB ( '',0.0000000000000000000, 0.0000000000000000000, 1.000000000000000000 ) ;
#4008 = LINE ( 'NONE', #3941, #3113 ) ;
#4009 = CARTESIAN_POINT ( 'NONE',  ( -12.18346340461477300, 0.8650000000000003200, 17.87551710783972700 ) ) ;
#4010 = CARTESIAN_POINT ( 'NONE',  ( -5.441176461509573200, 0.8650000000000003200, 17.57000169561520400 ) ) ;
#4011 = UNCERTAINTY_MEASURE_WITH_UNIT (LENGTH_MEASURE( 1.000000000000000100E-005 ), #3955, 'distance_accuracy_value', 'NONE');
#4012 = CARTESIAN_POINT ( 'NONE',  ( -16.79166666666667100, -9.134999999999999800, -13.27564102564102600 ) ) ;
#4013 = VECTOR ( 'NONE', #3775, 1000.000000000000000 ) ;
#4014 = SURFACE_STYLE_FILL_AREA ( #3039 ) ;
#4015 =( GEOMETRIC_REPRESENTATION_CONTEXT ( 3 ) GLOBAL_UNCERTAINTY_ASSIGNED_CONTEXT ( ( #4380 ) ) GLOBAL_UNIT_ASSIGNED_CONTEXT ( ( #4031, #5170, #5362 ) ) REPRESENTATION_CONTEXT ( 'NONE', 'WORKASPACE' ) );
#4016 = SURFACE_STYLE_FILL_AREA ( #676 ) ;
#4017 = FILL_AREA_STYLE_COLOUR ( '', #2975 ) ;
#4018 = CARTESIAN_POINT ( 'NONE',  ( -4.846377213621117600, 0.8650000000000003200, 17.57000169561520400 ) ) ;
#4019 = DIRECTION ( 'NONE',  ( -0.0000000000000000000, -1.000000000000000000, -0.0000000000000000000 ) ) ;
#4020 = ORIENTED_EDGE ( 'NONE', *, *, #3700, .F. ) ;
#4021 = DIRECTION ( 'NONE',  ( 0.0000000000000000000, 1.000000000000000000, -0.0000000000000000000 ) ) ;
#4022 = COLOUR_RGB ( '',0.8980392156862745400, 0.9176470588235293700, 0.9294117647058823800 ) ;
#4023 = SURFACE_SIDE_STYLE ('',( #935 ) ) ;
#4024 = EDGE_CURVE ( 'NONE', #1589, #5644, #6645, .T. ) ;
#4025 = PLANE ( 'NONE',  #792 ) ;
#4026 = SURFACE_SIDE_STYLE ('',( #3268 ) ) ;
#4027 = STYLED_ITEM ( 'NONE', ( #5431 ), #2924 ) ;
#4028 = SURFACE_STYLE_FILL_AREA ( #1918 ) ;
#4029 = VERTEX_POINT ( 'NONE', #4644 ) ;
#4030 = PLANE ( 'NONE',  #77 ) ;
#4031 =( LENGTH_UNIT ( ) NAMED_UNIT ( * ) SI_UNIT ( .MILLI., .METRE. ) );
#4032 =( LENGTH_UNIT ( ) NAMED_UNIT ( * ) SI_UNIT ( .MILLI., .METRE. ) );
#4033 = LINE ( 'NONE', #1782, #6938 ) ;
#4034 = ORIENTED_EDGE ( 'NONE', *, *, #5151, .T. ) ;
#4035 = CARTESIAN_POINT ( 'NONE',  ( -5.245327677881258300, 0.8650000000000003200, 18.19891092970823700 ) ) ;
#4036 = DIRECTION ( 'NONE',  ( -0.0000000000000000000, -1.000000000000000000, -0.0000000000000000000 ) ) ;
#4037 = EDGE_CURVE ( 'NONE', #6725, #1672, #5563, .T. ) ;
#4038 = PRESENTATION_LAYER_ASSIGNMENT (  '', '', ( #3619 ) ) ;
#4039 = MECHANICAL_DESIGN_GEOMETRIC_PRESENTATION_REPRESENTATION (  '', ( #2701 ), #2921 ) ;
#4040 = CARTESIAN_POINT ( 'NONE',  ( -10.08184721089984500, 0.8653000000000004000, 17.58080537566368300 ) ) ;
#4041 = CARTESIAN_POINT ( 'NONE',  ( -10.34922221654372100, 0.8650000000000003200, 17.41184081926417800 ) ) ;
#4042 = CARTESIAN_POINT ( 'NONE',  ( -7.126512366852235700, 0.8653000000000004000, 17.57000169561520400 ) ) ;
#4043 = CARTESIAN_POINT ( 'NONE',  ( -17.68717948717949200, 0.8650000000000003200, -13.79123931623931700 ) ) ;
#4044 = ORIENTED_EDGE ( 'NONE', *, *, #2382, .T. ) ;
#4045 = EDGE_CURVE ( 'NONE', #3972, #1571, #705, .T. ) ;
#4046 = CARTESIAN_POINT ( 'NONE',  ( -8.261725682775729500, 0.8650000000000003200, 18.19891092970823700 ) ) ;
#4047 = MECHANICAL_DESIGN_GEOMETRIC_PRESENTATION_REPRESENTATION (  '', ( #3062 ), #4284 ) ;
#4048 =( LENGTH_UNIT ( ) NAMED_UNIT ( * ) SI_UNIT ( .MILLI., .METRE. ) );
#4049 = FILL_AREA_STYLE_COLOUR ( '', #2743 ) ;
#4050 =( LENGTH_UNIT ( ) NAMED_UNIT ( * ) SI_UNIT ( .MILLI., .METRE. ) );
#4051 = DIRECTION ( 'NONE',  ( -0.0000000000000000000, -1.000000000000000000, -0.0000000000000000000 ) ) ;
#4052 = VERTEX_POINT ( 'NONE', #2489 ) ;
#4053 = ORIENTED_EDGE ( 'NONE', *, *, #5304, .F. ) ;
#4054 = VECTOR ( 'NONE', #1256, 1000.000000000000000 ) ;
#4055 = CARTESIAN_POINT ( 'NONE',  ( -14.40000000000000200, 0.8650000000000003200, -17.60000000000000100 ) ) ;
#4056 = CARTESIAN_POINT ( 'NONE',  ( -8.640109053327426700, 0.8653000000000004000, 18.04041749469235300 ) ) ;
#4057 = STYLED_ITEM ( 'NONE', ( #3485 ), #1273 ) ;
#4058 =( NAMED_UNIT ( * ) PLANE_ANGLE_UNIT ( ) SI_UNIT ( $, .RADIAN. ) );
#4059 =( GEOMETRIC_REPRESENTATION_CONTEXT ( 3 ) GLOBAL_UNCERTAINTY_ASSIGNED_CONTEXT ( ( #6772 ) ) GLOBAL_UNIT_ASSIGNED_CONTEXT ( ( #577, #1116, #3916 ) ) REPRESENTATION_CONTEXT ( 'NONE', 'WORKASPACE' ) );
#4060 = VERTEX_POINT ( 'NONE', #6966 ) ;
#4061 = EDGE_LOOP ( 'NONE', ( #5704, #4476, #6095, #1662 ) ) ;
#4062 = DIRECTION ( 'NONE',  ( 0.0000000000000000000, 0.0000000000000000000, 1.000000000000000000 ) ) ;
#4063 = ORIENTED_EDGE ( 'NONE', *, *, #6916, .F. ) ;
#4064 = CARTESIAN_POINT ( 'NONE',  ( 17.60000000000000500, 0.8350000000000000800, 0.0000000000000000000 ) ) ;
#4065 = ORIENTED_EDGE ( 'NONE', *, *, #4740, .F. ) ;
#4066 = CARTESIAN_POINT ( 'NONE',  ( -11.16832556989444200, 0.8653000000000004000, 17.57734525350127800 ) ) ;
#4067 = CARTESIAN_POINT ( 'NONE',  ( 0.0000000000000000000, 0.8350000000000000800, -17.60000000000000100 ) ) ;
#4068 = EDGE_CURVE ( 'NONE', #2961, #3608, #4262, .T. ) ;
#4069 = STYLED_ITEM ( 'NONE', ( #2669 ), #2649 ) ;
#4070 = LINE ( 'NONE', #5823, #2605 ) ;
#4071 = CARTESIAN_POINT ( 'NONE',  ( -3.805246575660642600, 0.8650000000000003200, 17.95608755419133500 ) ) ;
#4072 = FACE_OUTER_BOUND ( 'NONE', #3649, .T. ) ;
#4073 = CARTESIAN_POINT ( 'NONE',  ( -4.846377213621117600, 0.8653000000000004000, 18.19891092970823700 ) ) ;
#4074 = ORIENTED_EDGE ( 'NONE', *, *, #3689, .T. ) ;
#4075 =( NAMED_UNIT ( * ) PLANE_ANGLE_UNIT ( ) SI_UNIT ( $, .RADIAN. ) );
#4076 = DIRECTION ( 'NONE',  ( -0.0000000000000000000, -0.0000000000000000000, -1.000000000000000000 ) ) ;
#4077 = VECTOR ( 'NONE', #4471, 1000.000000000000000 ) ;
#4078 = SURFACE_SIDE_STYLE ('',( #4187 ) ) ;
#4079 = ORIENTED_EDGE ( 'NONE', *, *, #54, .F. ) ;
#4080 = EDGE_CURVE ( 'NONE', #5613, #1120, #209, .T. ) ;
#4081 = ORIENTED_EDGE ( 'NONE', *, *, #499, .T. ) ;
#4082 = STYLED_ITEM ( 'NONE', ( #2903 ), #3299 ) ;
#4083 = VERTEX_POINT ( 'NONE', #872 ) ;
#4084 = VECTOR ( 'NONE', #2162, 1000.000000000000000 ) ;
#4085 = SURFACE_STYLE_USAGE ( .BOTH. , #213 ) ;
#4086 = EDGE_LOOP ( 'NONE', ( #6376, #4425, #1687, #2849, #987, #2060, #3059, #2034, #1886, #1509 ) ) ;
#4087 = LINE ( 'NONE', #3322, #6901 ) ;
#4088 =( NAMED_UNIT ( * ) PLANE_ANGLE_UNIT ( ) SI_UNIT ( $, .RADIAN. ) );
#4089 = ORIENTED_EDGE ( 'NONE', *, *, #1220, .T. ) ;
#4090 = ORIENTED_EDGE ( 'NONE', *, *, #2645, .F. ) ;
#4091 = LINE ( 'NONE', #6341, #2625 ) ;
#4092 = EDGE_CURVE ( 'NONE', #1132, #2161, #5123, .T. ) ;
#4093 = CARTESIAN_POINT ( 'NONE',  ( -4.050786439046619900, 0.8650000000000003200, 18.04350418491232900 ) ) ;
#4094 = FILL_AREA_STYLE ('',( #1836 ) ) ;
#4095 = FILL_AREA_STYLE_COLOUR ( '', #1619 ) ;
#4096 = CARTESIAN_POINT ( 'NONE',  ( 31.44318348357383600, 1.364629079620785400, -21.32638074069098600 ) ) ;
#4097 = COLOUR_RGB ( '',1.000000000000000000, 1.000000000000000000, 1.000000000000000000 ) ;
#4098 = ORIENTED_EDGE ( 'NONE', *, *, #1209, .F. ) ;
#4099 = CARTESIAN_POINT ( 'NONE',  ( -17.68717948717949200, 0.8650000000000003200, -13.79123931623931700 ) ) ;
#4100 = SURFACE_STYLE_USAGE ( .BOTH. , #6822 ) ;
#4101 = CYLINDRICAL_SURFACE ( 'NONE', #1626, 0.1999999999999987900 ) ;
#4102 =( NAMED_UNIT ( * ) SI_UNIT ( $, .STERADIAN. ) SOLID_ANGLE_UNIT ( ) );
#4104 = STYLED_ITEM ( 'NONE', ( #6251 ), #932 ) ;
#4103 =( NAMED_UNIT ( * ) SI_UNIT ( $, .STERADIAN. ) SOLID_ANGLE_UNIT ( ) );
#4105 = UNCERTAINTY_MEASURE_WITH_UNIT (LENGTH_MEASURE( 1.000000000000000100E-005 ), #7123, 'distance_accuracy_value', 'NONE');
#4106 = DIRECTION ( 'NONE',  ( -0.0000000000000000000, -0.0000000000000000000, -1.000000000000000000 ) ) ;
#4107 =( NAMED_UNIT ( * ) SI_UNIT ( $, .STERADIAN. ) SOLID_ANGLE_UNIT ( ) );
#4108 = ADVANCED_FACE ( 'NONE', ( #5906 ), #1440, .F. ) ;
#4109 = FACE_OUTER_BOUND ( 'NONE', #5810, .T. ) ;
#4110 = ORIENTED_EDGE ( 'NONE', *, *, #2920, .T. ) ;
#4111 = CARTESIAN_POINT ( 'NONE',  ( -5.040810504759547500, 0.8650000000000003200, 17.57000169561520400 ) ) ;
#4112 = AXIS2_PLACEMENT_3D ( 'NONE', #3092, #3684, #851 ) ;
#4113 = LINE ( 'NONE', #5489, #2729 ) ;
#4114 = ORIENTED_EDGE ( 'NONE', *, *, #6383, .F. ) ;
#4115 =( NAMED_UNIT ( * ) SI_UNIT ( $, .STERADIAN. ) SOLID_ANGLE_UNIT ( ) );
#4116 = CARTESIAN_POINT ( 'NONE',  ( -10.02340811491857600, 0.8650000000000003200, 17.64729074430271200 ) ) ;
#4117 =( NAMED_UNIT ( * ) SI_UNIT ( $, .STERADIAN. ) SOLID_ANGLE_UNIT ( ) );
#4118 = COLOUR_RGB ( '',1.000000000000000000, 1.000000000000000000, 1.000000000000000000 ) ;
#4119 = DIRECTION ( 'NONE',  ( -0.0000000000000000000, -1.000000000000000000, -0.0000000000000000000 ) ) ;
#4120 = STYLED_ITEM ( 'NONE', ( #3264 ), #7034 ) ;
#4121 = EDGE_CURVE ( 'NONE', #7093, #3045, #613, .T. ) ;
#4122 = SURFACE_STYLE_USAGE ( .BOTH. , #4166 ) ;
#4123 = DIRECTION ( 'NONE',  ( -0.0000000000000000000, 1.000000000000000000, -0.0000000000000000000 ) ) ;
#4124 = STYLED_ITEM ( 'NONE', ( #6859 ), #3136 ) ;
#4125 = DIRECTION ( 'NONE',  ( 0.0000000000000000000, -1.000000000000000000, 0.0000000000000000000 ) ) ;
#4126 = SURFACE_STYLE_FILL_AREA ( #1327 ) ;
#4127 = CARTESIAN_POINT ( 'NONE',  ( -8.666349520355391100, 0.8653000000000004000, 18.19891092970823700 ) ) ;
#4128 = VECTOR ( 'NONE', #4917, 1000.000000000000000 ) ;
#4129 =( LENGTH_UNIT ( ) NAMED_UNIT ( * ) SI_UNIT ( .MILLI., .METRE. ) );
#4130 = EDGE_CURVE ( 'NONE', #6610, #270, #14, .T. ) ;
#4131 = FILL_AREA_STYLE ('',( #1205 ) ) ;
#4132 =( GEOMETRIC_REPRESENTATION_CONTEXT ( 3 ) GLOBAL_UNCERTAINTY_ASSIGNED_CONTEXT ( ( #1906 ) ) GLOBAL_UNIT_ASSIGNED_CONTEXT ( ( #1510, #6445, #7039 ) ) REPRESENTATION_CONTEXT ( 'NONE', 'WORKASPACE' ) );
#4133 = CARTESIAN_POINT ( 'NONE',  ( -3.845161075207352400, 0.8650000000000003200, 18.19891092970823700 ) ) ;
#4134 =( GEOMETRIC_REPRESENTATION_CONTEXT ( 3 ) GLOBAL_UNCERTAINTY_ASSIGNED_CONTEXT ( ( #550 ) ) GLOBAL_UNIT_ASSIGNED_CONTEXT ( ( #6407, #4807, #1994 ) ) REPRESENTATION_CONTEXT ( 'NONE', 'WORKASPACE' ) );
#4135 = ORIENTED_EDGE ( 'NONE', *, *, #3567, .T. ) ;
#4136 = CARTESIAN_POINT ( 'NONE',  ( -10.83205225423109400, 0.8650000000000003200, 17.30830367580641400 ) ) ;
#4137 =( NAMED_UNIT ( * ) SI_UNIT ( $, .STERADIAN. ) SOLID_ANGLE_UNIT ( ) );
#4138 = CARTESIAN_POINT ( 'NONE',  ( 2.242502245694283600, 1.365000000000000000, 16.84695676214037300 ) ) ;
#4139 = AXIS2_PLACEMENT_3D ( 'NONE', #1598, #992, #1529 ) ;
#4140 = FILL_AREA_STYLE ('',( #4710 ) ) ;
#4141 = UNCERTAINTY_MEASURE_WITH_UNIT (LENGTH_MEASURE( 1.000000000000000100E-005 ), #2126, 'distance_accuracy_value', 'NONE');
#4142 = ORIENTED_EDGE ( 'NONE', *, *, #2611, .T. ) ;
#4143 = SURFACE_STYLE_FILL_AREA ( #6755 ) ;
#4144 =( LENGTH_UNIT ( ) NAMED_UNIT ( * ) SI_UNIT ( .MILLI., .METRE. ) );
#4145 = DIRECTION ( 'NONE',  ( -1.000000000000000000, -0.0000000000000000000, -0.0000000000000000000 ) ) ;
#4146 = ORIENTED_EDGE ( 'NONE', *, *, #6078, .F. ) ;
#4147 = B_SPLINE_CURVE_WITH_KNOTS ( 'NONE', 3,
 ( #5330, #962, #20, #1661 ),
 .UNSPECIFIED., .F., .F.,
 ( 4, 4 ),
 ( 0.0000000000000000000, 1.000000000000000000 ),
 .UNSPECIFIED. ) ;
#4148 = SURFACE_SIDE_STYLE ('',( #2461 ) ) ;
#4149 = FILL_AREA_STYLE_COLOUR ( '', #3824 ) ;
#4150 = UNCERTAINTY_MEASURE_WITH_UNIT (LENGTH_MEASURE( 1.000000000000000100E-005 ), #1184, 'distance_accuracy_value', 'NONE');
#4151 = AXIS2_PLACEMENT_3D ( 'NONE', #1982, #6368, #3077 ) ;
#4152 = SURFACE_STYLE_USAGE ( .BOTH. , #2491 ) ;
#4153 = VECTOR ( 'NONE', #4947, 1000.000000000000000 ) ;
#4154 = VERTEX_POINT ( 'NONE', #4785 ) ;
#4155 = ORIENTED_EDGE ( 'NONE', *, *, #1690, .F. ) ;
#4156 = PRESENTATION_STYLE_ASSIGNMENT (( #4152 ) ) ;
#4157 =( LENGTH_UNIT ( ) NAMED_UNIT ( * ) SI_UNIT ( .MILLI., .METRE. ) );
#4158 = COLOUR_RGB ( '',1.000000000000000000, 1.000000000000000000, 1.000000000000000000 ) ;
#4159 = VERTEX_POINT ( 'NONE', #2604 ) ;
#4160 = SURFACE_STYLE_USAGE ( .BOTH. , #2004 ) ;
#4161 = CARTESIAN_POINT ( 'NONE',  ( -11.03499367637736700, 0.8653000000000004000, 18.28837119949456600 ) ) ;
#4162 = VERTEX_POINT ( 'NONE', #5343 ) ;
#4163 = EDGE_LOOP ( 'NONE', ( #6995, #7045, #5740, #2271 ) ) ;
#4164 = PRESENTATION_LAYER_ASSIGNMENT (  '', '', ( #3172 ) ) ;
#4165 = EDGE_LOOP ( 'NONE', ( #3388, #1725, #955, #5734, #3164, #3893, #4354, #4504, #6398, #6567, #6943, #147, #1793 ) ) ;
#4166 = SURFACE_SIDE_STYLE ('',( #3065 ) ) ;
#4167 = EDGE_LOOP ( 'NONE', ( #1023, #167, #4946, #1321 ) ) ;
#4168 = CARTESIAN_POINT ( 'NONE',  ( -3.533706688394836300, 0.8653000000000004000, 17.80630687864909900 ) ) ;
#4169 = PRESENTATION_STYLE_ASSIGNMENT (( #5780 ) ) ;
#4170 =( NAMED_UNIT ( * ) SI_UNIT ( $, .STERADIAN. ) SOLID_ANGLE_UNIT ( ) );
#4171 = DIRECTION ( 'NONE',  ( -0.0000000000000000000, 0.0000000000000000000, -1.000000000000000000 ) ) ;
#4172 = FACE_OUTER_BOUND ( 'NONE', #5794, .T. ) ;
#4173 = EDGE_CURVE ( 'NONE', #3285, #599, #2367, .T. ) ;
#4174 =( NAMED_UNIT ( * ) PLANE_ANGLE_UNIT ( ) SI_UNIT ( $, .RADIAN. ) );
#4175 = VECTOR ( 'NONE', #823, 1000.000000000000000 ) ;
#4176 = ADVANCED_FACE ( 'NONE', ( #6072 ), #1461, .F. ) ;
#4177 = ORIENTED_EDGE ( 'NONE', *, *, #3888, .T. ) ;
#4178 = AXIS2_PLACEMENT_3D ( 'NONE', #4279, #1008, #5372 ) ;
#4179 = CARTESIAN_POINT ( 'NONE',  ( -12.18056257477258500, 0.8650000000000003200, 17.89797427332903700 ) ) ;
#4180 = ORIENTED_EDGE ( 'NONE', *, *, #2327, .T. ) ;
#4181 = LINE ( 'NONE', #4921, #3296 ) ;
#4182 = FILL_AREA_STYLE_COLOUR ( '', #5606 ) ;
#4183 = CARTESIAN_POINT ( 'NONE',  ( -11.56451976543143600, 0.8650000000000003200, 18.55149399258303000 ) ) ;
#4184 = CARTESIAN_POINT ( 'NONE',  ( -3.805246575660643100, 0.8650000000000003200, 17.95608755419133500 ) ) ;
#4185 = FACE_BOUND ( 'NONE', #4319, .T. ) ;
#4186 = EDGE_CURVE ( 'NONE', #5532, #5532, #4352, .T. ) ;
#4187 = SURFACE_STYLE_FILL_AREA ( #4615 ) ;
#4188 = CARTESIAN_POINT ( 'NONE',  ( -11.35694869901765500, 0.8650000000000003200, 18.35180538768315700 ) ) ;
#4189 = FILL_AREA_STYLE_COLOUR ( '', #2146 ) ;
#4190 = CARTESIAN_POINT ( 'NONE',  ( -4.440561772358937500, 0.8653000000000004000, 17.57000169561520400 ) ) ;
#4191 = SURFACE_STYLE_FILL_AREA ( #16 ) ;
#4192 = UNCERTAINTY_MEASURE_WITH_UNIT (LENGTH_MEASURE( 1.000000000000000100E-005 ), #886, 'distance_accuracy_value', 'NONE');
#4193 = CARTESIAN_POINT ( 'NONE',  ( -10.08184721089984500, 0.8650000000000003200, 17.58080537566368300 ) ) ;
#4194 = CARTESIAN_POINT ( 'NONE',  ( -3.480278174149926200, 0.8650000000000003200, 17.73318271590345700 ) ) ;
#4195 = SURFACE_STYLE_FILL_AREA ( #3137 ) ;
#4196 = VECTOR ( 'NONE', #398, 1000.000000000000000 ) ;
#4197 = STYLED_ITEM ( 'NONE', ( #4357 ), #1332 ) ;
#4198 = SURFACE_STYLE_USAGE ( .BOTH. , #5394 ) ;
#4199 =( GEOMETRIC_REPRESENTATION_CONTEXT ( 3 ) GLOBAL_UNCERTAINTY_ASSIGNED_CONTEXT ( ( #383 ) ) GLOBAL_UNIT_ASSIGNED_CONTEXT ( ( #6201, #2384, #3445 ) ) REPRESENTATION_CONTEXT ( 'NONE', 'WORKASPACE' ) );
#4200 =( NAMED_UNIT ( * ) PLANE_ANGLE_UNIT ( ) SI_UNIT ( $, .RADIAN. ) );
#4202 = CARTESIAN_POINT ( 'NONE',  ( -6.107512552934629500, 0.8653000000000004000, 18.19891092970823700 ) ) ;
#4201 = FACE_OUTER_BOUND ( 'NONE', #1194, .T. ) ;
#4203 = ORIENTED_EDGE ( 'NONE', *, *, #3046, .T. ) ;
#4204 = LINE ( 'NONE', #6982, #1001 ) ;
#4205 = CARTESIAN_POINT ( 'NONE',  ( -17.14444444444444900, 0.8650000000000003200, -13.27564102564102600 ) ) ;
#4206 =( GEOMETRIC_REPRESENTATION_CONTEXT ( 3 ) GLOBAL_UNCERTAINTY_ASSIGNED_CONTEXT ( ( #1604 ) ) GLOBAL_UNIT_ASSIGNED_CONTEXT ( ( #3525, #4088, #753 ) ) REPRESENTATION_CONTEXT ( 'NONE', 'WORKASPACE' ) );
#4207 = ADVANCED_FACE ( 'NONE', ( #2877 ), #6379, .F. ) ;
#4208 = CARTESIAN_POINT ( 'NONE',  ( -3.877881027603348000, 0.8653000000000004000, 17.57000169561520400 ) ) ;
#4209 = FACE_OUTER_BOUND ( 'NONE', #5722, .T. ) ;
#4210 = PLANE ( 'NONE',  #4215 ) ;
#4211 = CARTESIAN_POINT ( 'NONE',  ( -11.81742751645830200, 0.8653000000000004000, 18.13643311436219800 ) ) ;
#4212 = LINE ( 'NONE', #2884, #1289 ) ;
#4213 = EDGE_CURVE ( 'NONE', #1215, #96, #5993, .T. ) ;
#4214 = DIRECTION ( 'NONE',  ( -0.0000000000000000000, 1.000000000000000000, -0.0000000000000000000 ) ) ;
#4215 = AXIS2_PLACEMENT_3D ( 'NONE', #5377, #4359, #991 ) ;
#4216 = CARTESIAN_POINT ( 'NONE',  ( -12.22652025571572300, 0.8650000000000003200, 18.13617373217540800 ) ) ;
#4217 = EDGE_LOOP ( 'NONE', ( #2027, #5994, #4920, #5976 ) ) ;
#4218 = PRESENTATION_STYLE_ASSIGNMENT (( #4100 ) ) ;
#4219 = CARTESIAN_POINT ( 'NONE',  ( -12.20072210546603800, 0.8653000000000004000, 17.87908057078369900 ) ) ;
#4220 = VECTOR ( 'NONE', #3909, 1000.000000000000000 ) ;
#4221 = ORIENTED_EDGE ( 'NONE', *, *, #2064, .T. ) ;
#4222 = DIRECTION ( 'NONE',  ( 1.000000000000000000, 0.0000000000000000000, 0.0000000000000000000 ) ) ;
#4223 = EDGE_CURVE ( 'NONE', #2300, #860, #2194, .T. ) ;
#4224 = ORIENTED_EDGE ( 'NONE', *, *, #3375, .T. ) ;
#4225 = SURFACE_SIDE_STYLE ('',( #6932 ) ) ;
#4226 = MECHANICAL_DESIGN_GEOMETRIC_PRESENTATION_REPRESENTATION (  '', ( #6791 ), #4134 ) ;
#4227 = EDGE_LOOP ( 'NONE', ( #842, #420, #5698, #2196 ) ) ;
#4228 = UNCERTAINTY_MEASURE_WITH_UNIT (LENGTH_MEASURE( 1.000000000000000100E-005 ), #2147, 'distance_accuracy_value', 'NONE');
#4229 = DIRECTION ( 'NONE',  ( 0.0000000000000000000, 0.0000000000000000000, 1.000000000000000000 ) ) ;
#4230 = ORIENTED_EDGE ( 'NONE', *, *, #6561, .F. ) ;
#4231 =( NAMED_UNIT ( * ) SI_UNIT ( $, .STERADIAN. ) SOLID_ANGLE_UNIT ( ) );
#4232 = SURFACE_STYLE_USAGE ( .BOTH. , #6355 ) ;
#4233 = VERTEX_POINT ( 'NONE', #1649 ) ;
#4234 = EDGE_LOOP ( 'NONE', ( #3827, #2929, #5007, #1202 ) ) ;
#4235 = SURFACE_STYLE_FILL_AREA ( #2670 ) ;
#4236 = PRESENTATION_LAYER_ASSIGNMENT (  '', '', ( #745 ) ) ;
#4237 = MECHANICAL_DESIGN_GEOMETRIC_PRESENTATION_REPRESENTATION (  '', ( #1901 ), #159 ) ;
#4238 = ADVANCED_FACE ( 'NONE', ( #1947 ), #5991, .F. ) ;
#4239 = ORIENTED_EDGE ( 'NONE', *, *, #3755, .T. ) ;
#4240 = CARTESIAN_POINT ( 'NONE',  ( -5.245327677881258300, 0.8650000000000003200, 18.19891092970823700 ) ) ;
#4241 = CARTESIAN_POINT ( 'NONE',  ( -12.18515224144049300, 0.8653000000000004000, 17.88701189099145200 ) ) ;
#4242 = CARTESIAN_POINT ( 'NONE',  ( -11.85712424806710200, 0.8653000000000004000, 17.60912567376661600 ) ) ;
#4243 = ADVANCED_FACE ( 'NONE', ( #5896 ), #7113, .F. ) ;
#4244 = VECTOR ( 'NONE', #2484, 1000.000000000000000 ) ;
#4245 = CARTESIAN_POINT ( 'NONE',  ( -17.68717948717949200, 0.8650000000000003200, -14.14401709401709400 ) ) ;
#4246 = EDGE_LOOP ( 'NONE', ( #5493, #707, #4524 ) ) ;
#4247 = MECHANICAL_DESIGN_GEOMETRIC_PRESENTATION_REPRESENTATION (  '', ( #2901 ), #6448 ) ;
#4248 = CARTESIAN_POINT ( 'NONE',  ( -3.533706688394836300, 0.8650000000000003200, 17.80630687864909900 ) ) ;
#4249 = MECHANICAL_DESIGN_GEOMETRIC_PRESENTATION_REPRESENTATION (  '', ( #5601 ), #4625 ) ;
#4250 = CARTESIAN_POINT ( 'NONE',  ( -7.858984287663347800, 0.8653000000000004000, 18.19891092970823700 ) ) ;
#4252 = ORIENTED_EDGE ( 'NONE', *, *, #6927, .F. ) ;
#4251 =( NAMED_UNIT ( * ) SI_UNIT ( $, .STERADIAN. ) SOLID_ANGLE_UNIT ( ) );
#4253 = VERTEX_POINT ( 'NONE', #5511 ) ;
#4254 = ORIENTED_EDGE ( 'NONE', *, *, #818, .T. ) ;
#4255 = ORIENTED_EDGE ( 'NONE', *, *, #6637, .T. ) ;
#4256 = VECTOR ( 'NONE', #828, 1000.000000000000000 ) ;
#4257 = CARTESIAN_POINT ( 'NONE',  ( -3.533706688394836300, 0.8650000000000003200, 18.06816015398052100 ) ) ;
#4258 = CARTESIAN_POINT ( 'NONE',  ( -5.042400408945069600, 0.8653000000000004000, 18.11744349335409900 ) ) ;
#4259 =( NAMED_UNIT ( * ) SI_UNIT ( $, .STERADIAN. ) SOLID_ANGLE_UNIT ( ) );
#4260 = PRESENTATION_STYLE_ASSIGNMENT (( #113 ) ) ;
#4261 = PLANE ( 'NONE',  #2519 ) ;
#4262 = LINE ( 'NONE', #2630, #2713 ) ;
#4263 = STYLED_ITEM ( 'NONE', ( #2762 ), #7066 ) ;
#4264 = ORIENTED_EDGE ( 'NONE', *, *, #4465, .T. ) ;
#4265 = EDGE_CURVE ( 'NONE', #123, #1114, #2530, .T. ) ;
#4266 = ORIENTED_EDGE ( 'NONE', *, *, #5528, .T. ) ;
#4267 = AXIS2_PLACEMENT_3D ( 'NONE', #1811, #1911, #4598 ) ;
#4268 =( NAMED_UNIT ( * ) PLANE_ANGLE_UNIT ( ) SI_UNIT ( $, .RADIAN. ) );
#4269 = CARTESIAN_POINT ( 'NONE',  ( -9.981614088852071000, 0.8653000000000004000, 17.99397935232808600 ) ) ;
#4270 = ORIENTED_EDGE ( 'NONE', *, *, #386, .F. ) ;
#4271 = DIRECTION ( 'NONE',  ( -1.000000000000000000, -0.0000000000000000000, -0.0000000000000000000 ) ) ;
#4272 = EDGE_CURVE ( 'NONE', #3527, #495, #6490, .T. ) ;
#4273 = MECHANICAL_DESIGN_GEOMETRIC_PRESENTATION_REPRESENTATION (  '', ( #5530 ), #2789 ) ;
#4274 = PRESENTATION_LAYER_ASSIGNMENT (  '', '', ( #6156 ) ) ;
#4275 = CARTESIAN_POINT ( 'NONE',  ( -17.60000000000000100, 0.8650000000000003200, -17.40000000000000200 ) ) ;
#4276 = FACE_OUTER_BOUND ( 'NONE', #954, .T. ) ;
#4277 = ADVANCED_FACE ( 'NONE', ( #863 ), #1048, .F. ) ;
#4278 = VECTOR ( 'NONE', #82, 1000.000000000000000 ) ;
#4279 = CARTESIAN_POINT ( 'NONE',  ( 14.60000000000000100, 0.8650000000000003200, 17.40000000000000600 ) ) ;
#4280 = LINE ( 'NONE', #1627, #4630 ) ;
#4281 = ORIENTED_EDGE ( 'NONE', *, *, #1456, .T. ) ;
#4282 =( LENGTH_UNIT ( ) NAMED_UNIT ( * ) SI_UNIT ( .MILLI., .METRE. ) );
#4283 = AXIS2_PLACEMENT_3D ( 'NONE', #2005, #6956, #3083 ) ;
#4284 =( GEOMETRIC_REPRESENTATION_CONTEXT ( 3 ) GLOBAL_UNCERTAINTY_ASSIGNED_CONTEXT ( ( #149 ) ) GLOBAL_UNIT_ASSIGNED_CONTEXT ( ( #867, #6444, #3088 ) ) REPRESENTATION_CONTEXT ( 'NONE', 'WORKASPACE' ) );
#4285 = SURFACE_STYLE_USAGE ( .BOTH. , #2574 ) ;
#4286 = DIRECTION ( 'NONE',  ( -0.0000000000000000000, -1.000000000000000000, -0.0000000000000000000 ) ) ;
#4287 = SURFACE_STYLE_FILL_AREA ( #5612 ) ;
#4288 = CARTESIAN_POINT ( 'NONE',  ( -16.98020067915675200, 1.363887651569859700, -0.4686462845356421700 ) ) ;
#4289 = ORIENTED_EDGE ( 'NONE', *, *, #5675, .T. ) ;
#4290 = VECTOR ( 'NONE', #3058, 1000.000000000000000 ) ;
#4291 = CARTESIAN_POINT ( 'NONE',  ( -5.441176461509573200, 0.8653000000000004000, 17.57000169561520400 ) ) ;
#4292 = B_SPLINE_CURVE_WITH_KNOTS ( 'NONE', 2,
 ( #2299, #475, #2689 ),
 .UNSPECIFIED., .F., .F.,
 ( 3, 3 ),
 ( 0.0000000000000000000, 1.000000000000000000 ),
 .UNSPECIFIED. ) ;
#4293 =( LENGTH_UNIT ( ) NAMED_UNIT ( * ) SI_UNIT ( .MILLI., .METRE. ) );
#4294 = AXIS2_PLACEMENT_3D ( 'NONE', #4395, #5513, #2208 ) ;
#4295 = DIRECTION ( 'NONE',  ( -1.000000000000000000, -0.0000000000000000000, -0.0000000000000000000 ) ) ;
#4296 = PRESENTATION_LAYER_ASSIGNMENT (  '', '', ( #4669 ) ) ;
#4297 = COLOUR_RGB ( '',1.000000000000000000, 1.000000000000000000, 1.000000000000000000 ) ;
#4298 = DIRECTION ( 'NONE',  ( -0.0000000000000000000, -0.0000000000000000000, 1.000000000000000000 ) ) ;
#4299 = CARTESIAN_POINT ( 'NONE',  ( -5.441176461509573200, 0.8653000000000004000, 17.57000169561520400 ) ) ;
#4300 =( NAMED_UNIT ( * ) PLANE_ANGLE_UNIT ( ) SI_UNIT ( $, .RADIAN. ) );
#4301 = LINE ( 'NONE', #5641, #6438 ) ;
#4302 = CARTESIAN_POINT ( 'NONE',  ( -12.56999046327798700, 0.8650000000000003200, 17.29695286030937100 ) ) ;
#4303 = SURFACE_SIDE_STYLE ('',( #2391 ) ) ;
#4304 = VECTOR ( 'NONE', #923, 1000.000000000000000 ) ;
#4305 = EDGE_CURVE ( 'NONE', #3552, #3540, #4972, .T. ) ;
#4306 = CARTESIAN_POINT ( 'NONE',  ( -3.498733725402992900, 0.8653000000000004000, 17.71131771904516200 ) ) ;
#4307 = MECHANICAL_DESIGN_GEOMETRIC_PRESENTATION_REPRESENTATION (  '', ( #365 ), #3691 ) ;
#4308 = SURFACE_SIDE_STYLE ('',( #971 ) ) ;
#4309 = SURFACE_SIDE_STYLE ('',( #824 ) ) ;
#4310 = SURFACE_STYLE_USAGE ( .BOTH. , #5430 ) ;
#4311 = ADVANCED_FACE ( 'NONE', ( #4853 ), #6498, .T. ) ;
#4312 = ORIENTED_EDGE ( 'NONE', *, *, #464, .F. ) ;
#4313 = ADVANCED_FACE ( 'NONE', ( #6313 ), #5620, .F. ) ;
#4314 = DIRECTION ( 'NONE',  ( -0.0000000000000000000, -1.000000000000000000, -0.0000000000000000000 ) ) ;
#4315 = EDGE_CURVE ( 'NONE', #4848, #6491, #1756, .T. ) ;
#4316 = DIRECTION ( 'NONE',  ( -0.0000000000000000000, -1.000000000000000000, -0.0000000000000000000 ) ) ;
#4317 = DIRECTION ( 'NONE',  ( -1.000000000000000000, 0.0000000000000000000, 0.0000000000000000000 ) ) ;
#4318 = FILL_AREA_STYLE ('',( #3753 ) ) ;
#4319 = EDGE_LOOP ( 'NONE', ( #4264, #850, #3107, #6987, #609, #616, #1663, #2963, #3028, #6967, #5380, #1317 ) ) ;
#4320 = SURFACE_SIDE_STYLE ('',( #5314 ) ) ;
#4321 = EDGE_CURVE ( 'NONE', #3640, #771, #1326, .T. ) ;
#4322 = DIRECTION ( 'NONE',  ( -1.000000000000000000, -0.0000000000000000000, -0.0000000000000000000 ) ) ;
#4323 = UNCERTAINTY_MEASURE_WITH_UNIT (LENGTH_MEASURE( 1.000000000000000100E-005 ), #7024, 'distance_accuracy_value', 'NONE');
#4324 = CARTESIAN_POINT ( 'NONE',  ( -9.443704833392827100, 0.8653000000000004000, 17.57000169561520400 ) ) ;
#4325 = ORIENTED_EDGE ( 'NONE', *, *, #133, .F. ) ;
#4326 = AXIS2_PLACEMENT_3D ( 'NONE', #1482, #4317, #6965 ) ;
#4327 = LINE ( 'NONE', #6504, #260 ) ;
#4328 = CARTESIAN_POINT ( 'NONE',  ( -4.846377213621117600, 0.8653000000000004000, 18.19891092970823700 ) ) ;
#4329 =( NAMED_UNIT ( * ) PLANE_ANGLE_UNIT ( ) SI_UNIT ( $, .RADIAN. ) );
#4330 = CARTESIAN_POINT ( 'NONE',  ( -4.509297700310660200, 0.8650000000000003200, 18.03834697636674300 ) ) ;
#4331 = SURFACE_STYLE_USAGE ( .BOTH. , #461 ) ;
#4332 = VERTEX_POINT ( 'NONE', #4984 ) ;
#4333 = LINE ( 'NONE', #1614, #2102 ) ;
#4334 =( GEOMETRIC_REPRESENTATION_CONTEXT ( 3 ) GLOBAL_UNCERTAINTY_ASSIGNED_CONTEXT ( ( #949 ) ) GLOBAL_UNIT_ASSIGNED_CONTEXT ( ( #1280, #5077, #1841 ) ) REPRESENTATION_CONTEXT ( 'NONE', 'WORKASPACE' ) );
#4335 = PLANE ( 'NONE',  #3341 ) ;
#4336 =( GEOMETRIC_REPRESENTATION_CONTEXT ( 3 ) GLOBAL_UNCERTAINTY_ASSIGNED_CONTEXT ( ( #3914 ) ) GLOBAL_UNIT_ASSIGNED_CONTEXT ( ( #1935, #6933, #4115 ) ) REPRESENTATION_CONTEXT ( 'NONE', 'WORKASPACE' ) );
#4337 = CARTESIAN_POINT ( 'NONE',  ( -8.859375071189683500, 0.8653000000000004000, 17.57000169561520400 ) ) ;
#4338 = ORIENTED_EDGE ( 'NONE', *, *, #732, .F. ) ;
#4339 = DIRECTION ( 'NONE',  ( -0.0000000000000000000, -1.000000000000000000, -0.0000000000000000000 ) ) ;
#4340 = VERTEX_POINT ( 'NONE', #1696 ) ;
#4341 = CARTESIAN_POINT ( 'NONE',  ( -17.68717948717949200, -9.134999999999999800, -13.79123931623931700 ) ) ;
#4342 = ORIENTED_EDGE ( 'NONE', *, *, #1334, .F. ) ;
#4343 = VECTOR ( 'NONE', #6839, 1000.000000000000000 ) ;
#4344 = PLANE ( 'NONE',  #2084 ) ;
#4345 = ADVANCED_FACE ( 'NONE', ( #6635 ), #2265, .F. ) ;
#4346 = ORIENTED_EDGE ( 'NONE', *, *, #2339, .T. ) ;
#4347 = ORIENTED_EDGE ( 'NONE', *, *, #603, .T. ) ;
#4348 = PRESENTATION_LAYER_ASSIGNMENT (  '', '', ( #3734 ) ) ;
#4349 = SURFACE_STYLE_USAGE ( .BOTH. , #7070 ) ;
#4350 = PLANE ( 'NONE',  #1070 ) ;
#4351 = SURFACE_STYLE_FILL_AREA ( #2009 ) ;
#4352 = CIRCLE ( 'NONE', #2387, 2.000000000000010700 ) ;
#4353 =( LENGTH_UNIT ( ) NAMED_UNIT ( * ) SI_UNIT ( .MILLI., .METRE. ) );
#4354 = ORIENTED_EDGE ( 'NONE', *, *, #5650, .F. ) ;
#4355 = ORIENTED_EDGE ( 'NONE', *, *, #3689, .F. ) ;
#4356 =( NAMED_UNIT ( * ) SI_UNIT ( $, .STERADIAN. ) SOLID_ANGLE_UNIT ( ) );
#4357 = PRESENTATION_STYLE_ASSIGNMENT (( #3632 ) ) ;
#4358 =( NAMED_UNIT ( * ) PLANE_ANGLE_UNIT ( ) SI_UNIT ( $, .RADIAN. ) );
#4359 = DIRECTION ( 'NONE',  ( 0.0000000000000000000, 1.000000000000000000, 0.0000000000000000000 ) ) ;
#4360 =( LENGTH_UNIT ( ) NAMED_UNIT ( * ) SI_UNIT ( .MILLI., .METRE. ) );
#4361 = EDGE_CURVE ( 'NONE', #1030, #5590, #1414, .T. ) ;
#4362 = STYLED_ITEM ( 'NONE', ( #2148 ), #3239 ) ;
#4363 = DIRECTION ( 'NONE',  ( 1.000000000000000000, -0.0000000000000000000, -0.0000000000000000000 ) ) ;
#4364 = ORIENTED_EDGE ( 'NONE', *, *, #6067, .F. ) ;
#4365 = FILL_AREA_STYLE ('',( #4437 ) ) ;
#4366 = VECTOR ( 'NONE', #4725, 1000.000000000000000 ) ;
#4367 =( NAMED_UNIT ( * ) PLANE_ANGLE_UNIT ( ) SI_UNIT ( $, .RADIAN. ) );
#4368 = UNCERTAINTY_MEASURE_WITH_UNIT (LENGTH_MEASURE( 1.000000000000000100E-005 ), #3023, 'distance_accuracy_value', 'NONE');
#4369 = EDGE_CURVE ( 'NONE', #1757, #599, #5983, .T. ) ;
#4370 = DIRECTION ( 'NONE',  ( 0.0000000000000000000, 0.0000000000000000000, 1.000000000000000000 ) ) ;
#4371 = LINE ( 'NONE', #4996, #1341 ) ;
#4372 = STYLED_ITEM ( 'NONE', ( #6385 ), #4847 ) ;
#4373 = MECHANICAL_DESIGN_GEOMETRIC_PRESENTATION_REPRESENTATION (  '', ( #6693 ), #7068 ) ;
#4374 = DIRECTION ( 'NONE',  ( 0.0000000000000000000, 0.0000000000000000000, 1.000000000000000000 ) ) ;
#4375 = VECTOR ( 'NONE', #6377, 1000.000000000000000 ) ;
#4376 = EDGE_LOOP ( 'NONE', ( #2443 ) ) ;
#4377 = CARTESIAN_POINT ( 'NONE',  ( -17.14444444444444900, 0.8650000000000003200, -14.14401709401709400 ) ) ;
#4378 = PLANE ( 'NONE',  #3143 ) ;
#4379 = VECTOR ( 'NONE', #7125, 1000.000000000000000 ) ;
#4380 = UNCERTAINTY_MEASURE_WITH_UNIT (LENGTH_MEASURE( 1.000000000000000100E-005 ), #4031, 'distance_accuracy_value', 'NONE');
#4381 = PLANE ( 'NONE',  #1533 ) ;
#4382 = COLOUR_RGB ( '',0.0000000000000000000, 0.0000000000000000000, 1.000000000000000000 ) ;
#4383 = EDGE_CURVE ( 'NONE', #1589, #4052, #1041, .T. ) ;
#4384 = CARTESIAN_POINT ( 'NONE',  ( -10.34922221654372100, 0.8653000000000004000, 17.41184081926417800 ) ) ;
#4385 = MECHANICAL_DESIGN_GEOMETRIC_PRESENTATION_REPRESENTATION (  '', ( #3250 ), #4976 ) ;
#4386 = CARTESIAN_POINT ( 'NONE',  ( -3.970043588799281300, 0.8653000000000004000, 17.94936220014565400 ) ) ;
#4387 = DIRECTION ( 'NONE',  ( -0.0000000000000000000, -1.000000000000000000, -0.0000000000000000000 ) ) ;
#4388 = DIRECTION ( 'NONE',  ( -0.0000000000000000000, -1.000000000000000000, -0.0000000000000000000 ) ) ;
#4389 = CARTESIAN_POINT ( 'NONE',  ( -7.670296811569977900, 0.8653000000000004000, 17.74841020359541600 ) ) ;
#4390 = PLANE ( 'NONE',  #2385 ) ;
#4391 = PRESENTATION_LAYER_ASSIGNMENT (  '', '', ( #2901 ) ) ;
#4392 = FILL_AREA_STYLE ('',( #7061 ) ) ;
#4393 = STYLED_ITEM ( 'NONE', ( #3208 ), #6230 ) ;
#4394 = COLOUR_RGB ( '',0.8980392156862745400, 0.9176470588235293700, 0.9294117647058823800 ) ;
#4395 = CARTESIAN_POINT ( 'NONE',  ( -11.23753380405498700, 0.8653000000000004000, 18.12071934854415300 ) ) ;
#4396 = CARTESIAN_POINT ( 'NONE',  ( -3.490475019533605000, 0.8653000000000004000, 17.70388433774292400 ) ) ;
#4397 = CARTESIAN_POINT ( 'NONE',  ( -5.912976898943594700, 0.8653000000000004000, 17.74841020359541600 ) ) ;
#4398 = ORIENTED_EDGE ( 'NONE', *, *, #4559, .F. ) ;
#4399 = SURFACE_STYLE_USAGE ( .BOTH. , #57 ) ;
#4400 = COLOUR_RGB ( '',0.0000000000000000000, 0.0000000000000000000, 1.000000000000000000 ) ;
#4401 =( GEOMETRIC_REPRESENTATION_CONTEXT ( 3 ) GLOBAL_UNCERTAINTY_ASSIGNED_CONTEXT ( ( #4141 ) ) GLOBAL_UNIT_ASSIGNED_CONTEXT ( ( #2126, #7006, #2071 ) ) REPRESENTATION_CONTEXT ( 'NONE', 'WORKASPACE' ) );
#4402 = FILL_AREA_STYLE_COLOUR ( '', #635 ) ;
#4403 = EDGE_CURVE ( 'NONE', #6638, #5124, #3551, .T. ) ;
#4404 = AXIS2_PLACEMENT_3D ( 'NONE', #1986, #4704, #5284 ) ;
#4405 = CARTESIAN_POINT ( 'NONE',  ( -3.845161075207352000, 0.8653000000000004000, 18.04350418491232900 ) ) ;
#4406 = ORIENTED_EDGE ( 'NONE', *, *, #5675, .F. ) ;
#4407 = CARTESIAN_POINT ( 'NONE',  ( -4.039429389673068200, 0.8653000000000004000, 17.92601187586819100 ) ) ;
#4408 = LINE ( 'NONE', #6239, #663 ) ;
#4409 = CARTESIAN_POINT ( 'NONE',  ( -10.11630518186262900, 0.8653000000000004000, 18.17812954696020000 ) ) ;
#4410 = FACE_OUTER_BOUND ( 'NONE', #5192, .T. ) ;
#4411 = ORIENTED_EDGE ( 'NONE', *, *, #2833, .F. ) ;
#4412 = ORIENTED_EDGE ( 'NONE', *, *, #4495, .T. ) ;
#4413 = EDGE_CURVE ( 'NONE', #967, #7071, #7073, .T. ) ;
#4414 = ORIENTED_EDGE ( 'NONE', *, *, #4541, .T. ) ;
#4415 =( GEOMETRIC_REPRESENTATION_CONTEXT ( 3 ) GLOBAL_UNCERTAINTY_ASSIGNED_CONTEXT ( ( #1086 ) ) GLOBAL_UNIT_ASSIGNED_CONTEXT ( ( #4839, #2597, #993 ) ) REPRESENTATION_CONTEXT ( 'NONE', 'WORKASPACE' ) );
#4416 = SURFACE_SIDE_STYLE ('',( #5604 ) ) ;
#4417 = STYLED_ITEM ( 'NONE', ( #6010 ), #3779 ) ;
#4418 = VECTOR ( 'NONE', #5499, 1000.000000000000000 ) ;
#4419 = UNCERTAINTY_MEASURE_WITH_UNIT (LENGTH_MEASURE( 1.000000000000000100E-005 ), #4988, 'distance_accuracy_value', 'NONE');
#4420 = EDGE_LOOP ( 'NONE', ( #6238, #868, #3295, #3102 ) ) ;
#4421 = CARTESIAN_POINT ( 'NONE',  ( -8.331996323616325000, 0.8650000000000003200, 18.03834697636674300 ) ) ;
#4422 = EDGE_CURVE ( 'NONE', #1562, #967, #5539, .T. ) ;
#4423 =( NAMED_UNIT ( * ) SI_UNIT ( $, .STERADIAN. ) SOLID_ANGLE_UNIT ( ) );
#4424 =( NAMED_UNIT ( * ) PLANE_ANGLE_UNIT ( ) SI_UNIT ( $, .RADIAN. ) );
#4425 = ORIENTED_EDGE ( 'NONE', *, *, #1433, .T. ) ;
#4426 = CARTESIAN_POINT ( 'NONE',  ( -9.981614088852072800, 0.8650000000000003200, 17.99397935232808600 ) ) ;
#4427 = LINE ( 'NONE', #1257, #6137 ) ;
#4428 = CARTESIAN_POINT ( 'NONE',  ( -3.480278174149926200, 0.8653000000000004000, 17.73318271590345700 ) ) ;
#4429 = ORIENTED_EDGE ( 'NONE', *, *, #6163, .F. ) ;
#4430 = ORIENTED_EDGE ( 'NONE', *, *, #2327, .F. ) ;
#4431 = ORIENTED_EDGE ( 'NONE', *, *, #2200, .F. ) ;
#4432 = CARTESIAN_POINT ( 'NONE',  ( -8.666349520355391100, 0.8653000000000004000, 18.19891092970823700 ) ) ;
#4433 = ORIENTED_EDGE ( 'NONE', *, *, #5835, .F. ) ;
#4434 =( NAMED_UNIT ( * ) SI_UNIT ( $, .STERADIAN. ) SOLID_ANGLE_UNIT ( ) );
#4435 = PLANE ( 'NONE',  #1236 ) ;
#4436 = LINE ( 'NONE', #1975, #2202 ) ;
#4437 = FILL_AREA_STYLE_COLOUR ( '', #1636 ) ;
#4438 = EDGE_LOOP ( 'NONE', ( #5642, #4993, #6413, #1388 ) ) ;
#4439 = SURFACE_SIDE_STYLE ('',( #605 ) ) ;
#4440 = ORIENTED_EDGE ( 'NONE', *, *, #1559, .F. ) ;
#4441 = CIRCLE ( 'NONE', #6937, 0.1999999999999987900 ) ;
#4442 = DIRECTION ( 'NONE',  ( 0.0000000000000000000, 1.000000000000000000, 0.0000000000000000000 ) ) ;
#4443 = AXIS2_PLACEMENT_3D ( 'NONE', #7137, #6037, #3859 ) ;
#4444 = EDGE_LOOP ( 'NONE', ( #4114 ) ) ;
#4445 = EDGE_CURVE ( 'NONE', #1995, #69, #2859, .T. ) ;
#4446 = AXIS2_PLACEMENT_3D ( 'NONE', #7098, #5497, #3186 ) ;
#4447 = SURFACE_SIDE_STYLE ('',( #2556 ) ) ;
#4448 = COLOUR_RGB ( '',1.000000000000000000, 1.000000000000000000, 1.000000000000000000 ) ;
#4449 = FACE_OUTER_BOUND ( 'NONE', #3453, .T. ) ;
#4450 = DIRECTION ( 'NONE',  ( 1.000000000000000000, 0.0000000000000000000, -0.0000000000000000000 ) ) ;
#4451 = LINE ( 'NONE', #1852, #2549 ) ;
#4452 = EDGE_CURVE ( 'NONE', #1268, #4491, #7, .T. ) ;
#4453 = DIRECTION ( 'NONE',  ( -0.0000000000000000000, -1.000000000000000000, -0.0000000000000000000 ) ) ;
#4454 =( GEOMETRIC_REPRESENTATION_CONTEXT ( 3 ) GLOBAL_UNCERTAINTY_ASSIGNED_CONTEXT ( ( #5496 ) ) GLOBAL_UNIT_ASSIGNED_CONTEXT ( ( #1469, #2493, #880 ) ) REPRESENTATION_CONTEXT ( 'NONE', 'WORKASPACE' ) );
#4455 = VECTOR ( 'NONE', #2763, 1000.000000000000000 ) ;
#4456 = UNCERTAINTY_MEASURE_WITH_UNIT (LENGTH_MEASURE( 1.000000000000000100E-005 ), #2541, 'distance_accuracy_value', 'NONE');
#4457 = LINE ( 'NONE', #2784, #1360 ) ;
#4458 = CARTESIAN_POINT ( 'NONE',  ( -17.60000000000000100, 0.8650000000000003200, -17.60000000000000100 ) ) ;
#4459 = CARTESIAN_POINT ( 'NONE',  ( -11.26524202843952200, 0.8653000000000004000, 17.30830367580641400 ) ) ;
#4460 = CARTESIAN_POINT ( 'NONE',  ( -4.440561772358937500, 0.8653000000000004000, 18.19891092970823700 ) ) ;
#4461 = SURFACE_STYLE_USAGE ( .BOTH. , #535 ) ;
#4462 = FACE_OUTER_BOUND ( 'NONE', #6216, .T. ) ;
#4463 = ORIENTED_EDGE ( 'NONE', *, *, #3315, .T. ) ;
#4464 = PRESENTATION_STYLE_ASSIGNMENT (( #5801 ) ) ;
#4465 = EDGE_CURVE ( 'NONE', #622, #1052, #6805, .T. ) ;
#4466 = CARTESIAN_POINT ( 'NONE',  ( -9.971997813562577300, 0.8650000000000003200, 17.77774013301958800 ) ) ;
#4467 = LINE ( 'NONE', #2358, #4655 ) ;
#4468 = FILL_AREA_STYLE_COLOUR ( '', #3363 ) ;
#4469 = DIRECTION ( 'NONE',  ( 0.0000000000000000000, 0.0000000000000000000, -1.000000000000000000 ) ) ;
#4470 = STYLED_ITEM ( 'NONE', ( #1602 ), #515 ) ;
#4471 = DIRECTION ( 'NONE',  ( 0.0000000000000000000, 0.0000000000000000000, -1.000000000000000000 ) ) ;
#4472 = CARTESIAN_POINT ( 'NONE',  ( -3.533706688394836300, 0.8653000000000004000, 17.95608755419133500 ) ) ;
#4473 = CARTESIAN_POINT ( 'NONE',  ( -9.639949665254722100, 0.8653000000000004000, 18.19891092970823700 ) ) ;
#4474 = CARTESIAN_POINT ( 'NONE',  ( -11.38148973210040000, 0.8653000000000004000, 17.65943422164950500 ) ) ;
#4475 = STYLED_ITEM ( 'NONE', ( #1313 ), #6505 ) ;
#4476 = ORIENTED_EDGE ( 'NONE', *, *, #1729, .F. ) ;
#4477 = CARTESIAN_POINT ( 'NONE',  ( -11.81742751645830200, 0.8650000000000003200, 18.13643311436219800 ) ) ;
#4478 = VECTOR ( 'NONE', #2411, 1000.000000000000000 ) ;
#4479 = VECTOR ( 'NONE', #4635, 1000.000000000000000 ) ;
#4480 = DIRECTION ( 'NONE',  ( 0.0000000000000000000, 0.0000000000000000000, -1.000000000000000000 ) ) ;
#4481 = DIRECTION ( 'NONE',  ( -0.8716810279419693300, 0.0000000000000000000, -0.4900736531645339400 ) ) ;
#4482 = ORIENTED_EDGE ( 'NONE', *, *, #4130, .T. ) ;
#4483 = ORIENTED_EDGE ( 'NONE', *, *, #5608, .F. ) ;
#4484 = EDGE_LOOP ( 'NONE', ( #1830, #1311, #5623, #519 ) ) ;
#4485 = PRESENTATION_LAYER_ASSIGNMENT (  '', '', ( #4636 ) ) ;
#4486 = EDGE_CURVE ( 'NONE', #3818, #1826, #2852, .T. ) ;
#4487 = STYLED_ITEM ( 'NONE', ( #3253 ), #2684 ) ;
#4488 = FILL_AREA_STYLE_COLOUR ( '', #1420 ) ;
#4489 = CARTESIAN_POINT ( 'NONE',  ( -6.831133247271061700, 0.8650000000000003200, 18.19891092970823700 ) ) ;
#4490 = ORIENTED_EDGE ( 'NONE', *, *, #2188, .T. ) ;
#4491 = VERTEX_POINT ( 'NONE', #4577 ) ;
#4492 = DIRECTION ( 'NONE',  ( -0.4759965258014645100, -0.0000000000000000000, 0.8794471601096541800 ) ) ;
#4493 = LINE ( 'NONE', #2609, #2346 ) ;
#4494 = FACE_OUTER_BOUND ( 'NONE', #6668, .T. ) ;
#4495 = EDGE_CURVE ( 'NONE', #1120, #5613, #6086, .T. ) ;
#4496 = UNCERTAINTY_MEASURE_WITH_UNIT (LENGTH_MEASURE( 1.000000000000000100E-005 ), #4006, 'distance_accuracy_value', 'NONE');
#4497 = DIRECTION ( 'NONE',  ( -1.000000000000000000, 0.0000000000000000000, 0.0000000000000000000 ) ) ;
#4498 = ORIENTED_EDGE ( 'NONE', *, *, #3767, .T. ) ;
#4499 = STYLED_ITEM ( 'NONE', ( #5597 ), #5162 ) ;
#4500 = CARTESIAN_POINT ( 'NONE',  ( -4.980000601216056000, 0.8653000000000004000, 18.18774322547260900 ) ) ;
#4501 = ORIENTED_EDGE ( 'NONE', *, *, #3189, .T. ) ;
#4502 = PRESENTATION_STYLE_ASSIGNMENT (( #3414 ) ) ;
#4503 = CARTESIAN_POINT ( 'NONE',  ( -11.35694869901765500, 0.8653000000000004000, 18.35180538768315700 ) ) ;
#4504 = ORIENTED_EDGE ( 'NONE', *, *, #5521, .F. ) ;
#4505 = ORIENTED_EDGE ( 'NONE', *, *, #4305, .T. ) ;
#4506 = DIRECTION ( 'NONE',  ( -0.0000000000000000000, -1.000000000000000000, -0.0000000000000000000 ) ) ;
#4507 = EDGE_LOOP ( 'NONE', ( #994, #7000, #7128, #6816 ) ) ;
#4508 = LINE ( 'NONE', #1374, #5028 ) ;
#4509 = SURFACE_STYLE_USAGE ( .BOTH. , #3945 ) ;
#4510 = PRESENTATION_LAYER_ASSIGNMENT (  '', '', ( #2799 ) ) ;
#4511 = FILL_AREA_STYLE ('',( #5082 ) ) ;
#4512 = STYLED_ITEM ( 'NONE', ( #33 ), #5804 ) ;
#4513 = COLOUR_RGB ( '',0.0000000000000000000, 0.0000000000000000000, 1.000000000000000000 ) ;
#4514 = PLANE ( 'NONE',  #66 ) ;
#4515 = ORIENTED_EDGE ( 'NONE', *, *, #5164, .T. ) ;
#4516 = ORIENTED_EDGE ( 'NONE', *, *, #1118, .T. ) ;
#4517 =( NAMED_UNIT ( * ) SI_UNIT ( $, .STERADIAN. ) SOLID_ANGLE_UNIT ( ) );
#4518 = CARTESIAN_POINT ( 'NONE',  ( -3.886121799076965200, 0.8653000000000004000, 17.71658061441629400 ) ) ;
#4519 = APPLICATION_CONTEXT ( 'automotive_design' ) ;
#4520 = ORIENTED_EDGE ( 'NONE', *, *, #6736, .T. ) ;
#4521 = VECTOR ( 'NONE', #7030, 1000.000000000000000 ) ;
#4522 = VECTOR ( 'NONE', #3558, 1000.000000000000000 ) ;
#4523 = PRESENTATION_STYLE_ASSIGNMENT (( #419 ) ) ;
#4524 = ORIENTED_EDGE ( 'NONE', *, *, #242, .F. ) ;
#4525 = AXIS2_PLACEMENT_3D ( 'NONE', #3568, #1925, #2415 ) ;
#4526 = VECTOR ( 'NONE', #6340, 1000.000000000000000 ) ;
#4527 = FILL_AREA_STYLE ('',( #5050 ) ) ;
#4528 = CARTESIAN_POINT ( 'NONE',  ( 17.40000000000000600, 0.8650000000000003200, 16.19999999999999900 ) ) ;
#4529 = VECTOR ( 'NONE', #3081, 1000.000000000000000 ) ;
#4530 = FACE_OUTER_BOUND ( 'NONE', #2231, .T. ) ;
#4531 = CARTESIAN_POINT ( 'NONE',  ( -11.29027920413558300, 0.8653000000000004000, 18.45133746945663600 ) ) ;
#4532 = CARTESIAN_POINT ( 'NONE',  ( -11.70555249530838700, 0.8650000000000003200, 18.28038506439866900 ) ) ;
#4533 = FACE_BOUND ( 'NONE', #287, .T. ) ;
#4534 = VECTOR ( 'NONE', #4633, 1000.000000000000000 ) ;
#4535 = VECTOR ( 'NONE', #6830, 1000.000000000000000 ) ;
#4536 = PLANE ( 'NONE',  #1493 ) ;
#4537 =( GEOMETRIC_REPRESENTATION_CONTEXT ( 3 ) GLOBAL_UNCERTAINTY_ASSIGNED_CONTEXT ( ( #1676 ) ) GLOBAL_UNIT_ASSIGNED_CONTEXT ( ( #1673, #32, #4968 ) ) REPRESENTATION_CONTEXT ( 'NONE', 'WORKASPACE' ) );
#4538 = ORIENTED_EDGE ( 'NONE', *, *, #1868, .T. ) ;
#4539 = FACE_OUTER_BOUND ( 'NONE', #5481, .T. ) ;
#4540 = LINE ( 'NONE', #4676, #2220 ) ;
#4541 = EDGE_CURVE ( 'NONE', #4340, #771, #1745, .T. ) ;
#4542 = SURFACE_STYLE_USAGE ( .BOTH. , #103 ) ;
#4543 = MECHANICAL_DESIGN_GEOMETRIC_PRESENTATION_REPRESENTATION (  '', ( #4069 ), #5929 ) ;
#4544 = PLANE ( 'NONE',  #2263 ) ;
#4545 = CARTESIAN_POINT ( 'NONE',  ( -17.40000000000000200, 0.8350000000000000800, -16.19999999999999900 ) ) ;
#4546 = SURFACE_SIDE_STYLE ('',( #4016 ) ) ;
#4547 = ORIENTED_EDGE ( 'NONE', *, *, #4173, .T. ) ;
#4548 = CARTESIAN_POINT ( 'NONE',  ( -8.666349520355391100, 0.8650000000000003200, 17.57000169561520400 ) ) ;
#4549 =( NAMED_UNIT ( * ) SI_UNIT ( $, .STERADIAN. ) SOLID_ANGLE_UNIT ( ) );
#4550 = UNCERTAINTY_MEASURE_WITH_UNIT (LENGTH_MEASURE( 1.000000000000000100E-005 ), #5064, 'distance_accuracy_value', 'NONE');
#4551 = SURFACE_STYLE_USAGE ( .BOTH. , #117 ) ;
#4552 = EDGE_CURVE ( 'NONE', #5865, #5548, #5889, .T. ) ;
#4553 = PRESENTATION_LAYER_ASSIGNMENT (  '', '', ( #928 ) ) ;
#4554 = DIRECTION ( 'NONE',  ( 0.0000000000000000000, 0.0000000000000000000, -1.000000000000000000 ) ) ;
#4555 = FILL_AREA_STYLE ('',( #1191 ) ) ;
#4556 = FILL_AREA_STYLE_COLOUR ( '', #6186 ) ;
#4557 = FILL_AREA_STYLE ('',( #5053 ) ) ;
#4558 = CARTESIAN_POINT ( 'NONE',  ( -12.18056257477258500, 0.8653000000000004000, 17.89797427332903700 ) ) ;
#4559 = EDGE_CURVE ( 'NONE', #6574, #1097, #6470, .T. ) ;
#4560 = CARTESIAN_POINT ( 'NONE',  ( -10.40100737467328800, 0.8650000000000003200, 18.34262767591853600 ) ) ;
#4561 = FACE_OUTER_BOUND ( 'NONE', #698, .T. ) ;
#4562 = FILL_AREA_STYLE_COLOUR ( '', #1713 ) ;
#4563 = DIRECTION ( 'NONE',  ( 0.0000000000000000000, 1.000000000000000000, 0.0000000000000000000 ) ) ;
#4564 =( NAMED_UNIT ( * ) SI_UNIT ( $, .STERADIAN. ) SOLID_ANGLE_UNIT ( ) );
#4565 = LINE ( 'NONE', #6871, #3074 ) ;
#4566 =( NAMED_UNIT ( * ) SI_UNIT ( $, .STERADIAN. ) SOLID_ANGLE_UNIT ( ) );
#4567 = MECHANICAL_DESIGN_GEOMETRIC_PRESENTATION_REPRESENTATION (  '', ( #5915 ), #2352 ) ;
#4568 = CARTESIAN_POINT ( 'NONE',  ( -3.805246575660642600, 0.8653000000000004000, 17.95608755419133500 ) ) ;
#4569 = VERTEX_POINT ( 'NONE', #5161 ) ;
#4570 = STYLED_ITEM ( 'NONE', ( #5745 ), #5931 ) ;
#4571 = CARTESIAN_POINT ( 'NONE',  ( -8.599024758810749300, 0.8653000000000004000, 18.03834697636674300 ) ) ;
#4572 = VECTOR ( 'NONE', #3491, 1000.000000000000000 ) ;
#4573 = ORIENTED_EDGE ( 'NONE', *, *, #3669, .F. ) ;
#4574 =( LENGTH_UNIT ( ) NAMED_UNIT ( * ) SI_UNIT ( .MILLI., .METRE. ) );
#4575 = ORIENTED_EDGE ( 'NONE', *, *, #280, .F. ) ;
#4576 = DIRECTION ( 'NONE',  ( -0.0000000000000000000, -1.000000000000000000, -0.0000000000000000000 ) ) ;
#4577 = CARTESIAN_POINT ( 'NONE',  ( -14.60000000000000100, 0.8350000000000000800, -17.60000000000000100 ) ) ;
#4578 = COLOUR_RGB ( '',0.0000000000000000000, 0.0000000000000000000, 1.000000000000000000 ) ;
#4579 = STYLED_ITEM ( 'NONE', ( #5383 ), #2015 ) ;
#4580 = SURFACE_STYLE_USAGE ( .BOTH. , #6697 ) ;
#4581 = ORIENTED_EDGE ( 'NONE', *, *, #3808, .T. ) ;
#4582 = CARTESIAN_POINT ( 'NONE',  ( -4.050786439046619900, 0.8650000000000003200, 17.70431948479133400 ) ) ;
#4583 = CARTESIAN_POINT ( 'NONE',  ( -7.858984287663347800, 0.8653000000000004000, 17.57000169561520400 ) ) ;
#4584 = DIRECTION ( 'NONE',  ( 0.0000000000000000000, 0.0000000000000000000, 1.000000000000000000 ) ) ;
#4585 = LINE ( 'NONE', #4922, #4930 ) ;
#4586 = DIRECTION ( 'NONE',  ( 0.0000000000000000000, -1.000000000000000000, -0.0000000000000000000 ) ) ;
#4587 = ORIENTED_EDGE ( 'NONE', *, *, #1566, .T. ) ;
#4588 = DIRECTION ( 'NONE',  ( 1.000000000000000000, -0.0000000000000000000, -0.0000000000000000000 ) ) ;
#4589 = EDGE_CURVE ( 'NONE', #1398, #3463, #3451, .T. ) ;
#4590 = FILL_AREA_STYLE ('',( #5180 ) ) ;
#4591 = UNCERTAINTY_MEASURE_WITH_UNIT (LENGTH_MEASURE( 1.000000000000000100E-005 ), #6447, 'distance_accuracy_value', 'NONE');
#4592 = VERTEX_POINT ( 'NONE', #1792 ) ;
#4593 = SURFACE_STYLE_FILL_AREA ( #6829 ) ;
#4594 = PRESENTATION_STYLE_ASSIGNMENT (( #3499 ) ) ;
#4595 = EDGE_CURVE ( 'NONE', #6491, #1845, #6981, .T. ) ;
#4596 =( NAMED_UNIT ( * ) SI_UNIT ( $, .STERADIAN. ) SOLID_ANGLE_UNIT ( ) );
#4597 = PRESENTATION_LAYER_ASSIGNMENT (  '', '', ( #4703 ) ) ;
#4598 = DIRECTION ( 'NONE',  ( 0.0000000000000000000, 0.0000000000000000000, 1.000000000000000000 ) ) ;
#4599 = ORIENTED_EDGE ( 'NONE', *, *, #6194, .F. ) ;
#4600 = ORIENTED_EDGE ( 'NONE', *, *, #5395, .T. ) ;
#4601 =( GEOMETRIC_REPRESENTATION_CONTEXT ( 3 ) GLOBAL_UNCERTAINTY_ASSIGNED_CONTEXT ( ( #6017 ) ) GLOBAL_UNIT_ASSIGNED_CONTEXT ( ( #2176, #5417, #443 ) ) REPRESENTATION_CONTEXT ( 'NONE', 'WORKASPACE' ) );
#4602 = DIRECTION ( 'NONE',  ( 9.130123557772669600E-017, 0.0000000000000000000, 1.000000000000000000 ) ) ;
#4603 = ORIENTED_EDGE ( 'NONE', *, *, #6461, .F. ) ;
#4604 = VECTOR ( 'NONE', #4453, 1000.000000000000000 ) ;
#4605 = CARTESIAN_POINT ( 'NONE',  ( -11.56451976543143600, 0.8653000000000004000, 18.55149399258303000 ) ) ;
#4606 =( NAMED_UNIT ( * ) PLANE_ANGLE_UNIT ( ) SI_UNIT ( $, .RADIAN. ) );
#4607 = VECTOR ( 'NONE', #4051, 1000.000000000000000 ) ;
#4608 = ORIENTED_EDGE ( 'NONE', *, *, #6, .T. ) ;
#4609 = ORIENTED_EDGE ( 'NONE', *, *, #5382, .T. ) ;
#4610 = SURFACE_STYLE_USAGE ( .BOTH. , #4026 ) ;
#4611 = CARTESIAN_POINT ( 'NONE',  ( -10.85635636153174500, 0.8653000000000004000, 18.44626050294931100 ) ) ;
#4612 = VECTOR ( 'NONE', #6996, 1000.000000000000000 ) ;
#4613 = CARTESIAN_POINT ( 'NONE',  ( -8.666349520355391100, 0.8650000000000003200, 17.95608755419133500 ) ) ;
#4614 = B_SPLINE_CURVE_WITH_KNOTS ( 'NONE', 3,
 ( #3911, #1643, #6091, #2741 ),
 .UNSPECIFIED., .F., .F.,
 ( 4, 4 ),
 ( 0.0000000000000000000, 1.000000000000000000 ),
 .UNSPECIFIED. ) ;
#4615 = FILL_AREA_STYLE ('',( #3496 ) ) ;
#4616 = DIRECTION ( 'NONE',  ( -0.0000000000000000000, -1.000000000000000000, -0.0000000000000000000 ) ) ;
#4617 = CIRCLE ( 'NONE', #6602, 0.1999999999999987900 ) ;
#4618 = EDGE_LOOP ( 'NONE', ( #1606 ) ) ;
#4619 =( NAMED_UNIT ( * ) SI_UNIT ( $, .STERADIAN. ) SOLID_ANGLE_UNIT ( ) );
#4620 = LINE ( 'NONE', #2509, #4711 ) ;
#4621 = CARTESIAN_POINT ( 'NONE',  ( -5.912976898943594700, 0.8653000000000004000, 18.19891092970823700 ) ) ;
#4622 = SURFACE_STYLE_FILL_AREA ( #3645 ) ;
#4623 = MECHANICAL_DESIGN_GEOMETRIC_PRESENTATION_REPRESENTATION (  '', ( #2731 ), #1542 ) ;
#4624 = PRESENTATION_STYLE_ASSIGNMENT (( #6059 ) ) ;
#4625 =( GEOMETRIC_REPRESENTATION_CONTEXT ( 3 ) GLOBAL_UNCERTAINTY_ASSIGNED_CONTEXT ( ( #5960 ) ) GLOBAL_UNIT_ASSIGNED_CONTEXT ( ( #472, #6476, #426 ) ) REPRESENTATION_CONTEXT ( 'NONE', 'WORKASPACE' ) );
#4626 = FILL_AREA_STYLE ('',( #2923 ) ) ;
#4627 = CARTESIAN_POINT ( 'NONE',  ( -7.417444033374493100, 0.8653000000000004000, 18.19891092970823700 ) ) ;
#4628 = DIRECTION ( 'NONE',  ( -1.000000000000000000, -0.0000000000000000000, -0.0000000000000000000 ) ) ;
#4629 = DIRECTION ( 'NONE',  ( -0.0000000000000000000, -1.000000000000000000, -0.0000000000000000000 ) ) ;
#4630 = VECTOR ( 'NONE', #4339, 1000.000000000000000 ) ;
#4631 = VERTEX_POINT ( 'NONE', #1893 ) ;
#4632 = COLOUR_RGB ( '',0.0000000000000000000, 0.0000000000000000000, 1.000000000000000000 ) ;
#4633 = DIRECTION ( 'NONE',  ( -0.0000000000000000000, -1.000000000000000000, -0.0000000000000000000 ) ) ;
#4634 = LINE ( 'NONE', #1730, #3850 ) ;
#4635 = DIRECTION ( 'NONE',  ( 1.000000000000000000, 0.0000000000000000000, 0.0000000000000000000 ) ) ;
#4636 = STYLED_ITEM ( 'NONE', ( #6614 ), #7010 ) ;
#4637 = EDGE_CURVE ( 'NONE', #3454, #2428, #6608, .T. ) ;
#4638 = CARTESIAN_POINT ( 'NONE',  ( -3.533706688394836300, 0.8650000000000003200, 17.95608755419133500 ) ) ;
#4639 = FILL_AREA_STYLE_COLOUR ( '', #1916 ) ;
#4640 = STYLED_ITEM ( 'NONE', ( #2234 ), #3162 ) ;
#4641 = SURFACE_STYLE_FILL_AREA ( #1949 ) ;
#4642 = ORIENTED_EDGE ( 'NONE', *, *, #2214, .T. ) ;
#4643 = CARTESIAN_POINT ( 'NONE',  ( -6.107512552934629500, 0.8653000000000004000, 17.57000169561520400 ) ) ;
#4644 = CARTESIAN_POINT ( 'NONE',  ( -7.273932997101369800, 0.8650000000000003200, 18.19891092970823700 ) ) ;
#4645 = UNCERTAINTY_MEASURE_WITH_UNIT (LENGTH_MEASURE( 1.000000000000000100E-005 ), #5100, 'distance_accuracy_value', 'NONE');
#4646 = CARTESIAN_POINT ( 'NONE',  ( -14.60000000000000100, 0.8650000000000003200, -17.60000000000000100 ) ) ;
#4647 = CARTESIAN_POINT ( 'NONE',  ( -8.666349520355391100, 0.8650000000000003200, 17.95608755419133500 ) ) ;
#4648 =( LENGTH_UNIT ( ) NAMED_UNIT ( * ) SI_UNIT ( .MILLI., .METRE. ) );
#4649 = LINE ( 'NONE', #3429, #1279 ) ;
#4650 = B_SPLINE_CURVE_WITH_KNOTS ( 'NONE', 3,
 ( #5260, #1295, #1962, #5154 ),
 .UNSPECIFIED., .F., .F.,
 ( 4, 4 ),
 ( 0.0000000000000000000, 1.000000000000000000 ),
 .UNSPECIFIED. ) ;
#4651 = EDGE_CURVE ( 'NONE', #1995, #10, #5012, .T. ) ;
#4652 =( GEOMETRIC_REPRESENTATION_CONTEXT ( 3 ) GLOBAL_UNCERTAINTY_ASSIGNED_CONTEXT ( ( #3025 ) ) GLOBAL_UNIT_ASSIGNED_CONTEXT ( ( #3457, #701, #5725 ) ) REPRESENTATION_CONTEXT ( 'NONE', 'WORKASPACE' ) );
#4653 =( GEOMETRIC_REPRESENTATION_CONTEXT ( 3 ) GLOBAL_UNCERTAINTY_ASSIGNED_CONTEXT ( ( #4550 ) ) GLOBAL_UNIT_ASSIGNED_CONTEXT ( ( #5064, #1775, #131 ) ) REPRESENTATION_CONTEXT ( 'NONE', 'WORKASPACE' ) );
#4654 = FILL_AREA_STYLE_COLOUR ( '', #4007 ) ;
#4655 = VECTOR ( 'NONE', #917, 1000.000000000000000 ) ;
#4656 =( NAMED_UNIT ( * ) PLANE_ANGLE_UNIT ( ) SI_UNIT ( $, .RADIAN. ) );
#4657 = EDGE_CURVE ( 'NONE', #3972, #3990, #4681, .T. ) ;
#4658 = CARTESIAN_POINT ( 'NONE',  ( -3.533706688394836300, 0.8653000000000004000, 17.70431948479133400 ) ) ;
#4659 = MECHANICAL_DESIGN_GEOMETRIC_PRESENTATION_REPRESENTATION (  '', ( #1080 ), #1704 ) ;
#4660 = PLANE ( 'NONE',  #5014 ) ;
#4661 = DIRECTION ( 'NONE',  ( 0.0000000000000000000, 0.0000000000000000000, 1.000000000000000000 ) ) ;
#4662 = CARTESIAN_POINT ( 'NONE',  ( -4.440561772358937500, 0.8653000000000004000, 17.57000169561520400 ) ) ;
#4663 = ORIENTED_EDGE ( 'NONE', *, *, #4403, .F. ) ;
#4664 = ORIENTED_EDGE ( 'NONE', *, *, #2564, .T. ) ;
#4665 = DIRECTION ( 'NONE',  ( 0.0000000000000000000, 0.0000000000000000000, 1.000000000000000000 ) ) ;
#4666 = DIRECTION ( 'NONE',  ( -0.0000000000000000000, -0.0000000000000000000, -1.000000000000000000 ) ) ;
#4667 = PRESENTATION_LAYER_ASSIGNMENT (  '', '', ( #3543 ) ) ;
#4668 = CARTESIAN_POINT ( 'NONE',  ( 17.60000000000000500, 0.8650000000000003200, 16.00000000000000000 ) ) ;
#4669 = STYLED_ITEM ( 'NONE', ( #2114 ), #6294 ) ;
#4670 = EDGE_LOOP ( 'NONE', ( #5289, #763, #2335, #3960, #1588, #7005, #2368, #689, #1399, #5635, #876, #640 ) ) ;
#4671 = VECTOR ( 'NONE', #4076, 1000.000000000000000 ) ;
#4672 = FACE_OUTER_BOUND ( 'NONE', #3174, .T. ) ;
#4673 =( LENGTH_UNIT ( ) NAMED_UNIT ( * ) SI_UNIT ( .MILLI., .METRE. ) );
#4674 = VERTEX_POINT ( 'NONE', #1814 ) ;
#4675 =( LENGTH_UNIT ( ) NAMED_UNIT ( * ) SI_UNIT ( .MILLI., .METRE. ) );
#4676 = CARTESIAN_POINT ( 'NONE',  ( -8.599024758810749300, 0.8650000000000003200, 18.03834697636674300 ) ) ;
#4677 = CARTESIAN_POINT ( 'NONE',  ( 31.45964365350770800, 1.365000000000000000, -21.33754487269592900 ) ) ;
#4678 = STYLED_ITEM ( 'NONE', ( #5964 ), #6999 ) ;
#4679 = CARTESIAN_POINT ( 'NONE',  ( -5.912976898943594700, 0.8650000000000003200, 18.19891092970823700 ) ) ;
#4680 = UNCERTAINTY_MEASURE_WITH_UNIT (LENGTH_MEASURE( 1.000000000000000100E-005 ), #4048, 'distance_accuracy_value', 'NONE');
#4681 = LINE ( 'NONE', #6228, #2184 ) ;
#4682 = ORIENTED_EDGE ( 'NONE', *, *, #826, .F. ) ;
#4683 = CARTESIAN_POINT ( 'NONE',  ( -3.533706688394836300, 0.8653000000000004000, 17.95608755419133500 ) ) ;
#4684 = CARTESIAN_POINT ( 'NONE',  ( -8.859375071189683500, 0.8650000000000003200, 17.95608755419133500 ) ) ;
#4685 = CARTESIAN_POINT ( 'NONE',  ( -7.273932997101369800, 0.8650000000000003200, 18.19891092970823700 ) ) ;
#4686 = SURFACE_STYLE_FILL_AREA ( #3952 ) ;
#4687 = DIRECTION ( 'NONE',  ( 0.6282116378033477700, 0.0000000000000000000, 0.7780425040628791100 ) ) ;
#4688 = EDGE_LOOP ( 'NONE', ( #3197, #6730, #4771, #1699 ) ) ;
#4689 = EDGE_CURVE ( 'NONE', #963, #3887, #15, .T. ) ;
#4690 = PLANE ( 'NONE',  #4525 ) ;
#4691 = ORIENTED_EDGE ( 'NONE', *, *, #1061, .F. ) ;
#4692 = ADVANCED_FACE ( 'NONE', ( #3544, #4937 ), #3332, .T. ) ;
#4693 = AXIS2_PLACEMENT_3D ( 'NONE', #1181, #6726, #6679 ) ;
#4694 = LINE ( 'NONE', #5472, #4084 ) ;
#4695 = CARTESIAN_POINT ( 'NONE',  ( -6.373883349586632700, 0.8653000000000004000, 18.19891092970823700 ) ) ;
#4696 = DIRECTION ( 'NONE',  ( 1.000000000000000000, 0.0000000000000000000, 0.0000000000000000000 ) ) ;
#4697 = PRESENTATION_STYLE_ASSIGNMENT (( #6585 ) ) ;
#4698 = ORIENTED_EDGE ( 'NONE', *, *, #6390, .F. ) ;
#4699 = ORIENTED_EDGE ( 'NONE', *, *, #1968, .F. ) ;
#4700 = FACE_OUTER_BOUND ( 'NONE', #1397, .T. ) ;
#4701 = EDGE_CURVE ( 'NONE', #963, #4233, #5971, .T. ) ;
#4702 = FILL_AREA_STYLE ('',( #782 ) ) ;
#4703 = STYLED_ITEM ( 'NONE', ( #3326 ), #5366 ) ;
#4704 = DIRECTION ( 'NONE',  ( 1.000000000000000000, 0.0000000000000000000, 0.0000000000000000000 ) ) ;
#4705 = CARTESIAN_POINT ( 'NONE',  ( -12.18346340461477300, 0.8650000000000003200, 17.86572192957769200 ) ) ;
#4706 = SURFACE_STYLE_FILL_AREA ( #6004 ) ;
#4707 = PLANE ( 'NONE',  #1808 ) ;
#4708 = CARTESIAN_POINT ( 'NONE',  ( -10.40100737467328800, 0.8653000000000004000, 18.34262767591853600 ) ) ;
#4709 = ORIENTED_EDGE ( 'NONE', *, *, #3669, .T. ) ;
#4710 = FILL_AREA_STYLE_COLOUR ( '', #5829 ) ;
#4711 = VECTOR ( 'NONE', #1514, 1000.000000000000100 ) ;
#4712 =( NAMED_UNIT ( * ) SI_UNIT ( $, .STERADIAN. ) SOLID_ANGLE_UNIT ( ) );
#4713 = CARTESIAN_POINT ( 'NONE',  ( -5.549230962821756200, 0.8653000000000004000, 18.19891092970823700 ) ) ;
#4715 = PRESENTATION_LAYER_ASSIGNMENT (  '', '', ( #6442 ) ) ;
#4714 = DIRECTION ( 'NONE',  ( 1.000000000000000000, 0.0000000000000000000, -0.0000000000000000000 ) ) ;
#4716 = LINE ( 'NONE', #2470, #4535 ) ;
#4717 = SURFACE_SIDE_STYLE ('',( #1526 ) ) ;
#4718 =( LENGTH_UNIT ( ) NAMED_UNIT ( * ) SI_UNIT ( .MILLI., .METRE. ) );
#4719 = VECTOR ( 'NONE', #3902, 1000.000000000000000 ) ;
#4720 = SURFACE_STYLE_USAGE ( .BOTH. , #316 ) ;
#4721 = EDGE_LOOP ( 'NONE', ( #4342, #2687, #692, #2204, #3623, #5296 ) ) ;
#4722 = ADVANCED_FACE ( 'NONE', ( #4494 ), #1165, .F. ) ;
#4723 = CARTESIAN_POINT ( 'NONE',  ( -11.35694869901765500, 0.8653000000000004000, 18.35180538768315700 ) ) ;
#4724 =( LENGTH_UNIT ( ) NAMED_UNIT ( * ) SI_UNIT ( .MILLI., .METRE. ) );
#4725 = DIRECTION ( 'NONE',  ( 0.0000000000000000000, 0.0000000000000000000, 1.000000000000000000 ) ) ;
#4726 = SURFACE_STYLE_USAGE ( .BOTH. , #3042 ) ;
#4727 = COLOUR_RGB ( '',0.0000000000000000000, 0.0000000000000000000, 1.000000000000000000 ) ;
#4728 = UNCERTAINTY_MEASURE_WITH_UNIT (LENGTH_MEASURE( 1.000000000000000100E-005 ), #3939, 'distance_accuracy_value', 'NONE');
#4729 = EDGE_CURVE ( 'NONE', #3608, #6574, #2772, .T. ) ;
#4730 = FILL_AREA_STYLE ('',( #4754 ) ) ;
#4731 = MECHANICAL_DESIGN_GEOMETRIC_PRESENTATION_REPRESENTATION (  '', ( #2504 ), #5087 ) ;
#4732 = CARTESIAN_POINT ( 'NONE',  ( -11.84618586599094100, 0.8650000000000003200, 18.39479209532017400 ) ) ;
#4733 = VECTOR ( 'NONE', #2426, 1000.000000000000000 ) ;
#4734 = CARTESIAN_POINT ( 'NONE',  ( -4.781093952204545700, 0.8653000000000004000, 18.03834697636674300 ) ) ;
#4735 = SURFACE_SIDE_STYLE ('',( #4784 ) ) ;
#4736 = PRESENTATION_STYLE_ASSIGNMENT (( #7060 ) ) ;
#4737 = CARTESIAN_POINT ( 'NONE',  ( -3.480278174149926200, 0.8650000000000003200, 17.73318271590345700 ) ) ;
#4738 = VECTOR ( 'NONE', #4842, 1000.000000000000000 ) ;
#4739 = B_SPLINE_CURVE_WITH_KNOTS ( 'NONE', 3,
 ( #5966, #952, #5946, #3218 ),
 .UNSPECIFIED., .F., .F.,
 ( 4, 4 ),
 ( 0.0000000000000000000, 1.000000000000000000 ),
 .UNSPECIFIED. ) ;
#4740 = EDGE_CURVE ( 'NONE', #5300, #3640, #5720, .T. ) ;
#4741 =( NAMED_UNIT ( * ) SI_UNIT ( $, .STERADIAN. ) SOLID_ANGLE_UNIT ( ) );
#4742 =( GEOMETRIC_REPRESENTATION_CONTEXT ( 3 ) GLOBAL_UNCERTAINTY_ASSIGNED_CONTEXT ( ( #5611 ) ) GLOBAL_UNIT_ASSIGNED_CONTEXT ( ( #4050, #1285, #6263 ) ) REPRESENTATION_CONTEXT ( 'NONE', 'WORKASPACE' ) );
#4743 = AXIS2_PLACEMENT_3D ( 'NONE', #3309, #2768, #2814 ) ;
#4744 = ORIENTED_EDGE ( 'NONE', *, *, #1840, .F. ) ;
#4745 = CARTESIAN_POINT ( 'NONE',  ( -10.85635636153174300, 0.8650000000000003200, 18.44626050294931100 ) ) ;
#4746 = SURFACE_STYLE_USAGE ( .BOTH. , #268 ) ;
#4747 =( NAMED_UNIT ( * ) SI_UNIT ( $, .STERADIAN. ) SOLID_ANGLE_UNIT ( ) );
#4748 =( LENGTH_UNIT ( ) NAMED_UNIT ( * ) SI_UNIT ( .MILLI., .METRE. ) );
#4749 = VERTEX_POINT ( 'NONE', #1206 ) ;
#4750 = EDGE_CURVE ( 'NONE', #1936, #3818, #109, .T. ) ;
#4751 = VERTEX_POINT ( 'NONE', #6327 ) ;
#4752 = ORIENTED_EDGE ( 'NONE', *, *, #4321, .T. ) ;
#4753 = CIRCLE ( 'NONE', #5893, 0.1999999999999987900 ) ;
#4754 = FILL_AREA_STYLE_COLOUR ( '', #3263 ) ;
#4755 = CARTESIAN_POINT ( 'NONE',  ( 1.908195823574488100E-014, 0.8350000000000000800, 17.60000000000001900 ) ) ;
#4756 = ORIENTED_EDGE ( 'NONE', *, *, #5608, .T. ) ;
#4757 = CARTESIAN_POINT ( 'NONE',  ( -11.26524202843952200, 0.8650000000000003200, 17.30830367580641400 ) ) ;
#4758 = LINE ( 'NONE', #2934, #4671 ) ;
#4759 = MECHANICAL_DESIGN_GEOMETRIC_PRESENTATION_REPRESENTATION (  '', ( #3080 ), #904 ) ;
#4760 = CARTESIAN_POINT ( 'NONE',  ( -8.859375071189683500, 0.8650000000000003200, 17.95608755419133500 ) ) ;
#4761 = MECHANICAL_DESIGN_GEOMETRIC_PRESENTATION_REPRESENTATION (  '', ( #4393 ), #5782 ) ;
#4762 = VECTOR ( 'NONE', #583, 1000.000000000000000 ) ;
#4763 = DIRECTION ( 'NONE',  ( 0.0000000000000000000, 0.0000000000000000000, -1.000000000000000000 ) ) ;
#4764 = ORIENTED_EDGE ( 'NONE', *, *, #1421, .F. ) ;
#4765 = FACE_OUTER_BOUND ( 'NONE', #3091, .T. ) ;
#4766 = UNCERTAINTY_MEASURE_WITH_UNIT (LENGTH_MEASURE( 1.000000000000000100E-005 ), #2328, 'distance_accuracy_value', 'NONE');
#4767 = CARTESIAN_POINT ( 'NONE',  ( -16.79166666666667100, -9.134999999999999800, -13.79123931623931700 ) ) ;
#4768 =( NAMED_UNIT ( * ) PLANE_ANGLE_UNIT ( ) SI_UNIT ( $, .RADIAN. ) );
#4769 = SURFACE_SIDE_STYLE ('',( #4014 ) ) ;
#4770 = CARTESIAN_POINT ( 'NONE',  ( -18.08977683715331600, 1.142628163596250700, 33.81379118025649400 ) ) ;
#4771 = ORIENTED_EDGE ( 'NONE', *, *, #4121, .F. ) ;
#4772 =( GEOMETRIC_REPRESENTATION_CONTEXT ( 3 ) GLOBAL_UNCERTAINTY_ASSIGNED_CONTEXT ( ( #5438 ) ) GLOBAL_UNIT_ASSIGNED_CONTEXT ( ( #6677, #202, #723 ) ) REPRESENTATION_CONTEXT ( 'NONE', 'WORKASPACE' ) );
#4773 = EDGE_CURVE ( 'NONE', #5565, #5115, #1314, .T. ) ;
#4774 = SURFACE_STYLE_FILL_AREA ( #2273 ) ;
#4775 = PRESENTATION_LAYER_ASSIGNMENT (  '', '', ( #323 ) ) ;
#4776 = SURFACE_STYLE_USAGE ( .BOTH. , #891 ) ;
#4777 = FACE_OUTER_BOUND ( 'NONE', #6655, .T. ) ;
#4778 = ORIENTED_EDGE ( 'NONE', *, *, #4750, .F. ) ;
#4779 = ORIENTED_EDGE ( 'NONE', *, *, #4701, .T. ) ;
#4780 = FILL_AREA_STYLE_COLOUR ( '', #5147 ) ;
#4781 = ORIENTED_EDGE ( 'NONE', *, *, #142, .T. ) ;
#4782 = DIRECTION ( 'NONE',  ( -0.0000000000000000000, -1.000000000000000000, -0.0000000000000000000 ) ) ;
#4783 = CARTESIAN_POINT ( 'NONE',  ( -12.18515224144049300, 0.8653000000000004000, 17.88701189099145200 ) ) ;
#4784 = SURFACE_STYLE_FILL_AREA ( #1464 ) ;
#4785 = CARTESIAN_POINT ( 'NONE',  ( -17.14444444444444900, 0.8350000000000000800, -13.79123931623931700 ) ) ;
#4786 = VECTOR ( 'NONE', #2780, 1000.000000000000100 ) ;
#4787 = EDGE_CURVE ( 'NONE', #3498, #1629, #6626, .T. ) ;
#4788 = COLOUR_RGB ( '',0.0000000000000000000, 0.0000000000000000000, 1.000000000000000000 ) ;
#4789 = ORIENTED_EDGE ( 'NONE', *, *, #5697, .T. ) ;
#4790 = PRESENTATION_LAYER_ASSIGNMENT (  '', '', ( #5398 ) ) ;
#4791 = DIRECTION ( 'NONE',  ( 0.0000000000000000000, 0.0000000000000000000, -1.000000000000000000 ) ) ;
#4792 = EDGE_LOOP ( 'NONE', ( #3737, #1329, #1492, #2257 ) ) ;
#4793 = ADVANCED_FACE ( 'NONE', ( #4072 ), #4261, .F. ) ;
#4794 = CARTESIAN_POINT ( 'NONE',  ( -12.63754875882007800, 0.8653000000000004000, 17.04545152330944500 ) ) ;
#4795 = EDGE_LOOP ( 'NONE', ( #1478, #6952, #1601, #4756 ) ) ;
#4796 = STYLED_ITEM ( 'NONE', ( #1350 ), #358 ) ;
#4797 = DIRECTION ( 'NONE',  ( -1.000000000000000000, 0.0000000000000000000, 9.130123557772670800E-017 ) ) ;
#4798 =( GEOMETRIC_REPRESENTATION_CONTEXT ( 3 ) GLOBAL_UNCERTAINTY_ASSIGNED_CONTEXT ( ( #4766 ) ) GLOBAL_UNIT_ASSIGNED_CONTEXT ( ( #2328, #1797, #5679 ) ) REPRESENTATION_CONTEXT ( 'NONE', 'WORKASPACE' ) );
#4799 = SURFACE_SIDE_STYLE ('',( #1036 ) ) ;
#4800 = SURFACE_STYLE_FILL_AREA ( #5856 ) ;
#4801 = VECTOR ( 'NONE', #6609, 1000.000000000000000 ) ;
#4802 = CARTESIAN_POINT ( 'NONE',  ( -6.568368449399659200, 0.8650000000000003200, 17.57000169561520400 ) ) ;
#4803 = CARTESIAN_POINT ( 'NONE',  ( -8.599024758810749300, 0.8653000000000004000, 18.03834697636674300 ) ) ;
#4804 = VECTOR ( 'NONE', #3851, 1000.000000000000000 ) ;
#4805 = LINE ( 'NONE', #970, #3314 ) ;
#4806 = STYLED_ITEM ( 'NONE', ( #374 ), #1468 ) ;
#4807 =( NAMED_UNIT ( * ) PLANE_ANGLE_UNIT ( ) SI_UNIT ( $, .RADIAN. ) );
#4808 =( GEOMETRIC_REPRESENTATION_CONTEXT ( 3 ) GLOBAL_UNCERTAINTY_ASSIGNED_CONTEXT ( ( #2640 ) ) GLOBAL_UNIT_ASSIGNED_CONTEXT ( ( #4673, #6843, #1402 ) ) REPRESENTATION_CONTEXT ( 'NONE', 'WORKASPACE' ) );
#4809 = B_SPLINE_CURVE_WITH_KNOTS ( 'NONE', 3,
 ( #4760, #5346, #2046, #5255 ),
 .UNSPECIFIED., .F., .F.,
 ( 4, 4 ),
 ( 0.0000000000000000000, 1.000000000000000000 ),
 .UNSPECIFIED. ) ;
#4810 = VECTOR ( 'NONE', #548, 1000.000000000000000 ) ;
#4811 = CARTESIAN_POINT ( 'NONE',  ( 0.0000000000000000000, 0.8350000000000000800, 0.0000000000000000000 ) ) ;
#4812 = EDGE_LOOP ( 'NONE', ( #1930, #943, #1785, #90 ) ) ;
#4813 = FILL_AREA_STYLE_COLOUR ( '', #410 ) ;
#4814 = SURFACE_STYLE_USAGE ( .BOTH. , #451 ) ;
#4815 = CARTESIAN_POINT ( 'NONE',  ( -12.06410172443422400, 0.8653000000000004000, 17.69758785171620000 ) ) ;
#4816 = STYLED_ITEM ( 'NONE', ( #590 ), #6923 ) ;
#4817 = EDGE_CURVE ( 'NONE', #2143, #5892, #6713, .T. ) ;
#4818 = CARTESIAN_POINT ( 'NONE',  ( -18.99999999999999600, 0.6999999999999999600, -18.99999999999999600 ) ) ;
#4819 = SURFACE_STYLE_FILL_AREA ( #5855 ) ;
#4820 = PRESENTATION_LAYER_ASSIGNMENT (  '', '', ( #223 ) ) ;
#4821 = CARTESIAN_POINT ( 'NONE',  ( -4.846377213621117600, 0.8653000000000004000, 17.95608755419133500 ) ) ;
#4822 = CARTESIAN_POINT ( 'NONE',  ( -17.07711745744605000, 1.345379107330116500, -0.4713211462120530700 ) ) ;
#4823 = ADVANCED_FACE ( 'NONE', ( #2513, #2932 ), #6862, .T. ) ;
#4824 = EDGE_CURVE ( 'NONE', #5251, #5095, #569, .T. ) ;
#4825 =( LENGTH_UNIT ( ) NAMED_UNIT ( * ) SI_UNIT ( .MILLI., .METRE. ) );
#4826 = SURFACE_SIDE_STYLE ('',( #5793 ) ) ;
#4827 = DIRECTION ( 'NONE',  ( 1.000000000000000000, 0.0000000000000000000, -0.0000000000000000000 ) ) ;
#4828 = SURFACE_SIDE_STYLE ('',( #3651 ) ) ;
#4829 = EDGE_LOOP ( 'NONE', ( #3359, #225, #661, #6322 ) ) ;
#4830 = COLOUR_RGB ( '',0.7921568627450980000, 0.8196078431372548800, 0.9333333333333333500 ) ;
#4831 = DIRECTION ( 'NONE',  ( -1.000000000000000000, -0.0000000000000000000, -0.0000000000000000000 ) ) ;
#4832 = EDGE_LOOP ( 'NONE', ( #3900, #6851, #4599 ) ) ;
#4833 = EDGE_CURVE ( 'NONE', #5716, #4154, #424, .T. ) ;
#4834 =( LENGTH_UNIT ( ) NAMED_UNIT ( * ) SI_UNIT ( .MILLI., .METRE. ) );
#4835 = AXIS2_PLACEMENT_3D ( 'NONE', #6941, #3802, #3226 ) ;
#4836 = VECTOR ( 'NONE', #7043, 1000.000000000000000 ) ;
#4837 = CARTESIAN_POINT ( 'NONE',  ( -8.813266552670253200, 0.8653000000000004000, 18.13281137635366800 ) ) ;
#4838 = ORIENTED_EDGE ( 'NONE', *, *, #2157, .F. ) ;
#4839 =( LENGTH_UNIT ( ) NAMED_UNIT ( * ) SI_UNIT ( .MILLI., .METRE. ) );
#4840 = FACE_OUTER_BOUND ( 'NONE', #2006, .T. ) ;
#4841 = ORIENTED_EDGE ( 'NONE', *, *, #2747, .T. ) ;
#4842 = DIRECTION ( 'NONE',  ( -0.0000000000000000000, 1.000000000000000000, -0.0000000000000000000 ) ) ;
#4843 = DIRECTION ( 'NONE',  ( -0.0000000000000000000, 0.0000000000000000000, -1.000000000000000000 ) ) ;
#4844 = CARTESIAN_POINT ( 'NONE',  ( -6.831133247271061700, 0.8653000000000004000, 17.57000169561520400 ) ) ;
#4845 = CARTESIAN_POINT ( 'NONE',  ( -3.877881027603348000, 0.8650000000000003200, 17.57000169561520400 ) ) ;
#4846 = ORIENTED_EDGE ( 'NONE', *, *, #3799, .F. ) ;
#4847 = ADVANCED_FACE ( 'NONE', ( #3444 ), #3201, .F. ) ;
#4848 = VERTEX_POINT ( 'NONE', #2695 ) ;
#4849 = COLOUR_RGB ( '',0.0000000000000000000, 0.0000000000000000000, 1.000000000000000000 ) ;
#4850 = CARTESIAN_POINT ( 'NONE',  ( 17.40000000000000600, 0.8350000000000000800, 17.40000000000000200 ) ) ;
#4851 = ADVANCED_FACE ( 'NONE', ( #754 ), #5003, .F. ) ;
#4852 = UNCERTAINTY_MEASURE_WITH_UNIT (LENGTH_MEASURE( 1.000000000000000100E-005 ), #3095, 'distance_accuracy_value', 'NONE');
#4853 = FACE_OUTER_BOUND ( 'NONE', #2716, .T. ) ;
#4855 = ORIENTED_EDGE ( 'NONE', *, *, #4092, .F. ) ;
#4854 = DIRECTION ( 'NONE',  ( -1.000000000000000000, -0.0000000000000000000, -0.0000000000000000000 ) ) ;
#4856 = EDGE_LOOP ( 'NONE', ( #864, #3705, #6316, #4752 ) ) ;
#4857 = ORIENTED_EDGE ( 'NONE', *, *, #5433, .F. ) ;
#4858 = VECTOR ( 'NONE', #2279, 1000.000000000000000 ) ;
#4859 = CARTESIAN_POINT ( 'NONE',  ( -12.18346340461477300, 0.8650000000000003200, 17.87551710783972700 ) ) ;
#4860 = VERTEX_POINT ( 'NONE', #5196 ) ;
#4861 = FILL_AREA_STYLE ('',( #2451 ) ) ;
#4862 = DIRECTION ( 'NONE',  ( 1.000000000000000000, -0.0000000000000000000, -0.0000000000000000000 ) ) ;
#4863 = SURFACE_STYLE_USAGE ( .BOTH. , #3176 ) ;
#4864 = VECTOR ( 'NONE', #5523, 1000.000000000000000 ) ;
#4865 = ORIENTED_EDGE ( 'NONE', *, *, #1968, .T. ) ;
#4866 = ORIENTED_EDGE ( 'NONE', *, *, #1179, .T. ) ;
#4867 = EDGE_CURVE ( 'NONE', #1845, #1825, #4758, .T. ) ;
#4868 = EDGE_LOOP ( 'NONE', ( #4414, #170, #4065, #5908 ) ) ;
#4869 = ORIENTED_EDGE ( 'NONE', *, *, #2122, .T. ) ;
#4870 = LINE ( 'NONE', #3249, #4786 ) ;
#4871 = DIRECTION ( 'NONE',  ( 0.0000000000000000000, -1.000000000000000000, -0.0000000000000000000 ) ) ;
#4872 =( LENGTH_UNIT ( ) NAMED_UNIT ( * ) SI_UNIT ( .MILLI., .METRE. ) );
#4873 = ORIENTED_EDGE ( 'NONE', *, *, #1366, .F. ) ;
#4874 =( NAMED_UNIT ( * ) SI_UNIT ( $, .STERADIAN. ) SOLID_ANGLE_UNIT ( ) );
#4875 = LINE ( 'NONE', #6945, #4526 ) ;
#4876 =( NAMED_UNIT ( * ) SI_UNIT ( $, .STERADIAN. ) SOLID_ANGLE_UNIT ( ) );
#4877 = EDGE_CURVE ( 'NONE', #5865, #1645, #5092, .T. ) ;
#4878 = PRESENTATION_LAYER_ASSIGNMENT (  '', '', ( #646 ) ) ;
#4879 = PRESENTATION_STYLE_ASSIGNMENT (( #5129 ) ) ;
#4880 = COLOUR_RGB ( '',0.0000000000000000000, 0.0000000000000000000, 1.000000000000000000 ) ;
#4881 = CARTESIAN_POINT ( 'NONE',  ( -14.40000000000000200, 0.8350000000000000800, -16.19999999999999900 ) ) ;
#4882 = ORIENTED_EDGE ( 'NONE', *, *, #6979, .T. ) ;
#4883 = DIRECTION ( 'NONE',  ( -0.0000000000000000000, -1.000000000000000000, -0.0000000000000000000 ) ) ;
#4884 = STYLED_ITEM ( 'NONE', ( #1357 ), #146 ) ;
#4885 = CARTESIAN_POINT ( 'NONE',  ( -16.24893162393162900, 0.8650000000000003200, -14.14401709401709400 ) ) ;
#4886 =( NAMED_UNIT ( * ) SI_UNIT ( $, .STERADIAN. ) SOLID_ANGLE_UNIT ( ) );
#4887 = CARTESIAN_POINT ( 'NONE',  ( -17.14444444444444900, 0.8350000000000000800, 0.0000000000000000000 ) ) ;
#4888 = VECTOR ( 'NONE', #2722, 1000.000000000000000 ) ;
#4889 = ORIENTED_EDGE ( 'NONE', *, *, #5788, .T. ) ;
#4890 = ADVANCED_FACE ( 'NONE', ( #2422 ), #3601, .F. ) ;
#4891 = CARTESIAN_POINT ( 'NONE',  ( -8.859375071189683500, 0.8653000000000004000, 17.57000169561520400 ) ) ;
#4892 = LINE ( 'NONE', #84, #5157 ) ;
#4893 = ADVANCED_FACE ( 'NONE', ( #3795 ), #128, .F. ) ;
#4894 = VECTOR ( 'NONE', #3585, 1000.000000000000000 ) ;
#4895 = CARTESIAN_POINT ( 'NONE',  ( -4.050786439046619900, 0.8653000000000004000, 18.04350418491232900 ) ) ;
#4896 = CARTESIAN_POINT ( 'NONE',  ( -12.18515224144049300, 0.8653000000000004000, 17.88701189099145200 ) ) ;
#4897 = PRESENTATION_LAYER_ASSIGNMENT (  '', '', ( #1908 ) ) ;
#4898 = CARTESIAN_POINT ( 'NONE',  ( -9.639949665254722100, 0.8650000000000003200, 18.19891092970823700 ) ) ;
#4899 = UNCERTAINTY_MEASURE_WITH_UNIT (LENGTH_MEASURE( 1.000000000000000100E-005 ), #3389, 'distance_accuracy_value', 'NONE');
#4900 = CARTESIAN_POINT ( 'NONE',  ( -5.441176461509573200, 0.8653000000000004000, 18.03834697636674300 ) ) ;
#4901 = CARTESIAN_POINT ( 'NONE',  ( -11.57723760502896200, 0.8653000000000004000, 18.23596363436390900 ) ) ;
#4902 = DIRECTION ( 'NONE',  ( 1.000000000000000000, -0.0000000000000000000, 0.0000000000000000000 ) ) ;
#4903 =( NAMED_UNIT ( * ) SI_UNIT ( $, .STERADIAN. ) SOLID_ANGLE_UNIT ( ) );
#4904 = SURFACE_STYLE_FILL_AREA ( #6135 ) ;
#4905 = DIRECTION ( 'NONE',  ( -0.0000000000000000000, -0.0000000000000000000, -1.000000000000000000 ) ) ;
#4906 = LINE ( 'NONE', #2603, #6866 ) ;
#4907 = DIRECTION ( 'NONE',  ( -0.0000000000000000000, -1.000000000000000000, -0.0000000000000000000 ) ) ;
#4908 = EDGE_CURVE ( 'NONE', #270, #5883, #4408, .T. ) ;
#4909 =( GEOMETRIC_REPRESENTATION_CONTEXT ( 3 ) GLOBAL_UNCERTAINTY_ASSIGNED_CONTEXT ( ( #1515 ) ) GLOBAL_UNIT_ASSIGNED_CONTEXT ( ( #5569, #3069, #5228 ) ) REPRESENTATION_CONTEXT ( 'NONE', 'WORKASPACE' ) );
#4910 = CARTESIAN_POINT ( 'NONE',  ( -11.86005279977585000, 0.8650000000000003200, 17.67125164733246100 ) ) ;
#4911 = FILL_AREA_STYLE ('',( #1107 ) ) ;
#4912 = PRESENTATION_STYLE_ASSIGNMENT (( #161 ) ) ;
#4913 = ORIENTED_EDGE ( 'NONE', *, *, #2458, .T. ) ;
#4914 = FILL_AREA_STYLE_COLOUR ( '', #24 ) ;
#4915 = EDGE_LOOP ( 'NONE', ( #5634, #4430, #5573, #2797 ) ) ;
#4916 = EDGE_CURVE ( 'NONE', #3286, #2, #3434, .T. ) ;
#4917 = DIRECTION ( 'NONE',  ( 0.0000000000000000000, -1.000000000000000000, 0.0000000000000000000 ) ) ;
#4918 = PRESENTATION_LAYER_ASSIGNMENT (  '', '', ( #2792 ) ) ;
#4919 = FILL_AREA_STYLE_COLOUR ( '', #6225 ) ;
#4920 = ORIENTED_EDGE ( 'NONE', *, *, #3094, .F. ) ;
#4921 = CARTESIAN_POINT ( 'NONE',  ( -3.805246575660643100, 0.8653000000000004000, 18.06816015398052100 ) ) ;
#4922 = CARTESIAN_POINT ( 'NONE',  ( -5.441176461509573200, 0.8650000000000003200, 17.57000169561520400 ) ) ;
#4923 = FILL_AREA_STYLE ('',( #4182 ) ) ;
#4924 = EDGE_CURVE ( 'NONE', #6989, #3285, #498, .T. ) ;
#4925 = CARTESIAN_POINT ( 'NONE',  ( 0.0000000000000000000, 0.8650000000000003200, 0.0000000000000000000 ) ) ;
#4926 = EDGE_LOOP ( 'NONE', ( #2715 ) ) ;
#4927 = PRESENTATION_LAYER_ASSIGNMENT (  '', '', ( #58 ) ) ;
#4928 = B_SPLINE_CURVE_WITH_KNOTS ( 'NONE', 3,
 ( #3530, #2997, #4116, #784 ),
 .UNSPECIFIED., .F., .F.,
 ( 4, 4 ),
 ( 0.0000000000000000000, 1.000000000000000000 ),
 .UNSPECIFIED. ) ;
#4929 = CARTESIAN_POINT ( 'NONE',  ( -5.040810504759547500, 0.8650000000000003200, 17.57000169561520400 ) ) ;
#4930 = VECTOR ( 'NONE', #3833, 1000.000000000000000 ) ;
#4931 = CARTESIAN_POINT ( 'NONE',  ( -3.838945110250848700, 0.8653000000000004000, 18.06377444059635100 ) ) ;
#4932 = ORIENTED_EDGE ( 'NONE', *, *, #5247, .T. ) ;
#4933 = ORIENTED_EDGE ( 'NONE', *, *, #5528, .F. ) ;
#4934 = AXIS2_PLACEMENT_3D ( 'NONE', #1997, #4171, #901 ) ;
#4935 =( NAMED_UNIT ( * ) PLANE_ANGLE_UNIT ( ) SI_UNIT ( $, .RADIAN. ) );
#4936 = MECHANICAL_DESIGN_GEOMETRIC_PRESENTATION_REPRESENTATION (  '', ( #4570 ), #5230 ) ;
#4937 = FACE_OUTER_BOUND ( 'NONE', #1238, .T. ) ;
#4938 = CARTESIAN_POINT ( 'NONE',  ( -10.34922221654372100, 0.8653000000000004000, 17.41184081926417800 ) ) ;
#4939 = ORIENTED_EDGE ( 'NONE', *, *, #3279, .T. ) ;
#4940 = FILL_AREA_STYLE ('',( #2139 ) ) ;
#4941 =( NAMED_UNIT ( * ) PLANE_ANGLE_UNIT ( ) SI_UNIT ( $, .RADIAN. ) );
#4942 =( NAMED_UNIT ( * ) PLANE_ANGLE_UNIT ( ) SI_UNIT ( $, .RADIAN. ) );
#4943 = LINE ( 'NONE', #1204, #4077 ) ;
#4944 = UNCERTAINTY_MEASURE_WITH_UNIT (LENGTH_MEASURE( 1.000000000000000100E-005 ), #2525, 'distance_accuracy_value', 'NONE');
#4945 = EDGE_LOOP ( 'NONE', ( #878, #3211, #6986, #6565 ) ) ;
#4946 = ORIENTED_EDGE ( 'NONE', *, *, #46, .F. ) ;
#4947 = DIRECTION ( 'NONE',  ( -0.0000000000000000000, -1.000000000000000000, -0.0000000000000000000 ) ) ;
#4948 = EDGE_LOOP ( 'NONE', ( #4230, #5813, #3719, #6794 ) ) ;
#4949 = EDGE_CURVE ( 'NONE', #2782, #3880, #1480, .T. ) ;
#4950 = MECHANICAL_DESIGN_GEOMETRIC_PRESENTATION_REPRESENTATION (  '', ( #6223 ), #3030 ) ;
#4951 = DIRECTION ( 'NONE',  ( 0.0000000000000000000, -0.0000000000000000000, 1.000000000000000000 ) ) ;
#4952 = CARTESIAN_POINT ( 'NONE',  ( -3.987703829387685900, 0.8653000000000004000, 18.20146168278876100 ) ) ;
#4953 = FILL_AREA_STYLE_COLOUR ( '', #3135 ) ;
#4954 = ORIENTED_EDGE ( 'NONE', *, *, #4740, .T. ) ;
#4955 = ORIENTED_EDGE ( 'NONE', *, *, #6358, .T. ) ;
#4956 = DIRECTION ( 'NONE',  ( 0.0000000000000000000, 0.0000000000000000000, 1.000000000000000000 ) ) ;
#4957 =( NAMED_UNIT ( * ) SI_UNIT ( $, .STERADIAN. ) SOLID_ANGLE_UNIT ( ) );
#4958 = EDGE_CURVE ( 'NONE', #3854, #6477, #654, .T. ) ;
#4959 = DIRECTION ( 'NONE',  ( -1.000000000000000000, -0.0000000000000000000, -0.0000000000000000000 ) ) ;
#4960 = ORIENTED_EDGE ( 'NONE', *, *, #6031, .F. ) ;
#4961 = PRESENTATION_LAYER_ASSIGNMENT (  '', '', ( #2742 ) ) ;
#4962 = CARTESIAN_POINT ( 'NONE',  ( -5.040810504759547500, 0.8650000000000003200, 17.95608755419133500 ) ) ;
#4963 = DIRECTION ( 'NONE',  ( -1.000000000000000000, -0.0000000000000000000, -0.0000000000000000000 ) ) ;
#4964 = FACE_OUTER_BOUND ( 'NONE', #6061, .T. ) ;
#4965 = EDGE_CURVE ( 'NONE', #2449, #4592, #2001, .T. ) ;
#4966 = MECHANICAL_DESIGN_GEOMETRIC_PRESENTATION_REPRESENTATION (  '', ( #6079 ), #7028 ) ;
#4967 = AXIS2_PLACEMENT_3D ( 'NONE', #4844, #6538, #2654 ) ;
#4968 =( NAMED_UNIT ( * ) SI_UNIT ( $, .STERADIAN. ) SOLID_ANGLE_UNIT ( ) );
#4969 = ORIENTED_EDGE ( 'NONE', *, *, #3331, .T. ) ;
#4970 = CARTESIAN_POINT ( 'NONE',  ( -8.067756682470122300, 0.8653000000000004000, 18.09369825687882400 ) ) ;
#4971 = SURFACE_SIDE_STYLE ('',( #2304 ) ) ;
#4972 = B_SPLINE_CURVE_WITH_KNOTS ( 'NONE', 3,
 ( #7133, #30, #1193, #2230 ),
 .UNSPECIFIED., .F., .F.,
 ( 4, 4 ),
 ( 0.0000000000000000000, 1.000000000000000000 ),
 .UNSPECIFIED. ) ;
#4973 = ORIENTED_EDGE ( 'NONE', *, *, #1787, .F. ) ;
#4974 = CARTESIAN_POINT ( 'NONE',  ( -3.805246575660643100, 0.8653000000000004000, 18.06816015398052100 ) ) ;
#4975 = VECTOR ( 'NONE', #5089, 1000.000000000000000 ) ;
#4976 =( GEOMETRIC_REPRESENTATION_CONTEXT ( 3 ) GLOBAL_UNCERTAINTY_ASSIGNED_CONTEXT ( ( #3600 ) ) GLOBAL_UNIT_ASSIGNED_CONTEXT ( ( #1734, #70, #5000 ) ) REPRESENTATION_CONTEXT ( 'NONE', 'WORKASPACE' ) );
#4977 = PRESENTATION_STYLE_ASSIGNMENT (( #6883 ) ) ;
#4978 = CARTESIAN_POINT ( 'NONE',  ( -7.670296811569977900, 0.8653000000000004000, 17.74841020359541600 ) ) ;
#4979 = FACE_OUTER_BOUND ( 'NONE', #2794, .T. ) ;
#4980 = UNCERTAINTY_MEASURE_WITH_UNIT (LENGTH_MEASURE( 1.000000000000000100E-005 ), #6119, 'distance_accuracy_value', 'NONE');
#4981 = SURFACE_STYLE_USAGE ( .BOTH. , #93 ) ;
#4982 = CARTESIAN_POINT ( 'NONE',  ( -10.02340811491857600, 0.8653000000000004000, 17.64729074430271200 ) ) ;
#4983 = STYLED_ITEM ( 'NONE', ( #5303 ), #1610 ) ;
#4984 = CARTESIAN_POINT ( 'NONE',  ( -12.20072210546603800, 0.8653000000000004000, 17.87908057078369900 ) ) ;
#4985 = SURFACE_STYLE_FILL_AREA ( #1579 ) ;
#4986 = CARTESIAN_POINT ( 'NONE',  ( -8.261725682775729500, 0.8650000000000003200, 18.19891092970823700 ) ) ;
#4987 = CARTESIAN_POINT ( 'NONE',  ( -4.247439589176138100, 0.8650000000000003200, 17.57000169561520400 ) ) ;
#4988 =( LENGTH_UNIT ( ) NAMED_UNIT ( * ) SI_UNIT ( .MILLI., .METRE. ) );
#4989 = MECHANICAL_DESIGN_GEOMETRIC_PRESENTATION_REPRESENTATION (  '', ( #3882 ), #2776 ) ;
#4990 = SURFACE_SIDE_STYLE ('',( #4191 ) ) ;
#4991 = EDGE_CURVE ( 'NONE', #4052, #883, #843, .T. ) ;
#4992 = DIRECTION ( 'NONE',  ( 0.0000000000000000000, 1.000000000000000000, 0.0000000000000000000 ) ) ;
#4993 = ORIENTED_EDGE ( 'NONE', *, *, #545, .T. ) ;
#4994 =( LENGTH_UNIT ( ) NAMED_UNIT ( * ) SI_UNIT ( .MILLI., .METRE. ) );
#4995 = SURFACE_STYLE_USAGE ( .BOTH. , #573 ) ;
#4996 = CARTESIAN_POINT ( 'NONE',  ( -4.781093952204545700, 0.8650000000000003200, 18.03834697636674300 ) ) ;
#4997 = COLOUR_RGB ( '',0.0000000000000000000, 0.0000000000000000000, 1.000000000000000000 ) ;
#4998 = ORIENTED_EDGE ( 'NONE', *, *, #2278, .T. ) ;
#4999 = EDGE_CURVE ( 'NONE', #3887, #963, #1126, .T. ) ;
#5000 =( NAMED_UNIT ( * ) SI_UNIT ( $, .STERADIAN. ) SOLID_ANGLE_UNIT ( ) );
#5001 = PRESENTATION_LAYER_ASSIGNMENT (  '', '', ( #6600 ) ) ;
#5002 = DIRECTION ( 'NONE',  ( -0.0000000000000000000, -1.000000000000000000, -0.0000000000000000000 ) ) ;
#5003 = CYLINDRICAL_SURFACE ( 'NONE', #5096, 0.1999999999999987900 ) ;
#5004 = PRESENTATION_LAYER_ASSIGNMENT (  '', '', ( #5574 ) ) ;
#5005 = SURFACE_STYLE_USAGE ( .BOTH. , #600 ) ;
#5006 = DIRECTION ( 'NONE',  ( -0.0000000000000000000, -1.000000000000000000, -0.0000000000000000000 ) ) ;
#5007 = ORIENTED_EDGE ( 'NONE', *, *, #1701, .F. ) ;
#5008 = VERTEX_POINT ( 'NONE', #4194 ) ;
#5009 = CARTESIAN_POINT ( 'NONE',  ( -6.831133247271061700, 0.8653000000000004000, 17.57000169561520400 ) ) ;
#5010 = EDGE_CURVE ( 'NONE', #1201, #1052, #5458, .T. ) ;
#5011 = FILL_AREA_STYLE_COLOUR ( '', #4849 ) ;
#5012 = LINE ( 'NONE', #5719, #6303 ) ;
#5013 = CARTESIAN_POINT ( 'NONE',  ( -6.107512552934629500, 0.8653000000000004000, 18.19891092970823700 ) ) ;
#5014 = AXIS2_PLACEMENT_3D ( 'NONE', #5223, #204, #2502 ) ;
#5015 = ORIENTED_EDGE ( 'NONE', *, *, #3983, .T. ) ;
#5016 = B_SPLINE_CURVE_WITH_KNOTS ( 'NONE', 2,
 ( #3822, #5047, #6852 ),
 .UNSPECIFIED., .F., .F.,
 ( 3, 3 ),
 ( 0.0000000000000000000, 1.000000000000000000 ),
 .UNSPECIFIED. ) ;
#5017 = CARTESIAN_POINT ( 'NONE',  ( 4.626344595849421100E-015, 1.365000000000000000, 4.582935045791413200E-015 ) ) ;
#5018 = ORIENTED_EDGE ( 'NONE', *, *, #2278, .F. ) ;
#5019 = PRESENTATION_STYLE_ASSIGNMENT (( #1823 ) ) ;
#5020 = ORIENTED_EDGE ( 'NONE', *, *, #2515, .F. ) ;
#5021 =( NAMED_UNIT ( * ) SI_UNIT ( $, .STERADIAN. ) SOLID_ANGLE_UNIT ( ) );
#5022 = CARTESIAN_POINT ( 'NONE',  ( -9.971997813562577300, 0.8653000000000004000, 17.77774013301958800 ) ) ;
#5024 = VECTOR ( 'NONE', #197, 1000.000000000000000 ) ;
#5023 = APPLICATION_CONTEXT ( 'automotive_design' ) ;
#5025 = VERTEX_POINT ( 'NONE', #6282 ) ;
#5026 = ORIENTED_EDGE ( 'NONE', *, *, #6517, .T. ) ;
#5027 = STYLED_ITEM ( 'NONE', ( #6339 ), #1185 ) ;
#5028 = VECTOR ( 'NONE', #4062, 1000.000000000000000 ) ;
#5029 = UNCERTAINTY_MEASURE_WITH_UNIT (LENGTH_MEASURE( 1.000000000000000100E-005 ), #6363, 'distance_accuracy_value', 'NONE');
#5030 = PLANE ( 'NONE',  #4835 ) ;
#5031 = ORIENTED_EDGE ( 'NONE', *, *, #5058, .T. ) ;
#5032 = CARTESIAN_POINT ( 'NONE',  ( -6.568368449399659200, 0.8653000000000004000, 18.19891092970823700 ) ) ;
#5033 = EDGE_LOOP ( 'NONE', ( #6235, #2705, #2213, #2917 ) ) ;
#5034 = SURFACE_SIDE_STYLE ('',( #2124 ) ) ;
#5035 = LINE ( 'NONE', #6577, #1955 ) ;
#5036 = CARTESIAN_POINT ( 'NONE',  ( -10.34922221654372100, 0.8653000000000004000, 17.41184081926417800 ) ) ;
#5037 = LINE ( 'NONE', #2331, #379 ) ;
#5038 = ORIENTED_EDGE ( 'NONE', *, *, #879, .F. ) ;
#5039 = EDGE_CURVE ( 'NONE', #1584, #5961, #339, .T. ) ;
#5040 =( GEOMETRIC_REPRESENTATION_CONTEXT ( 3 ) GLOBAL_UNCERTAINTY_ASSIGNED_CONTEXT ( ( #108 ) ) GLOBAL_UNIT_ASSIGNED_CONTEXT ( ( #5775, #2462, #1971 ) ) REPRESENTATION_CONTEXT ( 'NONE', 'WORKASPACE' ) );
#5041 = FILL_AREA_STYLE_COLOUR ( '', #5979 ) ;
#5042 = CARTESIAN_POINT ( 'NONE',  ( -7.858984287663347800, 0.8650000000000003200, 18.19891092970823700 ) ) ;
#5043 =( NAMED_UNIT ( * ) PLANE_ANGLE_UNIT ( ) SI_UNIT ( $, .RADIAN. ) );
#5044 = PLANE ( 'NONE',  #3260 ) ;
#5045 = VECTOR ( 'NONE', #4106, 1000.000000000000000 ) ;
#5046 = EDGE_CURVE ( 'NONE', #1290, #6989, #3877, .T. ) ;
#5047 = CARTESIAN_POINT ( 'NONE',  ( -3.490475019533605000, 0.8653000000000004000, 17.70388433774292400 ) ) ;
#5048 =( GEOMETRIC_REPRESENTATION_CONTEXT ( 3 ) GLOBAL_UNCERTAINTY_ASSIGNED_CONTEXT ( ( #3564 ) ) GLOBAL_UNIT_ASSIGNED_CONTEXT ( ( #4834, #5447, #4251 ) ) REPRESENTATION_CONTEXT ( 'NONE', 'WORKASPACE' ) );
#5049 = VECTOR ( 'NONE', #2427, 1000.000000000000000 ) ;
#5050 = FILL_AREA_STYLE_COLOUR ( '', #2219 ) ;
#5051 =( NAMED_UNIT ( * ) PLANE_ANGLE_UNIT ( ) SI_UNIT ( $, .RADIAN. ) );
#5052 = B_SPLINE_SURFACE_WITH_KNOTS ( 'NONE', 3, 1, ( 
 ( #2617, #3173 ),
 ( #2573, #7008 ),
 ( #5902, #6455 ),
 ( #2593, #2641 ) ),
 .UNSPECIFIED., .F., .F., .F.,
 ( 4, 4 ),
 ( 2, 2 ),
 ( 0.0000000000000000000, 1.000000000000000000 ),
 ( 0.0000000000000000000, 1.000000000000000000 ),
 .UNSPECIFIED. ) ;
#5053 = FILL_AREA_STYLE_COLOUR ( '', #5595 ) ;
#5054 = SURFACE_SIDE_STYLE ('',( #6554 ) ) ;
#5055 = LINE ( 'NONE', #5836, #4375 ) ;
#5056 = ORIENTED_EDGE ( 'NONE', *, *, #3046, .F. ) ;
#5057 = VECTOR ( 'NONE', #115, 1000.000000000000000 ) ;
#5058 = EDGE_CURVE ( 'NONE', #1425, #3286, #4753, .T. ) ;
#5059 = CARTESIAN_POINT ( 'NONE',  ( -8.666349520355391100, 0.8650000000000003200, 17.95608755419133500 ) ) ;
#5060 = CYLINDRICAL_SURFACE ( 'NONE', #1494, 2.000000000000001800 ) ;
#5061 = SURFACE_STYLE_USAGE ( .BOTH. , #2393 ) ;
#5062 = DIRECTION ( 'NONE',  ( 1.000000000000000000, -0.0000000000000000000, 0.0000000000000000000 ) ) ;
#5063 =( LENGTH_UNIT ( ) NAMED_UNIT ( * ) SI_UNIT ( .MILLI., .METRE. ) );
#5064 =( LENGTH_UNIT ( ) NAMED_UNIT ( * ) SI_UNIT ( .MILLI., .METRE. ) );
#5065 = COLOUR_RGB ( '',0.0000000000000000000, 0.0000000000000000000, 1.000000000000000000 ) ;
#5066 = PRESENTATION_LAYER_ASSIGNMENT (  '', '', ( #1660 ) ) ;
#5067 = DIRECTION ( 'NONE',  ( 0.0000000000000000000, 1.000000000000000000, -0.0000000000000000000 ) ) ;
#5068 = STYLED_ITEM ( 'NONE', ( #2969 ), #5981 ) ;
#5069 = CARTESIAN_POINT ( 'NONE',  ( -3.805246575660643100, 0.8653000000000004000, 17.70431948479133400 ) ) ;
#5070 = CARTESIAN_POINT ( 'NONE',  ( -8.599024758810749300, 0.8653000000000004000, 18.03834697636674300 ) ) ;
#5071 = UNCERTAINTY_MEASURE_WITH_UNIT (LENGTH_MEASURE( 1.000000000000000100E-005 ), #6161, 'distance_accuracy_value', 'NONE');
#5072 = LINE ( 'NONE', #5957, #4128 ) ;
#5073 = VERTEX_POINT ( 'NONE', #3050 ) ;
#5074 = CARTESIAN_POINT ( 'NONE',  ( -3.444174235474486000, 0.8653000000000004000, 17.57000169561520400 ) ) ;
#5075 = STYLED_ITEM ( 'NONE', ( #6978 ), #6464 ) ;
#5076 = ORIENTED_EDGE ( 'NONE', *, *, #6736, .F. ) ;
#5077 =( NAMED_UNIT ( * ) PLANE_ANGLE_UNIT ( ) SI_UNIT ( $, .RADIAN. ) );
#5078 = CARTESIAN_POINT ( 'NONE',  ( -3.480278174149926200, 0.8650000000000003200, 17.73318271590345700 ) ) ;
#5079 = FACE_OUTER_BOUND ( 'NONE', #4868, .T. ) ;
#5080 = DIRECTION ( 'NONE',  ( -0.0000000000000000000, -1.000000000000000000, -0.0000000000000000000 ) ) ;
#5081 = FILL_AREA_STYLE ('',( #5011 ) ) ;
#5082 = FILL_AREA_STYLE_COLOUR ( '', #2040 ) ;
#5083 = VERTEX_POINT ( 'NONE', #251 ) ;
#5084 = ORIENTED_EDGE ( 'NONE', *, *, #1520, .T. ) ;
#5085 = CARTESIAN_POINT ( 'NONE',  ( -17.14444444444444900, 0.8650000000000003200, -13.79123931623931700 ) ) ;
#5086 = EDGE_CURVE ( 'NONE', #4751, #3498, #2589, .T. ) ;
#5087 =( GEOMETRIC_REPRESENTATION_CONTEXT ( 3 ) GLOBAL_UNCERTAINTY_ASSIGNED_CONTEXT ( ( #7087 ) ) GLOBAL_UNIT_ASSIGNED_CONTEXT ( ( #4994, #5479, #1708 ) ) REPRESENTATION_CONTEXT ( 'NONE', 'WORKASPACE' ) );
#5088 =( LENGTH_UNIT ( ) NAMED_UNIT ( * ) SI_UNIT ( .MILLI., .METRE. ) );
#5089 = DIRECTION ( 'NONE',  ( -0.0000000000000000000, -1.000000000000000000, -0.0000000000000000000 ) ) ;
#5090 = APPLICATION_PROTOCOL_DEFINITION ( 'draft international standard', 'automotive_design', 1998, #5023 ) ;
#5091 = EDGE_LOOP ( 'NONE', ( #6806, #6196, #5020, #4955, #3075, #511, #4312, #4581 ) ) ;
#5092 = LINE ( 'NONE', #154, #3625 ) ;
#5093 = EDGE_CURVE ( 'NONE', #1362, #5997, #2251, .T. ) ;
#5094 = CARTESIAN_POINT ( 'NONE',  ( -3.805246575660643100, 0.8653000000000004000, 17.80630687864909900 ) ) ;
#5095 = VERTEX_POINT ( 'NONE', #310 ) ;
#5096 = AXIS2_PLACEMENT_3D ( 'NONE', #3516, #4563, #5168 ) ;
#5097 =( NAMED_UNIT ( * ) SI_UNIT ( $, .STERADIAN. ) SOLID_ANGLE_UNIT ( ) );
#5098 = SURFACE_SIDE_STYLE ('',( #5760 ) ) ;
#5099 = STYLED_ITEM ( 'NONE', ( #3021 ), #4692 ) ;
#5100 =( LENGTH_UNIT ( ) NAMED_UNIT ( * ) SI_UNIT ( .MILLI., .METRE. ) );
#5101 = CARTESIAN_POINT ( 'NONE',  ( -12.20072210546603800, 0.8653000000000004000, 17.87551710783972700 ) ) ;
#5102 = COLOUR_RGB ( '',0.0000000000000000000, 0.0000000000000000000, 1.000000000000000000 ) ;
#5103 = VECTOR ( 'NONE', #5006, 1000.000000000000000 ) ;
#5104 = FILL_AREA_STYLE ('',( #6773 ) ) ;
#5105 = VERTEX_POINT ( 'NONE', #4168 ) ;
#5106 = ORIENTED_EDGE ( 'NONE', *, *, #5482, .T. ) ;
#5107 = VECTOR ( 'NONE', #1111, 1000.000000000000000 ) ;
#5108 = SURFACE_SIDE_STYLE ('',( #6942 ) ) ;
#5109 = DIRECTION ( 'NONE',  ( 0.0000000000000000000, 0.0000000000000000000, -1.000000000000000000 ) ) ;
#5110 = ORIENTED_EDGE ( 'NONE', *, *, #4403, .T. ) ;
#5111 = MECHANICAL_DESIGN_GEOMETRIC_PRESENTATION_REPRESENTATION (  '', ( #1034 ), #5772 ) ;
#5112 = DIRECTION ( 'NONE',  ( -0.0000000000000000000, -1.000000000000000000, -0.0000000000000000000 ) ) ;
#5113 = UNCERTAINTY_MEASURE_WITH_UNIT (LENGTH_MEASURE( 1.000000000000000100E-005 ), #725, 'distance_accuracy_value', 'NONE');
#5114 = SURFACE_STYLE_FILL_AREA ( #5709 ) ;
#5115 = VERTEX_POINT ( 'NONE', #4684 ) ;
#5116 =( NAMED_UNIT ( * ) PLANE_ANGLE_UNIT ( ) SI_UNIT ( $, .RADIAN. ) );
#5117 = EDGE_LOOP ( 'NONE', ( #89, #2500, #2359, #1506 ) ) ;
#5118 = ORIENTED_EDGE ( 'NONE', *, *, #919, .T. ) ;
#5119 = ADVANCED_FACE ( 'NONE', ( #2843 ), #5249, .T. ) ;
#5120 = VECTOR ( 'NONE', #3501, 1000.000000000000000 ) ;
#5121 =( LENGTH_UNIT ( ) NAMED_UNIT ( * ) SI_UNIT ( .MILLI., .METRE. ) );
#5122 = SURFACE_STYLE_FILL_AREA ( #2073 ) ;
#5123 = LINE ( 'NONE', #4755, #5311 ) ;
#5124 = VERTEX_POINT ( 'NONE', #5414 ) ;
#5125 = PRESENTATION_LAYER_ASSIGNMENT (  '', '', ( #4579 ) ) ;
#5126 = EDGE_LOOP ( 'NONE', ( #3483 ) ) ;
#5127 = MECHANICAL_DESIGN_GEOMETRIC_PRESENTATION_REPRESENTATION (  '', ( #4669 ), #1190 ) ;
#5128 = PRESENTATION_STYLE_ASSIGNMENT (( #2156 ) ) ;
#5129 = SURFACE_STYLE_USAGE ( .BOTH. , #3984 ) ;
#5130 = CARTESIAN_POINT ( 'NONE',  ( -10.34922221654372100, 0.8653000000000004000, 17.41184081926417800 ) ) ;
#5131 = DIRECTION ( 'NONE',  ( -0.0000000000000000000, 1.000000000000000000, -0.0000000000000000000 ) ) ;
#5132 = DIRECTION ( 'NONE',  ( 0.0000000000000000000, 0.0000000000000000000, -1.000000000000000000 ) ) ;
#5133 = SURFACE_STYLE_FILL_AREA ( #4511 ) ;
#5134 = EDGE_LOOP ( 'NONE', ( #5397, #2450, #7048, #6065 ) ) ;
#5135 = DIRECTION ( 'NONE',  ( 0.0000000000000000000, 0.0000000000000000000, -1.000000000000000000 ) ) ;
#5136 = CARTESIAN_POINT ( 'NONE',  ( -10.83205225423109600, 0.8650000000000003200, 17.30830367580641400 ) ) ;
#5137 = MECHANICAL_DESIGN_GEOMETRIC_PRESENTATION_REPRESENTATION (  '', ( #4263 ), #6103 ) ;
#5138 = ORIENTED_EDGE ( 'NONE', *, *, #5202, .F. ) ;
#5139 = EDGE_CURVE ( 'NONE', #2161, #2143, #1401, .T. ) ;
#5140 = SURFACE_STYLE_USAGE ( .BOTH. , #5108 ) ;
#5141 = SURFACE_STYLE_FILL_AREA ( #3266 ) ;
#5142 = CARTESIAN_POINT ( 'NONE',  ( -11.46278474984815800, 0.8650000000000003200, 17.44375161069383000 ) ) ;
#5143 = DIRECTION ( 'NONE',  ( 1.000000000000000000, -0.0000000000000000000, -0.0000000000000000000 ) ) ;
#5144 = SURFACE_SIDE_STYLE ('',( #6336 ) ) ;
#5145 = ADVANCED_FACE ( 'NONE', ( #2682 ), #1310, .F. ) ;
#5146 = CARTESIAN_POINT ( 'NONE',  ( -5.912976898943594700, 0.8653000000000004000, 17.74841020359541600 ) ) ;
#5147 = COLOUR_RGB ( '',1.000000000000000000, 1.000000000000000000, 1.000000000000000000 ) ;
#5148 = EDGE_LOOP ( 'NONE', ( #777, #1083, #6815, #5558 ) ) ;
#5149 = CARTESIAN_POINT ( 'NONE',  ( -8.867923368433944000, 0.8650000000000003200, 18.10841169049780300 ) ) ;
#5150 = FACE_OUTER_BOUND ( 'NONE', #4795, .T. ) ;
#5151 = EDGE_CURVE ( 'NONE', #5885, #2000, #1149, .T. ) ;
#5152 = VECTOR ( 'NONE', #4387, 1000.000000000000000 ) ;
#5153 =( GEOMETRIC_REPRESENTATION_CONTEXT ( 3 ) GLOBAL_UNCERTAINTY_ASSIGNED_CONTEXT ( ( #5401 ) ) GLOBAL_UNIT_ASSIGNED_CONTEXT ( ( #6775, #6702, #3412 ) ) REPRESENTATION_CONTEXT ( 'NONE', 'WORKASPACE' ) );
#5154 = CARTESIAN_POINT ( 'NONE',  ( -10.11630518186262900, 0.8650000000000003200, 18.17812954696020000 ) ) ;
#5155 = MECHANICAL_DESIGN_GEOMETRIC_PRESENTATION_REPRESENTATION (  '', ( #3526 ), #3662 ) ;
#5156 = ORIENTED_EDGE ( 'NONE', *, *, #3808, .F. ) ;
#5157 = VECTOR ( 'NONE', #657, 1000.000000000000000 ) ;
#5158 = ORIENTED_EDGE ( 'NONE', *, *, #6295, .F. ) ;
#5159 = CARTESIAN_POINT ( 'NONE',  ( -13.02520065675322900, 0.8650000000000003200, 18.27987554638381300 ) ) ;
#5160 =( LENGTH_UNIT ( ) NAMED_UNIT ( * ) SI_UNIT ( .MILLI., .METRE. ) );
#5161 = CARTESIAN_POINT ( 'NONE',  ( -17.60000000000000100, 0.8350000000000000800, -17.40000000000000200 ) ) ;
#5162 = ADVANCED_FACE ( 'NONE', ( #706 ), #2082, .T. ) ;
#5163 = VECTOR ( 'NONE', #5884, 1000.000000000000000 ) ;
#5164 = EDGE_CURVE ( 'NONE', #2539, #1021, #4906, .T. ) ;
#5165 = LINE ( 'NONE', #6487, #5432 ) ;
#5166 = AXIS2_PLACEMENT_3D ( 'NONE', #2865, #2888, #4584 ) ;
#5167 = CARTESIAN_POINT ( 'NONE',  ( -8.666349520355391100, 0.8650000000000003200, 17.57000169561520400 ) ) ;
#5168 = DIRECTION ( 'NONE',  ( 0.0000000000000000000, 0.0000000000000000000, 1.000000000000000000 ) ) ;
#5169 = CARTESIAN_POINT ( 'NONE',  ( -3.805246575660643100, 0.8653000000000004000, 18.06816015398052100 ) ) ;
#5170 =( NAMED_UNIT ( * ) PLANE_ANGLE_UNIT ( ) SI_UNIT ( $, .RADIAN. ) );
#5171 = DIRECTION ( 'NONE',  ( 1.000000000000000000, 0.0000000000000000000, 0.0000000000000000000 ) ) ;
#5172 = UNCERTAINTY_MEASURE_WITH_UNIT (LENGTH_MEASURE( 1.000000000000000100E-005 ), #1974, 'distance_accuracy_value', 'NONE');
#5173 = B_SPLINE_CURVE_WITH_KNOTS ( 'NONE', 2,
 ( #4041, #319, #4136 ),
 .UNSPECIFIED., .F., .F.,
 ( 3, 3 ),
 ( 0.0000000000000000000, 1.000000000000000000 ),
 .UNSPECIFIED. ) ;
#5174 =( NAMED_UNIT ( * ) PLANE_ANGLE_UNIT ( ) SI_UNIT ( $, .RADIAN. ) );
#5175 = B_SPLINE_SURFACE_WITH_KNOTS ( 'NONE', 2, 1, ( 
 ( #5036, #3452 ),
 ( #2324, #6141 ),
 ( #151, #5136 ) ),
 .UNSPECIFIED., .F., .F., .F.,
 ( 3, 3 ),
 ( 2, 2 ),
 ( 0.0000000000000000000, 1.000000000000000000 ),
 ( 0.0000000000000000000, 1.000000000000000000 ),
 .UNSPECIFIED. ) ;
#5176 =( LENGTH_UNIT ( ) NAMED_UNIT ( * ) SI_UNIT ( .MILLI., .METRE. ) );
#5177 = CARTESIAN_POINT ( 'NONE',  ( -8.667013013304648800, 0.8650000000000003200, 17.99921390012985300 ) ) ;
#5178 = FACE_OUTER_BOUND ( 'NONE', #789, .T. ) ;
#5179 = PRESENTATION_LAYER_ASSIGNMENT (  '', '', ( #6857 ) ) ;
#5180 = FILL_AREA_STYLE_COLOUR ( '', #1754 ) ;
#5181 = MECHANICAL_DESIGN_GEOMETRIC_PRESENTATION_REPRESENTATION (  '', ( #2847 ), #4199 ) ;
#5182 = VECTOR ( 'NONE', #4222, 1000.000000000000000 ) ;
#5183 = SURFACE_SIDE_STYLE ('',( #1333 ) ) ;
#5184 = VERTEX_POINT ( 'NONE', #4241 ) ;
#5185 =( NAMED_UNIT ( * ) SI_UNIT ( $, .STERADIAN. ) SOLID_ANGLE_UNIT ( ) );
#5186 = CARTESIAN_POINT ( 'NONE',  ( -10.56760879361895700, 0.8653000000000004000, 17.32116819601630600 ) ) ;
#5187 = CARTESIAN_POINT ( 'NONE',  ( -9.443704833392827100, 0.8650000000000003200, 18.03834697636674300 ) ) ;
#5188 = CARTESIAN_POINT ( 'NONE',  ( -18.99999999999999600, 0.0000000000000000000, -18.99999999999999600 ) ) ;
#5189 = EDGE_CURVE ( 'NONE', #6886, #3997, #53, .T. ) ;
#5190 = MECHANICAL_DESIGN_GEOMETRIC_PRESENTATION_REPRESENTATION (  '', ( #6418 ), #5040 ) ;
#5191 = DIRECTION ( 'NONE',  ( 0.0000000000000000000, -1.000000000000000000, 0.0000000000000000000 ) ) ;
#5192 = EDGE_LOOP ( 'NONE', ( #1144, #255, #363, #6813 ) ) ;
#5193 = DIRECTION ( 'NONE',  ( 0.0000000000000000000, -0.0000000000000000000, -1.000000000000000000 ) ) ;
#5194 = PRESENTATION_STYLE_ASSIGNMENT (( #4610 ) ) ;
#5195 = FILL_AREA_STYLE_COLOUR ( '', #1885 ) ;
#5196 = CARTESIAN_POINT ( 'NONE',  ( -4.050786439046620800, 0.8650000000000003200, 17.70431948479133400 ) ) ;
#5197 = FACE_OUTER_BOUND ( 'NONE', #526, .T. ) ;
#5198 = CARTESIAN_POINT ( 'NONE',  ( 17.40000000000000600, 0.8000000000000003800, 17.60000000000000100 ) ) ;
#5199 = CARTESIAN_POINT ( 'NONE',  ( -7.670296811569977900, 0.8653000000000004000, 17.74841020359541600 ) ) ;
#5200 = ORIENTED_EDGE ( 'NONE', *, *, #2409, .F. ) ;
#5201 = VERTEX_POINT ( 'NONE', #5939 ) ;
#5202 = EDGE_CURVE ( 'NONE', #3463, #1030, #6659, .T. ) ;
#5203 = ADVANCED_FACE ( 'NONE', ( #922 ), #3676, .F. ) ;
#5204 = PRESENTATION_LAYER_ASSIGNMENT (  '', '', ( #3703 ) ) ;
#5205 = CARTESIAN_POINT ( 'NONE',  ( -8.867923368433944000, 0.8653000000000004000, 18.10841169049780300 ) ) ;
#5206 = VECTOR ( 'NONE', #6910, 1000.000000000000000 ) ;
#5207 = ORIENTED_EDGE ( 'NONE', *, *, #5992, .F. ) ;
#5208 = ORIENTED_EDGE ( 'NONE', *, *, #4186, .F. ) ;
#5209 = EDGE_CURVE ( 'NONE', #2173, #3321, #5072, .T. ) ;
#5210 = FILL_AREA_STYLE ('',( #2495 ) ) ;
#5211 = PLANE ( 'NONE',  #4267 ) ;
#5212 = CARTESIAN_POINT ( 'NONE',  ( 17.40000000000000600, 0.8650000000000003200, 17.40000000000000200 ) ) ;
#5213 = ORIENTED_EDGE ( 'NONE', *, *, #4369, .F. ) ;
#5214 = B_SPLINE_SURFACE_WITH_KNOTS ( 'NONE', 3, 1, ( 
 ( #6272, #2567 ),
 ( #1466, #6344 ),
 ( #1396, #6877 ),
 ( #2511, #4179 ) ),
 .UNSPECIFIED., .F., .F., .F.,
 ( 4, 4 ),
 ( 2, 2 ),
 ( 0.0000000000000000000, 1.000000000000000000 ),
 ( 0.0000000000000000000, 1.000000000000000000 ),
 .UNSPECIFIED. ) ;
#5215 = CARTESIAN_POINT ( 'NONE',  ( -31.45964365350770800, 1.365000000000000000, 21.33754487269594000 ) ) ;
#5216 = ORIENTED_EDGE ( 'NONE', *, *, #2150, .T. ) ;
#5217 = LINE ( 'NONE', #6293, #1760 ) ;
#5218 = CARTESIAN_POINT ( 'NONE',  ( -6.831133247271061700, 0.8653000000000004000, 18.19891092970823700 ) ) ;
#5219 = UNCERTAINTY_MEASURE_WITH_UNIT (LENGTH_MEASURE( 1.000000000000000100E-005 ), #5529, 'distance_accuracy_value', 'NONE');
#5220 = CARTESIAN_POINT ( 'NONE',  ( -9.971997813562577300, 0.8650000000000003200, 17.77774013301958800 ) ) ;
#5221 = SURFACE_STYLE_FILL_AREA ( #382 ) ;
#5222 = VERTEX_POINT ( 'NONE', #5490 ) ;
#5223 = CARTESIAN_POINT ( 'NONE',  ( -16.79166666666667100, -9.134999999999999800, -14.14401709401709400 ) ) ;
#5224 = ORIENTED_EDGE ( 'NONE', *, *, #5382, .F. ) ;
#5225 =( LENGTH_UNIT ( ) NAMED_UNIT ( * ) SI_UNIT ( .MILLI., .METRE. ) );
#5227 = AXIS2_PLACEMENT_3D ( 'NONE', #2340, #2296, #6117 ) ;
#5226 = DIRECTION ( 'NONE',  ( 0.0000000000000000000, 0.0000000000000000000, -1.000000000000000000 ) ) ;
#5228 =( NAMED_UNIT ( * ) SI_UNIT ( $, .STERADIAN. ) SOLID_ANGLE_UNIT ( ) );
#5229 = SURFACE_STYLE_USAGE ( .BOTH. , #768 ) ;
#5230 =( GEOMETRIC_REPRESENTATION_CONTEXT ( 3 ) GLOBAL_UNCERTAINTY_ASSIGNED_CONTEXT ( ( #2732 ) ) GLOBAL_UNIT_ASSIGNED_CONTEXT ( ( #6252, #1834, #4596 ) ) REPRESENTATION_CONTEXT ( 'NONE', 'WORKASPACE' ) );
#5231 = B_SPLINE_CURVE_WITH_KNOTS ( 'NONE', 3,
 ( #6485, #3099, #5352, #4821 ),
 .UNSPECIFIED., .F., .F.,
 ( 4, 4 ),
 ( 0.0000000000000000000, 1.000000000000000000 ),
 .UNSPECIFIED. ) ;
#5232 = CARTESIAN_POINT ( 'NONE',  ( -5.912976898943594700, 0.8650000000000003200, 17.74841020359541600 ) ) ;
#5233 = CIRCLE ( 'NONE', #2543, 0.1999999999999987900 ) ;
#5234 = CARTESIAN_POINT ( 'NONE',  ( -3.261890097925141100, 0.8653000000000004000, 18.06816015398052100 ) ) ;
#5235 = EDGE_LOOP ( 'NONE', ( #1924, #6711, #3287, #3641 ) ) ;
#5236 = CARTESIAN_POINT ( 'NONE',  ( -4.470683887718040600, 0.8650000000000003200, 18.03574952503683800 ) ) ;
#5237 = FACE_OUTER_BOUND ( 'NONE', #5475, .T. ) ;
#5238 = VECTOR ( 'NONE', #3252, 1000.000000000000000 ) ;
#5239 =( GEOMETRIC_REPRESENTATION_CONTEXT ( 3 ) GLOBAL_UNCERTAINTY_ASSIGNED_CONTEXT ( ( #2942 ) ) GLOBAL_UNIT_ASSIGNED_CONTEXT ( ( #4129, #6926, #335 ) ) REPRESENTATION_CONTEXT ( 'NONE', 'WORKASPACE' ) );
#5240 = DIRECTION ( 'NONE',  ( 0.0000000000000000000, 0.0000000000000000000, 1.000000000000000000 ) ) ;
#5241 = CARTESIAN_POINT ( 'NONE',  ( -8.285342008175714300, 0.8650000000000003200, 18.03748791201022100 ) ) ;
#5242 = COLOUR_RGB ( '',0.0000000000000000000, 0.0000000000000000000, 1.000000000000000000 ) ;
#5243 = LINE ( 'NONE', #7027, #3754 ) ;
#5244 = CARTESIAN_POINT ( 'NONE',  ( -9.013750247222809300, 0.8653000000000004000, 18.19891092970823700 ) ) ;
#5245 =( GEOMETRIC_REPRESENTATION_CONTEXT ( 3 ) GLOBAL_UNCERTAINTY_ASSIGNED_CONTEXT ( ( #3374 ) ) GLOBAL_UNIT_ASSIGNED_CONTEXT ( ( #4282, #3149, #3196 ) ) REPRESENTATION_CONTEXT ( 'NONE', 'WORKASPACE' ) );
#5246 = PLANE ( 'NONE',  #3002 ) ;
#5247 = EDGE_CURVE ( 'NONE', #1030, #3895, #6188, .T. ) ;
#5248 =( NAMED_UNIT ( * ) PLANE_ANGLE_UNIT ( ) SI_UNIT ( $, .RADIAN. ) );
#5249 = PLANE ( 'NONE',  #927 ) ;
#5250 = MECHANICAL_DESIGN_GEOMETRIC_PRESENTATION_REPRESENTATION (  '', ( #3133 ), #2058 ) ;
#5251 = VERTEX_POINT ( 'NONE', #7132 ) ;
#5252 =( LENGTH_UNIT ( ) NAMED_UNIT ( * ) SI_UNIT ( .MILLI., .METRE. ) );
#5253 = CARTESIAN_POINT ( 'NONE',  ( -9.639949665254722100, 0.8650000000000003200, 17.57000169561520400 ) ) ;
#5254 = FACE_OUTER_BOUND ( 'NONE', #4618, .T. ) ;
#5255 = CARTESIAN_POINT ( 'NONE',  ( -8.666349520355391100, 0.8650000000000003200, 18.19891092970823700 ) ) ;
#5256 = B_SPLINE_CURVE_WITH_KNOTS ( 'NONE', 3,
 ( #5537, #6101, #7118, #3265 ),
 .UNSPECIFIED., .F., .F.,
 ( 4, 4 ),
 ( 0.0000000000000000000, 1.000000000000000000 ),
 .UNSPECIFIED. ) ;
#5257 = EDGE_CURVE ( 'NONE', #279, #5914, #3949, .T. ) ;
#5258 =( LENGTH_UNIT ( ) NAMED_UNIT ( * ) SI_UNIT ( .MILLI., .METRE. ) );
#5259 = AXIS2_PLACEMENT_3D ( 'NONE', #3744, #3673, #370 ) ;
#5260 = CARTESIAN_POINT ( 'NONE',  ( -12.18515224144049300, 0.8650000000000003200, 17.88701189099145200 ) ) ;
#5261 = AXIS2_PLACEMENT_3D ( 'NONE', #1513, #5841, #1484 ) ;
#5262 = CARTESIAN_POINT ( 'NONE',  ( -10.40100737467328800, 0.8650000000000003200, 18.34262767591853600 ) ) ;
#5263 =( NAMED_UNIT ( * ) SI_UNIT ( $, .STERADIAN. ) SOLID_ANGLE_UNIT ( ) );
#5264 = FILL_AREA_STYLE ('',( #1476 ) ) ;
#5265 = CARTESIAN_POINT ( 'NONE',  ( -8.261725682775729500, 0.8650000000000003200, 17.95608755419133500 ) ) ;
#5266 = COLOUR_RGB ( '',0.0000000000000000000, 0.0000000000000000000, 1.000000000000000000 ) ;
#5267 = MECHANICAL_DESIGN_GEOMETRIC_PRESENTATION_REPRESENTATION (  '', ( #4884 ), #2166 ) ;
#5268 = CARTESIAN_POINT ( 'NONE',  ( -8.108318048052650400, 0.8653000000000004000, 18.18092874601748900 ) ) ;
#5269 = UNCERTAINTY_MEASURE_WITH_UNIT (LENGTH_MEASURE( 1.000000000000000100E-005 ), #492, 'distance_accuracy_value', 'NONE');
#5270 = CARTESIAN_POINT ( 'NONE',  ( -3.412933807636223400, 0.8650000000000003200, 17.96435640083765500 ) ) ;
#5271 = SURFACE_STYLE_USAGE ( .BOTH. , #284 ) ;
#5272 = DIRECTION ( 'NONE',  ( 0.0000000000000000000, 0.0000000000000000000, -1.000000000000000000 ) ) ;
#5273 = ORIENTED_EDGE ( 'NONE', *, *, #5340, .T. ) ;
#5274 = COLOUR_RGB ( '',0.0000000000000000000, 0.0000000000000000000, 1.000000000000000000 ) ;
#5275 = FILL_AREA_STYLE_COLOUR ( '', #3212 ) ;
#5276 = VERTEX_POINT ( 'NONE', #6520 ) ;
#5277 = PRESENTATION_LAYER_ASSIGNMENT (  '', '', ( #2731 ) ) ;
#5278 = CARTESIAN_POINT ( 'NONE',  ( 4.626344595849421100E-015, 1.363887651569858400, 4.582935045791413200E-015 ) ) ;
#5279 = PRESENTATION_LAYER_ASSIGNMENT (  '', '', ( #1712 ) ) ;
#5280 = ORIENTED_EDGE ( 'NONE', *, *, #6561, .T. ) ;
#5281 = DIRECTION ( 'NONE',  ( 1.000000000000000000, 0.0000000000000000000, -0.0000000000000000000 ) ) ;
#5282 = CARTESIAN_POINT ( 'NONE',  ( -10.85635636153174500, 0.8653000000000004000, 18.44626050294931100 ) ) ;
#5283 = EDGE_LOOP ( 'NONE', ( #6060, #292 ) ) ;
#5284 = DIRECTION ( 'NONE',  ( 0.0000000000000000000, 0.0000000000000000000, -1.000000000000000000 ) ) ;
#5285 =( NAMED_UNIT ( * ) PLANE_ANGLE_UNIT ( ) SI_UNIT ( $, .RADIAN. ) );
#5286 = CARTESIAN_POINT ( 'NONE',  ( 2.241915599561634700, 1.364629079620785400, 16.84254954156773500 ) ) ;
#5287 = EDGE_CURVE ( 'NONE', #7093, #752, #649, .T. ) ;
#5288 = AXIS2_PLACEMENT_3D ( 'NONE', #5578, #2264, #1217 ) ;
#5289 = ORIENTED_EDGE ( 'NONE', *, *, #413, .F. ) ;
#5290 = COLOUR_RGB ( '',0.8980392156862745400, 0.9176470588235293700, 0.9294117647058823800 ) ;
#5291 = CARTESIAN_POINT ( 'NONE',  ( -3.261014446045409800, 0.8650000000000003200, 17.79613455919440300 ) ) ;
#5292 = COLOUR_RGB ( '',0.0000000000000000000, 0.0000000000000000000, 1.000000000000000000 ) ;
#5293 = VECTOR ( 'NONE', #2321, 1000.000000000000000 ) ;
#5294 = ORIENTED_EDGE ( 'NONE', *, *, #5010, .F. ) ;
#5295 = EDGE_CURVE ( 'NONE', #2108, #2088, #2406, .T. ) ;
#5296 = ORIENTED_EDGE ( 'NONE', *, *, #4130, .F. ) ;
#5297 =( GEOMETRIC_REPRESENTATION_CONTEXT ( 3 ) GLOBAL_UNCERTAINTY_ASSIGNED_CONTEXT ( ( #5269 ) ) GLOBAL_UNIT_ASSIGNED_CONTEXT ( ( #492, #567, #2752 ) ) REPRESENTATION_CONTEXT ( 'NONE', 'WORKASPACE' ) );
#5298 =( LENGTH_UNIT ( ) NAMED_UNIT ( * ) SI_UNIT ( .MILLI., .METRE. ) );
#5299 = LINE ( 'NONE', #1065, #4864 ) ;
#5300 = VERTEX_POINT ( 'NONE', #1669 ) ;
#5301 = ORIENTED_EDGE ( 'NONE', *, *, #5850, .T. ) ;
#5302 = EDGE_LOOP ( 'NONE', ( #1119, #811, #2751, #3523 ) ) ;
#5303 = PRESENTATION_STYLE_ASSIGNMENT (( #5322 ) ) ;
#5304 = EDGE_CURVE ( 'NONE', #179, #1337, #6605, .T. ) ;
#5305 = SURFACE_STYLE_USAGE ( .BOTH. , #1963 ) ;
#5306 = ADVANCED_FACE ( 'NONE', ( #5178 ), #1138, .F. ) ;
#5307 = FILL_AREA_STYLE_COLOUR ( '', #1090 ) ;
#5308 = VECTOR ( 'NONE', #6302, 1000.000000000000000 ) ;
#5309 = DIRECTION ( 'NONE',  ( 0.0000000000000000000, 1.000000000000000000, 0.0000000000000000000 ) ) ;
#5310 = CARTESIAN_POINT ( 'NONE',  ( -18.99999999999999600, 0.6999999999999999600, -18.99999999999999600 ) ) ;
#5311 = VECTOR ( 'NONE', #3090, 1000.000000000000000 ) ;
#5312 = VERTEX_POINT ( 'NONE', #3 ) ;
#5313 = EDGE_LOOP ( 'NONE', ( #416, #2349, #5585, #4889 ) ) ;
#5314 = SURFACE_STYLE_FILL_AREA ( #2606 ) ;
#5315 = DIRECTION ( 'NONE',  ( 0.0000000000000000000, 0.0000000000000000000, 1.000000000000000000 ) ) ;
#5316 = ORIENTED_EDGE ( 'NONE', *, *, #596, .F. ) ;
#5317 = PRESENTATION_LAYER_ASSIGNMENT (  '', '', ( #4057 ) ) ;
#5318 = FILL_AREA_STYLE_COLOUR ( '', #7089 ) ;
#5319 = PRESENTATION_LAYER_ASSIGNMENT (  '', '', ( #3680 ) ) ;
#5320 = B_SPLINE_CURVE_WITH_KNOTS ( 'NONE', 3,
 ( #4093, #2550, #267, #1453 ),
 .UNSPECIFIED., .F., .F.,
 ( 4, 4 ),
 ( 0.0000000000000000000, 1.000000000000000000 ),
 .UNSPECIFIED. ) ;
#5321 = SURFACE_STYLE_USAGE ( .BOTH. , #4717 ) ;
#5322 = SURFACE_STYLE_USAGE ( .BOTH. , #4735 ) ;
#5323 = SURFACE_STYLE_FILL_AREA ( #4626 ) ;
#5324 = COLOUR_RGB ( '',1.000000000000000000, 0.8078431372549019800, 0.4980392156862745200 ) ;
#5325 = CARTESIAN_POINT ( 'NONE',  ( -7.565312561836970300, 0.8650000000000003200, 17.57000169561520400 ) ) ;
#5326 = STYLED_ITEM ( 'NONE', ( #6132 ), #6897 ) ;
#5327 = COLOUR_RGB ( '',0.0000000000000000000, 0.0000000000000000000, 1.000000000000000000 ) ;
#5328 = COLOUR_RGB ( '',0.0000000000000000000, 0.0000000000000000000, 1.000000000000000000 ) ;
#5329 = EDGE_CURVE ( 'NONE', #977, #2457, #2326, .T. ) ;
#5330 = CARTESIAN_POINT ( 'NONE',  ( -3.285981471631799000, 0.8653000000000004000, 17.73318271590345700 ) ) ;
#5331 = FILL_AREA_STYLE ('',( #344 ) ) ;
#5332 = CARTESIAN_POINT ( 'NONE',  ( -17.60000000000000100, 0.8000000000000003800, -16.19999999999999900 ) ) ;
#5333 = VECTOR ( 'NONE', #5080, 1000.000000000000000 ) ;
#5334 = ORIENTED_EDGE ( 'NONE', *, *, #5753, .T. ) ;
#5335 = ADVANCED_FACE ( 'NONE', ( #829 ), #4390, .T. ) ;
#5336 =( LENGTH_UNIT ( ) NAMED_UNIT ( * ) SI_UNIT ( .MILLI., .METRE. ) );
#5337 = VECTOR ( 'NONE', #5660, 1000.000000000000000 ) ;
#5338 = ORIENTED_EDGE ( 'NONE', *, *, #5945, .F. ) ;
#5339 = ADVANCED_FACE ( 'NONE', ( #140 ), #5030, .F. ) ;
#5340 = EDGE_CURVE ( 'NONE', #3139, #2449, #3151, .T. ) ;
#5341 = CARTESIAN_POINT ( 'NONE',  ( -9.985630581786313800, 0.8653000000000004000, 17.70333963657575200 ) ) ;
#5342 = DIRECTION ( 'NONE',  ( -0.0000000000000000000, 1.000000000000000000, -0.0000000000000000000 ) ) ;
#5343 = CARTESIAN_POINT ( 'NONE',  ( -4.846377213621117600, 0.8653000000000004000, 18.19891092970823700 ) ) ;
#5344 = CYLINDRICAL_SURFACE ( 'NONE', #5166, 0.1999999999999987900 ) ;
#5345 = DIRECTION ( 'NONE',  ( 0.0000000000000000000, 0.0000000000000000000, 1.000000000000000000 ) ) ;
#5346 = CARTESIAN_POINT ( 'NONE',  ( -8.867923368433944000, 0.8650000000000003200, 18.10841169049780300 ) ) ;
#5347 = EDGE_CURVE ( 'NONE', #3906, #3733, #4649, .T. ) ;
#5348 = DIRECTION ( 'NONE',  ( 0.0000000000000000000, 0.0000000000000000000, 1.000000000000000000 ) ) ;
#5349 = FILL_AREA_STYLE_COLOUR ( '', #1452 ) ;
#5350 = STYLED_ITEM ( 'NONE', ( #5554 ), #4311 ) ;
#5351 = VECTOR ( 'NONE', #4963, 1000.000000000000000 ) ;
#5352 = CARTESIAN_POINT ( 'NONE',  ( -4.842959098647051900, 0.8653000000000004000, 18.00876984366381400 ) ) ;
#5353 = CARTESIAN_POINT ( 'NONE',  ( -7.273932997101369800, 0.8653000000000004000, 18.19891092970823700 ) ) ;
#5354 = PLANE ( 'NONE',  #4283 ) ;
#5355 = UNCERTAINTY_MEASURE_WITH_UNIT (LENGTH_MEASURE( 1.000000000000000100E-005 ), #528, 'distance_accuracy_value', 'NONE');
#5356 = CARTESIAN_POINT ( 'NONE',  ( 18.08977683715330500, 1.142628163596250700, -33.81379118025649400 ) ) ;
#5357 = VERTEX_POINT ( 'NONE', #6710 ) ;
#5358 = STYLED_ITEM ( 'NONE', ( #2048 ), #893 ) ;
#5359 = ORIENTED_EDGE ( 'NONE', *, *, #4949, .F. ) ;
#5360 = CARTESIAN_POINT ( 'NONE',  ( -6.568368449399659200, 0.8653000000000004000, 17.57000169561520400 ) ) ;
#5361 = CARTESIAN_POINT ( 'NONE',  ( -4.247439589176138100, 0.8653000000000004000, 17.95608755419133500 ) ) ;
#5362 =( NAMED_UNIT ( * ) SI_UNIT ( $, .STERADIAN. ) SOLID_ANGLE_UNIT ( ) );
#5363 = CARTESIAN_POINT ( 'NONE',  ( -12.18346340461477300, 0.8653000000000004000, 17.86572192957769200 ) ) ;
#5364 = EDGE_LOOP ( 'NONE', ( #3545, #453, #4960, #846 ) ) ;
#5365 = DIRECTION ( 'NONE',  ( 0.0000000000000000000, 0.0000000000000000000, -1.000000000000000000 ) ) ;
#5366 = ADVANCED_FACE ( 'NONE', ( #5517 ), #6077, .F. ) ;
#5367 = AXIS2_PLACEMENT_3D ( 'NONE', #3290, #4951, #1656 ) ;
#5368 = SURFACE_STYLE_FILL_AREA ( #75 ) ;
#5369 = ADVANCED_FACE ( 'NONE', ( #3591 ), #4025, .F. ) ;
#5370 = ADVANCED_FACE ( 'NONE', ( #2317 ), #5344, .F. ) ;
#5371 = ADVANCED_FACE ( 'NONE', ( #565 ), #1306, .F. ) ;
#5372 = DIRECTION ( 'NONE',  ( 0.0000000000000000000, 0.0000000000000000000, 1.000000000000000000 ) ) ;
#5373 = EDGE_LOOP ( 'NONE', ( #1207, #4483, #266, #580 ) ) ;
#5374 = SURFACE_STYLE_USAGE ( .BOTH. , #1525 ) ;
#5375 = FILL_AREA_STYLE_COLOUR ( '', #1240 ) ;
#5376 = VECTOR ( 'NONE', #5132, 1000.000000000000000 ) ;
#5377 = CARTESIAN_POINT ( 'NONE',  ( 2.243089218376837400, 1.365000000000000000, 16.85136643594227500 ) ) ;
#5378 = FILL_AREA_STYLE_COLOUR ( '', #3049 ) ;
#5379 = SURFACE_STYLE_USAGE ( .BOTH. , #4799 ) ;
#5380 = ORIENTED_EDGE ( 'NONE', *, *, #3648, .T. ) ;
#5381 = PRESENTATION_LAYER_ASSIGNMENT (  '', '', ( #4120 ) ) ;
#5382 = EDGE_CURVE ( 'NONE', #1196, #5710, #3504, .T. ) ;
#5383 = PRESENTATION_STYLE_ASSIGNMENT (( #3926 ) ) ;
#5384 = AXIS2_PLACEMENT_3D ( 'NONE', #3671, #1428, #837 ) ;
#5385 = VERTEX_POINT ( 'NONE', #5167 ) ;
#5386 = SURFACE_STYLE_FILL_AREA ( #1347 ) ;
#5387 = ORIENTED_EDGE ( 'NONE', *, *, #5209, .T. ) ;
#5388 = DIRECTION ( 'NONE',  ( -0.7908520922834233500, 0.0000000000000000000, 0.6120073268604973000 ) ) ;
#5389 = DIRECTION ( 'NONE',  ( 0.8720332837430442300, 0.0000000000000000000, -0.4894465773139325400 ) ) ;
#5390 = ORIENTED_EDGE ( 'NONE', *, *, #7014, .F. ) ;
#5391 = SURFACE_STYLE_USAGE ( .BOTH. , #5860 ) ;
#5392 = ORIENTED_EDGE ( 'NONE', *, *, #2122, .F. ) ;
#5393 = COLOUR_RGB ( '',0.0000000000000000000, 0.0000000000000000000, 1.000000000000000000 ) ;
#5394 = SURFACE_SIDE_STYLE ('',( #6998 ) ) ;
#5395 = EDGE_CURVE ( 'NONE', #533, #5201, #6172, .T. ) ;
#5396 =( GEOMETRIC_REPRESENTATION_CONTEXT ( 3 ) GLOBAL_UNCERTAINTY_ASSIGNED_CONTEXT ( ( #3422 ) ) GLOBAL_UNIT_ASSIGNED_CONTEXT ( ( #4748, #5857, #816 ) ) REPRESENTATION_CONTEXT ( 'NONE', 'WORKASPACE' ) );
#5397 = ORIENTED_EDGE ( 'NONE', *, *, #4595, .T. ) ;
#5398 = STYLED_ITEM ( 'NONE', ( #5913 ), #3794 ) ;
#5399 = EDGE_LOOP ( 'NONE', ( #1957, #5359, #4691, #2937 ) ) ;
#5400 = COLOUR_RGB ( '',0.0000000000000000000, 0.0000000000000000000, 1.000000000000000000 ) ;
#5401 = UNCERTAINTY_MEASURE_WITH_UNIT (LENGTH_MEASURE( 1.000000000000000100E-005 ), #6775, 'distance_accuracy_value', 'NONE');
#5402 = CARTESIAN_POINT ( 'NONE',  ( -11.72815476985506000, 0.8650000000000003200, 17.48298042619537200 ) ) ;
#5403 = PRESENTATION_STYLE_ASSIGNMENT (( #5229 ) ) ;
#5404 = ORIENTED_EDGE ( 'NONE', *, *, #322, .F. ) ;
#5405 = PRESENTATION_LAYER_ASSIGNMENT (  '', '', ( #1034 ) ) ;
#5406 = DIRECTION ( 'NONE',  ( 0.0000000000000000000, 1.000000000000000000, -0.0000000000000000000 ) ) ;
#5407 =( LENGTH_UNIT ( ) NAMED_UNIT ( * ) SI_UNIT ( .MILLI., .METRE. ) );
#5408 = FILL_AREA_STYLE ('',( #3084 ) ) ;
#5409 = VECTOR ( 'NONE', #4286, 1000.000000000000000 ) ;
#5410 = COLOUR_RGB ( '',0.0000000000000000000, 0.0000000000000000000, 1.000000000000000000 ) ;
#5411 =( LENGTH_UNIT ( ) NAMED_UNIT ( * ) SI_UNIT ( .MILLI., .METRE. ) );
#5412 = ADVANCED_FACE ( 'NONE', ( #5848 ), #1972, .F. ) ;
#5413 = CARTESIAN_POINT ( 'NONE',  ( 14.60000000000000100, 0.8650000000000003200, 16.19999999999999900 ) ) ;
#5414 = CARTESIAN_POINT ( 'NONE',  ( -3.805246575660642600, 0.8650000000000003200, 17.95608755419133500 ) ) ;
#5415 = SURFACE_STYLE_FILL_AREA ( #26 ) ;
#5416 = MECHANICAL_DESIGN_GEOMETRIC_PRESENTATION_REPRESENTATION (  '', ( #5027 ), #6615 ) ;
#5417 =( NAMED_UNIT ( * ) PLANE_ANGLE_UNIT ( ) SI_UNIT ( $, .RADIAN. ) );
#5418 = PRESENTATION_STYLE_ASSIGNMENT (( #2733 ) ) ;
#5419 = CARTESIAN_POINT ( 'NONE',  ( 0.0000000000000000000, 0.8350000000000000800, 0.0000000000000000000 ) ) ;
#5420 = COLOUR_RGB ( '',0.0000000000000000000, 0.0000000000000000000, 1.000000000000000000 ) ;
#5421 = VECTOR ( 'NONE', #6467, 1000.000000000000000 ) ;
#5422 = ORIENTED_EDGE ( 'NONE', *, *, #3755, .F. ) ;
#5423 = LINE ( 'NONE', #4548, #218 ) ;
#5424 = FILL_AREA_STYLE_COLOUR ( '', #1873 ) ;
#5425 = EDGE_CURVE ( 'NONE', #2860, #588, #129, .T. ) ;
#5426 = DIRECTION ( 'NONE',  ( 0.0000000000000000000, -0.0000000000000000000, 1.000000000000000000 ) ) ;
#5427 =( GEOMETRIC_REPRESENTATION_CONTEXT ( 3 ) GLOBAL_UNCERTAINTY_ASSIGNED_CONTEXT ( ( #203 ) ) GLOBAL_UNIT_ASSIGNED_CONTEXT ( ( #6648, #1764, #3918 ) ) REPRESENTATION_CONTEXT ( 'NONE', 'WORKASPACE' ) );
#5428 = CARTESIAN_POINT ( 'NONE',  ( -5.040810504759547500, 0.8653000000000004000, 17.95608755419133500 ) ) ;
#5429 =( LENGTH_UNIT ( ) NAMED_UNIT ( * ) SI_UNIT ( .MILLI., .METRE. ) );
#5430 = SURFACE_SIDE_STYLE ('',( #761 ) ) ;
#5431 = PRESENTATION_STYLE_ASSIGNMENT (( #2336 ) ) ;
#5432 = VECTOR ( 'NONE', #2149, 1000.000000000000000 ) ;
#5433 = EDGE_CURVE ( 'NONE', #2817, #4332, #1803, .T. ) ;
#5434 = CARTESIAN_POINT ( 'NONE',  ( -11.86005279977585000, 0.8653000000000004000, 17.67125164733246100 ) ) ;
#5435 = CARTESIAN_POINT ( 'NONE',  ( -10.83205225423109400, 0.8653000000000004000, 17.30830367580641400 ) ) ;
#5436 = AXIS2_PLACEMENT_3D ( 'NONE', #4324, #7074, #2163 ) ;
#5437 =( NAMED_UNIT ( * ) SI_UNIT ( $, .STERADIAN. ) SOLID_ANGLE_UNIT ( ) );
#5438 = UNCERTAINTY_MEASURE_WITH_UNIT (LENGTH_MEASURE( 1.000000000000000100E-005 ), #6677, 'distance_accuracy_value', 'NONE');
#5439 = CARTESIAN_POINT ( 'NONE',  ( -5.912976898943594700, 0.8653000000000004000, 18.19891092970823700 ) ) ;
#5440 = ADVANCED_FACE ( 'NONE', ( #40 ), #5972, .F. ) ;
#5441 = DIRECTION ( 'NONE',  ( 0.0000000000000000000, 0.0000000000000000000, 1.000000000000000000 ) ) ;
#5442 = ADVANCED_FACE ( 'NONE', ( #3234 ), #4660, .T. ) ;
#5443 = ORIENTED_EDGE ( 'NONE', *, *, #5164, .F. ) ;
#5444 = ADVANCED_FACE ( 'NONE', ( #4462 ), #1338, .F. ) ;
#5445 = EDGE_CURVE ( 'NONE', #3321, #1854, #2561, .T. ) ;
#5446 = CARTESIAN_POINT ( 'NONE',  ( -11.02488769279018800, 0.8650000000000003200, 17.13542832098493600 ) ) ;
#5447 =( NAMED_UNIT ( * ) PLANE_ANGLE_UNIT ( ) SI_UNIT ( $, .RADIAN. ) );
#5448 = PRESENTATION_LAYER_ASSIGNMENT (  '', '', ( #4499 ) ) ;
#5449 = SURFACE_STYLE_FILL_AREA ( #312 ) ;
#5450 = UNCERTAINTY_MEASURE_WITH_UNIT (LENGTH_MEASURE( 1.000000000000000100E-005 ), #820, 'distance_accuracy_value', 'NONE');
#5451 = PLANE ( 'NONE',  #6459 ) ;
#5452 = SURFACE_SIDE_STYLE ('',( #5812 ) ) ;
#5453 = ORIENTED_EDGE ( 'NONE', *, *, #4186, .T. ) ;
#5454 = CARTESIAN_POINT ( 'NONE',  ( -7.020653954054350400, 0.8653000000000004000, 18.19891092970823700 ) ) ;
#5455 = FILL_AREA_STYLE_COLOUR ( '', #6503 ) ;
#5456 = ORIENTED_EDGE ( 'NONE', *, *, #2872, .T. ) ;
#5457 = FILL_AREA_STYLE_COLOUR ( '', #668 ) ;
#5458 = LINE ( 'NONE', #1438, #6541 ) ;
#5459 = VECTOR ( 'NONE', #1177, 1000.000000000000000 ) ;
#5460 = PRESENTATION_LAYER_ASSIGNMENT (  '', '', ( #4104 ) ) ;
#5461 = PRESENTATION_LAYER_ASSIGNMENT (  '', '', ( #6311 ) ) ;
#5462 = ORIENTED_EDGE ( 'NONE', *, *, #280, .T. ) ;
#5463 = CARTESIAN_POINT ( 'NONE',  ( -6.373883349586632700, 0.8653000000000004000, 18.19891092970823700 ) ) ;
#5464 = ORIENTED_EDGE ( 'NONE', *, *, #4750, .T. ) ;
#5465 =( NAMED_UNIT ( * ) PLANE_ANGLE_UNIT ( ) SI_UNIT ( $, .RADIAN. ) );
#5466 = CARTESIAN_POINT ( 'NONE',  ( 17.60000000000000500, 0.8650000000000003200, 17.40000000000000200 ) ) ;
#5467 = FILL_AREA_STYLE_COLOUR ( '', #5400 ) ;
#5468 = VERTEX_POINT ( 'NONE', #6404 ) ;
#5469 = ADVANCED_FACE ( 'NONE', ( #1075 ), #2039, .T. ) ;
#5470 = CARTESIAN_POINT ( 'NONE',  ( -3.261890097925141100, 0.8650000000000003200, 17.95608755419133500 ) ) ;
#5471 = SURFACE_STYLE_FILL_AREA ( #6973 ) ;
#5472 = CARTESIAN_POINT ( 'NONE',  ( 14.40000000000000200, 0.8650000000000003200, 16.00000000000000000 ) ) ;
#5473 = PRESENTATION_STYLE_ASSIGNMENT (( #4461 ) ) ;
#5474 = SURFACE_STYLE_USAGE ( .BOTH. , #1587 ) ;
#5475 = EDGE_LOOP ( 'NONE', ( #2286, #6682, #2250, #595 ) ) ;
#5476 = DIRECTION ( 'NONE',  ( -1.000000000000000000, -0.0000000000000000000, -0.0000000000000000000 ) ) ;
#5477 = LINE ( 'NONE', #215, #5990 ) ;
#5478 = CARTESIAN_POINT ( 'NONE',  ( -4.781093952204545700, 0.8653000000000004000, 18.03834697636674300 ) ) ;
#5479 =( NAMED_UNIT ( * ) PLANE_ANGLE_UNIT ( ) SI_UNIT ( $, .RADIAN. ) );
#5480 = ADVANCED_FACE ( 'NONE', ( #2389 ), #1375, .F. ) ;
#5481 = EDGE_LOOP ( 'NONE', ( #4089, #1941 ) ) ;
#5482 = EDGE_CURVE ( 'NONE', #6038, #6622, #5839, .T. ) ;
#5483 = ORIENTED_EDGE ( 'NONE', *, *, #694, .T. ) ;
#5484 = CARTESIAN_POINT ( 'NONE',  ( -17.40000000000000200, 0.8000000000000003800, -17.60000000000000100 ) ) ;
#5485 = PRESENTATION_LAYER_ASSIGNMENT (  '', '', ( #6070 ) ) ;
#5486 = FILL_AREA_STYLE ('',( #4914 ) ) ;
#5487 = DIRECTION ( 'NONE',  ( -1.000000000000000000, 0.0000000000000000000, -0.0000000000000000000 ) ) ;
#5488 = FACE_OUTER_BOUND ( 'NONE', #3554, .T. ) ;
#5489 = CARTESIAN_POINT ( 'NONE',  ( -3.877881027603348000, 0.8650000000000003200, 17.57000169561520400 ) ) ;
#5490 = CARTESIAN_POINT ( 'NONE',  ( -8.666349520355391100, 0.8650000000000003200, 18.19891092970823700 ) ) ;
#5491 = ORIENTED_EDGE ( 'NONE', *, *, #2872, .F. ) ;
#5492 = SURFACE_SIDE_STYLE ('',( #1051 ) ) ;
#5493 = ORIENTED_EDGE ( 'NONE', *, *, #4824, .F. ) ;
#5494 = COLOUR_RGB ( '',0.0000000000000000000, 0.0000000000000000000, 1.000000000000000000 ) ;
#5495 = EDGE_CURVE ( 'NONE', #3965, #6402, #5055, .T. ) ;
#5496 = UNCERTAINTY_MEASURE_WITH_UNIT (LENGTH_MEASURE( 1.000000000000000100E-005 ), #1469, 'distance_accuracy_value', 'NONE');
#5497 = DIRECTION ( 'NONE',  ( 0.0000000000000000000, -1.000000000000000000, 0.0000000000000000000 ) ) ;
#5498 = VECTOR ( 'NONE', #3743, 1000.000000000000000 ) ;
#5499 = DIRECTION ( 'NONE',  ( 0.0000000000000000000, 0.0000000000000000000, 1.000000000000000000 ) ) ;
#5500 = LINE ( 'NONE', #98, #1057 ) ;
#5501 = CARTESIAN_POINT ( 'NONE',  ( -4.050786439046619900, 0.8650000000000003200, 18.04350418491232900 ) ) ;
#5502 = CARTESIAN_POINT ( 'NONE',  ( -8.859375071189683500, 0.8653000000000004000, 17.57000169561520400 ) ) ;
#5503 = CIRCLE ( 'NONE', #2666, 0.1999999999999987900 ) ;
#5504 = LINE ( 'NONE', #3735, #3578 ) ;
#5505 = CARTESIAN_POINT ( 'NONE',  ( -3.819819616345347500, 0.8653000000000004000, 18.06263779760815400 ) ) ;
#5506 = CARTESIAN_POINT ( 'NONE',  ( -14.60000000000000100, 0.8350000000000000800, -16.00000000000000000 ) ) ;
#5507 = CARTESIAN_POINT ( 'NONE',  ( -9.013750247222809300, 0.8653000000000004000, 18.19891092970823700 ) ) ;
#5508 = VECTOR ( 'NONE', #4363, 1000.000000000000000 ) ;
#5509 = VERTEX_POINT ( 'NONE', #3727 ) ;
#5510 = FACE_OUTER_BOUND ( 'NONE', #3639, .T. ) ;
#5511 = CARTESIAN_POINT ( 'NONE',  ( -8.261725682775729500, 0.8653000000000004000, 17.57000169561520400 ) ) ;
#5512 = ORIENTED_EDGE ( 'NONE', *, *, #2382, .F. ) ;
#5513 = DIRECTION ( 'NONE',  ( 0.0000000000000000000, -1.000000000000000000, 0.0000000000000000000 ) ) ;
#5514 = DIRECTION ( 'NONE',  ( -1.000000000000000000, -0.0000000000000000000, -0.0000000000000000000 ) ) ;
#5515 =( NAMED_UNIT ( * ) PLANE_ANGLE_UNIT ( ) SI_UNIT ( $, .RADIAN. ) );
#5516 = CIRCLE ( 'NONE', #920, 0.1999999999999987900 ) ;
#5517 = FACE_OUTER_BOUND ( 'NONE', #6026, .T. ) ;
#5518 = FILL_AREA_STYLE_COLOUR ( '', #2295 ) ;
#5519 = MECHANICAL_DESIGN_GEOMETRIC_PRESENTATION_REPRESENTATION (  '', ( #4120 ), #5245 ) ;
#5520 = DIRECTION ( 'NONE',  ( -0.0000000000000000000, -1.000000000000000000, -0.0000000000000000000 ) ) ;
#5521 = EDGE_CURVE ( 'NONE', #1470, #3997, #2142, .T. ) ;
#5522 = MECHANICAL_DESIGN_GEOMETRIC_PRESENTATION_REPRESENTATION (  '', ( #4124 ), #3517 ) ;
#5523 = DIRECTION ( 'NONE',  ( -0.0000000000000000000, -1.000000000000000000, -0.0000000000000000000 ) ) ;
#5524 = DIRECTION ( 'NONE',  ( 0.0000000000000000000, 0.0000000000000000000, 1.000000000000000000 ) ) ;
#5525 = DIRECTION ( 'NONE',  ( -0.0000000000000000000, -1.000000000000000000, -0.0000000000000000000 ) ) ;
#5526 = ORIENTED_EDGE ( 'NONE', *, *, #5937, .T. ) ;
#5527 = UNCERTAINTY_MEASURE_WITH_UNIT (LENGTH_MEASURE( 1.000000000000000100E-005 ), #5970, 'distance_accuracy_value', 'NONE');
#5528 = EDGE_CURVE ( 'NONE', #7147, #1851, #717, .T. ) ;
#5529 =( LENGTH_UNIT ( ) NAMED_UNIT ( * ) SI_UNIT ( .MILLI., .METRE. ) );
#5530 = STYLED_ITEM ( 'NONE', ( #2414 ), #4893 ) ;
#5531 = CARTESIAN_POINT ( 'NONE',  ( -12.18515224144049300, 0.8650000000000003200, 17.88701189099145200 ) ) ;
#5532 = VERTEX_POINT ( 'NONE', #3368 ) ;
#5533 = CARTESIAN_POINT ( 'NONE',  ( -5.912976898943594700, 0.8653000000000004000, 18.19891092970823700 ) ) ;
#5534 = ORIENTED_EDGE ( 'NONE', *, *, #3189, .F. ) ;
#5535 = CARTESIAN_POINT ( 'NONE',  ( 14.40000000000000200, 0.8650000000000003200, 16.00000000000000000 ) ) ;
#5536 = PRESENTATION_LAYER_ASSIGNMENT (  '', '', ( #4796 ) ) ;
#5537 = CARTESIAN_POINT ( 'NONE',  ( -12.18056257477258500, 0.8650000000000003200, 17.89797427332903700 ) ) ;
#5538 = EDGE_LOOP ( 'NONE', ( #4538, #3129, #6351, #4346 ) ) ;
#5539 = B_SPLINE_CURVE_WITH_KNOTS ( 'NONE', 3,
 ( #6768, #145, #2885, #3448 ),
 .UNSPECIFIED., .F., .F.,
 ( 4, 4 ),
 ( 0.0000000000000000000, 1.000000000000000000 ),
 .UNSPECIFIED. ) ;
#5540 =( NAMED_UNIT ( * ) SI_UNIT ( $, .STERADIAN. ) SOLID_ANGLE_UNIT ( ) );
#5541 = SURFACE_SIDE_STYLE ('',( #4706 ) ) ;
#5542 = SURFACE_STYLE_USAGE ( .BOTH. , #6579 ) ;
#5543 = ORIENTED_EDGE ( 'NONE', *, *, #6163, .T. ) ;
#5544 = DIRECTION ( 'NONE',  ( 1.000000000000000000, 0.0000000000000000000, -0.0000000000000000000 ) ) ;
#5545 = VECTOR ( 'NONE', #2056, 1000.000000000000000 ) ;
#5546 = ORIENTED_EDGE ( 'NONE', *, *, #1261, .F. ) ;
#5547 = CARTESIAN_POINT ( 'NONE',  ( -7.126512366852235700, 0.8653000000000004000, 17.57000169561520400 ) ) ;
#5548 = VERTEX_POINT ( 'NONE', #895 ) ;
#5549 =( NAMED_UNIT ( * ) SI_UNIT ( $, .STERADIAN. ) SOLID_ANGLE_UNIT ( ) );
#5550 = FACE_OUTER_BOUND ( 'NONE', #2078, .T. ) ;
#5551 = CARTESIAN_POINT ( 'NONE',  ( -5.912976898943594700, 0.8653000000000004000, 18.19891092970823700 ) ) ;
#5552 = VERTEX_POINT ( 'NONE', #4240 ) ;
#5553 = CARTESIAN_POINT ( 'NONE',  ( 0.0000000000000000000, 0.8350000000000000800, 0.0000000000000000000 ) ) ;
#5554 = PRESENTATION_STYLE_ASSIGNMENT (( #1093 ) ) ;
#5555 = ORIENTED_EDGE ( 'NONE', *, *, #1603, .T. ) ;
#5556 = CARTESIAN_POINT ( 'NONE',  ( -17.40000000000000200, 0.8650000000000003200, -17.40000000000000200 ) ) ;
#5557 = VERTEX_POINT ( 'NONE', #7015 ) ;
#5558 = ORIENTED_EDGE ( 'NONE', *, *, #2021, .T. ) ;
#5559 = EDGE_CURVE ( 'NONE', #2631, #3972, #3497, .T. ) ;
#5560 = AXIS2_PLACEMENT_3D ( 'NONE', #2984, #249, #1434 ) ;
#5561 = SURFACE_STYLE_USAGE ( .BOTH. , #513 ) ;
#5562 = CARTESIAN_POINT ( 'NONE',  ( -3.987703829387685900, 0.8650000000000003200, 18.20146168278876100 ) ) ;
#5563 = LINE ( 'NONE', #178, #6572 ) ;
#5564 = DIRECTION ( 'NONE',  ( 0.0000000000000000000, 0.0000000000000000000, -1.000000000000000000 ) ) ;
#5565 = VERTEX_POINT ( 'NONE', #418 ) ;
#5566 = VERTEX_POINT ( 'NONE', #4802 ) ;
#5567 = LINE ( 'NONE', #4978, #4604 ) ;
#5568 = CARTESIAN_POINT ( 'NONE',  ( -11.26524202843952200, 0.8653000000000004000, 17.30830367580641400 ) ) ;
#5569 =( LENGTH_UNIT ( ) NAMED_UNIT ( * ) SI_UNIT ( .MILLI., .METRE. ) );
#5570 = SURFACE_STYLE_FILL_AREA ( #5854 ) ;
#5571 = EDGE_CURVE ( 'NONE', #2584, #2584, #639, .T. ) ;
#5572 = CARTESIAN_POINT ( 'NONE',  ( -3.805246575660643100, 0.8653000000000004000, 17.80630687864909900 ) ) ;
#5573 = ORIENTED_EDGE ( 'NONE', *, *, #4024, .F. ) ;
#5574 = STYLED_ITEM ( 'NONE', ( #5674 ), #3653 ) ;
#5575 = VECTOR ( 'NONE', #2657, 1000.000000000000000 ) ;
#5576 =( NAMED_UNIT ( * ) SI_UNIT ( $, .STERADIAN. ) SOLID_ANGLE_UNIT ( ) );
#5577 = DIRECTION ( 'NONE',  ( -0.0000000000000000000, -1.000000000000000000, -0.0000000000000000000 ) ) ;
#5578 = CARTESIAN_POINT ( 'NONE',  ( -10.57912301450318200, 0.8653000000000004000, 17.34062022177580100 ) ) ;
#5579 = FACE_BOUND ( 'NONE', #5283, .T. ) ;
#5580 = EDGE_CURVE ( 'NONE', #2417, #1054, #7108, .T. ) ;
#5581 = VECTOR ( 'NONE', #2374, 1000.000000000000000 ) ;
#5582 = STYLED_ITEM ( 'NONE', ( #3766 ), #5369 ) ;
#5583 = SURFACE_SIDE_STYLE ('',( #2423 ) ) ;
#5584 = ORIENTED_EDGE ( 'NONE', *, *, #5257, .F. ) ;
#5585 = ORIENTED_EDGE ( 'NONE', *, *, #973, .F. ) ;
#5586 = CARTESIAN_POINT ( 'NONE',  ( -3.805246575660643100, 0.8653000000000004000, 17.80630687864909900 ) ) ;
#5587 = CARTESIAN_POINT ( 'NONE',  ( -10.34922221654372100, 0.8650000000000003200, 17.41184081926417800 ) ) ;
#5588 = SURFACE_STYLE_FILL_AREA ( #5619 ) ;
#5589 = B_SPLINE_CURVE_WITH_KNOTS ( 'NONE', 3,
 ( #4757, #3730, #2607, #2178 ),
 .UNSPECIFIED., .F., .F.,
 ( 4, 4 ),
 ( 0.0000000000000000000, 1.000000000000000000 ),
 .UNSPECIFIED. ) ;
#5590 = VERTEX_POINT ( 'NONE', #6555 ) ;
#5591 = MECHANICAL_DESIGN_GEOMETRIC_PRESENTATION_REPRESENTATION (  '', ( #745 ), #2397 ) ;
#5592 = CARTESIAN_POINT ( 'NONE',  ( -3.261890097925141100, 0.8653000000000004000, 17.95608755419133500 ) ) ;
#5593 = CARTESIAN_POINT ( 'NONE',  ( -12.18346340461477300, 0.8653000000000004000, 17.87551710783972700 ) ) ;
#5594 =( NAMED_UNIT ( * ) PLANE_ANGLE_UNIT ( ) SI_UNIT ( $, .RADIAN. ) );
#5595 = COLOUR_RGB ( '',0.0000000000000000000, 0.0000000000000000000, 1.000000000000000000 ) ;
#5596 = CARTESIAN_POINT ( 'NONE',  ( -9.013750247222809300, 0.8653000000000004000, 18.19891092970823700 ) ) ;
#5597 = PRESENTATION_STYLE_ASSIGNMENT (( #5391 ) ) ;
#5598 = FILL_AREA_STYLE ('',( #465 ) ) ;
#5599 = CARTESIAN_POINT ( 'NONE',  ( -3.282499986744676700, 0.8650000000000003200, 17.63725463270457200 ) ) ;
#5600 =( NAMED_UNIT ( * ) SI_UNIT ( $, .STERADIAN. ) SOLID_ANGLE_UNIT ( ) );
#5601 = STYLED_ITEM ( 'NONE', ( #3272 ), #6742 ) ;
#5602 = LINE ( 'NONE', #2854, #6684 ) ;
#5603 = DIRECTION ( 'NONE',  ( -1.000000000000000000, 0.0000000000000000000, -0.0000000000000000000 ) ) ;
#5604 = SURFACE_STYLE_FILL_AREA ( #3826 ) ;
#5605 = DIRECTION ( 'NONE',  ( -1.000000000000000000, -0.0000000000000000000, -0.0000000000000000000 ) ) ;
#5606 = COLOUR_RGB ( '',0.0000000000000000000, 0.0000000000000000000, 1.000000000000000000 ) ;
#5607 = PRESENTATION_LAYER_ASSIGNMENT (  '', '', ( #3882 ) ) ;
#5608 = EDGE_CURVE ( 'NONE', #4631, #5883, #2050, .T. ) ;
#5609 = CARTESIAN_POINT ( 'NONE',  ( -3.845161075207352000, 0.8650000000000003200, 18.04350418491232900 ) ) ;
#5610 = VERTEX_POINT ( 'NONE', #7111 ) ;
#5611 = UNCERTAINTY_MEASURE_WITH_UNIT (LENGTH_MEASURE( 1.000000000000000100E-005 ), #4050, 'distance_accuracy_value', 'NONE');
#5612 = FILL_AREA_STYLE ('',( #1759 ) ) ;
#5613 = VERTEX_POINT ( 'NONE', #7131 ) ;
#5614 = EDGE_CURVE ( 'NONE', #2441, #3618, #6173, .T. ) ;
#5615 = DIRECTION ( 'NONE',  ( 1.000000000000000000, 0.0000000000000000000, -9.130123557772670800E-017 ) ) ;
#5616 = VERTEX_POINT ( 'NONE', #485 ) ;
#5617 = MECHANICAL_DESIGN_GEOMETRIC_PRESENTATION_REPRESENTATION (  '', ( #1560 ), #4652 ) ;
#5618 = STYLED_ITEM ( 'NONE', ( #4523 ), #4207 ) ;
#5619 = FILL_AREA_STYLE ('',( #6694 ) ) ;
#5620 = PLANE ( 'NONE',  #2291 ) ;
#5621 = SURFACE_STYLE_FILL_AREA ( #1197 ) ;
#5622 = FILL_AREA_STYLE ('',( #6164 ) ) ;
#5623 = ORIENTED_EDGE ( 'NONE', *, *, #4001, .F. ) ;
#5624 =( NAMED_UNIT ( * ) SI_UNIT ( $, .STERADIAN. ) SOLID_ANGLE_UNIT ( ) );
#5625 = CARTESIAN_POINT ( 'NONE',  ( -11.29027920413558300, 0.8650000000000003200, 18.45133746945663600 ) ) ;
#5626 = MECHANICAL_DESIGN_GEOMETRIC_PRESENTATION_REPRESENTATION (  '', ( #2799 ), #7080 ) ;
#5627 =( NAMED_UNIT ( * ) PLANE_ANGLE_UNIT ( ) SI_UNIT ( $, .RADIAN. ) );
#5628 = ORIENTED_EDGE ( 'NONE', *, *, #473, .T. ) ;
#5629 = B_SPLINE_CURVE_WITH_KNOTS ( 'NONE', 3,
 ( #2868, #5778, #1922, #6266 ),
 .UNSPECIFIED., .F., .F.,
 ( 4, 4 ),
 ( 0.0000000000000000000, 1.000000000000000000 ),
 .UNSPECIFIED. ) ;
#5630 = CARTESIAN_POINT ( 'NONE',  ( -5.441176461509573200, 0.8653000000000004000, 17.57000169561520400 ) ) ;
#5631 = DIRECTION ( 'NONE',  ( -0.0000000000000000000, -1.000000000000000000, -0.0000000000000000000 ) ) ;
#5632 = DIRECTION ( 'NONE',  ( 0.0000000000000000000, -0.0000000000000000000, -1.000000000000000000 ) ) ;
#5633 = APPLICATION_PROTOCOL_DEFINITION ( 'draft international standard', 'automotive_design', 1998, #4519 ) ;
#5634 = ORIENTED_EDGE ( 'NONE', *, *, #4991, .T. ) ;
#5635 = ORIENTED_EDGE ( 'NONE', *, *, #2958, .F. ) ;
#5636 = PRESENTATION_LAYER_ASSIGNMENT (  '', '', ( #2902 ) ) ;
#5637 = ORIENTED_EDGE ( 'NONE', *, *, #2976, .F. ) ;
#5638 = CIRCLE ( 'NONE', #444, 1.999999999999998200 ) ;
#5639 = SURFACE_SIDE_STYLE ('',( #3482 ) ) ;
#5640 = VECTOR ( 'NONE', #7040, 1000.000000000000000 ) ;
#5641 = CARTESIAN_POINT ( 'NONE',  ( -16.79166666666667100, 0.8350000000000000800, 0.0000000000000000000 ) ) ;
#5642 = ORIENTED_EDGE ( 'NONE', *, *, #1984, .F. ) ;
#5643 = FILL_AREA_STYLE ('',( #2908 ) ) ;
#5644 = VERTEX_POINT ( 'NONE', #4389 ) ;
#5645 = VECTOR ( 'NONE', #1956, 1000.000000000000000 ) ;
#5646 = LINE ( 'NONE', #5932, #3736 ) ;
#5647 = LINE ( 'NONE', #2392, #5308 ) ;
#5648 =( LENGTH_UNIT ( ) NAMED_UNIT ( * ) SI_UNIT ( .MILLI., .METRE. ) );
#5649 = EDGE_LOOP ( 'NONE', ( #4608, #5874, #5207, #4609 ) ) ;
#5650 = EDGE_CURVE ( 'NONE', #3997, #5509, #6254, .T. ) ;
#5651 =( NAMED_UNIT ( * ) PLANE_ANGLE_UNIT ( ) SI_UNIT ( $, .RADIAN. ) );
#5652 = ORIENTED_EDGE ( 'NONE', *, *, #1591, .F. ) ;
#5653 = CARTESIAN_POINT ( 'NONE',  ( -10.83205225423109400, 0.8650000000000003200, 17.30830367580641400 ) ) ;
#5654 = MECHANICAL_DESIGN_GEOMETRIC_PRESENTATION_REPRESENTATION (  '', ( #5789 ), #5427 ) ;
#5655 = FILL_AREA_STYLE ('',( #6214 ) ) ;
#5656 = UNCERTAINTY_MEASURE_WITH_UNIT (LENGTH_MEASURE( 1.000000000000000100E-005 ), #6149, 'distance_accuracy_value', 'NONE');
#5657 = SURFACE_SIDE_STYLE ('',( #3749 ) ) ;
#5658 = SURFACE_STYLE_FILL_AREA ( #6028 ) ;
#5659 = FILL_AREA_STYLE_COLOUR ( '', #685 ) ;
#5660 = DIRECTION ( 'NONE',  ( -1.000000000000000000, -0.0000000000000000000, -0.0000000000000000000 ) ) ;
#5661 = FILL_AREA_STYLE_COLOUR ( '', #1467 ) ;
#5662 = EDGE_CURVE ( 'NONE', #5784, #4159, #3407, .T. ) ;
#5663 = UNCERTAINTY_MEASURE_WITH_UNIT (LENGTH_MEASURE( 1.000000000000000100E-005 ), #6657, 'distance_accuracy_value', 'NONE');
#5664 = MECHANICAL_DESIGN_GEOMETRIC_PRESENTATION_REPRESENTATION (  '', ( #6156 ), #684 ) ;
#5665 = CYLINDRICAL_SURFACE ( 'NONE', #4178, 0.1999999999999987900 ) ;
#5666 = FACE_OUTER_BOUND ( 'NONE', #5302, .T. ) ;
#5667 = FILL_AREA_STYLE ('',( #4017 ) ) ;
#5668 = PLANE ( 'NONE',  #2557 ) ;
#5669 =( NAMED_UNIT ( * ) SI_UNIT ( $, .STERADIAN. ) SOLID_ANGLE_UNIT ( ) );
#5670 = CARTESIAN_POINT ( 'NONE',  ( -11.70555249530838700, 0.8650000000000003200, 18.28038506439866900 ) ) ;
#5671 = DIRECTION ( 'NONE',  ( -0.0000000000000000000, -1.000000000000000000, -0.0000000000000000000 ) ) ;
#5672 = SURFACE_STYLE_FILL_AREA ( #2138 ) ;
#5673 = EDGE_LOOP ( 'NONE', ( #102, #2873, #4020, #4155 ) ) ;
#5674 = PRESENTATION_STYLE_ASSIGNMENT (( #5474 ) ) ;
#5675 = EDGE_CURVE ( 'NONE', #3045, #6284, #3435, .T. ) ;
#5676 =( GEOMETRIC_REPRESENTATION_CONTEXT ( 3 ) GLOBAL_UNCERTAINTY_ASSIGNED_CONTEXT ( ( #5113 ) ) GLOBAL_UNIT_ASSIGNED_CONTEXT ( ( #725, #5651, #2369 ) ) REPRESENTATION_CONTEXT ( 'NONE', 'WORKASPACE' ) );
#5677 = CIRCLE ( 'NONE', #2592, 0.5999999999999998700 ) ;
#5678 =( LENGTH_UNIT ( ) NAMED_UNIT ( * ) SI_UNIT ( .MILLI., .METRE. ) );
#5679 =( NAMED_UNIT ( * ) SI_UNIT ( $, .STERADIAN. ) SOLID_ANGLE_UNIT ( ) );
#5680 = FILL_AREA_STYLE ('',( #4639 ) ) ;
#5681 = CARTESIAN_POINT ( 'NONE',  ( -4.030423299661500800, 0.8653000000000004000, 17.60686365436351200 ) ) ;
#5682 =( NAMED_UNIT ( * ) PLANE_ANGLE_UNIT ( ) SI_UNIT ( $, .RADIAN. ) );
#5683 = FACE_OUTER_BOUND ( 'NONE', #2945, .T. ) ;
#5684 = VERTEX_POINT ( 'NONE', #1578 ) ;
#5685 = B_SPLINE_CURVE_WITH_KNOTS ( 'NONE', 3,
 ( #245, #3529, #713, #220 ),
 .UNSPECIFIED., .F., .F.,
 ( 4, 4 ),
 ( 0.0000000000000000000, 1.000000000000000000 ),
 .UNSPECIFIED. ) ;
#5686 = DIRECTION ( 'NONE',  ( 0.0000000000000000000, 1.000000000000000000, -0.0000000000000000000 ) ) ;
#5687 =( GEOMETRIC_REPRESENTATION_CONTEXT ( 3 ) GLOBAL_UNCERTAINTY_ASSIGNED_CONTEXT ( ( #1283 ) ) GLOBAL_UNIT_ASSIGNED_CONTEXT ( ( #331, #4200, #873 ) ) REPRESENTATION_CONTEXT ( 'NONE', 'WORKASPACE' ) );
#5688 =( LENGTH_UNIT ( ) NAMED_UNIT ( * ) SI_UNIT ( .MILLI., .METRE. ) );
#5689 = MECHANICAL_DESIGN_GEOMETRIC_PRESENTATION_REPRESENTATION (  '', ( #3680 ), #4336 ) ;
#5690 = CARTESIAN_POINT ( 'NONE',  ( -3.805246575660642600, 0.8653000000000004000, 17.80630687864909900 ) ) ;
#5691 = COLOUR_RGB ( '',1.000000000000000000, 1.000000000000000000, 0.0000000000000000000 ) ;
#5692 = PRESENTATION_STYLE_ASSIGNMENT (( #4285 ) ) ;
#5693 = LINE ( 'NONE', #4291, #232 ) ;
#5694 = SURFACE_STYLE_USAGE ( .BOTH. , #192 ) ;
#5695 = CARTESIAN_POINT ( 'NONE',  ( -12.18515224144049300, 0.8650000000000003200, 17.88701189099145200 ) ) ;
#5696 = STYLED_ITEM ( 'NONE', ( #1203 ), #6962 ) ;
#5697 = EDGE_CURVE ( 'NONE', #4848, #6878, #6930, .T. ) ;
#5698 = ORIENTED_EDGE ( 'NONE', *, *, #2928, .F. ) ;
#5699 = CARTESIAN_POINT ( 'NONE',  ( -11.15390883288658900, 0.8653000000000004000, 18.00619333857467200 ) ) ;
#5700 = FILL_AREA_STYLE_COLOUR ( '', #6708 ) ;
#5701 = CARTESIAN_POINT ( 'NONE',  ( -5.040810504759547500, 0.8653000000000004000, 17.95608755419133500 ) ) ;
#5702 = DIRECTION ( 'NONE',  ( 0.0000000000000000000, 0.0000000000000000000, 1.000000000000000000 ) ) ;
#5703 = SURFACE_SIDE_STYLE ('',( #2465 ) ) ;
#5704 = ORIENTED_EDGE ( 'NONE', *, *, #3362, .T. ) ;
#5705 = PLANE ( 'NONE',  #2410 ) ;
#5706 = UNCERTAINTY_MEASURE_WITH_UNIT (LENGTH_MEASURE( 1.000000000000000100E-005 ), #1188, 'distance_accuracy_value', 'NONE');
#5707 = EDGE_CURVE ( 'NONE', #594, #2562, #4113, .T. ) ;
#5708 = PRESENTATION_LAYER_ASSIGNMENT (  '', '', ( #4362 ) ) ;
#5709 = FILL_AREA_STYLE ('',( #751 ) ) ;
#5710 = VERTEX_POINT ( 'NONE', #4962 ) ;
#5711 = ORIENTED_EDGE ( 'NONE', *, *, #5788, .F. ) ;
#5712 = DIRECTION ( 'NONE',  ( -0.0000000000000000000, -0.0000000000000000000, 1.000000000000000000 ) ) ;
#5713 = VECTOR ( 'NONE', #6008, 1000.000000000000000 ) ;
#5714 = EDGE_CURVE ( 'NONE', #5616, #1201, #6426, .T. ) ;
#5715 = CARTESIAN_POINT ( 'NONE',  ( -4.846377213621117600, 0.8653000000000004000, 17.57000169561520400 ) ) ;
#5716 = VERTEX_POINT ( 'NONE', #2174 ) ;
#5717 = CARTESIAN_POINT ( 'NONE',  ( -12.63754875882007800, 0.8650000000000003200, 17.04545152330944500 ) ) ;
#5718 = MECHANICAL_DESIGN_GEOMETRIC_PRESENTATION_REPRESENTATION (  '', ( #5618 ), #3988 ) ;
#5719 = CARTESIAN_POINT ( 'NONE',  ( -9.639949665254722100, 0.8653000000000004000, 17.57000169561520400 ) ) ;
#5720 = LINE ( 'NONE', #4190, #4244 ) ;
#5721 = PLANE ( 'NONE',  #7052 ) ;
#5722 = EDGE_LOOP ( 'NONE', ( #2370 ) ) ;
#5723 = SURFACE_STYLE_FILL_AREA ( #5655 ) ;
#5724 =( NAMED_UNIT ( * ) SI_UNIT ( $, .STERADIAN. ) SOLID_ANGLE_UNIT ( ) );
#5725 =( NAMED_UNIT ( * ) SI_UNIT ( $, .STERADIAN. ) SOLID_ANGLE_UNIT ( ) );
#5727 =( GEOMETRIC_REPRESENTATION_CONTEXT ( 3 ) GLOBAL_UNCERTAINTY_ASSIGNED_CONTEXT ( ( #815 ) ) GLOBAL_UNIT_ASSIGNED_CONTEXT ( ( #4360, #7032, #4886 ) ) REPRESENTATION_CONTEXT ( 'NONE', 'WORKASPACE' ) );
#5726 = CARTESIAN_POINT ( 'NONE',  ( -7.345058767467194500, 0.8650000000000003200, 17.97378617922964500 ) ) ;
#5728 = PLANE ( 'NONE',  #881 ) ;
#5729 = VECTOR ( 'NONE', #4036, 1000.000000000000000 ) ;
#5730 = COLOUR_RGB ( '',1.000000000000000000, 1.000000000000000000, 1.000000000000000000 ) ;
#5731 = B_SPLINE_CURVE_WITH_KNOTS ( 'NONE', 2,
 ( #3346, #2171, #6552 ),
 .UNSPECIFIED., .F., .F.,
 ( 3, 3 ),
 ( 0.0000000000000000000, 1.000000000000000000 ),
 .UNSPECIFIED. ) ;
#5732 = CARTESIAN_POINT ( 'NONE',  ( -7.273932997101369800, 0.8653000000000004000, 18.19891092970823700 ) ) ;
#5733 = EDGE_LOOP ( 'NONE', ( #2425, #551, #347, #3657 ) ) ;
#5734 = ORIENTED_EDGE ( 'NONE', *, *, #1603, .F. ) ;
#5735 = SURFACE_STYLE_FILL_AREA ( #770 ) ;
#5736 = SURFACE_SIDE_STYLE ('',( #5982 ) ) ;
#5737 = LINE ( 'NONE', #1900, #3292 ) ;
#5738 = CARTESIAN_POINT ( 'NONE',  ( -6.831133247271061700, 0.8653000000000004000, 18.19891092970823700 ) ) ;
#5739 = VERTEX_POINT ( 'NONE', #530 ) ;
#5740 = ORIENTED_EDGE ( 'NONE', *, *, #185, .F. ) ;
#5741 = CIRCLE ( 'NONE', #1346, 2.000000000000003600 ) ;
#5742 = DIRECTION ( 'NONE',  ( -0.0000000000000000000, 0.0000000000000000000, -1.000000000000000000 ) ) ;
#5743 =( NAMED_UNIT ( * ) SI_UNIT ( $, .STERADIAN. ) SOLID_ANGLE_UNIT ( ) );
#5744 =( NAMED_UNIT ( * ) PLANE_ANGLE_UNIT ( ) SI_UNIT ( $, .RADIAN. ) );
#5745 = PRESENTATION_STYLE_ASSIGNMENT (( #2906 ) ) ;
#5746 = CARTESIAN_POINT ( 'NONE',  ( -13.02520065675322900, 0.8653000000000004000, 18.27987554638381300 ) ) ;
#5747 = ADVANCED_FACE ( 'NONE', ( #210 ), #2301, .F. ) ;
#5748 = EDGE_LOOP ( 'NONE', ( #394, #4913, #5464 ) ) ;
#5749 = SURFACE_STYLE_USAGE ( .BOTH. , #247 ) ;
#5750 = UNCERTAINTY_MEASURE_WITH_UNIT (LENGTH_MEASURE( 1.000000000000000100E-005 ), #4718, 'distance_accuracy_value', 'NONE');
#5751 = AXIS2_PLACEMENT_3D ( 'NONE', #4837, #2256, #1546 ) ;
#5752 = PRESENTATION_STYLE_ASSIGNMENT (( #4863 ) ) ;
#5753 = EDGE_CURVE ( 'NONE', #3854, #2562, #2809, .T. ) ;
#5754 = CARTESIAN_POINT ( 'NONE',  ( -3.533706688394836300, 0.8650000000000003200, 18.06816015398052100 ) ) ;
#5755 = MECHANICAL_DESIGN_GEOMETRIC_PRESENTATION_REPRESENTATION (  '', ( #4640 ), #6462 ) ;
#5756 =( LENGTH_UNIT ( ) NAMED_UNIT ( * ) SI_UNIT ( .MILLI., .METRE. ) );
#5757 = CARTESIAN_POINT ( 'NONE',  ( -3.261890097925141100, 0.8653000000000004000, 18.06816015398052100 ) ) ;
#5758 = FACE_OUTER_BOUND ( 'NONE', #2522, .T. ) ;
#5759 = ORIENTED_EDGE ( 'NONE', *, *, #6509, .F. ) ;
#5760 = SURFACE_STYLE_FILL_AREA ( #6071 ) ;
#5761 = CARTESIAN_POINT ( 'NONE',  ( -4.039429389673068200, 0.8653000000000004000, 17.92601187586819100 ) ) ;
#5762 = EDGE_CURVE ( 'NONE', #6148, #2961, #6093, .T. ) ;
#5763 = COLOUR_RGB ( '',0.0000000000000000000, 0.0000000000000000000, 1.000000000000000000 ) ;
#5764 = PRESENTATION_LAYER_ASSIGNMENT (  '', '', ( #4372 ) ) ;
#5765 = DIRECTION ( 'NONE',  ( -0.0000000000000000000, 1.000000000000000000, -0.0000000000000000000 ) ) ;
#5766 = STYLED_ITEM ( 'NONE', ( #5403 ), #3855 ) ;
#5767 = ORIENTED_EDGE ( 'NONE', *, *, #6551, .T. ) ;
#5768 = FACE_OUTER_BOUND ( 'NONE', #4234, .T. ) ;
#5769 = DIRECTION ( 'NONE',  ( 0.4788650536753305500, 0.0000000000000000000, 0.8778885238847371500 ) ) ;
#5770 = CARTESIAN_POINT ( 'NONE',  ( -17.40000000000000200, 0.8650000000000003200, -16.00000000000000000 ) ) ;
#5771 = CARTESIAN_POINT ( 'NONE',  ( 35.92701468269709900, 1.364629079620785400, 12.35871834244447600 ) ) ;
#5772 =( GEOMETRIC_REPRESENTATION_CONTEXT ( 3 ) GLOBAL_UNCERTAINTY_ASSIGNED_CONTEXT ( ( #6909 ) ) GLOBAL_UNIT_ASSIGNED_CONTEXT ( ( #2551, #6395, #1499 ) ) REPRESENTATION_CONTEXT ( 'NONE', 'WORKASPACE' ) );
#5773 = FACE_OUTER_BOUND ( 'NONE', #3273, .T. ) ;
#5774 = MECHANICAL_DESIGN_GEOMETRIC_PRESENTATION_REPRESENTATION (  '', ( #2307 ), #3810 ) ;
#5775 =( LENGTH_UNIT ( ) NAMED_UNIT ( * ) SI_UNIT ( .MILLI., .METRE. ) );
#5776 = CARTESIAN_POINT ( 'NONE',  ( -3.533706688394836300, 0.8650000000000003200, 17.80630687864909900 ) ) ;
#5777 = DIRECTION ( 'NONE',  ( 0.0000000000000000000, 0.0000000000000000000, 1.000000000000000000 ) ) ;
#5778 = CARTESIAN_POINT ( 'NONE',  ( -11.46278474984815800, 0.8650000000000003200, 17.44375161069383000 ) ) ;
#5779 = CARTESIAN_POINT ( 'NONE',  ( -8.666349520355391100, 0.8653000000000004000, 17.95608755419133500 ) ) ;
#5780 = SURFACE_STYLE_USAGE ( .BOTH. , #2972 ) ;
#5781 = AXIS2_PLACEMENT_3D ( 'NONE', #1776, #2276, #614 ) ;
#5782 =( GEOMETRIC_REPRESENTATION_CONTEXT ( 3 ) GLOBAL_UNCERTAINTY_ASSIGNED_CONTEXT ( ( #6994 ) ) GLOBAL_UNIT_ASSIGNED_CONTEXT ( ( #6088, #4358, #3884 ) ) REPRESENTATION_CONTEXT ( 'NONE', 'WORKASPACE' ) );
#5783 = CARTESIAN_POINT ( 'NONE',  ( -14.60000000000000100, 0.8650000000000003200, -17.40000000000000200 ) ) ;
#5784 = VERTEX_POINT ( 'NONE', #7088 ) ;
#5785 = CARTESIAN_POINT ( 'NONE',  ( -10.61446690945732000, 0.8653000000000004000, 18.42454691138690800 ) ) ;
#5786 = DIRECTION ( 'NONE',  ( -0.0000000000000000000, -1.000000000000000000, -0.0000000000000000000 ) ) ;
#5787 =( GEOMETRIC_REPRESENTATION_CONTEXT ( 3 ) GLOBAL_UNCERTAINTY_ASSIGNED_CONTEXT ( ( #3692 ) ) GLOBAL_UNIT_ASSIGNED_CONTEXT ( ( #5678, #2861, #6699 ) ) REPRESENTATION_CONTEXT ( 'NONE', 'WORKASPACE' ) );
#5788 = EDGE_CURVE ( 'NONE', #495, #3733, #1618, .T. ) ;
#5789 = STYLED_ITEM ( 'NONE', ( #6518 ), #2116 ) ;
#5790 = DIRECTION ( 'NONE',  ( -0.0000000000000000000, 1.000000000000000000, -0.0000000000000000000 ) ) ;
#5791 = ORIENTED_EDGE ( 'NONE', *, *, #5559, .T. ) ;
#5792 = UNCERTAINTY_MEASURE_WITH_UNIT (LENGTH_MEASURE( 1.000000000000000100E-005 ), #4353, 'distance_accuracy_value', 'NONE');
#5793 = SURFACE_STYLE_FILL_AREA ( #3656 ) ;
#5794 = EDGE_LOOP ( 'NONE', ( #6414, #1538, #2866, #4882 ) ) ;
#5795 = FILL_AREA_STYLE_COLOUR ( '', #1871 ) ;
#5796 = EDGE_CURVE ( 'NONE', #190, #2441, #4280, .T. ) ;
#5797 = MECHANICAL_DESIGN_GEOMETRIC_PRESENTATION_REPRESENTATION (  '', ( #5574 ), #1320 ) ;
#5798 =( NAMED_UNIT ( * ) SI_UNIT ( $, .STERADIAN. ) SOLID_ANGLE_UNIT ( ) );
#5799 = LINE ( 'NONE', #2706, #4153 ) ;
#5800 = PRESENTATION_STYLE_ASSIGNMENT (( #5809 ) ) ;
#5801 = SURFACE_STYLE_USAGE ( .BOTH. , #6388 ) ;
#5802 = EDGE_LOOP ( 'NONE', ( #2518, #3783, #3899, #1403 ) ) ;
#5803 = ORIENTED_EDGE ( 'NONE', *, *, #6927, .T. ) ;
#5804 = ADVANCED_FACE ( 'NONE', ( #4109 ), #2812, .F. ) ;
#5805 = EDGE_CURVE ( 'NONE', #5883, #10, #1163, .T. ) ;
#5806 = STYLED_ITEM ( 'NONE', ( #3867 ), #5306 ) ;
#5807 = SURFACE_SIDE_STYLE ('',( #4819 ) ) ;
#5808 = VERTEX_POINT ( 'NONE', #6133 ) ;
#5809 = SURFACE_STYLE_USAGE ( .BOTH. , #6373 ) ;
#5810 = EDGE_LOOP ( 'NONE', ( #1684, #780, #18, #6055 ) ) ;
#5811 = B_SPLINE_SURFACE_WITH_KNOTS ( 'NONE', 3, 1, ( 
 ( #4531, #120 ),
 ( #3938, #5670 ),
 ( #6203, #6745 ),
 ( #29, #628 ) ),
 .UNSPECIFIED., .F., .F., .F.,
 ( 4, 4 ),
 ( 2, 2 ),
 ( 0.0000000000000000000, 1.000000000000000000 ),
 ( 0.0000000000000000000, 1.000000000000000000 ),
 .UNSPECIFIED. ) ;
#5812 = SURFACE_STYLE_FILL_AREA ( #1010 ) ;
#5813 = ORIENTED_EDGE ( 'NONE', *, *, #2501, .F. ) ;
#5814 = SURFACE_SIDE_STYLE ('',( #4028 ) ) ;
#5815 = EDGE_LOOP ( 'NONE', ( #282, #7057, #4289 ) ) ;
#5816 = CARTESIAN_POINT ( 'NONE',  ( -17.40000000000000200, 0.8650000000000003200, -16.19999999999999900 ) ) ;
#5817 =( NAMED_UNIT ( * ) PLANE_ANGLE_UNIT ( ) SI_UNIT ( $, .RADIAN. ) );
#5818 = CARTESIAN_POINT ( 'NONE',  ( -3.264251412980061900, 0.8653000000000004000, 18.20652176406117900 ) ) ;
#5819 =( GEOMETRIC_REPRESENTATION_CONTEXT ( 3 ) GLOBAL_UNCERTAINTY_ASSIGNED_CONTEXT ( ( #5527 ) ) GLOBAL_UNIT_ASSIGNED_CONTEXT ( ( #5970, #1527, #916 ) ) REPRESENTATION_CONTEXT ( 'NONE', 'WORKASPACE' ) );
#5820 = SURFACE_STYLE_USAGE ( .BOTH. , #3542 ) ;
#5821 = LINE ( 'NONE', #6854, #1430 ) ;
#5822 = ORIENTED_EDGE ( 'NONE', *, *, #7054, .T. ) ;
#5823 = CARTESIAN_POINT ( 'NONE',  ( -5.441176461509573200, 0.8653000000000004000, 17.57000169561520400 ) ) ;
#5824 = ORIENTED_EDGE ( 'NONE', *, *, #5347, .T. ) ;
#5825 = B_SPLINE_SURFACE_WITH_KNOTS ( 'NONE', 3, 1, ( 
 ( #5070, #1807 ),
 ( #4056, #1312 ),
 ( #749, #5177 ),
 ( #6218, #4647 ) ),
 .UNSPECIFIED., .F., .F., .F.,
 ( 4, 4 ),
 ( 2, 2 ),
 ( 0.0000000000000000000, 1.000000000000000000 ),
 ( 0.0000000000000000000, 1.000000000000000000 ),
 .UNSPECIFIED. ) ;
#5826 = VECTOR ( 'NONE', #2043, 1000.000000000000000 ) ;
#5827 = FILL_AREA_STYLE ('',( #1423 ) ) ;
#5828 = FACE_BOUND ( 'NONE', #4165, .T. ) ;
#5829 = COLOUR_RGB ( '',0.0000000000000000000, 0.0000000000000000000, 1.000000000000000000 ) ;
#5830 = UNCERTAINTY_MEASURE_WITH_UNIT (LENGTH_MEASURE( 1.000000000000000100E-005 ), #1079, 'distance_accuracy_value', 'NONE');
#5831 = CARTESIAN_POINT ( 'NONE',  ( -16.24893162393162900, 0.8650000000000003200, -14.14401709401709400 ) ) ;
#5832 =( NAMED_UNIT ( * ) PLANE_ANGLE_UNIT ( ) SI_UNIT ( $, .RADIAN. ) );
#5833 = LINE ( 'NONE', #5770, #1071 ) ;
#5834 = VECTOR ( 'NONE', #5525, 1000.000000000000000 ) ;
#5835 = EDGE_CURVE ( 'NONE', #1763, #3230, #988, .T. ) ;
#5836 = CARTESIAN_POINT ( 'NONE',  ( -12.18346340461477300, 0.8653000000000004000, 17.87551710783972700 ) ) ;
#5837 = SURFACE_STYLE_USAGE ( .BOTH. , #1951 ) ;
#5838 =( GEOMETRIC_REPRESENTATION_CONTEXT ( 3 ) GLOBAL_UNCERTAINTY_ASSIGNED_CONTEXT ( ( #3784 ) ) GLOBAL_UNIT_ASSIGNED_CONTEXT ( ( #1570, #460, #2693 ) ) REPRESENTATION_CONTEXT ( 'NONE', 'WORKASPACE' ) );
#5839 = LINE ( 'NONE', #3677, #3229 ) ;
#5840 = ORIENTED_EDGE ( 'NONE', *, *, #386, .T. ) ;
#5841 = DIRECTION ( 'NONE',  ( -1.000000000000000000, 0.0000000000000000000, 0.0000000000000000000 ) ) ;
#5842 = SURFACE_STYLE_FILL_AREA ( #387 ) ;
#5843 = ADVANCED_FACE ( 'NONE', ( #5925 ), #3349, .F. ) ;
#5844 = CARTESIAN_POINT ( 'NONE',  ( -8.261725682775729500, 0.8653000000000004000, 18.19891092970823700 ) ) ;
#5846 = FILL_AREA_STYLE_COLOUR ( '', #3036 ) ;
#5845 = VECTOR ( 'NONE', #500, 1000.000000000000000 ) ;
#5847 = ADVANCED_FACE ( 'NONE', ( #4539 ), #3959, .F. ) ;
#5848 = FACE_OUTER_BOUND ( 'NONE', #2696, .T. ) ;
#5849 = SURFACE_STYLE_FILL_AREA ( #4911 ) ;
#5850 = EDGE_CURVE ( 'NONE', #1584, #5552, #2292, .T. ) ;
#5851 = PLANE ( 'NONE',  #5940 ) ;
#5852 = AXIS2_PLACEMENT_3D ( 'NONE', #504, #2745, #487 ) ;
#5853 = FACE_OUTER_BOUND ( 'NONE', #5649, .T. ) ;
#5854 = FILL_AREA_STYLE ('',( #3550 ) ) ;
#5855 = FILL_AREA_STYLE ('',( #783 ) ) ;
#5856 = FILL_AREA_STYLE ('',( #2524 ) ) ;
#5857 =( NAMED_UNIT ( * ) PLANE_ANGLE_UNIT ( ) SI_UNIT ( $, .RADIAN. ) );
#5858 = ORIENTED_EDGE ( 'NONE', *, *, #6779, .T. ) ;
#5859 = FILL_AREA_STYLE ('',( #4780 ) ) ;
#5860 = SURFACE_SIDE_STYLE ('',( #858 ) ) ;
#5861 =( NAMED_UNIT ( * ) PLANE_ANGLE_UNIT ( ) SI_UNIT ( $, .RADIAN. ) );
#5862 = ORIENTED_EDGE ( 'NONE', *, *, #5039, .F. ) ;
#5863 = FACE_OUTER_BOUND ( 'NONE', #5033, .T. ) ;
#5864 = CARTESIAN_POINT ( 'NONE',  ( -17.40000000000000200, 0.8350000000000000800, -17.60000000000000100 ) ) ;
#5865 = VERTEX_POINT ( 'NONE', #1167 ) ;
#5866 = STYLED_ITEM ( 'NONE', ( #6809 ), #2053 ) ;
#5867 =( NAMED_UNIT ( * ) PLANE_ANGLE_UNIT ( ) SI_UNIT ( $, .RADIAN. ) );
#5868 =( GEOMETRIC_REPRESENTATION_CONTEXT ( 3 ) GLOBAL_UNCERTAINTY_ASSIGNED_CONTEXT ( ( #2558 ) ) GLOBAL_UNIT_ASSIGNED_CONTEXT ( ( #5088, #1724, #4517 ) ) REPRESENTATION_CONTEXT ( 'NONE', 'WORKASPACE' ) );
#5869 = EDGE_LOOP ( 'NONE', ( #5026, #5018, #5038, #1497 ) ) ;
#5870 = ADVANCED_FACE ( 'NONE', ( #2463 ), #4435, .F. ) ;
#5871 =( NAMED_UNIT ( * ) SI_UNIT ( $, .STERADIAN. ) SOLID_ANGLE_UNIT ( ) );
#5872 = ADVANCED_FACE ( 'NONE', ( #4964 ), #4101, .F. ) ;
#5873 = SURFACE_STYLE_USAGE ( .BOTH. , #4308 ) ;
#5874 = ORIENTED_EDGE ( 'NONE', *, *, #2564, .F. ) ;
#5875 =( NAMED_UNIT ( * ) SI_UNIT ( $, .STERADIAN. ) SOLID_ANGLE_UNIT ( ) );
#5876 = EDGE_LOOP ( 'NONE', ( #3006, #2531, #5584, #4347 ) ) ;
#5877 = CARTESIAN_POINT ( 'NONE',  ( 16.13447516502193600, 1.345379107330116500, 34.62555606110413500 ) ) ;
#5878 = PRESENTATION_STYLE_ASSIGNMENT (( #5379 ) ) ;
#5879 = EDGE_CURVE ( 'NONE', #1425, #2300, #1531, .T. ) ;
#5880 = MECHANICAL_DESIGN_GEOMETRIC_PRESENTATION_REPRESENTATION (  '', ( #323 ), #1307 ) ;
#5881 = VECTOR ( 'NONE', #905, 1000.000000000000000 ) ;
#5882 = B_SPLINE_SURFACE_WITH_KNOTS ( 'NONE', 3, 1, ( 
 ( #3725, #1017 ),
 ( #5985, #2433 ),
 ( #2983, #3110 ),
 ( #762, #5220 ) ),
 .UNSPECIFIED., .F., .F., .F.,
 ( 4, 4 ),
 ( 2, 2 ),
 ( 0.0000000000000000000, 1.000000000000000000 ),
 ( 0.0000000000000000000, 1.000000000000000000 ),
 .UNSPECIFIED. ) ;
#5883 = VERTEX_POINT ( 'NONE', #1246 ) ;
#5884 = DIRECTION ( 'NONE',  ( 1.000000000000000000, 0.0000000000000000000, 0.0000000000000000000 ) ) ;
#5885 = VERTEX_POINT ( 'NONE', #2882 ) ;
#5886 = CARTESIAN_POINT ( 'NONE',  ( -10.02340811491857600, 0.8650000000000003200, 17.64729074430271200 ) ) ;
#5887 =( NAMED_UNIT ( * ) PLANE_ANGLE_UNIT ( ) SI_UNIT ( $, .RADIAN. ) );
#5888 = FILL_AREA_STYLE ('',( #1539 ) ) ;
#5889 = LINE ( 'NONE', #715, #2259 ) ;
#5890 = CARTESIAN_POINT ( 'NONE',  ( -7.020653954054350400, 0.8653000000000004000, 18.19891092970823700 ) ) ;
#5891 = EDGE_CURVE ( 'NONE', #2033, #1362, #2132, .T. ) ;
#5892 = VERTEX_POINT ( 'NONE', #2950 ) ;
#5893 = AXIS2_PLACEMENT_3D ( 'NONE', #765, #1412, #4661 ) ;
#5894 = MECHANICAL_DESIGN_GEOMETRIC_PRESENTATION_REPRESENTATION (  '', ( #5398 ), #6875 ) ;
#5895 = PLANE ( 'NONE',  #3449 ) ;
#5896 = FACE_OUTER_BOUND ( 'NONE', #447, .T. ) ;
#5897 = CARTESIAN_POINT ( 'NONE',  ( -4.050786439046619900, 0.8653000000000004000, 17.80630687864909900 ) ) ;
#5898 = VERTEX_POINT ( 'NONE', #3423 ) ;
#5899 = ORIENTED_EDGE ( 'NONE', *, *, #1701, .T. ) ;
#5900 = ORIENTED_EDGE ( 'NONE', *, *, #2881, .F. ) ;
#5901 = EDGE_CURVE ( 'NONE', #3990, #6155, #4005, .T. ) ;
#5902 = CARTESIAN_POINT ( 'NONE',  ( -4.842959098647051900, 0.8653000000000004000, 18.00876984366381400 ) ) ;
#5903 =( LENGTH_UNIT ( ) NAMED_UNIT ( * ) SI_UNIT ( .MILLI., .METRE. ) );
#5904 = LINE ( 'NONE', #1384, #2030 ) ;
#5905 = FILL_AREA_STYLE ('',( #5951 ) ) ;
#5906 = FACE_OUTER_BOUND ( 'NONE', #2871, .T. ) ;
#5907 = ADVANCED_FACE ( 'NONE', ( #793 ), #1889, .F. ) ;
#5908 = ORIENTED_EDGE ( 'NONE', *, *, #835, .T. ) ;
#5909 = ORIENTED_EDGE ( 'NONE', *, *, #6689, .F. ) ;
#5910 = ADVANCED_FACE ( 'NONE', ( #3215 ), #166, .T. ) ;
#5911 = CARTESIAN_POINT ( 'NONE',  ( -8.859375071189683500, 0.8650000000000003200, 17.57000169561520400 ) ) ;
#5912 = VECTOR ( 'NONE', #6035, 1000.000000000000000 ) ;
#5913 = PRESENTATION_STYLE_ASSIGNMENT (( #674 ) ) ;
#5914 = VERTEX_POINT ( 'NONE', #4040 ) ;
#5915 = STYLED_ITEM ( 'NONE', ( #3922 ), #1007 ) ;
#5916 = DIRECTION ( 'NONE',  ( 0.0000000000000000000, 1.000000000000000000, -0.0000000000000000000 ) ) ;
#5917 = PRESENTATION_LAYER_ASSIGNMENT (  '', '', ( #5068 ) ) ;
#5918 = VECTOR ( 'NONE', #6921, 1000.000000000000000 ) ;
#5919 = B_SPLINE_SURFACE_WITH_KNOTS ( 'NONE', 3, 1, ( 
 ( #6006, #5933 ),
 ( #6441, #3125 ),
 ( #2130, #3716 ),
 ( #7049, #7082 ) ),
 .UNSPECIFIED., .F., .F., .F.,
 ( 4, 4 ),
 ( 2, 2 ),
 ( 0.0000000000000000000, 1.000000000000000000 ),
 ( 0.0000000000000000000, 1.000000000000000000 ),
 .UNSPECIFIED. ) ;
#5920 = DIRECTION ( 'NONE',  ( 0.4894465773139325400, -0.0000000000000000000, 0.8720332837430442300 ) ) ;
#5921 = FACE_OUTER_BOUND ( 'NONE', #6473, .T. ) ;
#5922 = UNCERTAINTY_MEASURE_WITH_UNIT (LENGTH_MEASURE( 1.000000000000000100E-005 ), #4724, 'distance_accuracy_value', 'NONE');
#5923 = SURFACE_STYLE_USAGE ( .BOTH. , #2068 ) ;
#5924 = PRESENTATION_LAYER_ASSIGNMENT (  '', '', ( #4816 ) ) ;
#5925 = FACE_OUTER_BOUND ( 'NONE', #6539, .T. ) ;
#5926 = EDGE_LOOP ( 'NONE', ( #6738, #3829, #1140, #6617 ) ) ;
#5927 = LINE ( 'NONE', #4205, #3849 ) ;
#5928 = CARTESIAN_POINT ( 'NONE',  ( -11.16832556989444200, 0.8650000000000003200, 17.57734525350127800 ) ) ;
#5929 =( GEOMETRIC_REPRESENTATION_CONTEXT ( 3 ) GLOBAL_UNCERTAINTY_ASSIGNED_CONTEXT ( ( #23 ) ) GLOBAL_UNIT_ASSIGNED_CONTEXT ( ( #5298, #1519, #296 ) ) REPRESENTATION_CONTEXT ( 'NONE', 'WORKASPACE' ) );
#5930 = ORIENTED_EDGE ( 'NONE', *, *, #2688, .T. ) ;
#5931 = ADVANCED_FACE ( 'NONE', ( #2627 ), #1351, .F. ) ;
#5932 = CARTESIAN_POINT ( 'NONE',  ( -4.781093952204545700, 0.8653000000000004000, 18.03834697636674300 ) ) ;
#5933 = CARTESIAN_POINT ( 'NONE',  ( -11.56451976543143300, 0.8650000000000003200, 18.55149399258303000 ) ) ;
#5934 = CARTESIAN_POINT ( 'NONE',  ( -17.91749324822803800, 1.363887651569859500, 33.49175507377785300 ) ) ;
#5935 = PRESENTATION_STYLE_ASSIGNMENT (( #6360 ) ) ;
#5936 = EDGE_LOOP ( 'NONE', ( #1861, #1173, #6147, #262 ) ) ;
#5937 = EDGE_CURVE ( 'NONE', #5222, #2629, #2211, .T. ) ;
#5938 = DIRECTION ( 'NONE',  ( 1.000000000000000000, 0.0000000000000000000, 0.0000000000000000000 ) ) ;
#5939 = CARTESIAN_POINT ( 'NONE',  ( -3.533706688394836300, 0.8650000000000003200, 17.80630687864909900 ) ) ;
#5940 = AXIS2_PLACEMENT_3D ( 'NONE', #359, #6879, #3076 ) ;
#5941 = CARTESIAN_POINT ( 'NONE',  ( -7.858984287663347800, 0.8653000000000004000, 18.19891092970823700 ) ) ;
#5942 = CARTESIAN_POINT ( 'NONE',  ( 0.0000000000000000000, 0.8350000000000000800, -13.27564102564102600 ) ) ;
#5943 = CARTESIAN_POINT ( 'NONE',  ( -9.013750247222809300, 0.8650000000000003200, 18.03834697636674300 ) ) ;
#5944 = FACE_OUTER_BOUND ( 'NONE', #4829, .T. ) ;
#5945 = EDGE_CURVE ( 'NONE', #3733, #2581, #5320, .T. ) ;
#5946 = CARTESIAN_POINT ( 'NONE',  ( -11.76054351053508500, 0.8653000000000004000, 17.69570517639627000 ) ) ;
#5947 = DIRECTION ( 'NONE',  ( -0.0000000000000000000, -1.000000000000000000, -0.0000000000000000000 ) ) ;
#5948 = PRESENTATION_LAYER_ASSIGNMENT (  '', '', ( #5582 ) ) ;
#5949 = PLANE ( 'NONE',  #6919 ) ;
#5950 = FILL_AREA_STYLE ('',( #6488 ) ) ;
#5951 = FILL_AREA_STYLE_COLOUR ( '', #2943 ) ;
#5952 =( GEOMETRIC_REPRESENTATION_CONTEXT ( 3 ) GLOBAL_UNCERTAINTY_ASSIGNED_CONTEXT ( ( #6598 ) ) GLOBAL_UNIT_ASSIGNED_CONTEXT ( ( #903, #2633, #2661 ) ) REPRESENTATION_CONTEXT ( 'NONE', 'WORKASPACE' ) );
#5953 = DIRECTION ( 'NONE',  ( 0.0000000000000000000, 0.0000000000000000000, 1.000000000000000000 ) ) ;
#5954 = ORIENTED_EDGE ( 'NONE', *, *, #775, .T. ) ;
#5955 = MECHANICAL_DESIGN_GEOMETRIC_PRESENTATION_REPRESENTATION (  '', ( #352 ), #2135 ) ;
#5956 = SURFACE_SIDE_STYLE ('',( #5672 ) ) ;
#5957 = CARTESIAN_POINT ( 'NONE',  ( -14.60000000000000100, 0.8000000000000003800, -16.00000000000000000 ) ) ;
#5958 = LINE ( 'NONE', #6510, #2838 ) ;
#5959 = ADVANCED_FACE ( 'NONE', ( #2038 ), #244, .F. ) ;
#5960 = UNCERTAINTY_MEASURE_WITH_UNIT (LENGTH_MEASURE( 1.000000000000000100E-005 ), #472, 'distance_accuracy_value', 'NONE');
#5961 = VERTEX_POINT ( 'NONE', #2481 ) ;
#5962 = DIRECTION ( 'NONE',  ( -0.0000000000000000000, -1.000000000000000000, -0.0000000000000000000 ) ) ;
#5963 = CARTESIAN_POINT ( 'NONE',  ( -3.533706688394836300, 0.8653000000000004000, 17.80630687864909900 ) ) ;
#5964 = PRESENTATION_STYLE_ASSIGNMENT (( #5061 ) ) ;
#5965 = B_SPLINE_SURFACE_WITH_KNOTS ( 'NONE', 3, 1, ( 
 ( #2596, #4705 ),
 ( #2131, #480 ),
 ( #1622, #435 ),
 ( #6513, #2169 ) ),
 .UNSPECIFIED., .F., .F., .F.,
 ( 4, 4 ),
 ( 2, 2 ),
 ( 0.0000000000000000000, 1.000000000000000000 ),
 ( 0.0000000000000000000, 1.000000000000000000 ),
 .UNSPECIFIED. ) ;
#5966 = CARTESIAN_POINT ( 'NONE',  ( -10.08184721089984500, 0.8653000000000004000, 17.58080537566368300 ) ) ;
#5967 = CARTESIAN_POINT ( 'NONE',  ( -17.14444444444444900, -9.134999999999999800, -13.27564102564102600 ) ) ;
#5968 = VERTEX_POINT ( 'NONE', #5831 ) ;
#5969 = LINE ( 'NONE', #2663, #78 ) ;
#5970 =( LENGTH_UNIT ( ) NAMED_UNIT ( * ) SI_UNIT ( .MILLI., .METRE. ) );
#5971 = LINE ( 'NONE', #6695, #5206 ) ;
#5972 = B_SPLINE_SURFACE_WITH_KNOTS ( 'NONE', 3, 1, ( 
 ( #4683, #4638 ),
 ( #1411, #5270 ),
 ( #3580, #1386 ),
 ( #2464, #5754 ) ),
 .UNSPECIFIED., .F., .F., .F.,
 ( 4, 4 ),
 ( 2, 2 ),
 ( 0.0000000000000000000, 1.000000000000000000 ),
 ( 0.0000000000000000000, 1.000000000000000000 ),
 .UNSPECIFIED. ) ;
#5973 = CARTESIAN_POINT ( 'NONE',  ( -17.40000000000000200, 0.8650000000000003200, -17.60000000000000100 ) ) ;
#5974 = CARTESIAN_POINT ( 'NONE',  ( -4.448922305484327200, 0.8653000000000004000, 18.01574776695557000 ) ) ;
#5975 = CARTESIAN_POINT ( 'NONE',  ( -18.08977683715331600, 0.8649999999999998800, 33.81379118025650100 ) ) ;
#5976 = ORIENTED_EDGE ( 'NONE', *, *, #3514, .T. ) ;
#5977 = ADVANCED_FACE ( 'NONE', ( #1248 ), #240, .F. ) ;
#5978 = EDGE_CURVE ( 'NONE', #1137, #2434, #882, .T. ) ;
#5979 = COLOUR_RGB ( '',0.0000000000000000000, 0.0000000000000000000, 1.000000000000000000 ) ;
#5980 = MECHANICAL_DESIGN_GEOMETRIC_PRESENTATION_REPRESENTATION (  '', ( #3748 ), #2151 ) ;
#5981 = ADVANCED_FACE ( 'NONE', ( #1522 ), #1910, .F. ) ;
#5982 = SURFACE_STYLE_FILL_AREA ( #4590 ) ;
#5983 = LINE ( 'NONE', #5533, #6479 ) ;
#5984 = VERTEX_POINT ( 'NONE', #1427 ) ;
#5985 = CARTESIAN_POINT ( 'NONE',  ( -11.30207643992675100, 0.8653000000000004000, 17.76663680820028500 ) ) ;
#5986 = ORIENTED_EDGE ( 'NONE', *, *, #6916, .T. ) ;
#5987 = DIRECTION ( 'NONE',  ( 0.02758906698600715700, 0.0000000000000000000, -0.9996193492439217100 ) ) ;
#5988 = ORIENTED_EDGE ( 'NONE', *, *, #1820, .T. ) ;
#5989 = SURFACE_SIDE_STYLE ('',( #321 ) ) ;
#5990 = VECTOR ( 'NONE', #5765, 1000.000000000000000 ) ;
#5991 = PLANE ( 'NONE',  #2660 ) ;
#5992 = EDGE_CURVE ( 'NONE', #1196, #4162, #6409, .T. ) ;
#5993 = LINE ( 'NONE', #4898, #686 ) ;
#5994 = ORIENTED_EDGE ( 'NONE', *, *, #835, .F. ) ;
#5995 = MECHANICAL_DESIGN_GEOMETRIC_PRESENTATION_REPRESENTATION (  '', ( #646 ), #1654 ) ;
#5996 = DIRECTION ( 'NONE',  ( 0.0000000000000000000, 1.000000000000000000, -0.0000000000000000000 ) ) ;
#5997 = VERTEX_POINT ( 'NONE', #6296 ) ;
#5998 =( NAMED_UNIT ( * ) SI_UNIT ( $, .STERADIAN. ) SOLID_ANGLE_UNIT ( ) );
#5999 = PRESENTATION_STYLE_ASSIGNMENT (( #5749 ) ) ;
#6000 = EDGE_LOOP ( 'NONE', ( #4411, #4463, #1505, #4698 ) ) ;
#6001 = FILL_AREA_STYLE_COLOUR ( '', #6777 ) ;
#6002 = CARTESIAN_POINT ( 'NONE',  ( -10.83205225423109400, 0.8653000000000004000, 17.30830367580641400 ) ) ;
#6003 = SURFACE_STYLE_FILL_AREA ( #3609 ) ;
#6004 = FILL_AREA_STYLE ('',( #2167 ) ) ;
#6005 = B_SPLINE_SURFACE_WITH_KNOTS ( 'NONE', 3, 1, ( 
 ( #5568, #2255 ),
 ( #6108, #2193 ),
 ( #6027, #2718 ),
 ( #6548, #3251 ) ),
 .UNSPECIFIED., .F., .F., .F.,
 ( 4, 4 ),
 ( 2, 2 ),
 ( 0.0000000000000000000, 1.000000000000000000 ),
 ( 0.0000000000000000000, 1.000000000000000000 ),
 .UNSPECIFIED. ) ;
#6006 = CARTESIAN_POINT ( 'NONE',  ( -11.56451976543143300, 0.8653000000000004000, 18.55149399258303000 ) ) ;
#6007 = CARTESIAN_POINT ( 'NONE',  ( -4.440561772358937500, 0.8653000000000004000, 17.95608755419133500 ) ) ;
#6008 = DIRECTION ( 'NONE',  ( 0.0000000000000000000, -0.0000000000000000000, -1.000000000000000000 ) ) ;
#6009 = PRESENTATION_STYLE_ASSIGNMENT (( #3817 ) ) ;
#6010 = PRESENTATION_STYLE_ASSIGNMENT (( #6170 ) ) ;
#6011 = FACE_OUTER_BOUND ( 'NONE', #834, .T. ) ;
#6012 = DIRECTION ( 'NONE',  ( 0.0000000000000000000, 1.000000000000000000, 0.0000000000000000000 ) ) ;
#6013 =( NAMED_UNIT ( * ) SI_UNIT ( $, .STERADIAN. ) SOLID_ANGLE_UNIT ( ) );
#6014 = FACE_OUTER_BOUND ( 'NONE', #6647, .T. ) ;
#6015 = MECHANICAL_DESIGN_GEOMETRIC_PRESENTATION_REPRESENTATION (  '', ( #4983 ), #755 ) ;
#6016 = DIRECTION ( 'NONE',  ( -1.000000000000000000, 0.0000000000000000000, 0.0000000000000000000 ) ) ;
#6017 = UNCERTAINTY_MEASURE_WITH_UNIT (LENGTH_MEASURE( 1.000000000000000100E-005 ), #2176, 'distance_accuracy_value', 'NONE');
#6018 = ADVANCED_FACE ( 'NONE', ( #4172 ), #2096, .F. ) ;
#6019 = CARTESIAN_POINT ( 'NONE',  ( -3.261014446045409800, 0.8653000000000004000, 17.79613455919440300 ) ) ;
#6020 = ORIENTED_EDGE ( 'NONE', *, *, #4924, .F. ) ;
#6021 = FACE_OUTER_BOUND ( 'NONE', #3034, .T. ) ;
#6022 = CARTESIAN_POINT ( 'NONE',  ( -3.838945110250848700, 0.8650000000000003200, 18.06377444059635100 ) ) ;
#6023 = CARTESIAN_POINT ( 'NONE',  ( -4.247439589176138100, 0.8653000000000004000, 17.57000169561520400 ) ) ;
#6024 = EDGE_CURVE ( 'NONE', #1210, #3048, #5646, .T. ) ;
#6025 =( NAMED_UNIT ( * ) PLANE_ANGLE_UNIT ( ) SI_UNIT ( $, .RADIAN. ) );
#6026 = EDGE_LOOP ( 'NONE', ( #3628, #6550, #7134, #1016 ) ) ;
#6027 = CARTESIAN_POINT ( 'NONE',  ( -12.22345599934100900, 0.8653000000000004000, 17.58580049547660100 ) ) ;
#6028 = FILL_AREA_STYLE ('',( #5378 ) ) ;
#6029 = CARTESIAN_POINT ( 'NONE',  ( -6.373883349586632700, 0.8653000000000004000, 17.57000169561520400 ) ) ;
#6030 = LINE ( 'NONE', #4885, #7038 ) ;
#6031 = EDGE_CURVE ( 'NONE', #1210, #1135, #5231, .T. ) ;
#6032 = CARTESIAN_POINT ( 'NONE',  ( 19.00000000000000400, 0.0000000000000000000, -18.99999999999999600 ) ) ;
#6033 = CARTESIAN_POINT ( 'NONE',  ( -9.971997813562577300, 0.8653000000000004000, 17.77774013301958800 ) ) ;
#6034 = ADVANCED_FACE ( 'NONE', ( #3993 ), #5052, .F. ) ;
#6035 = DIRECTION ( 'NONE',  ( 0.0000000000000000000, -0.0000000000000000000, -1.000000000000000000 ) ) ;
#6036 = CARTESIAN_POINT ( 'NONE',  ( -3.533706688394836300, 0.8650000000000003200, 17.70431948479133400 ) ) ;
#6037 = DIRECTION ( 'NONE',  ( -0.0000000000000000000, -1.000000000000000000, -0.0000000000000000000 ) ) ;
#6038 = VERTEX_POINT ( 'NONE', #7047 ) ;
#6039 = EDGE_CURVE ( 'NONE', #6477, #2197, #3473, .T. ) ;
#6040 = PRESENTATION_LAYER_ASSIGNMENT (  '', '', ( #3903 ) ) ;
#6041 = B_SPLINE_CURVE_WITH_KNOTS ( 'NONE', 3,
 ( #740, #760, #6280, #4071 ),
 .UNSPECIFIED., .F., .F.,
 ( 4, 4 ),
 ( 0.0000000000000000000, 1.000000000000000000 ),
 .UNSPECIFIED. ) ;
#6042 = CARTESIAN_POINT ( 'NONE',  ( -9.999361009848611200, 0.8650000000000003200, 18.05898269427272900 ) ) ;
#6043 = LINE ( 'NONE', #4012, #152 ) ;
#6044 = CARTESIAN_POINT ( 'NONE',  ( -3.838945110250848700, 0.8650000000000003200, 18.06377444059635100 ) ) ;
#6045 = EDGE_LOOP ( 'NONE', ( #4600, #1432, #1103, #4074 ) ) ;
#6046 = DIRECTION ( 'NONE',  ( 0.0000000000000000000, 0.0000000000000000000, 1.000000000000000000 ) ) ;
#6047 = PRESENTATION_STYLE_ASSIGNMENT (( #5837 ) ) ;
#6048 = ORIENTED_EDGE ( 'NONE', *, *, #2418, .T. ) ;
#6049 = ORIENTED_EDGE ( 'NONE', *, *, #1652, .T. ) ;
#6050 = CARTESIAN_POINT ( 'NONE',  ( -11.44573098037522000, 0.8653000000000004000, 17.53389347053593600 ) ) ;
#6051 = DIRECTION ( 'NONE',  ( -0.0000000000000000000, 1.000000000000000000, -0.0000000000000000000 ) ) ;
#6052 = LINE ( 'NONE', #2066, #3803 ) ;
#6053 = CARTESIAN_POINT ( 'NONE',  ( -8.261725682775729500, 0.8650000000000003200, 17.95608755419133500 ) ) ;
#6054 = CARTESIAN_POINT ( 'NONE',  ( -3.533706688394836300, 0.8653000000000004000, 17.70431948479133400 ) ) ;
#6055 = ORIENTED_EDGE ( 'NONE', *, *, #4729, .T. ) ;
#6056 = CARTESIAN_POINT ( 'NONE',  ( -4.050786439046620800, 0.8650000000000003200, 17.70431948479133400 ) ) ;
#6057 = SURFACE_STYLE_FILL_AREA ( #357 ) ;
#6058 = VECTOR ( 'NONE', #6792, 1000.000000000000000 ) ;
#6059 = SURFACE_STYLE_USAGE ( .BOTH. , #12 ) ;
#6060 = ORIENTED_EDGE ( 'NONE', *, *, #4495, .F. ) ;
#6061 = EDGE_LOOP ( 'NONE', ( #2003, #1045, #2101, #4440 ) ) ;
#6062 = FACE_OUTER_BOUND ( 'NONE', #6000, .T. ) ;
#6063 = DIRECTION ( 'NONE',  ( 0.0000000000000000000, 0.0000000000000000000, 1.000000000000000000 ) ) ;
#6064 = VECTOR ( 'NONE', #6107, 1000.000000000000000 ) ;
#6065 = ORIENTED_EDGE ( 'NONE', *, *, #4315, .T. ) ;
#6066 = ORIENTED_EDGE ( 'NONE', *, *, #6637, .F. ) ;
#6067 = EDGE_CURVE ( 'NONE', #5083, #1114, #785, .T. ) ;
#6068 = VERTEX_POINT ( 'NONE', #3768 ) ;
#6069 = CARTESIAN_POINT ( 'NONE',  ( -4.050786439046619900, 0.8653000000000004000, 17.80630687864909900 ) ) ;
#6070 = STYLED_ITEM ( 'NONE', ( #4464 ), #3549 ) ;
#6071 = FILL_AREA_STYLE ('',( #6717 ) ) ;
#6072 = FACE_OUTER_BOUND ( 'NONE', #4217, .T. ) ;
#6073 = CARTESIAN_POINT ( 'NONE',  ( -11.15390883288658900, 0.8650000000000003200, 18.00619333857467200 ) ) ;
#6074 = VERTEX_POINT ( 'NONE', #1472 ) ;
#6075 = CARTESIAN_POINT ( 'NONE',  ( -3.805246575660642600, 0.8653000000000004000, 17.95608755419133500 ) ) ;
#6076 = VERTEX_POINT ( 'NONE', #3693 ) ;
#6077 = B_SPLINE_SURFACE_WITH_KNOTS ( 'NONE', 3, 1, ( 
 ( #3998, #632 ),
 ( #76, #6774 ),
 ( #650, #6189 ),
 ( #670, #5625 ) ),
 .UNSPECIFIED., .F., .F., .F.,
 ( 4, 4 ),
 ( 2, 2 ),
 ( 0.0000000000000000000, 1.000000000000000000 ),
 ( 0.0000000000000000000, 1.000000000000000000 ),
 .UNSPECIFIED. ) ;
#6078 = EDGE_CURVE ( 'NONE', #4159, #6574, #6907, .T. ) ;
#6079 = STYLED_ITEM ( 'NONE', ( #6527 ), #5203 ) ;
#6080 = MECHANICAL_DESIGN_GEOMETRIC_PRESENTATION_REPRESENTATION (  '', ( #5766 ), #9 ) ;
#6081 = VECTOR ( 'NONE', #6370, 1000.000000000000100 ) ;
#6082 = FACE_OUTER_BOUND ( 'NONE', #5802, .T. ) ;
#6083 = FILL_AREA_STYLE ('',( #3355 ) ) ;
#6084 = ORIENTED_EDGE ( 'NONE', *, *, #4867, .F. ) ;
#6085 = DIRECTION ( 'NONE',  ( 0.0000000000000000000, 1.000000000000000000, -0.0000000000000000000 ) ) ;
#6086 = B_SPLINE_CURVE_WITH_KNOTS ( 'NONE', 3,
 ( #1330, #4532, #1277, #1838 ),
 .UNSPECIFIED., .F., .F.,
 ( 4, 4 ),
 ( 0.0000000000000000000, 1.000000000000000000 ),
 .UNSPECIFIED. ) ;
#6087 = CARTESIAN_POINT ( 'NONE',  ( -8.867923368433944000, 0.8653000000000004000, 18.10841169049780300 ) ) ;
#6088 =( LENGTH_UNIT ( ) NAMED_UNIT ( * ) SI_UNIT ( .MILLI., .METRE. ) );
#6089 = CARTESIAN_POINT ( 'NONE',  ( -4.050786439046619900, 0.8653000000000004000, 17.80630687864909900 ) ) ;
#6090 = LINE ( 'NONE', #493, #3494 ) ;
#6091 = CARTESIAN_POINT ( 'NONE',  ( -3.321176891941437500, 0.8650000000000003200, 17.57571561188368000 ) ) ;
#6092 = EDGE_LOOP ( 'NONE', ( #4254, #6227, #4841 ) ) ;
#6093 = LINE ( 'NONE', #1044, #1880 ) ;
#6094 = LINE ( 'NONE', #1688, #34 ) ;
#6095 = ORIENTED_EDGE ( 'NONE', *, *, #1507, .F. ) ;
#6096 = DIRECTION ( 'NONE',  ( -1.000000000000000000, 0.0000000000000000000, -0.0000000000000000000 ) ) ;
#6097 = FILL_AREA_STYLE_COLOUR ( '', #3026 ) ;
#6098 = MECHANICAL_DESIGN_GEOMETRIC_PRESENTATION_REPRESENTATION (  '', ( #1251 ), #1145 ) ;
#6099 = ORIENTED_EDGE ( 'NONE', *, *, #3975, .T. ) ;
#6100 = CARTESIAN_POINT ( 'NONE',  ( -11.30207643992675100, 0.8650000000000003200, 17.76663680820028500 ) ) ;
#6101 = CARTESIAN_POINT ( 'NONE',  ( -11.83671193562480200, 0.8650000000000003200, 18.16268604519448000 ) ) ;
#6102 = FILL_AREA_STYLE_COLOUR ( '', #4880 ) ;
#6103 =( GEOMETRIC_REPRESENTATION_CONTEXT ( 3 ) GLOBAL_UNCERTAINTY_ASSIGNED_CONTEXT ( ( #1996 ) ) GLOBAL_UNIT_ASSIGNED_CONTEXT ( ( #3123, #6977, #4356 ) ) REPRESENTATION_CONTEXT ( 'NONE', 'WORKASPACE' ) );
#6104 = PLANE ( 'NONE',  #5781 ) ;
#6105 = EDGE_CURVE ( 'NONE', #1268, #4569, #5233, .T. ) ;
#6106 = PRESENTATION_LAYER_ASSIGNMENT (  '', '', ( #1822 ) ) ;
#6107 = DIRECTION ( 'NONE',  ( -1.000000000000000000, 0.0000000000000000000, 0.0000000000000000000 ) ) ;
#6108 = CARTESIAN_POINT ( 'NONE',  ( -11.74427794614614700, 0.8653000000000004000, 17.31995799106224300 ) ) ;
#6109 = SURFACE_SIDE_STYLE ('',( #3437 ) ) ;
#6110 = CARTESIAN_POINT ( 'NONE',  ( -18.99999999999999300, 0.0000000000000000000, 19.00000000000000400 ) ) ;
#6111 = EDGE_CURVE ( 'NONE', #2449, #2952, #4147, .T. ) ;
#6112 = MECHANICAL_DESIGN_GEOMETRIC_PRESENTATION_REPRESENTATION (  '', ( #6600 ), #4132 ) ;
#6113 = FILL_AREA_STYLE_COLOUR ( '', #1006 ) ;
#6114 = PRESENTATION_LAYER_ASSIGNMENT (  '', '', ( #5766 ) ) ;
#6115 = DIRECTION ( 'NONE',  ( -0.0000000000000000000, -1.000000000000000000, -0.0000000000000000000 ) ) ;
#6116 = EDGE_LOOP ( 'NONE', ( #536, #2672, #3920, #4515 ) ) ;
#6117 = DIRECTION ( 'NONE',  ( 1.000000000000000000, 0.0000000000000000000, -0.0000000000000000000 ) ) ;
#6118 = COLOUR_RGB ( '',1.000000000000000000, 1.000000000000000000, 1.000000000000000000 ) ;
#6119 =( LENGTH_UNIT ( ) NAMED_UNIT ( * ) SI_UNIT ( .MILLI., .METRE. ) );
#6120 =( GEOMETRIC_REPRESENTATION_CONTEXT ( 3 ) GLOBAL_UNCERTAINTY_ASSIGNED_CONTEXT ( ( #3200 ) ) GLOBAL_UNIT_ASSIGNED_CONTEXT ( ( #941, #7083, #1549 ) ) REPRESENTATION_CONTEXT ( 'NONE', 'WORKASPACE' ) );
#6121 = CARTESIAN_POINT ( 'NONE',  ( -4.050786439046619900, 0.8653000000000004000, 18.04350418491232900 ) ) ;
#6122 = ORIENTED_EDGE ( 'NONE', *, *, #6880, .F. ) ;
#6123 = AXIS2_PLACEMENT_3D ( 'NONE', #2201, #4871, #5987 ) ;
#6124 = B_SPLINE_CURVE_WITH_KNOTS ( 'NONE', 3,
 ( #5593, #6762, #1160, #5022 ),
 .UNSPECIFIED., .F., .F.,
 ( 4, 4 ),
 ( 0.0000000000000000000, 1.000000000000000000 ),
 .UNSPECIFIED. ) ;
#6125 = CARTESIAN_POINT ( 'NONE',  ( -4.247439589176138100, 0.8653000000000004000, 17.95608755419133500 ) ) ;
#6126 = CARTESIAN_POINT ( 'NONE',  ( 0.0000000000000000000, 0.8350000000000000800, -13.79123931623931700 ) ) ;
#6127 =( NAMED_UNIT ( * ) SI_UNIT ( $, .STERADIAN. ) SOLID_ANGLE_UNIT ( ) );
#6128 = UNCERTAINTY_MEASURE_WITH_UNIT (LENGTH_MEASURE( 1.000000000000000100E-005 ), #6253, 'distance_accuracy_value', 'NONE');
#6129 = CARTESIAN_POINT ( 'NONE',  ( -17.49999999999999600, 0.8650000000000003200, 10.10000000000000000 ) ) ;
#6130 = VERTEX_POINT ( 'NONE', #3741 ) ;
#6131 =( NAMED_UNIT ( * ) SI_UNIT ( $, .STERADIAN. ) SOLID_ANGLE_UNIT ( ) );
#6132 = PRESENTATION_STYLE_ASSIGNMENT (( #512 ) ) ;
#6133 = CARTESIAN_POINT ( 'NONE',  ( 17.40000000000000600, 0.8650000000000003200, 17.60000000000000100 ) ) ;
#6134 = ORIENTED_EDGE ( 'NONE', *, *, #937, .T. ) ;
#6135 = FILL_AREA_STYLE ('',( #4556 ) ) ;
#6136 = PLANE ( 'NONE',  #5288 ) ;
#6137 = VECTOR ( 'NONE', #4480, 1000.000000000000000 ) ;
#6138 = CARTESIAN_POINT ( 'NONE',  ( -4.440561772358937500, 0.8653000000000004000, 17.57000169561520400 ) ) ;
#6139 = CARTESIAN_POINT ( 'NONE',  ( 0.0000000000000000000, 0.8350000000000000800, -13.79123931623931700 ) ) ;
#6140 = EDGE_LOOP ( 'NONE', ( #6628, #2207, #4079, #8, #3361, #4575, #4063, #940, #6206, #6475, #1315, #3278 ) ) ;
#6141 = CARTESIAN_POINT ( 'NONE',  ( -10.56760879361895700, 0.8650000000000003200, 17.32116819601630600 ) ) ;
#6142 = ORIENTED_EDGE ( 'NONE', *, *, #2011, .F. ) ;
#6143 = MECHANICAL_DESIGN_GEOMETRIC_PRESENTATION_REPRESENTATION (  '', ( #4816 ), #2456 ) ;
#6144 = EDGE_CURVE ( 'NONE', #5509, #2441, #4870, .T. ) ;
#6145 = CARTESIAN_POINT ( 'NONE',  ( -4.440561772358937500, 0.8653000000000004000, 17.95608755419133500 ) ) ;
#6146 = FILL_AREA_STYLE_COLOUR ( '', #2807 ) ;
#6147 = ORIENTED_EDGE ( 'NONE', *, *, #456, .F. ) ;
#6148 = VERTEX_POINT ( 'NONE', #2028 ) ;
#6149 =( LENGTH_UNIT ( ) NAMED_UNIT ( * ) SI_UNIT ( .MILLI., .METRE. ) );
#6150 = CARTESIAN_POINT ( 'NONE',  ( -3.805246575660643100, 0.8650000000000003200, 17.70431948479133400 ) ) ;
#6151 = CARTESIAN_POINT ( 'NONE',  ( 16.00000000000000000, 0.0000000000000000000, -13.99999999999999600 ) ) ;
#6152 = COLOUR_RGB ( '',0.0000000000000000000, 0.0000000000000000000, 1.000000000000000000 ) ;
#6153 = EDGE_CURVE ( 'NONE', #5739, #4631, #6233, .T. ) ;
#6154 = SURFACE_STYLE_USAGE ( .BOTH. , #2315 ) ;
#6155 = VERTEX_POINT ( 'NONE', #1620 ) ;
#6156 = STYLED_ITEM ( 'NONE', ( #983 ), #3761 ) ;
#6157 = DIRECTION ( 'NONE',  ( 0.0000000000000000000, -1.000000000000000000, 0.0000000000000000000 ) ) ;
#6158 = DIRECTION ( 'NONE',  ( 0.0000000000000000000, 0.0000000000000000000, 1.000000000000000000 ) ) ;
#6159 = VECTOR ( 'NONE', #1272, 1000.000000000000000 ) ;
#6160 = COLOUR_RGB ( '',0.0000000000000000000, 0.0000000000000000000, 1.000000000000000000 ) ;
#6161 =( LENGTH_UNIT ( ) NAMED_UNIT ( * ) SI_UNIT ( .MILLI., .METRE. ) );
#6162 = CARTESIAN_POINT ( 'NONE',  ( -8.666349520355391100, 0.8653000000000004000, 17.57000169561520400 ) ) ;
#6163 = EDGE_CURVE ( 'NONE', #2526, #1589, #5035, .T. ) ;
#6164 = FILL_AREA_STYLE_COLOUR ( '', #3566 ) ;
#6165 = SURFACE_STYLE_USAGE ( .BOTH. , #1282 ) ;
#6166 = ORIENTED_EDGE ( 'NONE', *, *, #6039, .F. ) ;
#6167 = DIRECTION ( 'NONE',  ( 0.0000000000000000000, 0.0000000000000000000, -1.000000000000000000 ) ) ;
#6168 = CARTESIAN_POINT ( 'NONE',  ( -4.030423299661500800, 0.8650000000000003200, 17.60686365436351200 ) ) ;
#6169 = UNCERTAINTY_MEASURE_WITH_UNIT (LENGTH_MEASURE( 1.000000000000000100E-005 ), #1647, 'distance_accuracy_value', 'NONE');
#6170 = SURFACE_STYLE_USAGE ( .BOTH. , #5144 ) ;
#6171 = VECTOR ( 'NONE', #1104, 1000.000000000000000 ) ;
#6172 = B_SPLINE_CURVE_WITH_KNOTS ( 'NONE', 2,
 ( #2912, #5291, #5776 ),
 .UNSPECIFIED., .F., .F.,
 ( 3, 3 ),
 ( 0.0000000000000000000, 1.000000000000000000 ),
 .UNSPECIFIED. ) ;
#6173 = LINE ( 'NONE', #1018, #1450 ) ;
#6174 = VERTEX_POINT ( 'NONE', #2192 ) ;
#6175 = MECHANICAL_DESIGN_GEOMETRIC_PRESENTATION_REPRESENTATION (  '', ( #6309 ), #5952 ) ;
#6176 = DIRECTION ( 'NONE',  ( 0.0000000000000000000, 0.0000000000000000000, 1.000000000000000000 ) ) ;
#6177 = STYLED_ITEM ( 'NONE', ( #6411 ), #6034 ) ;
#6178 = CARTESIAN_POINT ( 'NONE',  ( -3.805246575660642600, 0.8650000000000003200, 17.80630687864909900 ) ) ;
#6179 = SURFACE_STYLE_USAGE ( .BOTH. , #6763 ) ;
#6180 = UNCERTAINTY_MEASURE_WITH_UNIT (LENGTH_MEASURE( 1.000000000000000100E-005 ), #2350, 'distance_accuracy_value', 'NONE');
#6181 = LINE ( 'NONE', #523, #643 ) ;
#6182 = SURFACE_STYLE_USAGE ( .BOTH. , #6786 ) ;
#6183 = DIRECTION ( 'NONE',  ( 0.0000000000000000000, 0.0000000000000000000, 1.000000000000000000 ) ) ;
#6184 =( NAMED_UNIT ( * ) PLANE_ANGLE_UNIT ( ) SI_UNIT ( $, .RADIAN. ) );
#6185 = CARTESIAN_POINT ( 'NONE',  ( -4.440561772358937500, 0.8650000000000003200, 17.57000169561520400 ) ) ;
#6186 = COLOUR_RGB ( '',0.0000000000000000000, 0.0000000000000000000, 1.000000000000000000 ) ;
#6187 = DIRECTION ( 'NONE',  ( 0.0000000000000000000, 0.0000000000000000000, 1.000000000000000000 ) ) ;
#6188 = LINE ( 'NONE', #2744, #2070 ) ;
#6189 = CARTESIAN_POINT ( 'NONE',  ( -11.84618586599094100, 0.8650000000000003200, 18.39479209532017400 ) ) ;
#6190 = SURFACE_SIDE_STYLE ('',( #4143 ) ) ;
#6191 =( LENGTH_UNIT ( ) NAMED_UNIT ( * ) SI_UNIT ( .MILLI., .METRE. ) );
#6192 = CARTESIAN_POINT ( 'NONE',  ( -3.261890097925141100, 0.8650000000000003200, 18.06816015398052100 ) ) ;
#6193 =( NAMED_UNIT ( * ) PLANE_ANGLE_UNIT ( ) SI_UNIT ( $, .RADIAN. ) );
#6194 = EDGE_CURVE ( 'NONE', #3821, #3750, #6944, .T. ) ;
#6195 = FILL_AREA_STYLE ('',( #7081 ) ) ;
#6196 = ORIENTED_EDGE ( 'NONE', *, *, #5445, .T. ) ;
#6197 = FILL_AREA_STYLE_COLOUR ( '', #812 ) ;
#6198 = LINE ( 'NONE', #5198, #3256 ) ;
#6199 = ORIENTED_EDGE ( 'NONE', *, *, #6105, .F. ) ;
#6200 = EDGE_CURVE ( 'NONE', #3139, #5008, #3385, .T. ) ;
#6201 =( LENGTH_UNIT ( ) NAMED_UNIT ( * ) SI_UNIT ( .MILLI., .METRE. ) );
#6202 = VECTOR ( 'NONE', #1919, 1000.000000000000000 ) ;
#6203 = CARTESIAN_POINT ( 'NONE',  ( -12.04718136187347500, 0.8653000000000004000, 18.08190447113507900 ) ) ;
#6204 = CARTESIAN_POINT ( 'NONE',  ( 2.241329932715364800, 1.363887651569858100, 16.83814967795329700 ) ) ;
#6205 = FILL_AREA_STYLE ('',( #1195 ) ) ;
#6206 = ORIENTED_EDGE ( 'NONE', *, *, #5295, .F. ) ;
#6207 = ORIENTED_EDGE ( 'NONE', *, *, #1831, .T. ) ;
#6208 = PLANE ( 'NONE',  #320 ) ;
#6209 = DIRECTION ( 'NONE',  ( 0.0000000000000000000, 0.0000000000000000000, -1.000000000000000000 ) ) ;
#6210 = SURFACE_STYLE_USAGE ( .BOTH. , #6190 ) ;
#6211 = LINE ( 'NONE', #5535, #4418 ) ;
#6213 = MECHANICAL_DESIGN_GEOMETRIC_PRESENTATION_REPRESENTATION (  '', ( #1660 ), #6576 ) ;
#6212 =( NAMED_UNIT ( * ) SI_UNIT ( $, .STERADIAN. ) SOLID_ANGLE_UNIT ( ) );
#6214 = FILL_AREA_STYLE_COLOUR ( '', #264 ) ;
#6215 = UNCERTAINTY_MEASURE_WITH_UNIT (LENGTH_MEASURE( 1.000000000000000100E-005 ), #3644, 'distance_accuracy_value', 'NONE');
#6216 = EDGE_LOOP ( 'NONE', ( #2413, #5056, #449, #4180 ) ) ;
#6217 = DIRECTION ( 'NONE',  ( 1.000000000000000000, 0.0000000000000000000, -0.0000000000000000000 ) ) ;
#6218 = CARTESIAN_POINT ( 'NONE',  ( -8.666349520355391100, 0.8653000000000004000, 17.95608755419133500 ) ) ;
#6219 = CARTESIAN_POINT ( 'NONE',  ( -8.792212574838377000, 0.8653000000000004000, 18.19408581847879700 ) ) ;
#6220 = CARTESIAN_POINT ( 'NONE',  ( -3.865548922873262700, 0.8653000000000004000, 17.81062405547182700 ) ) ;
#6221 = DIRECTION ( 'NONE',  ( -0.0000000000000000000, 1.000000000000000000, -0.0000000000000000000 ) ) ;
#6222 = EDGE_LOOP ( 'NONE', ( #4221, #6401, #6784 ) ) ;
#6223 = STYLED_ITEM ( 'NONE', ( #4502 ), #2047 ) ;
#6224 =( NAMED_UNIT ( * ) SI_UNIT ( $, .STERADIAN. ) SOLID_ANGLE_UNIT ( ) );
#6225 = COLOUR_RGB ( '',0.0000000000000000000, 0.0000000000000000000, 1.000000000000000000 ) ;
#6226 = EDGE_LOOP ( 'NONE', ( #188, #5224, #1303, #2355 ) ) ;
#6227 = ORIENTED_EDGE ( 'NONE', *, *, #6959, .T. ) ;
#6228 = CARTESIAN_POINT ( 'NONE',  ( -3.480278174149926200, 0.8653000000000004000, 18.19891092970823700 ) ) ;
#6229 = VERTEX_POINT ( 'NONE', #2757 ) ;
#6230 = ADVANCED_FACE ( 'NONE', ( #3112 ), #3864, .F. ) ;
#6231 = COLOUR_RGB ( '',0.0000000000000000000, 0.0000000000000000000, 1.000000000000000000 ) ;
#6232 = CARTESIAN_POINT ( 'NONE',  ( -10.83205225423109400, 0.8650000000000003200, 17.30830367580641400 ) ) ;
#6233 = LINE ( 'NONE', #1638, #288 ) ;
#6234 =( NAMED_UNIT ( * ) SI_UNIT ( $, .STERADIAN. ) SOLID_ANGLE_UNIT ( ) );
#6235 = ORIENTED_EDGE ( 'NONE', *, *, #7110, .T. ) ;
#6236 = EDGE_CURVE ( 'NONE', #967, #6074, #4087, .T. ) ;
#6237 = DIRECTION ( 'NONE',  ( -1.000000000000000000, -0.0000000000000000000, -0.0000000000000000000 ) ) ;
#6238 = ORIENTED_EDGE ( 'NONE', *, *, #5295, .T. ) ;
#6239 = CARTESIAN_POINT ( 'NONE',  ( -9.443704833392827100, 0.8650000000000003200, 18.03834697636674300 ) ) ;
#6240 = STYLED_ITEM ( 'NONE', ( #6277 ), #3134 ) ;
#6241 = VECTOR ( 'NONE', #3262, 1000.000000000000000 ) ;
#6242 =( NAMED_UNIT ( * ) PLANE_ANGLE_UNIT ( ) SI_UNIT ( $, .RADIAN. ) );
#6243 = CARTESIAN_POINT ( 'NONE',  ( -18.99999999999999300, 0.6999999999999999600, 19.00000000000000400 ) ) ;
#6244 = CARTESIAN_POINT ( 'NONE',  ( -5.912976898943594700, 0.8650000000000003200, 17.74841020359541600 ) ) ;
#6245 = ORIENTED_EDGE ( 'NONE', *, *, #5891, .F. ) ;
#6246 = CARTESIAN_POINT ( 'NONE',  ( -8.859375071189683500, 0.8653000000000004000, 17.95608755419133500 ) ) ;
#6247 = EDGE_CURVE ( 'NONE', #3871, #3871, #5638, .T. ) ;
#6248 = STYLED_ITEM ( 'NONE', ( #6047 ), #5119 ) ;
#6249 = CARTESIAN_POINT ( 'NONE',  ( -6.373883349586632700, 0.8650000000000003200, 17.57000169561520400 ) ) ;
#6250 = PRESENTATION_STYLE_ASSIGNMENT (( #7140 ) ) ;
#6251 = PRESENTATION_STYLE_ASSIGNMENT (( #37 ) ) ;
#6252 =( LENGTH_UNIT ( ) NAMED_UNIT ( * ) SI_UNIT ( .MILLI., .METRE. ) );
#6253 =( LENGTH_UNIT ( ) NAMED_UNIT ( * ) SI_UNIT ( .MILLI., .METRE. ) );
#6254 = LINE ( 'NONE', #3257, #1263 ) ;
#6255 = ORIENTED_EDGE ( 'NONE', *, *, #172, .T. ) ;
#6256 = MECHANICAL_DESIGN_GEOMETRIC_PRESENTATION_REPRESENTATION (  '', ( #4796 ), #6120 ) ;
#6257 = CARTESIAN_POINT ( 'NONE',  ( -8.067756682470122300, 0.8653000000000004000, 18.09369825687882400 ) ) ;
#6258 = UNCERTAINTY_MEASURE_WITH_UNIT (LENGTH_MEASURE( 1.000000000000000100E-005 ), #4157, 'distance_accuracy_value', 'NONE');
#6259 =( GEOMETRIC_REPRESENTATION_CONTEXT ( 3 ) GLOBAL_UNCERTAINTY_ASSIGNED_CONTEXT ( ( #4368 ) ) GLOBAL_UNIT_ASSIGNED_CONTEXT ( ( #3023, #281, #4102 ) ) REPRESENTATION_CONTEXT ( 'NONE', 'WORKASPACE' ) );
#6260 = LINE ( 'NONE', #5484, #4379 ) ;
#6261 = SURFACE_STYLE_USAGE ( .BOTH. , #6796 ) ;
#6262 = CARTESIAN_POINT ( 'NONE',  ( -11.70555249530838700, 0.8653000000000004000, 18.28038506439866900 ) ) ;
#6263 =( NAMED_UNIT ( * ) SI_UNIT ( $, .STERADIAN. ) SOLID_ANGLE_UNIT ( ) );
#6264 = EDGE_LOOP ( 'NONE', ( #6207, #1741, #4744, #5110 ) ) ;
#6265 = PLANE ( 'NONE',  #1969 ) ;
#6266 = CARTESIAN_POINT ( 'NONE',  ( -12.18346340461477300, 0.8650000000000003200, 17.86572192957769200 ) ) ;
#6267 = LINE ( 'NONE', #3397, #3760 ) ;
#6268 = B_SPLINE_CURVE_WITH_KNOTS ( 'NONE', 3,
 ( #2736, #2587, #2708, #6750 ),
 .UNSPECIFIED., .F., .F.,
 ( 4, 4 ),
 ( 0.0000000000000000000, 1.000000000000000000 ),
 .UNSPECIFIED. ) ;
#6269 = DIRECTION ( 'NONE',  ( -0.0000000000000000000, -0.0000000000000000000, 1.000000000000000000 ) ) ;
#6270 = DIRECTION ( 'NONE',  ( 0.0000000000000000000, 1.000000000000000000, -0.0000000000000000000 ) ) ;
#6271 = PRESENTATION_LAYER_ASSIGNMENT (  '', '', ( #4197 ) ) ;
#6272 = CARTESIAN_POINT ( 'NONE',  ( -10.40100737467328800, 0.8653000000000004000, 18.34262767591853600 ) ) ;
#6273 = MECHANICAL_DESIGN_GEOMETRIC_PRESENTATION_REPRESENTATION (  '', ( #5068 ), #6616 ) ;
#6274 = PRESENTATION_STYLE_ASSIGNMENT (( #547 ) ) ;
#6275 = PLANE ( 'NONE',  #4151 ) ;
#6276 = DIRECTION ( 'NONE',  ( 0.0000000000000000000, 1.000000000000000000, -0.0000000000000000000 ) ) ;
#6277 = PRESENTATION_STYLE_ASSIGNMENT (( #3015 ) ) ;
#6278 = CARTESIAN_POINT ( 'NONE',  ( -8.599024758810749300, 0.8653000000000004000, 18.03834697636674300 ) ) ;
#6279 = PRESENTATION_LAYER_ASSIGNMENT (  '', '', ( #3788 ) ) ;
#6280 = CARTESIAN_POINT ( 'NONE',  ( -3.970043588799281300, 0.8650000000000003200, 17.94936220014565400 ) ) ;
#6281 = VECTOR ( 'NONE', #226, 1000.000000000000000 ) ;
#6282 = CARTESIAN_POINT ( 'NONE',  ( -5.245327677881258300, 0.8650000000000003200, 17.57000169561520400 ) ) ;
#6283 = CARTESIAN_POINT ( 'NONE',  ( -17.60000000000000100, 0.8650000000000003200, -17.60000000000000100 ) ) ;
#6284 = VERTEX_POINT ( 'NONE', #4384 ) ;
#6285 = LINE ( 'NONE', #3214, #4836 ) ;
#6286 = CARTESIAN_POINT ( 'NONE',  ( -17.68717948717949200, 0.8650000000000003200, -14.14401709401709400 ) ) ;
#6287 = EDGE_CURVE ( 'NONE', #2457, #6989, #5299, .T. ) ;
#6288 = CARTESIAN_POINT ( 'NONE',  ( -3.533706688394836300, 0.8653000000000004000, 17.95608755419133500 ) ) ;
#6289 = STYLED_ITEM ( 'NONE', ( #6526 ), #3184 ) ;
#6290 = CARTESIAN_POINT ( 'NONE',  ( -3.970043588799281300, 0.8650000000000003200, 17.94936220014565400 ) ) ;
#6291 = EDGE_LOOP ( 'NONE', ( #5208 ) ) ;
#6292 = B_SPLINE_CURVE_WITH_KNOTS ( 'NONE', 2,
 ( #6845, #688, #5695 ),
 .UNSPECIFIED., .F., .F.,
 ( 3, 3 ),
 ( 0.0000000000000000000, 1.000000000000000000 ),
 .UNSPECIFIED. ) ;
#6293 = CARTESIAN_POINT ( 'NONE',  ( -5.441176461509573200, 0.8653000000000004000, 18.03834697636674300 ) ) ;
#6294 = ADVANCED_FACE ( 'NONE', ( #92 ), #227, .F. ) ;
#6295 = EDGE_CURVE ( 'NONE', #1672, #5710, #2356, .T. ) ;
#6296 = CARTESIAN_POINT ( 'NONE',  ( -3.805246575660643100, 0.8650000000000003200, 17.70431948479133400 ) ) ;
#6297 = ORIENTED_EDGE ( 'NONE', *, *, #2515, .T. ) ;
#6298 = CARTESIAN_POINT ( 'NONE',  ( -11.56451976543143600, 0.8650000000000003200, 18.55149399258303000 ) ) ;
#6299 = CARTESIAN_POINT ( 'NONE',  ( -16.79166666666667100, 0.8650000000000003200, -14.14401709401709400 ) ) ;
#6300 = CARTESIAN_POINT ( 'NONE',  ( -35.92701468269708400, 1.364629079620785400, -12.35871834244446500 ) ) ;
#6301 = ADVANCED_FACE ( 'NONE', ( #2869 ), #5044, .F. ) ;
#6302 = DIRECTION ( 'NONE',  ( -0.0000000000000000000, -0.0000000000000000000, 1.000000000000000000 ) ) ;
#6303 = VECTOR ( 'NONE', #5671, 1000.000000000000000 ) ;
#6304 = MANIFOLD_SOLID_BREP ( 'Combine1', #2164 ) ;
#6305 = EDGE_LOOP ( 'NONE', ( #5453 ) ) ;
#6306 = VERTEX_POINT ( 'NONE', #5592 ) ;
#6307 = SURFACE_SIDE_STYLE ('',( #4641 ) ) ;
#6308 = CARTESIAN_POINT ( 'NONE',  ( -7.670296811569977900, 0.8650000000000003200, 17.74841020359541600 ) ) ;
#6309 = STYLED_ITEM ( 'NONE', ( #6009 ), #397 ) ;
#6310 = CARTESIAN_POINT ( 'NONE',  ( -3.845161075207352000, 0.8650000000000003200, 18.04350418491232900 ) ) ;
#6311 = STYLED_ITEM ( 'NONE', ( #2364 ), #6018 ) ;
#6312 = LINE ( 'NONE', #6126, #6064 ) ;
#6313 = FACE_OUTER_BOUND ( 'NONE', #6631, .T. ) ;
#6314 = B_SPLINE_CURVE_WITH_KNOTS ( 'NONE', 3,
 ( #6653, #6623, #3334, #6056 ),
 .UNSPECIFIED., .F., .F.,
 ( 4, 4 ),
 ( 0.0000000000000000000, 1.000000000000000000 ),
 .UNSPECIFIED. ) ;
#6315 = DIRECTION ( 'NONE',  ( -0.0000000000000000000, -0.0000000000000000000, -1.000000000000000000 ) ) ;
#6316 = ORIENTED_EDGE ( 'NONE', *, *, #2471, .F. ) ;
#6317 = CARTESIAN_POINT ( 'NONE',  ( -5.245327677881258300, 0.8653000000000004000, 18.19891092970823700 ) ) ;
#6318 = EDGE_LOOP ( 'NONE', ( #4364, #4781, #2478, #855 ) ) ;
#6319 = COLOUR_RGB ( '',0.0000000000000000000, 0.0000000000000000000, 1.000000000000000000 ) ;
#6320 = CARTESIAN_POINT ( 'NONE',  ( -8.859375071189683500, 0.8650000000000003200, 17.95608755419133500 ) ) ;
#6321 = VECTOR ( 'NONE', #4782, 1000.000000000000000 ) ;
#6322 = ORIENTED_EDGE ( 'NONE', *, *, #340, .T. ) ;
#6323 = VERTEX_POINT ( 'NONE', #2846 ) ;
#6324 = CARTESIAN_POINT ( 'NONE',  ( -10.40100737467328800, 0.8653000000000004000, 18.34262767591853600 ) ) ;
#6325 = SURFACE_SIDE_STYLE ('',( #3942 ) ) ;
#6326 = VECTOR ( 'NONE', #459, 1000.000000000000000 ) ;
#6327 = CARTESIAN_POINT ( 'NONE',  ( -17.40000000000000200, 0.8650000000000003200, -16.00000000000000000 ) ) ;
#6328 = FACE_OUTER_BOUND ( 'NONE', #4812, .T. ) ;
#6329 = ORIENTED_EDGE ( 'NONE', *, *, #7103, .T. ) ;
#6330 = DIRECTION ( 'NONE',  ( -0.0000000000000000000, -1.000000000000000000, -0.0000000000000000000 ) ) ;
#6331 = FACE_OUTER_BOUND ( 'NONE', #6765, .T. ) ;
#6332 = STYLED_ITEM ( 'NONE', ( #3085 ), #7095 ) ;
#6333 = FACE_OUTER_BOUND ( 'NONE', #5148, .T. ) ;
#6334 = EDGE_CURVE ( 'NONE', #5997, #5073, #6643, .T. ) ;
#6335 = DIRECTION ( 'NONE',  ( 0.0000000000000000000, -1.000000000000000000, 0.0000000000000000000 ) ) ;
#6336 = SURFACE_STYLE_FILL_AREA ( #4004 ) ;
#6337 = DIRECTION ( 'NONE',  ( -0.0000000000000000000, -1.000000000000000000, -0.0000000000000000000 ) ) ;
#6338 = CARTESIAN_POINT ( 'NONE',  ( -3.877881027603348000, 0.8653000000000004000, 17.57000169561520400 ) ) ;
#6339 = PRESENTATION_STYLE_ASSIGNMENT (( #3007 ) ) ;
#6340 = DIRECTION ( 'NONE',  ( -0.0000000000000000000, 1.000000000000000000, -0.0000000000000000000 ) ) ;
#6341 = CARTESIAN_POINT ( 'NONE',  ( -6.831133247271061700, 0.8653000000000004000, 18.19891092970823700 ) ) ;
#6342 = ORIENTED_EDGE ( 'NONE', *, *, #6592, .T. ) ;
#6343 = LINE ( 'NONE', #6789, #4366 ) ;
#6344 = CARTESIAN_POINT ( 'NONE',  ( -11.03499367637736700, 0.8650000000000003200, 18.28837119949456600 ) ) ;
#6345 = EDGE_CURVE ( 'NONE', #4154, #5616, #6312, .T. ) ;
#6346 = LINE ( 'NONE', #1127, #6928 ) ;
#6347 = CARTESIAN_POINT ( 'NONE',  ( -3.261890097925141100, 0.8653000000000004000, 18.06816015398052100 ) ) ;
#6348 = CARTESIAN_POINT ( 'NONE',  ( -4.846377213621117600, 0.8650000000000003200, 18.19891092970823700 ) ) ;
#6349 = PRESENTATION_LAYER_ASSIGNMENT (  '', '', ( #3620 ) ) ;
#6350 = VECTOR ( 'NONE', #1508, 1000.000000000000000 ) ;
#6351 = ORIENTED_EDGE ( 'NONE', *, *, #4422, .F. ) ;
#6352 = SURFACE_STYLE_FILL_AREA ( #2899 ) ;
#6353 = UNCERTAINTY_MEASURE_WITH_UNIT (LENGTH_MEASURE( 1.000000000000000100E-005 ), #5756, 'distance_accuracy_value', 'NONE');
#6354 = CARTESIAN_POINT ( 'NONE',  ( -9.013750247222809300, 0.8653000000000004000, 18.19891092970823700 ) ) ;
#6355 = SURFACE_SIDE_STYLE ('',( #4800 ) ) ;
#6356 = PLANE ( 'NONE',  #2402 ) ;
#6357 = CARTESIAN_POINT ( 'NONE',  ( -8.331996323616325000, 0.8653000000000004000, 18.03834697636674300 ) ) ;
#6358 = EDGE_CURVE ( 'NONE', #588, #4491, #437, .T. ) ;
#6359 = CARTESIAN_POINT ( 'NONE',  ( -11.29027920413558300, 0.8653000000000004000, 18.45133746945663600 ) ) ;
#6360 = SURFACE_STYLE_USAGE ( .BOTH. , #2985 ) ;
#6361 = CARTESIAN_POINT ( 'NONE',  ( -16.24893162393162900, -9.134999999999999800, -13.79123931623931700 ) ) ;
#6362 = B_SPLINE_CURVE_WITH_KNOTS ( 'NONE', 3,
 ( #631, #6720, #697, #2837 ),
 .UNSPECIFIED., .F., .F.,
 ( 4, 4 ),
 ( 0.0000000000000000000, 1.000000000000000000 ),
 .UNSPECIFIED. ) ;
#6363 =( LENGTH_UNIT ( ) NAMED_UNIT ( * ) SI_UNIT ( .MILLI., .METRE. ) );
#6364 = CARTESIAN_POINT ( 'NONE',  ( -4.247439589176138100, 0.8653000000000004000, 17.95608755419133500 ) ) ;
#6365 = DIRECTION ( 'NONE',  ( -0.0000000000000000000, -1.000000000000000000, -0.0000000000000000000 ) ) ;
#6366 =( GEOMETRIC_REPRESENTATION_CONTEXT ( 3 ) GLOBAL_UNCERTAINTY_ASSIGNED_CONTEXT ( ( #5656 ) ) GLOBAL_UNIT_ASSIGNED_CONTEXT ( ( #6149, #1805, #5021 ) ) REPRESENTATION_CONTEXT ( 'NONE', 'WORKASPACE' ) );
#6367 = PLANE ( 'NONE',  #5560 ) ;
#6368 = DIRECTION ( 'NONE',  ( 0.0000000000000000000, -1.000000000000000000, 0.0000000000000000000 ) ) ;
#6369 = ORIENTED_EDGE ( 'NONE', *, *, #5093, .F. ) ;
#6370 = DIRECTION ( 'NONE',  ( 0.4900736531645338300, -0.0000000000000000000, -0.8716810279419692200 ) ) ;
#6371 = SURFACE_STYLE_FILL_AREA ( #2438 ) ;
#6372 =( NAMED_UNIT ( * ) PLANE_ANGLE_UNIT ( ) SI_UNIT ( $, .RADIAN. ) );
#6373 = SURFACE_SIDE_STYLE ('',( #1665 ) ) ;
#6374 = ADVANCED_FACE ( 'NONE', ( #1504 ), #3417, .F. ) ;
#6375 = STYLED_ITEM ( 'NONE', ( #3672 ), #2121 ) ;
#6376 = ORIENTED_EDGE ( 'NONE', *, *, #2645, .T. ) ;
#6377 = DIRECTION ( 'NONE',  ( -0.0000000000000000000, -1.000000000000000000, -0.0000000000000000000 ) ) ;
#6378 =( NAMED_UNIT ( * ) SI_UNIT ( $, .STERADIAN. ) SOLID_ANGLE_UNIT ( ) );
#6379 = PLANE ( 'NONE',  #1026 ) ;
#6380 = ORIENTED_EDGE ( 'NONE', *, *, #2157, .T. ) ;
#6381 = CARTESIAN_POINT ( 'NONE',  ( -6.568368449399659200, 0.8650000000000003200, 17.57000169561520400 ) ) ;
#6382 = ORIENTED_EDGE ( 'NONE', *, *, #4092, .T. ) ;
#6383 = EDGE_CURVE ( 'NONE', #3612, #3612, #1850, .T. ) ;
#6384 = CARTESIAN_POINT ( 'NONE',  ( -5.912976898943594700, 0.8653000000000004000, 17.74841020359541600 ) ) ;
#6385 = PRESENTATION_STYLE_ASSIGNMENT (( #4331 ) ) ;
#6386 = CIRCLE ( 'NONE', #2403, 0.1999999999999987900 ) ;
#6387 = UNCERTAINTY_MEASURE_WITH_UNIT (LENGTH_MEASURE( 1.000000000000000100E-005 ), #4293, 'distance_accuracy_value', 'NONE');
#6388 = SURFACE_SIDE_STYLE ('',( #6352 ) ) ;
#6389 = EDGE_LOOP ( 'NONE', ( #3835, #356, #2832, #665 ) ) ;
#6390 = EDGE_CURVE ( 'NONE', #2770, #6323, #4943, .T. ) ;
#6391 = DIRECTION ( 'NONE',  ( 0.0000000000000000000, 0.0000000000000000000, 1.000000000000000000 ) ) ;
#6392 = SURFACE_STYLE_FILL_AREA ( #3962 ) ;
#6393 = PRESENTATION_LAYER_ASSIGNMENT (  '', '', ( #3153 ) ) ;
#6394 = DIRECTION ( 'NONE',  ( -1.000000000000000000, 0.0000000000000000000, 0.0000000000000000000 ) ) ;
#6395 =( NAMED_UNIT ( * ) PLANE_ANGLE_UNIT ( ) SI_UNIT ( $, .RADIAN. ) );
#6396 = DIRECTION ( 'NONE',  ( 0.0000000000000000000, -0.0000000000000000000, 1.000000000000000000 ) ) ;
#6397 = CARTESIAN_POINT ( 'NONE',  ( 17.14347183953325900, 1.142628163596250500, 0.4731524988100224100 ) ) ;
#6398 = ORIENTED_EDGE ( 'NONE', *, *, #3362, .F. ) ;
#6399 = ORIENTED_EDGE ( 'NONE', *, *, #4445, .F. ) ;
#6400 = LINE ( 'NONE', #5738, #4343 ) ;
#6401 = ORIENTED_EDGE ( 'NONE', *, *, #3464, .T. ) ;
#6402 = VERTEX_POINT ( 'NONE', #4009 ) ;
#6403 = ORIENTED_EDGE ( 'NONE', *, *, #2106, .T. ) ;
#6404 = CARTESIAN_POINT ( 'NONE',  ( -7.020653954054350400, 0.8653000000000004000, 18.19891092970823700 ) ) ;
#6405 = ORIENTED_EDGE ( 'NONE', *, *, #1929, .F. ) ;
#6406 = AXIS2_PLACEMENT_3D ( 'NONE', #5419, #2680, #1582 ) ;
#6407 =( LENGTH_UNIT ( ) NAMED_UNIT ( * ) SI_UNIT ( .MILLI., .METRE. ) );
#6408 = MECHANICAL_DESIGN_GEOMETRIC_PRESENTATION_REPRESENTATION (  '', ( #6761 ), #1389 ) ;
#6409 = B_SPLINE_CURVE_WITH_KNOTS ( 'NONE', 3,
 ( #5428, #4258, #366, #4328 ),
 .UNSPECIFIED., .F., .F.,
 ( 4, 4 ),
 ( 0.0000000000000000000, 1.000000000000000000 ),
 .UNSPECIFIED. ) ;
#6410 = DIRECTION ( 'NONE',  ( -0.0000000000000000000, 1.000000000000000000, 0.0000000000000000000 ) ) ;
#6411 = PRESENTATION_STYLE_ASSIGNMENT (( #6512 ) ) ;
#6412 = VECTOR ( 'NONE', #4119, 1000.000000000000000 ) ;
#6413 = ORIENTED_EDGE ( 'NONE', *, *, #6067, .T. ) ;
#6414 = ORIENTED_EDGE ( 'NONE', *, *, #5662, .T. ) ;
#6415 = CARTESIAN_POINT ( 'NONE',  ( -3.805246575660643100, 0.8653000000000004000, 17.95608755419133500 ) ) ;
#6416 = VECTOR ( 'NONE', #2671, 1000.000000000000000 ) ;
#6417 = ORIENTED_EDGE ( 'NONE', *, *, #4552, .F. ) ;
#6418 = STYLED_ITEM ( 'NONE', ( #4218 ), #2681 ) ;
#6419 = FILL_AREA_STYLE_COLOUR ( '', #2993 ) ;
#6420 = FACE_OUTER_BOUND ( 'NONE', #1502, .T. ) ;
#6421 =( NAMED_UNIT ( * ) SI_UNIT ( $, .STERADIAN. ) SOLID_ANGLE_UNIT ( ) );
#6422 = LINE ( 'NONE', #4929, #809 ) ;
#6423 = EDGE_CURVE ( 'NONE', #4083, #6130, #900, .T. ) ;
#6424 = FILL_AREA_STYLE_COLOUR ( '', #1025 ) ;
#6425 = MECHANICAL_DESIGN_GEOMETRIC_PRESENTATION_REPRESENTATION (  '', ( #2378 ), #2239 ) ;
#6426 = LINE ( 'NONE', #6582, #2477 ) ;
#6427 = VECTOR ( 'NONE', #1576, 1000.000000000000000 ) ;
#6428 = FILL_AREA_STYLE_COLOUR ( '', #4788 ) ;
#6429 = SURFACE_SIDE_STYLE ('',( #6003 ) ) ;
#6430 = SURFACE_SIDE_STYLE ('',( #5471 ) ) ;
#6431 = ORIENTED_EDGE ( 'NONE', *, *, #7148, .T. ) ;
#6432 = ADVANCED_FACE ( 'NONE', ( #4777 ), #1926, .T. ) ;
#6433 = EDGE_CURVE ( 'NONE', #1135, #541, #6633, .T. ) ;
#6434 = FILL_AREA_STYLE ('',( #3762 ) ) ;
#6435 = UNCERTAINTY_MEASURE_WITH_UNIT (LENGTH_MEASURE( 1.000000000000000100E-005 ), #7092, 'distance_accuracy_value', 'NONE');
#6436 = DIRECTION ( 'NONE',  ( -0.0000000000000000000, -1.000000000000000000, -0.0000000000000000000 ) ) ;
#6437 = MECHANICAL_DESIGN_GEOMETRIC_PRESENTATION_REPRESENTATION (  '', ( #2978 ), #6787 ) ;
#6438 = VECTOR ( 'NONE', #6158, 1000.000000000000000 ) ;
#6439 = ADVANCED_FACE ( 'NONE', ( #2439 ), #2662, .F. ) ;
#6440 = SURFACE_SIDE_STYLE ('',( #5122 ) ) ;
#6441 = CARTESIAN_POINT ( 'NONE',  ( -12.78295325769270400, 0.8653000000000004000, 18.18989930348602600 ) ) ;
#6442 = STYLED_ITEM ( 'NONE', ( #377 ), #462 ) ;
#6443 = SURFACE_STYLE_FILL_AREA ( #7078 ) ;
#6444 =( NAMED_UNIT ( * ) PLANE_ANGLE_UNIT ( ) SI_UNIT ( $, .RADIAN. ) );
#6445 =( NAMED_UNIT ( * ) PLANE_ANGLE_UNIT ( ) SI_UNIT ( $, .RADIAN. ) );
#6446 = DIRECTION ( 'NONE',  ( 0.0000000000000000000, 0.0000000000000000000, -1.000000000000000000 ) ) ;
#6447 =( LENGTH_UNIT ( ) NAMED_UNIT ( * ) SI_UNIT ( .MILLI., .METRE. ) );
#6448 =( GEOMETRIC_REPRESENTATION_CONTEXT ( 3 ) GLOBAL_UNCERTAINTY_ASSIGNED_CONTEXT ( ( #2343 ) ) GLOBAL_UNIT_ASSIGNED_CONTEXT ( ( #6191, #2891, #55 ) ) REPRESENTATION_CONTEXT ( 'NONE', 'WORKASPACE' ) );
#6449 = CARTESIAN_POINT ( 'NONE',  ( 17.60000000000000500, 0.8650000000000003200, 16.19999999999999900 ) ) ;
#6450 = ORIENTED_EDGE ( 'NONE', *, *, #3883, .T. ) ;
#6451 = CARTESIAN_POINT ( 'NONE',  ( -3.805246575660643100, 0.8650000000000003200, 18.06816015398052100 ) ) ;
#6452 = SURFACE_STYLE_FILL_AREA ( #1074 ) ;
#6453 = VECTOR ( 'NONE', #6484, 1000.000000000000100 ) ;
#6454 = CARTESIAN_POINT ( 'NONE',  ( -7.020653954054350400, 0.8650000000000003200, 17.74841020359541600 ) ) ;
#6455 = CARTESIAN_POINT ( 'NONE',  ( -4.842959098647051900, 0.8650000000000003200, 18.00876984366381400 ) ) ;
#6456 = VERTEX_POINT ( 'NONE', #3571 ) ;
#6457 = SURFACE_STYLE_USAGE ( .BOTH. , #3770 ) ;
#6458 = CARTESIAN_POINT ( 'NONE',  ( 17.07711745744604300, 1.345379107330116500, 0.4713211462120520100 ) ) ;
#6459 = AXIS2_PLACEMENT_3D ( 'NONE', #4306, #990, #5426 ) ;
#6460 = ADVANCED_FACE ( 'NONE', ( #85 ), #2761, .F. ) ;
#6461 = EDGE_CURVE ( 'NONE', #1706, #1485, #1839, .T. ) ;
#6462 =( GEOMETRIC_REPRESENTATION_CONTEXT ( 3 ) GLOBAL_UNCERTAINTY_ASSIGNED_CONTEXT ( ( #5922 ) ) GLOBAL_UNIT_ASSIGNED_CONTEXT ( ( #4724, #5832, #5875 ) ) REPRESENTATION_CONTEXT ( 'NONE', 'WORKASPACE' ) );
#6463 = CARTESIAN_POINT ( 'NONE',  ( -12.20072210546603800, 0.8653000000000004000, 17.87551710783972700 ) ) ;
#6464 = ADVANCED_FACE ( 'NONE', ( #1934 ), #5214, .F. ) ;
#6465 = ORIENTED_EDGE ( 'NONE', *, *, #2409, .T. ) ;
#6466 = EDGE_LOOP ( 'NONE', ( #2091, #1666, #2608, #6483 ) ) ;
#6467 = DIRECTION ( 'NONE',  ( -0.0000000000000000000, -0.0000000000000000000, -1.000000000000000000 ) ) ;
#6468 =( LENGTH_UNIT ( ) NAMED_UNIT ( * ) SI_UNIT ( .MILLI., .METRE. ) );
#6469 = UNCERTAINTY_MEASURE_WITH_UNIT (LENGTH_MEASURE( 1.000000000000000100E-005 ), #6644, 'distance_accuracy_value', 'NONE');
#6470 = LINE ( 'NONE', #5188, #354 ) ;
#6471 = DIRECTION ( 'NONE',  ( 0.0000000000000000000, 1.000000000000000000, 0.0000000000000000000 ) ) ;
#6472 = EDGE_CURVE ( 'NONE', #6876, #6876, #3978, .T. ) ;
#6473 = EDGE_LOOP ( 'NONE', ( #6721, #4355, #1264, #3354 ) ) ;
#6474 = AXIS2_PLACEMENT_3D ( 'NONE', #1824, #4481, #1801 ) ;
#6475 = ORIENTED_EDGE ( 'NONE', *, *, #1015, .F. ) ;
#6476 =( NAMED_UNIT ( * ) PLANE_ANGLE_UNIT ( ) SI_UNIT ( $, .RADIAN. ) );
#6477 = VERTEX_POINT ( 'NONE', #3009 ) ;
#6478 = VECTOR ( 'NONE', #3396, 1000.000000000000000 ) ;
#6479 = VECTOR ( 'NONE', #6603, 1000.000000000000000 ) ;
#6480 = DIRECTION ( 'NONE',  ( 0.0000000000000000000, 0.0000000000000000000, 1.000000000000000000 ) ) ;
#6481 = EDGE_LOOP ( 'NONE', ( #5156, #7085, #3881, #3022 ) ) ;
#6482 = ORIENTED_EDGE ( 'NONE', *, *, #4787, .T. ) ;
#6483 = ORIENTED_EDGE ( 'NONE', *, *, #1591, .T. ) ;
#6484 = DIRECTION ( 'NONE',  ( 0.4900736531645338300, -0.0000000000000000000, -0.8716810279419692200 ) ) ;
#6485 = CARTESIAN_POINT ( 'NONE',  ( -4.781093952204545700, 0.8653000000000004000, 18.03834697636674300 ) ) ;
#6486 = PRESENTATION_LAYER_ASSIGNMENT (  '', '', ( #2930 ) ) ;
#6487 = CARTESIAN_POINT ( 'NONE',  ( 0.0000000000000000000, 0.8350000000000000800, -14.14401709401709400 ) ) ;
#6488 = FILL_AREA_STYLE_COLOUR ( '', #6160 ) ;
#6489 = CARTESIAN_POINT ( 'NONE',  ( -16.04290811008547000, 1.363887651569859500, -34.42904764284914200 ) ) ;
#6490 = LINE ( 'NONE', #2206, #2357 ) ;
#6491 = VERTEX_POINT ( 'NONE', #3590 ) ;
#6492 = ORIENTED_EDGE ( 'NONE', *, *, #732, .T. ) ;
#6493 = CARTESIAN_POINT ( 'NONE',  ( -11.26524202843952200, 0.8653000000000004000, 17.30830367580641400 ) ) ;
#6494 = DIRECTION ( 'NONE',  ( -0.0000000000000000000, -1.000000000000000000, -0.0000000000000000000 ) ) ;
#6495 = CARTESIAN_POINT ( 'NONE',  ( -9.981614088852071000, 0.8650000000000003200, 17.99397935232808600 ) ) ;
#6496 = EDGE_LOOP ( 'NONE', ( #6329, #3267, #944, #3109 ) ) ;
#6497 = MECHANICAL_DESIGN_GEOMETRIC_PRESENTATION_REPRESENTATION (  '', ( #4104 ), #2676 ) ;
#6498 = PLANE ( 'NONE',  #4743 ) ;
#6499 = LINE ( 'NONE', #5890, #2127 ) ;
#6500 = CARTESIAN_POINT ( 'NONE',  ( -8.331996323616325000, 0.8653000000000004000, 18.03834697636674300 ) ) ;
#6501 =( LENGTH_UNIT ( ) NAMED_UNIT ( * ) SI_UNIT ( .MILLI., .METRE. ) );
#6502 = ADVANCED_FACE ( 'NONE', ( #169 ), #831, .T. ) ;
#6503 = COLOUR_RGB ( '',0.0000000000000000000, 0.0000000000000000000, 1.000000000000000000 ) ;
#6504 = CARTESIAN_POINT ( 'NONE',  ( 0.0000000000000000000, 0.8350000000000000800, 16.00000000000000000 ) ) ;
#6505 = ADVANCED_FACE ( 'NONE', ( #1413 ), #5895, .F. ) ;
#6506 = COLOUR_RGB ( '',1.000000000000000000, 1.000000000000000000, 1.000000000000000000 ) ;
#6507 = CARTESIAN_POINT ( 'NONE',  ( -16.79166666666667100, 0.8650000000000003200, -14.65961538461538400 ) ) ;
#6508 = EDGE_LOOP ( 'NONE', ( #524, #7090, #4869, #2266, #6821, #2498, #5483, #656, #6515, #561, #7075, #3633 ) ) ;
#6509 = EDGE_CURVE ( 'NONE', #6747, #3348, #4070, .T. ) ;
#6510 = CARTESIAN_POINT ( 'NONE',  ( -8.261725682775729500, 0.8653000000000004000, 18.19891092970823700 ) ) ;
#6511 = AXIS2_PLACEMENT_3D ( 'NONE', #4474, #2830, #3381 ) ;
#6512 = SURFACE_STYLE_USAGE ( .BOTH. , #6440 ) ;
#6513 = CARTESIAN_POINT ( 'NONE',  ( -10.34922221654372100, 0.8653000000000004000, 17.41184081926417800 ) ) ;
#6514 = CARTESIAN_POINT ( 'NONE',  ( -9.981614088852071000, 0.8650000000000003200, 17.99397935232808600 ) ) ;
#6515 = ORIENTED_EDGE ( 'NONE', *, *, #4589, .T. ) ;
#6516 = CARTESIAN_POINT ( 'NONE',  ( -9.013750247222809300, 0.8650000000000003200, 18.19891092970823700 ) ) ;
#6517 = EDGE_CURVE ( 'NONE', #5115, #5222, #4809, .T. ) ;
#6518 = PRESENTATION_STYLE_ASSIGNMENT (( #5005 ) ) ;
#6519 = DIRECTION ( 'NONE',  ( 0.0000000000000000000, 0.0000000000000000000, 1.000000000000000000 ) ) ;
#6520 = CARTESIAN_POINT ( 'NONE',  ( -7.020653954054350400, 0.8650000000000003200, 17.74841020359541600 ) ) ;
#6521 = PRESENTATION_LAYER_ASSIGNMENT (  '', '', ( #4417 ) ) ;
#6522 = DIRECTION ( 'NONE',  ( -0.0000000000000000000, -1.000000000000000000, -0.0000000000000000000 ) ) ;
#6523 = UNCERTAINTY_MEASURE_WITH_UNIT (LENGTH_MEASURE( 1.000000000000000100E-005 ), #1557, 'distance_accuracy_value', 'NONE');
#6524 = CARTESIAN_POINT ( 'NONE',  ( -16.79166666666667100, 0.8650000000000003200, -14.14401709401709400 ) ) ;
#6525 = EDGE_CURVE ( 'NONE', #6878, #1845, #2698, .T. ) ;
#6526 = PRESENTATION_STYLE_ASSIGNMENT (( #479 ) ) ;
#6527 = PRESENTATION_STYLE_ASSIGNMENT (( #3751 ) ) ;
#6528 = CARTESIAN_POINT ( 'NONE',  ( -10.11630518186262900, 0.8653000000000004000, 18.17812954696020000 ) ) ;
#6529 = DIRECTION ( 'NONE',  ( -1.000000000000000000, 0.0000000000000000000, 1.084202172485503400E-015 ) ) ;
#6530 = CARTESIAN_POINT ( 'NONE',  ( -4.440561772358937500, 0.8650000000000003200, 17.95608755419133500 ) ) ;
#6531 = VECTOR ( 'NONE', #2632, 1000.000000000000000 ) ;
#6532 = ADVANCED_FACE ( 'NONE', ( #4765 ), #3073, .T. ) ;
#6533 = MECHANICAL_DESIGN_GEOMETRIC_PRESENTATION_REPRESENTATION (  '', ( #6661 ), #7035 ) ;
#6534 = ORIENTED_EDGE ( 'NONE', *, *, #6144, .T. ) ;
#6535 = AXIS2_PLACEMENT_3D ( 'NONE', #939, #4797, #3198 ) ;
#6536 = CARTESIAN_POINT ( 'NONE',  ( -12.18346340461477300, 0.8653000000000004000, 17.86572192957769200 ) ) ;
#6537 = DIRECTION ( 'NONE',  ( 1.000000000000000000, 0.0000000000000000000, 0.0000000000000000000 ) ) ;
#6538 = DIRECTION ( 'NONE',  ( -1.000000000000000000, 0.0000000000000000000, 0.0000000000000000000 ) ) ;
#6539 = EDGE_LOOP ( 'NONE', ( #1600, #5404, #5076, #25 ) ) ;
#6540 = CARTESIAN_POINT ( 'NONE',  ( 14.40000000000000200, 0.8650000000000003200, 16.19999999999999900 ) ) ;
#6541 = VECTOR ( 'NONE', #4123, 1000.000000000000000 ) ;
#6542 = CARTESIAN_POINT ( 'NONE',  ( -16.79166666666667100, 0.8650000000000003200, -13.79123931623931700 ) ) ;
#6543 = MECHANICAL_DESIGN_GEOMETRIC_PRESENTATION_REPRESENTATION (  '', ( #5075 ), #3595 ) ;
#6544 =( LENGTH_UNIT ( ) NAMED_UNIT ( * ) SI_UNIT ( .MILLI., .METRE. ) );
#6545 = FILL_AREA_STYLE ('',( #953 ) ) ;
#6546 = EDGE_LOOP ( 'NONE', ( #6048, #5273, #3294, #2435, #606, #3728, #4939, #2764, #1042, #2947, #1773, #3098, #3905, #5791, #3980, #2863, #1867, #6465, #5899, #4266 ) ) ;
#6547 = ORIENTED_EDGE ( 'NONE', *, *, #5046, .T. ) ;
#6548 = CARTESIAN_POINT ( 'NONE',  ( -12.20072210546603800, 0.8653000000000004000, 17.87551710783972700 ) ) ;
#6549 = SURFACE_SIDE_STYLE ('',( #5658 ) ) ;
#6550 = ORIENTED_EDGE ( 'NONE', *, *, #3331, .F. ) ;
#6551 = EDGE_CURVE ( 'NONE', #5008, #4592, #7062, .T. ) ;
#6552 = CARTESIAN_POINT ( 'NONE',  ( -3.480278174149926200, 0.8650000000000003200, 17.73318271590345700 ) ) ;
#6553 = CARTESIAN_POINT ( 'NONE',  ( -16.79166666666667100, 0.8350000000000000800, 0.0000000000000000000 ) ) ;
#6554 = SURFACE_STYLE_FILL_AREA ( #5 ) ;
#6555 = CARTESIAN_POINT ( 'NONE',  ( -8.666349520355391100, 0.8653000000000004000, 17.57000169561520400 ) ) ;
#6556 = VERTEX_POINT ( 'NONE', #1027 ) ;
#6557 = CARTESIAN_POINT ( 'NONE',  ( -12.18515224144049300, 0.8650000000000003200, 17.88701189099145200 ) ) ;
#6558 = ORIENTED_EDGE ( 'NONE', *, *, #38, .T. ) ;
#6559 = FILL_AREA_STYLE ('',( #2746 ) ) ;
#6560 = COLOUR_RGB ( '',0.0000000000000000000, 0.0000000000000000000, 1.000000000000000000 ) ;
#6561 = EDGE_CURVE ( 'NONE', #1132, #2300, #6386, .T. ) ;
#6562 = SURFACE_SIDE_STYLE ('',( #6452 ) ) ;
#6563 = SURFACE_STYLE_FILL_AREA ( #4318 ) ;
#6564 = ORIENTED_EDGE ( 'NONE', *, *, #3464, .F. ) ;
#6565 = ORIENTED_EDGE ( 'NONE', *, *, #6433, .T. ) ;
#6566 = AXIS2_PLACEMENT_3D ( 'NONE', #5551, #2294, #3352 ) ;
#6567 = ORIENTED_EDGE ( 'NONE', *, *, #556, .F. ) ;
#6568 = LINE ( 'NONE', #3008, #4256 ) ;
#6569 = FILL_AREA_STYLE_COLOUR ( '', #5393 ) ;
#6570 = CARTESIAN_POINT ( 'NONE',  ( -3.845161075207352000, 0.8653000000000004000, 18.19891092970823700 ) ) ;
#6571 = PRESENTATION_STYLE_ASSIGNMENT (( #4776 ) ) ;
#6572 = VECTOR ( 'NONE', #3539, 1000.000000000000000 ) ;
#6573 = CARTESIAN_POINT ( 'NONE',  ( -9.981614088852072800, 0.8653000000000004000, 17.99397935232808600 ) ) ;
#6574 = VERTEX_POINT ( 'NONE', #1586 ) ;
#6575 = VERTEX_POINT ( 'NONE', #6449 ) ;
#6576 =( GEOMETRIC_REPRESENTATION_CONTEXT ( 3 ) GLOBAL_UNCERTAINTY_ASSIGNED_CONTEXT ( ( #6818 ) ) GLOBAL_UNIT_ASSIGNED_CONTEXT ( ( #5336, #2036, #6421 ) ) REPRESENTATION_CONTEXT ( 'NONE', 'WORKASPACE' ) );
#6577 = CARTESIAN_POINT ( 'NONE',  ( -7.670296811569977900, 0.8653000000000004000, 18.19891092970823700 ) ) ;
#6578 = PRESENTATION_LAYER_ASSIGNMENT (  '', '', ( #1901 ) ) ;
#6579 = SURFACE_SIDE_STYLE ('',( #3235 ) ) ;
#6580 = COLOUR_RGB ( '',0.0000000000000000000, 0.0000000000000000000, 1.000000000000000000 ) ;
#6581 = VERTEX_POINT ( 'NONE', #2118 ) ;
#6582 = CARTESIAN_POINT ( 'NONE',  ( -17.68717948717949200, 0.8350000000000000800, 0.0000000000000000000 ) ) ;
#6583 = CARTESIAN_POINT ( 'NONE',  ( 14.40000000000000200, 0.8650000000000003200, 16.19999999999999900 ) ) ;
#6584 = PRESENTATION_LAYER_ASSIGNMENT (  '', '', ( #6223 ) ) ;
#6585 = SURFACE_STYLE_USAGE ( .BOTH. , #3828 ) ;
#6586 =( LENGTH_UNIT ( ) NAMED_UNIT ( * ) SI_UNIT ( .MILLI., .METRE. ) );
#6587 = DIRECTION ( 'NONE',  ( 0.0000000000000000000, 1.000000000000000000, -0.0000000000000000000 ) ) ;
#6588 = LINE ( 'NONE', #325, #3667 ) ;
#6589 = VECTOR ( 'NONE', #3711, 1000.000000000000000 ) ;
#6590 = PRESENTATION_LAYER_ASSIGNMENT (  '', '', ( #6332 ) ) ;
#6591 = CARTESIAN_POINT ( 'NONE',  ( -10.08184721089984500, 0.8650000000000003200, 17.58080537566368300 ) ) ;
#6592 = EDGE_CURVE ( 'NONE', #5644, #4674, #6052, .T. ) ;
#6593 = ORIENTED_EDGE ( 'NONE', *, *, #332, .T. ) ;
#6594 = FILL_AREA_STYLE_COLOUR ( '', #3763 ) ;
#6595 = CARTESIAN_POINT ( 'NONE',  ( -9.981614088852071000, 0.8653000000000004000, 17.99397935232808600 ) ) ;
#6596 = FACE_OUTER_BOUND ( 'NONE', #3014, .T. ) ;
#6597 = EDGE_CURVE ( 'NONE', #3839, #4083, #1743, .T. ) ;
#6598 = UNCERTAINTY_MEASURE_WITH_UNIT (LENGTH_MEASURE( 1.000000000000000100E-005 ), #903, 'distance_accuracy_value', 'NONE');
#6599 =( NAMED_UNIT ( * ) PLANE_ANGLE_UNIT ( ) SI_UNIT ( $, .RADIAN. ) );
#6600 = STYLED_ITEM ( 'NONE', ( #2338 ), #5145 ) ;
#6601 = CARTESIAN_POINT ( 'NONE',  ( -10.11630518186262700, 0.8650000000000003200, 18.17812954696020000 ) ) ;
#6602 = AXIS2_PLACEMENT_3D ( 'NONE', #4545, #2306, #704 ) ;
#6603 = DIRECTION ( 'NONE',  ( -0.0000000000000000000, -1.000000000000000000, -0.0000000000000000000 ) ) ;
#6604 = CARTESIAN_POINT ( 'NONE',  ( -17.60000000000000100, 0.8650000000000003200, -17.60000000000000100 ) ) ;
#6605 = LINE ( 'NONE', #6583, #3335 ) ;
#6606 = EDGE_CURVE ( 'NONE', #1137, #4029, #4493, .T. ) ;
#6607 = CARTESIAN_POINT ( 'NONE',  ( -4.050149335412047700, 0.8650000000000003200, 18.16188210077593400 ) ) ;
#6608 = B_SPLINE_CURVE_WITH_KNOTS ( 'NONE', 3,
 ( #1218, #1866, #2429, #5101 ),
 .UNSPECIFIED., .F., .F.,
 ( 4, 4 ),
 ( 0.0000000000000000000, 1.000000000000000000 ),
 .UNSPECIFIED. ) ;
#6609 = DIRECTION ( 'NONE',  ( -0.0000000000000000000, -1.000000000000000000, -0.0000000000000000000 ) ) ;
#6610 = VERTEX_POINT ( 'NONE', #5943 ) ;
#6611 = DIRECTION ( 'NONE',  ( 1.000000000000000000, -0.0000000000000000000, -0.0000000000000000000 ) ) ;
#6612 = LINE ( 'NONE', #1583, #2247 ) ;
#6613 = DIRECTION ( 'NONE',  ( -0.0000000000000000000, -1.000000000000000000, -0.0000000000000000000 ) ) ;
#6614 = PRESENTATION_STYLE_ASSIGNMENT (( #52 ) ) ;
#6615 =( GEOMETRIC_REPRESENTATION_CONTEXT ( 3 ) GLOBAL_UNCERTAINTY_ASSIGNED_CONTEXT ( ( #2565 ) ) GLOBAL_UNIT_ASSIGNED_CONTEXT ( ( #801, #5174, #748 ) ) REPRESENTATION_CONTEXT ( 'NONE', 'WORKASPACE' ) );
#6616 =( GEOMETRIC_REPRESENTATION_CONTEXT ( 3 ) GLOBAL_UNCERTAINTY_ASSIGNED_CONTEXT ( ( #6258 ) ) GLOBAL_UNIT_ASSIGNED_CONTEXT ( ( #4157, #1985, #2521 ) ) REPRESENTATION_CONTEXT ( 'NONE', 'WORKASPACE' ) );
#6617 = ORIENTED_EDGE ( 'NONE', *, *, #97, .T. ) ;
#6618 = SURFACE_SIDE_STYLE ('',( #6443 ) ) ;
#6619 = SURFACE_STYLE_USAGE ( .BOTH. , #2788 ) ;
#6620 =( NAMED_UNIT ( * ) SI_UNIT ( $, .STERADIAN. ) SOLID_ANGLE_UNIT ( ) );
#6621 = CYLINDRICAL_SURFACE ( 'NONE', #2092, 0.1999999999999987900 ) ;
#6622 = VERTEX_POINT ( 'NONE', #6524 ) ;
#6623 = CARTESIAN_POINT ( 'NONE',  ( -3.980300214717135400, 0.8650000000000003200, 17.57251756548153000 ) ) ;
#6624 = PRESENTATION_LAYER_ASSIGNMENT (  '', '', ( #6375 ) ) ;
#6625 = DIRECTION ( 'NONE',  ( -0.0000000000000000000, -0.0000000000000000000, -1.000000000000000000 ) ) ;
#6626 = LINE ( 'NONE', #5332, #1 ) ;
#6627 = FILL_AREA_STYLE ('',( #5518 ) ) ;
#6628 = ORIENTED_EDGE ( 'NONE', *, *, #6517, .F. ) ;
#6629 = CARTESIAN_POINT ( 'NONE',  ( -14.40000000000000200, 0.8650000000000003200, -17.40000000000000200 ) ) ;
#6630 = CARTESIAN_POINT ( 'NONE',  ( -11.02488769279018800, 0.8653000000000004000, 17.13542832098493600 ) ) ;
#6631 = EDGE_LOOP ( 'NONE', ( #3811, #5652, #4270, #1842 ) ) ;
#6632 = DIRECTION ( 'NONE',  ( -0.0000000000000000000, -1.000000000000000000, -0.0000000000000000000 ) ) ;
#6633 = LINE ( 'NONE', #1855, #5729 ) ;
#6634 = UNCERTAINTY_MEASURE_WITH_UNIT (LENGTH_MEASURE( 1.000000000000000100E-005 ), #5903, 'distance_accuracy_value', 'NONE');
#6635 = FACE_OUTER_BOUND ( 'NONE', #3929, .T. ) ;
#6636 = ORIENTED_EDGE ( 'NONE', *, *, #1551, .T. ) ;
#6637 = EDGE_CURVE ( 'NONE', #5984, #3286, #4327, .T. ) ;
#6638 = VERTEX_POINT ( 'NONE', #3163 ) ;
#6639 = CARTESIAN_POINT ( 'NONE',  ( -4.846377213621117600, 0.8650000000000003200, 17.95608755419133500 ) ) ;
#6640 =( GEOMETRIC_REPRESENTATION_CONTEXT ( 3 ) GLOBAL_UNCERTAINTY_ASSIGNED_CONTEXT ( ( #4852 ) ) GLOBAL_UNIT_ASSIGNED_CONTEXT ( ( #3095, #3593, #2588 ) ) REPRESENTATION_CONTEXT ( 'NONE', 'WORKASPACE' ) );
#6641 = VECTOR ( 'NONE', #2771, 1000.000000000000000 ) ;
#6642 = ORIENTED_EDGE ( 'NONE', *, *, #1559, .T. ) ;
#6643 = LINE ( 'NONE', #655, #6478 ) ;
#6644 =( LENGTH_UNIT ( ) NAMED_UNIT ( * ) SI_UNIT ( .MILLI., .METRE. ) );
#6645 = LINE ( 'NONE', #5199, #4175 ) ;
#6646 = CARTESIAN_POINT ( 'NONE',  ( -3.321176891941437500, 0.8653000000000004000, 17.57571561188368000 ) ) ;
#6647 = EDGE_LOOP ( 'NONE', ( #5118, #1747, #602, #6450 ) ) ;
#6648 =( LENGTH_UNIT ( ) NAMED_UNIT ( * ) SI_UNIT ( .MILLI., .METRE. ) );
#6649 = ORIENTED_EDGE ( 'NONE', *, *, #2601, .T. ) ;
#6650 = LINE ( 'NONE', #5941, #2281 ) ;
#6651 = EDGE_CURVE ( 'NONE', #6306, #5105, #1486, .T. ) ;
#6652 = STYLED_ITEM ( 'NONE', ( #5692 ), #5339 ) ;
#6653 = CARTESIAN_POINT ( 'NONE',  ( -3.877881027603348000, 0.8650000000000003200, 17.57000169561520400 ) ) ;
#6654 = COLOUR_RGB ( '',1.000000000000000000, 1.000000000000000000, 1.000000000000000000 ) ;
#6655 = EDGE_LOOP ( 'NONE', ( #6099, #1860, #2310, #5084 ) ) ;
#6656 = CARTESIAN_POINT ( 'NONE',  ( -17.40000000000000200, 0.8350000000000000800, -16.00000000000000000 ) ) ;
#6657 =( LENGTH_UNIT ( ) NAMED_UNIT ( * ) SI_UNIT ( .MILLI., .METRE. ) );
#6658 = CARTESIAN_POINT ( 'NONE',  ( -4.050149335412047700, 0.8653000000000004000, 18.16188210077593400 ) ) ;
#6659 = B_SPLINE_CURVE_WITH_KNOTS ( 'NONE', 3,
 ( #4803, #3158, #976, #1556 ),
 .UNSPECIFIED., .F., .F.,
 ( 4, 4 ),
 ( 0.0000000000000000000, 1.000000000000000000 ),
 .UNSPECIFIED. ) ;
#6660 = SURFACE_SIDE_STYLE ('',( #1161 ) ) ;
#6661 = STYLED_ITEM ( 'NONE', ( #972 ), #428 ) ;
#6662 = DIRECTION ( 'NONE',  ( -1.000000000000000000, 0.0000000000000000000, -0.0000000000000000000 ) ) ;
#6663 = PRESENTATION_LAYER_ASSIGNMENT (  '', '', ( #3588 ) ) ;
#6664 = VECTOR ( 'NONE', #1365, 1000.000000000000200 ) ;
#6665 =( NAMED_UNIT ( * ) SI_UNIT ( $, .STERADIAN. ) SOLID_ANGLE_UNIT ( ) );
#6666 = CARTESIAN_POINT ( 'NONE',  ( 14.60000000000000100, 0.8350000000000000800, 17.60000000000000500 ) ) ;
#6667 = PRESENTATION_STYLE_ASSIGNMENT (( #1714 ) ) ;
#6668 = EDGE_LOOP ( 'NONE', ( #5986, #7058, #1133, #3583 ) ) ;
#6669 = PRESENTATION_STYLE_ASSIGNMENT (( #6154 ) ) ;
#6670 = DIRECTION ( 'NONE',  ( 0.0000000000000000000, 0.0000000000000000000, 1.000000000000000000 ) ) ;
#6671 = SURFACE_STYLE_USAGE ( .BOTH. , #1694 ) ;
#6672 = CARTESIAN_POINT ( 'NONE',  ( -3.533706688394836300, 0.8653000000000004000, 18.06816015398052100 ) ) ;
#6673 = PRESENTATION_LAYER_ASSIGNMENT (  '', '', ( #2995 ) ) ;
#6674 = ORIENTED_EDGE ( 'NONE', *, *, #3170, .F. ) ;
#6675 = PRESENTATION_STYLE_ASSIGNMENT (( #3366 ) ) ;
#6676 = FACE_OUTER_BOUND ( 'NONE', #5815, .T. ) ;
#6677 =( LENGTH_UNIT ( ) NAMED_UNIT ( * ) SI_UNIT ( .MILLI., .METRE. ) );
#6678 = UNCERTAINTY_MEASURE_WITH_UNIT (LENGTH_MEASURE( 1.000000000000000100E-005 ), #2474, 'distance_accuracy_value', 'NONE');
#6679 = DIRECTION ( 'NONE',  ( 0.0000000000000000000, 0.0000000000000000000, 1.000000000000000000 ) ) ;
#6680 = PRESENTATION_STYLE_ASSIGNMENT (( #3154 ) ) ;
#6681 = MECHANICAL_DESIGN_GEOMETRIC_PRESENTATION_REPRESENTATION (  '', ( #6332 ), #4401 ) ;
#6682 = ORIENTED_EDGE ( 'NONE', *, *, #6345, .T. ) ;
#6683 = EDGE_CURVE ( 'NONE', #1114, #1242, #3626, .T. ) ;
#6684 = VECTOR ( 'NONE', #2319, 1000.000000000000000 ) ;
#6685 = UNCERTAINTY_MEASURE_WITH_UNIT (LENGTH_MEASURE( 1.000000000000000100E-005 ), #5411, 'distance_accuracy_value', 'NONE');
#6686 =( LENGTH_UNIT ( ) NAMED_UNIT ( * ) SI_UNIT ( .MILLI., .METRE. ) );
#6687 = LINE ( 'NONE', #6997, #3948 ) ;
#6688 = ORIENTED_EDGE ( 'NONE', *, *, #222, .F. ) ;
#6689 = EDGE_CURVE ( 'NONE', #2143, #5808, #5969, .T. ) ;
#6690 = CARTESIAN_POINT ( 'NONE',  ( -5.245327677881258300, 0.8653000000000004000, 18.19891092970823700 ) ) ;
#6691 = MECHANICAL_DESIGN_GEOMETRIC_PRESENTATION_REPRESENTATION (  '', ( #4372 ), #5153 ) ;
#6692 = CARTESIAN_POINT ( 'NONE',  ( -16.79166666666667100, 0.8650000000000003200, -14.65961538461538400 ) ) ;
#6693 = STYLED_ITEM ( 'NONE', ( #5473 ), #4345 ) ;
#6694 = FILL_AREA_STYLE_COLOUR ( '', #5420 ) ;
#6695 = CARTESIAN_POINT ( 'NONE',  ( -11.02488769279018800, 0.8653000000000004000, 17.13542832098493600 ) ) ;
#6696 = EDGE_LOOP ( 'NONE', ( #5546, #1915, #5988, #3122 ) ) ;
#6697 = SURFACE_SIDE_STYLE ('',( #2970 ) ) ;
#6698 = VECTOR ( 'NONE', #3857, 1000.000000000000000 ) ;
#6699 =( NAMED_UNIT ( * ) SI_UNIT ( $, .STERADIAN. ) SOLID_ANGLE_UNIT ( ) );
#6700 = COLOUR_RGB ( '',0.8980392156862745400, 0.9176470588235293700, 0.9294117647058823800 ) ;
#6701 = CARTESIAN_POINT ( 'NONE',  ( -3.480278174149926200, 0.8653000000000004000, 17.73318271590345700 ) ) ;
#6702 =( NAMED_UNIT ( * ) PLANE_ANGLE_UNIT ( ) SI_UNIT ( $, .RADIAN. ) );
#6703 = PRESENTATION_LAYER_ASSIGNMENT (  '', '', ( #431 ) ) ;
#6704 = CARTESIAN_POINT ( 'NONE',  ( -9.639949665254722100, 0.8653000000000004000, 17.57000169561520400 ) ) ;
#6705 = CARTESIAN_POINT ( 'NONE',  ( -12.18346340461477300, 0.8650000000000003200, 17.86572192957769200 ) ) ;
#6706 = ORIENTED_EDGE ( 'NONE', *, *, #7014, .T. ) ;
#6707 = AXIS2_PLACEMENT_3D ( 'NONE', #5413, #6012, #6519 ) ;
#6708 = COLOUR_RGB ( '',0.0000000000000000000, 0.0000000000000000000, 1.000000000000000000 ) ;
#6709 = DIRECTION ( 'NONE',  ( 0.0000000000000000000, -1.000000000000000000, 0.0000000000000000000 ) ) ;
#6710 = CARTESIAN_POINT ( 'NONE',  ( 16.85136643594227500, 1.365000000000000000, -2.243089218376827600 ) ) ;
#6711 = ORIENTED_EDGE ( 'NONE', *, *, #4701, .F. ) ;
#6712 = STYLED_ITEM ( 'NONE', ( #4977 ), #2079 ) ;
#6713 = CIRCLE ( 'NONE', #5259, 0.1999999999999987900 ) ;
#6714 = DIRECTION ( 'NONE',  ( 0.0000000000000000000, 0.0000000000000000000, 1.000000000000000000 ) ) ;
#6715 = ORIENTED_EDGE ( 'NONE', *, *, #2021, .F. ) ;
#6716 = CARTESIAN_POINT ( 'NONE',  ( -3.845161075207352000, 0.8653000000000004000, 18.04350418491232900 ) ) ;
#6717 = FILL_AREA_STYLE_COLOUR ( '', #5328 ) ;
#6718 = VECTOR ( 'NONE', #5348, 1000.000000000000000 ) ;
#6719 = VECTOR ( 'NONE', #6115, 1000.000000000000000 ) ;
#6720 = CARTESIAN_POINT ( 'NONE',  ( -10.05238526892099100, 0.8653000000000004000, 18.12470470102213900 ) ) ;
#6721 = ORIENTED_EDGE ( 'NONE', *, *, #1156, .T. ) ;
#6722 =( NAMED_UNIT ( * ) SI_UNIT ( $, .STERADIAN. ) SOLID_ANGLE_UNIT ( ) );
#6723 =( NAMED_UNIT ( * ) SI_UNIT ( $, .STERADIAN. ) SOLID_ANGLE_UNIT ( ) );
#6724 = MECHANICAL_DESIGN_GEOMETRIC_PRESENTATION_REPRESENTATION (  '', ( #819 ), #6769 ) ;
#6725 = VERTEX_POINT ( 'NONE', #385 ) ;
#6726 = DIRECTION ( 'NONE',  ( -0.0000000000000000000, 1.000000000000000000, -0.0000000000000000000 ) ) ;
#6727 = UNCERTAINTY_MEASURE_WITH_UNIT (LENGTH_MEASURE( 1.000000000000000100E-005 ), #5252, 'distance_accuracy_value', 'NONE');
#6728 = VERTEX_POINT ( 'NONE', #4275 ) ;
#6729 = CARTESIAN_POINT ( 'NONE',  ( -4.050786439046619900, 0.8653000000000004000, 18.04350418491232900 ) ) ;
#6730 = ORIENTED_EDGE ( 'NONE', *, *, #2237, .F. ) ;
#6731 = CARTESIAN_POINT ( 'NONE',  ( -9.443704833392827100, 0.8653000000000004000, 18.03834697636674300 ) ) ;
#6732 = ORIENTED_EDGE ( 'NONE', *, *, #1022, .F. ) ;
#6733 = FACE_OUTER_BOUND ( 'NONE', #5399, .T. ) ;
#6734 = CARTESIAN_POINT ( 'NONE',  ( -17.60000000000000100, 0.8650000000000003200, -16.19999999999999900 ) ) ;
#6735 = VECTOR ( 'NONE', #5191, 1000.000000000000000 ) ;
#6736 = EDGE_CURVE ( 'NONE', #6886, #3614, #673, .T. ) ;
#6737 = VECTOR ( 'NONE', #3563, 1000.000000000000000 ) ;
#6738 = ORIENTED_EDGE ( 'NONE', *, *, #242, .T. ) ;
#6739 =( GEOMETRIC_REPRESENTATION_CONTEXT ( 3 ) GLOBAL_UNCERTAINTY_ASSIGNED_CONTEXT ( ( #997 ) ) GLOBAL_UNIT_ASSIGNED_CONTEXT ( ( #3947, #5682, #4564 ) ) REPRESENTATION_CONTEXT ( 'NONE', 'WORKASPACE' ) );
#6740 = ORIENTED_EDGE ( 'NONE', *, *, #3181, .T. ) ;
#6741 =( NAMED_UNIT ( * ) PLANE_ANGLE_UNIT ( ) SI_UNIT ( $, .RADIAN. ) );
#6742 = ADVANCED_FACE ( 'NONE', ( #2177 ), #2683, .F. ) ;
#6743 = CARTESIAN_POINT ( 'NONE',  ( -12.18346340461477300, 0.8653000000000004000, 17.87551710783972700 ) ) ;
#6744 = PRESENTATION_STYLE_ASSIGNMENT (( #5305 ) ) ;
#6745 = CARTESIAN_POINT ( 'NONE',  ( -12.04718136187347500, 0.8650000000000003200, 18.08190447113507900 ) ) ;
#6746 = FACE_BOUND ( 'NONE', #3280, .T. ) ;
#6747 = VERTEX_POINT ( 'NONE', #4299 ) ;
#6748 = EDGE_CURVE ( 'NONE', #1645, #2108, #5799, .T. ) ;
#6749 = STYLED_ITEM ( 'NONE', ( #1267 ), #5440 ) ;
#6750 = CARTESIAN_POINT ( 'NONE',  ( -8.067130061986265600, 0.8650000000000003200, 17.95608755419133500 ) ) ;
#6751 = CARTESIAN_POINT ( 'NONE',  ( -6.107512552934629500, 0.8650000000000003200, 17.57000169561520400 ) ) ;
#6752 = VECTOR ( 'NONE', #6811, 1000.000000000000000 ) ;
#6753 = PRESENTATION_STYLE_ASSIGNMENT (( #1328 ) ) ;
#6754 = SURFACE_STYLE_FILL_AREA ( #3219 ) ;
#6755 = FILL_AREA_STYLE ('',( #2345 ) ) ;
#6756 = B_SPLINE_CURVE_WITH_KNOTS ( 'NONE', 3,
 ( #5169, #1340, #6799, #728 ),
 .UNSPECIFIED., .F., .F.,
 ( 4, 4 ),
 ( 0.0000000000000000000, 1.000000000000000000 ),
 .UNSPECIFIED. ) ;
#6757 = CARTESIAN_POINT ( 'NONE',  ( -3.261890097925141100, 0.8650000000000003200, 17.95608755419133500 ) ) ;
#6758 = VERTEX_POINT ( 'NONE', #982 ) ;
#6759 = MECHANICAL_DESIGN_GEOMETRIC_PRESENTATION_REPRESENTATION (  '', ( #3159 ), #3303 ) ;
#6760 = CARTESIAN_POINT ( 'NONE',  ( -8.261725682775729500, 0.8653000000000004000, 17.95608755419133500 ) ) ;
#6761 = STYLED_ITEM ( 'NONE', ( #4879 ), #5872 ) ;
#6762 = CARTESIAN_POINT ( 'NONE',  ( -11.30207643992675100, 0.8653000000000004000, 17.76663680820028500 ) ) ;
#6763 = SURFACE_SIDE_STYLE ('',( #404 ) ) ;
#6764 = FACE_OUTER_BOUND ( 'NONE', #6291, .T. ) ;
#6765 = EDGE_LOOP ( 'NONE', ( #2111, #3535, #4855, #5280, #6882, #5031, #6066, #2100 ) ) ;
#6766 = FILL_AREA_STYLE ('',( #4654 ) ) ;
#6767 = CARTESIAN_POINT ( 'NONE',  ( -4.846377213621117600, 0.8650000000000003200, 18.19891092970823700 ) ) ;
#6768 = CARTESIAN_POINT ( 'NONE',  ( -3.533706688394836300, 0.8653000000000004000, 17.95608755419133500 ) ) ;
#6769 =( GEOMETRIC_REPRESENTATION_CONTEXT ( 3 ) GLOBAL_UNCERTAINTY_ASSIGNED_CONTEXT ( ( #2507 ) ) GLOBAL_UNIT_ASSIGNED_CONTEXT ( ( #6686, #3398, #6131 ) ) REPRESENTATION_CONTEXT ( 'NONE', 'WORKASPACE' ) );
#6770 = PRESENTATION_STYLE_ASSIGNMENT (( #5140 ) ) ;
#6771 = CARTESIAN_POINT ( 'NONE',  ( -8.261725682775729500, 0.8653000000000004000, 18.19891092970823700 ) ) ;
#6772 = UNCERTAINTY_MEASURE_WITH_UNIT (LENGTH_MEASURE( 1.000000000000000100E-005 ), #577, 'distance_accuracy_value', 'NONE');
#6773 = FILL_AREA_STYLE_COLOUR ( '', #3621 ) ;
#6774 = CARTESIAN_POINT ( 'NONE',  ( -12.22652025571572300, 0.8650000000000003200, 18.13617373217540800 ) ) ;
#6775 =( LENGTH_UNIT ( ) NAMED_UNIT ( * ) SI_UNIT ( .MILLI., .METRE. ) );
#6776 = CARTESIAN_POINT ( 'NONE',  ( -3.261890097925141100, 0.8653000000000004000, 18.06816015398052100 ) ) ;
#6777 = COLOUR_RGB ( '',0.0000000000000000000, 0.0000000000000000000, 1.000000000000000000 ) ;
#6778 = PLANE ( 'NONE',  #575 ) ;
#6779 = EDGE_CURVE ( 'NONE', #2261, #3618, #1659, .T. ) ;
#6780 = MECHANICAL_DESIGN_GEOMETRIC_PRESENTATION_REPRESENTATION (  '', ( #6289 ), #5838 ) ;
#6781 =( LENGTH_UNIT ( ) NAMED_UNIT ( * ) SI_UNIT ( .MILLI., .METRE. ) );
#6782 = ORIENTED_EDGE ( 'NONE', *, *, #3427, .T. ) ;
#6783 = CARTESIAN_POINT ( 'NONE',  ( -16.79166666666667100, -9.134999999999999800, -14.65961538461538400 ) ) ;
#6784 = ORIENTED_EDGE ( 'NONE', *, *, #5257, .T. ) ;
#6785 = EDGE_CURVE ( 'NONE', #5025, #3348, #4585, .T. ) ;
#6786 = SURFACE_SIDE_STYLE ('',( #27 ) ) ;
#6787 =( GEOMETRIC_REPRESENTATION_CONTEXT ( 3 ) GLOBAL_UNCERTAINTY_ASSIGNED_CONTEXT ( ( #6169 ) ) GLOBAL_UNIT_ASSIGNED_CONTEXT ( ( #1647, #3776, #2203 ) ) REPRESENTATION_CONTEXT ( 'NONE', 'WORKASPACE' ) );
#6788 = CARTESIAN_POINT ( 'NONE',  ( -10.08184721089984000, 0.8653000000000004000, 17.58080537566368300 ) ) ;
#6789 = CARTESIAN_POINT ( 'NONE',  ( -16.24893162393162900, 0.8350000000000000800, 0.0000000000000000000 ) ) ;
#6790 = VECTOR ( 'NONE', #2436, 1000.000000000000000 ) ;
#6791 = STYLED_ITEM ( 'NONE', ( #2032 ), #4176 ) ;
#6792 = DIRECTION ( 'NONE',  ( 1.000000000000000000, -0.0000000000000000000, -0.0000000000000000000 ) ) ;
#6793 = CARTESIAN_POINT ( 'NONE',  ( -14.40000000000000200, 0.8350000000000000800, -17.40000000000000200 ) ) ;
#6794 = ORIENTED_EDGE ( 'NONE', *, *, #4223, .F. ) ;
#6795 = ORIENTED_EDGE ( 'NONE', *, *, #566, .F. ) ;
#6796 = SURFACE_SIDE_STYLE ('',( #584 ) ) ;
#6797 = FILL_AREA_STYLE ('',( #822 ) ) ;
#6798 = CARTESIAN_POINT ( 'NONE',  ( -3.285981471631799000, 0.8653000000000004000, 17.73318271590345700 ) ) ;
#6799 = CARTESIAN_POINT ( 'NONE',  ( -3.838945110250848700, 0.8653000000000004000, 18.06377444059635100 ) ) ;
#6800 = CARTESIAN_POINT ( 'NONE',  ( -3.480278174149926200, 0.8650000000000003200, 18.19891092970823700 ) ) ;
#6801 = ORIENTED_EDGE ( 'NONE', *, *, #6423, .T. ) ;
#6802 = B_SPLINE_CURVE_WITH_KNOTS ( 'NONE', 3,
 ( #1134, #1087, #2238, #6639 ),
 .UNSPECIFIED., .F., .F.,
 ( 4, 4 ),
 ( 0.0000000000000000000, 1.000000000000000000 ),
 .UNSPECIFIED. ) ;
#6803 = CARTESIAN_POINT ( 'NONE',  ( -8.261725682775729500, 0.8650000000000003200, 17.95608755419133500 ) ) ;
#6804 = FILL_AREA_STYLE_COLOUR ( '', #5292 ) ;
#6805 = LINE ( 'NONE', #4043, #5376 ) ;
#6806 = ORIENTED_EDGE ( 'NONE', *, *, #925, .F. ) ;
#6807 = SURFACE_STYLE_USAGE ( .BOTH. , #5183 ) ;
#6808 = MECHANICAL_DESIGN_GEOMETRIC_PRESENTATION_REPRESENTATION (  '', ( #5866 ), #4015 ) ;
#6809 = PRESENTATION_STYLE_ASSIGNMENT (( #207 ) ) ;
#6810 = AXIS2_PLACEMENT_3D ( 'NONE', #4668, #1369, #6858 ) ;
#6811 = DIRECTION ( 'NONE',  ( 0.0000000000000000000, 0.0000000000000000000, 1.000000000000000000 ) ) ;
#6812 =( NAMED_UNIT ( * ) PLANE_ANGLE_UNIT ( ) SI_UNIT ( $, .RADIAN. ) );
#6813 = ORIENTED_EDGE ( 'NONE', *, *, #4949, .T. ) ;
#6814 = CARTESIAN_POINT ( 'NONE',  ( -8.262788076257400900, 0.8653000000000004000, 18.00155345281131500 ) ) ;
#6815 = ORIENTED_EDGE ( 'NONE', *, *, #3709, .F. ) ;
#6816 = ORIENTED_EDGE ( 'NONE', *, *, #5139, .F. ) ;
#6817 = ORIENTED_EDGE ( 'NONE', *, *, #3603, .T. ) ;
#6818 = UNCERTAINTY_MEASURE_WITH_UNIT (LENGTH_MEASURE( 1.000000000000000100E-005 ), #5336, 'distance_accuracy_value', 'NONE');
#6819 = EDGE_LOOP ( 'NONE', ( #2269, #861, #4338, #1524 ) ) ;
#6820 = AXIS2_PLACEMENT_3D ( 'NONE', #4818, #406, #3738 ) ;
#6821 = ORIENTED_EDGE ( 'NONE', *, *, #4877, .T. ) ;
#6822 = SURFACE_SIDE_STYLE ('',( #1475 ) ) ;
#6823 = EDGE_CURVE ( 'NONE', #6456, #179, #1407, .T. ) ;
#6824 = FILL_AREA_STYLE_COLOUR ( '', #4382 ) ;
#6825 = ORIENTED_EDGE ( 'NONE', *, *, #88, .T. ) ;
#6826 = STYLED_ITEM ( 'NONE', ( #1635 ), #3165 ) ;
#6827 = CARTESIAN_POINT ( 'NONE',  ( -5.245327677881258300, 0.8653000000000004000, 18.19891092970823700 ) ) ;
#6828 = LINE ( 'NONE', #5439, #1244 ) ;
#6829 = FILL_AREA_STYLE ('',( #4468 ) ) ;
#6830 = DIRECTION ( 'NONE',  ( -0.0000000000000000000, 1.000000000000000000, -0.0000000000000000000 ) ) ;
#6831 = FACE_OUTER_BOUND ( 'NONE', #4061, .T. ) ;
#6832 = CARTESIAN_POINT ( 'NONE',  ( -7.670296811569977900, 0.8653000000000004000, 18.19891092970823700 ) ) ;
#6833 = FACE_OUTER_BOUND ( 'NONE', #2224, .T. ) ;
#6834 = VERTEX_POINT ( 'NONE', #4397 ) ;
#6835 = CARTESIAN_POINT ( 'NONE',  ( -8.666349520355391100, 0.8650000000000003200, 18.19891092970823700 ) ) ;
#6836 = B_SPLINE_CURVE_WITH_KNOTS ( 'NONE', 3,
 ( #3465, #134, #2309, #677 ),
 .UNSPECIFIED., .F., .F.,
 ( 4, 4 ),
 ( 0.0000000000000000000, 1.000000000000000000 ),
 .UNSPECIFIED. ) ;
#6837 = EDGE_CURVE ( 'NONE', #1337, #5892, #6211, .T. ) ;
#6838 = PRESENTATION_LAYER_ASSIGNMENT (  '', '', ( #7067 ) ) ;
#6839 = DIRECTION ( 'NONE',  ( -0.0000000000000000000, -1.000000000000000000, -0.0000000000000000000 ) ) ;
#6840 = PRESENTATION_LAYER_ASSIGNMENT (  '', '', ( #5350 ) ) ;
#6841 = FACE_BOUND ( 'NONE', #3974, .T. ) ;
#6842 = LINE ( 'NONE', #6757, #5045 ) ;
#6843 =( NAMED_UNIT ( * ) PLANE_ANGLE_UNIT ( ) SI_UNIT ( $, .RADIAN. ) );
#6844 = CARTESIAN_POINT ( 'NONE',  ( -4.781093952204545700, 0.8650000000000003200, 18.03834697636674300 ) ) ;
#6845 = CARTESIAN_POINT ( 'NONE',  ( -9.981614088852071000, 0.8650000000000003200, 17.99397935232808600 ) ) ;
#6846 = CARTESIAN_POINT ( 'NONE',  ( -2.242502245694274300, 1.365000000000000000, -16.84695676214036200 ) ) ;
#6847 = VECTOR ( 'NONE', #4497, 1000.000000000000000 ) ;
#6848 = CARTESIAN_POINT ( 'NONE',  ( -4.440561772358937500, 0.8650000000000003200, 17.57000169561520400 ) ) ;
#6849 = FILL_AREA_STYLE ('',( #1436 ) ) ;
#6850 = DIRECTION ( 'NONE',  ( -0.0000000000000000000, -0.0000000000000000000, -1.000000000000000000 ) ) ;
#6851 = ORIENTED_EDGE ( 'NONE', *, *, #3132, .F. ) ;
#6852 = CARTESIAN_POINT ( 'NONE',  ( -3.480278174149926200, 0.8653000000000004000, 17.73318271590345700 ) ) ;
#6853 = DIRECTION ( 'NONE',  ( 0.0000000000000000000, 0.0000000000000000000, -1.000000000000000000 ) ) ;
#6854 = CARTESIAN_POINT ( 'NONE',  ( -5.441176461509573200, 0.8650000000000003200, 18.03834697636674300 ) ) ;
#6855 = B_SPLINE_CURVE_WITH_KNOTS ( 'NONE', 3,
 ( #7116, #6100, #1095, #4466 ),
 .UNSPECIFIED., .F., .F.,
 ( 4, 4 ),
 ( 0.0000000000000000000, 1.000000000000000000 ),
 .UNSPECIFIED. ) ;
#6856 = CARTESIAN_POINT ( 'NONE',  ( -16.79166666666667100, 0.8650000000000003200, -13.79123931623931700 ) ) ;
#6857 = STYLED_ITEM ( 'NONE', ( #7013 ), #966 ) ;
#6858 = DIRECTION ( 'NONE',  ( 0.0000000000000000000, 0.0000000000000000000, 1.000000000000000000 ) ) ;
#6859 = PRESENTATION_STYLE_ASSIGNMENT (( #4746 ) ) ;
#6860 = LINE ( 'NONE', #5353, #3769 ) ;
#6861 = DIRECTION ( 'NONE',  ( -0.0000000000000000000, -0.0000000000000000000, 1.000000000000000000 ) ) ;
#6862 =( BOUNDED_SURFACE ( )  B_SPLINE_SURFACE ( 3, 3, ( 
 ( #411, #392, #5975, #3126, #6958, #1550, #7009 ),
 ( #3718, #346, #4770, #1500, #1572, #5356, #6397 ),
 ( #6935, #5877, #942, #4822, #1530, #1477, #6458 ),
 ( #2644, #2076, #5934, #4288, #6489, #2031, #3772 ) ),
 .UNSPECIFIED., .F., .T., .F. ) 
 B_SPLINE_SURFACE_WITH_KNOTS ( ( 4, 4 ),
 ( 4, 3, 4 ),
 ( 0.0000000000000000000, 1.000000000000000000 ),
 ( 0.0000000000000000000, 0.5000000000000000000, 1.000000000000000000 ),
 .UNSPECIFIED. ) 
 GEOMETRIC_REPRESENTATION_ITEM ( )  RATIONAL_B_SPLINE_SURFACE ( (
 ( 1.000000000000000000, 0.3333333333333333100, 0.3333333333333333100, 1.000000000000000000, 0.3333333333333333100, 0.3333333333333333100, 1.000000000000000000),
 ( 0.8201978288934752600, 0.2733992762978250700, 0.2733992762978250700, 0.8201978288934752600, 0.2733992762978250700, 0.2733992762978250700, 0.8201978288934752600),
 ( 0.8201978288934752600, 0.2733992762978250700, 0.2733992762978250700, 0.8201978288934752600, 0.2733992762978250700, 0.2733992762978250700, 0.8201978288934752600),
 ( 1.000000000000000000, 0.3333333333333333100, 0.3333333333333333100, 1.000000000000000000, 0.3333333333333333100, 0.3333333333333333100, 1.000000000000000000) ) ) 
 REPRESENTATION_ITEM ( '' )  SURFACE ( )  );
#6863 = DIRECTION ( 'NONE',  ( 0.0000000000000000000, 0.0000000000000000000, -1.000000000000000000 ) ) ;
#6864 = SURFACE_SIDE_STYLE ('',( #804 ) ) ;
#6865 = CARTESIAN_POINT ( 'NONE',  ( -2.241915599561625800, 1.364629079620785400, -16.84254954156772800 ) ) ;
#6866 = VECTOR ( 'NONE', #3111, 1000.000000000000000 ) ;
#6867 = EDGE_CURVE ( 'NONE', #2562, #4860, #6314, .T. ) ;
#6868 = AXIS2_PLACEMENT_3D ( 'NONE', #3933, #2285, #2850 ) ;
#6869 = CARTESIAN_POINT ( 'NONE',  ( -8.599024758810749300, 0.8653000000000004000, 18.03834697636674300 ) ) ;
#6870 = CARTESIAN_POINT ( 'NONE',  ( -11.02488769279018800, 0.8653000000000004000, 17.13542832098493600 ) ) ;
#6871 = CARTESIAN_POINT ( 'NONE',  ( -17.14444444444444900, -9.134999999999999800, -14.14401709401709400 ) ) ;
#6872 = VERTEX_POINT ( 'NONE', #2180 ) ;
#6873 = FILL_AREA_STYLE_COLOUR ( '', #3740 ) ;
#6874 = EDGE_CURVE ( 'NONE', #6728, #3230, #1833, .T. ) ;
#6875 =( GEOMETRIC_REPRESENTATION_CONTEXT ( 3 ) GLOBAL_UNCERTAINTY_ASSIGNED_CONTEXT ( ( #2694 ) ) GLOBAL_UNIT_ASSIGNED_CONTEXT ( ( #2398, #6242, #3493 ) ) REPRESENTATION_CONTEXT ( 'NONE', 'WORKASPACE' ) );
#6876 = VERTEX_POINT ( 'NONE', #1266 ) ;
#6877 = CARTESIAN_POINT ( 'NONE',  ( -11.81742751645830200, 0.8650000000000003200, 18.13643311436219800 ) ) ;
#6878 = VERTEX_POINT ( 'NONE', #2728 ) ;
#6879 = DIRECTION ( 'NONE',  ( 0.0000000000000000000, 0.0000000000000000000, 1.000000000000000000 ) ) ;
#6880 = EDGE_CURVE ( 'NONE', #6402, #727, #6855, .T. ) ;
#6881 = DIRECTION ( 'NONE',  ( -0.8778885238847372600, 0.0000000000000000000, 0.4788650536753306100 ) ) ;
#6882 = ORIENTED_EDGE ( 'NONE', *, *, #5879, .F. ) ;
#6883 = SURFACE_STYLE_USAGE ( .BOTH. , #6957 ) ;
#6884 = FILL_AREA_STYLE ('',( #840 ) ) ;
#6885 = FACE_OUTER_BOUND ( 'NONE', #2599, .T. ) ;
#6886 = VERTEX_POINT ( 'NONE', #5009 ) ;
#6887 = FACE_BOUND ( 'NONE', #6305, .T. ) ;
#6888 = CARTESIAN_POINT ( 'NONE',  ( -12.56999046327798700, 0.8653000000000004000, 17.29695286030937100 ) ) ;
#6890 = MECHANICAL_DESIGN_GEOMETRIC_PRESENTATION_REPRESENTATION (  '', ( #6442 ), #112 ) ;
#6889 = CARTESIAN_POINT ( 'NONE',  ( -5.549230962821756200, 0.8653000000000004000, 18.19891092970823700 ) ) ;
#6891 = CARTESIAN_POINT ( 'NONE',  ( -11.56451976543143600, 0.8653000000000004000, 18.55149399258303000 ) ) ;
#6892 = VECTOR ( 'NONE', #560, 1000.000000000000000 ) ;
#6893 = SURFACE_STYLE_USAGE ( .BOTH. , #4148 ) ;
#6894 =( NAMED_UNIT ( * ) PLANE_ANGLE_UNIT ( ) SI_UNIT ( $, .RADIAN. ) );
#6895 =( NAMED_UNIT ( * ) PLANE_ANGLE_UNIT ( ) SI_UNIT ( $, .RADIAN. ) );
#6896 = ORIENTED_EDGE ( 'NONE', *, *, #1271, .F. ) ;
#6897 = ADVANCED_FACE ( 'NONE', ( #6885 ), #6621, .F. ) ;
#6898 = VECTOR ( 'NONE', #2401, 1000.000000000000000 ) ;
#6899 = DIRECTION ( 'NONE',  ( -0.0000000000000000000, 1.000000000000000000, 0.0000000000000000000 ) ) ;
#6900 = UNCERTAINTY_MEASURE_WITH_UNIT (LENGTH_MEASURE( 1.000000000000000100E-005 ), #1843, 'distance_accuracy_value', 'NONE');
#6901 = VECTOR ( 'NONE', #3297, 1000.000000000000000 ) ;
#6902 = CARTESIAN_POINT ( 'NONE',  ( -19.00000000000000400, 0.8650000000000003200, -19.00000000000000400 ) ) ;
#6903 = ORIENTED_EDGE ( 'NONE', *, *, #4452, .T. ) ;
#6904 = EDGE_LOOP ( 'NONE', ( #1108, #4431, #4398, #4146 ) ) ;
#6905 = VECTOR ( 'NONE', #3054, 1000.000000000000000 ) ;
#6906 =( NAMED_UNIT ( * ) PLANE_ANGLE_UNIT ( ) SI_UNIT ( $, .RADIAN. ) );
#6907 = LINE ( 'NONE', #2129, #6326 ) ;
#6908 = VECTOR ( 'NONE', #324, 1000.000000000000000 ) ;
#6909 = UNCERTAINTY_MEASURE_WITH_UNIT (LENGTH_MEASURE( 1.000000000000000100E-005 ), #2551, 'distance_accuracy_value', 'NONE');
#6910 = DIRECTION ( 'NONE',  ( -0.0000000000000000000, -1.000000000000000000, -0.0000000000000000000 ) ) ;
#6911 = ORIENTED_EDGE ( 'NONE', *, *, #3700, .T. ) ;
#6912 = ORIENTED_EDGE ( 'NONE', *, *, #1679, .F. ) ;
#6913 = FILL_AREA_STYLE_COLOUR ( '', #3041 ) ;
#6914 = FILL_AREA_STYLE ('',( #1895 ) ) ;
#6915 = LINE ( 'NONE', #3155, #5409 ) ;
#6916 = EDGE_CURVE ( 'NONE', #1485, #6872, #1392, .T. ) ;
#6917 = DIRECTION ( 'NONE',  ( 0.0000000000000000000, 1.000000000000000000, -0.0000000000000000000 ) ) ;
#6918 = FACE_BOUND ( 'NONE', #4832, .T. ) ;
#6919 = AXIS2_PLACEMENT_3D ( 'NONE', #5454, #2595, #2642 ) ;
#6920 = CARTESIAN_POINT ( 'NONE',  ( -12.20072210546603800, 0.8650000000000003200, 17.87908057078369900 ) ) ;
#6921 = DIRECTION ( 'NONE',  ( 1.000000000000000000, 0.0000000000000000000, 0.0000000000000000000 ) ) ;
#6922 = CARTESIAN_POINT ( 'NONE',  ( -8.067130061986265600, 0.8653000000000004000, 17.57000169561520400 ) ) ;
#6923 = ADVANCED_FACE ( 'NONE', ( #4672 ), #2796, .T. ) ;
#6924 = VECTOR ( 'NONE', #6494, 1000.000000000000000 ) ;
#6925 = FACE_OUTER_BOUND ( 'NONE', #4227, .T. ) ;
#6926 =( NAMED_UNIT ( * ) PLANE_ANGLE_UNIT ( ) SI_UNIT ( $, .RADIAN. ) );
#6927 = EDGE_CURVE ( 'NONE', #3839, #3708, #800, .T. ) ;
#6928 = VECTOR ( 'NONE', #5520, 1000.000000000000000 ) ;
#6929 = PRESENTATION_LAYER_ASSIGNMENT (  '', '', ( #5806 ) ) ;
#6930 = LINE ( 'NONE', #5463, #5508 ) ;
#6931 = ORIENTED_EDGE ( 'NONE', *, *, #556, .T. ) ;
#6932 = SURFACE_STYLE_FILL_AREA ( #2546 ) ;
#6933 =( NAMED_UNIT ( * ) PLANE_ANGLE_UNIT ( ) SI_UNIT ( $, .RADIAN. ) );
#6934 = PLANE ( 'NONE',  #5384 ) ;
#6935 = CARTESIAN_POINT ( 'NONE',  ( 17.07711745744604300, 1.345379107330116500, 0.4713211462120520100 ) ) ;
#6936 = ORIENTED_EDGE ( 'NONE', *, *, #3983, .F. ) ;
#6937 = AXIS2_PLACEMENT_3D ( 'NONE', #148, #4021, #2834 ) ;
#6938 = VECTOR ( 'NONE', #3441, 1000.000000000000000 ) ;
#6939 =( NAMED_UNIT ( * ) SI_UNIT ( $, .STERADIAN. ) SOLID_ANGLE_UNIT ( ) );
#6940 = CARTESIAN_POINT ( 'NONE',  ( -4.440561772358937500, 0.8650000000000003200, 18.19891092970823700 ) ) ;
#6941 = CARTESIAN_POINT ( 'NONE',  ( -6.568368449399659200, 0.8653000000000004000, 17.57000169561520400 ) ) ;
#6942 = SURFACE_STYLE_FILL_AREA ( #2839 ) ;
#6943 = ORIENTED_EDGE ( 'NONE', *, *, #7064, .F. ) ;
#6944 = B_SPLINE_CURVE_WITH_KNOTS ( 'NONE', 3,
 ( #7122, #4910, #477, #521 ),
 .UNSPECIFIED., .F., .F.,
 ( 4, 4 ),
 ( 0.0000000000000000000, 1.000000000000000000 ),
 .UNSPECIFIED. ) ;
#6945 = CARTESIAN_POINT ( 'NONE',  ( -17.14444444444444900, -9.134999999999999800, -14.65961538461538400 ) ) ;
#6946 = MECHANICAL_DESIGN_GEOMETRIC_PRESENTATION_REPRESENTATION (  '', ( #1908 ), #534 ) ;
#6947 = DIRECTION ( 'NONE',  ( 1.000000000000000000, 0.0000000000000000000, 0.0000000000000000000 ) ) ;
#6948 = MECHANICAL_DESIGN_GEOMETRIC_PRESENTATION_REPRESENTATION (  '', ( #2902 ), #6366 ) ;
#6949 = PLANE ( 'NONE',  #1359 ) ;
#6950 = FACE_OUTER_BOUND ( 'NONE', #2119, .T. ) ;
#6951 = UNCERTAINTY_MEASURE_WITH_UNIT (LENGTH_MEASURE( 1.000000000000000100E-005 ), #2845, 'distance_accuracy_value', 'NONE');
#6952 = ORIENTED_EDGE ( 'NONE', *, *, #4651, .F. ) ;
#6953 =( LENGTH_UNIT ( ) NAMED_UNIT ( * ) SI_UNIT ( .MILLI., .METRE. ) );
#6954 = EDGE_LOOP ( 'NONE', ( #5543, #7109, #6342, #4501, #3446, #6049, #211, #3029, #4520, #5216, #1516, #5954, #6380 ) ) ;
#6955 = DIRECTION ( 'NONE',  ( -0.0000000000000000000, -0.0000000000000000000, -1.000000000000000000 ) ) ;
#6956 = DIRECTION ( 'NONE',  ( 0.0000000000000000000, 0.0000000000000000000, -1.000000000000000000 ) ) ;
#6957 = SURFACE_SIDE_STYLE ('',( #2145 ) ) ;
#6958 = CARTESIAN_POINT ( 'NONE',  ( -16.19716684191321900, 0.8649999999999998800, -34.76009617787655500 ) ) ;
#6959 = EDGE_CURVE ( 'NONE', #5898, #2765, #6362, .T. ) ;
#6960 = PRESENTATION_LAYER_ASSIGNMENT (  '', '', ( #4487 ) ) ;
#6961 = EDGE_LOOP ( 'NONE', ( #2614, #4789, #5840, #438 ) ) ;
#6962 = ADVANCED_FACE ( 'NONE', ( #5197 ), #4536, .F. ) ;
#6963 = CARTESIAN_POINT ( 'NONE',  ( -5.042400408945069600, 0.8650000000000003200, 18.11744349335409900 ) ) ;
#6964 = CARTESIAN_POINT ( 'NONE',  ( -6.831133247271061700, 0.8650000000000003200, 17.57000169561520400 ) ) ;
#6965 = DIRECTION ( 'NONE',  ( 0.0000000000000000000, 0.0000000000000000000, 1.000000000000000000 ) ) ;
#6966 = CARTESIAN_POINT ( 'NONE',  ( -4.050786439046619900, 0.8650000000000003200, 17.80630687864909900 ) ) ;
#6967 = ORIENTED_EDGE ( 'NONE', *, *, #764, .T. ) ;
#6968 = FILL_AREA_STYLE ('',( #5795 ) ) ;
#6969 = EDGE_CURVE ( 'NONE', #6834, #1128, #3964, .T. ) ;
#6970 = MECHANICAL_DESIGN_GEOMETRIC_PRESENTATION_REPRESENTATION (  '', ( #5099 ), #1789 ) ;
#6971 = PRESENTATION_STYLE_ASSIGNMENT (( #175 ) ) ;
#6972 = PRESENTATION_LAYER_ASSIGNMENT (  '', '', ( #466 ) ) ;
#6973 = FILL_AREA_STYLE ('',( #2585 ) ) ;
#6974 = COLOUR_RGB ( '',1.000000000000000000, 1.000000000000000000, 1.000000000000000000 ) ;
#6975 = CARTESIAN_POINT ( 'NONE',  ( -12.63754875882007800, 0.8650000000000003200, 17.04545152330944500 ) ) ;
#6976 = ORIENTED_EDGE ( 'NONE', *, *, #6785, .F. ) ;
#6977 =( NAMED_UNIT ( * ) PLANE_ANGLE_UNIT ( ) SI_UNIT ( $, .RADIAN. ) );
#6978 = PRESENTATION_STYLE_ASSIGNMENT (( #4085 ) ) ;
#6979 = EDGE_CURVE ( 'NONE', #6148, #5784, #3796, .T. ) ;
#6980 = CARTESIAN_POINT ( 'NONE',  ( -4.050786439046619900, 0.8653000000000004000, 17.70431948479133400 ) ) ;
#6981 = LINE ( 'NONE', #664, #6058 ) ;
#6982 = CARTESIAN_POINT ( 'NONE',  ( -17.60000000000000100, 0.8650000000000003200, -17.60000000000000100 ) ) ;
#6983 = VERTEX_POINT ( 'NONE', #1796 ) ;
#6984 = ORIENTED_EDGE ( 'NONE', *, *, #925, .T. ) ;
#6985 = PRESENTATION_STYLE_ASSIGNMENT (( #1235 ) ) ;
#6986 = ORIENTED_EDGE ( 'NONE', *, *, #1943, .F. ) ;
#6987 = ORIENTED_EDGE ( 'NONE', *, *, #3060, .T. ) ;
#6988 = CARTESIAN_POINT ( 'NONE',  ( -4.247439589176138100, 0.8650000000000003200, 17.95608755419133500 ) ) ;
#6989 = VERTEX_POINT ( 'NONE', #6751 ) ;
#6990 = MECHANICAL_DESIGN_GEOMETRIC_PRESENTATION_REPRESENTATION (  '', ( #4806 ), #1711 ) ;
#6991 = SURFACE_STYLE_FILL_AREA ( #2215 ) ;
#6992 = DIRECTION ( 'NONE',  ( 1.000000000000000000, 0.0000000000000000000, 0.0000000000000000000 ) ) ;
#6993 = PRESENTATION_LAYER_ASSIGNMENT (  '', '', ( #892 ) ) ;
#6994 = UNCERTAINTY_MEASURE_WITH_UNIT (LENGTH_MEASURE( 1.000000000000000100E-005 ), #6088, 'distance_accuracy_value', 'NONE');
#6995 = ORIENTED_EDGE ( 'NONE', *, *, #4924, .T. ) ;
#6996 = DIRECTION ( 'NONE',  ( 0.0000000000000000000, 0.0000000000000000000, 1.000000000000000000 ) ) ;
#6997 = CARTESIAN_POINT ( 'NONE',  ( -9.013750247222809300, 0.8653000000000004000, 18.03834697636674300 ) ) ;
#6998 = SURFACE_STYLE_FILL_AREA ( #5888 ) ;
#6999 = ADVANCED_FACE ( 'NONE', ( #4840 ), #666, .F. ) ;
#7000 = ORIENTED_EDGE ( 'NONE', *, *, #682, .F. ) ;
#7001 = ORIENTED_EDGE ( 'NONE', *, *, #1433, .F. ) ;
#7002 = ADVANCED_FACE ( 'NONE', ( #1737 ), #5175, .F. ) ;
#7003 =( NAMED_UNIT ( * ) PLANE_ANGLE_UNIT ( ) SI_UNIT ( $, .RADIAN. ) );
#7004 =( GEOMETRIC_REPRESENTATION_CONTEXT ( 3 ) GLOBAL_UNCERTAINTY_ASSIGNED_CONTEXT ( ( #6900 ) ) GLOBAL_UNIT_ASSIGNED_CONTEXT ( ( #1843, #1817, #6234 ) ) REPRESENTATION_CONTEXT ( 'NONE', 'WORKASPACE' ) );
#7005 = ORIENTED_EDGE ( 'NONE', *, *, #142, .F. ) ;
#7006 =( NAMED_UNIT ( * ) PLANE_ANGLE_UNIT ( ) SI_UNIT ( $, .RADIAN. ) );
#7007 = PRESENTATION_LAYER_ASSIGNMENT (  '', '', ( #5789 ) ) ;
#7008 = CARTESIAN_POINT ( 'NONE',  ( -4.819497407893102500, 0.8650000000000003200, 18.03341534530790800 ) ) ;
#7009 = CARTESIAN_POINT ( 'NONE',  ( 17.14347183953325900, 0.8649999999999997700, 0.4731524988100224100 ) ) ;
#7010 = ADVANCED_FACE ( 'NONE', ( #2083 ), #6208, .F. ) ;
#7011 = ORIENTED_EDGE ( 'NONE', *, *, #3011, .F. ) ;
#7012 = FACE_BOUND ( 'NONE', #4721, .T. ) ;
#7013 = PRESENTATION_STYLE_ASSIGNMENT (( #1230 ) ) ;
#7014 = EDGE_CURVE ( 'NONE', #4162, #1479, #1655, .T. ) ;
#7015 = CARTESIAN_POINT ( 'NONE',  ( -8.859375071189683500, 0.8653000000000004000, 17.57000169561520400 ) ) ;
#7016 = DIRECTION ( 'NONE',  ( -1.000000000000000000, 0.0000000000000000000, 0.0000000000000000000 ) ) ;
#7017 = ORIENTED_EDGE ( 'NONE', *, *, #5559, .F. ) ;
#7018 = ADVANCED_FACE ( 'NONE', ( #4410 ), #5721, .F. ) ;
#7019 = CARTESIAN_POINT ( 'NONE',  ( -8.261725682775729500, 0.8653000000000004000, 17.95608755419133500 ) ) ;
#7020 = LINE ( 'NONE', #7107, #5152 ) ;
#7021 = CARTESIAN_POINT ( 'NONE',  ( -3.261014446045409800, 0.8653000000000004000, 17.79613455919440300 ) ) ;
#7022 = PRESENTATION_STYLE_ASSIGNMENT (( #3000 ) ) ;
#7023 = ORIENTED_EDGE ( 'NONE', *, *, #2150, .F. ) ;
#7024 =( LENGTH_UNIT ( ) NAMED_UNIT ( * ) SI_UNIT ( .MILLI., .METRE. ) );
#7025 = EDGE_CURVE ( 'NONE', #1021, #3194, #4292, .T. ) ;
#7026 = DIRECTION ( 'NONE',  ( -1.000000000000000000, 0.0000000000000000000, -0.0000000000000000000 ) ) ;
#7027 = CARTESIAN_POINT ( 'NONE',  ( -8.859375071189683500, 0.8653000000000004000, 17.57000169561520400 ) ) ;
#7028 =( GEOMETRIC_REPRESENTATION_CONTEXT ( 3 ) GLOBAL_UNCERTAINTY_ASSIGNED_CONTEXT ( ( #2851 ) ) GLOBAL_UNIT_ASSIGNED_CONTEXT ( ( #4872, #2012, #2560 ) ) REPRESENTATION_CONTEXT ( 'NONE', 'WORKASPACE' ) );
#7029 = SURFACE_STYLE_FILL_AREA ( #4557 ) ;
#7030 = DIRECTION ( 'NONE',  ( 0.0000000000000000000, 0.0000000000000000000, 1.000000000000000000 ) ) ;
#7031 = FILL_AREA_STYLE_COLOUR ( '', #2323 ) ;
#7032 =( NAMED_UNIT ( * ) PLANE_ANGLE_UNIT ( ) SI_UNIT ( $, .RADIAN. ) );
#7033 =( NAMED_UNIT ( * ) SI_UNIT ( $, .STERADIAN. ) SOLID_ANGLE_UNIT ( ) );
#7034 = ADVANCED_FACE ( 'NONE', ( #162 ), #1709, .T. ) ;
#7035 =( GEOMETRIC_REPRESENTATION_CONTEXT ( 3 ) GLOBAL_UNCERTAINTY_ASSIGNED_CONTEXT ( ( #5355 ) ) GLOBAL_UNIT_ASSIGNED_CONTEXT ( ( #528, #3347, #4434 ) ) REPRESENTATION_CONTEXT ( 'NONE', 'WORKASPACE' ) );
#7036 = MECHANICAL_DESIGN_GEOMETRIC_PRESENTATION_REPRESENTATION (  '', ( #6311 ), #5819 ) ;
#7037 = COLOUR_RGB ( '',0.0000000000000000000, 0.0000000000000000000, 1.000000000000000000 ) ;
#7038 = VECTOR ( 'NONE', #1548, 1000.000000000000000 ) ;
#7039 =( NAMED_UNIT ( * ) SI_UNIT ( $, .STERADIAN. ) SOLID_ANGLE_UNIT ( ) );
#7040 = DIRECTION ( 'NONE',  ( -0.0000000000000000000, 1.000000000000000000, -0.0000000000000000000 ) ) ;
#7041 = FACE_OUTER_BOUND ( 'NONE', #4856, .T. ) ;
#7042 = UNCERTAINTY_MEASURE_WITH_UNIT (LENGTH_MEASURE( 1.000000000000000100E-005 ), #2754, 'distance_accuracy_value', 'NONE');
#7043 = DIRECTION ( 'NONE',  ( -0.0000000000000000000, -1.000000000000000000, -0.0000000000000000000 ) ) ;
#7044 = PRESENTATION_LAYER_ASSIGNMENT (  '', '', ( #5601 ) ) ;
#7045 = ORIENTED_EDGE ( 'NONE', *, *, #332, .F. ) ;
#7046 = CARTESIAN_POINT ( 'NONE',  ( -7.417444033374493100, 0.8650000000000003200, 18.19891092970823700 ) ) ;
#7047 = CARTESIAN_POINT ( 'NONE',  ( -16.79166666666667100, 0.8350000000000000800, -14.14401709401709400 ) ) ;
#7048 = ORIENTED_EDGE ( 'NONE', *, *, #5697, .F. ) ;
#7049 = CARTESIAN_POINT ( 'NONE',  ( -11.02488769279019300, 0.8653000000000004000, 17.13542832098493600 ) ) ;
#7050 = PLANE ( 'NONE',  #4139 ) ;
#7051 = CARTESIAN_POINT ( 'NONE',  ( -10.05238526892099100, 0.8650000000000003200, 18.12470470102213900 ) ) ;
#7052 = AXIS2_PLACEMENT_3D ( 'NONE', #3714, #2665, #3787 ) ;
#7053 = VECTOR ( 'NONE', #5342, 1000.000000000000000 ) ;
#7054 = EDGE_CURVE ( 'NONE', #1331, #2629, #5958, .T. ) ;
#7055 = PRESENTATION_LAYER_ASSIGNMENT (  '', '', ( #4124 ) ) ;
#7056 =( NAMED_UNIT ( * ) SI_UNIT ( $, .STERADIAN. ) SOLID_ANGLE_UNIT ( ) );
#7057 = ORIENTED_EDGE ( 'NONE', *, *, #4121, .T. ) ;
#7058 = ORIENTED_EDGE ( 'NONE', *, *, #3767, .F. ) ;
#7059 =( LENGTH_UNIT ( ) NAMED_UNIT ( * ) SI_UNIT ( .MILLI., .METRE. ) );
#7060 = SURFACE_STYLE_USAGE ( .BOTH. , #5989 ) ;
#7061 = FILL_AREA_STYLE_COLOUR ( '', #2022 ) ;
#7062 = LINE ( 'NONE', #4737, #5881 ) ;
#7063 =( LENGTH_UNIT ( ) NAMED_UNIT ( * ) SI_UNIT ( .MILLI., .METRE. ) );
#7064 = EDGE_CURVE ( 'NONE', #4029, #5276, #750, .T. ) ;
#7065 = VERTEX_POINT ( 'NONE', #7046 ) ;
#7066 = ADVANCED_FACE ( 'NONE', ( #1395 ), #5451, .T. ) ;
#7067 = STYLED_ITEM ( 'NONE', ( #6971 ), #4851 ) ;
#7068 =( GEOMETRIC_REPRESENTATION_CONTEXT ( 3 ) GLOBAL_UNCERTAINTY_ASSIGNED_CONTEXT ( ( #4728 ) ) GLOBAL_UNIT_ASSIGNED_CONTEXT ( ( #3939, #1143, #6620 ) ) REPRESENTATION_CONTEXT ( 'NONE', 'WORKASPACE' ) );
#7069 = DIRECTION ( 'NONE',  ( 0.0000000000000000000, 0.0000000000000000000, 1.000000000000000000 ) ) ;
#7070 = SURFACE_SIDE_STYLE ('',( #2407 ) ) ;
#7071 = VERTEX_POINT ( 'NONE', #4257 ) ;
#7072 = CARTESIAN_POINT ( 'NONE',  ( -8.108318048052650400, 0.8653000000000004000, 18.18092874601748900 ) ) ;
#7073 = LINE ( 'NONE', #6672, #6719 ) ;
#7074 = DIRECTION ( 'NONE',  ( 0.0000000000000000000, -0.0000000000000000000, 1.000000000000000000 ) ) ;
#7075 = ORIENTED_EDGE ( 'NONE', *, *, #4361, .T. ) ;
#7076 = CARTESIAN_POINT ( 'NONE',  ( -10.05238526892099100, 0.8653000000000004000, 18.12470470102213900 ) ) ;
#7077 = VECTOR ( 'NONE', #4905, 1000.000000000000000 ) ;
#7078 = FILL_AREA_STYLE ('',( #6001 ) ) ;
#7079 = PLANE ( 'NONE',  #6820 ) ;
#7080 =( GEOMETRIC_REPRESENTATION_CONTEXT ( 3 ) GLOBAL_UNCERTAINTY_ASSIGNED_CONTEXT ( ( #1183 ) ) GLOBAL_UNIT_ASSIGNED_CONTEXT ( ( #5160, #5744, #1837 ) ) REPRESENTATION_CONTEXT ( 'NONE', 'WORKASPACE' ) );
#7081 = FILL_AREA_STYLE_COLOUR ( '', #1761 ) ;
#7082 = CARTESIAN_POINT ( 'NONE',  ( -11.02488769279019300, 0.8650000000000003200, 17.13542832098493600 ) ) ;
#7083 =( NAMED_UNIT ( * ) PLANE_ANGLE_UNIT ( ) SI_UNIT ( $, .RADIAN. ) );
#7084 = PRESENTATION_STYLE_ASSIGNMENT (( #1159 ) ) ;
#7085 = ORIENTED_EDGE ( 'NONE', *, *, #4787, .F. ) ;
#7086 = ORIENTED_EDGE ( 'NONE', *, *, #5247, .F. ) ;
#7087 = UNCERTAINTY_MEASURE_WITH_UNIT (LENGTH_MEASURE( 1.000000000000000100E-005 ), #4994, 'distance_accuracy_value', 'NONE');
#7088 = CARTESIAN_POINT ( 'NONE',  ( 19.00000000000000700, 0.0000000000000000000, 19.00000000000000400 ) ) ;
#7089 = COLOUR_RGB ( '',0.0000000000000000000, 0.0000000000000000000, 1.000000000000000000 ) ;
#7090 = ORIENTED_EDGE ( 'NONE', *, *, #879, .T. ) ;
#7091 = STYLED_ITEM ( 'NONE', ( #2112 ), #1827 ) ;
#7092 =( LENGTH_UNIT ( ) NAMED_UNIT ( * ) SI_UNIT ( .MILLI., .METRE. ) );
#7093 = VERTEX_POINT ( 'NONE', #6002 ) ;
#7094 = STYLED_ITEM ( 'NONE', ( #6985 ), #6374 ) ;
#7095 = ADVANCED_FACE ( 'NONE', ( #1296 ), #7079, .F. ) ;
#7096 = LINE ( 'NONE', #2141, #1146 ) ;
#7097 = CARTESIAN_POINT ( 'NONE',  ( -3.805246575660643100, 0.8653000000000004000, 17.70431948479133400 ) ) ;
#7098 = CARTESIAN_POINT ( 'NONE',  ( -12.33102982764171300, 0.8653000000000004000, 17.76843485061926800 ) ) ;
#7099 = LINE ( 'NONE', #2098, #5498 ) ;
#7100 = CARTESIAN_POINT ( 'NONE',  ( -7.126512366852235700, 0.8653000000000004000, 17.57000169561520400 ) ) ;
#7101 = LINE ( 'NONE', #2916, #5581 ) ;
#7102 = CARTESIAN_POINT ( 'NONE',  ( -3.805246575660643100, 0.8653000000000004000, 17.95608755419133500 ) ) ;
#7103 = EDGE_CURVE ( 'NONE', #931, #6402, #484, .T. ) ;
#7104 = MECHANICAL_DESIGN_GEOMETRIC_PRESENTATION_REPRESENTATION (  '', ( #1198 ), #960 ) ;
#7105 = CARTESIAN_POINT ( 'NONE',  ( 14.60000000000000100, 0.8650000000000003200, 16.19999999999999900 ) ) ;
#7106 = DIRECTION ( 'NONE',  ( -0.0000000000000000000, -1.000000000000000000, -0.0000000000000000000 ) ) ;
#7107 = CARTESIAN_POINT ( 'NONE',  ( -12.18346340461477300, 0.8653000000000004000, 17.86572192957769200 ) ) ;
#7108 = LINE ( 'NONE', #5360, #4888 ) ;
#7109 = ORIENTED_EDGE ( 'NONE', *, *, #4024, .T. ) ;
#7110 = EDGE_CURVE ( 'NONE', #1616, #1290, #2755, .T. ) ;
#7111 = CARTESIAN_POINT ( 'NONE',  ( -11.56451976543143600, 0.8650000000000003200, 18.55149399258303000 ) ) ;
#7112 = CARTESIAN_POINT ( 'NONE',  ( -10.11630518186262700, 0.8653000000000004000, 18.17812954696020000 ) ) ;
#7113 = PLANE ( 'NONE',  #5852 ) ;
#7114 = VECTOR ( 'NONE', #6335, 1000.000000000000000 ) ;
#7115 = CARTESIAN_POINT ( 'NONE',  ( -4.440561772358937500, 0.8653000000000004000, 18.19891092970823700 ) ) ;
#7116 = CARTESIAN_POINT ( 'NONE',  ( -12.18346340461477300, 0.8650000000000003200, 17.87551710783972700 ) ) ;
#7117 = EDGE_CURVE ( 'NONE', #6556, #1242, #6043, .T. ) ;
#7118 = CARTESIAN_POINT ( 'NONE',  ( -11.35694869901765500, 0.8650000000000003200, 18.35180538768315700 ) ) ;
#7119 = CARTESIAN_POINT ( 'NONE',  ( 0.0000000000000000000, 0.8350000000000000800, 0.0000000000000000000 ) ) ;
#7120 = SURFACE_STYLE_FILL_AREA ( #3597 ) ;
#7121 = CARTESIAN_POINT ( 'NONE',  ( -8.792212574838377000, 0.8653000000000004000, 18.19408581847879700 ) ) ;
#7122 = CARTESIAN_POINT ( 'NONE',  ( -12.18346340461477300, 0.8650000000000003200, 17.86572192957769200 ) ) ;
#7123 =( LENGTH_UNIT ( ) NAMED_UNIT ( * ) SI_UNIT ( .MILLI., .METRE. ) );
#7124 = EDGE_LOOP ( 'NONE', ( #3371, #6740, #4281, #6688 ) ) ;
#7125 = DIRECTION ( 'NONE',  ( 0.0000000000000000000, -1.000000000000000000, 0.0000000000000000000 ) ) ;
#7126 = AXIS2_PLACEMENT_3D ( 'NONE', #5017, #2870, #3436 ) ;
#7127 = SURFACE_STYLE_USAGE ( .BOTH. , #3868 ) ;
#7128 = ORIENTED_EDGE ( 'NONE', *, *, #4817, .F. ) ;
#7129 =( GEOMETRIC_REPRESENTATION_CONTEXT ( 3 ) GLOBAL_UNCERTAINTY_ASSIGNED_CONTEXT ( ( #5219 ) ) GLOBAL_UNIT_ASSIGNED_CONTEXT ( ( #5529, #6599, #3306 ) ) REPRESENTATION_CONTEXT ( 'NONE', 'WORKASPACE' ) );
#7130 = LINE ( 'NONE', #423, #237 ) ;
#7131 = CARTESIAN_POINT ( 'NONE',  ( -12.20072210546603800, 0.8650000000000003200, 17.87908057078369900 ) ) ;
#7132 = CARTESIAN_POINT ( 'NONE',  ( -10.11630518186262900, 0.8650000000000003200, 18.17812954696020000 ) ) ;
#7133 = CARTESIAN_POINT ( 'NONE',  ( -4.440561772358937500, 0.8650000000000003200, 18.19891092970823700 ) ) ;
#7134 = ORIENTED_EDGE ( 'NONE', *, *, #1220, .F. ) ;
#7135 = EDGE_LOOP ( 'NONE', ( #675, #1141 ) ) ;
#7136 = VECTOR ( 'NONE', #6337, 1000.000000000000000 ) ;
#7137 = CARTESIAN_POINT ( 'NONE',  ( -17.40000000000000200, 0.8650000000000003200, -17.40000000000000200 ) ) ;
#7138 = MECHANICAL_DESIGN_GEOMETRIC_PRESENTATION_REPRESENTATION (  '', ( #5696 ), #7004 ) ;
#7139 = PRESENTATION_LAYER_ASSIGNMENT (  '', '', ( #1594 ) ) ;
#7140 = SURFACE_STYLE_USAGE ( .BOTH. , #4447 ) ;
#7141 = ORIENTED_EDGE ( 'NONE', *, *, #3427, .F. ) ;
#7142 = ORIENTED_EDGE ( 'NONE', *, *, #1868, .F. ) ;
#7143 = FILL_AREA_STYLE ('',( #4953 ) ) ;
#7144 = VECTOR ( 'NONE', #1517, 1000.000000000000000 ) ;
#7145 = FILL_AREA_STYLE_COLOUR ( '', #1599 ) ;
#7146 = CARTESIAN_POINT ( 'NONE',  ( 17.40000000000000600, 0.8350000000000000800, 16.00000000000000000 ) ) ;
#7147 = VERTEX_POINT ( 'NONE', #430 ) ;
#7148 = EDGE_CURVE ( 'NONE', #2631, #2581, #579, .T. ) ;
#7149 = DIRECTION ( 'NONE',  ( 0.0000000000000000000, 1.000000000000000000, -0.0000000000000000000 ) ) ;
#7150 = SURFACE_STYLE_FILL_AREA ( #236 ) ;
ENDSEC;
END-ISO-10303-21;
