ISO-10303-21;
HEADER;
FILE_DESCRIPTION (( 'STEP AP203' ),
    '1' );
FILE_NAME ('E3FA_DN25.step',
    '2013-10-29T04:46:10',
    ( 'OSMC1.0   匠エンジニアリング山之内' ),
    ( 'TAKUMI-Engniaring' ),
    'SwSTEP 2.0',
    'SolidWorks 2002025',
    '' );
FILE_SCHEMA (( 'CONFIG_CONTROL_DESIGN' ));
ENDSEC;

DATA;
#1 = EDGE_LOOP ( 'NONE', ( #44, #235, #12, #97 ) ) ;
#2 = ORIENTED_EDGE ( 'NONE', *, *, #607, .T. ) ;
#3 = ORIENTED_EDGE ( 'NONE', *, *, #4600, .F. ) ;
#4 = ORIENTED_EDGE ( 'NONE', *, *, #33, .T. ) ;
#5 = ORIENTED_EDGE ( 'NONE', *, *, #29, .F. ) ;
#6 = ORIENTED_EDGE ( 'NONE', *, *, #2040, .T. ) ;
#7 = ORIENTED_EDGE ( 'NONE', *, *, #4909, .T. ) ;
#8 = ORIENTED_EDGE ( 'NONE', *, *, #2004, .T. ) ;
#9 = EDGE_CURVE ( 'NONE', #28, #5143, #650, .T. ) ;
#10 = EDGE_LOOP ( 'NONE', ( #4727, #4607, #4324, #5183 ) ) ;
#11 = ORIENTED_EDGE ( 'NONE', *, *, #2885, .F. ) ;
#12 = ORIENTED_EDGE ( 'NONE', *, *, #37, .T. ) ;
#13 = ORIENTED_EDGE ( 'NONE', *, *, #45, .F. ) ;
#14 = ADVANCED_FACE ( 'NONE', ( #655, #656 ), #657, .F. ) ;
#15 = ORIENTED_EDGE ( 'NONE', *, *, #1726, .T. ) ;
#16 = EDGE_CURVE ( 'NONE', #1540, #3514, #662, .T. ) ;
#17 = EDGE_LOOP ( 'NONE', ( #434, #5204, #22, #2095 ) ) ;
#18 = ORIENTED_EDGE ( 'NONE', *, *, #5061, .T. ) ;
#19 = EDGE_LOOP ( 'NONE', ( #712, #627, #4893, #3 ) ) ;
#20 = ORIENTED_EDGE ( 'NONE', *, *, #5047, .T. ) ;
#21 = ORIENTED_EDGE ( 'NONE', *, *, #4572, .T. ) ;
#22 = ORIENTED_EDGE ( 'NONE', *, *, #38, .T. ) ;
#23 = EDGE_CURVE ( 'NONE', #5174, #53, #694, .T. ) ;
#24 = ORIENTED_EDGE ( 'NONE', *, *, #5061, .F. ) ;
#25 = ORIENTED_EDGE ( 'NONE', *, *, #4882, .F. ) ;
#26 = EDGE_LOOP ( 'NONE', ( #4487, #4575, #4635, #4668 ) ) ;
#27 = EDGE_LOOP ( 'NONE', ( #4579, #4665, #4717, #4974, #1781, #2521 ) ) ;
#28 = VERTEX_POINT ( 'NONE', #706 ) ;
#29 = EDGE_CURVE ( 'NONE', #59, #82, #717, .T. ) ;
#30 = ORIENTED_EDGE ( 'NONE', *, *, #315, .F. ) ;
#31 = ORIENTED_EDGE ( 'NONE', *, *, #115, .F. ) ;
#32 = ORIENTED_EDGE ( 'NONE', *, *, #50, .T. ) ;
#33 = EDGE_CURVE ( 'NONE', #5189, #39, #721, .T. ) ;
#34 = EDGE_CURVE ( 'NONE', #572, #359, #725, .T. ) ;
#35 = ADVANCED_FACE ( 'NONE', ( #729 ), #731, .F. ) ;
#36 = ADVANCED_FACE ( 'NONE', ( #736 ), #737, .T. ) ;
#37 = EDGE_CURVE ( 'NONE', #293, #61, #742, .T. ) ;
#38 = EDGE_CURVE ( 'NONE', #2919, #4805, #746, .T. ) ;
#39 = VERTEX_POINT ( 'NONE', #753 ) ;
#40 = EDGE_LOOP ( 'NONE', ( #388, #5172, #503, #203 ) ) ;
#41 = EDGE_LOOP ( 'NONE', ( #48, #77, #466, #540 ) ) ;
#42 = ORIENTED_EDGE ( 'NONE', *, *, #75, .T. ) ;
#43 = ADVANCED_FACE ( 'NONE', ( #766 ), #767, .F. ) ;
#44 = ORIENTED_EDGE ( 'NONE', *, *, #118, .T. ) ;
#45 = EDGE_CURVE ( 'NONE', #73, #424, #772, .T. ) ;
#46 = ADVANCED_FACE ( 'NONE', ( #777 ), #778, .T. ) ;
#47 = ORIENTED_EDGE ( 'NONE', *, *, #4451, .T. ) ;
#48 = ORIENTED_EDGE ( 'NONE', *, *, #4720, .T. ) ;
#49 = ORIENTED_EDGE ( 'NONE', *, *, #5011, .T. ) ;
#50 = EDGE_CURVE ( 'NONE', #214, #5112, #787, .T. ) ;
#51 = ORIENTED_EDGE ( 'NONE', *, *, #4687, .F. ) ;
#52 = ORIENTED_EDGE ( 'NONE', *, *, #325, .F. ) ;
#53 = VERTEX_POINT ( 'NONE', #795 ) ;
#54 = ORIENTED_EDGE ( 'NONE', *, *, #5012, .F. ) ;
#55 = EDGE_CURVE ( 'NONE', #80, #4866, #796, .T. ) ;
#56 = ORIENTED_EDGE ( 'NONE', *, *, #1894, .T. ) ;
#57 = ORIENTED_EDGE ( 'NONE', *, *, #55, .F. ) ;
#58 = ORIENTED_EDGE ( 'NONE', *, *, #86, .F. ) ;
#59 = VERTEX_POINT ( 'NONE', #813 ) ;
#60 = EDGE_LOOP ( 'NONE', ( #2483, #3623, #4641, #4836 ) ) ;
#61 = VERTEX_POINT ( 'NONE', #814 ) ;
#62 = ORIENTED_EDGE ( 'NONE', *, *, #1912, .T. ) ;
#63 = ADVANCED_FACE ( 'NONE', ( #815 ), #820, .F. ) ;
#64 = ORIENTED_EDGE ( 'NONE', *, *, #4181, .T. ) ;
#65 = ADVANCED_FACE ( 'NONE', ( #832 ), #833, .F. ) ;
#66 = ADVANCED_FACE ( 'NONE', ( #844 ), #845, .F. ) ;
#67 = EDGE_LOOP ( 'NONE', ( #3808, #4271, #4568, #134 ) ) ;
#68 = ORIENTED_EDGE ( 'NONE', *, *, #3587, .T. ) ;
#69 = ORIENTED_EDGE ( 'NONE', *, *, #4853, .F. ) ;
#70 = ORIENTED_EDGE ( 'NONE', *, *, #5205, .F. ) ;
#71 = ORIENTED_EDGE ( 'NONE', *, *, #941, .F. ) ;
#72 = EDGE_LOOP ( 'NONE', ( #103, #157, #205, #281, #361 ) ) ;
#73 = VERTEX_POINT ( 'NONE', #858 ) ;
#74 = VERTEX_POINT ( 'NONE', #859 ) ;
#75 = EDGE_CURVE ( 'NONE', #2485, #92, #860, .T. ) ;
#76 = EDGE_LOOP ( 'NONE', ( #5026, #5114, #5147, #4906, #4938, #2412 ) ) ;
#77 = ORIENTED_EDGE ( 'NONE', *, *, #343, .F. ) ;
#78 = VERTEX_POINT ( 'NONE', #874 ) ;
#79 = ORIENTED_EDGE ( 'NONE', *, *, #5011, .F. ) ;
#80 = VERTEX_POINT ( 'NONE', #876 ) ;
#81 = ADVANCED_FACE ( 'NONE', ( #877 ), #878, .F. ) ;
#82 = VERTEX_POINT ( 'NONE', #883 ) ;
#83 = ORIENTED_EDGE ( 'NONE', *, *, #941, .T. ) ;
#84 = ORIENTED_EDGE ( 'NONE', *, *, #104, .T. ) ;
#85 = ORIENTED_EDGE ( 'NONE', *, *, #94, .T. ) ;
#86 = EDGE_CURVE ( 'NONE', #82, #5232, #904, .T. ) ;
#87 = ORIENTED_EDGE ( 'NONE', *, *, #183, .F. ) ;
#88 = ADVANCED_FACE ( 'NONE', ( #911 ), #912, .T. ) ;
#89 = ORIENTED_EDGE ( 'NONE', *, *, #622, .T. ) ;
#90 = ORIENTED_EDGE ( 'NONE', *, *, #207, .T. ) ;
#91 = EDGE_CURVE ( 'NONE', #602, #576, #924, .T. ) ;
#92 = VERTEX_POINT ( 'NONE', #929 ) ;
#93 = EDGE_LOOP ( 'NONE', ( #3966, #288, #317, #5010 ) ) ;
#94 = EDGE_CURVE ( 'NONE', #3549, #1934, #953, .T. ) ;
#95 = EDGE_CURVE ( 'NONE', #4520, #5232, #957, .T. ) ;
#96 = ORIENTED_EDGE ( 'NONE', *, *, #4622, .T. ) ;
#97 = ORIENTED_EDGE ( 'NONE', *, *, #129, .T. ) ;
#98 = ORIENTED_EDGE ( 'NONE', *, *, #127, .T. ) ;
#99 = EDGE_LOOP ( 'NONE', ( #4861, #4889, #4904, #4756, #4823, #4681, #4741 ) ) ;
#100 = ORIENTED_EDGE ( 'NONE', *, *, #5145, .T. ) ;
#101 = ORIENTED_EDGE ( 'NONE', *, *, #135, .T. ) ;
#102 = ORIENTED_EDGE ( 'NONE', *, *, #139, .T. ) ;
#103 = ORIENTED_EDGE ( 'NONE', *, *, #237, .T. ) ;
#104 = EDGE_CURVE ( 'NONE', #39, #5050, #979, .T. ) ;
#105 = ORIENTED_EDGE ( 'NONE', *, *, #140, .T. ) ;
#106 = ORIENTED_EDGE ( 'NONE', *, *, #543, .F. ) ;
#107 = EDGE_CURVE ( 'NONE', #1763, #359, #998, .T. ) ;
#108 = ORIENTED_EDGE ( 'NONE', *, *, #123, .F. ) ;
#109 = MANIFOLD_SOLID_BREP ( 'NONE', #4726 ) ;
#110 = ADVANCED_FACE ( 'NONE', ( #1003 ), #1004, .F. ) ;
#111 = ORIENTED_EDGE ( 'NONE', *, *, #147, .T. ) ;
#112 = EDGE_CURVE ( 'NONE', #3766, #4019, #1009, .T. ) ;
#113 = ORIENTED_EDGE ( 'NONE', *, *, #1726, .F. ) ;
#114 = ORIENTED_EDGE ( 'NONE', *, *, #4545, .T. ) ;
#115 = EDGE_CURVE ( 'NONE', #4946, #133, #1021, .T. ) ;
#116 = ORIENTED_EDGE ( 'NONE', *, *, #154, .T. ) ;
#117 = ORIENTED_EDGE ( 'NONE', *, *, #5034, .T. ) ;
#118 = EDGE_CURVE ( 'NONE', #143, #170, #1025, .T. ) ;
#119 = ORIENTED_EDGE ( 'NONE', *, *, #4548, .T. ) ;
#120 = ORIENTED_EDGE ( 'NONE', *, *, #2447, .T. ) ;
#121 = EDGE_LOOP ( 'NONE', ( #219, #275, #324, #5158, #1840, #2631, #612, #710 ) ) ;
#122 = ORIENTED_EDGE ( 'NONE', *, *, #429, .T. ) ;
#123 = EDGE_CURVE ( 'NONE', #186, #4950, #1030, .T. ) ;
#124 = ORIENTED_EDGE ( 'NONE', *, *, #33, .F. ) ;
#125 = ORIENTED_EDGE ( 'NONE', *, *, #160, .T. ) ;
#126 = ORIENTED_EDGE ( 'NONE', *, *, #162, .T. ) ;
#127 = EDGE_CURVE ( 'NONE', #356, #4695, #1054, .T. ) ;
#128 = ORIENTED_EDGE ( 'NONE', *, *, #167, .T. ) ;
#129 = EDGE_CURVE ( 'NONE', #61, #143, #1058, .T. ) ;
#130 = EDGE_CURVE ( 'NONE', #150, #547, #1064, .T. ) ;
#131 = ORIENTED_EDGE ( 'NONE', *, *, #169, .T. ) ;
#132 = ORIENTED_EDGE ( 'NONE', *, *, #565, .T. ) ;
#133 = VERTEX_POINT ( 'NONE', #1077 ) ;
#134 = ORIENTED_EDGE ( 'NONE', *, *, #2704, .T. ) ;
#135 = EDGE_CURVE ( 'NONE', #1149, #163, #1078, .T. ) ;
#136 = ADVANCED_FACE ( 'NONE', ( #1084 ), #1085, .F. ) ;
#137 = ORIENTED_EDGE ( 'NONE', *, *, #504, .T. ) ;
#138 = ORIENTED_EDGE ( 'NONE', *, *, #3787, .F. ) ;
#139 = EDGE_CURVE ( 'NONE', #1805, #165, #1110, .T. ) ;
#140 = EDGE_CURVE ( 'NONE', #5040, #172, #1116, .T. ) ;
#141 = ORIENTED_EDGE ( 'NONE', *, *, #181, .F. ) ;
#142 = ORIENTED_EDGE ( 'NONE', *, *, #4696, .T. ) ;
#143 = VERTEX_POINT ( 'NONE', #1127 ) ;
#144 = ORIENTED_EDGE ( 'NONE', *, *, #375, .F. ) ;
#145 = EDGE_LOOP ( 'NONE', ( #5150, #301, #4613, #468 ) ) ;
#146 = ORIENTED_EDGE ( 'NONE', *, *, #992, .T. ) ;
#147 = EDGE_CURVE ( 'NONE', #80, #5190, #1141, .T. ) ;
#148 = ORIENTED_EDGE ( 'NONE', *, *, #34, .F. ) ;
#149 = EDGE_CURVE ( 'NONE', #5050, #676, #1152, .T. ) ;
#150 = VERTEX_POINT ( 'NONE', #1156 ) ;
#151 = ORIENTED_EDGE ( 'NONE', *, *, #184, .F. ) ;
#152 = ORIENTED_EDGE ( 'NONE', *, *, #4902, .T. ) ;
#153 = ORIENTED_EDGE ( 'NONE', *, *, #4576, .T. ) ;
#154 = EDGE_CURVE ( 'NONE', #171, #4648, #1157, .T. ) ;
#155 = EDGE_LOOP ( 'NONE', ( #198, #1761, #2238, #2867, #5081, #5140, #5203, #8 ) ) ;
#156 = EDGE_CURVE ( 'NONE', #4890, #2502, #1162, .T. ) ;
#157 = ORIENTED_EDGE ( 'NONE', *, *, #5175, .T. ) ;
#158 = ORIENTED_EDGE ( 'NONE', *, *, #189, .T. ) ;
#159 = VERTEX_POINT ( 'NONE', #1178 ) ;
#160 = EDGE_CURVE ( 'NONE', #5013, #5227, #1179, .T. ) ;
#161 = ADVANCED_FACE ( 'NONE', ( #1191 ), #1192, .F. ) ;
#162 = EDGE_CURVE ( 'NONE', #5190, #214, #1204, .T. ) ;
#163 = VERTEX_POINT ( 'NONE', #1212 ) ;
#164 = ADVANCED_FACE ( 'NONE', ( #1213 ), #1214, .F. ) ;
#165 = VERTEX_POINT ( 'NONE', #1222 ) ;
#166 = ORIENTED_EDGE ( 'NONE', *, *, #3181, .T. ) ;
#167 = EDGE_CURVE ( 'NONE', #4738, #186, #1223, .T. ) ;
#168 = EDGE_CURVE ( 'NONE', #1893, #4806, #1229, .T. ) ;
#169 = EDGE_CURVE ( 'NONE', #92, #5102, #1233, .T. ) ;
#170 = VERTEX_POINT ( 'NONE', #1239 ) ;
#171 = VERTEX_POINT ( 'NONE', #1246 ) ;
#172 = VERTEX_POINT ( 'NONE', #1247 ) ;
#173 = ORIENTED_EDGE ( 'NONE', *, *, #201, .T. ) ;
#174 = EDGE_LOOP ( 'NONE', ( #215, #624, #836, #1595 ) ) ;
#175 = EDGE_LOOP ( 'NONE', ( #240, #291, #344, #372 ) ) ;
#176 = EDGE_LOOP ( 'NONE', ( #5131, #433, #4690, #2299, #4777, #4871 ) ) ;
#177 = ORIENTED_EDGE ( 'NONE', *, *, #4604, .T. ) ;
#178 = ORIENTED_EDGE ( 'NONE', *, *, #207, .F. ) ;
#179 = ORIENTED_EDGE ( 'NONE', *, *, #1305, .F. ) ;
#180 = ORIENTED_EDGE ( 'NONE', *, *, #2280, .F. ) ;
#181 = EDGE_CURVE ( 'NONE', #202, #4651, #1273, .T. ) ;
#182 = ORIENTED_EDGE ( 'NONE', *, *, #4653, .F. ) ;
#183 = EDGE_CURVE ( 'NONE', #4908, #1763, #1285, .T. ) ;
#184 = EDGE_CURVE ( 'NONE', #209, #481, #1289, .T. ) ;
#185 = ORIENTED_EDGE ( 'NONE', *, *, #195, .F. ) ;
#186 = VERTEX_POINT ( 'NONE', #1294 ) ;
#187 = ORIENTED_EDGE ( 'NONE', *, *, #224, .F. ) ;
#188 = EDGE_LOOP ( 'NONE', ( #158, #283, #338, #126 ) ) ;
#189 = EDGE_CURVE ( 'NONE', #214, #4775, #1296, .T. ) ;
#190 = ORIENTED_EDGE ( 'NONE', *, *, #4917, .T. ) ;
#191 = EDGE_LOOP ( 'NONE', ( #515, #567, #595, #4919 ) ) ;
#192 = ADVANCED_FACE ( 'NONE', ( #1315 ), #1316, .T. ) ;
#193 = ORIENTED_EDGE ( 'NONE', *, *, #233, .T. ) ;
#194 = ORIENTED_EDGE ( 'NONE', *, *, #5185, .T. ) ;
#195 = EDGE_CURVE ( 'NONE', #222, #230, #1344, .T. ) ;
#196 = EDGE_LOOP ( 'NONE', ( #249, #299, #1559, #2355 ) ) ;
#197 = ORIENTED_EDGE ( 'NONE', *, *, #104, .F. ) ;
#198 = ORIENTED_EDGE ( 'NONE', *, *, #1305, .T. ) ;
#199 = ORIENTED_EDGE ( 'NONE', *, *, #276, .T. ) ;
#200 = EDGE_CURVE ( 'NONE', #1934, #230, #1378, .T. ) ;
#201 = EDGE_CURVE ( 'NONE', #262, #234, #1383, .T. ) ;
#202 = VERTEX_POINT ( 'NONE', #1387 ) ;
#203 = ORIENTED_EDGE ( 'NONE', *, *, #5138, .T. ) ;
#204 = EDGE_LOOP ( 'NONE', ( #258, #5164, #5224, #32 ) ) ;
#205 = ORIENTED_EDGE ( 'NONE', *, *, #244, .T. ) ;
#206 = ORIENTED_EDGE ( 'NONE', *, *, #245, .F. ) ;
#207 = EDGE_CURVE ( 'NONE', #238, #4651, #1390, .T. ) ;
#208 = EDGE_LOOP ( 'NONE', ( #4951, #4991, #105, #3586, #4306 ) ) ;
#209 = VERTEX_POINT ( 'NONE', #1414 ) ;
#210 = ORIENTED_EDGE ( 'NONE', *, *, #5193, .T. ) ;
#211 = EDGE_CURVE ( 'NONE', #241, #3807, #1415, .T. ) ;
#212 = ORIENTED_EDGE ( 'NONE', *, *, #227, .T. ) ;
#213 = ORIENTED_EDGE ( 'NONE', *, *, #4902, .F. ) ;
#214 = VERTEX_POINT ( 'NONE', #1443 ) ;
#215 = ORIENTED_EDGE ( 'NONE', *, *, #596, .F. ) ;
#216 = EDGE_CURVE ( 'NONE', #4019, #5235, #1469, .T. ) ;
#217 = EDGE_CURVE ( 'NONE', #4865, #4921, #1474, .T. ) ;
#218 = ORIENTED_EDGE ( 'NONE', *, *, #1463, .F. ) ;
#219 = ORIENTED_EDGE ( 'NONE', *, *, #748, .F. ) ;
#220 = ORIENTED_EDGE ( 'NONE', *, *, #255, .F. ) ;
#221 = ADVANCED_FACE ( 'NONE', ( #1504 ), #1505, .F. ) ;
#222 = VERTEX_POINT ( 'NONE', #1515 ) ;
#223 = ORIENTED_EDGE ( 'NONE', *, *, #263, .F. ) ;
#224 = EDGE_CURVE ( 'NONE', #5108, #5015, #1526, .T. ) ;
#225 = EDGE_LOOP ( 'NONE', ( #79, #4923 ) ) ;
#226 = ORIENTED_EDGE ( 'NONE', *, *, #4647, .F. ) ;
#227 = EDGE_CURVE ( 'NONE', #165, #3320, #1551, .T. ) ;
#228 = ADVANCED_FACE ( 'NONE', ( #1555 ), #1556, .T. ) ;
#229 = ORIENTED_EDGE ( 'NONE', *, *, #4589, .T. ) ;
#230 = VERTEX_POINT ( 'NONE', #1563 ) ;
#231 = ORIENTED_EDGE ( 'NONE', *, *, #379, .T. ) ;
#232 = ADVANCED_FACE ( 'NONE', ( #1564 ), #1565, .F. ) ;
#233 = EDGE_CURVE ( 'NONE', #532, #257, #1570, .T. ) ;
#234 = VERTEX_POINT ( 'NONE', #1575 ) ;
#235 = ORIENTED_EDGE ( 'NONE', *, *, #267, .T. ) ;
#236 = ADVANCED_FACE ( 'NONE', ( #1579 ), #1580, .F. ) ;
#237 = EDGE_CURVE ( 'NONE', #262, #5077, #1585, .T. ) ;
#238 = VERTEX_POINT ( 'NONE', #1609 ) ;
#239 = ADVANCED_FACE ( 'NONE', ( #1635 ), #1636, .T. ) ;
#240 = ORIENTED_EDGE ( 'NONE', *, *, #4880, .T. ) ;
#241 = VERTEX_POINT ( 'NONE', #1646 ) ;
#242 = ORIENTED_EDGE ( 'NONE', *, *, #2561, .T. ) ;
#243 = ORIENTED_EDGE ( 'NONE', *, *, #586, .F. ) ;
#244 = EDGE_CURVE ( 'NONE', #5130, #269, #1647, .T. ) ;
#245 = EDGE_CURVE ( 'NONE', #270, #159, #1655, .T. ) ;
#246 = EDGE_LOOP ( 'NONE', ( #296, #329, #4728, #4793, #4830, #4854 ) ) ;
#247 = ORIENTED_EDGE ( 'NONE', *, *, #610, .F. ) ;
#248 = ORIENTED_EDGE ( 'NONE', *, *, #4326, .T. ) ;
#249 = ORIENTED_EDGE ( 'NONE', *, *, #95, .F. ) ;
#250 = ORIENTED_EDGE ( 'NONE', *, *, #259, .F. ) ;
#251 = ORIENTED_EDGE ( 'NONE', *, *, #287, .T. ) ;
#252 = ADVANCED_FACE ( 'NONE', ( #1715 ), #1716, .T. ) ;
#253 = ADVANCED_FACE ( 'NONE', ( #1721 ), #1722, .F. ) ;
#254 = ORIENTED_EDGE ( 'NONE', *, *, #385, .F. ) ;
#255 = EDGE_CURVE ( 'NONE', #4491, #2239, #1732, .T. ) ;
#256 = VERTEX_POINT ( 'NONE', #1736 ) ;
#257 = VERTEX_POINT ( 'NONE', #1741 ) ;
#258 = ORIENTED_EDGE ( 'NONE', *, *, #272, .T. ) ;
#259 = EDGE_CURVE ( 'NONE', #286, #4978, #1742, .T. ) ;
#260 = ADVANCED_FACE ( 'NONE', ( #1751 ), #1752, .T. ) ;
#261 = ORIENTED_EDGE ( 'NONE', *, *, #294, .F. ) ;
#262 = VERTEX_POINT ( 'NONE', #1774 ) ;
#263 = EDGE_CURVE ( 'NONE', #143, #4534, #1789, .T. ) ;
#264 = ORIENTED_EDGE ( 'NONE', *, *, #441, .T. ) ;
#265 = ORIENTED_EDGE ( 'NONE', *, *, #217, .T. ) ;
#266 = ORIENTED_EDGE ( 'NONE', *, *, #5020, .F. ) ;
#267 = EDGE_CURVE ( 'NONE', #170, #293, #1812, .T. ) ;
#268 = EDGE_LOOP ( 'NONE', ( #297, #4616, #4697, #4753 ) ) ;
#269 = VERTEX_POINT ( 'NONE', #1838 ) ;
#270 = VERTEX_POINT ( 'NONE', #1839 ) ;
#271 = EDGE_LOOP ( 'NONE', ( #318, #365, #436 ) ) ;
#272 = EDGE_CURVE ( 'NONE', #5112, #529, #1846, .T. ) ;
#273 = ORIENTED_EDGE ( 'NONE', *, *, #285, .T. ) ;
#274 = EDGE_LOOP ( 'NONE', ( #90, #141, #254, #440 ) ) ;
#275 = ORIENTED_EDGE ( 'NONE', *, *, #5126, .F. ) ;
#276 = EDGE_CURVE ( 'NONE', #300, #479, #1859, .T. ) ;
#277 = ORIENTED_EDGE ( 'NONE', *, *, #341, .F. ) ;
#278 = ORIENTED_EDGE ( 'NONE', *, *, #314, .F. ) ;
#279 = ORIENTED_EDGE ( 'NONE', *, *, #309, .T. ) ;
#280 = ADVANCED_FACE ( 'NONE', ( #1880 ), #1881, .F. ) ;
#281 = ORIENTED_EDGE ( 'NONE', *, *, #308, .F. ) ;
#282 = ORIENTED_EDGE ( 'NONE', *, *, #320, .F. ) ;
#283 = ORIENTED_EDGE ( 'NONE', *, *, #4758, .T. ) ;
#284 = EDGE_LOOP ( 'NONE', ( #561, #4994, #330, #527, #573, #1764 ) ) ;
#285 = EDGE_CURVE ( 'NONE', #305, #331, #1927, .T. ) ;
#286 = VERTEX_POINT ( 'NONE', #1936 ) ;
#287 = EDGE_CURVE ( 'NONE', #5082, #2430, #1949, .T. ) ;
#288 = ORIENTED_EDGE ( 'NONE', *, *, #4182, .F. ) ;
#289 = EDGE_LOOP ( 'NONE', ( #350, #5043, #5153, #15 ) ) ;
#290 = ADVANCED_FACE ( 'NONE', ( #1965 ), #1966, .T. ) ;
#291 = ORIENTED_EDGE ( 'NONE', *, *, #4659, .T. ) ;
#292 = VERTEX_POINT ( 'NONE', #1977 ) ;
#293 = VERTEX_POINT ( 'NONE', #1986 ) ;
#294 = EDGE_CURVE ( 'NONE', #5179, #209, #1989, .T. ) ;
#295 = ORIENTED_EDGE ( 'NONE', *, *, #5078, .T. ) ;
#296 = ORIENTED_EDGE ( 'NONE', *, *, #149, .T. ) ;
#297 = ORIENTED_EDGE ( 'NONE', *, *, #2168, .F. ) ;
#298 = ORIENTED_EDGE ( 'NONE', *, *, #409, .T. ) ;
#299 = ORIENTED_EDGE ( 'NONE', *, *, #337, .T. ) ;
#300 = VERTEX_POINT ( 'NONE', #2063 ) ;
#301 = ORIENTED_EDGE ( 'NONE', *, *, #316, .T. ) ;
#302 = ADVANCED_FACE ( 'NONE', ( #2065 ), #2066, .F. ) ;
#303 = ORIENTED_EDGE ( 'NONE', *, *, #5098, .T. ) ;
#304 = ORIENTED_EDGE ( 'NONE', *, *, #2757, .F. ) ;
#305 = VERTEX_POINT ( 'NONE', #2102 ) ;
#306 = ADVANCED_FACE ( 'NONE', ( #2103 ), #2104, .T. ) ;
#307 = ORIENTED_EDGE ( 'NONE', *, *, #5160, .T. ) ;
#308 = EDGE_CURVE ( 'NONE', #234, #269, #2116, .T. ) ;
#309 = EDGE_CURVE ( 'NONE', #339, #356, #2120, .T. ) ;
#310 = ORIENTED_EDGE ( 'NONE', *, *, #325, .T. ) ;
#311 = ORIENTED_EDGE ( 'NONE', *, *, #129, .F. ) ;
#312 = EDGE_LOOP ( 'NONE', ( #357, #427, #480, #4743 ) ) ;
#313 = VERTEX_POINT ( 'NONE', #2124 ) ;
#314 = EDGE_CURVE ( 'NONE', #5027, #234, #2126, .T. ) ;
#315 = EDGE_CURVE ( 'NONE', #4738, #342, #2132, .T. ) ;
#316 = EDGE_CURVE ( 'NONE', #4675, #334, #2149, .T. ) ;
#317 = ORIENTED_EDGE ( 'NONE', *, *, #5207, .T. ) ;
#318 = ORIENTED_EDGE ( 'NONE', *, *, #437, .T. ) ;
#319 = EDGE_CURVE ( 'NONE', #5228, #4737, #2179, .T. ) ;
#320 = EDGE_CURVE ( 'NONE', #345, #238, #2184, .T. ) ;
#321 = EDGE_CURVE ( 'NONE', #639, #4546, #2208, .T. ) ;
#322 = ORIENTED_EDGE ( 'NONE', *, *, #341, .T. ) ;
#323 = ADVANCED_FACE ( 'NONE', ( #2222 ), #2223, .T. ) ;
#324 = ORIENTED_EDGE ( 'NONE', *, *, #5076, .F. ) ;
#325 = EDGE_CURVE ( 'NONE', #4962, #351, #2228, .T. ) ;
#326 = ORIENTED_EDGE ( 'NONE', *, *, #352, .T. ) ;
#327 = ORIENTED_EDGE ( 'NONE', *, *, #343, .T. ) ;
#328 = ORIENTED_EDGE ( 'NONE', *, *, #4619, .T. ) ;
#329 = ORIENTED_EDGE ( 'NONE', *, *, #628, .T. ) ;
#330 = ORIENTED_EDGE ( 'NONE', *, *, #5014, .F. ) ;
#331 = VERTEX_POINT ( 'NONE', #2271 ) ;
#332 = ADVANCED_FACE ( 'NONE', ( #2272 ), #2273, .F. ) ;
#333 = ADVANCED_FACE ( 'NONE', ( #2288 ), #2289, .F. ) ;
#334 = VERTEX_POINT ( 'NONE', #2295 ) ;
#335 = EDGE_CURVE ( 'NONE', #4654, #439, #2296, .T. ) ;
#336 = EDGE_LOOP ( 'NONE', ( #391, #5210, #21, #3302 ) ) ;
#337 = EDGE_CURVE ( 'NONE', #4520, #993, #2306, .T. ) ;
#338 = ORIENTED_EDGE ( 'NONE', *, *, #5161, .F. ) ;
#339 = VERTEX_POINT ( 'NONE', #2320 ) ;
#340 = ADVANCED_FACE ( 'NONE', ( #2326 ), #2327, .T. ) ;
#341 = EDGE_CURVE ( 'NONE', #286, #3807, #2332, .T. ) ;
#342 = VERTEX_POINT ( 'NONE', #2344 ) ;
#343 = EDGE_CURVE ( 'NONE', #292, #4956, #2345, .T. ) ;
#344 = ORIENTED_EDGE ( 'NONE', *, *, #531, .F. ) ;
#345 = VERTEX_POINT ( 'NONE', #2380 ) ;
#346 = ORIENTED_EDGE ( 'NONE', *, *, #5144, .T. ) ;
#347 = EDGE_LOOP ( 'NONE', ( #870, #1324, #1784, #2578 ) ) ;
#348 = ORIENTED_EDGE ( 'NONE', *, *, #360, .F. ) ;
#349 = ORIENTED_EDGE ( 'NONE', *, *, #3429, .F. ) ;
#350 = ORIENTED_EDGE ( 'NONE', *, *, #377, .F. ) ;
#351 = VERTEX_POINT ( 'NONE', #2414 ) ;
#352 = EDGE_CURVE ( 'NONE', #374, #383, #2424, .T. ) ;
#353 = ADVANCED_FACE ( 'NONE', ( #2431 ), #2432, .T. ) ;
#354 = ORIENTED_EDGE ( 'NONE', *, *, #379, .F. ) ;
#355 = ADVANCED_FACE ( 'NONE', ( #2437 ), #2438, .T. ) ;
#356 = VERTEX_POINT ( 'NONE', #2454 ) ;
#357 = ORIENTED_EDGE ( 'NONE', *, *, #387, .F. ) ;
#358 = ORIENTED_EDGE ( 'NONE', *, *, #5142, .T. ) ;
#359 = VERTEX_POINT ( 'NONE', #2492 ) ;
#360 = EDGE_CURVE ( 'NONE', #5046, #300, #2493, .T. ) ;
#361 = ORIENTED_EDGE ( 'NONE', *, *, #201, .F. ) ;
#362 = ORIENTED_EDGE ( 'NONE', *, *, #5005, .F. ) ;
#363 = EDGE_LOOP ( 'NONE', ( #405, #634, #994, #1446 ) ) ;
#364 = ORIENTED_EDGE ( 'NONE', *, *, #4708, .F. ) ;
#365 = ORIENTED_EDGE ( 'NONE', *, *, #396, .F. ) ;
#366 = EDGE_LOOP ( 'NONE', ( #486, #4918, #52, #644 ) ) ;
#367 = ADVANCED_FACE ( 'NONE', ( #2554 ), #2555, .T. ) ;
#368 = ORIENTED_EDGE ( 'NONE', *, *, #4874, .F. ) ;
#369 = ORIENTED_EDGE ( 'NONE', *, *, #3567, .T. ) ;
#370 = ORIENTED_EDGE ( 'NONE', *, *, #3748, .T. ) ;
#371 = VERTEX_POINT ( 'NONE', #2581 ) ;
#372 = ORIENTED_EDGE ( 'NONE', *, *, #435, .T. ) ;
#373 = ORIENTED_EDGE ( 'NONE', *, *, #4326, .F. ) ;
#374 = VERTEX_POINT ( 'NONE', #2593 ) ;
#375 = EDGE_CURVE ( 'NONE', #394, #4571, #2594, .T. ) ;
#376 = EDGE_LOOP ( 'NONE', ( #417, #467, #4746, #4792 ) ) ;
#377 = EDGE_CURVE ( 'NONE', #401, #59, #2649, .T. ) ;
#378 = VERTEX_POINT ( 'NONE', #2653 ) ;
#379 = EDGE_CURVE ( 'NONE', #78, #5235, #2672, .T. ) ;
#380 = ORIENTED_EDGE ( 'NONE', *, *, #410, .T. ) ;
#381 = VERTEX_POINT ( 'NONE', #2685 ) ;
#382 = EDGE_CURVE ( 'NONE', #4591, #398, #2699, .T. ) ;
#383 = VERTEX_POINT ( 'NONE', #2707 ) ;
#384 = ADVANCED_FACE ( 'NONE', ( #2721 ), #2723, .T. ) ;
#385 = EDGE_CURVE ( 'NONE', #400, #202, #2728, .T. ) ;
#386 = ORIENTED_EDGE ( 'NONE', *, *, #395, .F. ) ;
#387 = EDGE_CURVE ( 'NONE', #4253, #4941, #2736, .T. ) ;
#388 = ORIENTED_EDGE ( 'NONE', *, *, #4713, .T. ) ;
#389 = EDGE_LOOP ( 'NONE', ( #1804, #87, #71, #54, #4307, #5113, #373, #386, #617, #4703, #392, #247, #3770 ) ) ;
#390 = ADVANCED_FACE ( 'NONE', ( #2776 ), #2777, .T. ) ;
#391 = ORIENTED_EDGE ( 'NONE', *, *, #4182, .T. ) ;
#392 = ORIENTED_EDGE ( 'NONE', *, *, #403, .F. ) ;
#393 = ORIENTED_EDGE ( 'NONE', *, *, #419, .F. ) ;
#394 = VERTEX_POINT ( 'NONE', #2805 ) ;
#395 = EDGE_CURVE ( 'NONE', #601, #4944, #2818, .T. ) ;
#396 = EDGE_CURVE ( 'NONE', #426, #371, #2823, .T. ) ;
#397 = ORIENTED_EDGE ( 'NONE', *, *, #5047, .F. ) ;
#398 = VERTEX_POINT ( 'NONE', #2842 ) ;
#399 = ORIENTED_EDGE ( 'NONE', *, *, #272, .F. ) ;
#400 = VERTEX_POINT ( 'NONE', #2862 ) ;
#401 = VERTEX_POINT ( 'NONE', #2864 ) ;
#402 = ADVANCED_FACE ( 'NONE', ( #2865 ), #2866, .F. ) ;
#403 = EDGE_CURVE ( 'NONE', #4748, #4731, #2873, .T. ) ;
#404 = ORIENTED_EDGE ( 'NONE', *, *, #5205, .T. ) ;
#405 = ORIENTED_EDGE ( 'NONE', *, *, #429, .F. ) ;
#406 = ORIENTED_EDGE ( 'NONE', *, *, #423, .F. ) ;
#407 = ORIENTED_EDGE ( 'NONE', *, *, #435, .F. ) ;
#408 = ORIENTED_EDGE ( 'NONE', *, *, #432, .F. ) ;
#409 = EDGE_CURVE ( 'NONE', #4680, #424, #2906, .T. ) ;
#410 = EDGE_CURVE ( 'NONE', #453, #426, #2934, .T. ) ;
#411 = ORIENTED_EDGE ( 'NONE', *, *, #437, .F. ) ;
#412 = EDGE_LOOP ( 'NONE', ( #455, #380, #475, #536 ) ) ;
#413 = ADVANCED_FACE ( 'NONE', ( #2994 ), #2995, .T. ) ;
#414 = ADVANCED_FACE ( 'NONE', ( #3000 ), #3001, .F. ) ;
#415 = ADVANCED_FACE ( 'NONE', ( #3028 ), #3029, .F. ) ;
#416 = ORIENTED_EDGE ( 'NONE', *, *, #422, .T. ) ;
#417 = ORIENTED_EDGE ( 'NONE', *, *, #4671, .T. ) ;
#418 = EDGE_CURVE ( 'NONE', #334, #439, #3073, .T. ) ;
#419 = EDGE_CURVE ( 'NONE', #4982, #2504, #3102, .T. ) ;
#420 = ORIENTED_EDGE ( 'NONE', *, *, #451, .T. ) ;
#421 = ORIENTED_EDGE ( 'NONE', *, *, #1011, .F. ) ;
#422 = EDGE_CURVE ( 'NONE', #78, #445, #3137, .T. ) ;
#423 = EDGE_CURVE ( 'NONE', #449, #471, #3142, .T. ) ;
#424 = VERTEX_POINT ( 'NONE', #3149 ) ;
#425 = ADVANCED_FACE ( 'NONE', ( #3150, #3151 ), #3152, .F. ) ;
#426 = VERTEX_POINT ( 'NONE', #3192 ) ;
#427 = ORIENTED_EDGE ( 'NONE', *, *, #4021, .T. ) ;
#428 = ORIENTED_EDGE ( 'NONE', *, *, #441, .F. ) ;
#429 = EDGE_CURVE ( 'NONE', #639, #5182, #3232, .T. ) ;
#430 = ADVANCED_FACE ( 'NONE', ( #3239 ), #3240, .F. ) ;
#431 = ADVANCED_FACE ( 'NONE', ( #3246 ), #3247, .F. ) ;
#432 = EDGE_CURVE ( 'NONE', #461, #222, #3255, .T. ) ;
#433 = ORIENTED_EDGE ( 'NONE', *, *, #448, .T. ) ;
#434 = ORIENTED_EDGE ( 'NONE', *, *, #5141, .F. ) ;
#435 = EDGE_CURVE ( 'NONE', #460, #4715, #3260, .T. ) ;
#436 = ORIENTED_EDGE ( 'NONE', *, *, #410, .F. ) ;
#437 = EDGE_CURVE ( 'NONE', #453, #371, #3313, .T. ) ;
#438 = ORIENTED_EDGE ( 'NONE', *, *, #477, .T. ) ;
#439 = VERTEX_POINT ( 'NONE', #3325 ) ;
#440 = ORIENTED_EDGE ( 'NONE', *, *, #476, .T. ) ;
#441 = EDGE_CURVE ( 'NONE', #5235, #4762, #3346, .T. ) ;
#442 = ADVANCED_FACE ( 'NONE', ( #3350 ), #3351, .F. ) ;
#443 = ORIENTED_EDGE ( 'NONE', *, *, #5211, .F. ) ;
#444 = EDGE_LOOP ( 'NONE', ( #592, #818, #5132, #4480, #4605, #206, #1201, #2147, #2204, #618, #1237, #5151, #4916 ) ) ;
#445 = VERTEX_POINT ( 'NONE', #3385 ) ;
#446 = ORIENTED_EDGE ( 'NONE', *, *, #4181, .F. ) ;
#447 = ORIENTED_EDGE ( 'NONE', *, *, #485, .F. ) ;
#448 = EDGE_CURVE ( 'NONE', #4719, #474, #3391, .T. ) ;
#449 = VERTEX_POINT ( 'NONE', #3395 ) ;
#450 = ORIENTED_EDGE ( 'NONE', *, *, #464, .T. ) ;
#451 = EDGE_CURVE ( 'NONE', #381, #481, #3425, .T. ) ;
#452 = ADVANCED_FACE ( 'NONE', ( #3435 ), #3436, .F. ) ;
#453 = VERTEX_POINT ( 'NONE', #3446 ) ;
#454 = ORIENTED_EDGE ( 'NONE', *, *, #2281, .T. ) ;
#455 = ORIENTED_EDGE ( 'NONE', *, *, #5106, .T. ) ;
#456 = ORIENTED_EDGE ( 'NONE', *, *, #472, .T. ) ;
#457 = EDGE_CURVE ( 'NONE', #482, #3372, #3470, .T. ) ;
#458 = ADVANCED_FACE ( 'NONE', ( #3477 ), #3478, .T. ) ;
#459 = VERTEX_POINT ( 'NONE', #3489 ) ;
#460 = VERTEX_POINT ( 'NONE', #3490 ) ;
#461 = VERTEX_POINT ( 'NONE', #3492 ) ;
#462 = ADVANCED_FACE ( 'NONE', ( #3499 ), #3500, .T. ) ;
#463 = ORIENTED_EDGE ( 'NONE', *, *, #473, .T. ) ;
#464 = EDGE_CURVE ( 'NONE', #602, #479, #3519, .T. ) ;
#465 = ADVANCED_FACE ( 'NONE', ( #3528 ), #3529, .T. ) ;
#466 = ORIENTED_EDGE ( 'NONE', *, *, #508, .T. ) ;
#467 = ORIENTED_EDGE ( 'NONE', *, *, #493, .T. ) ;
#468 = ORIENTED_EDGE ( 'NONE', *, *, #335, .F. ) ;
#469 = ADVANCED_FACE ( 'NONE', ( #3556 ), #3557, .F. ) ;
#470 = ORIENTED_EDGE ( 'NONE', *, *, #4960, .T. ) ;
#471 = VERTEX_POINT ( 'NONE', #3564 ) ;
#472 = EDGE_CURVE ( 'NONE', #1685, #489, #3565, .T. ) ;
#473 = EDGE_CURVE ( 'NONE', #4762, #445, #3571, .T. ) ;
#474 = VERTEX_POINT ( 'NONE', #3580 ) ;
#475 = ORIENTED_EDGE ( 'NONE', *, *, #500, .F. ) ;
#476 = EDGE_CURVE ( 'NONE', #400, #238, #3581, .T. ) ;
#477 = EDGE_CURVE ( 'NONE', #5112, #1725, #3595, .T. ) ;
#478 = ADVANCED_FACE ( 'NONE', ( #3599, #3600 ), #3601, .F. ) ;
#479 = VERTEX_POINT ( 'NONE', #3608 ) ;
#480 = ORIENTED_EDGE ( 'NONE', *, *, #224, .T. ) ;
#481 = VERTEX_POINT ( 'NONE', #3622 ) ;
#482 = VERTEX_POINT ( 'NONE', #3625 ) ;
#483 = ORIENTED_EDGE ( 'NONE', *, *, #504, .F. ) ;
#484 = EDGE_CURVE ( 'NONE', #621, #601, #3635, .T. ) ;
#485 = EDGE_CURVE ( 'NONE', #471, #4510, #3639, .T. ) ;
#486 = ORIENTED_EDGE ( 'NONE', *, *, #484, .T. ) ;
#487 = ORIENTED_EDGE ( 'NONE', *, *, #5008, .F. ) ;
#488 = ORIENTED_EDGE ( 'NONE', *, *, #5162, .F. ) ;
#489 = VERTEX_POINT ( 'NONE', #3652 ) ;
#490 = VERTEX_POINT ( 'NONE', #3653 ) ;
#491 = EDGE_LOOP ( 'NONE', ( #577, #614, #1219 ) ) ;
#492 = ADVANCED_FACE ( 'NONE', ( #3658 ), #3659, .F. ) ;
#493 = EDGE_CURVE ( 'NONE', #4841, #5202, #3664, .T. ) ;
#494 = ORIENTED_EDGE ( 'NONE', *, *, #5141, .T. ) ;
#495 = ADVANCED_FACE ( 'NONE', ( #3668 ), #3669, .T. ) ;
#496 = ORIENTED_EDGE ( 'NONE', *, *, #422, .F. ) ;
#497 = ORIENTED_EDGE ( 'NONE', *, *, #508, .F. ) ;
#498 = EDGE_LOOP ( 'NONE', ( #533, #564 ) ) ;
#499 = ORIENTED_EDGE ( 'NONE', *, *, #524, .T. ) ;
#500 = EDGE_CURVE ( 'NONE', #269, #426, #3680, .T. ) ;
#501 = EDGE_LOOP ( 'NONE', ( #497, #5208, #250, #581, #3642, #119, #144, #1541, #2316, #4709, #416, #5191, #1132 ) ) ;
#502 = EDGE_LOOP ( 'NONE', ( #537, #569 ) ) ;
#503 = ORIENTED_EDGE ( 'NONE', *, *, #4751, .F. ) ;
#504 = EDGE_CURVE ( 'NONE', #522, #5015, #3698, .T. ) ;
#505 = ORIENTED_EDGE ( 'NONE', *, *, #530, .T. ) ;
#506 = ORIENTED_EDGE ( 'NONE', *, *, #531, .T. ) ;
#507 = EDGE_LOOP ( 'NONE', ( #4644, #4685, #4747, #4833 ) ) ;
#508 = EDGE_CURVE ( 'NONE', #292, #313, #3707, .T. ) ;
#509 = ORIENTED_EDGE ( 'NONE', *, *, #534, .T. ) ;
#510 = ORIENTED_EDGE ( 'NONE', *, *, #1501, .T. ) ;
#511 = EDGE_LOOP ( 'NONE', ( #541, #604, #4547, #4609 ) ) ;
#512 = ADVANCED_FACE ( 'NONE', ( #3716 ), #3717, .T. ) ;
#513 = EDGE_CURVE ( 'NONE', #3514, #4554, #3722, .T. ) ;
#514 = EDGE_LOOP ( 'NONE', ( #545, #1876, #5063, #5159 ) ) ;
#515 = ORIENTED_EDGE ( 'NONE', *, *, #535, .T. ) ;
#516 = ADVANCED_FACE ( 'NONE', ( #3731 ), #3732, .T. ) ;
#517 = ORIENTED_EDGE ( 'NONE', *, *, #563, .T. ) ;
#518 = EDGE_LOOP ( 'NONE', ( #326, #2849, #633, #3711 ) ) ;
#519 = EDGE_LOOP ( 'NONE', ( #108, #2374, #2847, #4094 ) ) ;
#520 = ORIENTED_EDGE ( 'NONE', *, *, #528, .T. ) ;
#521 = EDGE_CURVE ( 'NONE', #4809, #4748, #3746, .T. ) ;
#522 = VERTEX_POINT ( 'NONE', #3753 ) ;
#523 = ORIENTED_EDGE ( 'NONE', *, *, #544, .F. ) ;
#524 = EDGE_CURVE ( 'NONE', #4900, #4890, #3754, .T. ) ;
#525 = ORIENTED_EDGE ( 'NONE', *, *, #4517, .F. ) ;
#526 = ORIENTED_EDGE ( 'NONE', *, *, #589, .F. ) ;
#527 = ORIENTED_EDGE ( 'NONE', *, *, #548, .F. ) ;
#528 = EDGE_CURVE ( 'NONE', #4900, #538, #3764, .T. ) ;
#529 = VERTEX_POINT ( 'NONE', #3773 ) ;
#530 = EDGE_CURVE ( 'NONE', #449, #4735, #3774, .T. ) ;
#531 = EDGE_CURVE ( 'NONE', #460, #4570, #3780, .T. ) ;
#532 = VERTEX_POINT ( 'NONE', #3784 ) ;
#533 = ORIENTED_EDGE ( 'NONE', *, *, #285, .F. ) ;
#534 = EDGE_CURVE ( 'NONE', #4648, #546, #3785, .T. ) ;
#535 = EDGE_CURVE ( 'NONE', #170, #3965, #3792, .T. ) ;
#536 = ORIENTED_EDGE ( 'NONE', *, *, #244, .F. ) ;
#537 = ORIENTED_EDGE ( 'NONE', *, *, #4873, .F. ) ;
#538 = VERTEX_POINT ( 'NONE', #3809 ) ;
#539 = EDGE_LOOP ( 'NONE', ( #578, #4979, #5068 ) ) ;
#540 = ORIENTED_EDGE ( 'NONE', *, *, #4572, .F. ) ;
#541 = ORIENTED_EDGE ( 'NONE', *, *, #565, .F. ) ;
#542 = EDGE_CURVE ( 'NONE', #4802, #345, #3810, .T. ) ;
#543 = EDGE_CURVE ( 'NONE', #4591, #4908, #3823, .T. ) ;
#544 = EDGE_CURVE ( 'NONE', #557, #490, #3828, .T. ) ;
#545 = ORIENTED_EDGE ( 'NONE', *, *, #553, .F. ) ;
#546 = VERTEX_POINT ( 'NONE', #3834 ) ;
#547 = VERTEX_POINT ( 'NONE', #3835 ) ;
#548 = EDGE_CURVE ( 'NONE', #547, #5037, #3836, .T. ) ;
#549 = ORIENTED_EDGE ( 'NONE', *, *, #560, .T. ) ;
#550 = ADVANCED_FACE ( 'NONE', ( #3856 ), #3857, .T. ) ;
#551 = ORIENTED_EDGE ( 'NONE', *, *, #156, .T. ) ;
#552 = ORIENTED_EDGE ( 'NONE', *, *, #819, .T. ) ;
#553 = EDGE_CURVE ( 'NONE', #1445, #449, #3865, .T. ) ;
#554 = ORIENTED_EDGE ( 'NONE', *, *, #2830, .T. ) ;
#555 = ADVANCED_FACE ( 'NONE', ( #3871 ), #3872, .F. ) ;
#556 = ORIENTED_EDGE ( 'NONE', *, *, #1272, .F. ) ;
#557 = VERTEX_POINT ( 'NONE', #3877 ) ;
#558 = ORIENTED_EDGE ( 'NONE', *, *, #582, .F. ) ;
#559 = EDGE_CURVE ( 'NONE', #398, #1763, #3879, .T. ) ;
#560 = EDGE_CURVE ( 'NONE', #572, #4761, #3884, .T. ) ;
#561 = ORIENTED_EDGE ( 'NONE', *, *, #5155, .T. ) ;
#562 = ORIENTED_EDGE ( 'NONE', *, *, #403, .T. ) ;
#563 = EDGE_CURVE ( 'NONE', #4878, #3372, #3893, .T. ) ;
#564 = ORIENTED_EDGE ( 'NONE', *, *, #4657, .F. ) ;
#565 = EDGE_CURVE ( 'NONE', #576, #300, #3899, .T. ) ;
#566 = EDGE_LOOP ( 'NONE', ( #593, #906, #1482, #1932 ) ) ;
#567 = ORIENTED_EDGE ( 'NONE', *, *, #3730, .T. ) ;
#568 = ORIENTED_EDGE ( 'NONE', *, *, #559, .T. ) ;
#569 = ORIENTED_EDGE ( 'NONE', *, *, #524, .F. ) ;
#570 = ORIENTED_EDGE ( 'NONE', *, *, #500, .T. ) ;
#571 = EDGE_LOOP ( 'NONE', ( #598, #629, #749, #4560 ) ) ;
#572 = VERTEX_POINT ( 'NONE', #3904 ) ;
#573 = ORIENTED_EDGE ( 'NONE', *, *, #130, .F. ) ;
#574 = EDGE_CURVE ( 'NONE', #4715, #4719, #3905, .T. ) ;
#575 = EDGE_CURVE ( 'NONE', #591, #602, #3914, .T. ) ;
#576 = VERTEX_POINT ( 'NONE', #3919 ) ;
#577 = ORIENTED_EDGE ( 'NONE', *, *, #130, .T. ) ;
#578 = ORIENTED_EDGE ( 'NONE', *, *, #4868, .T. ) ;
#579 = EDGE_LOOP ( 'NONE', ( #4112, #4482 ) ) ;
#580 = ADVANCED_FACE ( 'NONE', ( #3924 ), #3925, .T. ) ;
#581 = ORIENTED_EDGE ( 'NONE', *, *, #586, .T. ) ;
#582 = EDGE_CURVE ( 'NONE', #594, #529, #3930, .T. ) ;
#583 = EDGE_CURVE ( 'NONE', #872, #313, #3939, .T. ) ;
#584 = ORIENTED_EDGE ( 'NONE', *, *, #4523, .F. ) ;
#585 = ORIENTED_EDGE ( 'NONE', *, *, #603, .T. ) ;
#586 = EDGE_CURVE ( 'NONE', #286, #3372, #3956, .T. ) ;
#587 = ORIENTED_EDGE ( 'NONE', *, *, #4939, .T. ) ;
#588 = EDGE_CURVE ( 'NONE', #2559, #1705, #3964, .T. ) ;
#589 = EDGE_CURVE ( 'NONE', #394, #4885, #3970, .T. ) ;
#590 = EDGE_LOOP ( 'NONE', ( #615, #747, #1704, #1650 ) ) ;
#591 = VERTEX_POINT ( 'NONE', #3979 ) ;
#592 = ORIENTED_EDGE ( 'NONE', *, *, #609, .F. ) ;
#593 = ORIENTED_EDGE ( 'NONE', *, *, #611, .F. ) ;
#594 = VERTEX_POINT ( 'NONE', #3987 ) ;
#595 = ORIENTED_EDGE ( 'NONE', *, *, #613, .F. ) ;
#596 = EDGE_CURVE ( 'NONE', #92, #163, #3993, .T. ) ;
#597 = ORIENTED_EDGE ( 'NONE', *, *, #605, .T. ) ;
#598 = ORIENTED_EDGE ( 'NONE', *, *, #4874, .T. ) ;
#599 = ORIENTED_EDGE ( 'NONE', *, *, #396, .T. ) ;
#600 = ADVANCED_FACE ( 'NONE', ( #3998, #3999 ), #4000, .F. ) ;
#601 = VERTEX_POINT ( 'NONE', #4007 ) ;
#602 = VERTEX_POINT ( 'NONE', #4016 ) ;
#603 = EDGE_CURVE ( 'NONE', #4983, #2756, #4017, .T. ) ;
#604 = ORIENTED_EDGE ( 'NONE', *, *, #626, .T. ) ;
#605 = EDGE_CURVE ( 'NONE', #331, #4850, #4027, .T. ) ;
#606 = ORIENTED_EDGE ( 'NONE', *, *, #628, .F. ) ;
#607 = EDGE_CURVE ( 'NONE', #5182, #4582, #4048, .T. ) ;
#608 = ORIENTED_EDGE ( 'NONE', *, *, #94, .F. ) ;
#609 = EDGE_CURVE ( 'NONE', #230, #623, #4057, .T. ) ;
#610 = EDGE_CURVE ( 'NONE', #256, #4748, #4062, .T. ) ;
#611 = EDGE_CURVE ( 'NONE', #1893, #631, #4072, .T. ) ;
#612 = ORIENTED_EDGE ( 'NONE', *, *, #4600, .T. ) ;
#613 = EDGE_CURVE ( 'NONE', #293, #4764, #1367, .T. ) ;
#614 = ORIENTED_EDGE ( 'NONE', *, *, #637, .T. ) ;
#615 = ORIENTED_EDGE ( 'NONE', *, *, #548, .T. ) ;
#616 = ORIENTED_EDGE ( 'NONE', *, *, #3947, .T. ) ;
#617 = ORIENTED_EDGE ( 'NONE', *, *, #484, .F. ) ;
#618 = ORIENTED_EDGE ( 'NONE', *, *, #638, .F. ) ;
#619 = EDGE_LOOP ( 'NONE', ( #421, #488 ) ) ;
#620 = ORIENTED_EDGE ( 'NONE', *, *, #677, .T. ) ;
#621 = VERTEX_POINT ( 'NONE', #1429 ) ;
#622 = EDGE_CURVE ( 'NONE', #631, #639, #1431, .T. ) ;
#623 = VERTEX_POINT ( 'NONE', #1436 ) ;
#624 = ORIENTED_EDGE ( 'NONE', *, *, #75, .F. ) ;
#625 = ADVANCED_FACE ( 'NONE', ( #1444 ), #1447, .F. ) ;
#626 = EDGE_CURVE ( 'NONE', #576, #5101, #1452, .T. ) ;
#627 = ORIENTED_EDGE ( 'NONE', *, *, #748, .T. ) ;
#628 = EDGE_CURVE ( 'NONE', #676, #4695, #1485, .T. ) ;
#629 = ORIENTED_EDGE ( 'NONE', *, *, #542, .F. ) ;
#630 = ORIENTED_EDGE ( 'NONE', *, *, #1954, .T. ) ;
#631 = VERTEX_POINT ( 'NONE', #1523 ) ;
#632 = ORIENTED_EDGE ( 'NONE', *, *, #636, .F. ) ;
#633 = ORIENTED_EDGE ( 'NONE', *, *, #819, .F. ) ;
#634 = ORIENTED_EDGE ( 'NONE', *, *, #321, .T. ) ;
#635 = ADVANCED_FACE ( 'NONE', ( #1603 ), #1604, .F. ) ;
#636 = EDGE_CURVE ( 'NONE', #3747, #3644, #1617, .T. ) ;
#637 = EDGE_CURVE ( 'NONE', #547, #817, #1621, .T. ) ;
#638 = EDGE_CURVE ( 'NONE', #816, #2756, #1641, .T. ) ;
#639 = VERTEX_POINT ( 'NONE', #1645 ) ;
#640 = ORIENTED_EDGE ( 'NONE', *, *, #4557, .T. ) ;
#641 = ORIENTED_EDGE ( 'NONE', *, *, #942, .T. ) ;
#642 = EDGE_LOOP ( 'NONE', ( #549, #4771, #4825, #4739, #310, #166, #3481, #5223, #153, #3075, #4984, #4610, #404 ) ) ;
#643 = ORIENTED_EDGE ( 'NONE', *, *, #2669, .F. ) ;
#644 = ORIENTED_EDGE ( 'NONE', *, *, #4869, .T. ) ;
#645 = CARTESIAN_POINT ( 'NONE',  ( 4.753945729601879200, -10.80000000000000100, -4.200000000000000200 ) ) ;
#646 = LINE ( 'NONE', #647, #648 ) ;
#647 = CARTESIAN_POINT ( 'NONE',  ( 8.300000000000000700, 0.0000000000000000000, 19.26826348552040000 ) ) ;
#648 = VECTOR ( 'NONE', #649, 1000.000000000000000 ) ;
#649 = DIRECTION ( 'NONE',  ( 0.0000000000000000000, 0.0000000000000000000, 1.000000000000000000 ) ) ;
#650 = LINE ( 'NONE', #651, #652 ) ;
#651 = CARTESIAN_POINT ( 'NONE',  ( 3.216025403784439800, 7.500000000000000000, -34.50000000000000000 ) ) ;
#652 = VECTOR ( 'NONE', #653, 999.9999999999998900 ) ;
#653 = DIRECTION ( 'NONE',  ( -0.5000000000000003300, -0.8660254037844386000, 0.0000000000000000000 ) ) ;
#654 = CARTESIAN_POINT ( 'NONE',  ( 1.953371135077720100, 6.850000000000000500, -25.90419372780899800 ) ) ;
#655 = FACE_OUTER_BOUND ( 'NONE', #3606, .T. ) ;
#656 = FACE_BOUND ( 'NONE', #642, .T. ) ;
#657 = PLANE ( 'NONE',  #658 ) ;
#658 = AXIS2_PLACEMENT_3D ( 'NONE', #659, #660, #661 ) ;
#659 = CARTESIAN_POINT ( 'NONE',  ( 0.0000000000000000000, 0.0000000000000000000, -4.200000000000000200 ) ) ;
#660 = DIRECTION ( 'NONE',  ( 0.0000000000000000000, 0.0000000000000000000, -1.000000000000000000 ) ) ;
#661 = DIRECTION ( 'NONE',  ( -1.000000000000000000, 0.0000000000000000000, 0.0000000000000000000 ) ) ;
#662 = CIRCLE ( 'NONE', #663, 12.00000000000000000 ) ;
#663 = AXIS2_PLACEMENT_3D ( 'NONE', #664, #665, #666 ) ;
#664 = CARTESIAN_POINT ( 'NONE',  ( 0.0000000000000000000, 0.0000000000000000000, -4.000000000000000000 ) ) ;
#665 = DIRECTION ( 'NONE',  ( 0.0000000000000000000, 0.0000000000000000000, 1.000000000000000000 ) ) ;
#666 = DIRECTION ( 'NONE',  ( 1.000000000000000000, 0.0000000000000000000, 0.0000000000000000000 ) ) ;
#667 = FACE_OUTER_BOUND ( 'NONE', #4774, .T. ) ;
#668 = PLANE ( 'NONE',  #669 ) ;
#669 = AXIS2_PLACEMENT_3D ( 'NONE', #670, #671, #672 ) ;
#670 = CARTESIAN_POINT ( 'NONE',  ( 3.216025403784439800, 7.500000000000000000, -27.49535938970580100 ) ) ;
#671 = DIRECTION ( 'NONE',  ( 0.8660254037844384900, -0.5000000000000003300, 0.0000000000000000000 ) ) ;
#672 = DIRECTION ( 'NONE',  ( 0.5000000000000003300, 0.8660254037844384900, 0.0000000000000000000 ) ) ;
#673 = CIRCLE ( 'NONE', #674, 0.5999999999999998700 ) ;
#674 = AXIS2_PLACEMENT_3D ( 'NONE', #675, #678, #679 ) ;
#675 = CARTESIAN_POINT ( 'NONE',  ( -2.510229073212240100, 2.510229073212250300, -36.10000000000000100 ) ) ;
#676 = VERTEX_POINT ( 'NONE', #1673 ) ;
#677 = EDGE_CURVE ( 'NONE', #461, #889, #1674, .T. ) ;
#678 = DIRECTION ( 'NONE',  ( 0.0000000000000000000, 0.0000000000000000000, -1.000000000000000000 ) ) ;
#679 = DIRECTION ( 'NONE',  ( -1.000000000000000000, 0.0000000000000000000, 0.0000000000000000000 ) ) ;
#680 = LINE ( 'NONE', #681, #682 ) ;
#681 = CARTESIAN_POINT ( 'NONE',  ( 4.795831523312720000, -11.00000000000000000, -4.200000000000000200 ) ) ;
#682 = VECTOR ( 'NONE', #683, 1000.000000000000000 ) ;
#683 = DIRECTION ( 'NONE',  ( -1.000000000000000000, -1.808574245721779900E-016, 0.0000000000000000000 ) ) ;
#684 = CIRCLE ( 'NONE', #685, 5.250000000000000000 ) ;
#685 = AXIS2_PLACEMENT_3D ( 'NONE', #686, #687, #688 ) ;
#686 = CARTESIAN_POINT ( 'NONE',  ( 0.0000000000000000000, 0.0000000000000000000, -38.00000000000000000 ) ) ;
#687 = DIRECTION ( 'NONE',  ( 0.0000000000000000000, 0.0000000000000000000, 1.000000000000000000 ) ) ;
#688 = DIRECTION ( 'NONE',  ( 1.000000000000000000, 0.0000000000000000000, 0.0000000000000000000 ) ) ;
#689 = CIRCLE ( 'NONE', #690, 11.79999999999999900 ) ;
#690 = AXIS2_PLACEMENT_3D ( 'NONE', #691, #692, #693 ) ;
#691 = CARTESIAN_POINT ( 'NONE',  ( 0.0000000000000000000, 0.0000000000000000000, -4.200000000000000200 ) ) ;
#692 = DIRECTION ( 'NONE',  ( 0.0000000000000000000, 0.0000000000000000000, -1.000000000000000000 ) ) ;
#693 = DIRECTION ( 'NONE',  ( -1.000000000000000000, 0.0000000000000000000, 0.0000000000000000000 ) ) ;
#694 = LINE ( 'NONE', #695, #696 ) ;
#695 = CARTESIAN_POINT ( 'NONE',  ( -1.500000000000000000, 6.850000000000000500, -23.00000000000000000 ) ) ;
#696 = VECTOR ( 'NONE', #697, 1000.000000000000000 ) ;
#697 = DIRECTION ( 'NONE',  ( 0.0000000000000000000, 0.0000000000000000000, -1.000000000000000000 ) ) ;
#698 = CARTESIAN_POINT ( 'NONE',  ( 1.500000000000000000, 6.850000000000000500, -19.83772233983160000 ) ) ;
#699 = FACE_BOUND ( 'NONE', #3806, .T. ) ;
#700 = FACE_OUTER_BOUND ( 'NONE', #4660, .T. ) ;
#701 = PLANE ( 'NONE',  #702 ) ;
#702 = AXIS2_PLACEMENT_3D ( 'NONE', #703, #704, #705 ) ;
#703 = CARTESIAN_POINT ( 'NONE',  ( 0.0000000000000000000, 0.0000000000000000000, 0.0000000000000000000 ) ) ;
#704 = DIRECTION ( 'NONE',  ( 0.0000000000000000000, 0.0000000000000000000, 1.000000000000000000 ) ) ;
#705 = DIRECTION ( 'NONE',  ( 1.000000000000000000, 0.0000000000000000000, 0.0000000000000000000 ) ) ;
#706 = CARTESIAN_POINT ( 'NONE',  ( 3.216025403784439800, 7.500000000000000000, -34.50000000000000000 ) ) ;
#707 = FACE_OUTER_BOUND ( 'NONE', #519, .T. ) ;
#708 = CYLINDRICAL_SURFACE ( 'NONE', #709, 3.599999999999999200 ) ;
#709 = AXIS2_PLACEMENT_3D ( 'NONE', #714, #715, #716 ) ;
#710 = ORIENTED_EDGE ( 'NONE', *, *, #1011, .T. ) ;
#711 = ADVANCED_FACE ( 'NONE', ( #1708 ), #1709, .F. ) ;
#712 = ORIENTED_EDGE ( 'NONE', *, *, #992, .F. ) ;
#713 = ORIENTED_EDGE ( 'NONE', *, *, #4840, .F. ) ;
#714 = CARTESIAN_POINT ( 'NONE',  ( -3.361003918878659900E-015, 6.850000000000000500, -23.00000000000000000 ) ) ;
#715 = DIRECTION ( 'NONE',  ( 0.0000000000000000000, -1.000000000000000000, 0.0000000000000000000 ) ) ;
#716 = DIRECTION ( 'NONE',  ( 0.0000000000000000000, 0.0000000000000000000, -1.000000000000000000 ) ) ;
#717 = LINE ( 'NONE', #718, #719 ) ;
#718 = CARTESIAN_POINT ( 'NONE',  ( -2.000000000000000000, 0.5000000000000000000, -36.10000000000000100 ) ) ;
#719 = VECTOR ( 'NONE', #720, 1000.000000000000000 ) ;
#720 = DIRECTION ( 'NONE',  ( 0.0000000000000000000, -1.000000000000000000, 0.0000000000000000000 ) ) ;
#721 = LINE ( 'NONE', #722, #723 ) ;
#722 = CARTESIAN_POINT ( 'NONE',  ( 3.216025403784439800, 7.500000000000000000, -34.10000000000000100 ) ) ;
#723 = VECTOR ( 'NONE', #724, 999.9999999999998900 ) ;
#724 = DIRECTION ( 'NONE',  ( -0.5000000000000003300, -0.8660254037844386000, 0.0000000000000000000 ) ) ;
#725 = LINE ( 'NONE', #726, #727 ) ;
#726 = CARTESIAN_POINT ( 'NONE',  ( -11.73004722567288000, 1.282962229952234100, -4.200000000000000200 ) ) ;
#727 = VECTOR ( 'NONE', #728, 1000.000000000000000 ) ;
#728 = DIRECTION ( 'NONE',  ( 0.0000000000000000000, 0.0000000000000000000, 1.000000000000000000 ) ) ;
#729 = FACE_OUTER_BOUND ( 'NONE', #174, .T. ) ;
#730 = EDGE_LOOP ( 'NONE', ( #4693, #277, #1218, #4630 ) ) ;
#731 = PLANE ( 'NONE',  #732 ) ;
#732 = AXIS2_PLACEMENT_3D ( 'NONE', #733, #734, #735 ) ;
#733 = CARTESIAN_POINT ( 'NONE',  ( -9.000999999999999400, 5.200000000000000200, -29.97790561913615200 ) ) ;
#734 = DIRECTION ( 'NONE',  ( 0.0000000000000000000, -0.5000000000000006700, 0.8660254037844382600 ) ) ;
#735 = DIRECTION ( 'NONE',  ( 0.0000000000000000000, -0.8660254037844381500, -0.5000000000000006700 ) ) ;
#736 = FACE_OUTER_BOUND ( 'NONE', #72, .T. ) ;
#737 = PLANE ( 'NONE',  #738 ) ;
#738 = AXIS2_PLACEMENT_3D ( 'NONE', #739, #740, #741 ) ;
#739 = CARTESIAN_POINT ( 'NONE',  ( -0.4000000000000000200, 8.200000000000001100, -21.21500000000000000 ) ) ;
#740 = DIRECTION ( 'NONE',  ( 0.0000000000000000000, 0.0000000000000000000, -1.000000000000000000 ) ) ;
#741 = DIRECTION ( 'NONE',  ( -1.000000000000000000, 0.0000000000000000000, 0.0000000000000000000 ) ) ;
#742 = LINE ( 'NONE', #743, #744 ) ;
#743 = CARTESIAN_POINT ( 'NONE',  ( -2.000000000000000000, 7.500000000000000000, -29.30000000000000100 ) ) ;
#744 = VECTOR ( 'NONE', #745, 1000.000000000000000 ) ;
#745 = DIRECTION ( 'NONE',  ( 0.0000000000000000000, 0.0000000000000000000, 1.000000000000000000 ) ) ;
#746 = LINE ( 'NONE', #750, #751 ) ;
#747 = ORIENTED_EDGE ( 'NONE', *, *, #1062, .T. ) ;
#748 = EDGE_CURVE ( 'NONE', #1115, #975, #1737, .T. ) ;
#749 = ORIENTED_EDGE ( 'NONE', *, *, #4328, .F. ) ;
#750 = CARTESIAN_POINT ( 'NONE',  ( 2.049468420673540100, 6.850000000000000500, -25.95967552151615000 ) ) ;
#751 = VECTOR ( 'NONE', #752, 1000.000000000000000 ) ;
#752 = DIRECTION ( 'NONE',  ( 0.0000000000000000000, 1.000000000000000000, 0.0000000000000000000 ) ) ;
#753 = CARTESIAN_POINT ( 'NONE',  ( 2.350000000000000100, 6.000000000000000000, -34.10000000000000100 ) ) ;
#754 = CARTESIAN_POINT ( 'NONE',  ( 3.555277766926235200, -7.500000000000000000, -0.2000000000000000100 ) ) ;
#755 = CIRCLE ( 'NONE', #756, 4.299999999999998000 ) ;
#756 = AXIS2_PLACEMENT_3D ( 'NONE', #757, #758, #759 ) ;
#757 = CARTESIAN_POINT ( 'NONE',  ( -3.361003918878659900E-015, 6.250000000000000000, -23.00000000000000000 ) ) ;
#758 = DIRECTION ( 'NONE',  ( 0.0000000000000000000, 1.000000000000000000, 0.0000000000000000000 ) ) ;
#759 = DIRECTION ( 'NONE',  ( 0.0000000000000000000, 0.0000000000000000000, 1.000000000000000000 ) ) ;
#760 = FACE_OUTER_BOUND ( 'NONE', #5080, .T. ) ;
#761 = PLANE ( 'NONE',  #762 ) ;
#762 = AXIS2_PLACEMENT_3D ( 'NONE', #763, #764, #765 ) ;
#763 = CARTESIAN_POINT ( 'NONE',  ( 3.100000000000000100, 16.97631392310545100, -28.80000000000000100 ) ) ;
#764 = DIRECTION ( 'NONE',  ( -0.4999999999999993900, 0.0000000000000000000, -0.8660254037844390400 ) ) ;
#765 = DIRECTION ( 'NONE',  ( -0.8660254037844390400, 0.0000000000000000000, 0.4999999999999993900 ) ) ;
#766 = FACE_OUTER_BOUND ( 'NONE', #67, .T. ) ;
#767 = PLANE ( 'NONE',  #768 ) ;
#768 = AXIS2_PLACEMENT_3D ( 'NONE', #769, #770, #771 ) ;
#769 = CARTESIAN_POINT ( 'NONE',  ( -3.000000000000000000, 0.5000000000000000000, -46.41421356237309900 ) ) ;
#770 = DIRECTION ( 'NONE',  ( 1.000000000000000000, 4.336808689942015300E-016, 0.0000000000000000000 ) ) ;
#771 = DIRECTION ( 'NONE',  ( -4.336808689942015300E-016, 1.000000000000000000, 0.0000000000000000000 ) ) ;
#772 = CIRCLE ( 'NONE', #773, 8.300000000000000700 ) ;
#773 = AXIS2_PLACEMENT_3D ( 'NONE', #774, #775, #776 ) ;
#774 = CARTESIAN_POINT ( 'NONE',  ( 0.0000000000000000000, 0.0000000000000000000, -32.50000000000000000 ) ) ;
#775 = DIRECTION ( 'NONE',  ( 0.0000000000000000000, 0.0000000000000000000, 1.000000000000000000 ) ) ;
#776 = DIRECTION ( 'NONE',  ( 1.000000000000000000, 0.0000000000000000000, 0.0000000000000000000 ) ) ;
#777 = FACE_OUTER_BOUND ( 'NONE', #1012, .T. ) ;
#778 = CYLINDRICAL_SURFACE ( 'NONE', #779, 7.799999999999999800 ) ;
#779 = AXIS2_PLACEMENT_3D ( 'NONE', #780, #781, #783 ) ;
#780 = CARTESIAN_POINT ( 'NONE',  ( 0.0000000000000000000, 0.0000000000000000000, 20.96091601051825000 ) ) ;
#781 = DIRECTION ( 'NONE',  ( 0.0000000000000000000, 0.0000000000000000000, -1.000000000000000000 ) ) ;
#782 = ADVANCED_FACE ( 'NONE', ( #1768 ), #1769, .T. ) ;
#783 = DIRECTION ( 'NONE',  ( -1.000000000000000000, 0.0000000000000000000, 0.0000000000000000000 ) ) ;
#784 = CARTESIAN_POINT ( 'NONE',  ( -7.128363679972470600, 9.653311931459029400, -8.000000000000000000 ) ) ;
#785 = CARTESIAN_POINT ( 'NONE',  ( -2.934493141924170000, 2.085965004500320400, -36.10000000000000100 ) ) ;
#786 = CARTESIAN_POINT ( 'NONE',  ( 4.795831523312720000, -11.00000000000000000, -4.200000000000000200 ) ) ;
#787 = LINE ( 'NONE', #788, #789 ) ;
#788 = CARTESIAN_POINT ( 'NONE',  ( -3.100000000000000100, 7.700000000000000200, -28.80000000000000100 ) ) ;
#789 = VECTOR ( 'NONE', #790, 1000.000000000000100 ) ;
#790 = DIRECTION ( 'NONE',  ( -0.8660254037844389300, 0.0000000000000000000, -0.4999999999999993300 ) ) ;
#791 = LINE ( 'NONE', #792, #793 ) ;
#792 = CARTESIAN_POINT ( 'NONE',  ( -2.934493141924170000, 2.085965004500320400, -47.00492558530929400 ) ) ;
#793 = VECTOR ( 'NONE', #794, 1000.000000000000000 ) ;
#794 = DIRECTION ( 'NONE',  ( 0.0000000000000000000, 0.0000000000000000000, 1.000000000000000000 ) ) ;
#795 = CARTESIAN_POINT ( 'NONE',  ( -1.500000000000000000, 6.850000000000000500, -19.83772233983160000 ) ) ;
#796 = LINE ( 'NONE', #797, #798 ) ;
#797 = CARTESIAN_POINT ( 'NONE',  ( 3.100000000000000100, 16.97631392310545100, -28.80000000000000100 ) ) ;
#798 = VECTOR ( 'NONE', #800, 1000.000000000000000 ) ;
#799 = ADVANCED_FACE ( 'NONE', ( #1779 ), #1780, .F. ) ;
#800 = DIRECTION ( 'NONE',  ( 0.0000000000000000000, -1.000000000000000000, 0.0000000000000000000 ) ) ;
#801 = CIRCLE ( 'NONE', #802, 4.299999999999998000 ) ;
#802 = AXIS2_PLACEMENT_3D ( 'NONE', #803, #804, #805 ) ;
#803 = CARTESIAN_POINT ( 'NONE',  ( -3.361003918878659900E-015, 7.500000000000000000, -23.00000000000000000 ) ) ;
#804 = DIRECTION ( 'NONE',  ( 0.0000000000000000000, 1.000000000000000000, 0.0000000000000000000 ) ) ;
#805 = DIRECTION ( 'NONE',  ( 0.0000000000000000000, 0.0000000000000000000, 1.000000000000000000 ) ) ;
#806 = FACE_OUTER_BOUND ( 'NONE', #225, .T. ) ;
#807 = FACE_BOUND ( 'NONE', #389, .T. ) ;
#808 = PLANE ( 'NONE',  #809 ) ;
#809 = AXIS2_PLACEMENT_3D ( 'NONE', #810, #811, #812 ) ;
#810 = CARTESIAN_POINT ( 'NONE',  ( 0.0000000000000000000, 0.0000000000000000000, -4.000000000000000000 ) ) ;
#811 = DIRECTION ( 'NONE',  ( 0.0000000000000000000, 0.0000000000000000000, 1.000000000000000000 ) ) ;
#812 = DIRECTION ( 'NONE',  ( 1.000000000000000000, 0.0000000000000000000, 0.0000000000000000000 ) ) ;
#813 = CARTESIAN_POINT ( 'NONE',  ( -2.000000000000000000, 0.5000000000000000000, -36.10000000000000100 ) ) ;
#814 = CARTESIAN_POINT ( 'NONE',  ( -2.000000000000000000, 7.500000000000000000, -29.30000000000000100 ) ) ;
#815 = FACE_OUTER_BOUND ( 'NONE', #99, .T. ) ;
#816 = VERTEX_POINT ( 'NONE', #1799 ) ;
#817 = VERTEX_POINT ( 'NONE', #1800 ) ;
#818 = ORIENTED_EDGE ( 'NONE', *, *, #200, .F. ) ;
#819 = EDGE_CURVE ( 'NONE', #3320, #4983, #1807, .T. ) ;
#820 = PLANE ( 'NONE',  #821 ) ;
#821 = AXIS2_PLACEMENT_3D ( 'NONE', #822, #823, #824 ) ;
#822 = CARTESIAN_POINT ( 'NONE',  ( 1.953371135077714800, 6.250000000000000000, -25.90419372780899800 ) ) ;
#823 = DIRECTION ( 'NONE',  ( -0.4999999999999998300, 0.0000000000000000000, -0.8660254037844387100 ) ) ;
#824 = DIRECTION ( 'NONE',  ( -0.8660254037844387100, 0.0000000000000000000, 0.4999999999999998300 ) ) ;
#825 = CARTESIAN_POINT ( 'NONE',  ( 12.00000000000000000, 0.0000000000000000000, -4.000000000000000000 ) ) ;
#826 = FACE_OUTER_BOUND ( 'NONE', #4522, .T. ) ;
#827 = CYLINDRICAL_SURFACE ( 'NONE', #828, 12.00000000000000000 ) ;
#828 = AXIS2_PLACEMENT_3D ( 'NONE', #829, #830, #831 ) ;
#829 = CARTESIAN_POINT ( 'NONE',  ( 0.0000000000000000000, 0.0000000000000000000, -4.000000000000000000 ) ) ;
#830 = DIRECTION ( 'NONE',  ( 0.0000000000000000000, 0.0000000000000000000, 1.000000000000000000 ) ) ;
#831 = DIRECTION ( 'NONE',  ( 1.000000000000000000, 0.0000000000000000000, 0.0000000000000000000 ) ) ;
#832 = FACE_OUTER_BOUND ( 'NONE', #363, .T. ) ;
#833 = PLANE ( 'NONE',  #834 ) ;
#834 = AXIS2_PLACEMENT_3D ( 'NONE', #835, #837, #838 ) ;
#835 = CARTESIAN_POINT ( 'NONE',  ( 3.440930106817070100, 7.000000000000000000, 20.96091601051825000 ) ) ;
#836 = ORIENTED_EDGE ( 'NONE', *, *, #1150, .T. ) ;
#837 = DIRECTION ( 'NONE',  ( 0.0000000000000000000, -1.000000000000000000, 0.0000000000000000000 ) ) ;
#838 = DIRECTION ( 'NONE',  ( 0.0000000000000000000, 0.0000000000000000000, -1.000000000000000000 ) ) ;
#839 = LINE ( 'NONE', #840, #841 ) ;
#840 = CARTESIAN_POINT ( 'NONE',  ( -2.708209740769725200, 7.500000000000000000, -26.34000000000000000 ) ) ;
#841 = VECTOR ( 'NONE', #842, 1000.000000000000100 ) ;
#842 = DIRECTION ( 'NONE',  ( -0.8660254037844393700, 0.0000000000000000000, -0.4999999999999985000 ) ) ;
#843 = CARTESIAN_POINT ( 'NONE',  ( -3.361003918878659900E-015, 6.250000000000000000, -18.70000000000000300 ) ) ;
#844 = FACE_OUTER_BOUND ( 'NONE', #514, .T. ) ;
#845 = PLANE ( 'NONE',  #846 ) ;
#846 = AXIS2_PLACEMENT_3D ( 'NONE', #847, #848, #849 ) ;
#847 = CARTESIAN_POINT ( 'NONE',  ( 0.0000000000000000000, 9.000000000000000000, -32.50000000000000000 ) ) ;
#848 = DIRECTION ( 'NONE',  ( 0.0000000000000000000, 0.0000000000000000000, 1.000000000000000000 ) ) ;
#849 = DIRECTION ( 'NONE',  ( 1.000000000000000000, 0.0000000000000000000, 0.0000000000000000000 ) ) ;
#850 = LINE ( 'NONE', #851, #852 ) ;
#851 = CARTESIAN_POINT ( 'NONE',  ( -11.92419520328519900, 1.346688068540974100, -4.200000000000000200 ) ) ;
#852 = VECTOR ( 'NONE', #853, 999.9999999999998900 ) ;
#853 = DIRECTION ( 'NONE',  ( 0.4999999999999998900, 0.8660254037844388200, 0.0000000000000000000 ) ) ;
#854 = LINE ( 'NONE', #855, #856 ) ;
#855 = CARTESIAN_POINT ( 'NONE',  ( -11.92419520328519900, -1.346688068540959900, -8.000000000000000000 ) ) ;
#856 = VECTOR ( 'NONE', #857, 1000.000000000000000 ) ;
#857 = DIRECTION ( 'NONE',  ( 0.0000000000000000000, 0.0000000000000000000, -1.000000000000000000 ) ) ;
#858 = CARTESIAN_POINT ( 'NONE',  ( 3.555277766926235200, -7.500000000000000000, -32.50000000000000000 ) ) ;
#859 = CARTESIAN_POINT ( 'NONE',  ( 9.000000000000000000, 0.0000000000000000000, -8.000000000000000000 ) ) ;
#860 =( BOUNDED_CURVE ( )  B_SPLINE_CURVE ( 3, ( #861, #862, #863, #864 ),
 .UNSPECIFIED., .F., .T. ) 
 B_SPLINE_CURVE_WITH_KNOTS ( ( 4, 4 ),
 ( 0.6514907661201081400, 0.8937340454835943600 ),
 .UNSPECIFIED. ) 
 CURVE ( )  GEOMETRIC_REPRESENTATION_ITEM ( )  RATIONAL_B_SPLINE_CURVE ( ( 1.000000000000000000, 0.9951158249372358300, 0.9951158249372358300, 1.000000000000000000 ) ) 
 REPRESENTATION_ITEM ( '' )  );
#861 = CARTESIAN_POINT ( 'NONE',  ( 5.032891812864630100, 6.599999999999999600, -29.16961524227065200 ) ) ;
#862 = CARTESIAN_POINT ( 'NONE',  ( 5.567134249835577400, 6.192608426194564000, -29.40482287707286700 ) ) ;
#863 = CARTESIAN_POINT ( 'NONE',  ( 6.048239312180220000, 5.723651290781606200, -29.67557540544193300 ) ) ;
#864 = CARTESIAN_POINT ( 'NONE',  ( 6.469157595854340100, 5.200000000000000200, -29.97790561913615200 ) ) ;
#865 = CIRCLE ( 'NONE', #866, 3.599999999999999200 ) ;
#866 = AXIS2_PLACEMENT_3D ( 'NONE', #867, #868, #873 ) ;
#867 = CARTESIAN_POINT ( 'NONE',  ( -3.361003918878659900E-015, 6.250000000000000000, -23.00000000000000000 ) ) ;
#868 = DIRECTION ( 'NONE',  ( 0.0000000000000000000, -1.000000000000000000, 0.0000000000000000000 ) ) ;
#869 = EDGE_CURVE ( 'NONE', #1080, #28, #1834, .T. ) ;
#870 = ORIENTED_EDGE ( 'NONE', *, *, #4780, .T. ) ;
#871 = EDGE_LOOP ( 'NONE', ( #1427, #1913, #4364, #4518, #4573, #4632 ) ) ;
#872 = VERTEX_POINT ( 'NONE', #1845 ) ;
#873 = DIRECTION ( 'NONE',  ( -1.776356839400250900E-015, 0.0000000000000000000, 1.000000000000000000 ) ) ;
#874 = CARTESIAN_POINT ( 'NONE',  ( 11.92419520328519900, -1.346688068540961900, -8.000000000000000000 ) ) ;
#875 = CARTESIAN_POINT ( 'NONE',  ( 2.708209740769715000, 7.500000000000000000, -26.34000000000000000 ) ) ;
#876 = CARTESIAN_POINT ( 'NONE',  ( 3.100000000000000100, 7.700000000000000200, -28.80000000000000100 ) ) ;
#877 = FACE_OUTER_BOUND ( 'NONE', #1521, .T. ) ;
#878 = CYLINDRICAL_SURFACE ( 'NONE', #879, 9.000000000000000000 ) ;
#879 = AXIS2_PLACEMENT_3D ( 'NONE', #880, #881, #882 ) ;
#880 = CARTESIAN_POINT ( 'NONE',  ( 0.0000000000000000000, 0.0000000000000000000, -8.000000000000000000 ) ) ;
#881 = DIRECTION ( 'NONE',  ( 0.0000000000000000000, 0.0000000000000000000, 1.000000000000000000 ) ) ;
#882 = DIRECTION ( 'NONE',  ( 1.000000000000000000, 0.0000000000000000000, 0.0000000000000000000 ) ) ;
#883 = CARTESIAN_POINT ( 'NONE',  ( -2.000000000000000000, -0.5000000000000000000, -36.10000000000000100 ) ) ;
#884 = LINE ( 'NONE', #885, #886 ) ;
#885 = CARTESIAN_POINT ( 'NONE',  ( -0.4000000000000000200, 8.200000000000001100, -24.78500000000000000 ) ) ;
#886 = VECTOR ( 'NONE', #887, 1000.000000000000000 ) ;
#887 = DIRECTION ( 'NONE',  ( 0.0000000000000000000, -1.000000000000000000, 0.0000000000000000000 ) ) ;
#888 = LINE ( 'NONE', #890, #891 ) ;
#889 = VERTEX_POINT ( 'NONE', #1855 ) ;
#890 = CARTESIAN_POINT ( 'NONE',  ( -0.5000000000000000000, 7.700000000000000200, -32.80000000000000400 ) ) ;
#891 = VECTOR ( 'NONE', #892, 1000.000000000000000 ) ;
#892 = DIRECTION ( 'NONE',  ( -1.000000000000000000, 0.0000000000000000000, 0.0000000000000000000 ) ) ;
#893 = CARTESIAN_POINT ( 'NONE',  ( 2.708209740769715000, 6.250000000000000000, -26.34000000000000000 ) ) ;
#894 = LINE ( 'NONE', #895, #896 ) ;
#895 = CARTESIAN_POINT ( 'NONE',  ( -7.128363679972479400, -9.653311931459029400, -4.200000000000000200 ) ) ;
#896 = VECTOR ( 'NONE', #897, 999.9999999999998900 ) ;
#897 = DIRECTION ( 'NONE',  ( -0.4999999999999998900, 0.8660254037844388200, 0.0000000000000000000 ) ) ;
#898 = FACE_OUTER_BOUND ( 'NONE', #4826, .T. ) ;
#899 = PLANE ( 'NONE',  #900 ) ;
#900 = AXIS2_PLACEMENT_3D ( 'NONE', #901, #902, #903 ) ;
#901 = CARTESIAN_POINT ( 'NONE',  ( -6.350852961085890600, -11.00000000000000000, -8.000000000000000000 ) ) ;
#902 = DIRECTION ( 'NONE',  ( 0.8660254037844387100, 0.4999999999999998300, 0.0000000000000000000 ) ) ;
#903 = DIRECTION ( 'NONE',  ( -0.4999999999999998300, 0.8660254037844387100, 0.0000000000000000000 ) ) ;
#904 = LINE ( 'NONE', #905, #907 ) ;
#905 = CARTESIAN_POINT ( 'NONE',  ( -2.000000000000000000, -0.5000000000000000000, -36.10000000000000100 ) ) ;
#906 = ORIENTED_EDGE ( 'NONE', *, *, #168, .T. ) ;
#907 = VECTOR ( 'NONE', #908, 1000.000000000000000 ) ;
#908 = DIRECTION ( 'NONE',  ( -1.000000000000000000, 1.084202172485503900E-016, 0.0000000000000000000 ) ) ;
#909 = CARTESIAN_POINT ( 'NONE',  ( 12.00000000000000000, 0.0000000000000000000, -8.000000000000000000 ) ) ;
#910 = CARTESIAN_POINT ( 'NONE',  ( -2.708209740769725200, 7.500000000000000000, -26.34000000000000000 ) ) ;
#911 = FACE_OUTER_BOUND ( 'NONE', #2670, .T. ) ;
#912 = CYLINDRICAL_SURFACE ( 'NONE', #913, 7.799999999999999800 ) ;
#913 = AXIS2_PLACEMENT_3D ( 'NONE', #914, #915, #916 ) ;
#914 = CARTESIAN_POINT ( 'NONE',  ( 0.0000000000000000000, 0.0000000000000000000, 20.96091601051825000 ) ) ;
#915 = DIRECTION ( 'NONE',  ( 0.0000000000000000000, 0.0000000000000000000, -1.000000000000000000 ) ) ;
#916 = DIRECTION ( 'NONE',  ( -1.000000000000000000, 0.0000000000000000000, 0.0000000000000000000 ) ) ;
#917 = LINE ( 'NONE', #918, #919 ) ;
#918 = CARTESIAN_POINT ( 'NONE',  ( -4.753945729601879200, -10.80000000000000100, -4.200000000000000200 ) ) ;
#919 = VECTOR ( 'NONE', #920, 1000.000000000000000 ) ;
#920 = DIRECTION ( 'NONE',  ( 0.0000000000000000000, 0.0000000000000000000, 1.000000000000000000 ) ) ;
#921 = CARTESIAN_POINT ( 'NONE',  ( -6.118823416311330200, 6.599999999999999600, -23.00000000000000000 ) ) ;
#922 = CARTESIAN_POINT ( 'NONE',  ( -11.92419520328519900, 1.346688068540974100, -4.200000000000000200 ) ) ;
#923 = VERTEX_POINT ( 'NONE', #1856 ) ;
#924 = CIRCLE ( 'NONE', #925, 0.5999999999999998700 ) ;
#925 = AXIS2_PLACEMENT_3D ( 'NONE', #926, #927, #928 ) ;
#926 = CARTESIAN_POINT ( 'NONE',  ( -2.510229073212240100, 2.510229073212250300, -44.50000000000000000 ) ) ;
#927 = DIRECTION ( 'NONE',  ( 0.0000000000000000000, 0.0000000000000000000, 1.000000000000000000 ) ) ;
#928 = DIRECTION ( 'NONE',  ( 1.000000000000000000, 0.0000000000000000000, 0.0000000000000000000 ) ) ;
#929 = CARTESIAN_POINT ( 'NONE',  ( 6.469157595854340100, 5.200000000000000200, -29.97790561913615200 ) ) ;
#930 = FACE_OUTER_BOUND ( 'NONE', #1410, .T. ) ;
#931 = FACE_BOUND ( 'NONE', #5213, .T. ) ;
#932 = PLANE ( 'NONE',  #933 ) ;
#933 = AXIS2_PLACEMENT_3D ( 'NONE', #934, #935, #936 ) ;
#934 = CARTESIAN_POINT ( 'NONE',  ( 0.0000000000000000000, 8.300000000000000700, -34.50000000000000000 ) ) ;
#935 = DIRECTION ( 'NONE',  ( 0.0000000000000000000, 0.0000000000000000000, 1.000000000000000000 ) ) ;
#936 = DIRECTION ( 'NONE',  ( 1.000000000000000000, 0.0000000000000000000, 0.0000000000000000000 ) ) ;
#937 = CARTESIAN_POINT ( 'NONE',  ( 1.500000000000000000, 6.250000000000000000, -19.72738636560929800 ) ) ;
#938 = LINE ( 'NONE', #939, #943 ) ;
#939 = CARTESIAN_POINT ( 'NONE',  ( -11.73004722567288000, 1.282962229952234100, -4.000000000000000000 ) ) ;
#940 = ORIENTED_EDGE ( 'NONE', *, *, #1539, .T. ) ;
#941 = EDGE_CURVE ( 'NONE', #4976, #4908, #1869, .T. ) ;
#942 = EDGE_CURVE ( 'NONE', #5102, #1149, #1874, .T. ) ;
#943 = VECTOR ( 'NONE', #944, 999.9999999999998900 ) ;
#944 = DIRECTION ( 'NONE',  ( 0.4999999999999998900, 0.8660254037844388200, 0.0000000000000000000 ) ) ;
#945 = LINE ( 'NONE', #946, #947 ) ;
#946 = CARTESIAN_POINT ( 'NONE',  ( 3.555277766926235200, -7.500000000000000000, 19.26826348552040000 ) ) ;
#947 = VECTOR ( 'NONE', #948, 1000.000000000000000 ) ;
#948 = DIRECTION ( 'NONE',  ( 0.0000000000000000000, 0.0000000000000000000, -1.000000000000000000 ) ) ;
#949 = LINE ( 'NONE', #950, #951 ) ;
#950 = CARTESIAN_POINT ( 'NONE',  ( -1.953371135077724800, 6.250000000000000000, -25.90419372780899800 ) ) ;
#951 = VECTOR ( 'NONE', #952, 1000.000000000000000 ) ;
#952 = DIRECTION ( 'NONE',  ( 0.0000000000000000000, 1.000000000000000000, 0.0000000000000000000 ) ) ;
#953 = LINE ( 'NONE', #954, #955 ) ;
#954 = CARTESIAN_POINT ( 'NONE',  ( -3.361003918878659900E-015, 6.250000000000000000, -18.70000000000000300 ) ) ;
#955 = VECTOR ( 'NONE', #956, 1000.000000000000000 ) ;
#956 = DIRECTION ( 'NONE',  ( 0.0000000000000000000, 1.000000000000000000, 0.0000000000000000000 ) ) ;
#957 = LINE ( 'NONE', #958, #959 ) ;
#958 = CARTESIAN_POINT ( 'NONE',  ( -3.000000000000000000, -0.5000000000000000000, -46.41421356237309900 ) ) ;
#959 = VECTOR ( 'NONE', #960, 1000.000000000000000 ) ;
#960 = DIRECTION ( 'NONE',  ( 0.0000000000000000000, 0.0000000000000000000, 1.000000000000000000 ) ) ;
#961 = CIRCLE ( 'NONE', #962, 8.284926070883189600 ) ;
#962 = AXIS2_PLACEMENT_3D ( 'NONE', #963, #964, #965 ) ;
#963 = CARTESIAN_POINT ( 'NONE',  ( -0.5000000000000000000, -0.1000000000000000100, -23.00000000000000000 ) ) ;
#964 = DIRECTION ( 'NONE',  ( 1.000000000000000000, 0.0000000000000000000, -5.421010862420969700E-016 ) ) ;
#965 = DIRECTION ( 'NONE',  ( 5.365441850848885100E-016, -8.437648052092571800E-014, 1.000000000000000000 ) ) ;
#966 = CIRCLE ( 'NONE', #967, 6.000000000000000000 ) ;
#967 = AXIS2_PLACEMENT_3D ( 'NONE', #968, #969, #970 ) ;
#968 = CARTESIAN_POINT ( 'NONE',  ( 0.0000000000000000000, 0.0000000000000000000, -38.00000000000000000 ) ) ;
#969 = DIRECTION ( 'NONE',  ( 0.0000000000000000000, 0.0000000000000000000, 1.000000000000000000 ) ) ;
#970 = DIRECTION ( 'NONE',  ( 1.000000000000000000, 0.0000000000000000000, 0.0000000000000000000 ) ) ;
#971 = CARTESIAN_POINT ( 'NONE',  ( -0.5000000000000000000, 7.700000000000000200, -32.80000000000000400 ) ) ;
#972 = CARTESIAN_POINT ( 'NONE',  ( 12.00000000000000000, 0.0000000000000000000, -4.200000000000000200 ) ) ;
#973 = CIRCLE ( 'NONE', #974, 7.206140543901439900 ) ;
#974 = AXIS2_PLACEMENT_3D ( 'NONE', #976, #977, #978 ) ;
#975 = VERTEX_POINT ( 'NONE', #1909 ) ;
#976 = CARTESIAN_POINT ( 'NONE',  ( -0.8076923076932920300, -0.1000000000000000100, -18.96153846153849900 ) ) ;
#977 = DIRECTION ( 'NONE',  ( -0.1961161351384150000, 0.0000000000000000000, 0.9805806756908739300 ) ) ;
#978 = DIRECTION ( 'NONE',  ( -0.9805806756908740400, -1.509819123650004300E-014, -0.1961161351384148300 ) ) ;
#979 = LINE ( 'NONE', #980, #981 ) ;
#980 = CARTESIAN_POINT ( 'NONE',  ( 2.350000000000000100, 6.000000000000000000, -34.10000000000000100 ) ) ;
#981 = VECTOR ( 'NONE', #982, 1000.000000000000000 ) ;
#982 = DIRECTION ( 'NONE',  ( -1.000000000000000000, 0.0000000000000000000, 0.0000000000000000000 ) ) ;
#983 = FACE_OUTER_BOUND ( 'NONE', #5089, .T. ) ;
#984 = SPHERICAL_SURFACE ( 'NONE', #985, 8.300000000000000700 ) ;
#985 = AXIS2_PLACEMENT_3D ( 'NONE', #986, #987, #988 ) ;
#986 = CARTESIAN_POINT ( 'NONE',  ( 0.0000000000000000000, -0.1000000000000000100, -23.00000000000000000 ) ) ;
#987 = DIRECTION ( 'NONE',  ( -1.000000000000000000, 0.0000000000000000000, 0.0000000000000000000 ) ) ;
#988 = DIRECTION ( 'NONE',  ( 0.0000000000000000000, 0.0000000000000000000, -1.000000000000000000 ) ) ;
#989 = FACE_OUTER_BOUND ( 'NONE', #2956, .T. ) ;
#990 = SPHERICAL_SURFACE ( 'NONE', #991, 8.300000000000000700 ) ;
#991 = AXIS2_PLACEMENT_3D ( 'NONE', #995, #996, #997 ) ;
#992 = EDGE_CURVE ( 'NONE', #1115, #532, #1922, .T. ) ;
#993 = VERTEX_POINT ( 'NONE', #1937 ) ;
#994 = ORIENTED_EDGE ( 'NONE', *, *, #4515, .T. ) ;
#995 = CARTESIAN_POINT ( 'NONE',  ( 0.0000000000000000000, -0.1000000000000000100, -23.00000000000000000 ) ) ;
#996 = DIRECTION ( 'NONE',  ( -1.000000000000000000, 0.0000000000000000000, 0.0000000000000000000 ) ) ;
#997 = DIRECTION ( 'NONE',  ( 0.0000000000000000000, 0.0000000000000000000, -1.000000000000000000 ) ) ;
#998 = CIRCLE ( 'NONE', #999, 11.79999999999999900 ) ;
#999 = AXIS2_PLACEMENT_3D ( 'NONE', #1000, #1001, #1002 ) ;
#1000 = CARTESIAN_POINT ( 'NONE',  ( 0.0000000000000000000, 0.0000000000000000000, -4.000000000000000000 ) ) ;
#1001 = DIRECTION ( 'NONE',  ( 0.0000000000000000000, 0.0000000000000000000, -1.000000000000000000 ) ) ;
#1002 = DIRECTION ( 'NONE',  ( -1.000000000000000000, 0.0000000000000000000, 0.0000000000000000000 ) ) ;
#1003 = FACE_OUTER_BOUND ( 'NONE', #1953, .T. ) ;
#1004 = PLANE ( 'NONE',  #1005 ) ;
#1005 = AXIS2_PLACEMENT_3D ( 'NONE', #1006, #1007, #1008 ) ;
#1006 = CARTESIAN_POINT ( 'NONE',  ( 0.0000000000000000000, 8.300000000000000700, -2.000000000000000000 ) ) ;
#1007 = DIRECTION ( 'NONE',  ( 0.0000000000000000000, 0.0000000000000000000, -1.000000000000000000 ) ) ;
#1008 = DIRECTION ( 'NONE',  ( -1.000000000000000000, 0.0000000000000000000, 0.0000000000000000000 ) ) ;
#1009 = LINE ( 'NONE', #1010, #1013 ) ;
#1010 = CARTESIAN_POINT ( 'NONE',  ( 12.00000000000000000, 0.0000000000000000000, -4.000000000000000000 ) ) ;
#1011 = EDGE_CURVE ( 'NONE', #5184, #975, #1944, .T. ) ;
#1012 = EDGE_LOOP ( 'NONE', ( #1578, #1029, #1464, #1783 ) ) ;
#1013 = VECTOR ( 'NONE', #1014, 1000.000000000000000 ) ;
#1014 = DIRECTION ( 'NONE',  ( 0.0000000000000000000, 0.0000000000000000000, 1.000000000000000000 ) ) ;
#1015 = FACE_OUTER_BOUND ( 'NONE', #4822, .T. ) ;
#1016 = PLANE ( 'NONE',  #1017 ) ;
#1017 = AXIS2_PLACEMENT_3D ( 'NONE', #1018, #1019, #1020 ) ;
#1018 = CARTESIAN_POINT ( 'NONE',  ( 0.0000000000000000000, 9.000000000000000000, -32.50000000000000000 ) ) ;
#1019 = DIRECTION ( 'NONE',  ( 0.0000000000000000000, 0.0000000000000000000, 1.000000000000000000 ) ) ;
#1020 = DIRECTION ( 'NONE',  ( 1.000000000000000000, 0.0000000000000000000, 0.0000000000000000000 ) ) ;
#1021 = LINE ( 'NONE', #1022, #1023 ) ;
#1022 = CARTESIAN_POINT ( 'NONE',  ( 11.73004722567288000, -1.282962229952219900, -4.200000000000000200 ) ) ;
#1023 = VECTOR ( 'NONE', #1024, 999.9999999999998900 ) ;
#1024 = DIRECTION ( 'NONE',  ( -0.4999999999999998900, -0.8660254037844388200, 0.0000000000000000000 ) ) ;
#1025 = LINE ( 'NONE', #1026, #1027 ) ;
#1026 = CARTESIAN_POINT ( 'NONE',  ( -0.5000000000000000000, 7.500000000000000000, -29.30000000000000100 ) ) ;
#1027 = VECTOR ( 'NONE', #1028, 1000.000000000000000 ) ;
#1028 = DIRECTION ( 'NONE',  ( -1.239088197126289800E-016, 0.0000000000000000000, -1.000000000000000000 ) ) ;
#1029 = ORIENTED_EDGE ( 'NONE', *, *, #2244, .T. ) ;
#1030 = LINE ( 'NONE', #1031, #1032 ) ;
#1031 = CARTESIAN_POINT ( 'NONE',  ( -0.3837597319768095100, 6.865170324466499900, -19.42051282051280100 ) ) ;
#1032 = VECTOR ( 'NONE', #1033, 1000.000000000000000 ) ;
#1033 = DIRECTION ( 'NONE',  ( 0.0000000000000000000, 1.000000000000000000, 0.0000000000000000000 ) ) ;
#1034 = LINE ( 'NONE', #1035, #1036 ) ;
#1035 = CARTESIAN_POINT ( 'NONE',  ( 11.73004722567288000, -1.282962229952219900, -4.200000000000000200 ) ) ;
#1036 = VECTOR ( 'NONE', #1037, 1000.000000000000000 ) ;
#1037 = DIRECTION ( 'NONE',  ( 0.0000000000000000000, 0.0000000000000000000, 1.000000000000000000 ) ) ;
#1038 = LINE ( 'NONE', #1039, #1040 ) ;
#1039 = CARTESIAN_POINT ( 'NONE',  ( 4.795831523312720000, -11.00000000000000000, -8.000000000000000000 ) ) ;
#1040 = VECTOR ( 'NONE', #1041, 1000.000000000000000 ) ;
#1041 = DIRECTION ( 'NONE',  ( 0.0000000000000000000, 0.0000000000000000000, 1.000000000000000000 ) ) ;
#1042 = CARTESIAN_POINT ( 'NONE',  ( 6.000000000000000000, 0.0000000000000000000, -38.00000000000000000 ) ) ;
#1043 = FACE_OUTER_BOUND ( 'NONE', #2975, .T. ) ;
#1044 = PLANE ( 'NONE',  #1045 ) ;
#1045 = AXIS2_PLACEMENT_3D ( 'NONE', #1046, #1047, #1048 ) ;
#1046 = CARTESIAN_POINT ( 'NONE',  ( -9.000000000000000000, 7.500000000000000000, -33.45055534994654800 ) ) ;
#1047 = DIRECTION ( 'NONE',  ( 0.0000000000000000000, -0.5000000000000011100, -0.8660254037844379300 ) ) ;
#1048 = DIRECTION ( 'NONE',  ( 0.0000000000000000000, 0.8660254037844379300, -0.5000000000000011100 ) ) ;
#1049 = LINE ( 'NONE', #1050, #1051 ) ;
#1050 = CARTESIAN_POINT ( 'NONE',  ( 1.953371135077714800, 6.250000000000000000, -25.90419372780899800 ) ) ;
#1051 = VECTOR ( 'NONE', #1052, 999.9999999999998900 ) ;
#1052 = DIRECTION ( 'NONE',  ( -0.8660254037844388200, 0.0000000000000000000, 0.4999999999999998900 ) ) ;
#1053 = CARTESIAN_POINT ( 'NONE',  ( 4.753945729601879200, -10.80000000000000100, -4.000000000000000000 ) ) ;
#1054 = LINE ( 'NONE', #1055, #1056 ) ;
#1055 = CARTESIAN_POINT ( 'NONE',  ( -3.216025403784439800, 7.500000000000000000, -27.49535938970580100 ) ) ;
#1056 = VECTOR ( 'NONE', #1057, 1000.000000000000000 ) ;
#1057 = DIRECTION ( 'NONE',  ( 0.0000000000000000000, 0.0000000000000000000, -1.000000000000000000 ) ) ;
#1058 = LINE ( 'NONE', #1059, #1060 ) ;
#1059 = CARTESIAN_POINT ( 'NONE',  ( -0.5000000000000000000, 7.500000000000000000, -29.30000000000000100 ) ) ;
#1060 = VECTOR ( 'NONE', #1061, 1000.000000000000000 ) ;
#1061 = DIRECTION ( 'NONE',  ( 1.000000000000000000, 0.0000000000000000000, 0.0000000000000000000 ) ) ;
#1062 = EDGE_CURVE ( 'NONE', #5037, #1271, #1982, .T. ) ;
#1063 = ORIENTED_EDGE ( 'NONE', *, *, #2023, .T. ) ;
#1064 = CIRCLE ( 'NONE', #1065, 8.292617198448271100 ) ;
#1065 = AXIS2_PLACEMENT_3D ( 'NONE', #1066, #1067, #1068 ) ;
#1066 = CARTESIAN_POINT ( 'NONE',  ( 0.0000000000000000000, -0.1000000000000000100, -23.34999999999999800 ) ) ;
#1067 = DIRECTION ( 'NONE',  ( 0.0000000000000000000, 0.0000000000000000000, 1.000000000000000000 ) ) ;
#1068 = DIRECTION ( 'NONE',  ( 1.000000000000000000, 0.0000000000000000000, 0.0000000000000000000 ) ) ;
#1069 = CARTESIAN_POINT ( 'NONE',  ( -0.5000000000000000000, 7.099305522062390000, -18.89999999999975000 ) ) ;
#1070 = FACE_BOUND ( 'NONE', #4495, .T. ) ;
#1071 = FACE_OUTER_BOUND ( 'NONE', #5059, .T. ) ;
#1072 = PLANE ( 'NONE',  #1073 ) ;
#1073 = AXIS2_PLACEMENT_3D ( 'NONE', #1074, #1075, #1076 ) ;
#1074 = CARTESIAN_POINT ( 'NONE',  ( 0.0000000000000000000, 5.250000000000000000, -38.00000000000000000 ) ) ;
#1075 = DIRECTION ( 'NONE',  ( 0.0000000000000000000, 0.0000000000000000000, -1.000000000000000000 ) ) ;
#1076 = DIRECTION ( 'NONE',  ( -1.000000000000000000, 0.0000000000000000000, 0.0000000000000000000 ) ) ;
#1077 = CARTESIAN_POINT ( 'NONE',  ( 6.976101496070990400, -9.517037770047780400, -4.200000000000000200 ) ) ;
#1078 = LINE ( 'NONE', #1079, #1082 ) ;
#1079 = CARTESIAN_POINT ( 'NONE',  ( 7.345747068882770000, 5.200000000000000200, 19.26826348552040000 ) ) ;
#1080 = VERTEX_POINT ( 'NONE', #1997 ) ;
#1081 = ORIENTED_EDGE ( 'NONE', *, *, #5122, .F. ) ;
#1082 = VECTOR ( 'NONE', #1083, 1000.000000000000000 ) ;
#1083 = DIRECTION ( 'NONE',  ( 0.0000000000000000000, 0.0000000000000000000, 1.000000000000000000 ) ) ;
#1084 = FACE_OUTER_BOUND ( 'NONE', #175, .T. ) ;
#1085 = PLANE ( 'NONE',  #1086 ) ;
#1086 = AXIS2_PLACEMENT_3D ( 'NONE', #1087, #1088, #1089 ) ;
#1087 = CARTESIAN_POINT ( 'NONE',  ( 0.5000000000000000000, 8.201000000000000500, -18.89999999999975000 ) ) ;
#1088 = DIRECTION ( 'NONE',  ( 1.000000000000000000, 0.0000000000000000000, 5.421010862420880000E-016 ) ) ;
#1089 = DIRECTION ( 'NONE',  ( 5.421010862420880000E-016, 0.0000000000000000000, -1.000000000000000000 ) ) ;
#1090 = LINE ( 'NONE', #1091, #1092 ) ;
#1091 = CARTESIAN_POINT ( 'NONE',  ( 3.100000000000000100, 7.500000000000000000, -29.74944465005350100 ) ) ;
#1092 = VECTOR ( 'NONE', #1093, 999.9999999999998900 ) ;
#1093 = DIRECTION ( 'NONE',  ( -1.636531581110200800E-016, -0.8660254037844386000, -0.5000000000000003300 ) ) ;
#1094 = CIRCLE ( 'NONE', #1095, 11.79999999999999900 ) ;
#1095 = AXIS2_PLACEMENT_3D ( 'NONE', #1096, #1097, #1099 ) ;
#1096 = CARTESIAN_POINT ( 'NONE',  ( 0.0000000000000000000, 0.0000000000000000000, -4.000000000000000000 ) ) ;
#1097 = DIRECTION ( 'NONE',  ( 0.0000000000000000000, 0.0000000000000000000, -1.000000000000000000 ) ) ;
#1098 = EDGE_LOOP ( 'NONE', ( #4914, #4987, #1952 ) ) ;
#1099 = DIRECTION ( 'NONE',  ( -1.000000000000000000, 0.0000000000000000000, 0.0000000000000000000 ) ) ;
#1100 = FACE_OUTER_BOUND ( 'NONE', #4714, .T. ) ;
#1101 = CYLINDRICAL_SURFACE ( 'NONE', #1102, 9.000000000000000000 ) ;
#1102 = AXIS2_PLACEMENT_3D ( 'NONE', #1103, #1104, #1105 ) ;
#1103 = CARTESIAN_POINT ( 'NONE',  ( 0.0000000000000000000, 0.0000000000000000000, 19.26826348552040000 ) ) ;
#1104 = DIRECTION ( 'NONE',  ( 0.0000000000000000000, 0.0000000000000000000, 1.000000000000000000 ) ) ;
#1105 = DIRECTION ( 'NONE',  ( 1.000000000000000000, 0.0000000000000000000, 0.0000000000000000000 ) ) ;
#1106 = LINE ( 'NONE', #1107, #1108 ) ;
#1107 = CARTESIAN_POINT ( 'NONE',  ( 2.000000000000000000, 7.500000000000000000, -29.30000000000000100 ) ) ;
#1108 = VECTOR ( 'NONE', #1109, 1000.000000000000000 ) ;
#1109 = DIRECTION ( 'NONE',  ( -2.478176394252580200E-016, 0.0000000000000000000, -1.000000000000000000 ) ) ;
#1110 = CIRCLE ( 'NONE', #1111, 8.300000000000000700 ) ;
#1111 = AXIS2_PLACEMENT_3D ( 'NONE', #1112, #1113, #1114 ) ;
#1112 = CARTESIAN_POINT ( 'NONE',  ( 0.0000000000000000000, 0.0000000000000000000, -0.2000000000000000100 ) ) ;
#1113 = DIRECTION ( 'NONE',  ( 0.0000000000000000000, 0.0000000000000000000, 1.000000000000000000 ) ) ;
#1114 = DIRECTION ( 'NONE',  ( 1.000000000000000000, 0.0000000000000000000, 0.0000000000000000000 ) ) ;
#1115 = VERTEX_POINT ( 'NONE', #2016 ) ;
#1116 = CIRCLE ( 'NONE', #1117, 3.499999999999999600 ) ;
#1117 = AXIS2_PLACEMENT_3D ( 'NONE', #1118, #1119, #1120 ) ;
#1118 = CARTESIAN_POINT ( 'NONE',  ( -3.361003918878659900E-015, 7.500000000000000000, -23.00000000000000000 ) ) ;
#1119 = DIRECTION ( 'NONE',  ( 0.0000000000000000000, 1.000000000000000000, 0.0000000000000000000 ) ) ;
#1120 = DIRECTION ( 'NONE',  ( 0.0000000000000000000, 0.0000000000000000000, 1.000000000000000000 ) ) ;
#1121 = FACE_OUTER_BOUND ( 'NONE', #40, .T. ) ;
#1122 = CYLINDRICAL_SURFACE ( 'NONE', #1123, 11.79999999999999900 ) ;
#1123 = AXIS2_PLACEMENT_3D ( 'NONE', #1124, #1125, #1126 ) ;
#1124 = CARTESIAN_POINT ( 'NONE',  ( 0.0000000000000000000, 0.0000000000000000000, -4.200000000000000200 ) ) ;
#1125 = DIRECTION ( 'NONE',  ( 0.0000000000000000000, 0.0000000000000000000, 1.000000000000000000 ) ) ;
#1126 = DIRECTION ( 'NONE',  ( 1.000000000000000000, 0.0000000000000000000, 0.0000000000000000000 ) ) ;
#1127 = CARTESIAN_POINT ( 'NONE',  ( -0.5000000000000000000, 7.500000000000000000, -29.30000000000000100 ) ) ;
#1128 = FACE_OUTER_BOUND ( 'NONE', #3430, .T. ) ;
#1129 = CYLINDRICAL_SURFACE ( 'NONE', #1130, 6.000000000000000000 ) ;
#1130 = AXIS2_PLACEMENT_3D ( 'NONE', #1131, #1133, #1134 ) ;
#1131 = CARTESIAN_POINT ( 'NONE',  ( 0.0000000000000000000, 0.0000000000000000000, 4.095657111477150300 ) ) ;
#1132 = ORIENTED_EDGE ( 'NONE', *, *, #583, .T. ) ;
#1133 = DIRECTION ( 'NONE',  ( 0.0000000000000000000, 0.0000000000000000000, 1.000000000000000000 ) ) ;
#1134 = DIRECTION ( 'NONE',  ( 1.000000000000000000, 0.0000000000000000000, 0.0000000000000000000 ) ) ;
#1135 = FACE_OUTER_BOUND ( 'NONE', #26, .T. ) ;
#1136 = PLANE ( 'NONE',  #1137 ) ;
#1137 = AXIS2_PLACEMENT_3D ( 'NONE', #1138, #1139, #1140 ) ;
#1138 = CARTESIAN_POINT ( 'NONE',  ( -9.000000000000000000, 6.200000000000000200, -30.50000000000000000 ) ) ;
#1139 = DIRECTION ( 'NONE',  ( 0.0000000000000000000, -1.000000000000000000, 0.0000000000000000000 ) ) ;
#1140 = DIRECTION ( 'NONE',  ( 0.0000000000000000000, 0.0000000000000000000, -1.000000000000000000 ) ) ;
#1141 = LINE ( 'NONE', #1142, #1143 ) ;
#1142 = CARTESIAN_POINT ( 'NONE',  ( 3.100000000000000100, 7.700000000000000200, -28.80000000000000100 ) ) ;
#1143 = VECTOR ( 'NONE', #1144, 1000.000000000000100 ) ;
#1144 = DIRECTION ( 'NONE',  ( -0.8660254037844389300, 0.0000000000000000000, 0.4999999999999993300 ) ) ;
#1145 = CIRCLE ( 'NONE', #1146, 11.79999999999999900 ) ;
#1146 = AXIS2_PLACEMENT_3D ( 'NONE', #1147, #1148, #1151 ) ;
#1147 = CARTESIAN_POINT ( 'NONE',  ( 0.0000000000000000000, 0.0000000000000000000, -4.000000000000000000 ) ) ;
#1148 = DIRECTION ( 'NONE',  ( 0.0000000000000000000, 0.0000000000000000000, -1.000000000000000000 ) ) ;
#1149 = VERTEX_POINT ( 'NONE', #2064 ) ;
#1150 = EDGE_CURVE ( 'NONE', #2485, #4931, #2087, .T. ) ;
#1151 = DIRECTION ( 'NONE',  ( -1.000000000000000000, 0.0000000000000000000, 0.0000000000000000000 ) ) ;
#1152 = LINE ( 'NONE', #1153, #1154 ) ;
#1153 = CARTESIAN_POINT ( 'NONE',  ( -2.350000000000000100, 6.000000000000000000, -27.49535938970580100 ) ) ;
#1154 = VECTOR ( 'NONE', #1155, 1000.000000000000000 ) ;
#1155 = DIRECTION ( 'NONE',  ( 0.0000000000000000000, 0.0000000000000000000, -1.000000000000000000 ) ) ;
#1156 = CARTESIAN_POINT ( 'NONE',  ( 3.482456029873170200, 7.425955088890710000, -23.34999999999999800 ) ) ;
#1157 = CIRCLE ( 'NONE', #1158, 9.000000000000000000 ) ;
#1158 = AXIS2_PLACEMENT_3D ( 'NONE', #1159, #1160, #1161 ) ;
#1159 = CARTESIAN_POINT ( 'NONE',  ( 0.0000000000000000000, 0.0000000000000000000, -32.50000000000000000 ) ) ;
#1160 = DIRECTION ( 'NONE',  ( 0.0000000000000000000, 0.0000000000000000000, 1.000000000000000000 ) ) ;
#1161 = DIRECTION ( 'NONE',  ( 1.000000000000000000, 0.0000000000000000000, 0.0000000000000000000 ) ) ;
#1162 = LINE ( 'NONE', #1163, #1164 ) ;
#1163 = CARTESIAN_POINT ( 'NONE',  ( 5.250000000000000000, 0.0000000000000000000, 4.095657111477150300 ) ) ;
#1164 = VECTOR ( 'NONE', #1165, 1000.000000000000000 ) ;
#1165 = DIRECTION ( 'NONE',  ( 0.0000000000000000000, 0.0000000000000000000, 1.000000000000000000 ) ) ;
#1166 = CIRCLE ( 'NONE', #1168, 9.000000000000000000 ) ;
#1167 = ORIENTED_EDGE ( 'NONE', *, *, #181, .T. ) ;
#1168 = AXIS2_PLACEMENT_3D ( 'NONE', #1169, #1170, #1171 ) ;
#1169 = CARTESIAN_POINT ( 'NONE',  ( 0.0000000000000000000, 0.0000000000000000000, -8.000000000000000000 ) ) ;
#1170 = DIRECTION ( 'NONE',  ( 0.0000000000000000000, 0.0000000000000000000, 1.000000000000000000 ) ) ;
#1171 = DIRECTION ( 'NONE',  ( 1.000000000000000000, 0.0000000000000000000, 0.0000000000000000000 ) ) ;
#1172 = FACE_OUTER_BOUND ( 'NONE', #4832, .T. ) ;
#1173 = PLANE ( 'NONE',  #1174 ) ;
#1174 = AXIS2_PLACEMENT_3D ( 'NONE', #1175, #1176, #1177 ) ;
#1175 = CARTESIAN_POINT ( 'NONE',  ( -9.000000000000000000, 6.200000000000000200, -30.50000000000000000 ) ) ;
#1176 = DIRECTION ( 'NONE',  ( 0.0000000000000000000, -1.000000000000000000, 0.0000000000000000000 ) ) ;
#1177 = DIRECTION ( 'NONE',  ( 0.0000000000000000000, 0.0000000000000000000, -1.000000000000000000 ) ) ;
#1178 = CARTESIAN_POINT ( 'NONE',  ( -4.974937185533099700, 7.500000000000000000, -19.13477038198249900 ) ) ;
#1179 = B_SPLINE_CURVE_WITH_KNOTS ( 'NONE', 3,
 ( #1180, #1181, #1182, #1183, #1185, #1186, #1187, #1188, #1189, #1190 ),
 .UNSPECIFIED., .F., .F.,
 ( 4, 2, 2, 2, 4 ),
 ( 0.01004301342346113400, 0.01109448912746726100, 0.01214596483147338900, 0.01319744053547951600, 0.01424891623948564300 ),
 .UNSPECIFIED. ) ;
#1180 = CARTESIAN_POINT ( 'NONE',  ( 6.118823416311330200, 6.599999999999999600, -23.00000000000000000 ) ) ;
#1181 = CARTESIAN_POINT ( 'NONE',  ( 6.118823416311339100, 6.599999999999999600, -22.64745290990798700 ) ) ;
#1182 = CARTESIAN_POINT ( 'NONE',  ( 6.096158399479156400, 6.621230817756279300, -22.29832315470958500 ) ) ;
#1183 = CARTESIAN_POINT ( 'NONE',  ( 6.004349007420761300, 6.704598255722044300, -21.60687742386388500 ) ) ;
#1184 = ORIENTED_EDGE ( 'NONE', *, *, #3861, .F. ) ;
#1185 = CARTESIAN_POINT ( 'NONE',  ( 5.934034315593213400, 6.767751458176969800, -21.26152314239537200 ) ) ;
#1186 = CARTESIAN_POINT ( 'NONE',  ( 5.746279779142563300, 6.927877868302212900, -20.60309561792365700 ) ) ;
#1187 = CARTESIAN_POINT ( 'NONE',  ( 5.628983426677913300, 7.024771260739811400, -20.28780544497358200 ) ) ;
#1188 = CARTESIAN_POINT ( 'NONE',  ( 5.341529170519825300, 7.245752673395388800, -19.68539472417291600 ) ) ;
#1189 = CARTESIAN_POINT ( 'NONE',  ( 5.169525836530128900, 7.370924491236284100, -19.39691334473737800 ) ) ;
#1190 = CARTESIAN_POINT ( 'NONE',  ( 4.974937185533099700, 7.500000000000000000, -19.13477038198249900 ) ) ;
#1191 = FACE_OUTER_BOUND ( 'NONE', #191, .T. ) ;
#1192 = PLANE ( 'NONE',  #1193 ) ;
#1193 = AXIS2_PLACEMENT_3D ( 'NONE', #1194, #1195, #1196 ) ;
#1194 = CARTESIAN_POINT ( 'NONE',  ( -0.5000000000000000000, 3.692113447068044800, -32.80000000000000400 ) ) ;
#1195 = DIRECTION ( 'NONE',  ( 0.0000000000000000000, 0.0000000000000000000, -1.000000000000000000 ) ) ;
#1196 = DIRECTION ( 'NONE',  ( -1.000000000000000000, 0.0000000000000000000, 0.0000000000000000000 ) ) ;
#1197 = FACE_OUTER_BOUND ( 'NONE', #2793, .T. ) ;
#1198 = PLANE ( 'NONE',  #1199 ) ;
#1199 = AXIS2_PLACEMENT_3D ( 'NONE', #1200, #1202, #1203 ) ;
#1200 = CARTESIAN_POINT ( 'NONE',  ( -9.000000000000000000, 7.500000000000000000, -33.45055534994654800 ) ) ;
#1201 = ORIENTED_EDGE ( 'NONE', *, *, #1481, .F. ) ;
#1202 = DIRECTION ( 'NONE',  ( 0.0000000000000000000, -0.5000000000000011100, -0.8660254037844379300 ) ) ;
#1203 = DIRECTION ( 'NONE',  ( 0.0000000000000000000, 0.8660254037844379300, -0.5000000000000011100 ) ) ;
#1204 = LINE ( 'NONE', #1205, #1206 ) ;
#1205 = CARTESIAN_POINT ( 'NONE',  ( -0.3287187078897850200, 7.700000000000000200, -27.19999999999999900 ) ) ;
#1206 = VECTOR ( 'NONE', #1207, 1000.000000000000000 ) ;
#1207 = DIRECTION ( 'NONE',  ( -1.000000000000000000, 0.0000000000000000000, 0.0000000000000000000 ) ) ;
#1208 = LINE ( 'NONE', #1209, #1210 ) ;
#1209 = CARTESIAN_POINT ( 'NONE',  ( -6.118823416311330200, 6.599999999999999600, 19.26826348552040000 ) ) ;
#1210 = VECTOR ( 'NONE', #1211, 1000.000000000000000 ) ;
#1211 = DIRECTION ( 'NONE',  ( 0.0000000000000000000, 0.0000000000000000000, 1.000000000000000000 ) ) ;
#1212 = CARTESIAN_POINT ( 'NONE',  ( 7.345747068882780600, 5.200000000000000200, -29.97790561913615200 ) ) ;
#1213 = FACE_OUTER_BOUND ( 'NONE', #196, .T. ) ;
#1214 = PLANE ( 'NONE',  #1215 ) ;
#1215 = AXIS2_PLACEMENT_3D ( 'NONE', #1216, #1217, #1220 ) ;
#1216 = CARTESIAN_POINT ( 'NONE',  ( -2.000000000000000000, -0.5000000000000000000, -46.41421356237309900 ) ) ;
#1217 = DIRECTION ( 'NONE',  ( 1.084202172485503900E-016, 1.000000000000000000, 0.0000000000000000000 ) ) ;
#1218 = ORIENTED_EDGE ( 'NONE', *, *, #259, .T. ) ;
#1219 = ORIENTED_EDGE ( 'NONE', *, *, #1539, .F. ) ;
#1220 = DIRECTION ( 'NONE',  ( -1.000000000000000000, 1.084202172485503900E-016, 0.0000000000000000000 ) ) ;
#1221 = CARTESIAN_POINT ( 'NONE',  ( 2.000000000000000000, 7.500000000000000000, -29.30000000000000100 ) ) ;
#1222 = CARTESIAN_POINT ( 'NONE',  ( -3.555277766926235200, -7.500000000000000000, -0.2000000000000000100 ) ) ;
#1223 = CIRCLE ( 'NONE', #1224, 3.599999999999999200 ) ;
#1224 = AXIS2_PLACEMENT_3D ( 'NONE', #1225, #1226, #1227 ) ;
#1225 = CARTESIAN_POINT ( 'NONE',  ( -3.361003918878659900E-015, 6.250000000000000000, -23.00000000000000000 ) ) ;
#1226 = DIRECTION ( 'NONE',  ( 0.0000000000000000000, -1.000000000000000000, 0.0000000000000000000 ) ) ;
#1227 = DIRECTION ( 'NONE',  ( 0.0000000000000000000, 0.0000000000000000000, 1.000000000000000000 ) ) ;
#1228 = CARTESIAN_POINT ( 'NONE',  ( 3.100000000000000100, 6.200000000000000200, -30.50000000000000000 ) ) ;
#1229 = LINE ( 'NONE', #1230, #1231 ) ;
#1230 = CARTESIAN_POINT ( 'NONE',  ( -3.440930106817070100, -7.000000000000000000, 20.96091601051825000 ) ) ;
#1231 = VECTOR ( 'NONE', #1232, 1000.000000000000000 ) ;
#1232 = DIRECTION ( 'NONE',  ( 0.0000000000000000000, 0.0000000000000000000, -1.000000000000000000 ) ) ;
#1233 = LINE ( 'NONE', #1234, #1235 ) ;
#1234 = CARTESIAN_POINT ( 'NONE',  ( 6.469157595854340100, 5.200000000000000200, 19.26826348552040000 ) ) ;
#1235 = VECTOR ( 'NONE', #1238, 1000.000000000000000 ) ;
#1236 = ORIENTED_EDGE ( 'NONE', *, *, #1501, .F. ) ;
#1237 = ORIENTED_EDGE ( 'NONE', *, *, #1358, .F. ) ;
#1238 = DIRECTION ( 'NONE',  ( 0.0000000000000000000, 0.0000000000000000000, -1.000000000000000000 ) ) ;
#1239 = CARTESIAN_POINT ( 'NONE',  ( -0.5000000000000000000, 7.500000000000000000, -32.80000000000000400 ) ) ;
#1240 = FACE_OUTER_BOUND ( 'NONE', #4521, .T. ) ;
#1241 = CYLINDRICAL_SURFACE ( 'NONE', #1242, 6.000000000000000000 ) ;
#1242 = AXIS2_PLACEMENT_3D ( 'NONE', #1243, #1244, #1245 ) ;
#1243 = CARTESIAN_POINT ( 'NONE',  ( 0.0000000000000000000, 0.0000000000000000000, 4.095657111477150300 ) ) ;
#1244 = DIRECTION ( 'NONE',  ( 0.0000000000000000000, 0.0000000000000000000, 1.000000000000000000 ) ) ;
#1245 = DIRECTION ( 'NONE',  ( 1.000000000000000000, 0.0000000000000000000, 0.0000000000000000000 ) ) ;
#1246 = CARTESIAN_POINT ( 'NONE',  ( 4.974937185533099700, -7.500000000000000000, -32.50000000000000000 ) ) ;
#1247 = CARTESIAN_POINT ( 'NONE',  ( -1.953371135077724800, 7.500000000000000000, -25.90419372780899800 ) ) ;
#1248 = LINE ( 'NONE', #1249, #1250 ) ;
#1249 = CARTESIAN_POINT ( 'NONE',  ( -3.000000000000000000, 0.5000000000000000000, -43.00000000000000000 ) ) ;
#1250 = VECTOR ( 'NONE', #1251, 1000.000000000000000 ) ;
#1251 = DIRECTION ( 'NONE',  ( 4.336808689942015300E-016, -1.000000000000000000, 0.0000000000000000000 ) ) ;
#1252 = FACE_OUTER_BOUND ( 'NONE', #4481, .T. ) ;
#1253 = PLANE ( 'NONE',  #1255 ) ;
#1254 = ORIENTED_EDGE ( 'NONE', *, *, #5225, .F. ) ;
#1255 = AXIS2_PLACEMENT_3D ( 'NONE', #1256, #1257, #1258 ) ;
#1256 = CARTESIAN_POINT ( 'NONE',  ( -9.000999999999999400, 6.599999999999999600, -29.16961524227065200 ) ) ;
#1257 = DIRECTION ( 'NONE',  ( 0.0000000000000000000, -1.000000000000000000, 0.0000000000000000000 ) ) ;
#1258 = DIRECTION ( 'NONE',  ( 0.0000000000000000000, 0.0000000000000000000, -1.000000000000000000 ) ) ;
#1259 = FACE_OUTER_BOUND ( 'NONE', #1858, .T. ) ;
#1260 = PLANE ( 'NONE',  #1261 ) ;
#1261 = AXIS2_PLACEMENT_3D ( 'NONE', #1262, #1263, #1264 ) ;
#1262 = CARTESIAN_POINT ( 'NONE',  ( 0.0000000000000000000, 0.0000000000000000000, 0.0000000000000000000 ) ) ;
#1263 = DIRECTION ( 'NONE',  ( 0.0000000000000000000, 0.0000000000000000000, 1.000000000000000000 ) ) ;
#1264 = DIRECTION ( 'NONE',  ( 1.000000000000000000, 0.0000000000000000000, 0.0000000000000000000 ) ) ;
#1265 = FACE_OUTER_BOUND ( 'NONE', #1098, .T. ) ;
#1266 = PLANE ( 'NONE',  #1267 ) ;
#1267 = AXIS2_PLACEMENT_3D ( 'NONE', #1268, #1269, #1270 ) ;
#1268 = CARTESIAN_POINT ( 'NONE',  ( -3.361003918878659900E-015, 6.850000000000000500, -23.00000000000000000 ) ) ;
#1269 = DIRECTION ( 'NONE',  ( 0.0000000000000000000, 1.000000000000000000, 0.0000000000000000000 ) ) ;
#1270 = DIRECTION ( 'NONE',  ( 0.0000000000000000000, 0.0000000000000000000, 1.000000000000000000 ) ) ;
#1271 = VERTEX_POINT ( 'NONE', #2146 ) ;
#1272 = EDGE_CURVE ( 'NONE', #623, #1483, #2158, .T. ) ;
#1273 = LINE ( 'NONE', #1274, #1275 ) ;
#1274 = CARTESIAN_POINT ( 'NONE',  ( 0.5000000000000000000, 7.500000000000000000, -29.30000000000000100 ) ) ;
#1275 = VECTOR ( 'NONE', #1276, 1000.000000000000000 ) ;
#1276 = DIRECTION ( 'NONE',  ( 0.0000000000000000000, 1.000000000000000000, 0.0000000000000000000 ) ) ;
#1277 = LINE ( 'NONE', #1278, #1279 ) ;
#1278 = CARTESIAN_POINT ( 'NONE',  ( -0.5000000000000000000, 7.700000000000000200, -29.30000000000000100 ) ) ;
#1279 = VECTOR ( 'NONE', #1280, 1000.000000000000000 ) ;
#1280 = DIRECTION ( 'NONE',  ( -1.239088197126289800E-016, 0.0000000000000000000, -1.000000000000000000 ) ) ;
#1281 = LINE ( 'NONE', #1282, #1283 ) ;
#1282 = CARTESIAN_POINT ( 'NONE',  ( 4.795831523312720000, 11.00000000000000000, -8.000000000000000000 ) ) ;
#1283 = VECTOR ( 'NONE', #1284, 1000.000000000000000 ) ;
#1284 = DIRECTION ( 'NONE',  ( 0.0000000000000000000, 0.0000000000000000000, -1.000000000000000000 ) ) ;
#1285 = LINE ( 'NONE', #1286, #1287 ) ;
#1286 = CARTESIAN_POINT ( 'NONE',  ( -6.976101496071000200, -9.517037770047780400, -4.000000000000000000 ) ) ;
#1287 = VECTOR ( 'NONE', #1288, 999.9999999999998900 ) ;
#1288 = DIRECTION ( 'NONE',  ( -0.4999999999999998900, 0.8660254037844388200, 0.0000000000000000000 ) ) ;
#1289 = LINE ( 'NONE', #1290, #1291 ) ;
#1290 = CARTESIAN_POINT ( 'NONE',  ( -3.482456029873170200, 7.425955088890710000, -23.34999999999999800 ) ) ;
#1291 = VECTOR ( 'NONE', #1292, 1000.000000000000000 ) ;
#1292 = DIRECTION ( 'NONE',  ( -1.000000000000000000, 0.0000000000000000000, 0.0000000000000000000 ) ) ;
#1293 = CARTESIAN_POINT ( 'NONE',  ( -6.118823416311330200, 6.599999999999999600, -29.16961524227065200 ) ) ;
#1294 = CARTESIAN_POINT ( 'NONE',  ( -0.3837597319768114600, 6.250000000000000000, -19.42051282051280100 ) ) ;
#1295 = CARTESIAN_POINT ( 'NONE',  ( 11.73004722567288000, -1.282962229952219900, -4.000000000000000000 ) ) ;
#1296 = LINE ( 'NONE', #1297, #1298 ) ;
#1297 = CARTESIAN_POINT ( 'NONE',  ( -0.3287187078897850200, 16.97631392310545100, -27.19999999999999900 ) ) ;
#1298 = VECTOR ( 'NONE', #1299, 1000.000000000000000 ) ;
#1299 = DIRECTION ( 'NONE',  ( 0.0000000000000000000, -1.000000000000000000, 0.0000000000000000000 ) ) ;
#1300 = LINE ( 'NONE', #1301, #1302 ) ;
#1301 = CARTESIAN_POINT ( 'NONE',  ( 3.440930106817070100, 7.000000000000000000, -0.2000000000000000100 ) ) ;
#1302 = VECTOR ( 'NONE', #1303, 1000.000000000000000 ) ;
#1303 = DIRECTION ( 'NONE',  ( -1.000000000000000000, 0.0000000000000000000, 0.0000000000000000000 ) ) ;
#1304 = CIRCLE ( 'NONE', #1307, 8.300000000000000700 ) ;
#1305 = EDGE_CURVE ( 'NONE', #4618, #5189, #2189, .T. ) ;
#1306 = ORIENTED_EDGE ( 'NONE', *, *, #1428, .F. ) ;
#1307 = AXIS2_PLACEMENT_3D ( 'NONE', #1308, #1309, #1310 ) ;
#1308 = CARTESIAN_POINT ( 'NONE',  ( 0.0000000000000000000, 0.0000000000000000000, -34.50000000000000000 ) ) ;
#1309 = DIRECTION ( 'NONE',  ( 0.0000000000000000000, 0.0000000000000000000, 1.000000000000000000 ) ) ;
#1310 = DIRECTION ( 'NONE',  ( 1.000000000000000000, 0.0000000000000000000, 0.0000000000000000000 ) ) ;
#1311 = LINE ( 'NONE', #1312, #1313 ) ;
#1312 = CARTESIAN_POINT ( 'NONE',  ( -9.000999999999999400, 6.599999999999999600, -23.00000000000000000 ) ) ;
#1313 = VECTOR ( 'NONE', #1314, 1000.000000000000000 ) ;
#1314 = DIRECTION ( 'NONE',  ( 1.000000000000000000, 0.0000000000000000000, 0.0000000000000000000 ) ) ;
#1315 = FACE_OUTER_BOUND ( 'NONE', #730, .T. ) ;
#1316 = CYLINDRICAL_SURFACE ( 'NONE', #1317, 12.00000000000000000 ) ;
#1317 = AXIS2_PLACEMENT_3D ( 'NONE', #1318, #1319, #1320 ) ;
#1318 = CARTESIAN_POINT ( 'NONE',  ( 0.0000000000000000000, 0.0000000000000000000, -4.000000000000000000 ) ) ;
#1319 = DIRECTION ( 'NONE',  ( 0.0000000000000000000, 0.0000000000000000000, 1.000000000000000000 ) ) ;
#1320 = DIRECTION ( 'NONE',  ( 1.000000000000000000, 0.0000000000000000000, 0.0000000000000000000 ) ) ;
#1321 = CARTESIAN_POINT ( 'NONE',  ( -3.000000000000000000, -0.5000000000000000000, -43.00000000000000000 ) ) ;
#1322 = CIRCLE ( 'NONE', #1325, 5.250000000000000000 ) ;
#1323 = ORIENTED_EDGE ( 'NONE', *, *, #1648, .F. ) ;
#1324 = ORIENTED_EDGE ( 'NONE', *, *, #294, .T. ) ;
#1325 = AXIS2_PLACEMENT_3D ( 'NONE', #1326, #1327, #1328 ) ;
#1326 = CARTESIAN_POINT ( 'NONE',  ( 0.0000000000000000000, 0.0000000000000000000, -42.00000000000000000 ) ) ;
#1327 = DIRECTION ( 'NONE',  ( 0.0000000000000000000, 0.0000000000000000000, 1.000000000000000000 ) ) ;
#1328 = DIRECTION ( 'NONE',  ( 1.000000000000000000, 0.0000000000000000000, 0.0000000000000000000 ) ) ;
#1329 = LINE ( 'NONE', #1330, #1331 ) ;
#1330 = CARTESIAN_POINT ( 'NONE',  ( -3.100000000000000100, 6.200000000000000200, -30.50000000000000000 ) ) ;
#1331 = VECTOR ( 'NONE', #1332, 1000.000000000000000 ) ;
#1332 = DIRECTION ( 'NONE',  ( 0.0000000000000000000, 0.0000000000000000000, 1.000000000000000000 ) ) ;
#1333 = LINE ( 'NONE', #1334, #1335 ) ;
#1334 = CARTESIAN_POINT ( 'NONE',  ( -3.555277766926235200, 7.500000000000000000, 19.26826348552040000 ) ) ;
#1335 = VECTOR ( 'NONE', #1336, 1000.000000000000000 ) ;
#1336 = DIRECTION ( 'NONE',  ( 0.0000000000000000000, 0.0000000000000000000, -1.000000000000000000 ) ) ;
#1337 = FACE_OUTER_BOUND ( 'NONE', #4912, .T. ) ;
#1338 = SPHERICAL_SURFACE ( 'NONE', #1339, 8.300000000000000700 ) ;
#1339 = AXIS2_PLACEMENT_3D ( 'NONE', #1340, #1342, #1343 ) ;
#1340 = CARTESIAN_POINT ( 'NONE',  ( 0.0000000000000000000, -0.1000000000000000100, -23.00000000000000000 ) ) ;
#1341 = ORIENTED_EDGE ( 'NONE', *, *, #1358, .T. ) ;
#1342 = DIRECTION ( 'NONE',  ( -1.000000000000000000, 0.0000000000000000000, 0.0000000000000000000 ) ) ;
#1343 = DIRECTION ( 'NONE',  ( 0.0000000000000000000, 0.0000000000000000000, -1.000000000000000000 ) ) ;
#1344 = B_SPLINE_CURVE_WITH_KNOTS ( 'NONE', 3,
 ( #1345, #1346, #1347, #1348, #1349, #1350, #1351, #1352, #1353, #1354, #1355, #1356, #1357, #1360, #1361, #1362 ),
 .UNSPECIFIED., .F., .F.,
 ( 4, 2, 2, 2, 2, 2, 2, 4 ),
 ( 0.0000000000000000000, 0.001297735151614961000, 0.001946602727422441300, 0.002595470303229921500, 0.003244337879037401400, 0.003893205454844882500, 0.004542073030652362400, 0.005190940606459843100 ),
 .UNSPECIFIED. ) ;
#1345 = CARTESIAN_POINT ( 'NONE',  ( 3.555277766926235200, 7.500000000000000000, -25.41867732448955100 ) ) ;
#1346 = CARTESIAN_POINT ( 'NONE',  ( 3.793338370530281900, 7.387150457176731200, -25.06874574717461400 ) ) ;
#1347 = CARTESIAN_POINT ( 'NONE',  ( 3.977277868797311400, 7.286495471636964500, -24.69029029930291200 ) ) ;
#1348 = CARTESIAN_POINT ( 'NONE',  ( 4.169563162256023000, 7.177059419561068400, -24.07293903430862500 ) ) ;
#1349 = CARTESIAN_POINT ( 'NONE',  ( 4.218203312760734600, 7.148299740055861700, -23.86194367125082700 ) ) ;
#1350 = CARTESIAN_POINT ( 'NONE',  ( 4.283125957316383600, 7.109589326763602600, -23.43705619084689600 ) ) ;
#1351 = CARTESIAN_POINT ( 'NONE',  ( 4.299786931686322900, 7.099424793811293100, -23.22199222125421200 ) ) ;
#1352 = CARTESIAN_POINT ( 'NONE',  ( 4.300209031678732300, 7.099169130592091600, -22.78634025164637900 ) ) ;
#1353 = CARTESIAN_POINT ( 'NONE',  ( 4.283572732966274700, 7.109319834823446100, -22.56697624040201000 ) ) ;
#1354 = CARTESIAN_POINT ( 'NONE',  ( 4.218754894366791000, 7.147973909695141800, -22.14057456621019800 ) ) ;
#1355 = CARTESIAN_POINT ( 'NONE',  ( 4.170633944735688400, 7.176433289262063500, -21.93130821063013500 ) ) ;
#1356 = CARTESIAN_POINT ( 'NONE',  ( 4.043126950454933400, 7.249034881880157300, -21.52033311040859000 ) ) ;
#1357 = CARTESIAN_POINT ( 'NONE',  ( 3.964005555742708500, 7.292975916389989900, -21.32027456965296600 ) ) ;
#1358 = EDGE_CURVE ( 'NONE', #5090, #816, #2232, .T. ) ;
#1359 = ADVANCED_FACE ( 'NONE', ( #2237 ), #2246, .T. ) ;
#1360 = CARTESIAN_POINT ( 'NONE',  ( 3.779839783359164600, 7.390104801363699000, -20.93902237288976300 ) ) ;
#1361 = CARTESIAN_POINT ( 'NONE',  ( 3.674364866659087800, 7.443548304265607200, -20.75637195294860100 ) ) ;
#1362 = CARTESIAN_POINT ( 'NONE',  ( 3.555277766926235200, 7.500000000000000000, -20.58132267551044900 ) ) ;
#1363 = LINE ( 'NONE', #1364, #1365 ) ;
#1364 = CARTESIAN_POINT ( 'NONE',  ( -3.100000000000000100, 7.500000000000000000, -33.45055534994654800 ) ) ;
#1365 = VECTOR ( 'NONE', #1366, 1000.000000000000100 ) ;
#1366 = DIRECTION ( 'NONE',  ( 0.0000000000000000000, -0.8660254037844379300, 0.5000000000000011100 ) ) ;
#1367 = LINE ( 'NONE', #1368, #1369 ) ;
#1368 = CARTESIAN_POINT ( 'NONE',  ( -2.000000000000000000, 3.692113447068044800, -32.80000000000000400 ) ) ;
#1369 = VECTOR ( 'NONE', #1370, 1000.000000000000000 ) ;
#1370 = DIRECTION ( 'NONE',  ( 0.0000000000000000000, 1.000000000000000000, 0.0000000000000000000 ) ) ;
#1371 = FACE_OUTER_BOUND ( 'NONE', #507, .T. ) ;
#1372 = PLANE ( 'NONE',  #1373 ) ;
#1373 = AXIS2_PLACEMENT_3D ( 'NONE', #1374, #1375, #1377 ) ;
#1374 = CARTESIAN_POINT ( 'NONE',  ( 0.5000000000000000000, 7.500000000000000000, -32.80000000000000400 ) ) ;
#1375 = DIRECTION ( 'NONE',  ( 0.0000000000000000000, 0.0000000000000000000, -1.000000000000000000 ) ) ;
#1376 = ORIENTED_EDGE ( 'NONE', *, *, #2021, .T. ) ;
#1377 = DIRECTION ( 'NONE',  ( -1.000000000000000000, 0.0000000000000000000, 0.0000000000000000000 ) ) ;
#1378 = CIRCLE ( 'NONE', #1379, 4.299999999999998000 ) ;
#1379 = AXIS2_PLACEMENT_3D ( 'NONE', #1380, #1381, #1382 ) ;
#1380 = CARTESIAN_POINT ( 'NONE',  ( -3.361003918878659900E-015, 7.500000000000000000, -23.00000000000000000 ) ) ;
#1381 = DIRECTION ( 'NONE',  ( 0.0000000000000000000, 1.000000000000000000, 0.0000000000000000000 ) ) ;
#1382 = DIRECTION ( 'NONE',  ( 0.0000000000000000000, 0.0000000000000000000, 1.000000000000000000 ) ) ;
#1383 = LINE ( 'NONE', #1384, #1385 ) ;
#1384 = CARTESIAN_POINT ( 'NONE',  ( -0.4000000000000000200, 8.200000000000001100, -21.21500000000000000 ) ) ;
#1385 = VECTOR ( 'NONE', #1386, 1000.000000000000000 ) ;
#1386 = DIRECTION ( 'NONE',  ( 0.0000000000000000000, -1.000000000000000000, 0.0000000000000000000 ) ) ;
#1387 = CARTESIAN_POINT ( 'NONE',  ( 0.5000000000000000000, 7.500000000000000000, -29.30000000000000100 ) ) ;
#1388 = CARTESIAN_POINT ( 'NONE',  ( 11.79999999999999900, 0.0000000000000000000, -4.000000000000000000 ) ) ;
#1389 = CARTESIAN_POINT ( 'NONE',  ( -0.5000000000000000000, 7.700000000000000200, -29.30000000000000100 ) ) ;
#1390 = LINE ( 'NONE', #1391, #1392 ) ;
#1391 = CARTESIAN_POINT ( 'NONE',  ( 0.5000000000000000000, 7.700000000000000200, -29.30000000000000100 ) ) ;
#1392 = VECTOR ( 'NONE', #1394, 1000.000000000000000 ) ;
#1393 = ADVANCED_FACE ( 'NONE', ( #2282 ), #2283, .F. ) ;
#1394 = DIRECTION ( 'NONE',  ( 1.239088197126289800E-016, 0.0000000000000000000, 1.000000000000000000 ) ) ;
#1395 = CARTESIAN_POINT ( 'NONE',  ( 11.73004722567288000, -1.282962229952219900, -4.200000000000000200 ) ) ;
#1396 = B_SPLINE_CURVE_WITH_KNOTS ( 'NONE', 3,
 ( #1397, #1398, #1399, #1400, #1401, #1402, #1403, #1404, #1405, #1406, #1407, #1408, #1409, #1411, #1412, #1413 ),
 .UNSPECIFIED., .F., .F.,
 ( 4, 2, 2, 2, 2, 2, 2, 4 ),
 ( 0.0000000000000000000, 0.001297735151614961000, 0.001946602727422442100, 0.002595470303229923300, 0.003244337879037404000, 0.003893205454844885600, 0.004542073030652366700, 0.005190940606459847400 ),
 .UNSPECIFIED. ) ;
#1397 = CARTESIAN_POINT ( 'NONE',  ( -3.555277766926235200, 7.500000000000000000, -20.58132267551044900 ) ) ;
#1398 = CARTESIAN_POINT ( 'NONE',  ( -3.793338370530281900, 7.387150457176732100, -20.93125425282539000 ) ) ;
#1399 = CARTESIAN_POINT ( 'NONE',  ( -3.977277868797317600, 7.286495471636960100, -21.30970970069708100 ) ) ;
#1400 = CARTESIAN_POINT ( 'NONE',  ( -4.169563162256031000, 7.177059419561064000, -21.92706096569136800 ) ) ;
#1401 = CARTESIAN_POINT ( 'NONE',  ( -4.218203312760740800, 7.148299740055857200, -22.13805632874916500 ) ) ;
#1402 = CARTESIAN_POINT ( 'NONE',  ( -4.283125957316391600, 7.109589326763598100, -22.56294380915310400 ) ) ;
#1403 = CARTESIAN_POINT ( 'NONE',  ( -4.299786931686330000, 7.099424793811290400, -22.77800777874578500 ) ) ;
#1404 = CARTESIAN_POINT ( 'NONE',  ( -4.300209031678738500, 7.099169130592088100, -23.21365974835361400 ) ) ;
#1405 = CARTESIAN_POINT ( 'NONE',  ( -4.283572732966281800, 7.109319834823441700, -23.43302375959799000 ) ) ;
#1406 = CARTESIAN_POINT ( 'NONE',  ( -4.218754894366798100, 7.147973909695140900, -23.85942543378979900 ) ) ;
#1407 = CARTESIAN_POINT ( 'NONE',  ( -4.170633944735694600, 7.176433289262059900, -24.06869178936986500 ) ) ;
#1408 = CARTESIAN_POINT ( 'NONE',  ( -4.043126950454940500, 7.249034881880154700, -24.47966688959141000 ) ) ;
#1409 = CARTESIAN_POINT ( 'NONE',  ( -3.964005555742713000, 7.292975916389986300, -24.67972543034702300 ) ) ;
#1410 = EDGE_LOOP ( 'NONE', ( #4620, #606, #1081, #5201, #5099, #5230, #5198, #18, #5135 ) ) ;
#1411 = CARTESIAN_POINT ( 'NONE',  ( -3.779839783359169900, 7.390104801363698100, -25.06097762711023300 ) ) ;
#1412 = CARTESIAN_POINT ( 'NONE',  ( -3.674364866659092700, 7.443548304265607200, -25.24362804705140200 ) ) ;
#1413 = CARTESIAN_POINT ( 'NONE',  ( -3.555277766926235200, 7.500000000000000000, -25.41867732448955100 ) ) ;
#1414 = CARTESIAN_POINT ( 'NONE',  ( -0.4000000000000000200, 7.425955088890710000, -23.34999999999999800 ) ) ;
#1415 = CIRCLE ( 'NONE', #1416, 12.00000000000000000 ) ;
#1416 = AXIS2_PLACEMENT_3D ( 'NONE', #1417, #1418, #1419 ) ;
#1417 = CARTESIAN_POINT ( 'NONE',  ( 0.0000000000000000000, 0.0000000000000000000, -4.200000000000000200 ) ) ;
#1418 = DIRECTION ( 'NONE',  ( 0.0000000000000000000, 0.0000000000000000000, -1.000000000000000000 ) ) ;
#1419 = DIRECTION ( 'NONE',  ( -1.000000000000000000, 0.0000000000000000000, 0.0000000000000000000 ) ) ;
#1420 = FACE_OUTER_BOUND ( 'NONE', #4971, .T. ) ;
#1421 = FACE_BOUND ( 'NONE', #5196, .T. ) ;
#1422 = PLANE ( 'NONE',  #1423 ) ;
#1423 = AXIS2_PLACEMENT_3D ( 'NONE', #1424, #1425, #1426 ) ;
#1424 = CARTESIAN_POINT ( 'NONE',  ( 0.0000000000000000000, 0.0000000000000000000, -36.10000000000000100 ) ) ;
#1425 = DIRECTION ( 'NONE',  ( 0.0000000000000000000, 0.0000000000000000000, -1.000000000000000000 ) ) ;
#1426 = DIRECTION ( 'NONE',  ( -1.000000000000000000, 0.0000000000000000000, 0.0000000000000000000 ) ) ;
#1427 = ORIENTED_EDGE ( 'NONE', *, *, #448, .F. ) ;
#1428 = EDGE_CURVE ( 'NONE', #4866, #889, #2302, .T. ) ;
#1429 = CARTESIAN_POINT ( 'NONE',  ( 6.976101496071000200, 9.517037770047780400, -4.000000000000000000 ) ) ;
#1430 = CARTESIAN_POINT ( 'NONE',  ( -0.3837597319768095100, 6.850000000000000500, -19.42051282051280100 ) ) ;
#1431 = CIRCLE ( 'NONE', #1432, 7.799999999999999800 ) ;
#1432 = AXIS2_PLACEMENT_3D ( 'NONE', #1433, #1434, #1435 ) ;
#1433 = CARTESIAN_POINT ( 'NONE',  ( 0.0000000000000000000, 0.0000000000000000000, 0.0000000000000000000 ) ) ;
#1434 = DIRECTION ( 'NONE',  ( 0.0000000000000000000, 0.0000000000000000000, 1.000000000000000000 ) ) ;
#1435 = DIRECTION ( 'NONE',  ( 1.000000000000000000, 0.0000000000000000000, 0.0000000000000000000 ) ) ;
#1436 = CARTESIAN_POINT ( 'NONE',  ( 3.555277766926235200, 7.500000000000000000, -19.13477038198249900 ) ) ;
#1437 = FACE_OUTER_BOUND ( 'NONE', #93, .T. ) ;
#1438 = CYLINDRICAL_SURFACE ( 'NONE', #1439, 12.00000000000000000 ) ;
#1439 = AXIS2_PLACEMENT_3D ( 'NONE', #1440, #1441, #1442 ) ;
#1440 = CARTESIAN_POINT ( 'NONE',  ( 0.0000000000000000000, 0.0000000000000000000, -4.000000000000000000 ) ) ;
#1441 = DIRECTION ( 'NONE',  ( 0.0000000000000000000, 0.0000000000000000000, 1.000000000000000000 ) ) ;
#1442 = DIRECTION ( 'NONE',  ( 1.000000000000000000, 0.0000000000000000000, 0.0000000000000000000 ) ) ;
#1443 = CARTESIAN_POINT ( 'NONE',  ( -0.3287187078897850200, 7.700000000000000200, -27.19999999999999900 ) ) ;
#1444 = FACE_OUTER_BOUND ( 'NONE', #4642, .T. ) ;
#1445 = VERTEX_POINT ( 'NONE', #2310 ) ;
#1446 = ORIENTED_EDGE ( 'NONE', *, *, #607, .F. ) ;
#1447 = PLANE ( 'NONE',  #1448 ) ;
#1448 = AXIS2_PLACEMENT_3D ( 'NONE', #1449, #1450, #1451 ) ;
#1449 = CARTESIAN_POINT ( 'NONE',  ( -9.000999999999999400, 5.200000000000000200, -32.50000000000000000 ) ) ;
#1450 = DIRECTION ( 'NONE',  ( 0.0000000000000000000, -1.000000000000000000, 0.0000000000000000000 ) ) ;
#1451 = DIRECTION ( 'NONE',  ( 0.0000000000000000000, 0.0000000000000000000, -1.000000000000000000 ) ) ;
#1452 = LINE ( 'NONE', #1453, #1454 ) ;
#1453 = CARTESIAN_POINT ( 'NONE',  ( -2.479397412934985400, 3.327925550358855000, -44.50000000000000000 ) ) ;
#1454 = VECTOR ( 'NONE', #1455, 999.9999999999998900 ) ;
#1455 = DIRECTION ( 'NONE',  ( -0.7071067811865470200, 0.7071067811865481300, 0.0000000000000000000 ) ) ;
#1456 = CARTESIAN_POINT ( 'NONE',  ( 11.92419520328519900, 1.346688068540953900, -4.200000000000000200 ) ) ;
#1457 = FACE_OUTER_BOUND ( 'NONE', #4585, .T. ) ;
#1458 = PLANE ( 'NONE',  #1459 ) ;
#1459 = AXIS2_PLACEMENT_3D ( 'NONE', #1460, #1461, #1462 ) ;
#1460 = CARTESIAN_POINT ( 'NONE',  ( -1.500000000000000000, 8.201000000000000500, -19.83772233983160000 ) ) ;
#1461 = DIRECTION ( 'NONE',  ( 1.000000000000000000, 0.0000000000000000000, 0.0000000000000000000 ) ) ;
#1462 = DIRECTION ( 'NONE',  ( 0.0000000000000000000, 0.0000000000000000000, -1.000000000000000000 ) ) ;
#1463 = EDGE_CURVE ( 'NONE', #1705, #186, #2321, .T. ) ;
#1464 = ORIENTED_EDGE ( 'NONE', *, *, #4638, .T. ) ;
#1465 = LINE ( 'NONE', #1466, #1467 ) ;
#1466 = CARTESIAN_POINT ( 'NONE',  ( 0.5000000000000000000, 6.250000000000000000, -18.89999999999975000 ) ) ;
#1467 = VECTOR ( 'NONE', #1468, 1000.000000000000000 ) ;
#1468 = DIRECTION ( 'NONE',  ( 0.9805806756908732600, 0.0000000000000000000, -0.1961161351384185500 ) ) ;
#1469 = CIRCLE ( 'NONE', #1470, 12.00000000000000000 ) ;
#1470 = AXIS2_PLACEMENT_3D ( 'NONE', #1471, #1472, #1473 ) ;
#1471 = CARTESIAN_POINT ( 'NONE',  ( 0.0000000000000000000, 0.0000000000000000000, -4.200000000000000200 ) ) ;
#1472 = DIRECTION ( 'NONE',  ( 0.0000000000000000000, 0.0000000000000000000, -1.000000000000000000 ) ) ;
#1473 = DIRECTION ( 'NONE',  ( -1.000000000000000000, 0.0000000000000000000, 0.0000000000000000000 ) ) ;
#1474 = CIRCLE ( 'NONE', #1475, 9.000000000000000000 ) ;
#1475 = AXIS2_PLACEMENT_3D ( 'NONE', #1476, #1477, #1478 ) ;
#1476 = CARTESIAN_POINT ( 'NONE',  ( 0.0000000000000000000, 0.0000000000000000000, 0.0000000000000000000 ) ) ;
#1477 = DIRECTION ( 'NONE',  ( 0.0000000000000000000, 0.0000000000000000000, 1.000000000000000000 ) ) ;
#1478 = DIRECTION ( 'NONE',  ( 1.000000000000000000, 0.0000000000000000000, 0.0000000000000000000 ) ) ;
#1479 = CARTESIAN_POINT ( 'NONE',  ( 3.440930106817070100, 7.000000000000000000, -0.2000000000000000100 ) ) ;
#1480 = CARTESIAN_POINT ( 'NONE',  ( 11.79999999999999900, 0.0000000000000000000, -4.200000000000000200 ) ) ;
#1481 = EDGE_CURVE ( 'NONE', #1724, #270, #2338, .T. ) ;
#1482 = ORIENTED_EDGE ( 'NONE', *, *, #4779, .T. ) ;
#1483 = VERTEX_POINT ( 'NONE', #2372 ) ;
#1484 = CARTESIAN_POINT ( 'NONE',  ( -7.128363679972479400, -9.653311931459029400, -4.200000000000000200 ) ) ;
#1485 = LINE ( 'NONE', #1486, #1487 ) ;
#1486 = CARTESIAN_POINT ( 'NONE',  ( -3.216025403784439800, 7.500000000000000000, -34.50000000000000000 ) ) ;
#1487 = VECTOR ( 'NONE', #1488, 999.9999999999998900 ) ;
#1488 = DIRECTION ( 'NONE',  ( -0.5000000000000003300, 0.8660254037844386000, 0.0000000000000000000 ) ) ;
#1489 = LINE ( 'NONE', #1490, #1491 ) ;
#1490 = CARTESIAN_POINT ( 'NONE',  ( -6.350852961085890600, 11.00000000000000000, -8.000000000000000000 ) ) ;
#1491 = VECTOR ( 'NONE', #1492, 1000.000000000000000 ) ;
#1492 = DIRECTION ( 'NONE',  ( 1.000000000000000000, 0.0000000000000000000, 0.0000000000000000000 ) ) ;
#1493 = CARTESIAN_POINT ( 'NONE',  ( -3.555277766926235200, 7.500000000000000000, -19.13477038198249900 ) ) ;
#1494 = FACE_OUTER_BOUND ( 'NONE', #121, .T. ) ;
#1495 = CYLINDRICAL_SURFACE ( 'NONE', #1496, 4.150000000000000400 ) ;
#1496 = AXIS2_PLACEMENT_3D ( 'NONE', #1497, #1498, #1499 ) ;
#1497 = CARTESIAN_POINT ( 'NONE',  ( 0.0000000000000000000, 0.0000000000000000000, -36.10000000000000100 ) ) ;
#1498 = DIRECTION ( 'NONE',  ( 0.0000000000000000000, 0.0000000000000000000, -1.000000000000000000 ) ) ;
#1499 = DIRECTION ( 'NONE',  ( -1.000000000000000000, 0.0000000000000000000, 0.0000000000000000000 ) ) ;
#1500 = ORIENTED_EDGE ( 'NONE', *, *, #1823, .T. ) ;
#1501 = EDGE_CURVE ( 'NONE', #1725, #5067, #2375, .T. ) ;
#1502 = ORIENTED_EDGE ( 'NONE', *, *, #1612, .F. ) ;
#1503 = ORIENTED_EDGE ( 'NONE', *, *, #5012, .T. ) ;
#1504 = FACE_OUTER_BOUND ( 'NONE', #4564, .T. ) ;
#1505 = PLANE ( 'NONE',  #1506 ) ;
#1506 = AXIS2_PLACEMENT_3D ( 'NONE', #1507, #1508, #1509 ) ;
#1507 = CARTESIAN_POINT ( 'NONE',  ( -2.708209740769725200, 6.250000000000000000, -26.34000000000000000 ) ) ;
#1508 = DIRECTION ( 'NONE',  ( 0.4999999999999985000, 0.0000000000000000000, -0.8660254037844394800 ) ) ;
#1509 = DIRECTION ( 'NONE',  ( -0.8660254037844394800, 0.0000000000000000000, -0.4999999999999985000 ) ) ;
#1510 = CIRCLE ( 'NONE', #1511, 7.206140543901446100 ) ;
#1511 = AXIS2_PLACEMENT_3D ( 'NONE', #1512, #1513, #1514 ) ;
#1512 = CARTESIAN_POINT ( 'NONE',  ( 0.8076923076933070200, -0.1000000000000000100, -18.96153846153849900 ) ) ;
#1513 = DIRECTION ( 'NONE',  ( 0.1961161351384185500, 0.0000000000000000000, 0.9805806756908732600 ) ) ;
#1514 = DIRECTION ( 'NONE',  ( -0.9805806756908732600, -1.509819123650003000E-014, 0.1961161351384185200 ) ) ;
#1515 = CARTESIAN_POINT ( 'NONE',  ( 3.555277766926235200, 7.500000000000000000, -25.41867732448955100 ) ) ;
#1516 = LINE ( 'NONE', #1517, #1518 ) ;
#1517 = CARTESIAN_POINT ( 'NONE',  ( -3.555277766926235200, -7.500000000000000000, 19.26826348552040000 ) ) ;
#1518 = VECTOR ( 'NONE', #1519, 1000.000000000000000 ) ;
#1519 = DIRECTION ( 'NONE',  ( 0.0000000000000000000, 0.0000000000000000000, 1.000000000000000000 ) ) ;
#1520 = ORIENTED_EDGE ( 'NONE', *, *, #1857, .F. ) ;
#1521 = EDGE_LOOP ( 'NONE', ( #5229, #4506, #265, #25 ) ) ;
#1522 = ORIENTED_EDGE ( 'NONE', *, *, #603, .F. ) ;
#1523 = CARTESIAN_POINT ( 'NONE',  ( 3.440930106817065200, -7.000000000000000000, 0.0000000000000000000 ) ) ;
#1524 = CARTESIAN_POINT ( 'NONE',  ( 12.00000000000000000, 0.0000000000000000000, 0.0000000000000000000 ) ) ;
#1525 = CARTESIAN_POINT ( 'NONE',  ( -3.100000000000000100, 7.299038105676650000, -33.33452994616210000 ) ) ;
#1526 = LINE ( 'NONE', #1527, #1528 ) ;
#1527 = CARTESIAN_POINT ( 'NONE',  ( -1.500000000000000000, 8.201000000000000500, -19.09999999999999800 ) ) ;
#1528 = VECTOR ( 'NONE', #1529, 1000.000000000000000 ) ;
#1529 = DIRECTION ( 'NONE',  ( 0.0000000000000000000, -1.000000000000000000, 0.0000000000000000000 ) ) ;
#1530 = CARTESIAN_POINT ( 'NONE',  ( 6.976101496071000200, 9.517037770047780400, -4.200000000000000200 ) ) ;
#1531 = FACE_OUTER_BOUND ( 'NONE', #4592, .T. ) ;
#1532 = CYLINDRICAL_SURFACE ( 'NONE', #1533, 5.250000000000000000 ) ;
#1533 = AXIS2_PLACEMENT_3D ( 'NONE', #1534, #1535, #1536 ) ;
#1534 = CARTESIAN_POINT ( 'NONE',  ( 0.0000000000000000000, 0.0000000000000000000, 4.095657111477150300 ) ) ;
#1535 = DIRECTION ( 'NONE',  ( 0.0000000000000000000, 0.0000000000000000000, 1.000000000000000000 ) ) ;
#1536 = DIRECTION ( 'NONE',  ( 1.000000000000000000, 0.0000000000000000000, 0.0000000000000000000 ) ) ;
#1537 = CIRCLE ( 'NONE', #1538, 7.799999999999999800 ) ;
#1538 = AXIS2_PLACEMENT_3D ( 'NONE', #1542, #1543, #1544 ) ;
#1539 = EDGE_CURVE ( 'NONE', #150, #817, #2402, .T. ) ;
#1540 = VERTEX_POINT ( 'NONE', #2406 ) ;
#1541 = ORIENTED_EDGE ( 'NONE', *, *, #1651, .T. ) ;
#1542 = CARTESIAN_POINT ( 'NONE',  ( 0.0000000000000000000, 0.0000000000000000000, -0.2000000000000000100 ) ) ;
#1543 = DIRECTION ( 'NONE',  ( 0.0000000000000000000, 0.0000000000000000000, 1.000000000000000000 ) ) ;
#1544 = DIRECTION ( 'NONE',  ( 1.000000000000000000, 0.0000000000000000000, 0.0000000000000000000 ) ) ;
#1545 = FACE_OUTER_BOUND ( 'NONE', #4586, .T. ) ;
#1546 = PLANE ( 'NONE',  #1547 ) ;
#1547 = AXIS2_PLACEMENT_3D ( 'NONE', #1548, #1549, #1550 ) ;
#1548 = CARTESIAN_POINT ( 'NONE',  ( -0.5000000000000000000, 3.692113447068044800, -29.30000000000000100 ) ) ;
#1549 = DIRECTION ( 'NONE',  ( 1.000000000000000000, 0.0000000000000000000, -1.239088197126289800E-016 ) ) ;
#1550 = DIRECTION ( 'NONE',  ( -1.239088197126289800E-016, 0.0000000000000000000, -1.000000000000000000 ) ) ;
#1551 = LINE ( 'NONE', #1552, #1553 ) ;
#1552 = CARTESIAN_POINT ( 'NONE',  ( -9.000000000000000000, -7.500000000000000000, -0.2000000000000000100 ) ) ;
#1553 = VECTOR ( 'NONE', #1554, 1000.000000000000000 ) ;
#1554 = DIRECTION ( 'NONE',  ( 1.000000000000000000, 0.0000000000000000000, 0.0000000000000000000 ) ) ;
#1555 = FACE_OUTER_BOUND ( 'NONE', #4835, .T. ) ;
#1556 = PLANE ( 'NONE',  #1557 ) ;
#1557 = AXIS2_PLACEMENT_3D ( 'NONE', #1560, #1561, #1562 ) ;
#1558 = ORIENTED_EDGE ( 'NONE', *, *, #1631, .F. ) ;
#1559 = ORIENTED_EDGE ( 'NONE', *, *, #1895, .T. ) ;
#1560 = CARTESIAN_POINT ( 'NONE',  ( 9.000999999999999400, 5.200000000000000200, -29.97790561913615200 ) ) ;
#1561 = DIRECTION ( 'NONE',  ( 0.0000000000000000000, 0.5000000000000006700, -0.8660254037844382600 ) ) ;
#1562 = DIRECTION ( 'NONE',  ( 0.0000000000000000000, 0.8660254037844381500, 0.5000000000000006700 ) ) ;
#1563 = CARTESIAN_POINT ( 'NONE',  ( 3.555277766926235200, 7.500000000000000000, -20.58132267551044900 ) ) ;
#1564 = FACE_OUTER_BOUND ( 'NONE', #4626, .T. ) ;
#1565 = CYLINDRICAL_SURFACE ( 'NONE', #1566, 8.750000000000000000 ) ;
#1566 = AXIS2_PLACEMENT_3D ( 'NONE', #1567, #1568, #1569 ) ;
#1567 = CARTESIAN_POINT ( 'NONE',  ( 9.000999999999999400, 15.35000000000000100, -23.00000000000000000 ) ) ;
#1568 = DIRECTION ( 'NONE',  ( -1.000000000000000000, 0.0000000000000000000, 0.0000000000000000000 ) ) ;
#1569 = DIRECTION ( 'NONE',  ( 0.0000000000000000000, 0.0000000000000000000, 1.000000000000000000 ) ) ;
#1570 = CIRCLE ( 'NONE', #1571, 4.150000000000000400 ) ;
#1571 = AXIS2_PLACEMENT_3D ( 'NONE', #1572, #1573, #1574 ) ;
#1572 = CARTESIAN_POINT ( 'NONE',  ( 0.0000000000000000000, 0.0000000000000000000, -36.10000000000000100 ) ) ;
#1573 = DIRECTION ( 'NONE',  ( 0.0000000000000000000, 0.0000000000000000000, -1.000000000000000000 ) ) ;
#1574 = DIRECTION ( 'NONE',  ( -1.000000000000000000, 0.0000000000000000000, 0.0000000000000000000 ) ) ;
#1575 = CARTESIAN_POINT ( 'NONE',  ( -0.4000000000000000200, 7.425955088890710000, -21.21500000000000000 ) ) ;
#1576 = EDGE_CURVE ( 'NONE', #1801, #546, #2407, .T. ) ;
#1577 = ORIENTED_EDGE ( 'NONE', *, *, #1894, .F. ) ;
#1578 = ORIENTED_EDGE ( 'NONE', *, *, #622, .F. ) ;
#1579 = FACE_OUTER_BOUND ( 'NONE', #268, .T. ) ;
#1580 = PLANE ( 'NONE',  #1581 ) ;
#1581 = AXIS2_PLACEMENT_3D ( 'NONE', #1582, #1583, #1584 ) ;
#1582 = CARTESIAN_POINT ( 'NONE',  ( -3.327925550358845200, 2.479397412935000000, -47.00492558530929400 ) ) ;
#1583 = DIRECTION ( 'NONE',  ( 0.7071067811865495700, 0.7071067811865455700, 0.0000000000000000000 ) ) ;
#1584 = DIRECTION ( 'NONE',  ( -0.7071067811865454600, 0.7071067811865494600, 0.0000000000000000000 ) ) ;
#1585 = CIRCLE ( 'NONE', #1586, 8.105786513349590500 ) ;
#1586 = AXIS2_PLACEMENT_3D ( 'NONE', #1587, #1588, #1589 ) ;
#1587 = CARTESIAN_POINT ( 'NONE',  ( 0.0000000000000000000, -0.1000000000000000100, -21.21500000000000000 ) ) ;
#1588 = DIRECTION ( 'NONE',  ( 0.0000000000000000000, 0.0000000000000000000, -1.000000000000000000 ) ) ;
#1589 = DIRECTION ( 'NONE',  ( -1.000000000000000000, 0.0000000000000000000, 0.0000000000000000000 ) ) ;
#1590 = FACE_OUTER_BOUND ( 'NONE', #3605, .T. ) ;
#1591 = PLANE ( 'NONE',  #1592 ) ;
#1592 = AXIS2_PLACEMENT_3D ( 'NONE', #1593, #1594, #1596 ) ;
#1593 = CARTESIAN_POINT ( 'NONE',  ( -9.000000000000000000, 7.500000000000000000, -29.74944465005350100 ) ) ;
#1594 = DIRECTION ( 'NONE',  ( 0.0000000000000000000, -0.5000000000000003300, 0.8660254037844384900 ) ) ;
#1595 = ORIENTED_EDGE ( 'NONE', *, *, #4917, .F. ) ;
#1596 = DIRECTION ( 'NONE',  ( 0.0000000000000000000, -0.8660254037844384900, -0.5000000000000003300 ) ) ;
#1597 = FACE_OUTER_BOUND ( 'NONE', #4603, .T. ) ;
#1598 = PLANE ( 'NONE',  #1599 ) ;
#1599 = AXIS2_PLACEMENT_3D ( 'NONE', #1600, #1601, #1602 ) ;
#1600 = CARTESIAN_POINT ( 'NONE',  ( 1.500000000000000000, 8.201000000000000500, -19.83772233983160000 ) ) ;
#1601 = DIRECTION ( 'NONE',  ( -1.000000000000000000, 0.0000000000000000000, 0.0000000000000000000 ) ) ;
#1602 = DIRECTION ( 'NONE',  ( 0.0000000000000000000, 0.0000000000000000000, 1.000000000000000000 ) ) ;
#1603 = FACE_OUTER_BOUND ( 'NONE', #871, .T. ) ;
#1604 = CYLINDRICAL_SURFACE ( 'NONE', #1605, 0.5000000000000004400 ) ;
#1605 = AXIS2_PLACEMENT_3D ( 'NONE', #1606, #1607, #1608 ) ;
#1606 = CARTESIAN_POINT ( 'NONE',  ( 0.0000000000000000000, 8.201000000000000500, -19.09999999999999800 ) ) ;
#1607 = DIRECTION ( 'NONE',  ( 0.0000000000000000000, -1.000000000000000000, 0.0000000000000000000 ) ) ;
#1608 = DIRECTION ( 'NONE',  ( 0.0000000000000000000, 0.0000000000000000000, -1.000000000000000000 ) ) ;
#1609 = CARTESIAN_POINT ( 'NONE',  ( 0.5000000000000000000, 7.700000000000000200, -32.80000000000000400 ) ) ;
#1610 = LINE ( 'NONE', #1611, #1615 ) ;
#1611 = CARTESIAN_POINT ( 'NONE',  ( 1.500000000000000000, 6.850000000000000500, -23.00000000000000000 ) ) ;
#1612 = EDGE_CURVE ( 'NONE', #378, #5024, #2420, .T. ) ;
#1613 = ORIENTED_EDGE ( 'NONE', *, *, #1912, .F. ) ;
#1614 = EDGE_LOOP ( 'NONE', ( #2060, #2522, #3126, #3585, #570, #599, #630, #940, #1376, #4043, #4478, #4537 ) ) ;
#1615 = VECTOR ( 'NONE', #1616, 1000.000000000000000 ) ;
#1616 = DIRECTION ( 'NONE',  ( 0.0000000000000000000, 0.0000000000000000000, 1.000000000000000000 ) ) ;
#1617 = LINE ( 'NONE', #1618, #1619 ) ;
#1618 = CARTESIAN_POINT ( 'NONE',  ( 2.708209740769715000, 6.250000000000000000, -26.34000000000000000 ) ) ;
#1619 = VECTOR ( 'NONE', #1620, 1000.000000000000000 ) ;
#1620 = DIRECTION ( 'NONE',  ( 0.0000000000000000000, 1.000000000000000000, 0.0000000000000000000 ) ) ;
#1621 = LINE ( 'NONE', #1622, #1623 ) ;
#1622 = CARTESIAN_POINT ( 'NONE',  ( 0.4000000000000000200, 8.200000000000001100, -23.34999999999999800 ) ) ;
#1623 = VECTOR ( 'NONE', #1624, 1000.000000000000000 ) ;
#1624 = DIRECTION ( 'NONE',  ( 0.0000000000000000000, -1.000000000000000000, 0.0000000000000000000 ) ) ;
#1625 = CIRCLE ( 'NONE', #1626, 11.79999999999999900 ) ;
#1626 = AXIS2_PLACEMENT_3D ( 'NONE', #1627, #1628, #1629 ) ;
#1627 = CARTESIAN_POINT ( 'NONE',  ( 0.0000000000000000000, 0.0000000000000000000, -4.200000000000000200 ) ) ;
#1628 = DIRECTION ( 'NONE',  ( 0.0000000000000000000, 0.0000000000000000000, -1.000000000000000000 ) ) ;
#1629 = DIRECTION ( 'NONE',  ( -1.000000000000000000, 0.0000000000000000000, 0.0000000000000000000 ) ) ;
#1630 = LINE ( 'NONE', #1632, #1633 ) ;
#1631 = EDGE_CURVE ( 'NONE', #4955, #4944, #2443, .T. ) ;
#1632 = CARTESIAN_POINT ( 'NONE',  ( -1.500000000000000000, 6.850000000000000500, -19.72738636560929800 ) ) ;
#1633 = VECTOR ( 'NONE', #1634, 1000.000000000000000 ) ;
#1634 = DIRECTION ( 'NONE',  ( 0.0000000000000000000, -1.000000000000000000, 0.0000000000000000000 ) ) ;
#1635 = FACE_OUTER_BOUND ( 'NONE', #2221, .T. ) ;
#1636 = CYLINDRICAL_SURFACE ( 'NONE', #1637, 9.000000000000000000 ) ;
#1637 = AXIS2_PLACEMENT_3D ( 'NONE', #1638, #1639, #1640 ) ;
#1638 = CARTESIAN_POINT ( 'NONE',  ( 0.0000000000000000000, 0.0000000000000000000, 19.26826348552040000 ) ) ;
#1639 = DIRECTION ( 'NONE',  ( 0.0000000000000000000, 0.0000000000000000000, 1.000000000000000000 ) ) ;
#1640 = DIRECTION ( 'NONE',  ( 1.000000000000000000, 0.0000000000000000000, 0.0000000000000000000 ) ) ;
#1641 = LINE ( 'NONE', #1642, #1643 ) ;
#1642 = CARTESIAN_POINT ( 'NONE',  ( 3.555277766926235200, 7.500000000000000000, 19.26826348552040000 ) ) ;
#1643 = VECTOR ( 'NONE', #1644, 1000.000000000000000 ) ;
#1644 = DIRECTION ( 'NONE',  ( 0.0000000000000000000, 0.0000000000000000000, 1.000000000000000000 ) ) ;
#1645 = CARTESIAN_POINT ( 'NONE',  ( 3.440930106817070100, 7.000000000000000000, 0.0000000000000000000 ) ) ;
#1646 = CARTESIAN_POINT ( 'NONE',  ( -11.92419520328519900, -1.346688068540966100, -4.200000000000000200 ) ) ;
#1647 = LINE ( 'NONE', #1652, #1653 ) ;
#1648 = EDGE_CURVE ( 'NONE', #1271, #923, #2455, .T. ) ;
#1649 = ADVANCED_FACE ( 'NONE', ( #2459 ), #2460, .T. ) ;
#1650 = ORIENTED_EDGE ( 'NONE', *, *, #637, .F. ) ;
#1651 = EDGE_CURVE ( 'NONE', #394, #1875, #2471, .T. ) ;
#1652 = CARTESIAN_POINT ( 'NONE',  ( 0.4000000000000000200, 8.200000000000001100, -21.21500000000000000 ) ) ;
#1653 = VECTOR ( 'NONE', #1654, 1000.000000000000000 ) ;
#1654 = DIRECTION ( 'NONE',  ( 0.0000000000000000000, -1.000000000000000000, 0.0000000000000000000 ) ) ;
#1655 = LINE ( 'NONE', #1656, #1657 ) ;
#1656 = CARTESIAN_POINT ( 'NONE',  ( -4.974937185533099700, 7.500000000000000000, 19.26826348552040000 ) ) ;
#1657 = VECTOR ( 'NONE', #1658, 1000.000000000000000 ) ;
#1658 = DIRECTION ( 'NONE',  ( 0.0000000000000000000, 0.0000000000000000000, -1.000000000000000000 ) ) ;
#1659 = CARTESIAN_POINT ( 'NONE',  ( -4.753945729601879200, -10.80000000000000100, -4.000000000000000000 ) ) ;
#1660 = LINE ( 'NONE', #1661, #1662 ) ;
#1661 = CARTESIAN_POINT ( 'NONE',  ( -3.555277766926235200, 7.500000000000000000, 19.26826348552040000 ) ) ;
#1662 = VECTOR ( 'NONE', #1663, 1000.000000000000000 ) ;
#1663 = DIRECTION ( 'NONE',  ( 0.0000000000000000000, 0.0000000000000000000, -1.000000000000000000 ) ) ;
#1664 = CARTESIAN_POINT ( 'NONE',  ( 0.5000000000000000000, 6.250000000000000000, -18.89999999999975000 ) ) ;
#1665 = CARTESIAN_POINT ( 'NONE',  ( 4.795831523312720000, 11.00000000000000000, -8.000000000000000000 ) ) ;
#1666 = CARTESIAN_POINT ( 'NONE',  ( -11.92419520328519900, -1.346688068540964100, -8.000000000000000000 ) ) ;
#1667 = LINE ( 'NONE', #1669, #1670 ) ;
#1668 = ORIENTED_EDGE ( 'NONE', *, *, #3844, .T. ) ;
#1669 = CARTESIAN_POINT ( 'NONE',  ( -4.795831523312720000, -11.00000000000000000, -8.000000000000000000 ) ) ;
#1670 = VECTOR ( 'NONE', #1671, 1000.000000000000000 ) ;
#1671 = DIRECTION ( 'NONE',  ( 0.0000000000000000000, 0.0000000000000000000, -1.000000000000000000 ) ) ;
#1672 = CARTESIAN_POINT ( 'NONE',  ( -3.100000000000000100, 6.200000000000000200, -32.70000000000000300 ) ) ;
#1673 = CARTESIAN_POINT ( 'NONE',  ( -2.350000000000000100, 6.000000000000000000, -34.50000000000000000 ) ) ;
#1674 = LINE ( 'NONE', #1675, #1676 ) ;
#1675 = CARTESIAN_POINT ( 'NONE',  ( -9.000000000000000000, 7.500000000000000000, -29.74944465005350100 ) ) ;
#1676 = VECTOR ( 'NONE', #1677, 1000.000000000000000 ) ;
#1677 = DIRECTION ( 'NONE',  ( -1.000000000000000000, 0.0000000000000000000, 0.0000000000000000000 ) ) ;
#1678 = CIRCLE ( 'NONE', #1679, 11.79999999999999900 ) ;
#1679 = AXIS2_PLACEMENT_3D ( 'NONE', #1680, #1681, #1682 ) ;
#1680 = CARTESIAN_POINT ( 'NONE',  ( 0.0000000000000000000, 0.0000000000000000000, -4.200000000000000200 ) ) ;
#1681 = DIRECTION ( 'NONE',  ( 0.0000000000000000000, 0.0000000000000000000, -1.000000000000000000 ) ) ;
#1682 = DIRECTION ( 'NONE',  ( -1.000000000000000000, 0.0000000000000000000, 0.0000000000000000000 ) ) ;
#1683 = FACE_OUTER_BOUND ( 'NONE', #3408, .T. ) ;
#1684 = CYLINDRICAL_SURFACE ( 'NONE', #1687, 4.299999999999998000 ) ;
#1685 = VERTEX_POINT ( 'NONE', #2486 ) ;
#1686 = ORIENTED_EDGE ( 'NONE', *, *, #2022, .F. ) ;
#1687 = AXIS2_PLACEMENT_3D ( 'NONE', #1688, #1689, #1690 ) ;
#1688 = CARTESIAN_POINT ( 'NONE',  ( -3.361003918878659900E-015, 6.250000000000000000, -23.00000000000000000 ) ) ;
#1689 = DIRECTION ( 'NONE',  ( 0.0000000000000000000, 1.000000000000000000, 0.0000000000000000000 ) ) ;
#1690 = DIRECTION ( 'NONE',  ( 0.0000000000000000000, 0.0000000000000000000, 1.000000000000000000 ) ) ;
#1691 = LINE ( 'NONE', #1692, #1693 ) ;
#1692 = CARTESIAN_POINT ( 'NONE',  ( -2.000000000000000000, 0.5000000000000000000, -43.00000000000000000 ) ) ;
#1693 = VECTOR ( 'NONE', #1694, 1000.000000000000000 ) ;
#1694 = DIRECTION ( 'NONE',  ( 0.0000000000000000000, 1.000000000000000000, 0.0000000000000000000 ) ) ;
#1695 = CARTESIAN_POINT ( 'NONE',  ( 1.500000000000000000, 7.071471257698799900, -19.09999999999999800 ) ) ;
#1696 = FACE_OUTER_BOUND ( 'NONE', #76, .T. ) ;
#1697 = CYLINDRICAL_SURFACE ( 'NONE', #1698, 3.499999999999999600 ) ;
#1698 = AXIS2_PLACEMENT_3D ( 'NONE', #1699, #1700, #1701 ) ;
#1699 = CARTESIAN_POINT ( 'NONE',  ( 0.0000000000000000000, 10.29524478774802000, -23.00000000000000000 ) ) ;
#1700 = DIRECTION ( 'NONE',  ( 0.0000000000000000000, 1.000000000000000000, 0.0000000000000000000 ) ) ;
#1701 = DIRECTION ( 'NONE',  ( 0.0000000000000000000, 0.0000000000000000000, 1.000000000000000000 ) ) ;
#1702 = CARTESIAN_POINT ( 'NONE',  ( 8.300000000000000700, 0.0000000000000000000, -0.2000000000000000100 ) ) ;
#1703 = ORIENTED_EDGE ( 'NONE', *, *, #2004, .F. ) ;
#1704 = ORIENTED_EDGE ( 'NONE', *, *, #2021, .F. ) ;
#1705 = VERTEX_POINT ( 'NONE', #2510 ) ;
#1706 = EDGE_LOOP ( 'NONE', ( #2148, #2612, #5097, #5163 ) ) ;
#1707 = EDGE_CURVE ( 'NONE', #4737, #1914, #2515, .T. ) ;
#1708 = FACE_OUTER_BOUND ( 'NONE', #4650, .T. ) ;
#1709 = CYLINDRICAL_SURFACE ( 'NONE', #1710, 8.750000000000000000 ) ;
#1710 = AXIS2_PLACEMENT_3D ( 'NONE', #1711, #1712, #1713 ) ;
#1711 = CARTESIAN_POINT ( 'NONE',  ( -9.000999999999999400, 15.35000000000000100, -23.00000000000000000 ) ) ;
#1712 = DIRECTION ( 'NONE',  ( 1.000000000000000000, 0.0000000000000000000, 0.0000000000000000000 ) ) ;
#1713 = DIRECTION ( 'NONE',  ( 0.0000000000000000000, 0.0000000000000000000, -1.000000000000000000 ) ) ;
#1714 = CARTESIAN_POINT ( 'NONE',  ( -3.440930106817070100, 7.000000000000000000, -0.2000000000000000100 ) ) ;
#1715 = FACE_OUTER_BOUND ( 'NONE', #27, .T. ) ;
#1716 = CYLINDRICAL_SURFACE ( 'NONE', #1717, 3.499999999999999600 ) ;
#1717 = AXIS2_PLACEMENT_3D ( 'NONE', #1718, #1719, #1720 ) ;
#1718 = CARTESIAN_POINT ( 'NONE',  ( 0.0000000000000000000, 10.29524478774802000, -23.00000000000000000 ) ) ;
#1719 = DIRECTION ( 'NONE',  ( 0.0000000000000000000, 1.000000000000000000, 0.0000000000000000000 ) ) ;
#1720 = DIRECTION ( 'NONE',  ( 0.0000000000000000000, 0.0000000000000000000, 1.000000000000000000 ) ) ;
#1721 = FACE_OUTER_BOUND ( 'NONE', #289, .T. ) ;
#1722 = PLANE ( 'NONE',  #1723 ) ;
#1723 = AXIS2_PLACEMENT_3D ( 'NONE', #1729, #1730, #1731 ) ;
#1724 = VERTEX_POINT ( 'NONE', #2519 ) ;
#1725 = VERTEX_POINT ( 'NONE', #2520 ) ;
#1726 = EDGE_CURVE ( 'NONE', #1951, #59, #2524, .T. ) ;
#1727 = ORIENTED_EDGE ( 'NONE', *, *, #2023, .F. ) ;
#1728 = ORIENTED_EDGE ( 'NONE', *, *, #2061, .F. ) ;
#1729 = CARTESIAN_POINT ( 'NONE',  ( -2.000000000000000000, 0.5000000000000000000, -46.41421356237309900 ) ) ;
#1730 = DIRECTION ( 'NONE',  ( 0.0000000000000000000, -1.000000000000000000, 0.0000000000000000000 ) ) ;
#1731 = DIRECTION ( 'NONE',  ( 0.0000000000000000000, 0.0000000000000000000, -1.000000000000000000 ) ) ;
#1732 = LINE ( 'NONE', #1733, #1734 ) ;
#1733 = CARTESIAN_POINT ( 'NONE',  ( 3.100000000000000100, 6.200000000000000200, -30.50000000000000000 ) ) ;
#1734 = VECTOR ( 'NONE', #1735, 1000.000000000000000 ) ;
#1735 = DIRECTION ( 'NONE',  ( -3.273063162220389800E-016, 0.0000000000000000000, -1.000000000000000000 ) ) ;
#1736 = CARTESIAN_POINT ( 'NONE',  ( -6.976101496071000200, 9.517037770047780400, -4.000000000000000000 ) ) ;
#1737 = LINE ( 'NONE', #1738, #1739 ) ;
#1738 = CARTESIAN_POINT ( 'NONE',  ( 4.150000000000000400, 5.082116368362865800E-016, -36.10000000000000100 ) ) ;
#1739 = VECTOR ( 'NONE', #1740, 1000.000000000000000 ) ;
#1740 = DIRECTION ( 'NONE',  ( 0.0000000000000000000, 0.0000000000000000000, -1.000000000000000000 ) ) ;
#1741 = CARTESIAN_POINT ( 'NONE',  ( -3.327925550358845200, 2.479397412935000000, -36.10000000000000100 ) ) ;
#1742 = CIRCLE ( 'NONE', #1743, 12.00000000000000000 ) ;
#1743 = AXIS2_PLACEMENT_3D ( 'NONE', #1744, #1745, #1746 ) ;
#1744 = CARTESIAN_POINT ( 'NONE',  ( 0.0000000000000000000, 0.0000000000000000000, -8.000000000000000000 ) ) ;
#1745 = DIRECTION ( 'NONE',  ( 0.0000000000000000000, 0.0000000000000000000, 1.000000000000000000 ) ) ;
#1746 = DIRECTION ( 'NONE',  ( -1.000000000000000000, 0.0000000000000000000, 0.0000000000000000000 ) ) ;
#1747 = LINE ( 'NONE', #1748, #1749 ) ;
#1748 = CARTESIAN_POINT ( 'NONE',  ( 3.154422863405995000, 7.393301270189219600, -33.38895280956805300 ) ) ;
#1749 = VECTOR ( 'NONE', #1750, 1000.000000000000100 ) ;
#1750 = DIRECTION ( 'NONE',  ( 0.4472135954999578700, 0.7745966692414807400, -0.4472135954999623700 ) ) ;
#1751 = FACE_OUTER_BOUND ( 'NONE', #5167, .T. ) ;
#1752 = CYLINDRICAL_SURFACE ( 'NONE', #1753, 3.599999999999999200 ) ;
#1753 = AXIS2_PLACEMENT_3D ( 'NONE', #1754, #1755, #1756 ) ;
#1754 = CARTESIAN_POINT ( 'NONE',  ( -3.361003918878659900E-015, 6.850000000000000500, -23.00000000000000000 ) ) ;
#1755 = DIRECTION ( 'NONE',  ( 0.0000000000000000000, -1.000000000000000000, 0.0000000000000000000 ) ) ;
#1756 = DIRECTION ( 'NONE',  ( 0.0000000000000000000, 0.0000000000000000000, -1.000000000000000000 ) ) ;
#1757 = FACE_OUTER_BOUND ( 'NONE', #4588, .T. ) ;
#1758 = CYLINDRICAL_SURFACE ( 'NONE', #1759, 5.250000000000000000 ) ;
#1759 = AXIS2_PLACEMENT_3D ( 'NONE', #1760, #1765, #1766 ) ;
#1760 = CARTESIAN_POINT ( 'NONE',  ( 0.0000000000000000000, 0.0000000000000000000, 4.095657111477150300 ) ) ;
#1761 = ORIENTED_EDGE ( 'NONE', *, *, #5154, .F. ) ;
#1762 = ORIENTED_EDGE ( 'NONE', *, *, #227, .F. ) ;
#1763 = VERTEX_POINT ( 'NONE', #2538 ) ;
#1764 = ORIENTED_EDGE ( 'NONE', *, *, #2042, .T. ) ;
#1765 = DIRECTION ( 'NONE',  ( 0.0000000000000000000, 0.0000000000000000000, 1.000000000000000000 ) ) ;
#1766 = DIRECTION ( 'NONE',  ( 1.000000000000000000, 0.0000000000000000000, 0.0000000000000000000 ) ) ;
#1767 = CARTESIAN_POINT ( 'NONE',  ( -6.976101496071000200, -9.517037770047780400, -4.200000000000000200 ) ) ;
#1768 = FACE_OUTER_BOUND ( 'NONE', #5044, .T. ) ;
#1769 = CYLINDRICAL_SURFACE ( 'NONE', #1770, 11.79999999999999900 ) ;
#1770 = AXIS2_PLACEMENT_3D ( 'NONE', #1771, #1772, #1773 ) ;
#1771 = CARTESIAN_POINT ( 'NONE',  ( 0.0000000000000000000, 0.0000000000000000000, -4.200000000000000200 ) ) ;
#1772 = DIRECTION ( 'NONE',  ( 0.0000000000000000000, 0.0000000000000000000, 1.000000000000000000 ) ) ;
#1773 = DIRECTION ( 'NONE',  ( 1.000000000000000000, 0.0000000000000000000, 0.0000000000000000000 ) ) ;
#1774 = CARTESIAN_POINT ( 'NONE',  ( -0.4000000000000000200, 7.995911004945649700, -21.21500000000000000 ) ) ;
#1775 = LINE ( 'NONE', #1776, #1777 ) ;
#1776 = CARTESIAN_POINT ( 'NONE',  ( 6.976101496070990400, -9.517037770047780400, -4.200000000000000200 ) ) ;
#1777 = VECTOR ( 'NONE', #1778, 1000.000000000000000 ) ;
#1778 = DIRECTION ( 'NONE',  ( 0.0000000000000000000, 0.0000000000000000000, 1.000000000000000000 ) ) ;
#1779 = FACE_OUTER_BOUND ( 'NONE', #4485, .T. ) ;
#1780 = PLANE ( 'NONE',  #1785 ) ;
#1781 = ORIENTED_EDGE ( 'NONE', *, *, #2040, .F. ) ;
#1782 = ADVANCED_FACE ( 'NONE', ( #2548 ), #2549, .F. ) ;
#1783 = ORIENTED_EDGE ( 'NONE', *, *, #321, .F. ) ;
#1784 = ORIENTED_EDGE ( 'NONE', *, *, #2112, .F. ) ;
#1785 = AXIS2_PLACEMENT_3D ( 'NONE', #1786, #1787, #1788 ) ;
#1786 = CARTESIAN_POINT ( 'NONE',  ( -3.100000000000000100, 16.97631392310545100, -34.10000000000000100 ) ) ;
#1787 = DIRECTION ( 'NONE',  ( 1.000000000000000000, 0.0000000000000000000, 0.0000000000000000000 ) ) ;
#1788 = DIRECTION ( 'NONE',  ( 0.0000000000000000000, 0.0000000000000000000, -1.000000000000000000 ) ) ;
#1789 = LINE ( 'NONE', #1790, #1791 ) ;
#1790 = CARTESIAN_POINT ( 'NONE',  ( -0.5000000000000000000, 3.692113447068044800, -29.30000000000000100 ) ) ;
#1791 = VECTOR ( 'NONE', #1792, 1000.000000000000000 ) ;
#1792 = DIRECTION ( 'NONE',  ( 0.0000000000000000000, 1.000000000000000000, 0.0000000000000000000 ) ) ;
#1793 = CARTESIAN_POINT ( 'NONE',  ( 1.500000000000000000, 6.850000000000000500, -19.72738636560929800 ) ) ;
#1794 =( BOUNDED_CURVE ( )  B_SPLINE_CURVE ( 3, ( #1795, #1796, #1797, #1798 ),
 .UNSPECIFIED., .F., .F. ) 
 B_SPLINE_CURVE_WITH_KNOTS ( ( 4, 4 ),
 ( 0.6514907661201081400, 0.8937340454835943600 ),
 .UNSPECIFIED. ) 
 CURVE ( )  GEOMETRIC_REPRESENTATION_ITEM ( )  RATIONAL_B_SPLINE_CURVE ( ( 1.000000000000000000, 0.9951158249372358300, 0.9951158249372358300, 1.000000000000000000 ) ) 
 REPRESENTATION_ITEM ( '' )  );
#1795 = CARTESIAN_POINT ( 'NONE',  ( -5.032891812864630100, 6.599999999999999600, -29.16961524227065200 ) ) ;
#1796 = CARTESIAN_POINT ( 'NONE',  ( -5.567134249835577400, 6.192608426194564000, -29.40482287707286700 ) ) ;
#1797 = CARTESIAN_POINT ( 'NONE',  ( -6.048239312180220000, 5.723651290781606200, -29.67557540544193300 ) ) ;
#1798 = CARTESIAN_POINT ( 'NONE',  ( -6.469157595854340100, 5.200000000000000200, -29.97790561913615200 ) ) ;
#1799 = CARTESIAN_POINT ( 'NONE',  ( 3.555277766926235200, 7.500000000000000000, -2.000000000000000000 ) ) ;
#1800 = CARTESIAN_POINT ( 'NONE',  ( 0.4000000000000000200, 7.425955088890710000, -23.34999999999999800 ) ) ;
#1801 = VERTEX_POINT ( 'NONE', #2574 ) ;
#1802 = ORIENTED_EDGE ( 'NONE', *, *, #5002, .F. ) ;
#1803 = ORIENTED_EDGE ( 'NONE', *, *, #589, .T. ) ;
#1804 = ORIENTED_EDGE ( 'NONE', *, *, #107, .F. ) ;
#1805 = VERTEX_POINT ( 'NONE', #2582 ) ;
#1806 = VERTEX_POINT ( 'NONE', #2583 ) ;
#1807 = CIRCLE ( 'NONE', #1808, 8.300000000000000700 ) ;
#1808 = AXIS2_PLACEMENT_3D ( 'NONE', #1809, #1810, #1811 ) ;
#1809 = CARTESIAN_POINT ( 'NONE',  ( 0.0000000000000000000, 0.0000000000000000000, -0.2000000000000000100 ) ) ;
#1810 = DIRECTION ( 'NONE',  ( 0.0000000000000000000, 0.0000000000000000000, 1.000000000000000000 ) ) ;
#1811 = DIRECTION ( 'NONE',  ( 1.000000000000000000, 0.0000000000000000000, 0.0000000000000000000 ) ) ;
#1812 = LINE ( 'NONE', #1813, #1814 ) ;
#1813 = CARTESIAN_POINT ( 'NONE',  ( -0.5000000000000000000, 7.500000000000000000, -32.80000000000000400 ) ) ;
#1814 = VECTOR ( 'NONE', #1815, 1000.000000000000000 ) ;
#1815 = DIRECTION ( 'NONE',  ( -1.000000000000000000, 0.0000000000000000000, 0.0000000000000000000 ) ) ;
#1816 = LINE ( 'NONE', #1817, #1818 ) ;
#1817 = CARTESIAN_POINT ( 'NONE',  ( 2.000000000000000000, 7.500000000000000000, -29.30000000000000100 ) ) ;
#1818 = VECTOR ( 'NONE', #1819, 1000.000000000000000 ) ;
#1819 = DIRECTION ( 'NONE',  ( 0.0000000000000000000, 1.000000000000000000, 0.0000000000000000000 ) ) ;
#1820 = LINE ( 'NONE', #1821, #1822 ) ;
#1821 = CARTESIAN_POINT ( 'NONE',  ( 6.118823416311330200, 6.599999999999999600, 19.26826348552040000 ) ) ;
#1822 = VECTOR ( 'NONE', #1824, 1000.000000000000000 ) ;
#1823 = EDGE_CURVE ( 'NONE', #1080, #2059, #2584, .T. ) ;
#1824 = DIRECTION ( 'NONE',  ( 0.0000000000000000000, 0.0000000000000000000, 1.000000000000000000 ) ) ;
#1825 = LINE ( 'NONE', #1826, #1827 ) ;
#1826 = CARTESIAN_POINT ( 'NONE',  ( -4.150000000000000400, 0.0000000000000000000, -36.10000000000000100 ) ) ;
#1827 = VECTOR ( 'NONE', #1828, 1000.000000000000000 ) ;
#1828 = DIRECTION ( 'NONE',  ( 0.0000000000000000000, 0.0000000000000000000, -1.000000000000000000 ) ) ;
#1829 = CIRCLE ( 'NONE', #1830, 7.799999999999999800 ) ;
#1830 = AXIS2_PLACEMENT_3D ( 'NONE', #1831, #1832, #1833 ) ;
#1831 = CARTESIAN_POINT ( 'NONE',  ( 0.0000000000000000000, 0.0000000000000000000, 0.0000000000000000000 ) ) ;
#1832 = DIRECTION ( 'NONE',  ( 0.0000000000000000000, 0.0000000000000000000, 1.000000000000000000 ) ) ;
#1833 = DIRECTION ( 'NONE',  ( 1.000000000000000000, 0.0000000000000000000, 0.0000000000000000000 ) ) ;
#1834 = LINE ( 'NONE', #1835, #1836 ) ;
#1835 = CARTESIAN_POINT ( 'NONE',  ( 3.216025403784439800, 7.500000000000000000, -27.49535938970580100 ) ) ;
#1836 = VECTOR ( 'NONE', #1837, 1000.000000000000000 ) ;
#1837 = DIRECTION ( 'NONE',  ( 0.0000000000000000000, 0.0000000000000000000, -1.000000000000000000 ) ) ;
#1838 = CARTESIAN_POINT ( 'NONE',  ( 0.4000000000000000200, 7.425955088890710000, -21.21500000000000000 ) ) ;
#1839 = CARTESIAN_POINT ( 'NONE',  ( -4.974937185533099700, 7.500000000000000000, -2.000000000000000000 ) ) ;
#1840 = ORIENTED_EDGE ( 'NONE', *, *, #2168, .T. ) ;
#1841 = LINE ( 'NONE', #1842, #1843 ) ;
#1842 = CARTESIAN_POINT ( 'NONE',  ( -0.5000000000000000000, 7.700000000000000200, -29.30000000000000100 ) ) ;
#1843 = VECTOR ( 'NONE', #1844, 1000.000000000000000 ) ;
#1844 = DIRECTION ( 'NONE',  ( 1.000000000000000000, 0.0000000000000000000, 0.0000000000000000000 ) ) ;
#1845 = CARTESIAN_POINT ( 'NONE',  ( 4.795831523312720000, -11.00000000000000000, -8.000000000000000000 ) ) ;
#1846 = LINE ( 'NONE', #1847, #1848 ) ;
#1847 = CARTESIAN_POINT ( 'NONE',  ( -3.100000000000000100, 16.97631392310545100, -28.80000000000000100 ) ) ;
#1848 = VECTOR ( 'NONE', #1849, 1000.000000000000000 ) ;
#1849 = DIRECTION ( 'NONE',  ( 0.0000000000000000000, -1.000000000000000000, 0.0000000000000000000 ) ) ;
#1850 = CIRCLE ( 'NONE', #1851, 8.300000000000000700 ) ;
#1851 = AXIS2_PLACEMENT_3D ( 'NONE', #1852, #1853, #1854 ) ;
#1852 = CARTESIAN_POINT ( 'NONE',  ( 0.0000000000000000000, 0.0000000000000000000, -2.000000000000000000 ) ) ;
#1853 = DIRECTION ( 'NONE',  ( 0.0000000000000000000, 0.0000000000000000000, 1.000000000000000000 ) ) ;
#1854 = DIRECTION ( 'NONE',  ( 1.000000000000000000, 0.0000000000000000000, 0.0000000000000000000 ) ) ;
#1855 = CARTESIAN_POINT ( 'NONE',  ( 3.100000000000000100, 7.500000000000000000, -29.74944465005350100 ) ) ;
#1856 = CARTESIAN_POINT ( 'NONE',  ( -0.4000000000000000200, 7.425955088890710000, -24.78500000000000000 ) ) ;
#1857 = EDGE_CURVE ( 'NONE', #4555, #5067, #2600, .T. ) ;
#1858 = EDGE_LOOP ( 'NONE', ( #4450, #4530, #4606, #89, #122 ) ) ;
#1859 = CIRCLE ( 'NONE', #1860, 0.5999999999999998700 ) ;
#1860 = AXIS2_PLACEMENT_3D ( 'NONE', #1861, #1862, #1863 ) ;
#1861 = CARTESIAN_POINT ( 'NONE',  ( -2.510229073212240100, 2.510229073212250300, -36.10000000000000100 ) ) ;
#1862 = DIRECTION ( 'NONE',  ( 0.0000000000000000000, 0.0000000000000000000, -1.000000000000000000 ) ) ;
#1863 = DIRECTION ( 'NONE',  ( -1.000000000000000000, 0.0000000000000000000, 0.0000000000000000000 ) ) ;
#1864 = CIRCLE ( 'NONE', #1865, 12.00000000000000000 ) ;
#1865 = AXIS2_PLACEMENT_3D ( 'NONE', #1866, #1867, #1868 ) ;
#1866 = CARTESIAN_POINT ( 'NONE',  ( 0.0000000000000000000, 0.0000000000000000000, -4.200000000000000200 ) ) ;
#1867 = DIRECTION ( 'NONE',  ( 0.0000000000000000000, 0.0000000000000000000, -1.000000000000000000 ) ) ;
#1868 = DIRECTION ( 'NONE',  ( -1.000000000000000000, 0.0000000000000000000, 0.0000000000000000000 ) ) ;
#1869 = CIRCLE ( 'NONE', #1870, 11.79999999999999900 ) ;
#1870 = AXIS2_PLACEMENT_3D ( 'NONE', #1871, #1872, #1873 ) ;
#1871 = CARTESIAN_POINT ( 'NONE',  ( 0.0000000000000000000, 0.0000000000000000000, -4.000000000000000000 ) ) ;
#1872 = DIRECTION ( 'NONE',  ( 0.0000000000000000000, 0.0000000000000000000, -1.000000000000000000 ) ) ;
#1873 = DIRECTION ( 'NONE',  ( -1.000000000000000000, 0.0000000000000000000, 0.0000000000000000000 ) ) ;
#1874 = LINE ( 'NONE', #1877, #1878 ) ;
#1875 = VERTEX_POINT ( 'NONE', #2610 ) ;
#1876 = ORIENTED_EDGE ( 'NONE', *, *, #2202, .T. ) ;
#1877 = CARTESIAN_POINT ( 'NONE',  ( -9.000999999999999400, 5.200000000000000200, -32.50000000000000000 ) ) ;
#1878 = VECTOR ( 'NONE', #1879, 1000.000000000000000 ) ;
#1879 = DIRECTION ( 'NONE',  ( 1.000000000000000000, 0.0000000000000000000, 0.0000000000000000000 ) ) ;
#1880 = FACE_OUTER_BOUND ( 'NONE', #312, .T. ) ;
#1881 = PLANE ( 'NONE',  #1882 ) ;
#1882 = AXIS2_PLACEMENT_3D ( 'NONE', #1883, #1884, #1885 ) ;
#1883 = CARTESIAN_POINT ( 'NONE',  ( -0.5000000000000000000, 8.201000000000000500, -18.89999999999975000 ) ) ;
#1884 = DIRECTION ( 'NONE',  ( 0.1961161351384149700, 0.0000000000000000000, -0.9805806756908739300 ) ) ;
#1885 = DIRECTION ( 'NONE',  ( -0.9805806756908739300, 0.0000000000000000000, -0.1961161351384149700 ) ) ;
#1886 = LINE ( 'NONE', #1887, #1888 ) ;
#1887 = CARTESIAN_POINT ( 'NONE',  ( 9.000999999999999400, 6.599999999999999600, -23.00000000000000000 ) ) ;
#1888 = VECTOR ( 'NONE', #1889, 1000.000000000000000 ) ;
#1889 = DIRECTION ( 'NONE',  ( -1.000000000000000000, 0.0000000000000000000, 0.0000000000000000000 ) ) ;
#1890 = FACE_OUTER_BOUND ( 'NONE', #571, .T. ) ;
#1891 = PLANE ( 'NONE',  #1892 ) ;
#1892 = AXIS2_PLACEMENT_3D ( 'NONE', #1896, #1897, #1898 ) ;
#1893 = VERTEX_POINT ( 'NONE', #2619 ) ;
#1894 = EDGE_CURVE ( 'NONE', #4648, #1149, #2624, .T. ) ;
#1895 = EDGE_CURVE ( 'NONE', #993, #82, #2633, .T. ) ;
#1896 = CARTESIAN_POINT ( 'NONE',  ( 2.000000000000000000, 7.500000000000000000, -29.30000000000000100 ) ) ;
#1897 = DIRECTION ( 'NONE',  ( 1.000000000000000000, 0.0000000000000000000, -2.478176394252580200E-016 ) ) ;
#1898 = DIRECTION ( 'NONE',  ( -2.478176394252580200E-016, 0.0000000000000000000, -1.000000000000000000 ) ) ;
#1899 = FACE_OUTER_BOUND ( 'NONE', #2429, .T. ) ;
#1900 = CYLINDRICAL_SURFACE ( 'NONE', #1901, 8.300000000000000700 ) ;
#1901 = AXIS2_PLACEMENT_3D ( 'NONE', #1902, #1903, #1904 ) ;
#1902 = CARTESIAN_POINT ( 'NONE',  ( 0.0000000000000000000, 0.0000000000000000000, 19.26826348552040000 ) ) ;
#1903 = DIRECTION ( 'NONE',  ( 0.0000000000000000000, 0.0000000000000000000, 1.000000000000000000 ) ) ;
#1904 = DIRECTION ( 'NONE',  ( 1.000000000000000000, 0.0000000000000000000, 0.0000000000000000000 ) ) ;
#1905 = LINE ( 'NONE', #1906, #1907 ) ;
#1906 = CARTESIAN_POINT ( 'NONE',  ( -0.4000000000000000200, 8.200000000000001100, -22.64999999999999900 ) ) ;
#1907 = VECTOR ( 'NONE', #1908, 1000.000000000000000 ) ;
#1908 = DIRECTION ( 'NONE',  ( 0.0000000000000000000, -1.000000000000000000, 0.0000000000000000000 ) ) ;
#1909 = CARTESIAN_POINT ( 'NONE',  ( 4.150000000000000400, 5.082116368362865800E-016, -45.00000000000000000 ) ) ;
#1910 = CARTESIAN_POINT ( 'NONE',  ( 3.100000000000000100, 7.299038105676650000, -33.33452994616210000 ) ) ;
#1911 = LINE ( 'NONE', #1915, #1916 ) ;
#1912 = EDGE_CURVE ( 'NONE', #5054, #557, #2643, .T. ) ;
#1913 = ORIENTED_EDGE ( 'NONE', *, *, #2353, .T. ) ;
#1914 = VERTEX_POINT ( 'NONE', #2648 ) ;
#1915 = CARTESIAN_POINT ( 'NONE',  ( -0.5000000000000000000, 6.250000000000000000, -18.89999999999975000 ) ) ;
#1916 = VECTOR ( 'NONE', #1917, 999.9999999999998900 ) ;
#1917 = DIRECTION ( 'NONE',  ( 0.9805806756908740400, 0.0000000000000000000, 0.1961161351384150000 ) ) ;
#1918 = LINE ( 'NONE', #1919, #1920 ) ;
#1919 = CARTESIAN_POINT ( 'NONE',  ( -1.500000000000000000, 8.201000000000000500, -19.83772233983160000 ) ) ;
#1920 = VECTOR ( 'NONE', #1921, 1000.000000000000000 ) ;
#1921 = DIRECTION ( 'NONE',  ( 0.0000000000000000000, -1.000000000000000000, 0.0000000000000000000 ) ) ;
#1922 = CIRCLE ( 'NONE', #1923, 4.150000000000000400 ) ;
#1923 = AXIS2_PLACEMENT_3D ( 'NONE', #1924, #1925, #1926 ) ;
#1924 = CARTESIAN_POINT ( 'NONE',  ( 0.0000000000000000000, 0.0000000000000000000, -36.10000000000000100 ) ) ;
#1925 = DIRECTION ( 'NONE',  ( 0.0000000000000000000, 0.0000000000000000000, -1.000000000000000000 ) ) ;
#1926 = DIRECTION ( 'NONE',  ( -1.000000000000000000, 0.0000000000000000000, 0.0000000000000000000 ) ) ;
#1927 = CIRCLE ( 'NONE', #1928, 6.000000000000000000 ) ;
#1928 = AXIS2_PLACEMENT_3D ( 'NONE', #1929, #1930, #1935 ) ;
#1929 = CARTESIAN_POINT ( 'NONE',  ( 0.0000000000000000000, 0.0000000000000000000, -42.00000000000000000 ) ) ;
#1930 = DIRECTION ( 'NONE',  ( 0.0000000000000000000, 0.0000000000000000000, 1.000000000000000000 ) ) ;
#1931 = ADVANCED_FACE ( 'NONE', ( #2686 ), #2688, .T. ) ;
#1932 = ORIENTED_EDGE ( 'NONE', *, *, #2244, .F. ) ;
#1933 = ORIENTED_EDGE ( 'NONE', *, *, #2245, .T. ) ;
#1934 = VERTEX_POINT ( 'NONE', #2698 ) ;
#1935 = DIRECTION ( 'NONE',  ( 1.000000000000000000, 0.0000000000000000000, 0.0000000000000000000 ) ) ;
#1936 = CARTESIAN_POINT ( 'NONE',  ( -11.92419520328519900, 1.346688068540976100, -8.000000000000000000 ) ) ;
#1937 = CARTESIAN_POINT ( 'NONE',  ( -2.000000000000000000, -0.5000000000000000000, -43.00000000000000000 ) ) ;
#1938 = FACE_OUTER_BOUND ( 'NONE', #5041, .T. ) ;
#1939 = CYLINDRICAL_SURFACE ( 'NONE', #1940, 0.5999999999999998700 ) ;
#1940 = AXIS2_PLACEMENT_3D ( 'NONE', #1941, #1942, #1943 ) ;
#1941 = CARTESIAN_POINT ( 'NONE',  ( -2.510229073212240100, 2.510229073212250300, -47.00492558530929400 ) ) ;
#1942 = DIRECTION ( 'NONE',  ( 0.0000000000000000000, 0.0000000000000000000, 1.000000000000000000 ) ) ;
#1943 = DIRECTION ( 'NONE',  ( 1.000000000000000000, 0.0000000000000000000, 0.0000000000000000000 ) ) ;
#1944 = CIRCLE ( 'NONE', #1945, 4.150000000000000400 ) ;
#1945 = AXIS2_PLACEMENT_3D ( 'NONE', #1946, #1947, #1948 ) ;
#1946 = CARTESIAN_POINT ( 'NONE',  ( 0.0000000000000000000, 0.0000000000000000000, -45.00000000000000000 ) ) ;
#1947 = DIRECTION ( 'NONE',  ( 0.0000000000000000000, 0.0000000000000000000, -1.000000000000000000 ) ) ;
#1948 = DIRECTION ( 'NONE',  ( -1.000000000000000000, 0.0000000000000000000, 0.0000000000000000000 ) ) ;
#1949 = LINE ( 'NONE', #1950, #1955 ) ;
#1950 = CARTESIAN_POINT ( 'NONE',  ( -3.555277766926235200, -7.500000000000000000, 19.26826348552040000 ) ) ;
#1951 = VERTEX_POINT ( 'NONE', #2706 ) ;
#1952 = ORIENTED_EDGE ( 'NONE', *, *, #2241, .T. ) ;
#1953 = EDGE_LOOP ( 'NONE', ( #2394, #2850, #4949, #4995, #1341, #1802 ) ) ;
#1954 = EDGE_CURVE ( 'NONE', #371, #150, #2716, .T. ) ;
#1955 = VECTOR ( 'NONE', #1956, 1000.000000000000000 ) ;
#1956 = DIRECTION ( 'NONE',  ( 0.0000000000000000000, 0.0000000000000000000, 1.000000000000000000 ) ) ;
#1957 = LINE ( 'NONE', #1958, #1959 ) ;
#1958 = CARTESIAN_POINT ( 'NONE',  ( -5.518151864528559400, 6.200000000000000200, 19.26826348552040000 ) ) ;
#1959 = VECTOR ( 'NONE', #1960, 1000.000000000000000 ) ;
#1960 = DIRECTION ( 'NONE',  ( 0.0000000000000000000, 0.0000000000000000000, -1.000000000000000000 ) ) ;
#1961 = LINE ( 'NONE', #1962, #1963 ) ;
#1962 = CARTESIAN_POINT ( 'NONE',  ( -4.753945729601879200, 10.80000000000000100, -4.200000000000000200 ) ) ;
#1963 = VECTOR ( 'NONE', #1964, 1000.000000000000000 ) ;
#1964 = DIRECTION ( 'NONE',  ( 1.000000000000000000, 0.0000000000000000000, 0.0000000000000000000 ) ) ;
#1965 = FACE_OUTER_BOUND ( 'NONE', #4745, .T. ) ;
#1966 = PLANE ( 'NONE',  #1967 ) ;
#1967 = AXIS2_PLACEMENT_3D ( 'NONE', #1968, #1969, #1970 ) ;
#1968 = CARTESIAN_POINT ( 'NONE',  ( -3.361003918878659900E-015, 6.850000000000000500, -23.00000000000000000 ) ) ;
#1969 = DIRECTION ( 'NONE',  ( 0.0000000000000000000, 1.000000000000000000, 0.0000000000000000000 ) ) ;
#1970 = DIRECTION ( 'NONE',  ( 0.0000000000000000000, 0.0000000000000000000, 1.000000000000000000 ) ) ;
#1971 = CARTESIAN_POINT ( 'NONE',  ( -5.032891812864630100, 6.599999999999999600, -29.16961524227065200 ) ) ;
#1972 = CIRCLE ( 'NONE', #1973, 12.00000000000000000 ) ;
#1973 = AXIS2_PLACEMENT_3D ( 'NONE', #1974, #1975, #1976 ) ;
#1974 = CARTESIAN_POINT ( 'NONE',  ( 0.0000000000000000000, 0.0000000000000000000, -4.000000000000000000 ) ) ;
#1975 = DIRECTION ( 'NONE',  ( 0.0000000000000000000, 0.0000000000000000000, 1.000000000000000000 ) ) ;
#1976 = DIRECTION ( 'NONE',  ( 1.000000000000000000, 0.0000000000000000000, 0.0000000000000000000 ) ) ;
#1977 = CARTESIAN_POINT ( 'NONE',  ( -7.128363679972479400, -9.653311931459029400, -8.000000000000000000 ) ) ;
#1978 = LINE ( 'NONE', #1979, #1980 ) ;
#1979 = CARTESIAN_POINT ( 'NONE',  ( 4.753945729601879200, -10.80000000000000100, -4.000000000000000000 ) ) ;
#1980 = VECTOR ( 'NONE', #1981, 1000.000000000000000 ) ;
#1981 = DIRECTION ( 'NONE',  ( -1.000000000000000000, 0.0000000000000000000, 0.0000000000000000000 ) ) ;
#1982 = LINE ( 'NONE', #1983, #1984 ) ;
#1983 = CARTESIAN_POINT ( 'NONE',  ( 0.4000000000000000200, 8.200000000000001100, -24.78500000000000000 ) ) ;
#1984 = VECTOR ( 'NONE', #1985, 1000.000000000000000 ) ;
#1985 = DIRECTION ( 'NONE',  ( 0.0000000000000000000, -1.000000000000000000, 0.0000000000000000000 ) ) ;
#1986 = CARTESIAN_POINT ( 'NONE',  ( -2.000000000000000000, 7.500000000000000000, -32.80000000000000400 ) ) ;
#1987 = ORIENTED_EDGE ( 'NONE', *, *, #2317, .F. ) ;
#1988 = CARTESIAN_POINT ( 'NONE',  ( 6.118823416311330200, 6.599999999999999600, -23.00000000000000000 ) ) ;
#1989 = LINE ( 'NONE', #1990, #1991 ) ;
#1990 = CARTESIAN_POINT ( 'NONE',  ( -0.4000000000000000200, 8.200000000000001100, -23.34999999999999800 ) ) ;
#1991 = VECTOR ( 'NONE', #1992, 1000.000000000000000 ) ;
#1992 = DIRECTION ( 'NONE',  ( 0.0000000000000000000, -1.000000000000000000, 0.0000000000000000000 ) ) ;
#1993 = LINE ( 'NONE', #1994, #1995 ) ;
#1994 = CARTESIAN_POINT ( 'NONE',  ( 0.5000000000000000000, 7.700000000000000200, -29.30000000000000100 ) ) ;
#1995 = VECTOR ( 'NONE', #1996, 1000.000000000000000 ) ;
#1996 = DIRECTION ( 'NONE',  ( 1.000000000000000000, 0.0000000000000000000, 0.0000000000000000000 ) ) ;
#1997 = CARTESIAN_POINT ( 'NONE',  ( 3.216025403784439800, 7.500000000000000000, -33.45055534994654800 ) ) ;
#1998 = CIRCLE ( 'NONE', #1999, 8.105786513349579900 ) ;
#1999 = AXIS2_PLACEMENT_3D ( 'NONE', #2000, #2001, #2002 ) ;
#2000 = CARTESIAN_POINT ( 'NONE',  ( 0.0000000000000000000, -0.1000000000000000100, -24.78500000000000000 ) ) ;
#2001 = DIRECTION ( 'NONE',  ( 0.0000000000000000000, 0.0000000000000000000, 1.000000000000000000 ) ) ;
#2002 = DIRECTION ( 'NONE',  ( 1.000000000000000000, 0.0000000000000000000, 0.0000000000000000000 ) ) ;
#2003 = FACE_OUTER_BOUND ( 'NONE', #4811, .T. ) ;
#2004 = EDGE_CURVE ( 'NONE', #2239, #4618, #2740, .T. ) ;
#2005 = PLANE ( 'NONE',  #2006 ) ;
#2006 = AXIS2_PLACEMENT_3D ( 'NONE', #2007, #2008, #2009 ) ;
#2007 = CARTESIAN_POINT ( 'NONE',  ( 0.5000000000000000000, 7.500000000000000000, -29.30000000000000100 ) ) ;
#2008 = DIRECTION ( 'NONE',  ( 0.0000000000000000000, 0.0000000000000000000, 1.000000000000000000 ) ) ;
#2009 = DIRECTION ( 'NONE',  ( 1.000000000000000000, 0.0000000000000000000, 0.0000000000000000000 ) ) ;
#2010 = CARTESIAN_POINT ( 'NONE',  ( -1.500000000000000000, 7.425955088890710000, -19.83772233983160000 ) ) ;
#2011 = CIRCLE ( 'NONE', #2012, 5.250000000000000000 ) ;
#2012 = AXIS2_PLACEMENT_3D ( 'NONE', #2013, #2014, #2015 ) ;
#2013 = CARTESIAN_POINT ( 'NONE',  ( 0.0000000000000000000, 0.0000000000000000000, -38.00000000000000000 ) ) ;
#2014 = DIRECTION ( 'NONE',  ( 0.0000000000000000000, 0.0000000000000000000, 1.000000000000000000 ) ) ;
#2015 = DIRECTION ( 'NONE',  ( 1.000000000000000000, 0.0000000000000000000, 0.0000000000000000000 ) ) ;
#2016 = CARTESIAN_POINT ( 'NONE',  ( 4.150000000000000400, 5.082116368362865800E-016, -36.10000000000000100 ) ) ;
#2017 = CARTESIAN_POINT ( 'NONE',  ( -1.500000000000000000, 6.250000000000000000, -19.09999999999999800 ) ) ;
#2018 = LINE ( 'NONE', #2019, #2020 ) ;
#2019 = CARTESIAN_POINT ( 'NONE',  ( 1.953371135077720100, 6.250000000000000000, -25.90419372780899800 ) ) ;
#2020 = VECTOR ( 'NONE', #2024, 1000.000000000000000 ) ;
#2021 = EDGE_CURVE ( 'NONE', #817, #1271, #2746, .T. ) ;
#2022 = EDGE_CURVE ( 'NONE', #4552, #5117, #2750, .T. ) ;
#2023 = EDGE_CURVE ( 'NONE', #1914, #3768, #2770, .T. ) ;
#2024 = DIRECTION ( 'NONE',  ( 0.0000000000000000000, 1.000000000000000000, 0.0000000000000000000 ) ) ;
#2025 = LINE ( 'NONE', #2026, #2027 ) ;
#2026 = CARTESIAN_POINT ( 'NONE',  ( 3.555277766926235200, 7.500000000000000000, 19.26826348552040000 ) ) ;
#2027 = VECTOR ( 'NONE', #2028, 1000.000000000000000 ) ;
#2028 = DIRECTION ( 'NONE',  ( 0.0000000000000000000, 0.0000000000000000000, 1.000000000000000000 ) ) ;
#2029 = FACE_OUTER_BOUND ( 'NONE', #4663, .T. ) ;
#2030 = CYLINDRICAL_SURFACE ( 'NONE', #2031, 0.5999999999999998700 ) ;
#2031 = AXIS2_PLACEMENT_3D ( 'NONE', #2032, #2033, #2034 ) ;
#2032 = CARTESIAN_POINT ( 'NONE',  ( -2.510229073212240100, 2.510229073212250300, -47.00492558530929400 ) ) ;
#2033 = DIRECTION ( 'NONE',  ( 0.0000000000000000000, 0.0000000000000000000, 1.000000000000000000 ) ) ;
#2034 = DIRECTION ( 'NONE',  ( 1.000000000000000000, 0.0000000000000000000, 0.0000000000000000000 ) ) ;
#2035 = FACE_OUTER_BOUND ( 'NONE', #246, .T. ) ;
#2036 = PLANE ( 'NONE',  #2037 ) ;
#2037 = AXIS2_PLACEMENT_3D ( 'NONE', #2038, #2039, #2043 ) ;
#2038 = CARTESIAN_POINT ( 'NONE',  ( -3.216025403784439800, 7.500000000000000000, -27.49535938970580100 ) ) ;
#2039 = DIRECTION ( 'NONE',  ( -0.8660254037844384900, -0.5000000000000003300, 0.0000000000000000000 ) ) ;
#2040 = EDGE_CURVE ( 'NONE', #4839, #381, #2782, .T. ) ;
#2041 = EDGE_LOOP ( 'NONE', ( #1503, #138, #4698, #4733 ) ) ;
#2042 = EDGE_CURVE ( 'NONE', #150, #5186, #2787, .T. ) ;
#2043 = DIRECTION ( 'NONE',  ( 0.5000000000000003300, -0.8660254037844384900, 0.0000000000000000000 ) ) ;
#2044 = FACE_OUTER_BOUND ( 'NONE', #4519, .T. ) ;
#2045 = CYLINDRICAL_SURFACE ( 'NONE', #2046, 11.79999999999999900 ) ;
#2046 = AXIS2_PLACEMENT_3D ( 'NONE', #2047, #2048, #2049 ) ;
#2047 = CARTESIAN_POINT ( 'NONE',  ( 0.0000000000000000000, 0.0000000000000000000, -4.200000000000000200 ) ) ;
#2048 = DIRECTION ( 'NONE',  ( 0.0000000000000000000, 0.0000000000000000000, 1.000000000000000000 ) ) ;
#2049 = DIRECTION ( 'NONE',  ( 1.000000000000000000, 0.0000000000000000000, 0.0000000000000000000 ) ) ;
#2050 = CIRCLE ( 'NONE', #2051, 8.300000000000002500 ) ;
#2051 = AXIS2_PLACEMENT_3D ( 'NONE', #2052, #2053, #2054 ) ;
#2052 = CARTESIAN_POINT ( 'NONE',  ( 0.0000000000000000000, -0.1000000000000000100, -23.00000000000000000 ) ) ;
#2053 = DIRECTION ( 'NONE',  ( 1.000000000000000000, 0.0000000000000000000, 0.0000000000000000000 ) ) ;
#2054 = DIRECTION ( 'NONE',  ( 0.0000000000000000000, 0.0000000000000000000, -1.000000000000000000 ) ) ;
#2055 = CIRCLE ( 'NONE', #2056, 9.000000000000000000 ) ;
#2056 = AXIS2_PLACEMENT_3D ( 'NONE', #2057, #2058, #2062 ) ;
#2057 = CARTESIAN_POINT ( 'NONE',  ( 0.0000000000000000000, 0.0000000000000000000, -2.000000000000000000 ) ) ;
#2058 = DIRECTION ( 'NONE',  ( 0.0000000000000000000, 0.0000000000000000000, 1.000000000000000000 ) ) ;
#2059 = VERTEX_POINT ( 'NONE', #2799 ) ;
#2060 = ORIENTED_EDGE ( 'NONE', *, *, #4935, .T. ) ;
#2061 = EDGE_CURVE ( 'NONE', #439, #334, #2813, .T. ) ;
#2062 = DIRECTION ( 'NONE',  ( 1.000000000000000000, 0.0000000000000000000, 0.0000000000000000000 ) ) ;
#2063 = CARTESIAN_POINT ( 'NONE',  ( -2.085965004500309700, 2.934493141924180200, -36.10000000000000100 ) ) ;
#2064 = CARTESIAN_POINT ( 'NONE',  ( 7.345747068882780600, 5.200000000000000200, -32.50000000000000000 ) ) ;
#2065 = FACE_OUTER_BOUND ( 'NONE', #5021, .T. ) ;
#2066 = PLANE ( 'NONE',  #2067 ) ;
#2067 = AXIS2_PLACEMENT_3D ( 'NONE', #2068, #2069, #2070 ) ;
#2068 = CARTESIAN_POINT ( 'NONE',  ( -11.73004722567288000, 1.282962229952234100, -4.200000000000000200 ) ) ;
#2069 = DIRECTION ( 'NONE',  ( 0.8660254037844387100, -0.4999999999999998300, 0.0000000000000000000 ) ) ;
#2070 = DIRECTION ( 'NONE',  ( 0.4999999999999998300, 0.8660254037844387100, 0.0000000000000000000 ) ) ;
#2071 = LINE ( 'NONE', #2072, #2073 ) ;
#2072 = CARTESIAN_POINT ( 'NONE',  ( 9.000999999999999400, 6.599999999999999600, -29.16961524227065200 ) ) ;
#2073 = VECTOR ( 'NONE', #2074, 1000.000000000000000 ) ;
#2074 = DIRECTION ( 'NONE',  ( -1.000000000000000000, 0.0000000000000000000, 0.0000000000000000000 ) ) ;
#2075 = FACE_OUTER_BOUND ( 'NONE', #4667, .T. ) ;
#2076 = CYLINDRICAL_SURFACE ( 'NONE', #2077, 5.250000000000000000 ) ;
#2077 = AXIS2_PLACEMENT_3D ( 'NONE', #2078, #2079, #2080 ) ;
#2078 = CARTESIAN_POINT ( 'NONE',  ( 0.0000000000000000000, 0.0000000000000000000, 4.095657111477150300 ) ) ;
#2079 = DIRECTION ( 'NONE',  ( 0.0000000000000000000, 0.0000000000000000000, 1.000000000000000000 ) ) ;
#2080 = DIRECTION ( 'NONE',  ( 1.000000000000000000, 0.0000000000000000000, 0.0000000000000000000 ) ) ;
#2081 = CARTESIAN_POINT ( 'NONE',  ( 4.795831523312720000, 11.00000000000000000, -4.200000000000000200 ) ) ;
#2082 = CIRCLE ( 'NONE', #2083, 7.799999999999999800 ) ;
#2083 = AXIS2_PLACEMENT_3D ( 'NONE', #2084, #2085, #2086 ) ;
#2084 = CARTESIAN_POINT ( 'NONE',  ( 0.0000000000000000000, 0.0000000000000000000, -0.2000000000000000100 ) ) ;
#2085 = DIRECTION ( 'NONE',  ( 0.0000000000000000000, 0.0000000000000000000, 1.000000000000000000 ) ) ;
#2086 = DIRECTION ( 'NONE',  ( 1.000000000000000000, 0.0000000000000000000, 0.0000000000000000000 ) ) ;
#2087 = LINE ( 'NONE', #2088, #2089 ) ;
#2088 = CARTESIAN_POINT ( 'NONE',  ( -9.000999999999999400, 6.599999999999999600, -29.16961524227065200 ) ) ;
#2089 = VECTOR ( 'NONE', #2090, 1000.000000000000000 ) ;
#2090 = DIRECTION ( 'NONE',  ( 1.000000000000000000, 0.0000000000000000000, 0.0000000000000000000 ) ) ;
#2091 = LINE ( 'NONE', #2092, #2093 ) ;
#2092 = CARTESIAN_POINT ( 'NONE',  ( -3.216025403784439800, 7.500000000000000000, -34.10000000000000100 ) ) ;
#2093 = VECTOR ( 'NONE', #2096, 999.9999999999998900 ) ;
#2094 = ORIENTED_EDGE ( 'NONE', *, *, #2373, .F. ) ;
#2095 = ORIENTED_EDGE ( 'NONE', *, *, #4679, .F. ) ;
#2096 = DIRECTION ( 'NONE',  ( -0.5000000000000003300, 0.8660254037844386000, 0.0000000000000000000 ) ) ;
#2097 = LINE ( 'NONE', #2098, #2099 ) ;
#2098 = CARTESIAN_POINT ( 'NONE',  ( 9.000999999999999400, 7.500000000000000000, -19.13477038198249900 ) ) ;
#2099 = VECTOR ( 'NONE', #2100, 1000.000000000000000 ) ;
#2100 = DIRECTION ( 'NONE',  ( -1.000000000000000000, 0.0000000000000000000, 0.0000000000000000000 ) ) ;
#2101 = CARTESIAN_POINT ( 'NONE',  ( -0.4000000000000000200, 7.425955088890710000, -22.64999999999999900 ) ) ;
#2102 = CARTESIAN_POINT ( 'NONE',  ( 6.000000000000000000, 0.0000000000000000000, -42.00000000000000000 ) ) ;
#2103 = FACE_OUTER_BOUND ( 'NONE', #5062, .T. ) ;
#2104 = CYLINDRICAL_SURFACE ( 'NONE', #2105, 8.300000000000000700 ) ;
#2105 = AXIS2_PLACEMENT_3D ( 'NONE', #2106, #2107, #2108 ) ;
#2106 = CARTESIAN_POINT ( 'NONE',  ( 0.0000000000000000000, 0.0000000000000000000, 19.26826348552040000 ) ) ;
#2107 = DIRECTION ( 'NONE',  ( 0.0000000000000000000, 0.0000000000000000000, 1.000000000000000000 ) ) ;
#2108 = DIRECTION ( 'NONE',  ( 1.000000000000000000, 0.0000000000000000000, 0.0000000000000000000 ) ) ;
#2109 = FACE_OUTER_BOUND ( 'NONE', #3769, .T. ) ;
#2110 = CYLINDRICAL_SURFACE ( 'NONE', #2111, 11.79999999999999900 ) ;
#2111 = AXIS2_PLACEMENT_3D ( 'NONE', #2113, #2114, #2115 ) ;
#2112 = EDGE_CURVE ( 'NONE', #923, #209, #2852, .T. ) ;
#2113 = CARTESIAN_POINT ( 'NONE',  ( 0.0000000000000000000, 0.0000000000000000000, -4.200000000000000200 ) ) ;
#2114 = DIRECTION ( 'NONE',  ( 0.0000000000000000000, 0.0000000000000000000, 1.000000000000000000 ) ) ;
#2115 = DIRECTION ( 'NONE',  ( 1.000000000000000000, 0.0000000000000000000, 0.0000000000000000000 ) ) ;
#2116 = LINE ( 'NONE', #2117, #2118 ) ;
#2117 = CARTESIAN_POINT ( 'NONE',  ( -0.4000000000000000200, 7.425955088890710000, -21.21500000000000000 ) ) ;
#2118 = VECTOR ( 'NONE', #2119, 1000.000000000000000 ) ;
#2119 = DIRECTION ( 'NONE',  ( 1.000000000000000000, 0.0000000000000000000, 0.0000000000000000000 ) ) ;
#2120 = LINE ( 'NONE', #2121, #2122 ) ;
#2121 = CARTESIAN_POINT ( 'NONE',  ( -9.000000000000000000, 7.500000000000000000, -33.45055534994654800 ) ) ;
#2122 = VECTOR ( 'NONE', #2123, 1000.000000000000000 ) ;
#2123 = DIRECTION ( 'NONE',  ( 1.000000000000000000, 0.0000000000000000000, 0.0000000000000000000 ) ) ;
#2124 = CARTESIAN_POINT ( 'NONE',  ( -4.795831523312720000, -11.00000000000000000, -8.000000000000000000 ) ) ;
#2125 = CARTESIAN_POINT ( 'NONE',  ( 4.753945729601879200, 10.80000000000000100, -4.200000000000000200 ) ) ;
#2126 = LINE ( 'NONE', #2127, #2128 ) ;
#2127 = CARTESIAN_POINT ( 'NONE',  ( -0.4000000000000000200, 7.425955088890710000, -21.21500000000000000 ) ) ;
#2128 = VECTOR ( 'NONE', #2131, 1000.000000000000000 ) ;
#2129 = ADVANCED_FACE ( 'NONE', ( #2856 ), #2857, .F. ) ;
#2130 = ORIENTED_EDGE ( 'NONE', *, *, #4927, .F. ) ;
#2131 = DIRECTION ( 'NONE',  ( 3.399937126261165200E-016, 0.0000000000000000000, 1.000000000000000000 ) ) ;
#2132 = CIRCLE ( 'NONE', #2133, 0.5000000000000004400 ) ;
#2133 = AXIS2_PLACEMENT_3D ( 'NONE', #2134, #2135, #2136 ) ;
#2134 = CARTESIAN_POINT ( 'NONE',  ( 0.0000000000000000000, 6.250000000000000000, -19.09999999999999800 ) ) ;
#2135 = DIRECTION ( 'NONE',  ( 0.0000000000000000000, -1.000000000000000000, 0.0000000000000000000 ) ) ;
#2136 = DIRECTION ( 'NONE',  ( 0.0000000000000000000, 0.0000000000000000000, -1.000000000000000000 ) ) ;
#2137 = CARTESIAN_POINT ( 'NONE',  ( 0.0000000000000000000, 8.005786513349582000, -24.78500000000000000 ) ) ;
#2138 = LINE ( 'NONE', #2139, #2140 ) ;
#2139 = CARTESIAN_POINT ( 'NONE',  ( 3.555277766926235200, -7.500000000000000000, 19.26826348552040000 ) ) ;
#2140 = VECTOR ( 'NONE', #2141, 1000.000000000000000 ) ;
#2141 = DIRECTION ( 'NONE',  ( 0.0000000000000000000, 0.0000000000000000000, -1.000000000000000000 ) ) ;
#2142 = LINE ( 'NONE', #2143, #2144 ) ;
#2143 = CARTESIAN_POINT ( 'NONE',  ( 4.753945729601879200, -10.80000000000000100, -4.200000000000000200 ) ) ;
#2144 = VECTOR ( 'NONE', #2145, 1000.000000000000000 ) ;
#2145 = DIRECTION ( 'NONE',  ( -1.000000000000000000, 0.0000000000000000000, 0.0000000000000000000 ) ) ;
#2146 = CARTESIAN_POINT ( 'NONE',  ( 0.4000000000000000200, 7.425955088890710000, -24.78500000000000000 ) ) ;
#2147 = ORIENTED_EDGE ( 'NONE', *, *, #2298, .F. ) ;
#2148 = ORIENTED_EDGE ( 'NONE', *, *, #385, .T. ) ;
#2149 = LINE ( 'NONE', #2150, #2151 ) ;
#2150 = CARTESIAN_POINT ( 'NONE',  ( -5.250000000000000000, 6.429183357567480600E-016, 4.095657111477150300 ) ) ;
#2151 = VECTOR ( 'NONE', #2152, 1000.000000000000000 ) ;
#2152 = DIRECTION ( 'NONE',  ( 0.0000000000000000000, 0.0000000000000000000, 1.000000000000000000 ) ) ;
#2153 = LINE ( 'NONE', #2154, #2155 ) ;
#2154 = CARTESIAN_POINT ( 'NONE',  ( -3.327925550358845200, 2.479397412935000000, -44.50000000000000000 ) ) ;
#2155 = VECTOR ( 'NONE', #2156, 1000.000000000000100 ) ;
#2156 = DIRECTION ( 'NONE',  ( 0.7071067811865455700, -0.7071067811865495700, 0.0000000000000000000 ) ) ;
#2157 = CARTESIAN_POINT ( 'NONE',  ( -3.555277766926235200, 7.500000000000000000, -25.41867732448955100 ) ) ;
#2158 = B_SPLINE_CURVE_WITH_KNOTS ( 'NONE', 3,
 ( #2159, #2160, #2161, #2162, #2163, #2164, #2169, #2170, #2171, #2172, #2173, #2174, #2175, #2176, #2177, #2178 ),
 .UNSPECIFIED., .F., .F.,
 ( 4, 2, 2, 2, 2, 2, 2, 4 ),
 ( 0.01228815266069356200, 0.01283140002149566400, 0.01337464738229776500, 0.01446114210390195600, 0.01500438946470405600, 0.01554763682550615700, 0.01609088418630825700, 0.01663413154711035700 ),
 .UNSPECIFIED. ) ;
#2159 = CARTESIAN_POINT ( 'NONE',  ( 3.555277766926235200, 7.500000000000000000, -19.13477038198249900 ) ) ;
#2160 = CARTESIAN_POINT ( 'NONE',  ( 3.678761079370268300, 7.441464336624177300, -19.25365205342528800 ) ) ;
#2161 = CARTESIAN_POINT ( 'NONE',  ( 3.794830454678552700, 7.382715269054746600, -19.37976772702642600 ) ) ;
#2162 = CARTESIAN_POINT ( 'NONE',  ( 4.012596385619962900, 7.266656257853370000, -19.64690267953169900 ) ) ;
#2163 = CARTESIAN_POINT ( 'NONE',  ( 4.114854060914011800, 7.209003655591676100, -19.78887440280209000 ) ) ;
#2164 = CARTESIAN_POINT ( 'NONE',  ( 4.395238488018149400, 7.044069081806529900, -20.23005272526805600 ) ) ;
#2165 = ORIENTED_EDGE ( 'NONE', *, *, #2484, .T. ) ;
#2166 = EDGE_LOOP ( 'NONE', ( #3426, #2705, #3693, #3984 ) ) ;
#2167 = ORIENTED_EDGE ( 'NONE', *, *, #2447, .F. ) ;
#2168 = EDGE_CURVE ( 'NONE', #5231, #257, #2878, .T. ) ;
#2169 = CARTESIAN_POINT ( 'NONE',  ( 4.547637489431453500, 6.944845069468834200, -20.54369053313800100 ) ) ;
#2170 = CARTESIAN_POINT ( 'NONE',  ( 4.731063644570325800, 6.820007825111119400, -21.04267276697493500 ) ) ;
#2171 = CARTESIAN_POINT ( 'NONE',  ( 4.784826573718032900, 6.782224133654758600, -21.21479212157749600 ) ) ;
#2172 = CARTESIAN_POINT ( 'NONE',  ( 4.875812562996502600, 6.717111089613806200, -21.56230061346580500 ) ) ;
#2173 = CARTESIAN_POINT ( 'NONE',  ( 4.913234000698032000, 6.689657394200264800, -21.73789223769643900 ) ) ;
#2174 = CARTESIAN_POINT ( 'NONE',  ( 4.973012526077619500, 6.645339029189445400, -22.09262607666710200 ) ) ;
#2175 = CARTESIAN_POINT ( 'NONE',  ( 4.995368177291596500, 6.628472643999114000, -22.27176831942204400 ) ) ;
#2176 = CARTESIAN_POINT ( 'NONE',  ( 5.025318242496919800, 6.605795136133868300, -22.63360936036922400 ) ) ;
#2177 = CARTESIAN_POINT ( 'NONE',  ( 5.032891812864646000, 6.599999999999997000, -22.81734496347794700 ) ) ;
#2178 = CARTESIAN_POINT ( 'NONE',  ( 5.032891812864630100, 6.599999999999999600, -23.00000000000000000 ) ) ;
#2179 = LINE ( 'NONE', #2180, #2181 ) ;
#2180 = CARTESIAN_POINT ( 'NONE',  ( -2.049468420673549800, 6.850000000000000500, -25.95967552151615000 ) ) ;
#2181 = VECTOR ( 'NONE', #2182, 1000.000000000000000 ) ;
#2182 = DIRECTION ( 'NONE',  ( 0.0000000000000000000, -1.000000000000000000, 0.0000000000000000000 ) ) ;
#2183 = CARTESIAN_POINT ( 'NONE',  ( 9.000000000000000000, 0.0000000000000000000, -32.50000000000000000 ) ) ;
#2184 = LINE ( 'NONE', #2186, #2187 ) ;
#2185 = ADVANCED_FACE ( 'NONE', ( #2888 ), #2889, .F. ) ;
#2186 = CARTESIAN_POINT ( 'NONE',  ( 0.5000000000000000000, 7.700000000000000200, -32.80000000000000400 ) ) ;
#2187 = VECTOR ( 'NONE', #2188, 1000.000000000000000 ) ;
#2188 = DIRECTION ( 'NONE',  ( -1.000000000000000000, 0.0000000000000000000, 0.0000000000000000000 ) ) ;
#2189 = LINE ( 'NONE', #2190, #2191 ) ;
#2190 = CARTESIAN_POINT ( 'NONE',  ( 3.100000000000000100, 7.299038105676650000, -33.14254264805430200 ) ) ;
#2191 = VECTOR ( 'NONE', #2192, 1000.000000000000000 ) ;
#2192 = DIRECTION ( 'NONE',  ( 0.0000000000000000000, 0.0000000000000000000, -1.000000000000000000 ) ) ;
#2193 = CARTESIAN_POINT ( 'NONE',  ( 0.5000000000000000000, 7.700000000000000200, -29.30000000000000100 ) ) ;
#2194 = FACE_OUTER_BOUND ( 'NONE', #19, .T. ) ;
#2195 = CYLINDRICAL_SURFACE ( 'NONE', #2196, 4.150000000000000400 ) ;
#2196 = AXIS2_PLACEMENT_3D ( 'NONE', #2197, #2198, #2199 ) ;
#2197 = CARTESIAN_POINT ( 'NONE',  ( 0.0000000000000000000, 0.0000000000000000000, -36.10000000000000100 ) ) ;
#2198 = DIRECTION ( 'NONE',  ( 0.0000000000000000000, 0.0000000000000000000, -1.000000000000000000 ) ) ;
#2199 = DIRECTION ( 'NONE',  ( -1.000000000000000000, 0.0000000000000000000, 0.0000000000000000000 ) ) ;
#2200 = LINE ( 'NONE', #2201, #2205 ) ;
#2201 = CARTESIAN_POINT ( 'NONE',  ( 0.0000000000000000000, 7.500000000000000000, -34.50000000000000000 ) ) ;
#2202 = EDGE_CURVE ( 'NONE', #1445, #2430, #2910, .T. ) ;
#2203 = ORIENTED_EDGE ( 'NONE', *, *, #3787, .T. ) ;
#2204 = ORIENTED_EDGE ( 'NONE', *, *, #2541, .T. ) ;
#2205 = VECTOR ( 'NONE', #2206, 1000.000000000000000 ) ;
#2206 = DIRECTION ( 'NONE',  ( 1.000000000000000000, 0.0000000000000000000, 0.0000000000000000000 ) ) ;
#2207 = CARTESIAN_POINT ( 'NONE',  ( 0.4000000000000000200, 7.995911004945640800, -24.78500000000000000 ) ) ;
#2208 = LINE ( 'NONE', #2209, #2210 ) ;
#2209 = CARTESIAN_POINT ( 'NONE',  ( 3.440930106817070100, 7.000000000000000000, 20.96091601051825000 ) ) ;
#2210 = VECTOR ( 'NONE', #2211, 1000.000000000000000 ) ;
#2211 = DIRECTION ( 'NONE',  ( 0.0000000000000000000, 0.0000000000000000000, -1.000000000000000000 ) ) ;
#2212 = CARTESIAN_POINT ( 'NONE',  ( 5.250000000000000000, 0.0000000000000000000, -38.00000000000000000 ) ) ;
#2213 = CARTESIAN_POINT ( 'NONE',  ( 3.555277766926235200, -7.500000000000000000, -34.50000000000000000 ) ) ;
#2214 = FACE_OUTER_BOUND ( 'NONE', #336, .T. ) ;
#2215 = PLANE ( 'NONE',  #2216 ) ;
#2216 = AXIS2_PLACEMENT_3D ( 'NONE', #2217, #2218, #2219 ) ;
#2217 = CARTESIAN_POINT ( 'NONE',  ( 6.350852961085879900, -11.00000000000000000, -8.000000000000000000 ) ) ;
#2218 = DIRECTION ( 'NONE',  ( 1.365740544306507900E-016, 1.000000000000000000, 0.0000000000000000000 ) ) ;
#2219 = DIRECTION ( 'NONE',  ( -1.000000000000000000, 1.365740544306507900E-016, 0.0000000000000000000 ) ) ;
#2220 = CARTESIAN_POINT ( 'NONE',  ( 1.953371135077720100, 7.500000000000000000, -25.90419372780899800 ) ) ;
#2221 = EDGE_LOOP ( 'NONE', ( #2666, #56, #101, #190, #4966, #125, #210, #266 ) ) ;
#2222 = FACE_OUTER_BOUND ( 'NONE', #347, .T. ) ;
#2223 = PLANE ( 'NONE',  #2224 ) ;
#2224 = AXIS2_PLACEMENT_3D ( 'NONE', #2225, #2226, #2227 ) ;
#2225 = CARTESIAN_POINT ( 'NONE',  ( -0.4000000000000000200, 8.200000000000001100, -23.34999999999999800 ) ) ;
#2226 = DIRECTION ( 'NONE',  ( 1.000000000000000000, 0.0000000000000000000, 1.133312375420390000E-016 ) ) ;
#2227 = DIRECTION ( 'NONE',  ( 1.133312375420390000E-016, 0.0000000000000000000, -1.000000000000000000 ) ) ;
#2228 = LINE ( 'NONE', #2229, #2230 ) ;
#2229 = CARTESIAN_POINT ( 'NONE',  ( 6.976101496071000200, 9.517037770047780400, -4.200000000000000200 ) ) ;
#2230 = VECTOR ( 'NONE', #2231, 999.9999999999998900 ) ;
#2231 = DIRECTION ( 'NONE',  ( 0.4999999999999998900, -0.8660254037844388200, 0.0000000000000000000 ) ) ;
#2232 = LINE ( 'NONE', #2233, #2234 ) ;
#2233 = CARTESIAN_POINT ( 'NONE',  ( 0.0000000000000000000, 7.500000000000000000, -2.000000000000000000 ) ) ;
#2234 = VECTOR ( 'NONE', #2235, 1000.000000000000000 ) ;
#2235 = DIRECTION ( 'NONE',  ( -1.000000000000000000, 0.0000000000000000000, 0.0000000000000000000 ) ) ;
#2236 = CARTESIAN_POINT ( 'NONE',  ( -2.479397412934985400, 3.327925550358855000, -36.10000000000000100 ) ) ;
#2237 = FACE_OUTER_BOUND ( 'NONE', #1614, .T. ) ;
#2238 = ORIENTED_EDGE ( 'NONE', *, *, #2558, .T. ) ;
#2239 = VERTEX_POINT ( 'NONE', #2947 ) ;
#2240 = ORIENTED_EDGE ( 'NONE', *, *, #4961, .F. ) ;
#2241 = EDGE_CURVE ( 'NONE', #474, #4950, #2964, .T. ) ;
#2242 = ORIENTED_EDGE ( 'NONE', *, *, #2561, .F. ) ;
#2243 = EDGE_LOOP ( 'NONE', ( #2687, #3127, #3588, #1323, #2279 ) ) ;
#2244 = EDGE_CURVE ( 'NONE', #631, #4803, #2969, .T. ) ;
#2245 = EDGE_CURVE ( 'NONE', #1483, #2485, #2973, .T. ) ;
#2246 = PLANE ( 'NONE',  #2247 ) ;
#2247 = AXIS2_PLACEMENT_3D ( 'NONE', #2248, #2249, #2250 ) ;
#2248 = CARTESIAN_POINT ( 'NONE',  ( 0.0000000000000000000, 7.425955088890710000, -23.00000000000000000 ) ) ;
#2249 = DIRECTION ( 'NONE',  ( 0.0000000000000000000, 1.000000000000000000, 0.0000000000000000000 ) ) ;
#2250 = DIRECTION ( 'NONE',  ( 0.0000000000000000000, 0.0000000000000000000, 1.000000000000000000 ) ) ;
#2251 = CIRCLE ( 'NONE', #2252, 12.00000000000000000 ) ;
#2252 = AXIS2_PLACEMENT_3D ( 'NONE', #2253, #2254, #2255 ) ;
#2253 = CARTESIAN_POINT ( 'NONE',  ( 0.0000000000000000000, 0.0000000000000000000, -4.200000000000000200 ) ) ;
#2254 = DIRECTION ( 'NONE',  ( 0.0000000000000000000, 0.0000000000000000000, -1.000000000000000000 ) ) ;
#2255 = DIRECTION ( 'NONE',  ( -1.000000000000000000, 0.0000000000000000000, 0.0000000000000000000 ) ) ;
#2256 = CIRCLE ( 'NONE', #2257, 6.000000000000000000 ) ;
#2257 = AXIS2_PLACEMENT_3D ( 'NONE', #2258, #2259, #2260 ) ;
#2258 = CARTESIAN_POINT ( 'NONE',  ( 0.0000000000000000000, 0.0000000000000000000, -42.00000000000000000 ) ) ;
#2259 = DIRECTION ( 'NONE',  ( 0.0000000000000000000, 0.0000000000000000000, 1.000000000000000000 ) ) ;
#2260 = DIRECTION ( 'NONE',  ( 1.000000000000000000, 0.0000000000000000000, 0.0000000000000000000 ) ) ;
#2261 = FACE_OUTER_BOUND ( 'NONE', #4689, .T. ) ;
#2262 = PLANE ( 'NONE',  #2263 ) ;
#2263 = AXIS2_PLACEMENT_3D ( 'NONE', #2264, #2265, #2266 ) ;
#2264 = CARTESIAN_POINT ( 'NONE',  ( 0.5000000000000000000, 8.201000000000000500, -18.89999999999975000 ) ) ;
#2265 = DIRECTION ( 'NONE',  ( -0.1961161351384185200, 0.0000000000000000000, -0.9805806756908732600 ) ) ;
#2266 = DIRECTION ( 'NONE',  ( -0.9805806756908732600, 0.0000000000000000000, 0.1961161351384185200 ) ) ;
#2267 = LINE ( 'NONE', #2268, #2269 ) ;
#2268 = CARTESIAN_POINT ( 'NONE',  ( 0.5000000000000000000, 6.250000000000000000, -18.89999999999975000 ) ) ;
#2269 = VECTOR ( 'NONE', #2270, 1000.000000000000000 ) ;
#2270 = DIRECTION ( 'NONE',  ( -5.421010862420880000E-016, 0.0000000000000000000, 1.000000000000000000 ) ) ;
#2271 = CARTESIAN_POINT ( 'NONE',  ( -6.000000000000000000, 7.347638122934263500E-016, -42.00000000000000000 ) ) ;
#2272 = FACE_OUTER_BOUND ( 'NONE', #444, .T. ) ;
#2273 = PLANE ( 'NONE',  #2274 ) ;
#2274 = AXIS2_PLACEMENT_3D ( 'NONE', #2275, #2276, #2277 ) ;
#2275 = CARTESIAN_POINT ( 'NONE',  ( -9.000000000000000000, 7.500000000000000000, -0.2000000000000000100 ) ) ;
#2276 = DIRECTION ( 'NONE',  ( 0.0000000000000000000, -1.000000000000000000, 0.0000000000000000000 ) ) ;
#2277 = DIRECTION ( 'NONE',  ( 0.0000000000000000000, 0.0000000000000000000, -1.000000000000000000 ) ) ;
#2278 = ADVANCED_FACE ( 'NONE', ( #3006 ), #3007, .T. ) ;
#2279 = ORIENTED_EDGE ( 'NONE', *, *, #1062, .F. ) ;
#2280 = EDGE_CURVE ( 'NONE', #2502, #538, #3012, .T. ) ;
#2281 = EDGE_CURVE ( 'NONE', #2504, #3843, #3018, .T. ) ;
#2282 = FACE_OUTER_BOUND ( 'NONE', #1706, .T. ) ;
#2283 = PLANE ( 'NONE',  #2284 ) ;
#2284 = AXIS2_PLACEMENT_3D ( 'NONE', #2285, #2286, #2287 ) ;
#2285 = CARTESIAN_POINT ( 'NONE',  ( 0.5000000000000000000, 7.500000000000000000, -32.80000000000000400 ) ) ;
#2286 = DIRECTION ( 'NONE',  ( 0.0000000000000000000, -1.000000000000000000, 0.0000000000000000000 ) ) ;
#2287 = DIRECTION ( 'NONE',  ( 0.0000000000000000000, 0.0000000000000000000, -1.000000000000000000 ) ) ;
#2288 = FACE_OUTER_BOUND ( 'NONE', #188, .T. ) ;
#2289 = PLANE ( 'NONE',  #2290 ) ;
#2290 = AXIS2_PLACEMENT_3D ( 'NONE', #2291, #2292, #2293 ) ;
#2291 = CARTESIAN_POINT ( 'NONE',  ( -0.3287187078897850200, 16.97631392310545100, -27.19999999999999900 ) ) ;
#2292 = DIRECTION ( 'NONE',  ( 0.0000000000000000000, 0.0000000000000000000, -1.000000000000000000 ) ) ;
#2293 = DIRECTION ( 'NONE',  ( -1.000000000000000000, 0.0000000000000000000, 0.0000000000000000000 ) ) ;
#2294 = CARTESIAN_POINT ( 'NONE',  ( -2.350000000000000100, 6.000000000000000000, -34.10000000000000100 ) ) ;
#2295 = CARTESIAN_POINT ( 'NONE',  ( -5.250000000000000000, 6.429183357567480600E-016, -34.50000000000000000 ) ) ;
#2296 = LINE ( 'NONE', #2297, #2300 ) ;
#2297 = CARTESIAN_POINT ( 'NONE',  ( 5.250000000000000000, 0.0000000000000000000, 4.095657111477150300 ) ) ;
#2298 = EDGE_CURVE ( 'NONE', #1805, #1724, #3034, .T. ) ;
#2299 = ORIENTED_EDGE ( 'NONE', *, *, #2449, .T. ) ;
#2300 = VECTOR ( 'NONE', #2301, 1000.000000000000000 ) ;
#2301 = DIRECTION ( 'NONE',  ( 0.0000000000000000000, 0.0000000000000000000, 1.000000000000000000 ) ) ;
#2302 = LINE ( 'NONE', #2303, #2304 ) ;
#2303 = CARTESIAN_POINT ( 'NONE',  ( 3.100000000000000100, 7.500000000000000000, -0.2000000000000029800 ) ) ;
#2304 = VECTOR ( 'NONE', #2305, 1000.000000000000000 ) ;
#2305 = DIRECTION ( 'NONE',  ( -3.273063162220389800E-016, 0.0000000000000000000, -1.000000000000000000 ) ) ;
#2306 = LINE ( 'NONE', #2307, #2308 ) ;
#2307 = CARTESIAN_POINT ( 'NONE',  ( -2.000000000000000000, -0.5000000000000000000, -43.00000000000000000 ) ) ;
#2308 = VECTOR ( 'NONE', #2309, 1000.000000000000000 ) ;
#2309 = DIRECTION ( 'NONE',  ( 1.000000000000000000, -1.084202172485503900E-016, 0.0000000000000000000 ) ) ;
#2310 = CARTESIAN_POINT ( 'NONE',  ( -6.469157595854340100, 5.200000000000000200, -32.50000000000000000 ) ) ;
#2311 = CIRCLE ( 'NONE', #2312, 8.300000000000000700 ) ;
#2312 = AXIS2_PLACEMENT_3D ( 'NONE', #2313, #2314, #2315 ) ;
#2313 = CARTESIAN_POINT ( 'NONE',  ( 0.0000000000000000000, -0.1000000000000000100, -23.00000000000000000 ) ) ;
#2314 = DIRECTION ( 'NONE',  ( -1.000000000000000000, 0.0000000000000000000, -1.224606353822377300E-016 ) ) ;
#2315 = DIRECTION ( 'NONE',  ( -1.224606353822377300E-016, 0.0000000000000000000, 1.000000000000000000 ) ) ;
#2316 = ORIENTED_EDGE ( 'NONE', *, *, #4677, .F. ) ;
#2317 = EDGE_CURVE ( 'NONE', #4761, #256, #3050, .T. ) ;
#2318 = ADVANCED_FACE ( 'NONE', ( #3054, #3055, #3056 ), #3057, .F. ) ;
#2319 = ORIENTED_EDGE ( 'NONE', *, *, #4528, .T. ) ;
#2320 = CARTESIAN_POINT ( 'NONE',  ( -3.555277766926235200, 7.500000000000000000, -33.45055534994654800 ) ) ;
#2321 = CIRCLE ( 'NONE', #2322, 0.5000000000000004400 ) ;
#2322 = AXIS2_PLACEMENT_3D ( 'NONE', #2323, #2324, #2325 ) ;
#2323 = CARTESIAN_POINT ( 'NONE',  ( 0.0000000000000000000, 6.250000000000000000, -19.09999999999999800 ) ) ;
#2324 = DIRECTION ( 'NONE',  ( 0.0000000000000000000, -1.000000000000000000, 0.0000000000000000000 ) ) ;
#2325 = DIRECTION ( 'NONE',  ( 0.0000000000000000000, 0.0000000000000000000, -1.000000000000000000 ) ) ;
#2326 = FACE_OUTER_BOUND ( 'NONE', #41, .T. ) ;
#2327 = CYLINDRICAL_SURFACE ( 'NONE', #2328, 12.00000000000000000 ) ;
#2328 = AXIS2_PLACEMENT_3D ( 'NONE', #2329, #2330, #2331 ) ;
#2329 = CARTESIAN_POINT ( 'NONE',  ( 0.0000000000000000000, 0.0000000000000000000, -4.000000000000000000 ) ) ;
#2330 = DIRECTION ( 'NONE',  ( 0.0000000000000000000, 0.0000000000000000000, 1.000000000000000000 ) ) ;
#2331 = DIRECTION ( 'NONE',  ( 1.000000000000000000, 0.0000000000000000000, 0.0000000000000000000 ) ) ;
#2332 = LINE ( 'NONE', #2333, #2334 ) ;
#2333 = CARTESIAN_POINT ( 'NONE',  ( -11.92419520328518000, 1.346688068540979900, -8.000000000000000000 ) ) ;
#2334 = VECTOR ( 'NONE', #2335, 1000.000000000000000 ) ;
#2335 = DIRECTION ( 'NONE',  ( 0.0000000000000000000, 0.0000000000000000000, 1.000000000000000000 ) ) ;
#2336 = ORIENTED_EDGE ( 'NONE', *, *, #200, .T. ) ;
#2337 = CARTESIAN_POINT ( 'NONE',  ( -3.555277766926235200, 7.500000000000000000, -29.74944465005350100 ) ) ;
#2338 = LINE ( 'NONE', #2339, #2340 ) ;
#2339 = CARTESIAN_POINT ( 'NONE',  ( 0.0000000000000000000, 7.500000000000000000, -2.000000000000000000 ) ) ;
#2340 = VECTOR ( 'NONE', #2341, 1000.000000000000000 ) ;
#2341 = DIRECTION ( 'NONE',  ( -1.000000000000000000, 0.0000000000000000000, 0.0000000000000000000 ) ) ;
#2342 = CARTESIAN_POINT ( 'NONE',  ( 2.000000000000000000, 7.700000000000000200, -29.30000000000000100 ) ) ;
#2343 = CARTESIAN_POINT ( 'NONE',  ( -4.753945729601879200, -10.80000000000000100, -4.200000000000000200 ) ) ;
#2344 = CARTESIAN_POINT ( 'NONE',  ( 0.5000000000000000000, 6.250000000000000000, -19.09999999999999800 ) ) ;
#2345 = LINE ( 'NONE', #2346, #2347 ) ;
#2346 = CARTESIAN_POINT ( 'NONE',  ( -7.128363679972470600, -9.653311931459029400, -8.000000000000000000 ) ) ;
#2347 = VECTOR ( 'NONE', #2348, 1000.000000000000000 ) ;
#2348 = DIRECTION ( 'NONE',  ( 0.0000000000000000000, 0.0000000000000000000, 1.000000000000000000 ) ) ;
#2349 = LINE ( 'NONE', #2350, #2351 ) ;
#2350 = CARTESIAN_POINT ( 'NONE',  ( 1.500000000000000000, 8.201000000000000500, -19.83772233983160000 ) ) ;
#2351 = VECTOR ( 'NONE', #2352, 1000.000000000000000 ) ;
#2352 = DIRECTION ( 'NONE',  ( 0.0000000000000000000, -1.000000000000000000, 0.0000000000000000000 ) ) ;
#2353 = EDGE_CURVE ( 'NONE', #4719, #2559, #3083, .T. ) ;
#2354 = ORIENTED_EDGE ( 'NONE', *, *, #2667, .T. ) ;
#2355 = ORIENTED_EDGE ( 'NONE', *, *, #86, .T. ) ;
#2356 = ORIENTED_EDGE ( 'NONE', *, *, #2669, .T. ) ;
#2357 = CIRCLE ( 'NONE', #2358, 9.000000000000000000 ) ;
#2358 = AXIS2_PLACEMENT_3D ( 'NONE', #2359, #2360, #2361 ) ;
#2359 = CARTESIAN_POINT ( 'NONE',  ( 0.0000000000000000000, 0.0000000000000000000, -2.000000000000000000 ) ) ;
#2360 = DIRECTION ( 'NONE',  ( 0.0000000000000000000, 0.0000000000000000000, 1.000000000000000000 ) ) ;
#2361 = DIRECTION ( 'NONE',  ( 1.000000000000000000, 0.0000000000000000000, 0.0000000000000000000 ) ) ;
#2362 = FACE_OUTER_BOUND ( 'NONE', #4730, .T. ) ;
#2363 = PLANE ( 'NONE',  #2364 ) ;
#2364 = AXIS2_PLACEMENT_3D ( 'NONE', #2365, #2366, #2367 ) ;
#2365 = CARTESIAN_POINT ( 'NONE',  ( -6.350852961085890600, 11.00000000000000000, -8.000000000000000000 ) ) ;
#2366 = DIRECTION ( 'NONE',  ( 0.0000000000000000000, -1.000000000000000000, 0.0000000000000000000 ) ) ;
#2367 = DIRECTION ( 'NONE',  ( 0.0000000000000000000, 0.0000000000000000000, -1.000000000000000000 ) ) ;
#2368 = LINE ( 'NONE', #2369, #2370 ) ;
#2369 = CARTESIAN_POINT ( 'NONE',  ( 6.000000000000000000, 0.0000000000000000000, 4.095657111477150300 ) ) ;
#2370 = VECTOR ( 'NONE', #2371, 1000.000000000000000 ) ;
#2371 = DIRECTION ( 'NONE',  ( 0.0000000000000000000, 0.0000000000000000000, 1.000000000000000000 ) ) ;
#2372 = CARTESIAN_POINT ( 'NONE',  ( 5.032891812864630100, 6.599999999999999600, -23.00000000000000000 ) ) ;
#2373 = EDGE_CURVE ( 'NONE', #356, #4555, #3098, .T. ) ;
#2374 = ORIENTED_EDGE ( 'NONE', *, *, #167, .F. ) ;
#2375 = LINE ( 'NONE', #2376, #2377 ) ;
#2376 = CARTESIAN_POINT ( 'NONE',  ( -3.100000000000000100, 16.97631392310545100, -34.10000000000000100 ) ) ;
#2377 = VECTOR ( 'NONE', #2378, 1000.000000000000000 ) ;
#2378 = DIRECTION ( 'NONE',  ( 0.0000000000000000000, -1.000000000000000000, 0.0000000000000000000 ) ) ;
#2379 = CARTESIAN_POINT ( 'NONE',  ( -5.250000000000000000, 6.429183357567480600E-016, -38.00000000000000000 ) ) ;
#2380 = CARTESIAN_POINT ( 'NONE',  ( 2.000000000000000000, 7.700000000000000200, -32.80000000000000400 ) ) ;
#2381 = CIRCLE ( 'NONE', #2382, 12.00000000000000000 ) ;
#2382 = AXIS2_PLACEMENT_3D ( 'NONE', #2383, #2384, #2385 ) ;
#2383 = CARTESIAN_POINT ( 'NONE',  ( 0.0000000000000000000, 0.0000000000000000000, -8.000000000000000000 ) ) ;
#2384 = DIRECTION ( 'NONE',  ( 0.0000000000000000000, 0.0000000000000000000, 1.000000000000000000 ) ) ;
#2385 = DIRECTION ( 'NONE',  ( -1.000000000000000000, 0.0000000000000000000, 0.0000000000000000000 ) ) ;
#2386 = CARTESIAN_POINT ( 'NONE',  ( -3.555277766926235200, 7.500000000000000000, -34.50000000000000000 ) ) ;
#2387 = CIRCLE ( 'NONE', #2388, 3.599999999999999200 ) ;
#2388 = AXIS2_PLACEMENT_3D ( 'NONE', #2389, #2390, #2396 ) ;
#2389 = CARTESIAN_POINT ( 'NONE',  ( -3.361003918878659900E-015, 6.850000000000000500, -23.00000000000000000 ) ) ;
#2390 = DIRECTION ( 'NONE',  ( 0.0000000000000000000, 1.000000000000000000, 0.0000000000000000000 ) ) ;
#2391 = ORIENTED_EDGE ( 'NONE', *, *, #2704, .F. ) ;
#2392 = ORIENTED_EDGE ( 'NONE', *, *, #5095, .F. ) ;
#2393 = ADVANCED_FACE ( 'NONE', ( #3116 ), #3117, .F. ) ;
#2394 = ORIENTED_EDGE ( 'NONE', *, *, #352, .F. ) ;
#2395 = EDGE_LOOP ( 'NONE', ( #5079, #5226, #4940, #4967 ) ) ;
#2396 = DIRECTION ( 'NONE',  ( 0.0000000000000000000, 0.0000000000000000000, 1.000000000000000000 ) ) ;
#2397 = LINE ( 'NONE', #2398, #2399 ) ;
#2398 = CARTESIAN_POINT ( 'NONE',  ( 0.0000000000000000000, -7.500000000000000000, -34.50000000000000000 ) ) ;
#2399 = VECTOR ( 'NONE', #2400, 1000.000000000000000 ) ;
#2400 = DIRECTION ( 'NONE',  ( -1.000000000000000000, 0.0000000000000000000, 0.0000000000000000000 ) ) ;
#2401 = CARTESIAN_POINT ( 'NONE',  ( 8.300000000000000700, 0.0000000000000000000, -34.50000000000000000 ) ) ;
#2402 = LINE ( 'NONE', #2403, #2404 ) ;
#2403 = CARTESIAN_POINT ( 'NONE',  ( 0.4000000000000000200, 7.425955088890710000, -23.34999999999999800 ) ) ;
#2404 = VECTOR ( 'NONE', #2405, 1000.000000000000000 ) ;
#2405 = DIRECTION ( 'NONE',  ( -1.000000000000000000, 0.0000000000000000000, 0.0000000000000000000 ) ) ;
#2406 = CARTESIAN_POINT ( 'NONE',  ( -12.00000000000000000, 1.469527624586852700E-015, -4.000000000000000000 ) ) ;
#2407 = CIRCLE ( 'NONE', #2408, 9.000000000000000000 ) ;
#2408 = AXIS2_PLACEMENT_3D ( 'NONE', #2409, #2410, #2411 ) ;
#2409 = CARTESIAN_POINT ( 'NONE',  ( 0.0000000000000000000, 0.0000000000000000000, -2.000000000000000000 ) ) ;
#2410 = DIRECTION ( 'NONE',  ( 0.0000000000000000000, 0.0000000000000000000, 1.000000000000000000 ) ) ;
#2411 = DIRECTION ( 'NONE',  ( 1.000000000000000000, 0.0000000000000000000, 0.0000000000000000000 ) ) ;
#2412 = ORIENTED_EDGE ( 'NONE', *, *, #4892, .F. ) ;
#2413 = CARTESIAN_POINT ( 'NONE',  ( -3.100000000000000100, 7.299038105676650000, -34.10000000000000100 ) ) ;
#2414 = CARTESIAN_POINT ( 'NONE',  ( 11.73004722567288000, 1.282962229952217900, -4.200000000000000200 ) ) ;
#2415 = CIRCLE ( 'NONE', #2416, 9.000000000000000000 ) ;
#2416 = AXIS2_PLACEMENT_3D ( 'NONE', #2417, #2418, #2419 ) ;
#2417 = CARTESIAN_POINT ( 'NONE',  ( 0.0000000000000000000, 0.0000000000000000000, 0.0000000000000000000 ) ) ;
#2418 = DIRECTION ( 'NONE',  ( 0.0000000000000000000, 0.0000000000000000000, 1.000000000000000000 ) ) ;
#2419 = DIRECTION ( 'NONE',  ( 1.000000000000000000, 0.0000000000000000000, 0.0000000000000000000 ) ) ;
#2420 = LINE ( 'NONE', #2421, #2422 ) ;
#2421 = CARTESIAN_POINT ( 'NONE',  ( -4.795831523312720000, 11.00000000000000000, -4.200000000000000200 ) ) ;
#2422 = VECTOR ( 'NONE', #2423, 1000.000000000000000 ) ;
#2423 = DIRECTION ( 'NONE',  ( 1.000000000000000000, 0.0000000000000000000, 0.0000000000000000000 ) ) ;
#2424 = CIRCLE ( 'NONE', #2425, 8.300000000000000700 ) ;
#2425 = AXIS2_PLACEMENT_3D ( 'NONE', #2426, #2427, #2428 ) ;
#2426 = CARTESIAN_POINT ( 'NONE',  ( 0.0000000000000000000, 0.0000000000000000000, -2.000000000000000000 ) ) ;
#2427 = DIRECTION ( 'NONE',  ( 0.0000000000000000000, 0.0000000000000000000, 1.000000000000000000 ) ) ;
#2428 = DIRECTION ( 'NONE',  ( 1.000000000000000000, 0.0000000000000000000, 0.0000000000000000000 ) ) ;
#2429 = EDGE_LOOP ( 'NONE', ( #2868, #4972, #5056, #1522 ) ) ;
#2430 = VERTEX_POINT ( 'NONE', #3141 ) ;
#2431 = FACE_OUTER_BOUND ( 'NONE', #4872, .T. ) ;
#2432 = CYLINDRICAL_SURFACE ( 'NONE', #2433, 8.300000000000000700 ) ;
#2433 = AXIS2_PLACEMENT_3D ( 'NONE', #2434, #2435, #2436 ) ;
#2434 = CARTESIAN_POINT ( 'NONE',  ( 0.0000000000000000000, 0.0000000000000000000, 19.26826348552040000 ) ) ;
#2435 = DIRECTION ( 'NONE',  ( 0.0000000000000000000, 0.0000000000000000000, 1.000000000000000000 ) ) ;
#2436 = DIRECTION ( 'NONE',  ( 1.000000000000000000, 0.0000000000000000000, 0.0000000000000000000 ) ) ;
#2437 = FACE_OUTER_BOUND ( 'NONE', #4164, .T. ) ;
#2438 = CYLINDRICAL_SURFACE ( 'NONE', #2439, 7.799999999999999800 ) ;
#2439 = AXIS2_PLACEMENT_3D ( 'NONE', #2440, #2441, #2442 ) ;
#2440 = CARTESIAN_POINT ( 'NONE',  ( 0.0000000000000000000, 0.0000000000000000000, 20.96091601051825000 ) ) ;
#2441 = DIRECTION ( 'NONE',  ( 0.0000000000000000000, 0.0000000000000000000, -1.000000000000000000 ) ) ;
#2442 = DIRECTION ( 'NONE',  ( -1.000000000000000000, 0.0000000000000000000, 0.0000000000000000000 ) ) ;
#2443 = LINE ( 'NONE', #2444, #2445 ) ;
#2444 = CARTESIAN_POINT ( 'NONE',  ( 11.79999999999999900, 0.0000000000000000000, -4.200000000000000200 ) ) ;
#2445 = VECTOR ( 'NONE', #2446, 1000.000000000000000 ) ;
#2446 = DIRECTION ( 'NONE',  ( 0.0000000000000000000, 0.0000000000000000000, 1.000000000000000000 ) ) ;
#2447 = EDGE_CURVE ( 'NONE', #2668, #262, #3157, .T. ) ;
#2448 = ADVANCED_FACE ( 'NONE', ( #3169 ), #3170, .T. ) ;
#2449 = EDGE_CURVE ( 'NONE', #4729, #4738, #3175, .T. ) ;
#2450 = LINE ( 'NONE', #2451, #2452 ) ;
#2451 = CARTESIAN_POINT ( 'NONE',  ( -2.000000000000000000, 0.5000000000000000000, -43.00000000000000000 ) ) ;
#2452 = VECTOR ( 'NONE', #2453, 1000.000000000000000 ) ;
#2453 = DIRECTION ( 'NONE',  ( -1.000000000000000000, 0.0000000000000000000, 0.0000000000000000000 ) ) ;
#2454 = CARTESIAN_POINT ( 'NONE',  ( -3.216025403784439800, 7.500000000000000000, -33.45055534994654800 ) ) ;
#2455 = LINE ( 'NONE', #2456, #2457 ) ;
#2456 = CARTESIAN_POINT ( 'NONE',  ( -0.4000000000000000200, 7.425955088890710000, -24.78500000000000000 ) ) ;
#2457 = VECTOR ( 'NONE', #2458, 1000.000000000000000 ) ;
#2458 = DIRECTION ( 'NONE',  ( -1.000000000000000000, 0.0000000000000000000, 0.0000000000000000000 ) ) ;
#2459 = FACE_OUTER_BOUND ( 'NONE', #4682, .T. ) ;
#2460 = CYLINDRICAL_SURFACE ( 'NONE', #2461, 8.300000000000000700 ) ;
#2461 = AXIS2_PLACEMENT_3D ( 'NONE', #2462, #2463, #2464 ) ;
#2462 = CARTESIAN_POINT ( 'NONE',  ( 0.0000000000000000000, 0.0000000000000000000, 19.26826348552040000 ) ) ;
#2463 = DIRECTION ( 'NONE',  ( 0.0000000000000000000, 0.0000000000000000000, 1.000000000000000000 ) ) ;
#2464 = DIRECTION ( 'NONE',  ( 1.000000000000000000, 0.0000000000000000000, 0.0000000000000000000 ) ) ;
#2465 = CIRCLE ( 'NONE', #2467, 11.79999999999999900 ) ;
#2466 = ORIENTED_EDGE ( 'NONE', *, *, #513, .T. ) ;
#2467 = AXIS2_PLACEMENT_3D ( 'NONE', #2468, #2469, #2470 ) ;
#2468 = CARTESIAN_POINT ( 'NONE',  ( 0.0000000000000000000, 0.0000000000000000000, -4.200000000000000200 ) ) ;
#2469 = DIRECTION ( 'NONE',  ( 0.0000000000000000000, 0.0000000000000000000, -1.000000000000000000 ) ) ;
#2470 = DIRECTION ( 'NONE',  ( -1.000000000000000000, 0.0000000000000000000, 0.0000000000000000000 ) ) ;
#2471 = LINE ( 'NONE', #2472, #2473 ) ;
#2472 = CARTESIAN_POINT ( 'NONE',  ( 6.350852961085879900, 11.00000000000000000, -8.000000000000000000 ) ) ;
#2473 = VECTOR ( 'NONE', #2474, 999.9999999999998900 ) ;
#2474 = DIRECTION ( 'NONE',  ( 0.4999999999999998900, -0.8660254037844388200, 0.0000000000000000000 ) ) ;
#2475 = LINE ( 'NONE', #2476, #2477 ) ;
#2476 = CARTESIAN_POINT ( 'NONE',  ( -12.00000000000000000, 1.469527624586852700E-015, -4.000000000000000000 ) ) ;
#2477 = VECTOR ( 'NONE', #2478, 1000.000000000000000 ) ;
#2478 = DIRECTION ( 'NONE',  ( 0.0000000000000000000, 0.0000000000000000000, 1.000000000000000000 ) ) ;
#2479 = LINE ( 'NONE', #2480, #2481 ) ;
#2480 = CARTESIAN_POINT ( 'NONE',  ( -9.000000000000000000, 1.102145718440139500E-015, -8.000000000000000000 ) ) ;
#2481 = VECTOR ( 'NONE', #2482, 1000.000000000000000 ) ;
#2482 = DIRECTION ( 'NONE',  ( 0.0000000000000000000, 0.0000000000000000000, 1.000000000000000000 ) ) ;
#2483 = ORIENTED_EDGE ( 'NONE', *, *, #2792, .T. ) ;
#2484 = EDGE_CURVE ( 'NONE', #1725, #2722, #3207, .T. ) ;
#2485 = VERTEX_POINT ( 'NONE', #3225 ) ;
#2486 = CARTESIAN_POINT ( 'NONE',  ( -7.799999999999999800, 0.0000000000000000000, 0.0000000000000000000 ) ) ;
#2487 = CIRCLE ( 'NONE', #2488, 8.300000000000000700 ) ;
#2488 = AXIS2_PLACEMENT_3D ( 'NONE', #2489, #2490, #2491 ) ;
#2489 = CARTESIAN_POINT ( 'NONE',  ( 0.0000000000000000000, 0.0000000000000000000, -32.50000000000000000 ) ) ;
#2490 = DIRECTION ( 'NONE',  ( 0.0000000000000000000, 0.0000000000000000000, 1.000000000000000000 ) ) ;
#2491 = DIRECTION ( 'NONE',  ( 1.000000000000000000, 0.0000000000000000000, 0.0000000000000000000 ) ) ;
#2492 = CARTESIAN_POINT ( 'NONE',  ( -11.73004722567288000, 1.282962229952234100, -4.000000000000000000 ) ) ;
#2493 = LINE ( 'NONE', #2494, #2495 ) ;
#2494 = CARTESIAN_POINT ( 'NONE',  ( -2.479397412934985400, 3.327925550358855000, -36.10000000000000100 ) ) ;
#2495 = VECTOR ( 'NONE', #2496, 999.9999999999998900 ) ;
#2496 = DIRECTION ( 'NONE',  ( 0.7071067811865470200, -0.7071067811865481300, 0.0000000000000000000 ) ) ;
#2497 = LINE ( 'NONE', #2498, #2499 ) ;
#2498 = CARTESIAN_POINT ( 'NONE',  ( -2.479397412934985400, 3.327925550358855000, -47.00492558530929400 ) ) ;
#2499 = VECTOR ( 'NONE', #2500, 1000.000000000000000 ) ;
#2500 = DIRECTION ( 'NONE',  ( 0.0000000000000000000, 0.0000000000000000000, 1.000000000000000000 ) ) ;
#2501 = CARTESIAN_POINT ( 'NONE',  ( -2.185922341572941700E-016, 8.005786513349587400, -21.21500000000000000 ) ) ;
#2502 = VERTEX_POINT ( 'NONE', #3245 ) ;
#2503 = ORIENTED_EDGE ( 'NONE', *, *, #1707, .F. ) ;
#2504 = VERTEX_POINT ( 'NONE', #3252 ) ;
#2505 = CIRCLE ( 'NONE', #2506, 8.163332652783420700 ) ;
#2506 = AXIS2_PLACEMENT_3D ( 'NONE', #2507, #2508, #2509 ) ;
#2507 = CARTESIAN_POINT ( 'NONE',  ( -1.500000000000000000, -0.1000000000000000100, -23.00000000000000000 ) ) ;
#2508 = DIRECTION ( 'NONE',  ( -1.000000000000000000, 0.0000000000000000000, 0.0000000000000000000 ) ) ;
#2509 = DIRECTION ( 'NONE',  ( 0.0000000000000000000, 9.770105630360487900E-015, -1.000000000000000000 ) ) ;
#2510 = CARTESIAN_POINT ( 'NONE',  ( -0.5000000000000000000, 6.250000000000000000, -19.09999999999999800 ) ) ;
#2511 = LINE ( 'NONE', #2512, #2513 ) ;
#2512 = CARTESIAN_POINT ( 'NONE',  ( -6.469157595854340100, 5.200000000000000200, 19.26826348552040000 ) ) ;
#2513 = VECTOR ( 'NONE', #2514, 1000.000000000000000 ) ;
#2514 = DIRECTION ( 'NONE',  ( 0.0000000000000000000, 0.0000000000000000000, -1.000000000000000000 ) ) ;
#2515 = LINE ( 'NONE', #2516, #2517 ) ;
#2516 = CARTESIAN_POINT ( 'NONE',  ( -2.708209740769725200, 6.250000000000000000, -26.34000000000000000 ) ) ;
#2517 = VECTOR ( 'NONE', #2518, 1000.000000000000100 ) ;
#2518 = DIRECTION ( 'NONE',  ( -0.8660254037844393700, 0.0000000000000000000, -0.4999999999999985000 ) ) ;
#2519 = CARTESIAN_POINT ( 'NONE',  ( -3.555277766926235200, 7.500000000000000000, -2.000000000000000000 ) ) ;
#2520 = CARTESIAN_POINT ( 'NONE',  ( -3.100000000000000100, 7.700000000000000200, -34.10000000000000100 ) ) ;
#2521 = ORIENTED_EDGE ( 'NONE', *, *, #4818, .F. ) ;
#2522 = ORIENTED_EDGE ( 'NONE', *, *, #5104, .T. ) ;
#2523 = ORIENTED_EDGE ( 'NONE', *, *, #418, .F. ) ;
#2524 = LINE ( 'NONE', #2525, #2526 ) ;
#2525 = CARTESIAN_POINT ( 'NONE',  ( -2.000000000000000000, 0.5000000000000000000, -36.10000000000000100 ) ) ;
#2526 = VECTOR ( 'NONE', #2527, 1000.000000000000000 ) ;
#2527 = DIRECTION ( 'NONE',  ( 1.000000000000000000, 0.0000000000000000000, 0.0000000000000000000 ) ) ;
#2528 = CARTESIAN_POINT ( 'NONE',  ( -3.216025403784439800, 7.500000000000000000, -34.50000000000000000 ) ) ;
#2529 =( BOUNDED_CURVE ( )  B_SPLINE_CURVE ( 3, ( #2530, #2531, #2532, #2533 ),
 .UNSPECIFIED., .F., .F. ) 
 B_SPLINE_CURVE_WITH_KNOTS ( ( 4, 4 ),
 ( 2.414316297839719000, 2.698930302873482100 ),
 .UNSPECIFIED. ) 
 CURVE ( )  GEOMETRIC_REPRESENTATION_ITEM ( )  RATIONAL_B_SPLINE_CURVE ( ( 1.000000000000000000, 0.9932609567259154100, 0.9932609567259154100, 1.000000000000000000 ) ) 
 REPRESENTATION_ITEM ( '' )  );
#2530 = CARTESIAN_POINT ( 'NONE',  ( -5.518151864528559400, 6.200000000000000200, -32.70000000000000300 ) ) ;
#2531 = CARTESIAN_POINT ( 'NONE',  ( -4.927955527982373200, 6.725289195959700100, -33.00327585868967600 ) ) ;
#2532 = CARTESIAN_POINT ( 'NONE',  ( -4.269224948232031900, 7.161562594605842800, -33.25515842283829900 ) ) ;
#2533 = CARTESIAN_POINT ( 'NONE',  ( -3.555277766926235200, 7.500000000000000000, -33.45055534994654800 ) ) ;
#2534 = LINE ( 'NONE', #2535, #2536 ) ;
#2535 = CARTESIAN_POINT ( 'NONE',  ( 0.0000000000000000000, -7.500000000000000000, -32.50000000000000000 ) ) ;
#2536 = VECTOR ( 'NONE', #2537, 1000.000000000000000 ) ;
#2537 = DIRECTION ( 'NONE',  ( -1.000000000000000000, 0.0000000000000000000, 0.0000000000000000000 ) ) ;
#2538 = CARTESIAN_POINT ( 'NONE',  ( -11.73004722567288000, -1.282962229952219900, -4.000000000000000000 ) ) ;
#2539 = CARTESIAN_POINT ( 'NONE',  ( -3.555277766926235200, -7.500000000000000000, -34.50000000000000000 ) ) ;
#2540 = ADVANCED_FACE ( 'NONE', ( #3277 ), #3278, .T. ) ;
#2541 = EDGE_CURVE ( 'NONE', #1805, #2756, #3297, .T. ) ;
#2542 = FACE_OUTER_BOUND ( 'NONE', #274, .T. ) ;
#2543 = PLANE ( 'NONE',  #2544 ) ;
#2544 = AXIS2_PLACEMENT_3D ( 'NONE', #2545, #2546, #2547 ) ;
#2545 = CARTESIAN_POINT ( 'NONE',  ( 0.5000000000000000000, 7.500000000000000000, -29.30000000000000100 ) ) ;
#2546 = DIRECTION ( 'NONE',  ( -1.000000000000000000, 0.0000000000000000000, 1.239088197126289800E-016 ) ) ;
#2547 = DIRECTION ( 'NONE',  ( 1.239088197126289800E-016, 0.0000000000000000000, 1.000000000000000000 ) ) ;
#2548 = FACE_OUTER_BOUND ( 'NONE', #4958, .T. ) ;
#2549 = PLANE ( 'NONE',  #2550 ) ;
#2550 = AXIS2_PLACEMENT_3D ( 'NONE', #2551, #2552, #2553 ) ;
#2551 = CARTESIAN_POINT ( 'NONE',  ( -3.100000000000000100, 16.97631392310545100, -34.10000000000000100 ) ) ;
#2552 = DIRECTION ( 'NONE',  ( 0.0000000000000000000, 0.0000000000000000000, 1.000000000000000000 ) ) ;
#2553 = DIRECTION ( 'NONE',  ( 1.000000000000000000, 0.0000000000000000000, 0.0000000000000000000 ) ) ;
#2554 = FACE_OUTER_BOUND ( 'NONE', #4601, .T. ) ;
#2555 = CYLINDRICAL_SURFACE ( 'NONE', #2556, 9.000000000000000000 ) ;
#2556 = AXIS2_PLACEMENT_3D ( 'NONE', #2557, #2562, #2563 ) ;
#2557 = CARTESIAN_POINT ( 'NONE',  ( 0.0000000000000000000, 0.0000000000000000000, 19.26826348552040000 ) ) ;
#2558 = EDGE_CURVE ( 'NONE', #2722, #80, #3304, .T. ) ;
#2559 = VERTEX_POINT ( 'NONE', #3312 ) ;
#2560 = ORIENTED_EDGE ( 'NONE', *, *, #16, .T. ) ;
#2561 = EDGE_CURVE ( 'NONE', #2059, #1806, #3318, .T. ) ;
#2562 = DIRECTION ( 'NONE',  ( 0.0000000000000000000, 0.0000000000000000000, 1.000000000000000000 ) ) ;
#2563 = DIRECTION ( 'NONE',  ( 1.000000000000000000, 0.0000000000000000000, 0.0000000000000000000 ) ) ;
#2564 = LINE ( 'NONE', #2565, #2566 ) ;
#2565 = CARTESIAN_POINT ( 'NONE',  ( -5.032891812864630100, 6.599999999999999600, 19.26826348552040000 ) ) ;
#2566 = VECTOR ( 'NONE', #2567, 1000.000000000000000 ) ;
#2567 = DIRECTION ( 'NONE',  ( 0.0000000000000000000, 0.0000000000000000000, -1.000000000000000000 ) ) ;
#2568 = FACE_OUTER_BOUND ( 'NONE', #145, .T. ) ;
#2569 = CYLINDRICAL_SURFACE ( 'NONE', #2570, 5.250000000000000000 ) ;
#2570 = AXIS2_PLACEMENT_3D ( 'NONE', #2571, #2572, #2573 ) ;
#2571 = CARTESIAN_POINT ( 'NONE',  ( 0.0000000000000000000, 0.0000000000000000000, 4.095657111477150300 ) ) ;
#2572 = DIRECTION ( 'NONE',  ( 0.0000000000000000000, 0.0000000000000000000, 1.000000000000000000 ) ) ;
#2573 = DIRECTION ( 'NONE',  ( 1.000000000000000000, 0.0000000000000000000, 0.0000000000000000000 ) ) ;
#2574 = CARTESIAN_POINT ( 'NONE',  ( 4.974937185533099700, -7.500000000000000000, -2.000000000000000000 ) ) ;
#2575 = CIRCLE ( 'NONE', #2576, 0.5000000000000004400 ) ;
#2576 = AXIS2_PLACEMENT_3D ( 'NONE', #2577, #2579, #2580 ) ;
#2577 = CARTESIAN_POINT ( 'NONE',  ( 0.0000000000000000000, 6.850000000000000500, -19.09999999999999800 ) ) ;
#2578 = ORIENTED_EDGE ( 'NONE', *, *, #3712, .F. ) ;
#2579 = DIRECTION ( 'NONE',  ( 0.0000000000000000000, 1.000000000000000000, 0.0000000000000000000 ) ) ;
#2580 = DIRECTION ( 'NONE',  ( 0.0000000000000000000, 0.0000000000000000000, 1.000000000000000000 ) ) ;
#2581 = CARTESIAN_POINT ( 'NONE',  ( 3.482456029873170200, 7.425955088890710000, -22.64999999999999900 ) ) ;
#2582 = CARTESIAN_POINT ( 'NONE',  ( -3.555277766926235200, 7.500000000000000000, -0.2000000000000000100 ) ) ;
#2583 = CARTESIAN_POINT ( 'NONE',  ( 5.518151864528559400, 6.200000000000000200, -32.70000000000000300 ) ) ;
#2584 = LINE ( 'NONE', #2585, #2586 ) ;
#2585 = CARTESIAN_POINT ( 'NONE',  ( -9.000000000000000000, 7.500000000000000000, -33.45055534994654800 ) ) ;
#2586 = VECTOR ( 'NONE', #2587, 1000.000000000000000 ) ;
#2587 = DIRECTION ( 'NONE',  ( 1.000000000000000000, 0.0000000000000000000, 0.0000000000000000000 ) ) ;
#2588 = CIRCLE ( 'NONE', #2589, 3.599999999999999200 ) ;
#2589 = AXIS2_PLACEMENT_3D ( 'NONE', #2590, #2591, #2592 ) ;
#2590 = CARTESIAN_POINT ( 'NONE',  ( -3.361003918878659900E-015, 6.250000000000000000, -23.00000000000000000 ) ) ;
#2591 = DIRECTION ( 'NONE',  ( 0.0000000000000000000, -1.000000000000000000, 0.0000000000000000000 ) ) ;
#2592 = DIRECTION ( 'NONE',  ( 0.0000000000000000000, 0.0000000000000000000, 1.000000000000000000 ) ) ;
#2593 = CARTESIAN_POINT ( 'NONE',  ( 3.555277766926235200, -7.500000000000000000, -2.000000000000000000 ) ) ;
#2594 = CIRCLE ( 'NONE', #2596, 12.00000000000000000 ) ;
#2595 = ORIENTED_EDGE ( 'NONE', *, *, #237, .F. ) ;
#2596 = AXIS2_PLACEMENT_3D ( 'NONE', #2597, #2598, #2599 ) ;
#2597 = CARTESIAN_POINT ( 'NONE',  ( 0.0000000000000000000, 0.0000000000000000000, -8.000000000000000000 ) ) ;
#2598 = DIRECTION ( 'NONE',  ( 0.0000000000000000000, 0.0000000000000000000, 1.000000000000000000 ) ) ;
#2599 = DIRECTION ( 'NONE',  ( -1.000000000000000000, 0.0000000000000000000, 0.0000000000000000000 ) ) ;
#2600 = LINE ( 'NONE', #2601, #2602 ) ;
#2601 = CARTESIAN_POINT ( 'NONE',  ( -3.100000000000000100, 7.299038105676650000, -33.14254264805430200 ) ) ;
#2602 = VECTOR ( 'NONE', #2603, 1000.000000000000000 ) ;
#2603 = DIRECTION ( 'NONE',  ( 0.0000000000000000000, 0.0000000000000000000, -1.000000000000000000 ) ) ;
#2604 = CARTESIAN_POINT ( 'NONE',  ( 4.974937185533099700, 7.500000000000000000, -2.000000000000000000 ) ) ;
#2605 = LINE ( 'NONE', #2606, #2607 ) ;
#2606 = CARTESIAN_POINT ( 'NONE',  ( 0.0000000000000000000, -7.500000000000000000, -32.50000000000000000 ) ) ;
#2607 = VECTOR ( 'NONE', #2608, 1000.000000000000000 ) ;
#2608 = DIRECTION ( 'NONE',  ( -1.000000000000000000, 0.0000000000000000000, 0.0000000000000000000 ) ) ;
#2609 = CARTESIAN_POINT ( 'NONE',  ( 6.976101496070990400, -9.517037770047780400, -4.000000000000000000 ) ) ;
#2610 = CARTESIAN_POINT ( 'NONE',  ( 11.92419520328519900, 1.346688068540956100, -8.000000000000000000 ) ) ;
#2611 = CIRCLE ( 'NONE', #2613, 11.79999999999999900 ) ;
#2612 = ORIENTED_EDGE ( 'NONE', *, *, #4913, .T. ) ;
#2613 = AXIS2_PLACEMENT_3D ( 'NONE', #2614, #2615, #2616 ) ;
#2614 = CARTESIAN_POINT ( 'NONE',  ( 0.0000000000000000000, 0.0000000000000000000, -4.000000000000000000 ) ) ;
#2615 = DIRECTION ( 'NONE',  ( 0.0000000000000000000, 0.0000000000000000000, -1.000000000000000000 ) ) ;
#2616 = DIRECTION ( 'NONE',  ( -1.000000000000000000, 0.0000000000000000000, 0.0000000000000000000 ) ) ;
#2617 = CARTESIAN_POINT ( 'NONE',  ( -3.000000000000000000, 0.5000000000000000000, -43.00000000000000000 ) ) ;
#2618 = CARTESIAN_POINT ( 'NONE',  ( 0.5000000000000000000, 7.209582751429789700, -19.09999999999999800 ) ) ;
#2619 = CARTESIAN_POINT ( 'NONE',  ( -3.440930106817070100, -7.000000000000000000, 0.0000000000000000000 ) ) ;
#2620 = LINE ( 'NONE', #2621, #2622 ) ;
#2621 = CARTESIAN_POINT ( 'NONE',  ( -9.000000000000000000, 7.500000000000000000, -29.74944465005350100 ) ) ;
#2622 = VECTOR ( 'NONE', #2623, 1000.000000000000000 ) ;
#2623 = DIRECTION ( 'NONE',  ( -1.000000000000000000, 0.0000000000000000000, 0.0000000000000000000 ) ) ;
#2624 = CIRCLE ( 'NONE', #2625, 9.000000000000000000 ) ;
#2625 = AXIS2_PLACEMENT_3D ( 'NONE', #2626, #2627, #2628 ) ;
#2626 = CARTESIAN_POINT ( 'NONE',  ( 0.0000000000000000000, 0.0000000000000000000, -32.50000000000000000 ) ) ;
#2627 = DIRECTION ( 'NONE',  ( 0.0000000000000000000, 0.0000000000000000000, 1.000000000000000000 ) ) ;
#2628 = DIRECTION ( 'NONE',  ( 1.000000000000000000, 0.0000000000000000000, 0.0000000000000000000 ) ) ;
#2629 = ORIENTED_EDGE ( 'NONE', *, *, #4773, .T. ) ;
#2630 = ADVANCED_FACE ( 'NONE', ( #3371 ), #3376, .F. ) ;
#2631 = ORIENTED_EDGE ( 'NONE', *, *, #233, .F. ) ;
#2632 = ORIENTED_EDGE ( 'NONE', *, *, #4928, .T. ) ;
#2633 = LINE ( 'NONE', #2634, #2635 ) ;
#2634 = CARTESIAN_POINT ( 'NONE',  ( -2.000000000000000000, -0.5000000000000000000, -46.41421356237309900 ) ) ;
#2635 = VECTOR ( 'NONE', #2636, 1000.000000000000000 ) ;
#2636 = DIRECTION ( 'NONE',  ( 0.0000000000000000000, 0.0000000000000000000, 1.000000000000000000 ) ) ;
#2637 = LINE ( 'NONE', #2638, #2639 ) ;
#2638 = CARTESIAN_POINT ( 'NONE',  ( -9.000000000000000000, 6.200000000000000200, -30.50000000000000000 ) ) ;
#2639 = VECTOR ( 'NONE', #2640, 1000.000000000000000 ) ;
#2640 = DIRECTION ( 'NONE',  ( 1.000000000000000000, 0.0000000000000000000, 0.0000000000000000000 ) ) ;
#2641 = CARTESIAN_POINT ( 'NONE',  ( -2.479397412934985400, 3.327925550358855000, -44.50000000000000000 ) ) ;
#2642 = CARTESIAN_POINT ( 'NONE',  ( 6.469157595854340100, 5.200000000000000200, -32.50000000000000000 ) ) ;
#2643 =( BOUNDED_CURVE ( )  B_SPLINE_CURVE ( 3, ( #2644, #2645, #2646, #2647 ),
 .UNSPECIFIED., .F., .F. ) 
 B_SPLINE_CURVE_WITH_KNOTS ( ( 4, 4 ),
 ( 0.4426623507163133200, 0.7272763557500758800 ),
 .UNSPECIFIED. ) 
 CURVE ( )  GEOMETRIC_REPRESENTATION_ITEM ( )  RATIONAL_B_SPLINE_CURVE ( ( 1.000000000000000000, 0.9932609567259155200, 0.9932609567259155200, 1.000000000000000000 ) ) 
 REPRESENTATION_ITEM ( '' )  );
#2644 = CARTESIAN_POINT ( 'NONE',  ( -3.555277766926235200, 7.500000000000000000, -29.74944465005350100 ) ) ;
#2645 = CARTESIAN_POINT ( 'NONE',  ( -4.269224948232061200, 7.161562594605833000, -29.94484157716166100 ) ) ;
#2646 = CARTESIAN_POINT ( 'NONE',  ( -4.927955527982399900, 6.725289195959693900, -30.19672414131028400 ) ) ;
#2647 = CARTESIAN_POINT ( 'NONE',  ( -5.518151864528559400, 6.200000000000000200, -30.50000000000000000 ) ) ;
#2648 = CARTESIAN_POINT ( 'NONE',  ( -2.708209740769725200, 6.250000000000000000, -26.34000000000000000 ) ) ;
#2649 = LINE ( 'NONE', #2650, #2651 ) ;
#2650 = CARTESIAN_POINT ( 'NONE',  ( -2.000000000000000000, 0.5000000000000000000, -46.41421356237309900 ) ) ;
#2651 = VECTOR ( 'NONE', #2652, 1000.000000000000000 ) ;
#2652 = DIRECTION ( 'NONE',  ( 0.0000000000000000000, 0.0000000000000000000, 1.000000000000000000 ) ) ;
#2653 = CARTESIAN_POINT ( 'NONE',  ( -4.795831523312720000, 11.00000000000000000, -4.200000000000000200 ) ) ;
#2654 = CARTESIAN_POINT ( 'NONE',  ( 1.020397749171435100E-012, 7.471657678475689400, -19.60000000000253800 ) ) ;
#2655 = FACE_OUTER_BOUND ( 'NONE', #60, .T. ) ;
#2656 = PLANE ( 'NONE',  #2657 ) ;
#2657 = AXIS2_PLACEMENT_3D ( 'NONE', #2658, #2659, #2660 ) ;
#2658 = CARTESIAN_POINT ( 'NONE',  ( -3.361003918878659900E-015, 6.850000000000000500, -23.00000000000000000 ) ) ;
#2659 = DIRECTION ( 'NONE',  ( 0.0000000000000000000, 1.000000000000000000, 0.0000000000000000000 ) ) ;
#2660 = DIRECTION ( 'NONE',  ( 0.0000000000000000000, 0.0000000000000000000, 1.000000000000000000 ) ) ;
#2661 = CIRCLE ( 'NONE', #2662, 12.00000000000000000 ) ;
#2662 = AXIS2_PLACEMENT_3D ( 'NONE', #2663, #2664, #2671 ) ;
#2663 = CARTESIAN_POINT ( 'NONE',  ( 0.0000000000000000000, 0.0000000000000000000, -4.200000000000000200 ) ) ;
#2664 = DIRECTION ( 'NONE',  ( 0.0000000000000000000, 0.0000000000000000000, -1.000000000000000000 ) ) ;
#2665 = ORIENTED_EDGE ( 'NONE', *, *, #2811, .T. ) ;
#2666 = ORIENTED_EDGE ( 'NONE', *, *, #534, .F. ) ;
#2667 = EDGE_CURVE ( 'NONE', #1801, #171, #3396, .T. ) ;
#2668 = VERTEX_POINT ( 'NONE', #3400 ) ;
#2669 = EDGE_CURVE ( 'NONE', #1914, #3549, #3401, .T. ) ;
#2670 = EDGE_LOOP ( 'NONE', ( #5058, #5111, #2, #640 ) ) ;
#2671 = DIRECTION ( 'NONE',  ( -1.000000000000000000, 0.0000000000000000000, 0.0000000000000000000 ) ) ;
#2672 = LINE ( 'NONE', #2673, #2674 ) ;
#2673 = CARTESIAN_POINT ( 'NONE',  ( 11.92419520328519900, -1.346688068540961900, -8.000000000000000000 ) ) ;
#2674 = VECTOR ( 'NONE', #2675, 1000.000000000000000 ) ;
#2675 = DIRECTION ( 'NONE',  ( 0.0000000000000000000, 0.0000000000000000000, 1.000000000000000000 ) ) ;
#2676 = LINE ( 'NONE', #2677, #2678 ) ;
#2677 = CARTESIAN_POINT ( 'NONE',  ( -3.482456029873170200, 7.425955088890710000, -22.64999999999999900 ) ) ;
#2678 = VECTOR ( 'NONE', #2679, 1000.000000000000000 ) ;
#2679 = DIRECTION ( 'NONE',  ( 1.000000000000000000, 0.0000000000000000000, 0.0000000000000000000 ) ) ;
#2680 = LINE ( 'NONE', #2681, #2682 ) ;
#2681 = CARTESIAN_POINT ( 'NONE',  ( -3.327925550358845200, 2.479397412935000000, -36.10000000000000100 ) ) ;
#2682 = VECTOR ( 'NONE', #2683, 1000.000000000000100 ) ;
#2683 = DIRECTION ( 'NONE',  ( -0.7071067811865455700, 0.7071067811865495700, 0.0000000000000000000 ) ) ;
#2684 = CARTESIAN_POINT ( 'NONE',  ( -5.518151864528559400, 6.200000000000000200, -32.70000000000000300 ) ) ;
#2685 = CARTESIAN_POINT ( 'NONE',  ( -1.953371135077724800, 7.425955088890710000, -25.90419372780899800 ) ) ;
#2686 = FACE_OUTER_BOUND ( 'NONE', #2243, .T. ) ;
#2687 = ORIENTED_EDGE ( 'NONE', *, *, #5014, .T. ) ;
#2688 = PLANE ( 'NONE',  #2689 ) ;
#2689 = AXIS2_PLACEMENT_3D ( 'NONE', #2690, #2691, #2692 ) ;
#2690 = CARTESIAN_POINT ( 'NONE',  ( -0.4000000000000000200, 8.200000000000001100, -24.78500000000000000 ) ) ;
#2691 = DIRECTION ( 'NONE',  ( 0.0000000000000000000, 0.0000000000000000000, 1.000000000000000000 ) ) ;
#2692 = DIRECTION ( 'NONE',  ( 1.000000000000000000, 0.0000000000000000000, 0.0000000000000000000 ) ) ;
#2693 = CIRCLE ( 'NONE', #2694, 8.290355842785039900 ) ;
#2694 = AXIS2_PLACEMENT_3D ( 'NONE', #2695, #2696, #2697 ) ;
#2695 = CARTESIAN_POINT ( 'NONE',  ( 0.4000000000000000200, -0.1000000000000000100, -23.00000000000000000 ) ) ;
#2696 = DIRECTION ( 'NONE',  ( -1.000000000000000000, 0.0000000000000000000, -3.399937126261165200E-016 ) ) ;
#2697 = DIRECTION ( 'NONE',  ( -3.400246867467789400E-016, 0.0000000000000000000, 1.000000000000000000 ) ) ;
#2698 = CARTESIAN_POINT ( 'NONE',  ( -3.361003918878659900E-015, 7.500000000000000000, -18.70000000000000300 ) ) ;
#2699 = LINE ( 'NONE', #2700, #2701 ) ;
#2700 = CARTESIAN_POINT ( 'NONE',  ( -6.976101496071000200, -9.517037770047780400, -4.200000000000000200 ) ) ;
#2701 = VECTOR ( 'NONE', #2702, 999.9999999999998900 ) ;
#2702 = DIRECTION ( 'NONE',  ( -0.4999999999999998900, 0.8660254037844388200, 0.0000000000000000000 ) ) ;
#2703 = CARTESIAN_POINT ( 'NONE',  ( -1.500000000000000000, 7.071471257698799900, -19.09999999999999800 ) ) ;
#2704 = EDGE_CURVE ( 'NONE', #5232, #1951, #3442, .T. ) ;
#2705 = ORIENTED_EDGE ( 'NONE', *, *, #4451, .F. ) ;
#2706 = CARTESIAN_POINT ( 'NONE',  ( -3.000000000000000000, 0.5000000000000000000, -36.10000000000000100 ) ) ;
#2707 = CARTESIAN_POINT ( 'NONE',  ( 8.300000000000000700, 0.0000000000000000000, -2.000000000000000000 ) ) ;
#2708 = FACE_OUTER_BOUND ( 'NONE', #2938, .T. ) ;
#2709 = PLANE ( 'NONE',  #2710 ) ;
#2710 = AXIS2_PLACEMENT_3D ( 'NONE', #2711, #2712, #2713 ) ;
#2711 = CARTESIAN_POINT ( 'NONE',  ( -9.000000000000000000, 7.500000000000000000, -0.2000000000000000100 ) ) ;
#2712 = DIRECTION ( 'NONE',  ( 0.0000000000000000000, -1.000000000000000000, 0.0000000000000000000 ) ) ;
#2713 = DIRECTION ( 'NONE',  ( 0.0000000000000000000, 0.0000000000000000000, -1.000000000000000000 ) ) ;
#2714 = CARTESIAN_POINT ( 'NONE',  ( -6.469157595854340100, 5.200000000000000200, -29.97790561913615200 ) ) ;
#2715 = CARTESIAN_POINT ( 'NONE',  ( -3.100000000000000100, 7.700000000000000200, -28.80000000000000100 ) ) ;
#2716 = CIRCLE ( 'NONE', #2717, 3.499999999999999600 ) ;
#2717 = AXIS2_PLACEMENT_3D ( 'NONE', #2718, #2719, #2720 ) ;
#2718 = CARTESIAN_POINT ( 'NONE',  ( 0.0000000000000000000, 7.425955088890710000, -23.00000000000000000 ) ) ;
#2719 = DIRECTION ( 'NONE',  ( 0.0000000000000000000, 1.000000000000000000, 0.0000000000000000000 ) ) ;
#2720 = DIRECTION ( 'NONE',  ( 0.0000000000000000000, 0.0000000000000000000, 1.000000000000000000 ) ) ;
#2721 = FACE_OUTER_BOUND ( 'NONE', #412, .T. ) ;
#2722 = VERTEX_POINT ( 'NONE', #3460 ) ;
#2723 = PLANE ( 'NONE',  #2724 ) ;
#2724 = AXIS2_PLACEMENT_3D ( 'NONE', #2725, #2726, #2727 ) ;
#2725 = CARTESIAN_POINT ( 'NONE',  ( 0.4000000000000000200, 8.200000000000001100, -21.21500000000000000 ) ) ;
#2726 = DIRECTION ( 'NONE',  ( -1.000000000000000000, 0.0000000000000000000, -3.399937126261165200E-016 ) ) ;
#2727 = DIRECTION ( 'NONE',  ( -3.399937126261165200E-016, 0.0000000000000000000, 1.000000000000000000 ) ) ;
#2728 = LINE ( 'NONE', #2729, #2730 ) ;
#2729 = CARTESIAN_POINT ( 'NONE',  ( 0.5000000000000000000, 7.500000000000000000, -29.30000000000000100 ) ) ;
#2730 = VECTOR ( 'NONE', #2731, 1000.000000000000000 ) ;
#2731 = DIRECTION ( 'NONE',  ( 1.239088197126289800E-016, 0.0000000000000000000, 1.000000000000000000 ) ) ;
#2732 = LINE ( 'NONE', #2733, #2734 ) ;
#2733 = CARTESIAN_POINT ( 'NONE',  ( 2.350000000000000100, 6.000000000000000000, -27.49535938970580100 ) ) ;
#2734 = VECTOR ( 'NONE', #2735, 1000.000000000000000 ) ;
#2735 = DIRECTION ( 'NONE',  ( 0.0000000000000000000, 0.0000000000000000000, -1.000000000000000000 ) ) ;
#2736 = LINE ( 'NONE', #2737, #2738 ) ;
#2737 = CARTESIAN_POINT ( 'NONE',  ( -0.5000000000000000000, 8.201000000000000500, -18.89999999999975000 ) ) ;
#2738 = VECTOR ( 'NONE', #2739, 1000.000000000000000 ) ;
#2739 = DIRECTION ( 'NONE',  ( 0.0000000000000000000, -1.000000000000000000, 0.0000000000000000000 ) ) ;
#2740 = LINE ( 'NONE', #2741, #2742 ) ;
#2741 = CARTESIAN_POINT ( 'NONE',  ( 3.100000000000000100, 7.500000000000000000, -33.45055534994654800 ) ) ;
#2742 = VECTOR ( 'NONE', #2743, 1000.000000000000100 ) ;
#2743 = DIRECTION ( 'NONE',  ( -1.636531581110213400E-016, 0.8660254037844379300, -0.5000000000000011100 ) ) ;
#2744 = CARTESIAN_POINT ( 'NONE',  ( -5.032891812864660300, 6.599999999999999600, -23.00000000000000000 ) ) ;
#2745 = CARTESIAN_POINT ( 'NONE',  ( 0.3837597319768089600, 6.850000000000000500, -19.42051282051280100 ) ) ;
#2746 = LINE ( 'NONE', #2747, #2748 ) ;
#2747 = CARTESIAN_POINT ( 'NONE',  ( 0.4000000000000000200, 7.425955088890710000, -23.34999999999999800 ) ) ;
#2748 = VECTOR ( 'NONE', #2749, 1000.000000000000000 ) ;
#2749 = DIRECTION ( 'NONE',  ( -1.133312375420390000E-016, 0.0000000000000000000, -1.000000000000000000 ) ) ;
#2750 = B_SPLINE_CURVE_WITH_KNOTS ( 'NONE', 3,
 ( #2751, #2752, #2753, #2754, #2758, #2759, #2760, #2761, #2762, #2763, #2764, #2765, #2766, #2767, #2768, #2769 ),
 .UNSPECIFIED., .F., .F.,
 ( 4, 2, 2, 2, 2, 2, 2, 4 ),
 ( 0.01228815266069356200, 0.01283140002149565900, 0.01337464738229775400, 0.01446114210390195400, 0.01500438946470405500, 0.01554763682550615300, 0.01609088418630825300, 0.01663413154711035300 ),
 .UNSPECIFIED. ) ;
#2751 = CARTESIAN_POINT ( 'NONE',  ( -3.555277766926235200, 7.500000000000000000, -19.13477038198249900 ) ) ;
#2752 = CARTESIAN_POINT ( 'NONE',  ( -3.678761079370268700, 7.441464336624177300, -19.25365205342527700 ) ) ;
#2753 = CARTESIAN_POINT ( 'NONE',  ( -3.794830454678553600, 7.382715269054747500, -19.37976772702641900 ) ) ;
#2754 = CARTESIAN_POINT ( 'NONE',  ( -4.012596385619964700, 7.266656257853371800, -19.64690267953169900 ) ) ;
#2755 = ORIENTED_EDGE ( 'NONE', *, *, #2353, .F. ) ;
#2756 = VERTEX_POINT ( 'NONE', #3511 ) ;
#2757 = EDGE_CURVE ( 'NONE', #4554, #459, #3512, .T. ) ;
#2758 = CARTESIAN_POINT ( 'NONE',  ( -4.114854060914010100, 7.209003655591677900, -19.78887440280209400 ) ) ;
#2759 = CARTESIAN_POINT ( 'NONE',  ( -4.395238488018146800, 7.044069081806529900, -20.23005272526805200 ) ) ;
#2760 = CARTESIAN_POINT ( 'NONE',  ( -4.547637489431451700, 6.944845069468832400, -20.54369053313798300 ) ) ;
#2761 = CARTESIAN_POINT ( 'NONE',  ( -4.731063644570326700, 6.820007825111119400, -21.04267276697493100 ) ) ;
#2762 = CARTESIAN_POINT ( 'NONE',  ( -4.784826573718032000, 6.782224133654761300, -21.21479212157749200 ) ) ;
#2763 = CARTESIAN_POINT ( 'NONE',  ( -4.875812562996500800, 6.717111089613805300, -21.56230061346579100 ) ) ;
#2764 = CARTESIAN_POINT ( 'NONE',  ( -4.913234000698031100, 6.689657394200264000, -21.73789223769643900 ) ) ;
#2765 = CARTESIAN_POINT ( 'NONE',  ( -4.973012526077620300, 6.645339029189448100, -22.09262607666710200 ) ) ;
#2766 = CARTESIAN_POINT ( 'NONE',  ( -4.995368177291597400, 6.628472643999114000, -22.27176831942204400 ) ) ;
#2767 = CARTESIAN_POINT ( 'NONE',  ( -5.025318242496920700, 6.605795136133868300, -22.63360936036921700 ) ) ;
#2768 = CARTESIAN_POINT ( 'NONE',  ( -5.032891812864646900, 6.599999999999998800, -22.81734496347795000 ) ) ;
#2769 = CARTESIAN_POINT ( 'NONE',  ( -5.032891812864660300, 6.599999999999999600, -23.00000000000000000 ) ) ;
#2770 = LINE ( 'NONE', #2771, #2772 ) ;
#2771 = CARTESIAN_POINT ( 'NONE',  ( -2.708209740769725200, 6.250000000000000000, -26.34000000000000000 ) ) ;
#2772 = VECTOR ( 'NONE', #2773, 1000.000000000000000 ) ;
#2773 = DIRECTION ( 'NONE',  ( 0.0000000000000000000, 1.000000000000000000, 0.0000000000000000000 ) ) ;
#2774 = ORIENTED_EDGE ( 'NONE', *, *, #156, .F. ) ;
#2775 = ORIENTED_EDGE ( 'NONE', *, *, #2902, .T. ) ;
#2776 = FACE_OUTER_BOUND ( 'NONE', #5221, .T. ) ;
#2777 = PLANE ( 'NONE',  #2778 ) ;
#2778 = AXIS2_PLACEMENT_3D ( 'NONE', #2779, #2780, #2781 ) ;
#2779 = CARTESIAN_POINT ( 'NONE',  ( 9.000999999999999400, 6.599999999999999600, -29.16961524227065200 ) ) ;
#2780 = DIRECTION ( 'NONE',  ( 0.0000000000000000000, 1.000000000000000000, 0.0000000000000000000 ) ) ;
#2781 = DIRECTION ( 'NONE',  ( 0.0000000000000000000, 0.0000000000000000000, 1.000000000000000000 ) ) ;
#2782 = LINE ( 'NONE', #2783, #2784 ) ;
#2783 = CARTESIAN_POINT ( 'NONE',  ( -1.953371135077724800, 6.250000000000000000, -25.90419372780899800 ) ) ;
#2784 = VECTOR ( 'NONE', #2785, 1000.000000000000000 ) ;
#2785 = DIRECTION ( 'NONE',  ( 0.0000000000000000000, 1.000000000000000000, 0.0000000000000000000 ) ) ;
#2786 = CARTESIAN_POINT ( 'NONE',  ( 4.753945729601879200, 10.80000000000000100, -4.000000000000000000 ) ) ;
#2787 = CIRCLE ( 'NONE', #2788, 3.499999999999999600 ) ;
#2788 = AXIS2_PLACEMENT_3D ( 'NONE', #2789, #2790, #2791 ) ;
#2789 = CARTESIAN_POINT ( 'NONE',  ( 0.0000000000000000000, 7.425955088890710000, -23.00000000000000000 ) ) ;
#2790 = DIRECTION ( 'NONE',  ( 0.0000000000000000000, 1.000000000000000000, 0.0000000000000000000 ) ) ;
#2791 = DIRECTION ( 'NONE',  ( 0.0000000000000000000, 0.0000000000000000000, 1.000000000000000000 ) ) ;
#2792 = EDGE_CURVE ( 'NONE', #3024, #3199, #3523, .T. ) ;
#2793 = EDGE_LOOP ( 'NONE', ( #4501, #4550, #1703, #2665, #2242 ) ) ;
#2794 = ORIENTED_EDGE ( 'NONE', *, *, #4524, .T. ) ;
#2795 = LINE ( 'NONE', #2796, #2797 ) ;
#2796 = CARTESIAN_POINT ( 'NONE',  ( 11.73004722567288000, -1.282962229952219900, -4.000000000000000000 ) ) ;
#2797 = VECTOR ( 'NONE', #2798, 999.9999999999998900 ) ;
#2798 = DIRECTION ( 'NONE',  ( -0.4999999999999998900, -0.8660254037844388200, 0.0000000000000000000 ) ) ;
#2799 = CARTESIAN_POINT ( 'NONE',  ( 3.555277766926235200, 7.500000000000000000, -33.45055534994654800 ) ) ;
#2800 = CIRCLE ( 'NONE', #2801, 12.00000000000000000 ) ;
#2801 = AXIS2_PLACEMENT_3D ( 'NONE', #2802, #2803, #2804 ) ;
#2802 = CARTESIAN_POINT ( 'NONE',  ( 0.0000000000000000000, 0.0000000000000000000, -4.200000000000000200 ) ) ;
#2803 = DIRECTION ( 'NONE',  ( 0.0000000000000000000, 0.0000000000000000000, -1.000000000000000000 ) ) ;
#2804 = DIRECTION ( 'NONE',  ( -1.000000000000000000, 0.0000000000000000000, 0.0000000000000000000 ) ) ;
#2805 = CARTESIAN_POINT ( 'NONE',  ( 7.128363679972470600, 9.653311931459040100, -8.000000000000000000 ) ) ;
#2806 = LINE ( 'NONE', #2807, #2808 ) ;
#2807 = CARTESIAN_POINT ( 'NONE',  ( 2.350000000000000100, 6.000000000000000000, -34.50000000000000000 ) ) ;
#2808 = VECTOR ( 'NONE', #2809, 1000.000000000000000 ) ;
#2809 = DIRECTION ( 'NONE',  ( -1.000000000000000000, 0.0000000000000000000, 0.0000000000000000000 ) ) ;
#2810 = CARTESIAN_POINT ( 'NONE',  ( -4.974937185533099700, -7.500000000000000000, -32.50000000000000000 ) ) ;
#2811 = EDGE_CURVE ( 'NONE', #2239, #1806, #3535, .T. ) ;
#2812 = ORIENTED_EDGE ( 'NONE', *, *, #3862, .T. ) ;
#2813 = CIRCLE ( 'NONE', #2814, 5.250000000000000000 ) ;
#2814 = AXIS2_PLACEMENT_3D ( 'NONE', #2815, #2816, #2817 ) ;
#2815 = CARTESIAN_POINT ( 'NONE',  ( 0.0000000000000000000, 0.0000000000000000000, -34.50000000000000000 ) ) ;
#2816 = DIRECTION ( 'NONE',  ( 0.0000000000000000000, 0.0000000000000000000, -1.000000000000000000 ) ) ;
#2817 = DIRECTION ( 'NONE',  ( 1.000000000000000000, 0.0000000000000000000, 0.0000000000000000000 ) ) ;
#2818 = CIRCLE ( 'NONE', #2819, 11.79999999999999900 ) ;
#2819 = AXIS2_PLACEMENT_3D ( 'NONE', #2820, #2821, #2822 ) ;
#2820 = CARTESIAN_POINT ( 'NONE',  ( 0.0000000000000000000, 0.0000000000000000000, -4.000000000000000000 ) ) ;
#2821 = DIRECTION ( 'NONE',  ( 0.0000000000000000000, 0.0000000000000000000, -1.000000000000000000 ) ) ;
#2822 = DIRECTION ( 'NONE',  ( -1.000000000000000000, 0.0000000000000000000, 0.0000000000000000000 ) ) ;
#2823 = LINE ( 'NONE', #2824, #2825 ) ;
#2824 = CARTESIAN_POINT ( 'NONE',  ( 0.4000000000000000200, 7.425955088890710000, -22.64999999999999900 ) ) ;
#2825 = VECTOR ( 'NONE', #2826, 1000.000000000000000 ) ;
#2826 = DIRECTION ( 'NONE',  ( 1.000000000000000000, 0.0000000000000000000, -1.125546291116558100E-015 ) ) ;
#2827 = CARTESIAN_POINT ( 'NONE',  ( -2.049468420673549800, 6.250000000000000000, -25.95967552151615000 ) ) ;
#2828 = CARTESIAN_POINT ( 'NONE',  ( 0.3837597319768100100, 6.250000000000000000, -19.42051282051280100 ) ) ;
#2829 = ORIENTED_EDGE ( 'NONE', *, *, #309, .F. ) ;
#2830 = EDGE_CURVE ( 'NONE', #4887, #74, #3539, .T. ) ;
#2831 = FACE_BOUND ( 'NONE', #4597, .T. ) ;
#2832 = FACE_OUTER_BOUND ( 'NONE', #501, .T. ) ;
#2833 = PLANE ( 'NONE',  #2834 ) ;
#2834 = AXIS2_PLACEMENT_3D ( 'NONE', #2835, #2836, #2837 ) ;
#2835 = CARTESIAN_POINT ( 'NONE',  ( -19.05255888325765300, 11.00000000000000000, -8.000000000000000000 ) ) ;
#2836 = DIRECTION ( 'NONE',  ( 0.0000000000000000000, 0.0000000000000000000, -1.000000000000000000 ) ) ;
#2837 = DIRECTION ( 'NONE',  ( -1.000000000000000000, 0.0000000000000000000, 0.0000000000000000000 ) ) ;
#2838 = LINE ( 'NONE', #2839, #2840 ) ;
#2839 = CARTESIAN_POINT ( 'NONE',  ( -2.000000000000000000, 7.700000000000000200, -29.30000000000000100 ) ) ;
#2840 = VECTOR ( 'NONE', #2841, 1000.000000000000000 ) ;
#2841 = DIRECTION ( 'NONE',  ( 0.0000000000000000000, 0.0000000000000000000, 1.000000000000000000 ) ) ;
#2842 = CARTESIAN_POINT ( 'NONE',  ( -11.73004722567288000, -1.282962229952219900, -4.200000000000000200 ) ) ;
#2843 = CIRCLE ( 'NONE', #2844, 4.150000000000000400 ) ;
#2844 = AXIS2_PLACEMENT_3D ( 'NONE', #2845, #2846, #2851 ) ;
#2845 = CARTESIAN_POINT ( 'NONE',  ( 0.0000000000000000000, 0.0000000000000000000, -36.10000000000000100 ) ) ;
#2846 = DIRECTION ( 'NONE',  ( 0.0000000000000000000, 0.0000000000000000000, -1.000000000000000000 ) ) ;
#2847 = ORIENTED_EDGE ( 'NONE', *, *, #2449, .F. ) ;
#2848 = EDGE_LOOP ( 'NONE', ( #100, #151, #261 ) ) ;
#2849 = ORIENTED_EDGE ( 'NONE', *, *, #2974, .T. ) ;
#2850 = ORIENTED_EDGE ( 'NONE', *, *, #4920, .T. ) ;
#2851 = DIRECTION ( 'NONE',  ( -1.000000000000000000, 0.0000000000000000000, 0.0000000000000000000 ) ) ;
#2852 = LINE ( 'NONE', #2853, #2854 ) ;
#2853 = CARTESIAN_POINT ( 'NONE',  ( -0.4000000000000000200, 7.425955088890710000, -23.34999999999999800 ) ) ;
#2854 = VECTOR ( 'NONE', #2855, 1000.000000000000000 ) ;
#2855 = DIRECTION ( 'NONE',  ( -1.133312375420390000E-016, 0.0000000000000000000, 1.000000000000000000 ) ) ;
#2856 = FACE_OUTER_BOUND ( 'NONE', #208, .T. ) ;
#2857 = CYLINDRICAL_SURFACE ( 'NONE', #2858, 3.499999999999999600 ) ;
#2858 = AXIS2_PLACEMENT_3D ( 'NONE', #2859, #2860, #2861 ) ;
#2859 = CARTESIAN_POINT ( 'NONE',  ( -3.361003918878659900E-015, 6.250000000000000000, -23.00000000000000000 ) ) ;
#2860 = DIRECTION ( 'NONE',  ( 0.0000000000000000000, 1.000000000000000000, 0.0000000000000000000 ) ) ;
#2861 = DIRECTION ( 'NONE',  ( 0.0000000000000000000, 0.0000000000000000000, 1.000000000000000000 ) ) ;
#2862 = CARTESIAN_POINT ( 'NONE',  ( 0.5000000000000000000, 7.500000000000000000, -32.80000000000000400 ) ) ;
#2863 = CARTESIAN_POINT ( 'NONE',  ( -4.753945729601879200, 10.80000000000000100, -4.000000000000000000 ) ) ;
#2864 = CARTESIAN_POINT ( 'NONE',  ( -2.000000000000000000, 0.5000000000000000000, -43.00000000000000000 ) ) ;
#2865 = FACE_OUTER_BOUND ( 'NONE', #176, .T. ) ;
#2866 = CYLINDRICAL_SURFACE ( 'NONE', #2869, 0.5000000000000004400 ) ;
#2867 = ORIENTED_EDGE ( 'NONE', *, *, #55, .T. ) ;
#2868 = ORIENTED_EDGE ( 'NONE', *, *, #2974, .F. ) ;
#2869 = AXIS2_PLACEMENT_3D ( 'NONE', #2870, #2871, #2872 ) ;
#2870 = CARTESIAN_POINT ( 'NONE',  ( 0.0000000000000000000, 8.201000000000000500, -19.09999999999999800 ) ) ;
#2871 = DIRECTION ( 'NONE',  ( 0.0000000000000000000, -1.000000000000000000, 0.0000000000000000000 ) ) ;
#2872 = DIRECTION ( 'NONE',  ( 0.0000000000000000000, 0.0000000000000000000, -1.000000000000000000 ) ) ;
#2873 = LINE ( 'NONE', #2874, #2875 ) ;
#2874 = CARTESIAN_POINT ( 'NONE',  ( -4.753945729601879200, 10.80000000000000100, -4.000000000000000000 ) ) ;
#2875 = VECTOR ( 'NONE', #2876, 1000.000000000000000 ) ;
#2876 = DIRECTION ( 'NONE',  ( 1.000000000000000000, 0.0000000000000000000, 0.0000000000000000000 ) ) ;
#2877 = CARTESIAN_POINT ( 'NONE',  ( 0.4000000000000000200, 7.995911004945649700, -21.21500000000000000 ) ) ;
#2878 = LINE ( 'NONE', #2879, #2880 ) ;
#2879 = CARTESIAN_POINT ( 'NONE',  ( -3.327925550358845200, 2.479397412935000000, -47.00492558530929400 ) ) ;
#2880 = VECTOR ( 'NONE', #2881, 1000.000000000000000 ) ;
#2881 = DIRECTION ( 'NONE',  ( 0.0000000000000000000, 0.0000000000000000000, 1.000000000000000000 ) ) ;
#2882 = CIRCLE ( 'NONE', #2883, 8.300000000000000700 ) ;
#2883 = AXIS2_PLACEMENT_3D ( 'NONE', #2884, #2886, #2887 ) ;
#2884 = CARTESIAN_POINT ( 'NONE',  ( 0.0000000000000000000, 0.0000000000000000000, -34.50000000000000000 ) ) ;
#2885 = EDGE_CURVE ( 'NONE', #459, #4554, #3575, .T. ) ;
#2886 = DIRECTION ( 'NONE',  ( 0.0000000000000000000, 0.0000000000000000000, 1.000000000000000000 ) ) ;
#2887 = DIRECTION ( 'NONE',  ( 1.000000000000000000, 0.0000000000000000000, 0.0000000000000000000 ) ) ;
#2888 = FACE_OUTER_BOUND ( 'NONE', #4492, .T. ) ;
#2889 = PLANE ( 'NONE',  #2890 ) ;
#2890 = AXIS2_PLACEMENT_3D ( 'NONE', #2891, #2892, #2893 ) ;
#2891 = CARTESIAN_POINT ( 'NONE',  ( 11.73004722567288000, -1.282962229952219900, -4.200000000000000200 ) ) ;
#2892 = DIRECTION ( 'NONE',  ( -0.8660254037844387100, 0.4999999999999998300, 0.0000000000000000000 ) ) ;
#2893 = DIRECTION ( 'NONE',  ( -0.4999999999999998300, -0.8660254037844387100, 0.0000000000000000000 ) ) ;
#2894 = FACE_OUTER_BOUND ( 'NONE', #5181, .T. ) ;
#2895 = PLANE ( 'NONE',  #2896 ) ;
#2896 = AXIS2_PLACEMENT_3D ( 'NONE', #2897, #2898, #2899 ) ;
#2897 = CARTESIAN_POINT ( 'NONE',  ( -0.4000000000000000200, 8.200000000000001100, -21.21500000000000000 ) ) ;
#2898 = DIRECTION ( 'NONE',  ( 1.000000000000000000, 0.0000000000000000000, -3.399937126261165200E-016 ) ) ;
#2899 = DIRECTION ( 'NONE',  ( -3.399937126261165200E-016, 0.0000000000000000000, -1.000000000000000000 ) ) ;
#2900 = CIRCLE ( 'NONE', #2901, 11.79999999999999900 ) ;
#2901 = AXIS2_PLACEMENT_3D ( 'NONE', #2903, #2904, #2905 ) ;
#2902 = EDGE_CURVE ( 'NONE', #4877, #4629, #3610, .T. ) ;
#2903 = CARTESIAN_POINT ( 'NONE',  ( 0.0000000000000000000, 0.0000000000000000000, -4.200000000000000200 ) ) ;
#2904 = DIRECTION ( 'NONE',  ( 0.0000000000000000000, 0.0000000000000000000, -1.000000000000000000 ) ) ;
#2905 = DIRECTION ( 'NONE',  ( -1.000000000000000000, 0.0000000000000000000, 0.0000000000000000000 ) ) ;
#2906 = LINE ( 'NONE', #2907, #2908 ) ;
#2907 = CARTESIAN_POINT ( 'NONE',  ( 8.300000000000000700, 0.0000000000000000000, 19.26826348552040000 ) ) ;
#2908 = VECTOR ( 'NONE', #2909, 1000.000000000000000 ) ;
#2909 = DIRECTION ( 'NONE',  ( 0.0000000000000000000, 0.0000000000000000000, 1.000000000000000000 ) ) ;
#2910 = CIRCLE ( 'NONE', #2911, 8.300000000000000700 ) ;
#2911 = AXIS2_PLACEMENT_3D ( 'NONE', #2912, #2913, #2914 ) ;
#2912 = CARTESIAN_POINT ( 'NONE',  ( 0.0000000000000000000, 0.0000000000000000000, -32.50000000000000000 ) ) ;
#2913 = DIRECTION ( 'NONE',  ( 0.0000000000000000000, 0.0000000000000000000, 1.000000000000000000 ) ) ;
#2914 = DIRECTION ( 'NONE',  ( 1.000000000000000000, 0.0000000000000000000, 0.0000000000000000000 ) ) ;
#2915 = LINE ( 'NONE', #2916, #2917 ) ;
#2916 = CARTESIAN_POINT ( 'NONE',  ( -2.708209740769725200, 6.850000000000000500, -26.34000000000000000 ) ) ;
#2917 = VECTOR ( 'NONE', #2918, 1000.000000000000100 ) ;
#2918 = DIRECTION ( 'NONE',  ( 0.8660254037844393700, 0.0000000000000000000, 0.4999999999999985000 ) ) ;
#2919 = VERTEX_POINT ( 'NONE', #3615 ) ;
#2920 = FACE_OUTER_BOUND ( 'NONE', #5156, .T. ) ;
#2921 = PLANE ( 'NONE',  #2922 ) ;
#2922 = AXIS2_PLACEMENT_3D ( 'NONE', #2923, #2924, #2925 ) ;
#2923 = CARTESIAN_POINT ( 'NONE',  ( -9.000000000000000000, 7.500000000000000000, -0.2000000000000000100 ) ) ;
#2924 = DIRECTION ( 'NONE',  ( 0.0000000000000000000, -1.000000000000000000, 0.0000000000000000000 ) ) ;
#2925 = DIRECTION ( 'NONE',  ( 0.0000000000000000000, 0.0000000000000000000, -1.000000000000000000 ) ) ;
#2926 = LINE ( 'NONE', #2927, #2928 ) ;
#2927 = CARTESIAN_POINT ( 'NONE',  ( 0.0000000000000000000, 7.500000000000000000, -34.50000000000000000 ) ) ;
#2928 = VECTOR ( 'NONE', #2929, 1000.000000000000000 ) ;
#2929 = DIRECTION ( 'NONE',  ( 1.000000000000000000, 0.0000000000000000000, 0.0000000000000000000 ) ) ;
#2930 = LINE ( 'NONE', #2931, #2932 ) ;
#2931 = CARTESIAN_POINT ( 'NONE',  ( 4.753945729601879200, 10.80000000000000100, -4.200000000000000200 ) ) ;
#2932 = VECTOR ( 'NONE', #2933, 1000.000000000000000 ) ;
#2933 = DIRECTION ( 'NONE',  ( 0.0000000000000000000, 0.0000000000000000000, 1.000000000000000000 ) ) ;
#2934 = LINE ( 'NONE', #2935, #2940 ) ;
#2935 = CARTESIAN_POINT ( 'NONE',  ( 0.4000000000000000200, 8.200000000000001100, -22.64999999999999900 ) ) ;
#2936 = VERTEX_POINT ( 'NONE', #645 ) ;
#2937 = EDGE_LOOP ( 'NONE', ( #4924, #4953, #5023, #5069 ) ) ;
#2938 = EDGE_LOOP ( 'NONE', ( #279, #98, #182, #213 ) ) ;
#2939 = ORIENTED_EDGE ( 'NONE', *, *, #4545, .F. ) ;
#2940 = VECTOR ( 'NONE', #2941, 1000.000000000000000 ) ;
#2941 = DIRECTION ( 'NONE',  ( 0.0000000000000000000, -1.000000000000000000, 0.0000000000000000000 ) ) ;
#2942 = CIRCLE ( 'NONE', #2943, 4.299999999999998000 ) ;
#2943 = AXIS2_PLACEMENT_3D ( 'NONE', #2944, #2945, #2946 ) ;
#2944 = CARTESIAN_POINT ( 'NONE',  ( -3.361003918878659900E-015, 7.500000000000000000, -23.00000000000000000 ) ) ;
#2945 = DIRECTION ( 'NONE',  ( 0.0000000000000000000, 1.000000000000000000, 0.0000000000000000000 ) ) ;
#2946 = DIRECTION ( 'NONE',  ( 0.0000000000000000000, 0.0000000000000000000, 1.000000000000000000 ) ) ;
#2947 = CARTESIAN_POINT ( 'NONE',  ( 3.100000000000000100, 6.200000000000000200, -32.70000000000000300 ) ) ;
#2948 = LINE ( 'NONE', #2949, #2950 ) ;
#2949 = CARTESIAN_POINT ( 'NONE',  ( -9.000000000000000000, 7.500000000000000000, -27.19999999999999900 ) ) ;
#2950 = VECTOR ( 'NONE', #2951, 1000.000000000000000 ) ;
#2951 = DIRECTION ( 'NONE',  ( 1.000000000000000000, 0.0000000000000000000, 0.0000000000000000000 ) ) ;
#2952 = FACE_OUTER_BOUND ( 'NONE', #17, .T. ) ;
#2953 = CYLINDRICAL_SURFACE ( 'NONE', #2954, 3.599999999999999200 ) ;
#2954 = AXIS2_PLACEMENT_3D ( 'NONE', #2955, #2958, #2959 ) ;
#2955 = CARTESIAN_POINT ( 'NONE',  ( -3.361003918878659900E-015, 6.850000000000000500, -23.00000000000000000 ) ) ;
#2956 = EDGE_LOOP ( 'NONE', ( #2755, #5028, #2595, #2167, #4852, #2775, #5051, #5165, #4503 ) ) ;
#2957 = ORIENTED_EDGE ( 'NONE', *, *, #3429, .T. ) ;
#2958 = DIRECTION ( 'NONE',  ( 0.0000000000000000000, -1.000000000000000000, 0.0000000000000000000 ) ) ;
#2959 = DIRECTION ( 'NONE',  ( 0.0000000000000000000, 0.0000000000000000000, -1.000000000000000000 ) ) ;
#2960 = LINE ( 'NONE', #2961, #2962 ) ;
#2961 = CARTESIAN_POINT ( 'NONE',  ( 1.500000000000000000, 6.850000000000000500, -19.72738636560929800 ) ) ;
#2962 = VECTOR ( 'NONE', #2963, 1000.000000000000000 ) ;
#2963 = DIRECTION ( 'NONE',  ( 0.0000000000000000000, 1.000000000000000000, 0.0000000000000000000 ) ) ;
#2964 = CIRCLE ( 'NONE', #2965, 0.5000000000000004400 ) ;
#2965 = AXIS2_PLACEMENT_3D ( 'NONE', #2966, #2967, #2968 ) ;
#2966 = CARTESIAN_POINT ( 'NONE',  ( 0.0000000000000000000, 6.850000000000000500, -19.09999999999999800 ) ) ;
#2967 = DIRECTION ( 'NONE',  ( 0.0000000000000000000, 1.000000000000000000, 0.0000000000000000000 ) ) ;
#2968 = DIRECTION ( 'NONE',  ( 0.0000000000000000000, 0.0000000000000000000, 1.000000000000000000 ) ) ;
#2969 = LINE ( 'NONE', #2970, #2971 ) ;
#2970 = CARTESIAN_POINT ( 'NONE',  ( 3.440930106817065200, -7.000000000000000000, 20.96091601051825000 ) ) ;
#2971 = VECTOR ( 'NONE', #2972, 1000.000000000000000 ) ;
#2972 = DIRECTION ( 'NONE',  ( 0.0000000000000000000, 0.0000000000000000000, -1.000000000000000000 ) ) ;
#2973 = LINE ( 'NONE', #2976, #2977 ) ;
#2974 = EDGE_CURVE ( 'NONE', #383, #4983, #646, .T. ) ;
#2975 = EDGE_LOOP ( 'NONE', ( #4486, #2094, #2829, #3284, #4767 ) ) ;
#2976 = CARTESIAN_POINT ( 'NONE',  ( 5.032891812864630100, 6.599999999999999600, 19.26826348552040000 ) ) ;
#2977 = VECTOR ( 'NONE', #2978, 1000.000000000000000 ) ;
#2978 = DIRECTION ( 'NONE',  ( 0.0000000000000000000, 0.0000000000000000000, -1.000000000000000000 ) ) ;
#2979 =( BOUNDED_CURVE ( )  B_SPLINE_CURVE ( 3, ( #2980, #2981, #2982, #2983 ),
 .UNSPECIFIED., .F., .T. ) 
 B_SPLINE_CURVE_WITH_KNOTS ( ( 4, 4 ),
 ( 5.555908951429510800, 5.840522956463273000 ),
 .UNSPECIFIED. ) 
 CURVE ( )  GEOMETRIC_REPRESENTATION_ITEM ( )  RATIONAL_B_SPLINE_CURVE ( ( 1.000000000000000000, 0.9932609567259155200, 0.9932609567259155200, 1.000000000000000000 ) ) 
 REPRESENTATION_ITEM ( '' )  );
#2980 = CARTESIAN_POINT ( 'NONE',  ( 5.518151864528559400, 6.200000000000000200, -30.50000000000000000 ) ) ;
#2981 = CARTESIAN_POINT ( 'NONE',  ( 4.927955527982400800, 6.725289195959693900, -30.19672414131028400 ) ) ;
#2982 = CARTESIAN_POINT ( 'NONE',  ( 4.269224948232062100, 7.161562594605833000, -29.94484157716166100 ) ) ;
#2983 = CARTESIAN_POINT ( 'NONE',  ( 3.555277766926235200, 7.500000000000000000, -29.74944465005350100 ) ) ;
#2984 = CARTESIAN_POINT ( 'NONE',  ( 2.350000000000000100, 6.000000000000000000, -34.50000000000000000 ) ) ;
#2985 = LINE ( 'NONE', #2986, #2987 ) ;
#2986 = CARTESIAN_POINT ( 'NONE',  ( 7.128363679972470600, 9.653311931459029400, -4.200000000000000200 ) ) ;
#2987 = VECTOR ( 'NONE', #2988, 999.9999999999998900 ) ;
#2988 = DIRECTION ( 'NONE',  ( 0.4999999999999998900, -0.8660254037844388200, 0.0000000000000000000 ) ) ;
#2989 = CIRCLE ( 'NONE', #2990, 8.292617198448271100 ) ;
#2990 = AXIS2_PLACEMENT_3D ( 'NONE', #2991, #2992, #2993 ) ;
#2991 = CARTESIAN_POINT ( 'NONE',  ( 0.0000000000000000000, -0.1000000000000000100, -23.34999999999999800 ) ) ;
#2992 = DIRECTION ( 'NONE',  ( 0.0000000000000000000, 0.0000000000000000000, 1.000000000000000000 ) ) ;
#2993 = DIRECTION ( 'NONE',  ( 1.000000000000000000, 0.0000000000000000000, 0.0000000000000000000 ) ) ;
#2994 = FACE_OUTER_BOUND ( 'NONE', #4760, .T. ) ;
#2995 = CYLINDRICAL_SURFACE ( 'NONE', #2996, 12.00000000000000000 ) ;
#2996 = AXIS2_PLACEMENT_3D ( 'NONE', #2997, #2998, #2999 ) ;
#2997 = CARTESIAN_POINT ( 'NONE',  ( 0.0000000000000000000, 0.0000000000000000000, -4.000000000000000000 ) ) ;
#2998 = DIRECTION ( 'NONE',  ( 0.0000000000000000000, 0.0000000000000000000, 1.000000000000000000 ) ) ;
#2999 = DIRECTION ( 'NONE',  ( 1.000000000000000000, 0.0000000000000000000, 0.0000000000000000000 ) ) ;
#3000 = FACE_OUTER_BOUND ( 'NONE', #376, .T. ) ;
#3001 = PLANE ( 'NONE',  #3002 ) ;
#3002 = AXIS2_PLACEMENT_3D ( 'NONE', #3003, #3004, #3005 ) ;
#3003 = CARTESIAN_POINT ( 'NONE',  ( 0.0000000000000000000, 8.300000000000000700, -2.000000000000000000 ) ) ;
#3004 = DIRECTION ( 'NONE',  ( 0.0000000000000000000, 0.0000000000000000000, -1.000000000000000000 ) ) ;
#3005 = DIRECTION ( 'NONE',  ( -1.000000000000000000, 0.0000000000000000000, 0.0000000000000000000 ) ) ;
#3006 = FACE_OUTER_BOUND ( 'NONE', #284, .T. ) ;
#3007 = SPHERICAL_SURFACE ( 'NONE', #3008, 8.300000000000000700 ) ;
#3008 = AXIS2_PLACEMENT_3D ( 'NONE', #3009, #3010, #3011 ) ;
#3009 = CARTESIAN_POINT ( 'NONE',  ( 0.0000000000000000000, -0.1000000000000000100, -23.00000000000000000 ) ) ;
#3010 = DIRECTION ( 'NONE',  ( -1.000000000000000000, 0.0000000000000000000, 0.0000000000000000000 ) ) ;
#3011 = DIRECTION ( 'NONE',  ( 0.0000000000000000000, 0.0000000000000000000, -1.000000000000000000 ) ) ;
#3012 = CIRCLE ( 'NONE', #3013, 5.250000000000000000 ) ;
#3013 = AXIS2_PLACEMENT_3D ( 'NONE', #3014, #3015, #3016 ) ;
#3014 = CARTESIAN_POINT ( 'NONE',  ( 0.0000000000000000000, 0.0000000000000000000, -42.00000000000000000 ) ) ;
#3015 = DIRECTION ( 'NONE',  ( 0.0000000000000000000, 0.0000000000000000000, 1.000000000000000000 ) ) ;
#3016 = DIRECTION ( 'NONE',  ( 1.000000000000000000, 0.0000000000000000000, 0.0000000000000000000 ) ) ;
#3017 = CARTESIAN_POINT ( 'NONE',  ( -6.976101496071000200, 9.517037770047780400, -4.200000000000000200 ) ) ;
#3018 = LINE ( 'NONE', #3019, #3020 ) ;
#3019 = CARTESIAN_POINT ( 'NONE',  ( 1.500000000000000000, 6.250000000000000000, -19.83772233983160000 ) ) ;
#3020 = VECTOR ( 'NONE', #3021, 1000.000000000000000 ) ;
#3021 = DIRECTION ( 'NONE',  ( 0.0000000000000000000, 0.0000000000000000000, -1.000000000000000000 ) ) ;
#3022 = CIRCLE ( 'NONE', #3023, 7.799999999999999800 ) ;
#3023 = AXIS2_PLACEMENT_3D ( 'NONE', #3025, #3026, #3027 ) ;
#3024 = VERTEX_POINT ( 'NONE', #654 ) ;
#3025 = CARTESIAN_POINT ( 'NONE',  ( 0.0000000000000000000, 0.0000000000000000000, 0.0000000000000000000 ) ) ;
#3026 = DIRECTION ( 'NONE',  ( 0.0000000000000000000, 0.0000000000000000000, 1.000000000000000000 ) ) ;
#3027 = DIRECTION ( 'NONE',  ( 1.000000000000000000, 0.0000000000000000000, 0.0000000000000000000 ) ) ;
#3028 = FACE_OUTER_BOUND ( 'NONE', #3163, .T. ) ;
#3029 = PLANE ( 'NONE',  #3030 ) ;
#3030 = AXIS2_PLACEMENT_3D ( 'NONE', #3031, #3032, #3033 ) ;
#3031 = CARTESIAN_POINT ( 'NONE',  ( -12.70170592217176000, 5.204170427930419700E-015, -8.000000000000000000 ) ) ;
#3032 = DIRECTION ( 'NONE',  ( 0.8660254037844387100, -0.4999999999999998300, 0.0000000000000000000 ) ) ;
#3033 = DIRECTION ( 'NONE',  ( 0.4999999999999998300, 0.8660254037844387100, 0.0000000000000000000 ) ) ;
#3034 = LINE ( 'NONE', #3035, #3036 ) ;
#3035 = CARTESIAN_POINT ( 'NONE',  ( -3.555277766926235200, 7.500000000000000000, 19.26826348552040000 ) ) ;
#3036 = VECTOR ( 'NONE', #3037, 1000.000000000000000 ) ;
#3037 = DIRECTION ( 'NONE',  ( 0.0000000000000000000, 0.0000000000000000000, -1.000000000000000000 ) ) ;
#3038 = CARTESIAN_POINT ( 'NONE',  ( 7.128363679972459900, -9.653311931459040100, -4.200000000000000200 ) ) ;
#3039 = LINE ( 'NONE', #3040, #3043 ) ;
#3040 = CARTESIAN_POINT ( 'NONE',  ( 3.100000000000000100, 16.97631392310545100, -34.10000000000000100 ) ) ;
#3041 = ORIENTED_EDGE ( 'NONE', *, *, #1576, .F. ) ;
#3042 = ORIENTED_EDGE ( 'NONE', *, *, #3146, .F. ) ;
#3043 = VECTOR ( 'NONE', #3044, 1000.000000000000000 ) ;
#3044 = DIRECTION ( 'NONE',  ( 0.0000000000000000000, -1.000000000000000000, 0.0000000000000000000 ) ) ;
#3045 = CIRCLE ( 'NONE', #3046, 3.499999999999999600 ) ;
#3046 = AXIS2_PLACEMENT_3D ( 'NONE', #3047, #3048, #3049 ) ;
#3047 = CARTESIAN_POINT ( 'NONE',  ( 0.0000000000000000000, 7.425955088890710000, -23.00000000000000000 ) ) ;
#3048 = DIRECTION ( 'NONE',  ( 0.0000000000000000000, 1.000000000000000000, 0.0000000000000000000 ) ) ;
#3049 = DIRECTION ( 'NONE',  ( 0.0000000000000000000, 0.0000000000000000000, 1.000000000000000000 ) ) ;
#3050 = LINE ( 'NONE', #3051, #3052 ) ;
#3051 = CARTESIAN_POINT ( 'NONE',  ( -6.976101496071000200, 9.517037770047780400, -4.200000000000000200 ) ) ;
#3052 = VECTOR ( 'NONE', #3053, 1000.000000000000000 ) ;
#3053 = DIRECTION ( 'NONE',  ( 0.0000000000000000000, 0.0000000000000000000, 1.000000000000000000 ) ) ;
#3054 = FACE_BOUND ( 'NONE', #3182, .T. ) ;
#3055 = FACE_BOUND ( 'NONE', #4536, .T. ) ;
#3056 = FACE_OUTER_BOUND ( 'NONE', #4891, .T. ) ;
#3057 = PLANE ( 'NONE',  #3058 ) ;
#3058 = AXIS2_PLACEMENT_3D ( 'NONE', #3059, #3060, #3061 ) ;
#3059 = CARTESIAN_POINT ( 'NONE',  ( -9.000000000000000000, 7.700000000000000200, -0.2000000000000000100 ) ) ;
#3060 = DIRECTION ( 'NONE',  ( 0.0000000000000000000, -1.000000000000000000, 0.0000000000000000000 ) ) ;
#3061 = DIRECTION ( 'NONE',  ( 0.0000000000000000000, 0.0000000000000000000, -1.000000000000000000 ) ) ;
#3062 = CARTESIAN_POINT ( 'NONE',  ( -2.000000000000000000, 7.700000000000000200, -32.80000000000000400 ) ) ;
#3063 = FACE_OUTER_BOUND ( 'NONE', #4796, .T. ) ;
#3064 = PLANE ( 'NONE',  #3065 ) ;
#3065 = AXIS2_PLACEMENT_3D ( 'NONE', #3066, #3067, #3068 ) ;
#3066 = CARTESIAN_POINT ( 'NONE',  ( -0.5000000000000000000, 8.201000000000000500, -18.89999999999975000 ) ) ;
#3067 = DIRECTION ( 'NONE',  ( -1.000000000000000000, 0.0000000000000000000, 5.421010862420969700E-016 ) ) ;
#3068 = DIRECTION ( 'NONE',  ( 5.421010862420969700E-016, 0.0000000000000000000, 1.000000000000000000 ) ) ;
#3069 = LINE ( 'NONE', #3070, #3071 ) ;
#3070 = CARTESIAN_POINT ( 'NONE',  ( 5.518151864528559400, 6.200000000000000200, 19.26826348552040000 ) ) ;
#3071 = VECTOR ( 'NONE', #3072, 1000.000000000000000 ) ;
#3072 = DIRECTION ( 'NONE',  ( 0.0000000000000000000, 0.0000000000000000000, 1.000000000000000000 ) ) ;
#3073 = CIRCLE ( 'NONE', #3074, 5.250000000000000000 ) ;
#3074 = AXIS2_PLACEMENT_3D ( 'NONE', #3076, #3077, #3078 ) ;
#3075 = ORIENTED_EDGE ( 'NONE', *, *, #4646, .T. ) ;
#3076 = CARTESIAN_POINT ( 'NONE',  ( 0.0000000000000000000, 0.0000000000000000000, -34.50000000000000000 ) ) ;
#3077 = DIRECTION ( 'NONE',  ( 0.0000000000000000000, 0.0000000000000000000, -1.000000000000000000 ) ) ;
#3078 = DIRECTION ( 'NONE',  ( 1.000000000000000000, 0.0000000000000000000, 0.0000000000000000000 ) ) ;
#3079 = LINE ( 'NONE', #3080, #3081 ) ;
#3080 = CARTESIAN_POINT ( 'NONE',  ( 0.3287187078897774700, 16.97631392310545100, -27.19999999999999900 ) ) ;
#3081 = VECTOR ( 'NONE', #3082, 1000.000000000000000 ) ;
#3082 = DIRECTION ( 'NONE',  ( 0.0000000000000000000, -1.000000000000000000, 0.0000000000000000000 ) ) ;
#3083 = B_SPLINE_CURVE_WITH_KNOTS ( 'NONE', 3,
 ( #3084, #3085, #3086, #3087, #3088, #3089, #3090, #3091 ),
 .UNSPECIFIED., .F., .F.,
 ( 4, 2, 2, 4 ),
 ( 0.0008332572631834007500, 0.001040729111428530700, 0.001248200959673660700, 0.001663144656163915000 ),
 .UNSPECIFIED. ) ;
#3084 = CARTESIAN_POINT ( 'NONE',  ( 1.020397749171435100E-012, 7.471657678475689400, -19.60000000000253800 ) ) ;
#3085 = CARTESIAN_POINT ( 'NONE',  ( -0.06950954252710571400, 7.471657678474538300, -19.60000000000016800 ) ) ;
#3086 = CARTESIAN_POINT ( 'NONE',  ( -0.1392260568296122500, 7.463958806453784500, -19.58503480264099700 ) ) ;
#3087 = CARTESIAN_POINT ( 'NONE',  ( -0.2639344379830790800, 7.435578170123120500, -19.53009448627001300 ) ) ;
#3088 = CARTESIAN_POINT ( 'NONE',  ( -0.3192678907383155200, 7.415011917428790500, -19.49035691335173900 ) ) ;
#3089 = CARTESIAN_POINT ( 'NONE',  ( -0.4541989270988077100, 7.340300776500139800, -19.34687113653535200 ) ) ;
#3090 = CARTESIAN_POINT ( 'NONE',  ( -0.4999999999999992800, 7.275686058161903200, -19.22389425402602500 ) ) ;
#3091 = CARTESIAN_POINT ( 'NONE',  ( -0.5000000000000000000, 7.209582751429800300, -19.09999999999999800 ) ) ;
#3092 = ORIENTED_EDGE ( 'NONE', *, *, #216, .T. ) ;
#3093 = CIRCLE ( 'NONE', #3094, 4.150000000000000400 ) ;
#3094 = AXIS2_PLACEMENT_3D ( 'NONE', #3095, #3096, #3097 ) ;
#3095 = CARTESIAN_POINT ( 'NONE',  ( 0.0000000000000000000, 0.0000000000000000000, -45.00000000000000000 ) ) ;
#3096 = DIRECTION ( 'NONE',  ( 0.0000000000000000000, 0.0000000000000000000, -1.000000000000000000 ) ) ;
#3097 = DIRECTION ( 'NONE',  ( -1.000000000000000000, 0.0000000000000000000, 0.0000000000000000000 ) ) ;
#3098 = LINE ( 'NONE', #3099, #3100 ) ;
#3099 = CARTESIAN_POINT ( 'NONE',  ( -3.154422863405995000, 7.393301270189219600, -33.38895280956805300 ) ) ;
#3100 = VECTOR ( 'NONE', #3101, 1000.000000000000000 ) ;
#3101 = DIRECTION ( 'NONE',  ( 0.4472135954999571000, -0.7745966692414811800, 0.4472135954999625900 ) ) ;
#3102 = LINE ( 'NONE', #3103, #3104 ) ;
#3103 = CARTESIAN_POINT ( 'NONE',  ( 1.500000000000000000, 8.201000000000000500, -19.09999999999999800 ) ) ;
#3104 = VECTOR ( 'NONE', #3105, 1000.000000000000000 ) ;
#3105 = DIRECTION ( 'NONE',  ( 0.0000000000000000000, -1.000000000000000000, 0.0000000000000000000 ) ) ;
#3106 = LINE ( 'NONE', #3107, #3108 ) ;
#3107 = CARTESIAN_POINT ( 'NONE',  ( 9.000999999999999400, 5.200000000000000200, -29.97790561913615200 ) ) ;
#3108 = VECTOR ( 'NONE', #3109, 1000.000000000000000 ) ;
#3109 = DIRECTION ( 'NONE',  ( -1.000000000000000000, 0.0000000000000000000, 0.0000000000000000000 ) ) ;
#3110 = FACE_OUTER_BOUND ( 'NONE', #3983, .T. ) ;
#3111 = CYLINDRICAL_SURFACE ( 'NONE', #3112, 12.00000000000000000 ) ;
#3112 = AXIS2_PLACEMENT_3D ( 'NONE', #3113, #3114, #3115 ) ;
#3113 = CARTESIAN_POINT ( 'NONE',  ( 0.0000000000000000000, 0.0000000000000000000, -4.000000000000000000 ) ) ;
#3114 = DIRECTION ( 'NONE',  ( 0.0000000000000000000, 0.0000000000000000000, 1.000000000000000000 ) ) ;
#3115 = DIRECTION ( 'NONE',  ( 1.000000000000000000, 0.0000000000000000000, 0.0000000000000000000 ) ) ;
#3116 = FACE_OUTER_BOUND ( 'NONE', #3267, .T. ) ;
#3117 = PLANE ( 'NONE',  #3118 ) ;
#3118 = AXIS2_PLACEMENT_3D ( 'NONE', #3119, #3120, #3121 ) ;
#3119 = CARTESIAN_POINT ( 'NONE',  ( 12.70170592217176000, -2.444206402274599700E-015, -8.000000000000000000 ) ) ;
#3120 = DIRECTION ( 'NONE',  ( -0.8660254037844387100, 0.4999999999999998300, 0.0000000000000000000 ) ) ;
#3121 = DIRECTION ( 'NONE',  ( -0.4999999999999998300, -0.8660254037844387100, 0.0000000000000000000 ) ) ;
#3122 = FACE_OUTER_BOUND ( 'NONE', #5149, .T. ) ;
#3123 = PLANE ( 'NONE',  #3124 ) ;
#3124 = AXIS2_PLACEMENT_3D ( 'NONE', #3128, #3129, #3130 ) ;
#3125 = MANIFOLD_SOLID_BREP ( 'NONE', #4581 ) ;
#3126 = ORIENTED_EDGE ( 'NONE', *, *, #314, .T. ) ;
#3127 = ORIENTED_EDGE ( 'NONE', *, *, #4856, .T. ) ;
#3128 = CARTESIAN_POINT ( 'NONE',  ( -9.000000000000000000, 7.500000000000000000, -29.74944465005350100 ) ) ;
#3129 = DIRECTION ( 'NONE',  ( 0.0000000000000000000, -0.5000000000000003300, 0.8660254037844384900 ) ) ;
#3130 = DIRECTION ( 'NONE',  ( 0.0000000000000000000, -0.8660254037844384900, -0.5000000000000003300 ) ) ;
#3131 = FACE_OUTER_BOUND ( 'NONE', #4750, .T. ) ;
#3132 = CYLINDRICAL_SURFACE ( 'NONE', #3133, 8.300000000000000700 ) ;
#3133 = AXIS2_PLACEMENT_3D ( 'NONE', #3134, #3135, #3136 ) ;
#3134 = CARTESIAN_POINT ( 'NONE',  ( 0.0000000000000000000, 0.0000000000000000000, 19.26826348552040000 ) ) ;
#3135 = DIRECTION ( 'NONE',  ( 0.0000000000000000000, 0.0000000000000000000, 1.000000000000000000 ) ) ;
#3136 = DIRECTION ( 'NONE',  ( 1.000000000000000000, 0.0000000000000000000, 0.0000000000000000000 ) ) ;
#3137 = LINE ( 'NONE', #3138, #3139 ) ;
#3138 = CARTESIAN_POINT ( 'NONE',  ( 12.70170592217176000, -2.444206402274599700E-015, -8.000000000000000000 ) ) ;
#3139 = VECTOR ( 'NONE', #3140, 999.9999999999998900 ) ;
#3140 = DIRECTION ( 'NONE',  ( -0.4999999999999998900, -0.8660254037844388200, 0.0000000000000000000 ) ) ;
#3141 = CARTESIAN_POINT ( 'NONE',  ( -3.555277766926235200, -7.500000000000000000, -32.50000000000000000 ) ) ;
#3142 = LINE ( 'NONE', #3143, #3147 ) ;
#3143 = CARTESIAN_POINT ( 'NONE',  ( -7.345747068882770000, 5.200000000000000200, 19.26826348552040000 ) ) ;
#3144 = ADVANCED_FACE ( 'NONE', ( #667 ), #668, .F. ) ;
#3145 = EDGE_CURVE ( 'NONE', #479, #3373, #673, .T. ) ;
#3146 = EDGE_CURVE ( 'NONE', #3375, #4942, #680, .T. ) ;
#3147 = VECTOR ( 'NONE', #3148, 1000.000000000000000 ) ;
#3148 = DIRECTION ( 'NONE',  ( 0.0000000000000000000, 0.0000000000000000000, 1.000000000000000000 ) ) ;
#3149 = CARTESIAN_POINT ( 'NONE',  ( 8.300000000000000700, 0.0000000000000000000, -32.50000000000000000 ) ) ;
#3150 = FACE_OUTER_BOUND ( 'NONE', #5214, .T. ) ;
#3151 = FACE_BOUND ( 'NONE', #4692, .T. ) ;
#3152 = PLANE ( 'NONE',  #3153 ) ;
#3153 = AXIS2_PLACEMENT_3D ( 'NONE', #3154, #3155, #3156 ) ;
#3154 = CARTESIAN_POINT ( 'NONE',  ( 0.0000000000000000000, 0.0000000000000000000, -0.2000000000000000100 ) ) ;
#3155 = DIRECTION ( 'NONE',  ( 0.0000000000000000000, 0.0000000000000000000, -1.000000000000000000 ) ) ;
#3156 = DIRECTION ( 'NONE',  ( -1.000000000000000000, 0.0000000000000000000, 0.0000000000000000000 ) ) ;
#3157 = CIRCLE ( 'NONE', #3158, 8.290355842785041700 ) ;
#3158 = AXIS2_PLACEMENT_3D ( 'NONE', #3159, #3160, #3161 ) ;
#3159 = CARTESIAN_POINT ( 'NONE',  ( -0.4000000000000000200, -0.1000000000000000100, -23.00000000000000000 ) ) ;
#3160 = DIRECTION ( 'NONE',  ( 1.000000000000000000, 0.0000000000000000000, -3.399937126261165200E-016 ) ) ;
#3161 = DIRECTION ( 'NONE',  ( -3.400246867467788400E-016, 0.0000000000000000000, -1.000000000000000000 ) ) ;
#3162 = LINE ( 'NONE', #3165, #3166 ) ;
#3163 = EDGE_LOOP ( 'NONE', ( #322, #369, #517, #243 ) ) ;
#3164 = EDGE_CURVE ( 'NONE', #4675, #4654, #684, .T. ) ;
#3165 = CARTESIAN_POINT ( 'NONE',  ( 0.5000000000000000000, 7.500000000000000000, -32.80000000000000400 ) ) ;
#3166 = VECTOR ( 'NONE', #3167, 1000.000000000000000 ) ;
#3167 = DIRECTION ( 'NONE',  ( -1.000000000000000000, 0.0000000000000000000, 0.0000000000000000000 ) ) ;
#3168 = CARTESIAN_POINT ( 'NONE',  ( 3.555277766926235200, 7.500000000000000000, -34.50000000000000000 ) ) ;
#3169 = FACE_OUTER_BOUND ( 'NONE', #3374, .T. ) ;
#3170 = CYLINDRICAL_SURFACE ( 'NONE', #3171, 12.00000000000000000 ) ;
#3171 = AXIS2_PLACEMENT_3D ( 'NONE', #3172, #3173, #3174 ) ;
#3172 = CARTESIAN_POINT ( 'NONE',  ( 0.0000000000000000000, 0.0000000000000000000, -4.000000000000000000 ) ) ;
#3173 = DIRECTION ( 'NONE',  ( 0.0000000000000000000, 0.0000000000000000000, 1.000000000000000000 ) ) ;
#3174 = DIRECTION ( 'NONE',  ( 1.000000000000000000, 0.0000000000000000000, 0.0000000000000000000 ) ) ;
#3175 = LINE ( 'NONE', #3176, #3177 ) ;
#3176 = CARTESIAN_POINT ( 'NONE',  ( 0.3837597319768095100, 6.865170324466499900, -19.42051282051280100 ) ) ;
#3177 = VECTOR ( 'NONE', #3178, 1000.000000000000000 ) ;
#3178 = DIRECTION ( 'NONE',  ( 0.0000000000000000000, -1.000000000000000000, 0.0000000000000000000 ) ) ;
#3179 = CARTESIAN_POINT ( 'NONE',  ( -1.500000000000000000, 6.850000000000000500, -19.72738636560929800 ) ) ;
#3180 = CIRCLE ( 'NONE', #3183, 8.105786513349590500 ) ;
#3181 = EDGE_CURVE ( 'NONE', #351, #4955, #689, .T. ) ;
#3182 = EDGE_LOOP ( 'NONE', ( #4707, #4828, #4382, #4587 ) ) ;
#3183 = AXIS2_PLACEMENT_3D ( 'NONE', #3184, #3185, #3186 ) ;
#3184 = CARTESIAN_POINT ( 'NONE',  ( 0.0000000000000000000, -0.1000000000000000100, -21.21500000000000000 ) ) ;
#3185 = DIRECTION ( 'NONE',  ( 0.0000000000000000000, 0.0000000000000000000, -1.000000000000000000 ) ) ;
#3186 = DIRECTION ( 'NONE',  ( -1.000000000000000000, 0.0000000000000000000, 0.0000000000000000000 ) ) ;
#3187 = CIRCLE ( 'NONE', #3188, 8.300000000000000700 ) ;
#3188 = AXIS2_PLACEMENT_3D ( 'NONE', #3189, #3190, #3191 ) ;
#3189 = CARTESIAN_POINT ( 'NONE',  ( 0.0000000000000000000, 0.0000000000000000000, -2.000000000000000000 ) ) ;
#3190 = DIRECTION ( 'NONE',  ( 0.0000000000000000000, 0.0000000000000000000, 1.000000000000000000 ) ) ;
#3191 = DIRECTION ( 'NONE',  ( 1.000000000000000000, 0.0000000000000000000, 0.0000000000000000000 ) ) ;
#3192 = CARTESIAN_POINT ( 'NONE',  ( 0.4000000000000000200, 7.425955088890710000, -22.64999999999999900 ) ) ;
#3193 = CIRCLE ( 'NONE', #3194, 12.00000000000000000 ) ;
#3194 = AXIS2_PLACEMENT_3D ( 'NONE', #3195, #3196, #3197 ) ;
#3195 = CARTESIAN_POINT ( 'NONE',  ( 0.0000000000000000000, 0.0000000000000000000, -4.200000000000000200 ) ) ;
#3196 = DIRECTION ( 'NONE',  ( 0.0000000000000000000, 0.0000000000000000000, -1.000000000000000000 ) ) ;
#3197 = DIRECTION ( 'NONE',  ( -1.000000000000000000, 0.0000000000000000000, 0.0000000000000000000 ) ) ;
#3198 = CARTESIAN_POINT ( 'NONE',  ( -0.3287187078897844700, 7.500000000000000000, -27.19999999999999900 ) ) ;
#3199 = VERTEX_POINT ( 'NONE', #698 ) ;
#3200 = ADVANCED_FACE ( 'NONE', ( #699, #700 ), #701, .T. ) ;
#3201 = FACE_OUTER_BOUND ( 'NONE', #4989, .T. ) ;
#3202 = PLANE ( 'NONE',  #3203 ) ;
#3203 = AXIS2_PLACEMENT_3D ( 'NONE', #3204, #3205, #3206 ) ;
#3204 = CARTESIAN_POINT ( 'NONE',  ( 0.0000000000000000000, 0.0000000000000000000, -44.50000000000000000 ) ) ;
#3205 = DIRECTION ( 'NONE',  ( 0.0000000000000000000, 0.0000000000000000000, 1.000000000000000000 ) ) ;
#3206 = DIRECTION ( 'NONE',  ( 1.000000000000000000, 0.0000000000000000000, 0.0000000000000000000 ) ) ;
#3207 = LINE ( 'NONE', #3208, #3209 ) ;
#3208 = CARTESIAN_POINT ( 'NONE',  ( -3.100000000000000100, 7.700000000000000200, -34.10000000000000100 ) ) ;
#3209 = VECTOR ( 'NONE', #3210, 1000.000000000000000 ) ;
#3210 = DIRECTION ( 'NONE',  ( 1.000000000000000000, 0.0000000000000000000, 0.0000000000000000000 ) ) ;
#3211 = CIRCLE ( 'NONE', #3212, 4.299999999999998000 ) ;
#3212 = AXIS2_PLACEMENT_3D ( 'NONE', #3213, #3214, #3215 ) ;
#3213 = CARTESIAN_POINT ( 'NONE',  ( -3.361003918878659900E-015, 7.500000000000000000, -23.00000000000000000 ) ) ;
#3214 = DIRECTION ( 'NONE',  ( 0.0000000000000000000, 1.000000000000000000, 0.0000000000000000000 ) ) ;
#3215 = DIRECTION ( 'NONE',  ( 0.0000000000000000000, 0.0000000000000000000, 1.000000000000000000 ) ) ;
#3216 = CIRCLE ( 'NONE', #3217, 7.799999999999999800 ) ;
#3217 = AXIS2_PLACEMENT_3D ( 'NONE', #3218, #3219, #3220 ) ;
#3218 = CARTESIAN_POINT ( 'NONE',  ( 0.0000000000000000000, 0.0000000000000000000, -0.2000000000000000100 ) ) ;
#3219 = DIRECTION ( 'NONE',  ( 0.0000000000000000000, 0.0000000000000000000, 1.000000000000000000 ) ) ;
#3220 = DIRECTION ( 'NONE',  ( 1.000000000000000000, 0.0000000000000000000, 0.0000000000000000000 ) ) ;
#3221 = LINE ( 'NONE', #3222, #3223 ) ;
#3222 = CARTESIAN_POINT ( 'NONE',  ( -3.440930106817070100, -7.000000000000000000, -0.2000000000000000100 ) ) ;
#3223 = VECTOR ( 'NONE', #3224, 1000.000000000000000 ) ;
#3224 = DIRECTION ( 'NONE',  ( 1.000000000000000000, 0.0000000000000000000, 0.0000000000000000000 ) ) ;
#3225 = CARTESIAN_POINT ( 'NONE',  ( 5.032891812864630100, 6.599999999999999600, -29.16961524227065200 ) ) ;
#3226 = CIRCLE ( 'NONE', #3227, 8.290355842785041700 ) ;
#3227 = AXIS2_PLACEMENT_3D ( 'NONE', #3228, #3229, #3230 ) ;
#3228 = CARTESIAN_POINT ( 'NONE',  ( -0.4000000000000000200, -0.1000000000000000100, -23.00000000000000000 ) ) ;
#3229 = DIRECTION ( 'NONE',  ( 1.000000000000000000, 0.0000000000000000000, 1.133312375420390000E-016 ) ) ;
#3230 = DIRECTION ( 'NONE',  ( 1.111619168210623200E-016, 0.0000000000000000000, -1.000000000000000000 ) ) ;
#3231 = CARTESIAN_POINT ( 'NONE',  ( -0.4000000000000000200, 8.182964445173000800, -23.34999999999999800 ) ) ;
#3232 = LINE ( 'NONE', #3235, #3236 ) ;
#3233 = ORIENTED_EDGE ( 'NONE', *, *, #3532, .T. ) ;
#3234 = ADVANCED_FACE ( 'NONE', ( #707 ), #708, .T. ) ;
#3235 = CARTESIAN_POINT ( 'NONE',  ( 3.440930106817070100, 7.000000000000000000, 0.0000000000000000000 ) ) ;
#3236 = VECTOR ( 'NONE', #3237, 1000.000000000000000 ) ;
#3237 = DIRECTION ( 'NONE',  ( -1.000000000000000000, 0.0000000000000000000, 0.0000000000000000000 ) ) ;
#3238 = CARTESIAN_POINT ( 'NONE',  ( 5.518151864528559400, 6.200000000000000200, -30.50000000000000000 ) ) ;
#3239 = FACE_OUTER_BOUND ( 'NONE', #155, .T. ) ;
#3240 = PLANE ( 'NONE',  #3241 ) ;
#3241 = AXIS2_PLACEMENT_3D ( 'NONE', #3242, #3243, #3244 ) ;
#3242 = CARTESIAN_POINT ( 'NONE',  ( 3.100000000000000100, 16.97631392310545100, -34.10000000000000100 ) ) ;
#3243 = DIRECTION ( 'NONE',  ( -1.000000000000000000, 0.0000000000000000000, 3.273063162220389800E-016 ) ) ;
#3244 = DIRECTION ( 'NONE',  ( 3.273063162220389800E-016, 0.0000000000000000000, 1.000000000000000000 ) ) ;
#3245 = CARTESIAN_POINT ( 'NONE',  ( 5.250000000000000000, 0.0000000000000000000, -42.00000000000000000 ) ) ;
#3246 = FACE_OUTER_BOUND ( 'NONE', #566, .T. ) ;
#3247 = PLANE ( 'NONE',  #3248 ) ;
#3248 = AXIS2_PLACEMENT_3D ( 'NONE', #3249, #3250, #3251 ) ;
#3249 = CARTESIAN_POINT ( 'NONE',  ( -3.440930106817070100, -7.000000000000000000, 20.96091601051825000 ) ) ;
#3250 = DIRECTION ( 'NONE',  ( 0.0000000000000000000, 1.000000000000000000, 0.0000000000000000000 ) ) ;
#3251 = DIRECTION ( 'NONE',  ( 0.0000000000000000000, 0.0000000000000000000, 1.000000000000000000 ) ) ;
#3252 = CARTESIAN_POINT ( 'NONE',  ( 1.500000000000000000, 6.250000000000000000, -19.09999999999999800 ) ) ;
#3253 = CARTESIAN_POINT ( 'NONE',  ( -3.440930106817070100, 7.000000000000000000, 0.0000000000000000000 ) ) ;
#3254 = CARTESIAN_POINT ( 'NONE',  ( -2.000000000000000000, 7.700000000000000200, -29.30000000000000100 ) ) ;
#3255 = LINE ( 'NONE', #3256, #3257 ) ;
#3256 = CARTESIAN_POINT ( 'NONE',  ( 3.555277766926235200, 7.500000000000000000, 19.26826348552040000 ) ) ;
#3257 = VECTOR ( 'NONE', #3258, 1000.000000000000000 ) ;
#3258 = DIRECTION ( 'NONE',  ( 0.0000000000000000000, 0.0000000000000000000, 1.000000000000000000 ) ) ;
#3259 = CARTESIAN_POINT ( 'NONE',  ( -4.150000000000000400, 0.0000000000000000000, -45.00000000000000000 ) ) ;
#3260 = CIRCLE ( 'NONE', #3261, 8.284926070883193100 ) ;
#3261 = AXIS2_PLACEMENT_3D ( 'NONE', #3262, #3263, #3264 ) ;
#3262 = CARTESIAN_POINT ( 'NONE',  ( 0.5000000000000000000, -0.1000000000000000100, -23.00000000000000000 ) ) ;
#3263 = DIRECTION ( 'NONE',  ( -1.000000000000000000, 0.0000000000000000000, -5.421010862420880000E-016 ) ) ;
#3264 = DIRECTION ( 'NONE',  ( 5.365441850848883100E-016, -6.838975393301527700E-014, -1.000000000000000000 ) ) ;
#3265 = CIRCLE ( 'NONE', #3266, 8.300000000000000700 ) ;
#3266 = AXIS2_PLACEMENT_3D ( 'NONE', #3268, #3269, #3270 ) ;
#3267 = EDGE_LOOP ( 'NONE', ( #231, #264, #463, #496 ) ) ;
#3268 = CARTESIAN_POINT ( 'NONE',  ( 0.0000000000000000000, 0.0000000000000000000, -34.50000000000000000 ) ) ;
#3269 = DIRECTION ( 'NONE',  ( 0.0000000000000000000, 0.0000000000000000000, 1.000000000000000000 ) ) ;
#3270 = DIRECTION ( 'NONE',  ( 1.000000000000000000, 0.0000000000000000000, 0.0000000000000000000 ) ) ;
#3271 = CARTESIAN_POINT ( 'NONE',  ( 1.953371135077720100, 7.425955088890710000, -25.90419372780899800 ) ) ;
#3272 = CIRCLE ( 'NONE', #3273, 3.499999999999999600 ) ;
#3273 = AXIS2_PLACEMENT_3D ( 'NONE', #3274, #3275, #3276 ) ;
#3274 = CARTESIAN_POINT ( 'NONE',  ( 0.0000000000000000000, 7.425955088890710000, -23.00000000000000000 ) ) ;
#3275 = DIRECTION ( 'NONE',  ( 0.0000000000000000000, 1.000000000000000000, 0.0000000000000000000 ) ) ;
#3276 = DIRECTION ( 'NONE',  ( 0.0000000000000000000, 0.0000000000000000000, 1.000000000000000000 ) ) ;
#3277 = FACE_OUTER_BOUND ( 'NONE', #2848, .T. ) ;
#3278 = PLANE ( 'NONE',  #3279 ) ;
#3279 = AXIS2_PLACEMENT_3D ( 'NONE', #3280, #3281, #3282 ) ;
#3280 = CARTESIAN_POINT ( 'NONE',  ( -3.482456029873170200, 8.200000000000001100, -23.34999999999999800 ) ) ;
#3281 = DIRECTION ( 'NONE',  ( 0.0000000000000000000, 0.0000000000000000000, 1.000000000000000000 ) ) ;
#3282 = DIRECTION ( 'NONE',  ( 1.000000000000000000, 0.0000000000000000000, 0.0000000000000000000 ) ) ;
#3283 = FACE_OUTER_BOUND ( 'NONE', #5088, .T. ) ;
#3284 = ORIENTED_EDGE ( 'NONE', *, *, #4696, .F. ) ;
#3285 = ORIENTED_EDGE ( 'NONE', *, *, #4548, .F. ) ;
#3286 = PLANE ( 'NONE',  #3287 ) ;
#3287 = AXIS2_PLACEMENT_3D ( 'NONE', #3288, #3289, #3290 ) ;
#3288 = CARTESIAN_POINT ( 'NONE',  ( 6.350852961085879900, 11.00000000000000000, -8.000000000000000000 ) ) ;
#3289 = DIRECTION ( 'NONE',  ( -0.8660254037844387100, -0.4999999999999998300, 0.0000000000000000000 ) ) ;
#3290 = DIRECTION ( 'NONE',  ( 0.4999999999999998300, -0.8660254037844387100, 0.0000000000000000000 ) ) ;
#3291 = FACE_OUTER_BOUND ( 'NONE', #4508, .T. ) ;
#3292 = CYLINDRICAL_SURFACE ( 'NONE', #3293, 12.00000000000000000 ) ;
#3293 = AXIS2_PLACEMENT_3D ( 'NONE', #3294, #3295, #3296 ) ;
#3294 = CARTESIAN_POINT ( 'NONE',  ( 0.0000000000000000000, 0.0000000000000000000, -4.000000000000000000 ) ) ;
#3295 = DIRECTION ( 'NONE',  ( 0.0000000000000000000, 0.0000000000000000000, 1.000000000000000000 ) ) ;
#3296 = DIRECTION ( 'NONE',  ( 1.000000000000000000, 0.0000000000000000000, 0.0000000000000000000 ) ) ;
#3297 = LINE ( 'NONE', #3298, #3299 ) ;
#3298 = CARTESIAN_POINT ( 'NONE',  ( -9.000000000000000000, 7.500000000000000000, -0.2000000000000000100 ) ) ;
#3299 = VECTOR ( 'NONE', #3300, 1000.000000000000000 ) ;
#3300 = DIRECTION ( 'NONE',  ( 1.000000000000000000, 0.0000000000000000000, 0.0000000000000000000 ) ) ;
#3301 = CARTESIAN_POINT ( 'NONE',  ( 3.100000000000000100, 7.299038105676650000, -34.10000000000000100 ) ) ;
#3302 = ORIENTED_EDGE ( 'NONE', *, *, #583, .F. ) ;
#3303 = ORIENTED_EDGE ( 'NONE', *, *, #3624, .T. ) ;
#3304 = LINE ( 'NONE', #3305, #3306 ) ;
#3305 = CARTESIAN_POINT ( 'NONE',  ( 3.100000000000000100, 7.700000000000000200, -34.10000000000000100 ) ) ;
#3306 = VECTOR ( 'NONE', #3307, 1000.000000000000000 ) ;
#3307 = DIRECTION ( 'NONE',  ( 3.273063162220389800E-016, 0.0000000000000000000, 1.000000000000000000 ) ) ;
#3308 = LINE ( 'NONE', #3309, #3310 ) ;
#3309 = CARTESIAN_POINT ( 'NONE',  ( 1.953371135077714800, 7.500000000000000000, -25.90419372780899800 ) ) ;
#3310 = VECTOR ( 'NONE', #3311, 999.9999999999998900 ) ;
#3311 = DIRECTION ( 'NONE',  ( -0.8660254037844388200, 0.0000000000000000000, 0.4999999999999998900 ) ) ;
#3312 = CARTESIAN_POINT ( 'NONE',  ( -0.5000000000000000000, 7.209582751429800300, -19.09999999999999800 ) ) ;
#3313 = CIRCLE ( 'NONE', #3314, 8.292617198448271100 ) ;
#3314 = AXIS2_PLACEMENT_3D ( 'NONE', #3315, #3316, #3317 ) ;
#3315 = CARTESIAN_POINT ( 'NONE',  ( 3.939412018907875000E-016, -0.1000000000000000100, -22.64999999999999900 ) ) ;
#3316 = DIRECTION ( 'NONE',  ( -1.125546291116558100E-015, 0.0000000000000000000, -1.000000000000000000 ) ) ;
#3317 = DIRECTION ( 'NONE',  ( -1.000000000000000000, 0.0000000000000000000, 1.255133404422486700E-015 ) ) ;
#3318 =( BOUNDED_CURVE ( )  B_SPLINE_CURVE ( 3, ( #3319, #3322, #3323, #3324 ),
 .UNSPECIFIED., .F., .T. ) 
 B_SPLINE_CURVE_WITH_KNOTS ( ( 4, 4 ),
 ( 3.584255004306104100, 3.868869009339867200 ),
 .UNSPECIFIED. ) 
 CURVE ( )  GEOMETRIC_REPRESENTATION_ITEM ( )  RATIONAL_B_SPLINE_CURVE ( ( 1.000000000000000000, 0.9932609567259154100, 0.9932609567259154100, 1.000000000000000000 ) ) 
 REPRESENTATION_ITEM ( '' )  );
#3319 = CARTESIAN_POINT ( 'NONE',  ( 3.555277766926235200, 7.500000000000000000, -33.45055534994654800 ) ) ;
#3320 = VERTEX_POINT ( 'NONE', #754 ) ;
#3321 = ORIENTED_EDGE ( 'NONE', *, *, #3409, .F. ) ;
#3322 = CARTESIAN_POINT ( 'NONE',  ( 4.269224948232031000, 7.161562594605843700, -33.25515842283829900 ) ) ;
#3323 = CARTESIAN_POINT ( 'NONE',  ( 4.927955527982370600, 6.725289195959701900, -33.00327585868968300 ) ) ;
#3324 = CARTESIAN_POINT ( 'NONE',  ( 5.518151864528559400, 6.200000000000000200, -32.70000000000000300 ) ) ;
#3325 = CARTESIAN_POINT ( 'NONE',  ( 5.250000000000000000, 0.0000000000000000000, -34.50000000000000000 ) ) ;
#3326 = CARTESIAN_POINT ( 'NONE',  ( 0.3287187078897774700, 7.700000000000000200, -27.19999999999999900 ) ) ;
#3327 = B_SPLINE_CURVE_WITH_KNOTS ( 'NONE', 3,
 ( #3328, #3329, #3330, #3331, #3332, #3333, #3334, #3335, #3336, #3337 ),
 .UNSPECIFIED., .F., .F.,
 ( 4, 2, 2, 2, 4 ),
 ( 0.01004301342346113400, 0.01109448912746726100, 0.01214596483147338900, 0.01319744053547951600, 0.01424891623948564300 ),
 .UNSPECIFIED. ) ;
#3328 = CARTESIAN_POINT ( 'NONE',  ( -6.118823416311330200, 6.599999999999999600, -23.00000000000000000 ) ) ;
#3329 = CARTESIAN_POINT ( 'NONE',  ( -6.118823416311339100, 6.599999999999999600, -22.64745290990798700 ) ) ;
#3330 = CARTESIAN_POINT ( 'NONE',  ( -6.096158399479156400, 6.621230817756279300, -22.29832315470958500 ) ) ;
#3331 = CARTESIAN_POINT ( 'NONE',  ( -6.004349007420761300, 6.704598255722044300, -21.60687742386388500 ) ) ;
#3332 = CARTESIAN_POINT ( 'NONE',  ( -5.934034315593213400, 6.767751458176969800, -21.26152314239537200 ) ) ;
#3333 = CARTESIAN_POINT ( 'NONE',  ( -5.746279779142563300, 6.927877868302212900, -20.60309561792365700 ) ) ;
#3334 = CARTESIAN_POINT ( 'NONE',  ( -5.628983426677913300, 7.024771260739811400, -20.28780544497358200 ) ) ;
#3335 = CARTESIAN_POINT ( 'NONE',  ( -5.341529170519825300, 7.245752673395388800, -19.68539472417291600 ) ) ;
#3336 = CARTESIAN_POINT ( 'NONE',  ( -5.169525836530128900, 7.370924491236284100, -19.39691334473737800 ) ) ;
#3337 = CARTESIAN_POINT ( 'NONE',  ( -4.974937185533099700, 7.500000000000000000, -19.13477038198249900 ) ) ;
#3338 = EDGE_CURVE ( 'NONE', #3549, #3747, #755, .T. ) ;
#3339 = ADVANCED_FACE ( 'NONE', ( #760 ), #761, .F. ) ;
#3340 = FACE_OUTER_BOUND ( 'NONE', #4452, .T. ) ;
#3341 = PLANE ( 'NONE',  #3342 ) ;
#3342 = AXIS2_PLACEMENT_3D ( 'NONE', #3343, #3344, #3345 ) ;
#3343 = CARTESIAN_POINT ( 'NONE',  ( -9.000000000000000000, -7.500000000000000000, -0.2000000000000000100 ) ) ;
#3344 = DIRECTION ( 'NONE',  ( 0.0000000000000000000, 1.000000000000000000, 0.0000000000000000000 ) ) ;
#3345 = DIRECTION ( 'NONE',  ( 0.0000000000000000000, 0.0000000000000000000, 1.000000000000000000 ) ) ;
#3346 = LINE ( 'NONE', #3347, #3348 ) ;
#3347 = CARTESIAN_POINT ( 'NONE',  ( 11.92419520328519900, -1.346688068540958100, -4.200000000000000200 ) ) ;
#3348 = VECTOR ( 'NONE', #3349, 999.9999999999998900 ) ;
#3349 = DIRECTION ( 'NONE',  ( -0.4999999999999998900, -0.8660254037844388200, 0.0000000000000000000 ) ) ;
#3350 = FACE_OUTER_BOUND ( 'NONE', #5031, .T. ) ;
#3351 = PLANE ( 'NONE',  #3352 ) ;
#3352 = AXIS2_PLACEMENT_3D ( 'NONE', #3353, #3354, #3355 ) ;
#3353 = CARTESIAN_POINT ( 'NONE',  ( 2.350000000000000100, 6.000000000000000000, -27.49535938970580100 ) ) ;
#3354 = DIRECTION ( 'NONE',  ( 0.0000000000000000000, -1.000000000000000000, 0.0000000000000000000 ) ) ;
#3355 = DIRECTION ( 'NONE',  ( 0.0000000000000000000, 0.0000000000000000000, -1.000000000000000000 ) ) ;
#3356 = LINE ( 'NONE', #3357, #3358 ) ;
#3357 = CARTESIAN_POINT ( 'NONE',  ( 4.974937185533099700, 7.500000000000000000, 19.26826348552040000 ) ) ;
#3358 = VECTOR ( 'NONE', #3359, 1000.000000000000000 ) ;
#3359 = DIRECTION ( 'NONE',  ( 0.0000000000000000000, 0.0000000000000000000, 1.000000000000000000 ) ) ;
#3360 = CIRCLE ( 'NONE', #3361, 3.599999999999999200 ) ;
#3361 = AXIS2_PLACEMENT_3D ( 'NONE', #3362, #3363, #3364 ) ;
#3362 = CARTESIAN_POINT ( 'NONE',  ( -3.361003918878659900E-015, 6.850000000000000500, -23.00000000000000000 ) ) ;
#3363 = DIRECTION ( 'NONE',  ( 0.0000000000000000000, 1.000000000000000000, 0.0000000000000000000 ) ) ;
#3364 = DIRECTION ( 'NONE',  ( 0.0000000000000000000, 0.0000000000000000000, 1.000000000000000000 ) ) ;
#3365 = FACE_OUTER_BOUND ( 'NONE', #1, .T. ) ;
#3366 = PLANE ( 'NONE',  #3367 ) ;
#3367 = AXIS2_PLACEMENT_3D ( 'NONE', #3368, #3369, #3370 ) ;
#3368 = CARTESIAN_POINT ( 'NONE',  ( 0.5000000000000000000, 7.500000000000000000, -32.80000000000000400 ) ) ;
#3369 = DIRECTION ( 'NONE',  ( 0.0000000000000000000, -1.000000000000000000, 0.0000000000000000000 ) ) ;
#3370 = DIRECTION ( 'NONE',  ( 0.0000000000000000000, 0.0000000000000000000, -1.000000000000000000 ) ) ;
#3371 = FACE_OUTER_BOUND ( 'NONE', #2937, .T. ) ;
#3372 = VERTEX_POINT ( 'NONE', #784 ) ;
#3373 = VERTEX_POINT ( 'NONE', #785 ) ;
#3374 = EDGE_LOOP ( 'NONE', ( #20, #69, #4040, #5049 ) ) ;
#3375 = VERTEX_POINT ( 'NONE', #786 ) ;
#3376 = PLANE ( 'NONE',  #3377 ) ;
#3377 = AXIS2_PLACEMENT_3D ( 'NONE', #3378, #3379, #3380 ) ;
#3378 = CARTESIAN_POINT ( 'NONE',  ( -2.000000000000000000, 0.5000000000000000000, -46.41421356237309900 ) ) ;
#3379 = DIRECTION ( 'NONE',  ( -1.000000000000000000, 0.0000000000000000000, 0.0000000000000000000 ) ) ;
#3380 = DIRECTION ( 'NONE',  ( 0.0000000000000000000, 0.0000000000000000000, 1.000000000000000000 ) ) ;
#3381 = LINE ( 'NONE', #3382, #3383 ) ;
#3382 = CARTESIAN_POINT ( 'NONE',  ( -3.000000000000000000, 0.5000000000000000000, -46.41421356237309900 ) ) ;
#3383 = VECTOR ( 'NONE', #3384, 1000.000000000000000 ) ;
#3384 = DIRECTION ( 'NONE',  ( 0.0000000000000000000, 0.0000000000000000000, 1.000000000000000000 ) ) ;
#3385 = CARTESIAN_POINT ( 'NONE',  ( 7.128363679972459900, -9.653311931459040100, -8.000000000000000000 ) ) ;
#3386 = CIRCLE ( 'NONE', #3387, 4.150000000000000400 ) ;
#3387 = AXIS2_PLACEMENT_3D ( 'NONE', #3388, #3389, #3390 ) ;
#3388 = CARTESIAN_POINT ( 'NONE',  ( 0.0000000000000000000, 0.0000000000000000000, -44.50000000000000000 ) ) ;
#3389 = DIRECTION ( 'NONE',  ( 0.0000000000000000000, 0.0000000000000000000, 1.000000000000000000 ) ) ;
#3390 = DIRECTION ( 'NONE',  ( 1.000000000000000000, 0.0000000000000000000, 0.0000000000000000000 ) ) ;
#3391 = LINE ( 'NONE', #3392, #3393 ) ;
#3392 = CARTESIAN_POINT ( 'NONE',  ( 0.0000000000000000000, 8.201000000000000500, -19.59999999999999800 ) ) ;
#3393 = VECTOR ( 'NONE', #3394, 1000.000000000000000 ) ;
#3394 = DIRECTION ( 'NONE',  ( 0.0000000000000000000, -1.000000000000000000, 0.0000000000000000000 ) ) ;
#3395 = CARTESIAN_POINT ( 'NONE',  ( -7.345747068882780600, 5.200000000000000200, -32.50000000000000000 ) ) ;
#3396 = LINE ( 'NONE', #3397, #3398 ) ;
#3397 = CARTESIAN_POINT ( 'NONE',  ( 4.974937185533099700, -7.500000000000000000, 19.26826348552040000 ) ) ;
#3398 = VECTOR ( 'NONE', #3399, 1000.000000000000000 ) ;
#3399 = DIRECTION ( 'NONE',  ( 0.0000000000000000000, 0.0000000000000000000, -1.000000000000000000 ) ) ;
#3400 = CARTESIAN_POINT ( 'NONE',  ( -0.4000000000000000200, 8.182964445173000800, -22.64999999999999900 ) ) ;
#3401 = CIRCLE ( 'NONE', #3402, 4.299999999999998000 ) ;
#3402 = AXIS2_PLACEMENT_3D ( 'NONE', #3403, #3404, #3405 ) ;
#3403 = CARTESIAN_POINT ( 'NONE',  ( -3.361003918878659900E-015, 6.250000000000000000, -23.00000000000000000 ) ) ;
#3404 = DIRECTION ( 'NONE',  ( 0.0000000000000000000, 1.000000000000000000, 0.0000000000000000000 ) ) ;
#3405 = DIRECTION ( 'NONE',  ( 0.0000000000000000000, 0.0000000000000000000, 1.000000000000000000 ) ) ;
#3406 = FACE_OUTER_BOUND ( 'NONE', #4559, .T. ) ;
#3407 = CYLINDRICAL_SURFACE ( 'NONE', #3410, 11.79999999999999900 ) ;
#3408 = EDGE_LOOP ( 'NONE', ( #5118, #85, #2336, #185, #2957, #632 ) ) ;
#3409 = EDGE_CURVE ( 'NONE', #591, #3373, #791, .T. ) ;
#3410 = AXIS2_PLACEMENT_3D ( 'NONE', #3411, #3412, #3413 ) ;
#3411 = CARTESIAN_POINT ( 'NONE',  ( 0.0000000000000000000, 0.0000000000000000000, -4.200000000000000200 ) ) ;
#3412 = DIRECTION ( 'NONE',  ( 0.0000000000000000000, 0.0000000000000000000, 1.000000000000000000 ) ) ;
#3413 = DIRECTION ( 'NONE',  ( 1.000000000000000000, 0.0000000000000000000, 0.0000000000000000000 ) ) ;
#3414 = FACE_OUTER_BOUND ( 'NONE', #204, .T. ) ;
#3415 = PLANE ( 'NONE',  #3416 ) ;
#3416 = AXIS2_PLACEMENT_3D ( 'NONE', #3417, #3418, #3419 ) ;
#3417 = CARTESIAN_POINT ( 'NONE',  ( -3.100000000000000100, 16.97631392310545100, -28.80000000000000100 ) ) ;
#3418 = DIRECTION ( 'NONE',  ( 0.4999999999999993900, 0.0000000000000000000, -0.8660254037844390400 ) ) ;
#3419 = DIRECTION ( 'NONE',  ( -0.8660254037844390400, 0.0000000000000000000, -0.4999999999999993900 ) ) ;
#3420 = LINE ( 'NONE', #3421, #3422 ) ;
#3421 = CARTESIAN_POINT ( 'NONE',  ( -9.000000000000000000, 6.200000000000000200, -32.70000000000000300 ) ) ;
#3422 = VECTOR ( 'NONE', #3423, 1000.000000000000000 ) ;
#3423 = DIRECTION ( 'NONE',  ( 1.000000000000000000, 0.0000000000000000000, 0.0000000000000000000 ) ) ;
#3424 = CARTESIAN_POINT ( 'NONE',  ( 2.000000000000000000, 7.500000000000000000, -32.80000000000000400 ) ) ;
#3425 = CIRCLE ( 'NONE', #3431, 3.499999999999999600 ) ;
#3426 = ORIENTED_EDGE ( 'NONE', *, *, #4688, .F. ) ;
#3427 = ORIENTED_EDGE ( 'NONE', *, *, #5194, .F. ) ;
#3428 = ORIENTED_EDGE ( 'NONE', *, *, #3338, .T. ) ;
#3429 = EDGE_CURVE ( 'NONE', #222, #3644, #801, .T. ) ;
#3430 = EDGE_LOOP ( 'NONE', ( #273, #597, #3880, #5042 ) ) ;
#3431 = AXIS2_PLACEMENT_3D ( 'NONE', #3432, #3433, #3434 ) ;
#3432 = CARTESIAN_POINT ( 'NONE',  ( 0.0000000000000000000, 7.425955088890710000, -23.00000000000000000 ) ) ;
#3433 = DIRECTION ( 'NONE',  ( 0.0000000000000000000, 1.000000000000000000, 0.0000000000000000000 ) ) ;
#3434 = DIRECTION ( 'NONE',  ( 0.0000000000000000000, 0.0000000000000000000, 1.000000000000000000 ) ) ;
#3435 = FACE_OUTER_BOUND ( 'NONE', #4929, .T. ) ;
#3436 = PLANE ( 'NONE',  #3437 ) ;
#3437 = AXIS2_PLACEMENT_3D ( 'NONE', #3438, #3439, #3440 ) ;
#3438 = CARTESIAN_POINT ( 'NONE',  ( -9.000000000000000000, 7.500000000000000000, -0.2000000000000000100 ) ) ;
#3439 = DIRECTION ( 'NONE',  ( 0.0000000000000000000, -1.000000000000000000, 0.0000000000000000000 ) ) ;
#3440 = DIRECTION ( 'NONE',  ( 0.0000000000000000000, 0.0000000000000000000, -1.000000000000000000 ) ) ;
#3441 = CARTESIAN_POINT ( 'NONE',  ( -3.555277766926235200, -7.500000000000000000, -2.000000000000000000 ) ) ;
#3442 = LINE ( 'NONE', #3443, #3444 ) ;
#3443 = CARTESIAN_POINT ( 'NONE',  ( -3.000000000000000000, 0.5000000000000000000, -36.10000000000000100 ) ) ;
#3444 = VECTOR ( 'NONE', #3445, 1000.000000000000000 ) ;
#3445 = DIRECTION ( 'NONE',  ( -4.336808689942020200E-016, 1.000000000000000000, 0.0000000000000000000 ) ) ;
#3446 = CARTESIAN_POINT ( 'NONE',  ( 0.4000000000000000200, 8.182964445173000800, -22.64999999999999900 ) ) ;
#3447 = CARTESIAN_POINT ( 'NONE',  ( 3.440930106817065200, -7.000000000000000000, -0.2000000000000000100 ) ) ;
#3448 = FACE_OUTER_BOUND ( 'NONE', #366, .T. ) ;
#3449 = PLANE ( 'NONE',  #3450 ) ;
#3450 = AXIS2_PLACEMENT_3D ( 'NONE', #3451, #3452, #3453 ) ;
#3451 = CARTESIAN_POINT ( 'NONE',  ( 6.976101496071000200, 9.517037770047780400, -4.200000000000000200 ) ) ;
#3452 = DIRECTION ( 'NONE',  ( -0.8660254037844387100, -0.4999999999999998300, 0.0000000000000000000 ) ) ;
#3453 = DIRECTION ( 'NONE',  ( 0.4999999999999998300, -0.8660254037844387100, 0.0000000000000000000 ) ) ;
#3454 = CARTESIAN_POINT ( 'NONE',  ( 2.049468420673540100, 6.850000000000000500, -25.95967552151615000 ) ) ;
#3455 = CIRCLE ( 'NONE', #3456, 11.79999999999999900 ) ;
#3456 = AXIS2_PLACEMENT_3D ( 'NONE', #3457, #3458, #3459 ) ;
#3457 = CARTESIAN_POINT ( 'NONE',  ( 0.0000000000000000000, 0.0000000000000000000, -4.200000000000000200 ) ) ;
#3458 = DIRECTION ( 'NONE',  ( 0.0000000000000000000, 0.0000000000000000000, -1.000000000000000000 ) ) ;
#3459 = DIRECTION ( 'NONE',  ( -1.000000000000000000, 0.0000000000000000000, 0.0000000000000000000 ) ) ;
#3460 = CARTESIAN_POINT ( 'NONE',  ( 3.100000000000000100, 7.700000000000000200, -34.10000000000000100 ) ) ;
#3461 = CARTESIAN_POINT ( 'NONE',  ( -3.555277766926235200, 7.500000000000000000, -20.58132267551044900 ) ) ;
#3462 = CARTESIAN_POINT ( 'NONE',  ( -3.440930106817070100, -7.000000000000000000, -0.2000000000000000100 ) ) ;
#3463 = ADVANCED_FACE ( 'NONE', ( #806, #807 ), #808, .F. ) ;
#3464 = EDGE_LOOP ( 'NONE', ( #128, #218, #2130, #4980, #483, #4676, #4781, #2356, #3428, #3897, #3303, #4113, #2939, #4624, #30 ) ) ;
#3465 = CIRCLE ( 'NONE', #3466, 12.00000000000000000 ) ;
#3466 = AXIS2_PLACEMENT_3D ( 'NONE', #3467, #3468, #3469 ) ;
#3467 = CARTESIAN_POINT ( 'NONE',  ( 0.0000000000000000000, 0.0000000000000000000, -8.000000000000000000 ) ) ;
#3468 = DIRECTION ( 'NONE',  ( 0.0000000000000000000, 0.0000000000000000000, 1.000000000000000000 ) ) ;
#3469 = DIRECTION ( 'NONE',  ( -1.000000000000000000, -1.776356839400250500E-015, 0.0000000000000000000 ) ) ;
#3470 = CIRCLE ( 'NONE', #3471, 12.00000000000000000 ) ;
#3471 = AXIS2_PLACEMENT_3D ( 'NONE', #3472, #3473, #3474 ) ;
#3472 = CARTESIAN_POINT ( 'NONE',  ( 0.0000000000000000000, 0.0000000000000000000, -8.000000000000000000 ) ) ;
#3473 = DIRECTION ( 'NONE',  ( 0.0000000000000000000, 0.0000000000000000000, 1.000000000000000000 ) ) ;
#3474 = DIRECTION ( 'NONE',  ( -1.000000000000000000, 1.065814103640150400E-014, 0.0000000000000000000 ) ) ;
#3475 = CARTESIAN_POINT ( 'NONE',  ( -0.4000000000000000200, 7.995911004945640800, -24.78500000000000000 ) ) ;
#3476 = CARTESIAN_POINT ( 'NONE',  ( 0.0000000000000000000, 7.425955088890710000, -26.50000000000000400 ) ) ;
#3477 = FACE_OUTER_BOUND ( 'NONE', #4270, .T. ) ;
#3478 = CYLINDRICAL_SURFACE ( 'NONE', #3479, 12.00000000000000000 ) ;
#3479 = AXIS2_PLACEMENT_3D ( 'NONE', #3480, #3482, #3483 ) ;
#3480 = CARTESIAN_POINT ( 'NONE',  ( 0.0000000000000000000, 0.0000000000000000000, -4.000000000000000000 ) ) ;
#3481 = ORIENTED_EDGE ( 'NONE', *, *, #4922, .T. ) ;
#3482 = DIRECTION ( 'NONE',  ( 0.0000000000000000000, 0.0000000000000000000, 1.000000000000000000 ) ) ;
#3483 = DIRECTION ( 'NONE',  ( 1.000000000000000000, 0.0000000000000000000, 0.0000000000000000000 ) ) ;
#3484 = CIRCLE ( 'NONE', #3485, 6.000000000000000000 ) ;
#3485 = AXIS2_PLACEMENT_3D ( 'NONE', #3486, #3487, #3488 ) ;
#3486 = CARTESIAN_POINT ( 'NONE',  ( 0.0000000000000000000, 0.0000000000000000000, -38.00000000000000000 ) ) ;
#3487 = DIRECTION ( 'NONE',  ( 0.0000000000000000000, 0.0000000000000000000, 1.000000000000000000 ) ) ;
#3488 = DIRECTION ( 'NONE',  ( 1.000000000000000000, 0.0000000000000000000, 0.0000000000000000000 ) ) ;
#3489 = CARTESIAN_POINT ( 'NONE',  ( -12.00000000000000000, 1.469527624586852700E-015, 0.0000000000000000000 ) ) ;
#3490 = CARTESIAN_POINT ( 'NONE',  ( 0.5000000000000000000, 7.099305522062379300, -18.89999999999975000 ) ) ;
#3491 = CARTESIAN_POINT ( 'NONE',  ( -4.753945729601879200, 10.80000000000000100, -4.200000000000000200 ) ) ;
#3492 = CARTESIAN_POINT ( 'NONE',  ( 3.555277766926235200, 7.500000000000000000, -29.74944465005350100 ) ) ;
#3493 = FACE_OUTER_BOUND ( 'NONE', #4948, .T. ) ;
#3494 = PLANE ( 'NONE',  #3495 ) ;
#3495 = AXIS2_PLACEMENT_3D ( 'NONE', #3496, #3497, #3498 ) ;
#3496 = CARTESIAN_POINT ( 'NONE',  ( -4.753945729601879200, 10.80000000000000100, -4.200000000000000200 ) ) ;
#3497 = DIRECTION ( 'NONE',  ( 0.0000000000000000000, -1.000000000000000000, 0.0000000000000000000 ) ) ;
#3498 = DIRECTION ( 'NONE',  ( 0.0000000000000000000, 0.0000000000000000000, -1.000000000000000000 ) ) ;
#3499 = FACE_OUTER_BOUND ( 'NONE', #2395, .T. ) ;
#3500 = CYLINDRICAL_SURFACE ( 'NONE', #3501, 11.79999999999999900 ) ;
#3501 = AXIS2_PLACEMENT_3D ( 'NONE', #3502, #3503, #3504 ) ;
#3502 = CARTESIAN_POINT ( 'NONE',  ( 0.0000000000000000000, 0.0000000000000000000, -4.200000000000000200 ) ) ;
#3503 = DIRECTION ( 'NONE',  ( 0.0000000000000000000, 0.0000000000000000000, 1.000000000000000000 ) ) ;
#3504 = DIRECTION ( 'NONE',  ( 1.000000000000000000, 0.0000000000000000000, 0.0000000000000000000 ) ) ;
#3505 = FACE_OUTER_BOUND ( 'NONE', #518, .T. ) ;
#3506 = CYLINDRICAL_SURFACE ( 'NONE', #3507, 8.300000000000000700 ) ;
#3507 = AXIS2_PLACEMENT_3D ( 'NONE', #3508, #3509, #3510 ) ;
#3508 = CARTESIAN_POINT ( 'NONE',  ( 0.0000000000000000000, 0.0000000000000000000, 19.26826348552040000 ) ) ;
#3509 = DIRECTION ( 'NONE',  ( 0.0000000000000000000, 0.0000000000000000000, 1.000000000000000000 ) ) ;
#3510 = DIRECTION ( 'NONE',  ( 1.000000000000000000, 0.0000000000000000000, 0.0000000000000000000 ) ) ;
#3511 = CARTESIAN_POINT ( 'NONE',  ( 3.555277766926235200, 7.500000000000000000, -0.2000000000000000100 ) ) ;
#3512 = CIRCLE ( 'NONE', #3513, 12.00000000000000000 ) ;
#3513 = AXIS2_PLACEMENT_3D ( 'NONE', #3516, #3517, #3518 ) ;
#3514 = VERTEX_POINT ( 'NONE', #825 ) ;
#3515 = ADVANCED_FACE ( 'NONE', ( #826 ), #827, .T. ) ;
#3516 = CARTESIAN_POINT ( 'NONE',  ( 0.0000000000000000000, 0.0000000000000000000, 0.0000000000000000000 ) ) ;
#3517 = DIRECTION ( 'NONE',  ( 0.0000000000000000000, 0.0000000000000000000, 1.000000000000000000 ) ) ;
#3518 = DIRECTION ( 'NONE',  ( 1.000000000000000000, 0.0000000000000000000, 0.0000000000000000000 ) ) ;
#3519 = LINE ( 'NONE', #3520, #3521 ) ;
#3520 = CARTESIAN_POINT ( 'NONE',  ( -1.910229073212240400, 2.510229073212250300, -47.00492558530929400 ) ) ;
#3521 = VECTOR ( 'NONE', #3522, 1000.000000000000000 ) ;
#3522 = DIRECTION ( 'NONE',  ( 0.0000000000000000000, 0.0000000000000000000, 1.000000000000000000 ) ) ;
#3523 = CIRCLE ( 'NONE', #3524, 3.499999999999999600 ) ;
#3524 = AXIS2_PLACEMENT_3D ( 'NONE', #3525, #3526, #3527 ) ;
#3525 = CARTESIAN_POINT ( 'NONE',  ( 0.0000000000000000000, 6.850000000000000500, -23.00000000000000000 ) ) ;
#3526 = DIRECTION ( 'NONE',  ( 0.0000000000000000000, -1.000000000000000000, 0.0000000000000000000 ) ) ;
#3527 = DIRECTION ( 'NONE',  ( -1.776356839400250900E-015, 0.0000000000000000000, 1.000000000000000000 ) ) ;
#3528 = FACE_OUTER_BOUND ( 'NONE', #491, .T. ) ;
#3529 = PLANE ( 'NONE',  #3530 ) ;
#3530 = AXIS2_PLACEMENT_3D ( 'NONE', #3531, #3533, #3534 ) ;
#3531 = CARTESIAN_POINT ( 'NONE',  ( 0.4000000000000000200, 8.200000000000001100, -23.34999999999999800 ) ) ;
#3532 = EDGE_CURVE ( 'NONE', #172, #3768, #839, .T. ) ;
#3533 = DIRECTION ( 'NONE',  ( 0.0000000000000000000, 0.0000000000000000000, 1.000000000000000000 ) ) ;
#3534 = DIRECTION ( 'NONE',  ( 1.000000000000000000, 0.0000000000000000000, 0.0000000000000000000 ) ) ;
#3535 = LINE ( 'NONE', #3536, #3537 ) ;
#3536 = CARTESIAN_POINT ( 'NONE',  ( -9.000000000000000000, 6.200000000000000200, -32.70000000000000300 ) ) ;
#3537 = VECTOR ( 'NONE', #3538, 1000.000000000000000 ) ;
#3538 = DIRECTION ( 'NONE',  ( 1.000000000000000000, 0.0000000000000000000, 0.0000000000000000000 ) ) ;
#3539 = CIRCLE ( 'NONE', #3540, 9.000000000000000000 ) ;
#3540 = AXIS2_PLACEMENT_3D ( 'NONE', #3541, #3542, #3543 ) ;
#3541 = CARTESIAN_POINT ( 'NONE',  ( 0.0000000000000000000, 0.0000000000000000000, -8.000000000000000000 ) ) ;
#3542 = DIRECTION ( 'NONE',  ( 0.0000000000000000000, 0.0000000000000000000, 1.000000000000000000 ) ) ;
#3543 = DIRECTION ( 'NONE',  ( 1.000000000000000000, 0.0000000000000000000, 0.0000000000000000000 ) ) ;
#3544 = FACE_OUTER_BOUND ( 'NONE', #4044, .T. ) ;
#3545 = PLANE ( 'NONE',  #3546 ) ;
#3546 = AXIS2_PLACEMENT_3D ( 'NONE', #3547, #3548, #3551 ) ;
#3547 = CARTESIAN_POINT ( 'NONE',  ( 9.000999999999999400, 5.200000000000000200, -32.50000000000000000 ) ) ;
#3548 = DIRECTION ( 'NONE',  ( 0.0000000000000000000, 1.000000000000000000, 0.0000000000000000000 ) ) ;
#3549 = VERTEX_POINT ( 'NONE', #843 ) ;
#3550 = ORIENTED_EDGE ( 'NONE', *, *, #335, .T. ) ;
#3551 = DIRECTION ( 'NONE',  ( 0.0000000000000000000, 0.0000000000000000000, 1.000000000000000000 ) ) ;
#3552 = LINE ( 'NONE', #3553, #3554 ) ;
#3553 = CARTESIAN_POINT ( 'NONE',  ( -6.350852961085890600, -11.00000000000000000, -8.000000000000000000 ) ) ;
#3554 = VECTOR ( 'NONE', #3555, 999.9999999999998900 ) ;
#3555 = DIRECTION ( 'NONE',  ( -0.4999999999999998900, 0.8660254037844388200, 0.0000000000000000000 ) ) ;
#3556 = FACE_OUTER_BOUND ( 'NONE', #10, .T. ) ;
#3557 = PLANE ( 'NONE',  #3558 ) ;
#3558 = AXIS2_PLACEMENT_3D ( 'NONE', #3559, #3560, #3561 ) ;
#3559 = CARTESIAN_POINT ( 'NONE',  ( -6.976101496071000200, -9.517037770047780400, -4.200000000000000200 ) ) ;
#3560 = DIRECTION ( 'NONE',  ( 0.8660254037844387100, 0.4999999999999998300, 0.0000000000000000000 ) ) ;
#3561 = DIRECTION ( 'NONE',  ( -0.4999999999999998300, 0.8660254037844387100, 0.0000000000000000000 ) ) ;
#3562 = CARTESIAN_POINT ( 'NONE',  ( 4.974937185533099700, 7.500000000000000000, -19.13477038198249900 ) ) ;
#3563 = CARTESIAN_POINT ( 'NONE',  ( -2.049468420673549800, 6.850000000000000500, -25.95967552151615000 ) ) ;
#3564 = CARTESIAN_POINT ( 'NONE',  ( -7.345747068882780600, 5.200000000000000200, -29.97790561913615200 ) ) ;
#3565 = LINE ( 'NONE', #3566, #3568 ) ;
#3566 = CARTESIAN_POINT ( 'NONE',  ( -7.799999999999999800, 0.0000000000000000000, 20.96091601051825000 ) ) ;
#3567 = EDGE_CURVE ( 'NONE', #3807, #4878, #850, .T. ) ;
#3568 = VECTOR ( 'NONE', #3569, 1000.000000000000000 ) ;
#3569 = DIRECTION ( 'NONE',  ( 0.0000000000000000000, 0.0000000000000000000, -1.000000000000000000 ) ) ;
#3570 = CARTESIAN_POINT ( 'NONE',  ( -3.327925550358845200, 2.479397412935000000, -44.50000000000000000 ) ) ;
#3571 = LINE ( 'NONE', #3572, #3573 ) ;
#3572 = CARTESIAN_POINT ( 'NONE',  ( 7.128363679972459900, -9.653311931459040100, -8.000000000000000000 ) ) ;
#3573 = VECTOR ( 'NONE', #3574, 1000.000000000000000 ) ;
#3574 = DIRECTION ( 'NONE',  ( 0.0000000000000000000, 0.0000000000000000000, -1.000000000000000000 ) ) ;
#3575 = CIRCLE ( 'NONE', #3576, 12.00000000000000000 ) ;
#3576 = AXIS2_PLACEMENT_3D ( 'NONE', #3577, #3578, #3579 ) ;
#3577 = CARTESIAN_POINT ( 'NONE',  ( 0.0000000000000000000, 0.0000000000000000000, 0.0000000000000000000 ) ) ;
#3578 = DIRECTION ( 'NONE',  ( 0.0000000000000000000, 0.0000000000000000000, 1.000000000000000000 ) ) ;
#3579 = DIRECTION ( 'NONE',  ( 1.000000000000000000, 0.0000000000000000000, 0.0000000000000000000 ) ) ;
#3580 = CARTESIAN_POINT ( 'NONE',  ( 0.0000000000000000000, 6.850000000000000500, -19.59999999999999800 ) ) ;
#3581 = LINE ( 'NONE', #3582, #3583 ) ;
#3582 = CARTESIAN_POINT ( 'NONE',  ( 0.5000000000000000000, 7.500000000000000000, -32.80000000000000400 ) ) ;
#3583 = VECTOR ( 'NONE', #3589, 1000.000000000000000 ) ;
#3584 = ORIENTED_EDGE ( 'NONE', *, *, #4778, .T. ) ;
#3585 = ORIENTED_EDGE ( 'NONE', *, *, #308, .T. ) ;
#3586 = ORIENTED_EDGE ( 'NONE', *, *, #3862, .F. ) ;
#3587 = EDGE_CURVE ( 'NONE', #241, #4978, #854, .T. ) ;
#3588 = ORIENTED_EDGE ( 'NONE', *, *, #3712, .T. ) ;
#3589 = DIRECTION ( 'NONE',  ( 0.0000000000000000000, 1.000000000000000000, 0.0000000000000000000 ) ) ;
#3590 = CARTESIAN_POINT ( 'NONE',  ( -3.000000000000000000, -0.5000000000000000000, -36.10000000000000100 ) ) ;
#3591 = LINE ( 'NONE', #3592, #3593 ) ;
#3592 = CARTESIAN_POINT ( 'NONE',  ( -3.100000000000000100, 7.500000000000000000, -29.74944465005350100 ) ) ;
#3593 = VECTOR ( 'NONE', #3594, 999.9999999999998900 ) ;
#3594 = DIRECTION ( 'NONE',  ( 0.0000000000000000000, 0.8660254037844386000, 0.5000000000000003300 ) ) ;
#3595 = LINE ( 'NONE', #3596, #3597 ) ;
#3596 = CARTESIAN_POINT ( 'NONE',  ( -3.100000000000000100, 7.700000000000000200, -34.10000000000000100 ) ) ;
#3597 = VECTOR ( 'NONE', #3598, 1000.000000000000000 ) ;
#3598 = DIRECTION ( 'NONE',  ( 0.0000000000000000000, 0.0000000000000000000, -1.000000000000000000 ) ) ;
#3599 = FACE_OUTER_BOUND ( 'NONE', #498, .T. ) ;
#3600 = FACE_BOUND ( 'NONE', #579, .T. ) ;
#3601 = PLANE ( 'NONE',  #3602 ) ;
#3602 = AXIS2_PLACEMENT_3D ( 'NONE', #3603, #3604, #3607 ) ;
#3603 = CARTESIAN_POINT ( 'NONE',  ( 0.0000000000000000000, 5.250000000000000000, -42.00000000000000000 ) ) ;
#3604 = DIRECTION ( 'NONE',  ( 0.0000000000000000000, 0.0000000000000000000, 1.000000000000000000 ) ) ;
#3605 = EDGE_LOOP ( 'NONE', ( #4020, #5060, #5109, #5219 ) ) ;
#3606 = EDGE_LOOP ( 'NONE', ( #4706, #3042, #4757, #428, #4797, #4763, #4968, #4901, #1502, #397, #4895, #5087, #3641 ) ) ;
#3607 = DIRECTION ( 'NONE',  ( 1.000000000000000000, 0.0000000000000000000, 0.0000000000000000000 ) ) ;
#3608 = CARTESIAN_POINT ( 'NONE',  ( -1.910229073212240400, 2.510229073212250300, -36.10000000000000100 ) ) ;
#3609 = CARTESIAN_POINT ( 'NONE',  ( 11.92419520328519900, -1.346688068540958100, -4.200000000000000200 ) ) ;
#3610 = CIRCLE ( 'NONE', #3611, 3.499999999999999600 ) ;
#3611 = AXIS2_PLACEMENT_3D ( 'NONE', #3612, #3613, #3614 ) ;
#3612 = CARTESIAN_POINT ( 'NONE',  ( 0.0000000000000000000, 7.425955088890710000, -23.00000000000000000 ) ) ;
#3613 = DIRECTION ( 'NONE',  ( 0.0000000000000000000, 1.000000000000000000, 0.0000000000000000000 ) ) ;
#3614 = DIRECTION ( 'NONE',  ( 0.0000000000000000000, 0.0000000000000000000, 1.000000000000000000 ) ) ;
#3615 = CARTESIAN_POINT ( 'NONE',  ( 2.049468420673540100, 6.250000000000000000, -25.95967552151615000 ) ) ;
#3616 = FACE_OUTER_BOUND ( 'NONE', #2041, .T. ) ;
#3617 = PLANE ( 'NONE',  #3618 ) ;
#3618 = AXIS2_PLACEMENT_3D ( 'NONE', #3619, #3620, #3621 ) ;
#3619 = CARTESIAN_POINT ( 'NONE',  ( 4.753945729601879200, -10.80000000000000100, -4.200000000000000200 ) ) ;
#3620 = DIRECTION ( 'NONE',  ( 0.0000000000000000000, 1.000000000000000000, 0.0000000000000000000 ) ) ;
#3621 = DIRECTION ( 'NONE',  ( 0.0000000000000000000, 0.0000000000000000000, 1.000000000000000000 ) ) ;
#3622 = CARTESIAN_POINT ( 'NONE',  ( -3.482456029873170200, 7.425955088890710000, -23.34999999999999800 ) ) ;
#3623 = ORIENTED_EDGE ( 'NONE', *, *, #4563, .T. ) ;
#3624 = EDGE_CURVE ( 'NONE', #2919, #3843, #865, .T. ) ;
#3625 = CARTESIAN_POINT ( 'NONE',  ( -4.795831523312720000, 11.00000000000000000, -8.000000000000000000 ) ) ;
#3626 = LINE ( 'NONE', #3627, #3628 ) ;
#3627 = CARTESIAN_POINT ( 'NONE',  ( -4.974937185533099700, -7.500000000000000000, 19.26826348552040000 ) ) ;
#3628 = VECTOR ( 'NONE', #3629, 1000.000000000000000 ) ;
#3629 = DIRECTION ( 'NONE',  ( 0.0000000000000000000, 0.0000000000000000000, 1.000000000000000000 ) ) ;
#3630 = CIRCLE ( 'NONE', #3631, 3.499999999999999600 ) ;
#3631 = AXIS2_PLACEMENT_3D ( 'NONE', #3632, #3633, #3634 ) ;
#3632 = CARTESIAN_POINT ( 'NONE',  ( 0.0000000000000000000, 6.850000000000000500, -23.00000000000000000 ) ) ;
#3633 = DIRECTION ( 'NONE',  ( 0.0000000000000000000, -1.000000000000000000, 0.0000000000000000000 ) ) ;
#3634 = DIRECTION ( 'NONE',  ( 0.0000000000000000000, 0.0000000000000000000, 1.000000000000000000 ) ) ;
#3635 = LINE ( 'NONE', #3636, #3637 ) ;
#3636 = CARTESIAN_POINT ( 'NONE',  ( 6.976101496071000200, 9.517037770047780400, -4.000000000000000000 ) ) ;
#3637 = VECTOR ( 'NONE', #3638, 999.9999999999998900 ) ;
#3638 = DIRECTION ( 'NONE',  ( 0.4999999999999998900, -0.8660254037844388200, 0.0000000000000000000 ) ) ;
#3639 =( BOUNDED_CURVE ( )  B_SPLINE_CURVE ( 3, ( #3640, #3645, #3646, #3647 ),
 .UNSPECIFIED., .F., .F. ) 
 B_SPLINE_CURVE_WITH_KNOTS ( ( 4, 4 ),
 ( 5.328392374990770000, 5.535600957510567400 ),
 .UNSPECIFIED. ) 
 CURVE ( )  GEOMETRIC_REPRESENTATION_ITEM ( )  RATIONAL_B_SPLINE_CURVE ( ( 1.000000000000000000, 0.9964252495636868300, 0.9964252495636868300, 1.000000000000000000 ) ) 
 REPRESENTATION_ITEM ( '' )  );
#3640 = CARTESIAN_POINT ( 'NONE',  ( -7.345747068882780600, 5.200000000000000200, -29.97790561913615200 ) ) ;
#3641 = ORIENTED_EDGE ( 'NONE', *, *, #3748, .F. ) ;
#3642 = ORIENTED_EDGE ( 'NONE', *, *, #457, .F. ) ;
#3643 = ORIENTED_EDGE ( 'NONE', *, *, #5022, .T. ) ;
#3644 = VERTEX_POINT ( 'NONE', #875 ) ;
#3645 = CARTESIAN_POINT ( 'NONE',  ( -6.985941496941359600, 5.708277062587749000, -29.68445172022824300 ) ) ;
#3646 = CARTESIAN_POINT ( 'NONE',  ( -6.575499719160007700, 6.176617930978038900, -29.41405499379060400 ) ) ;
#3647 = CARTESIAN_POINT ( 'NONE',  ( -6.118823416311330200, 6.599999999999999600, -29.16961524227065200 ) ) ;
#3648 = LINE ( 'NONE', #3649, #3650 ) ;
#3649 = CARTESIAN_POINT ( 'NONE',  ( 4.859163274117440400, 7.500000000000000000, -24.20477494116415000 ) ) ;
#3650 = VECTOR ( 'NONE', #3651, 1000.000000000000100 ) ;
#3651 = DIRECTION ( 'NONE',  ( 0.8660254037844389300, 0.0000000000000000000, 0.4999999999999993300 ) ) ;
#3652 = CARTESIAN_POINT ( 'NONE',  ( -7.799999999999999800, 0.0000000000000000000, -0.2000000000000000100 ) ) ;
#3653 = CARTESIAN_POINT ( 'NONE',  ( -3.100000000000000100, 6.200000000000000200, -30.50000000000000000 ) ) ;
#3654 = LINE ( 'NONE', #3655, #3656 ) ;
#3655 = CARTESIAN_POINT ( 'NONE',  ( 4.753945729601879200, -10.80000000000000100, -4.200000000000000200 ) ) ;
#3656 = VECTOR ( 'NONE', #3657, 1000.000000000000000 ) ;
#3657 = DIRECTION ( 'NONE',  ( 0.0000000000000000000, 0.0000000000000000000, 1.000000000000000000 ) ) ;
#3658 = FACE_OUTER_BOUND ( 'NONE', #511, .T. ) ;
#3659 = PLANE ( 'NONE',  #3660 ) ;
#3660 = AXIS2_PLACEMENT_3D ( 'NONE', #3661, #3662, #3663 ) ;
#3661 = CARTESIAN_POINT ( 'NONE',  ( -2.479397412934985400, 3.327925550358855000, -47.00492558530929400 ) ) ;
#3662 = DIRECTION ( 'NONE',  ( -0.7071067811865481300, -0.7071067811865470200, 0.0000000000000000000 ) ) ;
#3663 = DIRECTION ( 'NONE',  ( 0.7071067811865470200, -0.7071067811865481300, 0.0000000000000000000 ) ) ;
#3664 = LINE ( 'NONE', #3665, #3666 ) ;
#3665 = CARTESIAN_POINT ( 'NONE',  ( 0.0000000000000000000, -7.500000000000000000, -2.000000000000000000 ) ) ;
#3666 = VECTOR ( 'NONE', #3667, 1000.000000000000000 ) ;
#3667 = DIRECTION ( 'NONE',  ( 1.000000000000000000, 0.0000000000000000000, 0.0000000000000000000 ) ) ;
#3668 = FACE_OUTER_BOUND ( 'NONE', #4849, .T. ) ;
#3669 = CYLINDRICAL_SURFACE ( 'NONE', #3670, 11.79999999999999900 ) ;
#3670 = AXIS2_PLACEMENT_3D ( 'NONE', #3671, #3672, #3673 ) ;
#3671 = CARTESIAN_POINT ( 'NONE',  ( 0.0000000000000000000, 0.0000000000000000000, -4.200000000000000200 ) ) ;
#3672 = DIRECTION ( 'NONE',  ( 0.0000000000000000000, 0.0000000000000000000, 1.000000000000000000 ) ) ;
#3673 = DIRECTION ( 'NONE',  ( 1.000000000000000000, 0.0000000000000000000, 0.0000000000000000000 ) ) ;
#3674 = CARTESIAN_POINT ( 'NONE',  ( -1.953371135077724800, 6.850000000000000500, -25.90419372780899800 ) ) ;
#3675 = LINE ( 'NONE', #3676, #3677 ) ;
#3676 = CARTESIAN_POINT ( 'NONE',  ( 11.92419520328519900, 1.346688068540956100, -8.000000000000000000 ) ) ;
#3677 = VECTOR ( 'NONE', #3678, 1000.000000000000000 ) ;
#3678 = DIRECTION ( 'NONE',  ( 0.0000000000000000000, 0.0000000000000000000, -1.000000000000000000 ) ) ;
#3679 = CARTESIAN_POINT ( 'NONE',  ( -4.974937185533099700, -7.500000000000000000, -2.000000000000000000 ) ) ;
#3680 = LINE ( 'NONE', #3681, #3682 ) ;
#3681 = CARTESIAN_POINT ( 'NONE',  ( 0.4000000000000000200, 7.425955088890710000, -21.21500000000000000 ) ) ;
#3682 = VECTOR ( 'NONE', #3683, 1000.000000000000000 ) ;
#3683 = DIRECTION ( 'NONE',  ( 3.399937126261165200E-016, 0.0000000000000000000, -1.000000000000000000 ) ) ;
#3684 = FACE_OUTER_BOUND ( 'NONE', #2166, .T. ) ;
#3685 = CYLINDRICAL_SURFACE ( 'NONE', #3686, 9.000000000000000000 ) ;
#3686 = AXIS2_PLACEMENT_3D ( 'NONE', #3687, #3688, #3689 ) ;
#3687 = CARTESIAN_POINT ( 'NONE',  ( 0.0000000000000000000, 0.0000000000000000000, -8.000000000000000000 ) ) ;
#3688 = DIRECTION ( 'NONE',  ( 0.0000000000000000000, 0.0000000000000000000, 1.000000000000000000 ) ) ;
#3689 = DIRECTION ( 'NONE',  ( 1.000000000000000000, 0.0000000000000000000, 0.0000000000000000000 ) ) ;
#3690 = FACE_OUTER_BOUND ( 'NONE', #4857, .T. ) ;
#3691 = PLANE ( 'NONE',  #3692 ) ;
#3692 = AXIS2_PLACEMENT_3D ( 'NONE', #3695, #3696, #3697 ) ;
#3693 = ORIENTED_EDGE ( 'NONE', *, *, #4882, .T. ) ;
#3694 = ORIENTED_EDGE ( 'NONE', *, *, #3145, .T. ) ;
#3695 = CARTESIAN_POINT ( 'NONE',  ( 0.0000000000000000000, 0.0000000000000000000, -43.00000000000000000 ) ) ;
#3696 = DIRECTION ( 'NONE',  ( 0.0000000000000000000, 0.0000000000000000000, 1.000000000000000000 ) ) ;
#3697 = DIRECTION ( 'NONE',  ( 1.000000000000000000, 0.0000000000000000000, 0.0000000000000000000 ) ) ;
#3698 = LINE ( 'NONE', #3699, #3700 ) ;
#3699 = CARTESIAN_POINT ( 'NONE',  ( -1.500000000000000000, 6.250000000000000000, -19.83772233983160000 ) ) ;
#3700 = VECTOR ( 'NONE', #3701, 1000.000000000000000 ) ;
#3701 = DIRECTION ( 'NONE',  ( 0.0000000000000000000, 0.0000000000000000000, 1.000000000000000000 ) ) ;
#3702 = CIRCLE ( 'NONE', #3703, 8.163332652783420700 ) ;
#3703 = AXIS2_PLACEMENT_3D ( 'NONE', #3704, #3705, #3706 ) ;
#3704 = CARTESIAN_POINT ( 'NONE',  ( 1.500000000000000000, -0.1000000000000000100, -23.00000000000000000 ) ) ;
#3705 = DIRECTION ( 'NONE',  ( 1.000000000000000000, 0.0000000000000000000, 0.0000000000000000000 ) ) ;
#3706 = DIRECTION ( 'NONE',  ( 0.0000000000000000000, 1.154648847224421300E-014, 1.000000000000000000 ) ) ;
#3707 = CIRCLE ( 'NONE', #3708, 12.00000000000000000 ) ;
#3708 = AXIS2_PLACEMENT_3D ( 'NONE', #3709, #3710, #3714 ) ;
#3709 = CARTESIAN_POINT ( 'NONE',  ( 0.0000000000000000000, 0.0000000000000000000, -8.000000000000000000 ) ) ;
#3710 = DIRECTION ( 'NONE',  ( 0.0000000000000000000, 0.0000000000000000000, 1.000000000000000000 ) ) ;
#3711 = ORIENTED_EDGE ( 'NONE', *, *, #3861, .T. ) ;
#3712 = EDGE_CURVE ( 'NONE', #4807, #923, #884, .T. ) ;
#3713 = ORIENTED_EDGE ( 'NONE', *, *, #4873, .T. ) ;
#3714 = DIRECTION ( 'NONE',  ( -1.000000000000000000, 0.0000000000000000000, 0.0000000000000000000 ) ) ;
#3715 = CARTESIAN_POINT ( 'NONE',  ( -6.000000000000000000, 7.347638122934263500E-016, -38.00000000000000000 ) ) ;
#3716 = FACE_OUTER_BOUND ( 'NONE', #3464, .T. ) ;
#3717 = PLANE ( 'NONE',  #3718 ) ;
#3718 = AXIS2_PLACEMENT_3D ( 'NONE', #3719, #3720, #3721 ) ;
#3719 = CARTESIAN_POINT ( 'NONE',  ( -3.361003918878659900E-015, 6.250000000000000000, -23.00000000000000000 ) ) ;
#3720 = DIRECTION ( 'NONE',  ( 0.0000000000000000000, 1.000000000000000000, 0.0000000000000000000 ) ) ;
#3721 = DIRECTION ( 'NONE',  ( 0.0000000000000000000, 0.0000000000000000000, 1.000000000000000000 ) ) ;
#3722 = LINE ( 'NONE', #3723, #3724 ) ;
#3723 = CARTESIAN_POINT ( 'NONE',  ( 12.00000000000000000, 0.0000000000000000000, -4.000000000000000000 ) ) ;
#3724 = VECTOR ( 'NONE', #3725, 1000.000000000000000 ) ;
#3725 = DIRECTION ( 'NONE',  ( 0.0000000000000000000, 0.0000000000000000000, 1.000000000000000000 ) ) ;
#3726 = LINE ( 'NONE', #3727, #3728 ) ;
#3727 = CARTESIAN_POINT ( 'NONE',  ( -4.795831523312720000, 11.00000000000000000, -8.000000000000000000 ) ) ;
#3728 = VECTOR ( 'NONE', #3729, 1000.000000000000000 ) ;
#3729 = DIRECTION ( 'NONE',  ( 0.0000000000000000000, 0.0000000000000000000, 1.000000000000000000 ) ) ;
#3730 = EDGE_CURVE ( 'NONE', #3965, #4764, #888, .T. ) ;
#3731 = FACE_OUTER_BOUND ( 'NONE', #539, .T. ) ;
#3732 = PLANE ( 'NONE',  #3733 ) ;
#3733 = AXIS2_PLACEMENT_3D ( 'NONE', #3734, #3735, #3736 ) ;
#3734 = CARTESIAN_POINT ( 'NONE',  ( -3.482456029873170200, 8.200000000000001100, -22.64999999999999900 ) ) ;
#3735 = DIRECTION ( 'NONE',  ( 0.0000000000000000000, 0.0000000000000000000, -1.000000000000000000 ) ) ;
#3736 = DIRECTION ( 'NONE',  ( -1.000000000000000000, 0.0000000000000000000, 0.0000000000000000000 ) ) ;
#3737 = LINE ( 'NONE', #3738, #3739 ) ;
#3738 = CARTESIAN_POINT ( 'NONE',  ( 1.953371135077714800, 6.850000000000000500, -25.90419372780899800 ) ) ;
#3739 = VECTOR ( 'NONE', #3740, 999.9999999999998900 ) ;
#3740 = DIRECTION ( 'NONE',  ( 0.8660254037844388200, 0.0000000000000000000, -0.4999999999999998900 ) ) ;
#3741 = CIRCLE ( 'NONE', #3742, 8.105786513349579900 ) ;
#3742 = AXIS2_PLACEMENT_3D ( 'NONE', #3743, #3744, #3745 ) ;
#3743 = CARTESIAN_POINT ( 'NONE',  ( 0.0000000000000000000, -0.1000000000000000100, -24.78500000000000000 ) ) ;
#3744 = DIRECTION ( 'NONE',  ( 0.0000000000000000000, 0.0000000000000000000, 1.000000000000000000 ) ) ;
#3745 = DIRECTION ( 'NONE',  ( 1.000000000000000000, 0.0000000000000000000, 0.0000000000000000000 ) ) ;
#3746 = LINE ( 'NONE', #3750, #3751 ) ;
#3747 = VERTEX_POINT ( 'NONE', #893 ) ;
#3748 = EDGE_CURVE ( 'NONE', #4956, #241, #894, .T. ) ;
#3749 = ADVANCED_FACE ( 'NONE', ( #898 ), #899, .F. ) ;
#3750 = CARTESIAN_POINT ( 'NONE',  ( -4.753945729601879200, 10.80000000000000100, -4.200000000000000200 ) ) ;
#3751 = VECTOR ( 'NONE', #3752, 1000.000000000000000 ) ;
#3752 = DIRECTION ( 'NONE',  ( 0.0000000000000000000, 0.0000000000000000000, 1.000000000000000000 ) ) ;
#3753 = CARTESIAN_POINT ( 'NONE',  ( -1.500000000000000000, 6.250000000000000000, -19.72738636560929800 ) ) ;
#3754 = CIRCLE ( 'NONE', #3755, 5.250000000000000000 ) ;
#3755 = AXIS2_PLACEMENT_3D ( 'NONE', #3756, #3757, #3758 ) ;
#3756 = CARTESIAN_POINT ( 'NONE',  ( 0.0000000000000000000, 0.0000000000000000000, -45.00000000000000000 ) ) ;
#3757 = DIRECTION ( 'NONE',  ( 0.0000000000000000000, 0.0000000000000000000, 1.000000000000000000 ) ) ;
#3758 = DIRECTION ( 'NONE',  ( 1.000000000000000000, 0.0000000000000000000, 0.0000000000000000000 ) ) ;
#3759 = CARTESIAN_POINT ( 'NONE',  ( 1.500000000000000000, 7.425955088890710000, -19.83772233983160000 ) ) ;
#3760 = LINE ( 'NONE', #3761, #3762 ) ;
#3761 = CARTESIAN_POINT ( 'NONE',  ( -2.000000000000000000, 3.692113447068044800, -29.30000000000000100 ) ) ;
#3762 = VECTOR ( 'NONE', #3763, 1000.000000000000000 ) ;
#3763 = DIRECTION ( 'NONE',  ( 0.0000000000000000000, 1.000000000000000000, 0.0000000000000000000 ) ) ;
#3764 = LINE ( 'NONE', #3765, #3771 ) ;
#3765 = CARTESIAN_POINT ( 'NONE',  ( -5.250000000000000000, 6.429183357567480600E-016, 4.095657111477150300 ) ) ;
#3766 = VERTEX_POINT ( 'NONE', #909 ) ;
#3767 = ORIENTED_EDGE ( 'NONE', *, *, #1631, .T. ) ;
#3768 = VERTEX_POINT ( 'NONE', #910 ) ;
#3769 = EDGE_LOOP ( 'NONE', ( #83, #106, #4483, #2203 ) ) ;
#3770 = ORIENTED_EDGE ( 'NONE', *, *, #3844, .F. ) ;
#3771 = VECTOR ( 'NONE', #3772, 1000.000000000000000 ) ;
#3772 = DIRECTION ( 'NONE',  ( 0.0000000000000000000, 0.0000000000000000000, 1.000000000000000000 ) ) ;
#3773 = CARTESIAN_POINT ( 'NONE',  ( -3.100000000000000100, 7.500000000000000000, -28.80000000000000100 ) ) ;
#3774 = CIRCLE ( 'NONE', #3775, 9.000000000000000000 ) ;
#3775 = AXIS2_PLACEMENT_3D ( 'NONE', #3776, #3777, #3778 ) ;
#3776 = CARTESIAN_POINT ( 'NONE',  ( 0.0000000000000000000, 0.0000000000000000000, -32.50000000000000000 ) ) ;
#3777 = DIRECTION ( 'NONE',  ( 0.0000000000000000000, 0.0000000000000000000, 1.000000000000000000 ) ) ;
#3778 = DIRECTION ( 'NONE',  ( 1.000000000000000000, 0.0000000000000000000, 0.0000000000000000000 ) ) ;
#3779 = CARTESIAN_POINT ( 'NONE',  ( -9.000000000000000000, 1.102145718440139500E-015, 0.0000000000000000000 ) ) ;
#3780 = LINE ( 'NONE', #3781, #3782 ) ;
#3781 = CARTESIAN_POINT ( 'NONE',  ( 0.5000000000000000000, 8.201000000000000500, -18.89999999999975000 ) ) ;
#3782 = VECTOR ( 'NONE', #3783, 1000.000000000000000 ) ;
#3783 = DIRECTION ( 'NONE',  ( 0.0000000000000000000, -1.000000000000000000, 0.0000000000000000000 ) ) ;
#3784 = CARTESIAN_POINT ( 'NONE',  ( -4.150000000000000400, 0.0000000000000000000, -36.10000000000000100 ) ) ;
#3785 = LINE ( 'NONE', #3786, #3790 ) ;
#3786 = CARTESIAN_POINT ( 'NONE',  ( 9.000000000000000000, 0.0000000000000000000, 19.26826348552040000 ) ) ;
#3787 = EDGE_CURVE ( 'NONE', #4670, #4976, #917, .T. ) ;
#3788 = VERTEX_POINT ( 'NONE', #921 ) ;
#3789 = ORIENTED_EDGE ( 'NONE', *, *, #2885, .T. ) ;
#3790 = VECTOR ( 'NONE', #3791, 1000.000000000000000 ) ;
#3791 = DIRECTION ( 'NONE',  ( 0.0000000000000000000, 0.0000000000000000000, 1.000000000000000000 ) ) ;
#3792 = LINE ( 'NONE', #3793, #3794 ) ;
#3793 = CARTESIAN_POINT ( 'NONE',  ( -0.5000000000000000000, 3.692113447068044800, -32.80000000000000400 ) ) ;
#3794 = VECTOR ( 'NONE', #3795, 1000.000000000000000 ) ;
#3795 = DIRECTION ( 'NONE',  ( 0.0000000000000000000, 1.000000000000000000, 0.0000000000000000000 ) ) ;
#3796 = CARTESIAN_POINT ( 'NONE',  ( 3.100000000000000100, 7.500000000000000000, -28.80000000000000100 ) ) ;
#3797 = CIRCLE ( 'NONE', #3798, 8.292617198448271100 ) ;
#3798 = AXIS2_PLACEMENT_3D ( 'NONE', #3799, #3800, #3801 ) ;
#3799 = CARTESIAN_POINT ( 'NONE',  ( 0.0000000000000000000, -0.1000000000000000100, -22.64999999999999900 ) ) ;
#3800 = DIRECTION ( 'NONE',  ( 0.0000000000000000000, 0.0000000000000000000, -1.000000000000000000 ) ) ;
#3801 = DIRECTION ( 'NONE',  ( -1.000000000000000000, 0.0000000000000000000, 0.0000000000000000000 ) ) ;
#3802 = LINE ( 'NONE', #3803, #3804 ) ;
#3803 = CARTESIAN_POINT ( 'NONE',  ( 6.976101496071000200, 9.517037770047780400, -4.200000000000000200 ) ) ;
#3804 = VECTOR ( 'NONE', #3805, 1000.000000000000000 ) ;
#3805 = DIRECTION ( 'NONE',  ( 0.0000000000000000000, 0.0000000000000000000, 1.000000000000000000 ) ) ;
#3806 = EDGE_LOOP ( 'NONE', ( #4712, #4718 ) ) ;
#3807 = VERTEX_POINT ( 'NONE', #922 ) ;
#3808 = ORIENTED_EDGE ( 'NONE', *, *, #5197, .F. ) ;
#3809 = CARTESIAN_POINT ( 'NONE',  ( -5.250000000000000000, 6.429183357567480600E-016, -42.00000000000000000 ) ) ;
#3810 = LINE ( 'NONE', #3811, #3812 ) ;
#3811 = CARTESIAN_POINT ( 'NONE',  ( 2.000000000000000000, 7.500000000000000000, -32.80000000000000400 ) ) ;
#3812 = VECTOR ( 'NONE', #3813, 1000.000000000000000 ) ;
#3813 = DIRECTION ( 'NONE',  ( 0.0000000000000000000, 1.000000000000000000, 0.0000000000000000000 ) ) ;
#3814 = CIRCLE ( 'NONE', #3815, 5.250000000000000000 ) ;
#3815 = AXIS2_PLACEMENT_3D ( 'NONE', #3816, #3817, #3818 ) ;
#3816 = CARTESIAN_POINT ( 'NONE',  ( 0.0000000000000000000, 0.0000000000000000000, -45.00000000000000000 ) ) ;
#3817 = DIRECTION ( 'NONE',  ( 0.0000000000000000000, 0.0000000000000000000, 1.000000000000000000 ) ) ;
#3818 = DIRECTION ( 'NONE',  ( 1.000000000000000000, 0.0000000000000000000, 0.0000000000000000000 ) ) ;
#3819 = LINE ( 'NONE', #3820, #3821 ) ;
#3820 = CARTESIAN_POINT ( 'NONE',  ( 2.000000000000000000, 7.700000000000000200, -29.30000000000000100 ) ) ;
#3821 = VECTOR ( 'NONE', #3822, 1000.000000000000000 ) ;
#3822 = DIRECTION ( 'NONE',  ( -2.478176394252580200E-016, 0.0000000000000000000, -1.000000000000000000 ) ) ;
#3823 = LINE ( 'NONE', #3824, #3826 ) ;
#3824 = CARTESIAN_POINT ( 'NONE',  ( -6.976101496071000200, -9.517037770047780400, -4.200000000000000200 ) ) ;
#3825 = ADVANCED_FACE ( 'NONE', ( #930, #931 ), #932, .F. ) ;
#3826 = VECTOR ( 'NONE', #3827, 1000.000000000000000 ) ;
#3827 = DIRECTION ( 'NONE',  ( 0.0000000000000000000, 0.0000000000000000000, 1.000000000000000000 ) ) ;
#3828 = LINE ( 'NONE', #3829, #3830 ) ;
#3829 = CARTESIAN_POINT ( 'NONE',  ( -9.000000000000000000, 6.200000000000000200, -30.50000000000000000 ) ) ;
#3830 = VECTOR ( 'NONE', #3831, 1000.000000000000000 ) ;
#3831 = DIRECTION ( 'NONE',  ( 1.000000000000000000, 0.0000000000000000000, 0.0000000000000000000 ) ) ;
#3832 = CARTESIAN_POINT ( 'NONE',  ( -3.482456029873170200, 7.425955088890710000, -22.64999999999999900 ) ) ;
#3833 = CARTESIAN_POINT ( 'NONE',  ( -7.128363679972470600, 9.653311931459029400, -4.200000000000000200 ) ) ;
#3834 = CARTESIAN_POINT ( 'NONE',  ( 9.000000000000000000, 0.0000000000000000000, -2.000000000000000000 ) ) ;
#3835 = CARTESIAN_POINT ( 'NONE',  ( 0.4000000000000000200, 8.182964445173000800, -23.34999999999999800 ) ) ;
#3836 = CIRCLE ( 'NONE', #3837, 8.290355842785039900 ) ;
#3837 = AXIS2_PLACEMENT_3D ( 'NONE', #3838, #3839, #3840 ) ;
#3838 = CARTESIAN_POINT ( 'NONE',  ( 0.4000000000000000200, -0.1000000000000000100, -23.00000000000000000 ) ) ;
#3839 = DIRECTION ( 'NONE',  ( -1.000000000000000000, 0.0000000000000000000, 1.133312375420390000E-016 ) ) ;
#3840 = DIRECTION ( 'NONE',  ( 1.111619168210623400E-016, 0.0000000000000000000, 1.000000000000000000 ) ) ;
#3841 = LINE ( 'NONE', #3845, #3846 ) ;
#3842 = ORIENTED_EDGE ( 'NONE', *, *, #5139, .T. ) ;
#3843 = VERTEX_POINT ( 'NONE', #937 ) ;
#3844 = EDGE_CURVE ( 'NONE', #359, #256, #938, .T. ) ;
#3845 = CARTESIAN_POINT ( 'NONE',  ( 0.5000000000000000000, 8.201000000000000500, -19.09999999999999800 ) ) ;
#3846 = VECTOR ( 'NONE', #3847, 1000.000000000000000 ) ;
#3847 = DIRECTION ( 'NONE',  ( 0.0000000000000000000, -1.000000000000000000, 0.0000000000000000000 ) ) ;
#3848 = LINE ( 'NONE', #3849, #3850 ) ;
#3849 = CARTESIAN_POINT ( 'NONE',  ( 1.953371135077720100, 6.250000000000000000, -25.90419372780899800 ) ) ;
#3850 = VECTOR ( 'NONE', #3851, 1000.000000000000000 ) ;
#3851 = DIRECTION ( 'NONE',  ( 0.0000000000000000000, 1.000000000000000000, 0.0000000000000000000 ) ) ;
#3852 = LINE ( 'NONE', #3853, #3854 ) ;
#3853 = CARTESIAN_POINT ( 'NONE',  ( 9.000000000000000000, 0.0000000000000000000, -8.000000000000000000 ) ) ;
#3854 = VECTOR ( 'NONE', #3855, 1000.000000000000000 ) ;
#3855 = DIRECTION ( 'NONE',  ( 0.0000000000000000000, 0.0000000000000000000, 1.000000000000000000 ) ) ;
#3856 = FACE_OUTER_BOUND ( 'NONE', #271, .T. ) ;
#3857 = PLANE ( 'NONE',  #3858 ) ;
#3858 = AXIS2_PLACEMENT_3D ( 'NONE', #3859, #3860, #3864 ) ;
#3859 = CARTESIAN_POINT ( 'NONE',  ( 0.4000000000000000200, 8.200000000000001100, -22.64999999999999900 ) ) ;
#3860 = DIRECTION ( 'NONE',  ( -1.125546291116558100E-015, 0.0000000000000000000, -1.000000000000000000 ) ) ;
#3861 = EDGE_CURVE ( 'NONE', #3320, #374, #945, .T. ) ;
#3862 = EDGE_CURVE ( 'NONE', #381, #172, #949, .T. ) ;
#3863 = ORIENTED_EDGE ( 'NONE', *, *, #575, .T. ) ;
#3864 = DIRECTION ( 'NONE',  ( -1.000000000000000000, 0.0000000000000000000, 1.125546291116558100E-015 ) ) ;
#3865 = LINE ( 'NONE', #3866, #3867 ) ;
#3866 = CARTESIAN_POINT ( 'NONE',  ( 9.000999999999999400, 5.200000000000000200, -32.50000000000000000 ) ) ;
#3867 = VECTOR ( 'NONE', #3868, 1000.000000000000000 ) ;
#3868 = DIRECTION ( 'NONE',  ( -1.000000000000000000, 0.0000000000000000000, 0.0000000000000000000 ) ) ;
#3869 = CARTESIAN_POINT ( 'NONE',  ( 7.128363679972470600, 9.653311931459029400, -4.200000000000000200 ) ) ;
#3870 = CARTESIAN_POINT ( 'NONE',  ( -9.000000000000000000, 1.102145718440139500E-015, -8.000000000000000000 ) ) ;
#3871 = FACE_OUTER_BOUND ( 'NONE', #4996, .T. ) ;
#3872 = CYLINDRICAL_SURFACE ( 'NONE', #3873, 4.299999999999998000 ) ;
#3873 = AXIS2_PLACEMENT_3D ( 'NONE', #3874, #3875, #3876 ) ;
#3874 = CARTESIAN_POINT ( 'NONE',  ( -3.361003918878659900E-015, 6.250000000000000000, -23.00000000000000000 ) ) ;
#3875 = DIRECTION ( 'NONE',  ( 0.0000000000000000000, 1.000000000000000000, 0.0000000000000000000 ) ) ;
#3876 = DIRECTION ( 'NONE',  ( 0.0000000000000000000, 0.0000000000000000000, 1.000000000000000000 ) ) ;
#3877 = CARTESIAN_POINT ( 'NONE',  ( -5.518151864528559400, 6.200000000000000200, -30.50000000000000000 ) ) ;
#3878 = CARTESIAN_POINT ( 'NONE',  ( 5.250000000000000000, 0.0000000000000000000, -45.00000000000000000 ) ) ;
#3879 = LINE ( 'NONE', #3881, #3882 ) ;
#3880 = ORIENTED_EDGE ( 'NONE', *, *, #3948, .F. ) ;
#3881 = CARTESIAN_POINT ( 'NONE',  ( -11.73004722567288000, -1.282962229952219900, -4.200000000000000200 ) ) ;
#3882 = VECTOR ( 'NONE', #3883, 1000.000000000000000 ) ;
#3883 = DIRECTION ( 'NONE',  ( 0.0000000000000000000, 0.0000000000000000000, 1.000000000000000000 ) ) ;
#3884 = LINE ( 'NONE', #3885, #3886 ) ;
#3885 = CARTESIAN_POINT ( 'NONE',  ( -11.73004722567288000, 1.282962229952234100, -4.200000000000000200 ) ) ;
#3886 = VECTOR ( 'NONE', #3887, 999.9999999999998900 ) ;
#3887 = DIRECTION ( 'NONE',  ( 0.4999999999999998900, 0.8660254037844388200, 0.0000000000000000000 ) ) ;
#3888 = CIRCLE ( 'NONE', #3889, 3.499999999999999600 ) ;
#3889 = AXIS2_PLACEMENT_3D ( 'NONE', #3890, #3891, #3892 ) ;
#3890 = CARTESIAN_POINT ( 'NONE',  ( 0.0000000000000000000, 7.425955088890710000, -23.00000000000000000 ) ) ;
#3891 = DIRECTION ( 'NONE',  ( 0.0000000000000000000, 1.000000000000000000, 0.0000000000000000000 ) ) ;
#3892 = DIRECTION ( 'NONE',  ( 0.0000000000000000000, 0.0000000000000000000, 1.000000000000000000 ) ) ;
#3893 = LINE ( 'NONE', #3894, #3895 ) ;
#3894 = CARTESIAN_POINT ( 'NONE',  ( -7.128363679972470600, 9.653311931459029400, -8.000000000000000000 ) ) ;
#3895 = VECTOR ( 'NONE', #3896, 1000.000000000000000 ) ;
#3896 = DIRECTION ( 'NONE',  ( 0.0000000000000000000, 0.0000000000000000000, -1.000000000000000000 ) ) ;
#3897 = ORIENTED_EDGE ( 'NONE', *, *, #4202, .T. ) ;
#3898 = ORIENTED_EDGE ( 'NONE', *, *, #3181, .F. ) ;
#3899 = LINE ( 'NONE', #3900, #3901 ) ;
#3900 = CARTESIAN_POINT ( 'NONE',  ( -2.085965004500309700, 2.934493141924180200, -47.00492558530929400 ) ) ;
#3901 = VECTOR ( 'NONE', #3902, 1000.000000000000000 ) ;
#3902 = DIRECTION ( 'NONE',  ( 0.0000000000000000000, 0.0000000000000000000, 1.000000000000000000 ) ) ;
#3903 = CARTESIAN_POINT ( 'NONE',  ( -5.250000000000000000, 6.429183357567480600E-016, -45.00000000000000000 ) ) ;
#3904 = CARTESIAN_POINT ( 'NONE',  ( -11.73004722567288000, 1.282962229952234100, -4.200000000000000200 ) ) ;
#3905 = B_SPLINE_CURVE_WITH_KNOTS ( 'NONE', 3,
 ( #3906, #3907, #3908, #3909, #3910, #3911, #3912, #3913 ),
 .UNSPECIFIED., .F., .F.,
 ( 4, 2, 2, 4 ),
 ( 2.235825484622958400E-007, 0.0004167404228659346800, 0.0006249988430246677400, 0.0008332572631834007500 ),
 .UNSPECIFIED. ) ;
#3906 = CARTESIAN_POINT ( 'NONE',  ( 0.5000000000000000000, 7.209582751429789700, -19.09999999999999800 ) ) ;
#3907 = CARTESIAN_POINT ( 'NONE',  ( 0.5000000000000000000, 7.275844565791302000, -19.22419133726545900 ) ) ;
#3908 = CARTESIAN_POINT ( 'NONE',  ( 0.4546326140796342900, 7.339986130981841100, -19.34626863474665400 ) ) ;
#3909 = CARTESIAN_POINT ( 'NONE',  ( 0.3194281212703235000, 7.414960299207017200, -19.49025688834782200 ) ) ;
#3910 = CARTESIAN_POINT ( 'NONE',  ( 0.2651460369495138300, 7.435254386308518100, -19.52946816616434900 ) ) ;
#3911 = CARTESIAN_POINT ( 'NONE',  ( 0.1391343217535929700, 7.464027311068277500, -19.58516694772910000 ) ) ;
#3912 = CARTESIAN_POINT ( 'NONE',  ( 0.06977306866254472100, 7.471657678474367800, -19.59999999999983800 ) ) ;
#3913 = CARTESIAN_POINT ( 'NONE',  ( 1.020397749171435100E-012, 7.471657678475689400, -19.60000000000253800 ) ) ;
#3914 = CIRCLE ( 'NONE', #3915, 0.5999999999999998700 ) ;
#3915 = AXIS2_PLACEMENT_3D ( 'NONE', #3916, #3917, #3918 ) ;
#3916 = CARTESIAN_POINT ( 'NONE',  ( -2.510229073212240100, 2.510229073212250300, -44.50000000000000000 ) ) ;
#3917 = DIRECTION ( 'NONE',  ( 0.0000000000000000000, 0.0000000000000000000, 1.000000000000000000 ) ) ;
#3918 = DIRECTION ( 'NONE',  ( 1.000000000000000000, 0.0000000000000000000, 0.0000000000000000000 ) ) ;
#3919 = CARTESIAN_POINT ( 'NONE',  ( -2.085965004500309700, 2.934493141924180200, -44.50000000000000000 ) ) ;
#3920 = LINE ( 'NONE', #3921, #3922 ) ;
#3921 = CARTESIAN_POINT ( 'NONE',  ( -3.555277766926235200, 7.500000000000000000, 19.26826348552040000 ) ) ;
#3922 = VECTOR ( 'NONE', #3923, 1000.000000000000000 ) ;
#3923 = DIRECTION ( 'NONE',  ( 0.0000000000000000000, 0.0000000000000000000, -1.000000000000000000 ) ) ;
#3924 = FACE_OUTER_BOUND ( 'NONE', #590, .T. ) ;
#3925 = PLANE ( 'NONE',  #3926 ) ;
#3926 = AXIS2_PLACEMENT_3D ( 'NONE', #3927, #3928, #3929 ) ;
#3927 = CARTESIAN_POINT ( 'NONE',  ( 0.4000000000000000200, 8.200000000000001100, -23.34999999999999800 ) ) ;
#3928 = DIRECTION ( 'NONE',  ( -1.000000000000000000, 0.0000000000000000000, 1.133312375420390000E-016 ) ) ;
#3929 = DIRECTION ( 'NONE',  ( 1.133312375420390000E-016, 0.0000000000000000000, 1.000000000000000000 ) ) ;
#3930 = LINE ( 'NONE', #3931, #3932 ) ;
#3931 = CARTESIAN_POINT ( 'NONE',  ( -3.100000000000000100, 7.500000000000000000, -0.2000000000000000100 ) ) ;
#3932 = VECTOR ( 'NONE', #3933, 1000.000000000000000 ) ;
#3933 = DIRECTION ( 'NONE',  ( 0.0000000000000000000, 0.0000000000000000000, 1.000000000000000000 ) ) ;
#3934 = CIRCLE ( 'NONE', #3935, 12.00000000000000000 ) ;
#3935 = AXIS2_PLACEMENT_3D ( 'NONE', #3936, #3937, #3938 ) ;
#3936 = CARTESIAN_POINT ( 'NONE',  ( 0.0000000000000000000, 0.0000000000000000000, -8.000000000000000000 ) ) ;
#3937 = DIRECTION ( 'NONE',  ( 0.0000000000000000000, 0.0000000000000000000, 1.000000000000000000 ) ) ;
#3938 = DIRECTION ( 'NONE',  ( -1.000000000000000000, 1.243449787580175300E-014, 0.0000000000000000000 ) ) ;
#3939 = LINE ( 'NONE', #3940, #3941 ) ;
#3940 = CARTESIAN_POINT ( 'NONE',  ( 6.350852961085879900, -11.00000000000000000, -8.000000000000000000 ) ) ;
#3941 = VECTOR ( 'NONE', #3942, 1000.000000000000000 ) ;
#3942 = DIRECTION ( 'NONE',  ( -1.000000000000000000, 1.365740544306507900E-016, 0.0000000000000000000 ) ) ;
#3943 = CARTESIAN_POINT ( 'NONE',  ( -6.976101496071000200, -9.517037770047780400, -4.000000000000000000 ) ) ;
#3944 = LINE ( 'NONE', #3945, #3946 ) ;
#3945 = CARTESIAN_POINT ( 'NONE',  ( -18.35916327411744900, 7.500000000000000000, -16.41054630710420200 ) ) ;
#3946 = VECTOR ( 'NONE', #3949, 1000.000000000000100 ) ;
#3947 = EDGE_CURVE ( 'NONE', #2559, #4253, #961, .T. ) ;
#3948 = EDGE_CURVE ( 'NONE', #4183, #4850, #966, .T. ) ;
#3949 = DIRECTION ( 'NONE',  ( 0.8660254037844389300, 0.0000000000000000000, -0.4999999999999993300 ) ) ;
#3950 = FACE_OUTER_BOUND ( 'NONE', #4930, .T. ) ;
#3951 = PLANE ( 'NONE',  #3952 ) ;
#3952 = AXIS2_PLACEMENT_3D ( 'NONE', #3953, #3954, #3955 ) ;
#3953 = CARTESIAN_POINT ( 'NONE',  ( -0.5000000000000000000, 3.692113447068044800, -29.30000000000000100 ) ) ;
#3954 = DIRECTION ( 'NONE',  ( 0.0000000000000000000, 0.0000000000000000000, 1.000000000000000000 ) ) ;
#3955 = DIRECTION ( 'NONE',  ( 1.000000000000000000, 0.0000000000000000000, 0.0000000000000000000 ) ) ;
#3956 = LINE ( 'NONE', #3957, #3958 ) ;
#3957 = CARTESIAN_POINT ( 'NONE',  ( -12.70170592217176000, 5.204170427930419700E-015, -8.000000000000000000 ) ) ;
#3958 = VECTOR ( 'NONE', #3959, 999.9999999999998900 ) ;
#3959 = DIRECTION ( 'NONE',  ( 0.4999999999999998900, 0.8660254037844388200, 0.0000000000000000000 ) ) ;
#3960 = LINE ( 'NONE', #3961, #3962 ) ;
#3961 = CARTESIAN_POINT ( 'NONE',  ( 0.5000000000000000000, 7.500000000000000000, -29.30000000000000100 ) ) ;
#3962 = VECTOR ( 'NONE', #3963, 1000.000000000000000 ) ;
#3963 = DIRECTION ( 'NONE',  ( 1.000000000000000000, 0.0000000000000000000, 0.0000000000000000000 ) ) ;
#3964 = LINE ( 'NONE', #3967, #3968 ) ;
#3965 = VERTEX_POINT ( 'NONE', #971 ) ;
#3966 = ORIENTED_EDGE ( 'NONE', *, *, #4734, .T. ) ;
#3967 = CARTESIAN_POINT ( 'NONE',  ( -0.5000000000000000000, 8.201000000000000500, -19.09999999999999800 ) ) ;
#3968 = VECTOR ( 'NONE', #3969, 1000.000000000000000 ) ;
#3969 = DIRECTION ( 'NONE',  ( 0.0000000000000000000, -1.000000000000000000, 0.0000000000000000000 ) ) ;
#3970 = LINE ( 'NONE', #3971, #3972 ) ;
#3971 = CARTESIAN_POINT ( 'NONE',  ( 7.128363679972470600, 9.653311931459040100, -8.000000000000000000 ) ) ;
#3972 = VECTOR ( 'NONE', #3973, 1000.000000000000000 ) ;
#3973 = DIRECTION ( 'NONE',  ( 0.0000000000000000000, 0.0000000000000000000, 1.000000000000000000 ) ) ;
#3974 =( BOUNDED_CURVE ( )  B_SPLINE_CURVE ( 3, ( #3975, #3976, #3977, #3978 ),
 .UNSPECIFIED., .F., .T. ) 
 B_SPLINE_CURVE_WITH_KNOTS ( ( 4, 4 ),
 ( 5.328392374990770000, 5.535600957510567400 ),
 .UNSPECIFIED. ) 
 CURVE ( )  GEOMETRIC_REPRESENTATION_ITEM ( )  RATIONAL_B_SPLINE_CURVE ( ( 1.000000000000000000, 0.9964252495636868300, 0.9964252495636868300, 1.000000000000000000 ) ) 
 REPRESENTATION_ITEM ( '' )  );
#3975 = CARTESIAN_POINT ( 'NONE',  ( 7.345747068882780600, 5.200000000000000200, -29.97790561913615200 ) ) ;
#3976 = CARTESIAN_POINT ( 'NONE',  ( 6.985941496941359600, 5.708277062587749000, -29.68445172022824300 ) ) ;
#3977 = CARTESIAN_POINT ( 'NONE',  ( 6.575499719160007700, 6.176617930978038900, -29.41405499379060400 ) ) ;
#3978 = CARTESIAN_POINT ( 'NONE',  ( 6.118823416311330200, 6.599999999999999600, -29.16961524227065200 ) ) ;
#3979 = CARTESIAN_POINT ( 'NONE',  ( -2.934493141924170000, 2.085965004500320400, -44.50000000000000000 ) ) ;
#3980 = LINE ( 'NONE', #3981, #3982 ) ;
#3981 = CARTESIAN_POINT ( 'NONE',  ( 0.0000000000000000000, -7.500000000000000000, -2.000000000000000000 ) ) ;
#3982 = VECTOR ( 'NONE', #3985, 1000.000000000000000 ) ;
#3983 = EDGE_LOOP ( 'NONE', ( #4798, #526, #4970, #5007 ) ) ;
#3984 = ORIENTED_EDGE ( 'NONE', *, *, #4683, .T. ) ;
#3985 = DIRECTION ( 'NONE',  ( 1.000000000000000000, 0.0000000000000000000, 0.0000000000000000000 ) ) ;
#3986 = CARTESIAN_POINT ( 'NONE',  ( 9.000000000000000000, 0.0000000000000000000, 0.0000000000000000000 ) ) ;
#3987 = CARTESIAN_POINT ( 'NONE',  ( -3.100000000000000100, 7.500000000000000000, -29.74944465005350100 ) ) ;
#3988 = CIRCLE ( 'NONE', #3989, 11.79999999999999900 ) ;
#3989 = AXIS2_PLACEMENT_3D ( 'NONE', #3990, #3991, #3992 ) ;
#3990 = CARTESIAN_POINT ( 'NONE',  ( 0.0000000000000000000, 0.0000000000000000000, -4.200000000000000200 ) ) ;
#3991 = DIRECTION ( 'NONE',  ( 0.0000000000000000000, 0.0000000000000000000, -1.000000000000000000 ) ) ;
#3992 = DIRECTION ( 'NONE',  ( -1.000000000000000000, 0.0000000000000000000, 0.0000000000000000000 ) ) ;
#3993 = LINE ( 'NONE', #3994, #3995 ) ;
#3994 = CARTESIAN_POINT ( 'NONE',  ( -9.000999999999999400, 5.200000000000000200, -29.97790561913615200 ) ) ;
#3995 = VECTOR ( 'NONE', #3996, 1000.000000000000000 ) ;
#3996 = DIRECTION ( 'NONE',  ( 1.000000000000000000, 0.0000000000000000000, 0.0000000000000000000 ) ) ;
#3997 = CARTESIAN_POINT ( 'NONE',  ( 0.3287187078897785300, 7.500000000000000000, -27.19999999999999900 ) ) ;
#3998 = FACE_BOUND ( 'NONE', #619, .T. ) ;
#3999 = FACE_OUTER_BOUND ( 'NONE', #502, .T. ) ;
#4000 = PLANE ( 'NONE',  #4003 ) ;
#4001 = ORIENTED_EDGE ( 'NONE', *, *, #432, .T. ) ;
#4002 = ORIENTED_EDGE ( 'NONE', *, *, #5120, .T. ) ;
#4003 = AXIS2_PLACEMENT_3D ( 'NONE', #4004, #4005, #4006 ) ;
#4004 = CARTESIAN_POINT ( 'NONE',  ( 0.0000000000000000000, 0.0000000000000000000, -45.00000000000000000 ) ) ;
#4005 = DIRECTION ( 'NONE',  ( 0.0000000000000000000, 0.0000000000000000000, 1.000000000000000000 ) ) ;
#4006 = DIRECTION ( 'NONE',  ( 1.000000000000000000, 0.0000000000000000000, 0.0000000000000000000 ) ) ;
#4007 = CARTESIAN_POINT ( 'NONE',  ( 11.73004722567288000, 1.282962229952217900, -4.000000000000000000 ) ) ;
#4008 = LINE ( 'NONE', #4009, #4010 ) ;
#4009 = CARTESIAN_POINT ( 'NONE',  ( -0.5000000000000000000, 6.250000000000000000, -18.89999999999975000 ) ) ;
#4010 = VECTOR ( 'NONE', #4011, 1000.000000000000000 ) ;
#4011 = DIRECTION ( 'NONE',  ( -5.421010862420969700E-016, 0.0000000000000000000, -1.000000000000000000 ) ) ;
#4012 = LINE ( 'NONE', #4013, #4014 ) ;
#4013 = CARTESIAN_POINT ( 'NONE',  ( 11.73004722567288000, 1.282962229952217900, -4.200000000000000200 ) ) ;
#4014 = VECTOR ( 'NONE', #4015, 1000.000000000000000 ) ;
#4015 = DIRECTION ( 'NONE',  ( 0.0000000000000000000, 0.0000000000000000000, 1.000000000000000000 ) ) ;
#4016 = CARTESIAN_POINT ( 'NONE',  ( -1.910229073212240400, 2.510229073212250300, -44.50000000000000000 ) ) ;
#4017 = CIRCLE ( 'NONE', #4018, 8.300000000000000700 ) ;
#4018 = AXIS2_PLACEMENT_3D ( 'NONE', #4023, #4024, #4025 ) ;
#4019 = VERTEX_POINT ( 'NONE', #972 ) ;
#4020 = ORIENTED_EDGE ( 'NONE', *, *, #4325, .F. ) ;
#4021 = EDGE_CURVE ( 'NONE', #4253, #5108, #973, .T. ) ;
#4022 = ORIENTED_EDGE ( 'NONE', *, *, #2061, .T. ) ;
#4023 = CARTESIAN_POINT ( 'NONE',  ( 0.0000000000000000000, 0.0000000000000000000, -0.2000000000000000100 ) ) ;
#4024 = DIRECTION ( 'NONE',  ( 0.0000000000000000000, 0.0000000000000000000, 1.000000000000000000 ) ) ;
#4025 = DIRECTION ( 'NONE',  ( 1.000000000000000000, 0.0000000000000000000, 0.0000000000000000000 ) ) ;
#4026 = CARTESIAN_POINT ( 'NONE',  ( 6.118823416311330200, 6.599999999999999600, -29.16961524227065200 ) ) ;
#4027 = LINE ( 'NONE', #4028, #4029 ) ;
#4028 = CARTESIAN_POINT ( 'NONE',  ( -6.000000000000000000, 7.347638122934263500E-016, 4.095657111477150300 ) ) ;
#4029 = VECTOR ( 'NONE', #4030, 1000.000000000000000 ) ;
#4030 = DIRECTION ( 'NONE',  ( 0.0000000000000000000, 0.0000000000000000000, 1.000000000000000000 ) ) ;
#4031 = FACE_OUTER_BOUND ( 'NONE', #4957, .T. ) ;
#4032 = PLANE ( 'NONE',  #4033 ) ;
#4033 = AXIS2_PLACEMENT_3D ( 'NONE', #4034, #4035, #4036 ) ;
#4034 = CARTESIAN_POINT ( 'NONE',  ( -2.000000000000000000, 3.692113447068044800, -29.30000000000000100 ) ) ;
#4035 = DIRECTION ( 'NONE',  ( -1.000000000000000000, 0.0000000000000000000, 0.0000000000000000000 ) ) ;
#4036 = DIRECTION ( 'NONE',  ( 0.0000000000000000000, 0.0000000000000000000, 1.000000000000000000 ) ) ;
#4037 = CIRCLE ( 'NONE', #4038, 3.599999999999999200 ) ;
#4038 = AXIS2_PLACEMENT_3D ( 'NONE', #4045, #4046, #4047 ) ;
#4039 = ADVANCED_FACE ( 'NONE', ( #983 ), #984, .T. ) ;
#4040 = ORIENTED_EDGE ( 'NONE', *, *, #457, .T. ) ;
#4041 = ORIENTED_EDGE ( 'NONE', *, *, #560, .F. ) ;
#4042 = ORIENTED_EDGE ( 'NONE', *, *, #319, .T. ) ;
#4043 = ORIENTED_EDGE ( 'NONE', *, *, #1648, .T. ) ;
#4044 = EDGE_LOOP ( 'NONE', ( #4469, #4535, #4504, #4578 ) ) ;
#4045 = CARTESIAN_POINT ( 'NONE',  ( -3.361003918878659900E-015, 6.850000000000000500, -23.00000000000000000 ) ) ;
#4046 = DIRECTION ( 'NONE',  ( 0.0000000000000000000, 1.000000000000000000, 0.0000000000000000000 ) ) ;
#4047 = DIRECTION ( 'NONE',  ( 0.0000000000000000000, 0.0000000000000000000, 1.000000000000000000 ) ) ;
#4048 = LINE ( 'NONE', #4049, #4050 ) ;
#4049 = CARTESIAN_POINT ( 'NONE',  ( -3.440930106817070100, 7.000000000000000000, 20.96091601051825000 ) ) ;
#4050 = VECTOR ( 'NONE', #4051, 1000.000000000000000 ) ;
#4051 = DIRECTION ( 'NONE',  ( 0.0000000000000000000, 0.0000000000000000000, -1.000000000000000000 ) ) ;
#4052 = CIRCLE ( 'NONE', #4053, 3.499999999999999600 ) ;
#4053 = AXIS2_PLACEMENT_3D ( 'NONE', #4054, #4055, #4056 ) ;
#4054 = CARTESIAN_POINT ( 'NONE',  ( 0.0000000000000000000, 7.425955088890710000, -23.00000000000000000 ) ) ;
#4055 = DIRECTION ( 'NONE',  ( 0.0000000000000000000, 1.000000000000000000, 0.0000000000000000000 ) ) ;
#4056 = DIRECTION ( 'NONE',  ( 0.0000000000000000000, 0.0000000000000000000, 1.000000000000000000 ) ) ;
#4057 = LINE ( 'NONE', #4058, #4059 ) ;
#4058 = CARTESIAN_POINT ( 'NONE',  ( 3.555277766926235200, 7.500000000000000000, 19.26826348552040000 ) ) ;
#4059 = VECTOR ( 'NONE', #4060, 1000.000000000000000 ) ;
#4060 = DIRECTION ( 'NONE',  ( 0.0000000000000000000, 0.0000000000000000000, 1.000000000000000000 ) ) ;
#4061 = ADVANCED_FACE ( 'NONE', ( #989 ), #990, .T. ) ;
#4062 = CIRCLE ( 'NONE', #4063, 11.79999999999999900 ) ;
#4063 = AXIS2_PLACEMENT_3D ( 'NONE', #4064, #4065, #4066 ) ;
#4064 = CARTESIAN_POINT ( 'NONE',  ( 0.0000000000000000000, 0.0000000000000000000, -4.000000000000000000 ) ) ;
#4065 = DIRECTION ( 'NONE',  ( 0.0000000000000000000, 0.0000000000000000000, -1.000000000000000000 ) ) ;
#4066 = DIRECTION ( 'NONE',  ( -1.000000000000000000, 0.0000000000000000000, 0.0000000000000000000 ) ) ;
#4067 = LINE ( 'NONE', #4068, #4069 ) ;
#4068 = CARTESIAN_POINT ( 'NONE',  ( -9.000999999999999400, 7.500000000000000000, -19.13477038198249900 ) ) ;
#4069 = VECTOR ( 'NONE', #4070, 1000.000000000000000 ) ;
#4070 = DIRECTION ( 'NONE',  ( 1.000000000000000000, 0.0000000000000000000, 0.0000000000000000000 ) ) ;
#4071 = CARTESIAN_POINT ( 'NONE',  ( -0.5000000000000000000, 6.250000000000000000, -18.89999999999975000 ) ) ;
#4072 = LINE ( 'NONE', #4073, #4074 ) ;
#4073 = CARTESIAN_POINT ( 'NONE',  ( -3.440930106817070100, -7.000000000000000000, 0.0000000000000000000 ) ) ;
#4074 = VECTOR ( 'NONE', #4075, 1000.000000000000000 ) ;
#4075 = DIRECTION ( 'NONE',  ( 1.000000000000000000, 0.0000000000000000000, 0.0000000000000000000 ) ) ;
#4076 = CARTESIAN_POINT ( 'NONE',  ( -4.795831523312720000, -11.00000000000000000, -4.200000000000000200 ) ) ;
#4077 =( LENGTH_UNIT ( ) NAMED_UNIT ( * ) SI_UNIT ( .MILLI., .METRE. ) );
#4078 =( NAMED_UNIT ( * ) PLANE_ANGLE_UNIT ( ) SI_UNIT ( $, .RADIAN. ) );
#4079 =( NAMED_UNIT ( * ) SI_UNIT ( $, .STERADIAN. ) SOLID_ANGLE_UNIT ( ) );
#4080 = UNCERTAINTY_MEASURE_WITH_UNIT (LENGTH_MEASURE( 1.000000000000000100E-005 ), #4077, 'distance_accuracy_value', 'NONE');
#4081 =( GEOMETRIC_REPRESENTATION_CONTEXT ( 3 ) GLOBAL_UNCERTAINTY_ASSIGNED_CONTEXT ( ( #4080 ) ) GLOBAL_UNIT_ASSIGNED_CONTEXT ( ( #4077, #4078, #4079 ) ) REPRESENTATION_CONTEXT ( 'NONE', 'WORKASPACE' ) );
#4082 = ADVANCED_BREP_SHAPE_REPRESENTATION ( '', ( #109, #4083 ), #4081 ) ;
#4083 = AXIS2_PLACEMENT_3D ( 'NONE', #4084, #4085, #4086 ) ;
#4084 = CARTESIAN_POINT ( 'NONE',  ( 0.0000000000000000000, 0.0000000000000000000, 0.0000000000000000000 ) ) ;
#4085 = DIRECTION ( 'NONE',  ( 0.0000000000000000000, 0.0000000000000000000, 1.000000000000000000 ) ) ;
#4086 = DIRECTION ( 'NONE',  ( 1.000000000000000000, 0.0000000000000000000, 0.0000000000000000000 ) ) ;
#4087 = SHAPE_REPRESENTATION ( 'E3FA_DN25_NUT', ( #4083 ), #4081 ) ;
#4088 = SHAPE_REPRESENTATION_RELATIONSHIP ( 'NONE' , 'NONE' ,  #4087, #4082 ) ;
#4089 =( LENGTH_UNIT ( ) NAMED_UNIT ( * ) SI_UNIT ( .MILLI., .METRE. ) );
#4090 =( NAMED_UNIT ( * ) PLANE_ANGLE_UNIT ( ) SI_UNIT ( $, .RADIAN. ) );
#4091 =( NAMED_UNIT ( * ) SI_UNIT ( $, .STERADIAN. ) SOLID_ANGLE_UNIT ( ) );
#4092 = UNCERTAINTY_MEASURE_WITH_UNIT (LENGTH_MEASURE( 1.000000000000000100E-005 ), #4089, 'distance_accuracy_value', 'NONE');
#4093 =( GEOMETRIC_REPRESENTATION_CONTEXT ( 3 ) GLOBAL_UNCERTAINTY_ASSIGNED_CONTEXT ( ( #4092 ) ) GLOBAL_UNIT_ASSIGNED_CONTEXT ( ( #4089, #4090, #4091 ) ) REPRESENTATION_CONTEXT ( 'NONE', 'WORKASPACE' ) );
#4094 = ORIENTED_EDGE ( 'NONE', *, *, #4933, .F. ) ;
#4095 = ADVANCED_FACE ( 'NONE', ( #1015 ), #1016, .F. ) ;
#4096 = ADVANCED_BREP_SHAPE_REPRESENTATION ( '', ( #3125, #4083 ), #4093 ) ;
#4097 = SHAPE_REPRESENTATION ( 'E3FA_DN25_BASE', ( #4083 ), #4093 ) ;
#4098 = SHAPE_REPRESENTATION_RELATIONSHIP ( 'NONE' , 'NONE' ,  #4097, #4096 ) ;
#4099 = SHAPE_REPRESENTATION ( 'E3FA_DN25', ( #4124, #4104, #4108, #4115 ), #4123 ) ;
#4100 = AXIS2_PLACEMENT_3D ( 'NONE', #4101, #4102, #4103 ) ;
#4101 = CARTESIAN_POINT ( 'NONE',  ( 0.0000000000000000000, 0.0000000000000000000, 0.0000000000000000000 ) ) ;
#4102 = DIRECTION ( 'NONE',  ( 0.0000000000000000000, 0.0000000000000000000, 1.000000000000000000 ) ) ;
#4103 = DIRECTION ( 'NONE',  ( 1.000000000000000000, 0.0000000000000000000, 0.0000000000000000000 ) ) ;
#4104 = AXIS2_PLACEMENT_3D ( 'NONE', #4105, #4106, #4107 ) ;
#4105 = CARTESIAN_POINT ( 'NONE',  ( -8.284934228089068400E-016, 3.469446951953614200E-015, -12.10000000000000300 ) ) ;
#4106 = DIRECTION ( 'NONE',  ( 0.0000000000000000000, 0.0000000000000000000, 1.000000000000000000 ) ) ;
#4107 = DIRECTION ( 'NONE',  ( 1.000000000000000000, 0.0000000000000000000, 0.0000000000000000000 ) ) ;
#4108 = AXIS2_PLACEMENT_3D ( 'NONE', #4109, #4110, #4111 ) ;
#4109 = CARTESIAN_POINT ( 'NONE',  ( 0.0000000000000000000, 0.0000000000000000000, 0.0000000000000000000 ) ) ;
#4110 = DIRECTION ( 'NONE',  ( 0.0000000000000000000, 0.0000000000000000000, 1.000000000000000000 ) ) ;
#4111 = DIRECTION ( 'NONE',  ( 1.000000000000000000, 0.0000000000000000000, 0.0000000000000000000 ) ) ;
#4112 = ORIENTED_EDGE ( 'NONE', *, *, #2280, .T. ) ;
#4113 = ORIENTED_EDGE ( 'NONE', *, *, #2281, .F. ) ;
#4114 = ORIENTED_EDGE ( 'NONE', *, *, #5075, .F. ) ;
#4115 = AXIS2_PLACEMENT_3D ( 'NONE', #4116, #4117, #4118 ) ;
#4116 = CARTESIAN_POINT ( 'NONE',  ( -8.159544320813153000E-016, 3.472554677127015100E-015, -11.10000000000000300 ) ) ;
#4117 = DIRECTION ( 'NONE',  ( 3.134747681897875900E-018, 7.769312933503678300E-019, -1.000000000000000000 ) ) ;
#4118 = DIRECTION ( 'NONE',  ( -1.000000000000000000, 9.499914960589550500E-016, -1.152879603848883100E-016 ) ) ;
#4119 =( LENGTH_UNIT ( ) NAMED_UNIT ( * ) SI_UNIT ( .MILLI., .METRE. ) );
#4120 =( NAMED_UNIT ( * ) PLANE_ANGLE_UNIT ( ) SI_UNIT ( $, .RADIAN. ) );
#4121 =( NAMED_UNIT ( * ) SI_UNIT ( $, .STERADIAN. ) SOLID_ANGLE_UNIT ( ) );
#4122 = UNCERTAINTY_MEASURE_WITH_UNIT (LENGTH_MEASURE( 1.000000000000000100E-005 ), #4119, 'distance_accuracy_value', 'NONE');
#4123 =( GEOMETRIC_REPRESENTATION_CONTEXT ( 3 ) GLOBAL_UNCERTAINTY_ASSIGNED_CONTEXT ( ( #4122 ) ) GLOBAL_UNIT_ASSIGNED_CONTEXT ( ( #4119, #4120, #4121 ) ) REPRESENTATION_CONTEXT ( 'NONE', 'WORKASPACE' ) );
#4124 = AXIS2_PLACEMENT_3D ( 'NONE', #4125, #4126, #4127 ) ;
#4125 = CARTESIAN_POINT ( 'NONE',  ( 0.0000000000000000000, 0.0000000000000000000, 0.0000000000000000000 ) ) ;
#4126 = DIRECTION ( 'NONE',  ( 0.0000000000000000000, 0.0000000000000000000, 1.000000000000000000 ) ) ;
#4127 = DIRECTION ( 'NONE',  ( 1.000000000000000000, 0.0000000000000000000, 0.0000000000000000000 ) ) ;
#4128 = APPLICATION_CONTEXT ( 'configuration controlled 3d designs of mechanical parts and assemblies' ) ;
#4129 = APPLICATION_PROTOCOL_DEFINITION ( 'international standard', 'config_control_design', 1994, #4128 ) ;
#4130 = MECHANICAL_CONTEXT ( 'NONE', #4128, 'mechanical' ) ;
#4131 = PRODUCT ( 'E3FA_DN25', 'E3FA_DN25', '', ( #4130 ) ) ;
#4132 = PERSON ( 'UNSPECIFIED', 'UNSPECIFIED', 'UNSPECIFIED', ('UNSPECIFIED'), ('UNSPECIFIED'), ('UNSPECIFIED') ) ;
#4133 = ORGANIZATION ( 'UNSPECIFIED', 'UNSPECIFIED', '' ) ;
#4134 = PERSON_AND_ORGANIZATION ( #4132, #4133 ) ;
#4135 = PERSON_AND_ORGANIZATION_ROLE ( 'design_owner' ) ;
#4136 = CC_DESIGN_PERSON_AND_ORGANIZATION_ASSIGNMENT ( #4134, #4135, ( #4131 ) ) ;
#4137 = APPLICATION_CONTEXT ( 'configuration controlled 3d designs of mechanical parts and assemblies' ) ;
#4138 = APPLICATION_PROTOCOL_DEFINITION ( 'international standard', 'config_control_design', 1994, #4137 ) ;
#4139 = DESIGN_CONTEXT ( 'detailed design', #4137, 'design' ) ;
#4140 = PRODUCT_DEFINITION ( 'UNKNOWN', '', #4162, #4139 ) ;
#4141 = PERSON_AND_ORGANIZATION ( #4132, #4133 ) ;
#4142 = APPROVAL_STATUS ( 'not_yet_approved' ) ;
#4143 = APPROVAL ( #4142, 'UNSPECIFIED' ) ;
#4144 = APPROVAL_ROLE ( '' ) ;
#4145 = APPROVAL_PERSON_ORGANIZATION ( #4141, #4143, #4144 ) ;
#4146 = COORDINATED_UNIVERSAL_TIME_OFFSET ( 9, 0, .AHEAD. ) ;
#4147 = ORIENTED_EDGE ( 'NONE', *, *, #4922, .F. ) ;
#4148 = LOCAL_TIME ( 13, 46, 10.00000000000000000, #4146 ) ;
#4149 = CALENDAR_DATE ( 2013, 29, 10 ) ;
#4150 = DATE_AND_TIME ( #4149, #4148 ) ;
#4151 = APPROVAL_DATE_TIME ( #4150, #4143 ) ;
#4152 = CC_DESIGN_APPROVAL ( #4143, ( #4140 ) ) ;
#4153 = PERSON_AND_ORGANIZATION ( #4132, #4133 ) ;
#4154 = PERSON_AND_ORGANIZATION_ROLE ( 'creator' ) ;
#4155 = CC_DESIGN_PERSON_AND_ORGANIZATION_ASSIGNMENT ( #4153, #4154, ( #4140 ) ) ;
#4156 = COORDINATED_UNIVERSAL_TIME_OFFSET ( 9, 0, .AHEAD. ) ;
#4157 = LOCAL_TIME ( 13, 46, 10.00000000000000000, #4156 ) ;
#4158 = CALENDAR_DATE ( 2013, 29, 10 ) ;
#4159 = DATE_AND_TIME ( #4158, #4157 ) ;
#4160 = DATE_TIME_ROLE ( 'creation_date' ) ;
#4161 = CC_DESIGN_DATE_AND_TIME_ASSIGNMENT ( #4159, #4160, ( #4140 ) ) ;
#4162 = PRODUCT_DEFINITION_FORMATION_WITH_SPECIFIED_SOURCE ( 'ANY', '', #4131, .NOT_KNOWN. ) ;
#4163 = PERSON_AND_ORGANIZATION ( #4132, #4133 ) ;
#4164 = EDGE_LOOP ( 'NONE', ( #4583, #456, #3584, #4820 ) ) ;
#4165 = APPROVAL_STATUS ( 'not_yet_approved' ) ;
#4166 = APPROVAL ( #4165, 'UNSPECIFIED' ) ;
#4167 = APPROVAL_ROLE ( '' ) ;
#4168 = APPROVAL_PERSON_ORGANIZATION ( #4163, #4166, #4167 ) ;
#4169 = COORDINATED_UNIVERSAL_TIME_OFFSET ( 9, 0, .AHEAD. ) ;
#4170 = LOCAL_TIME ( 13, 46, 10.00000000000000000, #4169 ) ;
#4171 = CALENDAR_DATE ( 2013, 29, 10 ) ;
#4172 = DATE_AND_TIME ( #4171, #4170 ) ;
#4173 = APPROVAL_DATE_TIME ( #4172, #4166 ) ;
#4174 = CC_DESIGN_APPROVAL ( #4166, ( #4162 ) ) ;
#4175 = PERSON_AND_ORGANIZATION ( #4132, #4133 ) ;
#4176 = PERSON_AND_ORGANIZATION_ROLE ( 'creator' ) ;
#4177 = CC_DESIGN_PERSON_AND_ORGANIZATION_ASSIGNMENT ( #4175, #4176, ( #4162 ) ) ;
#4178 = PERSON_AND_ORGANIZATION ( #4132, #4133 ) ;
#4179 = PERSON_AND_ORGANIZATION_ROLE ( 'design_supplier' ) ;
#4180 = CC_DESIGN_PERSON_AND_ORGANIZATION_ASSIGNMENT ( #4178, #4179, ( #4162 ) ) ;
#4181 = EDGE_CURVE ( 'NONE', #4946, #4512, #1034, .T. ) ;
#4182 = EDGE_CURVE ( 'NONE', #872, #3375, #1038, .T. ) ;
#4183 = VERTEX_POINT ( 'NONE', #1042 ) ;
#4184 = ORIENTED_EDGE ( 'NONE', *, *, #942, .F. ) ;
#4185 = SECURITY_CLASSIFICATION_LEVEL ( 'unclassified' ) ;
#4186 = SECURITY_CLASSIFICATION ( '', '', #4185 ) ;
#4187 = PERSON_AND_ORGANIZATION ( #4132, #4133 ) ;
#4188 = PERSON_AND_ORGANIZATION_ROLE ( 'classification_officer' ) ;
#4189 = CC_DESIGN_PERSON_AND_ORGANIZATION_ASSIGNMENT ( #4187, #4188, ( #4186 ) ) ;
#4190 = COORDINATED_UNIVERSAL_TIME_OFFSET ( 9, 0, .AHEAD. ) ;
#4191 = LOCAL_TIME ( 13, 46, 10.00000000000000000, #4190 ) ;
#4192 = CALENDAR_DATE ( 2013, 29, 10 ) ;
#4193 = DATE_AND_TIME ( #4192, #4191 ) ;
#4194 = DATE_TIME_ROLE ( 'classification_date' ) ;
#4195 = CC_DESIGN_DATE_AND_TIME_ASSIGNMENT ( #4193, #4194, ( #4186 ) ) ;
#4196 = PERSON_AND_ORGANIZATION ( #4132, #4133 ) ;
#4197 = APPROVAL_STATUS ( 'not_yet_approved' ) ;
#4198 = APPROVAL ( #4197, 'UNSPECIFIED' ) ;
#4199 = APPROVAL_ROLE ( '' ) ;
#4200 = APPROVAL_PERSON_ORGANIZATION ( #4196, #4198, #4199 ) ;
#4201 = ADVANCED_FACE ( 'NONE', ( #1043 ), #1044, .F. ) ;
#4202 = EDGE_CURVE ( 'NONE', #3747, #2919, #1049, .T. ) ;
#4203 = COORDINATED_UNIVERSAL_TIME_OFFSET ( 9, 0, .AHEAD. ) ;
#4204 = LOCAL_TIME ( 13, 46, 10.00000000000000000, #4203 ) ;
#4205 = CALENDAR_DATE ( 2013, 29, 10 ) ;
#4206 = DATE_AND_TIME ( #4205, #4204 ) ;
#4207 = APPROVAL_DATE_TIME ( #4206, #4198 ) ;
#4208 = CC_DESIGN_APPROVAL ( #4198, ( #4186 ) ) ;
#4209 = CC_DESIGN_SECURITY_CLASSIFICATION ( #4186, ( #4162 ) ) ;
#4210 = PRODUCT_RELATED_PRODUCT_CATEGORY ( 'detail', '', ( #4131 ) ) ;
#4211 = PRODUCT_DEFINITION_SHAPE ( 'NONE', 'NONE',  #4140 ) ;
#4212 = SHAPE_DEFINITION_REPRESENTATION ( #4211, #4099 ) ;
#4213 = APPLICATION_CONTEXT ( 'configuration controlled 3d designs of mechanical parts and assemblies' ) ;
#4214 = APPLICATION_PROTOCOL_DEFINITION ( 'international standard', 'config_control_design', 1994, #4213 ) ;
#4215 = MECHANICAL_CONTEXT ( 'NONE', #4213, 'mechanical' ) ;
#4216 = PRODUCT ( 'E3FA_DN25_BASE', 'E3FA_DN25_BASE', '', ( #4215 ) ) ;
#4217 = PERSON_AND_ORGANIZATION ( #4132, #4133 ) ;
#4218 = PERSON_AND_ORGANIZATION_ROLE ( 'design_owner' ) ;
#4219 = ORIENTED_EDGE ( 'NONE', *, *, #4484, .F. ) ;
#4220 = VERTEX_POINT ( 'NONE', #1053 ) ;
#4221 = CC_DESIGN_PERSON_AND_ORGANIZATION_ASSIGNMENT ( #4217, #4218, ( #4216 ) ) ;
#4222 = APPLICATION_CONTEXT ( 'configuration controlled 3d designs of mechanical parts and assemblies' ) ;
#4223 = APPLICATION_PROTOCOL_DEFINITION ( 'international standard', 'config_control_design', 1994, #4222 ) ;
#4224 = DESIGN_CONTEXT ( 'detailed design', #4222, 'design' ) ;
#4225 = PRODUCT_DEFINITION ( 'UNKNOWN', '', #4246, #4224 ) ;
#4226 = PERSON_AND_ORGANIZATION ( #4132, #4133 ) ;
#4227 = APPROVAL_STATUS ( 'not_yet_approved' ) ;
#4228 = APPROVAL ( #4227, 'UNSPECIFIED' ) ;
#4229 = APPROVAL_ROLE ( '' ) ;
#4230 = APPROVAL_PERSON_ORGANIZATION ( #4226, #4228, #4229 ) ;
#4231 = COORDINATED_UNIVERSAL_TIME_OFFSET ( 9, 0, .AHEAD. ) ;
#4232 = LOCAL_TIME ( 13, 46, 10.00000000000000000, #4231 ) ;
#4233 = CALENDAR_DATE ( 2013, 29, 10 ) ;
#4234 = DATE_AND_TIME ( #4233, #4232 ) ;
#4235 = APPROVAL_DATE_TIME ( #4234, #4228 ) ;
#4236 = CC_DESIGN_APPROVAL ( #4228, ( #4225 ) ) ;
#4237 = PERSON_AND_ORGANIZATION ( #4132, #4133 ) ;
#4238 = PERSON_AND_ORGANIZATION_ROLE ( 'creator' ) ;
#4239 = CC_DESIGN_PERSON_AND_ORGANIZATION_ASSIGNMENT ( #4237, #4238, ( #4225 ) ) ;
#4240 = COORDINATED_UNIVERSAL_TIME_OFFSET ( 9, 0, .AHEAD. ) ;
#4241 = LOCAL_TIME ( 13, 46, 10.00000000000000000, #4240 ) ;
#4242 = CALENDAR_DATE ( 2013, 29, 10 ) ;
#4243 = DATE_AND_TIME ( #4242, #4241 ) ;
#4244 = DATE_TIME_ROLE ( 'creation_date' ) ;
#4245 = CC_DESIGN_DATE_AND_TIME_ASSIGNMENT ( #4243, #4244, ( #4225 ) ) ;
#4246 = PRODUCT_DEFINITION_FORMATION_WITH_SPECIFIED_SOURCE ( 'ANY', '', #4216, .NOT_KNOWN. ) ;
#4247 = PERSON_AND_ORGANIZATION ( #4132, #4133 ) ;
#4248 = APPROVAL_STATUS ( 'not_yet_approved' ) ;
#4249 = APPROVAL ( #4248, 'UNSPECIFIED' ) ;
#4250 = APPROVAL_ROLE ( '' ) ;
#4251 = APPROVAL_PERSON_ORGANIZATION ( #4247, #4249, #4250 ) ;
#4252 = COORDINATED_UNIVERSAL_TIME_OFFSET ( 9, 0, .AHEAD. ) ;
#4253 = VERTEX_POINT ( 'NONE', #1069 ) ;
#4254 = LOCAL_TIME ( 13, 46, 10.00000000000000000, #4252 ) ;
#4255 = CALENDAR_DATE ( 2013, 29, 10 ) ;
#4256 = DATE_AND_TIME ( #4255, #4254 ) ;
#4257 = APPROVAL_DATE_TIME ( #4256, #4249 ) ;
#4258 = CC_DESIGN_APPROVAL ( #4249, ( #4246 ) ) ;
#4259 = PERSON_AND_ORGANIZATION ( #4132, #4133 ) ;
#4260 = PERSON_AND_ORGANIZATION_ROLE ( 'creator' ) ;
#4261 = CC_DESIGN_PERSON_AND_ORGANIZATION_ASSIGNMENT ( #4259, #4260, ( #4246 ) ) ;
#4262 = PERSON_AND_ORGANIZATION ( #4132, #4133 ) ;
#4263 = PERSON_AND_ORGANIZATION_ROLE ( 'design_supplier' ) ;
#4264 = CC_DESIGN_PERSON_AND_ORGANIZATION_ASSIGNMENT ( #4262, #4263, ( #4246 ) ) ;
#4265 = SECURITY_CLASSIFICATION_LEVEL ( 'unclassified' ) ;
#4266 = SECURITY_CLASSIFICATION ( '', '', #4265 ) ;
#4267 = PERSON_AND_ORGANIZATION ( #4132, #4133 ) ;
#4268 = PERSON_AND_ORGANIZATION_ROLE ( 'classification_officer' ) ;
#4269 = CC_DESIGN_PERSON_AND_ORGANIZATION_ASSIGNMENT ( #4267, #4268, ( #4266 ) ) ;
#4270 = EDGE_LOOP ( 'NONE', ( #4838, #4864, #713, #2629 ) ) ;
#4271 = ORIENTED_EDGE ( 'NONE', *, *, #4494, .T. ) ;
#4272 = ADVANCED_FACE ( 'NONE', ( #1070, #1071 ), #1072, .F. ) ;
#4273 = COORDINATED_UNIVERSAL_TIME_OFFSET ( 9, 0, .AHEAD. ) ;
#4274 = LOCAL_TIME ( 13, 46, 10.00000000000000000, #4273 ) ;
#4275 = CALENDAR_DATE ( 2013, 29, 10 ) ;
#4276 = DATE_AND_TIME ( #4275, #4274 ) ;
#4277 = DATE_TIME_ROLE ( 'classification_date' ) ;
#4278 = CC_DESIGN_DATE_AND_TIME_ASSIGNMENT ( #4276, #4277, ( #4266 ) ) ;
#4279 = PERSON_AND_ORGANIZATION ( #4132, #4133 ) ;
#4280 = APPROVAL_STATUS ( 'not_yet_approved' ) ;
#4281 = APPROVAL ( #4280, 'UNSPECIFIED' ) ;
#4282 = APPROVAL_ROLE ( '' ) ;
#4283 = APPROVAL_PERSON_ORGANIZATION ( #4279, #4281, #4282 ) ;
#4284 = COORDINATED_UNIVERSAL_TIME_OFFSET ( 9, 0, .AHEAD. ) ;
#4285 = LOCAL_TIME ( 13, 46, 10.00000000000000000, #4284 ) ;
#4286 = CALENDAR_DATE ( 2013, 29, 10 ) ;
#4287 = DATE_AND_TIME ( #4286, #4285 ) ;
#4288 = APPROVAL_DATE_TIME ( #4287, #4281 ) ;
#4289 = CC_DESIGN_APPROVAL ( #4281, ( #4266 ) ) ;
#4290 = CC_DESIGN_SECURITY_CLASSIFICATION ( #4266, ( #4246 ) ) ;
#4291 = PRODUCT_RELATED_PRODUCT_CATEGORY ( 'detail', '', ( #4216 ) ) ;
#4292 = PRODUCT_DEFINITION_SHAPE ( 'NONE', 'NONE',  #4225 ) ;
#4293 = SHAPE_DEFINITION_REPRESENTATION ( #4292, #4097 ) ;
#4294 = APPLICATION_CONTEXT ( 'configuration controlled 3d designs of mechanical parts and assemblies' ) ;
#4295 = APPLICATION_PROTOCOL_DEFINITION ( 'international standard', 'config_control_design', 1994, #4294 ) ;
#4296 = MECHANICAL_CONTEXT ( 'NONE', #4294, 'mechanical' ) ;
#4297 = PRODUCT ( 'E3FA_DN25_NUT', 'E3FA_DN25_NUT', '', ( #4296 ) ) ;
#4298 = PERSON_AND_ORGANIZATION ( #4132, #4133 ) ;
#4299 = PERSON_AND_ORGANIZATION_ROLE ( 'design_owner' ) ;
#4300 = CC_DESIGN_PERSON_AND_ORGANIZATION_ASSIGNMENT ( #4298, #4299, ( #4297 ) ) ;
#4301 = APPLICATION_CONTEXT ( 'configuration controlled 3d designs of mechanical parts and assemblies' ) ;
#4302 = APPLICATION_PROTOCOL_DEFINITION ( 'international standard', 'config_control_design', 1994, #4301 ) ;
#4303 = DESIGN_CONTEXT ( 'detailed design', #4301, 'design' ) ;
#4304 = PRODUCT_DEFINITION ( 'UNKNOWN', '', #4333, #4303 ) ;
#4305 = ORIENTED_EDGE ( 'NONE', *, *, #4947, .F. ) ;
#4306 = ORIENTED_EDGE ( 'NONE', *, *, #4786, .F. ) ;
#4307 = ORIENTED_EDGE ( 'NONE', *, *, #4400, .F. ) ;
#4308 = PERSON_AND_ORGANIZATION ( #4132, #4133 ) ;
#4309 = APPROVAL_STATUS ( 'not_yet_approved' ) ;
#4310 = APPROVAL ( #4309, 'UNSPECIFIED' ) ;
#4311 = APPROVAL_ROLE ( '' ) ;
#4312 = APPROVAL_PERSON_ORGANIZATION ( #4308, #4310, #4311 ) ;
#4313 = COORDINATED_UNIVERSAL_TIME_OFFSET ( 9, 0, .AHEAD. ) ;
#4314 = LOCAL_TIME ( 13, 46, 10.00000000000000000, #4313 ) ;
#4315 = CALENDAR_DATE ( 2013, 29, 10 ) ;
#4316 = DATE_AND_TIME ( #4315, #4314 ) ;
#4317 = APPROVAL_DATE_TIME ( #4316, #4310 ) ;
#4318 = CC_DESIGN_APPROVAL ( #4310, ( #4304 ) ) ;
#4319 = PERSON_AND_ORGANIZATION ( #4132, #4133 ) ;
#4320 = PERSON_AND_ORGANIZATION_ROLE ( 'creator' ) ;
#4321 = CC_DESIGN_PERSON_AND_ORGANIZATION_ASSIGNMENT ( #4319, #4320, ( #4304 ) ) ;
#4322 = COORDINATED_UNIVERSAL_TIME_OFFSET ( 9, 0, .AHEAD. ) ;
#4323 = LOCAL_TIME ( 13, 46, 10.00000000000000000, #4322 ) ;
#4324 = ORIENTED_EDGE ( 'NONE', *, *, #382, .F. ) ;
#4325 = EDGE_CURVE ( 'NONE', #889, #4491, #1090, .T. ) ;
#4326 = EDGE_CURVE ( 'NONE', #4944, #4512, #1094, .T. ) ;
#4327 = ADVANCED_FACE ( 'NONE', ( #1100 ), #1101, .T. ) ;
#4328 = EDGE_CURVE ( 'NONE', #4489, #4802, #1106, .T. ) ;
#4329 = CALENDAR_DATE ( 2013, 29, 10 ) ;
#4330 = DATE_AND_TIME ( #4329, #4323 ) ;
#4331 = DATE_TIME_ROLE ( 'creation_date' ) ;
#4332 = CC_DESIGN_DATE_AND_TIME_ASSIGNMENT ( #4330, #4331, ( #4304 ) ) ;
#4333 = PRODUCT_DEFINITION_FORMATION_WITH_SPECIFIED_SOURCE ( 'ANY', '', #4297, .NOT_KNOWN. ) ;
#4334 = PERSON_AND_ORGANIZATION ( #4132, #4133 ) ;
#4335 = APPROVAL_STATUS ( 'not_yet_approved' ) ;
#4336 = APPROVAL ( #4335, 'UNSPECIFIED' ) ;
#4337 = APPROVAL_ROLE ( '' ) ;
#4338 = APPROVAL_PERSON_ORGANIZATION ( #4334, #4336, #4337 ) ;
#4339 = COORDINATED_UNIVERSAL_TIME_OFFSET ( 9, 0, .AHEAD. ) ;
#4340 = LOCAL_TIME ( 13, 46, 10.00000000000000000, #4339 ) ;
#4341 = CALENDAR_DATE ( 2013, 29, 10 ) ;
#4342 = DATE_AND_TIME ( #4341, #4340 ) ;
#4343 = APPROVAL_DATE_TIME ( #4342, #4336 ) ;
#4344 = CC_DESIGN_APPROVAL ( #4336, ( #4333 ) ) ;
#4345 = ORIENTED_EDGE ( 'NONE', *, *, #521, .T. ) ;
#4346 = ORIENTED_EDGE ( 'NONE', *, *, #4778, .F. ) ;
#4347 = PERSON_AND_ORGANIZATION ( #4132, #4133 ) ;
#4348 = PERSON_AND_ORGANIZATION_ROLE ( 'creator' ) ;
#4349 = CC_DESIGN_PERSON_AND_ORGANIZATION_ASSIGNMENT ( #4347, #4348, ( #4333 ) ) ;
#4350 = PERSON_AND_ORGANIZATION ( #4132, #4133 ) ;
#4351 = PERSON_AND_ORGANIZATION_ROLE ( 'design_supplier' ) ;
#4352 = CC_DESIGN_PERSON_AND_ORGANIZATION_ASSIGNMENT ( #4350, #4351, ( #4333 ) ) ;
#4353 = SECURITY_CLASSIFICATION_LEVEL ( 'unclassified' ) ;
#4354 = SECURITY_CLASSIFICATION ( '', '', #4353 ) ;
#4355 = PERSON_AND_ORGANIZATION ( #4132, #4133 ) ;
#4356 = PERSON_AND_ORGANIZATION_ROLE ( 'classification_officer' ) ;
#4357 = CC_DESIGN_PERSON_AND_ORGANIZATION_ASSIGNMENT ( #4355, #4356, ( #4354 ) ) ;
#4358 = COORDINATED_UNIVERSAL_TIME_OFFSET ( 9, 0, .AHEAD. ) ;
#4359 = LOCAL_TIME ( 13, 46, 10.00000000000000000, #4358 ) ;
#4360 = CALENDAR_DATE ( 2013, 29, 10 ) ;
#4361 = DATE_AND_TIME ( #4360, #4359 ) ;
#4362 = DATE_TIME_ROLE ( 'classification_date' ) ;
#4363 = ADVANCED_FACE ( 'NONE', ( #1121 ), #1122, .T. ) ;
#4364 = ORIENTED_EDGE ( 'NONE', *, *, #588, .T. ) ;
#4365 = CC_DESIGN_DATE_AND_TIME_ASSIGNMENT ( #4361, #4362, ( #4354 ) ) ;
#4366 = PERSON_AND_ORGANIZATION ( #4132, #4133 ) ;
#4367 = APPROVAL_STATUS ( 'not_yet_approved' ) ;
#4368 = APPROVAL ( #4367, 'UNSPECIFIED' ) ;
#4369 = APPROVAL_ROLE ( '' ) ;
#4370 = APPROVAL_PERSON_ORGANIZATION ( #4366, #4368, #4369 ) ;
#4371 = COORDINATED_UNIVERSAL_TIME_OFFSET ( 9, 0, .AHEAD. ) ;
#4372 = LOCAL_TIME ( 13, 46, 10.00000000000000000, #4371 ) ;
#4373 = CALENDAR_DATE ( 2013, 29, 10 ) ;
#4374 = DATE_AND_TIME ( #4373, #4372 ) ;
#4375 = APPROVAL_DATE_TIME ( #4374, #4368 ) ;
#4376 = CC_DESIGN_APPROVAL ( #4368, ( #4354 ) ) ;
#4377 = CC_DESIGN_SECURITY_CLASSIFICATION ( #4354, ( #4333 ) ) ;
#4378 = PRODUCT_RELATED_PRODUCT_CATEGORY ( 'detail', '', ( #4297 ) ) ;
#4379 = PRODUCT_DEFINITION_SHAPE ( 'NONE', 'NONE',  #4304 ) ;
#4380 = SHAPE_DEFINITION_REPRESENTATION ( #4379, #4087 ) ;
#4381 = ADVANCED_FACE ( 'NONE', ( #1128 ), #1129, .T. ) ;
#4382 = ORIENTED_EDGE ( 'NONE', *, *, #4505, .F. ) ;
#4383 = ITEM_DEFINED_TRANSFORMATION ( 'NONE', 'NONE', #4104,  #4083 ) ;
#4384 =( REPRESENTATION_RELATIONSHIP ('NONE','NONE', #4099, #4087 ) REPRESENTATION_RELATIONSHIP_WITH_TRANSFORMATION ( #4383 )SHAPE_REPRESENTATION_RELATIONSHIP( ) );
#4385 = PRODUCT_DEFINITION_SHAPE ( 'NONE', 'NONE',  #4386 ) ;
#4386 = NEXT_ASSEMBLY_USAGE_OCCURRENCE ( 'NAUO1', ' ', ' ', #4140, #4304, $ ) ;
#4387 = SECURITY_CLASSIFICATION_LEVEL ( 'unclassified' ) ;
#4388 = SECURITY_CLASSIFICATION ( '', '', #4387 ) ;
#4389 = CC_DESIGN_SECURITY_CLASSIFICATION ( #4388, ( #4386 ) ) ;
#4390 = APPROVAL_STATUS ( 'not_yet_approved' ) ;
#4391 = APPROVAL ( #4390, 'UNKNOWN' ) ;
#4392 = CC_DESIGN_APPROVAL ( #4391, ( #4388 ) ) ;
#4393 = COORDINATED_UNIVERSAL_TIME_OFFSET ( 9, 0, .AHEAD. ) ;
#4394 = LOCAL_TIME ( 13, 46, 10.00000000000000000, #4393 ) ;
#4395 = CALENDAR_DATE ( 2013, 29, 10 ) ;
#4396 = DATE_AND_TIME ( #4395, #4394 ) ;
#4397 = COORDINATED_UNIVERSAL_TIME_OFFSET ( 9, 0, .AHEAD. ) ;
#4398 = LOCAL_TIME ( 13, 46, 10.00000000000000000, #4397 ) ;
#4399 = ADVANCED_FACE ( 'NONE', ( #1135 ), #1136, .F. ) ;
#4400 = EDGE_CURVE ( 'NONE', #5092, #4220, #1145, .T. ) ;
#4401 = CALENDAR_DATE ( 2013, 29, 10 ) ;
#4402 = DATE_AND_TIME ( #4401, #4398 ) ;
#4403 = APPROVAL_DATE_TIME ( #4402, #4391 ) ;
#4404 = APPROVAL_ROLE ( '' ) ;
#4405 = PERSON ( 'NAUO-PER1', 'UNSPECIFIED', 'UNSPECIFIED', ('UNSPECIFIED'), ('UNSPECIFIED'), ('UNSPECIFIED') ) ;
#4406 = ORGANIZATION ( 'NAUO-ORG1', 'UNSPECIFIED', 'UNSPECIFIED' ) ;
#4407 = PERSON_AND_ORGANIZATION ( #4405, #4406 ) ;
#4408 = APPROVAL_PERSON_ORGANIZATION ( #4407, #4391, #4404 ) ;
#4409 = DATE_TIME_ROLE ( 'classification_date' ) ;
#4410 = PERSON_AND_ORGANIZATION_ROLE ( 'classification_officer' ) ;
#4411 = CC_DESIGN_DATE_AND_TIME_ASSIGNMENT ( #4396, #4409, ( #4388 ) ) ;
#4412 = CC_DESIGN_PERSON_AND_ORGANIZATION_ASSIGNMENT ( #4407, #4410, ( #4388 ) ) ;
#4413 = CONTEXT_DEPENDENT_SHAPE_REPRESENTATION ( #4384, #4385 ) ;
#4414 = ITEM_DEFINED_TRANSFORMATION ( 'NONE', 'NONE', #4108,  #4083 ) ;
#4415 =( REPRESENTATION_RELATIONSHIP ('NONE','NONE', #4099, #4097 ) REPRESENTATION_RELATIONSHIP_WITH_TRANSFORMATION ( #4414 )SHAPE_REPRESENTATION_RELATIONSHIP( ) );
#4416 = PRODUCT_DEFINITION_SHAPE ( 'NONE', 'NONE',  #4418 ) ;
#4417 = ORIENTED_EDGE ( 'NONE', *, *, #195, .T. ) ;
#4418 = NEXT_ASSEMBLY_USAGE_OCCURRENCE ( 'NAUO2', ' ', ' ', #4140, #4225, $ ) ;
#4419 = SECURITY_CLASSIFICATION_LEVEL ( 'unclassified' ) ;
#4420 = SECURITY_CLASSIFICATION ( '', '', #4419 ) ;
#4421 = CC_DESIGN_SECURITY_CLASSIFICATION ( #4420, ( #4418 ) ) ;
#4422 = APPROVAL_STATUS ( 'not_yet_approved' ) ;
#4423 = APPROVAL ( #4422, 'UNKNOWN' ) ;
#4424 = CC_DESIGN_APPROVAL ( #4423, ( #4420 ) ) ;
#4425 = COORDINATED_UNIVERSAL_TIME_OFFSET ( 9, 0, .AHEAD. ) ;
#4426 = LOCAL_TIME ( 13, 46, 10.00000000000000000, #4425 ) ;
#4427 = CALENDAR_DATE ( 2013, 29, 10 ) ;
#4428 = DATE_AND_TIME ( #4427, #4426 ) ;
#4429 = COORDINATED_UNIVERSAL_TIME_OFFSET ( 9, 0, .AHEAD. ) ;
#4430 = LOCAL_TIME ( 13, 46, 10.00000000000000000, #4429 ) ;
#4431 = CALENDAR_DATE ( 2013, 29, 10 ) ;
#4432 = DATE_AND_TIME ( #4431, #4430 ) ;
#4433 = APPROVAL_DATE_TIME ( #4432, #4423 ) ;
#4434 = APPROVAL_ROLE ( '' ) ;
#4435 = PERSON ( 'NAUO-PER2', 'UNSPECIFIED', 'UNSPECIFIED', ('UNSPECIFIED'), ('UNSPECIFIED'), ('UNSPECIFIED') ) ;
#4436 = ORGANIZATION ( 'NAUO-ORG2', 'UNSPECIFIED', 'UNSPECIFIED' ) ;
#4437 = PERSON_AND_ORGANIZATION ( #4435, #4436 ) ;
#4438 = APPROVAL_PERSON_ORGANIZATION ( #4437, #4423, #4434 ) ;
#4439 = DATE_TIME_ROLE ( 'classification_date' ) ;
#4440 = PERSON_AND_ORGANIZATION_ROLE ( 'classification_officer' ) ;
#4441 = CC_DESIGN_DATE_AND_TIME_ASSIGNMENT ( #4428, #4439, ( #4420 ) ) ;
#4442 = CC_DESIGN_PERSON_AND_ORGANIZATION_ASSIGNMENT ( #4437, #4440, ( #4420 ) ) ;
#4443 = CONTEXT_DEPENDENT_SHAPE_REPRESENTATION ( #4415, #4416 ) ;
#4444 = ITEM_DEFINED_TRANSFORMATION ( 'NONE', 'NONE', #4115,  #4083 ) ;
#4445 =( REPRESENTATION_RELATIONSHIP ('NONE','NONE', #4099, #4087 ) REPRESENTATION_RELATIONSHIP_WITH_TRANSFORMATION ( #4444 )SHAPE_REPRESENTATION_RELATIONSHIP( ) );
#4446 = PRODUCT_DEFINITION_SHAPE ( 'NONE', 'NONE',  #4447 ) ;
#4447 = NEXT_ASSEMBLY_USAGE_OCCURRENCE ( 'NAUO3', ' ', ' ', #4140, #4304, $ ) ;
#4448 = SECURITY_CLASSIFICATION_LEVEL ( 'unclassified' ) ;
#4449 = SECURITY_CLASSIFICATION ( '', '', #4448 ) ;
#4450 = ORIENTED_EDGE ( 'NONE', *, *, #5148, .T. ) ;
#4451 = EDGE_CURVE ( 'NONE', #74, #4887, #1166, .T. ) ;
#4452 = EDGE_LOOP ( 'NONE', ( #4549, #5086, #5146, #5216, #24, #4827, #4858, #4886, #4911, #1184, #1762, #2240 ) ) ;
#4453 = CC_DESIGN_SECURITY_CLASSIFICATION ( #4449, ( #4447 ) ) ;
#4454 = APPROVAL_STATUS ( 'not_yet_approved' ) ;
#4455 = APPROVAL ( #4454, 'UNKNOWN' ) ;
#4456 = CC_DESIGN_APPROVAL ( #4455, ( #4449 ) ) ;
#4457 = COORDINATED_UNIVERSAL_TIME_OFFSET ( 9, 0, .AHEAD. ) ;
#4458 = LOCAL_TIME ( 13, 46, 10.00000000000000000, #4457 ) ;
#4459 = CALENDAR_DATE ( 2013, 29, 10 ) ;
#4460 = DATE_AND_TIME ( #4459, #4458 ) ;
#4461 = COORDINATED_UNIVERSAL_TIME_OFFSET ( 9, 0, .AHEAD. ) ;
#4462 = LOCAL_TIME ( 13, 46, 10.00000000000000000, #4461 ) ;
#4463 = CALENDAR_DATE ( 2013, 29, 10 ) ;
#4464 = DATE_AND_TIME ( #4463, #4462 ) ;
#4465 = APPROVAL_DATE_TIME ( #4464, #4455 ) ;
#4466 = APPROVAL_ROLE ( '' ) ;
#4467 = PERSON ( 'NAUO-PER3', 'UNSPECIFIED', 'UNSPECIFIED', ('UNSPECIFIED'), ('UNSPECIFIED'), ('UNSPECIFIED') ) ;
#4468 = ORGANIZATION ( 'NAUO-ORG3', 'UNSPECIFIED', 'UNSPECIFIED' ) ;
#4469 = ORIENTED_EDGE ( 'NONE', *, *, #423, .T. ) ;
#4470 = PERSON_AND_ORGANIZATION ( #4467, #4468 ) ;
#4471 = APPROVAL_PERSON_ORGANIZATION ( #4470, #4455, #4466 ) ;
#4472 = DATE_TIME_ROLE ( 'classification_date' ) ;
#4473 = PERSON_AND_ORGANIZATION_ROLE ( 'classification_officer' ) ;
#4474 = CC_DESIGN_DATE_AND_TIME_ASSIGNMENT ( #4460, #4472, ( #4449 ) ) ;
#4475 = CC_DESIGN_PERSON_AND_ORGANIZATION_ASSIGNMENT ( #4470, #4473, ( #4449 ) ) ;
#4476 = CONTEXT_DEPENDENT_SHAPE_REPRESENTATION ( #4445, #4446 ) ;
#4477 = ADVANCED_FACE ( 'NONE', ( #1172 ), #1173, .F. ) ;
#4478 = ORIENTED_EDGE ( 'NONE', *, *, #2112, .T. ) ;
#4479 = ADVANCED_FACE ( 'NONE', ( #1197 ), #1198, .F. ) ;
#4480 = ORIENTED_EDGE ( 'NONE', *, *, #4525, .F. ) ;
#4481 = EDGE_LOOP ( 'NONE', ( #4538, #4595, #4490, #4594 ) ) ;
#4482 = ORIENTED_EDGE ( 'NONE', *, *, #4523, .T. ) ;
#4483 = ORIENTED_EDGE ( 'NONE', *, *, #4565, .F. ) ;
#4484 = EDGE_CURVE ( 'NONE', #4510, #3788, #1208, .T. ) ;
#4485 = EDGE_LOOP ( 'NONE', ( #4539, #4596, #399, #438, #510, #1520, #2319, #2794 ) ) ;
#4486 = ORIENTED_EDGE ( 'NONE', *, *, #4528, .F. ) ;
#4487 = ORIENTED_EDGE ( 'NONE', *, *, #4524, .F. ) ;
#4488 = ORIENTED_EDGE ( 'NONE', *, *, #4515, .F. ) ;
#4489 = VERTEX_POINT ( 'NONE', #1221 ) ;
#4490 = ORIENTED_EDGE ( 'NONE', *, *, #4517, .T. ) ;
#4491 = VERTEX_POINT ( 'NONE', #1228 ) ;
#4492 = EDGE_LOOP ( 'NONE', ( #4002, #4694, #31, #64 ) ) ;
#4493 = ADVANCED_FACE ( 'NONE', ( #1240 ), #1241, .T. ) ;
#4494 = EDGE_CURVE ( 'NONE', #5094, #4520, #1248, .T. ) ;
#4495 = EDGE_LOOP ( 'NONE', ( #4542, #5035 ) ) ;
#4496 = ORIENTED_EDGE ( 'NONE', *, *, #169, .F. ) ;
#4497 = ADVANCED_FACE ( 'NONE', ( #1252 ), #1253, .F. ) ;
#4498 = ADVANCED_FACE ( 'NONE', ( #1259 ), #1260, .T. ) ;
#4499 = ORIENTED_EDGE ( 'NONE', *, *, #4509, .T. ) ;
#4500 = ADVANCED_FACE ( 'NONE', ( #1265 ), #1266, .T. ) ;
#4501 = ORIENTED_EDGE ( 'NONE', *, *, #1823, .F. ) ;
#4502 = ORIENTED_EDGE ( 'NONE', *, *, #4516, .T. ) ;
#4503 = ORIENTED_EDGE ( 'NONE', *, *, #3947, .F. ) ;
#4504 = ORIENTED_EDGE ( 'NONE', *, *, #4691, .T. ) ;
#4505 = EDGE_CURVE ( 'NONE', #4534, #3965, #1277, .T. ) ;
#4506 = ORIENTED_EDGE ( 'NONE', *, *, #4688, .T. ) ;
#4507 = ORIENTED_EDGE ( 'NONE', *, *, #5053, .F. ) ;
#4508 = EDGE_LOOP ( 'NONE', ( #51, #2560, #2466, #11 ) ) ;
#4509 = EDGE_CURVE ( 'NONE', #5024, #4571, #1281, .T. ) ;
#4510 = VERTEX_POINT ( 'NONE', #1293 ) ;
#4511 = ORIENTED_EDGE ( 'NONE', *, *, #5178, .T. ) ;
#4512 = VERTEX_POINT ( 'NONE', #1295 ) ;
#4513 = ORIENTED_EDGE ( 'NONE', *, *, #4557, .F. ) ;
#4514 = ORIENTED_EDGE ( 'NONE', *, *, #4484, .T. ) ;
#4515 = EDGE_CURVE ( 'NONE', #4546, #4582, #1300, .T. ) ;
#4516 = EDGE_CURVE ( 'NONE', #4655, #4680, #1304, .T. ) ;
#4517 = EDGE_CURVE ( 'NONE', #1483, #5013, #1311, .T. ) ;
#4518 = ORIENTED_EDGE ( 'NONE', *, *, #1463, .T. ) ;
#4519 = EDGE_LOOP ( 'NONE', ( #4870, #4883, #4945, #4963 ) ) ;
#4520 = VERTEX_POINT ( 'NONE', #1321 ) ;
#4521 = EDGE_LOOP ( 'NONE', ( #4567, #4627, #4710, #443 ) ) ;
#4522 = EDGE_LOOP ( 'NONE', ( #4875, #4701, #3092, #354 ) ) ;
#4523 = EDGE_CURVE ( 'NONE', #538, #2502, #1322, .T. ) ;
#4524 = EDGE_CURVE ( 'NONE', #4574, #490, #1329, .T. ) ;
#4525 = EDGE_CURVE ( 'NONE', #4552, #5206, #1333, .T. ) ;
#4526 = ADVANCED_FACE ( 'NONE', ( #1337 ), #1338, .T. ) ;
#4527 = ORIENTED_EDGE ( 'NONE', *, *, #609, .T. ) ;
#4528 = EDGE_CURVE ( 'NONE', #4555, #4574, #1363, .T. ) ;
#4529 = ORIENTED_EDGE ( 'NONE', *, *, #4687, .T. ) ;
#4530 = ORIENTED_EDGE ( 'NONE', *, *, #4602, .T. ) ;
#4531 = ADVANCED_FACE ( 'NONE', ( #1371 ), #1372, .F. ) ;
#4532 = ORIENTED_EDGE ( 'NONE', *, *, #107, .T. ) ;
#4533 = ORIENTED_EDGE ( 'NONE', *, *, #4566, .F. ) ;
#4534 = VERTEX_POINT ( 'NONE', #1389 ) ;
#4535 = ORIENTED_EDGE ( 'NONE', *, *, #5166, .F. ) ;
#4536 = EDGE_LOOP ( 'NONE', ( #4590, #178, #282, #368 ) ) ;
#4537 = ORIENTED_EDGE ( 'NONE', *, *, #184, .T. ) ;
#4538 = ORIENTED_EDGE ( 'NONE', *, *, #1150, .F. ) ;
#4539 = ORIENTED_EDGE ( 'NONE', *, *, #5233, .T. ) ;
#4540 = ADVANCED_FACE ( 'NONE', ( #1420, #1421 ), #1422, .T. ) ;
#4541 = ADVANCED_FACE ( 'NONE', ( #1437 ), #1438, .T. ) ;
#4542 = ORIENTED_EDGE ( 'NONE', *, *, #4631, .F. ) ;
#4543 = ORIENTED_EDGE ( 'NONE', *, *, #574, .F. ) ;
#4544 = ADVANCED_FACE ( 'NONE', ( #1457 ), #1458, .F. ) ;
#4545 = EDGE_CURVE ( 'NONE', #4570, #2504, #1465, .T. ) ;
#4546 = VERTEX_POINT ( 'NONE', #1479 ) ;
#4547 = ORIENTED_EDGE ( 'NONE', *, *, #5076, .T. ) ;
#4548 = EDGE_CURVE ( 'NONE', #482, #4571, #1489, .T. ) ;
#4549 = ORIENTED_EDGE ( 'NONE', *, *, #493, .F. ) ;
#4550 = ORIENTED_EDGE ( 'NONE', *, *, #4589, .F. ) ;
#4551 = ORIENTED_EDGE ( 'NONE', *, *, #596, .T. ) ;
#4552 = VERTEX_POINT ( 'NONE', #1493 ) ;
#4553 = ADVANCED_FACE ( 'NONE', ( #1494 ), #1495, .F. ) ;
#4554 = VERTEX_POINT ( 'NONE', #1524 ) ;
#4555 = VERTEX_POINT ( 'NONE', #1525 ) ;
#4556 = ADVANCED_FACE ( 'NONE', ( #1531 ), #1532, .T. ) ;
#4557 = EDGE_CURVE ( 'NONE', #4582, #489, #1537, .T. ) ;
#4558 = ADVANCED_FACE ( 'NONE', ( #1545 ), #1546, .F. ) ;
#4559 = EDGE_LOOP ( 'NONE', ( #1558, #3898, #2632, #5215 ) ) ;
#4560 = ORIENTED_EDGE ( 'NONE', *, *, #4599, .T. ) ;
#4561 = ADVANCED_FACE ( 'NONE', ( #1590 ), #1591, .F. ) ;
#4562 = ADVANCED_FACE ( 'NONE', ( #1597 ), #1598, .F. ) ;
#4563 = EDGE_CURVE ( 'NONE', #3199, #4593, #1610, .T. ) ;
#4564 = EDGE_LOOP ( 'NONE', ( #5124, #5187, #6, #2812, #3233, #1727, #2503 ) ) ;
#4565 = EDGE_CURVE ( 'NONE', #4670, #4591, #1625, .T. ) ;
#4566 = EDGE_CURVE ( 'NONE', #5174, #522, #1630, .T. ) ;
#4567 = ORIENTED_EDGE ( 'NONE', *, *, #605, .F. ) ;
#4568 = ORIENTED_EDGE ( 'NONE', *, *, #95, .T. ) ;
#4569 = ORIENTED_EDGE ( 'NONE', *, *, #4612, .F. ) ;
#4570 = VERTEX_POINT ( 'NONE', #1664 ) ;
#4571 = VERTEX_POINT ( 'NONE', #1665 ) ;
#4572 = EDGE_CURVE ( 'NONE', #4942, #313, #1667, .T. ) ;
#4573 = ORIENTED_EDGE ( 'NONE', *, *, #123, .T. ) ;
#4574 = VERTEX_POINT ( 'NONE', #1672 ) ;
#4575 = ORIENTED_EDGE ( 'NONE', *, *, #4801, .F. ) ;
#4576 = EDGE_CURVE ( 'NONE', #133, #2936, #1678, .T. ) ;
#4577 = ADVANCED_FACE ( 'NONE', ( #1683 ), #1684, .F. ) ;
#4578 = ORIENTED_EDGE ( 'NONE', *, *, #553, .T. ) ;
#4579 = ORIENTED_EDGE ( 'NONE', *, *, #4619, .F. ) ;
#4580 = ADVANCED_FACE ( 'NONE', ( #1696 ), #1697, .T. ) ;
#4581 = CLOSED_SHELL ( 'NONE', ( #478, #4381, #4556, #4493, #4985, #4272, #600, #4637, #5085, #4652, #4553, #3825, #4540, #236, #492, #4776, #353, #5170, #1649, #3144, #4723, #4752, #442, #4791, #4634, #43, #4633, #2630, #164, #253, #4621, #4095, #66, #4812, #228, #332, #4201, #452, #555, #232, #5168, #390, #4399, #4577, #4479, #711, #35, #4561, #4477, #625, #4497, #1782, #430, #110, #367, #425, #4327, #306, #5218, #414, #799, #4844, #239, #4615, #3339, #4800, #333, #63, #2129, #221, #512, #2318, #88, #431, #46, #65, #355, #5103, #4580, #4759, #4039, #2278, #290, #260, #252, #136, #4658, #4544, #635, #402, #4562, #4766, #280, #3234, #4558, #4531, #4932, #4702, #161, #4614, #4628, #4910, #4498, #4526, #1359, #1931, #2540, #323, #580, #465, #4061, #4500, #5195, #1393, #384, #550, #36, #5134, #516 ) ) ;
#4582 = VERTEX_POINT ( 'NONE', #1714 ) ;
#4583 = ORIENTED_EDGE ( 'NONE', *, *, #4602, .F. ) ;
#4584 = ORIENTED_EDGE ( 'NONE', *, *, #1272, .T. ) ;
#4585 = EDGE_LOOP ( 'NONE', ( #4636, #4666, #137, #187, #295, #328 ) ) ;
#4586 = EDGE_LOOP ( 'NONE', ( #4639, #4684, #4744, #4769 ) ) ;
#4587 = ORIENTED_EDGE ( 'NONE', *, *, #4604, .F. ) ;
#4588 = EDGE_LOOP ( 'NONE', ( #3713, #520, #180, #2774 ) ) ;
#4589 = EDGE_CURVE ( 'NONE', #4618, #1080, #1747, .T. ) ;
#4590 = ORIENTED_EDGE ( 'NONE', *, *, #4625, .F. ) ;
#4591 = VERTEX_POINT ( 'NONE', #1767 ) ;
#4592 = EDGE_LOOP ( 'NONE', ( #4643, #499, #551, #584 ) ) ;
#4593 = VERTEX_POINT ( 'NONE', #1793 ) ;
#4594 = ORIENTED_EDGE ( 'NONE', *, *, #4997, .F. ) ;
#4595 = ORIENTED_EDGE ( 'NONE', *, *, #2245, .F. ) ;
#4596 = ORIENTED_EDGE ( 'NONE', *, *, #582, .T. ) ;
#4597 = EDGE_LOOP ( 'NONE', ( #47, #554 ) ) ;
#4598 = ORIENTED_EDGE ( 'NONE', *, *, #4638, .F. ) ;
#4599 = EDGE_CURVE ( 'NONE', #4489, #4669, #1816, .T. ) ;
#4600 = EDGE_CURVE ( 'NONE', #532, #5184, #1825, .T. ) ;
#4601 = EDGE_LOOP ( 'NONE', ( #116, #509, #3041, #2354 ) ) ;
#4602 = EDGE_CURVE ( 'NONE', #1685, #1893, #1829, .T. ) ;
#4603 = EDGE_LOOP ( 'NONE', ( #4649, #4700, #4755, #4788, #454, #494 ) ) ;
#4604 = EDGE_CURVE ( 'NONE', #4783, #4534, #1841, .T. ) ;
#4605 = ORIENTED_EDGE ( 'NONE', *, *, #4640, .T. ) ;
#4606 = ORIENTED_EDGE ( 'NONE', *, *, #611, .T. ) ;
#4607 = ORIENTED_EDGE ( 'NONE', *, *, #559, .F. ) ;
#4608 = ORIENTED_EDGE ( 'NONE', *, *, #135, .F. ) ;
#4609 = ORIENTED_EDGE ( 'NONE', *, *, #360, .T. ) ;
#4610 = ORIENTED_EDGE ( 'NONE', *, *, #382, .T. ) ;
#4611 = ORIENTED_EDGE ( 'NONE', *, *, #2202, .F. ) ;
#4612 = EDGE_CURVE ( 'NONE', #5117, #3788, #1886, .T. ) ;
#4613 = ORIENTED_EDGE ( 'NONE', *, *, #418, .T. ) ;
#4614 = ADVANCED_FACE ( 'NONE', ( #1890 ), #1891, .F. ) ;
#4615 = ADVANCED_FACE ( 'NONE', ( #1899 ), #1900, .T. ) ;
#4616 = ORIENTED_EDGE ( 'NONE', *, *, #4647, .T. ) ;
#4617 = ORIENTED_EDGE ( 'NONE', *, *, #154, .F. ) ;
#4618 = VERTEX_POINT ( 'NONE', #1910 ) ;
#4619 = EDGE_CURVE ( 'NONE', #4629, #53, #1918, .T. ) ;
#4620 = ORIENTED_EDGE ( 'NONE', *, *, #4653, .T. ) ;
#4621 = ADVANCED_FACE ( 'NONE', ( #1938 ), #1939, .T. ) ;
#4622 = EDGE_CURVE ( 'NONE', #557, #4721, #1957, .T. ) ;
#4623 = ORIENTED_EDGE ( 'NONE', *, *, #2757, .T. ) ;
#4624 = ORIENTED_EDGE ( 'NONE', *, *, #4659, .F. ) ;
#4625 = EDGE_CURVE ( 'NONE', #4651, #4669, #1993, .T. ) ;
#4626 = EDGE_LOOP ( 'NONE', ( #4674, #4959, #5001, #5038 ) ) ;
#4627 = ORIENTED_EDGE ( 'NONE', *, *, #4657, .T. ) ;
#4628 = ADVANCED_FACE ( 'NONE', ( #2003 ), #2005, .F. ) ;
#4629 = VERTEX_POINT ( 'NONE', #2010 ) ;
#4630 = ORIENTED_EDGE ( 'NONE', *, *, #3587, .F. ) ;
#4631 = EDGE_CURVE ( 'NONE', #4654, #4675, #2011, .T. ) ;
#4632 = ORIENTED_EDGE ( 'NONE', *, *, #2241, .F. ) ;
#4633 = ADVANCED_FACE ( 'NONE', ( #2029 ), #2030, .T. ) ;
#4634 = ADVANCED_FACE ( 'NONE', ( #2035 ), #2036, .F. ) ;
#4635 = ORIENTED_EDGE ( 'NONE', *, *, #4622, .F. ) ;
#4636 = ORIENTED_EDGE ( 'NONE', *, *, #23, .F. ) ;
#4637 = ADVANCED_FACE ( 'NONE', ( #2075 ), #2076, .T. ) ;
#4638 = EDGE_CURVE ( 'NONE', #4803, #4546, #2082, .T. ) ;
#4639 = ORIENTED_EDGE ( 'NONE', *, *, #263, .T. ) ;
#4640 = EDGE_CURVE ( 'NONE', #4552, #159, #2097, .T. ) ;
#4641 = ORIENTED_EDGE ( 'NONE', *, *, #4679, .T. ) ;
#4642 = EDGE_LOOP ( 'NONE', ( #4184, #4496, #4551, #4608 ) ) ;
#4643 = ORIENTED_EDGE ( 'NONE', *, *, #528, .F. ) ;
#4644 = ORIENTED_EDGE ( 'NONE', *, *, #320, .T. ) ;
#4645 = ORIENTED_EDGE ( 'NONE', *, *, #4671, .F. ) ;
#4646 = EDGE_CURVE ( 'NONE', #2936, #4670, #2142, .T. ) ;
#4647 = EDGE_CURVE ( 'NONE', #5231, #591, #2153, .T. ) ;
#4648 = VERTEX_POINT ( 'NONE', #2183 ) ;
#4649 = ORIENTED_EDGE ( 'NONE', *, *, #4563, .F. ) ;
#4650 = EDGE_LOOP ( 'NONE', ( #525, #556, #587, #4808 ) ) ;
#4651 = VERTEX_POINT ( 'NONE', #2193 ) ;
#4652 = ADVANCED_FACE ( 'NONE', ( #2194 ), #2195, .F. ) ;
#4653 = EDGE_CURVE ( 'NONE', #4678, #4695, #2200, .T. ) ;
#4654 = VERTEX_POINT ( 'NONE', #2212 ) ;
#4655 = VERTEX_POINT ( 'NONE', #2213 ) ;
#4656 = ADVANCED_FACE ( 'NONE', ( #2214 ), #2215, .F. ) ;
#4657 = EDGE_CURVE ( 'NONE', #331, #305, #2256, .T. ) ;
#4658 = ADVANCED_FACE ( 'NONE', ( #2261 ), #2262, .F. ) ;
#4659 = EDGE_CURVE ( 'NONE', #342, #4570, #2267, .T. ) ;
#4660 = EDGE_LOOP ( 'NONE', ( #4623, #3789 ) ) ;
#4661 = ORIENTED_EDGE ( 'NONE', *, *, #4691, .F. ) ;
#4662 = ORIENTED_EDGE ( 'NONE', *, *, #5083, .T. ) ;
#4663 = EDGE_LOOP ( 'NONE', ( #4711, #4765, #132, #199 ) ) ;
#4664 = ORIENTED_EDGE ( 'NONE', *, *, #4699, .T. ) ;
#4665 = ORIENTED_EDGE ( 'NONE', *, *, #2902, .F. ) ;
#4666 = ORIENTED_EDGE ( 'NONE', *, *, #4566, .T. ) ;
#4667 = EDGE_LOOP ( 'NONE', ( #4716, #4784, #3550, #4022 ) ) ;
#4668 = ORIENTED_EDGE ( 'NONE', *, *, #544, .T. ) ;
#4669 = VERTEX_POINT ( 'NONE', #2342 ) ;
#4670 = VERTEX_POINT ( 'NONE', #2343 ) ;
#4671 = EDGE_CURVE ( 'NONE', #270, #4841, #2357, .T. ) ;
#4672 = ADVANCED_FACE ( 'NONE', ( #2362 ), #2363, .F. ) ;
#4673 = ORIENTED_EDGE ( 'NONE', *, *, #2541, .F. ) ;
#4674 = ORIENTED_EDGE ( 'NONE', *, *, #4790, .T. ) ;
#4675 = VERTEX_POINT ( 'NONE', #2379 ) ;
#4676 = ORIENTED_EDGE ( 'NONE', *, *, #4708, .T. ) ;
#4677 = EDGE_CURVE ( 'NONE', #3766, #1875, #2381, .T. ) ;
#4678 = VERTEX_POINT ( 'NONE', #2386 ) ;
#4679 = EDGE_CURVE ( 'NONE', #4593, #4805, #2387, .T. ) ;
#4680 = VERTEX_POINT ( 'NONE', #2401 ) ;
#4681 = ORIENTED_EDGE ( 'NONE', *, *, #4881, .F. ) ;
#4682 = EDGE_LOOP ( 'NONE', ( #4732, #4782, #4819, #242, #307, #358, #4001, #4417, #4527, #4584, #1933, #42, #131, #4114 ) ) ;
#4683 = EDGE_CURVE ( 'NONE', #4921, #4865, #2415, .T. ) ;
#4684 = ORIENTED_EDGE ( 'NONE', *, *, #4505, .T. ) ;
#4685 = ORIENTED_EDGE ( 'NONE', *, *, #476, .F. ) ;
#4686 = EDGE_CURVE ( 'NONE', #4761, #4809, #2465, .T. ) ;
#4687 = EDGE_CURVE ( 'NONE', #1540, #459, #2475, .T. ) ;
#4688 = EDGE_CURVE ( 'NONE', #4887, #4865, #2479, .T. ) ;
#4689 = EDGE_LOOP ( 'NONE', ( #393, #470, #506, #114 ) ) ;
#4690 = ORIENTED_EDGE ( 'NONE', *, *, #4704, .F. ) ;
#4691 = EDGE_CURVE ( 'NONE', #4724, #1445, #2511, .T. ) ;
#4692 = EDGE_LOOP ( 'NONE', ( #4749, #4346, #4513, #4488, #4598 ) ) ;
#4693 = ORIENTED_EDGE ( 'NONE', *, *, #211, .T. ) ;
#4694 = ORIENTED_EDGE ( 'NONE', *, *, #4988, .F. ) ;
#4695 = VERTEX_POINT ( 'NONE', #2528 ) ;
#4696 = EDGE_CURVE ( 'NONE', #4721, #339, #2529, .T. ) ;
#4697 = ORIENTED_EDGE ( 'NONE', *, *, #3409, .T. ) ;
#4698 = ORIENTED_EDGE ( 'NONE', *, *, #4646, .F. ) ;
#4699 = EDGE_CURVE ( 'NONE', #171, #73, #2534, .T. ) ;
#4700 = ORIENTED_EDGE ( 'NONE', *, *, #5055, .F. ) ;
#4701 = ORIENTED_EDGE ( 'NONE', *, *, #112, .T. ) ;
#4702 = ADVANCED_FACE ( 'NONE', ( #2542 ), #2543, .F. ) ;
#4703 = ORIENTED_EDGE ( 'NONE', *, *, #4713, .F. ) ;
#4704 = EDGE_CURVE ( 'NONE', #4729, #474, #2575, .T. ) ;
#4705 = ORIENTED_EDGE ( 'NONE', *, *, #5019, .F. ) ;
#4706 = ORIENTED_EDGE ( 'NONE', *, *, #4720, .F. ) ;
#4707 = ORIENTED_EDGE ( 'NONE', *, *, #4742, .F. ) ;
#4708 = EDGE_CURVE ( 'NONE', #522, #4737, #2588, .T. ) ;
#4709 = ORIENTED_EDGE ( 'NONE', *, *, #4905, .F. ) ;
#4710 = ORIENTED_EDGE ( 'NONE', *, *, #5057, .T. ) ;
#4711 = ORIENTED_EDGE ( 'NONE', *, *, #464, .F. ) ;
#4712 = ORIENTED_EDGE ( 'NONE', *, *, #4683, .F. ) ;
#4713 = EDGE_CURVE ( 'NONE', #4731, #621, #2611, .T. ) ;
#4714 = EDGE_LOOP ( 'NONE', ( #406, #505, #4795, #4645, #4725, #4770, #4219, #447 ) ) ;
#4715 = VERTEX_POINT ( 'NONE', #2618 ) ;
#4716 = ORIENTED_EDGE ( 'NONE', *, *, #316, .F. ) ;
#4717 = ORIENTED_EDGE ( 'NONE', *, *, #4935, .F. ) ;
#4718 = ORIENTED_EDGE ( 'NONE', *, *, #217, .F. ) ;
#4719 = VERTEX_POINT ( 'NONE', #2654 ) ;
#4720 = EDGE_CURVE ( 'NONE', #4942, #4956, #2661, .T. ) ;
#4721 = VERTEX_POINT ( 'NONE', #2684 ) ;
#4722 = ORIENTED_EDGE ( 'NONE', *, *, #4758, .F. ) ;
#4723 = ADVANCED_FACE ( 'NONE', ( #2708 ), #2709, .F. ) ;
#4724 = VERTEX_POINT ( 'NONE', #2714 ) ;
#4725 = ORIENTED_EDGE ( 'NONE', *, *, #245, .T. ) ;
#4726 = CLOSED_SHELL ( 'NONE', ( #415, #14, #4740, #192, #2448, #5029, #4363, #4656, #469, #4810, #3749, #3515, #302, #2393, #462, #5200, #4804, #4768, #458, #340, #5018, #4672, #4787, #495, #4815, #4541, #782, #2185, #4842, #81, #3463, #3200, #5188, #413 ) ) ;
#4727 = ORIENTED_EDGE ( 'NONE', *, *, #183, .T. ) ;
#4728 = ORIENTED_EDGE ( 'NONE', *, *, #127, .F. ) ;
#4729 = VERTEX_POINT ( 'NONE', #2745 ) ;
#4730 = EDGE_LOOP ( 'NONE', ( #4848, #4903, #4499, #3285 ) ) ;
#4731 = VERTEX_POINT ( 'NONE', #2786 ) ;
#4732 = ORIENTED_EDGE ( 'NONE', *, *, #409, .F. ) ;
#4733 = ORIENTED_EDGE ( 'NONE', *, *, #4834, .T. ) ;
#4734 = EDGE_CURVE ( 'NONE', #4762, #3375, #2800, .T. ) ;
#4735 = VERTEX_POINT ( 'NONE', #2810 ) ;
#4736 = ORIENTED_EDGE ( 'NONE', *, *, #2484, .F. ) ;
#4737 = VERTEX_POINT ( 'NONE', #2827 ) ;
#4738 = VERTEX_POINT ( 'NONE', #2828 ) ;
#4739 = ORIENTED_EDGE ( 'NONE', *, *, #4751, .T. ) ;
#4740 = ADVANCED_FACE ( 'NONE', ( #2831, #2832 ), #2833, .T. ) ;
#4741 = ORIENTED_EDGE ( 'NONE', *, *, #4855, .T. ) ;
#4742 = EDGE_CURVE ( 'NONE', #4764, #4783, #2838, .T. ) ;
#4743 = ORIENTED_EDGE ( 'NONE', *, *, #5006, .T. ) ;
#4744 = ORIENTED_EDGE ( 'NONE', *, *, #535, .F. ) ;
#4745 = EDGE_LOOP ( 'NONE', ( #5152, #5234, #4794, #5093 ) ) ;
#4746 = ORIENTED_EDGE ( 'NONE', *, *, #5176, .F. ) ;
#4747 = ORIENTED_EDGE ( 'NONE', *, *, #4772, .F. ) ;
#4748 = VERTEX_POINT ( 'NONE', #2863 ) ;
#4749 = ORIENTED_EDGE ( 'NONE', *, *, #4779, .F. ) ;
#4750 = EDGE_LOOP ( 'NONE', ( #4899, #4926, #4990, #62, #96, #142, #152, #194, #251, #4611, #4661, #4964, #5052, #1686 ) ) ;
#4751 = EDGE_CURVE ( 'NONE', #5032, #4962, #2900, .T. ) ;
#4752 = ADVANCED_FACE ( 'NONE', ( #2920 ), #2921, .F. ) ;
#4753 = ORIENTED_EDGE ( 'NONE', *, *, #5105, .T. ) ;
#4754 = ORIENTED_EDGE ( 'NONE', *, *, #4786, .T. ) ;
#4755 = ORIENTED_EDGE ( 'NONE', *, *, #4846, .T. ) ;
#4756 = ORIENTED_EDGE ( 'NONE', *, *, #4789, .T. ) ;
#4757 = ORIENTED_EDGE ( 'NONE', *, *, #4734, .F. ) ;
#4758 = EDGE_CURVE ( 'NONE', #4775, #4925, #2948, .T. ) ;
#4759 = ADVANCED_FACE ( 'NONE', ( #2952 ), #2953, .T. ) ;
#4760 = EDGE_LOOP ( 'NONE', ( #49, #4529, #304, #4799 ) ) ;
#4761 = VERTEX_POINT ( 'NONE', #3017 ) ;
#4762 = VERTEX_POINT ( 'NONE', #3038 ) ;
#4763 = ORIENTED_EDGE ( 'NONE', *, *, #4773, .F. ) ;
#4764 = VERTEX_POINT ( 'NONE', #3062 ) ;
#4765 = ORIENTED_EDGE ( 'NONE', *, *, #91, .T. ) ;
#4766 = ADVANCED_FACE ( 'NONE', ( #3063 ), #3064, .F. ) ;
#4767 = ORIENTED_EDGE ( 'NONE', *, *, #4801, .T. ) ;
#4768 = ADVANCED_FACE ( 'NONE', ( #3110 ), #3111, .T. ) ;
#4769 = ORIENTED_EDGE ( 'NONE', *, *, #118, .F. ) ;
#4770 = ORIENTED_EDGE ( 'NONE', *, *, #4790, .F. ) ;
#4771 = ORIENTED_EDGE ( 'NONE', *, *, #4686, .T. ) ;
#4772 = EDGE_CURVE ( 'NONE', #4802, #400, #3162, .T. ) ;
#4773 = EDGE_CURVE ( 'NONE', #4954, #4019, #3193, .T. ) ;
#4774 = EDGE_LOOP ( 'NONE', ( #4813, #4851, #4876, #124, #179, #229 ) ) ;
#4775 = VERTEX_POINT ( 'NONE', #3198 ) ;
#4776 = ADVANCED_FACE ( 'NONE', ( #3201 ), #3202, .F. ) ;
#4777 = ORIENTED_EDGE ( 'NONE', *, *, #315, .T. ) ;
#4778 = EDGE_CURVE ( 'NONE', #489, #4806, #3216, .T. ) ;
#4779 = EDGE_CURVE ( 'NONE', #4806, #4803, #3221, .T. ) ;
#4780 = EDGE_CURVE ( 'NONE', #4807, #5179, #3226, .T. ) ;
#4781 = ORIENTED_EDGE ( 'NONE', *, *, #1707, .T. ) ;
#4782 = ORIENTED_EDGE ( 'NONE', *, *, #5133, .T. ) ;
#4783 = VERTEX_POINT ( 'NONE', #3254 ) ;
#4784 = ORIENTED_EDGE ( 'NONE', *, *, #3164, .T. ) ;
#4785 = ORIENTED_EDGE ( 'NONE', *, *, #477, .F. ) ;
#4786 = EDGE_CURVE ( 'NONE', #5209, #381, #3272, .T. ) ;
#4787 = ADVANCED_FACE ( 'NONE', ( #3283 ), #3286, .F. ) ;
#4788 = ORIENTED_EDGE ( 'NONE', *, *, #419, .T. ) ;
#4789 = EDGE_CURVE ( 'NONE', #3644, #5040, #3308, .T. ) ;
#4790 = EDGE_CURVE ( 'NONE', #3788, #159, #3327, .T. ) ;
#4791 = ADVANCED_FACE ( 'NONE', ( #3340 ), #3341, .F. ) ;
#4792 = ORIENTED_EDGE ( 'NONE', *, *, #1481, .T. ) ;
#4793 = ORIENTED_EDGE ( 'NONE', *, *, #2373, .T. ) ;
#4794 = ORIENTED_EDGE ( 'NONE', *, *, #4818, .T. ) ;
#4795 = ORIENTED_EDGE ( 'NONE', *, *, #4816, .T. ) ;
#4796 = EDGE_LOOP ( 'NONE', ( #4829, #4863, #4888, #616 ) ) ;
#4797 = ORIENTED_EDGE ( 'NONE', *, *, #216, .F. ) ;
#4798 = ORIENTED_EDGE ( 'NONE', *, *, #5004, .T. ) ;
#4799 = ORIENTED_EDGE ( 'NONE', *, *, #513, .F. ) ;
#4800 = ADVANCED_FACE ( 'NONE', ( #3414 ), #3415, .F. ) ;
#4801 = EDGE_CURVE ( 'NONE', #4721, #4574, #3420, .T. ) ;
#4802 = VERTEX_POINT ( 'NONE', #3424 ) ;
#4803 = VERTEX_POINT ( 'NONE', #3447 ) ;
#4804 = ADVANCED_FACE ( 'NONE', ( #3448 ), #3449, .F. ) ;
#4805 = VERTEX_POINT ( 'NONE', #3454 ) ;
#4806 = VERTEX_POINT ( 'NONE', #3462 ) ;
#4807 = VERTEX_POINT ( 'NONE', #3475 ) ;
#4808 = ORIENTED_EDGE ( 'NONE', *, *, #160, .F. ) ;
#4809 = VERTEX_POINT ( 'NONE', #3491 ) ;
#4810 = ADVANCED_FACE ( 'NONE', ( #3493 ), #3494, .F. ) ;
#4811 = EDGE_LOOP ( 'NONE', ( #4843, #4867, #4896, #1167 ) ) ;
#4812 = ADVANCED_FACE ( 'NONE', ( #3544 ), #3545, .T. ) ;
#4813 = ORIENTED_EDGE ( 'NONE', *, *, #869, .T. ) ;
#4814 = ORIENTED_EDGE ( 'NONE', *, *, #4824, .F. ) ;
#4815 = ADVANCED_FACE ( 'NONE', ( #3616 ), #3617, .F. ) ;
#4816 = EDGE_CURVE ( 'NONE', #4735, #4841, #3626, .T. ) ;
#4817 = ORIENTED_EDGE ( 'NONE', *, *, #4846, .F. ) ;
#4818 = EDGE_CURVE ( 'NONE', #53, #4839, #3630, .T. ) ;
#4819 = ORIENTED_EDGE ( 'NONE', *, *, #5017, .T. ) ;
#4820 = ORIENTED_EDGE ( 'NONE', *, *, #168, .F. ) ;
#4821 = ORIENTED_EDGE ( 'NONE', *, *, #50, .F. ) ;
#4822 = EDGE_LOOP ( 'NONE', ( #4847, #5045, #641, #1577, #4617, #4664 ) ) ;
#4823 = ORIENTED_EDGE ( 'NONE', *, *, #5016, .F. ) ;
#4824 = EDGE_CURVE ( 'NONE', #529, #4775, #3648, .T. ) ;
#4825 = ORIENTED_EDGE ( 'NONE', *, *, #5008, .T. ) ;
#4826 = EDGE_LOOP ( 'NONE', ( #327, #370, #68, #1254 ) ) ;
#4827 = ORIENTED_EDGE ( 'NONE', *, *, #5034, .F. ) ;
#4828 = ORIENTED_EDGE ( 'NONE', *, *, #3730, .F. ) ;
#4829 = ORIENTED_EDGE ( 'NONE', *, *, #387, .T. ) ;
#4830 = ORIENTED_EDGE ( 'NONE', *, *, #1857, .T. ) ;
#4831 = ORIENTED_EDGE ( 'NONE', *, *, #4840, .T. ) ;
#4832 = EDGE_LOOP ( 'NONE', ( #220, #303, #5123, #5222 ) ) ;
#4833 = ORIENTED_EDGE ( 'NONE', *, *, #542, .T. ) ;
#4834 = EDGE_CURVE ( 'NONE', #2936, #4220, #3654, .T. ) ;
#4835 = EDGE_LOOP ( 'NONE', ( #4862, #4898, #5066, #5119 ) ) ;
#4836 = ORIENTED_EDGE ( 'NONE', *, *, #4855, .F. ) ;
#4837 = ORIENTED_EDGE ( 'NONE', *, *, #4856, .F. ) ;
#4838 = ORIENTED_EDGE ( 'NONE', *, *, #112, .F. ) ;
#4839 = VERTEX_POINT ( 'NONE', #3674 ) ;
#4840 = EDGE_CURVE ( 'NONE', #4954, #1875, #3675, .T. ) ;
#4841 = VERTEX_POINT ( 'NONE', #3679 ) ;
#4842 = ADVANCED_FACE ( 'NONE', ( #3684 ), #3685, .F. ) ;
#4843 = ORIENTED_EDGE ( 'NONE', *, *, #4625, .T. ) ;
#4844 = ADVANCED_FACE ( 'NONE', ( #3690 ), #3691, .F. ) ;
#4845 = ORIENTED_EDGE ( 'NONE', *, *, #4860, .F. ) ;
#4846 = EDGE_CURVE ( 'NONE', #4859, #4982, #3702, .T. ) ;
#4847 = ORIENTED_EDGE ( 'NONE', *, *, #45, .T. ) ;
#4848 = ORIENTED_EDGE ( 'NONE', *, *, #4853, .T. ) ;
#4849 = EDGE_LOOP ( 'NONE', ( #4532, #148, #70, #568 ) ) ;
#4850 = VERTEX_POINT ( 'NONE', #3715 ) ;
#4851 = ORIENTED_EDGE ( 'NONE', *, *, #9, .T. ) ;
#4852 = ORIENTED_EDGE ( 'NONE', *, *, #4868, .F. ) ;
#4853 = EDGE_CURVE ( 'NONE', #482, #378, #3726, .T. ) ;
#4854 = ORIENTED_EDGE ( 'NONE', *, *, #5025, .F. ) ;
#4855 = EDGE_CURVE ( 'NONE', #3024, #4805, #3737, .T. ) ;
#4856 = EDGE_CURVE ( 'NONE', #5033, #4807, #3741, .T. ) ;
#4857 = EDGE_LOOP ( 'NONE', ( #4879, #4907, #4937, #4975 ) ) ;
#4858 = ORIENTED_EDGE ( 'NONE', *, *, #4699, .F. ) ;
#4859 = VERTEX_POINT ( 'NONE', #3759 ) ;
#4860 = EDGE_CURVE ( 'NONE', #61, #4783, #3760, .T. ) ;
#4861 = ORIENTED_EDGE ( 'NONE', *, *, #38, .F. ) ;
#4862 = ORIENTED_EDGE ( 'NONE', *, *, #485, .T. ) ;
#4863 = ORIENTED_EDGE ( 'NONE', *, *, #4927, .T. ) ;
#4864 = ORIENTED_EDGE ( 'NONE', *, *, #4677, .T. ) ;
#4865 = VERTEX_POINT ( 'NONE', #3779 ) ;
#4866 = VERTEX_POINT ( 'NONE', #3796 ) ;
#4867 = ORIENTED_EDGE ( 'NONE', *, *, #4599, .F. ) ;
#4868 = EDGE_CURVE ( 'NONE', #4877, #2668, #3797, .T. ) ;
#4869 = EDGE_CURVE ( 'NONE', #4962, #621, #3802, .T. ) ;
#4870 = ORIENTED_EDGE ( 'NONE', *, *, #4400, .T. ) ;
#4871 = ORIENTED_EDGE ( 'NONE', *, *, #4880, .F. ) ;
#4872 = EDGE_LOOP ( 'NONE', ( #4502, #298, #13, #117 ) ) ;
#4873 = EDGE_CURVE ( 'NONE', #4890, #4900, #3814, .T. ) ;
#4874 = EDGE_CURVE ( 'NONE', #4669, #345, #3819, .T. ) ;
#4875 = ORIENTED_EDGE ( 'NONE', *, *, #4905, .T. ) ;
#4876 = ORIENTED_EDGE ( 'NONE', *, *, #5115, .F. ) ;
#4877 = VERTEX_POINT ( 'NONE', #3832 ) ;
#4878 = VERTEX_POINT ( 'NONE', #3833 ) ;
#4879 = ORIENTED_EDGE ( 'NONE', *, *, #337, .F. ) ;
#4880 = EDGE_CURVE ( 'NONE', #4715, #342, #3841, .T. ) ;
#4881 = EDGE_CURVE ( 'NONE', #3024, #5186, #3848, .T. ) ;
#4882 = EDGE_CURVE ( 'NONE', #74, #4921, #3852, .T. ) ;
#4883 = ORIENTED_EDGE ( 'NONE', *, *, #4834, .F. ) ;
#4884 = ORIENTED_EDGE ( 'NONE', *, *, #4892, .T. ) ;
#4885 = VERTEX_POINT ( 'NONE', #3869 ) ;
#4886 = ORIENTED_EDGE ( 'NONE', *, *, #2667, .F. ) ;
#4887 = VERTEX_POINT ( 'NONE', #3870 ) ;
#4888 = ORIENTED_EDGE ( 'NONE', *, *, #588, .F. ) ;
#4889 = ORIENTED_EDGE ( 'NONE', *, *, #4202, .F. ) ;
#4890 = VERTEX_POINT ( 'NONE', #3878 ) ;
#4891 = EDGE_LOOP ( 'NONE', ( #4915, #4943, #4973, #4736, #4785, #4821 ) ) ;
#4892 = EDGE_CURVE ( 'NONE', #4859, #371, #3888, .T. ) ;
#4893 = ORIENTED_EDGE ( 'NONE', *, *, #5162, .T. ) ;
#4894 = ORIENTED_EDGE ( 'NONE', *, *, #4909, .F. ) ;
#4895 = ORIENTED_EDGE ( 'NONE', *, *, #3567, .F. ) ;
#4896 = ORIENTED_EDGE ( 'NONE', *, *, #4913, .F. ) ;
#4897 = ORIENTED_EDGE ( 'NONE', *, *, #37, .F. ) ;
#4898 = ORIENTED_EDGE ( 'NONE', *, *, #5022, .F. ) ;
#4899 = ORIENTED_EDGE ( 'NONE', *, *, #4525, .T. ) ;
#4900 = VERTEX_POINT ( 'NONE', #3903 ) ;
#4901 = ORIENTED_EDGE ( 'NONE', *, *, #5004, .F. ) ;
#4902 = EDGE_CURVE ( 'NONE', #339, #4678, #3920, .T. ) ;
#4903 = ORIENTED_EDGE ( 'NONE', *, *, #1612, .T. ) ;
#4904 = ORIENTED_EDGE ( 'NONE', *, *, #636, .T. ) ;
#4905 = EDGE_CURVE ( 'NONE', #78, #3766, #3934, .T. ) ;
#4906 = ORIENTED_EDGE ( 'NONE', *, *, #2042, .F. ) ;
#4907 = ORIENTED_EDGE ( 'NONE', *, *, #4494, .F. ) ;
#4908 = VERTEX_POINT ( 'NONE', #3943 ) ;
#4909 = EDGE_CURVE ( 'NONE', #4925, #4866, #3944, .T. ) ;
#4910 = ADVANCED_FACE ( 'NONE', ( #3950 ), #3951, .F. ) ;
#4911 = ORIENTED_EDGE ( 'NONE', *, *, #4920, .F. ) ;
#4912 = EDGE_LOOP ( 'NONE', ( #4507, #4543, #407, #4936, #4817, #4884, #411, #5070, #5127 ) ) ;
#4913 = EDGE_CURVE ( 'NONE', #202, #4489, #3960, .T. ) ;
#4914 = ORIENTED_EDGE ( 'NONE', *, *, #4933, .T. ) ;
#4915 = ORIENTED_EDGE ( 'NONE', *, *, #162, .F. ) ;
#4916 = ORIENTED_EDGE ( 'NONE', *, *, #4939, .F. ) ;
#4917 = EDGE_CURVE ( 'NONE', #163, #4931, #3974, .T. ) ;
#4918 = ORIENTED_EDGE ( 'NONE', *, *, #4928, .F. ) ;
#4919 = ORIENTED_EDGE ( 'NONE', *, *, #267, .F. ) ;
#4920 = EDGE_CURVE ( 'NONE', #374, #1801, #3980, .T. ) ;
#4921 = VERTEX_POINT ( 'NONE', #3986 ) ;
#4922 = EDGE_CURVE ( 'NONE', #4955, #4946, #3988, .T. ) ;
#4923 = ORIENTED_EDGE ( 'NONE', *, *, #16, .F. ) ;
#4924 = ORIENTED_EDGE ( 'NONE', *, *, #1895, .F. ) ;
#4925 = VERTEX_POINT ( 'NONE', #3997 ) ;
#4926 = ORIENTED_EDGE ( 'NONE', *, *, #4947, .T. ) ;
#4927 = EDGE_CURVE ( 'NONE', #4941, #1705, #4008, .T. ) ;
#4928 = EDGE_CURVE ( 'NONE', #351, #601, #4012, .T. ) ;
#4929 = EDGE_LOOP ( 'NONE', ( #4965, #5100, #5096, #5157, #5220, #349, #408, #620, #1306, #4894, #4722, #4814, #558, #5065 ) ) ;
#4930 = EDGE_LOOP ( 'NONE', ( #4952, #177, #223, #311 ) ) ;
#4931 = VERTEX_POINT ( 'NONE', #4026 ) ;
#4932 = ADVANCED_FACE ( 'NONE', ( #4031 ), #4032, .F. ) ;
#4933 = EDGE_CURVE ( 'NONE', #4950, #4729, #4037, .T. ) ;
#4934 = ORIENTED_EDGE ( 'NONE', *, *, #4961, .T. ) ;
#4935 = EDGE_CURVE ( 'NONE', #481, #4877, #4052, .T. ) ;
#4936 = ORIENTED_EDGE ( 'NONE', *, *, #4960, .F. ) ;
#4937 = ORIENTED_EDGE ( 'NONE', *, *, #5072, .F. ) ;
#4938 = ORIENTED_EDGE ( 'NONE', *, *, #1954, .F. ) ;
#4939 = EDGE_CURVE ( 'NONE', #623, #5227, #4067, .T. ) ;
#4940 = ORIENTED_EDGE ( 'NONE', *, *, #4686, .F. ) ;
#4941 = VERTEX_POINT ( 'NONE', #4071 ) ;
#4942 = VERTEX_POINT ( 'NONE', #4076 ) ;
#4943 = ORIENTED_EDGE ( 'NONE', *, *, #147, .F. ) ;
#4944 = VERTEX_POINT ( 'NONE', #1388 ) ;
#4945 = ORIENTED_EDGE ( 'NONE', *, *, #4576, .F. ) ;
#4946 = VERTEX_POINT ( 'NONE', #1395 ) ;
#4947 = EDGE_CURVE ( 'NONE', #5206, #5036, #1396, .T. ) ;
#4948 = EDGE_LOOP ( 'NONE', ( #562, #5125, #487, #4345 ) ) ;
#4949 = ORIENTED_EDGE ( 'NONE', *, *, #1576, .T. ) ;
#4950 = VERTEX_POINT ( 'NONE', #1430 ) ;
#4951 = ORIENTED_EDGE ( 'NONE', *, *, #5155, .F. ) ;
#4952 = ORIENTED_EDGE ( 'NONE', *, *, #4860, .T. ) ;
#4953 = ORIENTED_EDGE ( 'NONE', *, *, #4981, .T. ) ;
#4954 = VERTEX_POINT ( 'NONE', #1456 ) ;
#4955 = VERTEX_POINT ( 'NONE', #1480 ) ;
#4956 = VERTEX_POINT ( 'NONE', #1484 ) ;
#4957 = EDGE_LOOP ( 'NONE', ( #4998, #5039, #4845, #4897 ) ) ;
#4958 = EDGE_LOOP ( 'NONE', ( #4999, #1236, #2165, #5116, #4, #84 ) ) ;
#4959 = ORIENTED_EDGE ( 'NONE', *, *, #4640, .F. ) ;
#4960 = EDGE_CURVE ( 'NONE', #4982, #460, #1510, .T. ) ;
#4961 = EDGE_CURVE ( 'NONE', #5202, #165, #1516, .T. ) ;
#4962 = VERTEX_POINT ( 'NONE', #1530 ) ;
#4963 = ORIENTED_EDGE ( 'NONE', *, *, #4988, .T. ) ;
#4964 = ORIENTED_EDGE ( 'NONE', *, *, #4993, .F. ) ;
#4965 = ORIENTED_EDGE ( 'NONE', *, *, #4977, .F. ) ;
#4966 = ORIENTED_EDGE ( 'NONE', *, *, #4997, .T. ) ;
#4967 = ORIENTED_EDGE ( 'NONE', *, *, #2317, .T. ) ;
#4968 = ORIENTED_EDGE ( 'NONE', *, *, #5144, .F. ) ;
#4969 = ORIENTED_EDGE ( 'NONE', *, *, #1651, .F. ) ;
#4970 = ORIENTED_EDGE ( 'NONE', *, *, #375, .T. ) ;
#4971 = EDGE_LOOP ( 'NONE', ( #5000, #348, #5084, #146, #193, #5071, #5169 ) ) ;
#4972 = ORIENTED_EDGE ( 'NONE', *, *, #5002, .T. ) ;
#4973 = ORIENTED_EDGE ( 'NONE', *, *, #2558, .F. ) ;
#4974 = ORIENTED_EDGE ( 'NONE', *, *, #451, .F. ) ;
#4975 = ORIENTED_EDGE ( 'NONE', *, *, #4981, .F. ) ;
#4976 = VERTEX_POINT ( 'NONE', #1659 ) ;
#4977 = EDGE_CURVE ( 'NONE', #5036, #5054, #1660, .T. ) ;
#4978 = VERTEX_POINT ( 'NONE', #1666 ) ;
#4979 = ORIENTED_EDGE ( 'NONE', *, *, #5005, .T. ) ;
#4980 = ORIENTED_EDGE ( 'NONE', *, *, #5006, .F. ) ;
#4981 = EDGE_CURVE ( 'NONE', #993, #401, #1691, .T. ) ;
#4982 = VERTEX_POINT ( 'NONE', #1695 ) ;
#4983 = VERTEX_POINT ( 'NONE', #1702 ) ;
#4984 = ORIENTED_EDGE ( 'NONE', *, *, #4565, .T. ) ;
#4985 = ADVANCED_FACE ( 'NONE', ( #1757 ), #1758, .T. ) ;
#4986 = ORIENTED_EDGE ( 'NONE', *, *, #34, .T. ) ;
#4987 = ORIENTED_EDGE ( 'NONE', *, *, #4704, .T. ) ;
#4988 = EDGE_CURVE ( 'NONE', #133, #5092, #1775, .T. ) ;
#4989 = EDGE_LOOP ( 'NONE', ( #5030, #5074, #5129, #5192, #226 ) ) ;
#4990 = ORIENTED_EDGE ( 'NONE', *, *, #4977, .T. ) ;
#4991 = ORIENTED_EDGE ( 'NONE', *, *, #5016, .T. ) ;
#4992 = ORIENTED_EDGE ( 'NONE', *, *, #5017, .F. ) ;
#4993 = EDGE_CURVE ( 'NONE', #5009, #4724, #1794, .T. ) ;
#4994 = ORIENTED_EDGE ( 'NONE', *, *, #5019, .T. ) ;
#4995 = ORIENTED_EDGE ( 'NONE', *, *, #5020, .T. ) ;
#4996 = EDGE_LOOP ( 'NONE', ( #608, #643, #1063, #3842, #4305, #4511 ) ) ;
#4997 = EDGE_CURVE ( 'NONE', #4931, #5013, #1820, .T. ) ;
#4998 = ORIENTED_EDGE ( 'NONE', *, *, #613, .T. ) ;
#4999 = ORIENTED_EDGE ( 'NONE', *, *, #5025, .T. ) ;
#5000 = ORIENTED_EDGE ( 'NONE', *, *, #276, .F. ) ;
#5001 = ORIENTED_EDGE ( 'NONE', *, *, #2022, .T. ) ;
#5002 = EDGE_CURVE ( 'NONE', #383, #816, #1850, .T. ) ;
#5003 = ORIENTED_EDGE ( 'NONE', *, *, #139, .F. ) ;
#5004 = EDGE_CURVE ( 'NONE', #5024, #4885, #1864, .T. ) ;
#5005 = EDGE_CURVE ( 'NONE', #2668, #5027, #1905, .T. ) ;
#5006 = EDGE_CURVE ( 'NONE', #5015, #4941, #1911, .T. ) ;
#5007 = ORIENTED_EDGE ( 'NONE', *, *, #4509, .F. ) ;
#5008 = EDGE_CURVE ( 'NONE', #4809, #5032, #1961, .T. ) ;
#5009 = VERTEX_POINT ( 'NONE', #1971 ) ;
#5010 = ORIENTED_EDGE ( 'NONE', *, *, #473, .F. ) ;
#5011 = EDGE_CURVE ( 'NONE', #3514, #1540, #1972, .T. ) ;
#5012 = EDGE_CURVE ( 'NONE', #4220, #4976, #1978, .T. ) ;
#5013 = VERTEX_POINT ( 'NONE', #1988 ) ;
#5014 = EDGE_CURVE ( 'NONE', #5037, #5033, #1998, .T. ) ;
#5015 = VERTEX_POINT ( 'NONE', #2017 ) ;
#5016 = EDGE_CURVE ( 'NONE', #5186, #5040, #2018, .T. ) ;
#5017 = EDGE_CURVE ( 'NONE', #5173, #2059, #2025, .T. ) ;
#5018 = ADVANCED_FACE ( 'NONE', ( #2044 ), #2045, .T. ) ;
#5019 = EDGE_CURVE ( 'NONE', #5209, #5033, #2050, .T. ) ;
#5020 = EDGE_CURVE ( 'NONE', #546, #5090, #2055, .T. ) ;
#5021 = EDGE_LOOP ( 'NONE', ( #1668, #1987, #4041, #4986 ) ) ;
#5022 = EDGE_CURVE ( 'NONE', #5009, #4510, #2071, .T. ) ;
#5023 = ORIENTED_EDGE ( 'NONE', *, *, #377, .T. ) ;
#5024 = VERTEX_POINT ( 'NONE', #2081 ) ;
#5025 = EDGE_CURVE ( 'NONE', #5050, #5067, #2091, .T. ) ;
#5026 = ORIENTED_EDGE ( 'NONE', *, *, #5055, .T. ) ;
#5027 = VERTEX_POINT ( 'NONE', #2101 ) ;
#5028 = ORIENTED_EDGE ( 'NONE', *, *, #5053, .T. ) ;
#5029 = ADVANCED_FACE ( 'NONE', ( #2109 ), #2110, .T. ) ;
#5030 = ORIENTED_EDGE ( 'NONE', *, *, #5199, .F. ) ;
#5031 = EDGE_LOOP ( 'NONE', ( #5073, #5177, #5236, #197 ) ) ;
#5032 = VERTEX_POINT ( 'NONE', #2125 ) ;
#5033 = VERTEX_POINT ( 'NONE', #2137 ) ;
#5034 = EDGE_CURVE ( 'NONE', #73, #4655, #2138, .T. ) ;
#5035 = ORIENTED_EDGE ( 'NONE', *, *, #3164, .F. ) ;
#5036 = VERTEX_POINT ( 'NONE', #2157 ) ;
#5037 = VERTEX_POINT ( 'NONE', #2207 ) ;
#5038 = ORIENTED_EDGE ( 'NONE', *, *, #4612, .T. ) ;
#5039 = ORIENTED_EDGE ( 'NONE', *, *, #4742, .T. ) ;
#5040 = VERTEX_POINT ( 'NONE', #2220 ) ;
#5041 = EDGE_LOOP ( 'NONE', ( #3863, #450, #3694, #3321 ) ) ;
#5042 = ORIENTED_EDGE ( 'NONE', *, *, #5057, .F. ) ;
#5043 = ORIENTED_EDGE ( 'NONE', *, *, #5072, .T. ) ;
#5044 = EDGE_LOOP ( 'NONE', ( #4147, #3767, #248, #446 ) ) ;
#5045 = ORIENTED_EDGE ( 'NONE', *, *, #5075, .T. ) ;
#5046 = VERTEX_POINT ( 'NONE', #2236 ) ;
#5047 = EDGE_CURVE ( 'NONE', #4878, #378, #2251, .T. ) ;
#5048 = ORIENTED_EDGE ( 'NONE', *, *, #2298, .T. ) ;
#5049 = ORIENTED_EDGE ( 'NONE', *, *, #563, .F. ) ;
#5050 = VERTEX_POINT ( 'NONE', #2294 ) ;
#5051 = ORIENTED_EDGE ( 'NONE', *, *, #5078, .F. ) ;
#5052 = ORIENTED_EDGE ( 'NONE', *, *, #5083, .F. ) ;
#5053 = EDGE_CURVE ( 'NONE', #4719, #5077, #2311, .T. ) ;
#5054 = VERTEX_POINT ( 'NONE', #2337 ) ;
#5055 = EDGE_CURVE ( 'NONE', #4859, #3199, #2349, .T. ) ;
#5056 = ORIENTED_EDGE ( 'NONE', *, *, #638, .T. ) ;
#5057 = EDGE_CURVE ( 'NONE', #305, #4183, #2368, .T. ) ;
#5058 = ORIENTED_EDGE ( 'NONE', *, *, #472, .F. ) ;
#5059 = EDGE_LOOP ( 'NONE', ( #5110, #5171 ) ) ;
#5060 = ORIENTED_EDGE ( 'NONE', *, *, #677, .F. ) ;
#5061 = EDGE_CURVE ( 'NONE', #4655, #5082, #2397, .T. ) ;
#5062 = EDGE_LOOP ( 'NONE', ( #5128, #4934, #5003, #5048 ) ) ;
#5063 = ORIENTED_EDGE ( 'NONE', *, *, #5091, .T. ) ;
#5064 = ORIENTED_EDGE ( 'NONE', *, *, #5137, .F. ) ;
#5065 = ORIENTED_EDGE ( 'NONE', *, *, #5095, .T. ) ;
#5066 = ORIENTED_EDGE ( 'NONE', *, *, #4993, .T. ) ;
#5067 = VERTEX_POINT ( 'NONE', #2413 ) ;
#5068 = ORIENTED_EDGE ( 'NONE', *, *, #5104, .F. ) ;
#5069 = ORIENTED_EDGE ( 'NONE', *, *, #29, .T. ) ;
#5070 = ORIENTED_EDGE ( 'NONE', *, *, #5106, .F. ) ;
#5071 = ORIENTED_EDGE ( 'NONE', *, *, #5105, .F. ) ;
#5072 = EDGE_CURVE ( 'NONE', #401, #5094, #2450, .T. ) ;
#5073 = ORIENTED_EDGE ( 'NONE', *, *, #5115, .T. ) ;
#5074 = ORIENTED_EDGE ( 'NONE', *, *, #626, .F. ) ;
#5075 = EDGE_CURVE ( 'NONE', #424, #5102, #2487, .T. ) ;
#5076 = EDGE_CURVE ( 'NONE', #5101, #5046, #2497, .T. ) ;
#5077 = VERTEX_POINT ( 'NONE', #2501 ) ;
#5078 = EDGE_CURVE ( 'NONE', #5108, #4629, #2505, .T. ) ;
#5079 = ORIENTED_EDGE ( 'NONE', *, *, #610, .T. ) ;
#5080 = EDGE_LOOP ( 'NONE', ( #5121, #7, #57, #111 ) ) ;
#5081 = ORIENTED_EDGE ( 'NONE', *, *, #1428, .T. ) ;
#5082 = VERTEX_POINT ( 'NONE', #2539 ) ;
#5083 = EDGE_CURVE ( 'NONE', #5117, #5009, #2564, .T. ) ;
#5084 = ORIENTED_EDGE ( 'NONE', *, *, #5126, .T. ) ;
#5085 = ADVANCED_FACE ( 'NONE', ( #2568 ), #2569, .T. ) ;
#5086 = ORIENTED_EDGE ( 'NONE', *, *, #4816, .F. ) ;
#5087 = ORIENTED_EDGE ( 'NONE', *, *, #211, .F. ) ;
#5088 = EDGE_LOOP ( 'NONE', ( #1803, #346, #4831, #4969 ) ) ;
#5089 = EDGE_LOOP ( 'NONE', ( #4705, #4754, #420, #5107, #5237, #4837 ) ) ;
#5090 = VERTEX_POINT ( 'NONE', #2604 ) ;
#5091 = EDGE_CURVE ( 'NONE', #2430, #4735, #2605, .T. ) ;
#5092 = VERTEX_POINT ( 'NONE', #2609 ) ;
#5093 = ORIENTED_EDGE ( 'NONE', *, *, #5136, .F. ) ;
#5094 = VERTEX_POINT ( 'NONE', #2617 ) ;
#5095 = EDGE_CURVE ( 'NONE', #594, #5054, #2620, .T. ) ;
#5096 = ORIENTED_EDGE ( 'NONE', *, *, #3532, .F. ) ;
#5097 = ORIENTED_EDGE ( 'NONE', *, *, #4328, .T. ) ;
#5098 = EDGE_CURVE ( 'NONE', #4491, #5180, #2637, .T. ) ;
#5099 = ORIENTED_EDGE ( 'NONE', *, *, #5137, .T. ) ;
#5100 = ORIENTED_EDGE ( 'NONE', *, *, #5139, .F. ) ;
#5101 = VERTEX_POINT ( 'NONE', #2641 ) ;
#5102 = VERTEX_POINT ( 'NONE', #2642 ) ;
#5103 = ADVANCED_FACE ( 'NONE', ( #2655 ), #2656, .T. ) ;
#5104 = EDGE_CURVE ( 'NONE', #4877, #5027, #2676, .T. ) ;
#5105 = EDGE_CURVE ( 'NONE', #3373, #257, #2680, .T. ) ;
#5106 = EDGE_CURVE ( 'NONE', #5130, #453, #2693, .T. ) ;
#5107 = ORIENTED_EDGE ( 'NONE', *, *, #5145, .F. ) ;
#5108 = VERTEX_POINT ( 'NONE', #2703 ) ;
#5109 = ORIENTED_EDGE ( 'NONE', *, *, #5142, .F. ) ;
#5110 = ORIENTED_EDGE ( 'NONE', *, *, #3948, .T. ) ;
#5111 = ORIENTED_EDGE ( 'NONE', *, *, #5148, .F. ) ;
#5112 = VERTEX_POINT ( 'NONE', #2715 ) ;
#5113 = ORIENTED_EDGE ( 'NONE', *, *, #5120, .F. ) ;
#5114 = ORIENTED_EDGE ( 'NONE', *, *, #2792, .F. ) ;
#5115 = EDGE_CURVE ( 'NONE', #39, #5143, #2732, .T. ) ;
#5116 = ORIENTED_EDGE ( 'NONE', *, *, #5154, .T. ) ;
#5117 = VERTEX_POINT ( 'NONE', #2744 ) ;
#5118 = ORIENTED_EDGE ( 'NONE', *, *, #3338, .F. ) ;
#5119 = ORIENTED_EDGE ( 'NONE', *, *, #5166, .T. ) ;
#5120 = EDGE_CURVE ( 'NONE', #4512, #5092, #2795, .T. ) ;
#5121 = ORIENTED_EDGE ( 'NONE', *, *, #5161, .T. ) ;
#5122 = EDGE_CURVE ( 'NONE', #5143, #676, #2806, .T. ) ;
#5123 = ORIENTED_EDGE ( 'NONE', *, *, #5160, .F. ) ;
#5124 = ORIENTED_EDGE ( 'NONE', *, *, #319, .F. ) ;
#5125 = ORIENTED_EDGE ( 'NONE', *, *, #5138, .F. ) ;
#5126 = EDGE_CURVE ( 'NONE', #5046, #1115, #2843, .T. ) ;
#5127 = ORIENTED_EDGE ( 'NONE', *, *, #5175, .F. ) ;
#5128 = ORIENTED_EDGE ( 'NONE', *, *, #5176, .T. ) ;
#5129 = ORIENTED_EDGE ( 'NONE', *, *, #91, .F. ) ;
#5130 = VERTEX_POINT ( 'NONE', #2877 ) ;
#5131 = ORIENTED_EDGE ( 'NONE', *, *, #574, .T. ) ;
#5132 = ORIENTED_EDGE ( 'NONE', *, *, #5178, .F. ) ;
#5133 = EDGE_CURVE ( 'NONE', #4680, #5173, #2882, .T. ) ;
#5134 = ADVANCED_FACE ( 'NONE', ( #2894 ), #2895, .T. ) ;
#5135 = ORIENTED_EDGE ( 'NONE', *, *, #5185, .F. ) ;
#5136 = EDGE_CURVE ( 'NONE', #5228, #4839, #2915, .T. ) ;
#5137 = EDGE_CURVE ( 'NONE', #28, #5173, #2926, .T. ) ;
#5138 = EDGE_CURVE ( 'NONE', #5032, #4731, #2930, .T. ) ;
#5139 = EDGE_CURVE ( 'NONE', #3768, #5036, #2942, .T. ) ;
#5140 = ORIENTED_EDGE ( 'NONE', *, *, #4325, .T. ) ;
#5141 = EDGE_CURVE ( 'NONE', #3843, #4593, #2960, .T. ) ;
#5142 = EDGE_CURVE ( 'NONE', #5180, #461, #2979, .T. ) ;
#5143 = VERTEX_POINT ( 'NONE', #2984 ) ;
#5144 = EDGE_CURVE ( 'NONE', #4885, #4954, #2985, .T. ) ;
#5145 = EDGE_CURVE ( 'NONE', #5179, #481, #2989, .T. ) ;
#5146 = ORIENTED_EDGE ( 'NONE', *, *, #5091, .F. ) ;
#5147 = ORIENTED_EDGE ( 'NONE', *, *, #4881, .T. ) ;
#5148 = EDGE_CURVE ( 'NONE', #5182, #1685, #3022, .T. ) ;
#5149 = EDGE_LOOP ( 'NONE', ( #5212, #523, #1613, #2392 ) ) ;
#5150 = ORIENTED_EDGE ( 'NONE', *, *, #4631, .T. ) ;
#5151 = ORIENTED_EDGE ( 'NONE', *, *, #5193, .F. ) ;
#5152 = ORIENTED_EDGE ( 'NONE', *, *, #5194, .T. ) ;
#5153 = ORIENTED_EDGE ( 'NONE', *, *, #5197, .T. ) ;
#5154 = EDGE_CURVE ( 'NONE', #2722, #5189, #3039, .T. ) ;
#5155 = EDGE_CURVE ( 'NONE', #5186, #5209, #3045, .T. ) ;
#5156 = EDGE_LOOP ( 'NONE', ( #5217, #1500, #4992, #5064 ) ) ;
#5157 = ORIENTED_EDGE ( 'NONE', *, *, #140, .F. ) ;
#5158 = ORIENTED_EDGE ( 'NONE', *, *, #5199, .T. ) ;
#5159 = ORIENTED_EDGE ( 'NONE', *, *, #530, .F. ) ;
#5160 = EDGE_CURVE ( 'NONE', #1806, #5180, #3069, .T. ) ;
#5161 = EDGE_CURVE ( 'NONE', #5190, #4925, #3079, .T. ) ;
#5162 = EDGE_CURVE ( 'NONE', #975, #5184, #3093, .T. ) ;
#5163 = ORIENTED_EDGE ( 'NONE', *, *, #4772, .T. ) ;
#5164 = ORIENTED_EDGE ( 'NONE', *, *, #4824, .T. ) ;
#5165 = ORIENTED_EDGE ( 'NONE', *, *, #4021, .F. ) ;
#5166 = EDGE_CURVE ( 'NONE', #4724, #471, #3106, .T. ) ;
#5167 = EDGE_LOOP ( 'NONE', ( #4533, #3427, #4042, #364 ) ) ;
#5168 = ADVANCED_FACE ( 'NONE', ( #3122 ), #3123, .F. ) ;
#5169 = ORIENTED_EDGE ( 'NONE', *, *, #3145, .F. ) ;
#5170 = ADVANCED_FACE ( 'NONE', ( #3131 ), #3132, .T. ) ;
#5171 = ORIENTED_EDGE ( 'NONE', *, *, #5211, .T. ) ;
#5172 = ORIENTED_EDGE ( 'NONE', *, *, #4869, .F. ) ;
#5173 = VERTEX_POINT ( 'NONE', #3168 ) ;
#5174 = VERTEX_POINT ( 'NONE', #3179 ) ;
#5175 = EDGE_CURVE ( 'NONE', #5077, #5130, #3180, .T. ) ;
#5176 = EDGE_CURVE ( 'NONE', #1724, #5202, #3187, .T. ) ;
#5177 = ORIENTED_EDGE ( 'NONE', *, *, #5122, .T. ) ;
#5178 = EDGE_CURVE ( 'NONE', #5206, #1934, #3211, .T. ) ;
#5179 = VERTEX_POINT ( 'NONE', #3231 ) ;
#5180 = VERTEX_POINT ( 'NONE', #3238 ) ;
#5181 = EDGE_LOOP ( 'NONE', ( #120, #173, #278, #362 ) ) ;
#5182 = VERTEX_POINT ( 'NONE', #3253 ) ;
#5183 = ORIENTED_EDGE ( 'NONE', *, *, #543, .T. ) ;
#5184 = VERTEX_POINT ( 'NONE', #3259 ) ;
#5185 = EDGE_CURVE ( 'NONE', #4678, #5082, #3265, .T. ) ;
#5186 = VERTEX_POINT ( 'NONE', #3271 ) ;
#5187 = ORIENTED_EDGE ( 'NONE', *, *, #5136, .T. ) ;
#5188 = ADVANCED_FACE ( 'NONE', ( #3291 ), #3292, .T. ) ;
#5189 = VERTEX_POINT ( 'NONE', #3301 ) ;
#5190 = VERTEX_POINT ( 'NONE', #3326 ) ;
#5191 = ORIENTED_EDGE ( 'NONE', *, *, #5207, .F. ) ;
#5192 = ORIENTED_EDGE ( 'NONE', *, *, #575, .F. ) ;
#5193 = EDGE_CURVE ( 'NONE', #5227, #5090, #3356, .T. ) ;
#5194 = EDGE_CURVE ( 'NONE', #5228, #5174, #3360, .T. ) ;
#5195 = ADVANCED_FACE ( 'NONE', ( #3365 ), #3366, .F. ) ;
#5196 = EDGE_LOOP ( 'NONE', ( #5, #113, #2391, #58 ) ) ;
#5197 = EDGE_CURVE ( 'NONE', #5094, #1951, #3381, .T. ) ;
#5198 = ORIENTED_EDGE ( 'NONE', *, *, #4516, .F. ) ;
#5199 = EDGE_CURVE ( 'NONE', #5101, #5231, #3386, .T. ) ;
#5200 = ADVANCED_FACE ( 'NONE', ( #3406 ), #3407, .T. ) ;
#5201 = ORIENTED_EDGE ( 'NONE', *, *, #9, .F. ) ;
#5202 = VERTEX_POINT ( 'NONE', #3441 ) ;
#5203 = ORIENTED_EDGE ( 'NONE', *, *, #255, .T. ) ;
#5204 = ORIENTED_EDGE ( 'NONE', *, *, #3624, .F. ) ;
#5205 = EDGE_CURVE ( 'NONE', #398, #572, #3455, .T. ) ;
#5206 = VERTEX_POINT ( 'NONE', #3461 ) ;
#5207 = EDGE_CURVE ( 'NONE', #872, #445, #3465, .T. ) ;
#5208 = ORIENTED_EDGE ( 'NONE', *, *, #5225, .T. ) ;
#5209 = VERTEX_POINT ( 'NONE', #3476 ) ;
#5210 = ORIENTED_EDGE ( 'NONE', *, *, #3146, .T. ) ;
#5211 = EDGE_CURVE ( 'NONE', #4850, #4183, #3484, .T. ) ;
#5212 = ORIENTED_EDGE ( 'NONE', *, *, #5233, .F. ) ;
#5213 = EDGE_LOOP ( 'NONE', ( #1728, #2523 ) ) ;
#5214 = EDGE_LOOP ( 'NONE', ( #102, #212, #552, #585, #4673 ) ) ;
#5215 = ORIENTED_EDGE ( 'NONE', *, *, #395, .T. ) ;
#5216 = ORIENTED_EDGE ( 'NONE', *, *, #287, .F. ) ;
#5217 = ORIENTED_EDGE ( 'NONE', *, *, #869, .F. ) ;
#5218 = ADVANCED_FACE ( 'NONE', ( #3505 ), #3506, .T. ) ;
#5219 = ORIENTED_EDGE ( 'NONE', *, *, #5098, .F. ) ;
#5220 = ORIENTED_EDGE ( 'NONE', *, *, #4789, .F. ) ;
#5221 = EDGE_LOOP ( 'NONE', ( #4514, #4569, #4662, #3643 ) ) ;
#5222 = ORIENTED_EDGE ( 'NONE', *, *, #2811, .F. ) ;
#5223 = ORIENTED_EDGE ( 'NONE', *, *, #115, .T. ) ;
#5224 = ORIENTED_EDGE ( 'NONE', *, *, #189, .F. ) ;
#5225 = EDGE_CURVE ( 'NONE', #292, #4978, #3552, .T. ) ;
#5226 = ORIENTED_EDGE ( 'NONE', *, *, #521, .F. ) ;
#5227 = VERTEX_POINT ( 'NONE', #3562 ) ;
#5228 = VERTEX_POINT ( 'NONE', #3563 ) ;
#5229 = ORIENTED_EDGE ( 'NONE', *, *, #2830, .F. ) ;
#5230 = ORIENTED_EDGE ( 'NONE', *, *, #5133, .F. ) ;
#5231 = VERTEX_POINT ( 'NONE', #3570 ) ;
#5232 = VERTEX_POINT ( 'NONE', #3590 ) ;
#5233 = EDGE_CURVE ( 'NONE', #490, #594, #3591, .T. ) ;
#5234 = ORIENTED_EDGE ( 'NONE', *, *, #23, .T. ) ;
#5235 = VERTEX_POINT ( 'NONE', #3609 ) ;
#5236 = ORIENTED_EDGE ( 'NONE', *, *, #149, .F. ) ;
#5237 = ORIENTED_EDGE ( 'NONE', *, *, #4780, .F. ) ;
ENDSEC;
END-ISO-10303-21;
