#VRML V1.0 ascii

#Generated from PARTsolutions, CADENAS GmbH.
#Date of Generation: Do Mrz 13 2025
Header_Info
{
fields [SFString vendor, SFString product, SFString datatype, SFString version]
vendor   "CADENAS GmbH"
product  "PARTsolutions"
datatype "PARTsolutionsVRML"
version  "1.0"
}

# Breite: 0.35, Höhe: 0.22
PerspectiveCamera
{
  position    0.00 0.10 0.54
  orientation 0 0 1 0
}

DEF _JS202011SCQN Group
{
Shape 
{
  Node_info
  {
    fields [SFString node_type, SFString node_name]
    node_type "Poly_Geom_Data"
    node_name ""
  }

    Material
    {
      ambientColor [0.80 0.80 0.80]
      diffuseColor [0.80 0.80 0.80]
      specularColor [0.8 0.8 0.8]
      shininess [0.5]
      transparency [0.00]
    }

  Coordinate3
  {
    point
    [
      -0.148819 0 0.049213, 0.148819 0 -0.049213, 
      -0.133071 0 0.049213, 0.133071 0 -0.049213, 
      -0.110236 -0.011024 0.147638, -0.086614 -0.011024 0.147638, 
      -0.011811 -0.011024 0.147638, 0.011811 -0.011024 0.147638, 
      0.133071 0 0.049213, -0.133071 0 -0.049213, 
      0.148819 0 0.049213, -0.148819 0 -0.049213, 
      0.086614 -0.011024 0.147638, 0.110236 -0.011024 0.147638, 
      0.11005 0.125591 -0.001172, 0.11008 0.125591 -0.001172, 
      0.115405 0.126772 -0.001378, 0.11005 0.126772 -0.001172, 
      0.11008 0.126772 -0.001172, 0.115405 0.125591 -0.001378, 
      0.104911 0.126772 -0.001392, 0.104911 0.125591 -0.001392, 
      0.148819 -0.011024 -0.049213, 0.133071 -0.011024 -0.049213, 
      0.110236 0.000787 -0.147638, 0.086614 0.000787 -0.147638, 
      0.011811 0.000787 -0.147638, -0.011811 0.000787 -0.147638, 
      -0.110236 0.000787 0.147638, -0.086614 0.000787 0.147638, 
      -0.086614 0.000787 -0.147638, -0.133071 -0.011024 -0.049213, 
      -0.110236 0.000787 -0.147638, 0.110599 0.125591 -0.00108, 
      -0.148819 -0.011024 -0.049213, -0.011811 0.000787 0.147638, 
      0.011811 0.000787 0.147638, 0.110599 0.126772 -0.00108, 
      0.086614 0.000787 0.147638, 0.110236 0.000787 0.147638, 
      0.109411 0.125591 -0.001063, 0.109411 0.126772 -0.001063, 
      0.110236 -0.011024 -0.147638, 0.086614 -0.011024 -0.147638, 
      0.011811 -0.011024 -0.147638, -0.011811 -0.011024 -0.147638, 
      -0.086614 -0.011024 -0.147638, -0.110236 -0.011024 -0.147638, 
      0.104932 0.125591 0.015438, 0.133675 0.126772 -0.001614, 
      0.104932 0.126772 0.015438, 0.110857 0.125591 -0.000931, 
      0.133675 0.125591 -0.001614, 0.110857 0.126772 -0.000931, 
      0.089659 0.125591 0.015474, 0.089659 0.126772 0.015474, 
      -0.110236 -0.004105 0.065974, -0.086614 -0.004105 0.065974, 
      -0.011811 -0.004105 0.065974, 0.011811 -0.004105 0.065974, 
      0.086614 -0.004105 0.065974, 0.110236 -0.004105 0.065974, 
      0.108992 0.125591 -0.000824, 0.108992 0.126772 -0.000824, 
      0.110236 -0.004105 -0.065974, 0.086614 -0.004105 -0.065974, 
      0.011811 -0.004105 -0.065974, -0.011811 -0.004105 -0.065974, 
      -0.086614 -0.004105 -0.065974, -0.110236 -0.004105 -0.065974, 
      0.111037 0.125591 -0.000713, 0.111037 0.126772 -0.000713, 
      -0.148819 -0.011024 0.033465, -0.133071 -0.011024 0.033465, 
      0.133071 -0.011024 0.033465, 0.148819 -0.011024 0.033465, 
      -0.110236 -0.011024 0.082677, -0.086614 -0.011024 0.082677, 
      -0.011811 -0.011024 0.082677, 0.011811 -0.011024 0.082677, 
      0.086614 -0.011024 0.082677, 0.110236 -0.011024 0.082677, 
      -0.148819 0 0.033465, 0.148819 0 -0.033465, 
      -0.133071 0 0.033465, 0.133071 0 -0.033465, 
      0.133071 0 0.033465, -0.133071 0 -0.033465, 
      -0.148819 0 -0.033465, 0.148819 0 0.033465, 
      0.110236 0.000787 -0.082677, 0.086614 0.000787 -0.082677, 
      0.011811 0.000787 -0.082677, -0.011811 0.000787 -0.082677, 
      -0.110236 0.000787 0.082677, -0.086614 0.000787 0.082677, 
      -0.086614 0.000787 -0.082677, -0.110236 0.000787 -0.082677, 
      -0.011811 0.000787 0.082677, 0.011811 0.000787 0.082677, 
      0.086614 0.000787 0.082677, 0.110236 0.000787 0.082677, 
      0.148819 -0.011024 -0.033465, 0.133071 -0.011024 -0.033465, 
      -0.133071 -0.011024 -0.033465, -0.148819 -0.011024 -0.033465, 
      0.108656 0.125591 -0.000423, 0.111133 0.125591 -0.00042, 
      0.108656 0.126772 -0.000423, 0.110236 -0.011024 -0.082677, 
      0.111133 0.126772 -0.00042, 0.086614 -0.011024 -0.082677, 
      0.011811 -0.011024 -0.082677, -0.011811 -0.011024 -0.082677, 
      -0.086614 -0.011024 -0.082677, -0.110236 -0.011024 -0.082677, 
      -0.0709 0.118772 0.0325, 0.0709 0.118772 0.0325, 
      -0.0709 0.126772 0.0325, 0.0709 0.126772 0.0325, 
      0.115052 0.126772 -0.002312, 0.115052 0.125591 -0.002312, 
      0.108512 0.125591 -3.5e-05, 0.108512 0.126772 -3.5e-05, 
      0.09082 0.125591 0, 0.09082 0.126772 0, 
      0.111108 0.125591 7e-05, 0.111108 0.126772 7e-05, 
      0.115378 0.125591 0.000129, 0.115378 0.126772 0.000129, 
      0.110236 0.032646 -0.067291, 0.086614 0.032646 -0.067291, 
      0.011811 0.032646 -0.067291, -0.011811 0.032646 -0.067291, 
      -0.086614 0.032646 -0.067291, -0.110236 0.032646 -0.067291, 
      0.167323 0.118772 -0.035433, -0.167323 0.118772 -0.035433, 
      0.106286 0.126772 -0.002795, 0.106286 0.125591 -0.002795, 
      0.111024 0.125591 0.000346, 0.111024 0.126772 0.000346, 
      0.106474 0.126772 -0.002924, 0.106474 0.125591 -0.002924, 
      0.177165 0.09515 -0.035433, -0.177165 0.09515 -0.035433, 
      0.114397 0.126772 -0.003032, 0.104117 0.126181 0.000482, 
      0.104114 0.125591 0.000494, 0.114397 0.125591 -0.003032, 
      0.104114 0.126772 0.000494, 0.177165 0.081921 -0.035433, 
      0.167323 0.081921 -0.035433, -0.167323 0.081921 -0.035433, 
      -0.177165 0.081921 -0.035433, -0.163512 0.118772 0.033465, 
      -0.155246 0.118772 0.033465, -0.162903 0.121833 0.033465, 
      0.155246 0.118772 0.033465, 0.163512 0.118772 0.033465, 
      0.108491 0.125591 0.000645, 0.108491 0.126772 0.000645, 
      -0.161169 0.124429 0.033465, 0.162903 0.121833 0.033465, 
      -0.158573 0.126163 0.033465, -0.155246 0.126772 0.033465, 
      -0.155512 0.126772 0.033465, 0.161169 0.124429 0.033465, 
      0.158573 0.126163 0.033465, 0.155246 0.126772 0.033465, 
      0.155512 0.126772 0.033465, -0.110236 0.032646 0.067291, 
      -0.086614 0.032646 0.067291, -0.011811 0.032646 0.067291, 
      0.011811 0.032646 0.067291, 0.127458 0.126772 -0.003366, 
      0.1275 0.126772 -0.003366, 0.127541 0.126772 -0.003366, 
      0.086614 0.032646 0.067291, 0.110236 0.032646 0.067291, 
      0.127458 0.125591 -0.003366, 0.1275 0.125591 -0.003366, 
      0.127541 0.125591 -0.003366, 0.10403 0.125591 0.001066, 
      0.10403 0.126772 0.001066, 0.113145 0.126772 -0.003665, 
      0.113145 0.125591 -0.003665, 0.110521 0.125591 0.001154, 
      0.110521 0.126772 0.001154, 0.108686 0.125591 0.001261, 
      0.108554 0.126772 -0.003816, 0.108686 0.126772 0.001261, 
      0.108554 0.125591 -0.003816, 0.103698 0.126772 -0.003878, 
      0.095607 0.126772 -0.003878, 0.099653 0.126772 -0.003878, 
      0.103698 0.125591 -0.003878, 0.095607 0.125591 -0.003878, 
      0.099653 0.125591 -0.003878, 0.110223 0.125591 0.001482, 
      0.110366 0.126772 -0.00403, 0.110223 0.126772 0.001482, 
      0.110366 0.125591 -0.00403, 0.108944 0.125591 0.00179, 
      0.108944 0.126772 0.00179, 0.119346 0.126772 -0.00445, 
      0.119346 0.125591 -0.00445, 0.114642 0.125591 0.002068, 
      0.114642 0.126772 0.002068, -0.177165 0.081921 0.035433, 
      -0.167323 0.081921 0.035433, 0.167323 0.081921 0.035433, 
      0.177165 0.081921 0.035433, 0.109202 0.125591 0.002319, 
      0.109202 0.126772 0.002319, -0.177165 0.09515 0.035433, 
      0.177165 0.09515 0.035433, 0.103929 0.126772 -0.004963, 
      0.103929 0.125591 -0.004963, 0.095864 0.126772 -0.005088, 
      0.095864 0.125591 -0.005088, -0.167323 0.118772 0.035433, 
      0.167323 0.118772 0.035433, 0.094391 0.125591 0.002628, 
      0.098436 0.125591 0.002628, 0.102482 0.125591 0.002628, 
      0.102482 0.126772 0.002628, 0.094391 0.126772 0.002628, 
      0.098436 0.126772 0.002628, 0.104199 0.125591 0.002715, 
      0.104199 0.126772 0.002715, 0.167323 0.126772 -0.070866, 
      0.124803 0.126772 -0.070866, 0.099931 0.126772 -0.070866, 
      -0.099931 0.126772 -0.070866, -0.124803 0.126772 -0.070866, 
      -0.167323 0.126772 -0.070866, 0.110236 0.028686 -0.069937, 
      0.086614 0.028686 -0.069937, 0.011811 0.028686 -0.069937, 
      -0.011811 0.028686 -0.069937, -0.086614 0.028686 -0.069937, 
      -0.110236 0.028686 -0.069937, 0.167323 0.118772 -0.070866, 
      0.124803 0.118772 -0.070866, 0.099931 0.118772 -0.070866, 
      -0.099931 0.118772 -0.070866, -0.124803 0.118772 -0.070866, 
      -0.167323 0.118772 -0.070866, 0.177165 0.09515 -0.070866, 
      -0.177165 0.09515 -0.070866, 0.177165 0.081921 -0.070866, 
      0.167323 0.081921 -0.070866, -0.167323 0.081921 -0.070866, 
      -0.177165 0.081921 -0.070866, 0.083627 0.126772 -0.005934, 
      0.083627 0.125591 -0.005934, -0.110236 0.028686 0.069937, 
      -0.086614 0.028686 0.069937, -0.011811 0.028686 0.069937, 
      0.011811 0.028686 0.069937, 0.086614 0.028686 0.069937, 
      0.110236 0.028686 0.069937, 0.104159 0.126772 -0.006048, 
      0.104159 0.125591 -0.006048, 0.102282 0.125591 0.003572, 
      0.102282 0.126772 0.003572, 0.110236 0.03622 -0.070866, 
      0.086614 0.03622 -0.070866, 0.011811 0.03622 -0.070866, 
      -0.011811 0.03622 -0.070866, -0.086614 0.03622 -0.070866, 
      -0.110236 0.03622 -0.070866, 0.096121 0.126772 -0.006298, 
      0.096121 0.125591 -0.006298, 0.094147 0.125591 0.003775, 
      0.094147 0.126772 0.003775, 0.167323 0.023772 -0.070866, 
      0.110236 0.024016 -0.070866, 0.092274 0.126772 -0.006357, 
      0.086614 0.024016 -0.070866, 0.110236 0.023772 -0.070866, 
      0.086614 0.023772 -0.070866, 0.011811 0.024016 -0.070866, 
      0.092274 0.125591 -0.006357, 0.011811 0.023772 -0.070866, 
      -0.011811 0.024016 -0.070866, -0.011811 0.023772 -0.070866, 
      -0.086614 0.024016 -0.070866, -0.110236 0.024016 -0.070866, 
      -0.086614 0.023772 -0.070866, -0.110236 0.023772 -0.070866, 
      -0.167323 0.023772 -0.070866, 0.110236 0.012598 -0.070866, 
      0.086614 0.012598 -0.070866, 0.011811 0.012598 -0.070866, 
      -0.011811 0.012598 -0.070866, -0.086614 0.012598 -0.070866, 
      -0.110236 0.012598 -0.070866, 0.112856 0.125591 0.003992, 
      0.112856 0.126772 0.003992, 0.11811 0.118772 -0.03937, 
      -0.11811 0.118772 -0.03937, -0.110236 0.012598 0.070866, 
      -0.086614 0.012598 0.070866, -0.011811 0.012598 0.070866, 
      0.011811 0.012598 0.070866, 0.086614 0.012598 0.070866, 
      0.110236 0.012598 0.070866, 0.11811 0.108772 -0.03937, 
      -0.11811 0.108772 -0.03937, -0.167323 0.023772 0.070866, 
      -0.110236 0.023772 0.070866, -0.110236 0.024016 0.070866, 
      -0.086614 0.023772 0.070866, -0.086614 0.024016 0.070866, 
      -0.011811 0.023772 0.070866, -0.011811 0.024016 0.070866, 
      0.011811 0.023772 0.070866, 0.011811 0.024016 0.070866, 
      0.086614 0.023772 0.070866, 0.086614 0.024016 0.070866, 
      0.110236 0.023772 0.070866, 0.110236 0.024016 0.070866, 
      0.167323 0.023772 0.070866, -0.110236 0.03622 0.070866, 
      -0.086614 0.03622 0.070866, -0.011811 0.03622 0.070866, 
      0.011811 0.03622 0.070866, 0.086614 0.03622 0.070866, 
      0.110236 0.03622 0.070866, 0.102086 0.126181 0.004492, 
      0.102084 0.125591 0.004505, 0.102084 0.126772 0.004505, 
      0.105131 0.125591 0.004673, 0.105131 0.126772 0.004673, 
      0.155246 0.126772 -0.056496, 0.099931 0.126772 -0.056496, 
      -0.099931 0.126772 -0.056496, -0.155246 0.126772 -0.056496, 
      -0.177165 0.081921 0.070866, -0.167323 0.081921 0.070866, 
      0.110236 0.008079 -0.071765, 0.086614 0.008079 -0.071765, 
      0.155246 0.118772 -0.056496, 0.099931 0.118772 -0.056496, 
      0.011811 0.008079 -0.071765, -0.011811 0.008079 -0.071765, 
      -0.086614 0.008079 -0.071765, -0.110236 0.008079 -0.071765, 
      0.167323 0.081921 0.070866, 0.177165 0.081921 0.070866, 
      -0.099931 0.118772 -0.056496, -0.155246 0.118772 -0.056496, 
      0.093903 0.125591 0.004922, 0.093903 0.126772 0.004922, 
      -0.177165 0.09515 0.070866, -0.110236 0.008079 0.071765, 
      0.177165 0.09515 0.070866, -0.086614 0.008079 0.071765, 
      -0.011811 0.008079 0.071765, 0.011811 0.008079 0.071765, 
      0.086614 0.008079 0.071765, 0.110236 0.008079 0.071765, 
      0.12685 0.125591 0.005184, 0.12685 0.126772 0.005184, 
      -0.167323 0.118772 0.070866, -0.124803 0.118772 0.070866, 
      -0.099931 0.118772 0.070866, 0.099931 0.118772 0.070866, 
      0.124803 0.118772 0.070866, 0.167323 0.118772 0.070866, 
      0.096382 0.126772 -0.007826, 0.096382 0.125591 -0.007826, 
      0.111026 0.125591 0.005308, -0.167323 0.126772 0.070866, 
      -0.124803 0.126772 0.070866, 0.111026 0.126772 0.005308, 
      -0.099931 0.126772 0.070866, 0.099931 0.126772 0.070866, 
      0.124803 0.126772 0.070866, 0.167323 0.126772 0.070866, 
      0.103912 0.125591 0.005361, 0.103912 0.126772 0.005361, 
      0.138737 0.126772 -0.008162, 0.138737 0.125591 -0.008162, 
      0.081137 0.125591 0.005648, 0.081137 0.126772 0.005648, 
      0.113406 0.125591 0.00581, 0.117165 0.125591 0.00581, 
      0.115285 0.125591 0.00581, 0.113406 0.126772 0.00581, 
      0.115285 0.126772 0.00581, 0.117165 0.126772 0.00581, 
      0.093162 0.126772 -0.008773, 0.093162 0.125591 -0.008773, 
      0.096382 0.126772 -0.008801, 0.096382 0.125591 -0.008801, 
      0.126001 0.125591 0.006331, 0.126001 0.126772 0.006331, 
      -0.11811 0.108772 0.03937, 0.11811 0.108772 0.03937, 
      0.131145 0.126772 -0.009038, 0.128663 0.126772 -0.009038, 
      0.131145 0.125591 -0.009038, 0.128663 0.125591 -0.009038, 
      -0.11811 0.118772 0.03937, 0.11811 0.118772 0.03937, 
      0.11168 0.125591 0.006591, 0.11168 0.126772 0.006591, 
      0.136031 0.125591 0.006728, -0.110236 -0.009226 0.073637, 
      -0.086614 -0.009226 0.073637, -0.011811 -0.009226 0.073637, 
      0.136031 0.126772 0.006728, 0.011811 -0.009226 0.073637, 
      0.086614 -0.009226 0.073637, 0.110236 -0.009226 0.073637, 
      0.096228 0.126772 -0.009361, 0.096228 0.125591 -0.009361, 
      0.112982 0.125591 0.006872, 0.112982 0.126772 0.006872, 
      0.110236 -0.009226 -0.073637, 0.086614 -0.009226 -0.073637, 
      0.011811 -0.009226 -0.073637, -0.011811 -0.009226 -0.073637, 
      -0.086614 -0.009226 -0.073637, -0.110236 -0.009226 -0.073637, 
      0.093751 0.126772 -0.009526, 0.093751 0.125591 -0.009526, 
      0.095983 0.126772 -0.0097, 0.095983 0.125591 -0.0097, 
      -0.155246 0.118772 0.056496, -0.099931 0.118772 0.056496, 
      0.099931 0.118772 0.056496, 0.155246 0.118772 0.056496, 
      0.09432 0.126772 -0.009847, 0.09432 0.125591 -0.009847, 
      -0.155246 0.126772 0.056496, -0.099931 0.126772 0.056496, 
      0.095687 0.126772 -0.009883, 0.095687 0.125591 -0.009883, 
      0.167323 0.126772 -0.059055, 0.099931 0.126772 0.056496, 
      0.124803 0.126772 -0.059055, 0.155246 0.126772 0.056496, 
      -0.124803 0.126772 -0.059055, -0.167323 0.126772 -0.059055, 
      0.095191 0.126772 -0.009968, 0.167323 0.118772 -0.059055, 
      0.095191 0.125591 -0.009968, 0.124803 0.118772 -0.059055, 
      -0.124803 0.118772 -0.059055, -0.167323 0.118772 -0.059055, 
      0.110236 0.004247 -0.074326, 0.086614 0.004247 -0.074326, 
      0.125153 0.125591 0.007478, 0.011811 0.004247 -0.074326, 
      -0.011811 0.004247 -0.074326, -0.086614 0.004247 -0.074326, 
      0.125153 0.126772 0.007478, -0.110236 0.004247 -0.074326, 
      0.101543 0.125591 0.00754, 0.101543 0.126772 0.00754, 
      -0.110236 0.004247 0.074326, -0.086614 0.004247 0.074326, 
      -0.011811 0.004247 0.074326, 0.011811 0.004247 0.074326, 
      0.086614 0.004247 0.074326, 0.110236 0.004247 0.074326, 
      0.10456 0.126772 -0.01014, 0.10456 0.125591 -0.01014, 
      0.110236 0.03622 -0.058661, 0.086614 0.03622 -0.058661, 
      0.106963 0.125591 0.007874, 0.112333 0.125591 0.007874, 
      0.011811 0.03622 -0.058661, -0.011811 0.03622 -0.058661, 
      0.106963 0.126772 0.007874, 0.112333 0.126772 0.007874, 
      -0.086614 0.03622 -0.058661, -0.110236 0.03622 -0.058661, 
      0.101224 0.125591 0.008015, 0.101224 0.126772 0.008015, 
      0.106508 0.125591 0.008158, 0.106508 0.126772 0.008158, 
      0.089426 0.125591 0.008253, 0.089426 0.126772 0.008253, 
      0.155512 0.023772 -0.059055, 0.110236 0.023772 -0.059055, 
      0.086614 0.023772 -0.059055, 0.011811 0.023772 -0.059055, 
      -0.011811 0.023772 -0.059055, -0.086614 0.023772 -0.059055, 
      -0.110236 0.023772 -0.059055, -0.155512 0.023772 -0.059055, 
      0.110236 0.012598 -0.059055, 0.086614 0.012598 -0.059055, 
      0.011811 0.012598 -0.059055, -0.011811 0.012598 -0.059055, 
      -0.086614 0.012598 -0.059055, -0.110236 0.012598 -0.059055, 
      0.085884 0.126772 -0.011101, 0.085884 0.125591 -0.011101, 
      -0.110236 0.03622 0.058661, -0.086614 0.03622 0.058661, 
      -0.011811 0.03622 0.058661, 0.011811 0.03622 0.058661, 
      0.086614 0.03622 0.058661, 0.110236 0.03622 0.058661, 
      -0.155512 0 0.059055, 0.155512 0 -0.059055, 
      0.155512 0 0.059055, -0.155512 0 -0.059055, 
      0.092706 0.125591 0.00871, 0.092706 0.126772 0.00871, 
      -0.110236 0.012598 0.059055, -0.086614 0.012598 0.059055, 
      -0.011811 0.012598 0.059055, 0.011811 0.012598 0.059055, 
      0.086614 0.012598 0.059055, 0.110236 0.012598 0.059055, 
      -0.155512 0.023772 0.059055, -0.110236 0.023772 0.059055, 
      -0.086614 0.023772 0.059055, -0.011811 0.023772 0.059055, 
      0.011811 0.023772 0.059055, 0.086614 0.023772 0.059055, 
      0.110236 0.023772 0.059055, 0.155512 0.023772 0.059055, 
      0.116503 0.125591 0.008928, 0.116503 0.126772 0.008928, 
      0.105747 0.125591 0.009014, 0.105747 0.126772 0.009014, 
      0.10425 0.126772 -0.011705, 0.10425 0.125591 -0.011705, 
      0.089549 0.125591 0.009192, 0.089549 0.126772 0.009192, 
      0.107761 0.125591 0.009408, 0.107761 0.126772 0.009408, 
      0.092064 0.125591 0.00955, 0.089744 0.125591 0.009562, 
      0.092064 0.126772 0.00955, 0.089744 0.126772 0.009562, 
      0.090002 0.125591 0.009783, 0.090002 0.126772 0.009783, 
      -0.167323 0.118772 0.059055, -0.124803 0.118772 0.059055, 
      -0.009843 0.205512 -0.029528, -0.068898 0.205512 -0.029528, 
      0.124803 0.118772 0.059055, 0.167323 0.118772 0.059055, 
      0.105404 0.125591 0.009857, 0.091545 0.125591 0.009866, 
      0.105404 0.126772 0.009857, 0.091545 0.126772 0.009866, 
      -0.167323 0.126772 0.059055, -0.124803 0.126772 0.059055, 
      0.124803 0.126772 0.059055, 0.167323 0.126772 0.059055, 
      0.090447 0.125591 0.009932, 0.090447 0.126772 0.009932, 
      0.100121 0.125591 0.009955, 0.100121 0.126772 0.009955, 
      0.090953 0.125591 0.009968, 0.090953 0.126772 0.009968, 
      0.127926 0.125591 0.010126, 0.127926 0.126772 0.010126, 
      0.100334 0.125591 0.010329, 0.100334 0.126772 0.010329, 
      0.115433 0.125591 0.010349, 0.105385 0.125591 0.010361, 
      0.115433 0.126772 0.010349, 0.105385 0.126772 0.010361, 
      0.110236 0.003559 -0.060853, 0.086614 0.003559 -0.060853, 
      0.011811 0.003559 -0.060853, -0.011811 0.003559 -0.060853, 
      -0.086614 0.003559 -0.060853, -0.110236 0.003559 -0.060853, 
      -0.110236 0.003559 0.060853, -0.086614 0.003559 0.060853, 
      -0.011811 0.003559 0.060853, 0.011811 0.003559 0.060853, 
      0.086614 0.003559 0.060853, 0.110236 0.003559 0.060853, 
      0.105446 0.125591 0.010602, 0.105446 0.126772 0.010602, 
      0.103401 0.126772 -0.013214, 0.103401 0.125591 -0.013214, 
      0.081033 0.125591 0.010754, 0.081033 0.126772 0.010754, 
      0.029528 0.108772 -0.029528, 0.005906 0.108772 -0.029528, 
      -0.009843 0.108772 -0.029528, -0.068898 0.108772 -0.029528, 
      -0.084646 0.108772 -0.029528, -0.108268 0.108772 -0.029528, 
      0.088223 0.126772 -0.013473, 0.108559 0.125591 0.010942, 
      0.088223 0.125591 -0.013473, 0.108559 0.126772 0.010942, 
      0.105672 0.125591 0.010983, 0.029528 0.089087 -0.029528, 
      0.005906 0.089087 -0.029528, -0.084646 0.089087 -0.029528, 
      0.105672 0.126772 0.010983, -0.108268 0.089087 -0.029528, 
      0.105796 0.125591 0.011107, 0.105796 0.126772 0.011107, 
      0.107961 0.125591 0.011252, 0.107961 0.126772 0.011252, 
      0.124346 0.125591 0.011274, 0.124346 0.126772 0.011274, 
      0.110236 0.001686 -0.078157, 0.086614 0.001686 -0.078157, 
      0.011811 0.001686 -0.078157, -0.011811 0.001686 -0.078157, 
      -0.086614 0.001686 -0.078157, -0.110236 0.001686 -0.078157, 
      0.106216 0.125591 0.011359, -0.110236 0.001686 0.078157, 
      -0.086614 0.001686 0.078157, -0.011811 0.001686 0.078157, 
      0.106216 0.126772 0.011359, 0.011811 0.001686 0.078157, 
      0.086614 0.001686 0.078157, 0.110236 0.001686 0.078157, 
      0.11598 0.125591 0.011389, 0.11598 0.126772 0.011389, 
      0.106833 0.125591 0.011471, 0.114213 0.125591 0.011471, 
      0.106833 0.126772 0.011471, 0.114213 0.126772 0.011471, 
      0.101873 0.126772 -0.01441, 0.101873 0.125591 -0.01441, 
      0.143799 0.126772 -0.01471, 0.134748 0.126772 -0.01471, 
      0.139273 0.126772 -0.01471, 0.125698 0.126772 -0.01471, 
      0.129868 0.126772 -0.01471, 0.121527 0.126772 -0.01471, 
      0.143799 0.125591 -0.01471, 0.139273 0.125591 -0.01471, 
      0.134748 0.125591 -0.01471, 0.129868 0.125591 -0.01471, 
      0.125698 0.125591 -0.01471, 0.121527 0.125591 -0.01471, 
      0.100301 0.125591 0.012293, 0.100301 0.126772 0.012293, 
      0.091663 0.126772 -0.01498, 0.091663 0.125591 -0.01498, 
      0.110236 0.035291 -0.063332, 0.086614 0.035291 -0.063332, 
      0.011811 0.035291 -0.063332, -0.011811 0.035291 -0.063332, 
      -0.086614 0.035291 -0.063332, -0.110236 0.035291 -0.063332, 
      0.08176 0.125591 0.012656, 0.114835 0.125591 0.01266, 
      0.08176 0.126772 0.012656, 0.114835 0.126772 0.01266, 
      -0.108268 0.089087 0.029528, -0.084646 0.089087 0.029528, 
      0.005906 0.089087 0.029528, 0.098811 0.126772 -0.015313, 
      0.029528 0.089087 0.029528, 0.098811 0.125591 -0.015313, 
      -0.108268 0.108772 0.029528, -0.084646 0.108772 0.029528, 
      -0.068898 0.108772 0.029528, -0.009843 0.108772 0.029528, 
      0.005906 0.108772 0.029528, 0.029528 0.108772 0.029528, 
      0.097429 0.125591 0.013136, 0.097429 0.126772 0.013136, 
      -0.110236 0.035291 0.063332, -0.086614 0.035291 0.063332, 
      -0.011811 0.035291 0.063332, 0.011811 0.035291 0.063332, 
      0.086614 0.035291 0.063332, 0.110236 0.035291 0.063332, 
      0.100733 0.125591 0.013537, 0.100733 0.126772 0.013537, 
      0.0709 0.126772 -0.0325, -0.0709 0.126772 -0.0325, 
      0.0709 0.118772 -0.0325, -0.0709 0.118772 -0.0325, 
      0.115457 0.125591 0.013849, 0.115457 0.126772 0.013849, 
      0.082913 0.125591 0.013905, 0.082913 0.126772 0.013905, 
      -0.068898 0.205512 0.029528, -0.009843 0.205512 0.029528, 
      0.109997 0.125591 0.01401, 0.109997 0.126772 0.01401, 
      0.101554 0.125591 0.014494, 0.101554 0.126772 0.014494, 
      0.155512 0.126772 -0.033465, 0.155246 0.126772 -0.033465, 
      0.158573 0.126163 -0.033465, 0.110268 0.125591 0.014539, 
      0.110268 0.126772 0.014539, 0.161169 0.124429 -0.033465, 
      -0.155512 0.126772 -0.033465, -0.155246 0.126772 -0.033465, 
      -0.158573 0.126163 -0.033465, 0.162903 0.121833 -0.033465, 
      -0.161169 0.124429 -0.033465, 0.163512 0.118772 -0.033465, 
      0.155246 0.118772 -0.033465, -0.162903 0.121833 -0.033465, 
      -0.155246 0.118772 -0.033465, -0.163512 0.118772 -0.033465, 
      0.084759 0.125591 0.014841, 0.084759 0.126772 0.014841, 
      0.094127 0.125591 0.014853, 0.094127 0.126772 0.014853, 
      -0.148819 -0.011024 0.049213, -0.133071 -0.011024 0.049213, 
      0.110539 0.125591 0.015068, 0.113317 0.125591 0.015068, 
      0.116094 0.125591 0.015069, 0.119817 0.125591 0.015069, 
      0.123539 0.125591 0.015069, 0.129003 0.125591 0.015069, 
      0.138387 0.125591 0.015069, 0.133695 0.125591 0.015069, 
      0.110539 0.126772 0.015068, 0.107458 0.125591 0.015081, 
      0.113317 0.126772 0.015068, 0.116094 0.126772 0.015069, 
      0.119817 0.126772 0.015069, 0.133071 -0.011024 0.049213, 
      0.123539 0.126772 0.015069, 0.129003 0.126772 0.015069, 
      0.148819 -0.011024 0.049213, 0.138387 0.126772 0.015069, 
      0.133695 0.126772 0.015069, 0.107458 0.126772 0.015081, 
      0.102672 0.125591 0.015098, 0.102672 0.126772 0.015098
    ]
  }

  Normal
  {
    vector
    [
      0.9631 0.0000 -0.2131,1.0000 0.0000 0.0000,
      -1.0000 0.0000 0.0000,-0.0555 0.0000 0.9832,
      -0.7014 0.0000 0.6884,0.0000 0.3153 0.9310,
      0.0000 0.3153 0.9310,0.0000 -0.3153 -0.9310,
      0.9028 0.0000 0.4098,-0.2555 0.0000 -0.9506,
      0.3120 0.0000 -0.9343,-0.4285 0.0000 0.8853,
      0.0000 0.8813 -0.4354,0.0000 0.0000 1.0000,
      0.0000 0.0000 -1.0000,-0.2228 0.0000 -0.9672,
      -0.6021 0.0000 -0.7870,0.0000 -0.8812 0.4354,
      0.5842 0.0000 0.8034,0.9887 0.0000 0.1153,
      0.0000 0.8812 -0.4355,0.0000 0.4355 0.8812,
      -0.9147 0.0000 0.3778,0.0000 -0.4354 -0.8812,
      0.0000 0.4354 0.8812,0.3254 0.0000 0.9347,
      -0.8521 0.0011 -0.4923,0.0000 0.7395 -0.6475,
      -0.9744 0.1282 0.0000,0.0000 -0.7395 0.6476,
      0.0000 0.7394 -0.6476,0.9744 0.1282 0.0000,
      -0.8380 0.0000 -0.5257,0.7048 0.0000 0.7061,
      0.8520 0.0011 0.4931,-0.9506 0.0000 -0.2638,
      0.0000 0.8813 0.4354,-0.9615 0.1923 0.0000,
      -0.9808 0.1951 0.0000,0.0000 -0.8812 -0.4354,
      0.0000 0.8812 0.4355,0.9615 0.1923 0.0000,
      -0.9888 0.0000 -0.0183,0.9808 0.1951 0.0000,
      0.7156 0.0000 -0.6740,0.3449 0.0000 0.9198,
      -0.7836 0.0000 0.6086,0.9929 0.0000 0.0842,
      0.9539 0.2308 0.0000,-0.9487 0.2564 0.0000,
      0.6694 0.0000 0.7397,0.4915 0.0000 0.8709,
      0.8871 0.0000 -0.4615,0.9487 0.2564 0.0000,
      -0.9423 0.2884 0.0000,0.0000 0.1301 -0.9872,
      0.9423 0.2884 0.0000,0.8393 0.0000 0.5436,
      -0.9381 0.0000 0.2981,-0.9310 0.3152 0.0000,
      0.4602 0.0000 0.8878,-0.5395 0.0000 0.8224,
      0.9310 0.3152 0.0000,0.6340 0.0000 0.7733,
      -0.9749 0.0000 -0.1507,0.4800 0.0000 0.8718,
      -0.8235 0.0000 -0.5441,0.9489 0.0000 -0.2659,
      0.9029 0.0000 -0.4298,-0.9231 0.3846 0.0000,
      -0.8805 0.0000 -0.4460,-0.9676 0.0000 0.1678,
      0.8308 0.0000 -0.5283,-0.3887 0.0000 -0.9214,
      0.9231 0.3846 0.0000,-0.5620 0.0000 -0.8068,
      -0.3535 0.0000 -0.9216,0.0667 0.0000 -0.9873,
      0.8176 -0.0008 0.5448,-0.8813 0.4353 0.0000,
      0.9669 0.0000 -0.1683,0.8813 0.4353 0.0000,
      -0.8861 0.0000 0.4635,-0.6747 0.0000 -0.7257,
      -0.4496 0.0000 0.8733,-0.8039 0.0000 -0.5947,
      0.0000 0.9808 -0.1951,-0.9867 0.0000 -0.1525,
      -0.8038 0.0000 -0.5949,0.9553 -0.0006 0.2673,
      -0.9823 0.0000 -0.1854,0.9553 0.0006 0.2673,
      -0.8376 0.0000 0.5132,0.8677 0.0000 -0.4641,
      0.0000 0.1301 0.9872,-0.9844 0.0000 0.1039,
      -0.7912 0.0000 -0.6116,0.0000 0.9872 -0.1300,
      -0.9567 0.0000 -0.2840,-0.6627 0.0000 -0.7264,
      -0.9789 0.0000 -0.1366,0.9551 0.0000 0.2678,
      0.0000 -0.9904 0.0975,-0.2456 0.0000 -0.9561,
      0.2557 0.0000 0.9561,-0.0354 0.0000 -0.9889,
      0.9920 0.0005 0.0222,0.0000 0.9936 -0.0650,
      -0.9674 0.0000 -0.1864,0.5567 0.0000 0.8090,
      0.9881 0.0000 -0.0884,-0.7395 0.6475 0.0000,
      0.0044 0.0000 -0.9895,0.7395 0.6475 0.0000,
      -0.7676 0.0000 0.6129,-0.3864 0.0000 -0.9077,
      0.2879 0.0000 -0.9406,0.1164 0.0000 -0.9898,
      -0.5858 0.0000 -0.7932,0.2239 0.0000 0.9574,
      0.9777 0.0000 0.1711,-0.6475 0.7395 0.0000,
      0.6475 0.7395 0.0000,-0.1121 0.0000 -0.9905,
      -0.9786 0.0000 -0.2042,0.3373 0.0000 -0.9253,
      -0.2906 0.0000 0.9418,0.7536 0.0000 0.6468,
      -0.0491 0.0000 -0.9909,-0.3442 0.0000 0.9254,
      0.2902 0.0000 -0.9418,0.9820 0.0000 0.1881,
      -0.8911 0.0000 -0.4012,-0.2372 0.0000 0.9585,
      0.9617 0.0000 0.2702,0.0000 0.9808 0.1951,
      0.0395 0.0000 -0.9913,0.0494 0.0000 0.9915,
      0.0000 0.4355 -0.8812,0.0000 -0.4354 0.8812,
      0.0000 0.4354 -0.8812,0.6207 0.0000 -0.7623,
      0.6400 0.0000 0.7622,0.0000 0.6475 0.7395,
      0.0000 -0.6475 -0.7395,0.0000 0.6476 0.7395,
      -0.4353 0.8813 0.0000,0.0000 0.9872 0.1300,
      0.4353 0.8813 0.0000,-0.6584 0.0000 -0.7461,
      -0.5838 0.0000 -0.8119,0.0000 -0.9904 -0.0975,
      -0.0065 0.0000 0.9923,-0.3152 0.9310 0.0000,
      0.9368 0.0000 0.3369,0.3152 0.9310 0.0000,
      0.0000 0.9936 0.0650,-0.8883 0.0000 -0.4354,
      0.8483 0.0000 0.5009,-0.9261 0.0000 0.3701,
      -0.9624 0.0000 0.2718,-0.9624 0.0000 0.2718,
      -0.9623 0.0000 0.2718,-0.9623 0.0000 0.2718,
      -0.3734 0.0000 -0.9108,-0.8339 0.0000 -0.5176,
      0.6573 0.0000 0.7307,-0.1301 0.9872 0.0000,
      0.9699 0.0000 0.2392,0.0000 0.0650 -0.9936,
      0.0000 0.0650 -0.9936,0.0976 0.9904 0.0000,
      -0.0650 0.9936 0.0000,0.0325 0.9968 0.0000,
      0.0000 1.0000 0.0000,0.0000 -1.0000 0.0000,
      0.8906 0.0000 -0.4198,0.0000 0.3153 -0.9310,
      0.0000 0.3153 -0.9310,0.0000 -0.3153 0.9310,
      0.9287 0.0000 0.3708,-0.3058 0.0000 -0.9443,
      -0.9688 0.0000 0.1909,0.7945 0.0000 0.6005,
      -0.9783 0.0000 -0.2073,0.4069 0.0000 -0.8956,
      0.0000 0.0557 -0.9945,0.0000 0.9310 -0.3152,
      0.0000 -0.9310 0.3153,0.0000 0.9310 -0.3153,
      -0.9782 -0.0003 -0.2076,-0.8912 0.0000 0.4536,
      -0.9595 0.0028 -0.2732,0.0000 0.0650 0.9936,
      -0.9595 -0.0028 -0.2732,-0.9782 0.0004 -0.2077,
      -0.9595 -0.0000 -0.2733,0.9782 0.0000 0.2078,
      -0.9782 0.0000 -0.2078,-0.9782 0.0000 -0.2078,
      -0.8911 0.0000 0.4538,0.9782 0.0000 0.2079,
      0.9782 0.0000 0.2079,0.9781 0.0000 0.2079,
      0.9781 0.0000 0.2079,0.9781 0.0000 0.2080,
      -0.9781 0.0000 -0.2080,-0.9781 0.0000 -0.2080,
      -0.8910 0.0000 0.4540,0.9572 0.0000 0.2736,
      0.9781 0.0000 0.2081,-0.8070 0.0000 -0.5686,
      0.0000 0.0488 -0.9952,-0.8909 0.0000 0.4541,
      -0.9781 0.0000 -0.2082,0.6171 0.0000 -0.7655,
      0.7802 0.0000 0.6015,-0.7989 0.0000 -0.6015,
      0.0582 0.0000 -0.9949,0.8441 0.0000 0.5362,
      0.8740 0.0000 0.4543,0.8441 0.0000 0.5362,
      0.0000 0.0557 0.9945,0.8441 0.0000 0.5363,
      0.8440 0.0000 0.5363,0.0000 0.6475 -0.7395,
      0.0000 -0.6475 0.7395,0.0000 0.6476 -0.7395,
      0.0000 -0.1951 0.9808,-0.6108 0.0000 0.7823,
      -0.0561 0.0000 -0.9953,-0.8988 0.0000 0.4384,
      -0.1182 0.0000 0.9790,-0.5955 0.0000 0.7827,
      0.0000 0.0488 0.9952,0.0000 0.0390 -0.9962,
      -0.5295 0.0000 -0.8483,0.9761 0.0000 -0.1768,
      -0.2773 0.0000 -0.9467,-0.9582 0.0000 -0.2423,
      -0.6889 0.0000 -0.7011,0.0000 0.9310 0.3152,
      -0.6762 0.0000 -0.7177,0.0000 -0.9310 -0.3153,
      0.0000 0.9310 0.3153,0.0000 0.0325 -0.9968,
      0.8900 0.0000 -0.4559,-0.7379 0.0000 -0.6688,
      0.0000 0.0390 0.9962,0.6356 0.0000 -0.7513,
      -0.8666 0.0000 -0.4727,0.8012 0.0000 -0.5712,
      0.8518 0.0000 -0.4896,-0.9445 0.0000 0.2930,
      -0.2353 0.0000 0.9647,-0.9841 0.0000 0.0800,
      -0.1531 0.0000 0.9811,0.9911 -0.0007 0.0636,
      -0.9080 0.0000 0.3917,-0.4025 0.0000 0.8996,
      0.8840 0.0000 0.4572,0.5935 0.0000 -0.7851,
      -0.6769 0.0000 -0.7361,-0.8817 -0.0014 -0.4411,
      0.9745 0.0000 -0.1302,-0.9881 0.0000 0.0484,
      0.9555 0.0000 0.2449,0.8873 0.0000 -0.4255,
      0.0675 0.0000 0.9824,-0.7865 0.0000 0.5894,
      0.0000 0.7395 0.6475,0.8818 0.0000 0.4582,
      0.0000 -0.7395 -0.6476,-0.5901 0.0000 -0.7860,
      0.9771 0.0000 -0.2127,0.0000 0.7394 0.6476,
      0.0000 -0.1951 -0.9808,0.9771 0.0000 -0.2128,
      0.9815 0.0000 -0.0981,0.9771 0.0000 -0.2129,
      0.9777 0.0000 0.1309
    ]
  }

    Node_Info
    {
      fields [SFString node_type, SFString node_name]
      node_type "Poly_Surface"
      node_name ""
    }
    NormalBinding { value PER_VERTEX_INDEXED }
    Separator
    {
      MatrixTransform
      {
      matrix 1.0000 0.0000 0.0000 0.0000
             0.0000 1.0000 0.0000 0.0000
             0.0000 0.0000 1.0000 0.0000
             0.0000 0.0000 0.0000 1.0000
      }
      IndexedFaceSet
      {
      coordIndex
      [
        269, 239, 132, -1,
        269, 132, 654, -1,
        269, 283, 239, -1,
        269, 654, 476, -1,
        476, 654, 477, -1,
        654, 132, 655, -1,
        132, 239, 133, -1,
        239, 283, 240, -1,
        286, 240, 283, -1,
        240, 133, 239, -1,
        133, 655, 132, -1,
        655, 477, 654, -1,
        477, 270, 476, -1,
        269, 476, 270, -1,
        270, 655, 133, -1,
        477, 655, 270, -1,
        270, 133, 240, -1,
        270, 240, 286, -1,
        244, 267, 245, -1,
        243, 244, 231, -1,
        283, 269, 268, -1,
        268, 245, 267, -1,
        232, 231, 244, -1,
        249, 267, 244, -1,
        277, 281, 278, -1,
        245, 268, 269, -1,
        252, 277, 278, -1,
        267, 252, 278, -1,
        233, 269, 234, -1,
        233, 245, 269, -1,
        249, 252, 267, -1,
        293, 294, 281, -1,
        285, 287, 286, -1,
        271, 272, 246, -1,
        249, 244, 243, -1,
        251, 252, 249, -1,
        282, 285, 280, -1,
        281, 282, 278, -1,
        280, 285, 283, -1,
        285, 286, 283, -1,
        250, 247, 272, -1,
        282, 281, 294, -1,
        287, 290, 286, -1,
        295, 296, 285, -1,
        270, 271, 246, -1,
        247, 248, 235, -1,
        278, 282, 280, -1,
        270, 234, 269, -1,
        287, 285, 296, -1,
        268, 280, 283, -1,
        286, 290, 288, -1,
        247, 246, 272, -1,
        250, 248, 247, -1,
        270, 286, 288, -1,
        271, 270, 288, -1,
        297, 298, 290, -1,
        236, 235, 248, -1,
        291, 292, 289, -1,
        290, 291, 288, -1,
        291, 290, 298, -1,
        288, 291, 289, -1,
        234, 270, 246, -1,
        253, 272, 292, -1,
        272, 253, 250, -1,
        289, 292, 272, -1,
        254, 250, 253, -1,
        481, 272, 480, -1,
        271, 480, 272, -1,
        480, 656, 481, -1,
        656, 134, 657, -1,
        134, 241, 135, -1,
        241, 288, 242, -1,
        289, 242, 288, -1,
        242, 135, 241, -1,
        135, 657, 134, -1,
        657, 481, 656, -1,
        472, 652, 473, -1,
        652, 130, 653, -1,
        130, 237, 131, -1,
        237, 278, 238, -1,
        280, 238, 278, -1,
        238, 131, 237, -1,
        131, 653, 130, -1,
        653, 473, 652, -1,
        473, 268, 472, -1,
        267, 472, 268, -1,
        271, 241, 134, -1,
        271, 134, 656, -1,
        271, 288, 241, -1,
        271, 656, 480, -1,
        272, 657, 135, -1,
        481, 657, 272, -1,
        272, 135, 242, -1,
        272, 242, 289, -1,
        267, 237, 130, -1,
        267, 130, 652, -1,
        267, 278, 237, -1,
        267, 652, 472, -1,
        268, 653, 131, -1,
        473, 653, 268, -1,
        268, 131, 238, -1,
        268, 238, 280, -1,
        249, 449, 144, -1,
        243, 449, 249, -1,
        136, 144, 449, -1,
        151, 251, 144, -1,
        249, 144, 251, -1,
        151, 144, 152, -1,
        136, 152, 144, -1,
        152, 252, 151, -1,
        251, 151, 252, -1,
        137, 453, 145, -1,
        250, 145, 453, -1,
        248, 250, 453, -1,
        145, 250, 154, -1,
        254, 154, 250, -1,
        154, 254, 153, -1,
        253, 153, 254, -1,
        137, 145, 153, -1,
        154, 153, 145, -1,
        294, 293, 343, -1,
        343, 342, 455, -1,
        455, 454, 615, -1,
        615, 614, 91, -1,
        90, 91, 614, -1,
        614, 615, 454, -1,
        454, 455, 342, -1,
        342, 343, 293, -1,
        91, 90, 25, -1,
        24, 25, 90, -1,
        446, 452, 235, -1,
        235, 452, 247, -1,
        236, 447, 235, -1,
        446, 235, 447, -1,
        447, 248, 453, -1,
        236, 248, 447, -1,
        453, 452, 447, -1,
        446, 447, 452, -1,
        231, 449, 243, -1,
        442, 449, 231, -1,
        231, 232, 442, -1,
        444, 442, 232, -1,
        442, 444, 449, -1,
        451, 449, 444, -1,
        232, 244, 444, -1,
        444, 244, 451, -1,
        245, 233, 345, -1,
        337, 345, 233, -1,
        345, 337, 344, -1,
        336, 344, 337, -1,
        298, 297, 349, -1,
        349, 348, 461, -1,
        461, 459, 619, -1,
        619, 618, 97, -1,
        96, 97, 618, -1,
        618, 619, 459, -1,
        459, 461, 348, -1,
        348, 349, 297, -1,
        97, 96, 32, -1,
        30, 32, 96, -1,
        47, 32, 46, -1,
        30, 46, 32, -1,
        47, 46, 115, -1,
        114, 115, 46, -1,
        68, 459, 578, -1,
        426, 618, 68, -1,
        114, 96, 426, -1,
        30, 96, 46, -1,
        500, 297, 493, -1,
        578, 348, 500, -1,
        459, 68, 618, -1,
        114, 46, 96, -1,
        500, 348, 297, -1,
        618, 426, 96, -1,
        348, 578, 459, -1,
        290, 493, 297, -1,
        461, 619, 69, -1,
        579, 349, 69, -1,
        298, 349, 501, -1,
        298, 501, 291, -1,
        115, 97, 47, -1,
        427, 619, 115, -1,
        349, 461, 69, -1,
        494, 291, 501, -1,
        619, 97, 115, -1,
        579, 501, 349, -1,
        427, 69, 619, -1,
        32, 47, 97, -1,
        114, 426, 115, -1,
        426, 68, 427, -1,
        68, 578, 69, -1,
        578, 500, 579, -1,
        501, 579, 500, -1,
        579, 69, 578, -1,
        69, 427, 68, -1,
        427, 115, 426, -1,
        282, 490, 285, -1,
        491, 285, 490, -1,
        493, 290, 492, -1,
        287, 492, 290, -1,
        344, 336, 710, -1,
        699, 710, 336, -1,
        700, 710, 698, -1,
        703, 710, 700, -1,
        707, 710, 703, -1,
        698, 710, 699, -1,
        709, 710, 707, -1,
        170, 168, 698, -1,
        168, 167, 700, -1,
        167, 163, 703, -1,
        163, 159, 707, -1,
        709, 707, 159, -1,
        707, 703, 163, -1,
        703, 700, 167, -1,
        700, 698, 168, -1,
        167, 168, 158, -1,
        163, 167, 158, -1,
        159, 163, 158, -1,
        168, 170, 158, -1,
        170, 169, 158, -1,
        352, 338, 246, -1,
        234, 246, 338, -1,
        353, 339, 352, -1,
        338, 352, 339, -1,
        712, 705, 353, -1,
        339, 353, 705, -1,
        712, 708, 706, -1,
        712, 711, 708, -1,
        712, 713, 711, -1,
        712, 706, 704, -1,
        712, 704, 705, -1,
        704, 706, 166, -1,
        706, 708, 164, -1,
        708, 711, 162, -1,
        711, 713, 157, -1,
        155, 157, 713, -1,
        157, 162, 711, -1,
        162, 164, 708, -1,
        164, 166, 706, -1,
        156, 166, 164, -1,
        156, 164, 162, -1,
        156, 162, 157, -1,
        165, 166, 156, -1,
        156, 157, 155, -1,
        432, 438, 156, -1,
        165, 156, 438, -1,
        43, 25, 42, -1,
        24, 42, 25, -1,
        64, 454, 574, -1,
        422, 614, 64, -1,
        109, 90, 422, -1,
        24, 90, 42, -1,
        496, 293, 489, -1,
        574, 342, 496, -1,
        454, 64, 614, -1,
        109, 42, 90, -1,
        496, 342, 293, -1,
        614, 422, 90, -1,
        342, 574, 454, -1,
        281, 489, 293, -1,
        455, 615, 65, -1,
        575, 343, 65, -1,
        294, 343, 497, -1,
        294, 497, 282, -1,
        111, 91, 43, -1,
        423, 615, 111, -1,
        343, 455, 65, -1,
        490, 282, 497, -1,
        615, 91, 111, -1,
        575, 497, 343, -1,
        423, 65, 615, -1,
        25, 43, 91, -1,
        43, 42, 111, -1,
        109, 111, 42, -1,
        109, 422, 111, -1,
        422, 64, 423, -1,
        64, 574, 65, -1,
        574, 496, 575, -1,
        497, 575, 496, -1,
        575, 65, 574, -1,
        65, 423, 64, -1,
        423, 111, 422, -1,
        433, 439, 432, -1,
        438, 432, 439, -1,
        296, 295, 347, -1,
        347, 346, 458, -1,
        458, 457, 617, -1,
        617, 616, 93, -1,
        92, 93, 616, -1,
        616, 617, 457, -1,
        457, 458, 346, -1,
        346, 347, 295, -1,
        93, 92, 27, -1,
        26, 27, 92, -1,
        45, 27, 44, -1,
        26, 44, 27, -1,
        66, 457, 576, -1,
        424, 616, 66, -1,
        112, 92, 424, -1,
        26, 92, 44, -1,
        498, 295, 491, -1,
        576, 346, 498, -1,
        457, 66, 616, -1,
        112, 44, 92, -1,
        498, 346, 295, -1,
        616, 424, 92, -1,
        346, 576, 457, -1,
        285, 491, 295, -1,
        458, 617, 67, -1,
        577, 347, 67, -1,
        296, 347, 499, -1,
        296, 499, 287, -1,
        113, 93, 45, -1,
        425, 617, 113, -1,
        347, 458, 67, -1,
        492, 287, 499, -1,
        617, 93, 113, -1,
        577, 499, 347, -1,
        425, 67, 617, -1,
        27, 45, 93, -1,
        112, 424, 113, -1,
        424, 66, 425, -1,
        66, 576, 67, -1,
        576, 498, 577, -1,
        499, 577, 498, -1,
        577, 67, 576, -1,
        67, 425, 66, -1,
        425, 113, 424, -1,
        45, 44, 113, -1,
        112, 113, 44, -1,
        368, 378, 433, -1,
        439, 433, 378, -1,
        158, 169, 435, -1,
        445, 435, 169, -1,
        435, 445, 434, -1,
        443, 434, 445, -1,
        434, 443, 369, -1,
        379, 369, 443, -1,
        210, 153, 292, -1,
        153, 210, 137, -1,
        221, 137, 210, -1,
        341, 210, 311, -1,
        292, 311, 210, -1,
        253, 292, 153, -1,
        210, 341, 209, -1,
        340, 209, 341, -1,
        209, 215, 210, -1,
        221, 210, 215, -1,
        209, 340, 215, -1,
        356, 215, 340, -1,
        356, 546, 215, -1,
        366, 546, 356, -1,
        221, 215, 546, -1,
        155, 221, 432, -1,
        221, 155, 137, -1,
        156, 155, 432, -1,
        352, 452, 353, -1,
        247, 452, 246, -1,
        453, 137, 353, -1,
        546, 432, 221, -1,
        546, 547, 432, -1,
        352, 246, 452, -1,
        713, 353, 137, -1,
        433, 547, 368, -1,
        433, 432, 547, -1,
        712, 353, 713, -1,
        713, 137, 155, -1,
        367, 368, 547, -1,
        453, 353, 452, -1,
        556, 366, 375, -1,
        556, 546, 366, -1,
        376, 557, 375, -1,
        556, 375, 557, -1,
        376, 367, 557, -1,
        557, 367, 547, -1,
        556, 557, 546, -1,
        547, 546, 557, -1,
        152, 211, 324, -1,
        211, 152, 222, -1,
        136, 222, 152, -1,
        252, 152, 277, -1,
        324, 277, 152, -1,
        350, 324, 211, -1,
        212, 351, 211, -1,
        350, 211, 351, -1,
        222, 216, 211, -1,
        212, 211, 216, -1,
        216, 358, 212, -1,
        351, 212, 358, -1,
        222, 551, 216, -1,
        358, 216, 551, -1,
        371, 358, 551, -1,
        709, 136, 344, -1,
        136, 709, 222, -1,
        710, 709, 344, -1,
        434, 550, 435, -1,
        370, 550, 369, -1,
        551, 222, 435, -1,
        449, 344, 136, -1,
        449, 451, 344, -1,
        434, 369, 550, -1,
        159, 435, 222, -1,
        345, 451, 245, -1,
        345, 344, 451, -1,
        158, 435, 159, -1,
        159, 222, 709, -1,
        244, 245, 451, -1,
        551, 435, 550, -1,
        559, 371, 551, -1,
        381, 371, 559, -1,
        380, 381, 558, -1,
        559, 558, 381, -1,
        558, 550, 380, -1,
        380, 550, 370, -1,
        551, 550, 559, -1,
        558, 559, 550, -1,
        511, 496, 488, -1,
        498, 497, 511, -1,
        496, 511, 497, -1,
        497, 498, 490, -1,
        499, 500, 492, -1,
        501, 500, 513, -1,
        491, 490, 498, -1,
        513, 499, 511, -1,
        499, 513, 500, -1,
        494, 501, 495, -1,
        498, 511, 499, -1,
        513, 495, 501, -1,
        493, 492, 500, -1,
        489, 488, 496, -1,
        511, 488, 512, -1,
        529, 512, 488, -1,
        510, 522, 513, -1,
        495, 513, 522, -1,
        311, 522, 312, -1,
        292, 495, 311, -1,
        522, 311, 495, -1,
        494, 495, 291, -1,
        292, 291, 495, -1,
        523, 312, 522, -1,
        277, 488, 281, -1,
        324, 529, 277, -1,
        488, 277, 529, -1,
        528, 529, 322, -1,
        324, 322, 529, -1,
        489, 281, 488, -1,
        76, 94, 411, -1,
        28, 94, 4, -1,
        464, 411, 621, -1,
        76, 4, 94, -1,
        516, 303, 523, -1,
        580, 357, 516, -1,
        357, 56, 464, -1,
        621, 411, 94, -1,
        516, 357, 303, -1,
        56, 411, 464, -1,
        580, 56, 357, -1,
        312, 523, 303, -1,
        5, 29, 4, -1,
        28, 4, 29, -1,
        94, 95, 621, -1,
        621, 622, 464, -1,
        464, 465, 357, -1,
        357, 359, 303, -1,
        304, 303, 359, -1,
        359, 357, 465, -1,
        465, 464, 622, -1,
        622, 621, 95, -1,
        76, 77, 4, -1,
        5, 4, 77, -1,
        28, 29, 94, -1,
        95, 94, 29, -1,
        517, 581, 516, -1,
        581, 57, 580, -1,
        57, 412, 56, -1,
        412, 77, 411, -1,
        76, 411, 77, -1,
        411, 56, 412, -1,
        56, 580, 57, -1,
        580, 516, 581, -1,
        57, 465, 412, -1,
        581, 359, 57, -1,
        304, 359, 517, -1,
        304, 517, 314, -1,
        77, 95, 5, -1,
        412, 622, 77, -1,
        359, 465, 57, -1,
        524, 314, 517, -1,
        622, 95, 77, -1,
        581, 517, 359, -1,
        465, 622, 412, -1,
        29, 5, 95, -1,
        314, 524, 316, -1,
        525, 316, 524, -1,
        510, 516, 522, -1,
        518, 517, 510, -1,
        516, 510, 517, -1,
        517, 518, 524, -1,
        525, 524, 518, -1,
        520, 519, 510, -1,
        518, 510, 519, -1,
        519, 520, 526, -1,
        527, 526, 520, -1,
        521, 520, 512, -1,
        510, 512, 520, -1,
        528, 521, 529, -1,
        512, 529, 521, -1,
        523, 522, 516, -1,
        527, 320, 526, -1,
        318, 526, 320, -1,
        521, 585, 520, -1,
        585, 61, 584, -1,
        61, 417, 60, -1,
        417, 81, 416, -1,
        80, 416, 81, -1,
        416, 60, 417, -1,
        60, 584, 61, -1,
        584, 520, 585, -1,
        80, 81, 12, -1,
        13, 12, 81, -1,
        13, 39, 12, -1,
        38, 12, 39, -1,
        80, 100, 416, -1,
        38, 100, 12, -1,
        468, 416, 626, -1,
        80, 12, 100, -1,
        520, 307, 527, -1,
        584, 362, 520, -1,
        362, 60, 468, -1,
        626, 416, 100, -1,
        520, 362, 307, -1,
        60, 416, 468, -1,
        584, 60, 362, -1,
        320, 527, 307, -1,
        61, 469, 417, -1,
        585, 363, 61, -1,
        308, 363, 521, -1,
        308, 521, 322, -1,
        81, 101, 13, -1,
        417, 627, 81, -1,
        363, 469, 61, -1,
        528, 322, 521, -1,
        627, 101, 81, -1,
        585, 521, 363, -1,
        469, 627, 417, -1,
        39, 13, 101, -1,
        38, 39, 100, -1,
        101, 100, 39, -1,
        100, 101, 626, -1,
        626, 627, 468, -1,
        468, 469, 362, -1,
        362, 363, 307, -1,
        308, 307, 363, -1,
        363, 362, 469, -1,
        469, 468, 627, -1,
        627, 626, 101, -1,
        519, 583, 518, -1,
        583, 59, 582, -1,
        59, 415, 58, -1,
        415, 79, 413, -1,
        78, 413, 79, -1,
        413, 58, 415, -1,
        58, 582, 59, -1,
        582, 518, 583, -1,
        78, 79, 6, -1,
        7, 6, 79, -1,
        7, 36, 6, -1,
        35, 6, 36, -1,
        59, 467, 415, -1,
        583, 361, 59, -1,
        306, 361, 519, -1,
        306, 519, 318, -1,
        79, 99, 7, -1,
        415, 625, 79, -1,
        361, 467, 59, -1,
        526, 318, 519, -1,
        625, 99, 79, -1,
        583, 519, 361, -1,
        467, 625, 415, -1,
        36, 7, 99, -1,
        78, 98, 413, -1,
        35, 98, 6, -1,
        466, 413, 623, -1,
        78, 6, 98, -1,
        518, 305, 525, -1,
        582, 360, 518, -1,
        360, 58, 466, -1,
        623, 413, 98, -1,
        518, 360, 305, -1,
        58, 413, 466, -1,
        582, 58, 360, -1,
        316, 525, 305, -1,
        35, 36, 98, -1,
        99, 98, 36, -1,
        98, 99, 623, -1,
        623, 625, 466, -1,
        466, 467, 360, -1,
        360, 361, 305, -1,
        306, 305, 361, -1,
        361, 360, 467, -1,
        467, 466, 625, -1,
        625, 623, 99, -1,
        366, 367, 375, -1,
        367, 325, 368, -1,
        313, 311, 312, -1,
        323, 350, 330, -1,
        329, 330, 369, -1,
        376, 375, 367, -1,
        326, 368, 325, -1,
        341, 311, 313, -1,
        325, 341, 313, -1,
        358, 330, 350, -1,
        358, 370, 330, -1,
        356, 325, 367, -1,
        378, 368, 379, -1,
        356, 341, 325, -1,
        314, 312, 304, -1,
        317, 315, 316, -1,
        350, 323, 322, -1,
        328, 329, 369, -1,
        370, 371, 380, -1,
        321, 319, 320, -1,
        326, 379, 368, -1,
        340, 341, 356, -1,
        316, 315, 314, -1,
        314, 313, 312, -1,
        326, 315, 317, -1,
        327, 326, 317, -1,
        351, 358, 350, -1,
        322, 320, 308, -1,
        370, 369, 330, -1,
        358, 371, 370, -1,
        320, 319, 318, -1,
        328, 319, 321, -1,
        329, 328, 321, -1,
        303, 304, 312, -1,
        318, 316, 306, -1,
        318, 317, 316, -1,
        324, 350, 322, -1,
        322, 321, 320, -1,
        381, 380, 371, -1,
        315, 313, 314, -1,
        356, 367, 366, -1,
        307, 308, 320, -1,
        319, 317, 318, -1,
        326, 327, 379, -1,
        305, 306, 316, -1,
        379, 328, 369, -1,
        328, 379, 327, -1,
        323, 321, 322, -1,
        315, 258, 313, -1,
        258, 172, 257, -1,
        172, 677, 171, -1,
        677, 505, 676, -1,
        504, 676, 505, -1,
        676, 171, 677, -1,
        171, 257, 172, -1,
        257, 313, 258, -1,
        319, 260, 317, -1,
        260, 174, 259, -1,
        174, 679, 173, -1,
        679, 507, 678, -1,
        506, 678, 507, -1,
        678, 173, 679, -1,
        173, 259, 174, -1,
        259, 317, 260, -1,
        507, 328, 506, -1,
        327, 506, 328, -1,
        509, 330, 508, -1,
        329, 508, 330, -1,
        323, 262, 321, -1,
        262, 179, 261, -1,
        179, 681, 178, -1,
        681, 509, 680, -1,
        508, 680, 509, -1,
        680, 178, 681, -1,
        178, 261, 179, -1,
        261, 321, 262, -1,
        505, 326, 504, -1,
        325, 504, 326, -1,
        330, 179, 262, -1,
        330, 681, 179, -1,
        509, 681, 330, -1,
        330, 262, 323, -1,
        325, 313, 257, -1,
        325, 257, 171, -1,
        325, 171, 676, -1,
        325, 676, 504, -1,
        329, 321, 261, -1,
        329, 261, 178, -1,
        329, 178, 680, -1,
        329, 680, 508, -1,
        326, 172, 258, -1,
        326, 677, 172, -1,
        505, 677, 326, -1,
        326, 258, 315, -1,
        328, 174, 260, -1,
        328, 679, 174, -1,
        507, 679, 328, -1,
        328, 260, 319, -1,
        327, 317, 259, -1,
        327, 259, 173, -1,
        327, 173, 678, -1,
        327, 678, 506, -1,
        85, 87, 3, -1,
        89, 83, 511, -1,
        83, 89, 85, -1,
        9, 3, 87, -1,
        86, 85, 89, -1,
        86, 87, 85, -1,
        513, 88, 82, -1,
        8, 87, 86, -1,
        1, 3, 511, -1,
        88, 87, 84, -1,
        11, 88, 513, -1,
        511, 9, 513, -1,
        9, 511, 3, -1,
        2, 84, 8, -1,
        11, 513, 9, -1,
        8, 84, 87, -1,
        1, 511, 83, -1,
        0, 2, 510, -1,
        10, 89, 512, -1,
        510, 8, 512, -1,
        8, 510, 2, -1,
        513, 82, 510, -1,
        10, 512, 8, -1,
        0, 510, 82, -1,
        84, 82, 88, -1,
        511, 512, 89, -1,
        86, 74, 8, -1,
        733, 8, 74, -1,
        89, 75, 86, -1,
        74, 86, 75, -1,
        8, 733, 10, -1,
        736, 10, 733, -1,
        10, 736, 89, -1,
        75, 89, 736, -1,
        75, 736, 74, -1,
        733, 74, 736, -1,
        11, 34, 88, -1,
        105, 88, 34, -1,
        88, 105, 87, -1,
        104, 87, 105, -1,
        9, 31, 11, -1,
        34, 11, 31, -1,
        87, 104, 9, -1,
        31, 9, 104, -1,
        105, 34, 104, -1,
        31, 104, 34, -1,
        3, 23, 85, -1,
        103, 85, 23, -1,
        1, 22, 3, -1,
        23, 3, 22, -1,
        85, 103, 83, -1,
        102, 83, 103, -1,
        23, 22, 103, -1,
        102, 103, 22, -1,
        83, 102, 1, -1,
        22, 1, 102, -1,
        84, 73, 82, -1,
        72, 82, 73, -1,
        719, 718, 73, -1,
        72, 73, 718, -1,
        82, 72, 0, -1,
        718, 0, 72, -1,
        2, 719, 84, -1,
        73, 84, 719, -1,
        0, 718, 2, -1,
        719, 2, 718, -1,
        190, 200, 193, -1,
        20, 138, 193, -1,
        193, 200, 205, -1,
        138, 142, 193, -1,
        228, 184, 227, -1,
        119, 591, 387, -1,
        142, 190, 193, -1,
        226, 184, 228, -1,
        650, 665, 337, -1,
        598, 650, 684, -1,
        684, 119, 387, -1,
        185, 205, 200, -1,
        227, 150, 20, -1,
        230, 184, 226, -1,
        205, 263, 217, -1,
        641, 470, 205, -1,
        588, 337, 634, -1,
        337, 684, 650, -1,
        255, 684, 387, -1,
        119, 55, 715, -1,
        561, 537, 543, -1,
        393, 205, 129, -1,
        146, 205, 185, -1,
        227, 184, 150, -1,
        205, 470, 263, -1,
        634, 337, 665, -1,
        502, 684, 255, -1,
        119, 715, 691, -1,
        565, 555, 125, -1,
        561, 487, 537, -1,
        392, 129, 391, -1,
        227, 20, 193, -1,
        470, 641, 534, -1,
        502, 598, 684, -1,
        119, 691, 660, -1,
        479, 421, 409, -1,
        391, 300, 377, -1,
        555, 542, 125, -1,
        561, 125, 487, -1,
        129, 205, 16, -1,
        120, 205, 146, -1,
        534, 641, 588, -1,
        119, 660, 591, -1,
        409, 391, 377, -1,
        542, 515, 125, -1,
        561, 543, 545, -1,
        640, 699, 337, -1,
        16, 205, 120, -1,
        641, 337, 588, -1,
        391, 208, 300, -1,
        565, 125, 561, -1,
        383, 230, 266, -1,
        639, 640, 337, -1,
        193, 205, 217, -1,
        391, 129, 208, -1,
        227, 195, 194, -1,
        515, 355, 125, -1,
        396, 436, 428, -1,
        418, 430, 440, -1,
        266, 230, 226, -1,
        383, 266, 333, -1,
        569, 483, 563, -1,
        379, 119, 378, -1,
        641, 639, 337, -1,
        421, 391, 409, -1,
        227, 193, 195, -1,
        355, 276, 125, -1,
        234, 685, 233, -1,
        567, 399, 460, -1,
        396, 448, 436, -1,
        396, 418, 448, -1,
        675, 649, 569, -1,
        463, 383, 333, -1,
        563, 483, 333, -1,
        118, 378, 119, -1,
        393, 129, 392, -1,
        276, 227, 125, -1,
        684, 233, 685, -1,
        443, 728, 739, -1,
        732, 731, 443, -1,
        735, 567, 613, -1,
        418, 440, 448, -1,
        741, 675, 443, -1,
        683, 649, 675, -1,
        483, 463, 333, -1,
        55, 119, 379, -1,
        438, 439, 165, -1,
        118, 705, 165, -1,
        227, 194, 125, -1,
        338, 685, 234, -1,
        339, 705, 338, -1,
        739, 728, 702, -1,
        730, 443, 731, -1,
        445, 734, 443, -1,
        613, 567, 460, -1,
        169, 738, 445, -1,
        372, 396, 394, -1,
        273, 394, 279, -1,
        379, 443, 55, -1,
        443, 50, 741, -1,
        383, 335, 230, -1,
        741, 697, 675, -1,
        118, 165, 439, -1,
        165, 704, 166, -1,
        337, 233, 684, -1,
        685, 338, 118, -1,
        739, 702, 695, -1,
        732, 443, 734, -1,
        567, 365, 399, -1,
        735, 445, 738, -1,
        384, 414, 170, -1,
        636, 698, 699, -1,
        177, 403, 176, -1,
        273, 372, 394, -1,
        717, 443, 675, -1,
        697, 683, 675, -1,
        165, 705, 704, -1,
        439, 378, 118, -1,
        118, 338, 705, -1,
        728, 443, 730, -1,
        734, 445, 735, -1,
        414, 384, 49, -1,
        638, 699, 637, -1,
        402, 640, 403, -1,
        176, 403, 175, -1,
        219, 273, 279, -1,
        125, 194, 279, -1,
        675, 569, 563, -1,
        336, 337, 699, -1,
        169, 737, 738, -1,
        735, 613, 734, -1,
        636, 384, 170, -1,
        637, 699, 640, -1,
        177, 402, 403, -1,
        194, 219, 279, -1,
        50, 443, 739, -1,
        698, 636, 170, -1,
        402, 637, 640, -1,
        717, 55, 443, -1,
        170, 414, 737, -1,
        394, 396, 428, -1,
        636, 699, 638, -1,
        170, 737, 169, -1,
        365, 364, 399, -1,
        399, 456, 460, -1,
        399, 398, 456, -1,
        399, 364, 398, -1,
        636, 642, 384, -1,
        384, 52, 49, -1,
        384, 385, 52, -1,
        384, 642, 385, -1,
        177, 404, 402, -1,
        402, 644, 637, -1,
        402, 404, 644, -1,
        177, 182, 404, -1,
        185, 200, 186, -1,
        146, 185, 149, -1,
        146, 149, 120, -1,
        120, 19, 16, -1,
        16, 19, 129, -1,
        129, 207, 208, -1,
        208, 207, 300, -1,
        300, 374, 377, -1,
        299, 374, 300, -1,
        300, 207, 299, -1,
        129, 128, 207, -1,
        129, 19, 128, -1,
        120, 121, 19, -1,
        120, 149, 121, -1,
        149, 185, 186, -1,
        186, 200, 202, -1,
        737, 727, 738, -1,
        738, 725, 735, -1,
        727, 725, 738, -1,
        726, 727, 737, -1,
        392, 391, 390, -1,
        393, 392, 389, -1,
        389, 392, 390, -1,
        390, 391, 388, -1,
        393, 389, 205, -1,
        205, 647, 641, -1,
        205, 206, 647, -1,
        205, 389, 206, -1,
        49, 410, 414, -1,
        414, 726, 737, -1,
        414, 410, 726, -1,
        49, 52, 410, -1,
        695, 729, 739, -1,
        739, 48, 50, -1,
        729, 48, 739, -1,
        694, 729, 695, -1,
        638, 637, 644, -1,
        636, 638, 642, -1,
        642, 638, 643, -1,
        638, 644, 643, -1,
        377, 408, 409, -1,
        409, 475, 479, -1,
        409, 408, 475, -1,
        377, 374, 408, -1,
        639, 641, 646, -1,
        640, 639, 645, -1,
        645, 639, 646, -1,
        646, 641, 647, -1,
        48, 741, 50, -1,
        741, 696, 697, -1,
        697, 696, 683, -1,
        683, 648, 649, -1,
        649, 568, 569, -1,
        569, 482, 483, -1,
        483, 482, 463, -1,
        383, 463, 382, -1,
        335, 383, 382, -1,
        335, 382, 334, -1,
        382, 463, 462, -1,
        463, 482, 462, -1,
        569, 568, 482, -1,
        649, 648, 568, -1,
        683, 682, 648, -1,
        683, 696, 682, -1,
        740, 696, 741, -1,
        48, 740, 741, -1,
        176, 175, 181, -1,
        177, 176, 181, -1,
        177, 181, 182, -1,
        181, 175, 180, -1,
        479, 475, 421, -1,
        421, 388, 391, -1,
        421, 420, 388, -1,
        421, 475, 420, -1,
        20, 139, 138, -1,
        142, 138, 139, -1,
        190, 142, 192, -1,
        200, 190, 192, -1,
        20, 147, 21, -1,
        150, 147, 20, -1,
        147, 148, 21, -1,
        200, 192, 202, -1,
        192, 142, 143, -1,
        142, 139, 143, -1,
        20, 21, 139, -1,
        640, 405, 403, -1,
        403, 180, 175, -1,
        403, 405, 180, -1,
        640, 645, 405, -1,
        335, 229, 230, -1,
        230, 229, 184, -1,
        147, 183, 148, -1,
        184, 183, 147, -1,
        184, 147, 150, -1,
        184, 229, 183, -1,
        335, 334, 229, -1,
        735, 566, 567, -1,
        567, 566, 365, -1,
        365, 566, 364, -1,
        735, 725, 566, -1,
        728, 720, 702, -1,
        702, 701, 695, -1,
        695, 701, 694, -1,
        702, 720, 701, -1,
        460, 456, 613, -1,
        613, 724, 734, -1,
        613, 612, 724, -1,
        613, 456, 612, -1,
        193, 198, 195, -1,
        195, 197, 194, -1,
        198, 197, 195, -1,
        196, 198, 193, -1,
        486, 124, 386, -1,
        332, 224, 275, -1,
        332, 265, 224, -1,
        198, 218, 274, -1,
        198, 274, 220, -1,
        256, 284, 503, -1,
        386, 124, 256, -1,
        590, 536, 486, -1,
        562, 354, 514, -1,
        265, 225, 224, -1,
        198, 220, 197, -1,
        218, 373, 274, -1,
        124, 284, 256, -1,
        590, 486, 386, -1,
        674, 562, 514, -1,
        275, 224, 223, -1,
        218, 264, 373, -1,
        373, 471, 397, -1,
        419, 535, 589, -1,
        437, 450, 651, -1,
        395, 600, 503, -1,
        658, 536, 590, -1,
        716, 553, 564, -1,
        354, 332, 275, -1,
        264, 471, 373, -1,
        397, 471, 535, -1,
        450, 667, 651, -1,
        429, 651, 600, -1,
        284, 395, 503, -1,
        690, 536, 658, -1,
        54, 560, 544, -1,
        54, 716, 564, -1,
        716, 674, 540, -1,
        562, 332, 354, -1,
        397, 535, 419, -1,
        419, 589, 635, -1,
        431, 667, 441, -1,
        429, 437, 651, -1,
        690, 541, 536, -1,
        714, 541, 690, -1,
        54, 564, 560, -1,
        674, 514, 540, -1,
        419, 635, 431, -1,
        441, 667, 450, -1,
        714, 544, 541, -1,
        716, 540, 553, -1,
        431, 635, 667, -1,
        54, 544, 714, -1,
        395, 429, 600, -1,
        196, 218, 198, -1,
        228, 227, 223, -1,
        226, 228, 225, -1,
        225, 228, 224, -1,
        228, 223, 224, -1,
        355, 275, 276, -1,
        276, 223, 227, -1,
        276, 275, 223, -1,
        355, 354, 275, -1,
        55, 714, 715, -1,
        714, 691, 715, -1,
        691, 658, 660, -1,
        660, 590, 591, -1,
        591, 590, 387, -1,
        387, 256, 255, -1,
        255, 503, 502, -1,
        502, 600, 598, -1,
        650, 598, 600, -1,
        665, 650, 667, -1,
        634, 665, 667, -1,
        588, 634, 589, -1,
        588, 535, 534, -1,
        534, 471, 470, -1,
        470, 471, 263, -1,
        263, 471, 264, -1,
        534, 535, 471, -1,
        588, 589, 535, -1,
        589, 634, 635, -1,
        634, 667, 635, -1,
        667, 650, 651, -1,
        650, 600, 651, -1,
        502, 503, 600, -1,
        255, 256, 503, -1,
        387, 386, 256, -1,
        387, 590, 386, -1,
        660, 658, 590, -1,
        691, 690, 658, -1,
        714, 690, 691, -1,
        54, 714, 55, -1,
        194, 220, 219, -1,
        219, 220, 273, -1,
        273, 220, 274, -1,
        194, 197, 220, -1,
        555, 565, 564, -1,
        542, 555, 540, -1,
        542, 540, 515, -1,
        515, 354, 355, -1,
        515, 514, 354, -1,
        515, 540, 514, -1,
        540, 555, 553, -1,
        555, 564, 553, -1,
        563, 674, 675, -1,
        675, 716, 717, -1,
        717, 54, 55, -1,
        563, 331, 562, -1,
        333, 331, 563, -1,
        331, 332, 562, -1,
        716, 54, 717, -1,
        674, 716, 675, -1,
        563, 562, 674, -1,
        273, 373, 372, -1,
        372, 373, 396, -1,
        396, 397, 418, -1,
        418, 431, 430, -1,
        430, 441, 440, -1,
        440, 450, 448, -1,
        441, 450, 440, -1,
        431, 441, 430, -1,
        418, 419, 431, -1,
        418, 397, 419, -1,
        396, 373, 397, -1,
        273, 274, 373, -1,
        226, 265, 266, -1,
        266, 265, 331, -1,
        331, 265, 332, -1,
        266, 331, 333, -1,
        226, 225, 265, -1,
        448, 437, 436, -1,
        436, 429, 428, -1,
        428, 395, 394, -1,
        394, 284, 279, -1,
        279, 284, 125, -1,
        125, 284, 124, -1,
        394, 395, 284, -1,
        428, 429, 395, -1,
        437, 429, 436, -1,
        450, 437, 448, -1,
        125, 124, 487, -1,
        487, 536, 537, -1,
        537, 536, 543, -1,
        545, 543, 544, -1,
        561, 545, 560, -1,
        565, 561, 564, -1,
        564, 561, 560, -1,
        560, 545, 544, -1,
        544, 543, 541, -1,
        543, 536, 541, -1,
        487, 486, 536, -1,
        487, 124, 486, -1,
        263, 218, 217, -1,
        217, 218, 193, -1,
        193, 218, 196, -1,
        263, 264, 218, -1,
        119, 117, 118, -1,
        116, 118, 117, -1,
        118, 116, 685, -1,
        687, 685, 116, -1,
        685, 687, 684, -1,
        686, 684, 687, -1,
        684, 686, 119, -1,
        117, 119, 686, -1,
        406, 116, 407, -1,
        302, 687, 406, -1,
        116, 406, 687, -1,
        301, 686, 302, -1,
        407, 117, 301, -1,
        687, 302, 686, -1,
        117, 407, 116, -1,
        686, 301, 117, -1,
        301, 309, 407, -1,
        401, 407, 309, -1,
        407, 401, 406, -1,
        400, 406, 401, -1,
        406, 400, 302, -1,
        310, 302, 400, -1,
        302, 310, 301, -1,
        309, 301, 310, -1,
        33, 202, 15, -1,
        15, 202, 14, -1,
        40, 14, 192, -1,
        160, 122, 148, -1,
        334, 203, 229, -1,
        696, 602, 682, -1,
        740, 602, 696, -1,
        48, 620, 740, -1,
        14, 202, 192, -1,
        62, 192, 143, -1,
        122, 106, 21, -1,
        148, 122, 21, -1,
        229, 189, 160, -1,
        334, 213, 203, -1,
        484, 334, 382, -1,
        682, 586, 648, -1,
        740, 620, 608, -1,
        299, 207, 107, -1,
        62, 40, 192, -1,
        183, 160, 148, -1,
        229, 203, 189, -1,
        374, 199, 213, -1,
        474, 213, 334, -1,
        532, 382, 462, -1,
        648, 586, 571, -1,
        740, 608, 602, -1,
        207, 128, 107, -1,
        70, 121, 149, -1,
        70, 149, 186, -1,
        33, 186, 202, -1,
        106, 62, 143, -1,
        229, 160, 183, -1,
        374, 187, 199, -1,
        599, 475, 538, -1,
        532, 484, 382, -1,
        552, 532, 462, -1,
        571, 552, 568, -1,
        682, 602, 586, -1,
        374, 299, 107, -1,
        107, 19, 121, -1,
        51, 186, 33, -1,
        106, 139, 21, -1,
        374, 140, 187, -1,
        374, 107, 126, -1,
        721, 475, 599, -1,
        52, 385, 404, -1,
        385, 643, 644, -1,
        552, 462, 482, -1,
        648, 571, 568, -1,
        107, 121, 70, -1,
        106, 143, 139, -1,
        374, 126, 140, -1,
        538, 475, 408, -1,
        364, 181, 180, -1,
        726, 182, 566, -1,
        385, 644, 404, -1,
        721, 599, 694, -1,
        729, 694, 610, -1,
        568, 552, 482, -1,
        48, 729, 630, -1,
        70, 186, 51, -1,
        538, 408, 374, -1,
        727, 566, 725, -1,
        566, 182, 181, -1,
        385, 642, 643, -1,
        726, 410, 182, -1,
        723, 612, 628, -1,
        723, 628, 688, -1,
        721, 694, 701, -1,
        694, 599, 610, -1,
        48, 630, 620, -1,
        538, 374, 213, -1,
        631, 389, 420, -1,
        420, 389, 390, -1,
        721, 659, 631, -1,
        722, 688, 721, -1,
        389, 646, 206, -1,
        180, 405, 646, -1,
        566, 181, 364, -1,
        410, 52, 182, -1,
        530, 398, 646, -1,
        723, 688, 722, -1,
        612, 456, 530, -1,
        729, 610, 630, -1,
        128, 19, 107, -1,
        420, 390, 388, -1,
        721, 688, 659, -1,
        631, 570, 389, -1,
        206, 646, 647, -1,
        364, 180, 646, -1,
        52, 404, 182, -1,
        530, 456, 398, -1,
        628, 612, 530, -1,
        484, 474, 334, -1,
        721, 631, 475, -1,
        530, 646, 389, -1,
        726, 566, 727, -1,
        724, 612, 723, -1,
        721, 701, 720, -1,
        570, 530, 389, -1,
        398, 364, 646, -1,
        631, 420, 475, -1,
        538, 213, 474, -1,
        405, 645, 646, -1,
        478, 484, 485, -1,
        485, 532, 533, -1,
        533, 552, 554, -1,
        533, 532, 552, -1,
        485, 484, 532, -1,
        474, 484, 478, -1,
        601, 538, 539, -1,
        539, 538, 478, -1,
        478, 538, 474, -1,
        601, 599, 538, -1,
        554, 571, 573, -1,
        573, 571, 587, -1,
        587, 602, 606, -1,
        606, 602, 609, -1,
        624, 609, 620, -1,
        632, 624, 630, -1,
        630, 624, 620, -1,
        620, 609, 608, -1,
        609, 602, 608, -1,
        587, 586, 602, -1,
        587, 571, 586, -1,
        554, 552, 571, -1,
        611, 632, 610, -1,
        601, 611, 610, -1,
        601, 610, 599, -1,
        610, 632, 630, -1,
        554, 539, 533, -1,
        632, 539, 624, -1,
        539, 485, 533, -1,
        624, 539, 609, -1,
        573, 539, 554, -1,
        632, 611, 539, -1,
        606, 539, 587, -1,
        539, 478, 485, -1,
        609, 539, 606, -1,
        611, 601, 539, -1,
        587, 539, 573, -1,
        689, 628, 629, -1,
        629, 530, 531, -1,
        629, 628, 530, -1,
        689, 688, 628, -1,
        633, 659, 661, -1,
        661, 688, 689, -1,
        661, 659, 688, -1,
        633, 631, 659, -1,
        531, 570, 572, -1,
        570, 633, 572, -1,
        570, 631, 633, -1,
        531, 530, 570, -1,
        661, 629, 633, -1,
        633, 629, 572, -1,
        629, 531, 572, -1,
        689, 629, 661, -1,
        127, 126, 110, -1,
        110, 70, 71, -1,
        71, 51, 53, -1,
        51, 37, 53, -1,
        37, 15, 18, -1,
        18, 14, 17, -1,
        15, 14, 18, -1,
        33, 15, 37, -1,
        51, 33, 37, -1,
        71, 70, 51, -1,
        110, 107, 70, -1,
        110, 126, 107, -1,
        191, 110, 71, -1,
        108, 17, 41, -1,
        191, 127, 110, -1,
        161, 17, 123, -1,
        108, 41, 63, -1,
        191, 71, 53, -1,
        123, 17, 108, -1,
        191, 53, 37, -1,
        191, 18, 17, -1,
        191, 141, 127, -1,
        204, 188, 191, -1,
        191, 37, 18, -1,
        214, 201, 204, -1,
        191, 17, 161, -1,
        191, 188, 141, -1,
        204, 201, 188, -1,
        123, 160, 161, -1,
        161, 189, 191, -1,
        161, 160, 189, -1,
        123, 122, 160, -1,
        17, 40, 41, -1,
        41, 62, 63, -1,
        63, 106, 108, -1,
        108, 122, 123, -1,
        108, 106, 122, -1,
        63, 62, 106, -1,
        40, 62, 41, -1,
        14, 40, 17, -1,
        191, 189, 204, -1,
        204, 213, 214, -1,
        204, 203, 213, -1,
        204, 189, 203, -1,
        201, 214, 199, -1,
        201, 187, 188, -1,
        188, 187, 141, -1,
        141, 126, 127, -1,
        141, 140, 126, -1,
        141, 187, 140, -1,
        201, 199, 187, -1,
        199, 214, 213, -1,
        309, 592, 401, -1,
        594, 593, 309, -1,
        592, 309, 593, -1,
        593, 594, 672, -1,
        671, 672, 594, -1,
        673, 672, 401, -1,
        671, 401, 672, -1,
        596, 595, 309, -1,
        594, 309, 595, -1,
        595, 596, 670, -1,
        669, 670, 596, -1,
        671, 670, 401, -1,
        669, 401, 670, -1,
        597, 596, 310, -1,
        309, 310, 596, -1,
        400, 668, 310, -1,
        597, 310, 668, -1,
        401, 669, 400, -1,
        668, 400, 669, -1,
        673, 401, 592, -1,
        670, 692, 595, -1,
        549, 595, 692, -1,
        671, 693, 670, -1,
        692, 670, 693, -1,
        693, 548, 692, -1,
        549, 692, 548, -1,
        595, 549, 594, -1,
        548, 594, 549, -1,
        594, 548, 671, -1,
        693, 671, 548, -1,
        596, 605, 669, -1,
        663, 669, 605, -1,
        669, 663, 668, -1,
        662, 668, 663, -1,
        668, 662, 597, -1,
        607, 597, 662, -1,
        597, 607, 596, -1,
        605, 596, 607, -1,
        607, 662, 605, -1,
        663, 605, 662, -1,
        673, 666, 672, -1,
        664, 672, 666, -1,
        664, 666, 604, -1,
        603, 604, 666, -1,
        672, 664, 593, -1,
        604, 593, 664, -1,
        593, 604, 592, -1,
        603, 592, 604, -1,
        592, 603, 673, -1,
        666, 673, 603, -1
          ]
      normalIndex
      [
2, 2, 2, -1,
        2, 2, 2, -1,
        2, 2, 2, -1,
        2, 2, 2, -1,
        86, 187, 86, -1,
        187, 27, 12, -1,
        27, 140, 225, -1,
        140, 170, 178, -1,
        245, 178, 170, -1,
        178, 225, 140, -1,
        225, 12, 27, -1,
        12, 86, 187, -1,
        175, 175, 175, -1,
        175, 175, 175, -1,
        1, 1, 1, -1,
        1, 1, 1, -1,
        1, 1, 1, -1,
        1, 1, 1, -1,
        14, 14, 14, -1,
        14, 14, 14, -1,
        170, 14, 14, -1,
        14, 14, 14, -1,
        14, 14, 14, -1,
        14, 14, 14, -1,
        14, 14, 186, -1,
        14, 14, 14, -1,
        14, 14, 186, -1,
        14, 14, 186, -1,
        14, 14, 14, -1,
        14, 14, 14, -1,
        14, 14, 14, -1,
        55, 169, 14, -1,
        14, 14, 245, -1,
        14, 14, 14, -1,
        14, 14, 14, -1,
        14, 14, 14, -1,
        14, 14, 235, -1,
        14, 14, 186, -1,
        235, 14, 170, -1,
        14, 245, 170, -1,
        14, 14, 14, -1,
        14, 14, 169, -1,
        14, 14, 245, -1,
        55, 169, 14, -1,
        14, 14, 14, -1,
        14, 14, 14, -1,
        186, 14, 235, -1,
        14, 14, 14, -1,
        14, 14, 169, -1,
        14, 235, 170, -1,
        245, 14, 186, -1,
        14, 14, 14, -1,
        14, 14, 14, -1,
        14, 245, 186, -1,
        14, 14, 186, -1,
        55, 169, 14, -1,
        14, 14, 14, -1,
        14, 14, 212, -1,
        14, 14, 186, -1,
        14, 14, 169, -1,
        186, 14, 212, -1,
        14, 14, 14, -1,
        14, 14, 14, -1,
        14, 14, 14, -1,
        212, 14, 14, -1,
        14, 14, 14, -1,
        175, 175, 175, -1,
        175, 175, 175, -1,
        86, 187, 86, -1,
        187, 27, 12, -1,
        27, 140, 225, -1,
        140, 186, 178, -1,
        212, 178, 186, -1,
        178, 225, 140, -1,
        225, 12, 27, -1,
        12, 86, 187, -1,
        86, 187, 86, -1,
        187, 27, 12, -1,
        27, 140, 225, -1,
        140, 186, 178, -1,
        235, 178, 186, -1,
        178, 225, 140, -1,
        225, 12, 27, -1,
        12, 86, 187, -1,
        175, 175, 175, -1,
        175, 175, 175, -1,
        2, 2, 2, -1,
        2, 2, 2, -1,
        2, 2, 2, -1,
        2, 2, 2, -1,
        1, 1, 1, -1,
        1, 1, 1, -1,
        1, 1, 1, -1,
        1, 1, 1, -1,
        2, 2, 2, -1,
        2, 2, 2, -1,
        2, 2, 2, -1,
        2, 2, 2, -1,
        1, 1, 1, -1,
        1, 1, 1, -1,
        1, 1, 1, -1,
        1, 1, 1, -1,
        53, 48, 41, -1,
        41, 48, 53, -1,
        74, 41, 48, -1,
        1, 1, 41, -1,
        53, 41, 1, -1,
        13, 13, 13, -1,
        13, 13, 13, -1,
        175, 175, 175, -1,
        175, 175, 175, -1,
        69, 54, 49, -1,
        37, 49, 54, -1,
        28, 37, 54, -1,
        49, 37, 2, -1,
        2, 2, 37, -1,
        175, 175, 175, -1,
        175, 175, 175, -1,
        13, 13, 13, -1,
        13, 13, 13, -1,
        169, 55, 177, -1,
        177, 138, 227, -1,
        227, 30, 20, -1,
        20, 189, 97, -1,
        107, 97, 189, -1,
        189, 20, 30, -1,
        30, 227, 138, -1,
        138, 177, 55, -1,
        97, 107, 174, -1,
        174, 174, 107, -1,
        1, 1, 1, -1,
        1, 1, 1, -1,
        174, 174, 174, -1,
        174, 174, 174, -1,
        2, 28, 54, -1,
        2, 28, 2, -1,
        13, 13, 13, -1,
        13, 13, 13, -1,
        1, 48, 41, -1,
        1, 48, 1, -1,
        174, 174, 174, -1,
        174, 174, 174, -1,
        13, 13, 13, -1,
        13, 13, 13, -1,
        2, 2, 2, -1,
        2, 2, 2, -1,
        1, 1, 1, -1,
        1, 1, 1, -1,
        14, 14, 14, -1,
        14, 14, 14, -1,
        169, 55, 177, -1,
        177, 138, 227, -1,
        227, 30, 20, -1,
        20, 189, 97, -1,
        107, 97, 189, -1,
        189, 20, 30, -1,
        30, 227, 138, -1,
        138, 177, 55, -1,
        97, 107, 174, -1,
        174, 174, 107, -1,
        14, 14, 14, -1,
        14, 14, 14, -1,
        175, 175, 102, -1,
        102, 102, 175, -1,
        1, 1, 1, -1,
        1, 1, 1, -1,
        1, 1, 1, -1,
        1, 1, 1, -1,
        1, 1, 1, -1,
        1, 1, 1, -1,
        1, 1, 1, -1,
        1, 1, 1, -1,
        1, 1, 1, -1,
        1, 1, 1, -1,
        1, 1, 1, -1,
        1, 1, 1, -1,
        2, 2, 2, -1,
        2, 2, 2, -1,
        2, 2, 2, -1,
        2, 2, 2, -1,
        2, 2, 2, -1,
        2, 2, 2, -1,
        2, 2, 2, -1,
        2, 2, 2, -1,
        2, 2, 2, -1,
        2, 2, 2, -1,
        2, 2, 2, -1,
        2, 2, 2, -1,
        102, 188, 102, -1,
        188, 29, 17, -1,
        29, 139, 226, -1,
        139, 228, 179, -1,
        228, 179, 228, -1,
        179, 226, 139, -1,
        226, 17, 29, -1,
        17, 102, 188, -1,
        175, 175, 175, -1,
        175, 175, 175, -1,
        175, 175, 175, -1,
        175, 175, 175, -1,
        1, 1, 1, -1,
        1, 1, 1, -1,
        14, 14, 14, -1,
        14, 14, 14, -1,
        14, 14, 14, -1,
        14, 14, 14, -1,
        14, 14, 14, -1,
        173, 155, 171, -1,
        155, 122, 148, -1,
        122, 81, 113, -1,
        81, 43, 62, -1,
        43, 62, 43, -1,
        62, 113, 81, -1,
        113, 148, 122, -1,
        148, 171, 155, -1,
        13, 13, 13, -1,
        13, 13, 13, -1,
        13, 13, 13, -1,
        13, 13, 13, -1,
        13, 13, 13, -1,
        2, 2, 2, -1,
        2, 2, 2, -1,
        14, 14, 14, -1,
        14, 14, 14, -1,
        2, 2, 2, -1,
        2, 2, 2, -1,
        14, 14, 14, -1,
        14, 14, 14, -1,
        14, 14, 14, -1,
        14, 14, 14, -1,
        14, 14, 14, -1,
        172, 153, 167, -1,
        153, 121, 146, -1,
        121, 79, 111, -1,
        79, 38, 59, -1,
        38, 59, 38, -1,
        59, 111, 79, -1,
        111, 146, 121, -1,
        146, 167, 153, -1,
        13, 13, 13, -1,
        13, 13, 13, -1,
        13, 13, 13, -1,
        13, 13, 13, -1,
        13, 13, 13, -1,
        2, 2, 2, -1,
        2, 2, 2, -1,
        14, 14, 14, -1,
        14, 14, 14, -1,
        1, 1, 1, -1,
        1, 1, 1, -1,
        1, 1, 1, -1,
        1, 1, 1, -1,
        1, 1, 1, -1,
        1, 1, 1, -1,
        1, 1, 1, -1,
        1, 1, 1, -1,
        1, 1, 1, -1,
        1, 1, 1, -1,
        1, 1, 1, -1,
        1, 1, 1, -1,
        2, 2, 2, -1,
        2, 2, 2, -1,
        2, 2, 2, -1,
        2, 2, 2, -1,
        2, 2, 2, -1,
        2, 2, 2, -1,
        2, 2, 2, -1,
        2, 2, 2, -1,
        2, 2, 2, -1,
        2, 2, 2, -1,
        2, 2, 2, -1,
        2, 2, 2, -1,
        175, 175, 102, -1,
        102, 102, 175, -1,
        102, 188, 102, -1,
        188, 29, 17, -1,
        29, 139, 226, -1,
        139, 228, 179, -1,
        228, 179, 228, -1,
        179, 226, 139, -1,
        226, 17, 29, -1,
        17, 102, 188, -1,
        13, 13, 13, -1,
        13, 13, 13, -1,
        169, 55, 177, -1,
        177, 138, 227, -1,
        227, 30, 20, -1,
        20, 189, 97, -1,
        107, 97, 189, -1,
        189, 20, 30, -1,
        30, 227, 138, -1,
        138, 177, 55, -1,
        97, 107, 174, -1,
        174, 174, 107, -1,
        14, 14, 14, -1,
        14, 14, 14, -1,
        1, 1, 1, -1,
        1, 1, 1, -1,
        1, 1, 1, -1,
        1, 1, 1, -1,
        1, 1, 1, -1,
        1, 1, 1, -1,
        1, 1, 1, -1,
        1, 1, 1, -1,
        1, 1, 1, -1,
        1, 1, 1, -1,
        1, 1, 1, -1,
        1, 1, 1, -1,
        2, 2, 2, -1,
        2, 2, 2, -1,
        2, 2, 2, -1,
        2, 2, 2, -1,
        2, 2, 2, -1,
        2, 2, 2, -1,
        2, 2, 2, -1,
        2, 2, 2, -1,
        2, 2, 2, -1,
        2, 2, 2, -1,
        2, 2, 2, -1,
        2, 2, 2, -1,
        102, 188, 102, -1,
        188, 29, 17, -1,
        29, 139, 226, -1,
        139, 228, 179, -1,
        228, 179, 228, -1,
        179, 226, 139, -1,
        226, 17, 29, -1,
        17, 102, 188, -1,
        175, 175, 102, -1,
        102, 102, 175, -1,
        2, 2, 2, -1,
        2, 2, 2, -1,
        1, 1, 1, -1,
        1, 1, 1, -1,
        13, 13, 13, -1,
        13, 13, 13, -1,
        1, 1, 1, -1,
        1, 1, 1, -1,
        2, 2, 2, -1,
        2, 2, 2, -1,
        2, 2, 2, -1,
        2, 2, 2, -1,
        2, 2, 2, -1,
        2, 2, 2, -1,
        175, 175, 175, -1,
        175, 175, 175, -1,
        14, 14, 14, -1,
        14, 14, 14, -1,
        2, 2, 37, -1,
        49, 37, 2, -1,
        49, 54, 37, -1,
        28, 54, 49, -1,
        69, 37, 54, -1,
        174, 174, 174, -1,
        174, 174, 174, -1,
        174, 174, 174, -1,
        174, 174, 174, -1,
        174, 174, 174, -1,
        174, 174, 174, -1,
        174, 174, 174, -1,
        174, 174, 174, -1,
        174, 174, 174, -1,
        174, 174, 174, -1,
        174, 174, 174, -1,
        174, 174, 174, -1,
        174, 174, 174, -1,
        174, 174, 174, -1,
        174, 174, 174, -1,
        174, 174, 174, -1,
        2, 28, 2, -1,
        2, 54, 28, -1,
        174, 174, 174, -1,
        174, 174, 174, -1,
        1, 1, 1, -1,
        1, 1, 1, -1,
        14, 14, 14, -1,
        14, 14, 14, -1,
        1, 1, 1, -1,
        1, 1, 1, -1,
        1, 1, 1, -1,
        1, 1, 1, -1,
        1, 1, 1, -1,
        1, 1, 1, -1,
        175, 175, 175, -1,
        175, 175, 175, -1,
        14, 14, 14, -1,
        14, 14, 14, -1,
        53, 41, 1, -1,
        1, 1, 41, -1,
        74, 56, 53, -1,
        41, 53, 56, -1,
        31, 41, 56, -1,
        174, 174, 174, -1,
        174, 174, 174, -1,
        174, 174, 174, -1,
        174, 174, 174, -1,
        174, 174, 174, -1,
        174, 174, 174, -1,
        174, 174, 174, -1,
        174, 174, 174, -1,
        174, 174, 174, -1,
        174, 174, 174, -1,
        174, 174, 174, -1,
        174, 174, 174, -1,
        174, 174, 174, -1,
        174, 174, 174, -1,
        174, 174, 174, -1,
        174, 174, 174, -1,
        1, 31, 56, -1,
        1, 31, 1, -1,
        174, 174, 174, -1,
        174, 174, 174, -1,
        2, 2, 2, -1,
        2, 2, 2, -1,
        14, 14, 14, -1,
        14, 14, 14, -1,
        14, 14, 14, -1,
        14, 14, 14, -1,
        14, 14, 14, -1,
        14, 14, 14, -1,
        14, 14, 14, -1,
        14, 14, 14, -1,
        14, 14, 14, -1,
        14, 14, 14, -1,
        14, 14, 14, -1,
        14, 14, 14, -1,
        14, 14, 14, -1,
        14, 14, 14, -1,
        14, 14, 14, -1,
        14, 14, 14, -1,
        1, 1, 1, -1,
        1, 1, 1, -1,
        2, 2, 2, -1,
        2, 2, 2, -1,
        175, 175, 175, -1,
        175, 175, 175, -1,
        175, 175, 175, -1,
        175, 175, 175, -1,
        175, 175, 175, -1,
        175, 175, 175, -1,
        175, 175, 175, -1,
        175, 175, 175, -1,
        175, 175, 175, -1,
        175, 175, 175, -1,
        175, 175, 175, -1,
        175, 175, 175, -1,
        2, 2, 2, -1,
        2, 2, 2, -1,
        2, 2, 2, -1,
        2, 2, 2, -1,
        2, 2, 2, -1,
        2, 2, 2, -1,
        2, 2, 2, -1,
        2, 2, 2, -1,
        2, 2, 2, -1,
        2, 2, 2, -1,
        2, 2, 2, -1,
        2, 2, 2, -1,
        13, 13, 13, -1,
        13, 13, 13, -1,
        156, 147, 244, -1,
        244, 40, 275, -1,
        275, 145, 21, -1,
        21, 5, 94, -1,
        193, 94, 5, -1,
        5, 21, 145, -1,
        145, 275, 40, -1,
        40, 244, 147, -1,
        151, 151, 175, -1,
        175, 175, 151, -1,
        174, 174, 156, -1,
        147, 156, 174, -1,
        276, 7, 276, -1,
        7, 144, 23, -1,
        144, 39, 272, -1,
        39, 151, 243, -1,
        151, 243, 151, -1,
        243, 272, 39, -1,
        272, 23, 144, -1,
        23, 276, 7, -1,
        1, 1, 1, -1,
        1, 1, 1, -1,
        1, 1, 1, -1,
        1, 1, 1, -1,
        1, 1, 1, -1,
        1, 1, 1, -1,
        1, 1, 1, -1,
        1, 1, 1, -1,
        1, 1, 1, -1,
        1, 1, 1, -1,
        1, 1, 1, -1,
        1, 1, 1, -1,
        175, 175, 175, -1,
        175, 175, 175, -1,
        13, 13, 13, -1,
        13, 13, 13, -1,
        13, 13, 13, -1,
        13, 13, 13, -1,
        13, 13, 13, -1,
        13, 13, 13, -1,
        13, 13, 13, -1,
        13, 13, 13, -1,
        13, 13, 13, -1,
        13, 13, 13, -1,
        13, 13, 13, -1,
        13, 13, 13, -1,
        13, 13, 13, -1,
        13, 13, 13, -1,
        175, 175, 175, -1,
        175, 175, 175, -1,
        276, 7, 276, -1,
        7, 144, 23, -1,
        144, 39, 272, -1,
        39, 151, 243, -1,
        151, 243, 151, -1,
        243, 272, 39, -1,
        272, 23, 144, -1,
        23, 276, 7, -1,
        151, 151, 175, -1,
        175, 175, 151, -1,
        13, 13, 13, -1,
        13, 13, 13, -1,
        2, 2, 2, -1,
        2, 2, 2, -1,
        2, 2, 2, -1,
        2, 2, 2, -1,
        2, 2, 2, -1,
        2, 2, 2, -1,
        2, 2, 2, -1,
        2, 2, 2, -1,
        2, 2, 2, -1,
        2, 2, 2, -1,
        2, 2, 2, -1,
        2, 2, 2, -1,
        1, 1, 1, -1,
        1, 1, 1, -1,
        1, 1, 1, -1,
        1, 1, 1, -1,
        1, 1, 1, -1,
        1, 1, 1, -1,
        1, 1, 1, -1,
        1, 1, 1, -1,
        1, 1, 1, -1,
        1, 1, 1, -1,
        1, 1, 1, -1,
        1, 1, 1, -1,
        174, 174, 156, -1,
        147, 156, 174, -1,
        156, 147, 244, -1,
        244, 40, 275, -1,
        275, 145, 21, -1,
        21, 5, 94, -1,
        193, 94, 5, -1,
        5, 21, 145, -1,
        145, 275, 40, -1,
        40, 244, 147, -1,
        276, 7, 276, -1,
        7, 144, 23, -1,
        144, 39, 272, -1,
        39, 151, 243, -1,
        151, 243, 151, -1,
        243, 272, 39, -1,
        272, 23, 144, -1,
        23, 276, 7, -1,
        151, 151, 175, -1,
        175, 175, 151, -1,
        13, 13, 13, -1,
        13, 13, 13, -1,
        1, 1, 1, -1,
        1, 1, 1, -1,
        1, 1, 1, -1,
        1, 1, 1, -1,
        1, 1, 1, -1,
        1, 1, 1, -1,
        1, 1, 1, -1,
        1, 1, 1, -1,
        1, 1, 1, -1,
        1, 1, 1, -1,
        1, 1, 1, -1,
        1, 1, 1, -1,
        2, 2, 2, -1,
        2, 2, 2, -1,
        2, 2, 2, -1,
        2, 2, 2, -1,
        2, 2, 2, -1,
        2, 2, 2, -1,
        2, 2, 2, -1,
        2, 2, 2, -1,
        2, 2, 2, -1,
        2, 2, 2, -1,
        2, 2, 2, -1,
        2, 2, 2, -1,
        174, 174, 156, -1,
        147, 156, 174, -1,
        156, 147, 244, -1,
        244, 40, 275, -1,
        275, 145, 21, -1,
        21, 5, 94, -1,
        193, 94, 5, -1,
        5, 21, 145, -1,
        145, 275, 40, -1,
        40, 244, 147, -1,
        13, 13, 13, -1,
        13, 13, 13, -1,
        222, 13, 13, -1,
        234, 13, 13, -1,
        13, 13, 13, -1,
        13, 13, 13, -1,
        13, 13, 13, -1,
        13, 13, 222, -1,
        13, 13, 222, -1,
        13, 13, 13, -1,
        13, 13, 13, -1,
        13, 13, 13, -1,
        13, 13, 13, -1,
        13, 13, 13, -1,
        13, 13, 193, -1,
        222, 248, 13, -1,
        13, 234, 13, -1,
        13, 13, 13, -1,
        13, 13, 13, -1,
        222, 248, 13, -1,
        13, 13, 13, -1,
        13, 13, 13, -1,
        13, 248, 13, -1,
        13, 222, 13, -1,
        13, 248, 222, -1,
        13, 13, 222, -1,
        13, 13, 13, -1,
        13, 13, 193, -1,
        13, 13, 13, -1,
        13, 13, 13, -1,
        13, 248, 13, -1,
        13, 248, 222, -1,
        13, 13, 222, -1,
        94, 193, 13, -1,
        13, 13, 193, -1,
        13, 222, 13, -1,
        13, 13, 13, -1,
        13, 222, 13, -1,
        13, 13, 13, -1,
        248, 222, 13, -1,
        13, 13, 13, -1,
        94, 193, 13, -1,
        248, 222, 13, -1,
        13, 13, 13, -1,
        94, 193, 13, -1,
        13, 13, 13, -1,
        13, 13, 13, -1,
        234, 222, 13, -1,
        248, 6, 222, -1,
        6, 143, 24, -1,
        143, 36, 270, -1,
        36, 135, 241, -1,
        135, 241, 135, -1,
        241, 270, 36, -1,
        270, 24, 143, -1,
        24, 222, 6, -1,
        248, 6, 222, -1,
        6, 143, 24, -1,
        143, 36, 270, -1,
        36, 135, 241, -1,
        135, 241, 135, -1,
        241, 270, 36, -1,
        270, 24, 143, -1,
        24, 222, 6, -1,
        175, 175, 175, -1,
        175, 175, 175, -1,
        175, 175, 175, -1,
        175, 175, 175, -1,
        234, 6, 222, -1,
        6, 143, 24, -1,
        143, 36, 270, -1,
        36, 135, 241, -1,
        135, 241, 135, -1,
        241, 270, 36, -1,
        270, 24, 143, -1,
        24, 222, 6, -1,
        175, 175, 175, -1,
        175, 175, 175, -1,
        2, 2, 2, -1,
        2, 2, 2, -1,
        2, 2, 2, -1,
        2, 2, 2, -1,
        1, 1, 1, -1,
        1, 1, 1, -1,
        1, 1, 1, -1,
        1, 1, 1, -1,
        1, 1, 1, -1,
        1, 1, 1, -1,
        1, 1, 1, -1,
        1, 1, 1, -1,
        2, 2, 2, -1,
        2, 2, 2, -1,
        2, 2, 2, -1,
        2, 2, 2, -1,
        2, 2, 2, -1,
        2, 2, 2, -1,
        2, 2, 2, -1,
        2, 2, 2, -1,
        1, 1, 1, -1,
        1, 1, 1, -1,
        1, 1, 1, -1,
        1, 1, 1, -1,
        175, 175, 175, -1,
        175, 175, 175, -1,
        175, 175, 175, -1,
        175, 175, 175, -1,
        175, 175, 175, -1,
        175, 175, 175, -1,
        175, 175, 175, -1,
        175, 175, 175, -1,
        175, 175, 175, -1,
        175, 175, 175, -1,
        175, 175, 175, -1,
        175, 175, 175, -1,
        175, 175, 175, -1,
        175, 175, 175, -1,
        175, 175, 175, -1,
        175, 175, 175, -1,
        175, 175, 175, -1,
        175, 175, 175, -1,
        175, 175, 175, -1,
        175, 175, 175, -1,
        175, 175, 175, -1,
        175, 175, 175, -1,
        175, 175, 175, -1,
        175, 175, 175, -1,
        175, 175, 175, -1,
        175, 175, 175, -1,
        2, 2, 2, -1,
        2, 2, 2, -1,
        14, 14, 14, -1,
        14, 14, 14, -1,
        13, 13, 13, -1,
        13, 13, 13, -1,
        1, 1, 1, -1,
        1, 1, 1, -1,
        175, 175, 175, -1,
        175, 175, 175, -1,
        2, 2, 2, -1,
        2, 2, 2, -1,
        13, 13, 13, -1,
        13, 13, 13, -1,
        14, 14, 14, -1,
        14, 14, 14, -1,
        1, 1, 1, -1,
        1, 1, 1, -1,
        175, 175, 175, -1,
        175, 175, 175, -1,
        2, 2, 2, -1,
        2, 2, 2, -1,
        14, 14, 14, -1,
        14, 14, 14, -1,
        13, 13, 13, -1,
        13, 13, 13, -1,
        175, 175, 175, -1,
        175, 175, 175, -1,
        1, 1, 1, -1,
        1, 1, 1, -1,
        14, 14, 14, -1,
        14, 14, 14, -1,
        175, 175, 175, -1,
        175, 175, 175, -1,
        2, 2, 2, -1,
        2, 2, 2, -1,
        1, 1, 1, -1,
        1, 1, 1, -1,
        13, 13, 13, -1,
        13, 13, 13, -1,
        174, 174, 174, -1,
        174, 174, 174, -1,
        174, 174, 174, -1,
        174, 174, 174, -1,
        174, 174, 174, -1,
        174, 174, 174, -1,
        174, 174, 174, -1,
        174, 174, 174, -1,
        174, 174, 174, -1,
        174, 174, 174, -1,
        174, 174, 174, -1,
        174, 174, 174, -1,
        174, 174, 174, -1,
        174, 174, 174, -1,
        174, 174, 174, -1,
        174, 174, 174, -1,
        174, 174, 174, -1,
        174, 174, 174, -1,
        174, 174, 174, -1,
        174, 174, 174, -1,
        174, 174, 174, -1,
        174, 174, 174, -1,
        174, 174, 174, -1,
        174, 174, 174, -1,
        174, 174, 174, -1,
        174, 174, 174, -1,
        174, 174, 174, -1,
        174, 174, 174, -1,
        174, 174, 174, -1,
        174, 174, 174, -1,
        174, 174, 174, -1,
        174, 174, 174, -1,
        174, 174, 174, -1,
        174, 174, 174, -1,
        174, 174, 174, -1,
        174, 174, 174, -1,
        174, 174, 174, -1,
        174, 174, 174, -1,
        174, 174, 174, -1,
        174, 174, 174, -1,
        174, 174, 174, -1,
        174, 174, 174, -1,
        174, 174, 174, -1,
        174, 174, 174, -1,
        174, 174, 174, -1,
        174, 174, 174, -1,
        174, 174, 174, -1,
        174, 174, 174, -1,
        174, 174, 174, -1,
        174, 174, 174, -1,
        174, 174, 174, -1,
        174, 174, 174, -1,
        174, 174, 174, -1,
        174, 174, 174, -1,
        174, 174, 174, -1,
        174, 174, 174, -1,
        174, 174, 174, -1,
        174, 174, 174, -1,
        174, 174, 174, -1,
        174, 174, 174, -1,
        174, 174, 174, -1,
        174, 174, 174, -1,
        174, 174, 174, -1,
        174, 174, 174, -1,
        174, 174, 174, -1,
        174, 174, 174, -1,
        174, 174, 174, -1,
        174, 174, 174, -1,
        174, 174, 174, -1,
        174, 174, 174, -1,
        174, 174, 174, -1,
        174, 174, 174, -1,
        174, 174, 174, -1,
        174, 174, 174, -1,
        174, 174, 174, -1,
        174, 174, 174, -1,
        174, 174, 174, -1,
        174, 174, 174, -1,
        174, 174, 174, -1,
        174, 174, 174, -1,
        174, 174, 174, -1,
        174, 174, 174, -1,
        174, 174, 174, -1,
        174, 174, 174, -1,
        174, 174, 174, -1,
        174, 174, 174, -1,
        174, 174, 174, -1,
        174, 174, 174, -1,
        174, 174, 174, -1,
        174, 174, 174, -1,
        174, 174, 174, -1,
        174, 174, 174, -1,
        174, 174, 174, -1,
        174, 174, 174, -1,
        174, 174, 174, -1,
        174, 174, 174, -1,
        174, 174, 174, -1,
        174, 174, 174, -1,
        174, 174, 174, -1,
        174, 174, 174, -1,
        174, 174, 174, -1,
        174, 174, 174, -1,
        174, 174, 174, -1,
        174, 172, 167, -1,
        174, 174, 174, -1,
        174, 174, 174, -1,
        174, 174, 174, -1,
        174, 174, 174, -1,
        174, 174, 174, -1,
        174, 174, 174, -1,
        174, 174, 173, -1,
        174, 171, 174, -1,
        174, 174, 174, -1,
        174, 174, 174, -1,
        174, 174, 174, -1,
        174, 174, 174, -1,
        174, 174, 172, -1,
        174, 174, 174, -1,
        174, 174, 174, -1,
        174, 174, 174, -1,
        174, 174, 174, -1,
        174, 174, 174, -1,
        174, 174, 174, -1,
        174, 174, 174, -1,
        174, 174, 174, -1,
        174, 174, 174, -1,
        174, 174, 174, -1,
        174, 174, 174, -1,
        174, 174, 174, -1,
        174, 174, 174, -1,
        174, 174, 174, -1,
        174, 174, 173, -1,
        174, 174, 174, -1,
        174, 174, 174, -1,
        174, 174, 174, -1,
        174, 174, 174, -1,
        171, 174, 173, -1,
        174, 174, 174, -1,
        174, 174, 174, -1,
        173, 174, 174, -1,
        174, 174, 174, -1,
        174, 174, 174, -1,
        173, 174, 174, -1,
        88, 88, 85, -1,
        85, 132, 132, -1,
        85, 85, 132, -1,
        85, 88, 85, -1,
        96, 96, 96, -1,
        96, 96, 96, -1,
        96, 96, 96, -1,
        96, 96, 96, -1,
        224, 223, 221, -1,
        221, 219, 219, -1,
        221, 223, 219, -1,
        224, 224, 223, -1,
        129, 152, 133, -1,
        233, 129, 233, -1,
        233, 233, 92, -1,
        92, 71, 71, -1,
        71, 71, 108, -1,
        108, 165, 165, -1,
        165, 165, 149, -1,
        149, 150, 150, -1,
        149, 150, 149, -1,
        149, 165, 149, -1,
        108, 108, 165, -1,
        108, 71, 108, -1,
        92, 92, 71, -1,
        92, 233, 92, -1,
        233, 129, 133, -1,
        133, 152, 152, -1,
        14, 14, 14, -1,
        14, 14, 14, -1,
        14, 14, 14, -1,
        14, 14, 14, -1,
        13, 13, 13, -1,
        13, 13, 13, -1,
        13, 13, 13, -1,
        13, 13, 13, -1,
        204, 204, 204, -1,
        204, 204, 204, -1,
        204, 204, 204, -1,
        204, 204, 204, -1,
        160, 161, 162, -1,
        162, 163, 163, -1,
        162, 161, 163, -1,
        160, 160, 161, -1,
        73, 181, 15, -1,
        15, 112, 112, -1,
        181, 112, 15, -1,
        73, 181, 73, -1,
        13, 13, 13, -1,
        13, 13, 13, -1,
        13, 13, 13, -1,
        13, 13, 13, -1,
        213, 208, 200, -1,
        200, 191, 191, -1,
        200, 208, 191, -1,
        213, 213, 208, -1,
        13, 13, 13, -1,
        13, 13, 13, -1,
        13, 13, 13, -1,
        13, 13, 13, -1,
        112, 10, 112, -1,
        10, 215, 215, -1,
        215, 215, 252, -1,
        252, 0, 278, -1,
        278, 280, 266, -1,
        266, 271, 271, -1,
        271, 271, 127, -1,
        18, 127, 18, -1,
        51, 18, 18, -1,
        51, 18, 51, -1,
        18, 127, 127, -1,
        127, 271, 127, -1,
        266, 280, 271, -1,
        278, 0, 280, -1,
        252, 252, 0, -1,
        252, 215, 252, -1,
        10, 215, 10, -1,
        112, 10, 10, -1,
        13, 13, 13, -1,
        13, 13, 13, -1,
        13, 13, 13, -1,
        13, 13, 13, -1,
        57, 57, 260, -1,
        260, 180, 180, -1,
        260, 260, 180, -1,
        260, 57, 260, -1,
        78, 142, 142, -1,
        65, 142, 142, -1,
        104, 65, 104, -1,
        152, 104, 104, -1,
        78, 101, 34, -1,
        89, 101, 78, -1,
        101, 91, 34, -1,
        152, 104, 152, -1,
        104, 65, 65, -1,
        65, 142, 65, -1,
        78, 34, 142, -1,
        199, 199, 199, -1,
        199, 199, 199, -1,
        199, 199, 199, -1,
        199, 199, 199, -1,
        68, 67, 67, -1,
        67, 67, 106, -1,
        101, 257, 91, -1,
        106, 257, 101, -1,
        106, 101, 89, -1,
        106, 67, 257, -1,
        68, 68, 67, -1,
        279, 277, 277, -1,
        277, 277, 274, -1,
        274, 277, 274, -1,
        279, 279, 277, -1,
        246, 246, 246, -1,
        246, 246, 246, -1,
        246, 246, 246, -1,
        246, 246, 246, -1,
        132, 132, 206, -1,
        206, 207, 207, -1,
        206, 206, 207, -1,
        206, 132, 206, -1,
        14, 14, 14, -1,
        14, 14, 14, -1,
        14, 14, 14, -1,
        14, 14, 14, -1,
        174, 174, 174, -1,
        174, 174, 174, -1,
        174, 174, 174, -1,
        174, 174, 174, -1,
        174, 174, 174, -1,
        174, 174, 174, -1,
        174, 174, 174, -1,
        174, 174, 174, -1,
        174, 174, 174, -1,
        174, 174, 174, -1,
        174, 174, 174, -1,
        174, 174, 174, -1,
        174, 174, 174, -1,
        174, 174, 174, -1,
        174, 174, 174, -1,
        174, 174, 174, -1,
        174, 174, 174, -1,
        174, 174, 174, -1,
        174, 174, 174, -1,
        174, 174, 174, -1,
        174, 174, 174, -1,
        174, 174, 174, -1,
        174, 174, 174, -1,
        174, 174, 174, -1,
        174, 174, 174, -1,
        174, 174, 174, -1,
        174, 174, 174, -1,
        174, 174, 174, -1,
        174, 174, 174, -1,
        174, 174, 174, -1,
        174, 174, 174, -1,
        174, 174, 174, -1,
        174, 174, 174, -1,
        174, 174, 174, -1,
        174, 174, 174, -1,
        174, 174, 174, -1,
        174, 174, 174, -1,
        174, 174, 174, -1,
        174, 174, 174, -1,
        174, 174, 174, -1,
        174, 174, 174, -1,
        174, 174, 174, -1,
        174, 174, 174, -1,
        174, 174, 174, -1,
        174, 174, 174, -1,
        174, 174, 174, -1,
        174, 174, 174, -1,
        174, 174, 174, -1,
        174, 174, 174, -1,
        174, 174, 174, -1,
        13, 13, 13, -1,
        13, 13, 13, -1,
        13, 13, 13, -1,
        13, 13, 13, -1,
        168, 210, 210, -1,
        210, 210, 210, -1,
        210, 210, 210, -1,
        168, 134, 210, -1,
        136, 130, 130, -1,
        130, 261, 130, -1,
        261, 251, 93, -1,
        93, 80, 80, -1,
        80, 80, 19, -1,
        19, 209, 154, -1,
        154, 158, 216, -1,
        216, 109, 109, -1,
        119, 109, 109, -1,
        232, 119, 232, -1,
        84, 232, 232, -1,
        269, 84, 4, -1,
        269, 258, 253, -1,
        253, 265, 265, -1,
        265, 265, 87, -1,
        87, 265, 87, -1,
        253, 258, 265, -1,
        269, 4, 258, -1,
        4, 84, 84, -1,
        84, 232, 84, -1,
        232, 119, 119, -1,
        119, 109, 119, -1,
        216, 158, 109, -1,
        154, 209, 158, -1,
        19, 19, 209, -1,
        19, 80, 19, -1,
        93, 251, 80, -1,
        261, 261, 251, -1,
        130, 261, 261, -1,
        128, 130, 136, -1,
        197, 197, 197, -1,
        197, 197, 131, -1,
        131, 197, 131, -1,
        197, 197, 197, -1,
        45, 137, 137, -1,
        166, 45, 166, -1,
        166, 166, 220, -1,
        220, 134, 168, -1,
        220, 220, 134, -1,
        220, 166, 220, -1,
        166, 45, 45, -1,
        45, 137, 45, -1,
        26, 99, 75, -1,
        75, 76, 103, -1,
        103, 128, 136, -1,
        26, 196, 263, -1,
        192, 196, 26, -1,
        196, 194, 263, -1,
        76, 128, 103, -1,
        99, 76, 75, -1,
        26, 263, 99, -1,
        131, 47, 47, -1,
        47, 47, 110, -1,
        110, 237, 267, -1,
        267, 44, 141, -1,
        141, 185, 116, -1,
        116, 77, 105, -1,
        185, 77, 116, -1,
        44, 185, 141, -1,
        267, 267, 44, -1,
        267, 237, 267, -1,
        110, 47, 237, -1,
        131, 131, 47, -1,
        184, 190, 195, -1,
        195, 190, 196, -1,
        196, 190, 194, -1,
        195, 196, 192, -1,
        184, 184, 190, -1,
        105, 9, 164, -1,
        164, 273, 240, -1,
        240, 32, 157, -1,
        157, 98, 98, -1,
        98, 98, 124, -1,
        124, 98, 90, -1,
        157, 32, 98, -1,
        240, 273, 32, -1,
        9, 273, 164, -1,
        77, 9, 105, -1,
        124, 90, 42, -1,
        42, 58, 58, -1,
        58, 58, 114, -1,
        11, 114, 61, -1,
        256, 11, 254, -1,
        137, 256, 137, -1,
        137, 256, 254, -1,
        254, 11, 61, -1,
        61, 114, 114, -1,
        114, 58, 114, -1,
        42, 42, 58, -1,
        42, 90, 42, -1,
        87, 198, 198, -1,
        198, 198, 214, -1,
        214, 198, 214, -1,
        87, 87, 198, -1,
        14, 14, 14, -1,
        14, 14, 14, -1,
        1, 1, 1, -1,
        1, 1, 1, -1,
        13, 13, 13, -1,
        13, 13, 13, -1,
        2, 2, 2, -1,
        2, 2, 2, -1,
        175, 175, 175, -1,
        175, 175, 175, -1,
        175, 175, 175, -1,
        175, 175, 175, -1,
        175, 175, 175, -1,
        175, 175, 175, -1,
        175, 175, 175, -1,
        175, 175, 175, -1,
        2, 2, 2, -1,
        2, 2, 2, -1,
        14, 14, 14, -1,
        14, 14, 14, -1,
        1, 1, 1, -1,
        1, 1, 1, -1,
        13, 13, 13, -1,
        13, 13, 13, -1,
        174, 174, 174, -1,
        174, 174, 174, -1,
        174, 174, 174, -1,
        174, 174, 174, -1,
        174, 174, 174, -1,
        174, 174, 174, -1,
        174, 174, 174, -1,
        174, 174, 174, -1,
        174, 174, 174, -1,
        174, 174, 174, -1,
        174, 174, 174, -1,
        174, 174, 174, -1,
        174, 174, 174, -1,
        174, 174, 174, -1,
        174, 174, 174, -1,
        174, 174, 174, -1,
        174, 174, 174, -1,
        174, 174, 174, -1,
        174, 174, 174, -1,
        174, 174, 174, -1,
        174, 174, 174, -1,
        174, 174, 174, -1,
        174, 174, 174, -1,
        174, 174, 174, -1,
        174, 174, 174, -1,
        174, 174, 174, -1,
        174, 174, 174, -1,
        174, 174, 174, -1,
        174, 174, 174, -1,
        174, 174, 174, -1,
        174, 174, 174, -1,
        174, 174, 174, -1,
        174, 174, 174, -1,
        174, 174, 174, -1,
        174, 174, 174, -1,
        174, 174, 174, -1,
        174, 174, 174, -1,
        174, 174, 174, -1,
        174, 174, 174, -1,
        174, 174, 174, -1,
        174, 174, 174, -1,
        174, 174, 174, -1,
        174, 174, 174, -1,
        174, 174, 174, -1,
        174, 174, 174, -1,
        174, 174, 174, -1,
        174, 174, 174, -1,
        174, 174, 174, -1,
        174, 174, 174, -1,
        174, 174, 174, -1,
        174, 174, 174, -1,
        174, 174, 174, -1,
        174, 174, 174, -1,
        174, 174, 174, -1,
        174, 174, 174, -1,
        174, 174, 174, -1,
        174, 174, 174, -1,
        174, 174, 174, -1,
        174, 174, 174, -1,
        174, 174, 174, -1,
        174, 174, 174, -1,
        174, 174, 174, -1,
        174, 174, 174, -1,
        174, 174, 174, -1,
        174, 174, 174, -1,
        174, 174, 174, -1,
        174, 174, 174, -1,
        174, 174, 174, -1,
        174, 174, 174, -1,
        174, 174, 174, -1,
        174, 174, 174, -1,
        174, 174, 174, -1,
        174, 174, 174, -1,
        174, 174, 174, -1,
        174, 174, 174, -1,
        174, 174, 174, -1,
        174, 174, 174, -1,
        174, 174, 174, -1,
        174, 174, 174, -1,
        174, 174, 174, -1,
        174, 174, 174, -1,
        174, 174, 174, -1,
        174, 174, 174, -1,
        174, 174, 174, -1,
        174, 174, 174, -1,
        174, 174, 174, -1,
        174, 174, 174, -1,
        174, 174, 174, -1,
        174, 174, 174, -1,
        174, 174, 174, -1,
        174, 174, 174, -1,
        174, 174, 174, -1,
        174, 174, 174, -1,
        174, 174, 174, -1,
        174, 174, 174, -1,
        174, 174, 174, -1,
        174, 174, 174, -1,
        174, 174, 174, -1,
        174, 174, 174, -1,
        174, 174, 174, -1,
        174, 174, 174, -1,
        174, 174, 174, -1,
        174, 174, 174, -1,
        174, 174, 174, -1,
        236, 16, 83, -1,
        83, 211, 250, -1,
        250, 35, 64, -1,
        250, 211, 35, -1,
        83, 16, 211, -1,
        236, 16, 236, -1,
        52, 52, 52, -1,
        52, 52, 52, -1,
        52, 52, 52, -1,
        52, 52, 52, -1,
        64, 95, 95, -1,
        95, 95, 22, -1,
        22, 46, 46, -1,
        46, 46, 229, -1,
        126, 229, 259, -1,
        268, 126, 3, -1,
        3, 126, 259, -1,
        259, 229, 229, -1,
        229, 46, 229, -1,
        22, 22, 46, -1,
        22, 95, 22, -1,
        64, 35, 95, -1,
        25, 268, 25, -1,
        60, 25, 25, -1,
        60, 25, 60, -1,
        25, 268, 3, -1,
        174, 174, 174, -1,
        174, 174, 174, -1,
        174, 174, 174, -1,
        174, 174, 174, -1,
        174, 174, 174, -1,
        174, 174, 174, -1,
        174, 174, 174, -1,
        174, 174, 174, -1,
        174, 174, 174, -1,
        174, 174, 174, -1,
        174, 174, 174, -1,
        205, 203, 202, -1,
        202, 201, 201, -1,
        202, 203, 201, -1,
        205, 205, 203, -1,
        82, 82, 82, -1,
        82, 82, 82, -1,
        82, 82, 82, -1,
        82, 82, 82, -1,
        217, 247, 247, -1,
        247, 262, 247, -1,
        247, 262, 262, -1,
        217, 217, 247, -1,
        174, 174, 174, -1,
        174, 174, 174, -1,
        174, 174, 174, -1,
        174, 174, 174, -1,
        120, 120, 264, -1,
        264, 176, 72, -1,
        72, 249, 249, -1,
        249, 125, 249, -1,
        125, 117, 218, -1,
        218, 230, 123, -1,
        117, 230, 218, -1,
        125, 117, 125, -1,
        249, 125, 125, -1,
        72, 176, 249, -1,
        264, 264, 176, -1,
        264, 120, 264, -1,
        174, 174, 174, -1,
        174, 174, 174, -1,
        174, 174, 174, -1,
        174, 174, 174, -1,
        174, 174, 174, -1,
        174, 174, 174, -1,
        174, 174, 174, -1,
        174, 174, 174, -1,
        174, 174, 174, -1,
        174, 174, 174, -1,
        174, 174, 174, -1,
        174, 174, 174, -1,
        174, 174, 174, -1,
        174, 174, 174, -1,
        174, 174, 174, -1,
        174, 174, 174, -1,
        100, 255, 182, -1,
        182, 159, 159, -1,
        182, 255, 159, -1,
        100, 239, 255, -1,
        123, 238, 115, -1,
        115, 118, 242, -1,
        242, 66, 70, -1,
        70, 239, 100, -1,
        70, 66, 239, -1,
        242, 118, 66, -1,
        238, 118, 115, -1,
        230, 238, 123, -1,
        159, 159, 231, -1,
        231, 231, 231, -1,
        231, 231, 231, -1,
        231, 159, 231, -1,
        33, 63, 50, -1,
        33, 183, 183, -1,
        183, 183, 8, -1,
        8, 120, 120, -1,
        8, 8, 120, -1,
        8, 183, 8, -1,
        33, 50, 183, -1,
        50, 63, 63, -1,
        174, 174, 174, -1,
        174, 174, 174, -1,
        174, 174, 174, -1,
        174, 174, 174, -1,
        174, 174, 174, -1,
        174, 174, 174, -1,
        174, 174, 174, -1,
        174, 174, 174, -1,
        174, 174, 174, -1,
        174, 174, 174, -1,
        174, 174, 174, -1,
        174, 174, 174, -1,
        174, 174, 174, -1,
        174, 174, 174, -1,
        174, 174, 174, -1,
        174, 174, 174, -1,
        174, 174, 174, -1,
        174, 174, 174, -1,
        174, 174, 174, -1,
        174, 174, 174, -1,
        2, 2, 2, -1,
        2, 2, 2, -1,
        13, 13, 13, -1,
        13, 13, 13, -1,
        174, 174, 174, -1,
        174, 174, 174, -1,
        14, 14, 14, -1,
        14, 14, 14, -1,
        1, 1, 1, -1,
        1, 1, 1, -1,
        2, 2, 2, -1,
        2, 2, 2, -1,
        14, 14, 14, -1,
        14, 14, 14, -1,
        1, 1, 1, -1,
        1, 1, 1, -1,
        13, 13, 13, -1,
        13, 13, 13, -1,
        174, 174, 174, -1,
        174, 174, 174, -1,
        14, 14, 14, -1,
        14, 14, 14, -1,
        174, 174, 174, -1,
        174, 174, 174, -1,
        1, 1, 1, -1,
        1, 1, 1, -1,
        13, 13, 13, -1,
        13, 13, 13, -1,
        2, 2, 2, -1,
        2, 2, 2, -1
              ]
      }
    }
  }
}
