ISO-10303-21;
HEADER;
FILE_DESCRIPTION (( 'STEP AP214' ),
    '1' );
FILE_NAME ('Сборка1.STEP',
    '2023-07-22T18:01:43',
    ( 'AlexHome' ),
    ( '' ),
    'SwSTEP 2.0',
    'SolidWorks 2017',
    '' );
FILE_SCHEMA (( 'AUTOMOTIVE_DESIGN' ));
ENDSEC;

DATA;
#1 = DIRECTION ( 'NONE',  ( -1.000000000000000000, -0.0000000000000000000, -0.0000000000000000000 ) ) ;
#2 = DIRECTION ( 'NONE',  ( -1.000000000000000000, -0.0000000000000000000, -0.0000000000000000000 ) ) ;
#3 = CARTESIAN_POINT ( 'NONE',  ( -98.50000000000000000, 0.0000000000000000000, -2.500000000000000000 ) ) ;
#4 = EDGE_CURVE ( 'NONE', #2442, #4247, #1900, .T. ) ;
#5 = CYLINDRICAL_SURFACE ( 'NONE', #6070, 3.500000000000003100 ) ;
#6 =( NAMED_UNIT ( * ) SI_UNIT ( $, .STERADIAN. ) SOLID_ANGLE_UNIT ( ) );
#7 = EDGE_CURVE ( 'NONE', #6192, #1453, #4447, .T. ) ;
#8 = FILL_AREA_STYLE_COLOUR ( '', #4260 ) ;
#9 = SURFACE_STYLE_USAGE ( .BOTH. , #2867 ) ;
#10 = ORIENTED_EDGE ( 'NONE', *, *, #4313, .T. ) ;
#11 = DIRECTION ( 'NONE',  ( 0.0000000000000000000, 0.0000000000000000000, -1.000000000000000000 ) ) ;
#12 = DIRECTION ( 'NONE',  ( 0.0000000000000000000, -1.224646799147353500E-016, 1.000000000000000000 ) ) ;
#13 = MECHANICAL_DESIGN_GEOMETRIC_PRESENTATION_REPRESENTATION (  '', ( #5588 ), #337 ) ;
#14 = DIRECTION ( 'NONE',  ( 0.0000000000000000000, 0.0000000000000000000, 1.000000000000000000 ) ) ;
#15 = FILL_AREA_STYLE_COLOUR ( '', #1838 ) ;
#16 = UNCERTAINTY_MEASURE_WITH_UNIT (LENGTH_MEASURE( 1.000000000000000100E-005 ), #1193, 'distance_accuracy_value', 'NONE');
#18 = FILL_AREA_STYLE_COLOUR ( '', #5815 ) ;
#17 = CARTESIAN_POINT ( 'NONE',  ( -109.0931819508298400, 0.0000000000000000000, 0.0000000000000000000 ) ) ;
#19 = AXIS2_PLACEMENT_3D ( 'NONE', #260, #3165, #306 ) ;
#20 = ORIENTED_EDGE ( 'NONE', *, *, #2042, .T. ) ;
#21 = ORIENTED_EDGE ( 'NONE', *, *, #1148, .F. ) ;
#22 = PRESENTATION_LAYER_ASSIGNMENT (  '', '', ( #5911 ) ) ;
#23 =( LENGTH_UNIT ( ) NAMED_UNIT ( * ) SI_UNIT ( .MILLI., .METRE. ) );
#24 = ORIENTED_EDGE ( 'NONE', *, *, #2578, .F. ) ;
#25 = FACE_OUTER_BOUND ( 'NONE', #5218, .T. ) ;
#26 = ORIENTED_EDGE ( 'NONE', *, *, #4856, .T. ) ;
#27 = EDGE_CURVE ( 'NONE', #2556, #5837, #3160, .T. ) ;
#28 =( NAMED_UNIT ( * ) SI_UNIT ( $, .STERADIAN. ) SOLID_ANGLE_UNIT ( ) );
#29 = CARTESIAN_POINT ( 'NONE',  ( -115.6523383537547100, 0.0000000000000000000, 1.800000000000016300 ) ) ;
#30 = ORIENTED_EDGE ( 'NONE', *, *, #399, .F. ) ;
#31 =( NAMED_UNIT ( * ) SI_UNIT ( $, .STERADIAN. ) SOLID_ANGLE_UNIT ( ) );
#32 = DIRECTION ( 'NONE',  ( -1.000000000000000000, 0.0000000000000000000, 0.0000000000000000000 ) ) ;
#33 = DIRECTION ( 'NONE',  ( 0.0000000000000000000, 0.0000000000000000000, -1.000000000000000000 ) ) ;
#34 = EDGE_LOOP ( 'NONE', ( #4139, #1964, #5625, #3693 ) ) ;
#35 = FILL_AREA_STYLE ('',( #4335 ) ) ;
#36 = SURFACE_SIDE_STYLE ('',( #4169 ) ) ;
#37 = PRESENTATION_STYLE_ASSIGNMENT (( #2386 ) ) ;
#38 = DIRECTION ( 'NONE',  ( 0.0000000000000000000, 0.0000000000000000000, -1.000000000000000000 ) ) ;
#39 = CARTESIAN_POINT ( 'NONE',  ( 0.0000000000000000000, 0.0000000000000000000, 21.30000000000000100 ) ) ;
#40 = CIRCLE ( 'NONE', #2257, 0.6000000000000304000 ) ;
#41 = COLOUR_RGB ( '',0.1098039215686274500, 0.1098039215686274500, 0.1098039215686274500 ) ;
#42 =( NAMED_UNIT ( * ) PLANE_ANGLE_UNIT ( ) SI_UNIT ( $, .RADIAN. ) );
#43 = AXIS2_PLACEMENT_3D ( 'NONE', #1570, #4918, #2047 ) ;
#44 =( GEOMETRIC_REPRESENTATION_CONTEXT ( 3 ) GLOBAL_UNCERTAINTY_ASSIGNED_CONTEXT ( ( #2237 ) ) GLOBAL_UNIT_ASSIGNED_CONTEXT ( ( #5767, #2894, #31 ) ) REPRESENTATION_CONTEXT ( 'NONE', 'WORKASPACE' ) );
#45 = CARTESIAN_POINT ( 'NONE',  ( 1.530808498934190800E-016, 0.0000000000000000000, 27.50000000000000000 ) ) ;
#46 = EDGE_CURVE ( 'NONE', #2721, #2446, #3012, .T. ) ;
#47 = CIRCLE ( 'NONE', #1150, 2.600000000000025400 ) ;
#48 = FACE_BOUND ( 'NONE', #3189, .T. ) ;
#49 = VERTEX_POINT ( 'NONE', #3370 ) ;
#50 =( LENGTH_UNIT ( ) NAMED_UNIT ( * ) SI_UNIT ( .MILLI., .METRE. ) );
#51 = DIRECTION ( 'NONE',  ( -0.0000000000000000000, 0.0000000000000000000, 1.000000000000000000 ) ) ;
#52 = ORIENTED_EDGE ( 'NONE', *, *, #5985, .T. ) ;
#53 = FACE_OUTER_BOUND ( 'NONE', #3487, .T. ) ;
#54 = COLOUR_RGB ( '',0.1098039215686274500, 0.1098039215686274500, 0.1098039215686274500 ) ;
#55 = FACE_OUTER_BOUND ( 'NONE', #2330, .T. ) ;
#56 = SURFACE_SIDE_STYLE ('',( #3111 ) ) ;
#57 =( LENGTH_UNIT ( ) NAMED_UNIT ( * ) SI_UNIT ( .MILLI., .METRE. ) );
#58 = FILL_AREA_STYLE_COLOUR ( '', #6110 ) ;
#59 = CARTESIAN_POINT ( 'NONE',  ( -90.50000000000000000, 0.0000000000000000000, 0.0000000000000000000 ) ) ;
#60 = EDGE_CURVE ( 'NONE', #571, #4425, #2857, .T. ) ;
#61 = CARTESIAN_POINT ( 'NONE',  ( -16.37999999999999200, 0.0000000000000000000, 0.0000000000000000000 ) ) ;
#62 = PRESENTATION_LAYER_ASSIGNMENT (  '', '', ( #5624 ) ) ;
#63 = CARTESIAN_POINT ( 'NONE',  ( 1.750000000000003800, 2.143131898507872700E-016, 22.39999999999999900 ) ) ;
#64 = VERTEX_POINT ( 'NONE', #506 ) ;
#65 = TOROIDAL_SURFACE ( 'NONE', #883, 5.200000000000001100, 0.2000000000000000900 ) ;
#66 = PRESENTATION_LAYER_ASSIGNMENT (  '', '', ( #5325 ) ) ;
#67 = CIRCLE ( 'NONE', #3513, 5.400000000000000400 ) ;
#68 = DIRECTION ( 'NONE',  ( 0.0000000000000000000, -1.224646799147348800E-016, 1.000000000000000000 ) ) ;
#69 = MECHANICAL_DESIGN_GEOMETRIC_PRESENTATION_REPRESENTATION (  '', ( #5327 ), #375 ) ;
#70 = UNCERTAINTY_MEASURE_WITH_UNIT (LENGTH_MEASURE( 1.000000000000000100E-005 ), #3355, 'distance_accuracy_value', 'NONE');
#71 = SURFACE_STYLE_FILL_AREA ( #475 ) ;
#72 = DIRECTION ( 'NONE',  ( -1.000000000000000000, -0.0000000000000000000, -0.0000000000000000000 ) ) ;
#73 = ORIENTED_EDGE ( 'NONE', *, *, #7, .T. ) ;
#74 = CARTESIAN_POINT ( 'NONE',  ( -115.6523383537547100, 0.0000000000000000000, 0.0000000000000000000 ) ) ;
#75 = CARTESIAN_POINT ( 'NONE',  ( -1.750000000000002400, 0.0000000000000000000, 12.50000000000000000 ) ) ;
#76 = AXIS2_PLACEMENT_3D ( 'NONE', #4224, #1363, #4714 ) ;
#77 = SURFACE_STYLE_USAGE ( .BOTH. , #2932 ) ;
#78 = ORIENTED_EDGE ( 'NONE', *, *, #3878, .T. ) ;
#79 = CARTESIAN_POINT ( 'NONE',  ( -12.99999999999999800, 0.0000000000000000000, 0.0000000000000000000 ) ) ;
#80 = CARTESIAN_POINT ( 'NONE',  ( -11.74000000000000000, 0.0000000000000000000, 5.400000000000000400 ) ) ;
#81 = ADVANCED_FACE ( 'NONE', ( #322 ), #4830, .T. ) ;
#82 = SURFACE_SIDE_STYLE ('',( #5005 ) ) ;
#83 = STYLED_ITEM ( 'NONE', ( #3336 ), #3044 ) ;
#84 = SHAPE_DEFINITION_REPRESENTATION ( #3218, #2965 ) ;
#85 = DIRECTION ( 'NONE',  ( -0.0000000000000000000, -1.000000000000000000, -0.0000000000000000000 ) ) ;
#86 = EDGE_CURVE ( 'NONE', #1118, #4001, #6084, .T. ) ;
#87 = UNCERTAINTY_MEASURE_WITH_UNIT (LENGTH_MEASURE( 1.000000000000000100E-005 ), #23, 'distance_accuracy_value', 'NONE');
#88 = FACE_BOUND ( 'NONE', #1264, .T. ) ;
#89 =( NAMED_UNIT ( * ) SI_UNIT ( $, .STERADIAN. ) SOLID_ANGLE_UNIT ( ) );
#90 = UNCERTAINTY_MEASURE_WITH_UNIT (LENGTH_MEASURE( 1.000000000000000100E-005 ), #3137, 'distance_accuracy_value', 'NONE');
#91 = ORIENTED_EDGE ( 'NONE', *, *, #2893, .F. ) ;
#92 = ORIENTED_EDGE ( 'NONE', *, *, #978, .F. ) ;
#93 = EDGE_CURVE ( 'NONE', #880, #5042, #2413, .T. ) ;
#94 = AXIS2_PLACEMENT_3D ( 'NONE', #3989, #1130, #4473 ) ;
#95 = ORIENTED_EDGE ( 'NONE', *, *, #2724, .F. ) ;
#96 = AXIS2_PLACEMENT_3D ( 'NONE', #407, #430, #3781 ) ;
#97 = EDGE_CURVE ( 'NONE', #2081, #2316, #1159, .T. ) ;
#98 = PRESENTATION_LAYER_ASSIGNMENT (  '', '', ( #5989 ) ) ;
#99 = ORIENTED_EDGE ( 'NONE', *, *, #2578, .T. ) ;
#100 = LINE ( 'NONE', #2408, #5052 ) ;
#101 = DIRECTION ( 'NONE',  ( -0.0000000000000000000, 0.0000000000000000000, 1.000000000000000000 ) ) ;
#102 = CLOSED_SHELL ( 'NONE', ( #2709, #5573, #3436, #3731, #863, #5402, #204, #1616, #3483, #1625, #4037 ) ) ;
#103 = AXIS2_PLACEMENT_3D ( 'NONE', #158, #3940, #589 ) ;
#104 = CARTESIAN_POINT ( 'NONE',  ( -17.29999999999999700, 0.0000000000000000000, 0.0000000000000000000 ) ) ;
#105 = DIRECTION ( 'NONE',  ( 0.0000000000000000000, -1.000000000000000000, 0.0000000000000000000 ) ) ;
#106 = DIRECTION ( 'NONE',  ( 0.0000000000000000000, -1.000000000000000000, 0.0000000000000000000 ) ) ;
#107 = DIRECTION ( 'NONE',  ( -1.000000000000000000, -0.0000000000000000000, -0.0000000000000000000 ) ) ;
#108 = ORIENTED_EDGE ( 'NONE', *, *, #1058, .F. ) ;
#110 = CARTESIAN_POINT ( 'NONE',  ( 0.0000000000000000000, 0.0000000000000000000, 22.39999999999999900 ) ) ;
#109 =( GEOMETRIC_REPRESENTATION_CONTEXT ( 3 ) GLOBAL_UNCERTAINTY_ASSIGNED_CONTEXT ( ( #4880 ) ) GLOBAL_UNIT_ASSIGNED_CONTEXT ( ( #157, #3498, #629 ) ) REPRESENTATION_CONTEXT ( 'NONE', 'WORKASPACE' ) );
#111 = PRESENTATION_LAYER_ASSIGNMENT (  '', '', ( #6002 ) ) ;
#112 = ORIENTED_EDGE ( 'NONE', *, *, #1137, .F. ) ;
#113 = DIRECTION ( 'NONE',  ( -1.000000000000000000, -0.0000000000000000000, -0.0000000000000000000 ) ) ;
#114 = EDGE_CURVE ( 'NONE', #796, #1204, #3545, .T. ) ;
#115 = FACE_OUTER_BOUND ( 'NONE', #34, .T. ) ;
#116 = SHAPE_REPRESENTATION_RELATIONSHIP ( 'NONE' , 'NONE' ,  #4674, #2831 ) ;
#117 = PRESENTATION_STYLE_ASSIGNMENT (( #3902 ) ) ;
#118 = CARTESIAN_POINT ( 'NONE',  ( -6.000000000000000000, 0.0000000000000000000, 6.000000000000000000 ) ) ;
#119 = CARTESIAN_POINT ( 'NONE',  ( 3.500000000000003100, 4.286263797015740000E-016, 11.50000000000000400 ) ) ;
#120 = DIRECTION ( 'NONE',  ( -1.000000000000000000, 0.0000000000000000000, 0.0000000000000000000 ) ) ;
#121 = CARTESIAN_POINT ( 'NONE',  ( -8.000000000000007100, 0.0000000000000000000, 0.0000000000000000000 ) ) ;
#122 = CARTESIAN_POINT ( 'NONE',  ( -109.0931819508298400, 3.184081677783134000E-016, -2.600000000000013000 ) ) ;
#123 = CARTESIAN_POINT ( 'NONE',  ( 3.400000000000003000, 4.163799117101004500E-016, 12.40000000000000200 ) ) ;
#124 = STYLED_ITEM ( 'NONE', ( #3120 ), #2674 ) ;
#125 = DIRECTION ( 'NONE',  ( 0.0000000000000000000, -1.000000000000000000, 0.0000000000000000000 ) ) ;
#126 = PRESENTATION_STYLE_ASSIGNMENT (( #3486 ) ) ;
#127 = DIRECTION ( 'NONE',  ( 0.0000000000000000000, 0.0000000000000000000, 1.000000000000000000 ) ) ;
#128 = VERTEX_POINT ( 'NONE', #4922 ) ;
#129 = DIRECTION ( 'NONE',  ( -1.000000000000000000, -0.0000000000000000000, -0.0000000000000000000 ) ) ;
#130 = PRESENTATION_LAYER_ASSIGNMENT (  '', '', ( #6023 ) ) ;
#131 = ORIENTED_EDGE ( 'NONE', *, *, #807, .T. ) ;
#132 = VERTEX_POINT ( 'NONE', #3464 ) ;
#133 = ORIENTED_EDGE ( 'NONE', *, *, #231, .T. ) ;
#134 = DIRECTION ( 'NONE',  ( 0.0000000000000000000, 0.0000000000000000000, -1.000000000000000000 ) ) ;
#135 = ORIENTED_EDGE ( 'NONE', *, *, #4951, .T. ) ;
#136 = PRESENTATION_STYLE_ASSIGNMENT (( #4378 ) ) ;
#137 = FACE_OUTER_BOUND ( 'NONE', #4517, .T. ) ;
#138 = PRESENTATION_STYLE_ASSIGNMENT (( #1408 ) ) ;
#139 = EDGE_CURVE ( 'NONE', #3657, #2882, #3687, .T. ) ;
#140 = ORIENTED_EDGE ( 'NONE', *, *, #936, .F. ) ;
#141 = CARTESIAN_POINT ( 'NONE',  ( 0.0000000000000000000, 0.0000000000000000000, 22.39999999999999900 ) ) ;
#142 = PRESENTATION_STYLE_ASSIGNMENT (( #4192 ) ) ;
#143 = COLOUR_RGB ( '',0.1098039215686274500, 0.1098039215686274500, 0.1098039215686274500 ) ;
#144 = CARTESIAN_POINT ( 'NONE',  ( 0.0000000000000000000, 0.0000000000000000000, 12.50000000000000000 ) ) ;
#145 = DIRECTION ( 'NONE',  ( 0.0000000000000000000, 0.0000000000000000000, 1.000000000000000000 ) ) ;
#146 =( GEOMETRIC_REPRESENTATION_CONTEXT ( 3 ) GLOBAL_UNCERTAINTY_ASSIGNED_CONTEXT ( ( #3806 ) ) GLOBAL_UNIT_ASSIGNED_CONTEXT ( ( #1177, #4515, #1655 ) ) REPRESENTATION_CONTEXT ( 'NONE', 'WORKASPACE' ) );
#147 = DIRECTION ( 'NONE',  ( 0.0000000000000000000, 0.0000000000000000000, 1.000000000000000000 ) ) ;
#148 = DIRECTION ( 'NONE',  ( 0.0000000000000000000, 0.0000000000000000000, 1.000000000000000000 ) ) ;
#149 = PRESENTATION_LAYER_ASSIGNMENT (  '', '', ( #6031 ) ) ;
#150 = FACE_BOUND ( 'NONE', #841, .T. ) ;
#151 = CIRCLE ( 'NONE', #752, 4.450000000000002000 ) ;
#152 = SURFACE_SIDE_STYLE ('',( #3941 ) ) ;
#153 = ORIENTED_EDGE ( 'NONE', *, *, #3490, .T. ) ;
#154 = CIRCLE ( 'NONE', #5194, 0.09999999999999939500 ) ;
#155 = CARTESIAN_POINT ( 'NONE',  ( 0.0000000000000000000, 0.0000000000000000000, 22.59999999999999800 ) ) ;
#156 = ORIENTED_EDGE ( 'NONE', *, *, #651, .T. ) ;
#157 =( LENGTH_UNIT ( ) NAMED_UNIT ( * ) SI_UNIT ( .MILLI., .METRE. ) );
#158 = CARTESIAN_POINT ( 'NONE',  ( -17.49999999999999600, 0.0000000000000000000, 5.200000000000001100 ) ) ;
#159 = CIRCLE ( 'NONE', #4472, 0.6000000000000300600 ) ;
#160 = MECHANICAL_DESIGN_GEOMETRIC_PRESENTATION_REPRESENTATION (  '', ( #5726 ), #474 ) ;
#161 = CARTESIAN_POINT ( 'NONE',  ( -102.6292860697262900, 6.613092715395707500E-016, -5.400000000000000400 ) ) ;
#162 = CARTESIAN_POINT ( 'NONE',  ( 0.0000000000000000000, 0.0000000000000000000, -8.178233058921771100 ) ) ;
#163 = DIRECTION ( 'NONE',  ( -1.000000000000000000, -0.0000000000000000000, -0.0000000000000000000 ) ) ;
#164 = EDGE_LOOP ( 'NONE', ( #1877, #4968, #4862, #3916 ) ) ;
#165 = ADVANCED_FACE ( 'NONE', ( #5937 ), #2931, .T. ) ;
#166 = PRESENTATION_LAYER_ASSIGNMENT (  '', '', ( #6055 ) ) ;
#167 = CARTESIAN_POINT ( 'NONE',  ( -12.65999999999999100, 0.0000000000000000000, 0.0000000000000000000 ) ) ;
#168 = EDGE_CURVE ( 'NONE', #1185, #5574, #4210, .T. ) ;
#169 = CARTESIAN_POINT ( 'NONE',  ( -9.719999999999991800, 0.0000000000000000000, 0.0000000000000000000 ) ) ;
#170 = EDGE_LOOP ( 'NONE', ( #2987, #2199 ) ) ;
#171 = ORIENTED_EDGE ( 'NONE', *, *, #953, .T. ) ;
#172 = CYLINDRICAL_SURFACE ( 'NONE', #1724, 3.000000000000000900 ) ;
#173 = STYLED_ITEM ( 'NONE', ( #5724 ), #5899 ) ;
#174 = PRODUCT_DEFINITION_FORMATION_WITH_SPECIFIED_SOURCE ( 'ANY', '', #2630, .NOT_KNOWN. ) ;
#175 = ORIENTED_EDGE ( 'NONE', *, *, #4085, .F. ) ;
#176 = CARTESIAN_POINT ( 'NONE',  ( -111.8192135558113600, 0.0000000000000000000, 1.800000000000039800 ) ) ;
#177 =( NAMED_UNIT ( * ) SI_UNIT ( $, .STERADIAN. ) SOLID_ANGLE_UNIT ( ) );
#178 = DIRECTION ( 'NONE',  ( -1.000000000000000000, -0.0000000000000000000, -0.0000000000000000000 ) ) ;
#179 = EDGE_CURVE ( 'NONE', #2081, #4566, #540, .T. ) ;
#180 = VERTEX_POINT ( 'NONE', #5476 ) ;
#181 =( NAMED_UNIT ( * ) SI_UNIT ( $, .STERADIAN. ) SOLID_ANGLE_UNIT ( ) );
#182 = PRESENTATION_LAYER_ASSIGNMENT (  '', '', ( #5431 ) ) ;
#183 =( LENGTH_UNIT ( ) NAMED_UNIT ( * ) SI_UNIT ( .MILLI., .METRE. ) );
#184 = DIRECTION ( 'NONE',  ( 0.0000000000000000000, 0.0000000000000000000, -1.000000000000000000 ) ) ;
#185 = PRESENTATION_STYLE_ASSIGNMENT (( #5999 ) ) ;
#186 = SURFACE_STYLE_USAGE ( .BOTH. , #3043 ) ;
#187 = AXIS2_PLACEMENT_3D ( 'NONE', #2951, #105, #3443 ) ;
#188 = EDGE_LOOP ( 'NONE', ( #5523, #472, #4721, #445 ) ) ;
#189 =( GEOMETRIC_REPRESENTATION_CONTEXT ( 3 ) GLOBAL_UNCERTAINTY_ASSIGNED_CONTEXT ( ( #5169 ) ) GLOBAL_UNIT_ASSIGNED_CONTEXT ( ( #5723, #2849, #6214 ) ) REPRESENTATION_CONTEXT ( 'NONE', 'WORKASPACE' ) );
#190 = DIRECTION ( 'NONE',  ( -1.000000000000000000, -0.0000000000000000000, -0.0000000000000000000 ) ) ;
#191 = SURFACE_STYLE_FILL_AREA ( #1090 ) ;
#192 = SURFACE_SIDE_STYLE ('',( #1658 ) ) ;
#193 = DIRECTION ( 'NONE',  ( 0.0000000000000000000, 0.0000000000000000000, 1.000000000000000000 ) ) ;
#194 = CARTESIAN_POINT ( 'NONE',  ( -102.6292860697262900, 3.184081677783124600E-016, -2.600000000000005000 ) ) ;
#195 = CIRCLE ( 'NONE', #3936, 5.199999999999999300 ) ;
#196 = AXIS2_PLACEMENT_3D ( 'NONE', #5748, #2870, #11 ) ;
#197 =( LENGTH_UNIT ( ) NAMED_UNIT ( * ) SI_UNIT ( .MILLI., .METRE. ) );
#198 = PRESENTATION_STYLE_ASSIGNMENT (( #4757 ) ) ;
#199 = TOROIDAL_SURFACE ( 'NONE', #1789, 3.400000000000003000, 0.09999999999999961700 ) ;
#200 = EDGE_LOOP ( 'NONE', ( #3544, #5399, #4785, #3953 ) ) ;
#201 =( NAMED_UNIT ( * ) PLANE_ANGLE_UNIT ( ) SI_UNIT ( $, .RADIAN. ) );
#202 = AXIS2_PLACEMENT_3D ( 'NONE', #1439, #455, #939 ) ;
#203 =( NAMED_UNIT ( * ) SI_UNIT ( $, .STERADIAN. ) SOLID_ANGLE_UNIT ( ) );
#204 = ADVANCED_FACE ( 'NONE', ( #1817 ), #4072, .F. ) ;
#205 = ORIENTED_EDGE ( 'NONE', *, *, #330, .T. ) ;
#206 = SURFACE_STYLE_FILL_AREA ( #5529 ) ;
#207 = FACE_BOUND ( 'NONE', #5375, .T. ) ;
#208 = CARTESIAN_POINT ( 'NONE',  ( -102.6292860697262900, 0.0000000000000000000, 4.250000000000000000 ) ) ;
#209 = CARTESIAN_POINT ( 'NONE',  ( 0.0000000000000000000, 0.0000000000000000000, -8.178233058921771100 ) ) ;
#210 = CARTESIAN_POINT ( 'NONE',  ( -6.999999999999993800, 0.0000000000000000000, 5.500000000000001800 ) ) ;
#211 = EDGE_CURVE ( 'NONE', #3149, #1583, #5342, .T. ) ;
#212 = AXIS2_PLACEMENT_3D ( 'NONE', #3642, #6024, #291 ) ;
#213 = EDGE_CURVE ( 'NONE', #4277, #3454, #383, .T. ) ;
#214 = DIRECTION ( 'NONE',  ( -1.000000000000000000, -0.0000000000000000000, -0.0000000000000000000 ) ) ;
#215 = ORIENTED_EDGE ( 'NONE', *, *, #2403, .F. ) ;
#216 = CARTESIAN_POINT ( 'NONE',  ( -12.65999999999999700, 0.0000000000000000000, 0.0000000000000000000 ) ) ;
#217 = MECHANICAL_DESIGN_GEOMETRIC_PRESENTATION_REPRESENTATION (  '', ( #5794 ), #529 ) ;
#218 = FILL_AREA_STYLE_COLOUR ( '', #6109 ) ;
#219 = CARTESIAN_POINT ( 'NONE',  ( 16.76780214648578100, 64.68143102510526900, 64.76094049792376900 ) ) ;
#220 = MECHANICAL_DESIGN_GEOMETRIC_PRESENTATION_REPRESENTATION (  '', ( #5796 ), #534 ) ;
#222 = TOROIDAL_SURFACE ( 'NONE', #1196, 5.500000000000001800, 0.5000000000000000000 ) ;
#221 = AXIS2_PLACEMENT_3D ( 'NONE', #1398, #4745, #1870 ) ;
#223 = FILL_AREA_STYLE ('',( #1674 ) ) ;
#224 = PRESENTATION_LAYER_ASSIGNMENT (  '', '', ( #5799 ) ) ;
#225 = UNCERTAINTY_MEASURE_WITH_UNIT (LENGTH_MEASURE( 1.000000000000000100E-005 ), #4818, 'distance_accuracy_value', 'NONE');
#226 = DIRECTION ( 'NONE',  ( 0.0000000000000000000, 0.0000000000000000000, 1.000000000000000000 ) ) ;
#227 = ORIENTED_EDGE ( 'NONE', *, *, #1319, .T. ) ;
#228 = CIRCLE ( 'NONE', #5627, 2.999999999999991100 ) ;
#229 = PRESENTATION_STYLE_ASSIGNMENT (( #3535 ) ) ;
#230 = EDGE_LOOP ( 'NONE', ( #5093, #2550, #548, #380 ) ) ;
#231 = EDGE_CURVE ( 'NONE', #4945, #4441, #1678, .T. ) ;
#232 = DIRECTION ( 'NONE',  ( -0.0000000000000000000, -0.0000000000000000000, -1.000000000000000000 ) ) ;
#233 = FILL_AREA_STYLE ('',( #2113 ) ) ;
#234 = SHAPE_DEFINITION_REPRESENTATION ( #4344, #918 ) ;
#235 = ADVANCED_FACE ( 'NONE', ( #1530 ), #3457, .T. ) ;
#236 = DIRECTION ( 'NONE',  ( -1.000000000000000000, -0.0000000000000000000, -0.0000000000000000000 ) ) ;
#237 = DIRECTION ( 'NONE',  ( 0.0000000000000000000, 0.0000000000000000000, 1.000000000000000000 ) ) ;
#238 = VECTOR ( 'NONE', #3299, 1000.000000000000000 ) ;
#239 = VERTEX_POINT ( 'NONE', #2819 ) ;
#240 = EDGE_LOOP ( 'NONE', ( #346, #998, #4489, #1168 ) ) ;
#241 = DIRECTION ( 'NONE',  ( 0.0000000000000000000, 0.0000000000000000000, 1.000000000000000000 ) ) ;
#242 = AXIS2_PLACEMENT_3D ( 'NONE', #3425, #3925, #1167 ) ;
#243 = ORIENTED_EDGE ( 'NONE', *, *, #646, .T. ) ;
#244 =( LENGTH_UNIT ( ) NAMED_UNIT ( * ) SI_UNIT ( .MILLI., .METRE. ) );
#245 = ORIENTED_EDGE ( 'NONE', *, *, #2292, .T. ) ;
#246 = DIRECTION ( 'NONE',  ( -1.000000000000000000, -0.0000000000000000000, -0.0000000000000000000 ) ) ;
#247 =( NAMED_UNIT ( * ) PLANE_ANGLE_UNIT ( ) SI_UNIT ( $, .RADIAN. ) );
#248 = COLOUR_RGB ( '',0.1098039215686274500, 0.1098039215686274500, 0.1098039215686274500 ) ;
#249 = MECHANICAL_DESIGN_GEOMETRIC_PRESENTATION_REPRESENTATION (  '', ( #5819 ), #562 ) ;
#250 = VERTEX_POINT ( 'NONE', #1867 ) ;
#252 = DIRECTION ( 'NONE',  ( -1.000000000000000000, -0.0000000000000000000, -0.0000000000000000000 ) ) ;
#251 =( GEOMETRIC_REPRESENTATION_CONTEXT ( 3 ) GLOBAL_UNCERTAINTY_ASSIGNED_CONTEXT ( ( #16 ) ) GLOBAL_UNIT_ASSIGNED_CONTEXT ( ( #1193, #4530, #1671 ) ) REPRESENTATION_CONTEXT ( 'NONE', 'WORKASPACE' ) );
#253 = DIRECTION ( 'NONE',  ( -0.0000000000000000000, -0.0000000000000000000, -1.000000000000000000 ) ) ;
#254 = VERTEX_POINT ( 'NONE', #3531 ) ;
#255 = DIRECTION ( 'NONE',  ( 0.0000000000000000000, 0.0000000000000000000, 1.000000000000000000 ) ) ;
#256 = DIRECTION ( 'NONE',  ( 0.0000000000000000000, 0.0000000000000000000, 1.000000000000000000 ) ) ;
#257 = ORIENTED_EDGE ( 'NONE', *, *, #3256, .F. ) ;
#258 = APPLICATION_PROTOCOL_DEFINITION ( 'draft international standard', 'automotive_design', 1998, #3126 ) ;
#259 = DIRECTION ( 'NONE',  ( -1.000000000000000000, 0.0000000000000000000, -0.0000000000000000000 ) ) ;
#260 = CARTESIAN_POINT ( 'NONE',  ( -12.13999999999999700, 0.0000000000000000000, 0.0000000000000000000 ) ) ;
#261 = ADVANCED_FACE ( 'NONE', ( #6012 ), #1441, .F. ) ;
#262 = AXIS2_PLACEMENT_3D ( 'NONE', #1694, #805, #2227 ) ;
#263 =( NAMED_UNIT ( * ) SI_UNIT ( $, .STERADIAN. ) SOLID_ANGLE_UNIT ( ) );
#264 = PRESENTATION_STYLE_ASSIGNMENT (( #2323 ) ) ;
#265 = FACE_OUTER_BOUND ( 'NONE', #5521, .T. ) ;
#266 = DIRECTION ( 'NONE',  ( 0.0000000000000000000, 0.0000000000000000000, 1.000000000000000000 ) ) ;
#267 = FACE_OUTER_BOUND ( 'NONE', #4832, .T. ) ;
#268 =( NAMED_UNIT ( * ) PLANE_ANGLE_UNIT ( ) SI_UNIT ( $, .RADIAN. ) );
#269 = DIRECTION ( 'NONE',  ( 1.000000000000000000, 0.0000000000000000000, 0.0000000000000000000 ) ) ;
#270 = CIRCLE ( 'NONE', #4694, 0.6000000000000302900 ) ;
#271 = COLOUR_RGB ( '',0.1098039215686274500, 0.1098039215686274500, 0.1098039215686274500 ) ;
#272 = FACE_OUTER_BOUND ( 'NONE', #1056, .T. ) ;
#273 = COLOUR_RGB ( '',0.1098039215686274500, 0.1098039215686274500, 0.1098039215686274500 ) ;
#274 = ORIENTED_EDGE ( 'NONE', *, *, #2154, .T. ) ;
#275 = AXIS2_PLACEMENT_3D ( 'NONE', #4340, #2444, #5797 ) ;
#276 = FILL_AREA_STYLE_COLOUR ( '', #4744 ) ;
#277 = ORIENTED_EDGE ( 'NONE', *, *, #5703, .F. ) ;
#278 =( LENGTH_UNIT ( ) NAMED_UNIT ( * ) SI_UNIT ( .MILLI., .METRE. ) );
#279 = EDGE_LOOP ( 'NONE', ( #3668, #334, #1871, #799 ) ) ;
#280 = CIRCLE ( 'NONE', #2922, 1.400000000000038300 ) ;
#281 = APPLICATION_PROTOCOL_DEFINITION ( 'draft international standard', 'automotive_design', 1998, #4554 ) ;
#282 = CIRCLE ( 'NONE', #717, 4.450000000000000200 ) ;
#283 = UNCERTAINTY_MEASURE_WITH_UNIT (LENGTH_MEASURE( 1.000000000000000100E-005 ), #1238, 'distance_accuracy_value', 'NONE');
#284 =( GEOMETRIC_REPRESENTATION_CONTEXT ( 3 ) GLOBAL_UNCERTAINTY_ASSIGNED_CONTEXT ( ( #1847 ) ) GLOBAL_UNIT_ASSIGNED_CONTEXT ( ( #6004, #3133, #263 ) ) REPRESENTATION_CONTEXT ( 'NONE', 'WORKASPACE' ) );
#285 = FACE_OUTER_BOUND ( 'NONE', #2370, .T. ) ;
#286 = DIRECTION ( 'NONE',  ( 1.000000000000000000, 0.0000000000000000000, 0.0000000000000000000 ) ) ;
#287 = ORIENTED_EDGE ( 'NONE', *, *, #2327, .F. ) ;
#288 = EDGE_CURVE ( 'NONE', #3609, #3801, #2332, .T. ) ;
#289 = FACE_OUTER_BOUND ( 'NONE', #2117, .T. ) ;
#290 = CYLINDRICAL_SURFACE ( 'NONE', #1479, 2.600000000000010300 ) ;
#291 = DIRECTION ( 'NONE',  ( 0.0000000000000000000, 0.0000000000000000000, 1.000000000000000000 ) ) ;
#292 = AXIS2_PLACEMENT_3D ( 'NONE', #2392, #5750, #2874 ) ;
#293 = PRODUCT_DEFINITION ( 'UNKNOWN', '', #3823, #955 ) ;
#294 = ADVANCED_FACE ( 'NONE', ( #2188 ), #4895, .F. ) ;
#295 = CARTESIAN_POINT ( 'NONE',  ( -8.000000000000007100, 0.0000000000000000000, 0.0000000000000000000 ) ) ;
#296 = EDGE_LOOP ( 'NONE', ( #1013, #3820, #205, #3746 ) ) ;
#297 = EDGE_CURVE ( 'NONE', #2006, #4514, #2324, .T. ) ;
#298 = CIRCLE ( 'NONE', #4559, 4.250000000000000000 ) ;
#299 = AXIS2_PLACEMENT_3D ( 'NONE', #5290, #2400, #5761 ) ;
#300 = EDGE_LOOP ( 'NONE', ( #2963, #5419, #2167, #5392 ) ) ;
#301 = ORIENTED_EDGE ( 'NONE', *, *, #4953, .F. ) ;
#302 = CARTESIAN_POINT ( 'NONE',  ( -15.07999999999999700, 0.0000000000000000000, 0.0000000000000000000 ) ) ;
#303 = AXIS2_PLACEMENT_3D ( 'NONE', #4605, #1751, #5099 ) ;
#304 = ADVANCED_FACE ( 'NONE', ( #1077 ), #3003, .T. ) ;
#305 = DIRECTION ( 'NONE',  ( 0.0000000000000000000, 0.0000000000000000000, 1.000000000000000000 ) ) ;
#306 = DIRECTION ( 'NONE',  ( 0.0000000000000000000, 0.0000000000000000000, 1.000000000000000000 ) ) ;
#307 = CIRCLE ( 'NONE', #2092, 0.9000000000000345500 ) ;
#308 =( GEOMETRIC_REPRESENTATION_CONTEXT ( 3 ) GLOBAL_UNCERTAINTY_ASSIGNED_CONTEXT ( ( #70 ) ) GLOBAL_UNIT_ASSIGNED_CONTEXT ( ( #3355, #484, #3841 ) ) REPRESENTATION_CONTEXT ( 'NONE', 'WORKASPACE' ) );
#309 = ORIENTED_EDGE ( 'NONE', *, *, #4351, .F. ) ;
#310 = EDGE_LOOP ( 'NONE', ( #1922, #4897 ) ) ;
#311 = CARTESIAN_POINT ( 'NONE',  ( -12.85999999999999600, 5.449678256205722800E-016, -4.450000000000001100 ) ) ;
#312 = EDGE_CURVE ( 'NONE', #796, #2882, #4293, .T. ) ;
#313 = ORIENTED_EDGE ( 'NONE', *, *, #4705, .F. ) ;
#314 = DIRECTION ( 'NONE',  ( 0.0000000000000000000, 0.0000000000000000000, -1.000000000000000000 ) ) ;
#315 =( NAMED_UNIT ( * ) SI_UNIT ( $, .STERADIAN. ) SOLID_ANGLE_UNIT ( ) );
#316 = SURFACE_SIDE_STYLE ('',( #1081 ) ) ;
#317 = AXIS2_PLACEMENT_3D ( 'NONE', #4690, #1820, #5166 ) ;
#318 = ORIENTED_EDGE ( 'NONE', *, *, #2218, .F. ) ;
#319 = VERTEX_POINT ( 'NONE', #1891 ) ;
#320 = CARTESIAN_POINT ( 'NONE',  ( -12.99999999999999800, 0.0000000000000000000, 0.0000000000000000000 ) ) ;
#321 = DIRECTION ( 'NONE',  ( -1.000000000000000000, 0.0000000000000000000, 0.0000000000000000000 ) ) ;
#322 = FACE_OUTER_BOUND ( 'NONE', #2075, .T. ) ;
#323 = ORIENTED_EDGE ( 'NONE', *, *, #5138, .F. ) ;
#324 = DIRECTION ( 'NONE',  ( 0.0000000000000000000, 0.0000000000000000000, 1.000000000000000000 ) ) ;
#325 = ORIENTED_EDGE ( 'NONE', *, *, #741, .T. ) ;
#326 = FACE_OUTER_BOUND ( 'NONE', #5078, .T. ) ;
#327 = EDGE_CURVE ( 'NONE', #2549, #3149, #5560, .T. ) ;
#328 = VERTEX_POINT ( 'NONE', #3987 ) ;
#329 = AXIS2_PLACEMENT_3D ( 'NONE', #2862, #1, #3349 ) ;
#330 = EDGE_CURVE ( 'NONE', #2562, #2250, #1887, .T. ) ;
#331 = CARTESIAN_POINT ( 'NONE',  ( -12.99999999999999800, 0.0000000000000000000, -0.6000000000000304000 ) ) ;
#332 = CARTESIAN_POINT ( 'NONE',  ( -111.8192135558113600, 2.204364238465284600E-016, -1.800000000000039800 ) ) ;
#333 = ADVANCED_FACE ( 'NONE', ( #609 ), #458, .T. ) ;
#334 = ORIENTED_EDGE ( 'NONE', *, *, #978, .T. ) ;
#335 = CARTESIAN_POINT ( 'NONE',  ( -12.85999999999999600, 0.0000000000000000000, 0.0000000000000000000 ) ) ;
#336 = FILL_AREA_STYLE ('',( #3194 ) ) ;
#337 =( GEOMETRIC_REPRESENTATION_CONTEXT ( 3 ) GLOBAL_UNCERTAINTY_ASSIGNED_CONTEXT ( ( #3623 ) ) GLOBAL_UNIT_ASSIGNED_CONTEXT ( ( #3577, #5023, #707 ) ) REPRESENTATION_CONTEXT ( 'NONE', 'WORKASPACE' ) );
#338 = AXIS2_PLACEMENT_3D ( 'NONE', #6057, #3184, #324 ) ;
#339 = MECHANICAL_DESIGN_GEOMETRIC_PRESENTATION_REPRESENTATION (  '', ( #5911 ), #666 ) ;
#340 = FACE_OUTER_BOUND ( 'NONE', #2170, .T. ) ;
#341 = PRESENTATION_STYLE_ASSIGNMENT (( #2016 ) ) ;
#342 = EDGE_CURVE ( 'NONE', #689, #250, #5403, .T. ) ;
#343 = VECTOR ( 'NONE', #3560, 1000.000000000000000 ) ;
#344 = TOROIDAL_SURFACE ( 'NONE', #3197, 5.200000000000001100, 0.2000000000000000900 ) ;
#345 = CYLINDRICAL_SURFACE ( 'NONE', #3695, 3.000000000000000900 ) ;
#346 = ORIENTED_EDGE ( 'NONE', *, *, #1349, .F. ) ;
#347 = DIRECTION ( 'NONE',  ( -0.0000000000000000000, -0.0000000000000000000, -1.000000000000000000 ) ) ;
#348 = VERTEX_POINT ( 'NONE', #1277 ) ;
#349 = CARTESIAN_POINT ( 'NONE',  ( -119.4151686832445000, 0.0000000000000000000, 0.0000000000000000000 ) ) ;
#350 = FILL_AREA_STYLE ('',( #5604 ) ) ;
#351 = DIRECTION ( 'NONE',  ( 0.0000000000000000000, 0.0000000000000000000, -1.000000000000000000 ) ) ;
#352 = CARTESIAN_POINT ( 'NONE',  ( -102.6292860697262900, 0.0000000000000000000, 5.400000000000000400 ) ) ;
#353 = COLOUR_RGB ( '',0.1098039215686274500, 0.1098039215686274500, 0.1098039215686274500 ) ;
#354 = AXIS2_PLACEMENT_3D ( 'NONE', #4781, #1906, #5259 ) ;
#355 = ORIENTED_EDGE ( 'NONE', *, *, #1063, .F. ) ;
#356 = ADVANCED_FACE ( 'NONE', ( #2847 ), #6074, .T. ) ;
#357 = AXIS2_PLACEMENT_3D ( 'NONE', #5861, #2997, #145 ) ;
#358 = SURFACE_STYLE_USAGE ( .BOTH. , #3219 ) ;
#359 = CARTESIAN_POINT ( 'NONE',  ( -10.63999999999999700, 6.490628035480971900E-016, -5.199999999999999300 ) ) ;
#360 = PRESENTATION_STYLE_ASSIGNMENT (( #905 ) ) ;
#361 = DIRECTION ( 'NONE',  ( -1.000000000000000000, -0.0000000000000000000, -0.0000000000000000000 ) ) ;
#362 = DIRECTION ( 'NONE',  ( -1.000000000000000000, -0.0000000000000000000, -0.0000000000000000000 ) ) ;
#364 = SURFACE_SIDE_STYLE ('',( #1171 ) ) ;
#363 = DIRECTION ( 'NONE',  ( 0.0000000000000000000, 0.0000000000000000000, 1.000000000000000000 ) ) ;
#365 = FACE_OUTER_BOUND ( 'NONE', #188, .T. ) ;
#366 = ORIENTED_EDGE ( 'NONE', *, *, #114, .T. ) ;
#367 =( LENGTH_UNIT ( ) NAMED_UNIT ( * ) SI_UNIT ( .MILLI., .METRE. ) );
#368 = ADVANCED_FACE ( 'NONE', ( #3675 ), #3534, .T. ) ;
#369 = EDGE_CURVE ( 'NONE', #4476, #3359, #4964, .T. ) ;
#370 = MECHANICAL_DESIGN_GEOMETRIC_PRESENTATION_REPRESENTATION (  '', ( #5624 ), #701 ) ;
#371 = UNCERTAINTY_MEASURE_WITH_UNIT (LENGTH_MEASURE( 1.000000000000000100E-005 ), #1865, 'distance_accuracy_value', 'NONE');
#372 = MECHANICAL_DESIGN_GEOMETRIC_PRESENTATION_REPRESENTATION (  '', ( #5325 ), #709 ) ;
#373 = VECTOR ( 'NONE', #4611, 1000.000000000000000 ) ;
#374 = DIRECTION ( 'NONE',  ( -1.000000000000000000, -0.0000000000000000000, -0.0000000000000000000 ) ) ;
#375 =( GEOMETRIC_REPRESENTATION_CONTEXT ( 3 ) GLOBAL_UNCERTAINTY_ASSIGNED_CONTEXT ( ( #1832 ) ) GLOBAL_UNIT_ASSIGNED_CONTEXT ( ( #910, #4265, #1403 ) ) REPRESENTATION_CONTEXT ( 'NONE', 'WORKASPACE' ) );
#376 = FILL_AREA_STYLE ('',( #843 ) ) ;
#377 = ORIENTED_EDGE ( 'NONE', *, *, #5321, .F. ) ;
#378 = ORIENTED_EDGE ( 'NONE', *, *, #780, .F. ) ;
#380 = ORIENTED_EDGE ( 'NONE', *, *, #5385, .F. ) ;
#379 = CARTESIAN_POINT ( 'NONE',  ( 1.750000000000003300, 2.143131898507872000E-016, -8.178233058921771100 ) ) ;
#381 = DIRECTION ( 'NONE',  ( 0.0000000000000000000, -1.224646799147353500E-016, 1.000000000000000000 ) ) ;
#382 = DIRECTION ( 'NONE',  ( 0.0000000000000000000, 0.0000000000000000000, 1.000000000000000000 ) ) ;
#383 = CIRCLE ( 'NONE', #5148, 3.000000000000000000 ) ;
#384 = ADVANCED_FACE ( 'NONE', ( #2251 ), #4655, .T. ) ;
#385 = DIRECTION ( 'NONE',  ( -1.000000000000000000, -0.0000000000000000000, -0.0000000000000000000 ) ) ;
#386 = AXIS2_PLACEMENT_3D ( 'NONE', #2790, #6148, #3273 ) ;
#387 = DIRECTION ( 'NONE',  ( 0.0000000000000000000, 0.0000000000000000000, 1.000000000000000000 ) ) ;
#388 = DIRECTION ( 'NONE',  ( 1.000000000000000000, 0.0000000000000000000, 0.0000000000000000000 ) ) ;
#389 = COLOUR_RGB ( '',0.1098039215686274500, 0.1098039215686274500, 0.1098039215686274500 ) ;
#390 = ORIENTED_EDGE ( 'NONE', *, *, #4908, .T. ) ;
#391 = AXIS2_PLACEMENT_3D ( 'NONE', #167, #3515, #643 ) ;
#392 = ORIENTED_EDGE ( 'NONE', *, *, #4581, .T. ) ;
#393 = CARTESIAN_POINT ( 'NONE',  ( 0.0000000000000000000, 0.0000000000000000000, 17.50000000000000000 ) ) ;
#394 = EDGE_CURVE ( 'NONE', #2745, #2549, #992, .T. ) ;
#395 = VERTEX_POINT ( 'NONE', #3051 ) ;
#396 = CARTESIAN_POINT ( 'NONE',  ( -102.6292860697262900, 0.0000000000000000000, 0.0000000000000000000 ) ) ;
#397 = CARTESIAN_POINT ( 'NONE',  ( -111.8192135558113600, 0.0000000000000000000, 0.0000000000000000000 ) ) ;
#398 = ADVANCED_FACE ( 'NONE', ( #5924 ), #1666, .T. ) ;
#399 = EDGE_CURVE ( 'NONE', #2106, #1242, #2923, .T. ) ;
#400 = AXIS2_PLACEMENT_3D ( 'NONE', #2064, #3479, #5408 ) ;
#401 = DIRECTION ( 'NONE',  ( 0.0000000000000000000, 0.0000000000000000000, 1.000000000000000000 ) ) ;
#402 = AXIS2_PLACEMENT_3D ( 'NONE', #450, #3805, #933 ) ;
#403 = EDGE_CURVE ( 'NONE', #3890, #5659, #4819, .T. ) ;
#404 = MECHANICAL_DESIGN_GEOMETRIC_PRESENTATION_REPRESENTATION (  '', ( #5989 ), #742 ) ;
#405 = FILL_AREA_STYLE ('',( #5654 ) ) ;
#406 = CARTESIAN_POINT ( 'NONE',  ( 0.0000000000000000000, 0.0000000000000000000, 11.00000000000000200 ) ) ;
#407 = CARTESIAN_POINT ( 'NONE',  ( -90.50000000000000000, 0.0000000000000000000, -2.200000000000024200 ) ) ;
#408 = DIRECTION ( 'NONE',  ( -1.000000000000000000, -0.0000000000000000000, -0.0000000000000000000 ) ) ;
#409 = CARTESIAN_POINT ( 'NONE',  ( 0.0000000000000000000, 0.0000000000000000000, 26.52813153950928900 ) ) ;
#410 = AXIS2_PLACEMENT_3D ( 'NONE', #5386, #1087, #612 ) ;
#411 = DIRECTION ( 'NONE',  ( -1.000000000000000000, -0.0000000000000000000, -0.0000000000000000000 ) ) ;
#412 = CIRCLE ( 'NONE', #1575, 2.600000000000025400 ) ;
#413 = CIRCLE ( 'NONE', #2063, 2.600000000000010300 ) ;
#414 = SURFACE_STYLE_FILL_AREA ( #4436 ) ;
#415 = MECHANICAL_DESIGN_GEOMETRIC_PRESENTATION_REPRESENTATION (  '', ( #6002 ), #756 ) ;
#416 = FILL_AREA_STYLE_COLOUR ( '', #353 ) ;
#417 = CIRCLE ( 'NONE', #3081, 5.199999999999999300 ) ;
#418 = ADVANCED_FACE ( 'NONE', ( #5478, #4200 ), #3158, .F. ) ;
#419 = CYLINDRICAL_SURFACE ( 'NONE', #5350, 0.6000000000000301800 ) ;
#420 = VERTEX_POINT ( 'NONE', #810 ) ;
#421 =( LENGTH_UNIT ( ) NAMED_UNIT ( * ) SI_UNIT ( .MILLI., .METRE. ) );
#422 = FILL_AREA_STYLE ('',( #2319 ) ) ;
#423 = EDGE_CURVE ( 'NONE', #3974, #5353, #5333, .T. ) ;
#424 = EDGE_LOOP ( 'NONE', ( #2311, #1039 ) ) ;
#425 = EDGE_LOOP ( 'NONE', ( #1003, #3844, #5979, #4907 ) ) ;
#426 = CIRCLE ( 'NONE', #1654, 5.400000000000000400 ) ;
#427 = CARTESIAN_POINT ( 'NONE',  ( -9.519999999999994200, 0.0000000000000000000, 0.0000000000000000000 ) ) ;
#428 = SURFACE_SIDE_STYLE ('',( #558 ) ) ;
#429 = DIRECTION ( 'NONE',  ( -1.000000000000000000, -0.0000000000000000000, -0.0000000000000000000 ) ) ;
#430 = DIRECTION ( 'NONE',  ( -1.000000000000000000, 0.0000000000000000000, -0.0000000000000000000 ) ) ;
#431 = VERTEX_POINT ( 'NONE', #4342 ) ;
#432 = LINE ( 'NONE', #4172, #2678 ) ;
#433 = FACE_BOUND ( 'NONE', #4663, .T. ) ;
#435 = DIRECTION ( 'NONE',  ( 0.0000000000000000000, 0.0000000000000000000, 1.000000000000000000 ) ) ;
#434 = CARTESIAN_POINT ( 'NONE',  ( -14.15999999999999300, 5.449678256205722800E-016, -4.450000000000001100 ) ) ;
#436 = CARTESIAN_POINT ( 'NONE',  ( -14.35999999999999600, 0.0000000000000000000, 4.450000000000000200 ) ) ;
#437 = PRESENTATION_LAYER_ASSIGNMENT (  '', '', ( #124 ) ) ;
#438 = CARTESIAN_POINT ( 'NONE',  ( -92.50000000000001400, 7.347880794884768600E-017, -0.6000000000000529400 ) ) ;
#439 = ORIENTED_EDGE ( 'NONE', *, *, #3279, .T. ) ;
#440 = VECTOR ( 'NONE', #726, 1000.000000000000000 ) ;
#441 =( NAMED_UNIT ( * ) PLANE_ANGLE_UNIT ( ) SI_UNIT ( $, .RADIAN. ) );
#442 = SURFACE_STYLE_FILL_AREA ( #4562 ) ;
#443 = ORIENTED_EDGE ( 'NONE', *, *, #1701, .T. ) ;
#444 = MECHANICAL_DESIGN_GEOMETRIC_PRESENTATION_REPRESENTATION (  '', ( #6023 ), #776 ) ;
#445 = ORIENTED_EDGE ( 'NONE', *, *, #3736, .F. ) ;
#446 = FILL_AREA_STYLE_COLOUR ( '', #1210 ) ;
#447 = DIRECTION ( 'NONE',  ( 0.0000000000000000000, 0.0000000000000000000, 1.000000000000000000 ) ) ;
#448 = DIRECTION ( 'NONE',  ( -1.000000000000000000, -0.0000000000000000000, -0.0000000000000000000 ) ) ;
#449 = EDGE_CURVE ( 'NONE', #1265, #1648, #1522, .T. ) ;
#450 = CARTESIAN_POINT ( 'NONE',  ( 0.0000000000000000000, 0.0000000000000000000, 11.50000000000000200 ) ) ;
#451 = CARTESIAN_POINT ( 'NONE',  ( -12.85999999999999600, 6.490628035480971900E-016, -5.199999999999999300 ) ) ;
#452 = CARTESIAN_POINT ( 'NONE',  ( 1.722964503423848800, 0.0000000000000000000, 26.52813153950928900 ) ) ;
#453 = AXIS2_PLACEMENT_3D ( 'NONE', #5022, #2146, #5496 ) ;
#454 = ORIENTED_EDGE ( 'NONE', *, *, #4947, .T. ) ;
#455 = DIRECTION ( 'NONE',  ( -1.000000000000000000, -0.0000000000000000000, -0.0000000000000000000 ) ) ;
#456 = MECHANICAL_DESIGN_GEOMETRIC_PRESENTATION_REPRESENTATION (  '', ( #6031 ), #784 ) ;
#457 = ORIENTED_EDGE ( 'NONE', *, *, #5347, .T. ) ;
#458 = TOROIDAL_SURFACE ( 'NONE', #747, 1.650000000000003900, 0.09999999999999971400 ) ;
#459 = UNCERTAINTY_MEASURE_WITH_UNIT (LENGTH_MEASURE( 1.000000000000000100E-005 ), #1298, 'distance_accuracy_value', 'NONE');
#460 = DIRECTION ( 'NONE',  ( 1.000000000000000000, 0.0000000000000000000, 0.0000000000000000000 ) ) ;
#462 = DIRECTION ( 'NONE',  ( -0.0000000000000000000, 1.000000000000000000, 1.224646799147353200E-016 ) ) ;
#461 = CARTESIAN_POINT ( 'NONE',  ( -111.8192135558113600, 0.0000000000000000000, 0.0000000000000000000 ) ) ;
#463 = DIRECTION ( 'NONE',  ( 0.0000000000000000000, 0.0000000000000000000, 1.000000000000000000 ) ) ;
#464 = PRESENTATION_STYLE_ASSIGNMENT (( #3084 ) ) ;
#465 = SURFACE_SIDE_STYLE ('',( #5874 ) ) ;
#466 = ORIENTED_EDGE ( 'NONE', *, *, #6069, .T. ) ;
#467 = CARTESIAN_POINT ( 'NONE',  ( -94.00000000000000000, 0.0000000000000000000, 2.000000000000000000 ) ) ;
#468 = VERTEX_POINT ( 'NONE', #311 ) ;
#469 = CARTESIAN_POINT ( 'NONE',  ( -92.50000000000002800, 1.224646799147420000E-016, -1.000000000000054400 ) ) ;
#470 = DIRECTION ( 'NONE',  ( -0.0000000000000000000, 0.0000000000000000000, 1.000000000000000000 ) ) ;
#471 = CYLINDRICAL_SURFACE ( 'NONE', #3216, 1.000000000000043100 ) ;
#472 = ORIENTED_EDGE ( 'NONE', *, *, #3539, .T. ) ;
#473 = UNCERTAINTY_MEASURE_WITH_UNIT (LENGTH_MEASURE( 1.000000000000000100E-005 ), #2592, 'distance_accuracy_value', 'NONE');
#474 =( GEOMETRIC_REPRESENTATION_CONTEXT ( 3 ) GLOBAL_UNCERTAINTY_ASSIGNED_CONTEXT ( ( #5639 ) ) GLOBAL_UNIT_ASSIGNED_CONTEXT ( ( #1786, #5126, #2252 ) ) REPRESENTATION_CONTEXT ( 'NONE', 'WORKASPACE' ) );
#476 = CARTESIAN_POINT ( 'NONE',  ( -6.999999999999993800, 0.0000000000000000000, 1.797534614761419800E-031 ) ) ;
#475 = FILL_AREA_STYLE ('',( #1435 ) ) ;
#477 = AXIS2_PLACEMENT_3D ( 'NONE', #4292, #4772, #1923 ) ;
#478 = EDGE_LOOP ( 'NONE', ( #1813, #1166, #870, #2480 ) ) ;
#479 = DIRECTION ( 'NONE',  ( -0.0000000000000000000, -0.0000000000000000000, -1.000000000000000000 ) ) ;
#480 = PRESENTATION_STYLE_ASSIGNMENT (( #834 ) ) ;
#481 = EDGE_CURVE ( 'NONE', #3674, #5234, #3899, .T. ) ;
#482 =( LENGTH_UNIT ( ) NAMED_UNIT ( * ) SI_UNIT ( .MILLI., .METRE. ) );
#483 = CARTESIAN_POINT ( 'NONE',  ( -12.13999999999999700, 0.0000000000000000000, 4.450000000000000200 ) ) ;
#484 =( NAMED_UNIT ( * ) PLANE_ANGLE_UNIT ( ) SI_UNIT ( $, .RADIAN. ) );
#485 = LINE ( 'NONE', #491, #4159 ) ;
#486 = PRESENTATION_STYLE_ASSIGNMENT (( #4155 ) ) ;
#487 = COLOUR_RGB ( '',0.1098039215686274500, 0.1098039215686274500, 0.1098039215686274500 ) ;
#488 = PRESENTATION_LAYER_ASSIGNMENT (  '', '', ( #173 ) ) ;
#489 = EDGE_LOOP ( 'NONE', ( #4693, #2487, #4059, #1830 ) ) ;
#490 = PRODUCT_RELATED_PRODUCT_CATEGORY ( 'part', '', ( #2630 ) ) ;
#491 = CARTESIAN_POINT ( 'NONE',  ( -102.6292860697262900, 6.613092715395707500E-016, -5.400000000000000400 ) ) ;
#492 = PLANE ( 'NONE',  #6185 ) ;
#493 = CARTESIAN_POINT ( 'NONE',  ( -17.29999999999999700, 0.0000000000000000000, 0.0000000000000000000 ) ) ;
#494 = FACE_OUTER_BOUND ( 'NONE', #164, .T. ) ;
#495 = EDGE_CURVE ( 'NONE', #2556, #3604, #4057, .T. ) ;
#496 = FACE_OUTER_BOUND ( 'NONE', #2223, .T. ) ;
#497 = ORIENTED_EDGE ( 'NONE', *, *, #1942, .F. ) ;
#498 = MECHANICAL_DESIGN_GEOMETRIC_PRESENTATION_REPRESENTATION (  '', ( #5431 ), #821 ) ;
#499 =( NAMED_UNIT ( * ) SI_UNIT ( $, .STERADIAN. ) SOLID_ANGLE_UNIT ( ) );
#500 = EDGE_LOOP ( 'NONE', ( #323, #457, #2220, #4060 ) ) ;
#502 = PRESENTATION_STYLE_ASSIGNMENT (( #4364 ) ) ;
#501 = AXIS2_PLACEMENT_3D ( 'NONE', #2933, #3901, #1044 ) ;
#503 = DIRECTION ( 'NONE',  ( -1.000000000000000000, -0.0000000000000000000, -0.0000000000000000000 ) ) ;
#504 = AXIS2_PLACEMENT_3D ( 'NONE', #5749, #2871, #12 ) ;
#505 = DIRECTION ( 'NONE',  ( -1.000000000000000000, 0.0000000000000000000, 2.567906592516316300E-032 ) ) ;
#506 = CARTESIAN_POINT ( 'NONE',  ( -6.000000000000000000, 0.0000000000000000000, 6.000000000000000000 ) ) ;
#507 =( NAMED_UNIT ( * ) PLANE_ANGLE_UNIT ( ) SI_UNIT ( $, .RADIAN. ) );
#508 = DIRECTION ( 'NONE',  ( 0.0000000000000000000, 0.0000000000000000000, 1.000000000000000000 ) ) ;
#509 = COLOUR_RGB ( '',0.1098039215686274500, 0.1098039215686274500, 0.1098039215686274500 ) ;
#510 = FACE_OUTER_BOUND ( 'NONE', #5304, .T. ) ;
#511 = DIRECTION ( 'NONE',  ( -0.0000000000000000000, -0.0000000000000000000, -1.000000000000000000 ) ) ;
#512 = AXIS2_PLACEMENT_3D ( 'NONE', #4773, #6213, #3332 ) ;
#513 =( LENGTH_UNIT ( ) NAMED_UNIT ( * ) SI_UNIT ( .MILLI., .METRE. ) );
#514 = DIRECTION ( 'NONE',  ( 0.0000000000000000000, -1.000000000000000000, 0.0000000000000000000 ) ) ;
#515 = COLOUR_RGB ( '',0.1098039215686274500, 0.1098039215686274500, 0.1098039215686274500 ) ;
#516 = MECHANICAL_DESIGN_GEOMETRIC_PRESENTATION_REPRESENTATION (  '', ( #6091 ), #837 ) ;
#517 = DIRECTION ( 'NONE',  ( -1.000000000000000000, 0.0000000000000000000, 0.0000000000000000000 ) ) ;
#518 = PRODUCT_DEFINITION_CONTEXT ( 'detailed design', #2681, 'design' ) ;
#519 = CIRCLE ( 'NONE', #2280, 5.400000000000000400 ) ;
#520 = EDGE_LOOP ( 'NONE', ( #2584, #4886 ) ) ;
#521 = CARTESIAN_POINT ( 'NONE',  ( -92.50000000000000000, 0.0000000000000000000, 0.0000000000000000000 ) ) ;
#522 =( NAMED_UNIT ( * ) SI_UNIT ( $, .STERADIAN. ) SOLID_ANGLE_UNIT ( ) );
#523 = MECHANICAL_DESIGN_GEOMETRIC_PRESENTATION_REPRESENTATION (  '', ( #5463 ), #847 ) ;
#524 = EDGE_CURVE ( 'NONE', #3050, #5736, #2763, .T. ) ;
#525 = CARTESIAN_POINT ( 'NONE',  ( -102.6292860697262900, 0.0000000000000000000, 0.0000000000000000000 ) ) ;
#526 = CARTESIAN_POINT ( 'NONE',  ( -14.35999999999999800, 0.0000000000000000000, 0.0000000000000000000 ) ) ;
#527 =( LENGTH_UNIT ( ) NAMED_UNIT ( * ) SI_UNIT ( .MILLI., .METRE. ) );
#528 =( NAMED_UNIT ( * ) SI_UNIT ( $, .STERADIAN. ) SOLID_ANGLE_UNIT ( ) );
#529 =( GEOMETRIC_REPRESENTATION_CONTEXT ( 3 ) GLOBAL_UNCERTAINTY_ASSIGNED_CONTEXT ( ( #1402 ) ) GLOBAL_UNIT_ASSIGNED_CONTEXT ( ( #5732, #3793, #4284 ) ) REPRESENTATION_CONTEXT ( 'NONE', 'WORKASPACE' ) );
#530 = DIRECTION ( 'NONE',  ( -1.000000000000000000, -0.0000000000000000000, -0.0000000000000000000 ) ) ;
#531 = DIRECTION ( 'NONE',  ( 0.0000000000000000000, 0.0000000000000000000, 1.000000000000000000 ) ) ;
#532 = ORIENTED_EDGE ( 'NONE', *, *, #2418, .T. ) ;
#533 = DIRECTION ( 'NONE',  ( 0.0000000000000000000, 0.0000000000000000000, 1.000000000000000000 ) ) ;
#535 = DIRECTION ( 'NONE',  ( -0.0000000000000000000, -0.0000000000000000000, -1.000000000000000000 ) ) ;
#534 =( GEOMETRIC_REPRESENTATION_CONTEXT ( 3 ) GLOBAL_UNCERTAINTY_ASSIGNED_CONTEXT ( ( #868 ) ) GLOBAL_UNIT_ASSIGNED_CONTEXT ( ( #1882, #5239, #2355 ) ) REPRESENTATION_CONTEXT ( 'NONE', 'WORKASPACE' ) );
#536 = ORIENTED_EDGE ( 'NONE', *, *, #6026, .T. ) ;
#537 = MECHANICAL_DESIGN_GEOMETRIC_PRESENTATION_REPRESENTATION (  '', ( #5799 ), #859 ) ;
#538 = DIRECTION ( 'NONE',  ( -1.000000000000000000, -0.0000000000000000000, -0.0000000000000000000 ) ) ;
#539 = PRESENTATION_STYLE_ASSIGNMENT (( #9 ) ) ;
#540 = CIRCLE ( 'NONE', #3862, 3.400000000000002100 ) ;
#541 = DIRECTION ( 'NONE',  ( 0.0000000000000000000, 0.0000000000000000000, -1.000000000000000000 ) ) ;
#542 = EDGE_CURVE ( 'NONE', #1204, #689, #5172, .T. ) ;
#543 = SURFACE_SIDE_STYLE ('',( #5709 ) ) ;
#544 = UNCERTAINTY_MEASURE_WITH_UNIT (LENGTH_MEASURE( 1.000000000000000100E-005 ), #1555, 'distance_accuracy_value', 'NONE');
#545 = SURFACE_STYLE_FILL_AREA ( #1936 ) ;
#546 = ORIENTED_EDGE ( 'NONE', *, *, #4622, .T. ) ;
#547 = FILL_AREA_STYLE_COLOUR ( '', #1123 ) ;
#548 = ORIENTED_EDGE ( 'NONE', *, *, #4520, .F. ) ;
#549 = DIRECTION ( 'NONE',  ( -1.000000000000000000, 0.0000000000000000000, 2.567906592516316300E-032 ) ) ;
#550 = ORIENTED_EDGE ( 'NONE', *, *, #1085, .T. ) ;
#551 =( NAMED_UNIT ( * ) PLANE_ANGLE_UNIT ( ) SI_UNIT ( $, .RADIAN. ) );
#552 = DIRECTION ( 'NONE',  ( 0.0000000000000000000, 0.0000000000000000000, 1.000000000000000000 ) ) ;
#553 = COLOUR_RGB ( '',0.6470588235294118000, 0.6196078431372549200, 0.5882352941176470800 ) ;
#554 = SURFACE_SIDE_STYLE ('',( #2504 ) ) ;
#555 = AXIS2_PLACEMENT_3D ( 'NONE', #4526, #1664, #5011 ) ;
#556 =( LENGTH_UNIT ( ) NAMED_UNIT ( * ) SI_UNIT ( .MILLI., .METRE. ) );
#557 = DIRECTION ( 'NONE',  ( 0.0000000000000000000, 0.0000000000000000000, 1.000000000000000000 ) ) ;
#558 = SURFACE_STYLE_FILL_AREA ( #5181 ) ;
#559 = CIRCLE ( 'NONE', #5289, 1.750000000000003300 ) ;
#560 = SURFACE_STYLE_FILL_AREA ( #4336 ) ;
#561 = DIRECTION ( 'NONE',  ( -1.000000000000000000, -0.0000000000000000000, -0.0000000000000000000 ) ) ;
#562 =( GEOMETRIC_REPRESENTATION_CONTEXT ( 3 ) GLOBAL_UNCERTAINTY_ASSIGNED_CONTEXT ( ( #3097 ) ) GLOBAL_UNIT_ASSIGNED_CONTEXT ( ( #4061, #1209, #4545 ) ) REPRESENTATION_CONTEXT ( 'NONE', 'WORKASPACE' ) );
#563 = CARTESIAN_POINT ( 'NONE',  ( -7.699999999999998400, 0.0000000000000000000, 0.0000000000000000000 ) ) ;
#564 = AXIS2_PLACEMENT_3D ( 'NONE', #719, #4075, #1217 ) ;
#565 = CIRCLE ( 'NONE', #1437, 2.499999999999987600 ) ;
#566 = FACE_OUTER_BOUND ( 'NONE', #1329, .T. ) ;
#567 = VECTOR ( 'NONE', #5324, 1000.000000000000000 ) ;
#568 = CARTESIAN_POINT ( 'NONE',  ( -109.0931819508298400, 3.673940397442054900E-016, -2.999999999999996000 ) ) ;
#569 = VERTEX_POINT ( 'NONE', #4346 ) ;
#570 = CIRCLE ( 'NONE', #4391, 0.6000000000000300600 ) ;
#571 = VERTEX_POINT ( 'NONE', #4325 ) ;
#572 = DIRECTION ( 'NONE',  ( 0.0000000000000000000, 0.0000000000000000000, 1.000000000000000000 ) ) ;
#573 = CARTESIAN_POINT ( 'NONE',  ( -111.8192135558113600, 0.0000000000000000000, 0.0000000000000000000 ) ) ;
#574 = CARTESIAN_POINT ( 'NONE',  ( -102.6292860697262900, 0.0000000000000000000, 0.0000000000000000000 ) ) ;
#575 = ORIENTED_EDGE ( 'NONE', *, *, #5479, .T. ) ;
#576 = ORIENTED_EDGE ( 'NONE', *, *, #7, .F. ) ;
#577 = ADVANCED_FACE ( 'NONE', ( #88, #2478 ), #1957, .F. ) ;
#578 = CARTESIAN_POINT ( 'NONE',  ( -15.28000000000000100, 6.613092715395707500E-016, -5.400000000000000400 ) ) ;
#579 = DIRECTION ( 'NONE',  ( -1.000000000000000000, 0.0000000000000000000, 0.0000000000000000000 ) ) ;
#580 = CARTESIAN_POINT ( 'NONE',  ( -94.00000000000000000, 0.0000000000000000000, 0.0000000000000000000 ) ) ;
#581 = ORIENTED_EDGE ( 'NONE', *, *, #6059, .T. ) ;
#582 = LINE ( 'NONE', #4595, #5532 ) ;
#583 = AXIS2_PLACEMENT_3D ( 'NONE', #2755, #6117, #3241 ) ;
#584 = CIRCLE ( 'NONE', #187, 0.1999999999999996500 ) ;
#585 = CARTESIAN_POINT ( 'NONE',  ( -10.00000000000000900, 0.0000000000000000000, 0.0000000000000000000 ) ) ;
#586 = LINE ( 'NONE', #3354, #5540 ) ;
#587 = PRESENTATION_STYLE_ASSIGNMENT (( #3010 ) ) ;
#588 = UNCERTAINTY_MEASURE_WITH_UNIT (LENGTH_MEASURE( 1.000000000000000100E-005 ), #661, 'distance_accuracy_value', 'NONE');
#589 = DIRECTION ( 'NONE',  ( 0.0000000000000000000, 0.0000000000000000000, -1.000000000000000000 ) ) ;
#590 = ORIENTED_EDGE ( 'NONE', *, *, #4149, .T. ) ;
#591 = DIRECTION ( 'NONE',  ( -1.000000000000000000, -0.0000000000000000000, -0.0000000000000000000 ) ) ;
#592 = DIRECTION ( 'NONE',  ( -1.000000000000000000, -0.0000000000000000000, -0.0000000000000000000 ) ) ;
#593 = AXIS2_PLACEMENT_3D ( 'NONE', #5339, #2467, #5812 ) ;
#594 = ORIENTED_EDGE ( 'NONE', *, *, #1808, .T. ) ;
#595 = CARTESIAN_POINT ( 'NONE',  ( -11.99999999999999600, 0.0000000000000000000, 1.400000000000024600 ) ) ;
#596 = ORIENTED_EDGE ( 'NONE', *, *, #1939, .T. ) ;
#597 = DIRECTION ( 'NONE',  ( 0.0000000000000000000, 0.0000000000000000000, 1.000000000000000000 ) ) ;
#598 = DIRECTION ( 'NONE',  ( -1.000000000000000000, -0.0000000000000000000, -0.0000000000000000000 ) ) ;
#599 = LINE ( 'NONE', #3601, #4949 ) ;
#600 = ORIENTED_EDGE ( 'NONE', *, *, #5215, .F. ) ;
#601 = EDGE_CURVE ( 'NONE', #4221, #132, #3297, .T. ) ;
#602 = PRESENTATION_STYLE_ASSIGNMENT (( #2471 ) ) ;
#603 = SURFACE_SIDE_STYLE ('',( #5110 ) ) ;
#604 = DIRECTION ( 'NONE',  ( 0.0000000000000000000, 0.0000000000000000000, 1.000000000000000000 ) ) ;
#605 = VERTEX_POINT ( 'NONE', #1978 ) ;
#606 = ORIENTED_EDGE ( 'NONE', *, *, #3008, .T. ) ;
#607 = DIRECTION ( 'NONE',  ( -1.000000000000000000, 0.0000000000000000000, 0.0000000000000000000 ) ) ;
#608 = AXIS2_PLACEMENT_3D ( 'NONE', #2165, #259, #470 ) ;
#609 = FACE_OUTER_BOUND ( 'NONE', #4076, .T. ) ;
#610 = STYLED_ITEM ( 'NONE', ( #4995 ), #5543 ) ;
#611 = PRODUCT_DEFINITION ( 'UNKNOWN', '', #4464, #4459 ) ;
#612 = DIRECTION ( 'NONE',  ( 0.0000000000000000000, 0.0000000000000000000, 1.000000000000000000 ) ) ;
#613 = DIRECTION ( 'NONE',  ( -1.000000000000000000, 0.0000000000000000000, 0.0000000000000000000 ) ) ;
#614 = EDGE_CURVE ( 'NONE', #2605, #64, #5694, .T. ) ;
#615 = AXIS2_PLACEMENT_3D ( 'NONE', #3366, #503, #3849 ) ;
#616 = SURFACE_SIDE_STYLE ('',( #414 ) ) ;
#617 = UNCERTAINTY_MEASURE_WITH_UNIT (LENGTH_MEASURE( 1.000000000000000100E-005 ), #3819, 'distance_accuracy_value', 'NONE');
#618 = DIRECTION ( 'NONE',  ( 0.0000000000000000000, 0.0000000000000000000, 1.000000000000000000 ) ) ;
#619 = ORIENTED_EDGE ( 'NONE', *, *, #3827, .T. ) ;
#620 = VECTOR ( 'NONE', #3836, 1000.000000000000000 ) ;
#621 = STYLED_ITEM ( 'NONE', ( #4182 ), #3996 ) ;
#622 = ORIENTED_EDGE ( 'NONE', *, *, #2057, .T. ) ;
#623 = UNCERTAINTY_MEASURE_WITH_UNIT (LENGTH_MEASURE( 1.000000000000000100E-005 ), #527, 'distance_accuracy_value', 'NONE');
#624 = AXIS2_PLACEMENT_3D ( 'NONE', #997, #4355, #1488 ) ;
#625 =( LENGTH_UNIT ( ) NAMED_UNIT ( * ) SI_UNIT ( .MILLI., .METRE. ) );
#626 = ORIENTED_EDGE ( 'NONE', *, *, #288, .T. ) ;
#627 = DIRECTION ( 'NONE',  ( 0.0000000000000000000, 0.0000000000000000000, 1.000000000000000000 ) ) ;
#628 = EDGE_CURVE ( 'NONE', #5595, #3974, #4583, .T. ) ;
#629 =( NAMED_UNIT ( * ) SI_UNIT ( $, .STERADIAN. ) SOLID_ANGLE_UNIT ( ) );
#630 = ADVANCED_FACE ( 'NONE', ( #3152 ), #3980, .T. ) ;
#631 = VERTEX_POINT ( 'NONE', #3406 ) ;
#632 = SURFACE_SIDE_STYLE ('',( #4134 ) ) ;
#633 = DIRECTION ( 'NONE',  ( -1.000000000000000000, 0.0000000000000000000, 0.0000000000000000000 ) ) ;
#634 = COLOUR_RGB ( '',0.1098039215686274500, 0.1098039215686274500, 0.1098039215686274500 ) ;
#635 = DIRECTION ( 'NONE',  ( -1.000000000000000000, -0.0000000000000000000, -0.0000000000000000000 ) ) ;
#636 = FILL_AREA_STYLE ('',( #4978 ) ) ;
#637 = AXIS2_PLACEMENT_3D ( 'NONE', #1801, #4670, #4165 ) ;
#638 = DIRECTION ( 'NONE',  ( 0.0000000000000000000, -1.000000000000000000, 0.0000000000000000000 ) ) ;
#639 = DIRECTION ( 'NONE',  ( -0.0000000000000000000, -0.0000000000000000000, -1.000000000000000000 ) ) ;
#640 = CIRCLE ( 'NONE', #5906, 4.450000000000002000 ) ;
#641 = COLOUR_RGB ( '',0.1098039215686274500, 0.1098039215686274500, 0.1098039215686274500 ) ;
#642 = ORIENTED_EDGE ( 'NONE', *, *, #6005, .T. ) ;
#643 = DIRECTION ( 'NONE',  ( 0.0000000000000000000, 0.0000000000000000000, 1.000000000000000000 ) ) ;
#644 = CYLINDRICAL_SURFACE ( 'NONE', #3040, 1.000000000000032200 ) ;
#645 = CARTESIAN_POINT ( 'NONE',  ( -11.74000000000000000, 0.0000000000000000000, 0.0000000000000000000 ) ) ;
#646 = EDGE_CURVE ( 'NONE', #2028, #5103, #159, .T. ) ;
#647 = ORIENTED_EDGE ( 'NONE', *, *, #2247, .T. ) ;
#648 = CARTESIAN_POINT ( 'NONE',  ( -15.27999999999999800, 6.368163355566237400E-016, -5.200000000000001100 ) ) ;
#649 = DIRECTION ( 'NONE',  ( 0.0000000000000000000, 0.0000000000000000000, 1.000000000000000000 ) ) ;
#650 = AXIS2_PLACEMENT_3D ( 'NONE', #5244, #460, #3812 ) ;
#651 = EDGE_CURVE ( 'NONE', #5995, #1717, #1442, .T. ) ;
#652 = ORIENTED_EDGE ( 'NONE', *, *, #5954, .F. ) ;
#653 = CIRCLE ( 'NONE', #1219, 5.400000000000000400 ) ;
#654 = FACE_OUTER_BOUND ( 'NONE', #2734, .T. ) ;
#655 = PRESENTATION_STYLE_ASSIGNMENT (( #4585 ) ) ;
#656 = AXIS2_PLACEMENT_3D ( 'NONE', #1574, #4440, #1091 ) ;
#657 = DIRECTION ( 'NONE',  ( -1.000000000000000000, -0.0000000000000000000, -0.0000000000000000000 ) ) ;
#658 = DIRECTION ( 'NONE',  ( 0.0000000000000000000, 0.0000000000000000000, 1.000000000000000000 ) ) ;
#659 = ORIENTED_EDGE ( 'NONE', *, *, #4792, .F. ) ;
#660 = CARTESIAN_POINT ( 'NONE',  ( -18.59999999999999100, 0.0000000000000000000, 3.000000000000000000 ) ) ;
#661 =( LENGTH_UNIT ( ) NAMED_UNIT ( * ) SI_UNIT ( .MILLI., .METRE. ) );
#662 = STYLED_ITEM ( 'NONE', ( #486 ), #6075 ) ;
#663 =( NAMED_UNIT ( * ) SI_UNIT ( $, .STERADIAN. ) SOLID_ANGLE_UNIT ( ) );
#664 = FILL_AREA_STYLE_COLOUR ( '', #3438 ) ;
#665 =( NAMED_UNIT ( * ) PLANE_ANGLE_UNIT ( ) SI_UNIT ( $, .RADIAN. ) );
#666 =( GEOMETRIC_REPRESENTATION_CONTEXT ( 3 ) GLOBAL_UNCERTAINTY_ASSIGNED_CONTEXT ( ( #623 ) ) GLOBAL_UNIT_ASSIGNED_CONTEXT ( ( #527, #3882, #1021 ) ) REPRESENTATION_CONTEXT ( 'NONE', 'WORKASPACE' ) );
#667 = DIRECTION ( 'NONE',  ( -1.000000000000000000, -0.0000000000000000000, -0.0000000000000000000 ) ) ;
#668 = ADVANCED_FACE ( 'NONE', ( #3826 ), #5, .T. ) ;
#669 = FACE_OUTER_BOUND ( 'NONE', #5916, .T. ) ;
#670 = CIRCLE ( 'NONE', #303, 1.000000000000032200 ) ;
#671 = CARTESIAN_POINT ( 'NONE',  ( -115.6523383537547100, 0.0000000000000000000, 0.0000000000000000000 ) ) ;
#672 = EDGE_CURVE ( 'NONE', #5595, #569, #1293, .T. ) ;
#673 = EDGE_LOOP ( 'NONE', ( #4776, #1446 ) ) ;
#674 =( LENGTH_UNIT ( ) NAMED_UNIT ( * ) SI_UNIT ( .MILLI., .METRE. ) );
#675 = CARTESIAN_POINT ( 'NONE',  ( -102.6292860697262900, 5.204748896376250700E-016, -4.250000000000000000 ) ) ;
#676 = CIRCLE ( 'NONE', #1517, 1.800000000000039800 ) ;
#677 = ADVANCED_FACE ( 'NONE', ( #2695 ), #4021, .T. ) ;
#678 = DIRECTION ( 'NONE',  ( -1.000000000000000000, -0.0000000000000000000, -0.0000000000000000000 ) ) ;
#679 = PRESENTATION_STYLE_ASSIGNMENT (( #1614 ) ) ;
#680 = CIRCLE ( 'NONE', #1337, 1.310652069897088900 ) ;
#681 = EDGE_LOOP ( 'NONE', ( #647, #2481 ) ) ;
#682 =( NAMED_UNIT ( * ) SI_UNIT ( $, .STERADIAN. ) SOLID_ANGLE_UNIT ( ) );
#683 = DIRECTION ( 'NONE',  ( 0.0000000000000000000, 0.0000000000000000000, 1.000000000000000000 ) ) ;
#684 = AXIS2_PLACEMENT_3D ( 'NONE', #5705, #2827, #6193 ) ;
#685 = DIRECTION ( 'NONE',  ( -1.000000000000000000, -0.0000000000000000000, -0.0000000000000000000 ) ) ;
#686 = SURFACE_SIDE_STYLE ('',( #5303 ) ) ;
#687 = AXIS2_PLACEMENT_3D ( 'NONE', #1108, #4450, #1591 ) ;
#688 = AXIS2_PLACEMENT_3D ( 'NONE', #5316, #2431, #5788 ) ;
#689 = VERTEX_POINT ( 'NONE', #2041 ) ;
#690 = DIRECTION ( 'NONE',  ( 0.0000000000000000000, 0.0000000000000000000, 1.000000000000000000 ) ) ;
#691 = DIRECTION ( 'NONE',  ( 0.0000000000000000000, 0.0000000000000000000, -1.000000000000000000 ) ) ;
#692 = ORIENTED_EDGE ( 'NONE', *, *, #2977, .T. ) ;
#693 = DIRECTION ( 'NONE',  ( 0.0000000000000000000, 0.0000000000000000000, 1.000000000000000000 ) ) ;
#694 = CARTESIAN_POINT ( 'NONE',  ( 0.0000000000000000000, 0.0000000000000000000, 11.50000000000000400 ) ) ;
#695 = CIRCLE ( 'NONE', #4925, 1.400000000000038300 ) ;
#696 = SURFACE_SIDE_STYLE ('',( #720 ) ) ;
#697 = SURFACE_SIDE_STYLE ('',( #4181 ) ) ;
#698 = EDGE_CURVE ( 'NONE', #2191, #5557, #2732, .T. ) ;
#699 = ORIENTED_EDGE ( 'NONE', *, *, #3757, .T. ) ;
#700 = DIRECTION ( 'NONE',  ( 1.000000000000000000, 0.0000000000000000000, 0.0000000000000000000 ) ) ;
#701 =( GEOMETRIC_REPRESENTATION_CONTEXT ( 3 ) GLOBAL_UNCERTAINTY_ASSIGNED_CONTEXT ( ( #3967 ) ) GLOBAL_UNIT_ASSIGNED_CONTEXT ( ( #4074, #1215, #4552 ) ) REPRESENTATION_CONTEXT ( 'NONE', 'WORKASPACE' ) );
#702 = CARTESIAN_POINT ( 'NONE',  ( -8.419999999999996400, 0.0000000000000000000, 0.0000000000000000000 ) ) ;
#703 = DIRECTION ( 'NONE',  ( -1.000000000000000000, -0.0000000000000000000, -0.0000000000000000000 ) ) ;
#704 = ORIENTED_EDGE ( 'NONE', *, *, #4303, .T. ) ;
#705 = COLOUR_RGB ( '',0.6470588235294118000, 0.6196078431372549200, 0.5882352941176470800 ) ;
#706 = CARTESIAN_POINT ( 'NONE',  ( -18.59999999999999100, 0.0000000000000000000, 0.0000000000000000000 ) ) ;
#707 =( NAMED_UNIT ( * ) SI_UNIT ( $, .STERADIAN. ) SOLID_ANGLE_UNIT ( ) );
#708 = ADVANCED_FACE ( 'NONE', ( #2580 ), #199, .T. ) ;
#709 =( GEOMETRIC_REPRESENTATION_CONTEXT ( 3 ) GLOBAL_UNCERTAINTY_ASSIGNED_CONTEXT ( ( #1603 ) ) GLOBAL_UNIT_ASSIGNED_CONTEXT ( ( #5930, #3066, #203 ) ) REPRESENTATION_CONTEXT ( 'NONE', 'WORKASPACE' ) );
#710 = VERTEX_POINT ( 'NONE', #3506 ) ;
#711 = CIRCLE ( 'NONE', #386, 4.250000000000000000 ) ;
#712 = SURFACE_STYLE_USAGE ( .BOTH. , #3582 ) ;
#713 = CARTESIAN_POINT ( 'NONE',  ( -18.39999999999999900, 0.0000000000000000000, 0.0000000000000000000 ) ) ;
#714 = CYLINDRICAL_SURFACE ( 'NONE', #4849, 4.250000000000000000 ) ;
#715 = LINE ( 'NONE', #3028, #4395 ) ;
#716 = FACE_OUTER_BOUND ( 'NONE', #964, .T. ) ;
#717 = AXIS2_PLACEMENT_3D ( 'NONE', #894, #4245, #1388 ) ;
#718 = SURFACE_STYLE_USAGE ( .BOTH. , #3587 ) ;
#719 = CARTESIAN_POINT ( 'NONE',  ( 0.0000000000000000000, 0.0000000000000000000, 22.50000000000000000 ) ) ;
#720 = SURFACE_STYLE_FILL_AREA ( #3567 ) ;
#721 = CIRCLE ( 'NONE', #3410, 5.199999999999999300 ) ;
#722 = APPLICATION_CONTEXT ( 'automotive_design' ) ;
#723 = UNCERTAINTY_MEASURE_WITH_UNIT (LENGTH_MEASURE( 1.000000000000000100E-005 ), #4164, 'distance_accuracy_value', 'NONE');
#724 =( NAMED_UNIT ( * ) SI_UNIT ( $, .STERADIAN. ) SOLID_ANGLE_UNIT ( ) );
#725 = AXIS2_PLACEMENT_3D ( 'NONE', #4424, #5831, #1602 ) ;
#726 = DIRECTION ( 'NONE',  ( -1.000000000000000000, -0.0000000000000000000, -0.0000000000000000000 ) ) ;
#727 = CARTESIAN_POINT ( 'NONE',  ( 0.0000000000000000000, 0.0000000000000000000, 25.00000000000000000 ) ) ;
#728 = CIRCLE ( 'NONE', #2445, 0.1999999999999996500 ) ;
#729 = COLOUR_RGB ( '',0.1098039215686274500, 0.1098039215686274500, 0.1098039215686274500 ) ;
#730 = EDGE_CURVE ( 'NONE', #4651, #1153, #47, .T. ) ;
#731 = CYLINDRICAL_SURFACE ( 'NONE', #2829, 1.750000000000003300 ) ;
#732 = ORIENTED_EDGE ( 'NONE', *, *, #5266, .T. ) ;
#733 = CIRCLE ( 'NONE', #3093, 2.600000000000010300 ) ;
#734 = CARTESIAN_POINT ( 'NONE',  ( -15.28000000000000100, 0.0000000000000000000, 5.400000000000000400 ) ) ;
#735 = CARTESIAN_POINT ( 'NONE',  ( -119.4151686832445000, 7.347880794884488800E-017, -0.6000000000000301800 ) ) ;
#736 = CARTESIAN_POINT ( 'NONE',  ( -98.50000000000000000, 0.0000000000000000000, 0.0000000000000000000 ) ) ;
#737 = EDGE_CURVE ( 'NONE', #4827, #2745, #1484, .T. ) ;
#738 = ORIENTED_EDGE ( 'NONE', *, *, #651, .F. ) ;
#739 = PRESENTATION_LAYER_ASSIGNMENT (  '', '', ( #5986 ) ) ;
#740 = STYLED_ITEM ( 'NONE', ( #5217 ), #5437 ) ;
#741 = EDGE_CURVE ( 'NONE', #1717, #5736, #5139, .T. ) ;
#742 =( GEOMETRIC_REPRESENTATION_CONTEXT ( 3 ) GLOBAL_UNCERTAINTY_ASSIGNED_CONTEXT ( ( #1721 ) ) GLOBAL_UNIT_ASSIGNED_CONTEXT ( ( #5905, #3039, #181 ) ) REPRESENTATION_CONTEXT ( 'NONE', 'WORKASPACE' ) );
#743 = ADVANCED_FACE ( 'NONE', ( #1328 ), #4860, .T. ) ;
#744 = CARTESIAN_POINT ( 'NONE',  ( -6.000000000000001800, 0.0000000000000000000, 11.00000000000000200 ) ) ;
#745 = ORIENTED_EDGE ( 'NONE', *, *, #1319, .F. ) ;
#746 = UNCERTAINTY_MEASURE_WITH_UNIT (LENGTH_MEASURE( 1.000000000000000100E-005 ), #5676, 'distance_accuracy_value', 'NONE');
#747 = AXIS2_PLACEMENT_3D ( 'NONE', #141, #2996, #1106 ) ;
#748 = CARTESIAN_POINT ( 'NONE',  ( -10.43999999999999400, 0.0000000000000000000, 4.450000000000000200 ) ) ;
#749 = CARTESIAN_POINT ( 'NONE',  ( 1.310652069897088900, 1.605085862195323200E-016, 22.59999999999999800 ) ) ;
#750 = PRODUCT_CONTEXT ( 'NONE', #722, 'mechanical' ) ;
#751 = SURFACE_STYLE_FILL_AREA ( #1943 ) ;
#752 = AXIS2_PLACEMENT_3D ( 'NONE', #4005, #1143, #4487 ) ;
#753 = FACE_OUTER_BOUND ( 'NONE', #2412, .T. ) ;
#754 = MANIFOLD_SOLID_BREP ( 'Заготовка-Дет10-1', #1543 ) ;
#755 = CARTESIAN_POINT ( 'NONE',  ( -10.00000000000000900, 0.0000000000000000000, 0.0000000000000000000 ) ) ;
#756 =( GEOMETRIC_REPRESENTATION_CONTEXT ( 3 ) GLOBAL_UNCERTAINTY_ASSIGNED_CONTEXT ( ( #2287 ) ) GLOBAL_UNIT_ASSIGNED_CONTEXT ( ( #1034, #4387, #1525 ) ) REPRESENTATION_CONTEXT ( 'NONE', 'WORKASPACE' ) );
#757 = EDGE_LOOP ( 'NONE', ( #4623, #5178 ) ) ;
#758 = ORIENTED_EDGE ( 'NONE', *, *, #5854, .T. ) ;
#759 = CARTESIAN_POINT ( 'NONE',  ( -17.29999999999999700, 0.0000000000000000000, -5.199999999999999300 ) ) ;
#760 = VERTEX_POINT ( 'NONE', #4972 ) ;
#761 = EDGE_CURVE ( 'NONE', #4476, #49, #2440, .T. ) ;
#762 = DIRECTION ( 'NONE',  ( -1.000000000000000000, -0.0000000000000000000, -0.0000000000000000000 ) ) ;
#763 = CYLINDRICAL_SURFACE ( 'NONE', #804, 1.750000000000003300 ) ;
#764 = VERTEX_POINT ( 'NONE', #1172 ) ;
#765 = CARTESIAN_POINT ( 'NONE',  ( -16.57999999999999500, 0.0000000000000000000, 4.450000000000000200 ) ) ;
#766 = VERTEX_POINT ( 'NONE', #4507 ) ;
#767 = EDGE_LOOP ( 'NONE', ( #5480, #3238 ) ) ;
#768 = VECTOR ( 'NONE', #4855, 1000.000000000000000 ) ;
#769 = DIRECTION ( 'NONE',  ( -1.000000000000000000, -0.0000000000000000000, -0.0000000000000000000 ) ) ;
#770 = EDGE_LOOP ( 'NONE', ( #2267, #4410, #2320, #3222 ) ) ;
#771 =( NAMED_UNIT ( * ) SI_UNIT ( $, .STERADIAN. ) SOLID_ANGLE_UNIT ( ) );
#772 = APPLICATION_CONTEXT ( 'automotive_design' ) ;
#773 = MECHANICAL_DESIGN_GEOMETRIC_PRESENTATION_REPRESENTATION (  '', ( #124 ), #1092 ) ;
#774 = ORIENTED_EDGE ( 'NONE', *, *, #4705, .T. ) ;
#775 = ADVANCED_FACE ( 'NONE', ( #5649 ), #1554, .T. ) ;
#776 =( GEOMETRIC_REPRESENTATION_CONTEXT ( 3 ) GLOBAL_UNCERTAINTY_ASSIGNED_CONTEXT ( ( #2595 ) ) GLOBAL_UNIT_ASSIGNED_CONTEXT ( ( #1331, #4677, #1804 ) ) REPRESENTATION_CONTEXT ( 'NONE', 'WORKASPACE' ) );
#777 = ORIENTED_EDGE ( 'NONE', *, *, #2693, .T. ) ;
#778 = ADVANCED_FACE ( 'NONE', ( #267 ), #941, .T. ) ;
#779 = VERTEX_POINT ( 'NONE', #5511 ) ;
#780 = EDGE_CURVE ( 'NONE', #710, #2637, #4771, .T. ) ;
#781 = CARTESIAN_POINT ( 'NONE',  ( -92.50000000000000000, 0.0000000000000000000, 0.0000000000000000000 ) ) ;
#782 = DIRECTION ( 'NONE',  ( 0.0000000000000000000, 0.0000000000000000000, 1.000000000000000000 ) ) ;
#783 = AXIS2_PLACEMENT_3D ( 'NONE', #706, #4055, #1201 ) ;
#784 =( GEOMETRIC_REPRESENTATION_CONTEXT ( 3 ) GLOBAL_UNCERTAINTY_ASSIGNED_CONTEXT ( ( #1747 ) ) GLOBAL_UNIT_ASSIGNED_CONTEXT ( ( #5362, #2489, #5836 ) ) REPRESENTATION_CONTEXT ( 'NONE', 'WORKASPACE' ) );
#785 = DIRECTION ( 'NONE',  ( -1.000000000000000000, -0.0000000000000000000, -0.0000000000000000000 ) ) ;
#786 = DIRECTION ( 'NONE',  ( 0.0000000000000000000, 0.0000000000000000000, 1.000000000000000000 ) ) ;
#787 = ORIENTED_EDGE ( 'NONE', *, *, #342, .T. ) ;
#788 = LINE ( 'NONE', #122, #1916 ) ;
#789 = DIRECTION ( 'NONE',  ( -1.000000000000000000, 0.0000000000000000000, -0.0000000000000000000 ) ) ;
#790 = ORIENTED_EDGE ( 'NONE', *, *, #5025, .F. ) ;
#791 = DIRECTION ( 'NONE',  ( -1.000000000000000000, -0.0000000000000000000, -0.0000000000000000000 ) ) ;
#792 = DIRECTION ( 'NONE',  ( -1.000000000000000000, -0.0000000000000000000, -0.0000000000000000000 ) ) ;
#793 = EDGE_LOOP ( 'NONE', ( #6158, #1526, #5499, #4896 ) ) ;
#794 = CIRCLE ( 'NONE', #317, 3.000000000000001300 ) ;
#795 = FACE_OUTER_BOUND ( 'NONE', #793, .T. ) ;
#796 = VERTEX_POINT ( 'NONE', #2629 ) ;
#797 = AXIS2_PLACEMENT_3D ( 'NONE', #4667, #1797, #5146 ) ;
#798 = CARTESIAN_POINT ( 'NONE',  ( -102.6292860697262900, 0.0000000000000000000, 4.250000000000000000 ) ) ;
#799 = ORIENTED_EDGE ( 'NONE', *, *, #848, .T. ) ;
#800 = CIRCLE ( 'NONE', #6133, 5.199999999999999300 ) ;
#801 = FACE_OUTER_BOUND ( 'NONE', #5193, .T. ) ;
#802 = ADVANCED_FACE ( 'NONE', ( #6034 ), #3032, .T. ) ;
#803 = TOROIDAL_SURFACE ( 'NONE', #4177, 1.410652069897088600, 0.09999999999999964500 ) ;
#804 = AXIS2_PLACEMENT_3D ( 'NONE', #2868, #5276, #5745 ) ;
#805 = DIRECTION ( 'NONE',  ( -0.0000000000000000000, -0.0000000000000000000, -1.000000000000000000 ) ) ;
#806 = SURFACE_SIDE_STYLE ('',( #3031 ) ) ;
#807 = EDGE_CURVE ( 'NONE', #838, #5622, #5438, .T. ) ;
#808 = EDGE_LOOP ( 'NONE', ( #536, #6090, #5816, #1229 ) ) ;
#809 = SURFACE_STYLE_FILL_AREA ( #3257 ) ;
#810 = CARTESIAN_POINT ( 'NONE',  ( -8.000000000000007100, 3.673940397442061800E-016, -3.000000000000001800 ) ) ;
#811 = DIRECTION ( 'NONE',  ( -1.000000000000000000, -0.0000000000000000000, -0.0000000000000000000 ) ) ;
#812 = MECHANICAL_DESIGN_GEOMETRIC_PRESENTATION_REPRESENTATION (  '', ( #173 ), #1145 ) ;
#813 = TOROIDAL_SURFACE ( 'NONE', #4280, 4.450000000000000200, 0.2000000000000000900 ) ;
#814 = DIRECTION ( 'NONE',  ( 0.0000000000000000000, 0.0000000000000000000, 1.000000000000000000 ) ) ;
#815 = SURFACE_STYLE_USAGE ( .BOTH. , #3677 ) ;
#816 = FILL_AREA_STYLE_COLOUR ( '', #271 ) ;
#817 = DIRECTION ( 'NONE',  ( 0.0000000000000000000, 0.0000000000000000000, -1.000000000000000000 ) ) ;
#818 = ORIENTED_EDGE ( 'NONE', *, *, #211, .F. ) ;
#819 = EDGE_CURVE ( 'NONE', #1204, #796, #1775, .T. ) ;
#820 = COLOUR_RGB ( '',0.1098039215686274500, 0.1098039215686274500, 0.1098039215686274500 ) ;
#821 =( GEOMETRIC_REPRESENTATION_CONTEXT ( 3 ) GLOBAL_UNCERTAINTY_ASSIGNED_CONTEXT ( ( #1094 ) ) GLOBAL_UNIT_ASSIGNED_CONTEXT ( ( #1098, #4444, #1579 ) ) REPRESENTATION_CONTEXT ( 'NONE', 'WORKASPACE' ) );
#822 = AXIS2_PLACEMENT_3D ( 'NONE', #1550, #3923, #5357 ) ;
#823 = PRODUCT_DEFINITION_CONTEXT ( 'detailed design', #3126, 'design' ) ;
#824 = CIRCLE ( 'NONE', #3708, 0.1999999999999996500 ) ;
#825 = DIRECTION ( 'NONE',  ( -1.000000000000000000, -0.0000000000000000000, -0.0000000000000000000 ) ) ;
#826 = CONICAL_SURFACE ( 'NONE', #4347, 2.500000000000000000, 0.7853981633974482800 ) ;
#827 = AXIS2_PLACEMENT_3D ( 'NONE', #1902, #3825, #961 ) ;
#828 = VERTEX_POINT ( 'NONE', #1523 ) ;
#829 = ORIENTED_EDGE ( 'NONE', *, *, #2560, .T. ) ;
#830 = CARTESIAN_POINT ( 'NONE',  ( -111.8192135558113600, 3.184081677783131000E-016, -2.600000000000010300 ) ) ;
#831 = ADVANCED_FACE ( 'NONE', ( #1627 ), #3706, .T. ) ;
#832 = DIRECTION ( 'NONE',  ( -1.000000000000000000, -0.0000000000000000000, -0.0000000000000000000 ) ) ;
#833 = STYLED_ITEM ( 'NONE', ( #4606 ), #1839 ) ;
#834 = SURFACE_STYLE_USAGE ( .BOTH. , #3697 ) ;
#835 = FILL_AREA_STYLE ('',( #875 ) ) ;
#836 = ORIENTED_EDGE ( 'NONE', *, *, #5734, .T. ) ;
#837 =( GEOMETRIC_REPRESENTATION_CONTEXT ( 3 ) GLOBAL_UNCERTAINTY_ASSIGNED_CONTEXT ( ( #87 ) ) GLOBAL_UNIT_ASSIGNED_CONTEXT ( ( #23, #3365, #499 ) ) REPRESENTATION_CONTEXT ( 'NONE', 'WORKASPACE' ) );
#838 = VERTEX_POINT ( 'NONE', #3933 ) ;
#839 = SURFACE_SIDE_STYLE ('',( #3960 ) ) ;
#840 = ORIENTED_EDGE ( 'NONE', *, *, #2022, .T. ) ;
#841 = EDGE_LOOP ( 'NONE', ( #3096, #1676 ) ) ;
#842 =( NAMED_UNIT ( * ) PLANE_ANGLE_UNIT ( ) SI_UNIT ( $, .RADIAN. ) );
#843 = FILL_AREA_STYLE_COLOUR ( '', #3519 ) ;
#844 = ADVANCED_FACE ( 'NONE', ( #1179 ), #2279, .F. ) ;
#845 = EDGE_CURVE ( 'NONE', #4514, #2006, #3566, .T. ) ;
#846 = ORIENTED_EDGE ( 'NONE', *, *, #4263, .F. ) ;
#847 =( GEOMETRIC_REPRESENTATION_CONTEXT ( 3 ) GLOBAL_UNCERTAINTY_ASSIGNED_CONTEXT ( ( #4384 ) ) GLOBAL_UNIT_ASSIGNED_CONTEXT ( ( #2692, #6044, #3168 ) ) REPRESENTATION_CONTEXT ( 'NONE', 'WORKASPACE' ) );
#848 = EDGE_CURVE ( 'NONE', #3304, #1057, #2434, .T. ) ;
#849 = DIRECTION ( 'NONE',  ( -0.0000000000000000000, -0.0000000000000000000, -1.000000000000000000 ) ) ;
#850 = ORIENTED_EDGE ( 'NONE', *, *, #213, .F. ) ;
#851 = DIRECTION ( 'NONE',  ( -1.000000000000000000, -0.0000000000000000000, -0.0000000000000000000 ) ) ;
#853 =( LENGTH_UNIT ( ) NAMED_UNIT ( * ) SI_UNIT ( .MILLI., .METRE. ) );
#852 = DIRECTION ( 'NONE',  ( 0.0000000000000000000, 1.000000000000000000, -0.0000000000000000000 ) ) ;
#854 = AXIS2_PLACEMENT_3D ( 'NONE', #6014, #2652, #5535 ) ;
#855 = PLANE ( 'NONE',  #1613 ) ;
#856 =( NAMED_UNIT ( * ) SI_UNIT ( $, .STERADIAN. ) SOLID_ANGLE_UNIT ( ) );
#857 = AXIS2_PLACEMENT_3D ( 'NONE', #4783, #1907, #5260 ) ;
#858 = AXIS2_PLACEMENT_3D ( 'NONE', #396, #5157, #3755 ) ;
#859 =( GEOMETRIC_REPRESENTATION_CONTEXT ( 3 ) GLOBAL_UNCERTAINTY_ASSIGNED_CONTEXT ( ( #4616 ) ) GLOBAL_UNIT_ASSIGNED_CONTEXT ( ( #4763, #1890, #5245 ) ) REPRESENTATION_CONTEXT ( 'NONE', 'WORKASPACE' ) );
#860 = CARTESIAN_POINT ( 'NONE',  ( -10.00000000000000900, 3.184081677783131000E-016, -2.600000000000010300 ) ) ;
#861 = CIRCLE ( 'NONE', #4639, 4.250000000000000000 ) ;
#862 = TOROIDAL_SURFACE ( 'NONE', #6182, 4.450000000000000200, 0.2000000000000000900 ) ;
#863 = ADVANCED_FACE ( 'NONE', ( #4853 ), #3405, .F. ) ;
#864 = DIRECTION ( 'NONE',  ( 1.000000000000000000, 0.0000000000000000000, 0.0000000000000000000 ) ) ;
#865 = SURFACE_STYLE_USAGE ( .BOTH. , #3730 ) ;
#866 = EDGE_CURVE ( 'NONE', #569, #5353, #1020, .T. ) ;
#867 = SURFACE_STYLE_FILL_AREA ( #2172 ) ;
#868 = UNCERTAINTY_MEASURE_WITH_UNIT (LENGTH_MEASURE( 1.000000000000000100E-005 ), #1882, 'distance_accuracy_value', 'NONE');
#869 = CIRCLE ( 'NONE', #5377, 5.400000000000000400 ) ;
#870 = ORIENTED_EDGE ( 'NONE', *, *, #2474, .T. ) ;
#871 = CIRCLE ( 'NONE', #2759, 0.6000000000000304000 ) ;
#872 = FILL_AREA_STYLE_COLOUR ( '', #3187 ) ;
#874 = CARTESIAN_POINT ( 'NONE',  ( -91.00000000000000000, 3.673940397442048500E-016, -2.999999999999991600 ) ) ;
#873 = DIRECTION ( 'NONE',  ( 0.0000000000000000000, 0.0000000000000000000, 1.000000000000000000 ) ) ;
#875 = FILL_AREA_STYLE_COLOUR ( '', #4466 ) ;
#876 = FACE_OUTER_BOUND ( 'NONE', #5600, .T. ) ;
#877 = ADVANCED_FACE ( 'NONE', ( #6103 ), #2137, .F. ) ;
#878 = STYLED_ITEM ( 'NONE', ( #4332 ), #2601 ) ;
#879 = DIRECTION ( 'NONE',  ( -1.000000000000000000, 0.0000000000000000000, 0.0000000000000000000 ) ) ;
#880 = VERTEX_POINT ( 'NONE', #2053 ) ;
#881 = SURFACE_STYLE_USAGE ( .BOTH. , #316 ) ;
#882 = AXIS2_PLACEMENT_3D ( 'NONE', #736, #4087, #1232 ) ;
#883 = AXIS2_PLACEMENT_3D ( 'NONE', #3568, #2140, #5489 ) ;
#884 = DIRECTION ( 'NONE',  ( -1.000000000000000000, -0.0000000000000000000, -0.0000000000000000000 ) ) ;
#885 = DIRECTION ( 'NONE',  ( -1.000000000000000000, -0.0000000000000000000, -0.0000000000000000000 ) ) ;
#886 = TOROIDAL_SURFACE ( 'NONE', #5045, 1.410652069897088600, 0.09999999999999964500 ) ;
#887 = SURFACE_STYLE_USAGE ( .BOTH. , #3763 ) ;
#888 = DIRECTION ( 'NONE',  ( -1.000000000000000000, 0.0000000000000000000, 0.0000000000000000000 ) ) ;
#889 = PLANE ( 'NONE',  #96 ) ;
#890 = ORIENTED_EDGE ( 'NONE', *, *, #2960, .F. ) ;
#891 = ADVANCED_FACE ( 'NONE', ( #4687 ), #1995, .F. ) ;
#892 = PRESENTATION_STYLE_ASSIGNMENT (( #5474 ) ) ;
#894 = CARTESIAN_POINT ( 'NONE',  ( -7.499999999999994700, 0.0000000000000000000, -5.135813185032623700E-033 ) ) ;
#893 = DIRECTION ( 'NONE',  ( -0.0000000000000000000, -0.0000000000000000000, -1.000000000000000000 ) ) ;
#895 = PRESENTATION_STYLE_ASSIGNMENT (( #712 ) ) ;
#896 = ORIENTED_EDGE ( 'NONE', *, *, #2977, .F. ) ;
#897 = ORIENTED_EDGE ( 'NONE', *, *, #4632, .T. ) ;
#898 = ITEM_DEFINED_TRANSFORMATION ( 'NONE', 'NONE', #4264,  #2144 ) ;
#899 = FACE_OUTER_BOUND ( 'NONE', #4931, .T. ) ;
#900 = DIRECTION ( 'NONE',  ( -1.000000000000000000, -0.0000000000000000000, -0.0000000000000000000 ) ) ;
#901 = EDGE_LOOP ( 'NONE', ( #2345, #2038, #3839, #4996 ) ) ;
#902 = DIRECTION ( 'NONE',  ( -1.000000000000000000, -0.0000000000000000000, -0.0000000000000000000 ) ) ;
#903 = STYLED_ITEM ( 'NONE', ( #2238 ), #4461 ) ;
#904 = VERTEX_POINT ( 'NONE', #5420 ) ;
#905 = SURFACE_STYLE_USAGE ( .BOTH. , #3777 ) ;
#906 = DIRECTION ( 'NONE',  ( 0.0000000000000000000, 0.0000000000000000000, 1.000000000000000000 ) ) ;
#907 = ORIENTED_EDGE ( 'NONE', *, *, #5896, .T. ) ;
#908 = SHAPE_REPRESENTATION ( 'Тело15', ( #2144 ), #4068 ) ;
#909 = DIRECTION ( 'NONE',  ( 0.0000000000000000000, 0.0000000000000000000, 1.000000000000000000 ) ) ;
#911 = ORIENTED_EDGE ( 'NONE', *, *, #2994, .F. ) ;
#910 =( LENGTH_UNIT ( ) NAMED_UNIT ( * ) SI_UNIT ( .MILLI., .METRE. ) );
#912 = CARTESIAN_POINT ( 'NONE',  ( 1.750000000000003300, 2.143131898507872000E-016, -8.178233058921771100 ) ) ;
#913 = PRESENTATION_STYLE_ASSIGNMENT (( #881 ) ) ;
#914 = CARTESIAN_POINT ( 'NONE',  ( 3.500000000000002200, 4.286263797015739100E-016, 12.40000000000000200 ) ) ;
#915 = STYLED_ITEM ( 'NONE', ( #2448 ), #2149 ) ;
#916 = SURFACE_SIDE_STYLE ('',( #3956 ) ) ;
#917 = DIRECTION ( 'NONE',  ( 0.0000000000000000000, 0.0000000000000000000, -1.000000000000000000 ) ) ;
#918 = SHAPE_REPRESENTATION ( 'Сборка1', ( #5859, #3291, #3626, #3939, #4264, #4589, #4913 ), #5230 ) ;
#919 = ORIENTED_EDGE ( 'NONE', *, *, #2403, .T. ) ;
#920 = AXIS2_PLACEMENT_3D ( 'NONE', #6142, #3266, #401 ) ;
#921 = UNCERTAINTY_MEASURE_WITH_UNIT (LENGTH_MEASURE( 1.000000000000000100E-005 ), #2049, 'distance_accuracy_value', 'NONE');
#923 = DIRECTION ( 'NONE',  ( 0.0000000000000000000, 0.0000000000000000000, 1.000000000000000000 ) ) ;
#922 = FILL_AREA_STYLE ('',( #5691 ) ) ;
#924 = EDGE_CURVE ( 'NONE', #2930, #328, #3247, .T. ) ;
#925 = CARTESIAN_POINT ( 'NONE',  ( -92.00000000000000000, 0.0000000000000000000, 0.0000000000000000000 ) ) ;
#926 = SURFACE_SIDE_STYLE ('',( #6082 ) ) ;
#927 = AXIS2_PLACEMENT_3D ( 'NONE', #493, #3845, #986 ) ;
#928 = DIRECTION ( 'NONE',  ( -0.0000000000000000000, 0.0000000000000000000, 1.000000000000000000 ) ) ;
#929 = ORIENTED_EDGE ( 'NONE', *, *, #3934, .F. ) ;
#930 = PRODUCT_DEFINITION ( 'UNKNOWN', '', #5114, #1764 ) ;
#931 = DIRECTION ( 'NONE',  ( 0.0000000000000000000, 0.0000000000000000000, -1.000000000000000000 ) ) ;
#932 = FILL_AREA_STYLE_COLOUR ( '', #3559 ) ;
#933 = DIRECTION ( 'NONE',  ( -1.000000000000000000, 0.0000000000000000000, 0.0000000000000000000 ) ) ;
#934 = CIRCLE ( 'NONE', #1169, 0.09999999999999939500 ) ;
#935 = CIRCLE ( 'NONE', #2907, 1.800000000000016300 ) ;
#936 = EDGE_CURVE ( 'NONE', #5622, #5446, #5804, .T. ) ;
#937 = CARTESIAN_POINT ( 'NONE',  ( -10.43999999999999400, 0.0000000000000000000, 0.0000000000000000000 ) ) ;
#938 = STYLED_ITEM ( 'NONE', ( #1225 ), #577 ) ;
#939 = DIRECTION ( 'NONE',  ( 0.0000000000000000000, 0.0000000000000000000, 1.000000000000000000 ) ) ;
#940 = COLOUR_RGB ( '',0.1098039215686274500, 0.1098039215686274500, 0.1098039215686274500 ) ;
#941 = CYLINDRICAL_SURFACE ( 'NONE', #3790, 6.000000000000000900 ) ;
#942 = PRESENTATION_LAYER_ASSIGNMENT (  '', '', ( #621 ) ) ;
#943 = AXIS2_PLACEMENT_3D ( 'NONE', #4309, #4330, #1465 ) ;
#944 = DIRECTION ( 'NONE',  ( -1.000000000000000000, -0.0000000000000000000, -0.0000000000000000000 ) ) ;
#945 = ORIENTED_EDGE ( 'NONE', *, *, #5784, .T. ) ;
#946 = DIRECTION ( 'NONE',  ( 0.0000000000000000000, 0.0000000000000000000, 1.000000000000000000 ) ) ;
#947 = COLOUR_RGB ( '',0.1098039215686274500, 0.1098039215686274500, 0.1098039215686274500 ) ;
#948 = FACE_OUTER_BOUND ( 'NONE', #2712, .T. ) ;
#949 = FACE_OUTER_BOUND ( 'NONE', #5271, .T. ) ;
#950 = ORIENTED_EDGE ( 'NONE', *, *, #2130, .T. ) ;
#951 =( NAMED_UNIT ( * ) PLANE_ANGLE_UNIT ( ) SI_UNIT ( $, .RADIAN. ) );
#952 = DIRECTION ( 'NONE',  ( -1.000000000000000000, -0.0000000000000000000, -0.0000000000000000000 ) ) ;
#953 = EDGE_CURVE ( 'NONE', #4476, #3682, #4536, .T. ) ;
#954 = ORIENTED_EDGE ( 'NONE', *, *, #1904, .T. ) ;
#955 = PRODUCT_DEFINITION_CONTEXT ( 'detailed design', #5065, 'design' ) ;
#956 = ORIENTED_EDGE ( 'NONE', *, *, #327, .F. ) ;
#957 = SURFACE_STYLE_FILL_AREA ( #4546 ) ;
#958 = TOROIDAL_SURFACE ( 'NONE', #2950, 5.200000000000001100, 0.1999999999999992300 ) ;
#959 =( LENGTH_UNIT ( ) NAMED_UNIT ( * ) SI_UNIT ( .MILLI., .METRE. ) );
#960 = CYLINDRICAL_SURFACE ( 'NONE', #3204, 1.750000000000003300 ) ;
#961 = DIRECTION ( 'NONE',  ( 0.0000000000000000000, 0.0000000000000000000, 1.000000000000000000 ) ) ;
#962 = CARTESIAN_POINT ( 'NONE',  ( -11.73999999999999300, 0.0000000000000000000, 0.0000000000000000000 ) ) ;
#963 = ORIENTED_EDGE ( 'NONE', *, *, #5787, .F. ) ;
#964 = EDGE_LOOP ( 'NONE', ( #2050, #2181 ) ) ;
#965 = FACE_OUTER_BOUND ( 'NONE', #2376, .T. ) ;
#966 = CARTESIAN_POINT ( 'NONE',  ( -93.00000000000000000, 0.0000000000000000000, 0.9000000000000379900 ) ) ;
#968 = DIRECTION ( 'NONE',  ( 0.0000000000000000000, 0.0000000000000000000, 1.000000000000000000 ) ) ;
#967 = SURFACE_STYLE_USAGE ( .BOTH. , #3828 ) ;
#969 = DIRECTION ( 'NONE',  ( 0.0000000000000000000, 0.0000000000000000000, 1.000000000000000000 ) ) ;
#970 = DIRECTION ( 'NONE',  ( 0.0000000000000000000, 0.0000000000000000000, -1.000000000000000000 ) ) ;
#971 = CARTESIAN_POINT ( 'NONE',  ( -14.15999999999999100, 0.0000000000000000000, 0.0000000000000000000 ) ) ;
#972 = EDGE_LOOP ( 'NONE', ( #1190, #4725 ) ) ;
#973 = CARTESIAN_POINT ( 'NONE',  ( -102.6292860697262900, 6.613092715395707500E-016, -5.400000000000000400 ) ) ;
#974 = EDGE_CURVE ( 'NONE', #2549, #3798, #715, .T. ) ;
#975 =( NAMED_UNIT ( * ) SI_UNIT ( $, .STERADIAN. ) SOLID_ANGLE_UNIT ( ) );
#976 = LINE ( 'NONE', #1346, #4803 ) ;
#977 = AXIS2_PLACEMENT_3D ( 'NONE', #971, #4326, #1458 ) ;
#978 = EDGE_CURVE ( 'NONE', #4415, #64, #5644, .T. ) ;
#979 = DIRECTION ( 'NONE',  ( 0.0000000000000000000, 0.0000000000000000000, -1.000000000000000000 ) ) ;
#980 = PLANE ( 'NONE',  #2401 ) ;
#981 = CARTESIAN_POINT ( 'NONE',  ( -14.35999999999999600, 0.0000000000000000000, 0.0000000000000000000 ) ) ;
#982 = FACE_OUTER_BOUND ( 'NONE', #1366, .T. ) ;
#983 = AXIS2_PLACEMENT_3D ( 'NONE', #5866, #2518, #5396 ) ;
#984 = ORIENTED_EDGE ( 'NONE', *, *, #1989, .F. ) ;
#985 = ORIENTED_EDGE ( 'NONE', *, *, #993, .F. ) ;
#986 = DIRECTION ( 'NONE',  ( 0.0000000000000000000, 0.0000000000000000000, 1.000000000000000000 ) ) ;
#987 = DIRECTION ( 'NONE',  ( 1.224646799147353200E-016, -1.000000000000000000, 0.0000000000000000000 ) ) ;
#988 = PRESENTATION_LAYER_ASSIGNMENT (  '', '', ( #662 ) ) ;
#989 = ORIENTED_EDGE ( 'NONE', *, *, #6005, .F. ) ;
#990 = AXIS2_PLACEMENT_3D ( 'NONE', #5354, #2476, #5825 ) ;
#991 = DIRECTION ( 'NONE',  ( -1.000000000000000000, -0.0000000000000000000, -0.0000000000000000000 ) ) ;
#992 = CIRCLE ( 'NONE', #2651, 0.1999999999999996500 ) ;
#993 = EDGE_CURVE ( 'NONE', #4615, #3359, #861, .T. ) ;
#994 = CARTESIAN_POINT ( 'NONE',  ( -93.00000000000000000, 0.0000000000000000000, 0.0000000000000000000 ) ) ;
#995 = PLANE ( 'NONE',  #1659 ) ;
#996 = ORIENTED_EDGE ( 'NONE', *, *, #4258, .F. ) ;
#997 = CARTESIAN_POINT ( 'NONE',  ( -92.50000000000001400, 0.0000000000000000000, 0.0000000000000000000 ) ) ;
#998 = ORIENTED_EDGE ( 'NONE', *, *, #1939, .F. ) ;
#999 = ORIENTED_EDGE ( 'NONE', *, *, #211, .T. ) ;
#1000 = COLOUR_RGB ( '',0.1098039215686274500, 0.1098039215686274500, 0.1098039215686274500 ) ;
#1001 = CARTESIAN_POINT ( 'NONE',  ( 0.0000000000000000000, 0.0000000000000000000, 18.30000000000000100 ) ) ;
#1002 = CARTESIAN_POINT ( 'NONE',  ( -1.750000000000003300, 0.0000000000000000000, 17.50000000000000000 ) ) ;
#1003 = ORIENTED_EDGE ( 'NONE', *, *, #1697, .F. ) ;
#1004 =( NAMED_UNIT ( * ) SI_UNIT ( $, .STERADIAN. ) SOLID_ANGLE_UNIT ( ) );
#1005 = DIRECTION ( 'NONE',  ( -1.000000000000000000, -0.0000000000000000000, -0.0000000000000000000 ) ) ;
#1006 = VECTOR ( 'NONE', #3309, 1000.000000000000000 ) ;
#1007 = ORIENTED_EDGE ( 'NONE', *, *, #4953, .T. ) ;
#1008 = AXIS2_PLACEMENT_3D ( 'NONE', #2852, #3448, #3340 ) ;
#1009 = SURFACE_SIDE_STYLE ('',( #4333 ) ) ;
#1010 = CARTESIAN_POINT ( 'NONE',  ( -119.4151686832445000, 0.0000000000000000000, 0.0000000000000000000 ) ) ;
#1011 = DIRECTION ( 'NONE',  ( 1.000000000000000000, 0.0000000000000000000, 0.0000000000000000000 ) ) ;
#1012 = AXIS2_PLACEMENT_3D ( 'NONE', #2532, #5884, #3018 ) ;
#1013 = ORIENTED_EDGE ( 'NONE', *, *, #1701, .F. ) ;
#1014 = FACE_OUTER_BOUND ( 'NONE', #2039, .T. ) ;
#1015 = AXIS2_PLACEMENT_3D ( 'NONE', #5738, #4815, #508 ) ;
#1016 = DIRECTION ( 'NONE',  ( 0.0000000000000000000, 0.0000000000000000000, 1.000000000000000000 ) ) ;
#1017 = FILL_AREA_STYLE_COLOUR ( '', #2718 ) ;
#1018 = DIRECTION ( 'NONE',  ( 0.0000000000000000000, 0.0000000000000000000, 1.000000000000000000 ) ) ;
#1019 = COLOUR_RGB ( '',0.1098039215686274500, 0.1098039215686274500, 0.1098039215686274500 ) ;
#1020 = LINE ( 'NONE', #5872, #5961 ) ;
#1021 =( NAMED_UNIT ( * ) SI_UNIT ( $, .STERADIAN. ) SOLID_ANGLE_UNIT ( ) );
#1022 = DIRECTION ( 'NONE',  ( -1.000000000000000000, 0.0000000000000000000, 0.0000000000000000000 ) ) ;
#1023 = CARTESIAN_POINT ( 'NONE',  ( 1.650000000000003200, 0.0000000000000000000, 22.50000000000000000 ) ) ;
#1024 = CARTESIAN_POINT ( 'NONE',  ( 0.0000000000000000000, 0.0000000000000000000, -8.178233058921771100 ) ) ;
#1025 = CIRCLE ( 'NONE', #4574, 6.000000000000000900 ) ;
#1026 = VECTOR ( 'NONE', #163, 1000.000000000000000 ) ;
#1027 = EDGE_CURVE ( 'NONE', #1848, #4108, #1837, .T. ) ;
#1028 = ORIENTED_EDGE ( 'NONE', *, *, #4198, .F. ) ;
#1029 = SURFACE_SIDE_STYLE ('',( #5225 ) ) ;
#1030 = CARTESIAN_POINT ( 'NONE',  ( -8.620000000000002800, 0.0000000000000000000, 0.0000000000000000000 ) ) ;
#1031 = STYLED_ITEM ( 'NONE', ( #892 ), #4220 ) ;
#1032 = CARTESIAN_POINT ( 'NONE',  ( -115.6523383537547100, 0.0000000000000000000, 1.400000000000031400 ) ) ;
#1033 = DIRECTION ( 'NONE',  ( -1.000000000000000000, -0.0000000000000000000, -0.0000000000000000000 ) ) ;
#1034 =( LENGTH_UNIT ( ) NAMED_UNIT ( * ) SI_UNIT ( .MILLI., .METRE. ) );
#1035 = VECTOR ( 'NONE', #944, 1000.000000000000000 ) ;
#1036 = CARTESIAN_POINT ( 'NONE',  ( 0.0000000000000000000, 0.0000000000000000000, -8.178233058921771100 ) ) ;
#1037 = ORIENTED_EDGE ( 'NONE', *, *, #3641, .F. ) ;
#1038 = UNCERTAINTY_MEASURE_WITH_UNIT (LENGTH_MEASURE( 1.000000000000000100E-005 ), #513, 'distance_accuracy_value', 'NONE');
#1039 = ORIENTED_EDGE ( 'NONE', *, *, #5215, .T. ) ;
#1040 = SURFACE_STYLE_FILL_AREA ( #2654 ) ;
#1041 = PRESENTATION_STYLE_ASSIGNMENT (( #3232 ) ) ;
#1042 = CARTESIAN_POINT ( 'NONE',  ( -94.00000000000000000, 0.0000000000000000000, -0.6000000000000302900 ) ) ;
#1043 = AXIS2_PLACEMENT_3D ( 'NONE', #6171, #3301, #435 ) ;
#1044 = DIRECTION ( 'NONE',  ( -0.0000000000000000000, 0.0000000000000000000, 1.000000000000000000 ) ) ;
#1045 =( LENGTH_UNIT ( ) NAMED_UNIT ( * ) SI_UNIT ( .MILLI., .METRE. ) );
#1046 = CARTESIAN_POINT ( 'NONE',  ( -17.09999999999999100, 0.0000000000000000000, 0.0000000000000000000 ) ) ;
#1047 =( NAMED_UNIT ( * ) SI_UNIT ( $, .STERADIAN. ) SOLID_ANGLE_UNIT ( ) );
#1048 = PRESENTATION_LAYER_ASSIGNMENT (  '', '', ( #83 ) ) ;
#1049 = CARTESIAN_POINT ( 'NONE',  ( -6.000000000000041700, 7.347880794884120700E-016, -6.000000000000000900 ) ) ;
#1050 = ORIENTED_EDGE ( 'NONE', *, *, #3094, .T. ) ;
#1051 = EDGE_CURVE ( 'NONE', #631, #4710, #559, .T. ) ;
#1052 = CARTESIAN_POINT ( 'NONE',  ( 0.0000000000000000000, 0.0000000000000000000, -8.178233058921771100 ) ) ;
#1053 = TOROIDAL_SURFACE ( 'NONE', #1353, 5.200000000000001100, 0.2000000000000000900 ) ;
#1054 = SURFACE_STYLE_FILL_AREA ( #233 ) ;
#1055 = DIRECTION ( 'NONE',  ( 0.0000000000000000000, 0.0000000000000000000, 1.000000000000000000 ) ) ;
#1056 = EDGE_LOOP ( 'NONE', ( #3800, #3270 ) ) ;
#1057 = VERTEX_POINT ( 'NONE', #4024 ) ;
#1058 = EDGE_CURVE ( 'NONE', #766, #5495, #5509, .T. ) ;
#1059 = MECHANICAL_DESIGN_GEOMETRIC_PRESENTATION_REPRESENTATION (  '', ( #5986 ), #1379 ) ;
#1060 = ADVANCED_FACE ( 'NONE', ( #4227 ), #6176, .T. ) ;
#1061 = PRESENTATION_LAYER_ASSIGNMENT (  '', '', ( #740 ) ) ;
#1062 = UNCERTAINTY_MEASURE_WITH_UNIT (LENGTH_MEASURE( 1.000000000000000100E-005 ), #3372, 'distance_accuracy_value', 'NONE');
#1063 = EDGE_CURVE ( 'NONE', #2214, #431, #1253, .T. ) ;
#1064 = CONTEXT_DEPENDENT_SHAPE_REPRESENTATION ( #3653, #1335 ) ;
#1065 =( GEOMETRIC_REPRESENTATION_CONTEXT ( 3 ) GLOBAL_UNCERTAINTY_ASSIGNED_CONTEXT ( ( #588 ) ) GLOBAL_UNIT_ASSIGNED_CONTEXT ( ( #661, #4009, #1149 ) ) REPRESENTATION_CONTEXT ( 'NONE', 'WORKASPACE' ) );
#1066 = ORIENTED_EDGE ( 'NONE', *, *, #5652, .T. ) ;
#1067 = DIRECTION ( 'NONE',  ( 0.0000000000000000000, 0.0000000000000000000, 1.000000000000000000 ) ) ;
#1068 = DIRECTION ( 'NONE',  ( -1.000000000000000000, -0.0000000000000000000, -0.0000000000000000000 ) ) ;
#1069 = STYLED_ITEM ( 'NONE', ( #1600 ), #356 ) ;
#1070 = CARTESIAN_POINT ( 'NONE',  ( -102.6292860697262900, 0.0000000000000000000, 3.000000000000000900 ) ) ;
#1071 = CARTESIAN_POINT ( 'NONE',  ( -12.85999999999999600, 0.0000000000000000000, 5.199999999999999300 ) ) ;
#1072 = CARTESIAN_POINT ( 'NONE',  ( -10.84000000000000200, 0.0000000000000000000, 0.0000000000000000000 ) ) ;
#1073 = ORIENTED_EDGE ( 'NONE', *, *, #1182, .F. ) ;
#1074 = CARTESIAN_POINT ( 'NONE',  ( -10.99999999999999600, 0.0000000000000000000, 0.0000000000000000000 ) ) ;
#1076 = SURFACE_SIDE_STYLE ('',( #3261 ) ) ;
#1075 = AXIS2_PLACEMENT_3D ( 'NONE', #1122, #4460, #1606 ) ;
#1077 = FACE_OUTER_BOUND ( 'NONE', #279, .T. ) ;
#1078 = ORIENTED_EDGE ( 'NONE', *, *, #2555, .T. ) ;
#1079 = AXIS2_PLACEMENT_3D ( 'NONE', #1401, #4748, #1873 ) ;
#1080 = DIRECTION ( 'NONE',  ( 0.0000000000000000000, 0.0000000000000000000, 1.000000000000000000 ) ) ;
#1081 = SURFACE_STYLE_FILL_AREA ( #5062 ) ;
#1082 = DIRECTION ( 'NONE',  ( 0.0000000000000000000, 0.0000000000000000000, 1.000000000000000000 ) ) ;
#1083 = ORIENTED_EDGE ( 'NONE', *, *, #1748, .T. ) ;
#1084 = CARTESIAN_POINT ( 'NONE',  ( -115.6523383537547100, 0.0000000000000000000, 0.0000000000000000000 ) ) ;
#1085 = EDGE_CURVE ( 'NONE', #2470, #4899, #3784, .T. ) ;
#1086 = EDGE_LOOP ( 'NONE', ( #10, #2890, #6081, #818 ) ) ;
#1087 = DIRECTION ( 'NONE',  ( -1.000000000000000000, -0.0000000000000000000, -0.0000000000000000000 ) ) ;
#1088 = EDGE_LOOP ( 'NONE', ( #5180, #52 ) ) ;
#1089 = CARTESIAN_POINT ( 'NONE',  ( -13.05999999999999700, 0.0000000000000000000, 0.0000000000000000000 ) ) ;
#1090 = FILL_AREA_STYLE ('',( #3481 ) ) ;
#1091 = DIRECTION ( 'NONE',  ( 0.0000000000000000000, 0.0000000000000000000, 1.000000000000000000 ) ) ;
#1092 =( GEOMETRIC_REPRESENTATION_CONTEXT ( 3 ) GLOBAL_UNCERTAINTY_ASSIGNED_CONTEXT ( ( #4538 ) ) GLOBAL_UNIT_ASSIGNED_CONTEXT ( ( #2713, #6067, #3195 ) ) REPRESENTATION_CONTEXT ( 'NONE', 'WORKASPACE' ) );
#1093 = ORIENTED_EDGE ( 'NONE', *, *, #4178, .T. ) ;
#1094 = UNCERTAINTY_MEASURE_WITH_UNIT (LENGTH_MEASURE( 1.000000000000000100E-005 ), #1098, 'distance_accuracy_value', 'NONE');
#1095 = CARTESIAN_POINT ( 'NONE',  ( -8.419999999999996400, 0.0000000000000000000, 0.0000000000000000000 ) ) ;
#1096 = LINE ( 'NONE', #1429, #4762 ) ;
#1097 = VECTOR ( 'NONE', #4416, 1000.000000000000000 ) ;
#1098 =( LENGTH_UNIT ( ) NAMED_UNIT ( * ) SI_UNIT ( .MILLI., .METRE. ) );
#1099 = CARTESIAN_POINT ( 'NONE',  ( -6.999999999999993800, 0.0000000000000000000, 1.797534614761419800E-031 ) ) ;
#1100 = AXIS2_PLACEMENT_3D ( 'NONE', #2293, #5642, #2777 ) ;
#1101 = FACE_OUTER_BOUND ( 'NONE', #2077, .T. ) ;
#1102 = CARTESIAN_POINT ( 'NONE',  ( -96.50000000000000000, 0.0000000000000000000, 0.6000000000000300600 ) ) ;
#1103 = SURFACE_STYLE_FILL_AREA ( #3130 ) ;
#1104 = VECTOR ( 'NONE', #4959, 1000.000000000000000 ) ;
#1105 = EDGE_CURVE ( 'NONE', #1057, #2214, #2503, .T. ) ;
#1106 = DIRECTION ( 'NONE',  ( -1.000000000000000000, 0.0000000000000000000, 0.0000000000000000000 ) ) ;
#1107 = ORIENTED_EDGE ( 'NONE', *, *, #3090, .F. ) ;
#1108 = CARTESIAN_POINT ( 'NONE',  ( -14.87999999999999500, 5.449678256205721800E-016, -4.450000000000000200 ) ) ;
#1109 = FACE_BOUND ( 'NONE', #1608, .T. ) ;
#1110 = EDGE_LOOP ( 'NONE', ( #5058, #945, #4636, #5415 ) ) ;
#1111 = AXIS2_PLACEMENT_3D ( 'NONE', #5933, #3067, #2125 ) ;
#1112 =( LENGTH_UNIT ( ) NAMED_UNIT ( * ) SI_UNIT ( .MILLI., .METRE. ) );
#1113 = EDGE_LOOP ( 'NONE', ( #5041, #2787, #4304, #5991 ) ) ;
#1114 = DIRECTION ( 'NONE',  ( -1.000000000000000000, -0.0000000000000000000, -0.0000000000000000000 ) ) ;
#1115 = AXIS2_PLACEMENT_3D ( 'NONE', #1099, #4445, #1581 ) ;
#1116 = ORIENTED_EDGE ( 'NONE', *, *, #4289, .F. ) ;
#1117 = ADVANCED_FACE ( 'NONE', ( #2354, #5071 ), #4882, .F. ) ;
#1118 = VERTEX_POINT ( 'NONE', #1531 ) ;
#1119 = CYLINDRICAL_SURFACE ( 'NONE', #2892, 2.200000000000016200 ) ;
#1120 =( NAMED_UNIT ( * ) SI_UNIT ( $, .STERADIAN. ) SOLID_ANGLE_UNIT ( ) );
#1121 = ORIENTED_EDGE ( 'NONE', *, *, #3757, .F. ) ;
#1122 = CARTESIAN_POINT ( 'NONE',  ( -18.59999999999999400, 0.0000000000000000000, -3.000000000000000000 ) ) ;
#1123 = COLOUR_RGB ( '',0.1098039215686274500, 0.1098039215686274500, 0.1098039215686274500 ) ;
#1124 = DIRECTION ( 'NONE',  ( -1.000000000000000000, -0.0000000000000000000, -0.0000000000000000000 ) ) ;
#1125 = EDGE_LOOP ( 'NONE', ( #2967, #1273, #2407, #2939 ) ) ;
#1126 = DIRECTION ( 'NONE',  ( 0.0000000000000000000, 0.0000000000000000000, 1.000000000000000000 ) ) ;
#1127 = VECTOR ( 'NONE', #1297, 1000.000000000000000 ) ;
#1128 = AXIS2_PLACEMENT_3D ( 'NONE', #2710, #2726, #6085 ) ;
#1129 = VECTOR ( 'NONE', #1799, 1000.000000000000000 ) ;
#1130 = DIRECTION ( 'NONE',  ( 0.0000000000000000000, 0.0000000000000000000, -1.000000000000000000 ) ) ;
#1131 = FILL_AREA_STYLE ('',( #3975 ) ) ;
#1132 = DIRECTION ( 'NONE',  ( 0.0000000000000000000, 0.0000000000000000000, 1.000000000000000000 ) ) ;
#1133 = MECHANICAL_DESIGN_GEOMETRIC_PRESENTATION_REPRESENTATION (  '', ( #6055 ), #1456 ) ;
#1134 = CIRCLE ( 'NONE', #5611, 5.400000000000000400 ) ;
#1135 = FILL_AREA_STYLE ('',( #3998 ) ) ;
#1136 = ORIENTED_EDGE ( 'NONE', *, *, #3005, .T. ) ;
#1137 = EDGE_CURVE ( 'NONE', #4241, #1960, #6029, .T. ) ;
#1138 = DIRECTION ( 'NONE',  ( 0.0000000000000000000, 0.0000000000000000000, 1.000000000000000000 ) ) ;
#1139 = UNCERTAINTY_MEASURE_WITH_UNIT (LENGTH_MEASURE( 1.000000000000000100E-005 ), #5903, 'distance_accuracy_value', 'NONE');
#1140 = FILL_AREA_STYLE_COLOUR ( '', #1146 ) ;
#1141 = DIRECTION ( 'NONE',  ( -1.000000000000000000, -0.0000000000000000000, -0.0000000000000000000 ) ) ;
#1142 = ORIENTED_EDGE ( 'NONE', *, *, #1592, .T. ) ;
#1143 = DIRECTION ( 'NONE',  ( -1.000000000000000000, -0.0000000000000000000, -0.0000000000000000000 ) ) ;
#1144 = ADVANCED_FACE ( 'NONE', ( #3640 ), #471, .F. ) ;
#1145 =( GEOMETRIC_REPRESENTATION_CONTEXT ( 3 ) GLOBAL_UNCERTAINTY_ASSIGNED_CONTEXT ( ( #921 ) ) GLOBAL_UNIT_ASSIGNED_CONTEXT ( ( #2049, #5394, #2516 ) ) REPRESENTATION_CONTEXT ( 'NONE', 'WORKASPACE' ) );
#1146 = COLOUR_RGB ( '',0.1098039215686274500, 0.1098039215686274500, 0.1098039215686274500 ) ;
#1147 = CARTESIAN_POINT ( 'NONE',  ( -8.419999999999996400, 0.0000000000000000000, 5.199999999999999300 ) ) ;
#1148 = EDGE_CURVE ( 'NONE', #4425, #2775, #935, .T. ) ;
#1149 =( NAMED_UNIT ( * ) SI_UNIT ( $, .STERADIAN. ) SOLID_ANGLE_UNIT ( ) );
#1150 = AXIS2_PLACEMENT_3D ( 'NONE', #5427, #2545, #5901 ) ;
#1151 = DIRECTION ( 'NONE',  ( -1.000000000000000000, -0.0000000000000000000, -0.0000000000000000000 ) ) ;
#1152 = FILL_AREA_STYLE_COLOUR ( '', #1510 ) ;
#1153 = VERTEX_POINT ( 'NONE', #2976 ) ;
#1154 = VERTEX_POINT ( 'NONE', #2026 ) ;
#1155 = ADVANCED_FACE ( 'NONE', ( #5418 ), #5368, .F. ) ;
#1156 = EDGE_LOOP ( 'NONE', ( #466, #606 ) ) ;
#1157 = COLOUR_RGB ( '',0.1098039215686274500, 0.1098039215686274500, 0.1098039215686274500 ) ;
#1158 = ORIENTED_EDGE ( 'NONE', *, *, #3490, .F. ) ;
#1159 = CIRCLE ( 'NONE', #1628, 0.09999999999999939500 ) ;
#1160 = AXIS2_PLACEMENT_3D ( 'NONE', #121, #3461, #597 ) ;
#1161 = ORIENTED_EDGE ( 'NONE', *, *, #4601, .T. ) ;
#1162 = AXIS2_PLACEMENT_3D ( 'NONE', #2415, #5773, #2899 ) ;
#1163 = DIRECTION ( 'NONE',  ( 0.0000000000000000000, 0.0000000000000000000, 1.000000000000000000 ) ) ;
#1164 =( NAMED_UNIT ( * ) SI_UNIT ( $, .STERADIAN. ) SOLID_ANGLE_UNIT ( ) );
#1165 = TOROIDAL_SURFACE ( 'NONE', #6114, 6.000000000000083500, 6.000000000000000900 ) ;
#1166 = ORIENTED_EDGE ( 'NONE', *, *, #2265, .T. ) ;
#1167 = DIRECTION ( 'NONE',  ( 0.0000000000000000000, 0.0000000000000000000, 1.000000000000000000 ) ) ;
#1168 = ORIENTED_EDGE ( 'NONE', *, *, #86, .T. ) ;
#1169 = AXIS2_PLACEMENT_3D ( 'NONE', #1469, #2711, #6065 ) ;
#1170 = VECTOR ( 'NONE', #4266, 1000.000000000000000 ) ;
#1171 = SURFACE_STYLE_FILL_AREA ( #3230 ) ;
#1172 = CARTESIAN_POINT ( 'NONE',  ( -93.50000000000000000, 7.347880794884768600E-017, -0.6000000000000529400 ) ) ;
#1173 = CARTESIAN_POINT ( 'NONE',  ( 64.93654797552203200, 64.68143102510526900, 64.76094049792376900 ) ) ;
#1174 = DIRECTION ( 'NONE',  ( 0.0000000000000000000, 0.0000000000000000000, 1.000000000000000000 ) ) ;
#1175 = AXIS2_PLACEMENT_3D ( 'NONE', #39, #3384, #517 ) ;
#1176 = FILL_AREA_STYLE ('',( #664 ) ) ;
#1177 =( LENGTH_UNIT ( ) NAMED_UNIT ( * ) SI_UNIT ( .MILLI., .METRE. ) );
#1178 = FACE_OUTER_BOUND ( 'NONE', #4329, .T. ) ;
#1179 = FACE_OUTER_BOUND ( 'NONE', #4664, .T. ) ;
#1180 = SURFACE_SIDE_STYLE ('',( #5442 ) ) ;
#1181 = DIRECTION ( 'NONE',  ( 0.0000000000000000000, -1.000000000000000000, 0.0000000000000000000 ) ) ;
#1182 = EDGE_CURVE ( 'NONE', #3295, #1295, #1611, .T. ) ;
#1183 = SURFACE_STYLE_FILL_AREA ( #2565 ) ;
#1184 = SURFACE_STYLE_FILL_AREA ( #5807 ) ;
#1185 = VERTEX_POINT ( 'NONE', #5843 ) ;
#1186 = EDGE_CURVE ( 'NONE', #4373, #2716, #4148, .T. ) ;
#1187 = ADVANCED_FACE ( 'NONE', ( #326 ), #1165, .T. ) ;
#1188 = CARTESIAN_POINT ( 'NONE',  ( -111.8192135558113600, 0.0000000000000000000, 0.0000000000000000000 ) ) ;
#1189 = DIRECTION ( 'NONE',  ( -1.000000000000000000, 0.0000000000000000000, 0.0000000000000000000 ) ) ;
#1190 = ORIENTED_EDGE ( 'NONE', *, *, #288, .F. ) ;
#1191 = COLOUR_RGB ( '',0.1098039215686274500, 0.1098039215686274500, 0.1098039215686274500 ) ;
#1192 =( LENGTH_UNIT ( ) NAMED_UNIT ( * ) SI_UNIT ( .MILLI., .METRE. ) );
#1193 =( LENGTH_UNIT ( ) NAMED_UNIT ( * ) SI_UNIT ( .MILLI., .METRE. ) );
#1194 = FACE_BOUND ( 'NONE', #4963, .T. ) ;
#1195 = DIRECTION ( 'NONE',  ( 0.0000000000000000000, 0.0000000000000000000, 1.000000000000000000 ) ) ;
#1196 = AXIS2_PLACEMENT_3D ( 'NONE', #2335, #6194, #3318 ) ;
#1197 = UNCERTAINTY_MEASURE_WITH_UNIT (LENGTH_MEASURE( 1.000000000000000100E-005 ), #1427, 'distance_accuracy_value', 'NONE');
#1198 = AXIS2_PLACEMENT_3D ( 'NONE', #4229, #864, #5197 ) ;
#1199 = DIRECTION ( 'NONE',  ( 0.0000000000000000000, 0.0000000000000000000, 1.000000000000000000 ) ) ;
#1200 = CARTESIAN_POINT ( 'NONE',  ( -98.50000000000000000, 0.0000000000000000000, 0.0000000000000000000 ) ) ;
#1201 = DIRECTION ( 'NONE',  ( 0.0000000000000000000, 0.0000000000000000000, 1.000000000000000000 ) ) ;
#1202 = AXIS2_PLACEMENT_3D ( 'NONE', #4327, #1459, #4811 ) ;
#1203 = EDGE_LOOP ( 'NONE', ( #3991, #1485 ) ) ;
#1204 = VERTEX_POINT ( 'NONE', #2343 ) ;
#1205 = CIRCLE ( 'NONE', #1852, 1.400000000000024600 ) ;
#1206 = FACE_OUTER_BOUND ( 'NONE', #5143, .T. ) ;
#1207 = CARTESIAN_POINT ( 'NONE',  ( -6.000000000000038200, 0.0000000000000000000, 0.0000000000000000000 ) ) ;
#1208 = EDGE_CURVE ( 'NONE', #49, #4615, #2266, .T. ) ;
#1209 =( NAMED_UNIT ( * ) PLANE_ANGLE_UNIT ( ) SI_UNIT ( $, .RADIAN. ) );
#1210 = COLOUR_RGB ( '',0.1098039215686274500, 0.1098039215686274500, 0.1098039215686274500 ) ;
#1211 = DIRECTION ( 'NONE',  ( 0.0000000000000000000, 0.0000000000000000000, 1.000000000000000000 ) ) ;
#1212 = ORIENTED_EDGE ( 'NONE', *, *, #4469, .F. ) ;
#1213 = UNCERTAINTY_MEASURE_WITH_UNIT (LENGTH_MEASURE( 1.000000000000000100E-005 ), #1885, 'distance_accuracy_value', 'NONE');
#1214 = VERTEX_POINT ( 'NONE', #6174 ) ;
#1215 =( NAMED_UNIT ( * ) PLANE_ANGLE_UNIT ( ) SI_UNIT ( $, .RADIAN. ) );
#1216 = UNCERTAINTY_MEASURE_WITH_UNIT (LENGTH_MEASURE( 1.000000000000000100E-005 ), #2158, 'distance_accuracy_value', 'NONE');
#1217 = DIRECTION ( 'NONE',  ( -1.000000000000000000, 0.0000000000000000000, 0.0000000000000000000 ) ) ;
#1218 = APPLICATION_CONTEXT ( 'automotive_design' ) ;
#1219 = AXIS2_PLACEMENT_3D ( 'NONE', #713, #4071, #1211 ) ;
#1220 = CARTESIAN_POINT ( 'NONE',  ( -111.8192135558113600, 0.0000000000000000000, 2.200000000000016200 ) ) ;
#1221 = DIRECTION ( 'NONE',  ( -1.000000000000000000, -0.0000000000000000000, -0.0000000000000000000 ) ) ;
#1222 = DIRECTION ( 'NONE',  ( -0.0000000000000000000, -0.0000000000000000000, -1.000000000000000000 ) ) ;
#1223 = DIRECTION ( 'NONE',  ( 0.0000000000000000000, -1.000000000000000000, -0.0000000000000000000 ) ) ;
#1224 = ADVANCED_FACE ( 'NONE', ( #6089 ), #1823, .F. ) ;
#1225 = PRESENTATION_STYLE_ASSIGNMENT (( #5781 ) ) ;
#1226 = AXIS2_PLACEMENT_3D ( 'NONE', #5944, #5028, #2157 ) ;
#1228 = PLANE ( 'NONE',  #1260 ) ;
#1227 = AXIS2_PLACEMENT_3D ( 'NONE', #5043, #2162, #5512 ) ;
#1229 = ORIENTED_EDGE ( 'NONE', *, *, #1808, .F. ) ;
#1230 = EDGE_LOOP ( 'NONE', ( #3972, #1641, #5167, #3196 ) ) ;
#1231 = DIRECTION ( 'NONE',  ( -1.000000000000000000, -0.0000000000000000000, -0.0000000000000000000 ) ) ;
#1232 = DIRECTION ( 'NONE',  ( 0.0000000000000000000, 0.0000000000000000000, 1.000000000000000000 ) ) ;
#1233 = VERTEX_POINT ( 'NONE', #3322 ) ;
#1234 = ORIENTED_EDGE ( 'NONE', *, *, #2970, .F. ) ;
#1235 = DIRECTION ( 'NONE',  ( -1.000000000000000000, -0.0000000000000000000, -0.0000000000000000000 ) ) ;
#1236 = VECTOR ( 'NONE', #2432, 1000.000000000000000 ) ;
#1237 = CLOSED_SHELL ( 'NONE', ( #2781, #368, #5136, #1357, #844, #3207, #1144, #4603, #3627, #1805, #2539, #3053, #6151, #743 ) ) ;
#1238 =( LENGTH_UNIT ( ) NAMED_UNIT ( * ) SI_UNIT ( .MILLI., .METRE. ) );
#1239 = DIRECTION ( 'NONE',  ( 0.0000000000000000000, 0.0000000000000000000, -1.000000000000000000 ) ) ;
#1240 = CARTESIAN_POINT ( 'NONE',  ( -11.99999999999999600, 0.0000000000000000000, 0.0000000000000000000 ) ) ;
#1241 = CIRCLE ( 'NONE', #4407, 1.700000000000011300 ) ;
#1242 = VERTEX_POINT ( 'NONE', #3813 ) ;
#1243 = APPLICATION_PROTOCOL_DEFINITION ( 'draft international standard', 'automotive_design', 1998, #4096 ) ;
#1244 = DIRECTION ( 'NONE',  ( -1.000000000000000000, -0.0000000000000000000, -0.0000000000000000000 ) ) ;
#1245 = DIRECTION ( 'NONE',  ( 0.0000000000000000000, 0.0000000000000000000, 1.000000000000000000 ) ) ;
#1246 = PRESENTATION_LAYER_ASSIGNMENT (  '', '', ( #903 ) ) ;
#1247 = SURFACE_SIDE_STYLE ('',( #4480 ) ) ;
#1248 = ADVANCED_FACE ( 'NONE', ( #5490 ), #1682, .T. ) ;
#1249 = DIRECTION ( 'NONE',  ( -1.000000000000000000, 0.0000000000000000000, -0.0000000000000000000 ) ) ;
#1250 = DIRECTION ( 'NONE',  ( 0.0000000000000000000, 0.0000000000000000000, -1.000000000000000000 ) ) ;
#1251 = FACE_BOUND ( 'NONE', #2908, .T. ) ;
#1252 = SHAPE_REPRESENTATION_RELATIONSHIP ( 'NONE' , 'NONE' ,  #5064, #2379 ) ;
#1253 = CIRCLE ( 'NONE', #1314, 5.500000000000001800 ) ;
#1254 = CYLINDRICAL_SURFACE ( 'NONE', #4462, 1.750000000000003300 ) ;
#1255 = PRESENTATION_LAYER_ASSIGNMENT (  '', '', ( #915 ) ) ;
#1256 = CARTESIAN_POINT ( 'NONE',  ( -16.57999999999999500, 0.0000000000000000000, 0.0000000000000000000 ) ) ;
#1257 = DIRECTION ( 'NONE',  ( -1.000000000000000000, -0.0000000000000000000, -0.0000000000000000000 ) ) ;
#1258 = PRESENTATION_STYLE_ASSIGNMENT (( #3041 ) ) ;
#1259 = APPLICATION_PROTOCOL_DEFINITION ( 'draft international standard', 'automotive_design', 1998, #1691 ) ;
#1260 = AXIS2_PLACEMENT_3D ( 'NONE', #759, #4105, #3809 ) ;
#1261 = DIRECTION ( 'NONE',  ( -1.000000000000000000, -0.0000000000000000000, -0.0000000000000000000 ) ) ;
#1262 = ORIENTED_EDGE ( 'NONE', *, *, #2642, .T. ) ;
#1263 = EDGE_CURVE ( 'NONE', #128, #4373, #2934, .T. ) ;
#1264 = EDGE_LOOP ( 'NONE', ( #6079, #3572 ) ) ;
#1265 = VERTEX_POINT ( 'NONE', #5713 ) ;
#1266 = ORIENTED_EDGE ( 'NONE', *, *, #60, .T. ) ;
#1267 = CARTESIAN_POINT ( 'NONE',  ( -13.06000000000000200, 0.0000000000000000000, 5.400000000000000400 ) ) ;
#1268 = ORIENTED_EDGE ( 'NONE', *, *, #3589, .T. ) ;
#1269 = STYLED_ITEM ( 'NONE', ( #5510 ), #5740 ) ;
#1270 = CIRCLE ( 'NONE', #1300, 0.6000000000000300600 ) ;
#1271 = PRODUCT_DEFINITION ( 'UNKNOWN', '', #5747, #5274 ) ;
#1272 = DIRECTION ( 'NONE',  ( 0.0000000000000000000, 0.0000000000000000000, 1.000000000000000000 ) ) ;
#1273 = ORIENTED_EDGE ( 'NONE', *, *, #4919, .T. ) ;
#1274 = DIRECTION ( 'NONE',  ( 0.0000000000000000000, 0.0000000000000000000, 1.000000000000000000 ) ) ;
#1275 = EDGE_CURVE ( 'NONE', #3139, #1661, #4834, .T. ) ;
#1276 = PRESENTATION_LAYER_ASSIGNMENT (  '', '', ( #938 ) ) ;
#1277 = CARTESIAN_POINT ( 'NONE',  ( -12.99999999999999800, 7.347880794884492500E-017, -0.6000000000000304000 ) ) ;
#1278 =( NAMED_UNIT ( * ) SI_UNIT ( $, .STERADIAN. ) SOLID_ANGLE_UNIT ( ) );
#1279 = CARTESIAN_POINT ( 'NONE',  ( -15.07999999999999700, 0.0000000000000000000, 5.199999999999999300 ) ) ;
#1280 = CYLINDRICAL_SURFACE ( 'NONE', #1015, 4.250000000000000000 ) ;
#1281 = MECHANICAL_DESIGN_GEOMETRIC_PRESENTATION_REPRESENTATION (  '', ( #621 ), #1599 ) ;
#1282 = SURFACE_STYLE_FILL_AREA ( #4527 ) ;
#1283 = DIRECTION ( 'NONE',  ( 0.0000000000000000000, -1.000000000000000000, 0.0000000000000000000 ) ) ;
#1284 = AXIS2_PLACEMENT_3D ( 'NONE', #526, #3880, #1018 ) ;
#1285 = ORIENTED_EDGE ( 'NONE', *, *, #4, .T. ) ;
#1286 = VECTOR ( 'NONE', #3183, 1000.000000000000000 ) ;
#1287 = TOROIDAL_SURFACE ( 'NONE', #3553, 4.450000000000000200, 0.2000000000000000900 ) ;
#1288 = UNCERTAINTY_MEASURE_WITH_UNIT (LENGTH_MEASURE( 1.000000000000000100E-005 ), #2404, 'distance_accuracy_value', 'NONE');
#1289 = CARTESIAN_POINT ( 'NONE',  ( -8.419999999999996400, 5.449678256205722800E-016, -4.450000000000001100 ) ) ;
#1290 = ADVANCED_FACE ( 'NONE', ( #4215 ), #2491, .T. ) ;
#1291 = CARTESIAN_POINT ( 'NONE',  ( 1.750000000000002400, 0.0000000000000000000, 12.50000000000000000 ) ) ;
#1292 = CARTESIAN_POINT ( 'NONE',  ( -12.65999999999999700, 5.449678256205721800E-016, -4.450000000000000200 ) ) ;
#1293 = CIRCLE ( 'NONE', #5757, 1.400000000000024600 ) ;
#1294 = STYLED_ITEM ( 'NONE', ( #3489 ), #2749 ) ;
#1295 = VERTEX_POINT ( 'NONE', #2382 ) ;
#1296 = DIRECTION ( 'NONE',  ( -1.000000000000000000, -0.0000000000000000000, -0.0000000000000000000 ) ) ;
#1297 = DIRECTION ( 'NONE',  ( -0.0000000000000000000, -0.0000000000000000000, -1.000000000000000000 ) ) ;
#1298 =( LENGTH_UNIT ( ) NAMED_UNIT ( * ) SI_UNIT ( .MILLI., .METRE. ) );
#1299 = EDGE_CURVE ( 'NONE', #6135, #5495, #3619, .T. ) ;
#1300 = AXIS2_PLACEMENT_3D ( 'NONE', #2579, #5942, #3074 ) ;
#1301 = EDGE_CURVE ( 'NONE', #2716, #4279, #1241, .T. ) ;
#1302 = ORIENTED_EDGE ( 'NONE', *, *, #3946, .T. ) ;
#1303 = ORIENTED_EDGE ( 'NONE', *, *, #524, .T. ) ;
#1304 = MANIFOLD_SOLID_BREP ( 'Заготовка-Дет10-1', #6013 ) ;
#1305 = DIRECTION ( 'NONE',  ( -1.224646799147353200E-016, 1.000000000000000000, 0.0000000000000000000 ) ) ;
#1306 = CIRCLE ( 'NONE', #1079, 0.1999999999999996500 ) ;
#1307 = SURFACE_SIDE_STYLE ('',( #2663 ) ) ;
#1308 =( NAMED_UNIT ( * ) PLANE_ANGLE_UNIT ( ) SI_UNIT ( $, .RADIAN. ) );
#1309 = AXIS2_PLACEMENT_3D ( 'NONE', #2593, #5435, #2068 ) ;
#1310 = VERTEX_POINT ( 'NONE', #45 ) ;
#1311 = CARTESIAN_POINT ( 'NONE',  ( -8.000000000000005300, 0.0000000000000000000, -2.600000000000000500 ) ) ;
#1312 = ORIENTED_EDGE ( 'NONE', *, *, #2645, .T. ) ;
#1313 = MECHANICAL_DESIGN_GEOMETRIC_PRESENTATION_REPRESENTATION (  '', ( #662 ), #1636 ) ;
#1314 = AXIS2_PLACEMENT_3D ( 'NONE', #3417, #549, #3898 ) ;
#1315 = CARTESIAN_POINT ( 'NONE',  ( 1.750000000000003300, 2.143131898507872000E-016, -8.178233058921771100 ) ) ;
#1316 = ADVANCED_FACE ( 'NONE', ( #4446 ), #172, .F. ) ;
#1317 = EDGE_LOOP ( 'NONE', ( #1454, #3529, #4660, #4002 ) ) ;
#1318 = DIRECTION ( 'NONE',  ( -1.000000000000000000, -0.0000000000000000000, -0.0000000000000000000 ) ) ;
#1319 = EDGE_CURVE ( 'NONE', #2775, #4425, #1455, .T. ) ;
#1320 = SURFACE_STYLE_FILL_AREA ( #1917 ) ;
#1321 = CARTESIAN_POINT ( 'NONE',  ( -12.99999999999999800, 0.0000000000000000000, 0.0000000000000000000 ) ) ;
#1322 = SURFACE_STYLE_FILL_AREA ( #6094 ) ;
#1323 = SURFACE_STYLE_FILL_AREA ( #223 ) ;
#1325 =( NAMED_UNIT ( * ) PLANE_ANGLE_UNIT ( ) SI_UNIT ( $, .RADIAN. ) );
#1324 = DIRECTION ( 'NONE',  ( -1.000000000000000000, -0.0000000000000000000, -0.0000000000000000000 ) ) ;
#1326 = DIRECTION ( 'NONE',  ( -1.000000000000000000, -0.0000000000000000000, -0.0000000000000000000 ) ) ;
#1327 = ADVANCED_FACE ( 'NONE', ( #3995 ), #2553, .F. ) ;
#1328 = FACE_OUTER_BOUND ( 'NONE', #5048, .T. ) ;
#1329 = EDGE_LOOP ( 'NONE', ( #1161, #1457, #2294, #108 ) ) ;
#1330 = AXIS2_PLACEMENT_3D ( 'NONE', #966, #4315, #1450 ) ;
#1331 =( LENGTH_UNIT ( ) NAMED_UNIT ( * ) SI_UNIT ( .MILLI., .METRE. ) );
#1332 = ORIENTED_EDGE ( 'NONE', *, *, #5142, .F. ) ;
#1333 = VECTOR ( 'NONE', #236, 1000.000000000000000 ) ;
#1334 = CIRCLE ( 'NONE', #6169, 5.400000000000000400 ) ;
#1335 = PRODUCT_DEFINITION_SHAPE ( 'NONE', 'NONE',  #6217 ) ;
#1336 = PRESENTATION_STYLE_ASSIGNMENT (( #5565 ) ) ;
#1337 = AXIS2_PLACEMENT_3D ( 'NONE', #4956, #2086, #5429 ) ;
#1338 = AXIS2_PLACEMENT_3D ( 'NONE', #4863, #1983, #5330 ) ;
#1339 = DIRECTION ( 'NONE',  ( -1.000000000000000000, -0.0000000000000000000, -0.0000000000000000000 ) ) ;
#1340 = SURFACE_SIDE_STYLE ('',( #5297 ) ) ;
#1341 = CARTESIAN_POINT ( 'NONE',  ( 0.0000000000000000000, 0.0000000000000000000, 12.40000000000000200 ) ) ;
#1342 = EDGE_LOOP ( 'NONE', ( #2222, #1726 ) ) ;
#1343 = TOROIDAL_SURFACE ( 'NONE', #2225, 5.200000000000001100, 0.2000000000000000900 ) ;
#1344 = ADVANCED_FACE ( 'NONE', ( #5275, #5119 ), #5672, .F. ) ;
#1345 = CARTESIAN_POINT ( 'NONE',  ( -14.15999999999999100, 0.0000000000000000000, 5.199999999999999300 ) ) ;
#1347 =( NAMED_UNIT ( * ) SI_UNIT ( $, .STERADIAN. ) SOLID_ANGLE_UNIT ( ) );
#1346 = CARTESIAN_POINT ( 'NONE',  ( -115.6523383537547100, 2.204364238465255800E-016, -1.800000000000016300 ) ) ;
#1348 = DIRECTION ( 'NONE',  ( 0.0000000000000000000, 0.0000000000000000000, 1.000000000000000000 ) ) ;
#1349 = EDGE_CURVE ( 'NONE', #5341, #4001, #1306, .T. ) ;
#1350 = FACE_BOUND ( 'NONE', #3524, .T. ) ;
#1351 = DIRECTION ( 'NONE',  ( -1.000000000000000000, -0.0000000000000000000, -0.0000000000000000000 ) ) ;
#1352 = ORIENTED_EDGE ( 'NONE', *, *, #780, .T. ) ;
#1353 = AXIS2_PLACEMENT_3D ( 'NONE', #3042, #685, #4034 ) ;
#1354 = FILL_AREA_STYLE_COLOUR ( '', #4535 ) ;
#1355 = ORIENTED_EDGE ( 'NONE', *, *, #5158, .F. ) ;
#1356 =( NAMED_UNIT ( * ) PLANE_ANGLE_UNIT ( ) SI_UNIT ( $, .RADIAN. ) );
#1357 = ADVANCED_FACE ( 'NONE', ( #3842 ), #2410, .F. ) ;
#1358 = SHAPE_DEFINITION_REPRESENTATION ( #5938, #5064 ) ;
#1359 = DIRECTION ( 'NONE',  ( -1.000000000000000000, -0.0000000000000000000, -0.0000000000000000000 ) ) ;
#1360 = DIRECTION ( 'NONE',  ( -0.0000000000000000000, 1.000000000000000000, 1.224646799147353200E-016 ) ) ;
#1361 = COLOUR_RGB ( '',0.1098039215686274500, 0.1098039215686274500, 0.1098039215686274500 ) ;
#1362 = STYLED_ITEM ( 'NONE', ( #3802 ), #2001 ) ;
#1363 = DIRECTION ( 'NONE',  ( 0.0000000000000000000, -1.000000000000000000, 0.0000000000000000000 ) ) ;
#1364 = CARTESIAN_POINT ( 'NONE',  ( -10.83999999999999600, 0.0000000000000000000, 0.0000000000000000000 ) ) ;
#1365 = ORIENTED_EDGE ( 'NONE', *, *, #4392, .F. ) ;
#1366 = EDGE_LOOP ( 'NONE', ( #2670, #5893, #5374, #3181 ) ) ;
#1367 = ORIENTED_EDGE ( 'NONE', *, *, #1148, .T. ) ;
#1368 = MECHANICAL_DESIGN_GEOMETRIC_PRESENTATION_REPRESENTATION (  '', ( #83 ), #1693 ) ;
#1369 = ORIENTED_EDGE ( 'NONE', *, *, #1672, .F. ) ;
#1370 = SURFACE_SIDE_STYLE ('',( #809 ) ) ;
#1371 = CIRCLE ( 'NONE', #2860, 6.000000000000000900 ) ;
#1372 = EDGE_CURVE ( 'NONE', #3947, #1827, #4970, .T. ) ;
#1373 = ADVANCED_FACE ( 'NONE', ( #25, #3685 ), #3313, .F. ) ;
#1374 = ORIENTED_EDGE ( 'NONE', *, *, #2724, .T. ) ;
#1375 = DIRECTION ( 'NONE',  ( -0.0000000000000000000, -0.0000000000000000000, -1.000000000000000000 ) ) ;
#1376 = CARTESIAN_POINT ( 'NONE',  ( -94.00000000000000000, 0.0000000000000000000, 2.000000000000000000 ) ) ;
#1377 = DIRECTION ( 'NONE',  ( 0.0000000000000000000, 0.0000000000000000000, 1.000000000000000000 ) ) ;
#1378 = EDGE_CURVE ( 'NONE', #3262, #3295, #5626, .T. ) ;
#1379 =( GEOMETRIC_REPRESENTATION_CONTEXT ( 3 ) GLOBAL_UNCERTAINTY_ASSIGNED_CONTEXT ( ( #3913 ) ) GLOBAL_UNIT_ASSIGNED_CONTEXT ( ( #183, #3527, #663 ) ) REPRESENTATION_CONTEXT ( 'NONE', 'WORKASPACE' ) );
#1380 = ORIENTED_EDGE ( 'NONE', *, *, #1263, .F. ) ;
#1381 = DIRECTION ( 'NONE',  ( -1.000000000000000000, -0.0000000000000000000, -0.0000000000000000000 ) ) ;
#1382 = MECHANICAL_DESIGN_GEOMETRIC_PRESENTATION_REPRESENTATION (  '', ( #740 ), #1704 ) ;
#1383 = EDGE_CURVE ( 'NONE', #1265, #3131, #695, .T. ) ;
#1384 = STYLED_ITEM ( 'NONE', ( #4383 ), #5686 ) ;
#1385 =( NAMED_UNIT ( * ) PLANE_ANGLE_UNIT ( ) SI_UNIT ( $, .RADIAN. ) );
#1386 = ORIENTED_EDGE ( 'NONE', *, *, #2935, .F. ) ;
#1388 = DIRECTION ( 'NONE',  ( 0.0000000000000000000, 0.0000000000000000000, 1.000000000000000000 ) ) ;
#1387 = CARTESIAN_POINT ( 'NONE',  ( 6.000000000000001800, 7.347880794884120700E-016, 11.00000000000000200 ) ) ;
#1389 = PRESENTATION_LAYER_ASSIGNMENT (  '', '', ( #1069 ) ) ;
#1390 = SHAPE_REPRESENTATION_RELATIONSHIP ( 'NONE' , 'NONE' ,  #5075, #5686 ) ;
#1391 = ADVANCED_FACE ( 'NONE', ( #4374 ), #3912, .F. ) ;
#1392 = AXIS2_PLACEMENT_3D ( 'NONE', #2098, #5449, #2561 ) ;
#1393 = AXIS2_PLACEMENT_3D ( 'NONE', #3758, #885, #4231 ) ;
#1394 = SURFACE_SIDE_STYLE ('',( #1645 ) ) ;
#1395 = CYLINDRICAL_SURFACE ( 'NONE', #858, 4.250000000000000000 ) ;
#1396 = DIRECTION ( 'NONE',  ( 0.0000000000000000000, 0.0000000000000000000, 1.000000000000000000 ) ) ;
#1397 = CIRCLE ( 'NONE', #3500, 5.500000000000001800 ) ;
#1398 = CARTESIAN_POINT ( 'NONE',  ( -10.00000000000000900, 0.0000000000000000000, 0.0000000000000000000 ) ) ;
#1399 =( NAMED_UNIT ( * ) PLANE_ANGLE_UNIT ( ) SI_UNIT ( $, .RADIAN. ) );
#1400 = EDGE_CURVE ( 'NONE', #904, #1938, #100, .T. ) ;
#1401 = CARTESIAN_POINT ( 'NONE',  ( -16.57999999999999500, 5.449678256205721800E-016, -4.450000000000000200 ) ) ;
#1402 = UNCERTAINTY_MEASURE_WITH_UNIT (LENGTH_MEASURE( 1.000000000000000100E-005 ), #5732, 'distance_accuracy_value', 'NONE');
#1403 =( NAMED_UNIT ( * ) SI_UNIT ( $, .STERADIAN. ) SOLID_ANGLE_UNIT ( ) );
#1404 = COLOUR_RGB ( '',0.1098039215686274500, 0.1098039215686274500, 0.1098039215686274500 ) ;
#1405 = CYLINDRICAL_SURFACE ( 'NONE', #2051, 4.250000000000000000 ) ;
#1406 = PRESENTATION_STYLE_ASSIGNMENT (( #4646 ) ) ;
#1407 = ORIENTED_EDGE ( 'NONE', *, *, #4253, .F. ) ;
#1408 = SURFACE_STYLE_USAGE ( .BOTH. , #4271 ) ;
#1410 =( LENGTH_UNIT ( ) NAMED_UNIT ( * ) SI_UNIT ( .MILLI., .METRE. ) );
#1409 = SURFACE_SIDE_STYLE ('',( #5610 ) ) ;
#1411 = SURFACE_SIDE_STYLE ('',( #5302 ) ) ;
#1412 = VERTEX_POINT ( 'NONE', #2895 ) ;
#1413 = ORIENTED_EDGE ( 'NONE', *, *, #3857, .F. ) ;
#1414 = EDGE_LOOP ( 'NONE', ( #140, #5564 ) ) ;
#1415 = COLOUR_RGB ( '',0.1098039215686274500, 0.1098039215686274500, 0.1098039215686274500 ) ;
#1416 = PRESENTATION_LAYER_ASSIGNMENT (  '', '', ( #1738 ) ) ;
#1417 = VECTOR ( 'NONE', #1862, 1000.000000000000000 ) ;
#1418 = SURFACE_STYLE_FILL_AREA ( #5203 ) ;
#1419 = CARTESIAN_POINT ( 'NONE',  ( -10.63999999999999700, 0.0000000000000000000, 0.0000000000000000000 ) ) ;
#1420 = VERTEX_POINT ( 'NONE', #4816 ) ;
#1421 = SURFACE_STYLE_USAGE ( .BOTH. , #4283 ) ;
#1422 = COLOUR_RGB ( '',0.1098039215686274500, 0.1098039215686274500, 0.1098039215686274500 ) ;
#1423 = FACE_OUTER_BOUND ( 'NONE', #1317, .T. ) ;
#1424 = DIRECTION ( 'NONE',  ( 0.0000000000000000000, 0.0000000000000000000, 1.000000000000000000 ) ) ;
#1425 = AXIS2_PLACEMENT_3D ( 'NONE', #4209, #1351, #4695 ) ;
#1426 = DIRECTION ( 'NONE',  ( -0.0000000000000000000, -0.0000000000000000000, -1.000000000000000000 ) ) ;
#1427 =( LENGTH_UNIT ( ) NAMED_UNIT ( * ) SI_UNIT ( .MILLI., .METRE. ) );
#1428 = CIRCLE ( 'NONE', #1720, 0.6000000000000529400 ) ;
#1429 = CARTESIAN_POINT ( 'NONE',  ( -111.8192135558113600, 0.0000000000000000000, 2.600000000000010300 ) ) ;
#1430 = DIRECTION ( 'NONE',  ( -1.000000000000000000, -0.0000000000000000000, -0.0000000000000000000 ) ) ;
#1431 = EDGE_CURVE ( 'NONE', #5001, #605, #3766, .T. ) ;
#1432 = SURFACE_SIDE_STYLE ('',( #1559 ) ) ;
#1433 = VERTEX_POINT ( 'NONE', #5296 ) ;
#1434 = VECTOR ( 'NONE', #3636, 1000.000000000000000 ) ;
#1436 = DIRECTION ( 'NONE',  ( -1.000000000000000000, -0.0000000000000000000, -0.0000000000000000000 ) ) ;
#1435 = FILL_AREA_STYLE_COLOUR ( '', #2600 ) ;
#1437 = AXIS2_PLACEMENT_3D ( 'NONE', #3106, #246, #3592 ) ;
#1438 = ORIENTED_EDGE ( 'NONE', *, *, #3732, .T. ) ;
#1439 = CARTESIAN_POINT ( 'NONE',  ( -115.6523383537547100, 0.0000000000000000000, 0.0000000000000000000 ) ) ;
#1440 = AXIS2_PLACEMENT_3D ( 'NONE', #5820, #113, #3452 ) ;
#1441 = PLANE ( 'NONE',  #1819 ) ;
#1442 = CIRCLE ( 'NONE', #5117, 1.800000000000040000 ) ;
#1443 = VERTEX_POINT ( 'NONE', #4795 ) ;
#1444 = CARTESIAN_POINT ( 'NONE',  ( -3.400000000000002100, 0.0000000000000000000, 12.50000000000000000 ) ) ;
#1445 = FILL_AREA_STYLE_COLOUR ( '', #1816 ) ;
#1446 = ORIENTED_EDGE ( 'NONE', *, *, #168, .F. ) ;
#1447 =( NAMED_UNIT ( * ) SI_UNIT ( $, .STERADIAN. ) SOLID_ANGLE_UNIT ( ) );
#1448 = DIRECTION ( 'NONE',  ( -1.000000000000000000, -0.0000000000000000000, -0.0000000000000000000 ) ) ;
#1449 = SURFACE_STYLE_USAGE ( .BOTH. , #4314 ) ;
#1450 = DIRECTION ( 'NONE',  ( 0.0000000000000000000, 0.0000000000000000000, -1.000000000000000000 ) ) ;
#1451 = AXIS2_PLACEMENT_3D ( 'NONE', #1818, #5164, #2289 ) ;
#1452 =( NAMED_UNIT ( * ) PLANE_ANGLE_UNIT ( ) SI_UNIT ( $, .RADIAN. ) );
#1453 = VERTEX_POINT ( 'NONE', #3858 ) ;
#1454 = ORIENTED_EDGE ( 'NONE', *, *, #2205, .T. ) ;
#1455 = CIRCLE ( 'NONE', #1393, 1.800000000000016300 ) ;
#1456 =( GEOMETRIC_REPRESENTATION_CONTEXT ( 3 ) GLOBAL_UNCERTAINTY_ASSIGNED_CONTEXT ( ( #225 ) ) GLOBAL_UNIT_ASSIGNED_CONTEXT ( ( #4818, #1947, #5298 ) ) REPRESENTATION_CONTEXT ( 'NONE', 'WORKASPACE' ) );
#1457 = ORIENTED_EDGE ( 'NONE', *, *, #5116, .T. ) ;
#1458 = DIRECTION ( 'NONE',  ( 0.0000000000000000000, 0.0000000000000000000, 1.000000000000000000 ) ) ;
#1459 = DIRECTION ( 'NONE',  ( -1.000000000000000000, -0.0000000000000000000, -0.0000000000000000000 ) ) ;
#1460 = CARTESIAN_POINT ( 'NONE',  ( -3.500000000000003100, 0.0000000000000000000, -8.178233058921771100 ) ) ;
#1461 = EDGE_CURVE ( 'NONE', #5337, #3840, #2626, .T. ) ;
#1462 = ORIENTED_EDGE ( 'NONE', *, *, #6208, .T. ) ;
#1463 = FILL_AREA_STYLE_COLOUR ( '', #553 ) ;
#1464 = SURFACE_STYLE_FILL_AREA ( #4372 ) ;
#1465 = DIRECTION ( 'NONE',  ( 0.0000000000000000000, 0.0000000000000000000, 1.000000000000000000 ) ) ;
#1466 = STYLED_ITEM ( 'NONE', ( #3853 ), #5913 ) ;
#1467 = SURFACE_STYLE_USAGE ( .BOTH. , #4334 ) ;
#1468 = EDGE_LOOP ( 'NONE', ( #4022, #5935, #1951, #6093 ) ) ;
#1469 = CARTESIAN_POINT ( 'NONE',  ( -1.410652069897088600, 0.0000000000000000000, 22.59999999999999800 ) ) ;
#1470 = FILL_AREA_STYLE_COLOUR ( '', #5445 ) ;
#1471 = SURFACE_SIDE_STYLE ('',( #560 ) ) ;
#1472 = FACE_OUTER_BOUND ( 'NONE', #5387, .T. ) ;
#1473 = EDGE_CURVE ( 'NONE', #49, #4476, #2485, .T. ) ;
#1474 = CARTESIAN_POINT ( 'NONE',  ( -8.620000000000002800, 6.613092715395707500E-016, -5.400000000000000400 ) ) ;
#1475 = CARTESIAN_POINT ( 'NONE',  ( -12.99999999999999800, 1.224646799147392400E-016, -1.000000000000032000 ) ) ;
#1476 = AXIS2_PLACEMENT_3D ( 'NONE', #4426, #2538, #1589 ) ;
#1477 = CARTESIAN_POINT ( 'NONE',  ( -111.8192135558113600, 0.0000000000000000000, 1.400000000000038300 ) ) ;
#1478 = TOROIDAL_SURFACE ( 'NONE', #3621, 5.200000000000001100, 0.2000000000000000900 ) ;
#1479 = AXIS2_PLACEMENT_3D ( 'NONE', #573, #5827, #4400 ) ;
#1480 = AXIS2_PLACEMENT_3D ( 'NONE', #2391, #5279, #3357 ) ;
#1481 = PRESENTATION_STYLE_ASSIGNMENT (( #4519 ) ) ;
#1482 = COLOUR_RGB ( '',0.1098039215686274500, 0.1098039215686274500, 0.1098039215686274500 ) ;
#1483 = PRESENTATION_STYLE_ASSIGNMENT (( #186 ) ) ;
#1484 = CIRCLE ( 'NONE', #2105, 5.199999999999999300 ) ;
#1485 = ORIENTED_EDGE ( 'NONE', *, *, #1383, .T. ) ;
#1486 = FILL_AREA_STYLE ('',( #4353 ) ) ;
#1487 = CARTESIAN_POINT ( 'NONE',  ( -92.50000000000002800, 0.0000000000000000000, -1.000000000000054400 ) ) ;
#1488 = DIRECTION ( 'NONE',  ( 0.0000000000000000000, 0.0000000000000000000, 1.000000000000000000 ) ) ;
#1489 = CLOSED_SHELL ( 'NONE', ( #6120, #4125, #1248, #4564, #4732, #4100, #1327, #5010, #4135, #5077, #1344, #2076, #2574, #5673 ) ) ;
#1490 = TOROIDAL_SURFACE ( 'NONE', #3127, 4.450000000000000200, 0.2000000000000000900 ) ;
#1491 = DIRECTION ( 'NONE',  ( -1.000000000000000000, 0.0000000000000000000, 0.0000000000000000000 ) ) ;
#1492 = CARTESIAN_POINT ( 'NONE',  ( -93.50000000000000000, 0.0000000000000000000, 0.0000000000000000000 ) ) ;
#1493 = COLOUR_RGB ( '',0.1098039215686274500, 0.1098039215686274500, 0.1098039215686274500 ) ;
#1494 = AXIS2_PLACEMENT_3D ( 'NONE', #5278, #3824, #2390 ) ;
#1495 = CARTESIAN_POINT ( 'NONE',  ( 0.0000000000000000000, 0.0000000000000000000, 11.50000000000000200 ) ) ;
#1496 = CARTESIAN_POINT ( 'NONE',  ( -10.00000000000000900, 3.184081677783130500E-016, -2.600000000000010300 ) ) ;
#1497 =( LENGTH_UNIT ( ) NAMED_UNIT ( * ) SI_UNIT ( .MILLI., .METRE. ) );
#1498 = AXIS2_PLACEMENT_3D ( 'NONE', #4320, #991, #4341 ) ;
#1499 = DIRECTION ( 'NONE',  ( 0.0000000000000000000, -1.000000000000000000, 0.0000000000000000000 ) ) ;
#1500 = ORIENTED_EDGE ( 'NONE', *, *, #2733, .T. ) ;
#1501 = SURFACE_SIDE_STYLE ('',( #6161 ) ) ;
#1502 = EDGE_CURVE ( 'NONE', #5061, #2349, #6156, .T. ) ;
#1503 = AXIS2_PLACEMENT_3D ( 'NONE', #1023, #4377, #1513 ) ;
#1504 = AXIS2_PLACEMENT_3D ( 'NONE', #5583, #2707, #6062 ) ;
#1505 = EDGE_CURVE ( 'NONE', #2492, #4217, #4898, .T. ) ;
#1506 = CARTESIAN_POINT ( 'NONE',  ( 1.532129444674643200, 0.0000000000000000000, 26.97549471392888500 ) ) ;
#1507 = UNCERTAINTY_MEASURE_WITH_UNIT (LENGTH_MEASURE( 1.000000000000000100E-005 ), #1845, 'distance_accuracy_value', 'NONE');
#1508 = DIRECTION ( 'NONE',  ( 0.0000000000000000000, 0.0000000000000000000, 1.000000000000000000 ) ) ;
#1509 = DIRECTION ( 'NONE',  ( 1.000000000000000000, 0.0000000000000000000, 0.0000000000000000000 ) ) ;
#1510 = COLOUR_RGB ( '',0.1098039215686274500, 0.1098039215686274500, 0.1098039215686274500 ) ;
#1511 = COLOUR_RGB ( '',0.1098039215686274500, 0.1098039215686274500, 0.1098039215686274500 ) ;
#1512 = AXIS2_PLACEMENT_3D ( 'NONE', #1713, #5246, #1915 ) ;
#1513 = DIRECTION ( 'NONE',  ( -1.000000000000000000, 0.0000000000000000000, 0.0000000000000000000 ) ) ;
#1514 = ORIENTED_EDGE ( 'NONE', *, *, #403, .T. ) ;
#1515 = DIRECTION ( 'NONE',  ( -1.000000000000000000, 0.0000000000000000000, 0.0000000000000000000 ) ) ;
#1516 =( LENGTH_UNIT ( ) NAMED_UNIT ( * ) SI_UNIT ( .MILLI., .METRE. ) );
#1518 = DIRECTION ( 'NONE',  ( 0.0000000000000000000, 0.0000000000000000000, 1.000000000000000000 ) ) ;
#1517 = AXIS2_PLACEMENT_3D ( 'NONE', #2853, #1221, #3341 ) ;
#1519 = AXIS2_PLACEMENT_3D ( 'NONE', #2823, #6178, #3311 ) ;
#1520 = AXIS2_PLACEMENT_3D ( 'NONE', #3969, #3792, #2838 ) ;
#1521 = CARTESIAN_POINT ( 'NONE',  ( -13.05999999999999700, 0.0000000000000000000, 5.200000000000001100 ) ) ;
#1522 = LINE ( 'NONE', #5582, #238 ) ;
#1523 = CARTESIAN_POINT ( 'NONE',  ( -9.519999999999987100, 0.0000000000000000000, 5.400000000000000400 ) ) ;
#1524 = EDGE_CURVE ( 'NONE', #4123, #571, #2204, .T. ) ;
#1525 =( NAMED_UNIT ( * ) SI_UNIT ( $, .STERADIAN. ) SOLID_ANGLE_UNIT ( ) );
#1526 = ORIENTED_EDGE ( 'NONE', *, *, #2666, .T. ) ;
#1527 = ORIENTED_EDGE ( 'NONE', *, *, #1301, .T. ) ;
#1528 = ORIENTED_EDGE ( 'NONE', *, *, #3854, .F. ) ;
#1529 = EDGE_LOOP ( 'NONE', ( #5177, #2943, #2325, #1212 ) ) ;
#1530 = FACE_OUTER_BOUND ( 'NONE', #1529, .T. ) ;
#1531 = CARTESIAN_POINT ( 'NONE',  ( -16.37999999999999200, 0.0000000000000000000, 4.450000000000001100 ) ) ;
#1532 = DIRECTION ( 'NONE',  ( -1.000000000000000000, -0.0000000000000000000, -0.0000000000000000000 ) ) ;
#1533 = ORIENTED_EDGE ( 'NONE', *, *, #5985, .F. ) ;
#1534 = DIRECTION ( 'NONE',  ( 2.567906592516316300E-032, 0.0000000000000000000, 1.000000000000000000 ) ) ;
#1535 = CARTESIAN_POINT ( 'NONE',  ( -10.99999999999999600, 2.204364238465255800E-016, -1.800000000000016300 ) ) ;
#1536 =( NAMED_UNIT ( * ) SI_UNIT ( $, .STERADIAN. ) SOLID_ANGLE_UNIT ( ) );
#1537 = ADVANCED_FACE ( 'NONE', ( #3614 ), #3739, .F. ) ;
#1538 = DIRECTION ( 'NONE',  ( -0.0000000000000000000, -0.0000000000000000000, -1.000000000000000000 ) ) ;
#1539 = ORIENTED_EDGE ( 'NONE', *, *, #4625, .T. ) ;
#1540 = AXIS2_PLACEMENT_3D ( 'NONE', #1188, #2135, #693 ) ;
#1541 = DIRECTION ( 'NONE',  ( -1.000000000000000000, 0.0000000000000000000, 0.0000000000000000000 ) ) ;
#1542 = UNCERTAINTY_MEASURE_WITH_UNIT (LENGTH_MEASURE( 1.000000000000000100E-005 ), #367, 'distance_accuracy_value', 'NONE');
#1543 = CLOSED_SHELL ( 'NONE', ( #5358, #3656, #384, #3285, #1155, #4232, #3116, #1785, #1117, #1537, #891 ) ) ;
#1544 = STYLED_ITEM ( 'NONE', ( #4122 ), #3593 ) ;
#1545 = ORIENTED_EDGE ( 'NONE', *, *, #5652, .F. ) ;
#1546 = FILL_AREA_STYLE ('',( #2944 ) ) ;
#1547 = STYLED_ITEM ( 'NONE', ( #3432 ), #4739 ) ;
#1548 = DIRECTION ( 'NONE',  ( -1.000000000000000000, -0.0000000000000000000, -0.0000000000000000000 ) ) ;
#1549 = DIRECTION ( 'NONE',  ( -1.000000000000000000, -0.0000000000000000000, -0.0000000000000000000 ) ) ;
#1550 = CARTESIAN_POINT ( 'NONE',  ( -92.00000000000000000, 0.0000000000000000000, 0.0000000000000000000 ) ) ;
#1551 = DIRECTION ( 'NONE',  ( 0.0000000000000000000, 0.0000000000000000000, 1.000000000000000000 ) ) ;
#1552 = COLOUR_RGB ( '',0.1098039215686274500, 0.1098039215686274500, 0.1098039215686274500 ) ;
#1553 = COLOUR_RGB ( '',0.1098039215686274500, 0.1098039215686274500, 0.1098039215686274500 ) ;
#1554 = TOROIDAL_SURFACE ( 'NONE', #5956, 5.200000000000001100, 0.2000000000000000900 ) ;
#1555 =( LENGTH_UNIT ( ) NAMED_UNIT ( * ) SI_UNIT ( .MILLI., .METRE. ) );
#1556 = CIRCLE ( 'NONE', #4053, 0.1999999999999996500 ) ;
#1558 = FACE_BOUND ( 'NONE', #3493, .T. ) ;
#1557 = MECHANICAL_DESIGN_GEOMETRIC_PRESENTATION_REPRESENTATION (  '', ( #903 ), #1869 ) ;
#1559 = SURFACE_STYLE_FILL_AREA ( #4296 ) ;
#1560 = EDGE_LOOP ( 'NONE', ( #4455, #4724, #4935, #2246 ) ) ;
#1561 = ORIENTED_EDGE ( 'NONE', *, *, #2888, .F. ) ;
#1562 = ORIENTED_EDGE ( 'NONE', *, *, #3984, .T. ) ;
#1563 = CIRCLE ( 'NONE', #2276, 0.1999999999999996500 ) ;
#1564 = TOROIDAL_SURFACE ( 'NONE', #4977, 3.400000000000003000, 0.09999999999999961700 ) ;
#1565 = ORIENTED_EDGE ( 'NONE', *, *, #5253, .T. ) ;
#1566 = CARTESIAN_POINT ( 'NONE',  ( -102.6292860697262900, 0.0000000000000000000, 0.0000000000000000000 ) ) ;
#1567 = LINE ( 'NONE', #1315, #5235 ) ;
#1568 = LINE ( 'NONE', #5847, #2679 ) ;
#1569 = DIRECTION ( 'NONE',  ( 1.000000000000000000, 0.0000000000000000000, 0.0000000000000000000 ) ) ;
#1570 = CARTESIAN_POINT ( 'NONE',  ( 0.0000000000000000000, 0.0000000000000000000, 22.59999999999999800 ) ) ;
#1571 = MECHANICAL_DESIGN_GEOMETRIC_PRESENTATION_REPRESENTATION (  '', ( #915 ), #1881 ) ;
#1572 = DIRECTION ( 'NONE',  ( -1.000000000000000000, -0.0000000000000000000, -0.0000000000000000000 ) ) ;
#1573 = SURFACE_SIDE_STYLE ('',( #3174 ) ) ;
#1574 = CARTESIAN_POINT ( 'NONE',  ( -16.37999999999999200, 0.0000000000000000000, 0.0000000000000000000 ) ) ;
#1575 = AXIS2_PLACEMENT_3D ( 'NONE', #4235, #1381, #4728 ) ;
#1576 = DIRECTION ( 'NONE',  ( 0.0000000000000000000, 0.0000000000000000000, 1.000000000000000000 ) ) ;
#1577 = ORIENTED_EDGE ( 'NONE', *, *, #1461, .F. ) ;
#1578 = EDGE_CURVE ( 'NONE', #2605, #3674, #1371, .T. ) ;
#1579 =( NAMED_UNIT ( * ) SI_UNIT ( $, .STERADIAN. ) SOLID_ANGLE_UNIT ( ) );
#1580 = CONICAL_SURFACE ( 'NONE', #2615, 2.500000000000000000, 0.7853981633974482800 ) ;
#1581 = DIRECTION ( 'NONE',  ( 0.0000000000000000000, 0.0000000000000000000, 1.000000000000000000 ) ) ;
#1582 = ORIENTED_EDGE ( 'NONE', *, *, #394, .T. ) ;
#1583 = VERTEX_POINT ( 'NONE', #6145 ) ;
#1584 = FILL_AREA_STYLE_COLOUR ( '', #5830 ) ;
#1585 = PRESENTATION_LAYER_ASSIGNMENT (  '', '', ( #1269 ) ) ;
#1586 = PRODUCT_DEFINITION ( 'UNKNOWN', '', #174, #518 ) ;
#1587 = FACE_OUTER_BOUND ( 'NONE', #1911, .T. ) ;
#1588 = UNCERTAINTY_MEASURE_WITH_UNIT (LENGTH_MEASURE( 1.000000000000000100E-005 ), #2201, 'distance_accuracy_value', 'NONE');
#1589 = DIRECTION ( 'NONE',  ( 0.0000000000000000000, 0.0000000000000000000, 1.000000000000000000 ) ) ;
#1590 = CARTESIAN_POINT ( 'NONE',  ( -92.00000000000000000, 0.0000000000000000000, 1.700000000000023500 ) ) ;
#1591 = DIRECTION ( 'NONE',  ( 0.0000000000000000000, -1.224646799147353500E-016, 1.000000000000000000 ) ) ;
#1592 = EDGE_CURVE ( 'NONE', #1295, #3295, #4764, .T. ) ;
#1593 = MECHANICAL_DESIGN_GEOMETRIC_PRESENTATION_REPRESENTATION (  '', ( #938 ), #1909 ) ;
#1594 = VERTEX_POINT ( 'NONE', #3268 ) ;
#1595 =( NAMED_UNIT ( * ) SI_UNIT ( $, .STERADIAN. ) SOLID_ANGLE_UNIT ( ) );
#1596 = SURFACE_STYLE_USAGE ( .BOTH. , #4453 ) ;
#1597 = DIRECTION ( 'NONE',  ( -1.000000000000000000, -0.0000000000000000000, -0.0000000000000000000 ) ) ;
#1598 = ORIENTED_EDGE ( 'NONE', *, *, #3666, .F. ) ;
#1599 =( GEOMETRIC_REPRESENTATION_CONTEXT ( 3 ) GLOBAL_UNCERTAINTY_ASSIGNED_CONTEXT ( ( #2624 ) ) GLOBAL_UNIT_ASSIGNED_CONTEXT ( ( #6050, #3173, #315 ) ) REPRESENTATION_CONTEXT ( 'NONE', 'WORKASPACE' ) );
#1600 = PRESENTATION_STYLE_ASSIGNMENT (( #2529 ) ) ;
#1601 = AXIS2_PLACEMENT_3D ( 'NONE', #2475, #1814, #5161 ) ;
#1602 = DIRECTION ( 'NONE',  ( 0.0000000000000000000, 0.0000000000000000000, 1.000000000000000000 ) ) ;
#1603 = UNCERTAINTY_MEASURE_WITH_UNIT (LENGTH_MEASURE( 1.000000000000000100E-005 ), #5930, 'distance_accuracy_value', 'NONE');
#1604 = ORIENTED_EDGE ( 'NONE', *, *, #93, .T. ) ;
#1605 = ORIENTED_EDGE ( 'NONE', *, *, #3508, .T. ) ;
#1606 = DIRECTION ( 'NONE',  ( 0.0000000000000000000, 0.0000000000000000000, -1.000000000000000000 ) ) ;
#1607 = VECTOR ( 'NONE', #4350, 1000.000000000000000 ) ;
#1608 = EDGE_LOOP ( 'NONE', ( #2036, #1116 ) ) ;
#1609 = EDGE_LOOP ( 'NONE', ( #1527, #3815 ) ) ;
#1610 = DIRECTION ( 'NONE',  ( -1.224646799147353200E-016, 1.000000000000000000, 0.0000000000000000000 ) ) ;
#1611 = CIRCLE ( 'NONE', #3557, 1.750000000000002400 ) ;
#1612 = ORIENTED_EDGE ( 'NONE', *, *, #2265, .F. ) ;
#1613 = AXIS2_PLACEMENT_3D ( 'NONE', #5638, #388, #3745 ) ;
#1614 = SURFACE_STYLE_USAGE ( .BOTH. , #4474 ) ;
#1615 = CARTESIAN_POINT ( 'NONE',  ( -109.0931819508298400, 0.0000000000000000000, 0.0000000000000000000 ) ) ;
#1616 = ADVANCED_FACE ( 'NONE', ( #3698, #3476 ), #5678, .F. ) ;
#1617 = EDGE_LOOP ( 'NONE', ( #3100, #2483, #73, #4570 ) ) ;
#1618 = SURFACE_STYLE_USAGE ( .BOTH. , #4482 ) ;
#1619 = FACE_OUTER_BOUND ( 'NONE', #2687, .T. ) ;
#1620 = EDGE_CURVE ( 'NONE', #4661, #1295, #4843, .T. ) ;
#1621 = FILL_AREA_STYLE_COLOUR ( '', #1361 ) ;
#1622 = DIRECTION ( 'NONE',  ( -1.000000000000000000, -0.0000000000000000000, -0.0000000000000000000 ) ) ;
#1623 = AXIS2_PLACEMENT_3D ( 'NONE', #5264, #479, #1935 ) ;
#1624 = EDGE_CURVE ( 'NONE', #2492, #710, #2426, .T. ) ;
#1625 = ADVANCED_FACE ( 'NONE', ( #6095 ), #4681, .T. ) ;
#1626 = VECTOR ( 'NONE', #849, 1000.000000000000000 ) ;
#1627 = FACE_OUTER_BOUND ( 'NONE', #2998, .T. ) ;
#1628 = AXIS2_PLACEMENT_3D ( 'NONE', #123, #2980, #5849 ) ;
#1629 = DIRECTION ( 'NONE',  ( -1.000000000000000000, -0.0000000000000000000, -0.0000000000000000000 ) ) ;
#1631 = CYLINDRICAL_SURFACE ( 'NONE', #2634, 2.600000000000005000 ) ;
#1630 = CARTESIAN_POINT ( 'NONE',  ( -90.50000000000000000, 0.0000000000000000000, 2.600000000000025400 ) ) ;
#1632 = LINE ( 'NONE', #3021, #4168 ) ;
#1633 = CARTESIAN_POINT ( 'NONE',  ( -91.00000000000000000, 0.0000000000000000000, 0.0000000000000000000 ) ) ;
#1634 = EDGE_LOOP ( 'NONE', ( #2363, #2698 ) ) ;
#1635 = FILL_AREA_STYLE_COLOUR ( '', #705 ) ;
#1636 =( GEOMETRIC_REPRESENTATION_CONTEXT ( 3 ) GLOBAL_UNCERTAINTY_ASSIGNED_CONTEXT ( ( #459 ) ) GLOBAL_UNIT_ASSIGNED_CONTEXT ( ( #1298, #4642, #1777 ) ) REPRESENTATION_CONTEXT ( 'NONE', 'WORKASPACE' ) );
#1637 = CARTESIAN_POINT ( 'NONE',  ( -8.619999999999995700, 0.0000000000000000000, 0.0000000000000000000 ) ) ;
#1638 = DIRECTION ( 'NONE',  ( -1.000000000000000000, -0.0000000000000000000, -0.0000000000000000000 ) ) ;
#1639 = DIRECTION ( 'NONE',  ( -1.000000000000000000, -0.0000000000000000000, -0.0000000000000000000 ) ) ;
#1640 = AXIS2_PLACEMENT_3D ( 'NONE', #2414, #3375, #1508 ) ;
#1641 = ORIENTED_EDGE ( 'NONE', *, *, #312, .T. ) ;
#1642 = PRODUCT_DEFINITION_SHAPE ( 'NONE', 'NONE',  #6186 ) ;
#1643 = DIRECTION ( 'NONE',  ( -1.000000000000000000, -0.0000000000000000000, -0.0000000000000000000 ) ) ;
#1644 = EDGE_CURVE ( 'NONE', #1938, #1420, #5951, .T. ) ;
#1645 = SURFACE_STYLE_FILL_AREA ( #1829 ) ;
#1646 = DIRECTION ( 'NONE',  ( 0.0000000000000000000, 0.0000000000000000000, 1.000000000000000000 ) ) ;
#1647 = DIRECTION ( 'NONE',  ( -1.000000000000000000, 0.0000000000000000000, 6.505213034913026600E-015 ) ) ;
#1648 = VERTEX_POINT ( 'NONE', #3780 ) ;
#1649 = FILL_AREA_STYLE_COLOUR ( '', #4944 ) ;
#1650 = FILL_AREA_STYLE ('',( #2606 ) ) ;
#1651 = FILL_AREA_STYLE ('',( #5953 ) ) ;
#1652 = DIRECTION ( 'NONE',  ( 1.000000000000000000, 0.0000000000000000000, 0.0000000000000000000 ) ) ;
#1653 = SURFACE_STYLE_FILL_AREA ( #422 ) ;
#1654 = AXIS2_PLACEMENT_3D ( 'NONE', #2393, #5754, #2875 ) ;
#1655 =( NAMED_UNIT ( * ) SI_UNIT ( $, .STERADIAN. ) SOLID_ANGLE_UNIT ( ) );
#1656 = ADVANCED_FACE ( 'NONE', ( #3397 ), #5584, .F. ) ;
#1657 = AXIS2_PLACEMENT_3D ( 'NONE', #3036, #178, #3526 ) ;
#1658 = SURFACE_STYLE_FILL_AREA ( #4966 ) ;
#1660 =( LENGTH_UNIT ( ) NAMED_UNIT ( * ) SI_UNIT ( .MILLI., .METRE. ) );
#1659 = AXIS2_PLACEMENT_3D ( 'NONE', #1487, #2914, #51 ) ;
#1661 = VERTEX_POINT ( 'NONE', #467 ) ;
#1662 = CARTESIAN_POINT ( 'NONE',  ( -96.50000000000000000, 0.0000000000000000000, 0.6000000000000300600 ) ) ;
#1663 = DIRECTION ( 'NONE',  ( -1.224646799147353200E-016, 1.000000000000000000, 0.0000000000000000000 ) ) ;
#1664 = DIRECTION ( 'NONE',  ( -1.000000000000000000, -0.0000000000000000000, -0.0000000000000000000 ) ) ;
#1665 = SURFACE_SIDE_STYLE ('',( #1282 ) ) ;
#1666 = CYLINDRICAL_SURFACE ( 'NONE', #5553, 5.400000000000000400 ) ;
#1667 =( NAMED_UNIT ( * ) SI_UNIT ( $, .STERADIAN. ) SOLID_ANGLE_UNIT ( ) );
#1668 = UNCERTAINTY_MEASURE_WITH_UNIT (LENGTH_MEASURE( 1.000000000000000100E-005 ), #556, 'distance_accuracy_value', 'NONE');
#1669 = ORIENTED_EDGE ( 'NONE', *, *, #1705, .F. ) ;
#1670 = ORIENTED_EDGE ( 'NONE', *, *, #2760, .T. ) ;
#1671 =( NAMED_UNIT ( * ) SI_UNIT ( $, .STERADIAN. ) SOLID_ANGLE_UNIT ( ) );
#1672 = EDGE_CURVE ( 'NONE', #2339, #2813, #4321, .T. ) ;
#1673 = CARTESIAN_POINT ( 'NONE',  ( 64.93654797552203200, 64.68143102510526900, 64.76094049792376900 ) ) ;
#1674 = FILL_AREA_STYLE_COLOUR ( '', #41 ) ;
#1675 = DIRECTION ( 'NONE',  ( 1.000000000000000000, 0.0000000000000000000, 0.0000000000000000000 ) ) ;
#1676 = ORIENTED_EDGE ( 'NONE', *, *, #1431, .T. ) ;
#1677 = FILL_AREA_STYLE ('',( #2126 ) ) ;
#1678 = CIRCLE ( 'NONE', #4844, 5.199999999999999300 ) ;
#1679 = PRESENTATION_LAYER_ASSIGNMENT (  '', '', ( #1031 ) ) ;
#1680 = DIRECTION ( 'NONE',  ( 6.505213034913025800E-015, 0.0000000000000000000, 1.000000000000000000 ) ) ;
#1681 = CARTESIAN_POINT ( 'NONE',  ( -93.00000000000000000, 0.0000000000000000000, 0.0000000000000000000 ) ) ;
#1682 = CYLINDRICAL_SURFACE ( 'NONE', #2147, 2.200000000000016200 ) ;
#1683 = ORIENTED_EDGE ( 'NONE', *, *, #5896, .F. ) ;
#1684 = EDGE_LOOP ( 'NONE', ( #1369, #699, #5567, #5698 ) ) ;
#1685 = ADVANCED_FACE ( 'NONE', ( #1014 ), #1773, .T. ) ;
#1686 = SURFACE_SIDE_STYLE ('',( #957 ) ) ;
#1687 = CARTESIAN_POINT ( 'NONE',  ( 0.0000000000000000000, 0.0000000000000000000, 22.09999999999999800 ) ) ;
#1688 = ORIENTED_EDGE ( 'NONE', *, *, #5363, .T. ) ;
#1689 = PRESENTATION_LAYER_ASSIGNMENT (  '', '', ( #1362 ) ) ;
#1690 = CARTESIAN_POINT ( 'NONE',  ( 0.0000000000000000000, 0.0000000000000000000, -8.178233058921771100 ) ) ;
#1691 = APPLICATION_CONTEXT ( 'automotive_design' ) ;
#1692 = DIRECTION ( 'NONE',  ( 0.0000000000000000000, 0.0000000000000000000, 1.000000000000000000 ) ) ;
#1693 =( GEOMETRIC_REPRESENTATION_CONTEXT ( 3 ) GLOBAL_UNCERTAINTY_ASSIGNED_CONTEXT ( ( #4083 ) ) GLOBAL_UNIT_ASSIGNED_CONTEXT ( ( #4965, #2093, #5441 ) ) REPRESENTATION_CONTEXT ( 'NONE', 'WORKASPACE' ) );
#1694 = CARTESIAN_POINT ( 'NONE',  ( 0.0000000000000000000, 0.0000000000000000000, -8.178233058921771100 ) ) ;
#1695 = DIRECTION ( 'NONE',  ( -0.0000000000000000000, 1.000000000000000000, 1.224646799147353200E-016 ) ) ;
#1696 = PRESENTATION_STYLE_ASSIGNMENT (( #3393 ) ) ;
#1697 = EDGE_CURVE ( 'NONE', #319, #1807, #485, .T. ) ;
#1698 = CARTESIAN_POINT ( 'NONE',  ( -94.00000000000000000, 2.755455298081544300E-016, -2.000000000000000000 ) ) ;
#1699 = CIRCLE ( 'NONE', #1752, 0.1999999999999996500 ) ;
#1700 = SURFACE_SIDE_STYLE ('',( #442 ) ) ;
#1701 = EDGE_CURVE ( 'NONE', #3215, #319, #3030, .T. ) ;
#1702 = STYLED_ITEM ( 'NONE', ( #4323 ), #5640 ) ;
#1703 = VECTOR ( 'NONE', #1572, 1000.000000000000000 ) ;
#1704 =( GEOMETRIC_REPRESENTATION_CONTEXT ( 3 ) GLOBAL_UNCERTAINTY_ASSIGNED_CONTEXT ( ( #3249 ) ) GLOBAL_UNIT_ASSIGNED_CONTEXT ( ( #1903, #5258, #2375 ) ) REPRESENTATION_CONTEXT ( 'NONE', 'WORKASPACE' ) );
#1705 = EDGE_CURVE ( 'NONE', #4217, #2637, #5436, .T. ) ;
#1706 = PRESENTATION_LAYER_ASSIGNMENT (  '', '', ( #1384 ) ) ;
#1707 = CARTESIAN_POINT ( 'NONE',  ( -12.85999999999999600, 0.0000000000000000000, 4.450000000000001100 ) ) ;
#1708 = CARTESIAN_POINT ( 'NONE',  ( 5.500000000000001800, 7.041719095097282900E-016, 11.50000000000000200 ) ) ;
#1709 = VECTOR ( 'NONE', #2013, 1000.000000000000000 ) ;
#1710 = CIRCLE ( 'NONE', #5031, 6.000000000000000900 ) ;
#1711 = ORIENTED_EDGE ( 'NONE', *, *, #1893, .T. ) ;
#1712 = MECHANICAL_DESIGN_GEOMETRIC_PRESENTATION_REPRESENTATION (  '', ( #1069 ), #2027 ) ;
#1713 = CARTESIAN_POINT ( 'NONE',  ( -102.6292860697262900, 0.0000000000000000000, 0.0000000000000000000 ) ) ;
#1714 = FILL_AREA_STYLE ('',( #2161 ) ) ;
#1715 = ORIENTED_EDGE ( 'NONE', *, *, #1400, .T. ) ;
#1716 = DIRECTION ( 'NONE',  ( 0.0000000000000000000, 0.0000000000000000000, 1.000000000000000000 ) ) ;
#1717 = VERTEX_POINT ( 'NONE', #1948 ) ;
#1718 = CIRCLE ( 'NONE', #1008, 5.400000000000000400 ) ;
#1719 = PRODUCT_CONTEXT ( 'NONE', #4077, 'mechanical' ) ;
#1720 = AXIS2_PLACEMENT_3D ( 'NONE', #3542, #678, #4025 ) ;
#1721 = UNCERTAINTY_MEASURE_WITH_UNIT (LENGTH_MEASURE( 1.000000000000000100E-005 ), #5905, 'distance_accuracy_value', 'NONE');
#1722 = CARTESIAN_POINT ( 'NONE',  ( -8.000000000000007100, 3.184081677783121600E-016, -2.600000000000000500 ) ) ;
#1723 = SURFACE_SIDE_STYLE ('',( #4094 ) ) ;
#1724 = AXIS2_PLACEMENT_3D ( 'NONE', #3390, #4833, #1999 ) ;
#1725 = ADVANCED_FACE ( 'NONE', ( #340 ), #3565, .T. ) ;
#1726 = ORIENTED_EDGE ( 'NONE', *, *, #399, .T. ) ;
#1727 = CIRCLE ( 'NONE', #5073, 1.400000000000038300 ) ;
#1728 = CYLINDRICAL_SURFACE ( 'NONE', #6073, 5.400000000000000400 ) ;
#1729 = EDGE_CURVE ( 'NONE', #2936, #2191, #4852, .T. ) ;
#1730 =( LENGTH_UNIT ( ) NAMED_UNIT ( * ) SI_UNIT ( .MILLI., .METRE. ) );
#1731 = ORIENTED_EDGE ( 'NONE', *, *, #4388, .T. ) ;
#1732 = CIRCLE ( 'NONE', #3914, 4.250000000000000000 ) ;
#1733 = FACE_OUTER_BOUND ( 'NONE', #3910, .T. ) ;
#1734 = EDGE_LOOP ( 'NONE', ( #5221, #4414, #3959 ) ) ;
#1735 = ORIENTED_EDGE ( 'NONE', *, *, #423, .T. ) ;
#1736 = CARTESIAN_POINT ( 'NONE',  ( -18.59999999999999100, 6.490628035480971900E-016, -5.199999999999999300 ) ) ;
#1737 = APPLICATION_CONTEXT ( 'automotive_design' ) ;
#1738 = STYLED_ITEM ( 'NONE', ( #3942 ), #2683 ) ;
#1739 = CARTESIAN_POINT ( 'NONE',  ( -12.65999999999999100, 0.0000000000000000000, 0.0000000000000000000 ) ) ;
#1740 = SURFACE_SIDE_STYLE ('',( #1103 ) ) ;
#1741 = ORIENTED_EDGE ( 'NONE', *, *, #327, .T. ) ;
#1742 = VERTEX_POINT ( 'NONE', #3738 ) ;
#1743 = UNCERTAINTY_MEASURE_WITH_UNIT (LENGTH_MEASURE( 1.000000000000000100E-005 ), #2840, 'distance_accuracy_value', 'NONE');
#1744 = AXIS2_PLACEMENT_3D ( 'NONE', #6092, #3217, #2277 ) ;
#1745 = EDGE_LOOP ( 'NONE', ( #6043, #4250, #1605, #4653 ) ) ;
#1746 = COLOUR_RGB ( '',0.1098039215686274500, 0.1098039215686274500, 0.1098039215686274500 ) ;
#1747 = UNCERTAINTY_MEASURE_WITH_UNIT (LENGTH_MEASURE( 1.000000000000000100E-005 ), #5362, 'distance_accuracy_value', 'NONE');
#1748 = EDGE_CURVE ( 'NONE', #2754, #239, #2278, .T. ) ;
#1749 = ADVANCED_FACE ( 'NONE', ( #1178 ), #3109, .F. ) ;
#1750 = CARTESIAN_POINT ( 'NONE',  ( -102.6292860697262900, 0.0000000000000000000, 0.0000000000000000000 ) ) ;
#1751 = DIRECTION ( 'NONE',  ( -1.000000000000000000, -0.0000000000000000000, -0.0000000000000000000 ) ) ;
#1752 = AXIS2_PLACEMENT_3D ( 'NONE', #4557, #1695, #5049 ) ;
#1753 = FILL_AREA_STYLE_COLOUR ( '', #6008 ) ;
#1754 = AXIS2_PLACEMENT_3D ( 'NONE', #2991, #129, #3470 ) ;
#1755 =( LENGTH_UNIT ( ) NAMED_UNIT ( * ) SI_UNIT ( .MILLI., .METRE. ) );
#1756 = DIRECTION ( 'NONE',  ( -1.000000000000000000, -0.0000000000000000000, -0.0000000000000000000 ) ) ;
#1757 = VECTOR ( 'NONE', #1937, 1000.000000000000000 ) ;
#1758 = ADVANCED_FACE ( 'NONE', ( #4226, #1835 ), #6164, .F. ) ;
#1759 = ORIENTED_EDGE ( 'NONE', *, *, #845, .T. ) ;
#1760 = CARTESIAN_POINT ( 'NONE',  ( -123.0434319239197500, 3.061616997868383100E-016, -2.500000000000000000 ) ) ;
#1761 = CARTESIAN_POINT ( 'NONE',  ( -10.63999999999999700, 0.0000000000000000000, 0.0000000000000000000 ) ) ;
#1762 = ORIENTED_EDGE ( 'NONE', *, *, #3298, .F. ) ;
#1763 = ORIENTED_EDGE ( 'NONE', *, *, #5076, .F. ) ;
#1764 = PRODUCT_DEFINITION_CONTEXT ( 'detailed design', #772, 'design' ) ;
#1765 = ORIENTED_EDGE ( 'NONE', *, *, #5873, .F. ) ;
#1766 = DIRECTION ( 'NONE',  ( -1.000000000000000000, 0.0000000000000000000, 0.0000000000000000000 ) ) ;
#1767 = DIRECTION ( 'NONE',  ( 0.0000000000000000000, -1.224646799147353500E-016, 1.000000000000000000 ) ) ;
#1768 = CARTESIAN_POINT ( 'NONE',  ( 0.0000000000000000000, 0.0000000000000000000, 26.52813153950928900 ) ) ;
#1769 = TOROIDAL_SURFACE ( 'NONE', #3076, 4.450000000000000200, 0.2000000000000000900 ) ;
#1770 = AXIS2_PLACEMENT_3D ( 'NONE', #3720, #851, #4201 ) ;
#1771 = PRODUCT ( 'Сборка1', 'Сборка1', '', ( #5997 ) ) ;
#1772 = DIRECTION ( 'NONE',  ( -0.0000000000000000000, -0.0000000000000000000, -1.000000000000000000 ) ) ;
#1773 = TOROIDAL_SURFACE ( 'NONE', #1480, 1.650000000000003900, 0.09999999999999971400 ) ;
#1774 = COLOUR_RGB ( '',0.1098039215686274500, 0.1098039215686274500, 0.1098039215686274500 ) ;
#1775 = CIRCLE ( 'NONE', #5395, 4.250000000000000000 ) ;
#1776 = ORIENTED_EDGE ( 'NONE', *, *, #449, .F. ) ;
#1777 =( NAMED_UNIT ( * ) SI_UNIT ( $, .STERADIAN. ) SOLID_ANGLE_UNIT ( ) );
#1778 = EDGE_CURVE ( 'NONE', #4710, #631, #5069, .T. ) ;
#1779 = VECTOR ( 'NONE', #2825, 1000.000000000000000 ) ;
#1780 = ORIENTED_EDGE ( 'NONE', *, *, #1697, .T. ) ;
#1781 = CARTESIAN_POINT ( 'NONE',  ( -93.50000000000000000, 0.0000000000000000000, 0.9000000000000345500 ) ) ;
#1782 = ORIENTED_EDGE ( 'NONE', *, *, #4313, .F. ) ;
#1783 = AXIS2_PLACEMENT_3D ( 'NONE', #3462, #3001, #148 ) ;
#1784 = COLOUR_RGB ( '',0.1098039215686274500, 0.1098039215686274500, 0.1098039215686274500 ) ;
#1785 = ADVANCED_FACE ( 'NONE', ( #115 ), #2353, .T. ) ;
#1786 =( LENGTH_UNIT ( ) NAMED_UNIT ( * ) SI_UNIT ( .MILLI., .METRE. ) );
#1787 = CARTESIAN_POINT ( 'NONE',  ( 0.0000000000000000000, 0.0000000000000000000, 22.50000000000000000 ) ) ;
#1788 = EDGE_CURVE ( 'NONE', #4514, #4651, #3782, .T. ) ;
#1789 = AXIS2_PLACEMENT_3D ( 'NONE', #2060, #5879, #633 ) ;
#1790 = DIRECTION ( 'NONE',  ( 0.0000000000000000000, -1.000000000000000000, 0.0000000000000000000 ) ) ;
#1791 = FACE_OUTER_BOUND ( 'NONE', #1745, .T. ) ;
#1792 = STYLED_ITEM ( 'NONE', ( #3961 ), #4162 ) ;
#1793 = SURFACE_STYLE_FILL_AREA ( #2213 ) ;
#1794 = AXIS2_PLACEMENT_3D ( 'NONE', #3224, #361, #3714 ) ;
#1795 = LINE ( 'NONE', #1376, #5462 ) ;
#1796 = DIRECTION ( 'NONE',  ( 0.0000000000000000000, 0.0000000000000000000, 1.000000000000000000 ) ) ;
#1797 = DIRECTION ( 'NONE',  ( 0.0000000000000000000, -1.000000000000000000, 0.0000000000000000000 ) ) ;
#1798 = PRESENTATION_LAYER_ASSIGNMENT (  '', '', ( #833 ) ) ;
#1799 = DIRECTION ( 'NONE',  ( -1.000000000000000000, -0.0000000000000000000, -0.0000000000000000000 ) ) ;
#1800 = CIRCLE ( 'NONE', #1657, 4.450000000000002000 ) ;
#1801 = CARTESIAN_POINT ( 'NONE',  ( -109.0931819508298400, 0.0000000000000000000, 0.0000000000000000000 ) ) ;
#1802 = ORIENTED_EDGE ( 'NONE', *, *, #5253, .F. ) ;
#1803 = AXIS2_PLACEMENT_3D ( 'NONE', #4366, #1499, #4851 ) ;
#1804 =( NAMED_UNIT ( * ) SI_UNIT ( $, .STERADIAN. ) SOLID_ANGLE_UNIT ( ) );
#1805 = ADVANCED_FACE ( 'NONE', ( #1251, #3639 ), #3292, .F. ) ;
#1806 = CARTESIAN_POINT ( 'NONE',  ( -7.699999999999994000, 0.0000000000000000000, 0.0000000000000000000 ) ) ;
#1807 = VERTEX_POINT ( 'NONE', #5255 ) ;
#1808 = EDGE_CURVE ( 'NONE', #1594, #6080, #1096, .T. ) ;
#1809 = PRESENTATION_LAYER_ASSIGNMENT (  '', '', ( #610 ) ) ;
#1810 = AXIS2_PLACEMENT_3D ( 'NONE', #3661, #789, #4140 ) ;
#1811 = EDGE_CURVE ( 'NONE', #1204, #3657, #2501, .T. ) ;
#1813 = ORIENTED_EDGE ( 'NONE', *, *, #1027, .F. ) ;
#1812 =( LENGTH_UNIT ( ) NAMED_UNIT ( * ) SI_UNIT ( .MILLI., .METRE. ) );
#1814 = DIRECTION ( 'NONE',  ( 0.0000000000000000000, -1.000000000000000000, 0.0000000000000000000 ) ) ;
#1815 = DIRECTION ( 'NONE',  ( -1.000000000000000000, 0.0000000000000000000, 0.0000000000000000000 ) ) ;
#1816 = COLOUR_RGB ( '',0.1098039215686274500, 0.1098039215686274500, 0.1098039215686274500 ) ;
#1817 = FACE_OUTER_BOUND ( 'NONE', #6141, .T. ) ;
#1818 = CARTESIAN_POINT ( 'NONE',  ( -93.00000000000000000, 1.102182119232664500E-016, -0.9000000000000379900 ) ) ;
#1819 = AXIS2_PLACEMENT_3D ( 'NONE', #4252, #2221, #3814 ) ;
#1820 = DIRECTION ( 'NONE',  ( -1.000000000000000000, -0.0000000000000000000, -0.0000000000000000000 ) ) ;
#1821 = PLANE ( 'NONE',  #501 ) ;
#1822 = ADVANCED_FACE ( 'NONE', ( #6028 ), #5871, .T. ) ;
#1823 = TOROIDAL_SURFACE ( 'NONE', #1520, 4.450000000000000200, 0.2000000000000000900 ) ;
#1824 = ORIENTED_EDGE ( 'NONE', *, *, #1275, .F. ) ;
#1825 = STYLED_ITEM ( 'NONE', ( #5018 ), #3719 ) ;
#1826 =( GEOMETRIC_REPRESENTATION_CONTEXT ( 3 ) GLOBAL_UNCERTAINTY_ASSIGNED_CONTEXT ( ( #3963 ) ) GLOBAL_UNIT_ASSIGNED_CONTEXT ( ( #421, #441, #3796 ) ) REPRESENTATION_CONTEXT ( 'NONE', 'WORKASPACE' ) );
#1827 = VERTEX_POINT ( 'NONE', #3843 ) ;
#1828 = AXIS2_PLACEMENT_3D ( 'NONE', #2863, #2, #3351 ) ;
#1829 = FILL_AREA_STYLE ('',( #416 ) ) ;
#1830 = ORIENTED_EDGE ( 'NONE', *, *, #3931, .F. ) ;
#1831 = EDGE_CURVE ( 'NONE', #1872, #1742, #934, .T. ) ;
#1832 = UNCERTAINTY_MEASURE_WITH_UNIT (LENGTH_MEASURE( 1.000000000000000100E-005 ), #910, 'distance_accuracy_value', 'NONE');
#1833 = CARTESIAN_POINT ( 'NONE',  ( -96.50000000000000000, 0.0000000000000000000, 0.0000000000000000000 ) ) ;
#1834 = CARTESIAN_POINT ( 'NONE',  ( -123.0434319239197500, 0.0000000000000000000, 0.0000000000000000000 ) ) ;
#1835 = FACE_BOUND ( 'NONE', #757, .T. ) ;
#1836 = PRESENTATION_STYLE_ASSIGNMENT (( #2300 ) ) ;
#1837 = CIRCLE ( 'NONE', #4962, 1.311199880360261800 ) ;
#1838 = COLOUR_RGB ( '',0.6470588235294118000, 0.6196078431372549200, 0.5882352941176470800 ) ;
#1839 = ADVANCED_FACE ( 'NONE', ( #6173 ), #1769, .F. ) ;
#1840 = DIRECTION ( 'NONE',  ( 1.000000000000000000, 0.0000000000000000000, 0.0000000000000000000 ) ) ;
#1841 = SURFACE_SIDE_STYLE ('',( #5733 ) ) ;
#1842 = CIRCLE ( 'NONE', #453, 5.199999999999999300 ) ;
#1843 = CIRCLE ( 'NONE', #4063, 5.400000000000000400 ) ;
#1844 = PRESENTATION_LAYER_ASSIGNMENT (  '', '', ( #878 ) ) ;
#1845 =( LENGTH_UNIT ( ) NAMED_UNIT ( * ) SI_UNIT ( .MILLI., .METRE. ) );
#1846 = LINE ( 'NONE', #1477, #567 ) ;
#1847 = UNCERTAINTY_MEASURE_WITH_UNIT (LENGTH_MEASURE( 1.000000000000000100E-005 ), #6004, 'distance_accuracy_value', 'NONE');
#1848 = VERTEX_POINT ( 'NONE', #4312 ) ;
#1849 = CIRCLE ( 'NONE', #4066, 0.1999999999999996500 ) ;
#1850 = PRESENTATION_LAYER_ASSIGNMENT (  '', '', ( #1544 ) ) ;
#1851 = PLANE ( 'NONE',  #1198 ) ;
#1852 = AXIS2_PLACEMENT_3D ( 'NONE', #1240, #4572, #1716 ) ;
#1853 = CARTESIAN_POINT ( 'NONE',  ( -11.00000000000001100, 0.0000000000000000000, -2.200000000000008600 ) ) ;
#1854 = ADVANCED_FACE ( 'NONE', ( #1619 ), #4987, .F. ) ;
#1855 = ORIENTED_EDGE ( 'NONE', *, *, #936, .T. ) ;
#1856 = FILL_AREA_STYLE ('',( #3761 ) ) ;
#1857 = MANIFOLD_SOLID_BREP ( 'Заготовка-Дет10-1', #1237 ) ;
#1858 = CARTESIAN_POINT ( 'NONE',  ( 0.0000000000000000000, 0.0000000000000000000, 12.50000000000000000 ) ) ;
#1859 = DIRECTION ( 'NONE',  ( 0.0000000000000000000, 0.0000000000000000000, -1.000000000000000000 ) ) ;
#1860 = ORIENTED_EDGE ( 'NONE', *, *, #3630, .T. ) ;
#1861 = PLANE ( 'NONE',  #684 ) ;
#1862 = DIRECTION ( 'NONE',  ( -0.0000000000000000000, -0.0000000000000000000, -1.000000000000000000 ) ) ;
#1863 = FACE_OUTER_BOUND ( 'NONE', #1468, .T. ) ;
#1864 = SURFACE_STYLE_FILL_AREA ( #2524 ) ;
#1865 =( LENGTH_UNIT ( ) NAMED_UNIT ( * ) SI_UNIT ( .MILLI., .METRE. ) );
#1867 = CARTESIAN_POINT ( 'NONE',  ( -8.219999999999991800, 5.204748896376250700E-016, -4.250000000000000000 ) ) ;
#1866 = DIRECTION ( 'NONE',  ( 0.0000000000000000000, 0.0000000000000000000, 1.000000000000000000 ) ) ;
#1868 = ORIENTED_EDGE ( 'NONE', *, *, #3561, .F. ) ;
#1869 =( GEOMETRIC_REPRESENTATION_CONTEXT ( 3 ) GLOBAL_UNCERTAINTY_ASSIGNED_CONTEXT ( ( #5579 ) ) GLOBAL_UNIT_ASSIGNED_CONTEXT ( ( #4214, #1356, #4700 ) ) REPRESENTATION_CONTEXT ( 'NONE', 'WORKASPACE' ) );
#1870 = DIRECTION ( 'NONE',  ( 0.0000000000000000000, 0.0000000000000000000, 1.000000000000000000 ) ) ;
#1871 = ORIENTED_EDGE ( 'NONE', *, *, #2638, .T. ) ;
#1872 = VERTEX_POINT ( 'NONE', #5147 ) ;
#1873 = DIRECTION ( 'NONE',  ( 0.0000000000000000000, -1.224646799147348800E-016, 1.000000000000000000 ) ) ;
#1874 = PLANE ( 'NONE',  #4454 ) ;
#1875 = CARTESIAN_POINT ( 'NONE',  ( -15.07999999999999700, 0.0000000000000000000, -5.199999999999999300 ) ) ;
#1876 = DIRECTION ( 'NONE',  ( 0.0000000000000000000, 0.0000000000000000000, 1.000000000000000000 ) ) ;
#1877 = ORIENTED_EDGE ( 'NONE', *, *, #866, .F. ) ;
#1878 = ORIENTED_EDGE ( 'NONE', *, *, #5918, .F. ) ;
#1879 = COLOUR_RGB ( '',0.1098039215686274500, 0.1098039215686274500, 0.1098039215686274500 ) ;
#1880 =( NAMED_UNIT ( * ) PLANE_ANGLE_UNIT ( ) SI_UNIT ( $, .RADIAN. ) );
#1881 =( GEOMETRIC_REPRESENTATION_CONTEXT ( 3 ) GLOBAL_UNCERTAINTY_ASSIGNED_CONTEXT ( ( #1668 ) ) GLOBAL_UNIT_ASSIGNED_CONTEXT ( ( #556, #3908, #1047 ) ) REPRESENTATION_CONTEXT ( 'NONE', 'WORKASPACE' ) );
#1883 =( NAMED_UNIT ( * ) SI_UNIT ( $, .STERADIAN. ) SOLID_ANGLE_UNIT ( ) );
#1882 =( LENGTH_UNIT ( ) NAMED_UNIT ( * ) SI_UNIT ( .MILLI., .METRE. ) );
#1884 = EDGE_LOOP ( 'NONE', ( #846, #4448, #907, #2664 ) ) ;
#1885 =( LENGTH_UNIT ( ) NAMED_UNIT ( * ) SI_UNIT ( .MILLI., .METRE. ) );
#1886 = ORIENTED_EDGE ( 'NONE', *, *, #297, .T. ) ;
#1887 = CIRCLE ( 'NONE', #103, 0.1999999999999996500 ) ;
#1888 = STYLED_ITEM ( 'NONE', ( #264 ), #3182 ) ;
#1889 = DIRECTION ( 'NONE',  ( 0.0000000000000000000, 0.0000000000000000000, 1.000000000000000000 ) ) ;
#1891 = CARTESIAN_POINT ( 'NONE',  ( -17.50000000000000000, 6.613092715395706500E-016, -5.400000000000000400 ) ) ;
#1890 =( NAMED_UNIT ( * ) PLANE_ANGLE_UNIT ( ) SI_UNIT ( $, .RADIAN. ) );
#1892 = DIRECTION ( 'NONE',  ( -0.0000000000000000000, -0.0000000000000000000, -1.000000000000000000 ) ) ;
#1893 = EDGE_CURVE ( 'NONE', #5446, #5622, #3242, .T. ) ;
#1894 = FILL_AREA_STYLE_COLOUR ( '', #4607 ) ;
#1895 = FILL_AREA_STYLE ('',( #446 ) ) ;
#1896 = ORIENTED_EDGE ( 'NONE', *, *, #1624, .T. ) ;
#1897 =( NAMED_UNIT ( * ) SI_UNIT ( $, .STERADIAN. ) SOLID_ANGLE_UNIT ( ) );
#1898 = PRESENTATION_STYLE_ASSIGNMENT (( #3896 ) ) ;
#1899 = MECHANICAL_DESIGN_GEOMETRIC_PRESENTATION_REPRESENTATION (  '', ( #1269 ), #2209 ) ;
#1900 = LINE ( 'NONE', #973, #620 ) ;
#1901 = EDGE_LOOP ( 'NONE', ( #3597, #2519 ) ) ;
#1902 = CARTESIAN_POINT ( 'NONE',  ( -7.699999999999994000, 0.0000000000000000000, 0.0000000000000000000 ) ) ;
#1903 =( LENGTH_UNIT ( ) NAMED_UNIT ( * ) SI_UNIT ( .MILLI., .METRE. ) );
#1904 = EDGE_CURVE ( 'NONE', #5837, #779, #3701, .T. ) ;
#1905 = VERTEX_POINT ( 'NONE', #2767 ) ;
#1906 = DIRECTION ( 'NONE',  ( -1.000000000000000000, -0.0000000000000000000, -0.0000000000000000000 ) ) ;
#1908 = CARTESIAN_POINT ( 'NONE',  ( -96.50000000000000000, 7.347880794884487500E-017, -0.6000000000000300600 ) ) ;
#1907 = DIRECTION ( 'NONE',  ( -1.000000000000000000, -0.0000000000000000000, -0.0000000000000000000 ) ) ;
#1909 =( GEOMETRIC_REPRESENTATION_CONTEXT ( 3 ) GLOBAL_UNCERTAINTY_ASSIGNED_CONTEXT ( ( #3306 ) ) GLOBAL_UNIT_ASSIGNED_CONTEXT ( ( #2910, #42, #3388 ) ) REPRESENTATION_CONTEXT ( 'NONE', 'WORKASPACE' ) );
#1910 = AXIS2_PLACEMENT_3D ( 'NONE', #1768, #1274, #269 ) ;
#1911 = EDGE_LOOP ( 'NONE', ( #6152, #5024, #3282, #5689 ) ) ;
#1912 = AXIS2_PLACEMENT_3D ( 'NONE', #6122, #3244, #381 ) ;
#1913 = ORIENTED_EDGE ( 'NONE', *, *, #4469, .T. ) ;
#1915 = DIRECTION ( 'NONE',  ( 0.0000000000000000000, 0.0000000000000000000, 1.000000000000000000 ) ) ;
#1914 = CARTESIAN_POINT ( 'NONE',  ( -6.999999999999993800, 0.0000000000000000000, 1.797534614761419800E-031 ) ) ;
#1916 = VECTOR ( 'NONE', #598, 1000.000000000000000 ) ;
#1917 = FILL_AREA_STYLE ('',( #4794 ) ) ;
#1918 = DIRECTION ( 'NONE',  ( 0.0000000000000000000, 0.0000000000000000000, 1.000000000000000000 ) ) ;
#1919 = CARTESIAN_POINT ( 'NONE',  ( -91.50000000000000000, 0.0000000000000000000, 0.0000000000000000000 ) ) ;
#1920 = TOROIDAL_SURFACE ( 'NONE', #19, 4.450000000000000200, 0.2000000000000000900 ) ;
#1921 = SURFACE_STYLE_FILL_AREA ( #636 ) ;
#1922 = ORIENTED_EDGE ( 'NONE', *, *, #5032, .F. ) ;
#1923 = DIRECTION ( 'NONE',  ( 0.0000000000000000000, 0.0000000000000000000, 1.000000000000000000 ) ) ;
#1924 =( NAMED_UNIT ( * ) PLANE_ANGLE_UNIT ( ) SI_UNIT ( $, .RADIAN. ) );
#1925 = SURFACE_STYLE_FILL_AREA ( #2765 ) ;
#1926 = EDGE_LOOP ( 'NONE', ( #6042, #5223 ) ) ;
#1927 = CARTESIAN_POINT ( 'NONE',  ( -8.000000000000007100, 0.0000000000000000000, 2.600000000000000500 ) ) ;
#1928 = PRESENTATION_LAYER_ASSIGNMENT (  '', '', ( #1294 ) ) ;
#1929 = CARTESIAN_POINT ( 'NONE',  ( -12.13999999999999900, 5.327213576290988200E-016, -4.250000000000000000 ) ) ;
#1930 = ORIENTED_EDGE ( 'NONE', *, *, #2347, .F. ) ;
#1931 = FACE_OUTER_BOUND ( 'NONE', #2689, .T. ) ;
#1932 = VECTOR ( 'NONE', #2396, 999.9999999999998900 ) ;
#1933 = COLOUR_RGB ( '',0.1098039215686274500, 0.1098039215686274500, 0.1098039215686274500 ) ;
#1934 = CARTESIAN_POINT ( 'NONE',  ( -102.6292860697262900, 0.0000000000000000000, 4.250000000000000000 ) ) ;
#1935 = DIRECTION ( 'NONE',  ( -1.000000000000000000, 0.0000000000000000000, 0.0000000000000000000 ) ) ;
#1936 = FILL_AREA_STYLE ('',( #3835 ) ) ;
#1937 = DIRECTION ( 'NONE',  ( -1.000000000000000000, -0.0000000000000000000, -0.0000000000000000000 ) ) ;
#1938 = VERTEX_POINT ( 'NONE', #3743 ) ;
#1939 = EDGE_CURVE ( 'NONE', #3890, #5341, #711, .T. ) ;
#1940 = SURFACE_SIDE_STYLE ('',( #5502 ) ) ;
#1941 = AXIS2_PLACEMENT_3D ( 'NONE', #4043, #1181, #4521 ) ;
#1942 = EDGE_CURVE ( 'NONE', #2882, #3657, #282, .T. ) ;
#1943 = FILL_AREA_STYLE ('',( #8 ) ) ;
#1944 = SPHERICAL_SURFACE ( 'NONE', #4878, 2.499999999999998700 ) ;
#1945 = CIRCLE ( 'NONE', #4924, 5.199999999999999300 ) ;
#1946 = DIRECTION ( 'NONE',  ( 0.0000000000000000000, 0.0000000000000000000, 1.000000000000000000 ) ) ;
#1947 =( NAMED_UNIT ( * ) PLANE_ANGLE_UNIT ( ) SI_UNIT ( $, .RADIAN. ) );
#1948 = CARTESIAN_POINT ( 'NONE',  ( -10.00000000000000900, 0.0000000000000000000, 1.800000000000040000 ) ) ;
#1949 = AXIS2_PLACEMENT_3D ( 'NONE', #2031, #5411, #2573 ) ;
#1950 =( LENGTH_UNIT ( ) NAMED_UNIT ( * ) SI_UNIT ( .MILLI., .METRE. ) );
#1951 = ORIENTED_EDGE ( 'NONE', *, *, #342, .F. ) ;
#1952 = CARTESIAN_POINT ( 'NONE',  ( -8.219999999999995300, 5.449678256205721800E-016, -4.450000000000000200 ) ) ;
#1954 = DIRECTION ( 'NONE',  ( -0.0000000000000000000, 1.000000000000000000, 1.224646799147353200E-016 ) ) ;
#1953 = CARTESIAN_POINT ( 'NONE',  ( -8.000000000000007100, 0.0000000000000000000, 0.0000000000000000000 ) ) ;
#1956 = CONICAL_SURFACE ( 'NONE', #4189, 2.000000000000000000, 0.7853981633974479500 ) ;
#1955 = AXIS2_PLACEMENT_3D ( 'NONE', #2263, #5612, #2742 ) ;
#1957 = PLANE ( 'NONE',  #2855 ) ;
#1958 = COLOUR_RGB ( '',0.1098039215686274500, 0.1098039215686274500, 0.1098039215686274500 ) ;
#1959 = CIRCLE ( 'NONE', #1012, 5.199999999999999300 ) ;
#1960 = VERTEX_POINT ( 'NONE', #874 ) ;
#1961 = EDGE_CURVE ( 'NONE', #1827, #395, #2672, .T. ) ;
#1962 = FILL_AREA_STYLE_COLOUR ( '', #2338 ) ;
#1963 = SURFACE_STYLE_USAGE ( .BOTH. , #4837 ) ;
#1964 = ORIENTED_EDGE ( 'NONE', *, *, #1275, .T. ) ;
#1965 = CARTESIAN_POINT ( 'NONE',  ( -98.50000000000000000, 3.061616997868383100E-016, 2.500000000000000000 ) ) ;
#1966 = FILL_AREA_STYLE_COLOUR ( '', #2946 ) ;
#1967 = DIRECTION ( 'NONE',  ( 0.0000000000000000000, 0.0000000000000000000, 1.000000000000000000 ) ) ;
#1968 = DIRECTION ( 'NONE',  ( -1.000000000000000000, 0.0000000000000000000, -0.0000000000000000000 ) ) ;
#1969 = CARTESIAN_POINT ( 'NONE',  ( -16.18000000000000000, 0.0000000000000000000, 0.0000000000000000000 ) ) ;
#1970 = ORIENTED_EDGE ( 'NONE', *, *, #3986, .F. ) ;
#1971 = CARTESIAN_POINT ( 'NONE',  ( -91.50000000000000000, 0.0000000000000000000, 0.0000000000000000000 ) ) ;
#1972 = AXIS2_PLACEMENT_3D ( 'NONE', #3846, #987, #4338 ) ;
#1973 =( NAMED_UNIT ( * ) SI_UNIT ( $, .STERADIAN. ) SOLID_ANGLE_UNIT ( ) );
#1974 = ORIENTED_EDGE ( 'NONE', *, *, #3641, .T. ) ;
#1975 = CARTESIAN_POINT ( 'NONE',  ( -9.719999999999991800, 0.0000000000000000000, 4.450000000000001100 ) ) ;
#1976 = VECTOR ( 'NONE', #2824, 1000.000000000000000 ) ;
#1977 = ORIENTED_EDGE ( 'NONE', *, *, #601, .T. ) ;
#1978 = CARTESIAN_POINT ( 'NONE',  ( -92.50000000000001400, 0.0000000000000000000, 0.6000000000000529400 ) ) ;
#1979 = AXIS2_PLACEMENT_3D ( 'NONE', #1633, #4946, #2074 ) ;
#1980 = AXIS2_PLACEMENT_3D ( 'NONE', #2929, #72, #3415 ) ;
#1981 =( LENGTH_UNIT ( ) NAMED_UNIT ( * ) SI_UNIT ( .MILLI., .METRE. ) );
#1982 = EDGE_LOOP ( 'NONE', ( #5690, #1302, #3713, #1533 ) ) ;
#1983 = DIRECTION ( 'NONE',  ( -1.000000000000000000, -0.0000000000000000000, -0.0000000000000000000 ) ) ;
#1984 = ORIENTED_EDGE ( 'NONE', *, *, #741, .F. ) ;
#1985 = CARTESIAN_POINT ( 'NONE',  ( -123.0434319239197500, 7.347880794884488800E-017, -0.6000000000000301800 ) ) ;
#1986 = ORIENTED_EDGE ( 'NONE', *, *, #4149, .F. ) ;
#1987 = CIRCLE ( 'NONE', #5132, 4.250000000000000000 ) ;
#1988 = DIRECTION ( 'NONE',  ( -0.0000000000000000000, -0.0000000000000000000, 1.000000000000000000 ) ) ;
#1989 = EDGE_CURVE ( 'NONE', #3807, #6006, #5226, .T. ) ;
#1990 =( NAMED_UNIT ( * ) SI_UNIT ( $, .STERADIAN. ) SOLID_ANGLE_UNIT ( ) );
#1991 = FILL_AREA_STYLE_COLOUR ( '', #3718 ) ;
#1992 = UNCERTAINTY_MEASURE_WITH_UNIT (LENGTH_MEASURE( 1.000000000000000100E-005 ), #2175, 'distance_accuracy_value', 'NONE');
#1993 = DIRECTION ( 'NONE',  ( 0.0000000000000000000, 0.0000000000000000000, -1.000000000000000000 ) ) ;
#1994 = CIRCLE ( 'NONE', #4512, 2.200000000000024200 ) ;
#1995 = CYLINDRICAL_SURFACE ( 'NONE', #3672, 0.6000000000000301800 ) ;
#1996 = CIRCLE ( 'NONE', #2845, 5.400000000000000400 ) ;
#1997 = MECHANICAL_DESIGN_GEOMETRIC_PRESENTATION_REPRESENTATION (  '', ( #1031 ), #2296 ) ;
#1998 = FILL_AREA_STYLE ('',( #3891 ) ) ;
#1999 = DIRECTION ( 'NONE',  ( 0.0000000000000000000, 0.0000000000000000000, 1.000000000000000000 ) ) ;
#2000 = TOROIDAL_SURFACE ( 'NONE', #3091, 5.500000000000001800, 0.5000000000000000000 ) ;
#2001 = ADVANCED_FACE ( 'NONE', ( #137 ), #958, .T. ) ;
#2002 = LINE ( 'NONE', #1049, #2805 ) ;
#2003 = CIRCLE ( 'NONE', #6020, 0.1999999999999996500 ) ;
#2004 = CIRCLE ( 'NONE', #2512, 1.750000000000004000 ) ;
#2005 = CARTESIAN_POINT ( 'NONE',  ( -6.999999999999993800, 0.0000000000000000000, 6.000000000000000900 ) ) ;
#2006 = VERTEX_POINT ( 'NONE', #5681 ) ;
#2007 = CIRCLE ( 'NONE', #3412, 3.500000000000002700 ) ;
#2008 = MECHANICAL_DESIGN_GEOMETRIC_PRESENTATION_REPRESENTATION (  '', ( #1362 ), #2307 ) ;
#2009 = ORIENTED_EDGE ( 'NONE', *, *, #3413, .F. ) ;
#2010 = CARTESIAN_POINT ( 'NONE',  ( -93.50000000000000000, 1.408343819019500600E-016, -0.9000000000000345500 ) ) ;
#2011 = DIRECTION ( 'NONE',  ( 0.0000000000000000000, 0.0000000000000000000, 1.000000000000000000 ) ) ;
#2012 = PRESENTATION_LAYER_ASSIGNMENT (  '', '', ( #2958 ) ) ;
#2013 = DIRECTION ( 'NONE',  ( -1.000000000000000000, -0.0000000000000000000, -0.0000000000000000000 ) ) ;
#2014 = ORIENTED_EDGE ( 'NONE', *, *, #5416, .F. ) ;
#2015 = EDGE_CURVE ( 'NONE', #1154, #4106, #4629, .T. ) ;
#2016 = SURFACE_STYLE_USAGE ( .BOTH. , #4892 ) ;
#2017 = EDGE_CURVE ( 'NONE', #5574, #1185, #3347, .T. ) ;
#2018 = AXIS2_PLACEMENT_3D ( 'NONE', #5432, #1151, #4493 ) ;
#2019 = TOROIDAL_SURFACE ( 'NONE', #4348, 1.700000000000023500, 0.5000000000000002200 ) ;
#2020 = CYLINDRICAL_SURFACE ( 'NONE', #4405, 2.200000000000024200 ) ;
#2021 = STYLED_ITEM ( 'NONE', ( #2219 ), #5448 ) ;
#2022 = EDGE_CURVE ( 'NONE', #1057, #3304, #2079, .T. ) ;
#2023 = MECHANICAL_DESIGN_GEOMETRIC_PRESENTATION_REPRESENTATION (  '', ( #1384 ), #2328 ) ;
#2024 = CARTESIAN_POINT ( 'NONE',  ( -115.6523383537547100, 0.0000000000000000000, 0.0000000000000000000 ) ) ;
#2025 = ORIENTED_EDGE ( 'NONE', *, *, #6177, .T. ) ;
#2026 = CARTESIAN_POINT ( 'NONE',  ( -9.719999999999991800, 6.490628035480971900E-016, -5.199999999999999300 ) ) ;
#2027 =( GEOMETRIC_REPRESENTATION_CONTEXT ( 3 ) GLOBAL_UNCERTAINTY_ASSIGNED_CONTEXT ( ( #4281 ) ) GLOBAL_UNIT_ASSIGNED_CONTEXT ( ( #4954, #5877, #3456 ) ) REPRESENTATION_CONTEXT ( 'NONE', 'WORKASPACE' ) );
#2028 = VERTEX_POINT ( 'NONE', #1908 ) ;
#2029 = CARTESIAN_POINT ( 'NONE',  ( -11.00000000000001100, 0.0000000000000000000, 2.200000000000008600 ) ) ;
#2030 = ORIENTED_EDGE ( 'NONE', *, *, #4263, .T. ) ;
#2031 = CARTESIAN_POINT ( 'NONE',  ( -7.699999999999998400, 0.0000000000000000000, 0.0000000000000000000 ) ) ;
#2033 =( NAMED_UNIT ( * ) SI_UNIT ( $, .STERADIAN. ) SOLID_ANGLE_UNIT ( ) );
#2032 = AXIS2_PLACEMENT_3D ( 'NONE', #5465, #2583, #5949 ) ;
#2034 = ITEM_DEFINED_TRANSFORMATION ( 'NONE', 'NONE', #4589,  #2144 ) ;
#2035 = SURFACE_STYLE_FILL_AREA ( #2389 ) ;
#2036 = ORIENTED_EDGE ( 'NONE', *, *, #3905, .F. ) ;
#2037 = DIRECTION ( 'NONE',  ( -1.000000000000000000, -0.0000000000000000000, -0.0000000000000000000 ) ) ;
#2038 = ORIENTED_EDGE ( 'NONE', *, *, #5142, .T. ) ;
#2039 = EDGE_LOOP ( 'NONE', ( #626, #2305, #5547, #309 ) ) ;
#2040 = SURFACE_STYLE_FILL_AREA ( #1998 ) ;
#2041 = CARTESIAN_POINT ( 'NONE',  ( -8.219999999999991800, 0.0000000000000000000, 4.250000000000000000 ) ) ;
#2042 = EDGE_CURVE ( 'NONE', #4108, #4065, #5891, .T. ) ;
#2043 = ORIENTED_EDGE ( 'NONE', *, *, #4947, .F. ) ;
#2044 = DIRECTION ( 'NONE',  ( 0.0000000000000000000, 0.0000000000000000000, 1.000000000000000000 ) ) ;
#2045 = VERTEX_POINT ( 'NONE', #1927 ) ;
#2046 = UNCERTAINTY_MEASURE_WITH_UNIT (LENGTH_MEASURE( 1.000000000000000100E-005 ), #1045, 'distance_accuracy_value', 'NONE');
#2047 = DIRECTION ( 'NONE',  ( -1.000000000000000000, 0.0000000000000000000, 0.0000000000000000000 ) ) ;
#2048 = SURFACE_SIDE_STYLE ('',( #5236 ) ) ;
#2049 =( LENGTH_UNIT ( ) NAMED_UNIT ( * ) SI_UNIT ( .MILLI., .METRE. ) );
#2050 = ORIENTED_EDGE ( 'NONE', *, *, #3702, .F. ) ;
#2051 = AXIS2_PLACEMENT_3D ( 'NONE', #1750, #791, #3678 ) ;
#2052 = CARTESIAN_POINT ( 'NONE',  ( -8.419999999999996400, 0.0000000000000000000, 4.450000000000001100 ) ) ;
#2053 = CARTESIAN_POINT ( 'NONE',  ( -16.37999999999999200, 6.490628035480971900E-016, -5.199999999999999300 ) ) ;
#2054 = AXIS2_PLACEMENT_3D ( 'NONE', #393, #3752, #879 ) ;
#2055 = DIRECTION ( 'NONE',  ( -1.000000000000000000, -0.0000000000000000000, -0.0000000000000000000 ) ) ;
#2056 = ORIENTED_EDGE ( 'NONE', *, *, #3205, .T. ) ;
#2057 = EDGE_CURVE ( 'NONE', #3139, #3391, #5744, .T. ) ;
#2058 = ORIENTED_EDGE ( 'NONE', *, *, #4932, .T. ) ;
#2059 = PRESENTATION_STYLE_ASSIGNMENT (( #5715 ) ) ;
#2060 = CARTESIAN_POINT ( 'NONE',  ( 0.0000000000000000000, 0.0000000000000000000, 12.40000000000000200 ) ) ;
#2061 = CIRCLE ( 'NONE', #6063, 0.5000000000000002200 ) ;
#2062 = DIRECTION ( 'NONE',  ( 0.0000000000000000000, 0.0000000000000000000, -1.000000000000000000 ) ) ;
#2063 = AXIS2_PLACEMENT_3D ( 'NONE', #755, #4099, #1245 ) ;
#2064 = CARTESIAN_POINT ( 'NONE',  ( -102.6292860697262900, 0.0000000000000000000, 0.0000000000000000000 ) ) ;
#2065 = DIRECTION ( 'NONE',  ( -0.0000000000000000000, -0.0000000000000000000, -1.000000000000000000 ) ) ;
#2066 =( NAMED_UNIT ( * ) PLANE_ANGLE_UNIT ( ) SI_UNIT ( $, .RADIAN. ) );
#2067 = AXIS2_PLACEMENT_3D ( 'NONE', #1084, #3434, #4412 ) ;
#2068 = DIRECTION ( 'NONE',  ( -1.000000000000000000, 0.0000000000000000000, 0.0000000000000000000 ) ) ;
#2069 = ORIENTED_EDGE ( 'NONE', *, *, #3114, .T. ) ;
#2070 = CARTESIAN_POINT ( 'NONE',  ( -102.6292860697262900, 0.0000000000000000000, 0.0000000000000000000 ) ) ;
#2071 = ORIENTED_EDGE ( 'NONE', *, *, #1063, .T. ) ;
#2072 = CYLINDRICAL_SURFACE ( 'NONE', #637, 2.999999999999996000 ) ;
#2073 = CYLINDRICAL_SURFACE ( 'NONE', #2087, 0.6000000000000301800 ) ;
#2074 = DIRECTION ( 'NONE',  ( 0.0000000000000000000, 0.0000000000000000000, 1.000000000000000000 ) ) ;
#2075 = EDGE_LOOP ( 'NONE', ( #4069, #4675, #4239, #4736 ) ) ;
#2076 = ADVANCED_FACE ( 'NONE', ( #654 ), #3046, .T. ) ;
#2077 = EDGE_LOOP ( 'NONE', ( #2494, #4814 ) ) ;
#2078 = TOROIDAL_SURFACE ( 'NONE', #242, 0.9000000000000379900, 0.5000000000000002200 ) ;
#2079 = CIRCLE ( 'NONE', #3603, 6.000000000000000900 ) ;
#2080 = VECTOR ( 'NONE', #3580, 1000.000000000000000 ) ;
#2081 = VERTEX_POINT ( 'NONE', #3363 ) ;
#2082 = CARTESIAN_POINT ( 'NONE',  ( -15.28000000000000100, 0.0000000000000000000, 0.0000000000000000000 ) ) ;
#2083 = CARTESIAN_POINT ( 'NONE',  ( -115.6523383537547100, 0.0000000000000000000, 0.0000000000000000000 ) ) ;
#2084 = FILL_AREA_STYLE ('',( #547 ) ) ;
#2085 = COLOUR_RGB ( '',0.1098039215686274500, 0.1098039215686274500, 0.1098039215686274500 ) ;
#2086 = DIRECTION ( 'NONE',  ( -0.0000000000000000000, -0.0000000000000000000, -1.000000000000000000 ) ) ;
#2087 = AXIS2_PLACEMENT_3D ( 'NONE', #349, #832, #3208 ) ;
#2088 = FILL_AREA_STYLE_COLOUR ( '', #6035 ) ;
#2089 =( NAMED_UNIT ( * ) PLANE_ANGLE_UNIT ( ) SI_UNIT ( $, .RADIAN. ) );
#2090 = CARTESIAN_POINT ( 'NONE',  ( -10.99999999999999600, 0.0000000000000000000, 0.0000000000000000000 ) ) ;
#2091 = DIRECTION ( 'NONE',  ( 0.0000000000000000000, 0.0000000000000000000, 1.000000000000000000 ) ) ;
#2092 = AXIS2_PLACEMENT_3D ( 'NONE', #1492, #4841, #1967 ) ;
#2093 =( NAMED_UNIT ( * ) PLANE_ANGLE_UNIT ( ) SI_UNIT ( $, .RADIAN. ) );
#2094 = EDGE_LOOP ( 'NONE', ( #659, #2861, #5012, #4596 ) ) ;
#2095 = EDGE_CURVE ( 'NONE', #4360, #5544, #3191, .T. ) ;
#2096 = DIRECTION ( 'NONE',  ( -1.000000000000000000, 0.0000000000000000000, 0.0000000000000000000 ) ) ;
#2097 = CIRCLE ( 'NONE', #3868, 4.250000000000000000 ) ;
#2098 = CARTESIAN_POINT ( 'NONE',  ( 0.0000000000000000000, 0.0000000000000000000, 22.61045284632676600 ) ) ;
#2099 = PRESENTATION_LAYER_ASSIGNMENT (  '', '', ( #1466 ) ) ;
#2100 = TOROIDAL_SURFACE ( 'NONE', #3387, 5.200000000000001100, 0.2000000000000000900 ) ;
#2101 = CIRCLE ( 'NONE', #4013, 1.000000000000032000 ) ;
#2102 = ORIENTED_EDGE ( 'NONE', *, *, #2317, .F. ) ;
#2103 = EDGE_CURVE ( 'NONE', #1827, #2191, #5597, .T. ) ;
#2104 = SURFACE_SIDE_STYLE ('',( #5633 ) ) ;
#2105 = AXIS2_PLACEMENT_3D ( 'NONE', #3525, #657, #4007 ) ;
#2106 = VERTEX_POINT ( 'NONE', #1475 ) ;
#2107 = FILL_AREA_STYLE ('',( #1152 ) ) ;
#2108 = CARTESIAN_POINT ( 'NONE',  ( -102.6292860697262900, 5.204748896376250700E-016, -4.250000000000000000 ) ) ;
#2109 = PRESENTATION_LAYER_ASSIGNMENT (  '', '', ( #1792 ) ) ;
#2110 = PRESENTATION_STYLE_ASSIGNMENT (( #3650 ) ) ;
#2111 = STYLED_ITEM ( 'NONE', ( #4012 ), #1725 ) ;
#2112 = EDGE_LOOP ( 'NONE', ( #4429, #5917 ) ) ;
#2113 = FILL_AREA_STYLE_COLOUR ( '', #2169 ) ;
#2114 = ORIENTED_EDGE ( 'NONE', *, *, #5802, .F. ) ;
#2115 = ADVANCED_FACE ( 'NONE', ( #801 ), #3875, .F. ) ;
#2116 = ORIENTED_EDGE ( 'NONE', *, *, #5545, .T. ) ;
#2117 = EDGE_LOOP ( 'NONE', ( #5950, #2774, #3873, #2473 ) ) ;
#2118 = MECHANICAL_DESIGN_GEOMETRIC_PRESENTATION_REPRESENTATION (  '', ( #833 ), #2437 ) ;
#2119 = CARTESIAN_POINT ( 'NONE',  ( -15.27999999999999800, 0.0000000000000000000, 0.0000000000000000000 ) ) ;
#2120 = DIRECTION ( 'NONE',  ( -1.000000000000000000, -0.0000000000000000000, -0.0000000000000000000 ) ) ;
#2121 = EDGE_LOOP ( 'NONE', ( #2814, #1121 ) ) ;
#2122 = DIRECTION ( 'NONE',  ( 0.0000000000000000000, 0.7359423377523195400, 0.6770442197549958500 ) ) ;
#2123 = AXIS2_PLACEMENT_3D ( 'NONE', #3404, #538, #3889 ) ;
#2124 = SURFACE_SIDE_STYLE ('',( #4722 ) ) ;
#2125 = DIRECTION ( 'NONE',  ( 0.0000000000000000000, 0.0000000000000000000, 1.000000000000000000 ) ) ;
#2126 = FILL_AREA_STYLE_COLOUR ( '', #4142 ) ;
#2127 = EDGE_LOOP ( 'NONE', ( #5832, #2833, #5082, #576 ) ) ;
#2128 = PRESENTATION_STYLE_ASSIGNMENT (( #2373 ) ) ;
#2129 =( NAMED_UNIT ( * ) SI_UNIT ( $, .STERADIAN. ) SOLID_ANGLE_UNIT ( ) );
#2130 = EDGE_CURVE ( 'NONE', #2442, #4427, #1334, .T. ) ;
#2131 = MECHANICAL_DESIGN_GEOMETRIC_PRESENTATION_REPRESENTATION (  '', ( #610 ), #2452 ) ;
#2132 = AXIS2_PLACEMENT_3D ( 'NONE', #4158, #1305, #4645 ) ;
#2133 = EDGE_CURVE ( 'NONE', #5263, #2522, #2586, .T. ) ;
#2134 =( GEOMETRIC_REPRESENTATION_CONTEXT ( 3 ) GLOBAL_UNCERTAINTY_ASSIGNED_CONTEXT ( ( #4610 ) ) GLOBAL_UNIT_ASSIGNED_CONTEXT ( ( #5737, #2866, #6 ) ) REPRESENTATION_CONTEXT ( 'NONE', 'WORKASPACE' ) );
#2135 = DIRECTION ( 'NONE',  ( -1.000000000000000000, -0.0000000000000000000, -0.0000000000000000000 ) ) ;
#2136 =( LENGTH_UNIT ( ) NAMED_UNIT ( * ) SI_UNIT ( .MILLI., .METRE. ) );
#2137 = TOROIDAL_SURFACE ( 'NONE', #2380, 1.410652069897088600, 0.09999999999999964500 ) ;
#2138 = STYLED_ITEM ( 'NONE', ( #913 ), #294 ) ;
#2139 = DIRECTION ( 'NONE',  ( -1.000000000000000000, -0.0000000000000000000, -0.0000000000000000000 ) ) ;
#2141 = FACE_OUTER_BOUND ( 'NONE', #4216, .T. ) ;
#2140 = DIRECTION ( 'NONE',  ( -1.000000000000000000, -0.0000000000000000000, -0.0000000000000000000 ) ) ;
#2142 = DIRECTION ( 'NONE',  ( 1.000000000000000000, 0.0000000000000000000, 0.0000000000000000000 ) ) ;
#2143 = PRESENTATION_LAYER_ASSIGNMENT (  '', '', ( #1825 ) ) ;
#2144 = AXIS2_PLACEMENT_3D ( 'NONE', #4286, #1424, #4766 ) ;
#2145 = DIRECTION ( 'NONE',  ( -1.000000000000000000, -0.0000000000000000000, -0.0000000000000000000 ) ) ;
#2146 = DIRECTION ( 'NONE',  ( -1.000000000000000000, -0.0000000000000000000, -0.0000000000000000000 ) ) ;
#2147 = AXIS2_PLACEMENT_3D ( 'NONE', #461, #6205, #4302 ) ;
#2148 = DIRECTION ( 'NONE',  ( -1.000000000000000000, -0.0000000000000000000, -0.0000000000000000000 ) ) ;
#2149 = ADVANCED_FACE ( 'NONE', ( #55 ), #731, .T. ) ;
#2150 = UNCERTAINTY_MEASURE_WITH_UNIT (LENGTH_MEASURE( 1.000000000000000100E-005 ), #4798, 'distance_accuracy_value', 'NONE');
#2151 = CIRCLE ( 'NONE', #5685, 1.750000000000003300 ) ;
#2152 = ORIENTED_EDGE ( 'NONE', *, *, #5581, .T. ) ;
#2153 = CIRCLE ( 'NONE', #1504, 2.600000000000010300 ) ;
#2154 = EDGE_CURVE ( 'NONE', #3947, #2936, #2004, .T. ) ;
#2155 = DIRECTION ( 'NONE',  ( -0.0000000000000000000, 1.000000000000000000, 1.224646799147353200E-016 ) ) ;
#2156 = TOROIDAL_SURFACE ( 'NONE', #1623, 1.410652069897088600, 0.09999999999999964500 ) ;
#2157 = DIRECTION ( 'NONE',  ( 0.0000000000000000000, 0.0000000000000000000, 1.000000000000000000 ) ) ;
#2158 =( LENGTH_UNIT ( ) NAMED_UNIT ( * ) SI_UNIT ( .MILLI., .METRE. ) );
#2159 = ORIENTED_EDGE ( 'NONE', *, *, #2327, .T. ) ;
#2160 = DIRECTION ( 'NONE',  ( -1.000000000000000000, 0.0000000000000000000, 0.0000000000000000000 ) ) ;
#2161 = FILL_AREA_STYLE_COLOUR ( '', #3484 ) ;
#2162 = DIRECTION ( 'NONE',  ( -1.000000000000000000, -0.0000000000000000000, -0.0000000000000000000 ) ) ;
#2163 = MECHANICAL_DESIGN_GEOMETRIC_PRESENTATION_REPRESENTATION (  '', ( #878 ), #2482 ) ;
#2164 = FACE_OUTER_BOUND ( 'NONE', #5878, .T. ) ;
#2165 = CARTESIAN_POINT ( 'NONE',  ( -91.50000000000000000, 0.0000000000000000000, -1.800000000000039800 ) ) ;
#2166 = CARTESIAN_POINT ( 'NONE',  ( 0.0000000000000000000, 0.0000000000000000000, 22.39999999999999900 ) ) ;
#2167 = ORIENTED_EDGE ( 'NONE', *, *, #6118, .F. ) ;
#2168 = FACE_OUTER_BOUND ( 'NONE', #5857, .T. ) ;
#2169 = COLOUR_RGB ( '',0.1098039215686274500, 0.1098039215686274500, 0.1098039215686274500 ) ;
#2170 = EDGE_LOOP ( 'NONE', ( #3903, #1688, #3307, #3918 ) ) ;
#2172 = FILL_AREA_STYLE ('',( #5054 ) ) ;
#2171 = AXIS2_PLACEMENT_3D ( 'NONE', #1690, #2631, #3103 ) ;
#2173 = ORIENTED_EDGE ( 'NONE', *, *, #5980, .T. ) ;
#2174 = CARTESIAN_POINT ( 'NONE',  ( 0.0000000000000000000, 0.0000000000000000000, 22.59999999999999800 ) ) ;
#2175 =( LENGTH_UNIT ( ) NAMED_UNIT ( * ) SI_UNIT ( .MILLI., .METRE. ) );
#2176 = CONTEXT_DEPENDENT_SHAPE_REPRESENTATION ( #4133, #4854 ) ;
#2177 = FACE_OUTER_BOUND ( 'NONE', #4180, .T. ) ;
#2178 = ADVANCED_FACE ( 'NONE', ( #4549 ), #2957, .F. ) ;
#2179 = FILL_AREA_STYLE_COLOUR ( '', #54 ) ;
#2180 = CARTESIAN_POINT ( 'NONE',  ( -18.39999999999999900, 0.0000000000000000000, 0.0000000000000000000 ) ) ;
#2181 = ORIENTED_EDGE ( 'NONE', *, *, #524, .F. ) ;
#2182 = ORIENTED_EDGE ( 'NONE', *, *, #3333, .F. ) ;
#2183 = SURFACE_STYLE_USAGE ( .BOTH. , #5063 ) ;
#2184 = EDGE_LOOP ( 'NONE', ( #2706, #4504 ) ) ;
#2185 = APPLICATION_PROTOCOL_DEFINITION ( 'draft international standard', 'automotive_design', 1998, #5065 ) ;
#2186 = ORIENTED_EDGE ( 'NONE', *, *, #2851, .T. ) ;
#2187 =( LENGTH_UNIT ( ) NAMED_UNIT ( * ) SI_UNIT ( .MILLI., .METRE. ) );
#2188 = FACE_OUTER_BOUND ( 'NONE', #3881, .T. ) ;
#2189 = AXIS2_PLACEMENT_3D ( 'NONE', #3756, #884, #4230 ) ;
#2190 =( NAMED_UNIT ( * ) SI_UNIT ( $, .STERADIAN. ) SOLID_ANGLE_UNIT ( ) );
#2191 = VERTEX_POINT ( 'NONE', #5829 ) ;
#2192 = UNCERTAINTY_MEASURE_WITH_UNIT (LENGTH_MEASURE( 1.000000000000000100E-005 ), #5818, 'distance_accuracy_value', 'NONE');
#2193 = CARTESIAN_POINT ( 'NONE',  ( -7.499999999999994700, 0.0000000000000000000, 1.925929944387235600E-031 ) ) ;
#2194 = STYLED_ITEM ( 'NONE', ( #5658 ), #2178 ) ;
#2195 =( NAMED_UNIT ( * ) SI_UNIT ( $, .STERADIAN. ) SOLID_ANGLE_UNIT ( ) );
#2196 = PRESENTATION_STYLE_ASSIGNMENT (( #1963 ) ) ;
#2197 = APPLICATION_PROTOCOL_DEFINITION ( 'draft international standard', 'automotive_design', 1998, #5044 ) ;
#2198 = PRESENTATION_LAYER_ASSIGNMENT (  '', '', ( #1888 ) ) ;
#2199 = ORIENTED_EDGE ( 'NONE', *, *, #3175, .F. ) ;
#2200 = DIRECTION ( 'NONE',  ( 0.0000000000000000000, 0.0000000000000000000, 1.000000000000000000 ) ) ;
#2201 =( LENGTH_UNIT ( ) NAMED_UNIT ( * ) SI_UNIT ( .MILLI., .METRE. ) );
#2202 = ADVANCED_FACE ( 'NONE', ( #272, #1558 ), #4144, .F. ) ;
#2203 = COLOUR_RGB ( '',0.1098039215686274500, 0.1098039215686274500, 0.1098039215686274500 ) ;
#2204 = CIRCLE ( 'NONE', #2229, 1.800000000000016300 ) ;
#2205 = EDGE_CURVE ( 'NONE', #4150, #2339, #3943, .T. ) ;
#2206 = SURFACE_SIDE_STYLE ('',( #2741 ) ) ;
#2207 = CIRCLE ( 'NONE', #4136, 0.1999999999999996500 ) ;
#2208 = SURFACE_STYLE_FILL_AREA ( #1714 ) ;
#2209 =( GEOMETRIC_REPRESENTATION_CONTEXT ( 3 ) GLOBAL_UNCERTAINTY_ASSIGNED_CONTEXT ( ( #3148 ) ) GLOBAL_UNIT_ASSIGNED_CONTEXT ( ( #1950, #5300, #2417 ) ) REPRESENTATION_CONTEXT ( 'NONE', 'WORKASPACE' ) );
#2210 = ADVANCED_FACE ( 'NONE', ( #5216 ), #4778, .F. ) ;
#2211 = PRODUCT_DEFINITION ( 'UNKNOWN', '', #2528, #823 ) ;
#2212 = DIRECTION ( 'NONE',  ( -1.000000000000000000, -0.0000000000000000000, -0.0000000000000000000 ) ) ;
#2213 = FILL_AREA_STYLE ('',( #4127 ) ) ;
#2214 = VERTEX_POINT ( 'NONE', #3193 ) ;
#2215 = FACE_OUTER_BOUND ( 'NONE', #2457, .T. ) ;
#2216 = CIRCLE ( 'NONE', #5571, 0.1999999999999996500 ) ;
#2217 = FACE_OUTER_BOUND ( 'NONE', #901, .T. ) ;
#2218 = EDGE_CURVE ( 'NONE', #3019, #689, #5882, .T. ) ;
#2219 = PRESENTATION_STYLE_ASSIGNMENT (( #1449 ) ) ;
#2220 = ORIENTED_EDGE ( 'NONE', *, *, #5343, .T. ) ;
#2221 = DIRECTION ( 'NONE',  ( -1.000000000000000000, 0.0000000000000000000, -0.0000000000000000000 ) ) ;
#2222 = ORIENTED_EDGE ( 'NONE', *, *, #4085, .T. ) ;
#2223 = EDGE_LOOP ( 'NONE', ( #5530, #4825 ) ) ;
#2224 = CIRCLE ( 'NONE', #5493, 1.999999999999999600 ) ;
#2225 = AXIS2_PLACEMENT_3D ( 'NONE', #4592, #792, #4147 ) ;
#2226 = CIRCLE ( 'NONE', #2248, 0.5000000000000004400 ) ;
#2227 = DIRECTION ( 'NONE',  ( -1.000000000000000000, 0.0000000000000000000, 0.0000000000000000000 ) ) ;
#2228 = DIRECTION ( 'NONE',  ( 0.0000000000000000000, 0.0000000000000000000, 1.000000000000000000 ) ) ;
#2229 = AXIS2_PLACEMENT_3D ( 'NONE', #4218, #1359, #4708 ) ;
#2230 = ORIENTED_EDGE ( 'NONE', *, *, #5898, .F. ) ;
#2231 = ORIENTED_EDGE ( 'NONE', *, *, #542, .T. ) ;
#2232 = CIRCLE ( 'NONE', #1425, 2.500000000000000000 ) ;
#2233 = CARTESIAN_POINT ( 'NONE',  ( 6.000000000000000900, 7.347880794884120700E-016, 6.000000000000042600 ) ) ;
#2234 = FILL_AREA_STYLE_COLOUR ( '', #2806 ) ;
#2235 = SURFACE_SIDE_STYLE ('',( #5657 ) ) ;
#2236 = EDGE_LOOP ( 'NONE', ( #3904, #1285, #2869, #5682 ) ) ;
#2237 = UNCERTAINTY_MEASURE_WITH_UNIT (LENGTH_MEASURE( 1.000000000000000100E-005 ), #5767, 'distance_accuracy_value', 'NONE');
#2238 = PRESENTATION_STYLE_ASSIGNMENT (( #865 ) ) ;
#2239 = CIRCLE ( 'NONE', #4847, 1.532129444674641000 ) ;
#2240 = MECHANICAL_DESIGN_GEOMETRIC_PRESENTATION_REPRESENTATION (  '', ( #1294 ), #2548 ) ;
#2241 = CARTESIAN_POINT ( 'NONE',  ( -93.00000000000000000, 0.0000000000000000000, 0.0000000000000000000 ) ) ;
#2242 = ADVANCED_FACE ( 'NONE', ( #2217 ), #2073, .T. ) ;
#2243 = CARTESIAN_POINT ( 'NONE',  ( 3.500000000000003100, 4.286263797015740000E-016, -8.178233058921771100 ) ) ;
#2244 = DIRECTION ( 'NONE',  ( 0.0000000000000000000, 0.0000000000000000000, 1.000000000000000000 ) ) ;
#2245 = CYLINDRICAL_SURFACE ( 'NONE', #4656, 1.750000000000003300 ) ;
#2246 = ORIENTED_EDGE ( 'NONE', *, *, #4270, .F. ) ;
#2247 = EDGE_CURVE ( 'NONE', #6080, #760, #3338, .T. ) ;
#2248 = AXIS2_PLACEMENT_3D ( 'NONE', #5027, #2155, #5503 ) ;
#2249 = EDGE_CURVE ( 'NONE', #5353, #2522, #4621, .T. ) ;
#2250 = VERTEX_POINT ( 'NONE', #2746 ) ;
#2251 = FACE_OUTER_BOUND ( 'NONE', #4196, .T. ) ;
#2252 =( NAMED_UNIT ( * ) SI_UNIT ( $, .STERADIAN. ) SOLID_ANGLE_UNIT ( ) );
#2253 = DIRECTION ( 'NONE',  ( 0.0000000000000000000, 0.0000000000000000000, 1.000000000000000000 ) ) ;
#2254 = AXIS2_PLACEMENT_3D ( 'NONE', #5959, #2148, #226 ) ;
#2255 = SURFACE_STYLE_USAGE ( .BOTH. , #5129 ) ;
#2256 = DIRECTION ( 'NONE',  ( -1.000000000000000000, 0.0000000000000000000, 0.0000000000000000000 ) ) ;
#2257 = AXIS2_PLACEMENT_3D ( 'NONE', #4174, #1318, #4657 ) ;
#2258 = VERTEX_POINT ( 'NONE', #1345 ) ;
#2259 = EDGE_LOOP ( 'NONE', ( #738, #1565, #1303, #1984 ) ) ;
#2260 = VERTEX_POINT ( 'NONE', #5635 ) ;
#2261 = SURFACE_STYLE_FILL_AREA ( #4056 ) ;
#2262 = ORIENTED_EDGE ( 'NONE', *, *, #5430, .F. ) ;
#2263 = CARTESIAN_POINT ( 'NONE',  ( 0.0000000000000000000, 0.0000000000000000000, 12.50000000000000000 ) ) ;
#2264 = CARTESIAN_POINT ( 'NONE',  ( -6.000000000000077300, 7.347880794884120700E-016, -6.000000000000000900 ) ) ;
#2265 = EDGE_CURVE ( 'NONE', #1848, #3473, #5735, .T. ) ;
#2266 = LINE ( 'NONE', #5211, #1006 ) ;
#2267 = ORIENTED_EDGE ( 'NONE', *, *, #4303, .F. ) ;
#2268 = CARTESIAN_POINT ( 'NONE',  ( -99.00000000000000000, 2.755455298081544300E-016, 1.999999999999999600 ) ) ;
#2269 = ADVANCED_FACE ( 'NONE', ( #949 ), #644, .T. ) ;
#2270 = ORIENTED_EDGE ( 'NONE', *, *, #4800, .T. ) ;
#2272 = DIRECTION ( 'NONE',  ( -1.000000000000000000, -0.0000000000000000000, -0.0000000000000000000 ) ) ;
#2271 = DIRECTION ( 'NONE',  ( -1.000000000000000000, -0.0000000000000000000, -0.0000000000000000000 ) ) ;
#2273 = SURFACE_STYLE_FILL_AREA ( #3316 ) ;
#2274 = DIRECTION ( 'NONE',  ( 0.0000000000000000000, -1.000000000000000000, 0.0000000000000000000 ) ) ;
#2275 = FILL_AREA_STYLE_COLOUR ( '', #3433 ) ;
#2276 = AXIS2_PLACEMENT_3D ( 'NONE', #1952, #5305, #2419 ) ;
#2277 = DIRECTION ( 'NONE',  ( -1.000000000000000000, 0.0000000000000000000, 0.0000000000000000000 ) ) ;
#2278 = CIRCLE ( 'NONE', #3710, 0.1999999999999996500 ) ;
#2279 = CYLINDRICAL_SURFACE ( 'NONE', #2067, 1.000000000000043100 ) ;
#2280 = AXIS2_PLACEMENT_3D ( 'NONE', #645, #3999, #1138 ) ;
#2281 = DIRECTION ( 'NONE',  ( 0.0000000000000000000, 0.0000000000000000000, 1.000000000000000000 ) ) ;
#2282 = AXIS2_PLACEMENT_3D ( 'NONE', #4465, #1610, #4955 ) ;
#2283 = FACE_BOUND ( 'NONE', #5853, .T. ) ;
#2284 = ADVANCED_FACE ( 'NONE', ( #795 ), #4110, .F. ) ;
#2285 = FACE_OUTER_BOUND ( 'NONE', #2715, .T. ) ;
#2286 = VERTEX_POINT ( 'NONE', #4222 ) ;
#2287 = UNCERTAINTY_MEASURE_WITH_UNIT (LENGTH_MEASURE( 1.000000000000000100E-005 ), #1034, 'distance_accuracy_value', 'NONE');
#2288 =( NAMED_UNIT ( * ) SI_UNIT ( $, .STERADIAN. ) SOLID_ANGLE_UNIT ( ) );
#2289 = DIRECTION ( 'NONE',  ( 0.0000000000000000000, -1.224646799147353500E-016, 1.000000000000000000 ) ) ;
#2290 = CARTESIAN_POINT ( 'NONE',  ( -15.07999999999999700, 6.490628035480971900E-016, -5.199999999999999300 ) ) ;
#2291 = FACE_OUTER_BOUND ( 'NONE', #1609, .T. ) ;
#2292 = EDGE_CURVE ( 'NONE', #254, #2260, #5229, .T. ) ;
#2293 = CARTESIAN_POINT ( 'NONE',  ( -13.96000000000000100, 0.0000000000000000000, 0.0000000000000000000 ) ) ;
#2294 = ORIENTED_EDGE ( 'NONE', *, *, #5988, .F. ) ;
#2295 = CYLINDRICAL_SURFACE ( 'NONE', #2171, 1.750000000000003300 ) ;
#2296 =( GEOMETRIC_REPRESENTATION_CONTEXT ( 3 ) GLOBAL_UNCERTAINTY_ASSIGNED_CONTEXT ( ( #473 ) ) GLOBAL_UNIT_ASSIGNED_CONTEXT ( ( #2592, #5958, #3082 ) ) REPRESENTATION_CONTEXT ( 'NONE', 'WORKASPACE' ) );
#2297 = UNCERTAINTY_MEASURE_WITH_UNIT (LENGTH_MEASURE( 1.000000000000000100E-005 ), #2310, 'distance_accuracy_value', 'NONE');
#2298 = FACE_OUTER_BOUND ( 'NONE', #3201, .T. ) ;
#2299 = ADVANCED_FACE ( 'NONE', ( #285 ), #1564, .T. ) ;
#2300 = SURFACE_STYLE_USAGE ( .BOTH. , #5174 ) ;
#2301 = DIRECTION ( 'NONE',  ( 0.0000000000000000000, 0.0000000000000000000, 1.000000000000000000 ) ) ;
#2302 = UNCERTAINTY_MEASURE_WITH_UNIT (LENGTH_MEASURE( 1.000000000000000100E-005 ), #1516, 'distance_accuracy_value', 'NONE');
#2303 = DIRECTION ( 'NONE',  ( -0.0000000000000000000, 0.0000000000000000000, 1.000000000000000000 ) ) ;
#2304 = CARTESIAN_POINT ( 'NONE',  ( -96.50000000000000000, 0.0000000000000000000, 0.0000000000000000000 ) ) ;
#2305 = ORIENTED_EDGE ( 'NONE', *, *, #5416, .T. ) ;
#2306 = SURFACE_STYLE_USAGE ( .BOTH. , #5187 ) ;
#2307 =( GEOMETRIC_REPRESENTATION_CONTEXT ( 3 ) GLOBAL_UNCERTAINTY_ASSIGNED_CONTEXT ( ( #3885 ) ) GLOBAL_UNIT_ASSIGNED_CONTEXT ( ( #1410, #4755, #1883 ) ) REPRESENTATION_CONTEXT ( 'NONE', 'WORKASPACE' ) );
#2308 = CIRCLE ( 'NONE', #4539, 0.4999999999999996700 ) ;
#2309 = ORIENTED_EDGE ( 'NONE', *, *, #46, .T. ) ;
#2310 =( LENGTH_UNIT ( ) NAMED_UNIT ( * ) SI_UNIT ( .MILLI., .METRE. ) );
#2311 = ORIENTED_EDGE ( 'NONE', *, *, #5703, .T. ) ;
#2312 = ADVANCED_FACE ( 'NONE', ( #2673, #3957 ), #1861, .F. ) ;
#2313 = AXIS2_PLACEMENT_3D ( 'NONE', #4498, #1643, #4986 ) ;
#2314 = SURFACE_STYLE_FILL_AREA ( #376 ) ;
#2315 =( NAMED_UNIT ( * ) SI_UNIT ( $, .STERADIAN. ) SOLID_ANGLE_UNIT ( ) );
#2316 = VERTEX_POINT ( 'NONE', #914 ) ;
#2317 = EDGE_CURVE ( 'NONE', #4279, #2716, #3503, .T. ) ;
#2318 = CARTESIAN_POINT ( 'NONE',  ( -10.00000000000000900, 0.0000000000000000000, 2.600000000000010300 ) ) ;
#2319 = FILL_AREA_STYLE_COLOUR ( '', #515 ) ;
#2320 = ORIENTED_EDGE ( 'NONE', *, *, #3409, .T. ) ;
#2321 = EDGE_CURVE ( 'NONE', #4247, #828, #1718, .T. ) ;
#2322 = PRESENTATION_LAYER_ASSIGNMENT (  '', '', ( #1702 ) ) ;
#2323 = SURFACE_STYLE_USAGE ( .BOTH. , #5198 ) ;
#2324 = CIRCLE ( 'NONE', #3420, 2.600000000000000500 ) ;
#2325 = ORIENTED_EDGE ( 'NONE', *, *, #27, .T. ) ;
#2326 = AXIS2_PLACEMENT_3D ( 'NONE', #4752, #2850, #5687 ) ;
#2327 = EDGE_CURVE ( 'NONE', #3974, #5263, #4109, .T. ) ;
#2328 =( GEOMETRIC_REPRESENTATION_CONTEXT ( 3 ) GLOBAL_UNCERTAINTY_ASSIGNED_CONTEXT ( ( #4588 ) ) GLOBAL_UNIT_ASSIGNED_CONTEXT ( ( #2567, #5927, #3061 ) ) REPRESENTATION_CONTEXT ( 'NONE', 'WORKASPACE' ) );
#2330 = EDGE_LOOP ( 'NONE', ( #5789, #3847, #3078, #5801 ) ) ;
#2329 = DIRECTION ( 'NONE',  ( 0.0000000000000000000, 0.0000000000000000000, 1.000000000000000000 ) ) ;
#2331 = DIRECTION ( 'NONE',  ( -1.000000000000000000, 0.0000000000000000000, 0.0000000000000000000 ) ) ;
#2332 = CIRCLE ( 'NONE', #854, 1.650000000000003200 ) ;
#2333 = CARTESIAN_POINT ( 'NONE',  ( -11.93999999999999200, 0.0000000000000000000, 0.0000000000000000000 ) ) ;
#2334 = ORIENTED_EDGE ( 'NONE', *, *, #5363, .F. ) ;
#2335 = CARTESIAN_POINT ( 'NONE',  ( 0.0000000000000000000, 0.0000000000000000000, 11.00000000000000200 ) ) ;
#2336 = STYLED_ITEM ( 'NONE', ( #2110 ), #398 ) ;
#2337 = CARTESIAN_POINT ( 'NONE',  ( -10.43999999999999100, 0.0000000000000000000, 0.0000000000000000000 ) ) ;
#2338 = COLOUR_RGB ( '',0.6470588235294118000, 0.6196078431372549200, 0.5882352941176470800 ) ;
#2339 = VERTEX_POINT ( 'NONE', #451 ) ;
#2340 = AXIS2_PLACEMENT_3D ( 'NONE', #694, #4044, #1189 ) ;
#2341 = AXIS2_PLACEMENT_3D ( 'NONE', #397, #3264, #1377 ) ;
#2342 =( NAMED_UNIT ( * ) SI_UNIT ( $, .STERADIAN. ) SOLID_ANGLE_UNIT ( ) );
#2344 = SURFACE_STYLE_USAGE ( .BOTH. , #5212 ) ;
#2343 = CARTESIAN_POINT ( 'NONE',  ( -7.699999999999998400, 0.0000000000000000000, 4.250000000000000000 ) ) ;
#2345 = ORIENTED_EDGE ( 'NONE', *, *, #5269, .T. ) ;
#2346 = DIRECTION ( 'NONE',  ( 1.000000000000000000, 0.0000000000000000000, 0.0000000000000000000 ) ) ;
#2347 = EDGE_CURVE ( 'NONE', #2250, #319, #426, .T. ) ;
#2348 = DIRECTION ( 'NONE',  ( -0.0000000000000000000, -0.0000000000000000000, -1.000000000000000000 ) ) ;
#2349 = VERTEX_POINT ( 'NONE', #5725 ) ;
#2350 = DIRECTION ( 'NONE',  ( -0.0000000000000000000, 0.0000000000000000000, 1.000000000000000000 ) ) ;
#2351 = DIRECTION ( 'NONE',  ( -1.000000000000000000, -0.0000000000000000000, -0.0000000000000000000 ) ) ;
#2352 = DIRECTION ( 'NONE',  ( -1.224646799147353200E-016, 1.000000000000000000, 0.0000000000000000000 ) ) ;
#2353 = CONICAL_SURFACE ( 'NONE', #5772, 2.000000000000000000, 0.7853981633974479500 ) ;
#2354 = FACE_OUTER_BOUND ( 'NONE', #4038, .T. ) ;
#2356 = DIRECTION ( 'NONE',  ( -1.000000000000000000, -0.0000000000000000000, -0.0000000000000000000 ) ) ;
#2355 =( NAMED_UNIT ( * ) SI_UNIT ( $, .STERADIAN. ) SOLID_ANGLE_UNIT ( ) );
#2357 =( NAMED_UNIT ( * ) SI_UNIT ( $, .STERADIAN. ) SOLID_ANGLE_UNIT ( ) );
#2358 = LINE ( 'NONE', #2783, #4769 ) ;
#2359 = PRESENTATION_STYLE_ASSIGNMENT (( #5092 ) ) ;
#2360 = LINE ( 'NONE', #161, #1104 ) ;
#2361 = EDGE_LOOP ( 'NONE', ( #5188, #532, #4528, #2622 ) ) ;
#2362 = TOROIDAL_SURFACE ( 'NONE', #2326, 5.200000000000001100, 0.2000000000000000900 ) ;
#2363 = ORIENTED_EDGE ( 'NONE', *, *, #4994, .T. ) ;
#2364 = SURFACE_SIDE_STYLE ('',( #3321 ) ) ;
#2365 = STYLED_ITEM ( 'NONE', ( #5752 ), #4971 ) ;
#2366 = SURFACE_STYLE_USAGE ( .BOTH. , #5252 ) ;
#2367 = ORIENTED_EDGE ( 'NONE', *, *, #5578, .F. ) ;
#2368 = CARTESIAN_POINT ( 'NONE',  ( -10.63999999999999500, 0.0000000000000000000, -5.199999999999999300 ) ) ;
#2369 = ORIENTED_EDGE ( 'NONE', *, *, #4988, .F. ) ;
#2370 = EDGE_LOOP ( 'NONE', ( #3540, #5968, #3768, #377 ) ) ;
#2371 = FACE_OUTER_BOUND ( 'NONE', #5338, .T. ) ;
#2372 = CARTESIAN_POINT ( 'NONE',  ( -109.0931819508298400, 0.0000000000000000000, 2.600000000000013000 ) ) ;
#2373 = SURFACE_STYLE_USAGE ( .BOTH. , #5256 ) ;
#2374 = EDGE_CURVE ( 'NONE', #1310, #3681, #5376, .T. ) ;
#2375 =( NAMED_UNIT ( * ) SI_UNIT ( $, .STERADIAN. ) SOLID_ANGLE_UNIT ( ) );
#2376 = EDGE_LOOP ( 'NONE', ( #652, #366, #2231, #1762 ) ) ;
#2377 = CARTESIAN_POINT ( 'NONE',  ( -11.00000000000001100, 0.0000000000000000000, 0.0000000000000000000 ) ) ;
#2378 = AXIS2_PLACEMENT_3D ( 'NONE', #727, #1223, #5518 ) ;
#2379 = ADVANCED_BREP_SHAPE_REPRESENTATION ( '', ( #1857, #2144 ), #2455 ) ;
#2380 = AXIS2_PLACEMENT_3D ( 'NONE', #155, #4930, #3494 ) ;
#2381 = FACE_OUTER_BOUND ( 'NONE', #4584, .T. ) ;
#2383 = SURFACE_STYLE_USAGE ( .BOTH. , #5265 ) ;
#2382 = CARTESIAN_POINT ( 'NONE',  ( 1.750000000000002400, 2.143131898507871500E-016, 12.50000000000000000 ) ) ;
#2384 = ORIENTED_EDGE ( 'NONE', *, *, #3202, .F. ) ;
#2385 = CYLINDRICAL_SURFACE ( 'NONE', #262, 1.750000000000003300 ) ;
#2386 = SURFACE_STYLE_USAGE ( .BOTH. , #5267 ) ;
#2387 = FACE_OUTER_BOUND ( 'NONE', #770, .T. ) ;
#2388 = DIRECTION ( 'NONE',  ( 0.0000000000000000000, 0.0000000000000000000, 1.000000000000000000 ) ) ;
#2389 = FILL_AREA_STYLE ('',( #3356 ) ) ;
#2390 = DIRECTION ( 'NONE',  ( -1.000000000000000000, 0.0000000000000000000, 0.0000000000000000000 ) ) ;
#2391 = CARTESIAN_POINT ( 'NONE',  ( 0.0000000000000000000, 0.0000000000000000000, 22.39999999999999900 ) ) ;
#2392 = CARTESIAN_POINT ( 'NONE',  ( -10.00000000000000900, 0.0000000000000000000, 0.0000000000000000000 ) ) ;
#2393 = CARTESIAN_POINT ( 'NONE',  ( -17.50000000000000000, 0.0000000000000000000, 0.0000000000000000000 ) ) ;
#2394 = PRESENTATION_LAYER_ASSIGNMENT (  '', '', ( #2717 ) ) ;
#2396 = DIRECTION ( 'NONE',  ( -0.7071067811865479100, 8.659560562354930400E-017, -0.7071067811865472400 ) ) ;
#2395 = DIRECTION ( 'NONE',  ( -1.000000000000000000, 0.0000000000000000000, 2.567906592516316300E-032 ) ) ;
#2397 = ORIENTED_EDGE ( 'NONE', *, *, #3692, .T. ) ;
#2398 = FILL_AREA_STYLE ('',( #4805 ) ) ;
#2399 = VECTOR ( 'NONE', #3537, 1000.000000000000000 ) ;
#2400 = DIRECTION ( 'NONE',  ( -1.000000000000000000, -0.0000000000000000000, -0.0000000000000000000 ) ) ;
#2401 = AXIS2_PLACEMENT_3D ( 'NONE', #5770, #2898, #33 ) ;
#2402 = SURFACE_STYLE_USAGE ( .BOTH. , #5292 ) ;
#2403 = EDGE_CURVE ( 'NONE', #5222, #250, #1563, .T. ) ;
#2404 =( LENGTH_UNIT ( ) NAMED_UNIT ( * ) SI_UNIT ( .MILLI., .METRE. ) );
#2405 = SURFACE_STYLE_USAGE ( .BOTH. , #5295 ) ;
#2406 = VERTEX_POINT ( 'NONE', #3360 ) ;
#2407 = ORIENTED_EDGE ( 'NONE', *, *, #1051, .F. ) ;
#2408 = CARTESIAN_POINT ( 'NONE',  ( -109.0931819508298400, 2.694222958124206600E-016, -2.200000000000024200 ) ) ;
#2409 = EDGE_LOOP ( 'NONE', ( #3449, #5684, #985, #3497 ) ) ;
#2410 = CYLINDRICAL_SURFACE ( 'NONE', #3638, 0.6000000000000529400 ) ;
#2411 = MECHANICAL_DESIGN_GEOMETRIC_PRESENTATION_REPRESENTATION (  '', ( #1466 ), #2725 ) ;
#2412 = EDGE_LOOP ( 'NONE', ( #2009, #2818, #619, #3235 ) ) ;
#2413 = CIRCLE ( 'NONE', #656, 5.199999999999999300 ) ;
#2414 = CARTESIAN_POINT ( 'NONE',  ( -102.6292860697262900, 0.0000000000000000000, 0.0000000000000000000 ) ) ;
#2415 = CARTESIAN_POINT ( 'NONE',  ( -17.49999999999999600, 6.368163355566237400E-016, -5.200000000000001100 ) ) ;
#2416 = DIRECTION ( 'NONE',  ( -0.0000000000000000000, 1.000000000000000000, 1.224646799147353200E-016 ) ) ;
#2417 =( NAMED_UNIT ( * ) SI_UNIT ( $, .STERADIAN. ) SOLID_ANGLE_UNIT ( ) );
#2418 = EDGE_CURVE ( 'NONE', #1742, #1848, #2815, .T. ) ;
#2419 = DIRECTION ( 'NONE',  ( 0.0000000000000000000, -1.224646799147353500E-016, 1.000000000000000000 ) ) ;
#2420 = ORIENTED_EDGE ( 'NONE', *, *, #3964, .F. ) ;
#2421 = STYLED_ITEM ( 'NONE', ( #3571 ), #754 ) ;
#2422 = MECHANICAL_DESIGN_GEOMETRIC_PRESENTATION_REPRESENTATION (  '', ( #1792 ), #2739 ) ;
#2423 = PRODUCT_DEFINITION_SHAPE ( 'NONE', 'NONE',  #611 ) ;
#2424 = SURFACE_SIDE_STYLE ('',( #3753 ) ) ;
#2425 = EDGE_LOOP ( 'NONE', ( #1776, #4740, #5349, #1262 ) ) ;
#2426 = CIRCLE ( 'NONE', #4156, 4.450000000000002000 ) ;
#2427 = PRESENTATION_LAYER_ASSIGNMENT (  '', '', ( #2111 ) ) ;
#2428 = TOROIDAL_SURFACE ( 'NONE', #5455, 4.450000000000000200, 0.1999999999999992300 ) ;
#2429 = CARTESIAN_POINT ( 'NONE',  ( -91.50000000000000000, 0.0000000000000000000, 0.0000000000000000000 ) ) ;
#2430 =( NAMED_UNIT ( * ) PLANE_ANGLE_UNIT ( ) SI_UNIT ( $, .RADIAN. ) );
#2431 = DIRECTION ( 'NONE',  ( -1.000000000000000000, -0.0000000000000000000, -0.0000000000000000000 ) ) ;
#2432 = DIRECTION ( 'NONE',  ( 0.7071067811865475700, 8.659560562354931600E-017, 0.7071067811865474600 ) ) ;
#2433 = PRESENTATION_STYLE_ASSIGNMENT (( #358 ) ) ;
#2434 = CIRCLE ( 'NONE', #1115, 6.000000000000000900 ) ;
#2435 = DIRECTION ( 'NONE',  ( 0.0000000000000000000, -1.000000000000000000, 0.0000000000000000000 ) ) ;
#2436 = FILL_AREA_STYLE ('',( #3861 ) ) ;
#2437 =( GEOMETRIC_REPRESENTATION_CONTEXT ( 3 ) GLOBAL_UNCERTAINTY_ASSIGNED_CONTEXT ( ( #723 ) ) GLOBAL_UNIT_ASSIGNED_CONTEXT ( ( #4164, #1308, #4647 ) ) REPRESENTATION_CONTEXT ( 'NONE', 'WORKASPACE' ) );
#2438 = CARTESIAN_POINT ( 'NONE',  ( -91.50000000000000000, 0.0000000000000000000, 2.499999999999987600 ) ) ;
#2439 = DIRECTION ( 'NONE',  ( 0.0000000000000000000, 0.0000000000000000000, 1.000000000000000000 ) ) ;
#2440 = CIRCLE ( 'NONE', #2735, 4.250000000000000000 ) ;
#2441 = FACE_OUTER_BOUND ( 'NONE', #972, .T. ) ;
#2442 = VERTEX_POINT ( 'NONE', #1474 ) ;
#2443 = DIRECTION ( 'NONE',  ( 0.0000000000000000000, 0.0000000000000000000, 1.000000000000000000 ) ) ;
#2444 = DIRECTION ( 'NONE',  ( -1.000000000000000000, -0.0000000000000000000, -0.0000000000000000000 ) ) ;
#2445 = AXIS2_PLACEMENT_3D ( 'NONE', #1521, #4871, #1993 ) ;
#2446 = VERTEX_POINT ( 'NONE', #5777 ) ;
#2447 = SURFACE_STYLE_FILL_AREA ( #2398 ) ;
#2448 = PRESENTATION_STYLE_ASSIGNMENT (( #3427 ) ) ;
#2449 =( NAMED_UNIT ( * ) SI_UNIT ( $, .STERADIAN. ) SOLID_ANGLE_UNIT ( ) );
#2450 = LINE ( 'NONE', #4301, #1035 ) ;
#2451 = EDGE_CURVE ( 'NONE', #3131, #1265, #280, .T. ) ;
#2452 =( GEOMETRIC_REPRESENTATION_CONTEXT ( 3 ) GLOBAL_UNCERTAINTY_ASSIGNED_CONTEXT ( ( #6136 ) ) GLOBAL_UNIT_ASSIGNED_CONTEXT ( ( #3421, #551, #3900 ) ) REPRESENTATION_CONTEXT ( 'NONE', 'WORKASPACE' ) );
#2453 = AXIS2_PLACEMENT_3D ( 'NONE', #3206, #347, #3694 ) ;
#2454 = EDGE_CURVE ( 'NONE', #4001, #1118, #2671, .T. ) ;
#2456 = DIRECTION ( 'NONE',  ( -1.000000000000000000, -0.0000000000000000000, -0.0000000000000000000 ) ) ;
#2455 =( GEOMETRIC_REPRESENTATION_CONTEXT ( 3 ) GLOBAL_UNCERTAINTY_ASSIGNED_CONTEXT ( ( #3495 ) ) GLOBAL_UNIT_ASSIGNED_CONTEXT ( ( #482, #3837, #975 ) ) REPRESENTATION_CONTEXT ( 'NONE', 'WORKASPACE' ) );
#2457 = EDGE_LOOP ( 'NONE', ( #1562, #6049, #277, #790 ) ) ;
#2458 = CIRCLE ( 'NONE', #1227, 5.199999999999999300 ) ;
#2459 = SURFACE_STYLE_FILL_AREA ( #2748 ) ;
#2460 = PRESENTATION_LAYER_ASSIGNMENT (  '', '', ( #2138 ) ) ;
#2461 = CARTESIAN_POINT ( 'NONE',  ( -11.93999999999999200, 6.490628035480971900E-016, -5.199999999999999300 ) ) ;
#2462 = FILL_AREA_STYLE_COLOUR ( '', #5072 ) ;
#2463 = ADVANCED_FACE ( 'NONE', ( #3954 ), #3501, .F. ) ;
#2464 = DIRECTION ( 'NONE',  ( -1.000000000000000000, -0.0000000000000000000, -0.0000000000000000000 ) ) ;
#2465 = SURFACE_STYLE_FILL_AREA ( #1895 ) ;
#2467 = DIRECTION ( 'NONE',  ( -1.000000000000000000, -0.0000000000000000000, -0.0000000000000000000 ) ) ;
#2466 = MECHANICAL_DESIGN_GEOMETRIC_PRESENTATION_REPRESENTATION (  '', ( #1825 ), #2772 ) ;
#2468 = STYLED_ITEM ( 'NONE', ( #2059 ), #2831 ) ;
#2469 = STYLED_ITEM ( 'NONE', ( #5346 ), #1290 ) ;
#2470 = VERTEX_POINT ( 'NONE', #2921 ) ;
#2471 = SURFACE_STYLE_USAGE ( .BOTH. , #5344 ) ;
#2472 = DIRECTION ( 'NONE',  ( -1.000000000000000000, -0.0000000000000000000, -0.0000000000000000000 ) ) ;
#2473 = ORIENTED_EDGE ( 'NONE', *, *, #614, .F. ) ;
#2474 = EDGE_CURVE ( 'NONE', #3473, #4065, #5890, .T. ) ;
#2475 = CARTESIAN_POINT ( 'NONE',  ( -18.39999999999999500, 0.0000000000000000000, 5.200000000000001100 ) ) ;
#2476 = DIRECTION ( 'NONE',  ( 3.144778589034493400E-048, 1.000000000000000000, 1.224646799147353200E-016 ) ) ;
#2477 = CARTESIAN_POINT ( 'NONE',  ( -90.50000000000000000, 0.0000000000000000000, 0.0000000000000000000 ) ) ;
#2478 = FACE_OUTER_BOUND ( 'NONE', #5087, .T. ) ;
#2479 = CARTESIAN_POINT ( 'NONE',  ( 1.750000000000003300, 2.143131898507872000E-016, 21.30000000000000100 ) ) ;
#2480 = ORIENTED_EDGE ( 'NONE', *, *, #2042, .F. ) ;
#2481 = ORIENTED_EDGE ( 'NONE', *, *, #5313, .T. ) ;
#2482 =( GEOMETRIC_REPRESENTATION_CONTEXT ( 3 ) GLOBAL_UNCERTAINTY_ASSIGNED_CONTEXT ( ( #1216 ) ) GLOBAL_UNIT_ASSIGNED_CONTEXT ( ( #2158, #5506, #2625 ) ) REPRESENTATION_CONTEXT ( 'NONE', 'WORKASPACE' ) );
#2483 = ORIENTED_EDGE ( 'NONE', *, *, #5321, .T. ) ;
#2484 = ORIENTED_EDGE ( 'NONE', *, *, #4593, .F. ) ;
#2485 = CIRCLE ( 'NONE', #1284, 4.250000000000000000 ) ;
#2486 = CARTESIAN_POINT ( 'NONE',  ( -96.50000000000000000, 0.0000000000000000000, 0.0000000000000000000 ) ) ;
#2487 = ORIENTED_EDGE ( 'NONE', *, *, #4258, .T. ) ;
#2488 = PRODUCT_DEFINITION_SHAPE ( 'NONE', 'NONE',  #6221 ) ;
#2489 =( NAMED_UNIT ( * ) PLANE_ANGLE_UNIT ( ) SI_UNIT ( $, .RADIAN. ) );
#2490 = AXIS2_PLACEMENT_3D ( 'NONE', #302, #3651, #786 ) ;
#2491 = TOROIDAL_SURFACE ( 'NONE', #4082, 5.500000000000001800, 0.5000000000000000000 ) ;
#2492 = VERTEX_POINT ( 'NONE', #3907 ) ;
#2493 = DIRECTION ( 'NONE',  ( -1.000000000000000000, -0.0000000000000000000, -0.0000000000000000000 ) ) ;
#2494 = ORIENTED_EDGE ( 'NONE', *, *, #2533, .F. ) ;
#2495 = DIRECTION ( 'NONE',  ( -1.000000000000000000, -0.0000000000000000000, -0.0000000000000000000 ) ) ;
#2496 = DIRECTION ( 'NONE',  ( -1.000000000000000000, -0.0000000000000000000, -0.0000000000000000000 ) ) ;
#2497 = DIRECTION ( 'NONE',  ( -0.0000000000000000000, 1.000000000000000000, 1.224646799147353200E-016 ) ) ;
#2498 = CARTESIAN_POINT ( 'NONE',  ( -102.6292860697262900, 0.0000000000000000000, 0.0000000000000000000 ) ) ;
#2499 = CARTESIAN_POINT ( 'NONE',  ( -10.00000000000000200, 0.0000000000000000000, -2.600000000000010300 ) ) ;
#2500 = UNCERTAINTY_MEASURE_WITH_UNIT (LENGTH_MEASURE( 1.000000000000000100E-005 ), #3108, 'distance_accuracy_value', 'NONE');
#2501 = CIRCLE ( 'NONE', #196, 0.1999999999999996500 ) ;
#2502 = CIRCLE ( 'NONE', #221, 2.600000000000010300 ) ;
#2503 = CIRCLE ( 'NONE', #990, 0.5000000000000004400 ) ;
#2504 = SURFACE_STYLE_FILL_AREA ( #2920 ) ;
#2505 = AXIS2_PLACEMENT_3D ( 'NONE', #1806, #5176, #2301 ) ;
#2506 = FILL_AREA_STYLE_COLOUR ( '', #2541 ) ;
#2507 = DIRECTION ( 'NONE',  ( -1.000000000000000000, -0.0000000000000000000, -0.0000000000000000000 ) ) ;
#2508 = CARTESIAN_POINT ( 'NONE',  ( 0.0000000000000000000, 0.0000000000000000000, 22.59999999999999800 ) ) ;
#2509 = DIRECTION ( 'NONE',  ( 0.0000000000000000000, 0.0000000000000000000, 1.000000000000000000 ) ) ;
#2510 = CARTESIAN_POINT ( 'NONE',  ( -115.6523383537547100, 0.0000000000000000000, 0.6000000000000529400 ) ) ;
#2511 = ORIENTED_EDGE ( 'NONE', *, *, #3620, .F. ) ;
#2512 = AXIS2_PLACEMENT_3D ( 'NONE', #110, #3447, #579 ) ;
#2513 = FILL_AREA_STYLE_COLOUR ( '', #2954 ) ;
#2514 = ORIENTED_EDGE ( 'NONE', *, *, #5109, .F. ) ;
#2515 =( LENGTH_UNIT ( ) NAMED_UNIT ( * ) SI_UNIT ( .MILLI., .METRE. ) );
#2516 =( NAMED_UNIT ( * ) SI_UNIT ( $, .STERADIAN. ) SOLID_ANGLE_UNIT ( ) );
#2517 = ORIENTED_EDGE ( 'NONE', *, *, #4253, .T. ) ;
#2518 = DIRECTION ( 'NONE',  ( -1.000000000000000000, -0.0000000000000000000, -0.0000000000000000000 ) ) ;
#2519 = ORIENTED_EDGE ( 'NONE', *, *, #2555, .F. ) ;
#2520 = MECHANICAL_DESIGN_GEOMETRIC_PRESENTATION_REPRESENTATION (  '', ( #1888 ), #2834 ) ;
#2521 = DIRECTION ( 'NONE',  ( -1.000000000000000000, -0.0000000000000000000, -0.0000000000000000000 ) ) ;
#2522 = VERTEX_POINT ( 'NONE', #2010 ) ;
#2523 = EDGE_CURVE ( 'NONE', #5337, #2721, #2224, .T. ) ;
#2524 = FILL_AREA_STYLE ('',( #1584 ) ) ;
#2525 = AXIS2_PLACEMENT_3D ( 'NONE', #3864, #1005, #4361 ) ;
#2526 = CIRCLE ( 'NONE', #688, 2.999999999999991100 ) ;
#2527 = VECTOR ( 'NONE', #3029, 1000.000000000000000 ) ;
#2528 = PRODUCT_DEFINITION_FORMATION_WITH_SPECIFIED_SOURCE ( 'ANY', '', #1771, .NOT_KNOWN. ) ;
#2529 = SURFACE_STYLE_USAGE ( .BOTH. , #632 ) ;
#2530 = ORIENTED_EDGE ( 'NONE', *, *, #394, .F. ) ;
#2531 = SURFACE_SIDE_STYLE ('',( #2864 ) ) ;
#2532 = CARTESIAN_POINT ( 'NONE',  ( -11.93999999999999200, 0.0000000000000000000, 0.0000000000000000000 ) ) ;
#2533 = EDGE_CURVE ( 'NONE', #571, #4123, #4628, .T. ) ;
#2534 = FACE_OUTER_BOUND ( 'NONE', #489, .T. ) ;
#2535 = AXIS2_PLACEMENT_3D ( 'NONE', #5800, #2924, #68 ) ;
#2536 = CARTESIAN_POINT ( 'NONE',  ( -92.50000000000002800, 0.0000000000000000000, 1.000000000000054400 ) ) ;
#2537 = DIRECTION ( 'NONE',  ( 0.0000000000000000000, -1.000000000000000000, 0.0000000000000000000 ) ) ;
#2538 = DIRECTION ( 'NONE',  ( -1.000000000000000000, -0.0000000000000000000, -0.0000000000000000000 ) ) ;
#2539 = ADVANCED_FACE ( 'NONE', ( #3346 ), #2078, .T. ) ;
#2540 = AXIS2_PLACEMENT_3D ( 'NONE', #3679, #817, #4166 ) ;
#2541 = COLOUR_RGB ( '',0.1098039215686274500, 0.1098039215686274500, 0.1098039215686274500 ) ;
#2542 = EDGE_LOOP ( 'NONE', ( #3684, #4643, #3850, #5391 ) ) ;
#2543 = PRODUCT_DEFINITION_SHAPE ( 'NONE', 'NONE',  #6219 ) ;
#2544 = CARTESIAN_POINT ( 'NONE',  ( -98.50000000000000000, 3.061616997868383100E-016, 2.500000000000000000 ) ) ;
#2545 = DIRECTION ( 'NONE',  ( -1.000000000000000000, -0.0000000000000000000, -0.0000000000000000000 ) ) ;
#2546 = SURFACE_STYLE_USAGE ( .BOTH. , #5428 ) ;
#2547 = FILL_AREA_STYLE ('',( #2088 ) ) ;
#2548 =( GEOMETRIC_REPRESENTATION_CONTEXT ( 3 ) GLOBAL_UNCERTAINTY_ASSIGNED_CONTEXT ( ( #2297 ) ) GLOBAL_UNIT_ASSIGNED_CONTEXT ( ( #2310, #5665, #2791 ) ) REPRESENTATION_CONTEXT ( 'NONE', 'WORKASPACE' ) );
#2549 = VERTEX_POINT ( 'NONE', #578 ) ;
#2550 = ORIENTED_EDGE ( 'NONE', *, *, #97, .T. ) ;
#2551 = DIRECTION ( 'NONE',  ( 0.0000000000000000000, 0.0000000000000000000, 1.000000000000000000 ) ) ;
#2552 = DIRECTION ( 'NONE',  ( 0.0000000000000000000, 0.0000000000000000000, 1.000000000000000000 ) ) ;
#2553 = CYLINDRICAL_SURFACE ( 'NONE', #2341, 1.400000000000038300 ) ;
#2554 = ORIENTED_EDGE ( 'NONE', *, *, #4362, .T. ) ;
#2555 = EDGE_CURVE ( 'NONE', #1433, #3455, #800, .T. ) ;
#2556 = VERTEX_POINT ( 'NONE', #2582 ) ;
#2557 = DIRECTION ( 'NONE',  ( -1.000000000000000000, -0.0000000000000000000, -0.0000000000000000000 ) ) ;
#2558 = CARTESIAN_POINT ( 'NONE',  ( -14.35999999999999600, 5.449678256205721800E-016, -4.450000000000000200 ) ) ;
#2559 = AXIS2_PLACEMENT_3D ( 'NONE', #4086, #1231, #4561 ) ;
#2560 = EDGE_CURVE ( 'NONE', #3682, #4173, #5743, .T. ) ;
#2561 = DIRECTION ( 'NONE',  ( -1.000000000000000000, 0.0000000000000000000, 0.0000000000000000000 ) ) ;
#2562 = VERTEX_POINT ( 'NONE', #5948 ) ;
#2563 = STYLED_ITEM ( 'NONE', ( #4665 ), #165 ) ;
#2564 = COLOUR_RGB ( '',0.6470588235294118000, 0.6196078431372549200, 0.5882352941176470800 ) ;
#2565 = FILL_AREA_STYLE ('',( #5452 ) ) ;
#2566 = CARTESIAN_POINT ( 'NONE',  ( -18.39999999999999500, 6.368163355566237400E-016, -5.200000000000001100 ) ) ;
#2567 =( LENGTH_UNIT ( ) NAMED_UNIT ( * ) SI_UNIT ( .MILLI., .METRE. ) );
#2568 = MECHANICAL_DESIGN_GEOMETRIC_PRESENTATION_REPRESENTATION (  '', ( #1544 ), #2904 ) ;
#2569 = AXIS2_PLACEMENT_3D ( 'NONE', #5576, #1261, #2244 ) ;
#2570 = SURFACE_SIDE_STYLE ('',( #1921 ) ) ;
#2571 = SURFACE_STYLE_USAGE ( .BOTH. , #5456 ) ;
#2572 = AXIS2_PLACEMENT_3D ( 'NONE', #1042, #2948, #101 ) ;
#2573 = DIRECTION ( 'NONE',  ( 0.0000000000000000000, 0.0000000000000000000, 1.000000000000000000 ) ) ;
#2574 = ADVANCED_FACE ( 'NONE', ( #1931 ), #5596, .F. ) ;
#2575 = FACE_OUTER_BOUND ( 'NONE', #2830, .T. ) ;
#2576 = CIRCLE ( 'NONE', #4259, 5.199999999999999300 ) ;
#2577 = FILL_AREA_STYLE_COLOUR ( '', #2729 ) ;
#2578 = EDGE_CURVE ( 'NONE', #5061, #1807, #653, .T. ) ;
#2579 = CARTESIAN_POINT ( 'NONE',  ( -96.50000000000000000, 0.0000000000000000000, 0.0000000000000000000 ) ) ;
#2580 = FACE_OUTER_BOUND ( 'NONE', #230, .T. ) ;
#2581 = ORIENTED_EDGE ( 'NONE', *, *, #2966, .T. ) ;
#2582 = CARTESIAN_POINT ( 'NONE',  ( -10.84000000000000200, 0.0000000000000000000, 5.400000000000000400 ) ) ;
#2583 = DIRECTION ( 'NONE',  ( -1.000000000000000000, -0.0000000000000000000, -0.0000000000000000000 ) ) ;
#2584 = ORIENTED_EDGE ( 'NONE', *, *, #2133, .T. ) ;
#2585 = LINE ( 'NONE', #3602, #1333 ) ;
#2586 = CIRCLE ( 'NONE', #593, 0.9000000000000345500 ) ;
#2587 = CYLINDRICAL_SURFACE ( 'NONE', #212, 1.000000000000032200 ) ;
#2588 = DIRECTION ( 'NONE',  ( -1.000000000000000000, -0.0000000000000000000, -0.0000000000000000000 ) ) ;
#2589 = CARTESIAN_POINT ( 'NONE',  ( 29.59881137600355000, 64.68143102510525500, 64.76094049792376900 ) ) ;
#2590 = AXIS2_PLACEMENT_3D ( 'NONE', #3379, #514, #3867 ) ;
#2591 = CARTESIAN_POINT ( 'NONE',  ( -8.619999999999995700, 6.368163355566237400E-016, -5.200000000000001100 ) ) ;
#2592 =( LENGTH_UNIT ( ) NAMED_UNIT ( * ) SI_UNIT ( .MILLI., .METRE. ) );
#2593 = CARTESIAN_POINT ( 'NONE',  ( 0.0000000000000000000, 0.0000000000000000000, -8.178233058921771100 ) ) ;
#2594 = ORIENTED_EDGE ( 'NONE', *, *, #3816, .F. ) ;
#2595 = UNCERTAINTY_MEASURE_WITH_UNIT (LENGTH_MEASURE( 1.000000000000000100E-005 ), #1331, 'distance_accuracy_value', 'NONE');
#2596 = AXIS2_PLACEMENT_3D ( 'NONE', #5904, #4468, #1126 ) ;
#2598 = DIRECTION ( 'NONE',  ( 0.0000000000000000000, 0.0000000000000000000, 1.000000000000000000 ) ) ;
#2597 = STYLED_ITEM ( 'NONE', ( #6054 ), #4641 ) ;
#2599 = CARTESIAN_POINT ( 'NONE',  ( -12.85999999999999600, 0.0000000000000000000, 0.0000000000000000000 ) ) ;
#2600 = COLOUR_RGB ( '',0.1098039215686274500, 0.1098039215686274500, 0.1098039215686274500 ) ;
#2601 = ADVANCED_FACE ( 'NONE', ( #4477 ), #1490, .F. ) ;
#2602 = CARTESIAN_POINT ( 'NONE',  ( -6.000000000000041700, 0.0000000000000000000, 6.000000000000000900 ) ) ;
#2603 =( NAMED_UNIT ( * ) SI_UNIT ( $, .STERADIAN. ) SOLID_ANGLE_UNIT ( ) );
#2604 = ORIENTED_EDGE ( 'NONE', *, *, #4030, .F. ) ;
#2605 = VERTEX_POINT ( 'NONE', #744 ) ;
#2606 = FILL_AREA_STYLE_COLOUR ( '', #3935 ) ;
#2607 = CARTESIAN_POINT ( 'NONE',  ( 1.750000000000003300, 2.143131898507872000E-016, 18.30000000000000100 ) ) ;
#2608 = EDGE_CURVE ( 'NONE', #3383, #2106, #2585, .T. ) ;
#2609 =( NAMED_UNIT ( * ) PLANE_ANGLE_UNIT ( ) SI_UNIT ( $, .RADIAN. ) );
#2610 = CARTESIAN_POINT ( 'NONE',  ( -9.919999999999994600, 0.0000000000000000000, 0.0000000000000000000 ) ) ;
#2611 = SHAPE_DEFINITION_REPRESENTATION ( #2423, #908 ) ;
#2612 = CARTESIAN_POINT ( 'NONE',  ( -8.000000000000007100, 3.673940397442061800E-016, -3.000000000000001300 ) ) ;
#2613 = CARTESIAN_POINT ( 'NONE',  ( -9.919999999999998200, 0.0000000000000000000, 4.250000000000000000 ) ) ;
#2614 = SURFACE_SIDE_STYLE ('',( #2261 ) ) ;
#2615 = AXIS2_PLACEMENT_3D ( 'NONE', #1200, #1675, #184 ) ;
#2616 = VECTOR ( 'NONE', #970, 1000.000000000000000 ) ;
#2617 = CARTESIAN_POINT ( 'NONE',  ( -123.0434319239197500, 0.0000000000000000000, 0.0000000000000000000 ) ) ;
#2618 = ORIENTED_EDGE ( 'NONE', *, *, #4622, .F. ) ;
#2619 = EDGE_LOOP ( 'NONE', ( #1312, #1083, #2618, #5355 ) ) ;
#2620 = DIRECTION ( 'NONE',  ( 0.0000000000000000000, 0.0000000000000000000, 1.000000000000000000 ) ) ;
#2621 = CARTESIAN_POINT ( 'NONE',  ( -15.07999999999999700, 5.449678256205722800E-016, -4.450000000000001100 ) ) ;
#2622 = ORIENTED_EDGE ( 'NONE', *, *, #5237, .F. ) ;
#2623 = ORIENTED_EDGE ( 'NONE', *, *, #3094, .F. ) ;
#2624 = UNCERTAINTY_MEASURE_WITH_UNIT (LENGTH_MEASURE( 1.000000000000000100E-005 ), #6050, 'distance_accuracy_value', 'NONE');
#2625 =( NAMED_UNIT ( * ) SI_UNIT ( $, .STERADIAN. ) SOLID_ANGLE_UNIT ( ) );
#2626 = LINE ( 'NONE', #1965, #1236 ) ;
#2627 = VERTEX_POINT ( 'NONE', #1707 ) ;
#2628 = AXIS2_PLACEMENT_3D ( 'NONE', #4297, #1436, #4784 ) ;
#2629 = CARTESIAN_POINT ( 'NONE',  ( -7.699999999999998400, 5.327213576290986200E-016, -4.250000000000000000 ) ) ;
#2630 = PRODUCT ( 'Тело12', 'Тело12', '', ( #5558 ) ) ;
#2631 = DIRECTION ( 'NONE',  ( -0.0000000000000000000, -0.0000000000000000000, -1.000000000000000000 ) ) ;
#2632 = ORIENTED_EDGE ( 'NONE', *, *, #2015, .T. ) ;
#2633 = APPLICATION_PROTOCOL_DEFINITION ( 'draft international standard', 'automotive_design', 1998, #5515 ) ;
#2634 = AXIS2_PLACEMENT_3D ( 'NONE', #2070, #3025, #5915 ) ;
#2635 = DIRECTION ( 'NONE',  ( -1.000000000000000000, 0.0000000000000000000, 0.0000000000000000000 ) ) ;
#2636 = ADVANCED_FACE ( 'NONE', ( #3874, #5144 ), #5060, .F. ) ;
#2637 = VERTEX_POINT ( 'NONE', #4088 ) ;
#2638 = EDGE_CURVE ( 'NONE', #64, #3304, #5814, .T. ) ;
#2639 = SURFACE_STYLE_USAGE ( .BOTH. , #5524 ) ;
#2640 = CARTESIAN_POINT ( 'NONE',  ( -109.0931819508298400, 0.0000000000000000000, 2.999999999999996000 ) ) ;
#2641 =( NAMED_UNIT ( * ) SI_UNIT ( $, .STERADIAN. ) SOLID_ANGLE_UNIT ( ) );
#2642 = EDGE_CURVE ( 'NONE', #5791, #1648, #4548, .T. ) ;
#2643 = MECHANICAL_DESIGN_GEOMETRIC_PRESENTATION_REPRESENTATION (  '', ( #1702 ), #2968 ) ;
#2644 = PRESENTATION_LAYER_ASSIGNMENT (  '', '', ( #2021 ) ) ;
#2645 = EDGE_CURVE ( 'NONE', #3437, #2754, #869, .T. ) ;
#2646 = SURFACE_SIDE_STYLE ('',( #206 ) ) ;
#2647 = DIRECTION ( 'NONE',  ( 0.0000000000000000000, 0.0000000000000000000, 1.000000000000000000 ) ) ;
#2648 = LINE ( 'NONE', #2795, #5202 ) ;
#2649 = FACE_OUTER_BOUND ( 'NONE', #5191, .T. ) ;
#2650 = EDGE_CURVE ( 'NONE', #4661, #3262, #2151, .T. ) ;
#2651 = AXIS2_PLACEMENT_3D ( 'NONE', #648, #3518, #3027 ) ;
#2652 = DIRECTION ( 'NONE',  ( -0.0000000000000000000, -0.0000000000000000000, -1.000000000000000000 ) ) ;
#2653 =( NAMED_UNIT ( * ) PLANE_ANGLE_UNIT ( ) SI_UNIT ( $, .RADIAN. ) );
#2654 = FILL_AREA_STYLE ('',( #5538 ) ) ;
#2655 = PRESENTATION_STYLE_ASSIGNMENT (( #718 ) ) ;
#2656 = PRODUCT_CONTEXT ( 'NONE', #1218, 'mechanical' ) ;
#2657 = STYLED_ITEM ( 'NONE', ( #3664 ), #3906 ) ;
#2658 = CARTESIAN_POINT ( 'NONE',  ( 0.0000000000000000000, 0.0000000000000000000, 11.50000000000000400 ) ) ;
#2659 =( NAMED_UNIT ( * ) SI_UNIT ( $, .STERADIAN. ) SOLID_ANGLE_UNIT ( ) );
#2660 = AXIS2_PLACEMENT_3D ( 'NONE', #1853, #2798, #6160 ) ;
#2661 = FACE_OUTER_BOUND ( 'NONE', #3058, .T. ) ;
#2662 = SURFACE_STYLE_FILL_AREA ( #6048 ) ;
#2663 = SURFACE_STYLE_FILL_AREA ( #4163 ) ;
#2664 = ORIENTED_EDGE ( 'NONE', *, *, #4307, .F. ) ;
#2665 = ORIENTED_EDGE ( 'NONE', *, *, #6118, .T. ) ;
#2666 = EDGE_CURVE ( 'NONE', #468, #2286, #2003, .T. ) ;
#2667 = ORIENTED_EDGE ( 'NONE', *, *, #646, .F. ) ;
#2668 = ORIENTED_EDGE ( 'NONE', *, *, #4839, .F. ) ;
#2669 = DIRECTION ( 'NONE',  ( 0.0000000000000000000, 0.0000000000000000000, 1.000000000000000000 ) ) ;
#2670 = ORIENTED_EDGE ( 'NONE', *, *, #2523, .F. ) ;
#2671 = CIRCLE ( 'NONE', #3234, 4.450000000000002000 ) ;
#2672 = LINE ( 'NONE', #3770, #1417 ) ;
#2673 = FACE_BOUND ( 'NONE', #2184, .T. ) ;
#2674 = ADVANCED_FACE ( 'NONE', ( #4409 ), #1405, .T. ) ;
#2675 = DIRECTION ( 'NONE',  ( -1.000000000000000000, 0.0000000000000000000, 2.567906592516316300E-032 ) ) ;
#2676 = ORIENTED_EDGE ( 'NONE', *, *, #1301, .F. ) ;
#2677 = DIRECTION ( 'NONE',  ( 0.0000000000000000000, 0.0000000000000000000, 1.000000000000000000 ) ) ;
#2678 = VECTOR ( 'NONE', #5086, 1000.000000000000000 ) ;
#2679 = VECTOR ( 'NONE', #2496, 1000.000000000000000 ) ;
#2680 = DIRECTION ( 'NONE',  ( 0.0000000000000000000, 0.0000000000000000000, 1.000000000000000000 ) ) ;
#2681 = APPLICATION_CONTEXT ( 'automotive_design' ) ;
#2682 = LINE ( 'NONE', #194, #2527 ) ;
#2683 = ADVANCED_FACE ( 'NONE', ( #5214 ), #4777, .T. ) ;
#2684 = CARTESIAN_POINT ( 'NONE',  ( -11.74000000000000000, 6.613092715395707500E-016, -5.400000000000000400 ) ) ;
#2685 =( NAMED_UNIT ( * ) SI_UNIT ( $, .STERADIAN. ) SOLID_ANGLE_UNIT ( ) );
#2686 = UNCERTAINTY_MEASURE_WITH_UNIT (LENGTH_MEASURE( 1.000000000000000100E-005 ), #2187, 'distance_accuracy_value', 'NONE');
#2687 = EDGE_LOOP ( 'NONE', ( #215, #4749, #2826, #787 ) ) ;
#2688 = LINE ( 'NONE', #5067, #1434 ) ;
#2689 = EDGE_LOOP ( 'NONE', ( #1802, #5751, #325, #3726 ) ) ;
#2690 = PRESENTATION_LAYER_ASSIGNMENT (  '', '', ( #2365 ) ) ;
#2691 = DIRECTION ( 'NONE',  ( 1.000000000000000000, 0.0000000000000000000, 0.0000000000000000000 ) ) ;
#2692 =( LENGTH_UNIT ( ) NAMED_UNIT ( * ) SI_UNIT ( .MILLI., .METRE. ) );
#2693 = EDGE_CURVE ( 'NONE', #5528, #5659, #2216, .T. ) ;
#2694 = SURFACE_STYLE_USAGE ( .BOTH. , #5569 ) ;
#2695 = FACE_OUTER_BOUND ( 'NONE', #1982, .T. ) ;
#2696 = UNCERTAINTY_MEASURE_WITH_UNIT (LENGTH_MEASURE( 1.000000000000000100E-005 ), #4960, 'distance_accuracy_value', 'NONE');
#2697 = STYLED_ITEM ( 'NONE', ( #5207 ), #6038 ) ;
#2698 = ORIENTED_EDGE ( 'NONE', *, *, #2523, .T. ) ;
#2699 = DIRECTION ( 'NONE',  ( 0.0000000000000000000, 0.0000000000000000000, 1.000000000000000000 ) ) ;
#2700 = AXIS2_PLACEMENT_3D ( 'NONE', #4486, #1622, #4967 ) ;
#2701 = DIRECTION ( 'NONE',  ( 0.0000000000000000000, 0.0000000000000000000, 1.000000000000000000 ) ) ;
#2702 = ORIENTED_EDGE ( 'NONE', *, *, #3658, .F. ) ;
#2703 = DIRECTION ( 'NONE',  ( -1.224646799147353200E-016, 1.000000000000000000, 0.0000000000000000000 ) ) ;
#2704 = FILL_AREA_STYLE_COLOUR ( '', #1774 ) ;
#2705 = ORIENTED_EDGE ( 'NONE', *, *, #5552, .F. ) ;
#2706 = ORIENTED_EDGE ( 'NONE', *, *, #2292, .F. ) ;
#2707 = DIRECTION ( 'NONE',  ( -1.000000000000000000, -0.0000000000000000000, -0.0000000000000000000 ) ) ;
#2708 = VECTOR ( 'NONE', #2348, 1000.000000000000000 ) ;
#2709 = ADVANCED_FACE ( 'NONE', ( #5881 ), #2072, .T. ) ;
#2710 = CARTESIAN_POINT ( 'NONE',  ( -17.09999999999999800, 0.0000000000000000000, 0.0000000000000000000 ) ) ;
#2711 = DIRECTION ( 'NONE',  ( 0.0000000000000000000, -1.000000000000000000, 0.0000000000000000000 ) ) ;
#2712 = EDGE_LOOP ( 'NONE', ( #3395, #243 ) ) ;
#2713 =( LENGTH_UNIT ( ) NAMED_UNIT ( * ) SI_UNIT ( .MILLI., .METRE. ) );
#2714 = PLANE ( 'NONE',  #3833 ) ;
#2715 = EDGE_LOOP ( 'NONE', ( #2511, #2841, #439, #4604 ) ) ;
#2716 = VERTEX_POINT ( 'NONE', #6107 ) ;
#2717 = STYLED_ITEM ( 'NONE', ( #4467 ), #2284 ) ;
#2718 = COLOUR_RGB ( '',0.6470588235294118000, 0.6196078431372549200, 0.5882352941176470800 ) ;
#2719 = DIRECTION ( 'NONE',  ( 0.0000000000000000000, 0.0000000000000000000, 1.000000000000000000 ) ) ;
#2720 = STYLED_ITEM ( 'NONE', ( #3977 ), #3271 ) ;
#2721 = VERTEX_POINT ( 'NONE', #3231 ) ;
#2722 = DIRECTION ( 'NONE',  ( -1.000000000000000000, -0.0000000000000000000, -0.0000000000000000000 ) ) ;
#2723 = TOROIDAL_SURFACE ( 'NONE', #1783, 5.200000000000001100, 0.1999999999999992300 ) ;
#2724 = EDGE_CURVE ( 'NONE', #5946, #420, #794, .T. ) ;
#2725 =( GEOMETRIC_REPRESENTATION_CONTEXT ( 3 ) GLOBAL_UNCERTAINTY_ASSIGNED_CONTEXT ( ( #6027 ) ) GLOBAL_UNIT_ASSIGNED_CONTEXT ( ( #4941, #2066, #5410 ) ) REPRESENTATION_CONTEXT ( 'NONE', 'WORKASPACE' ) );
#2726 = DIRECTION ( 'NONE',  ( -1.000000000000000000, -0.0000000000000000000, -0.0000000000000000000 ) ) ;
#2727 =( NAMED_UNIT ( * ) PLANE_ANGLE_UNIT ( ) SI_UNIT ( $, .RADIAN. ) );
#2728 = DIRECTION ( 'NONE',  ( -0.0000000000000000000, 0.0000000000000000000, 1.000000000000000000 ) ) ;
#2729 = COLOUR_RGB ( '',0.1098039215686274500, 0.1098039215686274500, 0.1098039215686274500 ) ;
#2730 = CIRCLE ( 'NONE', #2878, 4.250000000000000000 ) ;
#2731 = FACE_OUTER_BOUND ( 'NONE', #5468, .T. ) ;
#2732 = LINE ( 'NONE', #4938, #3865 ) ;
#2733 = EDGE_CURVE ( 'NONE', #132, #5659, #4620, .T. ) ;
#2734 = EDGE_LOOP ( 'NONE', ( #6058, #4006, #594, #5741 ) ) ;
#2735 = AXIS2_PLACEMENT_3D ( 'NONE', #5469, #2588, #5952 ) ;
#2736 = ORIENTED_EDGE ( 'NONE', *, *, #2249, .T. ) ;
#2737 = FILL_AREA_STYLE_COLOUR ( '', #1422 ) ;
#2738 = EDGE_LOOP ( 'NONE', ( #1332, #3599, #4669, #2667 ) ) ;
#2739 =( GEOMETRIC_REPRESENTATION_CONTEXT ( 3 ) GLOBAL_UNCERTAINTY_ASSIGNED_CONTEXT ( ( #3817 ) ) GLOBAL_UNIT_ASSIGNED_CONTEXT ( ( #2515, #5865, #3000 ) ) REPRESENTATION_CONTEXT ( 'NONE', 'WORKASPACE' ) );
#2740 = ADVANCED_FACE ( 'NONE', ( #948 ), #855, .F. ) ;
#2741 = SURFACE_STYLE_FILL_AREA ( #5095 ) ;
#2742 = DIRECTION ( 'NONE',  ( -1.000000000000000000, 0.0000000000000000000, 0.0000000000000000000 ) ) ;
#2743 = MECHANICAL_DESIGN_GEOMETRIC_PRESENTATION_REPRESENTATION (  '', ( #2111 ), #3071 ) ;
#2744 = CARTESIAN_POINT ( 'NONE',  ( -11.99999999999999600, 0.0000000000000000000, 1.800000000000016300 ) ) ;
#2745 = VERTEX_POINT ( 'NONE', #2290 ) ;
#2746 = CARTESIAN_POINT ( 'NONE',  ( -17.50000000000000000, 0.0000000000000000000, 5.400000000000000400 ) ) ;
#2747 = STYLED_ITEM ( 'NONE', ( #480 ), #1854 ) ;
#2748 = FILL_AREA_STYLE ('',( #2275 ) ) ;
#2749 = ADVANCED_FACE ( 'NONE', ( #3186 ), #344, .T. ) ;
#2750 = AXIS2_PLACEMENT_3D ( 'NONE', #2940, #85, #3430 ) ;
#2751 = CARTESIAN_POINT ( 'NONE',  ( -10.63999999999999700, 0.0000000000000000000, 5.199999999999999300 ) ) ;
#2752 = FACE_OUTER_BOUND ( 'NONE', #1684, .T. ) ;
#2753 = FACE_OUTER_BOUND ( 'NONE', #6003, .T. ) ;
#2754 = VERTEX_POINT ( 'NONE', #3274 ) ;
#2755 = CARTESIAN_POINT ( 'NONE',  ( -17.29999999999999700, 0.0000000000000000000, 0.0000000000000000000 ) ) ;
#2756 = UNCERTAINTY_MEASURE_WITH_UNIT (LENGTH_MEASURE( 1.000000000000000100E-005 ), #1497, 'distance_accuracy_value', 'NONE');
#2757 = EDGE_CURVE ( 'NONE', #2637, #4217, #2730, .T. ) ;
#2758 = AXIS2_PLACEMENT_3D ( 'NONE', #104, #3441, #572 ) ;
#2759 = AXIS2_PLACEMENT_3D ( 'NONE', #1321, #4662, #1796 ) ;
#2760 = EDGE_CURVE ( 'NONE', #49, #4173, #4017, .T. ) ;
#2761 = STYLED_ITEM ( 'NONE', ( #4225 ), #2379 ) ;
#2762 = CARTESIAN_POINT ( 'NONE',  ( 0.0000000000000000000, 0.0000000000000000000, 11.50000000000000200 ) ) ;
#2763 = CIRCLE ( 'NONE', #615, 1.800000000000039800 ) ;
#2764 = ADVANCED_FACE ( 'NONE', ( #3337 ), #2428, .F. ) ;
#2765 = FILL_AREA_STYLE ('',( #872 ) ) ;
#2767 = CARTESIAN_POINT ( 'NONE',  ( -90.50000000000000000, 0.0000000000000000000, 2.200000000000024200 ) ) ;
#2766 = DIRECTION ( 'NONE',  ( -1.000000000000000000, -0.0000000000000000000, -0.0000000000000000000 ) ) ;
#2768 = MECHANICAL_DESIGN_GEOMETRIC_PRESENTATION_REPRESENTATION (  '', ( #2138 ), #3101 ) ;
#2769 = CARTESIAN_POINT ( 'NONE',  ( -17.09999999999999100, 0.0000000000000000000, 0.0000000000000000000 ) ) ;
#2770 = ORIENTED_EDGE ( 'NONE', *, *, #3008, .F. ) ;
#2771 = ORIENTED_EDGE ( 'NONE', *, *, #5461, .T. ) ;
#2772 =( GEOMETRIC_REPRESENTATION_CONTEXT ( 3 ) GLOBAL_UNCERTAINTY_ASSIGNED_CONTEXT ( ( #5976 ) ) GLOBAL_UNIT_ASSIGNED_CONTEXT ( ( #4316, #1452, #4802 ) ) REPRESENTATION_CONTEXT ( 'NONE', 'WORKASPACE' ) );
#2773 = PRESENTATION_LAYER_ASSIGNMENT (  '', '', ( #2468 ) ) ;
#2774 = ORIENTED_EDGE ( 'NONE', *, *, #481, .T. ) ;
#2775 = VERTEX_POINT ( 'NONE', #4735 ) ;
#2776 = PRESENTATION_LAYER_ASSIGNMENT (  '', '', ( #2469 ) ) ;
#2777 = DIRECTION ( 'NONE',  ( 0.0000000000000000000, 0.0000000000000000000, 1.000000000000000000 ) ) ;
#2778 = SURFACE_STYLE_FILL_AREA ( #4791 ) ;
#2779 =( NAMED_UNIT ( * ) PLANE_ANGLE_UNIT ( ) SI_UNIT ( $, .RADIAN. ) );
#2780 = EDGE_CURVE ( 'NONE', #5659, #132, #1987, .T. ) ;
#2781 = ADVANCED_FACE ( 'NONE', ( #53 ), #6115, .T. ) ;
#2782 = ORIENTED_EDGE ( 'NONE', *, *, #993, .T. ) ;
#2783 = CARTESIAN_POINT ( 'NONE',  ( -102.6292860697262900, 5.204748896376250700E-016, -4.250000000000000000 ) ) ;
#2784 = CARTESIAN_POINT ( 'NONE',  ( -13.95999999999999600, 6.368163355566237400E-016, -5.200000000000001100 ) ) ;
#2785 = ORIENTED_EDGE ( 'NONE', *, *, #2893, .T. ) ;
#2786 = DIRECTION ( 'NONE',  ( 0.0000000000000000000, 0.0000000000000000000, 1.000000000000000000 ) ) ;
#2787 = ORIENTED_EDGE ( 'NONE', *, *, #866, .T. ) ;
#2788 =( NAMED_UNIT ( * ) PLANE_ANGLE_UNIT ( ) SI_UNIT ( $, .RADIAN. ) );
#2790 = CARTESIAN_POINT ( 'NONE',  ( -16.57999999999999800, 0.0000000000000000000, 0.0000000000000000000 ) ) ;
#2789 = DIRECTION ( 'NONE',  ( -1.000000000000000000, -0.0000000000000000000, -0.0000000000000000000 ) ) ;
#2791 =( NAMED_UNIT ( * ) SI_UNIT ( $, .STERADIAN. ) SOLID_ANGLE_UNIT ( ) );
#2792 = STYLED_ITEM ( 'NONE', ( #5003 ), #2636 ) ;
#2793 = CARTESIAN_POINT ( 'NONE',  ( -102.6292860697262900, 0.0000000000000000000, 0.0000000000000000000 ) ) ;
#2794 = ADVANCED_FACE ( 'NONE', ( #3717 ), #3258, .T. ) ;
#2795 = CARTESIAN_POINT ( 'NONE',  ( 1.750000000000003300, 2.143131898507872000E-016, -8.178233058921771100 ) ) ;
#2796 = AXIS2_PLACEMENT_3D ( 'NONE', #3588, #3606, #4092 ) ;
#2797 = CARTESIAN_POINT ( 'NONE',  ( -9.519999999999994200, 6.368163355566237400E-016, -5.200000000000001100 ) ) ;
#2798 = DIRECTION ( 'NONE',  ( 1.000000000000000000, 0.0000000000000000000, 0.0000000000000000000 ) ) ;
#2799 = FACE_OUTER_BOUND ( 'NONE', #2992, .T. ) ;
#2800 = FACE_BOUND ( 'NONE', #310, .T. ) ;
#2801 =( NAMED_UNIT ( * ) PLANE_ANGLE_UNIT ( ) SI_UNIT ( $, .RADIAN. ) );
#2802 = ADVANCED_BREP_SHAPE_REPRESENTATION ( '', ( #754, #2144 ), #5653 ) ;
#2803 = DIRECTION ( 'NONE',  ( 1.000000000000000000, 0.0000000000000000000, 0.0000000000000000000 ) ) ;
#2804 = CARTESIAN_POINT ( 'NONE',  ( -3.400000000000003000, 0.0000000000000000000, 12.40000000000000200 ) ) ;
#2805 = VECTOR ( 'NONE', #3911, 1000.000000000000000 ) ;
#2806 = COLOUR_RGB ( '',0.1098039215686274500, 0.1098039215686274500, 0.1098039215686274500 ) ;
#2807 = CIRCLE ( 'NONE', #5987, 0.09999999999999982500 ) ;
#2808 = VERTEX_POINT ( 'NONE', #1929 ) ;
#2809 = DIRECTION ( 'NONE',  ( 0.0000000000000000000, 0.0000000000000000000, 1.000000000000000000 ) ) ;
#2811 = FILL_AREA_STYLE_COLOUR ( '', #5089 ) ;
#2810 = CARTESIAN_POINT ( 'NONE',  ( -15.07999999999999700, 0.0000000000000000000, 0.0000000000000000000 ) ) ;
#2812 = DIRECTION ( 'NONE',  ( 0.0000000000000000000, 0.0000000000000000000, 1.000000000000000000 ) ) ;
#2813 = VERTEX_POINT ( 'NONE', #4826 ) ;
#2814 = ORIENTED_EDGE ( 'NONE', *, *, #2205, .F. ) ;
#2815 = CIRCLE ( 'NONE', #2590, 0.09999999999999939500 ) ;
#2816 = COLOUR_RGB ( '',0.1098039215686274500, 0.1098039215686274500, 0.1098039215686274500 ) ;
#2817 = DIRECTION ( 'NONE',  ( 0.0000000000000000000, 0.0000000000000000000, 1.000000000000000000 ) ) ;
#2818 = ORIENTED_EDGE ( 'NONE', *, *, #5237, .T. ) ;
#2819 = CARTESIAN_POINT ( 'NONE',  ( -14.15999999999999100, 6.490628035480971900E-016, -5.199999999999999300 ) ) ;
#2820 = CIRCLE ( 'NONE', #5383, 0.1999999999999996500 ) ;
#2821 = AXIS2_PLACEMENT_3D ( 'NONE', #2797, #6159, #3283 ) ;
#2822 = CIRCLE ( 'NONE', #1160, 2.600000000000000500 ) ;
#2823 = CARTESIAN_POINT ( 'NONE',  ( -10.83999999999999600, 0.0000000000000000000, 5.200000000000001100 ) ) ;
#2824 = DIRECTION ( 'NONE',  ( -0.0000000000000000000, -0.0000000000000000000, -1.000000000000000000 ) ) ;
#2825 = DIRECTION ( 'NONE',  ( -1.000000000000000000, -0.0000000000000000000, -0.0000000000000000000 ) ) ;
#2826 = ORIENTED_EDGE ( 'NONE', *, *, #2218, .T. ) ;
#2827 = DIRECTION ( 'NONE',  ( 1.000000000000000000, 0.0000000000000000000, 0.0000000000000000000 ) ) ;
#2828 = LINE ( 'NONE', #5021, #440 ) ;
#2829 = AXIS2_PLACEMENT_3D ( 'NONE', #4870, #535, #1541 ) ;
#2830 = EDGE_LOOP ( 'NONE', ( #596, #2058, #3265, #4113 ) ) ;
#2831 = ADVANCED_BREP_SHAPE_REPRESENTATION ( '', ( #5839, #2144 ), #1826 ) ;
#2832 = DIRECTION ( 'NONE',  ( -1.000000000000000000, -0.0000000000000000000, -0.0000000000000000000 ) ) ;
#2833 = ORIENTED_EDGE ( 'NONE', *, *, #4413, .T. ) ;
#2834 =( GEOMETRIC_REPRESENTATION_CONTEXT ( 3 ) GLOBAL_UNCERTAINTY_ASSIGNED_CONTEXT ( ( #746 ) ) GLOBAL_UNIT_ASSIGNED_CONTEXT ( ( #5676, #2801, #6163 ) ) REPRESENTATION_CONTEXT ( 'NONE', 'WORKASPACE' ) );
#2835 = UNCERTAINTY_MEASURE_WITH_UNIT (LENGTH_MEASURE( 1.000000000000000100E-005 ), #5536, 'distance_accuracy_value', 'NONE');
#2836 = COLOUR_RGB ( '',0.1098039215686274500, 0.1098039215686274500, 0.1098039215686274500 ) ;
#2837 = DIRECTION ( 'NONE',  ( -1.000000000000000000, -0.0000000000000000000, -0.0000000000000000000 ) ) ;
#2838 = DIRECTION ( 'NONE',  ( 0.0000000000000000000, 0.0000000000000000000, 1.000000000000000000 ) ) ;
#2839 = EDGE_CURVE ( 'NONE', #5557, #395, #5656, .T. ) ;
#2840 =( LENGTH_UNIT ( ) NAMED_UNIT ( * ) SI_UNIT ( .MILLI., .METRE. ) );
#2841 = ORIENTED_EDGE ( 'NONE', *, *, #3312, .T. ) ;
#2842 =( NAMED_UNIT ( * ) PLANE_ANGLE_UNIT ( ) SI_UNIT ( $, .RADIAN. ) );
#2843 = DIRECTION ( 'NONE',  ( -0.0000000000000000000, 0.0000000000000000000, 1.000000000000000000 ) ) ;
#2844 = EDGE_LOOP ( 'NONE', ( #1136, #3952 ) ) ;
#2845 = AXIS2_PLACEMENT_3D ( 'NONE', #1969, #5320, #2439 ) ;
#2846 = DIRECTION ( 'NONE',  ( -0.0000000000000000000, 1.000000000000000000, 1.224646799147353200E-016 ) ) ;
#2847 = FACE_OUTER_BOUND ( 'NONE', #6154, .T. ) ;
#2848 = PRODUCT_RELATED_PRODUCT_CATEGORY ( 'part', '', ( #1771 ) ) ;
#2849 =( NAMED_UNIT ( * ) PLANE_ANGLE_UNIT ( ) SI_UNIT ( $, .RADIAN. ) );
#2850 = DIRECTION ( 'NONE',  ( -1.000000000000000000, -0.0000000000000000000, -0.0000000000000000000 ) ) ;
#2851 = EDGE_CURVE ( 'NONE', #1443, #4615, #3119, .T. ) ;
#2852 = CARTESIAN_POINT ( 'NONE',  ( -9.519999999999987100, 0.0000000000000000000, 0.0000000000000000000 ) ) ;
#2854 = DIRECTION ( 'NONE',  ( 0.0000000000000000000, 0.0000000000000000000, 1.000000000000000000 ) ) ;
#2853 = CARTESIAN_POINT ( 'NONE',  ( -91.50000000000000000, 0.0000000000000000000, 0.0000000000000000000 ) ) ;
#2855 = AXIS2_PLACEMENT_3D ( 'NONE', #3877, #1011, #4368 ) ;
#2856 = ORIENTED_EDGE ( 'NONE', *, *, #2608, .F. ) ;
#2857 = LINE ( 'NONE', #29, #1607 ) ;
#2858 = AXIS2_PLACEMENT_3D ( 'NONE', #1787, #5130, #2256 ) ;
#2859 = ORIENTED_EDGE ( 'NONE', *, *, #1624, .F. ) ;
#2860 = AXIS2_PLACEMENT_3D ( 'NONE', #406, #3765, #888 ) ;
#2861 = ORIENTED_EDGE ( 'NONE', *, *, #3371, .T. ) ;
#2862 = CARTESIAN_POINT ( 'NONE',  ( -16.57999999999999800, 0.0000000000000000000, 0.0000000000000000000 ) ) ;
#2863 = CARTESIAN_POINT ( 'NONE',  ( -92.00000000000000000, 0.0000000000000000000, 0.0000000000000000000 ) ) ;
#2864 = SURFACE_STYLE_FILL_AREA ( #5405 ) ;
#2865 = ORIENTED_EDGE ( 'NONE', *, *, #807, .F. ) ;
#2866 =( NAMED_UNIT ( * ) PLANE_ANGLE_UNIT ( ) SI_UNIT ( $, .RADIAN. ) );
#2867 = SURFACE_SIDE_STYLE ('',( #3086 ) ) ;
#2868 = CARTESIAN_POINT ( 'NONE',  ( 0.0000000000000000000, 0.0000000000000000000, -8.178233058921771100 ) ) ;
#2869 = ORIENTED_EDGE ( 'NONE', *, *, #4625, .F. ) ;
#2870 = DIRECTION ( 'NONE',  ( 0.0000000000000000000, -1.000000000000000000, 0.0000000000000000000 ) ) ;
#2871 = DIRECTION ( 'NONE',  ( -0.0000000000000000000, 1.000000000000000000, 1.224646799147353200E-016 ) ) ;
#2872 = DIRECTION ( 'NONE',  ( -1.000000000000000000, -0.0000000000000000000, -0.0000000000000000000 ) ) ;
#2873 = COLOUR_RGB ( '',0.6470588235294118000, 0.6196078431372549200, 0.5882352941176470800 ) ;
#2874 = DIRECTION ( 'NONE',  ( 0.0000000000000000000, 0.0000000000000000000, 1.000000000000000000 ) ) ;
#2875 = DIRECTION ( 'NONE',  ( 0.0000000000000000000, 0.0000000000000000000, 1.000000000000000000 ) ) ;
#2877 = DIRECTION ( 'NONE',  ( 0.0000000000000000000, 0.0000000000000000000, 1.000000000000000000 ) ) ;
#2876 = DIRECTION ( 'NONE',  ( 0.0000000000000000000, 0.0000000000000000000, 1.000000000000000000 ) ) ;
#2878 = AXIS2_PLACEMENT_3D ( 'NONE', #2337, #5683, #2812 ) ;
#2879 = SURFACE_STYLE_USAGE ( .BOTH. , #5758 ) ;
#2880 = COLOUR_RGB ( '',0.1098039215686274500, 0.1098039215686274500, 0.1098039215686274500 ) ;
#2881 = SURFACE_STYLE_FILL_AREA ( #1546 ) ;
#2882 = VERTEX_POINT ( 'NONE', #3872 ) ;
#2883 = DIRECTION ( 'NONE',  ( -1.000000000000000000, -0.0000000000000000000, -0.0000000000000000000 ) ) ;
#2884 = DIRECTION ( 'NONE',  ( -1.000000000000000000, -0.0000000000000000000, -0.0000000000000000000 ) ) ;
#2885 =( NAMED_UNIT ( * ) PLANE_ANGLE_UNIT ( ) SI_UNIT ( $, .RADIAN. ) );
#2886 = CIRCLE ( 'NONE', #2313, 5.400000000000000400 ) ;
#2887 = CIRCLE ( 'NONE', #3374, 1.000000000000032000 ) ;
#2888 = EDGE_CURVE ( 'NONE', #3131, #5791, #1846, .T. ) ;
#2889 = PRESENTATION_STYLE_ASSIGNMENT (( #3377 ) ) ;
#2890 = ORIENTED_EDGE ( 'NONE', *, *, #974, .T. ) ;
#2891 =( NAMED_UNIT ( * ) SI_UNIT ( $, .STERADIAN. ) SOLID_ANGLE_UNIT ( ) );
#2892 = AXIS2_PLACEMENT_3D ( 'NONE', #4809, #2884, #690 ) ;
#2893 = EDGE_CURVE ( 'NONE', #4899, #3775, #4408, .T. ) ;
#2894 =( NAMED_UNIT ( * ) PLANE_ANGLE_UNIT ( ) SI_UNIT ( $, .RADIAN. ) );
#2895 = CARTESIAN_POINT ( 'NONE',  ( -94.50000000000000000, 0.0000000000000000000, 2.500000000000000000 ) ) ;
#2896 = ORIENTED_EDGE ( 'NONE', *, *, #5029, .T. ) ;
#2897 = DIRECTION ( 'NONE',  ( -0.0000000000000000000, -0.0000000000000000000, -1.000000000000000000 ) ) ;
#2898 = DIRECTION ( 'NONE',  ( 1.000000000000000000, 0.0000000000000000000, 0.0000000000000000000 ) ) ;
#2899 = DIRECTION ( 'NONE',  ( 0.0000000000000000000, -1.224646799147348800E-016, 1.000000000000000000 ) ) ;
#2900 = PRESENTATION_LAYER_ASSIGNMENT (  '', '', ( #2563 ) ) ;
#2901 = FILL_AREA_STYLE ('',( #1470 ) ) ;
#2902 = TOROIDAL_SURFACE ( 'NONE', #3983, 4.450000000000000200, 0.1999999999999992300 ) ;
#2903 = ORIENTED_EDGE ( 'NONE', *, *, #4030, .T. ) ;
#2905 = CARTESIAN_POINT ( 'NONE',  ( 0.0000000000000000000, 0.0000000000000000000, 22.09999999999999800 ) ) ;
#2904 =( GEOMETRIC_REPRESENTATION_CONTEXT ( 3 ) GLOBAL_UNCERTAINTY_ASSIGNED_CONTEXT ( ( #1992 ) ) GLOBAL_UNIT_ASSIGNED_CONTEXT ( ( #2175, #5527, #2641 ) ) REPRESENTATION_CONTEXT ( 'NONE', 'WORKASPACE' ) );
#2906 = STYLED_ITEM ( 'NONE', ( #2433 ), #6104 ) ;
#2907 = AXIS2_PLACEMENT_3D ( 'NONE', #3458, #591, #3944 ) ;
#2908 = EDGE_LOOP ( 'NONE', ( #4679, #1528 ) ) ;
#2909 = CYLINDRICAL_SURFACE ( 'NONE', #5821, 1.750000000000003300 ) ;
#2910 =( LENGTH_UNIT ( ) NAMED_UNIT ( * ) SI_UNIT ( .MILLI., .METRE. ) );
#2911 = EDGE_CURVE ( 'NONE', #4150, #5182, #728, .T. ) ;
#2912 = DIRECTION ( 'NONE',  ( 0.0000000000000000000, 0.0000000000000000000, 1.000000000000000000 ) ) ;
#2913 = FACE_OUTER_BOUND ( 'NONE', #3505, .T. ) ;
#2914 = DIRECTION ( 'NONE',  ( -1.000000000000000000, 0.0000000000000000000, -0.0000000000000000000 ) ) ;
#2915 = FILL_AREA_STYLE ('',( #1966 ) ) ;
#2916 = SURFACE_STYLE_USAGE ( .BOTH. , #5793 ) ;
#2917 = CYLINDRICAL_SURFACE ( 'NONE', #2596, 2.600000000000013000 ) ;
#2918 = PLANE ( 'NONE',  #1503 ) ;
#2919 = ORIENTED_EDGE ( 'NONE', *, *, #330, .F. ) ;
#2920 = FILL_AREA_STYLE ('',( #2462 ) ) ;
#2921 = CARTESIAN_POINT ( 'NONE',  ( -94.00000000000000000, 7.347880794884490000E-017, -0.6000000000000302900 ) ) ;
#2922 = AXIS2_PLACEMENT_3D ( 'NONE', #1971, #5322, #2443 ) ;
#2923 = CIRCLE ( 'NONE', #5240, 1.000000000000032000 ) ;
#2924 = DIRECTION ( 'NONE',  ( -0.0000000000000000000, 1.000000000000000000, 1.224646799147353200E-016 ) ) ;
#2925 = STYLED_ITEM ( 'NONE', ( #229 ), #3532 ) ;
#2926 = PRESENTATION_LAYER_ASSIGNMENT (  '', '', ( #2597 ) ) ;
#2927 = FILL_AREA_STYLE_COLOUR ( '', #3159 ) ;
#2928 = ORIENTED_EDGE ( 'NONE', *, *, #1831, .T. ) ;
#2929 = CARTESIAN_POINT ( 'NONE',  ( -9.519999999999987100, 0.0000000000000000000, 0.0000000000000000000 ) ) ;
#2930 = VERTEX_POINT ( 'NONE', #1975 ) ;
#2931 = CYLINDRICAL_SURFACE ( 'NONE', #4506, 5.400000000000000400 ) ;
#2932 = SURFACE_SIDE_STYLE ('',( #1184 ) ) ;
#2933 = CARTESIAN_POINT ( 'NONE',  ( -10.00000000000000900, 0.0000000000000000000, -2.600000000000010300 ) ) ;
#2934 = CIRCLE ( 'NONE', #1828, 2.200000000000024200 ) ;
#2935 = EDGE_CURVE ( 'NONE', #4553, #2605, #4238, .T. ) ;
#2936 = VERTEX_POINT ( 'NONE', #63 ) ;
#2937 = FILL_AREA_STYLE ('',( #1991 ) ) ;
#2938 = UNCERTAINTY_MEASURE_WITH_UNIT (LENGTH_MEASURE( 1.000000000000000100E-005 ), #4236, 'distance_accuracy_value', 'NONE');
#2939 = ORIENTED_EDGE ( 'NONE', *, *, #3508, .F. ) ;
#2940 = CARTESIAN_POINT ( 'NONE',  ( -5.500000000000001800, 0.0000000000000000000, 11.00000000000000200 ) ) ;
#2941 = AXIS2_PLACEMENT_3D ( 'NONE', #5000, #703, #4054 ) ;
#2942 =( NAMED_UNIT ( * ) PLANE_ANGLE_UNIT ( ) SI_UNIT ( $, .RADIAN. ) );
#2943 = ORIENTED_EDGE ( 'NONE', *, *, #5862, .T. ) ;
#2944 = FILL_AREA_STYLE_COLOUR ( '', #487 ) ;
#2945 = PRESENTATION_STYLE_ASSIGNMENT (( #3779 ) ) ;
#2946 = COLOUR_RGB ( '',0.1098039215686274500, 0.1098039215686274500, 0.1098039215686274500 ) ;
#2947 = UNCERTAINTY_MEASURE_WITH_UNIT (LENGTH_MEASURE( 1.000000000000000100E-005 ), #1660, 'distance_accuracy_value', 'NONE');
#2948 = DIRECTION ( 'NONE',  ( -1.000000000000000000, 0.0000000000000000000, -0.0000000000000000000 ) ) ;
#2949 = DIRECTION ( 'NONE',  ( 0.0000000000000000000, 0.0000000000000000000, 1.000000000000000000 ) ) ;
#2950 = AXIS2_PLACEMENT_3D ( 'NONE', #5189, #2356, #5706 ) ;
#2951 = CARTESIAN_POINT ( 'NONE',  ( -9.519999999999994200, 0.0000000000000000000, 5.200000000000001100 ) ) ;
#2952 = CARTESIAN_POINT ( 'NONE',  ( -15.27999999999999800, 0.0000000000000000000, 5.200000000000001100 ) ) ;
#2953 = CYLINDRICAL_SURFACE ( 'NONE', #1111, 5.400000000000000400 ) ;
#2954 = COLOUR_RGB ( '',0.1098039215686274500, 0.1098039215686274500, 0.1098039215686274500 ) ;
#2955 = ADVANCED_FACE ( 'NONE', ( #2959 ), #5367, .T. ) ;
#2956 = CARTESIAN_POINT ( 'NONE',  ( -99.00000000000000000, 0.0000000000000000000, 0.0000000000000000000 ) ) ;
#2957 = PLANE ( 'NONE',  #4782 ) ;
#2958 = STYLED_ITEM ( 'NONE', ( #1481 ), #3085 ) ;
#2959 = FACE_OUTER_BOUND ( 'NONE', #2738, .T. ) ;
#2960 = EDGE_CURVE ( 'NONE', #2406, #5446, #5519, .T. ) ;
#2961 = FACE_OUTER_BOUND ( 'NONE', #2619, .T. ) ;
#2962 = DIRECTION ( 'NONE',  ( 0.0000000000000000000, 0.0000000000000000000, 1.000000000000000000 ) ) ;
#2963 = ORIENTED_EDGE ( 'NONE', *, *, #2017, .T. ) ;
#2964 = ORIENTED_EDGE ( 'NONE', *, *, #845, .F. ) ;
#2965 = SHAPE_REPRESENTATION ( 'Тело13', ( #2144 ), #3748 ) ;
#2966 = EDGE_CURVE ( 'NONE', #4415, #1057, #2002, .T. ) ;
#2967 = ORIENTED_EDGE ( 'NONE', *, *, #4018, .T. ) ;
#2968 =( GEOMETRIC_REPRESENTATION_CONTEXT ( 3 ) GLOBAL_UNCERTAINTY_ASSIGNED_CONTEXT ( ( #5378 ) ) GLOBAL_UNIT_ASSIGNED_CONTEXT ( ( #3065, #201, #3555 ) ) REPRESENTATION_CONTEXT ( 'NONE', 'WORKASPACE' ) );
#2969 = MECHANICAL_DESIGN_GEOMETRIC_PRESENTATION_REPRESENTATION (  '', ( #2021 ), #3288 ) ;
#2970 = EDGE_CURVE ( 'NONE', #1661, #3139, #4101, .T. ) ;
#2971 = AXIS2_PLACEMENT_3D ( 'NONE', #3552, #683, #4031 ) ;
#2972 = ORIENTED_EDGE ( 'NONE', *, *, #761, .F. ) ;
#2973 = FILL_AREA_STYLE_COLOUR ( '', #1746 ) ;
#2974 = CIRCLE ( 'NONE', #4746, 5.199999999999999300 ) ;
#2975 = CIRCLE ( 'NONE', #5759, 1.000000000000032000 ) ;
#2976 = CARTESIAN_POINT ( 'NONE',  ( -90.50000000000000000, 3.184081677783149300E-016, -2.600000000000025400 ) ) ;
#2977 = EDGE_CURVE ( 'NONE', #779, #5544, #417, .T. ) ;
#2978 = AXIS2_PLACEMENT_3D ( 'NONE', #1566, #5404, #3474 ) ;
#2979 = DIRECTION ( 'NONE',  ( 0.0000000000000000000, 0.0000000000000000000, -1.000000000000000000 ) ) ;
#2980 = DIRECTION ( 'NONE',  ( -1.224646799147353200E-016, 1.000000000000000000, 0.0000000000000000000 ) ) ;
#2981 = SHAPE_REPRESENTATION ( 'Тело16', ( #2144 ), #5653 ) ;
#2982 = PRESENTATION_STYLE_ASSIGNMENT (( #2405 ) ) ;
#2984 = DIRECTION ( 'NONE',  ( 0.0000000000000000000, 0.0000000000000000000, -1.000000000000000000 ) ) ;
#2983 = PRESENTATION_LAYER_ASSIGNMENT (  '', '', ( #2657 ) ) ;
#2985 = PRESENTATION_LAYER_ASSIGNMENT (  '', '', ( #3308 ) ) ;
#2986 = CARTESIAN_POINT ( 'NONE',  ( -9.919999999999994600, 0.0000000000000000000, 4.450000000000000200 ) ) ;
#2987 = ORIENTED_EDGE ( 'NONE', *, *, #730, .F. ) ;
#2988 = DIRECTION ( 'NONE',  ( -1.000000000000000000, -0.0000000000000000000, -0.0000000000000000000 ) ) ;
#2989 = CIRCLE ( 'NONE', #3260, 1.410652069897089500 ) ;
#2990 = CIRCLE ( 'NONE', #882, 2.500000000000000000 ) ;
#2991 = CARTESIAN_POINT ( 'NONE',  ( -8.000000000000007100, 0.0000000000000000000, 0.0000000000000000000 ) ) ;
#2992 = EDGE_LOOP ( 'NONE', ( #1539, #3646, #313, #3339 ) ) ;
#2993 = ORIENTED_EDGE ( 'NONE', *, *, #5055, .T. ) ;
#2994 = EDGE_CURVE ( 'NONE', #6006, #2930, #1556, .T. ) ;
#2995 = DIRECTION ( 'NONE',  ( 0.0000000000000000000, -1.000000000000000000, 0.0000000000000000000 ) ) ;
#2996 = DIRECTION ( 'NONE',  ( -0.0000000000000000000, -0.0000000000000000000, -1.000000000000000000 ) ) ;
#2997 = DIRECTION ( 'NONE',  ( -1.000000000000000000, -0.0000000000000000000, -0.0000000000000000000 ) ) ;
#2998 = EDGE_LOOP ( 'NONE', ( #4324, #1078, #390, #5277 ) ) ;
#2999 = DIRECTION ( 'NONE',  ( -1.000000000000000000, -0.0000000000000000000, -0.0000000000000000000 ) ) ;
#3000 =( NAMED_UNIT ( * ) SI_UNIT ( $, .STERADIAN. ) SOLID_ANGLE_UNIT ( ) );
#3001 = DIRECTION ( 'NONE',  ( -1.000000000000000000, -0.0000000000000000000, -0.0000000000000000000 ) ) ;
#3002 = ORIENTED_EDGE ( 'NONE', *, *, #1505, .T. ) ;
#3003 = CYLINDRICAL_SURFACE ( 'NONE', #5994, 6.000000000000000900 ) ;
#3004 = FILL_AREA_STYLE ('',( #4927 ) ) ;
#3005 = EDGE_CURVE ( 'NONE', #3019, #5222, #5213, .T. ) ;
#3006 = DIRECTION ( 'NONE',  ( -1.000000000000000000, -0.0000000000000000000, -0.0000000000000000000 ) ) ;
#3007 = MECHANICAL_DESIGN_GEOMETRIC_PRESENTATION_REPRESENTATION (  '', ( #2365 ), #3327 ) ;
#3008 = EDGE_CURVE ( 'NONE', #2470, #4451, #270, .T. ) ;
#3009 = ORIENTED_EDGE ( 'NONE', *, *, #1186, .F. ) ;
#3010 = SURFACE_STYLE_USAGE ( .BOTH. , #5875 ) ;
#3011 = ADVANCED_FACE ( 'NONE', ( #2661 ), #4619, .T. ) ;
#3012 = LINE ( 'NONE', #3, #5412 ) ;
#3013 = ORIENTED_EDGE ( 'NONE', *, *, #1644, .F. ) ;
#3014 = EDGE_CURVE ( 'NONE', #1233, #2286, #5880, .T. ) ;
#3015 = DIRECTION ( 'NONE',  ( 0.0000000000000000000, -1.224646799147353500E-016, 1.000000000000000000 ) ) ;
#3016 = DIRECTION ( 'NONE',  ( -0.0000000000000000000, -0.0000000000000000000, -1.000000000000000000 ) ) ;
#3017 =( LENGTH_UNIT ( ) NAMED_UNIT ( * ) SI_UNIT ( .MILLI., .METRE. ) );
#3018 = DIRECTION ( 'NONE',  ( 0.0000000000000000000, 0.0000000000000000000, 1.000000000000000000 ) ) ;
#3019 = VERTEX_POINT ( 'NONE', #2052 ) ;
#3020 = PRESENTATION_LAYER_ASSIGNMENT (  '', '', ( #2697 ) ) ;
#3021 = CARTESIAN_POINT ( 'NONE',  ( -111.8192135558113600, 2.694222958124196700E-016, -2.200000000000016200 ) ) ;
#3022 = AXIS2_PLACEMENT_3D ( 'NONE', #4909, #2507, #604 ) ;
#3023 = CARTESIAN_POINT ( 'NONE',  ( -102.6292860697262900, 0.0000000000000000000, 5.400000000000000400 ) ) ;
#3024 = ORIENTED_EDGE ( 'NONE', *, *, #4503, .F. ) ;
#3025 = DIRECTION ( 'NONE',  ( -1.000000000000000000, -0.0000000000000000000, -0.0000000000000000000 ) ) ;
#3026 = CARTESIAN_POINT ( 'NONE',  ( -1.750000000000003300, 0.0000000000000000000, -8.178233058921771100 ) ) ;
#3027 = DIRECTION ( 'NONE',  ( 0.0000000000000000000, -1.224646799147353500E-016, 1.000000000000000000 ) ) ;
#3028 = CARTESIAN_POINT ( 'NONE',  ( -102.6292860697262900, 6.613092715395707500E-016, -5.400000000000000400 ) ) ;
#3029 = DIRECTION ( 'NONE',  ( -1.000000000000000000, -0.0000000000000000000, -0.0000000000000000000 ) ) ;
#3030 = CIRCLE ( 'NONE', #1162, 0.1999999999999996500 ) ;
#3031 = SURFACE_STYLE_FILL_AREA ( #3673 ) ;
#3032 = TOROIDAL_SURFACE ( 'NONE', #5708, 5.200000000000001100, 0.2000000000000000900 ) ;
#3033 = ORIENTED_EDGE ( 'NONE', *, *, #3615, .T. ) ;
#3034 = DIRECTION ( 'NONE',  ( 0.0000000000000000000, 0.0000000000000000000, 1.000000000000000000 ) ) ;
#3035 =( NAMED_UNIT ( * ) PLANE_ANGLE_UNIT ( ) SI_UNIT ( $, .RADIAN. ) );
#3036 = CARTESIAN_POINT ( 'NONE',  ( -9.719999999999991800, 0.0000000000000000000, 0.0000000000000000000 ) ) ;
#3037 = CIRCLE ( 'NONE', #3624, 0.1999999999999996500 ) ;
#3038 = EDGE_LOOP ( 'NONE', ( #890, #4124, #131, #1855 ) ) ;
#3039 =( NAMED_UNIT ( * ) PLANE_ANGLE_UNIT ( ) SI_UNIT ( $, .RADIAN. ) );
#3040 = AXIS2_PLACEMENT_3D ( 'NONE', #4183, #385, #3228 ) ;
#3041 = SURFACE_STYLE_USAGE ( .BOTH. , #5908 ) ;
#3042 = CARTESIAN_POINT ( 'NONE',  ( -13.05999999999999700, 0.0000000000000000000, 0.0000000000000000000 ) ) ;
#3043 = SURFACE_SIDE_STYLE ('',( #5443 ) ) ;
#3044 = ADVANCED_FACE ( 'NONE', ( #2215 ), #1631, .T. ) ;
#3045 = EDGE_LOOP ( 'NONE', ( #4382, #6199, #4810, #1561 ) ) ;
#3046 = CYLINDRICAL_SURFACE ( 'NONE', #4567, 2.600000000000010300 ) ;
#3047 = PRESENTATION_LAYER_ASSIGNMENT (  '', '', ( #2720 ) ) ;
#3048 = DIRECTION ( 'NONE',  ( -1.000000000000000000, -0.0000000000000000000, -0.0000000000000000000 ) ) ;
#3049 = EDGE_CURVE ( 'NONE', #319, #2250, #2886, .T. ) ;
#3050 = VERTEX_POINT ( 'NONE', #4015 ) ;
#3051 = CARTESIAN_POINT ( 'NONE',  ( -1.750000000000003300, 0.0000000000000000000, 21.30000000000000100 ) ) ;
#3052 = DIRECTION ( 'NONE',  ( 0.0000000000000000000, -1.224646799147353500E-016, 1.000000000000000000 ) ) ;
#3053 = ADVANCED_FACE ( 'NONE', ( #494 ), #4016, .T. ) ;
#3054 = STYLED_ITEM ( 'NONE', ( #1483 ), #5947 ) ;
#3055 = CIRCLE ( 'NONE', #3894, 0.6000000000000529400 ) ;
#3056 = CIRCLE ( 'NONE', #5867, 5.500000000000001800 ) ;
#3057 = SURFACE_STYLE_USAGE ( .BOTH. , #5925 ) ;
#3058 = EDGE_LOOP ( 'NONE', ( #3167, #4881, #6198, #5669 ) ) ;
#3059 = DIRECTION ( 'NONE',  ( 0.0000000000000000000, -1.224646799147348800E-016, 1.000000000000000000 ) ) ;
#3060 = EDGE_CURVE ( 'NONE', #6006, #2637, #4167, .T. ) ;
#3061 =( NAMED_UNIT ( * ) SI_UNIT ( $, .STERADIAN. ) SOLID_ANGLE_UNIT ( ) );
#3062 = CIRCLE ( 'NONE', #2189, 5.400000000000000400 ) ;
#3063 = CONICAL_SURFACE ( 'NONE', #5153, 1.722964503423848800, 0.1047197551196606000 ) ;
#3064 = AXIS2_PLACEMENT_3D ( 'NONE', #2083, #1629, #3034 ) ;
#3065 =( LENGTH_UNIT ( ) NAMED_UNIT ( * ) SI_UNIT ( .MILLI., .METRE. ) );
#3066 =( NAMED_UNIT ( * ) PLANE_ANGLE_UNIT ( ) SI_UNIT ( $, .RADIAN. ) );
#3067 = DIRECTION ( 'NONE',  ( -1.000000000000000000, -0.0000000000000000000, -0.0000000000000000000 ) ) ;
#3068 = CARTESIAN_POINT ( 'NONE',  ( -11.00000000000001100, 0.0000000000000000000, 0.0000000000000000000 ) ) ;
#3069 = AXIS2_PLACEMENT_3D ( 'NONE', #5409, #2537, #5887 ) ;
#3070 = VECTOR ( 'NONE', #635, 1000.000000000000000 ) ;
#3071 =( GEOMETRIC_REPRESENTATION_CONTEXT ( 3 ) GLOBAL_UNCERTAINTY_ASSIGNED_CONTEXT ( ( #4064 ) ) GLOBAL_UNIT_ASSIGNED_CONTEXT ( ( #1812, #5160, #2288 ) ) REPRESENTATION_CONTEXT ( 'NONE', 'WORKASPACE' ) );
#3072 = CARTESIAN_POINT ( 'NONE',  ( -102.6292860697262900, 0.0000000000000000000, 0.0000000000000000000 ) ) ;
#3073 = EDGE_LOOP ( 'NONE', ( #3154, #4929 ) ) ;
#3074 = DIRECTION ( 'NONE',  ( 0.0000000000000000000, 0.0000000000000000000, 1.000000000000000000 ) ) ;
#3075 = CARTESIAN_POINT ( 'NONE',  ( -8.419999999999996400, 0.0000000000000000000, 0.0000000000000000000 ) ) ;
#3076 = AXIS2_PLACEMENT_3D ( 'NONE', #981, #5128, #2253 ) ;
#3077 = CARTESIAN_POINT ( 'NONE',  ( -6.000000000000041700, 0.0000000000000000000, 1.540743955509800300E-031 ) ) ;
#3078 = ORIENTED_EDGE ( 'NONE', *, *, #5109, .T. ) ;
#3079 = DIRECTION ( 'NONE',  ( 1.000000000000000000, 0.0000000000000000000, 0.0000000000000000000 ) ) ;
#3080 = DIRECTION ( 'NONE',  ( 0.0000000000000000000, -1.224646799147353500E-016, 1.000000000000000000 ) ) ;
#3081 = AXIS2_PLACEMENT_3D ( 'NONE', #4906, #2037, #5379 ) ;
#3082 =( NAMED_UNIT ( * ) SI_UNIT ( $, .STERADIAN. ) SOLID_ANGLE_UNIT ( ) );
#3083 = ORIENTED_EDGE ( 'NONE', *, *, #2454, .T. ) ;
#3084 = SURFACE_STYLE_USAGE ( .BOTH. , #4533 ) ;
#3085 = ADVANCED_FACE ( 'NONE', ( #5301 ), #5965, .T. ) ;
#3086 = SURFACE_STYLE_FILL_AREA ( #5739 ) ;
#3087 = DIRECTION ( 'NONE',  ( -1.000000000000000000, -0.0000000000000000000, -0.0000000000000000000 ) ) ;
#3088 = DIRECTION ( 'NONE',  ( -1.000000000000000000, 0.0000000000000000000, 0.0000000000000000000 ) ) ;
#3089 = DIRECTION ( 'NONE',  ( 0.0000000000000000000, 0.0000000000000000000, 1.000000000000000000 ) ) ;
#3090 = EDGE_CURVE ( 'NONE', #64, #4415, #1025, .T. ) ;
#3091 = AXIS2_PLACEMENT_3D ( 'NONE', #4865, #4399, #1534 ) ;
#3092 = ORIENTED_EDGE ( 'NONE', *, *, #3732, .F. ) ;
#3093 = AXIS2_PLACEMENT_3D ( 'NONE', #3226, #362, #3715 ) ;
#3094 = EDGE_CURVE ( 'NONE', #4451, #3775, #3569, .T. ) ;
#3095 = PRESENTATION_LAYER_ASSIGNMENT (  '', '', ( #2761 ) ) ;
#3096 = ORIENTED_EDGE ( 'NONE', *, *, #5753, .T. ) ;
#3097 = UNCERTAINTY_MEASURE_WITH_UNIT (LENGTH_MEASURE( 1.000000000000000100E-005 ), #4061, 'distance_accuracy_value', 'NONE');
#3098 = CARTESIAN_POINT ( 'NONE',  ( -14.87999999999999500, 0.0000000000000000000, 0.0000000000000000000 ) ) ;
#3099 = DIRECTION ( 'NONE',  ( -1.000000000000000000, -0.0000000000000000000, -0.0000000000000000000 ) ) ;
#3100 = ORIENTED_EDGE ( 'NONE', *, *, #4413, .F. ) ;
#3101 =( GEOMETRIC_REPRESENTATION_CONTEXT ( 3 ) GLOBAL_UNCERTAINTY_ASSIGNED_CONTEXT ( ( #283 ) ) GLOBAL_UNIT_ASSIGNED_CONTEXT ( ( #1238, #4569, #2195 ) ) REPRESENTATION_CONTEXT ( 'NONE', 'WORKASPACE' ) );
#3102 = DIRECTION ( 'NONE',  ( -1.000000000000000000, 0.0000000000000000000, 2.567906592516316300E-032 ) ) ;
#3103 = DIRECTION ( 'NONE',  ( -1.000000000000000000, 0.0000000000000000000, 0.0000000000000000000 ) ) ;
#3104 = MECHANICAL_DESIGN_GEOMETRIC_PRESENTATION_REPRESENTATION (  '', ( #2468 ), #3428 ) ;
#3105 = SURFACE_STYLE_USAGE ( .BOTH. , #5973 ) ;
#3106 = CARTESIAN_POINT ( 'NONE',  ( -91.50000000000000000, 0.0000000000000000000, 0.0000000000000000000 ) ) ;
#3107 = MECHANICAL_DESIGN_GEOMETRIC_PRESENTATION_REPRESENTATION (  '', ( #2469 ), #3429 ) ;
#3108 =( LENGTH_UNIT ( ) NAMED_UNIT ( * ) SI_UNIT ( .MILLI., .METRE. ) );
#3109 = TOROIDAL_SURFACE ( 'NONE', #5629, 4.450000000000000200, 0.2000000000000000900 ) ;
#3110 = CYLINDRICAL_SURFACE ( 'NONE', #5473, 1.800000000000039800 ) ;
#3111 = SURFACE_STYLE_FILL_AREA ( #2915 ) ;
#3112 = CIRCLE ( 'NONE', #3169, 2.200000000000024200 ) ;
#3113 = CARTESIAN_POINT ( 'NONE',  ( -12.85999999999999600, 0.0000000000000000000, 0.0000000000000000000 ) ) ;
#3114 = EDGE_CURVE ( 'NONE', #468, #2627, #4858, .T. ) ;
#3115 = CIRCLE ( 'NONE', #2758, 4.450000000000002000 ) ;
#3116 = ADVANCED_FACE ( 'NONE', ( #3408 ), #4544, .T. ) ;
#3117 = DIRECTION ( 'NONE',  ( -1.000000000000000000, -0.0000000000000000000, -0.0000000000000000000 ) ) ;
#3118 = DIRECTION ( 'NONE',  ( -1.000000000000000000, -0.0000000000000000000, -0.0000000000000000000 ) ) ;
#3119 = CIRCLE ( 'NONE', #1803, 0.1999999999999996500 ) ;
#3120 = PRESENTATION_STYLE_ASSIGNMENT (( #5589 ) ) ;
#3121 = ORIENTED_EDGE ( 'NONE', *, *, #1620, .T. ) ;
#3122 = CIRCLE ( 'NONE', #3735, 4.450000000000002000 ) ;
#3123 = CARTESIAN_POINT ( 'NONE',  ( -13.95999999999999600, 0.0000000000000000000, 0.0000000000000000000 ) ) ;
#3124 = PRODUCT ( 'Тело13', 'Тело13', '', ( #4597 ) ) ;
#3125 = ORIENTED_EDGE ( 'NONE', *, *, #5873, .T. ) ;
#3126 = APPLICATION_CONTEXT ( 'automotive_design' ) ;
#3127 = AXIS2_PLACEMENT_3D ( 'NONE', #3098, #3117, #255 ) ;
#3128 = PLANE ( 'NONE',  #608 ) ;
#3129 = CARTESIAN_POINT ( 'NONE',  ( -18.59999999999999100, 3.673940397442060400E-016, -3.000000000000000000 ) ) ;
#3130 = FILL_AREA_STYLE ('',( #4599 ) ) ;
#3131 = VERTEX_POINT ( 'NONE', #4560 ) ;
#3133 =( NAMED_UNIT ( * ) PLANE_ANGLE_UNIT ( ) SI_UNIT ( $, .RADIAN. ) );
#3132 = PRESENTATION_LAYER_ASSIGNMENT (  '', '', ( #1547 ) ) ;
#3134 = DIRECTION ( 'NONE',  ( -1.000000000000000000, -0.0000000000000000000, -0.0000000000000000000 ) ) ;
#3135 = CYLINDRICAL_SURFACE ( 'NONE', #4985, 5.400000000000000400 ) ;
#3136 = FACE_BOUND ( 'NONE', #4269, .T. ) ;
#3137 =( LENGTH_UNIT ( ) NAMED_UNIT ( * ) SI_UNIT ( .MILLI., .METRE. ) );
#3138 = EDGE_LOOP ( 'NONE', ( #4385, #3762, #1352, #5838 ) ) ;
#3139 = VERTEX_POINT ( 'NONE', #1698 ) ;
#3140 = CARTESIAN_POINT ( 'NONE',  ( -10.63999999999999700, 0.0000000000000000000, 0.0000000000000000000 ) ) ;
#3141 = ORIENTED_EDGE ( 'NONE', *, *, #2095, .F. ) ;
#3142 = SURFACE_STYLE_USAGE ( .BOTH. , #6017 ) ;
#3143 = APPLICATION_PROTOCOL_DEFINITION ( 'draft international standard', 'automotive_design', 1998, #6019 ) ;
#3144 = ITEM_DEFINED_TRANSFORMATION ( 'NONE', 'NONE', #4913,  #2144 ) ;
#3145 = DIRECTION ( 'NONE',  ( -1.000000000000000000, 0.0000000000000000000, 0.0000000000000000000 ) ) ;
#3146 = CARTESIAN_POINT ( 'NONE',  ( -14.15999999999999500, 0.0000000000000000000, -5.199999999999999300 ) ) ;
#3147 = ADVANCED_FACE ( 'NONE', ( #2141, #2283 ), #1228, .F. ) ;
#3148 = UNCERTAINTY_MEASURE_WITH_UNIT (LENGTH_MEASURE( 1.000000000000000100E-005 ), #1950, 'distance_accuracy_value', 'NONE');
#3149 = VERTEX_POINT ( 'NONE', #734 ) ;
#3150 = STYLED_ITEM ( 'NONE', ( #360 ), #4505 ) ;
#3151 = ORIENTED_EDGE ( 'NONE', *, *, #3371, .F. ) ;
#3152 = FACE_OUTER_BOUND ( 'NONE', #4285, .T. ) ;
#3153 = ORIENTED_EDGE ( 'NONE', *, *, #1729, .T. ) ;
#3154 = ORIENTED_EDGE ( 'NONE', *, *, #5988, .T. ) ;
#3155 = UNCERTAINTY_MEASURE_WITH_UNIT (LENGTH_MEASURE( 1.000000000000000100E-005 ), #1755, 'distance_accuracy_value', 'NONE');
#3156 = FILL_AREA_STYLE_COLOUR ( '', #729 ) ;
#3157 = PRESENTATION_LAYER_ASSIGNMENT (  '', '', ( #2194 ) ) ;
#3158 = PLANE ( 'NONE',  #6195 ) ;
#3159 = COLOUR_RGB ( '',0.1098039215686274500, 0.1098039215686274500, 0.1098039215686274500 ) ;
#3160 = LINE ( 'NONE', #4812, #1757 ) ;
#3161 =( REPRESENTATION_RELATIONSHIP ('NONE','NONE', #918, #4674 ) REPRESENTATION_RELATIONSHIP_WITH_TRANSFORMATION ( #3749 )SHAPE_REPRESENTATION_RELATIONSHIP( ) );
#3162 = ORIENTED_EDGE ( 'NONE', *, *, #3413, .T. ) ;
#3163 = AXIS2_PLACEMENT_3D ( 'NONE', #6184, #3315, #447 ) ;
#3164 = DIRECTION ( 'NONE',  ( -1.000000000000000000, -0.0000000000000000000, -0.0000000000000000000 ) ) ;
#3165 = DIRECTION ( 'NONE',  ( -1.000000000000000000, -0.0000000000000000000, -0.0000000000000000000 ) ) ;
#3166 = EDGE_CURVE ( 'NONE', #420, #5946, #4093, .T. ) ;
#3167 = ORIENTED_EDGE ( 'NONE', *, *, #4062, .T. ) ;
#3168 =( NAMED_UNIT ( * ) SI_UNIT ( $, .STERADIAN. ) SOLID_ANGLE_UNIT ( ) );
#3169 = AXIS2_PLACEMENT_3D ( 'NONE', #59, #3400, #531 ) ;
#3170 = ORIENTED_EDGE ( 'NONE', *, *, #3202, .T. ) ;
#3171 = PRODUCT_DEFINITION_FORMATION_WITH_SPECIFIED_SOURCE ( 'ANY', '', #6016, .NOT_KNOWN. ) ;
#3172 = CARTESIAN_POINT ( 'NONE',  ( 0.0000000000000000000, 0.0000000000000000000, 17.50000000000000000 ) ) ;
#3173 =( NAMED_UNIT ( * ) PLANE_ANGLE_UNIT ( ) SI_UNIT ( $, .RADIAN. ) );
#3174 = SURFACE_STYLE_FILL_AREA ( #4438 ) ;
#3175 = EDGE_CURVE ( 'NONE', #1153, #4651, #412, .T. ) ;
#3176 = STYLED_ITEM ( 'NONE', ( #602 ), #630 ) ;
#3177 = FILL_AREA_STYLE_COLOUR ( '', #248 ) ;
#3178 = DIRECTION ( 'NONE',  ( -1.000000000000000000, -0.0000000000000000000, -0.0000000000000000000 ) ) ;
#3179 = DIRECTION ( 'NONE',  ( -0.0000000000000000000, -0.0000000000000000000, -1.000000000000000000 ) ) ;
#3180 = TOROIDAL_SURFACE ( 'NONE', #2018, 5.200000000000001100, 0.1999999999999992300 ) ;
#3181 = ORIENTED_EDGE ( 'NONE', *, *, #46, .F. ) ;
#3182 = ADVANCED_FACE ( 'NONE', ( #2799 ), #3643, .T. ) ;
#3183 = DIRECTION ( 'NONE',  ( -1.000000000000000000, -0.0000000000000000000, -0.0000000000000000000 ) ) ;
#3184 = DIRECTION ( 'NONE',  ( -1.000000000000000000, -0.0000000000000000000, -0.0000000000000000000 ) ) ;
#3185 = AXIS2_PLACEMENT_3D ( 'NONE', #1833, #5183, #2303 ) ;
#3186 = FACE_OUTER_BOUND ( 'NONE', #4081, .T. ) ;
#3187 = COLOUR_RGB ( '',0.1098039215686274500, 0.1098039215686274500, 0.1098039215686274500 ) ;
#3188 = ORIENTED_EDGE ( 'NONE', *, *, #2994, .T. ) ;
#3189 = EDGE_LOOP ( 'NONE', ( #2903, #2517 ) ) ;
#3190 = COLOUR_RGB ( '',0.1098039215686274500, 0.1098039215686274500, 0.1098039215686274500 ) ;
#3191 = CIRCLE ( 'NONE', #4243, 0.1999999999999996500 ) ;
#3192 = VECTOR ( 'NONE', #5056, 1000.000000000000000 ) ;
#3193 = CARTESIAN_POINT ( 'NONE',  ( -7.499999999999994700, 7.041719095097282900E-016, -5.500000000000001800 ) ) ;
#3194 = FILL_AREA_STYLE_COLOUR ( '', #2203 ) ;
#3195 =( NAMED_UNIT ( * ) SI_UNIT ( $, .STERADIAN. ) SOLID_ANGLE_UNIT ( ) );
#3196 = ORIENTED_EDGE ( 'NONE', *, *, #1811, .F. ) ;
#3197 = AXIS2_PLACEMENT_3D ( 'NONE', #1364, #411, #3771 ) ;
#3198 = DIRECTION ( 'NONE',  ( -0.0000000000000000000, -0.0000000000000000000, -1.000000000000000000 ) ) ;
#3199 = PRESENTATION_STYLE_ASSIGNMENT (( #4050 ) ) ;
#3200 = CIRCLE ( 'NONE', #5242, 5.400000000000000400 ) ;
#3201 = EDGE_LOOP ( 'NONE', ( #4650, #3450, #1158, #4590 ) ) ;
#3202 = EDGE_CURVE ( 'NONE', #3807, #4217, #2358, .T. ) ;
#3203 = FACE_OUTER_BOUND ( 'NONE', #3345, .T. ) ;
#3204 = AXIS2_PLACEMENT_3D ( 'NONE', #209, #232, #3088 ) ;
#3205 = EDGE_CURVE ( 'NONE', #1420, #1938, #6032, .T. ) ;
#3206 = CARTESIAN_POINT ( 'NONE',  ( 0.0000000000000000000, 0.0000000000000000000, 26.97549471392888500 ) ) ;
#3207 = ADVANCED_FACE ( 'NONE', ( #1101, #3482 ), #1874, .F. ) ;
#3208 = DIRECTION ( 'NONE',  ( 0.0000000000000000000, 0.0000000000000000000, 1.000000000000000000 ) ) ;
#3209 = CIRCLE ( 'NONE', #3069, 0.1999999999999996500 ) ;
#3210 = TOROIDAL_SURFACE ( 'NONE', #1979, 2.499999999999991100, 0.5000000000000002200 ) ;
#3211 = MECHANICAL_DESIGN_GEOMETRIC_PRESENTATION_REPRESENTATION (  '', ( #2563 ), #3547 ) ;
#3212 = ORIENTED_EDGE ( 'NONE', *, *, #5646, .T. ) ;
#3213 = AXIS2_PLACEMENT_3D ( 'NONE', #3722, #852, #4202 ) ;
#3214 = PRESENTATION_LAYER_ASSIGNMENT (  '', '', ( #2906 ) ) ;
#3215 = VERTEX_POINT ( 'NONE', #5227 ) ;
#3216 = AXIS2_PLACEMENT_3D ( 'NONE', #74, #1548, #1067 ) ;
#3217 = DIRECTION ( 'NONE',  ( 0.0000000000000000000, 0.0000000000000000000, -1.000000000000000000 ) ) ;
#3218 = PRODUCT_DEFINITION_SHAPE ( 'NONE', 'NONE',  #1271 ) ;
#3219 = SURFACE_SIDE_STYLE ('',( #1322 ) ) ;
#3220 = CARTESIAN_POINT ( 'NONE',  ( -14.35999999999999800, 5.327213576290988200E-016, -4.250000000000000000 ) ) ;
#3221 = EDGE_CURVE ( 'NONE', #3807, #328, #2207, .T. ) ;
#3222 = ORIENTED_EDGE ( 'NONE', *, *, #4673, .T. ) ;
#3223 = ADVANCED_FACE ( 'NONE', ( #4613 ), #3293, .T. ) ;
#3225 = ORIENTED_EDGE ( 'NONE', *, *, #2760, .F. ) ;
#3224 = CARTESIAN_POINT ( 'NONE',  ( -10.43999999999999100, 0.0000000000000000000, 0.0000000000000000000 ) ) ;
#3226 = CARTESIAN_POINT ( 'NONE',  ( -11.00000000000001100, 0.0000000000000000000, 0.0000000000000000000 ) ) ;
#3227 = EDGE_LOOP ( 'NONE', ( #4084, #5570, #1050, #2993 ) ) ;
#3228 = DIRECTION ( 'NONE',  ( 0.0000000000000000000, 0.0000000000000000000, 1.000000000000000000 ) ) ;
#3230 = FILL_AREA_STYLE ('',( #6105 ) ) ;
#3229 = CARTESIAN_POINT ( 'NONE',  ( -115.6523383537547100, 0.0000000000000000000, 0.0000000000000000000 ) ) ;
#3231 = CARTESIAN_POINT ( 'NONE',  ( -99.00000000000000000, 0.0000000000000000000, -1.999999999999999600 ) ) ;
#3232 = SURFACE_STYLE_USAGE ( .BOTH. , #6108 ) ;
#3233 = ORIENTED_EDGE ( 'NONE', *, *, #2970, .T. ) ;
#3234 = AXIS2_PLACEMENT_3D ( 'NONE', #61, #3401, #533 ) ;
#3235 = ORIENTED_EDGE ( 'NONE', *, *, #2418, .F. ) ;
#3236 = ADVANCED_FACE ( 'NONE', ( #2177 ), #763, .T. ) ;
#3237 = AXIS2_PLACEMENT_3D ( 'NONE', #3517, #4484, #2096 ) ;
#3238 = ORIENTED_EDGE ( 'NONE', *, *, #4727, .F. ) ;
#3239 = CARTESIAN_POINT ( 'NONE',  ( -92.00000000000000000, 0.0000000000000000000, 0.0000000000000000000 ) ) ;
#3240 = MECHANICAL_DESIGN_GEOMETRIC_PRESENTATION_REPRESENTATION (  '', ( #2597 ), #3579 ) ;
#3241 = DIRECTION ( 'NONE',  ( 0.0000000000000000000, 0.0000000000000000000, 1.000000000000000000 ) ) ;
#3242 = CIRCLE ( 'NONE', #4376, 1.000000000000054400 ) ;
#3243 = DIRECTION ( 'NONE',  ( -1.000000000000000000, 0.0000000000000000000, 0.0000000000000000000 ) ) ;
#3244 = DIRECTION ( 'NONE',  ( -0.0000000000000000000, 1.000000000000000000, 1.224646799147353200E-016 ) ) ;
#3245 = DIRECTION ( 'NONE',  ( -1.000000000000000000, -0.0000000000000000000, -0.0000000000000000000 ) ) ;
#3246 = FACE_OUTER_BOUND ( 'NONE', #2259, .T. ) ;
#3247 = CIRCLE ( 'NONE', #3344, 4.450000000000002000 ) ;
#3248 = VECTOR ( 'NONE', #5047, 1000.000000000000000 ) ;
#3249 = UNCERTAINTY_MEASURE_WITH_UNIT (LENGTH_MEASURE( 1.000000000000000100E-005 ), #1903, 'distance_accuracy_value', 'NONE');
#3250 = DIRECTION ( 'NONE',  ( -0.1045284632676542900, 1.280104479605245100E-017, 0.9945218953682732900 ) ) ;
#3252 = DIRECTION ( 'NONE',  ( -1.000000000000000000, -0.0000000000000000000, -0.0000000000000000000 ) ) ;
#3251 = DIRECTION ( 'NONE',  ( 0.0000000000000000000, 0.0000000000000000000, 1.000000000000000000 ) ) ;
#3253 = DIRECTION ( 'NONE',  ( 0.0000000000000000000, 0.0000000000000000000, 1.000000000000000000 ) ) ;
#3254 = PRESENTATION_STYLE_ASSIGNMENT (( #2639 ) ) ;
#3255 = ADVANCED_FACE ( 'NONE', ( #5840, #899 ), #980, .F. ) ;
#3256 = EDGE_CURVE ( 'NONE', #2522, #5263, #307, .T. ) ;
#3257 = FILL_AREA_STYLE ('',( #6134 ) ) ;
#3258 = TOROIDAL_SURFACE ( 'NONE', #1498, 5.200000000000001100, 0.2000000000000000900 ) ;
#3259 = VECTOR ( 'NONE', #2675, 1000.000000000000000 ) ;
#3261 = SURFACE_STYLE_FILL_AREA ( #3926 ) ;
#3260 = AXIS2_PLACEMENT_3D ( 'NONE', #4080, #1222, #4556 ) ;
#3262 = VERTEX_POINT ( 'NONE', #1002 ) ;
#3263 = LINE ( 'NONE', #830, #5661 ) ;
#3264 = DIRECTION ( 'NONE',  ( -1.000000000000000000, -0.0000000000000000000, -0.0000000000000000000 ) ) ;
#3265 = ORIENTED_EDGE ( 'NONE', *, *, #2780, .F. ) ;
#3266 = DIRECTION ( 'NONE',  ( -1.000000000000000000, -0.0000000000000000000, -0.0000000000000000000 ) ) ;
#3267 = DIRECTION ( 'NONE',  ( 0.0000000000000000000, -1.224646799147353500E-016, 1.000000000000000000 ) ) ;
#3268 = CARTESIAN_POINT ( 'NONE',  ( -10.00000000000000900, 0.0000000000000000000, 2.600000000000010300 ) ) ;
#3269 = CARTESIAN_POINT ( 'NONE',  ( 1.410652069897089000, 1.727550542110058500E-016, 22.50000000000000000 ) ) ;
#3270 = ORIENTED_EDGE ( 'NONE', *, *, #179, .F. ) ;
#3271 = ADVANCED_FACE ( 'NONE', ( #1587 ), #2245, .T. ) ;
#3272 = AXIS2_PLACEMENT_3D ( 'NONE', #2377, #5728, #2854 ) ;
#3273 = DIRECTION ( 'NONE',  ( 0.0000000000000000000, 0.0000000000000000000, 1.000000000000000000 ) ) ;
#3274 = CARTESIAN_POINT ( 'NONE',  ( -13.96000000000000100, 6.613092715395707500E-016, -5.400000000000000400 ) ) ;
#3275 = CIRCLE ( 'NONE', #4078, 3.000000000000001300 ) ;
#3276 = AXIS2_PLACEMENT_3D ( 'NONE', #671, #3048, #1163 ) ;
#3277 = DIRECTION ( 'NONE',  ( 0.0000000000000000000, 0.0000000000000000000, 1.000000000000000000 ) ) ;
#3278 = ORIENTED_EDGE ( 'NONE', *, *, #3827, .F. ) ;
#3279 = EDGE_CURVE ( 'NONE', #5182, #3437, #3523, .T. ) ;
#3280 = CARTESIAN_POINT ( 'NONE',  ( -3.500000000000002200, 0.0000000000000000000, 12.40000000000000200 ) ) ;
#3281 = ORIENTED_EDGE ( 'NONE', *, *, #1263, .T. ) ;
#3282 = ORIENTED_EDGE ( 'NONE', *, *, #1961, .T. ) ;
#3283 = DIRECTION ( 'NONE',  ( 0.0000000000000000000, -1.224646799147353500E-016, 1.000000000000000000 ) ) ;
#3284 = CARTESIAN_POINT ( 'NONE',  ( -115.6523383537547100, 0.0000000000000000000, 0.0000000000000000000 ) ) ;
#3285 = ADVANCED_FACE ( 'NONE', ( #982 ), #826, .T. ) ;
#3286 = EDGE_CURVE ( 'NONE', #2406, #838, #2101, .T. ) ;
#3287 = AXIS2_PLACEMENT_3D ( 'NONE', #2591, #5957, #3080 ) ;
#3288 =( GEOMETRIC_REPRESENTATION_CONTEXT ( 3 ) GLOBAL_UNCERTAINTY_ASSIGNED_CONTEXT ( ( #2150 ) ) GLOBAL_UNIT_ASSIGNED_CONTEXT ( ( #4798, #1924, #5282 ) ) REPRESENTATION_CONTEXT ( 'NONE', 'WORKASPACE' ) );
#3289 = EDGE_CURVE ( 'NONE', #1905, #904, #5914, .T. ) ;
#3290 = CONTEXT_DEPENDENT_SHAPE_REPRESENTATION ( #4614, #2543 ) ;
#3291 = AXIS2_PLACEMENT_3D ( 'NONE', #1173, #4510, #1652 ) ;
#3292 = PLANE ( 'NONE',  #512 ) ;
#3293 = CYLINDRICAL_SURFACE ( 'NONE', #477, 4.250000000000000000 ) ;
#3294 = DIRECTION ( 'NONE',  ( 0.0000000000000000000, 0.0000000000000000000, -1.000000000000000000 ) ) ;
#3295 = VERTEX_POINT ( 'NONE', #75 ) ;
#3296 = ORIENTED_EDGE ( 'NONE', *, *, #924, .F. ) ;
#3297 = CIRCLE ( 'NONE', #2535, 0.1999999999999996500 ) ;
#3298 = EDGE_CURVE ( 'NONE', #250, #689, #3368, .T. ) ;
#3299 = DIRECTION ( 'NONE',  ( -1.000000000000000000, -0.0000000000000000000, -0.0000000000000000000 ) ) ;
#3301 = DIRECTION ( 'NONE',  ( -1.000000000000000000, -0.0000000000000000000, -0.0000000000000000000 ) ) ;
#3300 = DIRECTION ( 'NONE',  ( 0.0000000000000000000, 0.0000000000000000000, 1.000000000000000000 ) ) ;
#3302 = AXIS2_PLACEMENT_3D ( 'NONE', #2024, #2493, #2509 ) ;
#3303 = FILL_AREA_STYLE_COLOUR ( '', #1482 ) ;
#3304 = VERTEX_POINT ( 'NONE', #2005 ) ;
#3305 = MECHANICAL_DESIGN_GEOMETRIC_PRESENTATION_REPRESENTATION (  '', ( #2657 ), #3634 ) ;
#3306 = UNCERTAINTY_MEASURE_WITH_UNIT (LENGTH_MEASURE( 1.000000000000000100E-005 ), #2910, 'distance_accuracy_value', 'NONE');
#3307 = ORIENTED_EDGE ( 'NONE', *, *, #614, .T. ) ;
#3308 = STYLED_ITEM ( 'NONE', ( #4828 ), #1373 ) ;
#3310 =( NAMED_UNIT ( * ) SI_UNIT ( $, .STERADIAN. ) SOLID_ANGLE_UNIT ( ) );
#3309 = DIRECTION ( 'NONE',  ( -1.000000000000000000, -0.0000000000000000000, -0.0000000000000000000 ) ) ;
#3311 = DIRECTION ( 'NONE',  ( 0.0000000000000000000, 0.0000000000000000000, -1.000000000000000000 ) ) ;
#3312 = EDGE_CURVE ( 'NONE', #2813, #5182, #1134, .T. ) ;
#3313 = PLANE ( 'NONE',  #5243 ) ;
#3314 = EDGE_LOOP ( 'NONE', ( #1878, #4829, #5701, #1380 ) ) ;
#3315 = DIRECTION ( 'NONE',  ( -1.000000000000000000, -0.0000000000000000000, -0.0000000000000000000 ) ) ;
#3316 = FILL_AREA_STYLE ('',( #932 ) ) ;
#3317 = FILL_AREA_STYLE_COLOUR ( '', #273 ) ;
#3318 = DIRECTION ( 'NONE',  ( -1.000000000000000000, 0.0000000000000000000, 0.0000000000000000000 ) ) ;
#3319 = EDGE_LOOP ( 'NONE', ( #5281, #6124, #777, #5841 ) ) ;
#3320 = CARTESIAN_POINT ( 'NONE',  ( -16.37999999999999200, 0.0000000000000000000, 5.199999999999999300 ) ) ;
#3321 = SURFACE_STYLE_FILL_AREA ( #5249 ) ;
#3323 = CARTESIAN_POINT ( 'NONE',  ( -7.699999999999994000, 5.449678256205721800E-016, -4.450000000000000200 ) ) ;
#3322 = CARTESIAN_POINT ( 'NONE',  ( -12.65999999999999100, 0.0000000000000000000, 4.250000000000000000 ) ) ;
#3324 = CIRCLE ( 'NONE', #5422, 0.1999999999999996500 ) ;
#3325 = EDGE_CURVE ( 'NONE', #1648, #5791, #4648, .T. ) ;
#3326 =( NAMED_UNIT ( * ) SI_UNIT ( $, .STERADIAN. ) SOLID_ANGLE_UNIT ( ) );
#3327 =( GEOMETRIC_REPRESENTATION_CONTEXT ( 3 ) GLOBAL_UNCERTAINTY_ASSIGNED_CONTEXT ( ( #1507 ) ) GLOBAL_UNIT_ASSIGNED_CONTEXT ( ( #1845, #5192, #2315 ) ) REPRESENTATION_CONTEXT ( 'NONE', 'WORKASPACE' ) );
#3328 = EDGE_CURVE ( 'NONE', #1742, #4786, #5774, .T. ) ;
#3329 = PRESENTATION_STYLE_ASSIGNMENT (( #3822 ) ) ;
#3330 = EDGE_LOOP ( 'NONE', ( #4903, #2071 ) ) ;
#3331 = FILL_AREA_STYLE ('',( #5254 ) ) ;
#3332 = DIRECTION ( 'NONE',  ( 0.0000000000000000000, 0.0000000000000000000, -1.000000000000000000 ) ) ;
#3333 = EDGE_CURVE ( 'NONE', #4427, #2442, #4497, .T. ) ;
#3334 = FILL_AREA_STYLE ('',( #4267 ) ) ;
#3335 = ORIENTED_EDGE ( 'NONE', *, *, #1502, .F. ) ;
#3336 = PRESENTATION_STYLE_ASSIGNMENT (( #1618 ) ) ;
#3337 = FACE_OUTER_BOUND ( 'NONE', #3583, .T. ) ;
#3338 = CIRCLE ( 'NONE', #1770, 2.600000000000010300 ) ;
#3339 = ORIENTED_EDGE ( 'NONE', *, *, #4111, .F. ) ;
#3340 = DIRECTION ( 'NONE',  ( 0.0000000000000000000, 0.0000000000000000000, 1.000000000000000000 ) ) ;
#3342 = DIRECTION ( 'NONE',  ( -1.000000000000000000, -0.0000000000000000000, -0.0000000000000000000 ) ) ;
#3341 = DIRECTION ( 'NONE',  ( 0.0000000000000000000, 0.0000000000000000000, 1.000000000000000000 ) ) ;
#3343 = MECHANICAL_DESIGN_GEOMETRIC_PRESENTATION_REPRESENTATION (  '', ( #2697 ), #3670 ) ;
#3344 = AXIS2_PLACEMENT_3D ( 'NONE', #169, #3521, #649 ) ;
#3345 = EDGE_LOOP ( 'NONE', ( #2262, #2554, #3431, #1386 ) ) ;
#3346 = FACE_OUTER_BOUND ( 'NONE', #5591, .T. ) ;
#3347 = CIRCLE ( 'NONE', #3272, 2.200000000000008600 ) ;
#3348 = FACE_OUTER_BOUND ( 'NONE', #5413, .T. ) ;
#3349 = DIRECTION ( 'NONE',  ( 0.0000000000000000000, 0.0000000000000000000, 1.000000000000000000 ) ) ;
#3350 = EDGE_LOOP ( 'NONE', ( #4928, #1598 ) ) ;
#3351 = DIRECTION ( 'NONE',  ( 0.0000000000000000000, 0.0000000000000000000, 1.000000000000000000 ) ) ;
#3352 = FACE_OUTER_BOUND ( 'NONE', #240, .T. ) ;
#3353 = UNCERTAINTY_MEASURE_WITH_UNIT (LENGTH_MEASURE( 1.000000000000000100E-005 ), #5717, 'distance_accuracy_value', 'NONE');
#3354 = CARTESIAN_POINT ( 'NONE',  ( -109.0931819508298400, 0.0000000000000000000, 2.200000000000024200 ) ) ;
#3355 =( LENGTH_UNIT ( ) NAMED_UNIT ( * ) SI_UNIT ( .MILLI., .METRE. ) );
#3356 = FILL_AREA_STYLE_COLOUR ( '', #4578 ) ;
#3357 = DIRECTION ( 'NONE',  ( -1.000000000000000000, 0.0000000000000000000, 0.0000000000000000000 ) ) ;
#3358 = CARTESIAN_POINT ( 'NONE',  ( -102.6292860697262900, 0.0000000000000000000, 5.400000000000000400 ) ) ;
#3359 = VERTEX_POINT ( 'NONE', #4434 ) ;
#3360 = CARTESIAN_POINT ( 'NONE',  ( -10.99999999999999600, 1.224646799147399100E-016, -1.000000000000032000 ) ) ;
#3361 = MECHANICAL_DESIGN_GEOMETRIC_PRESENTATION_REPRESENTATION (  '', ( #2717 ), #3680 ) ;
#3363 = CARTESIAN_POINT ( 'NONE',  ( 3.400000000000002100, 4.225031457058370800E-016, 12.50000000000000000 ) ) ;
#3362 = DIRECTION ( 'NONE',  ( -1.000000000000000000, -0.0000000000000000000, -0.0000000000000000000 ) ) ;
#3364 = VECTOR ( 'NONE', #6129, 1000.000000000000000 ) ;
#3365 =( NAMED_UNIT ( * ) PLANE_ANGLE_UNIT ( ) SI_UNIT ( $, .RADIAN. ) );
#3366 = CARTESIAN_POINT ( 'NONE',  ( -91.50000000000000000, 0.0000000000000000000, 0.0000000000000000000 ) ) ;
#3367 = MECHANICAL_DESIGN_GEOMETRIC_PRESENTATION_REPRESENTATION (  '', ( #2720 ), #3689 ) ;
#3368 = CIRCLE ( 'NONE', #5311, 4.250000000000000000 ) ;
#3369 = ORIENTED_EDGE ( 'NONE', *, *, #2015, .F. ) ;
#3370 = CARTESIAN_POINT ( 'NONE',  ( -14.35999999999999800, 0.0000000000000000000, 4.250000000000000000 ) ) ;
#3371 = EDGE_CURVE ( 'NONE', #3584, #3359, #4807, .T. ) ;
#3372 =( LENGTH_UNIT ( ) NAMED_UNIT ( * ) SI_UNIT ( .MILLI., .METRE. ) );
#3373 = VERTEX_POINT ( 'NONE', #119 ) ;
#3374 = AXIS2_PLACEMENT_3D ( 'NONE', #2090, #5434, #2551 ) ;
#3375 = DIRECTION ( 'NONE',  ( -1.000000000000000000, -0.0000000000000000000, -0.0000000000000000000 ) ) ;
#3376 = SURFACE_STYLE_FILL_AREA ( #4003 ) ;
#3377 = SURFACE_STYLE_USAGE ( .BOTH. , #36 ) ;
#3378 = EDGE_CURVE ( 'NONE', #5544, #779, #1959, .T. ) ;
#3379 = CARTESIAN_POINT ( 'NONE',  ( -1.410652069897088600, 0.0000000000000000000, 22.59999999999999800 ) ) ;
#3380 = DIRECTION ( 'NONE',  ( -1.000000000000000000, 0.0000000000000000000, 0.0000000000000000000 ) ) ;
#3381 = PRESENTATION_LAYER_ASSIGNMENT (  '', '', ( #2421 ) ) ;
#3382 = ORIENTED_EDGE ( 'NONE', *, *, #4988, .T. ) ;
#3383 = VERTEX_POINT ( 'NONE', #3970 ) ;
#3384 = DIRECTION ( 'NONE',  ( 0.0000000000000000000, 0.0000000000000000000, -1.000000000000000000 ) ) ;
#3385 = ORIENTED_EDGE ( 'NONE', *, *, #6026, .F. ) ;
#3386 = ORIENTED_EDGE ( 'NONE', *, *, #3536, .T. ) ;
#3387 = AXIS2_PLACEMENT_3D ( 'NONE', #1089, #3480, #618 ) ;
#3388 =( NAMED_UNIT ( * ) SI_UNIT ( $, .STERADIAN. ) SOLID_ANGLE_UNIT ( ) );
#3389 = STYLED_ITEM ( 'NONE', ( #5960 ), #1749 ) ;
#3390 = CARTESIAN_POINT ( 'NONE',  ( -102.6292860697262900, 0.0000000000000000000, 0.0000000000000000000 ) ) ;
#3391 = VERTEX_POINT ( 'NONE', #5406 ) ;
#3392 =( NAMED_UNIT ( * ) PLANE_ANGLE_UNIT ( ) SI_UNIT ( $, .RADIAN. ) );
#3393 = SURFACE_STYLE_USAGE ( .BOTH. , #56 ) ;
#3394 =( NAMED_UNIT ( * ) PLANE_ANGLE_UNIT ( ) SI_UNIT ( $, .RADIAN. ) );
#3395 = ORIENTED_EDGE ( 'NONE', *, *, #5351, .T. ) ;
#3396 = PRESENTATION_LAYER_ASSIGNMENT (  '', '', ( #2747 ) ) ;
#3397 = FACE_OUTER_BOUND ( 'NONE', #1230, .T. ) ;
#3398 = CARTESIAN_POINT ( 'NONE',  ( -94.50000000000000000, 0.0000000000000000000, 0.0000000000000000000 ) ) ;
#3399 = SHAPE_REPRESENTATION_RELATIONSHIP ( 'NONE' , 'NONE' ,  #2981, #2802 ) ;
#3400 = DIRECTION ( 'NONE',  ( -1.000000000000000000, -0.0000000000000000000, -0.0000000000000000000 ) ) ;
#3401 = DIRECTION ( 'NONE',  ( -1.000000000000000000, -0.0000000000000000000, -0.0000000000000000000 ) ) ;
#3402 = UNCERTAINTY_MEASURE_WITH_UNIT (LENGTH_MEASURE( 1.000000000000000100E-005 ), #1981, 'distance_accuracy_value', 'NONE');
#3403 = AXIS2_PLACEMENT_3D ( 'NONE', #580, #3929, #1080 ) ;
#3404 = CARTESIAN_POINT ( 'NONE',  ( -96.50000000000000000, 0.0000000000000000000, 0.0000000000000000000 ) ) ;
#3405 = CYLINDRICAL_SURFACE ( 'NONE', #3022, 2.200000000000024200 ) ;
#3406 = CARTESIAN_POINT ( 'NONE',  ( -1.750000000000003300, 0.0000000000000000000, 18.30000000000000100 ) ) ;
#3407 = FILL_AREA_STYLE ('',( #2927 ) ) ;
#3408 = FACE_OUTER_BOUND ( 'NONE', #5764, .T. ) ;
#3409 = EDGE_CURVE ( 'NONE', #605, #3516, #4359, .T. ) ;
#3410 = AXIS2_PLACEMENT_3D ( 'NONE', #4418, #1549, #4901 ) ;
#3411 = ORIENTED_EDGE ( 'NONE', *, *, #3286, .T. ) ;
#3412 = AXIS2_PLACEMENT_3D ( 'NONE', #1341, #4686, #1815 ) ;
#3413 = EDGE_CURVE ( 'NONE', #4786, #1742, #680, .T. ) ;
#3415 = DIRECTION ( 'NONE',  ( 0.0000000000000000000, 0.0000000000000000000, 1.000000000000000000 ) ) ;
#3414 = MECHANICAL_DESIGN_GEOMETRIC_PRESENTATION_REPRESENTATION (  '', ( #2761 ), #3737 ) ;
#3416 = UNCERTAINTY_MEASURE_WITH_UNIT (LENGTH_MEASURE( 1.000000000000000100E-005 ), #5605, 'distance_accuracy_value', 'NONE');
#3417 = CARTESIAN_POINT ( 'NONE',  ( -7.499999999999994700, 0.0000000000000000000, 1.925929944387235600E-031 ) ) ;
#3418 = ORIENTED_EDGE ( 'NONE', *, *, #60, .F. ) ;
#3419 = CIRCLE ( 'NONE', #2132, 0.09999999999999961700 ) ;
#3420 = AXIS2_PLACEMENT_3D ( 'NONE', #4129, #902, #1396 ) ;
#3421 =( LENGTH_UNIT ( ) NAMED_UNIT ( * ) SI_UNIT ( .MILLI., .METRE. ) );
#3422 = DIRECTION ( 'NONE',  ( -1.000000000000000000, -0.0000000000000000000, -0.0000000000000000000 ) ) ;
#3423 = UNCERTAINTY_MEASURE_WITH_UNIT (LENGTH_MEASURE( 1.000000000000000100E-005 ), #4753, 'distance_accuracy_value', 'NONE');
#3424 = CIRCLE ( 'NONE', #977, 4.450000000000002000 ) ;
#3425 = CARTESIAN_POINT ( 'NONE',  ( -93.00000000000000000, 0.0000000000000000000, 0.0000000000000000000 ) ) ;
#3427 = SURFACE_STYLE_USAGE ( .BOTH. , #82 ) ;
#3426 = AXIS2_PLACEMENT_3D ( 'NONE', #5856, #2995, #134 ) ;
#3428 =( GEOMETRIC_REPRESENTATION_CONTEXT ( 3 ) GLOBAL_UNCERTAINTY_ASSIGNED_CONTEXT ( ( #1743 ) ) GLOBAL_UNIT_ASSIGNED_CONTEXT ( ( #2840, #6206, #3326 ) ) REPRESENTATION_CONTEXT ( 'NONE', 'WORKASPACE' ) );
#3429 =( GEOMETRIC_REPRESENTATION_CONTEXT ( 3 ) GLOBAL_UNCERTAINTY_ASSIGNED_CONTEXT ( ( #4524 ) ) GLOBAL_UNIT_ASSIGNED_CONTEXT ( ( #5763, #2885, #28 ) ) REPRESENTATION_CONTEXT ( 'NONE', 'WORKASPACE' ) );
#3430 = DIRECTION ( 'NONE',  ( 0.0000000000000000000, 0.0000000000000000000, -1.000000000000000000 ) ) ;
#3431 = ORIENTED_EDGE ( 'NONE', *, *, #1578, .F. ) ;
#3432 = PRESENTATION_STYLE_ASSIGNMENT (( #3142 ) ) ;
#3433 = COLOUR_RGB ( '',0.1098039215686274500, 0.1098039215686274500, 0.1098039215686274500 ) ;
#3434 = DIRECTION ( 'NONE',  ( -1.000000000000000000, -0.0000000000000000000, -0.0000000000000000000 ) ) ;
#3435 = EDGE_CURVE ( 'NONE', #328, #2930, #1800, .T. ) ;
#3436 = ADVANCED_FACE ( 'NONE', ( #5613 ), #2917, .F. ) ;
#3437 = VERTEX_POINT ( 'NONE', #4008 ) ;
#3438 = COLOUR_RGB ( '',0.1098039215686274500, 0.1098039215686274500, 0.1098039215686274500 ) ;
#3439 = FACE_OUTER_BOUND ( 'NONE', #4331, .T. ) ;
#3440 = ORIENTED_EDGE ( 'NONE', *, *, #2757, .F. ) ;
#3441 = DIRECTION ( 'NONE',  ( -1.000000000000000000, -0.0000000000000000000, -0.0000000000000000000 ) ) ;
#3442 = ORIENTED_EDGE ( 'NONE', *, *, #3630, .F. ) ;
#3443 = DIRECTION ( 'NONE',  ( 0.0000000000000000000, 0.0000000000000000000, -1.000000000000000000 ) ) ;
#3444 = DIRECTION ( 'NONE',  ( 0.0000000000000000000, 0.0000000000000000000, -1.000000000000000000 ) ) ;
#3445 = DIRECTION ( 'NONE',  ( 0.0000000000000000000, 0.0000000000000000000, 1.000000000000000000 ) ) ;
#3446 = PRESENTATION_LAYER_ASSIGNMENT (  '', '', ( #2792 ) ) ;
#3447 = DIRECTION ( 'NONE',  ( -0.0000000000000000000, -0.0000000000000000000, -1.000000000000000000 ) ) ;
#3448 = DIRECTION ( 'NONE',  ( -1.000000000000000000, -0.0000000000000000000, -0.0000000000000000000 ) ) ;
#3449 = ORIENTED_EDGE ( 'NONE', *, *, #1473, .T. ) ;
#3450 = ORIENTED_EDGE ( 'NONE', *, *, #5623, .T. ) ;
#3451 = DIRECTION ( 'NONE',  ( -0.0000000000000000000, -0.0000000000000000000, -1.000000000000000000 ) ) ;
#3452 = DIRECTION ( 'NONE',  ( 0.0000000000000000000, 0.0000000000000000000, 1.000000000000000000 ) ) ;
#3453 = MECHANICAL_DESIGN_GEOMETRIC_PRESENTATION_REPRESENTATION (  '', ( #1547 ), #3776 ) ;
#3454 = VERTEX_POINT ( 'NONE', #660 ) ;
#3455 = VERTEX_POINT ( 'NONE', #1147 ) ;
#3456 =( NAMED_UNIT ( * ) SI_UNIT ( $, .STERADIAN. ) SOLID_ANGLE_UNIT ( ) );
#3457 = CYLINDRICAL_SURFACE ( 'NONE', #1512, 5.400000000000000400 ) ;
#3458 = CARTESIAN_POINT ( 'NONE',  ( -11.99999999999999600, 0.0000000000000000000, 0.0000000000000000000 ) ) ;
#3459 = CARTESIAN_POINT ( 'NONE',  ( -92.50000000000000000, 0.0000000000000000000, 0.0000000000000000000 ) ) ;
#3460 = DIRECTION ( 'NONE',  ( 0.0000000000000000000, 0.0000000000000000000, 1.000000000000000000 ) ) ;
#3461 = DIRECTION ( 'NONE',  ( -1.000000000000000000, -0.0000000000000000000, -0.0000000000000000000 ) ) ;
#3462 = CARTESIAN_POINT ( 'NONE',  ( -16.17999999999999600, 0.0000000000000000000, 0.0000000000000000000 ) ) ;
#3463 = AXIS2_PLACEMENT_3D ( 'NONE', #748, #4090, #1239 ) ;
#3464 = CARTESIAN_POINT ( 'NONE',  ( -17.09999999999999100, 5.204748896376250700E-016, -4.250000000000000000 ) ) ;
#3465 = ORIENTED_EDGE ( 'NONE', *, *, #2454, .F. ) ;
#3466 = UNCERTAINTY_MEASURE_WITH_UNIT (LENGTH_MEASURE( 1.000000000000000100E-005 ), #5492, 'distance_accuracy_value', 'NONE');
#3467 = DIRECTION ( 'NONE',  ( 0.0000000000000000000, 0.0000000000000000000, -1.000000000000000000 ) ) ;
#3468 = PRESENTATION_LAYER_ASSIGNMENT (  '', '', ( #3150 ) ) ;
#3469 = FILL_AREA_STYLE ('',( #2506 ) ) ;
#3470 = DIRECTION ( 'NONE',  ( 0.0000000000000000000, 0.0000000000000000000, 1.000000000000000000 ) ) ;
#3471 = SURFACE_STYLE_FILL_AREA ( #1486 ) ;
#3472 = DIRECTION ( 'NONE',  ( -0.0000000000000000000, -0.0000000000000000000, -1.000000000000000000 ) ) ;
#3473 = VERTEX_POINT ( 'NONE', #4491 ) ;
#3474 = DIRECTION ( 'NONE',  ( 0.0000000000000000000, 0.0000000000000000000, 1.000000000000000000 ) ) ;
#3475 = SURFACE_STYLE_FILL_AREA ( #336 ) ;
#3476 = FACE_OUTER_BOUND ( 'NONE', #3073, .T. ) ;
#3477 = DIRECTION ( 'NONE',  ( -0.0000000000000000000, -0.0000000000000000000, -1.000000000000000000 ) ) ;
#3478 = MECHANICAL_DESIGN_GEOMETRIC_PRESENTATION_REPRESENTATION (  '', ( #2194 ), #3808 ) ;
#3479 = DIRECTION ( 'NONE',  ( -1.000000000000000000, -0.0000000000000000000, -0.0000000000000000000 ) ) ;
#3480 = DIRECTION ( 'NONE',  ( -1.000000000000000000, -0.0000000000000000000, -0.0000000000000000000 ) ) ;
#3481 = FILL_AREA_STYLE_COLOUR ( '', #5131 ) ;
#3482 = FACE_BOUND ( 'NONE', #4618, .T. ) ;
#3483 = ADVANCED_FACE ( 'NONE', ( #5466 ), #3210, .T. ) ;
#3484 = COLOUR_RGB ( '',0.1098039215686274500, 0.1098039215686274500, 0.1098039215686274500 ) ;
#3485 = AXIS2_PLACEMENT_3D ( 'NONE', #427, #3778, #909 ) ;
#3486 = SURFACE_STYLE_USAGE ( .BOTH. , #152 ) ;
#3487 = EDGE_LOOP ( 'NONE', ( #4933, #1860, #21, #3418 ) ) ;
#3488 = SURFACE_STYLE_FILL_AREA ( #1135 ) ;
#3489 = PRESENTATION_STYLE_ASSIGNMENT (( #5190 ) ) ;
#3490 = EDGE_CURVE ( 'NONE', #5837, #4360, #519, .T. ) ;
#3491 = VECTOR ( 'NONE', #3250, 1000.000000000000000 ) ;
#3492 = FACE_OUTER_BOUND ( 'NONE', #5932, .T. ) ;
#3493 = EDGE_LOOP ( 'NONE', ( #6167, #1142 ) ) ;
#3494 = DIRECTION ( 'NONE',  ( -1.000000000000000000, 0.0000000000000000000, 0.0000000000000000000 ) ) ;
#3495 = UNCERTAINTY_MEASURE_WITH_UNIT (LENGTH_MEASURE( 1.000000000000000100E-005 ), #482, 'distance_accuracy_value', 'NONE');
#3496 = ORIENTED_EDGE ( 'NONE', *, *, #3615, .F. ) ;
#3497 = ORIENTED_EDGE ( 'NONE', *, *, #1208, .F. ) ;
#3498 =( NAMED_UNIT ( * ) PLANE_ANGLE_UNIT ( ) SI_UNIT ( $, .RADIAN. ) );
#3499 = ORIENTED_EDGE ( 'NONE', *, *, #1186, .T. ) ;
#3500 = AXIS2_PLACEMENT_3D ( 'NONE', #4866, #1988, #5336 ) ;
#3501 = TOROIDAL_SURFACE ( 'NONE', #5168, 4.450000000000000200, 0.2000000000000000900 ) ;
#3502 = FACE_OUTER_BOUND ( 'NONE', #5450, .T. ) ;
#3503 = CIRCLE ( 'NONE', #354, 1.700000000000011300 ) ;
#3504 = PRODUCT_RELATED_PRODUCT_CATEGORY ( 'part', '', ( #6016 ) ) ;
#3505 = EDGE_LOOP ( 'NONE', ( #1066, #1604 ) ) ;
#3506 = CARTESIAN_POINT ( 'NONE',  ( -10.63999999999999700, 0.0000000000000000000, 4.450000000000001100 ) ) ;
#3507 = CIRCLE ( 'NONE', #1100, 5.400000000000000400 ) ;
#3508 = EDGE_CURVE ( 'NONE', #395, #631, #4195, .T. ) ;
#3509 = PRESENTATION_LAYER_ASSIGNMENT (  '', '', ( #3176 ) ) ;
#3510 = CARTESIAN_POINT ( 'NONE',  ( -12.65999999999999700, 0.0000000000000000000, 4.450000000000000200 ) ) ;
#3511 = FILL_AREA_STYLE ('',( #4961 ) ) ;
#3512 = DIRECTION ( 'NONE',  ( -1.000000000000000000, 0.0000000000000000000, 0.0000000000000000000 ) ) ;
#3513 = AXIS2_PLACEMENT_3D ( 'NONE', #4187, #1326, #4671 ) ;
#3514 = AXIS2_PLACEMENT_3D ( 'NONE', #1858, #5200, #2331 ) ;
#3515 = DIRECTION ( 'NONE',  ( -1.000000000000000000, -0.0000000000000000000, -0.0000000000000000000 ) ) ;
#3516 = VERTEX_POINT ( 'NONE', #4974 ) ;
#3517 = CARTESIAN_POINT ( 'NONE',  ( 0.0000000000000000000, 0.0000000000000000000, 26.58039577114311000 ) ) ;
#3518 = DIRECTION ( 'NONE',  ( -0.0000000000000000000, 1.000000000000000000, 1.224646799147353200E-016 ) ) ;
#3519 = COLOUR_RGB ( '',0.1098039215686274500, 0.1098039215686274500, 0.1098039215686274500 ) ;
#3520 = LINE ( 'NONE', #5637, #3364 ) ;
#3521 = DIRECTION ( 'NONE',  ( -1.000000000000000000, -0.0000000000000000000, -0.0000000000000000000 ) ) ;
#3522 = ADVANCED_FACE ( 'NONE', ( #365 ), #4047, .T. ) ;
#3523 = LINE ( 'NONE', #4375, #6066 ) ;
#3524 = EDGE_LOOP ( 'NONE', ( #3831, #497 ) ) ;
#3525 = CARTESIAN_POINT ( 'NONE',  ( -15.07999999999999700, 0.0000000000000000000, 0.0000000000000000000 ) ) ;
#3526 = DIRECTION ( 'NONE',  ( 0.0000000000000000000, 0.0000000000000000000, 1.000000000000000000 ) ) ;
#3527 =( NAMED_UNIT ( * ) PLANE_ANGLE_UNIT ( ) SI_UNIT ( $, .RADIAN. ) );
#3528 = AXIS2_PLACEMENT_3D ( 'NONE', #436, #3789, #917 ) ;
#3529 = ORIENTED_EDGE ( 'NONE', *, *, #1672, .T. ) ;
#3530 =( LENGTH_UNIT ( ) NAMED_UNIT ( * ) SI_UNIT ( .MILLI., .METRE. ) );
#3531 = CARTESIAN_POINT ( 'NONE',  ( -11.93999999999999400, 0.0000000000000000000, 4.450000000000001100 ) ) ;
#3532 = ADVANCED_FACE ( 'NONE', ( #2753 ), #4723, .T. ) ;
#3533 = PRODUCT_DEFINITION_SHAPE ( 'NONE', 'NONE',  #6216 ) ;
#3534 = CYLINDRICAL_SURFACE ( 'NONE', #3302, 1.400000000000031400 ) ;
#3535 = SURFACE_STYLE_USAGE ( .BOTH. , #192 ) ;
#3536 = EDGE_CURVE ( 'NONE', #3304, #431, #5993, .T. ) ;
#3537 = DIRECTION ( 'NONE',  ( -1.000000000000000000, -0.0000000000000000000, -0.0000000000000000000 ) ) ;
#3538 = AXIS2_PLACEMENT_3D ( 'NONE', #1681, #4543, #2620 ) ;
#3539 = EDGE_CURVE ( 'NONE', #4627, #4065, #2308, .T. ) ;
#3540 = ORIENTED_EDGE ( 'NONE', *, *, #97, .F. ) ;
#3541 = ORIENTED_EDGE ( 'NONE', *, *, #2374, .F. ) ;
#3542 = CARTESIAN_POINT ( 'NONE',  ( -93.50000000000000000, 0.0000000000000000000, 0.0000000000000000000 ) ) ;
#3543 = EDGE_LOOP ( 'NONE', ( #4984, #1582, #1782, #5328 ) ) ;
#3544 = ORIENTED_EDGE ( 'NONE', *, *, #297, .F. ) ;
#3545 = CIRCLE ( 'NONE', #1949, 4.250000000000000000 ) ;
#3546 = ORIENTED_EDGE ( 'NONE', *, *, #2249, .F. ) ;
#3547 =( GEOMETRIC_REPRESENTATION_CONTEXT ( 3 ) GLOBAL_UNCERTAINTY_ASSIGNED_CONTEXT ( ( #2500 ) ) GLOBAL_UNIT_ASSIGNED_CONTEXT ( ( #3108, #247, #4036 ) ) REPRESENTATION_CONTEXT ( 'NONE', 'WORKASPACE' ) );
#3548 =( NAMED_UNIT ( * ) PLANE_ANGLE_UNIT ( ) SI_UNIT ( $, .RADIAN. ) );
#3549 = DIRECTION ( 'NONE',  ( 1.000000000000000000, 0.0000000000000000000, 0.0000000000000000000 ) ) ;
#3550 = SURFACE_STYLE_FILL_AREA ( #922 ) ;
#3551 = ORIENTED_EDGE ( 'NONE', *, *, #3539, .F. ) ;
#3552 = CARTESIAN_POINT ( 'NONE',  ( 0.0000000000000000000, 0.0000000000000000000, 0.0000000000000000000 ) ) ;
#3553 = AXIS2_PLACEMENT_3D ( 'NONE', #5504, #3134, #266 ) ;
#3554 = MECHANICAL_DESIGN_GEOMETRIC_PRESENTATION_REPRESENTATION (  '', ( #2906 ), #3870 ) ;
#3555 =( NAMED_UNIT ( * ) SI_UNIT ( $, .STERADIAN. ) SOLID_ANGLE_UNIT ( ) );
#3556 = FILL_AREA_STYLE ('',( #5457 ) ) ;
#3557 = AXIS2_PLACEMENT_3D ( 'NONE', #144, #3477, #613 ) ;
#3558 = EDGE_LOOP ( 'NONE', ( #2856, #5780, #1974, #30 ) ) ;
#3559 = COLOUR_RGB ( '',0.1098039215686274500, 0.1098039215686274500, 0.1098039215686274500 ) ;
#3560 = DIRECTION ( 'NONE',  ( -1.000000000000000000, -0.0000000000000000000, -0.0000000000000000000 ) ) ;
#3561 = EDGE_CURVE ( 'NONE', #2627, #468, #3596, .T. ) ;
#3562 = DIRECTION ( 'NONE',  ( 0.0000000000000000000, -1.000000000000000000, 0.0000000000000000000 ) ) ;
#3563 = ADVANCED_FACE ( 'NONE', ( #3439 ), #4275, .T. ) ;
#3564 = DIRECTION ( 'NONE',  ( 0.0000000000000000000, 0.0000000000000000000, 1.000000000000000000 ) ) ;
#3565 = CYLINDRICAL_SURFACE ( 'NONE', #4041, 6.000000000000000900 ) ;
#3566 = CIRCLE ( 'NONE', #1754, 2.600000000000000500 ) ;
#3567 = FILL_AREA_STYLE ('',( #218 ) ) ;
#3569 = LINE ( 'NONE', #4058, #4691 ) ;
#3568 = CARTESIAN_POINT ( 'NONE',  ( -15.27999999999999800, 0.0000000000000000000, 0.0000000000000000000 ) ) ;
#3570 = LINE ( 'NONE', #2108, #1026 ) ;
#3571 = PRESENTATION_STYLE_ASSIGNMENT (( #3057 ) ) ;
#3572 = ORIENTED_EDGE ( 'NONE', *, *, #4138, .F. ) ;
#3573 = DIRECTION ( 'NONE',  ( 0.0000000000000000000, -0.7700362878909660100, 0.6380000903848692700 ) ) ;
#3574 = STYLED_ITEM ( 'NONE', ( #136 ), #2463 ) ;
#3575 = CARTESIAN_POINT ( 'NONE',  ( -17.29999999999999700, 5.449678256205722800E-016, -4.450000000000001100 ) ) ;
#3576 = CARTESIAN_POINT ( 'NONE',  ( -10.00000000000000900, 2.204364238465285100E-016, -1.800000000000040200 ) ) ;
#3577 =( LENGTH_UNIT ( ) NAMED_UNIT ( * ) SI_UNIT ( .MILLI., .METRE. ) );
#3578 = PRESENTATION_LAYER_ASSIGNMENT (  '', '', ( #2925 ) ) ;
#3579 =( GEOMETRIC_REPRESENTATION_CONTEXT ( 3 ) GLOBAL_UNCERTAINTY_ASSIGNED_CONTEXT ( ( #1139 ) ) GLOBAL_UNIT_ASSIGNED_CONTEXT ( ( #5903, #3035, #177 ) ) REPRESENTATION_CONTEXT ( 'NONE', 'WORKASPACE' ) );
#3580 = DIRECTION ( 'NONE',  ( -1.000000000000000000, -0.0000000000000000000, -0.0000000000000000000 ) ) ;
#3581 = CYLINDRICAL_SURFACE ( 'NONE', #5897, 4.250000000000000000 ) ;
#3582 = SURFACE_SIDE_STYLE ('',( #1054 ) ) ;
#3583 = EDGE_LOOP ( 'NONE', ( #4793, #1977, #1500, #3594 ) ) ;
#3584 = VERTEX_POINT ( 'NONE', #2621 ) ;
#3585 = COLOUR_RGB ( '',0.6470588235294118000, 0.6196078431372549200, 0.5882352941176470800 ) ;
#3586 = CONICAL_SURFACE ( 'NONE', #1910, 1.722964503423848800, 0.1047197551196606000 ) ;
#3587 = SURFACE_SIDE_STYLE ('',( #5208 ) ) ;
#3588 = CARTESIAN_POINT ( 'NONE',  ( -111.8192135558113600, 0.0000000000000000000, 0.0000000000000000000 ) ) ;
#3589 = EDGE_CURVE ( 'NONE', #2446, #3840, #2990, .T. ) ;
#3590 = DIRECTION ( 'NONE',  ( 1.000000000000000000, 0.0000000000000000000, 0.0000000000000000000 ) ) ;
#3591 =( NAMED_UNIT ( * ) PLANE_ANGLE_UNIT ( ) SI_UNIT ( $, .RADIAN. ) );
#3592 = DIRECTION ( 'NONE',  ( 0.0000000000000000000, 0.0000000000000000000, 1.000000000000000000 ) ) ;
#3593 = ADVANCED_FACE ( 'NONE', ( #1733 ), #1287, .F. ) ;
#3594 = ORIENTED_EDGE ( 'NONE', *, *, #2693, .F. ) ;
#3595 = AXIS2_PLACEMENT_3D ( 'NONE', #2166, #5517, #2635 ) ;
#3596 = CIRCLE ( 'NONE', #5498, 4.450000000000002000 ) ;
#3597 = ORIENTED_EDGE ( 'NONE', *, *, #5648, .F. ) ;
#3598 = DIRECTION ( 'NONE',  ( 0.0000000000000000000, 0.0000000000000000000, 1.000000000000000000 ) ) ;
#3599 = ORIENTED_EDGE ( 'NONE', *, *, #6098, .T. ) ;
#3600 = FILL_AREA_STYLE_COLOUR ( '', #1933 ) ;
#3601 = CARTESIAN_POINT ( 'NONE',  ( -102.6292860697262900, 6.613092715395707500E-016, -5.400000000000000400 ) ) ;
#3602 = CARTESIAN_POINT ( 'NONE',  ( -119.4151686832445000, 1.224646799147392700E-016, -1.000000000000032200 ) ) ;
#3603 = AXIS2_PLACEMENT_3D ( 'NONE', #476, #3829, #968 ) ;
#3604 = VERTEX_POINT ( 'NONE', #5482 ) ;
#3605 = PRODUCT ( 'Тело14', 'Тело14', '', ( #3633 ) ) ;
#3606 = DIRECTION ( 'NONE',  ( -1.000000000000000000, -0.0000000000000000000, -0.0000000000000000000 ) ) ;
#3607 = APPLICATION_PROTOCOL_DEFINITION ( 'draft international standard', 'automotive_design', 1998, #722 ) ;
#3608 = SURFACE_STYLE_FILL_AREA ( #4743 ) ;
#3609 = VERTEX_POINT ( 'NONE', #3618 ) ;
#3610 = MECHANICAL_DESIGN_GEOMETRIC_PRESENTATION_REPRESENTATION (  '', ( #2958 ), #3928 ) ;
#3611 = CARTESIAN_POINT ( 'NONE',  ( -92.50000000000000000, 2.388061258337360300E-016, -1.700000000000011300 ) ) ;
#3612 = ORIENTED_EDGE ( 'NONE', *, *, #495, .F. ) ;
#3613 = FILL_AREA_STYLE_COLOUR ( '', #1553 ) ;
#3614 = FACE_OUTER_BOUND ( 'NONE', #6018, .T. ) ;
#3615 = EDGE_CURVE ( 'NONE', #1412, #3840, #3671, .T. ) ;
#3616 = ORIENTED_EDGE ( 'NONE', *, *, #5862, .F. ) ;
#3617 = PLANE ( 'NONE',  #1810 ) ;
#3618 = CARTESIAN_POINT ( 'NONE',  ( -1.650000000000003200, 0.0000000000000000000, 22.50000000000000000 ) ) ;
#3619 = CIRCLE ( 'NONE', #3750, 2.499999999999987600 ) ;
#3620 = EDGE_CURVE ( 'NONE', #2813, #2754, #599, .T. ) ;
#3621 = AXIS2_PLACEMENT_3D ( 'NONE', #1637, #4033, #1174 ) ;
#3622 = EDGE_LOOP ( 'NONE', ( #3551, #732, #4893, #5371 ) ) ;
#3623 = UNCERTAINTY_MEASURE_WITH_UNIT (LENGTH_MEASURE( 1.000000000000000100E-005 ), #3577, 'distance_accuracy_value', 'NONE');
#3624 = AXIS2_PLACEMENT_3D ( 'NONE', #5299, #2416, #5775 ) ;
#3625 = EDGE_CURVE ( 'NONE', #1310, #4627, #6061, .T. ) ;
#3626 = AXIS2_PLACEMENT_3D ( 'NONE', #4997, #2122, #5471 ) ;
#3627 = ADVANCED_FACE ( 'NONE', ( #2387 ), #5907, .F. ) ;
#3628 =( NAMED_UNIT ( * ) SI_UNIT ( $, .STERADIAN. ) SOLID_ANGLE_UNIT ( ) );
#3629 = ORIENTED_EDGE ( 'NONE', *, *, #4702, .T. ) ;
#3630 = EDGE_CURVE ( 'NONE', #4123, #2775, #976, .T. ) ;
#3631 = AXIS2_PLACEMENT_3D ( 'NONE', #5920, #2557, #193 ) ;
#3632 =( NAMED_UNIT ( * ) PLANE_ANGLE_UNIT ( ) SI_UNIT ( $, .RADIAN. ) );
#3633 = PRODUCT_CONTEXT ( 'NONE', #4554, 'mechanical' ) ;
#3634 =( GEOMETRIC_REPRESENTATION_CONTEXT ( 3 ) GLOBAL_UNCERTAINTY_ASSIGNED_CONTEXT ( ( #3751 ) ) GLOBAL_UNIT_ASSIGNED_CONTEXT ( ( #2136, #5485, #2603 ) ) REPRESENTATION_CONTEXT ( 'NONE', 'WORKASPACE' ) );
#3635 = EDGE_LOOP ( 'NONE', ( #5969, #1365, #392, #245 ) ) ;
#3636 = DIRECTION ( 'NONE',  ( -1.000000000000000000, -0.0000000000000000000, -0.0000000000000000000 ) ) ;
#3637 = DIRECTION ( 'NONE',  ( 0.0000000000000000000, 0.0000000000000000000, -1.000000000000000000 ) ) ;
#3638 = AXIS2_PLACEMENT_3D ( 'NONE', #3284, #4257, #906 ) ;
#3639 = FACE_OUTER_BOUND ( 'NONE', #520, .T. ) ;
#3640 = FACE_OUTER_BOUND ( 'NONE', #3038, .T. ) ;
#3641 = EDGE_CURVE ( 'NONE', #3649, #1242, #3520, .T. ) ;
#3642 = CARTESIAN_POINT ( 'NONE',  ( -119.4151686832445000, 0.0000000000000000000, 0.0000000000000000000 ) ) ;
#3643 = TOROIDAL_SURFACE ( 'NONE', #3485, 5.200000000000001100, 0.2000000000000000900 ) ;
#3644 = CYLINDRICAL_SURFACE ( 'NONE', #400, 5.400000000000000400 ) ;
#3645 = DIRECTION ( 'NONE',  ( -1.000000000000000000, -0.0000000000000000000, -0.0000000000000000000 ) ) ;
#3646 = ORIENTED_EDGE ( 'NONE', *, *, #4503, .T. ) ;
#3647 = ORIENTED_EDGE ( 'NONE', *, *, #1400, .F. ) ;
#3648 = ORIENTED_EDGE ( 'NONE', *, *, #3014, .T. ) ;
#3649 = VERTEX_POINT ( 'NONE', #4689 ) ;
#3650 = SURFACE_STYLE_USAGE ( .BOTH. , #4023 ) ;
#3651 = DIRECTION ( 'NONE',  ( -1.000000000000000000, -0.0000000000000000000, -0.0000000000000000000 ) ) ;
#3652 = ORIENTED_EDGE ( 'NONE', *, *, #3060, .F. ) ;
#3653 =( REPRESENTATION_RELATIONSHIP ('NONE','NONE', #918, #2965 ) REPRESENTATION_RELATIONSHIP_WITH_TRANSFORMATION ( #4889 )SHAPE_REPRESENTATION_RELATIONSHIP( ) );
#3654 = LINE ( 'NONE', #735, #2080 ) ;
#3655 = CARTESIAN_POINT ( 'NONE',  ( -92.00000000000000000, 0.0000000000000000000, 2.200000000000024200 ) ) ;
#3656 = ADVANCED_FACE ( 'NONE', ( #4644 ), #1956, .T. ) ;
#3657 = VERTEX_POINT ( 'NONE', #4223 ) ;
#3658 = EDGE_CURVE ( 'NONE', #6006, #3807, #2097, .T. ) ;
#3659 = STYLED_ITEM ( 'NONE', ( #5314 ), #4982 ) ;
#3660 = EDGE_CURVE ( 'NONE', #3681, #4627, #2239, .T. ) ;
#3661 = CARTESIAN_POINT ( 'NONE',  ( -12.85999999999999600, 0.0000000000000000000, -5.199999999999999300 ) ) ;
#3662 = PRODUCT_DEFINITION_CONTEXT ( 'detailed design', #4096, 'design' ) ;
#3663 = SURFACE_STYLE_FILL_AREA ( #2084 ) ;
#3664 = PRESENTATION_STYLE_ASSIGNMENT (( #5013 ) ) ;
#3665 = ADVANCED_FACE ( 'NONE', ( #5766 ), #3063, .T. ) ;
#3666 = EDGE_CURVE ( 'NONE', #2745, #4827, #4354, .T. ) ;
#3667 = DIRECTION ( 'NONE',  ( -1.000000000000000000, 0.0000000000000000000, 0.0000000000000000000 ) ) ;
#3668 = ORIENTED_EDGE ( 'NONE', *, *, #2966, .F. ) ;
#3669 = CIRCLE ( 'NONE', #6157, 4.250000000000000000 ) ;
#3671 = LINE ( 'NONE', #4184, #1129 ) ;
#3670 =( GEOMETRIC_REPRESENTATION_CONTEXT ( 3 ) GLOBAL_UNCERTAINTY_ASSIGNED_CONTEXT ( ( #2686 ) ) GLOBAL_UNIT_ASSIGNED_CONTEXT ( ( #2187, #5542, #2659 ) ) REPRESENTATION_CONTEXT ( 'NONE', 'WORKASPACE' ) );
#3672 = AXIS2_PLACEMENT_3D ( 'NONE', #3981, #4458, #627 ) ;
#3673 = FILL_AREA_STYLE ('',( #2704 ) ) ;
#3674 = VERTEX_POINT ( 'NONE', #1387 ) ;
#3675 = FACE_OUTER_BOUND ( 'NONE', #1113, .T. ) ;
#3676 = DIRECTION ( 'NONE',  ( -1.000000000000000000, -0.0000000000000000000, -0.0000000000000000000 ) ) ;
#3677 = SURFACE_SIDE_STYLE ('',( #3475 ) ) ;
#3678 = DIRECTION ( 'NONE',  ( 0.0000000000000000000, 0.0000000000000000000, 1.000000000000000000 ) ) ;
#3679 = CARTESIAN_POINT ( 'NONE',  ( 0.0000000000000000000, 0.0000000000000000000, 21.30000000000000100 ) ) ;
#3680 =( GEOMETRIC_REPRESENTATION_CONTEXT ( 3 ) GLOBAL_UNCERTAINTY_ASSIGNED_CONTEXT ( ( #4542 ) ) GLOBAL_UNIT_ASSIGNED_CONTEXT ( ( #5662, #2788, #6146 ) ) REPRESENTATION_CONTEXT ( 'NONE', 'WORKASPACE' ) );
#3681 = VERTEX_POINT ( 'NONE', #4734 ) ;
#3682 = VERTEX_POINT ( 'NONE', #434 ) ;
#3683 = CARTESIAN_POINT ( 'NONE',  ( -96.50000000000000000, 7.347880794884487500E-017, -0.6000000000000300600 ) ) ;
#3684 = ORIENTED_EDGE ( 'NONE', *, *, #312, .F. ) ;
#3685 = FACE_BOUND ( 'NONE', #5842, .T. ) ;
#3686 = VERTEX_POINT ( 'NONE', #5205 ) ;
#3687 = CIRCLE ( 'NONE', #2254, 4.450000000000000200 ) ;
#3688 = ADVANCED_FACE ( 'NONE', ( #3203 ), #222, .T. ) ;
#3689 =( GEOMETRIC_REPRESENTATION_CONTEXT ( 3 ) GLOBAL_UNCERTAINTY_ASSIGNED_CONTEXT ( ( #5331 ) ) GLOBAL_UNIT_ASSIGNED_CONTEXT ( ( #57, #3394, #528 ) ) REPRESENTATION_CONTEXT ( 'NONE', 'WORKASPACE' ) );
#3690 = FILL_AREA_STYLE_COLOUR ( '', #3705 ) ;
#3691 = MECHANICAL_DESIGN_GEOMETRIC_PRESENTATION_REPRESENTATION (  '', ( #5398 ), #4014 ) ;
#3692 = EDGE_CURVE ( 'NONE', #4241, #180, #5159, .T. ) ;
#3693 = ORIENTED_EDGE ( 'NONE', *, *, #5479, .F. ) ;
#3694 = DIRECTION ( 'NONE',  ( -1.000000000000000000, 0.0000000000000000000, 0.0000000000000000000 ) ) ;
#3695 = AXIS2_PLACEMENT_3D ( 'NONE', #574, #3976, #5888 ) ;
#3696 = EDGE_LOOP ( 'NONE', ( #984, #5693, #4161, #911 ) ) ;
#3697 = SURFACE_SIDE_STYLE ('',( #5425 ) ) ;
#3698 = FACE_BOUND ( 'NONE', #4432, .T. ) ;
#3699 = DIRECTION ( 'NONE',  ( -1.000000000000000000, 0.0000000000000000000, 0.0000000000000000000 ) ) ;
#3700 = CARTESIAN_POINT ( 'NONE',  ( -102.6292860697262900, 0.0000000000000000000, 0.0000000000000000000 ) ) ;
#3701 = CIRCLE ( 'NONE', #76, 0.1999999999999996500 ) ;
#3702 = EDGE_CURVE ( 'NONE', #5736, #3050, #676, .T. ) ;
#3703 = MECHANICAL_DESIGN_GEOMETRIC_PRESENTATION_REPRESENTATION (  '', ( #2421 ), #4032 ) ;
#3704 = FILL_AREA_STYLE ('',( #2737 ) ) ;
#3705 = COLOUR_RGB ( '',0.1098039215686274500, 0.1098039215686274500, 0.1098039215686274500 ) ;
#3706 = TOROIDAL_SURFACE ( 'NONE', #1440, 5.200000000000001100, 0.2000000000000000900 ) ;
#3707 = PRESENTATION_STYLE_ASSIGNMENT (( #3105 ) ) ;
#3708 = AXIS2_PLACEMENT_3D ( 'NONE', #3510, #638, #3990 ) ;
#3709 =( LENGTH_UNIT ( ) NAMED_UNIT ( * ) SI_UNIT ( .MILLI., .METRE. ) );
#3710 = AXIS2_PLACEMENT_3D ( 'NONE', #2784, #6144, #3267 ) ;
#3711 = VECTOR ( 'NONE', #3988, 1000.000000000000000 ) ;
#3712 = CIRCLE ( 'NONE', #5858, 2.500000000000000000 ) ;
#3713 = ORIENTED_EDGE ( 'NONE', *, *, #1502, .T. ) ;
#3714 = DIRECTION ( 'NONE',  ( 0.0000000000000000000, 0.0000000000000000000, 1.000000000000000000 ) ) ;
#3715 = DIRECTION ( 'NONE',  ( 0.0000000000000000000, 0.0000000000000000000, 1.000000000000000000 ) ) ;
#3716 = ORIENTED_EDGE ( 'NONE', *, *, #2650, .T. ) ;
#3717 = FACE_OUTER_BOUND ( 'NONE', #5711, .T. ) ;
#3718 = COLOUR_RGB ( '',0.1098039215686274500, 0.1098039215686274500, 0.1098039215686274500 ) ;
#3719 = ADVANCED_FACE ( 'NONE', ( #3888, #1350 ), #5727, .T. ) ;
#3720 = CARTESIAN_POINT ( 'NONE',  ( -11.00000000000001100, 0.0000000000000000000, 0.0000000000000000000 ) ) ;
#3721 = MECHANICAL_DESIGN_GEOMETRIC_PRESENTATION_REPRESENTATION (  '', ( #2747 ), #4046 ) ;
#3723 = SURFACE_STYLE_USAGE ( .BOTH. , #364 ) ;
#3722 = CARTESIAN_POINT ( 'NONE',  ( 0.0000000000000000000, 0.0000000000000000000, 25.00000000000000000 ) ) ;
#3724 =( NAMED_UNIT ( * ) PLANE_ANGLE_UNIT ( ) SI_UNIT ( $, .RADIAN. ) );
#3725 = AXIS2_PLACEMENT_3D ( 'NONE', #1010, #5813, #557 ) ;
#3726 = ORIENTED_EDGE ( 'NONE', *, *, #3702, .T. ) ;
#3727 = CIRCLE ( 'NONE', #564, 1.650000000000003200 ) ;
#3728 = FACE_BOUND ( 'NONE', #5026, .T. ) ;
#3729 = DIRECTION ( 'NONE',  ( 0.0000000000000000000, 0.0000000000000000000, 1.000000000000000000 ) ) ;
#3730 = SURFACE_SIDE_STYLE ('',( #2314 ) ) ;
#3731 = ADVANCED_FACE ( 'NONE', ( #2164 ), #2020, .F. ) ;
#3732 = EDGE_CURVE ( 'NONE', #180, #4241, #3275, .T. ) ;
#3733 = AXIS2_PLACEMENT_3D ( 'NONE', #5846, #2979, #120 ) ;
#3734 = CIRCLE ( 'NONE', #4765, 3.500000000000002700 ) ;
#3735 = AXIS2_PLACEMENT_3D ( 'NONE', #6123, #3245, #382 ) ;
#3736 = EDGE_CURVE ( 'NONE', #3681, #3473, #4563, .T. ) ;
#3737 =( GEOMETRIC_REPRESENTATION_CONTEXT ( 3 ) GLOBAL_UNCERTAINTY_ASSIGNED_CONTEXT ( ( #1288 ) ) GLOBAL_UNIT_ASSIGNED_CONTEXT ( ( #2404, #5765, #2891 ) ) REPRESENTATION_CONTEXT ( 'NONE', 'WORKASPACE' ) );
#3738 = CARTESIAN_POINT ( 'NONE',  ( -1.310652069897088900, 0.0000000000000000000, 22.59999999999999800 ) ) ;
#3739 = PLANE ( 'NONE',  #3185 ) ;
#3740 = DIRECTION ( 'NONE',  ( -1.000000000000000000, -0.0000000000000000000, -0.0000000000000000000 ) ) ;
#3741 = ORIENTED_EDGE ( 'NONE', *, *, #4392, .T. ) ;
#3743 = CARTESIAN_POINT ( 'NONE',  ( -91.50000000000000000, 2.694222958124206600E-016, -2.200000000000024200 ) ) ;
#3742 = CARTESIAN_POINT ( 'NONE',  ( -94.00000000000000000, 0.0000000000000000000, 0.0000000000000000000 ) ) ;
#3744 = AXIS2_PLACEMENT_3D ( 'NONE', #1256, #5555, #2680 ) ;
#3745 = DIRECTION ( 'NONE',  ( 0.0000000000000000000, 0.0000000000000000000, -1.000000000000000000 ) ) ;
#3746 = ORIENTED_EDGE ( 'NONE', *, *, #3049, .F. ) ;
#3747 = AXIS2_PLACEMENT_3D ( 'NONE', #5286, #2395, #5755 ) ;
#3748 =( GEOMETRIC_REPRESENTATION_CONTEXT ( 3 ) GLOBAL_UNCERTAINTY_ASSIGNED_CONTEXT ( ( #617 ) ) GLOBAL_UNIT_ASSIGNED_CONTEXT ( ( #3819, #951, #4305 ) ) REPRESENTATION_CONTEXT ( 'NONE', 'WORKASPACE' ) );
#3749 = ITEM_DEFINED_TRANSFORMATION ( 'NONE', 'NONE', #3291,  #2144 ) ;
#3750 = AXIS2_PLACEMENT_3D ( 'NONE', #2429, #5782, #2912 ) ;
#3751 = UNCERTAINTY_MEASURE_WITH_UNIT (LENGTH_MEASURE( 1.000000000000000100E-005 ), #2136, 'distance_accuracy_value', 'NONE');
#3752 = DIRECTION ( 'NONE',  ( 0.0000000000000000000, 0.0000000000000000000, -1.000000000000000000 ) ) ;
#3753 = SURFACE_STYLE_FILL_AREA ( #5310 ) ;
#3754 = ADVANCED_FACE ( 'NONE', ( #753 ), #886, .F. ) ;
#3755 = DIRECTION ( 'NONE',  ( 0.0000000000000000000, 0.0000000000000000000, 1.000000000000000000 ) ) ;
#3756 = CARTESIAN_POINT ( 'NONE',  ( -11.74000000000000000, 0.0000000000000000000, 0.0000000000000000000 ) ) ;
#3757 = EDGE_CURVE ( 'NONE', #2339, #4150, #5675, .T. ) ;
#3758 = CARTESIAN_POINT ( 'NONE',  ( -11.99999999999999600, 0.0000000000000000000, 0.0000000000000000000 ) ) ;
#3759 = ORIENTED_EDGE ( 'NONE', *, *, #5464, .T. ) ;
#3760 = ORIENTED_EDGE ( 'NONE', *, *, #924, .T. ) ;
#3761 = FILL_AREA_STYLE_COLOUR ( '', #1552 ) ;
#3762 = ORIENTED_EDGE ( 'NONE', *, *, #6059, .F. ) ;
#3764 = ORIENTED_EDGE ( 'NONE', *, *, #730, .T. ) ;
#3763 = SURFACE_SIDE_STYLE ('',( #6102 ) ) ;
#3765 = DIRECTION ( 'NONE',  ( 0.0000000000000000000, 0.0000000000000000000, -1.000000000000000000 ) ) ;
#3766 = CIRCLE ( 'NONE', #624, 0.6000000000000529400 ) ;
#3767 = DIRECTION ( 'NONE',  ( 0.0000000000000000000, 0.0000000000000000000, 1.000000000000000000 ) ) ;
#3768 = ORIENTED_EDGE ( 'NONE', *, *, #5385, .T. ) ;
#3770 = CARTESIAN_POINT ( 'NONE',  ( -1.750000000000003300, 0.0000000000000000000, -8.178233058921771100 ) ) ;
#3769 = CARTESIAN_POINT ( 'NONE',  ( 0.0000000000000000000, 0.0000000000000000000, 26.97549471392888500 ) ) ;
#3771 = DIRECTION ( 'NONE',  ( 0.0000000000000000000, 0.0000000000000000000, 1.000000000000000000 ) ) ;
#3772 = ADVANCED_FACE ( 'NONE', ( #3136, #4423 ), #3965, .F. ) ;
#3773 = EDGE_LOOP ( 'NONE', ( #3233, #622, #2043, #3795 ) ) ;
#3774 = MECHANICAL_DESIGN_GEOMETRIC_PRESENTATION_REPRESENTATION (  '', ( #2792 ), #4097 ) ;
#3775 = VERTEX_POINT ( 'NONE', #1102 ) ;
#3776 =( GEOMETRIC_REPRESENTATION_CONTEXT ( 3 ) GLOBAL_UNCERTAINTY_ASSIGNED_CONTEXT ( ( #5124 ) ) GLOBAL_UNIT_ASSIGNED_CONTEXT ( ( #278, #3632, #771 ) ) REPRESENTATION_CONTEXT ( 'NONE', 'WORKASPACE' ) );
#3777 = SURFACE_SIDE_STYLE ('',( #1653 ) ) ;
#3778 = DIRECTION ( 'NONE',  ( -1.000000000000000000, -0.0000000000000000000, -0.0000000000000000000 ) ) ;
#3779 = SURFACE_STYLE_USAGE ( .BOTH. , #428 ) ;
#3780 = CARTESIAN_POINT ( 'NONE',  ( -92.50000000000000000, 1.714505518806341500E-016, -1.400000000000038300 ) ) ;
#3781 = DIRECTION ( 'NONE',  ( -0.0000000000000000000, 0.0000000000000000000, 1.000000000000000000 ) ) ;
#3782 = LINE ( 'NONE', #2372, #4915 ) ;
#3783 = CIRCLE ( 'NONE', #1519, 0.1999999999999996500 ) ;
#3784 = LINE ( 'NONE', #1985, #4916 ) ;
#3785 = LINE ( 'NONE', #3924, #4456 ) ;
#3786 = FILL_AREA_STYLE_COLOUR ( '', #2816 ) ;
#3788 = FILL_AREA_STYLE ('',( #2811 ) ) ;
#3787 = FILL_AREA_STYLE_COLOUR ( '', #820 ) ;
#3789 = DIRECTION ( 'NONE',  ( 0.0000000000000000000, -1.000000000000000000, 0.0000000000000000000 ) ) ;
#3790 = AXIS2_PLACEMENT_3D ( 'NONE', #3077, #3102, #5040 ) ;
#3791 = CARTESIAN_POINT ( 'NONE',  ( 6.000000000000000900, 7.347880794884120700E-016, 11.50000000000000200 ) ) ;
#3793 =( NAMED_UNIT ( * ) PLANE_ANGLE_UNIT ( ) SI_UNIT ( $, .RADIAN. ) );
#3792 = DIRECTION ( 'NONE',  ( -1.000000000000000000, -0.0000000000000000000, -0.0000000000000000000 ) ) ;
#3794 = MECHANICAL_DESIGN_GEOMETRIC_PRESENTATION_REPRESENTATION (  '', ( #3150 ), #4120 ) ;
#3795 = ORIENTED_EDGE ( 'NONE', *, *, #4500, .F. ) ;
#3796 =( NAMED_UNIT ( * ) SI_UNIT ( $, .STERADIAN. ) SOLID_ANGLE_UNIT ( ) );
#3797 = CARTESIAN_POINT ( 'NONE',  ( -102.6292860697262900, 0.0000000000000000000, 0.0000000000000000000 ) ) ;
#3798 = VERTEX_POINT ( 'NONE', #5421 ) ;
#3799 = FILL_AREA_STYLE ('',( #6181 ) ) ;
#3800 = ORIENTED_EDGE ( 'NONE', *, *, #6100, .F. ) ;
#3801 = VERTEX_POINT ( 'NONE', #4821 ) ;
#3802 = PRESENTATION_STYLE_ASSIGNMENT (( #4274 ) ) ;
#3803 = DIRECTION ( 'NONE',  ( -1.000000000000000000, 0.0000000000000000000, -0.0000000000000000000 ) ) ;
#3804 = CARTESIAN_POINT ( 'NONE',  ( 0.0000000000000000000, 0.0000000000000000000, 18.30000000000000100 ) ) ;
#3805 = DIRECTION ( 'NONE',  ( -0.0000000000000000000, -0.0000000000000000000, 1.000000000000000000 ) ) ;
#3806 = UNCERTAINTY_MEASURE_WITH_UNIT (LENGTH_MEASURE( 1.000000000000000100E-005 ), #1177, 'distance_accuracy_value', 'NONE');
#3807 = VERTEX_POINT ( 'NONE', #4952 ) ;
#3808 =( GEOMETRIC_REPRESENTATION_CONTEXT ( 3 ) GLOBAL_UNCERTAINTY_ASSIGNED_CONTEXT ( ( #544 ) ) GLOBAL_UNIT_ASSIGNED_CONTEXT ( ( #1555, #4904, #2033 ) ) REPRESENTATION_CONTEXT ( 'NONE', 'WORKASPACE' ) );
#3809 = DIRECTION ( 'NONE',  ( -0.0000000000000000000, 0.0000000000000000000, 1.000000000000000000 ) ) ;
#3810 = CIRCLE ( 'NONE', #1338, 5.199999999999999300 ) ;
#3811 = CIRCLE ( 'NONE', #2340, 3.500000000000003100 ) ;
#3812 = DIRECTION ( 'NONE',  ( 0.0000000000000000000, 0.0000000000000000000, -1.000000000000000000 ) ) ;
#3814 = DIRECTION ( 'NONE',  ( -0.0000000000000000000, 0.0000000000000000000, 1.000000000000000000 ) ) ;
#3813 = CARTESIAN_POINT ( 'NONE',  ( -12.99999999999999800, 0.0000000000000000000, 1.000000000000032000 ) ) ;
#3815 = ORIENTED_EDGE ( 'NONE', *, *, #2317, .T. ) ;
#3816 = EDGE_CURVE ( 'NONE', #5222, #3019, #151, .T. ) ;
#3817 = UNCERTAINTY_MEASURE_WITH_UNIT (LENGTH_MEASURE( 1.000000000000000100E-005 ), #2515, 'distance_accuracy_value', 'NONE');
#3818 = LINE ( 'NONE', #1760, #1286 ) ;
#3819 =( LENGTH_UNIT ( ) NAMED_UNIT ( * ) SI_UNIT ( .MILLI., .METRE. ) );
#3820 = ORIENTED_EDGE ( 'NONE', *, *, #4457, .T. ) ;
#3821 = PRESENTATION_LAYER_ASSIGNMENT (  '', '', ( #4141 ) ) ;
#3822 = SURFACE_STYLE_USAGE ( .BOTH. , #465 ) ;
#3823 = PRODUCT_DEFINITION_FORMATION_WITH_SPECIFIED_SOURCE ( 'ANY', '', #5537, .NOT_KNOWN. ) ;
#3824 = DIRECTION ( 'NONE',  ( -0.0000000000000000000, -0.0000000000000000000, -1.000000000000000000 ) ) ;
#3825 = DIRECTION ( 'NONE',  ( -1.000000000000000000, -0.0000000000000000000, -0.0000000000000000000 ) ) ;
#3826 = FACE_OUTER_BOUND ( 'NONE', #1617, .T. ) ;
#3827 = EDGE_CURVE ( 'NONE', #4108, #1848, #3966, .T. ) ;
#3829 = DIRECTION ( 'NONE',  ( 1.000000000000000000, -0.0000000000000000000, -2.567906592516316300E-032 ) ) ;
#3828 = SURFACE_SIDE_STYLE ('',( #71 ) ) ;
#3830 = MECHANICAL_DESIGN_GEOMETRIC_PRESENTATION_REPRESENTATION (  '', ( #3176 ), #4151 ) ;
#3831 = ORIENTED_EDGE ( 'NONE', *, *, #139, .F. ) ;
#3832 = DIRECTION ( 'NONE',  ( -1.000000000000000000, -0.0000000000000000000, -0.0000000000000000000 ) ) ;
#3833 = AXIS2_PLACEMENT_3D ( 'NONE', #1311, #5606, #2728 ) ;
#3834 = CARTESIAN_POINT ( 'NONE',  ( -18.39999999999999900, 0.0000000000000000000, 5.400000000000000400 ) ) ;
#3835 = FILL_AREA_STYLE_COLOUR ( '', #389 ) ;
#3836 = DIRECTION ( 'NONE',  ( -1.000000000000000000, -0.0000000000000000000, -0.0000000000000000000 ) ) ;
#3837 =( NAMED_UNIT ( * ) PLANE_ANGLE_UNIT ( ) SI_UNIT ( $, .RADIAN. ) );
#3838 = DIRECTION ( 'NONE',  ( 0.0000000000000000000, -1.000000000000000000, 0.0000000000000000000 ) ) ;
#3839 = ORIENTED_EDGE ( 'NONE', *, *, #5351, .F. ) ;
#3840 = VERTEX_POINT ( 'NONE', #2544 ) ;
#3841 =( NAMED_UNIT ( * ) SI_UNIT ( $, .STERADIAN. ) SOLID_ANGLE_UNIT ( ) );
#3842 = FACE_OUTER_BOUND ( 'NONE', #4246, .T. ) ;
#3843 = CARTESIAN_POINT ( 'NONE',  ( -1.750000000000003300, 0.0000000000000000000, 22.09999999999999800 ) ) ;
#3844 = ORIENTED_EDGE ( 'NONE', *, *, #3049, .T. ) ;
#3845 = DIRECTION ( 'NONE',  ( -1.000000000000000000, -0.0000000000000000000, -0.0000000000000000000 ) ) ;
#3846 = CARTESIAN_POINT ( 'NONE',  ( 0.0000000000000000000, 0.0000000000000000000, 25.00000000000000000 ) ) ;
#3847 = ORIENTED_EDGE ( 'NONE', *, *, #1778, .T. ) ;
#3848 = STYLED_ITEM ( 'NONE', ( #198 ), #2764 ) ;
#3849 = DIRECTION ( 'NONE',  ( 0.0000000000000000000, 0.0000000000000000000, 1.000000000000000000 ) ) ;
#3850 = ORIENTED_EDGE ( 'NONE', *, *, #1811, .T. ) ;
#3851 = DIRECTION ( 'NONE',  ( 2.567906592516316300E-032, 0.0000000000000000000, 1.000000000000000000 ) ) ;
#3852 = DIRECTION ( 'NONE',  ( -1.000000000000000000, -0.0000000000000000000, -0.0000000000000000000 ) ) ;
#3853 = PRESENTATION_STYLE_ASSIGNMENT (( #1596 ) ) ;
#3854 = EDGE_CURVE ( 'NONE', #764, #3516, #1428, .T. ) ;
#3855 =( NAMED_UNIT ( * ) SI_UNIT ( $, .STERADIAN. ) SOLID_ANGLE_UNIT ( ) );
#3856 = STYLED_ITEM ( 'NONE', ( #655 ), #5163 ) ;
#3857 = EDGE_CURVE ( 'NONE', #4298, #5795, #2682, .T. ) ;
#3858 = CARTESIAN_POINT ( 'NONE',  ( -3.500000000000003100, 0.0000000000000000000, 11.50000000000000400 ) ) ;
#3859 = CIRCLE ( 'NONE', #1955, 3.400000000000002100 ) ;
#3860 = LINE ( 'NONE', #1220, #3248 ) ;
#3861 = FILL_AREA_STYLE_COLOUR ( '', #2836 ) ;
#3862 = AXIS2_PLACEMENT_3D ( 'NONE', #5934, #639, #3512 ) ;
#3863 =( NAMED_UNIT ( * ) PLANE_ANGLE_UNIT ( ) SI_UNIT ( $, .RADIAN. ) );
#3864 = CARTESIAN_POINT ( 'NONE',  ( -92.50000000000001400, 0.0000000000000000000, 0.0000000000000000000 ) ) ;
#3865 = VECTOR ( 'NONE', #3016, 1000.000000000000000 ) ;
#3866 = ORIENTED_EDGE ( 'NONE', *, *, #4457, .F. ) ;
#3867 = DIRECTION ( 'NONE',  ( 0.0000000000000000000, 0.0000000000000000000, -1.000000000000000000 ) ) ;
#3869 = FILL_AREA_STYLE ('',( #5778 ) ) ;
#3868 = AXIS2_PLACEMENT_3D ( 'NONE', #5663, #2789, #6147 ) ;
#3870 =( GEOMETRIC_REPRESENTATION_CONTEXT ( 3 ) GLOBAL_UNCERTAINTY_ASSIGNED_CONTEXT ( ( #6179 ) ) GLOBAL_UNIT_ASSIGNED_CONTEXT ( ( #3709, #842, #4194 ) ) REPRESENTATION_CONTEXT ( 'NONE', 'WORKASPACE' ) );
#3871 = AXIS2_PLACEMENT_3D ( 'NONE', #4433, #1569, #4917 ) ;
#3872 = CARTESIAN_POINT ( 'NONE',  ( -7.499999999999994700, 5.449678256205721800E-016, -4.450000000000000200 ) ) ;
#3873 = ORIENTED_EDGE ( 'NONE', *, *, #5617, .F. ) ;
#3874 = FACE_OUTER_BOUND ( 'NONE', #1901, .T. ) ;
#3875 = TOROIDAL_SURFACE ( 'NONE', #275, 4.450000000000000200, 0.2000000000000000900 ) ;
#3876 = FACE_OUTER_BOUND ( 'NONE', #2121, .T. ) ;
#3877 = CARTESIAN_POINT ( 'NONE',  ( -8.000000000000005300, 0.0000000000000000000, -3.000000000000001300 ) ) ;
#3878 = EDGE_CURVE ( 'NONE', #3649, #3383, #5097, .T. ) ;
#3879 = DIRECTION ( 'NONE',  ( -1.000000000000000000, -0.0000000000000000000, -0.0000000000000000000 ) ) ;
#3880 = DIRECTION ( 'NONE',  ( -1.000000000000000000, -0.0000000000000000000, -0.0000000000000000000 ) ) ;
#3881 = EDGE_LOOP ( 'NONE', ( #3992, #4525, #3083, #2420 ) ) ;
#3882 =( NAMED_UNIT ( * ) PLANE_ANGLE_UNIT ( ) SI_UNIT ( $, .RADIAN. ) );
#3883 = DIRECTION ( 'NONE',  ( 0.0000000000000000000, 0.0000000000000000000, 1.000000000000000000 ) ) ;
#3884 = DIRECTION ( 'NONE',  ( -0.0000000000000000000, -0.0000000000000000000, -1.000000000000000000 ) ) ;
#3885 = UNCERTAINTY_MEASURE_WITH_UNIT (LENGTH_MEASURE( 1.000000000000000100E-005 ), #1410, 'distance_accuracy_value', 'NONE');
#3886 = FILL_AREA_STYLE ('',( #4363 ) ) ;
#3887 = PRESENTATION_LAYER_ASSIGNMENT (  '', '', ( #3574 ) ) ;
#3888 = FACE_OUTER_BOUND ( 'NONE', #3330, .T. ) ;
#3889 = DIRECTION ( 'NONE',  ( 0.0000000000000000000, 0.0000000000000000000, 1.000000000000000000 ) ) ;
#3890 = VERTEX_POINT ( 'NONE', #5923 ) ;
#3891 = FILL_AREA_STYLE_COLOUR ( '', #1879 ) ;
#3892 = MECHANICAL_DESIGN_GEOMETRIC_PRESENTATION_REPRESENTATION (  '', ( #2925 ), #4211 ) ;
#3893 = PRESENTATION_STYLE_ASSIGNMENT (( #2571 ) ) ;
#3894 = AXIS2_PLACEMENT_3D ( 'NONE', #4992, #2120, #5470 ) ;
#3895 = EDGE_LOOP ( 'NONE', ( #3385, #4349 ) ) ;
#3896 = SURFACE_STYLE_USAGE ( .BOTH. , #543 ) ;
#3897 = SHAPE_DEFINITION_REPRESENTATION ( #5135, #2981 ) ;
#3898 = DIRECTION ( 'NONE',  ( 0.0000000000000000000, 0.0000000000000000000, 1.000000000000000000 ) ) ;
#3899 = LINE ( 'NONE', #3791, #2616 ) ;
#3900 =( NAMED_UNIT ( * ) SI_UNIT ( $, .STERADIAN. ) SOLID_ANGLE_UNIT ( ) );
#3901 = DIRECTION ( 'NONE',  ( -1.000000000000000000, 0.0000000000000000000, -0.0000000000000000000 ) ) ;
#3902 = SURFACE_STYLE_USAGE ( .BOTH. , #554 ) ;
#3903 = ORIENTED_EDGE ( 'NONE', *, *, #481, .F. ) ;
#3904 = ORIENTED_EDGE ( 'NONE', *, *, #3333, .T. ) ;
#3905 = EDGE_CURVE ( 'NONE', #1453, #3373, #3811, .T. ) ;
#3906 = ADVANCED_FACE ( 'NONE', ( #6211 ), #813, .F. ) ;
#3907 = CARTESIAN_POINT ( 'NONE',  ( -10.63999999999999700, 5.449678256205722800E-016, -4.450000000000001100 ) ) ;
#3908 =( NAMED_UNIT ( * ) PLANE_ANGLE_UNIT ( ) SI_UNIT ( $, .RADIAN. ) );
#3909 = ORIENTED_EDGE ( 'NONE', *, *, #1620, .F. ) ;
#3910 = EDGE_LOOP ( 'NONE', ( #6039, #2702, #3188, #3760 ) ) ;
#3911 = DIRECTION ( 'NONE',  ( -1.000000000000000000, 0.0000000000000000000, 2.567906592516316300E-032 ) ) ;
#3912 = TOROIDAL_SURFACE ( 'NONE', #943, 4.450000000000000200, 0.2000000000000000900 ) ;
#3913 = UNCERTAINTY_MEASURE_WITH_UNIT (LENGTH_MEASURE( 1.000000000000000100E-005 ), #183, 'distance_accuracy_value', 'NONE');
#3914 = AXIS2_PLACEMENT_3D ( 'NONE', #4098, #1244, #4576 ) ;
#3915 = DIRECTION ( 'NONE',  ( 0.0000000000000000000, 0.0000000000000000000, 1.000000000000000000 ) ) ;
#3916 = ORIENTED_EDGE ( 'NONE', *, *, #4856, .F. ) ;
#3917 = DIRECTION ( 'NONE',  ( -1.000000000000000000, -0.0000000000000000000, -0.0000000000000000000 ) ) ;
#3918 = ORIENTED_EDGE ( 'NONE', *, *, #5563, .F. ) ;
#3919 = ORIENTED_EDGE ( 'NONE', *, *, #5025, .T. ) ;
#3920 = CARTESIAN_POINT ( 'NONE',  ( -8.219999999999991800, 0.0000000000000000000, 0.0000000000000000000 ) ) ;
#3921 = AXIS2_PLACEMENT_3D ( 'NONE', #2905, #38, #3380 ) ;
#3922 = DIRECTION ( 'NONE',  ( -1.000000000000000000, -0.0000000000000000000, -0.0000000000000000000 ) ) ;
#3923 = DIRECTION ( 'NONE',  ( -1.000000000000000000, -0.0000000000000000000, -0.0000000000000000000 ) ) ;
#3924 = CARTESIAN_POINT ( 'NONE',  ( -102.6292860697262900, 0.0000000000000000000, 4.250000000000000000 ) ) ;
#3925 = DIRECTION ( 'NONE',  ( -1.000000000000000000, -0.0000000000000000000, -0.0000000000000000000 ) ) ;
#3926 = FILL_AREA_STYLE ('',( #18 ) ) ;
#3927 = UNCERTAINTY_MEASURE_WITH_UNIT (LENGTH_MEASURE( 1.000000000000000100E-005 ), #50, 'distance_accuracy_value', 'NONE');
#3928 =( GEOMETRIC_REPRESENTATION_CONTEXT ( 3 ) GLOBAL_UNCERTAINTY_ASSIGNED_CONTEXT ( ( #2947 ) ) GLOBAL_UNIT_ASSIGNED_CONTEXT ( ( #1660, #5007, #2129 ) ) REPRESENTATION_CONTEXT ( 'NONE', 'WORKASPACE' ) );
#3929 = DIRECTION ( 'NONE',  ( -1.000000000000000000, -0.0000000000000000000, -0.0000000000000000000 ) ) ;
#3930 = FACE_OUTER_BOUND ( 'NONE', #5546, .T. ) ;
#3931 = EDGE_CURVE ( 'NONE', #2191, #1827, #5760, .T. ) ;
#3932 = DIRECTION ( 'NONE',  ( -1.000000000000000000, -0.0000000000000000000, -0.0000000000000000000 ) ) ;
#3933 = CARTESIAN_POINT ( 'NONE',  ( -10.99999999999999600, 0.0000000000000000000, 1.000000000000032000 ) ) ;
#3934 = EDGE_CURVE ( 'NONE', #3840, #2446, #4488, .T. ) ;
#3935 = COLOUR_RGB ( '',0.1098039215686274500, 0.1098039215686274500, 0.1098039215686274500 ) ;
#3936 = AXIS2_PLACEMENT_3D ( 'NONE', #702, #4052, #1199 ) ;
#3937 = AXIS2_PLACEMENT_3D ( 'NONE', #962, #2872, #14 ) ;
#3938 = EDGE_CURVE ( 'NONE', #2349, #4790, #1945, .T. ) ;
#3939 = AXIS2_PLACEMENT_3D ( 'NONE', #2589, #5955, #3079 ) ;
#3940 = DIRECTION ( 'NONE',  ( 0.0000000000000000000, -1.000000000000000000, 0.0000000000000000000 ) ) ;
#3941 = SURFACE_STYLE_FILL_AREA ( #3004 ) ;
#3942 = PRESENTATION_STYLE_ASSIGNMENT (( #2255 ) ) ;
#3943 = CIRCLE ( 'NONE', #5102, 5.199999999999999300 ) ;
#3944 = DIRECTION ( 'NONE',  ( 0.0000000000000000000, 0.0000000000000000000, 1.000000000000000000 ) ) ;
#3945 = DIRECTION ( 'NONE',  ( 0.0000000000000000000, 0.0000000000000000000, 1.000000000000000000 ) ) ;
#3946 = EDGE_CURVE ( 'NONE', #1807, #5061, #3200, .T. ) ;
#3947 = VERTEX_POINT ( 'NONE', #5507 ) ;
#3948 = PRESENTATION_LAYER_ASSIGNMENT (  '', '', ( #2336 ) ) ;
#3949 = VERTEX_POINT ( 'NONE', #1708 ) ;
#3950 = CARTESIAN_POINT ( 'NONE',  ( -14.15999999999999300, 0.0000000000000000000, 4.450000000000001100 ) ) ;
#3951 = FILL_AREA_STYLE_COLOUR ( '', #634 ) ;
#3952 = ORIENTED_EDGE ( 'NONE', *, *, #3816, .T. ) ;
#3953 = ORIENTED_EDGE ( 'NONE', *, *, #1788, .F. ) ;
#3954 = FACE_OUTER_BOUND ( 'NONE', #3138, .T. ) ;
#3956 = SURFACE_STYLE_FILL_AREA ( #3788 ) ;
#3955 = AXIS2_PLACEMENT_3D ( 'NONE', #1687, #5036, #2160 ) ;
#3957 = FACE_OUTER_BOUND ( 'NONE', #4937, .T. ) ;
#3958 = MECHANICAL_DESIGN_GEOMETRIC_PRESENTATION_REPRESENTATION (  '', ( #3308 ), #4282 ) ;
#3959 = ORIENTED_EDGE ( 'NONE', *, *, #5266, .F. ) ;
#3960 = SURFACE_STYLE_FILL_AREA ( #3704 ) ;
#3961 = PRESENTATION_STYLE_ASSIGNMENT (( #5393 ) ) ;
#3962 = SURFACE_STYLE_USAGE ( .BOTH. , #603 ) ;
#3963 = UNCERTAINTY_MEASURE_WITH_UNIT (LENGTH_MEASURE( 1.000000000000000100E-005 ), #421, 'distance_accuracy_value', 'NONE');
#3964 = EDGE_CURVE ( 'NONE', #3890, #1118, #4345, .T. ) ;
#3965 = PLANE ( 'NONE',  #1075 ) ;
#3966 = CIRCLE ( 'NONE', #1392, 1.311199880360261800 ) ;
#3967 = UNCERTAINTY_MEASURE_WITH_UNIT (LENGTH_MEASURE( 1.000000000000000100E-005 ), #4074, 'distance_accuracy_value', 'NONE');
#3968 = ORIENTED_EDGE ( 'NONE', *, *, #3658, .T. ) ;
#3969 = CARTESIAN_POINT ( 'NONE',  ( -12.13999999999999700, 0.0000000000000000000, 0.0000000000000000000 ) ) ;
#3970 = CARTESIAN_POINT ( 'NONE',  ( -11.99999999999999600, 1.224646799147392700E-016, -1.000000000000032200 ) ) ;
#3971 = LINE ( 'NONE', #2243, #1127 ) ;
#3972 = ORIENTED_EDGE ( 'NONE', *, *, #114, .F. ) ;
#3973 = SURFACE_STYLE_USAGE ( .BOTH. , #616 ) ;
#3974 = VERTEX_POINT ( 'NONE', #4547 ) ;
#3975 = FILL_AREA_STYLE_COLOUR ( '', #1958 ) ;
#3976 = DIRECTION ( 'NONE',  ( -1.000000000000000000, -0.0000000000000000000, -0.0000000000000000000 ) ) ;
#3977 = PRESENTATION_STYLE_ASSIGNMENT (( #2916 ) ) ;
#3978 =( NAMED_UNIT ( * ) PLANE_ANGLE_UNIT ( ) SI_UNIT ( $, .RADIAN. ) );
#3979 = EDGE_CURVE ( 'NONE', #431, #2214, #3056, .T. ) ;
#3980 = TOROIDAL_SURFACE ( 'NONE', #4804, 5.200000000000001100, 0.1999999999999992300 ) ;
#3981 = CARTESIAN_POINT ( 'NONE',  ( -123.0434319239197500, 0.0000000000000000000, 0.0000000000000000000 ) ) ;
#3982 = ORIENTED_EDGE ( 'NONE', *, *, #3289, .F. ) ;
#3983 = AXIS2_PLACEMENT_3D ( 'NONE', #5171, #6155, #3277 ) ;
#3984 = EDGE_CURVE ( 'NONE', #2045, #4298, #5602, .T. ) ;
#3985 = ORIENTED_EDGE ( 'NONE', *, *, #5617, .T. ) ;
#3986 = EDGE_CURVE ( 'NONE', #3383, #3649, #670, .T. ) ;
#3987 = CARTESIAN_POINT ( 'NONE',  ( -9.719999999999991800, 5.449678256205722800E-016, -4.450000000000001100 ) ) ;
#3988 = DIRECTION ( 'NONE',  ( -1.000000000000000000, -0.0000000000000000000, -0.0000000000000000000 ) ) ;
#3989 = CARTESIAN_POINT ( 'NONE',  ( 0.0000000000000000000, 0.0000000000000000000, 6.000000000000042600 ) ) ;
#3990 = DIRECTION ( 'NONE',  ( 0.0000000000000000000, 0.0000000000000000000, -1.000000000000000000 ) ) ;
#3991 = ORIENTED_EDGE ( 'NONE', *, *, #2451, .T. ) ;
#3992 = ORIENTED_EDGE ( 'NONE', *, *, #5029, .F. ) ;
#3993 = AXIS2_PLACEMENT_3D ( 'NONE', #2558, #5921, #3052 ) ;
#3994 = DIRECTION ( 'NONE',  ( -1.000000000000000000, -0.0000000000000000000, -0.0000000000000000000 ) ) ;
#3995 = FACE_OUTER_BOUND ( 'NONE', #2425, .T. ) ;
#3996 = ADVANCED_FACE ( 'NONE', ( #510 ), #1343, .T. ) ;
#3997 = ORIENTED_EDGE ( 'NONE', *, *, #2022, .F. ) ;
#3998 = FILL_AREA_STYLE_COLOUR ( '', #947 ) ;
#3999 = DIRECTION ( 'NONE',  ( -1.000000000000000000, -0.0000000000000000000, -0.0000000000000000000 ) ) ;
#4000 = PRESENTATION_STYLE_ASSIGNMENT (( #5883 ) ) ;
#4001 = VERTEX_POINT ( 'NONE', #4635 ) ;
#4002 = ORIENTED_EDGE ( 'NONE', *, *, #2911, .F. ) ;
#4003 = FILL_AREA_STYLE ('',( #1140 ) ) ;
#4004 = ADVANCED_FACE ( 'NONE', ( #5015 ), #3586, .T. ) ;
#4005 = CARTESIAN_POINT ( 'NONE',  ( -8.419999999999996400, 0.0000000000000000000, 0.0000000000000000000 ) ) ;
#4006 = ORIENTED_EDGE ( 'NONE', *, *, #6191, .T. ) ;
#4007 = DIRECTION ( 'NONE',  ( 0.0000000000000000000, 0.0000000000000000000, 1.000000000000000000 ) ) ;
#4008 = CARTESIAN_POINT ( 'NONE',  ( -13.96000000000000100, 0.0000000000000000000, 5.400000000000000400 ) ) ;
#4009 =( NAMED_UNIT ( * ) PLANE_ANGLE_UNIT ( ) SI_UNIT ( $, .RADIAN. ) );
#4010 = AXIS2_PLACEMENT_3D ( 'NONE', #2333, #5680, #2809 ) ;
#4011 =( NAMED_UNIT ( * ) SI_UNIT ( $, .STERADIAN. ) SOLID_ANGLE_UNIT ( ) );
#4012 = PRESENTATION_STYLE_ASSIGNMENT (( #4685 ) ) ;
#4013 = AXIS2_PLACEMENT_3D ( 'NONE', #4397, #1532, #4883 ) ;
#4015 = CARTESIAN_POINT ( 'NONE',  ( -91.50000000000000000, 2.204364238465284600E-016, -1.800000000000039800 ) ) ;
#4014 =( GEOMETRIC_REPRESENTATION_CONTEXT ( 3 ) GLOBAL_UNCERTAINTY_ASSIGNED_CONTEXT ( ( #3353 ) ) GLOBAL_UNIT_ASSIGNED_CONTEXT ( ( #5717, #2842, #6207 ) ) REPRESENTATION_CONTEXT ( 'NONE', 'WORKASPACE' ) );
#4016 = CYLINDRICAL_SURFACE ( 'NONE', #3276, 1.400000000000031400 ) ;
#4017 = CIRCLE ( 'NONE', #3528, 0.1999999999999996500 ) ;
#4018 = EDGE_CURVE ( 'NONE', #395, #5557, #4875, .T. ) ;
#4019 = COLOUR_RGB ( '',0.1098039215686274500, 0.1098039215686274500, 0.1098039215686274500 ) ;
#4020 =( NAMED_UNIT ( * ) PLANE_ANGLE_UNIT ( ) SI_UNIT ( $, .RADIAN. ) );
#4021 = TOROIDAL_SURFACE ( 'NONE', #1476, 5.200000000000001100, 0.1999999999999992300 ) ;
#4022 = ORIENTED_EDGE ( 'NONE', *, *, #819, .T. ) ;
#4023 = SURFACE_SIDE_STYLE ('',( #3376 ) ) ;
#4024 = CARTESIAN_POINT ( 'NONE',  ( -6.999999999999993800, 7.347880794884120700E-016, -6.000000000000000900 ) ) ;
#4025 = DIRECTION ( 'NONE',  ( 0.0000000000000000000, 0.0000000000000000000, 1.000000000000000000 ) ) ;
#4026 = ORIENTED_EDGE ( 'NONE', *, *, #4601, .F. ) ;
#4027 = PRESENTATION_LAYER_ASSIGNMENT (  '', '', ( #3054 ) ) ;
#4028 = FACE_OUTER_BOUND ( 'NONE', #3558, .T. ) ;
#4029 = DIRECTION ( 'NONE',  ( -0.0000000000000000000, -0.0000000000000000000, -1.000000000000000000 ) ) ;
#4030 = EDGE_CURVE ( 'NONE', #1872, #5423, #6127, .T. ) ;
#4031 = DIRECTION ( 'NONE',  ( 1.000000000000000000, 0.0000000000000000000, 0.0000000000000000000 ) ) ;
#4032 =( GEOMETRIC_REPRESENTATION_CONTEXT ( 3 ) GLOBAL_UNCERTAINTY_ASSIGNED_CONTEXT ( ( #6187 ) ) GLOBAL_UNIT_ASSIGNED_CONTEXT ( ( #197, #3548, #682 ) ) REPRESENTATION_CONTEXT ( 'NONE', 'WORKASPACE' ) );
#4033 = DIRECTION ( 'NONE',  ( -1.000000000000000000, -0.0000000000000000000, -0.0000000000000000000 ) ) ;
#4034 = DIRECTION ( 'NONE',  ( 0.0000000000000000000, 0.0000000000000000000, 1.000000000000000000 ) ) ;
#4035 = SURFACE_STYLE_USAGE ( .BOTH. , #686 ) ;
#4036 =( NAMED_UNIT ( * ) SI_UNIT ( $, .STERADIAN. ) SOLID_ANGLE_UNIT ( ) );
#4037 = ADVANCED_FACE ( 'NONE', ( #1206, #3728 ), #2714, .F. ) ;
#4038 = EDGE_LOOP ( 'NONE', ( #1234, #1824 ) ) ;
#4039 = STYLED_ITEM ( 'NONE', ( #679 ), #4193 ) ;
#4040 = PRODUCT_DEFINITION_SHAPE ( 'NONE', 'NONE',  #1586 ) ;
#4041 = AXIS2_PLACEMENT_3D ( 'NONE', #2762, #6121, #3243 ) ;
#4042 = FILL_AREA_STYLE ('',( #2577 ) ) ;
#4043 = CARTESIAN_POINT ( 'NONE',  ( -16.17999999999999600, 0.0000000000000000000, 5.200000000000001100 ) ) ;
#4044 = DIRECTION ( 'NONE',  ( -0.0000000000000000000, -0.0000000000000000000, 1.000000000000000000 ) ) ;
#4045 = SURFACE_STYLE_FILL_AREA ( #2107 ) ;
#4046 =( GEOMETRIC_REPRESENTATION_CONTEXT ( 3 ) GLOBAL_UNCERTAINTY_ASSIGNED_CONTEXT ( ( #5823 ) ) GLOBAL_UNIT_ASSIGNED_CONTEXT ( ( #4185, #1325, #4668 ) ) REPRESENTATION_CONTEXT ( 'NONE', 'WORKASPACE' ) );
#4047 = TOROIDAL_SURFACE ( 'NONE', #3237, 1.225703555739712200, 0.4999999999999996700 ) ;
#4048 = EDGE_LOOP ( 'NONE', ( #2665, #3125, #2676, #3009 ) ) ;
#4049 = SURFACE_STYLE_USAGE ( .BOTH. , #696 ) ;
#4050 = SURFACE_STYLE_USAGE ( .BOTH. , #697 ) ;
#4051 = CARTESIAN_POINT ( 'NONE',  ( 16.76780214648576700, 64.68143102510526900, 64.76094049792376900 ) ) ;
#4052 = DIRECTION ( 'NONE',  ( -1.000000000000000000, -0.0000000000000000000, -0.0000000000000000000 ) ) ;
#4053 = AXIS2_PLACEMENT_3D ( 'NONE', #2986, #125, #3467 ) ;
#4054 = DIRECTION ( 'NONE',  ( 0.0000000000000000000, 0.0000000000000000000, 1.000000000000000000 ) ) ;
#4055 = DIRECTION ( 'NONE',  ( -1.000000000000000000, -0.0000000000000000000, -0.0000000000000000000 ) ) ;
#4056 = FILL_AREA_STYLE ('',( #5373 ) ) ;
#4057 = CIRCLE ( 'NONE', #299, 5.400000000000000400 ) ;
#4058 = CARTESIAN_POINT ( 'NONE',  ( -123.0434319239197500, 0.0000000000000000000, 0.6000000000000301800 ) ) ;
#4059 = ORIENTED_EDGE ( 'NONE', *, *, #1372, .T. ) ;
#4060 = ORIENTED_EDGE ( 'NONE', *, *, #4581, .F. ) ;
#4061 =( LENGTH_UNIT ( ) NAMED_UNIT ( * ) SI_UNIT ( .MILLI., .METRE. ) );
#4062 = EDGE_CURVE ( 'NONE', #5182, #2813, #67, .T. ) ;
#4063 = AXIS2_PLACEMENT_3D ( 'NONE', #5864, #2999, #147 ) ;
#4064 = UNCERTAINTY_MEASURE_WITH_UNIT (LENGTH_MEASURE( 1.000000000000000100E-005 ), #1812, 'distance_accuracy_value', 'NONE');
#4065 = VERTEX_POINT ( 'NONE', #6088 ) ;
#4066 = AXIS2_PLACEMENT_3D ( 'NONE', #4219, #1360, #4709 ) ;
#4067 = EDGE_CURVE ( 'NONE', #2250, #5061, #5982, .T. ) ;
#4068 =( GEOMETRIC_REPRESENTATION_CONTEXT ( 3 ) GLOBAL_UNCERTAINTY_ASSIGNED_CONTEXT ( ( #1062 ) ) GLOBAL_UNIT_ASSIGNED_CONTEXT ( ( #3372, #507, #3855 ) ) REPRESENTATION_CONTEXT ( 'NONE', 'WORKASPACE' ) );
#4069 = ORIENTED_EDGE ( 'NONE', *, *, #2103, .T. ) ;
#4070 = ADVANCED_FACE ( 'NONE', ( #2298 ), #1728, .T. ) ;
#4071 = DIRECTION ( 'NONE',  ( -1.000000000000000000, -0.0000000000000000000, -0.0000000000000000000 ) ) ;
#4072 = CYLINDRICAL_SURFACE ( 'NONE', #5467, 2.600000000000013000 ) ;
#4073 = STYLED_ITEM ( 'NONE', ( #4738 ), #304 ) ;
#4074 =( LENGTH_UNIT ( ) NAMED_UNIT ( * ) SI_UNIT ( .MILLI., .METRE. ) );
#4075 = DIRECTION ( 'NONE',  ( -0.0000000000000000000, -0.0000000000000000000, -1.000000000000000000 ) ) ;
#4076 = EDGE_LOOP ( 'NONE', ( #2014, #3629, #6071, #996 ) ) ;
#4077 = APPLICATION_CONTEXT ( 'automotive_design' ) ;
#4078 = AXIS2_PLACEMENT_3D ( 'NONE', #1953, #5307, #2044 ) ;
#4079 = STYLED_ITEM ( 'NONE', ( #37 ), #5716 ) ;
#4080 = CARTESIAN_POINT ( 'NONE',  ( 0.0000000000000000000, 0.0000000000000000000, 22.50000000000000000 ) ) ;
#4081 = EDGE_LOOP ( 'NONE', ( #989, #3382, #1462, #3616 ) ) ;
#4082 = AXIS2_PLACEMENT_3D ( 'NONE', #1914, #505, #3851 ) ;
#4083 = UNCERTAINTY_MEASURE_WITH_UNIT (LENGTH_MEASURE( 1.000000000000000100E-005 ), #4965, 'distance_accuracy_value', 'NONE');
#4084 = ORIENTED_EDGE ( 'NONE', *, *, #1085, .F. ) ;
#4085 = EDGE_CURVE ( 'NONE', #1242, #2106, #2975, .T. ) ;
#4086 = CARTESIAN_POINT ( 'NONE',  ( -12.13999999999999900, 0.0000000000000000000, 0.0000000000000000000 ) ) ;
#4087 = DIRECTION ( 'NONE',  ( -1.000000000000000000, -0.0000000000000000000, -0.0000000000000000000 ) ) ;
#4088 = CARTESIAN_POINT ( 'NONE',  ( -10.43999999999999100, 0.0000000000000000000, 4.250000000000000000 ) ) ;
#4089 = CARTESIAN_POINT ( 'NONE',  ( -18.59999999999999100, 0.0000000000000000000, 0.0000000000000000000 ) ) ;
#4090 = DIRECTION ( 'NONE',  ( 0.0000000000000000000, -1.000000000000000000, 0.0000000000000000000 ) ) ;
#4091 = PRODUCT ( 'Тело15', 'Тело15', '', ( #2656 ) ) ;
#4093 = CIRCLE ( 'NONE', #920, 3.000000000000001300 ) ;
#4092 = DIRECTION ( 'NONE',  ( 0.0000000000000000000, 0.0000000000000000000, 1.000000000000000000 ) ) ;
#4094 = SURFACE_STYLE_FILL_AREA ( #4577 ) ;
#4095 = PRESENTATION_STYLE_ASSIGNMENT (( #3973 ) ) ;
#4096 = APPLICATION_CONTEXT ( 'automotive_design' ) ;
#4097 =( GEOMETRIC_REPRESENTATION_CONTEXT ( 3 ) GLOBAL_UNCERTAINTY_ASSIGNED_CONTEXT ( ( #90 ) ) GLOBAL_UNIT_ASSIGNED_CONTEXT ( ( #3137, #268, #3628 ) ) REPRESENTATION_CONTEXT ( 'NONE', 'WORKASPACE' ) );
#4098 = CARTESIAN_POINT ( 'NONE',  ( -14.87999999999999000, 0.0000000000000000000, 0.0000000000000000000 ) ) ;
#4099 = DIRECTION ( 'NONE',  ( -1.000000000000000000, -0.0000000000000000000, -0.0000000000000000000 ) ) ;
#4100 = ADVANCED_FACE ( 'NONE', ( #4255, #433 ), #1821, .F. ) ;
#4101 = CIRCLE ( 'NONE', #3403, 2.000000000000000000 ) ;
#4102 = CIRCLE ( 'NONE', #402, 5.500000000000001800 ) ;
#4103 = ORIENTED_EDGE ( 'NONE', *, *, #1378, .F. ) ;
#4105 = DIRECTION ( 'NONE',  ( -1.000000000000000000, 0.0000000000000000000, -0.0000000000000000000 ) ) ;
#4104 = AXIS2_PLACEMENT_3D ( 'NONE', #4612, #1756, #5105 ) ;
#4106 = VERTEX_POINT ( 'NONE', #5808 ) ;
#4107 = FILL_AREA_STYLE ('',( #3600 ) ) ;
#4108 = VERTEX_POINT ( 'NONE', #4887 ) ;
#4109 = CIRCLE ( 'NONE', #1330, 0.5000000000000002200 ) ;
#4110 = TOROIDAL_SURFACE ( 'NONE', #4339, 4.450000000000000200, 0.2000000000000000900 ) ;
#4111 = EDGE_CURVE ( 'NONE', #828, #4106, #584, .T. ) ;
#4112 = CARTESIAN_POINT ( 'NONE',  ( -8.419999999999994600, 0.0000000000000000000, -5.199999999999999300 ) ) ;
#4113 = ORIENTED_EDGE ( 'NONE', *, *, #403, .F. ) ;
#4114 = DIRECTION ( 'NONE',  ( 0.0000000000000000000, -1.000000000000000000, 0.0000000000000000000 ) ) ;
#4115 = FACE_OUTER_BOUND ( 'NONE', #3622, .T. ) ;
#4116 = TOROIDAL_SURFACE ( 'NONE', #822, 1.700000000000023500, 0.5000000000000002200 ) ;
#4117 = STYLED_ITEM ( 'NONE', ( #5876 ), #802 ) ;
#4118 = APPLICATION_PROTOCOL_DEFINITION ( 'draft international standard', 'automotive_design', 1998, #772 ) ;
#4119 = ORIENTED_EDGE ( 'NONE', *, *, #4593, .T. ) ;
#4120 =( GEOMETRIC_REPRESENTATION_CONTEXT ( 3 ) GLOBAL_UNCERTAINTY_ASSIGNED_CONTEXT ( ( #4471 ) ) GLOBAL_UNIT_ASSIGNED_CONTEXT ( ( #4256, #1399, #4747 ) ) REPRESENTATION_CONTEXT ( 'NONE', 'WORKASPACE' ) );
#4121 = CIRCLE ( 'NONE', #4228, 3.500000000000003100 ) ;
#4122 = PRESENTATION_STYLE_ASSIGNMENT (( #5057 ) ) ;
#4123 = VERTEX_POINT ( 'NONE', #1535 ) ;
#4124 = ORIENTED_EDGE ( 'NONE', *, *, #5943, .F. ) ;
#4125 = ADVANCED_FACE ( 'NONE', ( #5533 ), #290, .T. ) ;
#4126 = DIRECTION ( 'NONE',  ( -1.000000000000000000, -0.0000000000000000000, -0.0000000000000000000 ) ) ;
#4127 = FILL_AREA_STYLE_COLOUR ( '', #5460 ) ;
#4128 = EDGE_LOOP ( 'NONE', ( #4884, #135, #4634, #2668 ) ) ;
#4129 = CARTESIAN_POINT ( 'NONE',  ( -8.000000000000007100, 0.0000000000000000000, 0.0000000000000000000 ) ) ;
#4130 = DIRECTION ( 'NONE',  ( 0.0000000000000000000, 0.0000000000000000000, 1.000000000000000000 ) ) ;
#4131 = ORIENTED_EDGE ( 'NONE', *, *, #2642, .F. ) ;
#4132 = CARTESIAN_POINT ( 'NONE',  ( 0.0000000000000000000, 0.0000000000000000000, 26.58039577114311000 ) ) ;
#4133 =( REPRESENTATION_RELATIONSHIP ('NONE','NONE', #918, #5064 ) REPRESENTATION_RELATIONSHIP_WITH_TRANSFORMATION ( #6000 )SHAPE_REPRESENTATION_RELATIONSHIP( ) );
#4134 = SURFACE_STYLE_FILL_AREA ( #4914 ) ;
#4135 = ADVANCED_FACE ( 'NONE', ( #5382 ), #4116, .T. ) ;
#4136 = AXIS2_PLACEMENT_3D ( 'NONE', #5719, #2846, #6212 ) ;
#4137 = CARTESIAN_POINT ( 'NONE',  ( -1.650000000000003900, 0.0000000000000000000, 22.39999999999999900 ) ) ;
#4138 = EDGE_CURVE ( 'NONE', #4298, #2045, #2822, .T. ) ;
#4139 = ORIENTED_EDGE ( 'NONE', *, *, #2057, .F. ) ;
#4140 = DIRECTION ( 'NONE',  ( -0.0000000000000000000, 0.0000000000000000000, 1.000000000000000000 ) ) ;
#4141 = STYLED_ITEM ( 'NONE', ( #117 ), #5839 ) ;
#4142 = COLOUR_RGB ( '',0.1098039215686274500, 0.1098039215686274500, 0.1098039215686274500 ) ;
#4143 = ORIENTED_EDGE ( 'NONE', *, *, #4839, .T. ) ;
#4144 = PLANE ( 'NONE',  #5407 ) ;
#4145 = PRODUCT_RELATED_PRODUCT_CATEGORY ( 'part', '', ( #5537 ) ) ;
#4146 = EDGE_LOOP ( 'NONE', ( #5889, #3212, #2182, #5936 ) ) ;
#4147 = DIRECTION ( 'NONE',  ( 0.0000000000000000000, 0.0000000000000000000, 1.000000000000000000 ) ) ;
#4148 = CIRCLE ( 'NONE', #4191, 0.5000000000000002200 ) ;
#4149 = EDGE_CURVE ( 'NONE', #420, #4277, #1568, .T. ) ;
#4150 = VERTEX_POINT ( 'NONE', #1071 ) ;
#4151 =( GEOMETRIC_REPRESENTATION_CONTEXT ( 3 ) GLOBAL_UNCERTAINTY_ASSIGNED_CONTEXT ( ( #2192 ) ) GLOBAL_UNIT_ASSIGNED_CONTEXT ( ( #5818, #2942, #89 ) ) REPRESENTATION_CONTEXT ( 'NONE', 'WORKASPACE' ) );
#4152 = CARTESIAN_POINT ( 'NONE',  ( -14.15999999999999100, 0.0000000000000000000, 0.0000000000000000000 ) ) ;
#4153 = STYLED_ITEM ( 'NONE', ( #1041 ), #4070 ) ;
#4154 = ORIENTED_EDGE ( 'NONE', *, *, #3666, .T. ) ;
#4155 = SURFACE_STYLE_USAGE ( .BOTH. , #806 ) ;
#4156 = AXIS2_PLACEMENT_3D ( 'NONE', #5232, #2351, #5702 ) ;
#4157 = COLOUR_RGB ( '',0.1098039215686274500, 0.1098039215686274500, 0.1098039215686274500 ) ;
#4158 = CARTESIAN_POINT ( 'NONE',  ( 1.410652069897088600, 1.727550542110058000E-016, 22.59999999999999800 ) ) ;
#4159 = VECTOR ( 'NONE', #6189, 1000.000000000000000 ) ;
#4160 = VECTOR ( 'NONE', #2472, 1000.000000000000000 ) ;
#4161 = ORIENTED_EDGE ( 'NONE', *, *, #3435, .T. ) ;
#4162 = ADVANCED_FACE ( 'NONE', ( #1423 ), #2100, .T. ) ;
#4163 = FILL_AREA_STYLE ('',( #2234 ) ) ;
#4164 =( LENGTH_UNIT ( ) NAMED_UNIT ( * ) SI_UNIT ( .MILLI., .METRE. ) );
#4165 = DIRECTION ( 'NONE',  ( 0.0000000000000000000, 0.0000000000000000000, 1.000000000000000000 ) ) ;
#4166 = DIRECTION ( 'NONE',  ( -1.000000000000000000, 0.0000000000000000000, 0.0000000000000000000 ) ) ;
#4167 = LINE ( 'NONE', #208, #343 ) ;
#4168 = VECTOR ( 'NONE', #1114, 1000.000000000000000 ) ;
#4169 = SURFACE_STYLE_FILL_AREA ( #2901 ) ;
#4170 = EDGE_LOOP ( 'NONE', ( #2928, #5634, #5046, #2604 ) ) ;
#4171 = PRESENTATION_LAYER_ASSIGNMENT (  '', '', ( #3848 ) ) ;
#4172 = CARTESIAN_POINT ( 'NONE',  ( -102.6292860697262900, 5.204748896376250700E-016, -4.250000000000000000 ) ) ;
#4173 = VERTEX_POINT ( 'NONE', #3950 ) ;
#4174 = CARTESIAN_POINT ( 'NONE',  ( -12.99999999999999800, 0.0000000000000000000, 0.0000000000000000000 ) ) ;
#4175 = EDGE_CURVE ( 'NONE', #3437, #2258, #3209, .T. ) ;
#4176 = ORIENTED_EDGE ( 'NONE', *, *, #231, .F. ) ;
#4177 = AXIS2_PLACEMENT_3D ( 'NONE', #2174, #253, #5526 ) ;
#4178 = EDGE_CURVE ( 'NONE', #2627, #1233, #824, .T. ) ;
#4179 = DIRECTION ( 'NONE',  ( -1.000000000000000000, -0.0000000000000000000, -0.0000000000000000000 ) ) ;
#4180 = EDGE_LOOP ( 'NONE', ( #1007, #3121, #1073, #4103 ) ) ;
#4181 = SURFACE_STYLE_FILL_AREA ( #1651 ) ;
#4182 = PRESENTATION_STYLE_ASSIGNMENT (( #2694 ) ) ;
#4183 = CARTESIAN_POINT ( 'NONE',  ( -119.4151686832445000, 0.0000000000000000000, 0.0000000000000000000 ) ) ;
#4185 =( LENGTH_UNIT ( ) NAMED_UNIT ( * ) SI_UNIT ( .MILLI., .METRE. ) );
#4184 = CARTESIAN_POINT ( 'NONE',  ( -123.0434319239197500, 0.0000000000000000000, 2.500000000000000000 ) ) ;
#4186 = AXIS2_PLACEMENT_3D ( 'NONE', #3068, #3994, #2091 ) ;
#4187 = CARTESIAN_POINT ( 'NONE',  ( -13.06000000000000200, 0.0000000000000000000, 0.0000000000000000000 ) ) ;
#4188 = FACE_BOUND ( 'NONE', #5587, .T. ) ;
#4189 = AXIS2_PLACEMENT_3D ( 'NONE', #3742, #2766, #3251 ) ;
#4190 = PRESENTATION_LAYER_ASSIGNMENT (  '', '', ( #5154 ) ) ;
#4191 = AXIS2_PLACEMENT_3D ( 'NONE', #1590, #4939, #2062 ) ;
#4192 = SURFACE_STYLE_USAGE ( .BOTH. , #839 ) ;
#4193 = ADVANCED_FACE ( 'NONE', ( #5771 ), #5165, .T. ) ;
#4194 =( NAMED_UNIT ( * ) SI_UNIT ( $, .STERADIAN. ) SOLID_ANGLE_UNIT ( ) );
#4195 = LINE ( 'NONE', #3026, #5326 ) ;
#4196 = EDGE_LOOP ( 'NONE', ( #454, #1731, #929, #3496 ) ) ;
#4197 = CARTESIAN_POINT ( 'NONE',  ( -15.07999999999999700, 0.0000000000000000000, 0.0000000000000000000 ) ) ;
#4198 = EDGE_CURVE ( 'NONE', #1960, #766, #228, .T. ) ;
#4199 = CARTESIAN_POINT ( 'NONE',  ( -93.00000000000000000, 1.714505518806341200E-016, -1.400000000000038300 ) ) ;
#4200 = FACE_OUTER_BOUND ( 'NONE', #1342, .T. ) ;
#4201 = DIRECTION ( 'NONE',  ( 0.0000000000000000000, 0.0000000000000000000, 1.000000000000000000 ) ) ;
#4203 =( NAMED_UNIT ( * ) PLANE_ANGLE_UNIT ( ) SI_UNIT ( $, .RADIAN. ) );
#4202 = DIRECTION ( 'NONE',  ( 0.0000000000000000000, 0.0000000000000000000, 1.000000000000000000 ) ) ;
#4204 = ORIENTED_EDGE ( 'NONE', *, *, #3166, .T. ) ;
#4205 = ADVANCED_FACE ( 'NONE', ( #2752 ), #1053, .T. ) ;
#4206 = MECHANICAL_DESIGN_GEOMETRIC_PRESENTATION_REPRESENTATION (  '', ( #3574 ), #4532 ) ;
#4207 = ORIENTED_EDGE ( 'NONE', *, *, #3660, .F. ) ;
#4208 = UNCERTAINTY_MEASURE_WITH_UNIT (LENGTH_MEASURE( 1.000000000000000100E-005 ), #674, 'distance_accuracy_value', 'NONE');
#4209 = CARTESIAN_POINT ( 'NONE',  ( -94.50000000000000000, 0.0000000000000000000, 0.0000000000000000000 ) ) ;
#4210 = CIRCLE ( 'NONE', #4186, 2.200000000000008600 ) ;
#4211 =( GEOMETRIC_REPRESENTATION_CONTEXT ( 3 ) GLOBAL_UNCERTAINTY_ASSIGNED_CONTEXT ( ( #4208 ) ) GLOBAL_UNIT_ASSIGNED_CONTEXT ( ( #674, #4020, #1164 ) ) REPRESENTATION_CONTEXT ( 'NONE', 'WORKASPACE' ) );
#4212 = FILL_AREA_STYLE ('',( #1354 ) ) ;
#4213 = AXIS2_PLACEMENT_3D ( 'NONE', #2566, #5926, #3059 ) ;
#4214 =( LENGTH_UNIT ( ) NAMED_UNIT ( * ) SI_UNIT ( .MILLI., .METRE. ) );
#4215 = FACE_OUTER_BOUND ( 'NONE', #5309, .T. ) ;
#4216 = EDGE_LOOP ( 'NONE', ( #2705, #3866 ) ) ;
#4217 = VERTEX_POINT ( 'NONE', #4513 ) ;
#4218 = CARTESIAN_POINT ( 'NONE',  ( -10.99999999999999600, 0.0000000000000000000, 0.0000000000000000000 ) ) ;
#4219 = CARTESIAN_POINT ( 'NONE',  ( -12.13999999999999700, 5.449678256205721800E-016, -4.450000000000000200 ) ) ;
#4220 = ADVANCED_FACE ( 'NONE', ( #2168 ), #4272, .T. ) ;
#4221 = VERTEX_POINT ( 'NONE', #3575 ) ;
#4222 = CARTESIAN_POINT ( 'NONE',  ( -12.65999999999999100, 5.204748896376250700E-016, -4.250000000000000000 ) ) ;
#4224 = CARTESIAN_POINT ( 'NONE',  ( -11.73999999999999300, 0.0000000000000000000, 5.200000000000001100 ) ) ;
#4223 = CARTESIAN_POINT ( 'NONE',  ( -7.499999999999994700, 0.0000000000000000000, 4.450000000000000200 ) ) ;
#4225 = PRESENTATION_STYLE_ASSIGNMENT (( #5294 ) ) ;
#4226 = FACE_OUTER_BOUND ( 'NONE', #3350, .T. ) ;
#4227 = FACE_OUTER_BOUND ( 'NONE', #5085, .T. ) ;
#4228 = AXIS2_PLACEMENT_3D ( 'NONE', #2658, #6021, #3145 ) ;
#4229 = CARTESIAN_POINT ( 'NONE',  ( -11.99999999999999600, 0.0000000000000000000, -1.400000000000024600 ) ) ;
#4230 = DIRECTION ( 'NONE',  ( 0.0000000000000000000, 0.0000000000000000000, 1.000000000000000000 ) ) ;
#4231 = DIRECTION ( 'NONE',  ( 0.0000000000000000000, 0.0000000000000000000, 1.000000000000000000 ) ) ;
#4232 = ADVANCED_FACE ( 'NONE', ( #5388 ), #1580, .T. ) ;
#4233 = CIRCLE ( 'NONE', #783, 3.000000000000000000 ) ;
#4234 = SURFACE_STYLE_FILL_AREA ( #2547 ) ;
#4235 = CARTESIAN_POINT ( 'NONE',  ( -90.50000000000000000, 0.0000000000000000000, 0.0000000000000000000 ) ) ;
#4236 =( LENGTH_UNIT ( ) NAMED_UNIT ( * ) SI_UNIT ( .MILLI., .METRE. ) );
#4237 = CARTESIAN_POINT ( 'NONE',  ( -91.50000000000000000, 0.0000000000000000000, -2.499999999999987600 ) ) ;
#4238 = CIRCLE ( 'NONE', #2750, 0.5000000000000004400 ) ;
#4239 = ORIENTED_EDGE ( 'NONE', *, *, #4018, .F. ) ;
#4240 = FACE_BOUND ( 'NONE', #1926, .T. ) ;
#4241 = VERTEX_POINT ( 'NONE', #2612 ) ;
#4242 = CARTESIAN_POINT ( 'NONE',  ( 0.0000000000000000000, 0.0000000000000000000, 12.40000000000000200 ) ) ;
#4243 = AXIS2_PLACEMENT_3D ( 'NONE', #4822, #1954, #5308 ) ;
#4245 = DIRECTION ( 'NONE',  ( -1.000000000000000000, -0.0000000000000000000, -0.0000000000000000000 ) ) ;
#4244 = DIRECTION ( 'NONE',  ( -1.000000000000000000, 0.0000000000000000000, 0.0000000000000000000 ) ) ;
#4246 = EDGE_LOOP ( 'NONE', ( #5272, #704, #5483, #4836 ) ) ;
#4247 = VERTEX_POINT ( 'NONE', #5975 ) ;
#4248 = AXIS2_PLACEMENT_3D ( 'NONE', #3113, #252, #3598 ) ;
#4249 = PLANE ( 'NONE',  #650 ) ;
#4250 = ORIENTED_EDGE ( 'NONE', *, *, #2839, .T. ) ;
#4252 = CARTESIAN_POINT ( 'NONE',  ( -11.99999999999999600, 0.0000000000000000000, -1.000000000000032200 ) ) ;
#4251 =( NAMED_UNIT ( * ) SI_UNIT ( $, .STERADIAN. ) SOLID_ANGLE_UNIT ( ) );
#4253 = EDGE_CURVE ( 'NONE', #5423, #1872, #2989, .T. ) ;
#4254 = CIRCLE ( 'NONE', #4428, 1.722964503423848800 ) ;
#4255 = FACE_OUTER_BOUND ( 'NONE', #3895, .T. ) ;
#4256 =( LENGTH_UNIT ( ) NAMED_UNIT ( * ) SI_UNIT ( .MILLI., .METRE. ) );
#4257 = DIRECTION ( 'NONE',  ( -1.000000000000000000, -0.0000000000000000000, -0.0000000000000000000 ) ) ;
#4258 = EDGE_CURVE ( 'NONE', #2936, #3947, #5992, .T. ) ;
#4259 = AXIS2_PLACEMENT_3D ( 'NONE', #5019, #2145, #5494 ) ;
#4260 = COLOUR_RGB ( '',0.1098039215686274500, 0.1098039215686274500, 0.1098039215686274500 ) ;
#4261 = DIRECTION ( 'NONE',  ( -1.000000000000000000, -0.0000000000000000000, -0.0000000000000000000 ) ) ;
#4262 = STYLED_ITEM ( 'NONE', ( #2889 ), #5477 ) ;
#4263 = EDGE_CURVE ( 'NONE', #2808, #2286, #2828, .T. ) ;
#4264 = AXIS2_PLACEMENT_3D ( 'NONE', #219, #3573, #700 ) ;
#4265 =( NAMED_UNIT ( * ) PLANE_ANGLE_UNIT ( ) SI_UNIT ( $, .RADIAN. ) );
#4266 = DIRECTION ( 'NONE',  ( -0.0000000000000000000, -0.0000000000000000000, -1.000000000000000000 ) ) ;
#4267 = FILL_AREA_STYLE_COLOUR ( '', #4779 ) ;
#4268 = UNCERTAINTY_MEASURE_WITH_UNIT (LENGTH_MEASURE( 1.000000000000000100E-005 ), #244, 'distance_accuracy_value', 'NONE');
#4269 = EDGE_LOOP ( 'NONE', ( #4371, #850 ) ) ;
#4270 = EDGE_CURVE ( 'NONE', #3359, #4615, #1732, .T. ) ;
#4271 = SURFACE_SIDE_STYLE ('',( #1418 ) ) ;
#4272 = TOROIDAL_SURFACE ( 'NONE', #2941, 5.200000000000001100, 0.2000000000000000900 ) ;
#4274 = SURFACE_STYLE_USAGE ( .BOTH. , #916 ) ;
#4273 = FILL_AREA_STYLE ('',( #3787 ) ) ;
#4275 = TOROIDAL_SURFACE ( 'NONE', #1226, 5.200000000000001100, 0.1999999999999992300 ) ;
#4276 = MECHANICAL_DESIGN_GEOMETRIC_PRESENTATION_REPRESENTATION (  '', ( #2336 ), #4594 ) ;
#4277 = VERTEX_POINT ( 'NONE', #3129 ) ;
#4278 = FILL_AREA_STYLE ('',( #3303 ) ) ;
#4279 = VERTEX_POINT ( 'NONE', #3611 ) ;
#4280 = AXIS2_PLACEMENT_3D ( 'NONE', #216, #3099, #237 ) ;
#4281 = UNCERTAINTY_MEASURE_WITH_UNIT (LENGTH_MEASURE( 1.000000000000000100E-005 ), #4954, 'distance_accuracy_value', 'NONE');
#4282 =( GEOMETRIC_REPRESENTATION_CONTEXT ( 3 ) GLOBAL_UNCERTAINTY_ASSIGNED_CONTEXT ( ( #1197 ) ) GLOBAL_UNIT_ASSIGNED_CONTEXT ( ( #1427, #4768, #1897 ) ) REPRESENTATION_CONTEXT ( 'NONE', 'WORKASPACE' ) );
#4284 =( NAMED_UNIT ( * ) SI_UNIT ( $, .STERADIAN. ) SOLID_ANGLE_UNIT ( ) );
#4283 = SURFACE_SIDE_STYLE ('',( #3550 ) ) ;
#4285 = EDGE_LOOP ( 'NONE', ( #99, #5631, #6162, #3335 ) ) ;
#4286 = CARTESIAN_POINT ( 'NONE',  ( 0.0000000000000000000, 0.0000000000000000000, 0.0000000000000000000 ) ) ;
#4287 = ORIENTED_EDGE ( 'NONE', *, *, #3166, .F. ) ;
#4288 = CARTESIAN_POINT ( 'NONE',  ( 0.0000000000000000000, 0.0000000000000000000, 12.40000000000000200 ) ) ;
#4289 = EDGE_CURVE ( 'NONE', #3373, #1453, #4121, .T. ) ;
#4290 = SURFACE_STYLE_USAGE ( .BOTH. , #926 ) ;
#4291 = ORIENTED_EDGE ( 'NONE', *, *, #953, .F. ) ;
#4292 = CARTESIAN_POINT ( 'NONE',  ( -102.6292860697262900, 0.0000000000000000000, 0.0000000000000000000 ) ) ;
#4293 = CIRCLE ( 'NONE', #5664, 0.1999999999999996500 ) ;
#4294 = DIRECTION ( 'NONE',  ( -1.000000000000000000, 0.0000000000000000000, 0.0000000000000000000 ) ) ;
#4295 = CARTESIAN_POINT ( 'NONE',  ( -91.50000000000000000, 0.0000000000000000000, 0.0000000000000000000 ) ) ;
#4296 = FILL_AREA_STYLE ('',( #3317 ) ) ;
#4297 = CARTESIAN_POINT ( 'NONE',  ( -9.719999999999991800, 0.0000000000000000000, 0.0000000000000000000 ) ) ;
#4298 = VERTEX_POINT ( 'NONE', #1722 ) ;
#4299 = VECTOR ( 'NONE', #1892, 1000.000000000000000 ) ;
#4300 = EDGE_LOOP ( 'NONE', ( #5250, #2896, #1514, #4483 ) ) ;
#4301 = CARTESIAN_POINT ( 'NONE',  ( -102.6292860697262900, 0.0000000000000000000, 2.600000000000005000 ) ) ;
#4302 = DIRECTION ( 'NONE',  ( 0.0000000000000000000, 0.0000000000000000000, 1.000000000000000000 ) ) ;
#4303 = EDGE_CURVE ( 'NONE', #5001, #764, #2688, .T. ) ;
#4304 = ORIENTED_EDGE ( 'NONE', *, *, #423, .F. ) ;
#4305 =( NAMED_UNIT ( * ) SI_UNIT ( $, .STERADIAN. ) SOLID_ANGLE_UNIT ( ) );
#4306 = PRESENTATION_LAYER_ASSIGNMENT (  '', '', ( #3659 ) ) ;
#4307 = EDGE_CURVE ( 'NONE', #2286, #1233, #298, .T. ) ;
#4308 = CARTESIAN_POINT ( 'NONE',  ( -5.500000000000001800, 0.0000000000000000000, 11.50000000000000200 ) ) ;
#4309 = CARTESIAN_POINT ( 'NONE',  ( -14.87999999999999500, 0.0000000000000000000, 0.0000000000000000000 ) ) ;
#4310 =( NAMED_UNIT ( * ) PLANE_ANGLE_UNIT ( ) SI_UNIT ( $, .RADIAN. ) );
#4311 = ORIENTED_EDGE ( 'NONE', *, *, #2095, .T. ) ;
#4312 = CARTESIAN_POINT ( 'NONE',  ( -1.311199880360261800, 1.857889850344056400E-016, 22.61045284632676600 ) ) ;
#4313 = EDGE_CURVE ( 'NONE', #3149, #2549, #5248, .T. ) ;
#4314 = SURFACE_SIDE_STYLE ('',( #6040 ) ) ;
#4315 = DIRECTION ( 'NONE',  ( 0.0000000000000000000, -1.000000000000000000, 0.0000000000000000000 ) ) ;
#4317 = DIRECTION ( 'NONE',  ( 0.1045284632676542900, 0.0000000000000000000, 0.9945218953682732900 ) ) ;
#4316 =( LENGTH_UNIT ( ) NAMED_UNIT ( * ) SI_UNIT ( .MILLI., .METRE. ) );
#4318 = STYLED_ITEM ( 'NONE', ( #2359 ), #6046 ) ;
#4319 = AXIS2_PLACEMENT_3D ( 'NONE', #4501, #1647, #4989 ) ;
#4320 = CARTESIAN_POINT ( 'NONE',  ( -9.519999999999994200, 0.0000000000000000000, 0.0000000000000000000 ) ) ;
#4321 = CIRCLE ( 'NONE', #504, 0.1999999999999996500 ) ;
#4322 = CIRCLE ( 'NONE', #338, 0.6000000000000302900 ) ;
#4323 = PRESENTATION_STYLE_ASSIGNMENT (( #5929 ) ) ;
#4324 = ORIENTED_EDGE ( 'NONE', *, *, #5646, .F. ) ;
#4325 = CARTESIAN_POINT ( 'NONE',  ( -10.99999999999999600, 0.0000000000000000000, 1.800000000000016300 ) ) ;
#4326 = DIRECTION ( 'NONE',  ( -1.000000000000000000, -0.0000000000000000000, -0.0000000000000000000 ) ) ;
#4327 = CARTESIAN_POINT ( 'NONE',  ( -94.00000000000000000, 0.0000000000000000000, 0.0000000000000000000 ) ) ;
#4328 = LINE ( 'NONE', #3358, #1779 ) ;
#4329 = EDGE_LOOP ( 'NONE', ( #2594, #919, #4731, #318 ) ) ;
#4330 = DIRECTION ( 'NONE',  ( -1.000000000000000000, -0.0000000000000000000, -0.0000000000000000000 ) ) ;
#4331 = EDGE_LOOP ( 'NONE', ( #2152, #3759, #1545, #1763 ) ) ;
#4332 = PRESENTATION_STYLE_ASSIGNMENT (( #5035 ) ) ;
#4333 = SURFACE_STYLE_FILL_AREA ( #3869 ) ;
#4334 = SURFACE_SIDE_STYLE ('',( #2035 ) ) ;
#4335 = FILL_AREA_STYLE_COLOUR ( '', #2880 ) ;
#4336 = FILL_AREA_STYLE ('',( #15 ) ) ;
#4337 = EDGE_LOOP ( 'NONE', ( #5111, #1780, #24, #5902 ) ) ;
#4338 = DIRECTION ( 'NONE',  ( 1.000000000000000000, 1.224646799147353200E-016, 0.0000000000000000000 ) ) ;
#4339 = AXIS2_PLACEMENT_3D ( 'NONE', #4713, #408, #3767 ) ;
#4340 = CARTESIAN_POINT ( 'NONE',  ( -10.43999999999999400, 0.0000000000000000000, 0.0000000000000000000 ) ) ;
#4341 = DIRECTION ( 'NONE',  ( 0.0000000000000000000, 0.0000000000000000000, 1.000000000000000000 ) ) ;
#4342 = CARTESIAN_POINT ( 'NONE',  ( -7.499999999999994700, 0.0000000000000000000, 5.500000000000001800 ) ) ;
#4343 = CYLINDRICAL_SURFACE ( 'NONE', #4540, 4.250000000000000000 ) ;
#4344 = PRODUCT_DEFINITION_SHAPE ( 'NONE', 'NONE',  #2211 ) ;
#4345 = CIRCLE ( 'NONE', #5559, 0.1999999999999996500 ) ;
#4346 = CARTESIAN_POINT ( 'NONE',  ( -11.99999999999999600, 1.714505518806328900E-016, -1.400000000000024600 ) ) ;
#4347 = AXIS2_PLACEMENT_3D ( 'NONE', #5806, #1509, #5332 ) ;
#4348 = AXIS2_PLACEMENT_3D ( 'NONE', #925, #952, #1918 ) ;
#4349 = ORIENTED_EDGE ( 'NONE', *, *, #6191, .F. ) ;
#4350 = DIRECTION ( 'NONE',  ( -1.000000000000000000, -0.0000000000000000000, -0.0000000000000000000 ) ) ;
#4351 = EDGE_CURVE ( 'NONE', #3609, #3947, #154, .T. ) ;
#4352 = CIRCLE ( 'NONE', #2821, 0.1999999999999996500 ) ;
#4353 = FILL_AREA_STYLE_COLOUR ( '', #4758 ) ;
#4354 = CIRCLE ( 'NONE', #5472, 5.199999999999999300 ) ;
#4355 = DIRECTION ( 'NONE',  ( -1.000000000000000000, -0.0000000000000000000, -0.0000000000000000000 ) ) ;
#4356 = MECHANICAL_DESIGN_GEOMETRIC_PRESENTATION_REPRESENTATION (  '', ( #3054 ), #4756 ) ;
#4357 = DIRECTION ( 'NONE',  ( 0.0000000000000000000, 0.0000000000000000000, -1.000000000000000000 ) ) ;
#4358 = DIRECTION ( 'NONE',  ( -1.000000000000000000, -0.0000000000000000000, -0.0000000000000000000 ) ) ;
#4359 = LINE ( 'NONE', #2510, #3070 ) ;
#4360 = VERTEX_POINT ( 'NONE', #2684 ) ;
#4361 = DIRECTION ( 'NONE',  ( 0.0000000000000000000, 0.0000000000000000000, 1.000000000000000000 ) ) ;
#4362 = EDGE_CURVE ( 'NONE', #3949, #3674, #5101, .T. ) ;
#4363 = FILL_AREA_STYLE_COLOUR ( '', #1415 ) ;
#4364 = SURFACE_STYLE_USAGE ( .BOTH. , #1009 ) ;
#4365 = STYLED_ITEM ( 'NONE', ( #4402 ), #775 ) ;
#4366 = CARTESIAN_POINT ( 'NONE',  ( -14.87999999999999500, 0.0000000000000000000, 4.450000000000000200 ) ) ;
#4367 = PRESENTATION_LAYER_ASSIGNMENT (  '', '', ( #4039 ) ) ;
#4368 = DIRECTION ( 'NONE',  ( 0.0000000000000000000, 0.0000000000000000000, -1.000000000000000000 ) ) ;
#4369 = PRESENTATION_LAYER_ASSIGNMENT (  '', '', ( #3389 ) ) ;
#4370 = FILL_AREA_STYLE ('',( #1962 ) ) ;
#4371 = ORIENTED_EDGE ( 'NONE', *, *, #5980, .F. ) ;
#4372 = FILL_AREA_STYLE ('',( #1017 ) ) ;
#4373 = VERTEX_POINT ( 'NONE', #3655 ) ;
#4374 = FACE_OUTER_BOUND ( 'NONE', #2094, .T. ) ;
#4375 = CARTESIAN_POINT ( 'NONE',  ( -102.6292860697262900, 0.0000000000000000000, 5.400000000000000400 ) ) ;
#4376 = AXIS2_PLACEMENT_3D ( 'NONE', #6130, #3252, #387 ) ;
#4377 = DIRECTION ( 'NONE',  ( -0.0000000000000000000, 0.0000000000000000000, -1.000000000000000000 ) ) ;
#4378 = SURFACE_STYLE_USAGE ( .BOTH. , #1029 ) ;
#4379 = ORIENTED_EDGE ( 'NONE', *, *, #3205, .F. ) ;
#4380 = DIRECTION ( 'NONE',  ( -1.000000000000000000, -0.0000000000000000000, -0.0000000000000000000 ) ) ;
#4381 = AXIS2_PLACEMENT_3D ( 'NONE', #1095, #4443, #1576 ) ;
#4382 = ORIENTED_EDGE ( 'NONE', *, *, #1383, .F. ) ;
#4383 = PRESENTATION_STYLE_ASSIGNMENT (( #5454 ) ) ;
#4384 = UNCERTAINTY_MEASURE_WITH_UNIT (LENGTH_MEASURE( 1.000000000000000100E-005 ), #2692, 'distance_accuracy_value', 'NONE');
#4385 = ORIENTED_EDGE ( 'NONE', *, *, #1505, .F. ) ;
#4386 = DIRECTION ( 'NONE',  ( 0.0000000000000000000, 0.0000000000000000000, 1.000000000000000000 ) ) ;
#4387 =( NAMED_UNIT ( * ) PLANE_ANGLE_UNIT ( ) SI_UNIT ( $, .RADIAN. ) );
#4388 = EDGE_CURVE ( 'NONE', #3391, #2446, #3818, .T. ) ;
#4389 = AXIS2_PLACEMENT_3D ( 'NONE', #4885, #3922, #3460 ) ;
#4390 = ADVANCED_FACE ( 'NONE', ( #2534 ), #2385, .T. ) ;
#4391 = AXIS2_PLACEMENT_3D ( 'NONE', #2304, #5655, #2786 ) ;
#4392 = EDGE_CURVE ( 'NONE', #1214, #2808, #3669, .T. ) ;
#4393 = STYLED_ITEM ( 'NONE', ( #2196 ), #6153 ) ;
#4394 = FACE_OUTER_BOUND ( 'NONE', #4508, .T. ) ;
#4395 = VECTOR ( 'NONE', #1141, 1000.000000000000000 ) ;
#4396 = CIRCLE ( 'NONE', #927, 4.450000000000002000 ) ;
#4397 = CARTESIAN_POINT ( 'NONE',  ( -10.99999999999999600, 0.0000000000000000000, 0.0000000000000000000 ) ) ;
#4398 = PRESENTATION_LAYER_ASSIGNMENT (  '', '', ( #4073 ) ) ;
#4399 = DIRECTION ( 'NONE',  ( -1.000000000000000000, 0.0000000000000000000, 2.567906592516316300E-032 ) ) ;
#4400 = DIRECTION ( 'NONE',  ( 0.0000000000000000000, 0.0000000000000000000, 1.000000000000000000 ) ) ;
#4401 =( NAMED_UNIT ( * ) PLANE_ANGLE_UNIT ( ) SI_UNIT ( $, .RADIAN. ) );
#4402 = PRESENTATION_STYLE_ASSIGNMENT (( #4049 ) ) ;
#4403 = TOROIDAL_SURFACE ( 'NONE', #4389, 2.499999999999991100, 0.5000000000000002200 ) ;
#4404 = CARTESIAN_POINT ( 'NONE',  ( 0.0000000000000000000, 0.0000000000000000000, 26.52813153950928900 ) ) ;
#4405 = AXIS2_PLACEMENT_3D ( 'NONE', #17, #3362, #2876 ) ;
#4406 = PRESENTATION_LAYER_ASSIGNMENT (  '', '', ( #4079 ) ) ;
#4407 = AXIS2_PLACEMENT_3D ( 'NONE', #521, #3879, #1016 ) ;
#4408 = CIRCLE ( 'NONE', #2123, 0.6000000000000300600 ) ;
#4409 = FACE_OUTER_BOUND ( 'NONE', #2409, .T. ) ;
#4410 = ORIENTED_EDGE ( 'NONE', *, *, #5753, .F. ) ;
#4411 = CIRCLE ( 'NONE', #4704, 0.09999999999999939500 ) ;
#4412 = DIRECTION ( 'NONE',  ( 0.0000000000000000000, 0.0000000000000000000, 1.000000000000000000 ) ) ;
#4413 = EDGE_CURVE ( 'NONE', #2316, #3373, #3971, .T. ) ;
#4414 = ORIENTED_EDGE ( 'NONE', *, *, #2374, .T. ) ;
#4415 = VERTEX_POINT ( 'NONE', #2264 ) ;
#4416 = DIRECTION ( 'NONE',  ( -1.000000000000000000, -0.0000000000000000000, -0.0000000000000000000 ) ) ;
#4417 = DIRECTION ( 'NONE',  ( 0.0000000000000000000, 0.0000000000000000000, 1.000000000000000000 ) ) ;
#4418 = CARTESIAN_POINT ( 'NONE',  ( -17.29999999999999700, 0.0000000000000000000, 0.0000000000000000000 ) ) ;
#4419 = DIRECTION ( 'NONE',  ( -1.000000000000000000, -0.0000000000000000000, -0.0000000000000000000 ) ) ;
#4420 = DIRECTION ( 'NONE',  ( -1.000000000000000000, -0.0000000000000000000, -0.0000000000000000000 ) ) ;
#4421 = FACE_OUTER_BOUND ( 'NONE', #4048, .T. ) ;
#4422 = SURFACE_STYLE_USAGE ( .BOTH. , #1076 ) ;
#4423 = FACE_OUTER_BOUND ( 'NONE', #1088, .T. ) ;
#4424 = CARTESIAN_POINT ( 'NONE',  ( -102.6292860697262900, 0.0000000000000000000, 0.0000000000000000000 ) ) ;
#4425 = VERTEX_POINT ( 'NONE', #2744 ) ;
#4426 = CARTESIAN_POINT ( 'NONE',  ( -18.39999999999999500, 0.0000000000000000000, 0.0000000000000000000 ) ) ;
#4427 = VERTEX_POINT ( 'NONE', #6096 ) ;
#4428 = AXIS2_PLACEMENT_3D ( 'NONE', #6053, #3179, #321 ) ;
#4429 = ORIENTED_EDGE ( 'NONE', *, *, #5269, .F. ) ;
#4430 = CONTEXT_DEPENDENT_SHAPE_REPRESENTATION ( #5106, #5196 ) ;
#4431 = EDGE_CURVE ( 'NONE', #1443, #3584, #4801, .T. ) ;
#4432 = EDGE_LOOP ( 'NONE', ( #4379, #3013 ) ) ;
#4433 = CARTESIAN_POINT ( 'NONE',  ( -99.00000000000000000, 0.0000000000000000000, -1.999999999999999600 ) ) ;
#4434 = CARTESIAN_POINT ( 'NONE',  ( -14.87999999999999000, 5.204748896376250700E-016, -4.250000000000000000 ) ) ;
#4435 = VECTOR ( 'NONE', #541, 1000.000000000000000 ) ;
#4436 = FILL_AREA_STYLE ('',( #2513 ) ) ;
#4437 = FILL_AREA_STYLE_COLOUR ( '', #143 ) ;
#4438 = FILL_AREA_STYLE ('',( #3951 ) ) ;
#4439 = PRESENTATION_LAYER_ASSIGNMENT (  '', '', ( #4117 ) ) ;
#4440 = DIRECTION ( 'NONE',  ( -1.000000000000000000, -0.0000000000000000000, -0.0000000000000000000 ) ) ;
#4441 = VERTEX_POINT ( 'NONE', #359 ) ;
#4442 = EDGE_LOOP ( 'NONE', ( #5922, #2114, #5123, #2334 ) ) ;
#4443 = DIRECTION ( 'NONE',  ( -1.000000000000000000, -0.0000000000000000000, -0.0000000000000000000 ) ) ;
#4444 =( NAMED_UNIT ( * ) PLANE_ANGLE_UNIT ( ) SI_UNIT ( $, .RADIAN. ) );
#4445 = DIRECTION ( 'NONE',  ( 1.000000000000000000, -0.0000000000000000000, -2.567906592516316300E-032 ) ) ;
#4446 = FACE_OUTER_BOUND ( 'NONE', #5317, .T. ) ;
#4447 = LINE ( 'NONE', #1460, #4299 ) ;
#4448 = ORIENTED_EDGE ( 'NONE', *, *, #5138, .T. ) ;
#4449 = FILL_AREA_STYLE_COLOUR ( '', #5284 ) ;
#4450 = DIRECTION ( 'NONE',  ( -0.0000000000000000000, 1.000000000000000000, 1.224646799147353200E-016 ) ) ;
#4451 = VERTEX_POINT ( 'NONE', #5616 ) ;
#4452 =( NAMED_UNIT ( * ) PLANE_ANGLE_UNIT ( ) SI_UNIT ( $, .RADIAN. ) );
#4453 = SURFACE_SIDE_STYLE ('',( #191 ) ) ;
#4454 = AXIS2_PLACEMENT_3D ( 'NONE', #5699, #3803, #928 ) ;
#4455 = ORIENTED_EDGE ( 'NONE', *, *, #369, .F. ) ;
#4456 = VECTOR ( 'NONE', #5828, 1000.000000000000000 ) ;
#4457 = EDGE_CURVE ( 'NONE', #3215, #2562, #6060, .T. ) ;
#4458 = DIRECTION ( 'NONE',  ( -1.000000000000000000, -0.0000000000000000000, -0.0000000000000000000 ) ) ;
#4459 = PRODUCT_DEFINITION_CONTEXT ( 'detailed design', #6019, 'design' ) ;
#4460 = DIRECTION ( 'NONE',  ( 1.000000000000000000, 0.0000000000000000000, 0.0000000000000000000 ) ) ;
#4461 = ADVANCED_FACE ( 'NONE', ( #4948 ), #5608, .F. ) ;
#4462 = AXIS2_PLACEMENT_3D ( 'NONE', #1024, #3884, #1515 ) ;
#4463 = ORIENTED_EDGE ( 'NONE', *, *, #1644, .T. ) ;
#4464 = PRODUCT_DEFINITION_FORMATION_WITH_SPECIFIED_SOURCE ( 'ANY', '', #4091, .NOT_KNOWN. ) ;
#4465 = CARTESIAN_POINT ( 'NONE',  ( 1.410652069897088600, 1.727550542110058000E-016, 22.59999999999999800 ) ) ;
#4466 = COLOUR_RGB ( '',0.1098039215686274500, 0.1098039215686274500, 0.1098039215686274500 ) ;
#4467 = PRESENTATION_STYLE_ASSIGNMENT (( #2306 ) ) ;
#4468 = DIRECTION ( 'NONE',  ( -1.000000000000000000, -0.0000000000000000000, -0.0000000000000000000 ) ) ;
#4469 = EDGE_CURVE ( 'NONE', #4360, #5837, #3062, .T. ) ;
#4470 = ORIENTED_EDGE ( 'NONE', *, *, #5563, .T. ) ;
#4471 = UNCERTAINTY_MEASURE_WITH_UNIT (LENGTH_MEASURE( 1.000000000000000100E-005 ), #4256, 'distance_accuracy_value', 'NONE');
#4472 = AXIS2_PLACEMENT_3D ( 'NONE', #2486, #5835, #2962 ) ;
#4473 = DIRECTION ( 'NONE',  ( -1.000000000000000000, 0.0000000000000000000, 0.0000000000000000000 ) ) ;
#4474 = SURFACE_SIDE_STYLE ('',( #4496 ) ) ;
#4475 = CARTESIAN_POINT ( 'NONE',  ( -8.000000000000007100, 0.0000000000000000000, 3.000000000000001300 ) ) ;
#4476 = VERTEX_POINT ( 'NONE', #3220 ) ;
#4477 = FACE_OUTER_BOUND ( 'NONE', #5251, .T. ) ;
#4479 = VECTOR ( 'NONE', #4317, 1000.000000000000000 ) ;
#4478 = PRESENTATION_LAYER_ASSIGNMENT (  '', '', ( #4153 ) ) ;
#4480 = SURFACE_STYLE_FILL_AREA ( #4107 ) ;
#4481 = AXIS2_PLACEMENT_3D ( 'NONE', #4237, #2803, #6165 ) ;
#4482 = SURFACE_SIDE_STYLE ('',( #3488 ) ) ;
#4483 = ORIENTED_EDGE ( 'NONE', *, *, #2733, .F. ) ;
#4484 = DIRECTION ( 'NONE',  ( -0.0000000000000000000, -0.0000000000000000000, -1.000000000000000000 ) ) ;
#4485 = DIRECTION ( 'NONE',  ( 0.0000000000000000000, 0.0000000000000000000, 1.000000000000000000 ) ) ;
#4486 = CARTESIAN_POINT ( 'NONE',  ( -92.50000000000002800, 0.0000000000000000000, 0.0000000000000000000 ) ) ;
#4487 = DIRECTION ( 'NONE',  ( 0.0000000000000000000, 0.0000000000000000000, 1.000000000000000000 ) ) ;
#4488 = CIRCLE ( 'NONE', #4598, 2.500000000000000000 ) ;
#4489 = ORIENTED_EDGE ( 'NONE', *, *, #3964, .T. ) ;
#4490 = CARTESIAN_POINT ( 'NONE',  ( 1.750000000000003300, 2.143131898507872000E-016, 17.50000000000000000 ) ) ;
#4491 = CARTESIAN_POINT ( 'NONE',  ( -1.722964503423849000, 0.0000000000000000000, 26.52813153950928900 ) ) ;
#4492 = PRESENTATION_STYLE_ASSIGNMENT (( #4754 ) ) ;
#4493 = DIRECTION ( 'NONE',  ( 0.0000000000000000000, 0.0000000000000000000, 1.000000000000000000 ) ) ;
#4494 = MECHANICAL_DESIGN_GEOMETRIC_PRESENTATION_REPRESENTATION (  '', ( #3848 ), #4823 ) ;
#4495 = CARTESIAN_POINT ( 'NONE',  ( -91.00000000000000000, 0.0000000000000000000, 0.0000000000000000000 ) ) ;
#4496 = SURFACE_STYLE_FILL_AREA ( #1131 ) ;
#4497 = CIRCLE ( 'NONE', #357, 5.400000000000000400 ) ;
#4498 = CARTESIAN_POINT ( 'NONE',  ( -17.50000000000000000, 0.0000000000000000000, 0.0000000000000000000 ) ) ;
#4499 = EDGE_LOOP ( 'NONE', ( #3647, #3982, #4119, #2056 ) ) ;
#4500 = EDGE_CURVE ( 'NONE', #1661, #1412, #1795, .T. ) ;
#4501 = CARTESIAN_POINT ( 'NONE',  ( -6.000000000000038200, 0.0000000000000000000, 0.0000000000000000000 ) ) ;
#4502 = PRESENTATION_LAYER_ASSIGNMENT (  '', '', ( #3856 ) ) ;
#4503 = EDGE_CURVE ( 'NONE', #4247, #1154, #4352, .T. ) ;
#4504 = ORIENTED_EDGE ( 'NONE', *, *, #5343, .F. ) ;
#4505 = ADVANCED_FACE ( 'NONE', ( #4188, #2913 ), #5670, .F. ) ;
#4506 = AXIS2_PLACEMENT_3D ( 'NONE', #2498, #1597, #2552 ) ;
#4507 = CARTESIAN_POINT ( 'NONE',  ( -91.00000000000000000, 0.0000000000000000000, 2.999999999999991600 ) ) ;
#4508 = EDGE_LOOP ( 'NONE', ( #3741, #2030, #4579, #1683 ) ) ;
#4509 = DIRECTION ( 'NONE',  ( -1.000000000000000000, 0.0000000000000000000, 0.0000000000000000000 ) ) ;
#4510 = DIRECTION ( 'NONE',  ( 0.0000000000000000000, 0.0000000000000000000, 1.000000000000000000 ) ) ;
#4511 = AXIS2_PLACEMENT_3D ( 'NONE', #3229, #2271, #363 ) ;
#4512 = AXIS2_PLACEMENT_3D ( 'NONE', #3239, #374, #3729 ) ;
#4513 = CARTESIAN_POINT ( 'NONE',  ( -10.43999999999999100, 5.204748896376250700E-016, -4.250000000000000000 ) ) ;
#4514 = VERTEX_POINT ( 'NONE', #5630 ) ;
#4515 =( NAMED_UNIT ( * ) PLANE_ANGLE_UNIT ( ) SI_UNIT ( $, .RADIAN. ) );
#4516 = STYLED_ITEM ( 'NONE', ( #4000 ), #1187 ) ;
#4517 = EDGE_LOOP ( 'NONE', ( #5125, #443, #1930, #2919 ) ) ;
#4518 = EDGE_LOOP ( 'NONE', ( #112, #2397, #4824, #1028 ) ) ;
#4519 = SURFACE_STYLE_USAGE ( .BOTH. , #1180 ) ;
#4520 = EDGE_CURVE ( 'NONE', #6192, #2316, #3734, .T. ) ;
#4521 = DIRECTION ( 'NONE',  ( 0.0000000000000000000, 0.0000000000000000000, -1.000000000000000000 ) ) ;
#4522 = CARTESIAN_POINT ( 'NONE',  ( 1.225703555739712200, 1.501053936240168000E-016, 26.58039577114311000 ) ) ;
#4523 = EDGE_LOOP ( 'NONE', ( #3296, #6083 ) ) ;
#4524 = UNCERTAINTY_MEASURE_WITH_UNIT (LENGTH_MEASURE( 1.000000000000000100E-005 ), #5763, 'distance_accuracy_value', 'NONE');
#4525 = ORIENTED_EDGE ( 'NONE', *, *, #1349, .T. ) ;
#4526 = CARTESIAN_POINT ( 'NONE',  ( -14.15999999999999100, 0.0000000000000000000, 0.0000000000000000000 ) ) ;
#4527 = FILL_AREA_STYLE ('',( #1649 ) ) ;
#4528 = ORIENTED_EDGE ( 'NONE', *, *, #1027, .T. ) ;
#4529 =( NAMED_UNIT ( * ) PLANE_ANGLE_UNIT ( ) SI_UNIT ( $, .RADIAN. ) );
#4530 =( NAMED_UNIT ( * ) PLANE_ANGLE_UNIT ( ) SI_UNIT ( $, .RADIAN. ) );
#4531 = DIRECTION ( 'NONE',  ( 1.000000000000000000, 0.0000000000000000000, 0.0000000000000000000 ) ) ;
#4532 =( GEOMETRIC_REPRESENTATION_CONTEXT ( 3 ) GLOBAL_UNCERTAINTY_ASSIGNED_CONTEXT ( ( #2302 ) ) GLOBAL_UNIT_ASSIGNED_CONTEXT ( ( #1516, #4868, #1990 ) ) REPRESENTATION_CONTEXT ( 'NONE', 'WORKASPACE' ) );
#4533 = SURFACE_SIDE_STYLE ('',( #5566 ) ) ;
#4534 = ADVANCED_FACE ( 'NONE', ( #6132 ), #3135, .T. ) ;
#4535 = COLOUR_RGB ( '',0.1098039215686274500, 0.1098039215686274500, 0.1098039215686274500 ) ;
#4536 = CIRCLE ( 'NONE', #3993, 0.1999999999999996500 ) ;
#4537 = FACE_BOUND ( 'NONE', #1203, .T. ) ;
#4538 = UNCERTAINTY_MEASURE_WITH_UNIT (LENGTH_MEASURE( 1.000000000000000100E-005 ), #2713, 'distance_accuracy_value', 'NONE');
#4539 = AXIS2_PLACEMENT_3D ( 'NONE', #4522, #1663, #5009 ) ;
#4541 = DIRECTION ( 'NONE',  ( -1.000000000000000000, 0.0000000000000000000, 6.505213034913026600E-015 ) ) ;
#4540 = AXIS2_PLACEMENT_3D ( 'NONE', #525, #2456, #658 ) ;
#4542 = UNCERTAINTY_MEASURE_WITH_UNIT (LENGTH_MEASURE( 1.000000000000000100E-005 ), #5662, 'distance_accuracy_value', 'NONE');
#4543 = DIRECTION ( 'NONE',  ( -1.000000000000000000, -0.0000000000000000000, -0.0000000000000000000 ) ) ;
#4544 = CYLINDRICAL_SURFACE ( 'NONE', #5852, 2.500000000000000000 ) ;
#4545 =( NAMED_UNIT ( * ) SI_UNIT ( $, .STERADIAN. ) SOLID_ANGLE_UNIT ( ) );
#4546 = FILL_AREA_STYLE ('',( #5484 ) ) ;
#4547 = CARTESIAN_POINT ( 'NONE',  ( -93.00000000000000000, 0.0000000000000000000, 1.400000000000038300 ) ) ;
#4548 = CIRCLE ( 'NONE', #4737, 1.400000000000038300 ) ;
#4549 = FACE_OUTER_BOUND ( 'NONE', #424, .T. ) ;
#4550 = ORIENTED_EDGE ( 'NONE', *, *, #3286, .F. ) ;
#4551 = VECTOR ( 'NONE', #811, 1000.000000000000000 ) ;
#4552 =( NAMED_UNIT ( * ) SI_UNIT ( $, .STERADIAN. ) SOLID_ANGLE_UNIT ( ) );
#4553 = VERTEX_POINT ( 'NONE', #4308 ) ;
#4554 = APPLICATION_CONTEXT ( 'automotive_design' ) ;
#4555 = DIRECTION ( 'NONE',  ( -1.000000000000000000, -0.0000000000000000000, -0.0000000000000000000 ) ) ;
#4556 = DIRECTION ( 'NONE',  ( -1.000000000000000000, 0.0000000000000000000, 0.0000000000000000000 ) ) ;
#4557 = CARTESIAN_POINT ( 'NONE',  ( -10.83999999999999600, 6.368163355566237400E-016, -5.200000000000001100 ) ) ;
#4558 = ORIENTED_EDGE ( 'NONE', *, *, #1299, .F. ) ;
#4559 = AXIS2_PLACEMENT_3D ( 'NONE', #1739, #5091, #2200 ) ;
#4560 = CARTESIAN_POINT ( 'NONE',  ( -91.50000000000000000, 0.0000000000000000000, 1.400000000000038300 ) ) ;
#4561 = DIRECTION ( 'NONE',  ( 0.0000000000000000000, 0.0000000000000000000, 1.000000000000000000 ) ) ;
#4562 = FILL_AREA_STYLE ('',( #5984 ) ) ;
#4563 = CIRCLE ( 'NONE', #3426, 0.5000000000000004400 ) ;
#4564 = ADVANCED_FACE ( 'NONE', ( #4421 ), #2019, .T. ) ;
#4565 = DIRECTION ( 'NONE',  ( 0.0000000000000000000, 0.0000000000000000000, 1.000000000000000000 ) ) ;
#4566 = VERTEX_POINT ( 'NONE', #1444 ) ;
#4567 = AXIS2_PLACEMENT_3D ( 'NONE', #5756, #3342, #2877 ) ;
#4568 = ORIENTED_EDGE ( 'NONE', *, *, #2321, .T. ) ;
#4569 =( NAMED_UNIT ( * ) PLANE_ANGLE_UNIT ( ) SI_UNIT ( $, .RADIAN. ) );
#4570 = ORIENTED_EDGE ( 'NONE', *, *, #3905, .T. ) ;
#4571 = CARTESIAN_POINT ( 'NONE',  ( -14.87999999999999000, 0.0000000000000000000, 0.0000000000000000000 ) ) ;
#4572 = DIRECTION ( 'NONE',  ( -1.000000000000000000, -0.0000000000000000000, -0.0000000000000000000 ) ) ;
#4573 = APPLICATION_PROTOCOL_DEFINITION ( 'draft international standard', 'automotive_design', 1998, #4077 ) ;
#4574 = AXIS2_PLACEMENT_3D ( 'NONE', #1207, #4541, #1680 ) ;
#4575 = EDGE_LOOP ( 'NONE', ( #5285, #2025, #301, #2514 ) ) ;
#4576 = DIRECTION ( 'NONE',  ( 0.0000000000000000000, 0.0000000000000000000, 1.000000000000000000 ) ) ;
#4577 = FILL_AREA_STYLE ('',( #3613 ) ) ;
#4578 = COLOUR_RGB ( '',0.1098039215686274500, 0.1098039215686274500, 0.1098039215686274500 ) ;
#4579 = ORIENTED_EDGE ( 'NONE', *, *, #3014, .F. ) ;
#4580 = ORIENTED_EDGE ( 'NONE', *, *, #3536, .F. ) ;
#4581 = EDGE_CURVE ( 'NONE', #1214, #254, #5674, .T. ) ;
#4582 = EDGE_LOOP ( 'NONE', ( #1612, #3278, #20, #6111 ) ) ;
#4583 = LINE ( 'NONE', #1032, #768 ) ;
#4584 = EDGE_LOOP ( 'NONE', ( #2384, #5291, #5053, #1669 ) ) ;
#4585 = SURFACE_STYLE_USAGE ( .BOTH. , #1247 ) ;
#4586 = STYLED_ITEM ( 'NONE', ( #3707 ), #5660 ) ;
#4587 = PRESENTATION_LAYER_ASSIGNMENT (  '', '', ( #4262 ) ) ;
#4588 = UNCERTAINTY_MEASURE_WITH_UNIT (LENGTH_MEASURE( 1.000000000000000100E-005 ), #2567, 'distance_accuracy_value', 'NONE');
#4589 = AXIS2_PLACEMENT_3D ( 'NONE', #4051, #1195, #4531 ) ;
#4590 = ORIENTED_EDGE ( 'NONE', *, *, #27, .F. ) ;
#4591 = DIRECTION ( 'NONE',  ( -0.0000000000000000000, 0.0000000000000000000, 1.000000000000000000 ) ) ;
#4592 = CARTESIAN_POINT ( 'NONE',  ( -11.73999999999999300, 0.0000000000000000000, 0.0000000000000000000 ) ) ;
#4593 = EDGE_CURVE ( 'NONE', #1905, #1420, #586, .T. ) ;
#4594 =( GEOMETRIC_REPRESENTATION_CONTEXT ( 3 ) GLOBAL_UNCERTAINTY_ASSIGNED_CONTEXT ( ( #3155 ) ) GLOBAL_UNIT_ASSIGNED_CONTEXT ( ( #1755, #5104, #1278 ) ) REPRESENTATION_CONTEXT ( 'NONE', 'WORKASPACE' ) );
#4595 = CARTESIAN_POINT ( 'NONE',  ( -119.4151686832445000, 0.0000000000000000000, 0.6000000000000301800 ) ) ;
#4596 = ORIENTED_EDGE ( 'NONE', *, *, #2851, .F. ) ;
#4597 = PRODUCT_CONTEXT ( 'NONE', #1691, 'mechanical' ) ;
#4598 = AXIS2_PLACEMENT_3D ( 'NONE', #5990, #3118, #256 ) ;
#4599 = FILL_AREA_STYLE_COLOUR ( '', #6033 ) ;
#4600 = ADVANCED_FACE ( 'NONE', ( #1863 ), #1280, .T. ) ;
#4601 = EDGE_CURVE ( 'NONE', #766, #1960, #2526, .T. ) ;
#4602 = FILL_AREA_STYLE_COLOUR ( '', #1493 ) ;
#4603 = ADVANCED_FACE ( 'NONE', ( #5096, #150 ), #995, .F. ) ;
#4604 = ORIENTED_EDGE ( 'NONE', *, *, #4951, .F. ) ;
#4605 = CARTESIAN_POINT ( 'NONE',  ( -11.99999999999999600, 0.0000000000000000000, 0.0000000000000000000 ) ) ;
#4606 = PRESENTATION_STYLE_ASSIGNMENT (( #815 ) ) ;
#4607 = COLOUR_RGB ( '',0.6470588235294118000, 0.6196078431372549200, 0.5882352941176470800 ) ;
#4608 = CIRCLE ( 'NONE', #5742, 5.400000000000000400 ) ;
#4609 = CARTESIAN_POINT ( 'NONE',  ( -6.000000000000041700, 0.0000000000000000000, 1.540743955509800300E-031 ) ) ;
#4610 = UNCERTAINTY_MEASURE_WITH_UNIT (LENGTH_MEASURE( 1.000000000000000100E-005 ), #5737, 'distance_accuracy_value', 'NONE');
#4611 = DIRECTION ( 'NONE',  ( -1.000000000000000000, -0.0000000000000000000, -0.0000000000000000000 ) ) ;
#4613 = FACE_OUTER_BOUND ( 'NONE', #1560, .T. ) ;
#4612 = CARTESIAN_POINT ( 'NONE',  ( -10.00000000000000900, 0.0000000000000000000, 0.0000000000000000000 ) ) ;
#4614 =( REPRESENTATION_RELATIONSHIP ('NONE','NONE', #918, #908 ) REPRESENTATION_RELATIONSHIP_WITH_TRANSFORMATION ( #898 )SHAPE_REPRESENTATION_RELATIONSHIP( ) );
#4615 = VERTEX_POINT ( 'NONE', #4840 ) ;
#4616 = UNCERTAINTY_MEASURE_WITH_UNIT (LENGTH_MEASURE( 1.000000000000000100E-005 ), #4763, 'distance_accuracy_value', 'NONE');
#4617 = DIRECTION ( 'NONE',  ( 0.0000000000000000000, 0.0000000000000000000, -1.000000000000000000 ) ) ;
#4618 = EDGE_LOOP ( 'NONE', ( #5931, #3411 ) ) ;
#4619 = CYLINDRICAL_SURFACE ( 'NONE', #725, 5.400000000000000400 ) ;
#4620 = CIRCLE ( 'NONE', #6215, 4.250000000000000000 ) ;
#4621 = CIRCLE ( 'NONE', #1451, 0.5000000000000002200 ) ;
#4622 = EDGE_CURVE ( 'NONE', #2258, #239, #3810, .T. ) ;
#4623 = ORIENTED_EDGE ( 'NONE', *, *, #4431, .T. ) ;
#4624 = MECHANICAL_DESIGN_GEOMETRIC_PRESENTATION_REPRESENTATION (  '', ( #3659 ), #4950 ) ;
#4625 = EDGE_CURVE ( 'NONE', #828, #4247, #4943, .T. ) ;
#4626 = DIRECTION ( 'NONE',  ( 0.0000000000000000000, 0.0000000000000000000, -1.000000000000000000 ) ) ;
#4627 = VERTEX_POINT ( 'NONE', #1506 ) ;
#4628 = CIRCLE ( 'NONE', #5811, 1.800000000000016300 ) ;
#4629 = CIRCLE ( 'NONE', #2628, 5.199999999999999300 ) ;
#4630 = FACE_OUTER_BOUND ( 'NONE', #4170, .T. ) ;
#4631 = DIRECTION ( 'NONE',  ( -0.0000000000000000000, 0.0000000000000000000, -1.000000000000000000 ) ) ;
#4632 = EDGE_CURVE ( 'NONE', #5423, #4786, #6210, .T. ) ;
#4633 = DIRECTION ( 'NONE',  ( -0.0000000000000000000, 1.000000000000000000, 1.224646799147353200E-016 ) ) ;
#4634 = ORIENTED_EDGE ( 'NONE', *, *, #4175, .T. ) ;
#4635 = CARTESIAN_POINT ( 'NONE',  ( -16.37999999999999200, 5.449678256205722800E-016, -4.450000000000001100 ) ) ;
#4636 = ORIENTED_EDGE ( 'NONE', *, *, #5076, .T. ) ;
#4637 = CYLINDRICAL_SURFACE ( 'NONE', #1744, 6.000000000000000900 ) ;
#4638 = AXIS2_PLACEMENT_3D ( 'NONE', #3146, #286, #3637 ) ;
#4639 = AXIS2_PLACEMENT_3D ( 'NONE', #4571, #4817, #1946 ) ;
#4640 = DIRECTION ( 'NONE',  ( 0.0000000000000000000, 0.0000000000000000000, 1.000000000000000000 ) ) ;
#4641 = ADVANCED_FACE ( 'NONE', ( #2381 ), #4343, .T. ) ;
#4642 =( NAMED_UNIT ( * ) PLANE_ANGLE_UNIT ( ) SI_UNIT ( $, .RADIAN. ) );
#4643 = ORIENTED_EDGE ( 'NONE', *, *, #819, .F. ) ;
#4644 = FACE_OUTER_BOUND ( 'NONE', #3773, .T. ) ;
#4645 = DIRECTION ( 'NONE',  ( -1.000000000000000000, -1.224646799147353700E-016, 0.0000000000000000000 ) ) ;
#4646 = SURFACE_STYLE_USAGE ( .BOTH. , #1307 ) ;
#4647 =( NAMED_UNIT ( * ) SI_UNIT ( $, .STERADIAN. ) SOLID_ANGLE_UNIT ( ) );
#4648 = CIRCLE ( 'NONE', #5939, 1.400000000000038300 ) ;
#4649 = CARTESIAN_POINT ( 'NONE',  ( 0.0000000000000000000, 0.0000000000000000000, 11.00000000000000200 ) ) ;
#4650 = ORIENTED_EDGE ( 'NONE', *, *, #495, .T. ) ;
#4651 = VERTEX_POINT ( 'NONE', #1630 ) ;
#4652 = STYLED_ITEM ( 'NONE', ( #138 ), #2312 ) ;
#4653 = ORIENTED_EDGE ( 'NONE', *, *, #1778, .F. ) ;
#4654 = CARTESIAN_POINT ( 'NONE',  ( -8.619999999999995700, 0.0000000000000000000, 5.200000000000001100 ) ) ;
#4655 = CYLINDRICAL_SURFACE ( 'NONE', #3631, 2.500000000000000000 ) ;
#4656 = AXIS2_PLACEMENT_3D ( 'NONE', #5319, #511, #1022 ) ;
#4657 = DIRECTION ( 'NONE',  ( 0.0000000000000000000, 0.0000000000000000000, 1.000000000000000000 ) ) ;
#4658 = AXIS2_PLACEMENT_3D ( 'NONE', #483, #3838, #979 ) ;
#4659 = EDGE_CURVE ( 'NONE', #1807, #4790, #5601, .T. ) ;
#4660 = ORIENTED_EDGE ( 'NONE', *, *, #4062, .F. ) ;
#4661 = VERTEX_POINT ( 'NONE', #4490 ) ;
#4662 = DIRECTION ( 'NONE',  ( -1.000000000000000000, -0.0000000000000000000, -0.0000000000000000000 ) ) ;
#4663 = EDGE_LOOP ( 'NONE', ( #2270, #156 ) ) ;
#4664 = EDGE_LOOP ( 'NONE', ( #4550, #6149, #1711, #2865 ) ) ;
#4665 = PRESENTATION_STYLE_ASSIGNMENT (( #5977 ) ) ;
#4666 = ADVANCED_FACE ( 'NONE', ( #669 ), #1944, .T. ) ;
#4667 = CARTESIAN_POINT ( 'NONE',  ( -8.219999999999995300, 0.0000000000000000000, 4.450000000000000200 ) ) ;
#4668 =( NAMED_UNIT ( * ) SI_UNIT ( $, .STERADIAN. ) SOLID_ANGLE_UNIT ( ) );
#4669 = ORIENTED_EDGE ( 'NONE', *, *, #4751, .T. ) ;
#4670 = DIRECTION ( 'NONE',  ( -1.000000000000000000, -0.0000000000000000000, -0.0000000000000000000 ) ) ;
#4671 = DIRECTION ( 'NONE',  ( 0.0000000000000000000, 0.0000000000000000000, 1.000000000000000000 ) ) ;
#4672 = PRESENTATION_STYLE_ASSIGNMENT (( #1421 ) ) ;
#4673 = EDGE_CURVE ( 'NONE', #3516, #764, #3055, .T. ) ;
#4674 = SHAPE_REPRESENTATION ( 'Тело12', ( #2144 ), #1826 ) ;
#4675 = ORIENTED_EDGE ( 'NONE', *, *, #698, .T. ) ;
#4676 = PRESENTATION_LAYER_ASSIGNMENT (  '', '', ( #4365 ) ) ;
#4677 =( NAMED_UNIT ( * ) PLANE_ANGLE_UNIT ( ) SI_UNIT ( $, .RADIAN. ) );
#4678 = MECHANICAL_DESIGN_GEOMETRIC_PRESENTATION_REPRESENTATION (  '', ( #4039 ), #5004 ) ;
#4679 = ORIENTED_EDGE ( 'NONE', *, *, #4673, .F. ) ;
#4680 = DIRECTION ( 'NONE',  ( 0.0000000000000000000, 0.0000000000000000000, 1.000000000000000000 ) ) ;
#4681 = CYLINDRICAL_SURFACE ( 'NONE', #5440, 2.999999999999996000 ) ;
#4682 = MECHANICAL_DESIGN_GEOMETRIC_PRESENTATION_REPRESENTATION (  '', ( #3389 ), #5006 ) ;
#4683 = DIRECTION ( 'NONE',  ( 0.0000000000000000000, 0.0000000000000000000, 1.000000000000000000 ) ) ;
#4684 = ADVANCED_FACE ( 'NONE', ( #1791 ), #2909, .T. ) ;
#4685 = SURFACE_STYLE_USAGE ( .BOTH. , #1340 ) ;
#4686 = DIRECTION ( 'NONE',  ( -0.0000000000000000000, -0.0000000000000000000, -1.000000000000000000 ) ) ;
#4687 = FACE_OUTER_BOUND ( 'NONE', #3227, .T. ) ;
#4688 = AXIS2_PLACEMENT_3D ( 'NONE', #6086, #2272, #5619 ) ;
#4689 = CARTESIAN_POINT ( 'NONE',  ( -11.99999999999999600, 0.0000000000000000000, 1.000000000000032200 ) ) ;
#4690 = CARTESIAN_POINT ( 'NONE',  ( -8.000000000000007100, 0.0000000000000000000, 0.0000000000000000000 ) ) ;
#4691 = VECTOR ( 'NONE', #3087, 1000.000000000000000 ) ;
#4692 = PRESENTATION_STYLE_ASSIGNMENT (( #4035 ) ) ;
#4693 = ORIENTED_EDGE ( 'NONE', *, *, #1729, .F. ) ;
#4694 = AXIS2_PLACEMENT_3D ( 'NONE', #5397, #2521, #5870 ) ;
#4695 = DIRECTION ( 'NONE',  ( 0.0000000000000000000, 0.0000000000000000000, 1.000000000000000000 ) ) ;
#4696 = ORIENTED_EDGE ( 'NONE', *, *, #5055, .F. ) ;
#4697 = ADVANCED_FACE ( 'NONE', ( #5459 ), #65, .T. ) ;
#4698 = LINE ( 'NONE', #332, #4551 ) ;
#4699 = CARTESIAN_POINT ( 'NONE',  ( -91.50000000000000000, 3.367778697655208200E-016, -2.499999999999987600 ) ) ;
#4700 =( NAMED_UNIT ( * ) SI_UNIT ( $, .STERADIAN. ) SOLID_ANGLE_UNIT ( ) );
#4701 = CIRCLE ( 'NONE', #1941, 0.1999999999999996500 ) ;
#4702 = EDGE_CURVE ( 'NONE', #3801, #3609, #3727, .T. ) ;
#4703 = STYLED_ITEM ( 'NONE', ( #4095 ), #5603 ) ;
#4704 = AXIS2_PLACEMENT_3D ( 'NONE', #2804, #6166, #3294 ) ;
#4705 = EDGE_CURVE ( 'NONE', #4106, #1154, #2458, .T. ) ;
#4706 = PRESENTATION_LAYER_ASSIGNMENT (  '', '', ( #4393 ) ) ;
#4707 = CARTESIAN_POINT ( 'NONE',  ( -8.219999999999995300, 0.0000000000000000000, 0.0000000000000000000 ) ) ;
#4708 = DIRECTION ( 'NONE',  ( 0.0000000000000000000, 0.0000000000000000000, 1.000000000000000000 ) ) ;
#4709 = DIRECTION ( 'NONE',  ( 0.0000000000000000000, -1.224646799147353500E-016, 1.000000000000000000 ) ) ;
#4710 = VERTEX_POINT ( 'NONE', #2607 ) ;
#4711 = CYLINDRICAL_SURFACE ( 'NONE', #2796, 1.400000000000038300 ) ;
#4712 = VECTOR ( 'NONE', #5150, 1000.000000000000000 ) ;
#4713 = CARTESIAN_POINT ( 'NONE',  ( -12.65999999999999700, 0.0000000000000000000, 0.0000000000000000000 ) ) ;
#4714 = DIRECTION ( 'NONE',  ( 0.0000000000000000000, 0.0000000000000000000, -1.000000000000000000 ) ) ;
#4715 = MECHANICAL_DESIGN_GEOMETRIC_PRESENTATION_REPRESENTATION (  '', ( #4073 ), #5039 ) ;
#4716 = ADVANCED_FACE ( 'NONE', ( #4874 ), #2295, .T. ) ;
#4717 = AXIS2_PLACEMENT_3D ( 'NONE', #4934, #2055, #5401 ) ;
#4718 = MECHANICAL_DESIGN_GEOMETRIC_PRESENTATION_REPRESENTATION (  '', ( #4079 ), #2134 ) ;
#4719 = STYLED_ITEM ( 'NONE', ( #4902 ), #1304 ) ;
#4720 = SURFACE_STYLE_USAGE ( .BOTH. , #1370 ) ;
#4721 = ORIENTED_EDGE ( 'NONE', *, *, #2474, .F. ) ;
#4722 = SURFACE_STYLE_FILL_AREA ( #1176 ) ;
#4723 = CYLINDRICAL_SURFACE ( 'NONE', #5173, 4.250000000000000000 ) ;
#4724 = ORIENTED_EDGE ( 'NONE', *, *, #761, .T. ) ;
#4725 = ORIENTED_EDGE ( 'NONE', *, *, #4702, .F. ) ;
#4726 = DIRECTION ( 'NONE',  ( -0.7071067811865479100, 0.0000000000000000000, 0.7071067811865472400 ) ) ;
#4727 = EDGE_CURVE ( 'NONE', #569, #5595, #1205, .T. ) ;
#4728 = DIRECTION ( 'NONE',  ( 0.0000000000000000000, 0.0000000000000000000, 1.000000000000000000 ) ) ;
#4729 =( NAMED_UNIT ( * ) SI_UNIT ( $, .STERADIAN. ) SOLID_ANGLE_UNIT ( ) );
#4730 = CARTESIAN_POINT ( 'NONE',  ( 0.0000000000000000000, 0.0000000000000000000, 11.00000000000000200 ) ) ;
#4731 = ORIENTED_EDGE ( 'NONE', *, *, #3298, .T. ) ;
#4732 = ADVANCED_FACE ( 'NONE', ( #6126 ), #4711, .F. ) ;
#4733 = DIRECTION ( 'NONE',  ( -0.0000000000000000000, -0.0000000000000000000, -1.000000000000000000 ) ) ;
#4734 = CARTESIAN_POINT ( 'NONE',  ( -1.532129444674643200, -1.876317420300213100E-016, 26.97549471392888500 ) ) ;
#4735 = CARTESIAN_POINT ( 'NONE',  ( -11.99999999999999600, 2.204364238465255800E-016, -1.800000000000016300 ) ) ;
#4736 = ORIENTED_EDGE ( 'NONE', *, *, #1961, .F. ) ;
#4737 = AXIS2_PLACEMENT_3D ( 'NONE', #781, #4126, #1272 ) ;
#4738 = PRESENTATION_STYLE_ASSIGNMENT (( #2344 ) ) ;
#4739 = MANIFOLD_SOLID_BREP ( 'Заготовка-Дет10-1', #5152 ) ;
#4740 = ORIENTED_EDGE ( 'NONE', *, *, #2451, .F. ) ;
#4741 = SURFACE_STYLE_USAGE ( .BOTH. , #1394 ) ;
#4743 = FILL_AREA_STYLE ('',( #1753 ) ) ;
#4742 = DIRECTION ( 'NONE',  ( 0.0000000000000000000, 1.000000000000000000, 0.0000000000000000000 ) ) ;
#4744 = COLOUR_RGB ( '',0.1098039215686274500, 0.1098039215686274500, 0.1098039215686274500 ) ;
#4745 = DIRECTION ( 'NONE',  ( -1.000000000000000000, -0.0000000000000000000, -0.0000000000000000000 ) ) ;
#4746 = AXIS2_PLACEMENT_3D ( 'NONE', #4152, #1296, #4640 ) ;
#4747 =( NAMED_UNIT ( * ) SI_UNIT ( $, .STERADIAN. ) SOLID_ANGLE_UNIT ( ) );
#4748 = DIRECTION ( 'NONE',  ( -0.0000000000000000000, 1.000000000000000000, 1.224646799147353200E-016 ) ) ;
#4749 = ORIENTED_EDGE ( 'NONE', *, *, #3005, .F. ) ;
#4750 = CARTESIAN_POINT ( 'NONE',  ( -109.0931819508298400, 0.0000000000000000000, 0.0000000000000000000 ) ) ;
#4751 = EDGE_CURVE ( 'NONE', #3686, #5103, #582, .T. ) ;
#4752 = CARTESIAN_POINT ( 'NONE',  ( -13.95999999999999600, 0.0000000000000000000, 0.0000000000000000000 ) ) ;
#4753 =( LENGTH_UNIT ( ) NAMED_UNIT ( * ) SI_UNIT ( .MILLI., .METRE. ) );
#4755 =( NAMED_UNIT ( * ) PLANE_ANGLE_UNIT ( ) SI_UNIT ( $, .RADIAN. ) );
#4754 = SURFACE_STYLE_USAGE ( .BOTH. , #1409 ) ;
#4756 =( GEOMETRIC_REPRESENTATION_CONTEXT ( 3 ) GLOBAL_UNCERTAINTY_ASSIGNED_CONTEXT ( ( #4926 ) ) GLOBAL_UNIT_ASSIGNED_CONTEXT ( ( #3530, #665, #4011 ) ) REPRESENTATION_CONTEXT ( 'NONE', 'WORKASPACE' ) );
#4757 = SURFACE_STYLE_USAGE ( .BOTH. , #1411 ) ;
#4758 = COLOUR_RGB ( '',0.6470588235294118000, 0.6196078431372549200, 0.5882352941176470800 ) ;
#4759 = MECHANICAL_DESIGN_GEOMETRIC_PRESENTATION_REPRESENTATION (  '', ( #4117 ), #5083 ) ;
#4760 = EDGE_LOOP ( 'NONE', ( #5615, #5551, #3386, #355 ) ) ;
#4761 = DIRECTION ( 'NONE',  ( -1.000000000000000000, -0.0000000000000000000, -0.0000000000000000000 ) ) ;
#4762 = VECTOR ( 'NONE', #1448, 1000.000000000000000 ) ;
#4763 =( LENGTH_UNIT ( ) NAMED_UNIT ( * ) SI_UNIT ( .MILLI., .METRE. ) );
#4764 = CIRCLE ( 'NONE', #3514, 1.750000000000002400 ) ;
#4765 = AXIS2_PLACEMENT_3D ( 'NONE', #4288, #1426, #4767 ) ;
#4766 = DIRECTION ( 'NONE',  ( 1.000000000000000000, 0.0000000000000000000, 0.0000000000000000000 ) ) ;
#4767 = DIRECTION ( 'NONE',  ( -1.000000000000000000, 0.0000000000000000000, 0.0000000000000000000 ) ) ;
#4768 =( NAMED_UNIT ( * ) PLANE_ANGLE_UNIT ( ) SI_UNIT ( $, .RADIAN. ) );
#4769 = VECTOR ( 'NONE', #4261, 1000.000000000000000 ) ;
#4770 = FACE_OUTER_BOUND ( 'NONE', #500, .T. ) ;
#4771 = CIRCLE ( 'NONE', #3463, 0.1999999999999996500 ) ;
#4772 = DIRECTION ( 'NONE',  ( -1.000000000000000000, -0.0000000000000000000, -0.0000000000000000000 ) ) ;
#4773 = CARTESIAN_POINT ( 'NONE',  ( -93.50000000000000000, 0.0000000000000000000, -0.6000000000000529400 ) ) ;
#4774 = DIRECTION ( 'NONE',  ( 0.0000000000000000000, 0.0000000000000000000, 1.000000000000000000 ) ) ;
#4775 = SURFACE_STYLE_USAGE ( .BOTH. , #1432 ) ;
#4776 = ORIENTED_EDGE ( 'NONE', *, *, #2017, .F. ) ;
#4777 = TOROIDAL_SURFACE ( 'NONE', #5886, 5.500000000000001800, 0.5000000000000000000 ) ;
#4778 = TOROIDAL_SURFACE ( 'NONE', #1128, 4.450000000000000200, 0.1999999999999992300 ) ;
#4779 = COLOUR_RGB ( '',0.1098039215686274500, 0.1098039215686274500, 0.1098039215686274500 ) ;
#4780 = ORIENTED_EDGE ( 'NONE', *, *, #1705, .T. ) ;
#4781 = CARTESIAN_POINT ( 'NONE',  ( -92.50000000000000000, 0.0000000000000000000, 0.0000000000000000000 ) ) ;
#4782 = AXIS2_PLACEMENT_3D ( 'NONE', #2499, #5851, #2984 ) ;
#4784 = DIRECTION ( 'NONE',  ( 0.0000000000000000000, 0.0000000000000000000, 1.000000000000000000 ) ) ;
#4783 = CARTESIAN_POINT ( 'NONE',  ( -8.000000000000007100, 0.0000000000000000000, 0.0000000000000000000 ) ) ;
#4785 = ORIENTED_EDGE ( 'NONE', *, *, #3175, .T. ) ;
#4786 = VERTEX_POINT ( 'NONE', #749 ) ;
#4787 = ORIENTED_EDGE ( 'NONE', *, *, #4111, .T. ) ;
#4788 = TOROIDAL_SURFACE ( 'NONE', #3538, 0.9000000000000379900, 0.5000000000000002200 ) ;
#4789 = STYLED_ITEM ( 'NONE', ( #3329 ), #3223 ) ;
#4790 = VERTEX_POINT ( 'NONE', #1736 ) ;
#4791 = FILL_AREA_STYLE ('',( #3177 ) ) ;
#4792 = EDGE_CURVE ( 'NONE', #3584, #1443, #5981, .T. ) ;
#4793 = ORIENTED_EDGE ( 'NONE', *, *, #5734, .F. ) ;
#4794 = FILL_AREA_STYLE_COLOUR ( '', #2564 ) ;
#4795 = CARTESIAN_POINT ( 'NONE',  ( -15.07999999999999700, 0.0000000000000000000, 4.450000000000001100 ) ) ;
#4796 = MECHANICAL_DESIGN_GEOMETRIC_PRESENTATION_REPRESENTATION (  '', ( #4141 ), #5112 ) ;
#4797 = PRODUCT_RELATED_PRODUCT_CATEGORY ( 'part', '', ( #4091 ) ) ;
#4798 =( LENGTH_UNIT ( ) NAMED_UNIT ( * ) SI_UNIT ( .MILLI., .METRE. ) );
#4799 = EDGE_LOOP ( 'NONE', ( #2770, #550, #2785, #2623 ) ) ;
#4800 = EDGE_CURVE ( 'NONE', #1717, #5995, #5014, .T. ) ;
#4801 = CIRCLE ( 'NONE', #5833, 4.450000000000002000 ) ;
#4802 =( NAMED_UNIT ( * ) SI_UNIT ( $, .STERADIAN. ) SOLID_ANGLE_UNIT ( ) );
#4803 = VECTOR ( 'NONE', #5618, 1000.000000000000000 ) ;
#4804 = AXIS2_PLACEMENT_3D ( 'NONE', #4876, #561, #3915 ) ;
#4805 = FILL_AREA_STYLE_COLOUR ( '', #1191 ) ;
#4806 = MECHANICAL_DESIGN_GEOMETRIC_PRESENTATION_REPRESENTATION (  '', ( #4153 ), #5120 ) ;
#4807 = CIRCLE ( 'NONE', #687, 0.1999999999999996500 ) ;
#4808 = STYLED_ITEM ( 'NONE', ( #2128 ), #1656 ) ;
#4809 = CARTESIAN_POINT ( 'NONE',  ( -111.8192135558113600, 0.0000000000000000000, 0.0000000000000000000 ) ) ;
#4810 = ORIENTED_EDGE ( 'NONE', *, *, #3325, .T. ) ;
#4811 = DIRECTION ( 'NONE',  ( 0.0000000000000000000, 0.0000000000000000000, 1.000000000000000000 ) ) ;
#4812 = CARTESIAN_POINT ( 'NONE',  ( -102.6292860697262900, 0.0000000000000000000, 5.400000000000000400 ) ) ;
#4813 = FILL_AREA_STYLE ('',( #1463 ) ) ;
#4814 = ORIENTED_EDGE ( 'NONE', *, *, #1524, .F. ) ;
#4815 = DIRECTION ( 'NONE',  ( -1.000000000000000000, -0.0000000000000000000, -0.0000000000000000000 ) ) ;
#4816 = CARTESIAN_POINT ( 'NONE',  ( -91.50000000000000000, 0.0000000000000000000, 2.200000000000024200 ) ) ;
#4817 = DIRECTION ( 'NONE',  ( -1.000000000000000000, -0.0000000000000000000, -0.0000000000000000000 ) ) ;
#4818 =( LENGTH_UNIT ( ) NAMED_UNIT ( * ) SI_UNIT ( .MILLI., .METRE. ) );
#4819 = LINE ( 'NONE', #798, #373 ) ;
#4820 = SURFACE_STYLE_USAGE ( .BOTH. , #1471 ) ;
#4822 = CARTESIAN_POINT ( 'NONE',  ( -11.73999999999999300, 6.368163355566237400E-016, -5.200000000000001100 ) ) ;
#4821 = CARTESIAN_POINT ( 'NONE',  ( 1.650000000000003200, 2.081899558550504700E-016, 22.50000000000000000 ) ) ;
#4823 =( GEOMETRIC_REPRESENTATION_CONTEXT ( 3 ) GLOBAL_UNCERTAINTY_ASSIGNED_CONTEXT ( ( #1213 ) ) GLOBAL_UNIT_ASSIGNED_CONTEXT ( ( #1885, #5241, #2357 ) ) REPRESENTATION_CONTEXT ( 'NONE', 'WORKASPACE' ) );
#4824 = ORIENTED_EDGE ( 'NONE', *, *, #5158, .T. ) ;
#4825 = ORIENTED_EDGE ( 'NONE', *, *, #5430, .T. ) ;
#4826 = CARTESIAN_POINT ( 'NONE',  ( -13.06000000000000200, 6.613092715395707500E-016, -5.400000000000000400 ) ) ;
#4827 = VERTEX_POINT ( 'NONE', #1279 ) ;
#4828 = PRESENTATION_STYLE_ASSIGNMENT (( #4290 ) ) ;
#4829 = ORIENTED_EDGE ( 'NONE', *, *, #168, .T. ) ;
#4830 = CYLINDRICAL_SURFACE ( 'NONE', #1309, 1.750000000000003300 ) ;
#4831 = CARTESIAN_POINT ( 'NONE',  ( -6.000000000000000900, 0.0000000000000000000, 11.50000000000000200 ) ) ;
#4832 = EDGE_LOOP ( 'NONE', ( #5118, #2581, #840, #5783 ) ) ;
#4833 = DIRECTION ( 'NONE',  ( -1.000000000000000000, -0.0000000000000000000, -0.0000000000000000000 ) ) ;
#4834 = CIRCLE ( 'NONE', #1202, 2.000000000000000000 ) ;
#4835 = EDGE_CURVE ( 'NONE', #4065, #3473, #4254, .T. ) ;
#4836 = ORIENTED_EDGE ( 'NONE', *, *, #3409, .F. ) ;
#4837 = SURFACE_SIDE_STYLE ('',( #3471 ) ) ;
#4838 = MECHANICAL_DESIGN_GEOMETRIC_PRESENTATION_REPRESENTATION (  '', ( #3856 ), #5141 ) ;
#4839 = EDGE_CURVE ( 'NONE', #239, #2258, #2974, .T. ) ;
#4840 = CARTESIAN_POINT ( 'NONE',  ( -14.87999999999999000, 0.0000000000000000000, 4.250000000000000000 ) ) ;
#4841 = DIRECTION ( 'NONE',  ( -1.000000000000000000, -0.0000000000000000000, -0.0000000000000000000 ) ) ;
#4842 = ORIENTED_EDGE ( 'NONE', *, *, #3692, .F. ) ;
#4843 = LINE ( 'NONE', #912, #1170 ) ;
#4844 = AXIS2_PLACEMENT_3D ( 'NONE', #3140, #769, #946 ) ;
#4845 = DIRECTION ( 'NONE',  ( 0.0000000000000000000, 0.0000000000000000000, -1.000000000000000000 ) ) ;
#4846 = CARTESIAN_POINT ( 'NONE',  ( -92.50000000000000000, 0.0000000000000000000, 1.400000000000038300 ) ) ;
#4848 =( NAMED_UNIT ( * ) PLANE_ANGLE_UNIT ( ) SI_UNIT ( $, .RADIAN. ) );
#4847 = AXIS2_PLACEMENT_3D ( 'NONE', #3769, #893, #4244 ) ;
#4849 = AXIS2_PLACEMENT_3D ( 'NONE', #5137, #5599, #4680 ) ;
#4850 = PRESENTATION_LAYER_ASSIGNMENT (  '', '', ( #4516 ) ) ;
#4851 = DIRECTION ( 'NONE',  ( 0.0000000000000000000, 0.0000000000000000000, -1.000000000000000000 ) ) ;
#4852 = LINE ( 'NONE', #379, #1626 ) ;
#4853 = FACE_OUTER_BOUND ( 'NONE', #4499, .T. ) ;
#4854 = PRODUCT_DEFINITION_SHAPE ( 'NONE', 'NONE',  #6218 ) ;
#4855 = DIRECTION ( 'NONE',  ( -1.000000000000000000, -0.0000000000000000000, -0.0000000000000000000 ) ) ;
#4856 = EDGE_CURVE ( 'NONE', #5353, #3974, #1727, .T. ) ;
#4857 = SURFACE_STYLE_USAGE ( .BOTH. , #1501 ) ;
#4858 = CIRCLE ( 'NONE', #4248, 4.450000000000002000 ) ;
#4859 = TOROIDAL_SURFACE ( 'NONE', #5389, 4.450000000000000200, 0.2000000000000000900 ) ;
#4860 = CYLINDRICAL_SURFACE ( 'NONE', #3064, 1.800000000000016300 ) ;
#4861 = FACE_OUTER_BOUND ( 'NONE', #4760, .T. ) ;
#4862 = ORIENTED_EDGE ( 'NONE', *, *, #628, .T. ) ;
#4863 = CARTESIAN_POINT ( 'NONE',  ( -14.15999999999999100, 0.0000000000000000000, 0.0000000000000000000 ) ) ;
#4864 = DIRECTION ( 'NONE',  ( -1.000000000000000000, -0.0000000000000000000, -0.0000000000000000000 ) ) ;
#4865 = CARTESIAN_POINT ( 'NONE',  ( -6.999999999999993800, 0.0000000000000000000, 1.797534614761419800E-031 ) ) ;
#4866 = CARTESIAN_POINT ( 'NONE',  ( 0.0000000000000000000, 0.0000000000000000000, 11.50000000000000200 ) ) ;
#4867 = CIRCLE ( 'NONE', #5580, 5.199999999999999300 ) ;
#4868 =( NAMED_UNIT ( * ) PLANE_ANGLE_UNIT ( ) SI_UNIT ( $, .RADIAN. ) );
#4869 = AXIS2_PLACEMENT_3D ( 'NONE', #4404, #1538, #4888 ) ;
#4870 = CARTESIAN_POINT ( 'NONE',  ( 0.0000000000000000000, 0.0000000000000000000, -8.178233058921771100 ) ) ;
#4871 = DIRECTION ( 'NONE',  ( 0.0000000000000000000, -1.000000000000000000, 0.0000000000000000000 ) ) ;
#4872 = ORIENTED_EDGE ( 'NONE', *, *, #1105, .T. ) ;
#4873 = ORIENTED_EDGE ( 'NONE', *, *, #1592, .F. ) ;
#4874 = FACE_OUTER_BOUND ( 'NONE', #1125, .T. ) ;
#4875 = CIRCLE ( 'NONE', #2540, 1.750000000000003300 ) ;
#4876 = CARTESIAN_POINT ( 'NONE',  ( -18.39999999999999500, 0.0000000000000000000, 0.0000000000000000000 ) ) ;
#4877 = AXIS2_PLACEMENT_3D ( 'NONE', #210, #3562, #691 ) ;
#4878 = AXIS2_PLACEMENT_3D ( 'NONE', #4973, #5453, #3549 ) ;
#4879 = PRESENTATION_STYLE_ASSIGNMENT (( #2366 ) ) ;
#4880 = UNCERTAINTY_MEASURE_WITH_UNIT (LENGTH_MEASURE( 1.000000000000000100E-005 ), #157, 'distance_accuracy_value', 'NONE');
#4881 = ORIENTED_EDGE ( 'NONE', *, *, #3620, .T. ) ;
#4882 = PLANE ( 'NONE',  #2572 ) ;
#4883 = DIRECTION ( 'NONE',  ( 0.0000000000000000000, 0.0000000000000000000, 1.000000000000000000 ) ) ;
#4884 = ORIENTED_EDGE ( 'NONE', *, *, #1748, .F. ) ;
#4885 = CARTESIAN_POINT ( 'NONE',  ( -91.00000000000000000, 0.0000000000000000000, 0.0000000000000000000 ) ) ;
#4886 = ORIENTED_EDGE ( 'NONE', *, *, #3256, .T. ) ;
#4887 = CARTESIAN_POINT ( 'NONE',  ( 1.311199880360261800, 0.0000000000000000000, 22.61045284632676600 ) ) ;
#4888 = DIRECTION ( 'NONE',  ( -1.000000000000000000, 0.0000000000000000000, 0.0000000000000000000 ) ) ;
#4889 = ITEM_DEFINED_TRANSFORMATION ( 'NONE', 'NONE', #3626,  #2144 ) ;
#4890 = CARTESIAN_POINT ( 'NONE',  ( -115.6523383537547100, 1.224646799147406200E-016, -1.000000000000043100 ) ) ;
#4891 = AXIS2_PLACEMENT_3D ( 'NONE', #6037, #3164, #305 ) ;
#4892 = SURFACE_SIDE_STYLE ('',( #2881 ) ) ;
#4893 = ORIENTED_EDGE ( 'NONE', *, *, #3736, .T. ) ;
#4894 = ADVANCED_FACE ( 'NONE', ( #4115 ), #5381, .T. ) ;
#4895 = TOROIDAL_SURFACE ( 'NONE', #3744, 4.450000000000000200, 0.1999999999999992300 ) ;
#4896 = ORIENTED_EDGE ( 'NONE', *, *, #4178, .F. ) ;
#4897 = ORIENTED_EDGE ( 'NONE', *, *, #2560, .F. ) ;
#4898 = CIRCLE ( 'NONE', #1912, 0.1999999999999996500 ) ;
#4899 = VERTEX_POINT ( 'NONE', #3683 ) ;
#4900 = STYLED_ITEM ( 'NONE', ( #502 ), #2115 ) ;
#4901 = DIRECTION ( 'NONE',  ( 0.0000000000000000000, 0.0000000000000000000, 1.000000000000000000 ) ) ;
#4902 = PRESENTATION_STYLE_ASSIGNMENT (( #4857 ) ) ;
#4903 = ORIENTED_EDGE ( 'NONE', *, *, #3979, .T. ) ;
#4904 =( NAMED_UNIT ( * ) PLANE_ANGLE_UNIT ( ) SI_UNIT ( $, .RADIAN. ) );
#4905 = AXIS2_PLACEMENT_3D ( 'NONE', #3072, #190, #2598 ) ;
#4906 = CARTESIAN_POINT ( 'NONE',  ( -11.93999999999999200, 0.0000000000000000000, 0.0000000000000000000 ) ) ;
#4907 = ORIENTED_EDGE ( 'NONE', *, *, #3946, .F. ) ;
#4908 = EDGE_CURVE ( 'NONE', #3455, #4427, #2820, .T. ) ;
#4909 = CARTESIAN_POINT ( 'NONE',  ( -109.0931819508298400, 0.0000000000000000000, 0.0000000000000000000 ) ) ;
#4910 = PRESENTATION_LAYER_ASSIGNMENT (  '', '', ( #4586 ) ) ;
#4911 = MECHANICAL_DESIGN_GEOMETRIC_PRESENTATION_REPRESENTATION (  '', ( #4262 ), #5228 ) ;
#4912 = ORIENTED_EDGE ( 'NONE', *, *, #1372, .F. ) ;
#4913 = AXIS2_PLACEMENT_3D ( 'NONE', #1673, #5017, #2142 ) ;
#4914 = FILL_AREA_STYLE ('',( #2973 ) ) ;
#4915 = VECTOR ( 'NONE', #5722, 1000.000000000000000 ) ;
#4916 = VECTOR ( 'NONE', #4864, 1000.000000000000000 ) ;
#4917 = DIRECTION ( 'NONE',  ( 0.0000000000000000000, 0.0000000000000000000, -1.000000000000000000 ) ) ;
#4918 = DIRECTION ( 'NONE',  ( -0.0000000000000000000, -0.0000000000000000000, -1.000000000000000000 ) ) ;
#4919 = EDGE_CURVE ( 'NONE', #5557, #4710, #1567, .T. ) ;
#4920 = FILL_AREA_STYLE ('',( #4437 ) ) ;
#4921 = SURFACE_STYLE_USAGE ( .BOTH. , #1573 ) ;
#4922 = CARTESIAN_POINT ( 'NONE',  ( -92.00000000000000000, 2.694222958124206100E-016, -2.200000000000024200 ) ) ;
#4923 = FACE_OUTER_BOUND ( 'NONE', #296, .T. ) ;
#4924 = AXIS2_PLACEMENT_3D ( 'NONE', #4089, #1235, #4565 ) ;
#4925 = AXIS2_PLACEMENT_3D ( 'NONE', #1919, #5273, #2388 ) ;
#4926 = UNCERTAINTY_MEASURE_WITH_UNIT (LENGTH_MEASURE( 1.000000000000000100E-005 ), #3530, 'distance_accuracy_value', 'NONE');
#4927 = FILL_AREA_STYLE_COLOUR ( '', #1404 ) ;
#4928 = ORIENTED_EDGE ( 'NONE', *, *, #737, .F. ) ;
#4929 = ORIENTED_EDGE ( 'NONE', *, *, #1299, .T. ) ;
#4930 = DIRECTION ( 'NONE',  ( -0.0000000000000000000, -0.0000000000000000000, -1.000000000000000000 ) ) ;
#4931 = EDGE_LOOP ( 'NONE', ( #774, #2632 ) ) ;
#4932 = EDGE_CURVE ( 'NONE', #5341, #132, #432, .T. ) ;
#4933 = ORIENTED_EDGE ( 'NONE', *, *, #2533, .T. ) ;
#4934 = CARTESIAN_POINT ( 'NONE',  ( -12.85999999999999600, 0.0000000000000000000, 0.0000000000000000000 ) ) ;
#4935 = ORIENTED_EDGE ( 'NONE', *, *, #1208, .T. ) ;
#4936 = LINE ( 'NONE', #5481, #6047 ) ;
#4937 = EDGE_LOOP ( 'NONE', ( #692, #4975 ) ) ;
#4938 = CARTESIAN_POINT ( 'NONE',  ( 1.750000000000003300, 2.143131898507872000E-016, -8.178233058921771100 ) ) ;
#4939 = DIRECTION ( 'NONE',  ( 0.0000000000000000000, -1.000000000000000000, 0.0000000000000000000 ) ) ;
#4940 = MECHANICAL_DESIGN_GEOMETRIC_PRESENTATION_REPRESENTATION (  '', ( #1738 ), #5262 ) ;
#4941 =( LENGTH_UNIT ( ) NAMED_UNIT ( * ) SI_UNIT ( .MILLI., .METRE. ) );
#4942 = ADVANCED_FACE ( 'NONE', ( #289 ), #4637, .T. ) ;
#4943 = CIRCLE ( 'NONE', #1980, 5.400000000000000400 ) ;
#4944 = COLOUR_RGB ( '',0.1098039215686274500, 0.1098039215686274500, 0.1098039215686274500 ) ;
#4945 = VERTEX_POINT ( 'NONE', #2751 ) ;
#4946 = DIRECTION ( 'NONE',  ( -1.000000000000000000, -0.0000000000000000000, -0.0000000000000000000 ) ) ;
#4947 = EDGE_CURVE ( 'NONE', #1412, #3391, #2232, .T. ) ;
#4948 = FACE_OUTER_BOUND ( 'NONE', #2542, .T. ) ;
#4949 = VECTOR ( 'NONE', #1324, 1000.000000000000000 ) ;
#4950 =( GEOMETRIC_REPRESENTATION_CONTEXT ( 3 ) GLOBAL_UNCERTAINTY_ASSIGNED_CONTEXT ( ( #371 ) ) GLOBAL_UNIT_ASSIGNED_CONTEXT ( ( #1865, #5210, #2342 ) ) REPRESENTATION_CONTEXT ( 'NONE', 'WORKASPACE' ) );
#4951 = EDGE_CURVE ( 'NONE', #2754, #3437, #3507, .T. ) ;
#4952 = CARTESIAN_POINT ( 'NONE',  ( -9.919999999999998200, 5.327213576290988200E-016, -4.250000000000000000 ) ) ;
#4953 = EDGE_CURVE ( 'NONE', #3262, #4661, #5894, .T. ) ;
#4954 =( LENGTH_UNIT ( ) NAMED_UNIT ( * ) SI_UNIT ( .MILLI., .METRE. ) );
#4955 = DIRECTION ( 'NONE',  ( -1.000000000000000000, -1.224646799147353700E-016, 0.0000000000000000000 ) ) ;
#4956 = CARTESIAN_POINT ( 'NONE',  ( 0.0000000000000000000, 0.0000000000000000000, 22.59999999999999800 ) ) ;
#4957 = PRESENTATION_STYLE_ASSIGNMENT (( #3962 ) ) ;
#4958 = PRESENTATION_LAYER_ASSIGNMENT (  '', '', ( #4318 ) ) ;
#4959 = DIRECTION ( 'NONE',  ( -1.000000000000000000, -0.0000000000000000000, -0.0000000000000000000 ) ) ;
#4960 =( LENGTH_UNIT ( ) NAMED_UNIT ( * ) SI_UNIT ( .MILLI., .METRE. ) );
#4961 = FILL_AREA_STYLE_COLOUR ( '', #4019 ) ;
#4962 = AXIS2_PLACEMENT_3D ( 'NONE', #5769, #2897, #32 ) ;
#4963 = EDGE_LOOP ( 'NONE', ( #4131, #5885 ) ) ;
#4964 = LINE ( 'NONE', #675, #2399 ) ;
#4965 =( LENGTH_UNIT ( ) NAMED_UNIT ( * ) SI_UNIT ( .MILLI., .METRE. ) );
#4966 = FILL_AREA_STYLE ('',( #5444 ) ) ;
#4967 = DIRECTION ( 'NONE',  ( 0.0000000000000000000, 0.0000000000000000000, 1.000000000000000000 ) ) ;
#4968 = ORIENTED_EDGE ( 'NONE', *, *, #4727, .T. ) ;
#4969 = VERTEX_POINT ( 'NONE', #860 ) ;
#4970 = LINE ( 'NONE', #5697, #2708 ) ;
#4971 = ADVANCED_FACE ( 'NONE', ( #3352 ), #2902, .F. ) ;
#4972 = CARTESIAN_POINT ( 'NONE',  ( -11.00000000000001100, 3.184081677783131000E-016, -2.600000000000010300 ) ) ;
#4973 = CARTESIAN_POINT ( 'NONE',  ( 0.0000000000000000000, 0.0000000000000000000, 25.00000000000000000 ) ) ;
#4974 = CARTESIAN_POINT ( 'NONE',  ( -93.50000000000000000, 0.0000000000000000000, 0.6000000000000529400 ) ) ;
#4975 = ORIENTED_EDGE ( 'NONE', *, *, #3378, .T. ) ;
#4976 = FILL_AREA_STYLE ('',( #1635 ) ) ;
#4977 = AXIS2_PLACEMENT_3D ( 'NONE', #4242, #4733, #6168 ) ;
#4978 = FILL_AREA_STYLE_COLOUR ( '', #641 ) ;
#4979 = DIRECTION ( 'NONE',  ( 0.0000000000000000000, 0.0000000000000000000, 1.000000000000000000 ) ) ;
#4980 = DIRECTION ( 'NONE',  ( 0.0000000000000000000, 0.0000000000000000000, 1.000000000000000000 ) ) ;
#4981 = CARTESIAN_POINT ( 'NONE',  ( -18.59999999999999100, 0.0000000000000000000, 0.0000000000000000000 ) ) ;
#4982 = ADVANCED_FACE ( 'NONE', ( #965 ), #3581, .T. ) ;
#4983 = AXIS2_PLACEMENT_3D ( 'NONE', #2477, #5826, #2949 ) ;
#4984 = ORIENTED_EDGE ( 'NONE', *, *, #737, .T. ) ;
#4986 = DIRECTION ( 'NONE',  ( 0.0000000000000000000, 0.0000000000000000000, 1.000000000000000000 ) ) ;
#4985 = AXIS2_PLACEMENT_3D ( 'NONE', #3797, #6180, #463 ) ;
#4987 = TOROIDAL_SURFACE ( 'NONE', #4688, 4.450000000000000200, 0.2000000000000000900 ) ;
#4988 = EDGE_CURVE ( 'NONE', #4441, #4945, #4867, .T. ) ;
#4989 = DIRECTION ( 'NONE',  ( 6.505213034913025800E-015, 0.0000000000000000000, 1.000000000000000000 ) ) ;
#4990 = CYLINDRICAL_SURFACE ( 'NONE', #2569, 4.250000000000000000 ) ;
#4991 = FACE_OUTER_BOUND ( 'NONE', #3696, .T. ) ;
#4992 = CARTESIAN_POINT ( 'NONE',  ( -93.50000000000000000, 0.0000000000000000000, 0.0000000000000000000 ) ) ;
#4993 = COLOUR_RGB ( '',0.6470588235294118000, 0.6196078431372549200, 0.5882352941176470800 ) ;
#4994 = EDGE_CURVE ( 'NONE', #2721, #5337, #6119, .T. ) ;
#4995 = PRESENTATION_STYLE_ASSIGNMENT (( #77 ) ) ;
#4996 = ORIENTED_EDGE ( 'NONE', *, *, #4751, .F. ) ;
#4997 = CARTESIAN_POINT ( 'NONE',  ( 45.95299583179966900, 64.68143102510454400, 64.76094049792443700 ) ) ;
#4998 = MECHANICAL_DESIGN_GEOMETRIC_PRESENTATION_REPRESENTATION (  '', ( #4365 ), #5323 ) ;
#4999 = CARTESIAN_POINT ( 'NONE',  ( -17.09999999999999100, 0.0000000000000000000, 4.250000000000000000 ) ) ;
#5000 = CARTESIAN_POINT ( 'NONE',  ( -10.83999999999999600, 0.0000000000000000000, 0.0000000000000000000 ) ) ;
#5001 = VERTEX_POINT ( 'NONE', #438 ) ;
#5002 = PRESENTATION_STYLE_ASSIGNMENT (( #2879 ) ) ;
#5003 = PRESENTATION_STYLE_ASSIGNMENT (( #6011 ) ) ;
#5005 = SURFACE_STYLE_FILL_AREA ( #2937 ) ;
#5004 =( GEOMETRIC_REPRESENTATION_CONTEXT ( 3 ) GLOBAL_UNCERTAINTY_ASSIGNED_CONTEXT ( ( #2696 ) ) GLOBAL_UNIT_ASSIGNED_CONTEXT ( ( #4960, #2089, #5433 ) ) REPRESENTATION_CONTEXT ( 'NONE', 'WORKASPACE' ) );
#5006 =( GEOMETRIC_REPRESENTATION_CONTEXT ( 3 ) GLOBAL_UNCERTAINTY_ASSIGNED_CONTEXT ( ( #2938 ) ) GLOBAL_UNIT_ASSIGNED_CONTEXT ( ( #4236, #1385, #4729 ) ) REPRESENTATION_CONTEXT ( 'NONE', 'WORKASPACE' ) );
#5007 =( NAMED_UNIT ( * ) PLANE_ANGLE_UNIT ( ) SI_UNIT ( $, .RADIAN. ) );
#5008 = UNCERTAINTY_MEASURE_WITH_UNIT (LENGTH_MEASURE( 1.000000000000000100E-005 ), #853, 'distance_accuracy_value', 'NONE');
#5009 = DIRECTION ( 'NONE',  ( -1.000000000000000000, -1.224646799147353200E-016, 0.0000000000000000000 ) ) ;
#5010 = ADVANCED_FACE ( 'NONE', ( #1194, #2291 ), #4249, .F. ) ;
#5011 = DIRECTION ( 'NONE',  ( 0.0000000000000000000, 0.0000000000000000000, 1.000000000000000000 ) ) ;
#5012 = ORIENTED_EDGE ( 'NONE', *, *, #4270, .T. ) ;
#5013 = SURFACE_STYLE_USAGE ( .BOTH. , #1665 ) ;
#5014 = CIRCLE ( 'NONE', #4104, 1.800000000000040000 ) ;
#5015 = FACE_OUTER_BOUND ( 'NONE', #4582, .T. ) ;
#5016 = STYLED_ITEM ( 'NONE', ( #6097 ), #1857 ) ;
#5017 = DIRECTION ( 'NONE',  ( 0.0000000000000000000, 0.0000000000000000000, 1.000000000000000000 ) ) ;
#5018 = PRESENTATION_STYLE_ASSIGNMENT (( #967 ) ) ;
#5019 = CARTESIAN_POINT ( 'NONE',  ( -16.37999999999999200, 0.0000000000000000000, 0.0000000000000000000 ) ) ;
#5020 = STYLED_ITEM ( 'NONE', ( #126 ), #3011 ) ;
#5021 = CARTESIAN_POINT ( 'NONE',  ( -102.6292860697262900, 5.204748896376250700E-016, -4.250000000000000000 ) ) ;
#5022 = CARTESIAN_POINT ( 'NONE',  ( -18.59999999999999100, 0.0000000000000000000, 0.0000000000000000000 ) ) ;
#5023 =( NAMED_UNIT ( * ) PLANE_ANGLE_UNIT ( ) SI_UNIT ( $, .RADIAN. ) );
#5024 = ORIENTED_EDGE ( 'NONE', *, *, #3931, .T. ) ;
#5025 = EDGE_CURVE ( 'NONE', #2045, #6190, #2450, .T. ) ;
#5026 = EDGE_LOOP ( 'NONE', ( #1759, #1886 ) ) ;
#5027 = CARTESIAN_POINT ( 'NONE',  ( -91.00000000000000000, 3.061616997868371800E-016, -2.499999999999991100 ) ) ;
#5028 = DIRECTION ( 'NONE',  ( -1.000000000000000000, -0.0000000000000000000, -0.0000000000000000000 ) ) ;
#5029 = EDGE_CURVE ( 'NONE', #5341, #3890, #5971, .T. ) ;
#5030 = PRESENTATION_LAYER_ASSIGNMENT (  '', '', ( #4703 ) ) ;
#5031 = AXIS2_PLACEMENT_3D ( 'NONE', #4730, #1859, #5201 ) ;
#5032 = EDGE_CURVE ( 'NONE', #4173, #3682, #3424, .T. ) ;
#5033 = SHAPE_DEFINITION_REPRESENTATION ( #4040, #4674 ) ;
#5034 = MECHANICAL_DESIGN_GEOMETRIC_PRESENTATION_REPRESENTATION (  '', ( #4393 ), #5352 ) ;
#5035 = SURFACE_STYLE_USAGE ( .BOTH. , #1686 ) ;
#5036 = DIRECTION ( 'NONE',  ( 0.0000000000000000000, 0.0000000000000000000, -1.000000000000000000 ) ) ;
#5037 = UNCERTAINTY_MEASURE_WITH_UNIT (LENGTH_MEASURE( 1.000000000000000100E-005 ), #1112, 'distance_accuracy_value', 'NONE');
#5038 = VECTOR ( 'NONE', #2883, 1000.000000000000000 ) ;
#5039 =( GEOMETRIC_REPRESENTATION_CONTEXT ( 3 ) GLOBAL_UNCERTAINTY_ASSIGNED_CONTEXT ( ( #5384 ) ) GLOBAL_UNIT_ASSIGNED_CONTEXT ( ( #5692, #6175, #3310 ) ) REPRESENTATION_CONTEXT ( 'NONE', 'WORKASPACE' ) );
#5040 = DIRECTION ( 'NONE',  ( 0.0000000000000000000, 0.0000000000000000000, 1.000000000000000000 ) ) ;
#5041 = ORIENTED_EDGE ( 'NONE', *, *, #672, .T. ) ;
#5042 = VERTEX_POINT ( 'NONE', #3320 ) ;
#5043 = CARTESIAN_POINT ( 'NONE',  ( -9.719999999999991800, 0.0000000000000000000, 0.0000000000000000000 ) ) ;
#5044 = APPLICATION_CONTEXT ( 'automotive_design' ) ;
#5045 = AXIS2_PLACEMENT_3D ( 'NONE', #2508, #3472, #607 ) ;
#5046 = ORIENTED_EDGE ( 'NONE', *, *, #4632, .F. ) ;
#5047 = DIRECTION ( 'NONE',  ( -1.000000000000000000, -0.0000000000000000000, -0.0000000000000000000 ) ) ;
#5048 = EDGE_LOOP ( 'NONE', ( #3442, #6051, #1266, #745 ) ) ;
#5049 = DIRECTION ( 'NONE',  ( 0.0000000000000000000, -1.224646799147353500E-016, 1.000000000000000000 ) ) ;
#5050 = PRESENTATION_LAYER_ASSIGNMENT (  '', '', ( #4719 ) ) ;
#5051 = ADVANCED_FACE ( 'NONE', ( #876 ), #2156, .F. ) ;
#5052 = VECTOR ( 'NONE', #5768, 1000.000000000000000 ) ;
#5053 = ORIENTED_EDGE ( 'NONE', *, *, #3060, .T. ) ;
#5054 = FILL_AREA_STYLE_COLOUR ( '', #5809 ) ;
#5055 = EDGE_CURVE ( 'NONE', #3775, #4899, #1270, .T. ) ;
#5056 = DIRECTION ( 'NONE',  ( -1.000000000000000000, -0.0000000000000000000, -0.0000000000000000000 ) ) ;
#5057 = SURFACE_STYLE_USAGE ( .BOTH. , #1700 ) ;
#5058 = ORIENTED_EDGE ( 'NONE', *, *, #5464, .F. ) ;
#5059 = UNCERTAINTY_MEASURE_WITH_UNIT (LENGTH_MEASURE( 1.000000000000000100E-005 ), #5315, 'distance_accuracy_value', 'NONE');
#5060 = PLANE ( 'NONE',  #5066 ) ;
#5061 = VERTEX_POINT ( 'NONE', #3834 ) ;
#5062 = FILL_AREA_STYLE ('',( #276 ) ) ;
#5063 = SURFACE_SIDE_STYLE ('',( #2208 ) ) ;
#5064 = SHAPE_REPRESENTATION ( 'Тело14', ( #2144 ), #2455 ) ;
#5065 = APPLICATION_CONTEXT ( 'automotive_design' ) ;
#5066 = AXIS2_PLACEMENT_3D ( 'NONE', #4112, #1249, #4591 ) ;
#5067 = CARTESIAN_POINT ( 'NONE',  ( -115.6523383537547100, 7.347880794884768600E-017, -0.6000000000000529400 ) ) ;
#5068 = SURFACE_STYLE_USAGE ( .BOTH. , #1723 ) ;
#5069 = CIRCLE ( 'NONE', #5127, 1.750000000000003300 ) ;
#5070 = SHAPE_REPRESENTATION_RELATIONSHIP ( 'NONE' , 'NONE' ,  #2965, #5716 ) ;
#5071 = FACE_BOUND ( 'NONE', #1156, .T. ) ;
#5072 = COLOUR_RGB ( '',0.6470588235294118000, 0.6196078431372549200, 0.5882352941176470800 ) ;
#5073 = AXIS2_PLACEMENT_3D ( 'NONE', #2241, #5594, #2719 ) ;
#5074 =( NAMED_UNIT ( * ) PLANE_ANGLE_UNIT ( ) SI_UNIT ( $, .RADIAN. ) );
#5075 = SHAPE_REPRESENTATION ( 'Тело17', ( #2144 ), #1065 ) ;
#5076 = EDGE_CURVE ( 'NONE', #1583, #5042, #4701, .T. ) ;
#5077 = ADVANCED_FACE ( 'NONE', ( #6201 ), #1119, .T. ) ;
#5078 = EDGE_LOOP ( 'NONE', ( #1107, #3985, #4470, #92 ) ) ;
#5079 = STYLED_ITEM ( 'NONE', ( #4692 ), #5978 ) ;
#5080 = DIRECTION ( 'NONE',  ( -1.000000000000000000, 0.0000000000000000000, 2.567906592516316300E-032 ) ) ;
#5081 = UNCERTAINTY_MEASURE_WITH_UNIT (LENGTH_MEASURE( 1.000000000000000100E-005 ), #5647, 'distance_accuracy_value', 'NONE');
#5082 = ORIENTED_EDGE ( 'NONE', *, *, #4289, .T. ) ;
#5083 =( GEOMETRIC_REPRESENTATION_CONTEXT ( 3 ) GLOBAL_UNCERTAINTY_ASSIGNED_CONTEXT ( ( #2835 ) ) GLOBAL_UNIT_ASSIGNED_CONTEXT ( ( #5536, #2653, #6015 ) ) REPRESENTATION_CONTEXT ( 'NONE', 'WORKASPACE' ) );
#5084 = ORIENTED_EDGE ( 'NONE', *, *, #1058, .T. ) ;
#5085 = EDGE_LOOP ( 'NONE', ( #5400, #950, #2771, #5100 ) ) ;
#5086 = DIRECTION ( 'NONE',  ( -1.000000000000000000, -0.0000000000000000000, -0.0000000000000000000 ) ) ;
#5087 = EDGE_LOOP ( 'NONE', ( #1374, #4204 ) ) ;
#5088 = APPLICATION_PROTOCOL_DEFINITION ( 'draft international standard', 'automotive_design', 1998, #1737 ) ;
#5089 = COLOUR_RGB ( '',0.1098039215686274500, 0.1098039215686274500, 0.1098039215686274500 ) ;
#5090 = UNCERTAINTY_MEASURE_WITH_UNIT (LENGTH_MEASURE( 1.000000000000000100E-005 ), #1192, 'distance_accuracy_value', 'NONE');
#5091 = DIRECTION ( 'NONE',  ( -1.000000000000000000, -0.0000000000000000000, -0.0000000000000000000 ) ) ;
#5092 = SURFACE_STYLE_USAGE ( .BOTH. , #1740 ) ;
#5093 = ORIENTED_EDGE ( 'NONE', *, *, #6100, .T. ) ;
#5094 = AXIS2_PLACEMENT_3D ( 'NONE', #5220, #2346, #5696 ) ;
#5095 = FILL_AREA_STYLE ('',( #4602 ) ) ;
#5096 = FACE_OUTER_BOUND ( 'NONE', #1414, .T. ) ;
#5097 = CIRCLE ( 'NONE', #2032, 1.000000000000032200 ) ;
#5098 = CARTESIAN_POINT ( 'NONE',  ( -13.96000000000000100, 0.0000000000000000000, 0.0000000000000000000 ) ) ;
#5099 = DIRECTION ( 'NONE',  ( 0.0000000000000000000, 0.0000000000000000000, 1.000000000000000000 ) ) ;
#5100 = ORIENTED_EDGE ( 'NONE', *, *, #2321, .F. ) ;
#5101 = CIRCLE ( 'NONE', #5520, 0.5000000000000004400 ) ;
#5102 = AXIS2_PLACEMENT_3D ( 'NONE', #335, #3676, #814 ) ;
#5103 = VERTEX_POINT ( 'NONE', #1662 ) ;
#5104 =( NAMED_UNIT ( * ) PLANE_ANGLE_UNIT ( ) SI_UNIT ( $, .RADIAN. ) );
#5105 = DIRECTION ( 'NONE',  ( 0.0000000000000000000, 0.0000000000000000000, 1.000000000000000000 ) ) ;
#5106 =( REPRESENTATION_RELATIONSHIP ('NONE','NONE', #918, #2981 ) REPRESENTATION_RELATIONSHIP_WITH_TRANSFORMATION ( #2034 )SHAPE_REPRESENTATION_RELATIONSHIP( ) );
#5107 = PRESENTATION_LAYER_ASSIGNMENT (  '', '', ( #4789 ) ) ;
#5108 = DIRECTION ( 'NONE',  ( -1.000000000000000000, -0.0000000000000000000, -0.0000000000000000000 ) ) ;
#5109 = EDGE_CURVE ( 'NONE', #631, #3262, #4936, .T. ) ;
#5110 = SURFACE_STYLE_FILL_AREA ( #3469 ) ;
#5111 = ORIENTED_EDGE ( 'NONE', *, *, #2347, .T. ) ;
#5112 =( GEOMETRIC_REPRESENTATION_CONTEXT ( 3 ) GLOBAL_UNCERTAINTY_ASSIGNED_CONTEXT ( ( #2046 ) ) GLOBAL_UNIT_ASSIGNED_CONTEXT ( ( #1045, #4401, #1536 ) ) REPRESENTATION_CONTEXT ( 'NONE', 'WORKASPACE' ) );
#5113 = ADVANCED_FACE ( 'NONE', ( #2371 ), #960, .T. ) ;
#5114 = PRODUCT_DEFINITION_FORMATION_WITH_SPECIFIED_SOURCE ( 'ANY', '', #3605, .NOT_KNOWN. ) ;
#5115 = FILL_AREA_STYLE ('',( #3156 ) ) ;
#5116 = EDGE_CURVE ( 'NONE', #1960, #6135, #2226, .T. ) ;
#5117 = AXIS2_PLACEMENT_3D ( 'NONE', #585, #3932, #1082 ) ;
#5118 = ORIENTED_EDGE ( 'NONE', *, *, #3090, .T. ) ;
#5119 = FACE_OUTER_BOUND ( 'NONE', #681, .T. ) ;
#5120 =( GEOMETRIC_REPRESENTATION_CONTEXT ( 3 ) GLOBAL_UNCERTAINTY_ASSIGNED_CONTEXT ( ( #1542 ) ) GLOBAL_UNIT_ASSIGNED_CONTEXT ( ( #367, #3724, #856 ) ) REPRESENTATION_CONTEXT ( 'NONE', 'WORKASPACE' ) );
#5121 = AXIS2_PLACEMENT_3D ( 'NONE', #4295, #1430, #4774 ) ;
#5122 = EDGE_LOOP ( 'NONE', ( #5261, #6125, #5084, #4558 ) ) ;
#5123 = ORIENTED_EDGE ( 'NONE', *, *, #2935, .T. ) ;
#5124 = UNCERTAINTY_MEASURE_WITH_UNIT (LENGTH_MEASURE( 1.000000000000000100E-005 ), #278, 'distance_accuracy_value', 'NONE');
#5125 = ORIENTED_EDGE ( 'NONE', *, *, #5552, .T. ) ;
#5126 =( NAMED_UNIT ( * ) PLANE_ANGLE_UNIT ( ) SI_UNIT ( $, .RADIAN. ) );
#5127 = AXIS2_PLACEMENT_3D ( 'NONE', #3804, #931, #4294 ) ;
#5128 = DIRECTION ( 'NONE',  ( -1.000000000000000000, -0.0000000000000000000, -0.0000000000000000000 ) ) ;
#5129 = SURFACE_SIDE_STYLE ('',( #2662 ) ) ;
#5130 = DIRECTION ( 'NONE',  ( -0.0000000000000000000, -0.0000000000000000000, -1.000000000000000000 ) ) ;
#5131 = COLOUR_RGB ( '',0.1098039215686274500, 0.1098039215686274500, 0.1098039215686274500 ) ;
#5132 = AXIS2_PLACEMENT_3D ( 'NONE', #1046, #3832, #969 ) ;
#5133 = DIRECTION ( 'NONE',  ( 0.0000000000000000000, 0.0000000000000000000, -1.000000000000000000 ) ) ;
#5134 = CIRCLE ( 'NONE', #3287, 0.1999999999999996500 ) ;
#5135 = PRODUCT_DEFINITION_SHAPE ( 'NONE', 'NONE',  #293 ) ;
#5136 = ADVANCED_FACE ( 'NONE', ( #3502 ), #4788, .T. ) ;
#5137 = CARTESIAN_POINT ( 'NONE',  ( -102.6292860697262900, 0.0000000000000000000, 0.0000000000000000000 ) ) ;
#5138 = EDGE_CURVE ( 'NONE', #2808, #1214, #5892, .T. ) ;
#5139 = LINE ( 'NONE', #176, #3711 ) ;
#5140 = EDGE_LOOP ( 'NONE', ( #5790, #1970 ) ) ;
#5141 =( GEOMETRIC_REPRESENTATION_CONTEXT ( 3 ) GLOBAL_UNCERTAINTY_ASSIGNED_CONTEXT ( ( #5486 ) ) GLOBAL_UNIT_ASSIGNED_CONTEXT ( ( #1730, #5074, #2190 ) ) REPRESENTATION_CONTEXT ( 'NONE', 'WORKASPACE' ) );
#5142 = EDGE_CURVE ( 'NONE', #348, #2028, #3654, .T. ) ;
#5143 = EDGE_LOOP ( 'NONE', ( #3092, #4842 ) ) ;
#5144 = FACE_BOUND ( 'NONE', #2844, .T. ) ;
#5145 = CYLINDRICAL_SURFACE ( 'NONE', #6099, 5.400000000000000400 ) ;
#5146 = DIRECTION ( 'NONE',  ( 0.0000000000000000000, 0.0000000000000000000, -1.000000000000000000 ) ) ;
#5147 = CARTESIAN_POINT ( 'NONE',  ( -1.410652069897089000, 0.0000000000000000000, 22.50000000000000000 ) ) ;
#5148 = AXIS2_PLACEMENT_3D ( 'NONE', #4981, #5912, #2699 ) ;
#5149 = CARTESIAN_POINT ( 'NONE',  ( -17.09999999999999800, 0.0000000000000000000, 4.450000000000000200 ) ) ;
#5150 = DIRECTION ( 'NONE',  ( -1.000000000000000000, -0.0000000000000000000, -0.0000000000000000000 ) ) ;
#5151 = ADVANCED_FACE ( 'NONE', ( #4630 ), #803, .F. ) ;
#5152 = CLOSED_SHELL ( 'NONE', ( #5151, #5051, #1316, #3044, #630, #398, #2001, #2764, #6104, #294, #3563, #4534, #4697, #1391, #2674, #5947, #5437, #3011, #4162, #2284, #6137, #6046, #3996, #4070, #4220, #2115, #3532, #5660, #3182, #5603, #5640, #1749, #4600, #1656, #1290, #778, #4942, #3688, #1822, #708, #3236, #4193, #4716, #81, #5822, #1685, #3754, #3665, #3522, #6010, #3772, #4666, #4894, #4004, #877, #5505, #333, #4390, #3271, #4684, #2149, #5113, #2202, #2299, #668, #5477, #2683, #1725, #1187, #304, #5543, #3719, #4461, #4982, #1854, #2636, #831, #1060, #2794, #3255, #3593, #4641, #2463, #1373, #2749, #235, #5448, #2312, #1224, #6075, #3906, #5195, #4205, #5978, #802, #6038, #1839, #3223, #2601, #1758, #775, #5163, #5899, #4505, #4971, #3085, #2210, #3147, #5628, #165, #677, #2178, #356, #577, #5913 ) ) ;
#5153 = AXIS2_PLACEMENT_3D ( 'NONE', #409, #873, #1840 ) ;
#5154 = STYLED_ITEM ( 'NONE', ( #1836 ), #6137 ) ;
#5155 = MECHANICAL_DESIGN_GEOMETRIC_PRESENTATION_REPRESENTATION (  '', ( #4516 ), #5475 ) ;
#5156 = ORIENTED_EDGE ( 'NONE', *, *, #86, .F. ) ;
#5157 = DIRECTION ( 'NONE',  ( -1.000000000000000000, -0.0000000000000000000, -0.0000000000000000000 ) ) ;
#5158 = EDGE_CURVE ( 'NONE', #180, #766, #5746, .T. ) ;
#5159 = CIRCLE ( 'NONE', #857, 3.000000000000001300 ) ;
#5160 =( NAMED_UNIT ( * ) PLANE_ANGLE_UNIT ( ) SI_UNIT ( $, .RADIAN. ) );
#5161 = DIRECTION ( 'NONE',  ( 0.0000000000000000000, 0.0000000000000000000, -1.000000000000000000 ) ) ;
#5162 = ORIENTED_EDGE ( 'NONE', *, *, #5578, .T. ) ;
#5163 = ADVANCED_FACE ( 'NONE', ( #3348 ), #5145, .T. ) ;
#5164 = DIRECTION ( 'NONE',  ( -0.0000000000000000000, 1.000000000000000000, 1.224646799147353200E-016 ) ) ;
#5165 = CYLINDRICAL_SURFACE ( 'NONE', #5962, 1.750000000000003300 ) ;
#5166 = DIRECTION ( 'NONE',  ( 0.0000000000000000000, 0.0000000000000000000, 1.000000000000000000 ) ) ;
#5167 = ORIENTED_EDGE ( 'NONE', *, *, #1942, .T. ) ;
#5168 = AXIS2_PLACEMENT_3D ( 'NONE', #937, #2464, #5810 ) ;
#5169 = UNCERTAINTY_MEASURE_WITH_UNIT (LENGTH_MEASURE( 1.000000000000000100E-005 ), #5723, 'distance_accuracy_value', 'NONE');
#5170 = SHAPE_DEFINITION_REPRESENTATION ( #1642, #5075 ) ;
#5171 = CARTESIAN_POINT ( 'NONE',  ( -16.57999999999999500, 0.0000000000000000000, 0.0000000000000000000 ) ) ;
#5172 = LINE ( 'NONE', #1934, #5038 ) ;
#5173 = AXIS2_PLACEMENT_3D ( 'NONE', #5417, #5919, #1646 ) ;
#5174 = SURFACE_SIDE_STYLE ('',( #5803 ) ) ;
#5175 = PRESENTATION_LAYER_ASSIGNMENT (  '', '', ( #5500 ) ) ;
#5176 = DIRECTION ( 'NONE',  ( -1.000000000000000000, -0.0000000000000000000, -0.0000000000000000000 ) ) ;
#5177 = ORIENTED_EDGE ( 'NONE', *, *, #5623, .F. ) ;
#5178 = ORIENTED_EDGE ( 'NONE', *, *, #4792, .T. ) ;
#5179 = ADVANCED_FACE ( 'NONE', ( #4028 ), #2587, .T. ) ;
#5180 = ORIENTED_EDGE ( 'NONE', *, *, #3938, .T. ) ;
#5182 = VERTEX_POINT ( 'NONE', #1267 ) ;
#5181 = FILL_AREA_STYLE ('',( #5677 ) ) ;
#5183 = DIRECTION ( 'NONE',  ( -1.000000000000000000, 0.0000000000000000000, -0.0000000000000000000 ) ) ;
#5184 = DIRECTION ( 'NONE',  ( 0.0000000000000000000, 0.0000000000000000000, 1.000000000000000000 ) ) ;
#5185 = PRESENTATION_STYLE_ASSIGNMENT (( #2383 ) ) ;
#5186 = UNCERTAINTY_MEASURE_WITH_UNIT (LENGTH_MEASURE( 1.000000000000000100E-005 ), #625, 'distance_accuracy_value', 'NONE');
#5187 = SURFACE_SIDE_STYLE ('',( #1925 ) ) ;
#5188 = ORIENTED_EDGE ( 'NONE', *, *, #3328, .F. ) ;
#5189 = CARTESIAN_POINT ( 'NONE',  ( -17.49999999999999600, 0.0000000000000000000, 0.0000000000000000000 ) ) ;
#5190 = SURFACE_STYLE_USAGE ( .BOTH. , #1841 ) ;
#5191 = EDGE_LOOP ( 'NONE', ( #274, #3153, #5679, #4912 ) ) ;
#5192 =( NAMED_UNIT ( * ) PLANE_ANGLE_UNIT ( ) SI_UNIT ( $, .RADIAN. ) );
#5193 = EDGE_LOOP ( 'NONE', ( #2859, #3002, #4780, #378 ) ) ;
#5194 = AXIS2_PLACEMENT_3D ( 'NONE', #4137, #1283, #4617 ) ;
#5195 = ADVANCED_FACE ( 'NONE', ( #3876, #207 ), #3617, .F. ) ;
#5196 = PRODUCT_DEFINITION_SHAPE ( 'NONE', 'NONE',  #6220 ) ;
#5197 = DIRECTION ( 'NONE',  ( 0.0000000000000000000, 0.0000000000000000000, -1.000000000000000000 ) ) ;
#5198 = SURFACE_SIDE_STYLE ('',( #5364 ) ) ;
#5199 = DIRECTION ( 'NONE',  ( -1.000000000000000000, -0.0000000000000000000, -0.0000000000000000000 ) ) ;
#5200 = DIRECTION ( 'NONE',  ( -0.0000000000000000000, -0.0000000000000000000, -1.000000000000000000 ) ) ;
#5201 = DIRECTION ( 'NONE',  ( -1.000000000000000000, 0.0000000000000000000, 0.0000000000000000000 ) ) ;
#5202 = VECTOR ( 'NONE', #1375, 1000.000000000000000 ) ;
#5203 = FILL_AREA_STYLE ('',( #3786 ) ) ;
#5204 = PRESENTATION_LAYER_ASSIGNMENT (  '', '', ( #4900 ) ) ;
#5205 = CARTESIAN_POINT ( 'NONE',  ( -12.99999999999999800, 0.0000000000000000000, 0.6000000000000304000 ) ) ;
#5206 = CARTESIAN_POINT ( 'NONE',  ( -17.09999999999999800, 0.0000000000000000000, 0.0000000000000000000 ) ) ;
#5207 = PRESENTATION_STYLE_ASSIGNMENT (( #5068 ) ) ;
#5208 = SURFACE_STYLE_FILL_AREA ( #1650 ) ;
#5209 = PRESENTATION_LAYER_ASSIGNMENT (  '', '', ( #5541 ) ) ;
#5210 =( NAMED_UNIT ( * ) PLANE_ANGLE_UNIT ( ) SI_UNIT ( $, .RADIAN. ) );
#5212 = SURFACE_SIDE_STYLE ('',( #3608 ) ) ;
#5211 = CARTESIAN_POINT ( 'NONE',  ( -102.6292860697262900, 0.0000000000000000000, 4.250000000000000000 ) ) ;
#5213 = CIRCLE ( 'NONE', #4381, 4.450000000000002000 ) ;
#5214 = FACE_OUTER_BOUND ( 'NONE', #4442, .T. ) ;
#5215 = EDGE_CURVE ( 'NONE', #5795, #6190, #2153, .T. ) ;
#5216 = FACE_OUTER_BOUND ( 'NONE', #3319, .T. ) ;
#5217 = PRESENTATION_STYLE_ASSIGNMENT (( #4775 ) ) ;
#5218 = EDGE_LOOP ( 'NONE', ( #4176, #2369 ) ) ;
#5219 = CARTESIAN_POINT ( 'NONE',  ( 0.0000000000000000000, 0.0000000000000000000, 0.0000000000000000000 ) ) ;
#5220 = CARTESIAN_POINT ( 'NONE',  ( -16.37999999999999500, 0.0000000000000000000, -5.199999999999999300 ) ) ;
#5221 = ORIENTED_EDGE ( 'NONE', *, *, #3625, .F. ) ;
#5222 = VERTEX_POINT ( 'NONE', #1289 ) ;
#5223 = ORIENTED_EDGE ( 'NONE', *, *, #5787, .T. ) ;
#5224 = MECHANICAL_DESIGN_GEOMETRIC_PRESENTATION_REPRESENTATION (  '', ( #4586 ), #5548 ) ;
#5225 = SURFACE_STYLE_FILL_AREA ( #3886 ) ;
#5226 = CIRCLE ( 'NONE', #1043, 4.250000000000000000 ) ;
#5227 = CARTESIAN_POINT ( 'NONE',  ( -17.29999999999999700, 6.490628035480971900E-016, -5.199999999999999300 ) ) ;
#5228 =( GEOMETRIC_REPRESENTATION_CONTEXT ( 3 ) GLOBAL_UNCERTAINTY_ASSIGNED_CONTEXT ( ( #1038 ) ) GLOBAL_UNIT_ASSIGNED_CONTEXT ( ( #513, #3863, #1004 ) ) REPRESENTATION_CONTEXT ( 'NONE', 'WORKASPACE' ) );
#5229 = CIRCLE ( 'NONE', #4010, 4.450000000000002000 ) ;
#5230 =( GEOMETRIC_REPRESENTATION_CONTEXT ( 3 ) GLOBAL_UNCERTAINTY_ASSIGNED_CONTEXT ( ( #3466 ) ) GLOBAL_UNIT_ASSIGNED_CONTEXT ( ( #5492, #2609, #5972 ) ) REPRESENTATION_CONTEXT ( 'NONE', 'WORKASPACE' ) );
#5231 = DIRECTION ( 'NONE',  ( -1.000000000000000000, 0.0000000000000000000, -0.0000000000000000000 ) ) ;
#5232 = CARTESIAN_POINT ( 'NONE',  ( -10.63999999999999700, 0.0000000000000000000, 0.0000000000000000000 ) ) ;
#5233 = CARTESIAN_POINT ( 'NONE',  ( 1.650000000000003900, 2.020667218593137700E-016, 22.39999999999999900 ) ) ;
#5234 = VERTEX_POINT ( 'NONE', #2233 ) ;
#5235 = VECTOR ( 'NONE', #3198, 1000.000000000000000 ) ;
#5236 = SURFACE_STYLE_FILL_AREA ( #4920 ) ;
#5237 = EDGE_CURVE ( 'NONE', #4786, #4108, #3419, .T. ) ;
#5238 =( NAMED_UNIT ( * ) SI_UNIT ( $, .STERADIAN. ) SOLID_ANGLE_UNIT ( ) );
#5239 =( NAMED_UNIT ( * ) PLANE_ANGLE_UNIT ( ) SI_UNIT ( $, .RADIAN. ) );
#5240 = AXIS2_PLACEMENT_3D ( 'NONE', #320, #3178, #2701 ) ;
#5241 =( NAMED_UNIT ( * ) PLANE_ANGLE_UNIT ( ) SI_UNIT ( $, .RADIAN. ) );
#5242 = AXIS2_PLACEMENT_3D ( 'NONE', #2180, #5531, #2647 ) ;
#5243 = AXIS2_PLACEMENT_3D ( 'NONE', #2368, #5718, #2843 ) ;
#5244 = CARTESIAN_POINT ( 'NONE',  ( -92.50000000000000000, 0.0000000000000000000, -1.400000000000038300 ) ) ;
#5246 = DIRECTION ( 'NONE',  ( -1.000000000000000000, -0.0000000000000000000, -0.0000000000000000000 ) ) ;
#5245 =( NAMED_UNIT ( * ) SI_UNIT ( $, .STERADIAN. ) SOLID_ANGLE_UNIT ( ) );
#5247 = ORIENTED_EDGE ( 'NONE', *, *, #5032, .T. ) ;
#5248 = CIRCLE ( 'NONE', #4891, 5.400000000000000400 ) ;
#5249 = FILL_AREA_STYLE ('',( #1894 ) ) ;
#5250 = ORIENTED_EDGE ( 'NONE', *, *, #4932, .F. ) ;
#5251 = EDGE_LOOP ( 'NONE', ( #3151, #5439, #2186, #2782 ) ) ;
#5252 = SURFACE_SIDE_STYLE ('',( #2465 ) ) ;
#5253 = EDGE_CURVE ( 'NONE', #5995, #3050, #4698, .T. ) ;
#5254 = FILL_AREA_STYLE_COLOUR ( '', #940 ) ;
#5255 = CARTESIAN_POINT ( 'NONE',  ( -18.39999999999999900, 6.613092715395707500E-016, -5.400000000000000400 ) ) ;
#5256 = SURFACE_SIDE_STYLE ('',( #2273 ) ) ;
#5257 = SURFACE_STYLE_FILL_AREA ( #2436 ) ;
#5258 =( NAMED_UNIT ( * ) PLANE_ANGLE_UNIT ( ) SI_UNIT ( $, .RADIAN. ) );
#5259 = DIRECTION ( 'NONE',  ( 0.0000000000000000000, 0.0000000000000000000, 1.000000000000000000 ) ) ;
#5260 = DIRECTION ( 'NONE',  ( 0.0000000000000000000, 0.0000000000000000000, 1.000000000000000000 ) ) ;
#5261 = ORIENTED_EDGE ( 'NONE', *, *, #5116, .F. ) ;
#5262 =( GEOMETRIC_REPRESENTATION_CONTEXT ( 3 ) GLOBAL_UNCERTAINTY_ASSIGNED_CONTEXT ( ( #3416 ) ) GLOBAL_UNIT_ASSIGNED_CONTEXT ( ( #5605, #2727, #6087 ) ) REPRESENTATION_CONTEXT ( 'NONE', 'WORKASPACE' ) );
#5263 = VERTEX_POINT ( 'NONE', #1781 ) ;
#5264 = CARTESIAN_POINT ( 'NONE',  ( 0.0000000000000000000, 0.0000000000000000000, 22.59999999999999800 ) ) ;
#5265 = SURFACE_SIDE_STYLE ('',( #2778 ) ) ;
#5266 = EDGE_CURVE ( 'NONE', #4627, #3681, #5817, .T. ) ;
#5267 = SURFACE_SIDE_STYLE ('',( #1320 ) ) ;
#5268 = AXIS2_PLACEMENT_3D ( 'NONE', #5712, #2837, #6203 ) ;
#5269 = EDGE_CURVE ( 'NONE', #3686, #348, #871, .T. ) ;
#5270 = DIRECTION ( 'NONE',  ( -1.000000000000000000, -0.0000000000000000000, -0.0000000000000000000 ) ) ;
#5271 = EDGE_LOOP ( 'NONE', ( #78, #5940, #175, #1037 ) ) ;
#5272 = ORIENTED_EDGE ( 'NONE', *, *, #1431, .F. ) ;
#5273 = DIRECTION ( 'NONE',  ( -1.000000000000000000, -0.0000000000000000000, -0.0000000000000000000 ) ) ;
#5274 = PRODUCT_DEFINITION_CONTEXT ( 'detailed design', #1737, 'design' ) ;
#5275 = FACE_BOUND ( 'NONE', #673, .T. ) ;
#5276 = DIRECTION ( 'NONE',  ( -0.0000000000000000000, -0.0000000000000000000, -1.000000000000000000 ) ) ;
#5277 = ORIENTED_EDGE ( 'NONE', *, *, #2130, .F. ) ;
#5278 = CARTESIAN_POINT ( 'NONE',  ( 0.0000000000000000000, 0.0000000000000000000, -8.178233058921771100 ) ) ;
#5279 = DIRECTION ( 'NONE',  ( -0.0000000000000000000, -0.0000000000000000000, -1.000000000000000000 ) ) ;
#5280 = EDGE_CURVE ( 'NONE', #4969, #760, #3263, .T. ) ;
#5281 = ORIENTED_EDGE ( 'NONE', *, *, #601, .F. ) ;
#5282 =( NAMED_UNIT ( * ) SI_UNIT ( $, .STERADIAN. ) SOLID_ANGLE_UNIT ( ) );
#5283 = CARTESIAN_POINT ( 'NONE',  ( -91.50000000000000000, 0.0000000000000000000, 1.800000000000039800 ) ) ;
#5284 = COLOUR_RGB ( '',0.1098039215686274500, 0.1098039215686274500, 0.1098039215686274500 ) ;
#5285 = ORIENTED_EDGE ( 'NONE', *, *, #1051, .T. ) ;
#5287 = CARTESIAN_POINT ( 'NONE',  ( -94.00000000000000000, 2.449293598294706400E-016, -2.000000000000000000 ) ) ;
#5286 = CARTESIAN_POINT ( 'NONE',  ( -7.499999999999994700, 0.0000000000000000000, 1.925929944387235900E-031 ) ) ;
#5288 = MECHANICAL_DESIGN_GEOMETRIC_PRESENTATION_REPRESENTATION (  '', ( #4318 ), #5592 ) ;
#5289 = AXIS2_PLACEMENT_3D ( 'NONE', #1001, #4357, #1491 ) ;
#5290 = CARTESIAN_POINT ( 'NONE',  ( -10.84000000000000200, 0.0000000000000000000, 0.0000000000000000000 ) ) ;
#5291 = ORIENTED_EDGE ( 'NONE', *, *, #1989, .T. ) ;
#5292 = SURFACE_SIDE_STYLE ('',( #545 ) ) ;
#5293 = DIRECTION ( 'NONE',  ( 0.7071067811865475700, 0.0000000000000000000, -0.7071067811865474600 ) ) ;
#5294 = SURFACE_STYLE_USAGE ( .BOTH. , #1940 ) ;
#5295 = SURFACE_SIDE_STYLE ('',( #751 ) ) ;
#5296 = CARTESIAN_POINT ( 'NONE',  ( -8.419999999999996400, 6.490628035480971900E-016, -5.199999999999999300 ) ) ;
#5297 = SURFACE_STYLE_FILL_AREA ( #35 ) ;
#5298 =( NAMED_UNIT ( * ) SI_UNIT ( $, .STERADIAN. ) SOLID_ANGLE_UNIT ( ) );
#5299 = CARTESIAN_POINT ( 'NONE',  ( -16.17999999999999600, 6.368163355566237400E-016, -5.200000000000001100 ) ) ;
#5300 =( NAMED_UNIT ( * ) PLANE_ANGLE_UNIT ( ) SI_UNIT ( $, .RADIAN. ) );
#5301 = FACE_OUTER_BOUND ( 'NONE', #4300, .T. ) ;
#5302 = SURFACE_STYLE_FILL_AREA ( #4278 ) ;
#5303 = SURFACE_STYLE_FILL_AREA ( #3556 ) ;
#5304 = EDGE_LOOP ( 'NONE', ( #153, #4311, #896, #6045 ) ) ;
#5305 = DIRECTION ( 'NONE',  ( -0.0000000000000000000, 1.000000000000000000, 1.224646799147353200E-016 ) ) ;
#5306 = PRESENTATION_LAYER_ASSIGNMENT (  '', '', ( #4652 ) ) ;
#5308 = DIRECTION ( 'NONE',  ( 0.0000000000000000000, -1.224646799147353500E-016, 1.000000000000000000 ) ) ;
#5307 = DIRECTION ( 'NONE',  ( -1.000000000000000000, -0.0000000000000000000, -0.0000000000000000000 ) ) ;
#5309 = EDGE_LOOP ( 'NONE', ( #3997, #4872, #6022, #4580 ) ) ;
#5310 = FILL_AREA_STYLE ('',( #1621 ) ) ;
#5311 = AXIS2_PLACEMENT_3D ( 'NONE', #3920, #1068, #4417 ) ;
#5312 = STYLED_ITEM ( 'NONE', ( #2982 ), #4600 ) ;
#5313 = EDGE_CURVE ( 'NONE', #760, #6080, #733, .T. ) ;
#5314 = PRESENTATION_STYLE_ASSIGNMENT (( #4741 ) ) ;
#5315 =( LENGTH_UNIT ( ) NAMED_UNIT ( * ) SI_UNIT ( .MILLI., .METRE. ) );
#5316 = CARTESIAN_POINT ( 'NONE',  ( -91.00000000000000000, 0.0000000000000000000, 0.0000000000000000000 ) ) ;
#5317 = EDGE_LOOP ( 'NONE', ( #4287, #590, #6025, #2367 ) ) ;
#5318 = CARTESIAN_POINT ( 'NONE',  ( -91.00000000000000000, 0.0000000000000000000, 2.499999999999991100 ) ) ;
#5319 = CARTESIAN_POINT ( 'NONE',  ( 0.0000000000000000000, 0.0000000000000000000, -8.178233058921771100 ) ) ;
#5320 = DIRECTION ( 'NONE',  ( -1.000000000000000000, -0.0000000000000000000, -0.0000000000000000000 ) ) ;
#5321 = EDGE_CURVE ( 'NONE', #2316, #6192, #2007, .T. ) ;
#5322 = DIRECTION ( 'NONE',  ( -1.000000000000000000, -0.0000000000000000000, -0.0000000000000000000 ) ) ;
#5323 =( GEOMETRIC_REPRESENTATION_CONTEXT ( 3 ) GLOBAL_UNCERTAINTY_ASSIGNED_CONTEXT ( ( #5090 ) ) GLOBAL_UNIT_ASSIGNED_CONTEXT ( ( #1192, #4529, #1667 ) ) REPRESENTATION_CONTEXT ( 'NONE', 'WORKASPACE' ) );
#5324 = DIRECTION ( 'NONE',  ( -1.000000000000000000, -0.0000000000000000000, -0.0000000000000000000 ) ) ;
#5325 = STYLED_ITEM ( 'NONE', ( #3893 ), #4205 ) ;
#5326 = VECTOR ( 'NONE', #5895, 1000.000000000000000 ) ;
#5327 = STYLED_ITEM ( 'NONE', ( #2945 ), #1758 ) ;
#5328 = ORIENTED_EDGE ( 'NONE', *, *, #5854, .F. ) ;
#5329 =( NAMED_UNIT ( * ) PLANE_ANGLE_UNIT ( ) SI_UNIT ( $, .RADIAN. ) );
#5330 = DIRECTION ( 'NONE',  ( 0.0000000000000000000, 0.0000000000000000000, 1.000000000000000000 ) ) ;
#5331 = UNCERTAINTY_MEASURE_WITH_UNIT (LENGTH_MEASURE( 1.000000000000000100E-005 ), #57, 'distance_accuracy_value', 'NONE');
#5332 = DIRECTION ( 'NONE',  ( 0.0000000000000000000, 0.0000000000000000000, -1.000000000000000000 ) ) ;
#5333 = CIRCLE ( 'NONE', #5863, 1.400000000000038300 ) ;
#5334 = PRESENTATION_LAYER_ASSIGNMENT (  '', '', ( #5016 ) ) ;
#5335 = CARTESIAN_POINT ( 'NONE',  ( -17.29999999999999700, 0.0000000000000000000, 4.450000000000001100 ) ) ;
#5336 = DIRECTION ( 'NONE',  ( -1.000000000000000000, 0.0000000000000000000, 0.0000000000000000000 ) ) ;
#5337 = VERTEX_POINT ( 'NONE', #2268 ) ;
#5338 = EDGE_LOOP ( 'NONE', ( #3909, #3716, #5996, #4873 ) ) ;
#5339 = CARTESIAN_POINT ( 'NONE',  ( -93.50000000000000000, 0.0000000000000000000, 0.0000000000000000000 ) ) ;
#5340 = PRESENTATION_LAYER_ASSIGNMENT (  '', '', ( #5020 ) ) ;
#5341 = VERTEX_POINT ( 'NONE', #6101 ) ;
#5342 = LINE ( 'NONE', #3023, #5487 ) ;
#5343 = EDGE_CURVE ( 'NONE', #2260, #254, #3122, .T. ) ;
#5344 = SURFACE_SIDE_STYLE ('',( #2040 ) ) ;
#5345 = CARTESIAN_POINT ( 'NONE',  ( -115.6523383537547100, 0.0000000000000000000, 1.000000000000043100 ) ) ;
#5346 = PRESENTATION_STYLE_ASSIGNMENT (( #2402 ) ) ;
#5347 = EDGE_CURVE ( 'NONE', #2808, #2260, #1849, .T. ) ;
#5348 = MECHANICAL_DESIGN_GEOMETRIC_PRESENTATION_REPRESENTATION (  '', ( #4703 ), #5650 ) ;
#5349 = ORIENTED_EDGE ( 'NONE', *, *, #2888, .T. ) ;
#5350 = AXIS2_PLACEMENT_3D ( 'NONE', #1834, #3740, #5184 ) ;
#5351 = EDGE_CURVE ( 'NONE', #5103, #2028, #570, .T. ) ;
#5352 =( GEOMETRIC_REPRESENTATION_CONTEXT ( 3 ) GLOBAL_UNCERTAINTY_ASSIGNED_CONTEXT ( ( #5059 ) ) GLOBAL_UNIT_ASSIGNED_CONTEXT ( ( #5315, #2430, #5785 ) ) REPRESENTATION_CONTEXT ( 'NONE', 'WORKASPACE' ) );
#5353 = VERTEX_POINT ( 'NONE', #4199 ) ;
#5354 = CARTESIAN_POINT ( 'NONE',  ( -6.999999999999993800, 6.735557395310444000E-016, -5.500000000000001800 ) ) ;
#5355 = ORIENTED_EDGE ( 'NONE', *, *, #4175, .F. ) ;
#5356 = AXIS2_PLACEMENT_3D ( 'NONE', #2082, #1124, #5860 ) ;
#5357 = DIRECTION ( 'NONE',  ( 0.0000000000000000000, 0.0000000000000000000, 1.000000000000000000 ) ) ;
#5358 = ADVANCED_FACE ( 'NONE', ( #5522 ), #419, .F. ) ;
#5359 = STYLED_ITEM ( 'NONE', ( #587 ), #3772 ) ;
#5360 = MECHANICAL_DESIGN_GEOMETRIC_PRESENTATION_REPRESENTATION (  '', ( #4719 ), #5668 ) ;
#5361 = DIRECTION ( 'NONE',  ( -1.000000000000000000, 0.0000000000000000000, 0.0000000000000000000 ) ) ;
#5362 =( LENGTH_UNIT ( ) NAMED_UNIT ( * ) SI_UNIT ( .MILLI., .METRE. ) );
#5363 = EDGE_CURVE ( 'NONE', #3674, #2605, #1710, .T. ) ;
#5364 = SURFACE_STYLE_FILL_AREA ( #1856 ) ;
#5365 = SPHERICAL_SURFACE ( 'NONE', #2378, 2.499999999999998700 ) ;
#5366 = FACE_OUTER_BOUND ( 'NONE', #2236, .T. ) ;
#5367 = CYLINDRICAL_SURFACE ( 'NONE', #3725, 0.6000000000000301800 ) ;
#5368 = PLANE ( 'NONE',  #3871 ) ;
#5369 = CARTESIAN_POINT ( 'NONE',  ( -13.06000000000000200, 0.0000000000000000000, 0.0000000000000000000 ) ) ;
#5370 = FACE_OUTER_BOUND ( 'NONE', #170, .T. ) ;
#5371 = ORIENTED_EDGE ( 'NONE', *, *, #4835, .F. ) ;
#5372 = CARTESIAN_POINT ( 'NONE',  ( -92.00000000000000000, 2.081899558550529400E-016, -1.700000000000023500 ) ) ;
#5373 = FILL_AREA_STYLE_COLOUR ( '', #1000 ) ;
#5374 = ORIENTED_EDGE ( 'NONE', *, *, #3934, .T. ) ;
#5375 = EDGE_LOOP ( 'NONE', ( #5525, #2069 ) ) ;
#5376 = CIRCLE ( 'NONE', #1972, 2.499999999999998700 ) ;
#5377 = AXIS2_PLACEMENT_3D ( 'NONE', #5098, #2212, #5568 ) ;
#5378 = UNCERTAINTY_MEASURE_WITH_UNIT (LENGTH_MEASURE( 1.000000000000000100E-005 ), #3065, 'distance_accuracy_value', 'NONE');
#5379 = DIRECTION ( 'NONE',  ( 0.0000000000000000000, 0.0000000000000000000, 1.000000000000000000 ) ) ;
#5380 = ORIENTED_EDGE ( 'NONE', *, *, #3378, .F. ) ;
#5381 = TOROIDAL_SURFACE ( 'NONE', #5695, 1.225703555739712200, 0.4999999999999996700 ) ;
#5382 = FACE_OUTER_BOUND ( 'NONE', #5731, .T. ) ;
#5383 = AXIS2_PLACEMENT_3D ( 'NONE', #4654, #1790, #5133 ) ;
#5384 = UNCERTAINTY_MEASURE_WITH_UNIT (LENGTH_MEASURE( 1.000000000000000100E-005 ), #5692, 'distance_accuracy_value', 'NONE');
#5385 = EDGE_CURVE ( 'NONE', #4566, #6192, #4411, .T. ) ;
#5386 = CARTESIAN_POINT ( 'NONE',  ( -8.219999999999991800, 0.0000000000000000000, 0.0000000000000000000 ) ) ;
#5387 = EDGE_LOOP ( 'NONE', ( #1986, #95, #5162, #2173 ) ) ;
#5388 = FACE_OUTER_BOUND ( 'NONE', #6150, .T. ) ;
#5390 = COLOUR_RGB ( '',0.1098039215686274500, 0.1098039215686274500, 0.1098039215686274500 ) ;
#5389 = AXIS2_PLACEMENT_3D ( 'NONE', #5910, #1639, #4980 ) ;
#5391 = ORIENTED_EDGE ( 'NONE', *, *, #139, .T. ) ;
#5392 = ORIENTED_EDGE ( 'NONE', *, *, #5671, .F. ) ;
#5393 = SURFACE_STYLE_USAGE ( .BOTH. , #2048 ) ;
#5394 =( NAMED_UNIT ( * ) PLANE_ANGLE_UNIT ( ) SI_UNIT ( $, .RADIAN. ) );
#5395 = AXIS2_PLACEMENT_3D ( 'NONE', #563, #3917, #1055 ) ;
#5396 = DIRECTION ( 'NONE',  ( 0.0000000000000000000, 0.0000000000000000000, 1.000000000000000000 ) ) ;
#5397 = CARTESIAN_POINT ( 'NONE',  ( -94.00000000000000000, 0.0000000000000000000, 0.0000000000000000000 ) ) ;
#5398 = STYLED_ITEM ( 'NONE', ( #4879 ), #4534 ) ;
#5399 = ORIENTED_EDGE ( 'NONE', *, *, #5898, .T. ) ;
#5400 = ORIENTED_EDGE ( 'NONE', *, *, #4, .F. ) ;
#5401 = DIRECTION ( 'NONE',  ( 0.0000000000000000000, 0.0000000000000000000, 1.000000000000000000 ) ) ;
#5402 = ADVANCED_FACE ( 'NONE', ( #5370, #4240 ), #889, .F. ) ;
#5403 = CIRCLE ( 'NONE', #410, 4.250000000000000000 ) ;
#5404 = DIRECTION ( 'NONE',  ( -1.000000000000000000, -0.0000000000000000000, -0.0000000000000000000 ) ) ;
#5405 = FILL_AREA_STYLE ('',( #4449 ) ) ;
#5406 = CARTESIAN_POINT ( 'NONE',  ( -94.50000000000000000, 3.061616997868383100E-016, -2.500000000000000000 ) ) ;
#5407 = AXIS2_PLACEMENT_3D ( 'NONE', #1291, #4631, #1766 ) ;
#5408 = DIRECTION ( 'NONE',  ( 0.0000000000000000000, 0.0000000000000000000, 1.000000000000000000 ) ) ;
#5409 = CARTESIAN_POINT ( 'NONE',  ( -13.95999999999999600, 0.0000000000000000000, 5.200000000000001100 ) ) ;
#5410 =( NAMED_UNIT ( * ) SI_UNIT ( $, .STERADIAN. ) SOLID_ANGLE_UNIT ( ) );
#5411 = DIRECTION ( 'NONE',  ( -1.000000000000000000, -0.0000000000000000000, -0.0000000000000000000 ) ) ;
#5412 = VECTOR ( 'NONE', #5293, 1000.000000000000000 ) ;
#5413 = EDGE_LOOP ( 'NONE', ( #5776, #1741, #999, #5458 ) ) ;
#5414 = MECHANICAL_DESIGN_GEOMETRIC_PRESENTATION_REPRESENTATION (  '', ( #4789 ), #5730 ) ;
#5415 = ORIENTED_EDGE ( 'NONE', *, *, #93, .F. ) ;
#5416 = EDGE_CURVE ( 'NONE', #3801, #2936, #2807, .T. ) ;
#5417 = CARTESIAN_POINT ( 'NONE',  ( -102.6292860697262900, 0.0000000000000000000, 0.0000000000000000000 ) ) ;
#5418 = FACE_OUTER_BOUND ( 'NONE', #1634, .T. ) ;
#5419 = ORIENTED_EDGE ( 'NONE', *, *, #5918, .T. ) ;
#5420 = CARTESIAN_POINT ( 'NONE',  ( -90.50000000000000000, 2.694222958124206600E-016, -2.200000000000024200 ) ) ;
#5421 = CARTESIAN_POINT ( 'NONE',  ( -16.18000000000000000, 6.613092715395707500E-016, -5.400000000000000400 ) ) ;
#5422 = AXIS2_PLACEMENT_3D ( 'NONE', #2952, #106, #3444 ) ;
#5423 = VERTEX_POINT ( 'NONE', #3269 ) ;
#5424 = PRODUCT_RELATED_PRODUCT_CATEGORY ( 'part', '', ( #3605 ) ) ;
#5425 = SURFACE_STYLE_FILL_AREA ( #350 ) ;
#5426 = SHAPE_REPRESENTATION_RELATIONSHIP ( 'NONE' , 'NONE' ,  #908, #6153 ) ;
#5427 = CARTESIAN_POINT ( 'NONE',  ( -90.50000000000000000, 0.0000000000000000000, 0.0000000000000000000 ) ) ;
#5428 = SURFACE_SIDE_STYLE ('',( #3663 ) ) ;
#5429 = DIRECTION ( 'NONE',  ( -1.000000000000000000, 0.0000000000000000000, 0.0000000000000000000 ) ) ;
#5430 = EDGE_CURVE ( 'NONE', #3949, #4553, #4102, .T. ) ;
#5431 = STYLED_ITEM ( 'NONE', ( #4957 ), #677 ) ;
#5432 = CARTESIAN_POINT ( 'NONE',  ( -17.49999999999999600, 0.0000000000000000000, 0.0000000000000000000 ) ) ;
#5433 =( NAMED_UNIT ( * ) SI_UNIT ( $, .STERADIAN. ) SOLID_ANGLE_UNIT ( ) );
#5434 = DIRECTION ( 'NONE',  ( -1.000000000000000000, -0.0000000000000000000, -0.0000000000000000000 ) ) ;
#5435 = DIRECTION ( 'NONE',  ( -0.0000000000000000000, -0.0000000000000000000, -1.000000000000000000 ) ) ;
#5436 = CIRCLE ( 'NONE', #1794, 4.250000000000000000 ) ;
#5437 = ADVANCED_FACE ( 'NONE', ( #2961 ), #2362, .T. ) ;
#5438 = LINE ( 'NONE', #5345, #4160 ) ;
#5439 = ORIENTED_EDGE ( 'NONE', *, *, #4431, .F. ) ;
#5440 = AXIS2_PLACEMENT_3D ( 'NONE', #4750, #429, #1876 ) ;
#5441 =( NAMED_UNIT ( * ) SI_UNIT ( $, .STERADIAN. ) SOLID_ANGLE_UNIT ( ) );
#5442 = SURFACE_STYLE_FILL_AREA ( #4042 ) ;
#5443 = SURFACE_STYLE_FILL_AREA ( #3511 ) ;
#5444 = FILL_AREA_STYLE_COLOUR ( '', #1511 ) ;
#5445 = COLOUR_RGB ( '',0.1098039215686274500, 0.1098039215686274500, 0.1098039215686274500 ) ;
#5446 = VERTEX_POINT ( 'NONE', #469 ) ;
#5447 =( NAMED_UNIT ( * ) PLANE_ANGLE_UNIT ( ) SI_UNIT ( $, .RADIAN. ) );
#5448 = ADVANCED_FACE ( 'NONE', ( #3492 ), #5590, .T. ) ;
#5449 = DIRECTION ( 'NONE',  ( -0.0000000000000000000, -0.0000000000000000000, -1.000000000000000000 ) ) ;
#5450 = EDGE_LOOP ( 'NONE', ( #1735, #2736, #5666, #287 ) ) ;
#5451 = AXIS2_PLACEMENT_3D ( 'NONE', #1875, #5231, #2350 ) ;
#5452 = FILL_AREA_STYLE_COLOUR ( '', #4993 ) ;
#5453 = DIRECTION ( 'NONE',  ( 0.0000000000000000000, -1.000000000000000000, -0.0000000000000000000 ) ) ;
#5454 = SURFACE_STYLE_USAGE ( .BOTH. , #2104 ) ;
#5455 = AXIS2_PLACEMENT_3D ( 'NONE', #5206, #2832, #6196 ) ;
#5456 = SURFACE_SIDE_STYLE ('',( #4045 ) ) ;
#5457 = FILL_AREA_STYLE_COLOUR ( '', #5966 ) ;
#5458 = ORIENTED_EDGE ( 'NONE', *, *, #5784, .F. ) ;
#5459 = FACE_OUTER_BOUND ( 'NONE', #3543, .T. ) ;
#5460 = COLOUR_RGB ( '',0.1098039215686274500, 0.1098039215686274500, 0.1098039215686274500 ) ;
#5461 = EDGE_CURVE ( 'NONE', #4427, #828, #4328, .T. ) ;
#5462 = VECTOR ( 'NONE', #4726, 999.9999999999998900 ) ;
#5463 = STYLED_ITEM ( 'NONE', ( #1336 ), #5195 ) ;
#5464 = EDGE_CURVE ( 'NONE', #3798, #880, #3037, .T. ) ;
#5465 = CARTESIAN_POINT ( 'NONE',  ( -11.99999999999999600, 0.0000000000000000000, 0.0000000000000000000 ) ) ;
#5466 = FACE_OUTER_BOUND ( 'NONE', #5122, .T. ) ;
#5467 = AXIS2_PLACEMENT_3D ( 'NONE', #1615, #667, #1132 ) ;
#5468 = EDGE_LOOP ( 'NONE', ( #2972, #171, #829, #3225 ) ) ;
#5469 = CARTESIAN_POINT ( 'NONE',  ( -14.35999999999999800, 0.0000000000000000000, 0.0000000000000000000 ) ) ;
#5470 = DIRECTION ( 'NONE',  ( 0.0000000000000000000, 0.0000000000000000000, 1.000000000000000000 ) ) ;
#5471 = DIRECTION ( 'NONE',  ( 1.000000000000000000, 0.0000000000000000000, 0.0000000000000000000 ) ) ;
#5472 = AXIS2_PLACEMENT_3D ( 'NONE', #2810, #6170, #3300 ) ;
#5473 = AXIS2_PLACEMENT_3D ( 'NONE', #6116, #825, #2281 ) ;
#5474 = SURFACE_STYLE_USAGE ( .BOTH. , #2124 ) ;
#5475 =( GEOMETRIC_REPRESENTATION_CONTEXT ( 3 ) GLOBAL_UNCERTAINTY_ASSIGNED_CONTEXT ( ( #5721 ) ) GLOBAL_UNIT_ASSIGNED_CONTEXT ( ( #3017, #5447, #4251 ) ) REPRESENTATION_CONTEXT ( 'NONE', 'WORKASPACE' ) );
#5476 = CARTESIAN_POINT ( 'NONE',  ( -8.000000000000007100, 0.0000000000000000000, 3.000000000000001300 ) ) ;
#5477 = ADVANCED_FACE ( 'NONE', ( #1109, #496 ), #492, .F. ) ;
#5478 = FACE_BOUND ( 'NONE', #2112, .T. ) ;
#5479 = EDGE_CURVE ( 'NONE', #3391, #1412, #3712, .T. ) ;
#5480 = ORIENTED_EDGE ( 'NONE', *, *, #672, .F. ) ;
#5481 = CARTESIAN_POINT ( 'NONE',  ( -1.750000000000003300, 0.0000000000000000000, -8.178233058921771100 ) ) ;
#5482 = CARTESIAN_POINT ( 'NONE',  ( -10.84000000000000200, 6.613092715395707500E-016, -5.400000000000000400 ) ) ;
#5483 = ORIENTED_EDGE ( 'NONE', *, *, #3854, .T. ) ;
#5484 = FILL_AREA_STYLE_COLOUR ( '', #3190 ) ;
#5485 =( NAMED_UNIT ( * ) PLANE_ANGLE_UNIT ( ) SI_UNIT ( $, .RADIAN. ) );
#5486 = UNCERTAINTY_MEASURE_WITH_UNIT (LENGTH_MEASURE( 1.000000000000000100E-005 ), #1730, 'distance_accuracy_value', 'NONE');
#5487 = VECTOR ( 'NONE', #5497, 1000.000000000000000 ) ;
#5488 = DIRECTION ( 'NONE',  ( 0.0000000000000000000, 0.0000000000000000000, 1.000000000000000000 ) ) ;
#5489 = DIRECTION ( 'NONE',  ( 0.0000000000000000000, 0.0000000000000000000, 1.000000000000000000 ) ) ;
#5490 = FACE_OUTER_BOUND ( 'NONE', #300, .T. ) ;
#5491 = ORIENTED_EDGE ( 'NONE', *, *, #6208, .F. ) ;
#5492 =( LENGTH_UNIT ( ) NAMED_UNIT ( * ) SI_UNIT ( .MILLI., .METRE. ) );
#5493 = AXIS2_PLACEMENT_3D ( 'NONE', #2956, #107, #3445 ) ;
#5494 = DIRECTION ( 'NONE',  ( 0.0000000000000000000, 0.0000000000000000000, 1.000000000000000000 ) ) ;
#5495 = VERTEX_POINT ( 'NONE', #2438 ) ;
#5496 = DIRECTION ( 'NONE',  ( 0.0000000000000000000, 0.0000000000000000000, 1.000000000000000000 ) ) ;
#5497 = DIRECTION ( 'NONE',  ( -1.000000000000000000, -0.0000000000000000000, -0.0000000000000000000 ) ) ;
#5498 = AXIS2_PLACEMENT_3D ( 'NONE', #2599, #5967, #3089 ) ;
#5499 = ORIENTED_EDGE ( 'NONE', *, *, #4307, .T. ) ;
#5501 = DIRECTION ( 'NONE',  ( -1.000000000000000000, -0.0000000000000000000, -0.0000000000000000000 ) ) ;
#5500 = STYLED_ITEM ( 'NONE', ( #3199 ), #4697 ) ;
#5502 = SURFACE_STYLE_FILL_AREA ( #4813 ) ;
#5503 = DIRECTION ( 'NONE',  ( 0.0000000000000000000, -1.224646799147352500E-016, 1.000000000000000000 ) ) ;
#5504 = CARTESIAN_POINT ( 'NONE',  ( -9.919999999999994600, 0.0000000000000000000, 0.0000000000000000000 ) ) ;
#5505 = ADVANCED_FACE ( 'NONE', ( #2441, #48 ), #2918, .F. ) ;
#5506 =( NAMED_UNIT ( * ) PLANE_ANGLE_UNIT ( ) SI_UNIT ( $, .RADIAN. ) );
#5507 = CARTESIAN_POINT ( 'NONE',  ( -1.750000000000003800, 0.0000000000000000000, 22.39999999999999900 ) ) ;
#5508 = COLOUR_RGB ( '',0.1098039215686274500, 0.1098039215686274500, 0.1098039215686274500 ) ;
#5509 = CIRCLE ( 'NONE', #5593, 0.5000000000000004400 ) ;
#5510 = PRESENTATION_STYLE_ASSIGNMENT (( #4820 ) ) ;
#5511 = CARTESIAN_POINT ( 'NONE',  ( -11.93999999999999200, 0.0000000000000000000, 5.199999999999999300 ) ) ;
#5512 = DIRECTION ( 'NONE',  ( 0.0000000000000000000, 0.0000000000000000000, 1.000000000000000000 ) ) ;
#5513 = FACE_OUTER_BOUND ( 'NONE', #1734, .T. ) ;
#5514 = LINE ( 'NONE', #1070, #1703 ) ;
#5515 = APPLICATION_CONTEXT ( 'automotive_design' ) ;
#5516 = SURFACE_SIDE_STYLE ('',( #1464 ) ) ;
#5517 = DIRECTION ( 'NONE',  ( -0.0000000000000000000, -0.0000000000000000000, -1.000000000000000000 ) ) ;
#5518 = DIRECTION ( 'NONE',  ( 1.000000000000000000, 0.0000000000000000000, 0.0000000000000000000 ) ) ;
#5519 = LINE ( 'NONE', #4890, #1709 ) ;
#5520 = AXIS2_PLACEMENT_3D ( 'NONE', #5575, #2703, #6056 ) ;
#5521 = EDGE_LOOP ( 'NONE', ( #546, #4143 ) ) ;
#5522 = FACE_OUTER_BOUND ( 'NONE', #4799, .T. ) ;
#5523 = ORIENTED_EDGE ( 'NONE', *, *, #3660, .T. ) ;
#5524 = SURFACE_SIDE_STYLE ('',( #867 ) ) ;
#5525 = ORIENTED_EDGE ( 'NONE', *, *, #3561, .T. ) ;
#5526 = DIRECTION ( 'NONE',  ( -1.000000000000000000, 0.0000000000000000000, 0.0000000000000000000 ) ) ;
#5527 =( NAMED_UNIT ( * ) PLANE_ANGLE_UNIT ( ) SI_UNIT ( $, .RADIAN. ) );
#5528 = VERTEX_POINT ( 'NONE', #5335 ) ;
#5529 = FILL_AREA_STYLE ('',( #2179 ) ) ;
#5530 = ORIENTED_EDGE ( 'NONE', *, *, #5802, .T. ) ;
#5531 = DIRECTION ( 'NONE',  ( -1.000000000000000000, -0.0000000000000000000, -0.0000000000000000000 ) ) ;
#5532 = VECTOR ( 'NONE', #1257, 1000.000000000000000 ) ;
#5533 = FACE_OUTER_BOUND ( 'NONE', #808, .T. ) ;
#5534 = MECHANICAL_DESIGN_GEOMETRIC_PRESENTATION_REPRESENTATION (  '', ( #4900 ), #5845 ) ;
#5535 = DIRECTION ( 'NONE',  ( -1.000000000000000000, 0.0000000000000000000, 0.0000000000000000000 ) ) ;
#5536 =( LENGTH_UNIT ( ) NAMED_UNIT ( * ) SI_UNIT ( .MILLI., .METRE. ) );
#5537 = PRODUCT ( 'Тело16', 'Тело16', '', ( #1719 ) ) ;
#5538 = FILL_AREA_STYLE_COLOUR ( '', #3585 ) ;
#5539 = APPLICATION_PROTOCOL_DEFINITION ( 'draft international standard', 'automotive_design', 1998, #1218 ) ;
#5540 = VECTOR ( 'NONE', #5270, 1000.000000000000000 ) ;
#5541 = STYLED_ITEM ( 'NONE', ( #3254 ), #3147 ) ;
#5542 =( NAMED_UNIT ( * ) PLANE_ANGLE_UNIT ( ) SI_UNIT ( $, .RADIAN. ) );
#5543 = ADVANCED_FACE ( 'NONE', ( #4861 ), #2000, .T. ) ;
#5544 = VERTEX_POINT ( 'NONE', #2461 ) ;
#5545 = EDGE_CURVE ( 'NONE', #5528, #4221, #3115, .T. ) ;
#5546 = EDGE_LOOP ( 'NONE', ( #1367, #227 ) ) ;
#5547 = ORIENTED_EDGE ( 'NONE', *, *, #2154, .F. ) ;
#5548 =( GEOMETRIC_REPRESENTATION_CONTEXT ( 3 ) GLOBAL_UNCERTAINTY_ASSIGNED_CONTEXT ( ( #4268 ) ) GLOBAL_UNIT_ASSIGNED_CONTEXT ( ( #244, #3591, #724 ) ) REPRESENTATION_CONTEXT ( 'NONE', 'WORKASPACE' ) );
#5549 = CONTEXT_DEPENDENT_SHAPE_REPRESENTATION ( #5572, #2488 ) ;
#5550 = DIRECTION ( 'NONE',  ( -1.000000000000000000, 0.0000000000000000000, 2.567906592516316300E-032 ) ) ;
#5551 = ORIENTED_EDGE ( 'NONE', *, *, #848, .F. ) ;
#5552 = EDGE_CURVE ( 'NONE', #2562, #3215, #721, .T. ) ;
#5553 = AXIS2_PLACEMENT_3D ( 'NONE', #5556, #785, #4130 ) ;
#5554 = ORIENTED_EDGE ( 'NONE', *, *, #2666, .F. ) ;
#5555 = DIRECTION ( 'NONE',  ( -1.000000000000000000, -0.0000000000000000000, -0.0000000000000000000 ) ) ;
#5556 = CARTESIAN_POINT ( 'NONE',  ( -102.6292860697262900, 0.0000000000000000000, 0.0000000000000000000 ) ) ;
#5557 = VERTEX_POINT ( 'NONE', #2479 ) ;
#5558 = PRODUCT_CONTEXT ( 'NONE', #5044, 'mechanical' ) ;
#5559 = AXIS2_PLACEMENT_3D ( 'NONE', #765, #4114, #1250 ) ;
#5560 = CIRCLE ( 'NONE', #5356, 5.400000000000000400 ) ;
#5561 =( NAMED_UNIT ( * ) PLANE_ANGLE_UNIT ( ) SI_UNIT ( $, .RADIAN. ) );
#5562 = STYLED_ITEM ( 'NONE', ( #539 ), #1391 ) ;
#5563 = EDGE_CURVE ( 'NONE', #5234, #64, #5651, .T. ) ;
#5564 = ORIENTED_EDGE ( 'NONE', *, *, #1893, .F. ) ;
#5565 = SURFACE_STYLE_USAGE ( .BOTH. , #2206 ) ;
#5566 = SURFACE_STYLE_FILL_AREA ( #1677 ) ;
#5567 = ORIENTED_EDGE ( 'NONE', *, *, #2911, .T. ) ;
#5568 = DIRECTION ( 'NONE',  ( 0.0000000000000000000, 0.0000000000000000000, 1.000000000000000000 ) ) ;
#5569 = SURFACE_SIDE_STYLE ('',( #1793 ) ) ;
#5570 = ORIENTED_EDGE ( 'NONE', *, *, #6069, .F. ) ;
#5571 = AXIS2_PLACEMENT_3D ( 'NONE', #5149, #2274, #5620 ) ;
#5572 =( REPRESENTATION_RELATIONSHIP ('NONE','NONE', #918, #5075 ) REPRESENTATION_RELATIONSHIP_WITH_TRANSFORMATION ( #3144 )SHAPE_REPRESENTATION_RELATIONSHIP( ) );
#5573 = ADVANCED_FACE ( 'NONE', ( #566 ), #4403, .T. ) ;
#5574 = VERTEX_POINT ( 'NONE', #2029 ) ;
#5575 = CARTESIAN_POINT ( 'NONE',  ( 5.500000000000001800, 6.735557395310444000E-016, 11.00000000000000200 ) ) ;
#5576 = CARTESIAN_POINT ( 'NONE',  ( -102.6292860697262900, 0.0000000000000000000, 0.0000000000000000000 ) ) ;
#5577 = FACE_OUTER_BOUND ( 'NONE', #1110, .T. ) ;
#5578 = EDGE_CURVE ( 'NONE', #5946, #3454, #5514, .T. ) ;
#5579 = UNCERTAINTY_MEASURE_WITH_UNIT (LENGTH_MEASURE( 1.000000000000000100E-005 ), #4214, 'distance_accuracy_value', 'NONE');
#5580 = AXIS2_PLACEMENT_3D ( 'NONE', #1419, #4761, #1889 ) ;
#5581 = EDGE_CURVE ( 'NONE', #1583, #3798, #1843, .T. ) ;
#5582 = CARTESIAN_POINT ( 'NONE',  ( -111.8192135558113600, 1.714505518806341500E-016, -1.400000000000038300 ) ) ;
#5583 = CARTESIAN_POINT ( 'NONE',  ( -10.00000000000000900, 0.0000000000000000000, 0.0000000000000000000 ) ) ;
#5584 = TOROIDAL_SURFACE ( 'NONE', #827, 4.450000000000000200, 0.1999999999999996500 ) ;
#5585 = FACE_OUTER_BOUND ( 'NONE', #1884, .T. ) ;
#5586 = FACE_OUTER_BOUND ( 'NONE', #4146, .T. ) ;
#5587 = EDGE_LOOP ( 'NONE', ( #5156, #3465 ) ) ;
#5588 = STYLED_ITEM ( 'NONE', ( #464 ), #81 ) ;
#5589 = SURFACE_STYLE_USAGE ( .BOTH. , #2235 ) ;
#5590 = TOROIDAL_SURFACE ( 'NONE', #3937, 5.200000000000001100, 0.2000000000000000900 ) ;
#5591 = EDGE_LOOP ( 'NONE', ( #3546, #26, #2159, #257 ) ) ;
#5592 =( GEOMETRIC_REPRESENTATION_CONTEXT ( 3 ) GLOBAL_UNCERTAINTY_ASSIGNED_CONTEXT ( ( #1588 ) ) GLOBAL_UNIT_ASSIGNED_CONTEXT ( ( #2201, #5561, #2685 ) ) REPRESENTATION_CONTEXT ( 'NONE', 'WORKASPACE' ) );
#5593 = AXIS2_PLACEMENT_3D ( 'NONE', #5318, #2435, #5792 ) ;
#5594 = DIRECTION ( 'NONE',  ( -1.000000000000000000, -0.0000000000000000000, -0.0000000000000000000 ) ) ;
#5595 = VERTEX_POINT ( 'NONE', #595 ) ;
#5596 = CYLINDRICAL_SURFACE ( 'NONE', #1540, 1.800000000000039800 ) ;
#5597 = CIRCLE ( 'NONE', #3921, 1.750000000000003300 ) ;
#5598 = CARTESIAN_POINT ( 'NONE',  ( -12.13999999999999900, 0.0000000000000000000, 0.0000000000000000000 ) ) ;
#5599 = DIRECTION ( 'NONE',  ( -1.000000000000000000, -0.0000000000000000000, -0.0000000000000000000 ) ) ;
#5600 = EDGE_LOOP ( 'NONE', ( #897, #3162, #5850, #1407 ) ) ;
#5601 = CIRCLE ( 'NONE', #4213, 0.1999999999999996500 ) ;
#5602 = CIRCLE ( 'NONE', #6200, 2.600000000000000500 ) ;
#5603 = ADVANCED_FACE ( 'NONE', ( #5366 ), #3644, .T. ) ;
#5604 = FILL_AREA_STYLE_COLOUR ( '', #4157 ) ;
#5605 =( LENGTH_UNIT ( ) NAMED_UNIT ( * ) SI_UNIT ( .MILLI., .METRE. ) );
#5606 = DIRECTION ( 'NONE',  ( -1.000000000000000000, 0.0000000000000000000, -0.0000000000000000000 ) ) ;
#5607 = ORIENTED_EDGE ( 'NONE', *, *, #1137, .T. ) ;
#5608 = TOROIDAL_SURFACE ( 'NONE', #2505, 4.450000000000000200, 0.1999999999999996500 ) ;
#5609 = MECHANICAL_DESIGN_GEOMETRIC_PRESENTATION_REPRESENTATION (  '', ( #4652 ), #5928 ) ;
#5610 = SURFACE_STYLE_FILL_AREA ( #4273 ) ;
#5611 = AXIS2_PLACEMENT_3D ( 'NONE', #5369, #2495, #5844 ) ;
#5612 = DIRECTION ( 'NONE',  ( -0.0000000000000000000, -0.0000000000000000000, -1.000000000000000000 ) ) ;
#5613 = FACE_OUTER_BOUND ( 'NONE', #200, .T. ) ;
#5614 = PRESENTATION_LAYER_ASSIGNMENT (  '', '', ( #5312 ) ) ;
#5615 = ORIENTED_EDGE ( 'NONE', *, *, #1105, .F. ) ;
#5616 = CARTESIAN_POINT ( 'NONE',  ( -94.00000000000000000, 0.0000000000000000000, 0.6000000000000302900 ) ) ;
#5617 = EDGE_CURVE ( 'NONE', #64, #5234, #6183, .T. ) ;
#5619 = DIRECTION ( 'NONE',  ( 0.0000000000000000000, 0.0000000000000000000, 1.000000000000000000 ) ) ;
#5618 = DIRECTION ( 'NONE',  ( -1.000000000000000000, -0.0000000000000000000, -0.0000000000000000000 ) ) ;
#5620 = DIRECTION ( 'NONE',  ( 0.0000000000000000000, 0.0000000000000000000, -1.000000000000000000 ) ) ;
#5621 = DIRECTION ( 'NONE',  ( -1.000000000000000000, -0.0000000000000000000, -0.0000000000000000000 ) ) ;
#5622 = VERTEX_POINT ( 'NONE', #2536 ) ;
#5623 = EDGE_CURVE ( 'NONE', #3604, #4360, #2360, .T. ) ;
#5624 = STYLED_ITEM ( 'NONE', ( #2655 ), #778 ) ;
#5625 = ORIENTED_EDGE ( 'NONE', *, *, #4500, .T. ) ;
#5626 = LINE ( 'NONE', #6209, #1976 ) ;
#5627 = AXIS2_PLACEMENT_3D ( 'NONE', #4495, #1638, #4979 ) ;
#5628 = ADVANCED_FACE ( 'NONE', ( #4923 ), #3180, .T. ) ;
#5629 = AXIS2_PLACEMENT_3D ( 'NONE', #4707, #5199, #2329 ) ;
#5630 = CARTESIAN_POINT ( 'NONE',  ( -8.000000000000007100, 0.0000000000000000000, 2.600000000000000500 ) ) ;
#5631 = ORIENTED_EDGE ( 'NONE', *, *, #4659, .T. ) ;
#5632 = ORIENTED_EDGE ( 'NONE', *, *, #3625, .T. ) ;
#5633 = SURFACE_STYLE_FILL_AREA ( #4976 ) ;
#5634 = ORIENTED_EDGE ( 'NONE', *, *, #3328, .T. ) ;
#5635 = CARTESIAN_POINT ( 'NONE',  ( -11.93999999999999400, 5.449678256205722800E-016, -4.450000000000001100 ) ) ;
#5636 = MECHANICAL_DESIGN_GEOMETRIC_PRESENTATION_REPRESENTATION (  '', ( #5016 ), #5970 ) ;
#5637 = CARTESIAN_POINT ( 'NONE',  ( -119.4151686832445000, 0.0000000000000000000, 1.000000000000032200 ) ) ;
#5638 = CARTESIAN_POINT ( 'NONE',  ( -96.50000000000000000, 0.0000000000000000000, 0.0000000000000000000 ) ) ;
#5639 = UNCERTAINTY_MEASURE_WITH_UNIT (LENGTH_MEASURE( 1.000000000000000100E-005 ), #1786, 'distance_accuracy_value', 'NONE');
#5640 = ADVANCED_FACE ( 'NONE', ( #5586 ), #1478, .T. ) ;
#5641 = MECHANICAL_DESIGN_GEOMETRIC_PRESENTATION_REPRESENTATION (  '', ( #5020 ), #5974 ) ;
#5642 = DIRECTION ( 'NONE',  ( -1.000000000000000000, -0.0000000000000000000, -0.0000000000000000000 ) ) ;
#5643 = FACE_BOUND ( 'NONE', #767, .T. ) ;
#5644 = CIRCLE ( 'NONE', #4319, 6.000000000000000900 ) ;
#5645 = CIRCLE ( 'NONE', #2525, 0.6000000000000529400 ) ;
#5646 = EDGE_CURVE ( 'NONE', #1433, #2442, #5134, .T. ) ;
#5647 =( LENGTH_UNIT ( ) NAMED_UNIT ( * ) SI_UNIT ( .MILLI., .METRE. ) );
#5648 = EDGE_CURVE ( 'NONE', #3455, #1433, #195, .T. ) ;
#5649 = FACE_OUTER_BOUND ( 'NONE', #5868, .T. ) ;
#5650 =( GEOMETRIC_REPRESENTATION_CONTEXT ( 3 ) GLOBAL_UNCERTAINTY_ASSIGNED_CONTEXT ( ( #5037 ) ) GLOBAL_UNIT_ASSIGNED_CONTEXT ( ( #1112, #4452, #1595 ) ) REPRESENTATION_CONTEXT ( 'NONE', 'WORKASPACE' ) );
#5651 = CIRCLE ( 'NONE', #3733, 6.000000000000000900 ) ;
#5652 = EDGE_CURVE ( 'NONE', #5042, #880, #2576, .T. ) ;
#5653 =( GEOMETRIC_REPRESENTATION_CONTEXT ( 3 ) GLOBAL_UNCERTAINTY_ASSIGNED_CONTEXT ( ( #3927 ) ) GLOBAL_UNIT_ASSIGNED_CONTEXT ( ( #50, #3392, #522 ) ) REPRESENTATION_CONTEXT ( 'NONE', 'WORKASPACE' ) );
#5654 = FILL_AREA_STYLE_COLOUR ( '', #1019 ) ;
#5655 = DIRECTION ( 'NONE',  ( -1.000000000000000000, -0.0000000000000000000, -0.0000000000000000000 ) ) ;
#5656 = CIRCLE ( 'NONE', #1175, 1.750000000000003300 ) ;
#5657 = SURFACE_STYLE_FILL_AREA ( #5115 ) ;
#5658 = PRESENTATION_STYLE_ASSIGNMENT (( #4422 ) ) ;
#5659 = VERTEX_POINT ( 'NONE', #4999 ) ;
#5660 = ADVANCED_FACE ( 'NONE', ( #4991 ), #862, .F. ) ;
#5661 = VECTOR ( 'NONE', #4179, 1000.000000000000000 ) ;
#5662 =( LENGTH_UNIT ( ) NAMED_UNIT ( * ) SI_UNIT ( .MILLI., .METRE. ) );
#5663 = CARTESIAN_POINT ( 'NONE',  ( -9.919999999999998200, 0.0000000000000000000, 0.0000000000000000000 ) ) ;
#5664 = AXIS2_PLACEMENT_3D ( 'NONE', #3323, #462, #3015 ) ;
#5665 =( NAMED_UNIT ( * ) PLANE_ANGLE_UNIT ( ) SI_UNIT ( $, .RADIAN. ) );
#5666 = ORIENTED_EDGE ( 'NONE', *, *, #2133, .F. ) ;
#5667 = PRESENTATION_LAYER_ASSIGNMENT (  '', '', ( #5359 ) ) ;
#5668 =( GEOMETRIC_REPRESENTATION_CONTEXT ( 3 ) GLOBAL_UNCERTAINTY_ASSIGNED_CONTEXT ( ( #3402 ) ) GLOBAL_UNIT_ASSIGNED_CONTEXT ( ( #1981, #5329, #2449 ) ) REPRESENTATION_CONTEXT ( 'NONE', 'WORKASPACE' ) );
#5669 = ORIENTED_EDGE ( 'NONE', *, *, #3279, .F. ) ;
#5670 = PLANE ( 'NONE',  #5094 ) ;
#5671 = EDGE_CURVE ( 'NONE', #5574, #4373, #3860, .T. ) ;
#5672 = PLANE ( 'NONE',  #2660 ) ;
#5673 = ADVANCED_FACE ( 'NONE', ( #716, #4537 ), #3128, .F. ) ;
#5674 = CIRCLE ( 'NONE', #4658, 0.1999999999999996500 ) ;
#5675 = CIRCLE ( 'NONE', #4717, 5.199999999999999300 ) ;
#5676 =( LENGTH_UNIT ( ) NAMED_UNIT ( * ) SI_UNIT ( .MILLI., .METRE. ) );
#5677 = FILL_AREA_STYLE_COLOUR ( '', #5508 ) ;
#5678 = PLANE ( 'NONE',  #4481 ) ;
#5679 = ORIENTED_EDGE ( 'NONE', *, *, #2103, .F. ) ;
#5680 = DIRECTION ( 'NONE',  ( -1.000000000000000000, -0.0000000000000000000, -0.0000000000000000000 ) ) ;
#5681 = CARTESIAN_POINT ( 'NONE',  ( -8.000000000000007100, 3.184081677783125600E-016, -2.600000000000000500 ) ) ;
#5682 = ORIENTED_EDGE ( 'NONE', *, *, #5461, .F. ) ;
#5683 = DIRECTION ( 'NONE',  ( -1.000000000000000000, -0.0000000000000000000, -0.0000000000000000000 ) ) ;
#5684 = ORIENTED_EDGE ( 'NONE', *, *, #369, .T. ) ;
#5685 = AXIS2_PLACEMENT_3D ( 'NONE', #3172, #314, #3667 ) ;
#5686 = ADVANCED_BREP_SHAPE_REPRESENTATION ( '', ( #4739, #2144 ), #1065 ) ;
#5687 = DIRECTION ( 'NONE',  ( 0.0000000000000000000, 0.0000000000000000000, 1.000000000000000000 ) ) ;
#5688 = PRESENTATION_STYLE_ASSIGNMENT (( #1467 ) ) ;
#5689 = ORIENTED_EDGE ( 'NONE', *, *, #2839, .F. ) ;
#5690 = ORIENTED_EDGE ( 'NONE', *, *, #4659, .F. ) ;
#5692 =( LENGTH_UNIT ( ) NAMED_UNIT ( * ) SI_UNIT ( .MILLI., .METRE. ) );
#5691 = FILL_AREA_STYLE_COLOUR ( '', #5945 ) ;
#5693 = ORIENTED_EDGE ( 'NONE', *, *, #3221, .T. ) ;
#5694 = LINE ( 'NONE', #4831, #4435 ) ;
#5695 = AXIS2_PLACEMENT_3D ( 'NONE', #4132, #1772, #6072 ) ;
#5696 = DIRECTION ( 'NONE',  ( 0.0000000000000000000, 0.0000000000000000000, -1.000000000000000000 ) ) ;
#5697 = CARTESIAN_POINT ( 'NONE',  ( -1.750000000000003300, 0.0000000000000000000, -8.178233058921771100 ) ) ;
#5698 = ORIENTED_EDGE ( 'NONE', *, *, #3312, .F. ) ;
#5699 = CARTESIAN_POINT ( 'NONE',  ( -10.99999999999999600, 0.0000000000000000000, -1.800000000000016300 ) ) ;
#5701 = ORIENTED_EDGE ( 'NONE', *, *, #5671, .T. ) ;
#5700 = CARTESIAN_POINT ( 'NONE',  ( -94.00000000000000000, 0.0000000000000000000, 0.0000000000000000000 ) ) ;
#5702 = DIRECTION ( 'NONE',  ( 0.0000000000000000000, 0.0000000000000000000, 1.000000000000000000 ) ) ;
#5703 = EDGE_CURVE ( 'NONE', #6190, #5795, #5805, .T. ) ;
#5704 = DIRECTION ( 'NONE',  ( -1.000000000000000000, -1.224646799147351200E-016, 0.0000000000000000000 ) ) ;
#5705 = CARTESIAN_POINT ( 'NONE',  ( -11.93999999999999600, 0.0000000000000000000, -5.199999999999999300 ) ) ;
#5706 = DIRECTION ( 'NONE',  ( 0.0000000000000000000, 0.0000000000000000000, 1.000000000000000000 ) ) ;
#5707 = PRESENTATION_LAYER_ASSIGNMENT (  '', '', ( #5079 ) ) ;
#5708 = AXIS2_PLACEMENT_3D ( 'NONE', #3123, #1033, #4386 ) ;
#5709 = SURFACE_STYLE_FILL_AREA ( #3407 ) ;
#5710 = EDGE_LOOP ( 'NONE', ( #1438, #5607, #4026, #1355 ) ) ;
#5711 = EDGE_LOOP ( 'NONE', ( #3024, #4568, #4787, #3369 ) ) ;
#5712 = CARTESIAN_POINT ( 'NONE',  ( -99.00000000000000000, 0.0000000000000000000, 0.0000000000000000000 ) ) ;
#5713 = CARTESIAN_POINT ( 'NONE',  ( -91.50000000000000000, 1.714505518806341500E-016, -1.400000000000038300 ) ) ;
#5714 = PRESENTATION_LAYER_ASSIGNMENT (  '', '', ( #5398 ) ) ;
#5715 = SURFACE_STYLE_USAGE ( .BOTH. , #2364 ) ;
#5716 = ADVANCED_BREP_SHAPE_REPRESENTATION ( '', ( #5740, #2144 ), #3748 ) ;
#5717 =( LENGTH_UNIT ( ) NAMED_UNIT ( * ) SI_UNIT ( .MILLI., .METRE. ) );
#5718 = DIRECTION ( 'NONE',  ( -1.000000000000000000, 0.0000000000000000000, -0.0000000000000000000 ) ) ;
#5719 = CARTESIAN_POINT ( 'NONE',  ( -9.919999999999994600, 5.449678256205721800E-016, -4.450000000000000200 ) ) ;
#5720 = ORIENTED_EDGE ( 'NONE', *, *, #4994, .F. ) ;
#5721 = UNCERTAINTY_MEASURE_WITH_UNIT (LENGTH_MEASURE( 1.000000000000000100E-005 ), #3017, 'distance_accuracy_value', 'NONE');
#5722 = DIRECTION ( 'NONE',  ( -1.000000000000000000, -0.0000000000000000000, -0.0000000000000000000 ) ) ;
#5723 =( LENGTH_UNIT ( ) NAMED_UNIT ( * ) SI_UNIT ( .MILLI., .METRE. ) );
#5724 = PRESENTATION_STYLE_ASSIGNMENT (( #4921 ) ) ;
#5725 = CARTESIAN_POINT ( 'NONE',  ( -18.59999999999999100, 0.0000000000000000000, 5.199999999999999300 ) ) ;
#5726 = STYLED_ITEM ( 'NONE', ( #1406 ), #2210 ) ;
#5728 = DIRECTION ( 'NONE',  ( -1.000000000000000000, -0.0000000000000000000, -0.0000000000000000000 ) ) ;
#5727 = PLANE ( 'NONE',  #3747 ) ;
#5729 = ORIENTED_EDGE ( 'NONE', *, *, #1788, .T. ) ;
#5730 =( GEOMETRIC_REPRESENTATION_CONTEXT ( 3 ) GLOBAL_UNCERTAINTY_ASSIGNED_CONTEXT ( ( #5834 ) ) GLOBAL_UNIT_ASSIGNED_CONTEXT ( ( #959, #4310, #1447 ) ) REPRESENTATION_CONTEXT ( 'NONE', 'WORKASPACE' ) );
#5731 = EDGE_LOOP ( 'NONE', ( #1765, #3281, #3499, #2102 ) ) ;
#5732 =( LENGTH_UNIT ( ) NAMED_UNIT ( * ) SI_UNIT ( .MILLI., .METRE. ) );
#5733 = SURFACE_STYLE_FILL_AREA ( #835 ) ;
#5734 = EDGE_CURVE ( 'NONE', #4221, #5528, #4396, .T. ) ;
#5735 = LINE ( 'NONE', #6128, #3491 ) ;
#5736 = VERTEX_POINT ( 'NONE', #5283 ) ;
#5737 =( LENGTH_UNIT ( ) NAMED_UNIT ( * ) SI_UNIT ( .MILLI., .METRE. ) );
#5738 = CARTESIAN_POINT ( 'NONE',  ( -102.6292860697262900, 0.0000000000000000000, 0.0000000000000000000 ) ) ;
#5739 = FILL_AREA_STYLE ('',( #1445 ) ) ;
#5740 = MANIFOLD_SOLID_BREP ( 'Заготовка-Дет10-1', #1489 ) ;
#5741 = ORIENTED_EDGE ( 'NONE', *, *, #5313, .F. ) ;
#5742 = AXIS2_PLACEMENT_3D ( 'NONE', #1072, #4419, #1551 ) ;
#5743 = CIRCLE ( 'NONE', #555, 4.450000000000002000 ) ;
#5744 = LINE ( 'NONE', #5287, #1932 ) ;
#5745 = DIRECTION ( 'NONE',  ( -1.000000000000000000, 0.0000000000000000000, 0.0000000000000000000 ) ) ;
#5746 = LINE ( 'NONE', #2640, #3192 ) ;
#5747 = PRODUCT_DEFINITION_FORMATION_WITH_SPECIFIED_SOURCE ( 'ANY', '', #3124, .NOT_KNOWN. ) ;
#5748 = CARTESIAN_POINT ( 'NONE',  ( -7.699999999999994000, 0.0000000000000000000, 4.450000000000000200 ) ) ;
#5749 = CARTESIAN_POINT ( 'NONE',  ( -13.05999999999999700, 6.368163355566237400E-016, -5.200000000000001100 ) ) ;
#5750 = DIRECTION ( 'NONE',  ( -1.000000000000000000, -0.0000000000000000000, -0.0000000000000000000 ) ) ;
#5751 = ORIENTED_EDGE ( 'NONE', *, *, #4800, .F. ) ;
#5752 = PRESENTATION_STYLE_ASSIGNMENT (( #4720 ) ) ;
#5753 = EDGE_CURVE ( 'NONE', #605, #5001, #5645, .T. ) ;
#5754 = DIRECTION ( 'NONE',  ( -1.000000000000000000, -0.0000000000000000000, -0.0000000000000000000 ) ) ;
#5756 = CARTESIAN_POINT ( 'NONE',  ( -111.8192135558113600, 0.0000000000000000000, 0.0000000000000000000 ) ) ;
#5755 = DIRECTION ( 'NONE',  ( 2.567906592516316300E-032, 0.0000000000000000000, 1.000000000000000000 ) ) ;
#5757 = AXIS2_PLACEMENT_3D ( 'NONE', #5855, #2988, #127 ) ;
#5758 = SURFACE_SIDE_STYLE ('',( #2447 ) ) ;
#5759 = AXIS2_PLACEMENT_3D ( 'NONE', #79, #3422, #552 ) ;
#5760 = CIRCLE ( 'NONE', #3955, 1.750000000000003300 ) ;
#5761 = DIRECTION ( 'NONE',  ( 0.0000000000000000000, 0.0000000000000000000, 1.000000000000000000 ) ) ;
#5762 = PRESENTATION_LAYER_ASSIGNMENT (  '', '', ( #4808 ) ) ;
#5763 =( LENGTH_UNIT ( ) NAMED_UNIT ( * ) SI_UNIT ( .MILLI., .METRE. ) );
#5764 = EDGE_LOOP ( 'NONE', ( #6068, #575, #3033, #6009 ) ) ;
#5765 =( NAMED_UNIT ( * ) PLANE_ANGLE_UNIT ( ) SI_UNIT ( $, .RADIAN. ) );
#5766 = FACE_OUTER_BOUND ( 'NONE', #478, .T. ) ;
#5767 =( LENGTH_UNIT ( ) NAMED_UNIT ( * ) SI_UNIT ( .MILLI., .METRE. ) );
#5768 = DIRECTION ( 'NONE',  ( -1.000000000000000000, -0.0000000000000000000, -0.0000000000000000000 ) ) ;
#5769 = CARTESIAN_POINT ( 'NONE',  ( 0.0000000000000000000, 0.0000000000000000000, 22.61045284632676600 ) ) ;
#5770 = CARTESIAN_POINT ( 'NONE',  ( -9.719999999999993500, 0.0000000000000000000, -5.199999999999999300 ) ) ;
#5771 = FACE_OUTER_BOUND ( 'NONE', #4575, .T. ) ;
#5772 = AXIS2_PLACEMENT_3D ( 'NONE', #5700, #448, #6188 ) ;
#5773 = DIRECTION ( 'NONE',  ( -0.0000000000000000000, 1.000000000000000000, 1.224646799147353200E-016 ) ) ;
#5774 = CIRCLE ( 'NONE', #43, 1.310652069897088900 ) ;
#5775 = DIRECTION ( 'NONE',  ( 0.0000000000000000000, -1.224646799147348800E-016, 1.000000000000000000 ) ) ;
#5776 = ORIENTED_EDGE ( 'NONE', *, *, #974, .F. ) ;
#5777 = CARTESIAN_POINT ( 'NONE',  ( -98.50000000000000000, 0.0000000000000000000, -2.500000000000000000 ) ) ;
#5778 = FILL_AREA_STYLE_COLOUR ( '', #1784 ) ;
#5779 = PRESENTATION_LAYER_ASSIGNMENT (  '', '', ( #6091 ) ) ;
#5780 = ORIENTED_EDGE ( 'NONE', *, *, #3986, .T. ) ;
#5781 = SURFACE_STYLE_USAGE ( .BOTH. , #2424 ) ;
#5782 = DIRECTION ( 'NONE',  ( -1.000000000000000000, -0.0000000000000000000, -0.0000000000000000000 ) ) ;
#5783 = ORIENTED_EDGE ( 'NONE', *, *, #2638, .F. ) ;
#5784 = EDGE_CURVE ( 'NONE', #3798, #1583, #1996, .T. ) ;
#5785 =( NAMED_UNIT ( * ) SI_UNIT ( $, .STERADIAN. ) SOLID_ANGLE_UNIT ( ) );
#5786 = PRESENTATION_LAYER_ASSIGNMENT (  '', '', ( #5463 ) ) ;
#5787 = EDGE_CURVE ( 'NONE', #904, #1905, #3112, .T. ) ;
#5788 = DIRECTION ( 'NONE',  ( 0.0000000000000000000, 0.0000000000000000000, 1.000000000000000000 ) ) ;
#5789 = ORIENTED_EDGE ( 'NONE', *, *, #6177, .F. ) ;
#5790 = ORIENTED_EDGE ( 'NONE', *, *, #3878, .F. ) ;
#5791 = VERTEX_POINT ( 'NONE', #4846 ) ;
#5792 = DIRECTION ( 'NONE',  ( 0.0000000000000000000, 0.0000000000000000000, -1.000000000000000000 ) ) ;
#5793 = SURFACE_SIDE_STYLE ('',( #5257 ) ) ;
#5794 = STYLED_ITEM ( 'NONE', ( #5185 ), #235 ) ;
#5795 = VERTEX_POINT ( 'NONE', #1496 ) ;
#5797 = DIRECTION ( 'NONE',  ( 0.0000000000000000000, 0.0000000000000000000, 1.000000000000000000 ) ) ;
#5796 = STYLED_ITEM ( 'NONE', ( #4492 ), #3688 ) ;
#5798 = MECHANICAL_DESIGN_GEOMETRIC_PRESENTATION_REPRESENTATION (  '', ( #5154 ), #6113 ) ;
#5799 = STYLED_ITEM ( 'NONE', ( #4672 ), #1224 ) ;
#5800 = CARTESIAN_POINT ( 'NONE',  ( -17.09999999999999800, 5.449678256205721800E-016, -4.450000000000000200 ) ) ;
#5801 = ORIENTED_EDGE ( 'NONE', *, *, #2650, .F. ) ;
#5802 = EDGE_CURVE ( 'NONE', #4553, #3949, #1397, .T. ) ;
#5803 = SURFACE_STYLE_FILL_AREA ( #4212 ) ;
#5804 = CIRCLE ( 'NONE', #2700, 1.000000000000054400 ) ;
#5805 = CIRCLE ( 'NONE', #292, 2.600000000000010300 ) ;
#5806 = CARTESIAN_POINT ( 'NONE',  ( -98.50000000000000000, 0.0000000000000000000, 0.0000000000000000000 ) ) ;
#5807 = FILL_AREA_STYLE ('',( #58 ) ) ;
#5808 = CARTESIAN_POINT ( 'NONE',  ( -9.719999999999991800, 0.0000000000000000000, 5.199999999999999300 ) ) ;
#5809 = COLOUR_RGB ( '',0.1098039215686274500, 0.1098039215686274500, 0.1098039215686274500 ) ;
#5810 = DIRECTION ( 'NONE',  ( 0.0000000000000000000, 0.0000000000000000000, 1.000000000000000000 ) ) ;
#5811 = AXIS2_PLACEMENT_3D ( 'NONE', #1074, #4420, #2011 ) ;
#5812 = DIRECTION ( 'NONE',  ( 0.0000000000000000000, 0.0000000000000000000, 1.000000000000000000 ) ) ;
#5813 = DIRECTION ( 'NONE',  ( -1.000000000000000000, -0.0000000000000000000, -0.0000000000000000000 ) ) ;
#5814 = LINE ( 'NONE', #2602, #3259 ) ;
#5815 = COLOUR_RGB ( '',0.1098039215686274500, 0.1098039215686274500, 0.1098039215686274500 ) ;
#5816 = ORIENTED_EDGE ( 'NONE', *, *, #2247, .F. ) ;
#5817 = CIRCLE ( 'NONE', #2453, 1.532129444674641000 ) ;
#5818 =( LENGTH_UNIT ( ) NAMED_UNIT ( * ) SI_UNIT ( .MILLI., .METRE. ) );
#5819 = STYLED_ITEM ( 'NONE', ( #895 ), #3563 ) ;
#5820 = CARTESIAN_POINT ( 'NONE',  ( -8.619999999999995700, 0.0000000000000000000, 0.0000000000000000000 ) ) ;
#5821 = AXIS2_PLACEMENT_3D ( 'NONE', #1036, #4029, #4509 ) ;
#5822 = ADVANCED_FACE ( 'NONE', ( #2649 ), #1254, .T. ) ;
#5823 = UNCERTAINTY_MEASURE_WITH_UNIT (LENGTH_MEASURE( 1.000000000000000100E-005 ), #4185, 'distance_accuracy_value', 'NONE');
#5824 = ORIENTED_EDGE ( 'NONE', *, *, #4138, .T. ) ;
#5825 = DIRECTION ( 'NONE',  ( 0.0000000000000000000, -1.224646799147351500E-016, 1.000000000000000000 ) ) ;
#5826 = DIRECTION ( 'NONE',  ( -1.000000000000000000, -0.0000000000000000000, -0.0000000000000000000 ) ) ;
#5827 = DIRECTION ( 'NONE',  ( -1.000000000000000000, -0.0000000000000000000, -0.0000000000000000000 ) ) ;
#5828 = DIRECTION ( 'NONE',  ( -1.000000000000000000, -0.0000000000000000000, -0.0000000000000000000 ) ) ;
#5829 = CARTESIAN_POINT ( 'NONE',  ( 1.750000000000003300, 2.143131898507872000E-016, 22.09999999999999800 ) ) ;
#5830 = COLOUR_RGB ( '',0.1098039215686274500, 0.1098039215686274500, 0.1098039215686274500 ) ;
#5831 = DIRECTION ( 'NONE',  ( -1.000000000000000000, -0.0000000000000000000, -0.0000000000000000000 ) ) ;
#5832 = ORIENTED_EDGE ( 'NONE', *, *, #4520, .T. ) ;
#5833 = AXIS2_PLACEMENT_3D ( 'NONE', #4197, #1339, #4683 ) ;
#5834 = UNCERTAINTY_MEASURE_WITH_UNIT (LENGTH_MEASURE( 1.000000000000000100E-005 ), #959, 'distance_accuracy_value', 'NONE');
#5835 = DIRECTION ( 'NONE',  ( -1.000000000000000000, -0.0000000000000000000, -0.0000000000000000000 ) ) ;
#5836 =( NAMED_UNIT ( * ) SI_UNIT ( $, .STERADIAN. ) SOLID_ANGLE_UNIT ( ) );
#5837 = VERTEX_POINT ( 'NONE', #80 ) ;
#5838 = ORIENTED_EDGE ( 'NONE', *, *, #2757, .T. ) ;
#5839 = MANIFOLD_SOLID_BREP ( 'Заготовка-Дет10-1', #102 ) ;
#5840 = FACE_BOUND ( 'NONE', #4523, .T. ) ;
#5841 = ORIENTED_EDGE ( 'NONE', *, *, #2780, .T. ) ;
#5842 = EDGE_LOOP ( 'NONE', ( #581, #1896 ) ) ;
#5843 = CARTESIAN_POINT ( 'NONE',  ( -11.00000000000001100, 2.694222958124191800E-016, -2.200000000000008600 ) ) ;
#5844 = DIRECTION ( 'NONE',  ( 0.0000000000000000000, 0.0000000000000000000, 1.000000000000000000 ) ) ;
#5845 =( GEOMETRIC_REPRESENTATION_CONTEXT ( 3 ) GLOBAL_UNCERTAINTY_ASSIGNED_CONTEXT ( ( #2756 ) ) GLOBAL_UNIT_ASSIGNED_CONTEXT ( ( #1497, #4848, #1973 ) ) REPRESENTATION_CONTEXT ( 'NONE', 'WORKASPACE' ) );
#5846 = CARTESIAN_POINT ( 'NONE',  ( 0.0000000000000000000, 0.0000000000000000000, 6.000000000000042600 ) ) ;
#5847 = CARTESIAN_POINT ( 'NONE',  ( -102.6292860697262900, 3.673940397442060900E-016, -3.000000000000000900 ) ) ;
#5848 = DIRECTION ( 'NONE',  ( 0.0000000000000000000, -1.224646799147353500E-016, 1.000000000000000000 ) ) ;
#5849 = DIRECTION ( 'NONE',  ( -1.000000000000000000, -1.224646799147353900E-016, 0.0000000000000000000 ) ) ;
#5850 = ORIENTED_EDGE ( 'NONE', *, *, #1831, .F. ) ;
#5851 = DIRECTION ( 'NONE',  ( 1.000000000000000000, 0.0000000000000000000, 0.0000000000000000000 ) ) ;
#5852 = AXIS2_PLACEMENT_3D ( 'NONE', #2617, #5501, #5983 ) ;
#5853 = EDGE_LOOP ( 'NONE', ( #2116, #836 ) ) ;
#5854 = EDGE_CURVE ( 'NONE', #4827, #3149, #3324, .T. ) ;
#5855 = CARTESIAN_POINT ( 'NONE',  ( -11.99999999999999600, 0.0000000000000000000, 0.0000000000000000000 ) ) ;
#5856 = CARTESIAN_POINT ( 'NONE',  ( -1.225703555739712200, 0.0000000000000000000, 26.58039577114311000 ) ) ;
#5857 = EDGE_LOOP ( 'NONE', ( #133, #642, #3612, #5491 ) ) ;
#5858 = AXIS2_PLACEMENT_3D ( 'NONE', #3398, #530, #3883 ) ;
#5859 = AXIS2_PLACEMENT_3D ( 'NONE', #5219, #241, #3590 ) ;
#5860 = DIRECTION ( 'NONE',  ( 0.0000000000000000000, 0.0000000000000000000, 1.000000000000000000 ) ) ;
#5861 = CARTESIAN_POINT ( 'NONE',  ( -8.620000000000002800, 0.0000000000000000000, 0.0000000000000000000 ) ) ;
#5862 = EDGE_CURVE ( 'NONE', #3604, #2556, #4608, .T. ) ;
#5863 = AXIS2_PLACEMENT_3D ( 'NONE', #994, #3852, #4485 ) ;
#5864 = CARTESIAN_POINT ( 'NONE',  ( -16.18000000000000000, 0.0000000000000000000, 0.0000000000000000000 ) ) ;
#5865 =( NAMED_UNIT ( * ) PLANE_ANGLE_UNIT ( ) SI_UNIT ( $, .RADIAN. ) );
#5866 = CARTESIAN_POINT ( 'NONE',  ( -16.37999999999999200, 0.0000000000000000000, 0.0000000000000000000 ) ) ;
#5867 = AXIS2_PLACEMENT_3D ( 'NONE', #2193, #5550, #2677 ) ;
#5868 = EDGE_LOOP ( 'NONE', ( #2530, #4154, #758, #956 ) ) ;
#5869 = PRESENTATION_LAYER_ASSIGNMENT (  '', '', ( #5562 ) ) ;
#5870 = DIRECTION ( 'NONE',  ( 0.0000000000000000000, 0.0000000000000000000, 1.000000000000000000 ) ) ;
#5871 = CYLINDRICAL_SURFACE ( 'NONE', #1494, 3.500000000000003100 ) ;
#5872 = CARTESIAN_POINT ( 'NONE',  ( -115.6523383537547100, 1.714505518806332800E-016, -1.400000000000031400 ) ) ;
#5873 = EDGE_CURVE ( 'NONE', #128, #4279, #2061, .T. ) ;
#5874 = SURFACE_STYLE_FILL_AREA ( #3331 ) ;
#5875 = SURFACE_SIDE_STYLE ('',( #1864 ) ) ;
#5876 = PRESENTATION_STYLE_ASSIGNMENT (( #2183 ) ) ;
#5877 =( NAMED_UNIT ( * ) PLANE_ANGLE_UNIT ( ) SI_UNIT ( $, .RADIAN. ) );
#5878 = EDGE_LOOP ( 'NONE', ( #963, #1715, #4463, #2484 ) ) ;
#5879 = DIRECTION ( 'NONE',  ( -0.0000000000000000000, -0.0000000000000000000, -1.000000000000000000 ) ) ;
#5880 = CIRCLE ( 'NONE', #391, 4.250000000000000000 ) ;
#5881 = FACE_OUTER_BOUND ( 'NONE', #5710, .T. ) ;
#5882 = CIRCLE ( 'NONE', #797, 0.1999999999999996500 ) ;
#5883 = SURFACE_STYLE_USAGE ( .BOTH. , #2531 ) ;
#5884 = DIRECTION ( 'NONE',  ( -1.000000000000000000, -0.0000000000000000000, -0.0000000000000000000 ) ) ;
#5885 = ORIENTED_EDGE ( 'NONE', *, *, #3325, .F. ) ;
#5886 = AXIS2_PLACEMENT_3D ( 'NONE', #4649, #351, #3699 ) ;
#5887 = DIRECTION ( 'NONE',  ( 0.0000000000000000000, 0.0000000000000000000, -1.000000000000000000 ) ) ;
#5888 = DIRECTION ( 'NONE',  ( 0.0000000000000000000, 0.0000000000000000000, 1.000000000000000000 ) ) ;
#5889 = ORIENTED_EDGE ( 'NONE', *, *, #5648, .T. ) ;
#5890 = CIRCLE ( 'NONE', #4869, 1.722964503423848800 ) ;
#5891 = LINE ( 'NONE', #452, #4479 ) ;
#5892 = CIRCLE ( 'NONE', #2559, 4.250000000000000000 ) ;
#5893 = ORIENTED_EDGE ( 'NONE', *, *, #1461, .T. ) ;
#5894 = CIRCLE ( 'NONE', #2054, 1.750000000000003300 ) ;
#5895 = DIRECTION ( 'NONE',  ( -0.0000000000000000000, -0.0000000000000000000, -1.000000000000000000 ) ) ;
#5896 = EDGE_CURVE ( 'NONE', #1214, #1233, #3785, .T. ) ;
#5897 = AXIS2_PLACEMENT_3D ( 'NONE', #2793, #900, #2817 ) ;
#5898 = EDGE_CURVE ( 'NONE', #2006, #1153, #788, .T. ) ;
#5899 = ADVANCED_FACE ( 'NONE', ( #5577 ), #2723, .T. ) ;
#5900 = PRESENTATION_LAYER_ASSIGNMENT (  '', '', ( #5588 ) ) ;
#5901 = DIRECTION ( 'NONE',  ( 0.0000000000000000000, 0.0000000000000000000, 1.000000000000000000 ) ) ;
#5902 = ORIENTED_EDGE ( 'NONE', *, *, #4067, .F. ) ;
#5903 =( LENGTH_UNIT ( ) NAMED_UNIT ( * ) SI_UNIT ( .MILLI., .METRE. ) );
#5904 = CARTESIAN_POINT ( 'NONE',  ( -109.0931819508298400, 0.0000000000000000000, 0.0000000000000000000 ) ) ;
#5905 =( LENGTH_UNIT ( ) NAMED_UNIT ( * ) SI_UNIT ( .MILLI., .METRE. ) );
#5907 = CYLINDRICAL_SURFACE ( 'NONE', #4511, 0.6000000000000529400 ) ;
#5906 = AXIS2_PLACEMENT_3D ( 'NONE', #1761, #5108, #2228 ) ;
#5908 = SURFACE_SIDE_STYLE ('',( #4234 ) ) ;
#5909 = DIRECTION ( 'NONE',  ( -1.000000000000000000, 0.0000000000000000000, 0.0000000000000000000 ) ) ;
#5910 = CARTESIAN_POINT ( 'NONE',  ( -14.35999999999999600, 0.0000000000000000000, 0.0000000000000000000 ) ) ;
#5911 = STYLED_ITEM ( 'NONE', ( #1696 ), #1060 ) ;
#5912 = DIRECTION ( 'NONE',  ( -1.000000000000000000, -0.0000000000000000000, -0.0000000000000000000 ) ) ;
#5913 = ADVANCED_FACE ( 'NONE', ( #1472 ), #345, .F. ) ;
#5914 = CIRCLE ( 'NONE', #4983, 2.200000000000024200 ) ;
#5915 = DIRECTION ( 'NONE',  ( 0.0000000000000000000, 0.0000000000000000000, 1.000000000000000000 ) ) ;
#5916 = EDGE_LOOP ( 'NONE', ( #3541, #5632, #4207 ) ) ;
#5917 = ORIENTED_EDGE ( 'NONE', *, *, #6098, .F. ) ;
#5918 = EDGE_CURVE ( 'NONE', #1185, #128, #1632, .T. ) ;
#5919 = DIRECTION ( 'NONE',  ( -1.000000000000000000, -0.0000000000000000000, -0.0000000000000000000 ) ) ;
#5920 = CARTESIAN_POINT ( 'NONE',  ( -123.0434319239197500, 0.0000000000000000000, 0.0000000000000000000 ) ) ;
#5921 = DIRECTION ( 'NONE',  ( -0.0000000000000000000, 1.000000000000000000, 1.224646799147353200E-016 ) ) ;
#5922 = ORIENTED_EDGE ( 'NONE', *, *, #4362, .F. ) ;
#5923 = CARTESIAN_POINT ( 'NONE',  ( -16.57999999999999800, 0.0000000000000000000, 4.250000000000000000 ) ) ;
#5924 = FACE_OUTER_BOUND ( 'NONE', #4337, .T. ) ;
#5925 = SURFACE_SIDE_STYLE ('',( #1183 ) ) ;
#5926 = DIRECTION ( 'NONE',  ( -0.0000000000000000000, 1.000000000000000000, 1.224646799147353200E-016 ) ) ;
#5927 =( NAMED_UNIT ( * ) PLANE_ANGLE_UNIT ( ) SI_UNIT ( $, .RADIAN. ) );
#5928 =( GEOMETRIC_REPRESENTATION_CONTEXT ( 3 ) GLOBAL_UNCERTAINTY_ASSIGNED_CONTEXT ( ( #3423 ) ) GLOBAL_UNIT_ASSIGNED_CONTEXT ( ( #4753, #1880, #5238 ) ) REPRESENTATION_CONTEXT ( 'NONE', 'WORKASPACE' ) );
#5929 = SURFACE_STYLE_USAGE ( .BOTH. , #2570 ) ;
#5930 =( LENGTH_UNIT ( ) NAMED_UNIT ( * ) SI_UNIT ( .MILLI., .METRE. ) );
#5931 = ORIENTED_EDGE ( 'NONE', *, *, #5943, .T. ) ;
#5932 = EDGE_LOOP ( 'NONE', ( #3141, #1913, #954, #5380 ) ) ;
#5933 = CARTESIAN_POINT ( 'NONE',  ( -102.6292860697262900, 0.0000000000000000000, 0.0000000000000000000 ) ) ;
#5934 = CARTESIAN_POINT ( 'NONE',  ( 0.0000000000000000000, 0.0000000000000000000, 12.50000000000000000 ) ) ;
#5935 = ORIENTED_EDGE ( 'NONE', *, *, #5954, .T. ) ;
#5936 = ORIENTED_EDGE ( 'NONE', *, *, #4908, .F. ) ;
#5937 = FACE_OUTER_BOUND ( 'NONE', #425, .T. ) ;
#5938 = PRODUCT_DEFINITION_SHAPE ( 'NONE', 'NONE',  #930 ) ;
#5939 = AXIS2_PLACEMENT_3D ( 'NONE', #3459, #592, #3945 ) ;
#5940 = ORIENTED_EDGE ( 'NONE', *, *, #2608, .T. ) ;
#5941 = MECHANICAL_DESIGN_GEOMETRIC_PRESENTATION_REPRESENTATION (  '', ( #5312 ), #44 ) ;
#5942 = DIRECTION ( 'NONE',  ( -1.000000000000000000, -0.0000000000000000000, -0.0000000000000000000 ) ) ;
#5943 = EDGE_CURVE ( 'NONE', #838, #2406, #2887, .T. ) ;
#5944 = CARTESIAN_POINT ( 'NONE',  ( -16.17999999999999600, 0.0000000000000000000, 0.0000000000000000000 ) ) ;
#5945 = COLOUR_RGB ( '',0.1098039215686274500, 0.1098039215686274500, 0.1098039215686274500 ) ;
#5946 = VERTEX_POINT ( 'NONE', #4475 ) ;
#5947 = ADVANCED_FACE ( 'NONE', ( #2731 ), #4859, .F. ) ;
#5948 = CARTESIAN_POINT ( 'NONE',  ( -17.29999999999999700, 0.0000000000000000000, 5.199999999999999300 ) ) ;
#5949 = DIRECTION ( 'NONE',  ( 0.0000000000000000000, 0.0000000000000000000, 1.000000000000000000 ) ) ;
#5950 = ORIENTED_EDGE ( 'NONE', *, *, #1578, .T. ) ;
#5951 = CIRCLE ( 'NONE', #5121, 2.200000000000024200 ) ;
#5952 = DIRECTION ( 'NONE',  ( 0.0000000000000000000, 0.0000000000000000000, 1.000000000000000000 ) ) ;
#5953 = FILL_AREA_STYLE_COLOUR ( '', #509 ) ;
#5954 = EDGE_CURVE ( 'NONE', #796, #250, #3570, .T. ) ;
#5955 = DIRECTION ( 'NONE',  ( 0.0000000000000000000, 0.7829530050255988400, 0.6220808564177046100 ) ) ;
#5956 = AXIS2_PLACEMENT_3D ( 'NONE', #2119, #2139, #5488 ) ;
#5957 = DIRECTION ( 'NONE',  ( -0.0000000000000000000, 1.000000000000000000, 1.224646799147353200E-016 ) ) ;
#5958 =( NAMED_UNIT ( * ) PLANE_ANGLE_UNIT ( ) SI_UNIT ( $, .RADIAN. ) );
#5959 = CARTESIAN_POINT ( 'NONE',  ( -7.499999999999994700, 0.0000000000000000000, -5.135813185032623700E-033 ) ) ;
#5960 = PRESENTATION_STYLE_ASSIGNMENT (( #887 ) ) ;
#5961 = VECTOR ( 'NONE', #3006, 1000.000000000000000 ) ;
#5962 = AXIS2_PLACEMENT_3D ( 'NONE', #162, #2065, #5909 ) ;
#5963 = PRESENTATION_LAYER_ASSIGNMENT (  '', '', ( #5327 ) ) ;
#5964 = DIRECTION ( 'NONE',  ( -0.0000000000000000000, -0.0000000000000000000, -1.000000000000000000 ) ) ;
#5965 = CYLINDRICAL_SURFACE ( 'NONE', #4905, 4.250000000000000000 ) ;
#5966 = COLOUR_RGB ( '',0.1098039215686274500, 0.1098039215686274500, 0.1098039215686274500 ) ;
#5967 = DIRECTION ( 'NONE',  ( -1.000000000000000000, -0.0000000000000000000, -0.0000000000000000000 ) ) ;
#5968 = ORIENTED_EDGE ( 'NONE', *, *, #179, .T. ) ;
#5969 = ORIENTED_EDGE ( 'NONE', *, *, #5347, .F. ) ;
#5970 =( GEOMETRIC_REPRESENTATION_CONTEXT ( 3 ) GLOBAL_UNCERTAINTY_ASSIGNED_CONTEXT ( ( #5008 ) ) GLOBAL_UNIT_ASSIGNED_CONTEXT ( ( #853, #4203, #1347 ) ) REPRESENTATION_CONTEXT ( 'NONE', 'WORKASPACE' ) );
#5971 = CIRCLE ( 'NONE', #329, 4.250000000000000000 ) ;
#5972 =( NAMED_UNIT ( * ) SI_UNIT ( $, .STERADIAN. ) SOLID_ANGLE_UNIT ( ) );
#5973 = SURFACE_SIDE_STYLE ('',( #1323 ) ) ;
#5974 =( GEOMETRIC_REPRESENTATION_CONTEXT ( 3 ) GLOBAL_UNCERTAINTY_ASSIGNED_CONTEXT ( ( #5186 ) ) GLOBAL_UNIT_ASSIGNED_CONTEXT ( ( #625, #3978, #1120 ) ) REPRESENTATION_CONTEXT ( 'NONE', 'WORKASPACE' ) );
#5975 = CARTESIAN_POINT ( 'NONE',  ( -9.519999999999987100, 6.613092715395707500E-016, -5.400000000000000400 ) ) ;
#5976 = UNCERTAINTY_MEASURE_WITH_UNIT (LENGTH_MEASURE( 1.000000000000000100E-005 ), #4316, 'distance_accuracy_value', 'NONE');
#5977 = SURFACE_STYLE_USAGE ( .BOTH. , #2614 ) ;
#5978 = ADVANCED_FACE ( 'NONE', ( #2285 ), #2953, .T. ) ;
#5979 = ORIENTED_EDGE ( 'NONE', *, *, #4067, .T. ) ;
#5980 = EDGE_CURVE ( 'NONE', #3454, #4277, #4233, .T. ) ;
#5981 = CIRCLE ( 'NONE', #2490, 4.450000000000002000 ) ;
#5982 = LINE ( 'NONE', #352, #4712 ) ;
#5983 = DIRECTION ( 'NONE',  ( 0.0000000000000000000, 0.0000000000000000000, 1.000000000000000000 ) ) ;
#5984 = FILL_AREA_STYLE_COLOUR ( '', #5390 ) ;
#5985 = EDGE_CURVE ( 'NONE', #4790, #2349, #1842, .T. ) ;
#5986 = STYLED_ITEM ( 'NONE', ( #1258 ), #5628 ) ;
#5987 = AXIS2_PLACEMENT_3D ( 'NONE', #5233, #2352, #5704 ) ;
#5988 = EDGE_CURVE ( 'NONE', #5495, #6135, #565, .T. ) ;
#5989 = STYLED_ITEM ( 'NONE', ( #185 ), #2802 ) ;
#5990 = CARTESIAN_POINT ( 'NONE',  ( -98.50000000000000000, 0.0000000000000000000, 0.0000000000000000000 ) ) ;
#5991 = ORIENTED_EDGE ( 'NONE', *, *, #628, .F. ) ;
#5992 = CIRCLE ( 'NONE', #3595, 1.750000000000004000 ) ;
#5993 = CIRCLE ( 'NONE', #4877, 0.5000000000000004400 ) ;
#5994 = AXIS2_PLACEMENT_3D ( 'NONE', #4609, #5080, #923 ) ;
#5995 = VERTEX_POINT ( 'NONE', #3576 ) ;
#5996 = ORIENTED_EDGE ( 'NONE', *, *, #1378, .T. ) ;
#5997 = PRODUCT_CONTEXT ( 'NONE', #5515, 'mechanical' ) ;
#5998 = MECHANICAL_DESIGN_GEOMETRIC_PRESENTATION_REPRESENTATION (  '', ( #5359 ), #109 ) ;
#5999 = SURFACE_STYLE_USAGE ( .BOTH. , #5516 ) ;
#6000 = ITEM_DEFINED_TRANSFORMATION ( 'NONE', 'NONE', #3939,  #2144 ) ;
#6001 = PLANE ( 'NONE',  #4638 ) ;
#6002 = STYLED_ITEM ( 'NONE', ( #1898 ), #1316 ) ;
#6003 = EDGE_LOOP ( 'NONE', ( #3968, #3170, #3440, #3652 ) ) ;
#6004 =( LENGTH_UNIT ( ) NAMED_UNIT ( * ) SI_UNIT ( .MILLI., .METRE. ) );
#6005 = EDGE_CURVE ( 'NONE', #4441, #3604, #1699, .T. ) ;
#6006 = VERTEX_POINT ( 'NONE', #2613 ) ;
#6007 = CARTESIAN_POINT ( 'NONE',  ( -102.6292860697262900, 0.0000000000000000000, 0.0000000000000000000 ) ) ;
#6008 = COLOUR_RGB ( '',0.1098039215686274500, 0.1098039215686274500, 0.1098039215686274500 ) ;
#6009 = ORIENTED_EDGE ( 'NONE', *, *, #3589, .F. ) ;
#6010 = ADVANCED_FACE ( 'NONE', ( #5513 ), #5365, .T. ) ;
#6011 = SURFACE_STYLE_USAGE ( .BOTH. , #2646 ) ;
#6012 = FACE_OUTER_BOUND ( 'NONE', #5140, .T. ) ;
#6013 = CLOSED_SHELL ( 'NONE', ( #2269, #2242, #2740, #2955, #418, #5179, #261 ) ) ;
#6014 = CARTESIAN_POINT ( 'NONE',  ( 0.0000000000000000000, 0.0000000000000000000, 22.50000000000000000 ) ) ;
#6015 =( NAMED_UNIT ( * ) SI_UNIT ( $, .STERADIAN. ) SOLID_ANGLE_UNIT ( ) );
#6016 = PRODUCT ( 'Тело17', 'Тело17', '', ( #750 ) ) ;
#6017 = SURFACE_SIDE_STYLE ('',( #1040 ) ) ;
#6018 = EDGE_LOOP ( 'NONE', ( #4696, #91 ) ) ;
#6019 = APPLICATION_CONTEXT ( 'automotive_design' ) ;
#6020 = AXIS2_PLACEMENT_3D ( 'NONE', #1292, #4633, #1767 ) ;
#6021 = DIRECTION ( 'NONE',  ( -0.0000000000000000000, -0.0000000000000000000, 1.000000000000000000 ) ) ;
#6022 = ORIENTED_EDGE ( 'NONE', *, *, #3979, .F. ) ;
#6023 = STYLED_ITEM ( 'NONE', ( #142 ), #4942 ) ;
#6024 = DIRECTION ( 'NONE',  ( -1.000000000000000000, -0.0000000000000000000, -0.0000000000000000000 ) ) ;
#6025 = ORIENTED_EDGE ( 'NONE', *, *, #213, .T. ) ;
#6026 = EDGE_CURVE ( 'NONE', #1594, #4969, #413, .T. ) ;
#6027 = UNCERTAINTY_MEASURE_WITH_UNIT (LENGTH_MEASURE( 1.000000000000000100E-005 ), #4941, 'distance_accuracy_value', 'NONE');
#6028 = FACE_OUTER_BOUND ( 'NONE', #2127, .T. ) ;
#6029 = LINE ( 'NONE', #568, #1097 ) ;
#6030 = MECHANICAL_DESIGN_GEOMETRIC_PRESENTATION_REPRESENTATION (  '', ( #5079 ), #146 ) ;
#6031 = STYLED_ITEM ( 'NONE', ( #341 ), #831 ) ;
#6032 = CIRCLE ( 'NONE', #3163, 2.200000000000024200 ) ;
#6033 = COLOUR_RGB ( '',0.1098039215686274500, 0.1098039215686274500, 0.1098039215686274500 ) ;
#6034 = FACE_OUTER_BOUND ( 'NONE', #4128, .T. ) ;
#6035 = COLOUR_RGB ( '',0.1098039215686274500, 0.1098039215686274500, 0.1098039215686274500 ) ;
#6036 = APPLICATION_PROTOCOL_DEFINITION ( 'draft international standard', 'automotive_design', 1998, #2681 ) ;
#6037 = CARTESIAN_POINT ( 'NONE',  ( -15.28000000000000100, 0.0000000000000000000, 0.0000000000000000000 ) ) ;
#6038 = ADVANCED_FACE ( 'NONE', ( #2800, #265 ), #6001, .F. ) ;
#6039 = ORIENTED_EDGE ( 'NONE', *, *, #3221, .F. ) ;
#6040 = SURFACE_STYLE_FILL_AREA ( #3334 ) ;
#6041 = ORIENTED_EDGE ( 'NONE', *, *, #1473, .F. ) ;
#6042 = ORIENTED_EDGE ( 'NONE', *, *, #3289, .T. ) ;
#6043 = ORIENTED_EDGE ( 'NONE', *, *, #4919, .F. ) ;
#6044 =( NAMED_UNIT ( * ) PLANE_ANGLE_UNIT ( ) SI_UNIT ( $, .RADIAN. ) );
#6045 = ORIENTED_EDGE ( 'NONE', *, *, #1904, .F. ) ;
#6046 = ADVANCED_FACE ( 'NONE', ( #4770 ), #1920, .F. ) ;
#6047 = VECTOR ( 'NONE', #5964, 1000.000000000000000 ) ;
#6048 = FILL_AREA_STYLE ('',( #816 ) ) ;
#6049 = ORIENTED_EDGE ( 'NONE', *, *, #3857, .T. ) ;
#6050 =( LENGTH_UNIT ( ) NAMED_UNIT ( * ) SI_UNIT ( .MILLI., .METRE. ) );
#6051 = ORIENTED_EDGE ( 'NONE', *, *, #1524, .T. ) ;
#6052 = PRESENTATION_LAYER_ASSIGNMENT (  '', '', ( #5726 ) ) ;
#6053 = CARTESIAN_POINT ( 'NONE',  ( 0.0000000000000000000, 0.0000000000000000000, 26.52813153950928900 ) ) ;
#6054 = PRESENTATION_STYLE_ASSIGNMENT (( #2546 ) ) ;
#6055 = STYLED_ITEM ( 'NONE', ( #5688 ), #3255 ) ;
#6056 = DIRECTION ( 'NONE',  ( -1.000000000000000000, -1.224646799147351500E-016, 0.0000000000000000000 ) ) ;
#6057 = CARTESIAN_POINT ( 'NONE',  ( -94.00000000000000000, 0.0000000000000000000, 0.0000000000000000000 ) ) ;
#6058 = ORIENTED_EDGE ( 'NONE', *, *, #5280, .F. ) ;
#6059 = EDGE_CURVE ( 'NONE', #710, #2492, #640, .T. ) ;
#6060 = CIRCLE ( 'NONE', #583, 5.199999999999999300 ) ;
#6061 = CIRCLE ( 'NONE', #3213, 2.499999999999998700 ) ;
#6062 = DIRECTION ( 'NONE',  ( 0.0000000000000000000, 0.0000000000000000000, 1.000000000000000000 ) ) ;
#6063 = AXIS2_PLACEMENT_3D ( 'NONE', #5372, #2497, #5848 ) ;
#6064 = PRODUCT_RELATED_PRODUCT_CATEGORY ( 'part', '', ( #3124 ) ) ;
#6065 = DIRECTION ( 'NONE',  ( 0.0000000000000000000, 0.0000000000000000000, -1.000000000000000000 ) ) ;
#6066 = VECTOR ( 'NONE', #4358, 1000.000000000000000 ) ;
#6067 =( NAMED_UNIT ( * ) PLANE_ANGLE_UNIT ( ) SI_UNIT ( $, .RADIAN. ) );
#6068 = ORIENTED_EDGE ( 'NONE', *, *, #4388, .F. ) ;
#6069 = EDGE_CURVE ( 'NONE', #4451, #2470, #4322, .T. ) ;
#6070 = AXIS2_PLACEMENT_3D ( 'NONE', #1052, #3451, #5361 ) ;
#6071 = ORIENTED_EDGE ( 'NONE', *, *, #4351, .T. ) ;
#6072 = DIRECTION ( 'NONE',  ( -1.000000000000000000, 0.0000000000000000000, 0.0000000000000000000 ) ) ;
#6073 = AXIS2_PLACEMENT_3D ( 'NONE', #3700, #5621, #1348 ) ;
#6074 = CYLINDRICAL_SURFACE ( 'NONE', #2978, 2.600000000000005000 ) ;
#6075 = ADVANCED_FACE ( 'NONE', ( #5585 ), #4990, .T. ) ;
#6076 = DIRECTION ( 'NONE',  ( 0.0000000000000000000, 0.0000000000000000000, 1.000000000000000000 ) ) ;
#6077 = CARTESIAN_POINT ( 'NONE',  ( -11.00000000000001100, 0.0000000000000000000, 2.600000000000010300 ) ) ;
#6078 = MECHANICAL_DESIGN_GEOMETRIC_PRESENTATION_REPRESENTATION (  '', ( #4808 ), #189 ) ;
#6079 = ORIENTED_EDGE ( 'NONE', *, *, #3984, .F. ) ;
#6080 = VERTEX_POINT ( 'NONE', #6077 ) ;
#6081 = ORIENTED_EDGE ( 'NONE', *, *, #5581, .F. ) ;
#6082 = SURFACE_STYLE_FILL_AREA ( #3799 ) ;
#6083 = ORIENTED_EDGE ( 'NONE', *, *, #3435, .F. ) ;
#6084 = CIRCLE ( 'NONE', #983, 4.450000000000002000 ) ;
#6085 = DIRECTION ( 'NONE',  ( 0.0000000000000000000, 0.0000000000000000000, 1.000000000000000000 ) ) ;
#6086 = CARTESIAN_POINT ( 'NONE',  ( -8.219999999999995300, 0.0000000000000000000, 0.0000000000000000000 ) ) ;
#6087 =( NAMED_UNIT ( * ) SI_UNIT ( $, .STERADIAN. ) SOLID_ANGLE_UNIT ( ) );
#6088 = CARTESIAN_POINT ( 'NONE',  ( 1.722964503423849000, 2.110022964162525400E-016, 26.52813153950928900 ) ) ;
#6089 = FACE_OUTER_BOUND ( 'NONE', #3635, .T. ) ;
#6090 = ORIENTED_EDGE ( 'NONE', *, *, #5280, .T. ) ;
#6091 = STYLED_ITEM ( 'NONE', ( #5002 ), #2794 ) ;
#6092 = CARTESIAN_POINT ( 'NONE',  ( 0.0000000000000000000, 0.0000000000000000000, 11.50000000000000200 ) ) ;
#6093 = ORIENTED_EDGE ( 'NONE', *, *, #542, .F. ) ;
#6094 = FILL_AREA_STYLE ('',( #3690 ) ) ;
#6095 = FACE_OUTER_BOUND ( 'NONE', #4518, .T. ) ;
#6096 = CARTESIAN_POINT ( 'NONE',  ( -8.620000000000002800, 0.0000000000000000000, 5.400000000000000400 ) ) ;
#6097 = PRESENTATION_STYLE_ASSIGNMENT (( #3723 ) ) ;
#6098 = EDGE_CURVE ( 'NONE', #348, #3686, #40, .T. ) ;
#6099 = AXIS2_PLACEMENT_3D ( 'NONE', #6007, #762, #2669 ) ;
#6100 = EDGE_CURVE ( 'NONE', #4566, #2081, #3859, .T. ) ;
#6101 = CARTESIAN_POINT ( 'NONE',  ( -16.57999999999999800, 5.327213576290988200E-016, -4.250000000000000000 ) ) ;
#6102 = SURFACE_STYLE_FILL_AREA ( #405 ) ;
#6103 = FACE_OUTER_BOUND ( 'NONE', #2361, .T. ) ;
#6104 = ADVANCED_FACE ( 'NONE', ( #2575 ), #714, .T. ) ;
#6105 = FILL_AREA_STYLE_COLOUR ( '', #2873 ) ;
#6106 = PRESENTATION_LAYER_ASSIGNMENT (  '', '', ( #5794 ) ) ;
#6107 = CARTESIAN_POINT ( 'NONE',  ( -92.50000000000000000, 0.0000000000000000000, 1.700000000000011300 ) ) ;
#6108 = SURFACE_SIDE_STYLE ('',( #2459 ) ) ;
#6109 = COLOUR_RGB ( '',0.1098039215686274500, 0.1098039215686274500, 0.1098039215686274500 ) ;
#6110 = COLOUR_RGB ( '',0.1098039215686274500, 0.1098039215686274500, 0.1098039215686274500 ) ;
#6111 = ORIENTED_EDGE ( 'NONE', *, *, #4835, .T. ) ;
#6112 = PRESENTATION_LAYER_ASSIGNMENT (  '', '', ( #5796 ) ) ;
#6113 =( GEOMETRIC_REPRESENTATION_CONTEXT ( 3 ) GLOBAL_UNCERTAINTY_ASSIGNED_CONTEXT ( ( #5081 ) ) GLOBAL_UNIT_ASSIGNED_CONTEXT ( ( #5647, #2779, #6139 ) ) REPRESENTATION_CONTEXT ( 'NONE', 'WORKASPACE' ) );
#6114 = AXIS2_PLACEMENT_3D ( 'NONE', #118, #4742, #1866 ) ;
#6115 = CYLINDRICAL_SURFACE ( 'NONE', #202, 1.800000000000016300 ) ;
#6116 = CARTESIAN_POINT ( 'NONE',  ( -111.8192135558113600, 0.0000000000000000000, 0.0000000000000000000 ) ) ;
#6117 = DIRECTION ( 'NONE',  ( -1.000000000000000000, -0.0000000000000000000, -0.0000000000000000000 ) ) ;
#6118 = EDGE_CURVE ( 'NONE', #4373, #128, #1994, .T. ) ;
#6119 = CIRCLE ( 'NONE', #5268, 1.999999999999999600 ) ;
#6120 = ADVANCED_FACE ( 'NONE', ( #3246 ), #3110, .F. ) ;
#6121 = DIRECTION ( 'NONE',  ( 0.0000000000000000000, 0.0000000000000000000, -1.000000000000000000 ) ) ;
#6122 = CARTESIAN_POINT ( 'NONE',  ( -10.43999999999999400, 5.449678256205721800E-016, -4.450000000000000200 ) ) ;
#6123 = CARTESIAN_POINT ( 'NONE',  ( -11.93999999999999200, 0.0000000000000000000, 0.0000000000000000000 ) ) ;
#6124 = ORIENTED_EDGE ( 'NONE', *, *, #5545, .F. ) ;
#6125 = ORIENTED_EDGE ( 'NONE', *, *, #4198, .T. ) ;
#6126 = FACE_OUTER_BOUND ( 'NONE', #3045, .T. ) ;
#6127 = CIRCLE ( 'NONE', #2858, 1.410652069897089500 ) ;
#6128 = CARTESIAN_POINT ( 'NONE',  ( -1.722964503423848800, 2.110022964162525400E-016, 26.52813153950928900 ) ) ;
#6130 = CARTESIAN_POINT ( 'NONE',  ( -92.50000000000002800, 0.0000000000000000000, 0.0000000000000000000 ) ) ;
#6129 = DIRECTION ( 'NONE',  ( -1.000000000000000000, -0.0000000000000000000, -0.0000000000000000000 ) ) ;
#6131 = DIRECTION ( 'NONE',  ( -1.000000000000000000, -0.0000000000000000000, -0.0000000000000000000 ) ) ;
#6132 = FACE_OUTER_BOUND ( 'NONE', #1086, .T. ) ;
#6133 = AXIS2_PLACEMENT_3D ( 'NONE', #3075, #214, #3564 ) ;
#6134 = FILL_AREA_STYLE_COLOUR ( '', #2085 ) ;
#6135 = VERTEX_POINT ( 'NONE', #4699 ) ;
#6136 = UNCERTAINTY_MEASURE_WITH_UNIT (LENGTH_MEASURE( 1.000000000000000100E-005 ), #3421, 'distance_accuracy_value', 'NONE');
#6137 = ADVANCED_FACE ( 'NONE', ( #4394 ), #1395, .T. ) ;
#6138 = PRESENTATION_LAYER_ASSIGNMENT (  '', '', ( #5819 ) ) ;
#6139 =( NAMED_UNIT ( * ) SI_UNIT ( $, .STERADIAN. ) SOLID_ANGLE_UNIT ( ) );
#6140 = MECHANICAL_DESIGN_GEOMETRIC_PRESENTATION_REPRESENTATION (  '', ( #5500 ), #251 ) ;
#6141 = EDGE_LOOP ( 'NONE', ( #2230, #2964, #5729, #3764 ) ) ;
#6142 = CARTESIAN_POINT ( 'NONE',  ( -8.000000000000007100, 0.0000000000000000000, 0.0000000000000000000 ) ) ;
#6143 = CONTEXT_DEPENDENT_SHAPE_REPRESENTATION ( #3161, #3533 ) ;
#6144 = DIRECTION ( 'NONE',  ( -0.0000000000000000000, 1.000000000000000000, 1.224646799147353200E-016 ) ) ;
#6145 = CARTESIAN_POINT ( 'NONE',  ( -16.18000000000000000, 0.0000000000000000000, 5.400000000000000400 ) ) ;
#6146 =( NAMED_UNIT ( * ) SI_UNIT ( $, .STERADIAN. ) SOLID_ANGLE_UNIT ( ) );
#6148 = DIRECTION ( 'NONE',  ( -1.000000000000000000, -0.0000000000000000000, -0.0000000000000000000 ) ) ;
#6147 = DIRECTION ( 'NONE',  ( 0.0000000000000000000, 0.0000000000000000000, 1.000000000000000000 ) ) ;
#6149 = ORIENTED_EDGE ( 'NONE', *, *, #2960, .T. ) ;
#6150 = EDGE_LOOP ( 'NONE', ( #1577, #5720, #2309, #1268 ) ) ;
#6151 = ADVANCED_FACE ( 'NONE', ( #5643, #3930 ), #1851, .F. ) ;
#6152 = ORIENTED_EDGE ( 'NONE', *, *, #698, .F. ) ;
#6153 = ADVANCED_BREP_SHAPE_REPRESENTATION ( '', ( #1304, #2144 ), #4068 ) ;
#6154 = EDGE_LOOP ( 'NONE', ( #1413, #5824, #3919, #600 ) ) ;
#6155 = DIRECTION ( 'NONE',  ( -1.000000000000000000, -0.0000000000000000000, -0.0000000000000000000 ) ) ;
#6156 = CIRCLE ( 'NONE', #1601, 0.1999999999999996500 ) ;
#6157 = AXIS2_PLACEMENT_3D ( 'NONE', #5598, #2722, #6076 ) ;
#6158 = ORIENTED_EDGE ( 'NONE', *, *, #3114, .F. ) ;
#6159 = DIRECTION ( 'NONE',  ( -0.0000000000000000000, 1.000000000000000000, 1.224646799147353200E-016 ) ) ;
#6160 = DIRECTION ( 'NONE',  ( 0.0000000000000000000, 0.0000000000000000000, -1.000000000000000000 ) ) ;
#6161 = SURFACE_STYLE_FILL_AREA ( #4370 ) ;
#6162 = ORIENTED_EDGE ( 'NONE', *, *, #3938, .F. ) ;
#6163 =( NAMED_UNIT ( * ) SI_UNIT ( $, .STERADIAN. ) SOLID_ANGLE_UNIT ( ) );
#6164 = PLANE ( 'NONE',  #5451 ) ;
#6165 = DIRECTION ( 'NONE',  ( 0.0000000000000000000, 0.0000000000000000000, -1.000000000000000000 ) ) ;
#6166 = DIRECTION ( 'NONE',  ( 0.0000000000000000000, -1.000000000000000000, 0.0000000000000000000 ) ) ;
#6167 = ORIENTED_EDGE ( 'NONE', *, *, #1182, .T. ) ;
#6168 = DIRECTION ( 'NONE',  ( -1.000000000000000000, 0.0000000000000000000, 0.0000000000000000000 ) ) ;
#6169 = AXIS2_PLACEMENT_3D ( 'NONE', #1030, #4380, #1518 ) ;
#6171 = CARTESIAN_POINT ( 'NONE',  ( -9.919999999999998200, 0.0000000000000000000, 0.0000000000000000000 ) ) ;
#6170 = DIRECTION ( 'NONE',  ( -1.000000000000000000, -0.0000000000000000000, -0.0000000000000000000 ) ) ;
#6172 = MECHANICAL_DESIGN_GEOMETRIC_PRESENTATION_REPRESENTATION (  '', ( #5541 ), #284 ) ;
#6173 = FACE_OUTER_BOUND ( 'NONE', #6204, .T. ) ;
#6175 =( NAMED_UNIT ( * ) PLANE_ANGLE_UNIT ( ) SI_UNIT ( $, .RADIAN. ) );
#6174 = CARTESIAN_POINT ( 'NONE',  ( -12.13999999999999900, 0.0000000000000000000, 4.250000000000000000 ) ) ;
#6176 = CYLINDRICAL_SURFACE ( 'NONE', #1640, 5.400000000000000400 ) ;
#6177 = EDGE_CURVE ( 'NONE', #4710, #4661, #2648, .T. ) ;
#6178 = DIRECTION ( 'NONE',  ( 0.0000000000000000000, -1.000000000000000000, 0.0000000000000000000 ) ) ;
#6179 = UNCERTAINTY_MEASURE_WITH_UNIT (LENGTH_MEASURE( 1.000000000000000100E-005 ), #3709, 'distance_accuracy_value', 'NONE');
#6180 = DIRECTION ( 'NONE',  ( -1.000000000000000000, -0.0000000000000000000, -0.0000000000000000000 ) ) ;
#6181 = FILL_AREA_STYLE_COLOUR ( '', #1157 ) ;
#6182 = AXIS2_PLACEMENT_3D ( 'NONE', #2610, #4555, #1692 ) ;
#6183 = CIRCLE ( 'NONE', #94, 6.000000000000000900 ) ;
#6184 = CARTESIAN_POINT ( 'NONE',  ( -91.50000000000000000, 0.0000000000000000000, 0.0000000000000000000 ) ) ;
#6185 = AXIS2_PLACEMENT_3D ( 'NONE', #1495, #4845, #1968 ) ;
#6186 = PRODUCT_DEFINITION ( 'UNKNOWN', '', #3171, #3662 ) ;
#6187 = UNCERTAINTY_MEASURE_WITH_UNIT (LENGTH_MEASURE( 1.000000000000000100E-005 ), #197, 'distance_accuracy_value', 'NONE');
#6188 = DIRECTION ( 'NONE',  ( 0.0000000000000000000, 0.0000000000000000000, 1.000000000000000000 ) ) ;
#6189 = DIRECTION ( 'NONE',  ( -1.000000000000000000, -0.0000000000000000000, -0.0000000000000000000 ) ) ;
#6190 = VERTEX_POINT ( 'NONE', #2318 ) ;
#6191 = EDGE_CURVE ( 'NONE', #4969, #1594, #2502, .T. ) ;
#6192 = VERTEX_POINT ( 'NONE', #3280 ) ;
#6193 = DIRECTION ( 'NONE',  ( 0.0000000000000000000, 0.0000000000000000000, -1.000000000000000000 ) ) ;
#6194 = DIRECTION ( 'NONE',  ( 0.0000000000000000000, 0.0000000000000000000, -1.000000000000000000 ) ) ;
#6195 = AXIS2_PLACEMENT_3D ( 'NONE', #331, #2691, #4626 ) ;
#6196 = DIRECTION ( 'NONE',  ( 0.0000000000000000000, 0.0000000000000000000, 1.000000000000000000 ) ) ;
#6197 = EDGE_LOOP ( 'NONE', ( #5554, #1868, #1093, #3648 ) ) ;
#6198 = ORIENTED_EDGE ( 'NONE', *, *, #2645, .F. ) ;
#6199 = ORIENTED_EDGE ( 'NONE', *, *, #449, .T. ) ;
#6200 = AXIS2_PLACEMENT_3D ( 'NONE', #295, #3645, #782 ) ;
#6201 = FACE_OUTER_BOUND ( 'NONE', #3314, .T. ) ;
#6202 = MECHANICAL_DESIGN_GEOMETRIC_PRESENTATION_REPRESENTATION (  '', ( #5562 ), #308 ) ;
#6203 = DIRECTION ( 'NONE',  ( 0.0000000000000000000, 0.0000000000000000000, 1.000000000000000000 ) ) ;
#6204 = EDGE_LOOP ( 'NONE', ( #4291, #6041, #1670, #5247 ) ) ;
#6205 = DIRECTION ( 'NONE',  ( -1.000000000000000000, -0.0000000000000000000, -0.0000000000000000000 ) ) ;
#6206 =( NAMED_UNIT ( * ) PLANE_ANGLE_UNIT ( ) SI_UNIT ( $, .RADIAN. ) );
#6207 =( NAMED_UNIT ( * ) SI_UNIT ( $, .STERADIAN. ) SOLID_ANGLE_UNIT ( ) );
#6208 = EDGE_CURVE ( 'NONE', #4945, #2556, #3783, .T. ) ;
#6209 = CARTESIAN_POINT ( 'NONE',  ( -1.750000000000003300, 0.0000000000000000000, -8.178233058921771100 ) ) ;
#6210 = CIRCLE ( 'NONE', #2282, 0.09999999999999961700 ) ;
#6211 = FACE_OUTER_BOUND ( 'NONE', #6197, .T. ) ;
#6212 = DIRECTION ( 'NONE',  ( 0.0000000000000000000, -1.224646799147353500E-016, 1.000000000000000000 ) ) ;
#6213 = DIRECTION ( 'NONE',  ( 1.000000000000000000, 0.0000000000000000000, 0.0000000000000000000 ) ) ;
#6214 =( NAMED_UNIT ( * ) SI_UNIT ( $, .STERADIAN. ) SOLID_ANGLE_UNIT ( ) );
#6215 = AXIS2_PLACEMENT_3D ( 'NONE', #2769, #6131, #3253 ) ;
#6216 = NEXT_ASSEMBLY_USAGE_OCCURRENCE ( 'NAUO1', ' ', ' ', #2211, #1586, $ ) ;
#6217 = NEXT_ASSEMBLY_USAGE_OCCURRENCE ( 'NAUO2', ' ', ' ', #2211, #1271, $ ) ;
#6218 = NEXT_ASSEMBLY_USAGE_OCCURRENCE ( 'NAUO3', ' ', ' ', #2211, #930, $ ) ;
#6219 = NEXT_ASSEMBLY_USAGE_OCCURRENCE ( 'NAUO4', ' ', ' ', #2211, #611, $ ) ;
#6220 = NEXT_ASSEMBLY_USAGE_OCCURRENCE ( 'NAUO5', ' ', ' ', #2211, #293, $ ) ;
#6221 = NEXT_ASSEMBLY_USAGE_OCCURRENCE ( 'NAUO6', ' ', ' ', #2211, #6186, $ ) ;
ENDSEC;
END-ISO-10303-21;
