ISO-10303-21;
HEADER;
FILE_DESCRIPTION (( 'STEP AP214' ),
    '1' );
FILE_NAME ('F769C8A3-F002-4BD8-BD0E-BCE4E443EA9F.STEP',
    '2024-04-05T13:10:54',
    ( '' ),
    ( '' ),
    'SwSTEP 2.0',
    'SolidWorks 2022',
    '' );
FILE_SCHEMA (( 'AUTOMOTIVE_DESIGN' ));
ENDSEC;

DATA;
#1 = VERTEX_POINT ( 'NONE', #8023 ) ;
#2 = PLANE ( 'NONE',  #8341 ) ;
#3 = FILL_AREA_STYLE ('',( #1848 ) ) ;
#4 = ADVANCED_FACE ( 'NONE', ( #7507 ), #5476, .F. ) ;
#5 = EDGE_CURVE ( 'NONE', #4098, #7015, #2186, .T. ) ;
#6 = MECHANICAL_DESIGN_GEOMETRIC_PRESENTATION_REPRESENTATION (  '', ( #3800 ), #4365 ) ;
#7 = DIRECTION ( 'NONE',  ( 0.0000000000000000000, 0.0000000000000000000, 1.000000000000000000 ) ) ;
#8 = CARTESIAN_POINT ( 'NONE',  ( -3.500000000000000000, -9.445612346359450129, 4.200000000000000178 ) ) ;
#9 = ADVANCED_FACE ( 'NONE', ( #4172 ), #4092, .T. ) ;
#10 = ORIENTED_EDGE ( 'NONE', *, *, #2061, .T. ) ;
#11 = CIRCLE ( 'NONE', #4102, 0.7500000000000000000 ) ;
#12 = CARTESIAN_POINT ( 'NONE',  ( 4.900000000000000355, 3.000000000000000000, 1.500000000000000000 ) ) ;
#13 = ORIENTED_EDGE ( 'NONE', *, *, #1778, .T. ) ;
#14 = DIRECTION ( 'NONE',  ( -1.000000000000000000, -0.0000000000000000000, -0.0000000000000000000 ) ) ;
#15 = CYLINDRICAL_SURFACE ( 'NONE', #6978, 7.000000000000000000 ) ;
#16 = AXIS2_PLACEMENT_3D ( 'NONE', #3995, #6670, #811 ) ;
#17 = VECTOR ( 'NONE', #3045, 1000.000000000000000 ) ;
#18 = EDGE_CURVE ( 'NONE', #8154, #1062, #1905, .T. ) ;
#19 = FACE_OUTER_BOUND ( 'NONE', #3413, .T. ) ;
#20 = ORIENTED_EDGE ( 'NONE', *, *, #3529, .F. ) ;
#21 = CARTESIAN_POINT ( 'NONE',  ( -4.500000000000000888, 5.510910596163089556E-16, 1.500000000000000000 ) ) ;
#22 = PRESENTATION_LAYER_ASSIGNMENT (  '', '', ( #558 ) ) ;
#23 = ORIENTED_EDGE ( 'NONE', *, *, #2549, .T. ) ;
#24 = MECHANICAL_DESIGN_GEOMETRIC_PRESENTATION_REPRESENTATION (  '', ( #6877 ), #7987 ) ;
#25 = DIRECTION ( 'NONE',  ( -0.8944271909999158554, 0.4472135954999579277, 0.0000000000000000000 ) ) ;
#26 = SURFACE_STYLE_USAGE ( .BOTH. , #67 ) ;
#27 = FILL_AREA_STYLE ('',( #4550 ) ) ;
#28 = DIRECTION ( 'NONE',  ( 0.0000000000000000000, 0.0000000000000000000, 1.000000000000000000 ) ) ;
#29 = EDGE_CURVE ( 'NONE', #374, #2308, #1140, .T. ) ;
#30 = AXIS2_PLACEMENT_3D ( 'NONE', #3172, #672, #5858 ) ;
#31 = LINE ( 'NONE', #5290, #1640 ) ;
#32 = AXIS2_PLACEMENT_3D ( 'NONE', #7303, #831, #1449 ) ;
#33 = CARTESIAN_POINT ( 'NONE',  ( 6.368271747270940253, -2.906047995630970160, 0.0000000000000000000 ) ) ;
#34 = CARTESIAN_POINT ( 'NONE',  ( 3.459999999999999964, -5.495612346359449951, 2.200000000000000178 ) ) ;
#35 = ORIENTED_EDGE ( 'NONE', *, *, #4756, .T. ) ;
#36 = PRESENTATION_STYLE_ASSIGNMENT (( #1998 ) ) ;
#37 = VERTEX_POINT ( 'NONE', #6244 ) ;
#38 = MECHANICAL_DESIGN_GEOMETRIC_PRESENTATION_REPRESENTATION (  '', ( #1913 ), #4817 ) ;
#39 = EDGE_CURVE ( 'NONE', #7151, #4846, #2962, .T. ) ;
#40 = CARTESIAN_POINT ( 'NONE',  ( 5.160000000000000142, -5.645612346359450306, 1.200000000000000178 ) ) ;
#41 = EDGE_CURVE ( 'NONE', #3464, #6375, #8188, .T. ) ;
#42 = FACE_OUTER_BOUND ( 'NONE', #4126, .T. ) ;
#43 = VECTOR ( 'NONE', #4090, 1000.000000000000000 ) ;
#44 = ORIENTED_EDGE ( 'NONE', *, *, #4147, .T. ) ;
#45 = ORIENTED_EDGE ( 'NONE', *, *, #1269, .T. ) ;
#46 = PRESENTATION_STYLE_ASSIGNMENT (( #7240 ) ) ;
#47 = ORIENTED_EDGE ( 'NONE', *, *, #5354, .F. ) ;
#48 = CARTESIAN_POINT ( 'NONE',  ( 5.200000000000001066, 3.000000000000000000, 1.500000000000000000 ) ) ;
#49 = EDGE_CURVE ( 'NONE', #1670, #8007, #7674, .T. ) ;
#50 = DIRECTION ( 'NONE',  ( 0.0000000000000000000, -1.000000000000000000, -8.673617379884035472E-16 ) ) ;
#51 = LINE ( 'NONE', #5228, #6062 ) ;
#52 = ORIENTED_EDGE ( 'NONE', *, *, #6404, .F. ) ;
#53 = AXIS2_PLACEMENT_3D ( 'NONE', #4889, #7499, #2950 ) ;
#54 = CARTESIAN_POINT ( 'NONE',  ( 6.911675780212114262, -1.108484510144039037, 1.000000000000000000 ) ) ;
#55 = ORIENTED_EDGE ( 'NONE', *, *, #444, .F. ) ;
#56 = CARTESIAN_POINT ( 'NONE',  ( -6.995612346359258993, 0.2478061731796301903, -2.168404344971008868E-16 ) ) ;
#57 = MECHANICAL_DESIGN_GEOMETRIC_PRESENTATION_REPRESENTATION (  '', ( #4559 ), #2906 ) ;
#58 = FILL_AREA_STYLE ('',( #5183 ) ) ;
#59 = FILL_AREA_STYLE ('',( #1952 ) ) ;
#60 = CARTESIAN_POINT ( 'NONE',  ( -0.5000000000000004441, -9.445612346359450129, 4.200000000000000178 ) ) ;
#61 = CARTESIAN_POINT ( 'NONE',  ( 0.0000000000000000000, 0.0000000000000000000, 1.000000000000000000 ) ) ;
#62 = ORIENTED_EDGE ( 'NONE', *, *, #6686, .F. ) ;
#63 = VECTOR ( 'NONE', #2275, 1000.000000000000000 ) ;
#64 = EDGE_LOOP ( 'NONE', ( #5673, #2525, #5843, #548 ) ) ;
#65 = EDGE_CURVE ( 'NONE', #455, #374, #7593, .T. ) ;
#66 = EDGE_CURVE ( 'NONE', #4237, #6626, #2265, .T. ) ;
#67 = SURFACE_SIDE_STYLE ('',( #8427 ) ) ;
#68 = DIRECTION ( 'NONE',  ( 0.0000000000000000000, 0.0000000000000000000, 1.000000000000000000 ) ) ;
#69 = FILL_AREA_STYLE ('',( #2790 ) ) ;
#70 = SURFACE_STYLE_USAGE ( .BOTH. , #5950 ) ;
#71 = SURFACE_SIDE_STYLE ('',( #1870 ) ) ;
#72 = DIRECTION ( 'NONE',  ( -3.947459643111669945E-16, 0.0000000000000000000, -1.000000000000000000 ) ) ;
#73 = VERTEX_POINT ( 'NONE', #5594 ) ;
#74 = ORIENTED_EDGE ( 'NONE', *, *, #5529, .T. ) ;
#75 = AXIS2_PLACEMENT_3D ( 'NONE', #2479, #588, #5779 ) ;
#76 = UNCERTAINTY_MEASURE_WITH_UNIT (LENGTH_MEASURE( 1.000000000000000082E-05 ), #6411, 'distance_accuracy_value', 'NONE');
#77 = EDGE_CURVE ( 'NONE', #6763, #7656, #1099, .T. ) ;
#78 = COLOUR_RGB ( '',0.1529411764705882470, 0.1529411764705882470, 0.1529411764705882470 ) ;
#79 = CARTESIAN_POINT ( 'NONE',  ( -2.487442310373080723, 6.005216961323359470, -7.000000000000000000 ) ) ;
#80 = CARTESIAN_POINT ( 'NONE',  ( 4.900000000000000355, 3.000000000000000444, 1.500000000000000222 ) ) ;
#81 = STYLED_ITEM ( 'NONE', ( #1687 ), #2524 ) ;
#82 = ORIENTED_EDGE ( 'NONE', *, *, #3986, .T. ) ;
#83 = ORIENTED_EDGE ( 'NONE', *, *, #2969, .F. ) ;
#84 = DIRECTION ( 'NONE',  ( -1.000000000000000000, 0.0000000000000000000, 0.0000000000000000000 ) ) ;
#85 = ORIENTED_EDGE ( 'NONE', *, *, #3585, .T. ) ;
#86 = EDGE_CURVE ( 'NONE', #4936, #3970, #6349, .T. ) ;
#87 = LINE ( 'NONE', #4861, #963 ) ;
#88 = AXIS2_PLACEMENT_3D ( 'NONE', #7201, #2446, #599 ) ;
#89 = SURFACE_SIDE_STYLE ('',( #6139 ) ) ;
#90 = CARTESIAN_POINT ( 'NONE',  ( 0.0000000000000000000, 0.0000000000000000000, 1.000000000000000000 ) ) ;
#91 =( NAMED_UNIT ( * ) PLANE_ANGLE_UNIT ( ) SI_UNIT ( $, .RADIAN. ) );
#92 = ORIENTED_EDGE ( 'NONE', *, *, #5653, .T. ) ;
#93 = CARTESIAN_POINT ( 'NONE',  ( -5.404552479966540091, 3.611206514627420372, -7.000000000000000000 ) ) ;
#94 = ORIENTED_EDGE ( 'NONE', *, *, #4503, .T. ) ;
#95 = CARTESIAN_POINT ( 'NONE',  ( 5.404552479966540091, 3.611206514627410158, 0.0000000000000000000 ) ) ;
#96 = DIRECTION ( 'NONE',  ( 0.7667737427878703604, -0.6419174614941403068, 0.0000000000000000000 ) ) ;
#97 = VECTOR ( 'NONE', #5924, 1000.000000000000000 ) ;
#98 = ORIENTED_EDGE ( 'NONE', *, *, #7571, .F. ) ;
#99 = DIRECTION ( 'NONE',  ( -0.0000000000000000000, 1.000000000000000000, 0.0000000000000000000 ) ) ;
#100 = EDGE_LOOP ( 'NONE', ( #7453, #1201, #268, #2538 ) ) ;
#101 = LINE ( 'NONE', #2694, #6277 ) ;
#102 = PLANE ( 'NONE',  #1114 ) ;
#103 = PRESENTATION_LAYER_ASSIGNMENT (  '', '', ( #8321 ) ) ;
#104 =( LENGTH_UNIT ( ) NAMED_UNIT ( * ) SI_UNIT ( .MILLI., .METRE. ) );
#105 = LINE ( 'NONE', #4078, #2148 ) ;
#106 = LINE ( 'NONE', #2698, #5541 ) ;
#107 = ADVANCED_FACE ( 'NONE', ( #1639 ), #8337, .T. ) ;
#108 = VECTOR ( 'NONE', #250, 1000.000000000000000 ) ;
#109 = VECTOR ( 'NONE', #5238, 1000.000000000000114 ) ;
#110 = ORIENTED_EDGE ( 'NONE', *, *, #86, .F. ) ;
#111 = VERTEX_POINT ( 'NONE', #7630 ) ;
#112 =( NAMED_UNIT ( * ) SI_UNIT ( $, .STERADIAN. ) SOLID_ANGLE_UNIT ( ) );
#113 = DIRECTION ( 'NONE',  ( 1.000000000000000000, 0.0000000000000000000, -0.0000000000000000000 ) ) ;
#114 = MECHANICAL_DESIGN_GEOMETRIC_PRESENTATION_REPRESENTATION (  '', ( #4064 ), #6961 ) ;
#115 = CIRCLE ( 'NONE', #806, 7.000000000000000000 ) ;
#116 = CARTESIAN_POINT ( 'NONE',  ( -5.450000000000000178, 0.0000000000000000000, 2.700000000000000178 ) ) ;
#117 =( NAMED_UNIT ( * ) SI_UNIT ( $, .STERADIAN. ) SOLID_ANGLE_UNIT ( ) );
#118 = EDGE_CURVE ( 'NONE', #178, #2110, #7992, .T. ) ;
#119 = FACE_OUTER_BOUND ( 'NONE', #5639, .T. ) ;
#120 = VERTEX_POINT ( 'NONE', #5061 ) ;
#121 = CARTESIAN_POINT ( 'NONE',  ( 2.448161892769749937, -6.557934381098220022, 0.0000000000000000000 ) ) ;
#122 = ORIENTED_EDGE ( 'NONE', *, *, #499, .T. ) ;
#123 = DIRECTION ( 'NONE',  ( -0.7611428308785157526, -0.6485842975298117263, -0.0000000000000000000 ) ) ;
#124 = ORIENTED_EDGE ( 'NONE', *, *, #3855, .T. ) ;
#125 = STYLED_ITEM ( 'NONE', ( #5028 ), #6129 ) ;
#126 = SURFACE_STYLE_USAGE ( .BOTH. , #2013 ) ;
#127 = CARTESIAN_POINT ( 'NONE',  ( -5.656854249492379694, 4.949747468305830012, 1.000000000000003553 ) ) ;
#128 = STYLED_ITEM ( 'NONE', ( #738 ), #4385 ) ;
#129 = LINE ( 'NONE', #1368, #2234 ) ;
#130 =( GEOMETRIC_REPRESENTATION_CONTEXT ( 3 ) GLOBAL_UNCERTAINTY_ASSIGNED_CONTEXT ( ( #6642 ) ) GLOBAL_UNIT_ASSIGNED_CONTEXT ( ( #4932, #8293, #2340 ) ) REPRESENTATION_CONTEXT ( 'NONE', 'WORKASPACE' ) );
#131 = LINE ( 'NONE', #3366, #2315 ) ;
#132 = EDGE_CURVE ( 'NONE', #5306, #5959, #2448, .T. ) ;
#133 = ORIENTED_EDGE ( 'NONE', *, *, #1852, .F. ) ;
#134 = LINE ( 'NONE', #4151, #3657 ) ;
#135 = CIRCLE ( 'NONE', #3660, 0.5000000000000000000 ) ;
#136 = EDGE_LOOP ( 'NONE', ( #1601, #585, #587, #1673 ) ) ;
#137 = UNCERTAINTY_MEASURE_WITH_UNIT (LENGTH_MEASURE( 1.000000000000000082E-05 ), #4751, 'distance_accuracy_value', 'NONE');
#138 = VECTOR ( 'NONE', #8199, 1000.000000000000000 ) ;
#139 = EDGE_CURVE ( 'NONE', #7177, #3378, #5678, .T. ) ;
#140 = EDGE_CURVE ( 'NONE', #4755, #1248, #4123, .T. ) ;
#141 = SURFACE_STYLE_USAGE ( .BOTH. , #6018 ) ;
#142 = CARTESIAN_POINT ( 'NONE',  ( 4.900000000000001243, 1.740689518552920090, 1.500000000000000000 ) ) ;
#143 = DIRECTION ( 'NONE',  ( 1.000000000000000000, 0.0000000000000000000, 0.0000000000000000000 ) ) ;
#144 = EDGE_CURVE ( 'NONE', #7051, #455, #534, .T. ) ;
#145 =( GEOMETRIC_REPRESENTATION_CONTEXT ( 3 ) GLOBAL_UNCERTAINTY_ASSIGNED_CONTEXT ( ( #5888 ) ) GLOBAL_UNIT_ASSIGNED_CONTEXT ( ( #3561, #969, #5505 ) ) REPRESENTATION_CONTEXT ( 'NONE', 'WORKASPACE' ) );
#146 = CARTESIAN_POINT ( 'NONE',  ( -1.000000000000000000, 0.0000000000000000000, 0.5000000000000000000 ) ) ;
#147 = AXIS2_PLACEMENT_3D ( 'NONE', #5649, #4309, #6947 ) ;
#148 = AXIS2_PLACEMENT_3D ( 'NONE', #3314, #6584, #5347 ) ;
#149 = CYLINDRICAL_SURFACE ( 'NONE', #4888, 0.5000000000000004441 ) ;
#150 = ORIENTED_EDGE ( 'NONE', *, *, #358, .T. ) ;
#151 = VERTEX_POINT ( 'NONE', #5814 ) ;
#152 = LINE ( 'NONE', #3477, #2140 ) ;
#153 = ORIENTED_EDGE ( 'NONE', *, *, #3873, .T. ) ;
#154 = SURFACE_SIDE_STYLE ('',( #7495 ) ) ;
#155 = AXIS2_PLACEMENT_3D ( 'NONE', #879, #8126, #5454 ) ;
#156 = CARTESIAN_POINT ( 'NONE',  ( -5.671109727513900189, 4.103475899587721187, 0.0000000000000000000 ) ) ;
#157 = COLOUR_RGB ( '',0.5607843137254902022, 0.5607843137254902022, 0.5607843137254902022 ) ;
#158 =( NAMED_UNIT ( * ) PLANE_ANGLE_UNIT ( ) SI_UNIT ( $, .RADIAN. ) );
#159 = CARTESIAN_POINT ( 'NONE',  ( -2.000000000000000000, -5.495612346359449951, 1.500000000000000000 ) ) ;
#160 = CARTESIAN_POINT ( 'NONE',  ( 4.596194077712559611, -4.596194077712558723, 1.156482317317871331E-15 ) ) ;
#161 = MECHANICAL_DESIGN_GEOMETRIC_PRESENTATION_REPRESENTATION (  '', ( #5909 ), #2172 ) ;
#162 = VECTOR ( 'NONE', #4719, 1000.000000000000114 ) ;
#163 = VECTOR ( 'NONE', #6259, 1000.000000000000000 ) ;
#164 = ORIENTED_EDGE ( 'NONE', *, *, #3745, .T. ) ;
#165 = DIRECTION ( 'NONE',  ( -0.0000000000000000000, -0.0000000000000000000, 1.000000000000000000 ) ) ;
#166 = VERTEX_POINT ( 'NONE', #2514 ) ;
#167 = UNCERTAINTY_MEASURE_WITH_UNIT (LENGTH_MEASURE( 1.000000000000000082E-05 ), #2087, 'distance_accuracy_value', 'NONE');
#168 = EDGE_CURVE ( 'NONE', #3874, #4744, #3694, .T. ) ;
#169 =( NAMED_UNIT ( * ) PLANE_ANGLE_UNIT ( ) SI_UNIT ( $, .RADIAN. ) );
#170 = DIRECTION ( 'NONE',  ( -0.0000000000000000000, 0.0000000000000000000, -1.000000000000000000 ) ) ;
#171 = COLOUR_RGB ( '',0.0000000000000000000, 0.0000000000000000000, 0.0000000000000000000 ) ;
#172 = VECTOR ( 'NONE', #1406, 1000.000000000000000 ) ;
#173 = CARTESIAN_POINT ( 'NONE',  ( 4.900000000000000355, -4.000000000000000000, 2.200000000000000178 ) ) ;
#174 = SURFACE_SIDE_STYLE ('',( #6046 ) ) ;
#175 = SURFACE_STYLE_FILL_AREA ( #810 ) ;
#176 = ORIENTED_EDGE ( 'NONE', *, *, #8120, .T. ) ;
#177 =( LENGTH_UNIT ( ) NAMED_UNIT ( * ) SI_UNIT ( .MILLI., .METRE. ) );
#178 = VERTEX_POINT ( 'NONE', #6447 ) ;
#179 =( GEOMETRIC_REPRESENTATION_CONTEXT ( 3 ) GLOBAL_UNCERTAINTY_ASSIGNED_CONTEXT ( ( #5395 ) ) GLOBAL_UNIT_ASSIGNED_CONTEXT ( ( #4041, #1057, #409 ) ) REPRESENTATION_CONTEXT ( 'NONE', 'WORKASPACE' ) );
#180 = CARTESIAN_POINT ( 'NONE',  ( 2.759999999999999787, -7.445612346359450129, 1.199999999999999956 ) ) ;
#181 = ORIENTED_EDGE ( 'NONE', *, *, #2085, .F. ) ;
#182 = ADVANCED_FACE ( 'NONE', ( #7885 ), #5770, .T. ) ;
#183 = EDGE_CURVE ( 'NONE', #4999, #619, #2619, .T. ) ;
#184 = FILL_AREA_STYLE ('',( #7905 ) ) ;
#185 = CARTESIAN_POINT ( 'NONE',  ( -4.500000000000000888, -7.145612346359450306, 4.200000000000000178 ) ) ;
#186 = FILL_AREA_STYLE_COLOUR ( '', #303 ) ;
#187 = VERTEX_POINT ( 'NONE', #6574 ) ;
#188 =( GEOMETRIC_REPRESENTATION_CONTEXT ( 3 ) GLOBAL_UNCERTAINTY_ASSIGNED_CONTEXT ( ( #2192 ) ) GLOBAL_UNIT_ASSIGNED_CONTEXT ( ( #7467, #4295, #3643 ) ) REPRESENTATION_CONTEXT ( 'NONE', 'WORKASPACE' ) );
#189 = SURFACE_STYLE_USAGE ( .BOTH. , #5318 ) ;
#190 = ORIENTED_EDGE ( 'NONE', *, *, #1507, .T. ) ;
#191 = ORIENTED_EDGE ( 'NONE', *, *, #5140, .F. ) ;
#192 = ADVANCED_FACE ( 'NONE', ( #4593 ), #1265, .T. ) ;
#193 = CARTESIAN_POINT ( 'NONE',  ( -5.200000000000001066, -6.995612346359449951, 1.500000000000000000 ) ) ;
#194 = SURFACE_STYLE_FILL_AREA ( #4838 ) ;
#195 = FACE_BOUND ( 'NONE', #6343, .T. ) ;
#196 =( NAMED_UNIT ( * ) SI_UNIT ( $, .STERADIAN. ) SOLID_ANGLE_UNIT ( ) );
#197 = AXIS2_PLACEMENT_3D ( 'NONE', #4850, #6266, #2299 ) ;
#198 = DIRECTION ( 'NONE',  ( -0.1466864298015990997, 0.9891830423698440011, 0.0000000000000000000 ) ) ;
#199 = SURFACE_SIDE_STYLE ('',( #5455 ) ) ;
#200 = EDGE_LOOP ( 'NONE', ( #3147, #8183, #2725, #4981, #1643, #5255 ) ) ;
#201 = LINE ( 'NONE', #1418, #8433 ) ;
#202 = ORIENTED_EDGE ( 'NONE', *, *, #5314, .T. ) ;
#203 = EDGE_CURVE ( 'NONE', #629, #4988, #4934, .T. ) ;
#204 =( GEOMETRIC_REPRESENTATION_CONTEXT ( 3 ) GLOBAL_UNCERTAINTY_ASSIGNED_CONTEXT ( ( #2355 ) ) GLOBAL_UNIT_ASSIGNED_CONTEXT ( ( #5279, #8005, #3333 ) ) REPRESENTATION_CONTEXT ( 'NONE', 'WORKASPACE' ) );
#205 = FILL_AREA_STYLE ('',( #7535 ) ) ;
#206 = FACE_OUTER_BOUND ( 'NONE', #4183, .T. ) ;
#207 = DIRECTION ( 'NONE',  ( 0.0000000000000000000, 0.0000000000000000000, -1.000000000000000000 ) ) ;
#208 = VECTOR ( 'NONE', #2202, 1000.000000000000000 ) ;
#209 = ORIENTED_EDGE ( 'NONE', *, *, #66, .F. ) ;
#210 = CIRCLE ( 'NONE', #6774, 7.000000000000000000 ) ;
#211 = CARTESIAN_POINT ( 'NONE',  ( 2.487442310373079835, -6.005216961323360358, 0.0000000000000000000 ) ) ;
#212 = DIRECTION ( 'NONE',  ( 0.0000000000000000000, 1.000000000000000000, -0.0000000000000000000 ) ) ;
#213 = ORIENTED_EDGE ( 'NONE', *, *, #930, .F. ) ;
#214 = CARTESIAN_POINT ( 'NONE',  ( 4.596194077712559611, -4.596194077712556947, 1.000000000000004663 ) ) ;
#215 = VERTEX_POINT ( 'NONE', #7223 ) ;
#216 = SURFACE_STYLE_USAGE ( .BOTH. , #5392 ) ;
#217 = ORIENTED_EDGE ( 'NONE', *, *, #3975, .T. ) ;
#218 = FACE_OUTER_BOUND ( 'NONE', #7912, .T. ) ;
#219 = ORIENTED_EDGE ( 'NONE', *, *, #395, .F. ) ;
#220 = SURFACE_STYLE_USAGE ( .BOTH. , #6004 ) ;
#221 = DIRECTION ( 'NONE',  ( 1.000000000000000000, 0.0000000000000000000, -0.0000000000000000000 ) ) ;
#222 = VECTOR ( 'NONE', #3067, 1000.000000000000000 ) ;
#223 = DIRECTION ( 'NONE',  ( 0.0000000000000000000, -1.000000000000000000, -0.0000000000000000000 ) ) ;
#224 = LINE ( 'NONE', #127, #8095 ) ;
#225 = EDGE_CURVE ( 'NONE', #6867, #5434, #1764, .T. ) ;
#226 =( NAMED_UNIT ( * ) SI_UNIT ( $, .STERADIAN. ) SOLID_ANGLE_UNIT ( ) );
#227 = CARTESIAN_POINT ( 'NONE',  ( 4.900000000000000355, -4.000000000000000000, 2.699999999999999734 ) ) ;
#228 = EDGE_CURVE ( 'NONE', #7922, #7889, #1251, .T. ) ;
#229 = ORIENTED_EDGE ( 'NONE', *, *, #4625, .T. ) ;
#230 = AXIS2_PLACEMENT_3D ( 'NONE', #4697, #3964, #7294 ) ;
#231 =( NAMED_UNIT ( * ) PLANE_ANGLE_UNIT ( ) SI_UNIT ( $, .RADIAN. ) );
#232 = ORIENTED_EDGE ( 'NONE', *, *, #225, .F. ) ;
#233 = UNCERTAINTY_MEASURE_WITH_UNIT (LENGTH_MEASURE( 1.000000000000000082E-05 ), #5701, 'distance_accuracy_value', 'NONE');
#234 = LINE ( 'NONE', #5449, #7653 ) ;
#235 = APPLICATION_PROTOCOL_DEFINITION ( 'draft international standard', 'automotive_design', 1998, #2838 ) ;
#236 = SURFACE_STYLE_FILL_AREA ( #2163 ) ;
#237 = EDGE_CURVE ( 'NONE', #372, #3631, #1308, .T. ) ;
#238 = EDGE_LOOP ( 'NONE', ( #1142, #82, #5377, #8000, #7654, #4725, #8389 ) ) ;
#239 = PRESENTATION_STYLE_ASSIGNMENT (( #5980 ) ) ;
#240 = ORIENTED_EDGE ( 'NONE', *, *, #7180, .F. ) ;
#241 = LINE ( 'NONE', #2824, #6683 ) ;
#242 = EDGE_LOOP ( 'NONE', ( #4292, #217, #8401, #3496 ) ) ;
#243 = SURFACE_SIDE_STYLE ('',( #4717 ) ) ;
#244 = CARTESIAN_POINT ( 'NONE',  ( -2.906047995630974157, -6.368271747270935812, -7.000000000000000000 ) ) ;
#245 = CARTESIAN_POINT ( 'NONE',  ( 1.268087093104830698, -6.375104322620999575, 1.156482317317871331E-15 ) ) ;
#246 = DIRECTION ( 'NONE',  ( 1.000000000000000000, 0.0000000000000000000, 0.0000000000000000000 ) ) ;
#247 = CARTESIAN_POINT ( 'NONE',  ( -5.404552479966549861, -3.611206514627410158, -7.000000000000000000 ) ) ;
#248 = FILL_AREA_STYLE ('',( #4891 ) ) ;
#249 = ORIENTED_EDGE ( 'NONE', *, *, #3532, .F. ) ;
#250 = DIRECTION ( 'NONE',  ( -0.0000000000000000000, 0.0000000000000000000, 1.000000000000000000 ) ) ;
#251 = ORIENTED_EDGE ( 'NONE', *, *, #5908, .T. ) ;
#252 = UNCERTAINTY_MEASURE_WITH_UNIT (LENGTH_MEASURE( 1.000000000000000082E-05 ), #3682, 'distance_accuracy_value', 'NONE');
#253 = DIRECTION ( 'NONE',  ( -0.0000000000000000000, 0.0000000000000000000, 1.000000000000000000 ) ) ;
#254 = DIRECTION ( 'NONE',  ( 0.0000000000000000000, 0.0000000000000000000, 1.000000000000000000 ) ) ;
#255 = AXIS2_PLACEMENT_3D ( 'NONE', #3858, #5954, #7278 ) ;
#256 = EDGE_CURVE ( 'NONE', #638, #6401, #6428, .T. ) ;
#257 = VERTEX_POINT ( 'NONE', #1090 ) ;
#258 = ORIENTED_EDGE ( 'NONE', *, *, #29, .F. ) ;
#259 = DIRECTION ( 'NONE',  ( 0.9974842088126424366, -0.07088902009067930832, 0.0000000000000000000 ) ) ;
#260 = ORIENTED_EDGE ( 'NONE', *, *, #5653, .F. ) ;
#261 = AXIS2_PLACEMENT_3D ( 'NONE', #6269, #2303, #2876 ) ;
#262 =( NAMED_UNIT ( * ) PLANE_ANGLE_UNIT ( ) SI_UNIT ( $, .RADIAN. ) );
#263 = CARTESIAN_POINT ( 'NONE',  ( 0.5000000000000000000, -7.445612346359450129, 2.200000000000000178 ) ) ;
#264 = SURFACE_SIDE_STYLE ('',( #819 ) ) ;
#265 =( NAMED_UNIT ( * ) SI_UNIT ( $, .STERADIAN. ) SOLID_ANGLE_UNIT ( ) );
#266 =( NAMED_UNIT ( * ) PLANE_ANGLE_UNIT ( ) SI_UNIT ( $, .RADIAN. ) );
#267 = FILL_AREA_STYLE ('',( #6142 ) ) ;
#268 = ORIENTED_EDGE ( 'NONE', *, *, #7131, .T. ) ;
#269 = EDGE_LOOP ( 'NONE', ( #2442, #6089, #8382, #4555 ) ) ;
#270 = CARTESIAN_POINT ( 'NONE',  ( 3.459999999999999964, -7.145612346359450306, 2.200000000000000178 ) ) ;
#271 = EDGE_CURVE ( 'NONE', #1600, #942, #3674, .T. ) ;
#272 = CARTESIAN_POINT ( 'NONE',  ( -3.500000000000000000, -6.945612346359450129, 4.700000000000000178 ) ) ;
#273 = CARTESIAN_POINT ( 'NONE',  ( -0.5000000000000000000, -6.945612346359450129, 2.200000000000000178 ) ) ;
#274 = CARTESIAN_POINT ( 'NONE',  ( 5.200000000000001066, -6.995612346359449951, 2.200000000000000178 ) ) ;
#275 = DIRECTION ( 'NONE',  ( 0.0000000000000000000, 0.0000000000000000000, 1.000000000000000000 ) ) ;
#276 = DIRECTION ( 'NONE',  ( -0.4472135954999579277, 0.8944271909999158554, -0.0000000000000000000 ) ) ;
#277 = ORIENTED_EDGE ( 'NONE', *, *, #3621, .T. ) ;
#278 = AXIS2_PLACEMENT_3D ( 'NONE', #1033, #6185, #310 ) ;
#279 = CARTESIAN_POINT ( 'NONE',  ( 1.268087093104831364, -6.375104322620998687, -7.000000000000000000 ) ) ;
#280 = STYLED_ITEM ( 'NONE', ( #5323 ), #6380 ) ;
#281 = VERTEX_POINT ( 'NONE', #3634 ) ;
#282 = SURFACE_STYLE_FILL_AREA ( #1582 ) ;
#283 = ORIENTED_EDGE ( 'NONE', *, *, #3340, .T. ) ;
#284 = DIRECTION ( 'NONE',  ( -0.0000000000000000000, -0.0000000000000000000, -1.000000000000000000 ) ) ;
#285 = EDGE_CURVE ( 'NONE', #8002, #2095, #307, .T. ) ;
#286 = SURFACE_STYLE_USAGE ( .BOTH. , #7407 ) ;
#287 = FILL_AREA_STYLE_COLOUR ( '', #3930 ) ;
#288 = MECHANICAL_DESIGN_GEOMETRIC_PRESENTATION_REPRESENTATION (  '', ( #7682 ), #5187 ) ;
#289 = FILL_AREA_STYLE ('',( #2341 ) ) ;
#290 = LINE ( 'NONE', #2133, #3523 ) ;
#291 = VERTEX_POINT ( 'NONE', #6265 ) ;
#292 = FACE_OUTER_BOUND ( 'NONE', #1173, .T. ) ;
#293 = CIRCLE ( 'NONE', #1493, 7.000000000000000000 ) ;
#294 = ORIENTED_EDGE ( 'NONE', *, *, #4613, .T. ) ;
#295 = DIRECTION ( 'NONE',  ( 0.0000000000000000000, -1.000000000000000000, 0.0000000000000000000 ) ) ;
#296 = VECTOR ( 'NONE', #6573, 999.9999999999998863 ) ;
#297 = EDGE_LOOP ( 'NONE', ( #74, #4333, #8082, #2283 ) ) ;
#298 = VERTEX_POINT ( 'NONE', #4324 ) ;
#299 = DIRECTION ( 'NONE',  ( -0.0000000000000000000, 0.0000000000000000000, 1.000000000000000000 ) ) ;
#300 = EDGE_LOOP ( 'NONE', ( #7717, #5432, #5963, #7575 ) ) ;
#301 = ADVANCED_FACE ( 'NONE', ( #4444 ), #3795, .F. ) ;
#302 = VECTOR ( 'NONE', #7178, 1000.000000000000000 ) ;
#303 = COLOUR_RGB ( '',0.1529411764705882470, 0.1529411764705882470, 0.1529411764705882470 ) ;
#305 = EDGE_CURVE ( 'NONE', #5925, #4476, #1738, .T. ) ;
#304 = SURFACE_SIDE_STYLE ('',( #2972 ) ) ;
#306 = LINE ( 'NONE', #1647, #1771 ) ;
#307 = CIRCLE ( 'NONE', #5068, 0.9999999999999995559 ) ;
#308 = ORIENTED_EDGE ( 'NONE', *, *, #2097, .F. ) ;
#309 = ADVANCED_FACE ( 'NONE', ( #6378 ), #7659, .F. ) ;
#310 = DIRECTION ( 'NONE',  ( -1.000000000000000000, 0.0000000000000000000, 0.0000000000000000000 ) ) ;
#311 = ORIENTED_EDGE ( 'NONE', *, *, #484, .F. ) ;
#312 = UNCERTAINTY_MEASURE_WITH_UNIT (LENGTH_MEASURE( 1.000000000000000082E-05 ), #480, 'distance_accuracy_value', 'NONE');
#313 =( NAMED_UNIT ( * ) PLANE_ANGLE_UNIT ( ) SI_UNIT ( $, .RADIAN. ) );
#314 = VECTOR ( 'NONE', #2231, 1000.000000000000000 ) ;
#315 =( NAMED_UNIT ( * ) PLANE_ANGLE_UNIT ( ) SI_UNIT ( $, .RADIAN. ) );
#316 = DIRECTION ( 'NONE',  ( -1.000000000000000000, -0.0000000000000000000, 0.0000000000000000000 ) ) ;
#317 = SURFACE_STYLE_FILL_AREA ( #8051 ) ;
#318 = LINE ( 'NONE', #6154, #6966 ) ;
#319 = ORIENTED_EDGE ( 'NONE', *, *, #3816, .T. ) ;
#320 = PRESENTATION_LAYER_ASSIGNMENT (  '', '', ( #3705 ) ) ;
#321 = CARTESIAN_POINT ( 'NONE',  ( -2.487442310373080279, 6.005216961323359470, 0.0000000000000000000 ) ) ;
#322 = ORIENTED_EDGE ( 'NONE', *, *, #2648, .F. ) ;
#323 =( NAMED_UNIT ( * ) SI_UNIT ( $, .STERADIAN. ) SOLID_ANGLE_UNIT ( ) );
#324 = PRESENTATION_LAYER_ASSIGNMENT (  '', '', ( #590 ) ) ;
#325 = DIRECTION ( 'NONE',  ( 1.000000000000000000, 0.0000000000000000000, 0.0000000000000000000 ) ) ;
#326 = FACE_OUTER_BOUND ( 'NONE', #328, .T. ) ;
#327 = EDGE_CURVE ( 'NONE', #5860, #8304, #7997, .T. ) ;
#328 = EDGE_LOOP ( 'NONE', ( #421, #4070, #1825, #7229 ) ) ;
#329 = EDGE_CURVE ( 'NONE', #7377, #6345, #8256, .T. ) ;
#330 = FILL_AREA_STYLE_COLOUR ( '', #4461 ) ;
#331 = ORIENTED_EDGE ( 'NONE', *, *, #7616, .F. ) ;
#332 = DIRECTION ( 'NONE',  ( -0.0000000000000000000, -0.0000000000000000000, -1.000000000000000000 ) ) ;
#333 = VECTOR ( 'NONE', #5225, 1000.000000000000000 ) ;
#334 = FILL_AREA_STYLE_COLOUR ( '', #157 ) ;
#335 = SURFACE_STYLE_USAGE ( .BOTH. , #3574 ) ;
#336 = ORIENTED_EDGE ( 'NONE', *, *, #5243, .T. ) ;
#337 = ORIENTED_EDGE ( 'NONE', *, *, #2383, .T. ) ;
#338 = ADVANCED_FACE ( 'NONE', ( #2458 ), #5091, .T. ) ;
#339 = CARTESIAN_POINT ( 'NONE',  ( -5.149999999999989697, -0.5000000000000000000, 2.200000000000000178 ) ) ;
#340 = ORIENTED_EDGE ( 'NONE', *, *, #2648, .T. ) ;
#341 = UNCERTAINTY_MEASURE_WITH_UNIT (LENGTH_MEASURE( 1.000000000000000082E-05 ), #2758, 'distance_accuracy_value', 'NONE');
#342 = DIRECTION ( 'NONE',  ( -0.6552017413601290974, 0.7554539549957062228, -0.0000000000000000000 ) ) ;
#343 = DIRECTION ( 'NONE',  ( 1.000000000000000000, 0.0000000000000000000, 0.0000000000000000000 ) ) ;
#344 = STYLED_ITEM ( 'NONE', ( #2847 ), #2746 ) ;
#345 = DIRECTION ( 'NONE',  ( 0.8944271909999158554, 0.4472135954999579277, -0.0000000000000000000 ) ) ;
#346 = AXIS2_PLACEMENT_3D ( 'NONE', #5248, #7272, #207 ) ;
#347 = VERTEX_POINT ( 'NONE', #2151 ) ;
#348 = EDGE_CURVE ( 'NONE', #487, #1399, #2500, .T. ) ;
#349 = SURFACE_STYLE_FILL_AREA ( #7687 ) ;
#350 = VECTOR ( 'NONE', #6777, 1000.000000000000227 ) ;
#351 = VECTOR ( 'NONE', #6258, 1000.000000000000000 ) ;
#352 = PLANE ( 'NONE',  #8404 ) ;
#353 = EDGE_CURVE ( 'NONE', #3803, #2224, #6472, .T. ) ;
#354 = AXIS2_PLACEMENT_3D ( 'NONE', #2028, #6023, #6156 ) ;
#355 = DIRECTION ( 'NONE',  ( -0.5957350678737244332, 0.8031810063151947343, 0.0000000000000000000 ) ) ;
#356 = AXIS2_PLACEMENT_3D ( 'NONE', #6682, #3281, #6007 ) ;
#357 = VERTEX_POINT ( 'NONE', #1294 ) ;
#358 = EDGE_CURVE ( 'NONE', #1809, #629, #7431, .T. ) ;
#359 = EDGE_LOOP ( 'NONE', ( #3447, #8322, #35, #8298 ) ) ;
#360 = SURFACE_STYLE_FILL_AREA ( #6230 ) ;
#361 = ORIENTED_EDGE ( 'NONE', *, *, #4448, .F. ) ;
#362 = DIRECTION ( 'NONE',  ( -0.0000000000000000000, 0.0000000000000000000, 1.000000000000000000 ) ) ;
#363 = CIRCLE ( 'NONE', #5820, 7.000000000000000000 ) ;
#364 = PRESENTATION_STYLE_ASSIGNMENT (( #1630 ) ) ;
#365 = ORIENTED_EDGE ( 'NONE', *, *, #237, .T. ) ;
#366 = VERTEX_POINT ( 'NONE', #2768 ) ;
#367 = LINE ( 'NONE', #5590, #4087 ) ;
#368 = PLANE ( 'NONE',  #8136 ) ;
#369 = ADVANCED_FACE ( 'NONE', ( #6099 ), #1906, .T. ) ;
#370 = ORIENTED_EDGE ( 'NONE', *, *, #1128, .F. ) ;
#371 = CIRCLE ( 'NONE', #5299, 7.000000000000000000 ) ;
#372 = VERTEX_POINT ( 'NONE', #5397 ) ;
#373 = DIRECTION ( 'NONE',  ( 0.0000000000000000000, 0.0000000000000000000, 1.000000000000000000 ) ) ;
#374 = VERTEX_POINT ( 'NONE', #1443 ) ;
#375 =( NAMED_UNIT ( * ) SI_UNIT ( $, .STERADIAN. ) SOLID_ANGLE_UNIT ( ) );
#376 = FILL_AREA_STYLE_COLOUR ( '', #1391 ) ;
#377 = MECHANICAL_DESIGN_GEOMETRIC_PRESENTATION_REPRESENTATION (  '', ( #3760 ), #2127 ) ;
#378 = EDGE_CURVE ( 'NONE', #6372, #7023, #1522, .T. ) ;
#379 = CYLINDRICAL_SURFACE ( 'NONE', #3327, 0.5000000000000004441 ) ;
#380 = DIRECTION ( 'NONE',  ( -0.7764309572748343546, 0.6302023235321213557, 0.0000000000000000000 ) ) ;
#381 = EDGE_LOOP ( 'NONE', ( #7611, #6688 ) ) ;
#382 = CIRCLE ( 'NONE', #5868, 1.000000000000000000 ) ;
#383 = UNCERTAINTY_MEASURE_WITH_UNIT (LENGTH_MEASURE( 1.000000000000000082E-05 ), #5359, 'distance_accuracy_value', 'NONE');
#384 = DIRECTION ( 'NONE',  ( -0.0000000000000000000, 1.000000000000000000, 0.0000000000000000000 ) ) ;
#385 = DIRECTION ( 'NONE',  ( 1.000000000000000000, 0.0000000000000000000, -0.0000000000000000000 ) ) ;
#386 = AXIS2_PLACEMENT_3D ( 'NONE', #4363, #5796, #472 ) ;
#387 = DIRECTION ( 'NONE',  ( -0.4472135954999579277, -0.8944271909999158554, -0.0000000000000000000 ) ) ;
#388 = DIRECTION ( 'NONE',  ( -4.934324553889580036E-17, 1.973729821555830042E-16, 1.000000000000000000 ) ) ;
#389 = VERTEX_POINT ( 'NONE', #6778 ) ;
#390 = ORIENTED_EDGE ( 'NONE', *, *, #6776, .T. ) ;
#391 = FACE_OUTER_BOUND ( 'NONE', #4046, .T. ) ;
#392 = VECTOR ( 'NONE', #5362, 1000.000000000000000 ) ;
#393 = ORIENTED_EDGE ( 'NONE', *, *, #378, .T. ) ;
#394 = COLOUR_RGB ( '',0.0000000000000000000, 0.0000000000000000000, 0.0000000000000000000 ) ;
#395 = EDGE_CURVE ( 'NONE', #8285, #6941, #6679, .T. ) ;
#396 = DIRECTION ( 'NONE',  ( 0.0000000000000000000, 0.0000000000000000000, 1.000000000000000000 ) ) ;
#397 = DIRECTION ( 'NONE',  ( -3.947459643111669945E-16, 0.0000000000000000000, -1.000000000000000000 ) ) ;
#398 = CARTESIAN_POINT ( 'NONE',  ( 0.0000000000000000000, 0.0000000000000000000, 0.0000000000000000000 ) ) ;
#399 =( NAMED_UNIT ( * ) PLANE_ANGLE_UNIT ( ) SI_UNIT ( $, .RADIAN. ) );
#400 = DIRECTION ( 'NONE',  ( 1.000000000000000000, 0.0000000000000000000, 0.0000000000000000000 ) ) ;
#401 = VECTOR ( 'NONE', #3959, 1000.000000000000114 ) ;
#402 = PRESENTATION_LAYER_ASSIGNMENT (  '', '', ( #6024 ) ) ;
#403 = ORIENTED_EDGE ( 'NONE', *, *, #425, .F. ) ;
#404 = VERTEX_POINT ( 'NONE', #2809 ) ;
#405 = COLOUR_RGB ( '',0.0000000000000000000, 0.0000000000000000000, 0.0000000000000000000 ) ;
#406 = MECHANICAL_DESIGN_GEOMETRIC_PRESENTATION_REPRESENTATION (  '', ( #6564 ), #8348 ) ;
#407 = CARTESIAN_POINT ( 'NONE',  ( -3.611206514627409714, -5.404552479966540091, -7.000000000000000000 ) ) ;
#408 = DIRECTION ( 'NONE',  ( 0.0000000000000000000, 0.0000000000000000000, -1.000000000000000000 ) ) ;
#409 =( NAMED_UNIT ( * ) SI_UNIT ( $, .STERADIAN. ) SOLID_ANGLE_UNIT ( ) );
#410 = ORIENTED_EDGE ( 'NONE', *, *, #2478, .F. ) ;
#411 = VECTOR ( 'NONE', #2481, 1000.000000000000000 ) ;
#412 = AXIS2_PLACEMENT_3D ( 'NONE', #2263, #5475, #2223 ) ;
#413 = ORIENTED_EDGE ( 'NONE', *, *, #41, .F. ) ;
#414 = CARTESIAN_POINT ( 'NONE',  ( -0.2478061731796301348, -6.995612346359258993, 0.0000000000000000000 ) ) ;
#415 = ORIENTED_EDGE ( 'NONE', *, *, #3672, .T. ) ;
#416 = EDGE_CURVE ( 'NONE', #6412, #6986, #904, .T. ) ;
#417 = CARTESIAN_POINT ( 'NONE',  ( -2.799999999999999822, -7.145612346359450306, 1.199999999999999956 ) ) ;
#418 = CIRCLE ( 'NONE', #3000, 0.5000000000000000000 ) ;
#419 = CARTESIAN_POINT ( 'NONE',  ( -2.448161892769765036, -6.557934381098210253, 0.0000000000000000000 ) ) ;
#420 = FACE_OUTER_BOUND ( 'NONE', #6660, .T. ) ;
#421 = ORIENTED_EDGE ( 'NONE', *, *, #8205, .T. ) ;
#422 = MECHANICAL_DESIGN_GEOMETRIC_PRESENTATION_REPRESENTATION (  '', ( #1382 ), #2588 ) ;
#423 = ADVANCED_FACE ( 'NONE', ( #5356 ), #3200, .F. ) ;
#424 = AXIS2_PLACEMENT_3D ( 'NONE', #2772, #3460, #4106 ) ;
#425 = EDGE_CURVE ( 'NONE', #1688, #37, #2274, .T. ) ;
#426 = PRESENTATION_STYLE_ASSIGNMENT (( #2895 ) ) ;
#427 = CARTESIAN_POINT ( 'NONE',  ( -6.815860878403000811, 1.595004854618139900, 0.0000000000000000000 ) ) ;
#428 = AXIS2_PLACEMENT_3D ( 'NONE', #6314, #2388, #7712 ) ;
#429 = CARTESIAN_POINT ( 'NONE',  ( -6.005216961323361247, -2.487442310373079390, 1.000000000000000000 ) ) ;
#430 = CARTESIAN_POINT ( 'NONE',  ( -4.899999999999989697, -4.000000000000000000, 2.200000000000000178 ) ) ;
#431 = DIRECTION ( 'NONE',  ( 0.1120750820665360331, -0.9936997413604268248, 0.0000000000000000000 ) ) ;
#432 = AXIS2_PLACEMENT_3D ( 'NONE', #2711, #5349, #6047 ) ;
#433 = FACE_OUTER_BOUND ( 'NONE', #3511, .T. ) ;
#434 = CARTESIAN_POINT ( 'NONE',  ( -2.799999999999999822, -7.145612346359450306, 2.200000000000000178 ) ) ;
#435 = VERTEX_POINT ( 'NONE', #6283 ) ;
#436 = ADVANCED_FACE ( 'NONE', ( #1064, #7638 ), #2848, .F. ) ;
#437 = CARTESIAN_POINT ( 'NONE',  ( -6.005216961323360358, -2.487442310373079835, 1.000000000000000000 ) ) ;
#438 = ORIENTED_EDGE ( 'NONE', *, *, #1665, .F. ) ;
#439 =( NAMED_UNIT ( * ) PLANE_ANGLE_UNIT ( ) SI_UNIT ( $, .RADIAN. ) );
#440 = DIRECTION ( 'NONE',  ( 0.0000000000000000000, 0.0000000000000000000, 1.000000000000000000 ) ) ;
#441 = SURFACE_STYLE_FILL_AREA ( #1130 ) ;
#442 = FILL_AREA_STYLE ('',( #5185 ) ) ;
#443 = MECHANICAL_DESIGN_GEOMETRIC_PRESENTATION_REPRESENTATION (  '', ( #4135 ), #188 ) ;
#444 = EDGE_CURVE ( 'NONE', #8110, #8007, #6818, .T. ) ;
#445 = DIRECTION ( 'NONE',  ( -0.0000000000000000000, 0.0000000000000000000, -1.000000000000000000 ) ) ;
#446 = EDGE_LOOP ( 'NONE', ( #3228, #5215, #7811, #1104 ) ) ;
#447 = ADVANCED_FACE ( 'NONE', ( #4347 ), #4906, .T. ) ;
#448 = CARTESIAN_POINT ( 'NONE',  ( 6.500000000000001776, 6.505213034913029069E-17, 1.156482317317871331E-15 ) ) ;
#449 = ORIENTED_EDGE ( 'NONE', *, *, #1778, .F. ) ;
#450 = FACE_OUTER_BOUND ( 'NONE', #5108, .T. ) ;
#451 = DIRECTION ( 'NONE',  ( -1.000000000000000000, 0.0000000000000000000, 0.0000000000000000000 ) ) ;
#452 = EDGE_CURVE ( 'NONE', #5560, #5148, #7514, .T. ) ;
#453 = DIRECTION ( 'NONE',  ( 0.0000000000000000000, 0.0000000000000000000, 1.000000000000000000 ) ) ;
#454 =( GEOMETRIC_REPRESENTATION_CONTEXT ( 3 ) GLOBAL_UNCERTAINTY_ASSIGNED_CONTEXT ( ( #4512 ) ) GLOBAL_UNIT_ASSIGNED_CONTEXT ( ( #4537, #610, #1375 ) ) REPRESENTATION_CONTEXT ( 'NONE', 'WORKASPACE' ) );
#455 = VERTEX_POINT ( 'NONE', #1565 ) ;
#456 = ORIENTED_EDGE ( 'NONE', *, *, #8150, .F. ) ;
#457 = DIRECTION ( 'NONE',  ( 0.1120750820665183806, 0.9936997413604289342, 0.0000000000000000000 ) ) ;
#458 = ORIENTED_EDGE ( 'NONE', *, *, #3967, .T. ) ;
#459 = VECTOR ( 'NONE', #4399, 1000.000000000000114 ) ;
#460 = CARTESIAN_POINT ( 'NONE',  ( -7.446736164466670083, 0.9493313942656600446, -7.000000000000000000 ) ) ;
#461 = CARTESIAN_POINT ( 'NONE',  ( 3.252606517456513302E-16, -6.500000000000000888, -7.000000000000000000 ) ) ;
#462 = SURFACE_SIDE_STYLE ('',( #1882 ) ) ;
#463 = PLANE ( 'NONE',  #2659 ) ;
#464 = ORIENTED_EDGE ( 'NONE', *, *, #65, .F. ) ;
#465 = DIRECTION ( 'NONE',  ( 0.0000000000000000000, 1.000000000000000000, -0.0000000000000000000 ) ) ;
#466 = UNCERTAINTY_MEASURE_WITH_UNIT (LENGTH_MEASURE( 1.000000000000000082E-05 ), #752, 'distance_accuracy_value', 'NONE');
#467 = CARTESIAN_POINT ( 'NONE',  ( 0.0000000000000000000, 0.0000000000000000000, 0.0000000000000000000 ) ) ;
#468 = FACE_BOUND ( 'NONE', #2834, .T. ) ;
#469 = CYLINDRICAL_SURFACE ( 'NONE', #8428, 0.5000000000000000000 ) ;
#470 = EDGE_CURVE ( 'NONE', #3909, #6399, #1029, .T. ) ;
#471 = FACE_BOUND ( 'NONE', #6027, .T. ) ;
#472 = DIRECTION ( 'NONE',  ( 1.000000000000000000, -8.881784197001252323E-16, 0.0000000000000000000 ) ) ;
#473 = ORIENTED_EDGE ( 'NONE', *, *, #5121, .T. ) ;
#474 = CIRCLE ( 'NONE', #75, 0.5000000000000000000 ) ;
#475 = CIRCLE ( 'NONE', #1812, 7.000000000000000000 ) ;
#476 = SURFACE_STYLE_USAGE ( .BOTH. , #5577 ) ;
#477 = ORIENTED_EDGE ( 'NONE', *, *, #7367, .T. ) ;
#478 = UNCERTAINTY_MEASURE_WITH_UNIT (LENGTH_MEASURE( 1.000000000000000082E-05 ), #8087, 'distance_accuracy_value', 'NONE');
#479 =( LENGTH_UNIT ( ) NAMED_UNIT ( * ) SI_UNIT ( .MILLI., .METRE. ) );
#480 =( LENGTH_UNIT ( ) NAMED_UNIT ( * ) SI_UNIT ( .MILLI., .METRE. ) );
#481 = LINE ( 'NONE', #3797, #5944 ) ;
#482 = STYLED_ITEM ( 'NONE', ( #4726 ), #3030 ) ;
#483 = DIRECTION ( 'NONE',  ( 0.0000000000000000000, 0.0000000000000000000, -1.000000000000000000 ) ) ;
#484 = EDGE_CURVE ( 'NONE', #639, #6879, #306, .T. ) ;
#485 = MECHANICAL_DESIGN_GEOMETRIC_PRESENTATION_REPRESENTATION (  '', ( #4711 ), #4166 ) ;
#486 = DIRECTION ( 'NONE',  ( -0.9486832980505138790, -0.3162277660168379967, -0.0000000000000000000 ) ) ;
#487 = VERTEX_POINT ( 'NONE', #8240 ) ;
#488 = SURFACE_STYLE_USAGE ( .BOTH. , #3603 ) ;
#489 = VERTEX_POINT ( 'NONE', #263 ) ;
#490 = VECTOR ( 'NONE', #4532, 1000.000000000000000 ) ;
#491 = EDGE_CURVE ( 'NONE', #2181, #5001, #4259, .T. ) ;
#492 = DIRECTION ( 'NONE',  ( 0.8944271909999159664, -0.4472135954999579832, 0.0000000000000000000 ) ) ;
#493 = CARTESIAN_POINT ( 'NONE',  ( 0.0000000000000000000, 0.0000000000000000000, 1.000000000000000000 ) ) ;
#494 = ORIENTED_EDGE ( 'NONE', *, *, #3478, .F. ) ;
#495 = ORIENTED_EDGE ( 'NONE', *, *, #4514, .T. ) ;
#496 = CARTESIAN_POINT ( 'NONE',  ( -5.450000000000000178, 0.0000000000000000000, 1.699999999999999956 ) ) ;
#497 = VERTEX_POINT ( 'NONE', #5561 ) ;
#498 = UNCERTAINTY_MEASURE_WITH_UNIT (LENGTH_MEASURE( 1.000000000000000082E-05 ), #1504, 'distance_accuracy_value', 'NONE');
#499 = EDGE_CURVE ( 'NONE', #3367, #2590, #5635, .T. ) ;
#500 = DIRECTION ( 'NONE',  ( -0.0000000000000000000, 1.000000000000000000, 0.0000000000000000000 ) ) ;
#501 = EDGE_CURVE ( 'NONE', #3403, #8265, #6907, .T. ) ;
#502 = CYLINDRICAL_SURFACE ( 'NONE', #979, 7.000000000000000000 ) ;
#503 = SURFACE_STYLE_FILL_AREA ( #7601 ) ;
#504 = DIRECTION ( 'NONE',  ( -0.0000000000000000000, 0.0000000000000000000, 1.000000000000000000 ) ) ;
#505 = ORIENTED_EDGE ( 'NONE', *, *, #7484, .T. ) ;
#506 =( NAMED_UNIT ( * ) SI_UNIT ( $, .STERADIAN. ) SOLID_ANGLE_UNIT ( ) );
#507 = LINE ( 'NONE', #6503, #7110 ) ;
#508 = AXIS2_PLACEMENT_3D ( 'NONE', #5962, #1398, #84 ) ;
#509 = STYLED_ITEM ( 'NONE', ( #7980 ), #5423 ) ;
#510 =( NAMED_UNIT ( * ) SI_UNIT ( $, .STERADIAN. ) SOLID_ANGLE_UNIT ( ) );
#511 = DIRECTION ( 'NONE',  ( 1.000000000000000000, 0.0000000000000000000, 0.0000000000000000000 ) ) ;
#512 = DIRECTION ( 'NONE',  ( 0.0000000000000000000, 0.0000000000000000000, 1.000000000000000000 ) ) ;
#513 = AXIS2_PLACEMENT_3D ( 'NONE', #1351, #7846, #7321 ) ;
#514 = DIRECTION ( 'NONE',  ( -0.1466864298015869983, 0.9891830423698457775, -0.0000000000000000000 ) ) ;
#515 = AXIS2_PLACEMENT_3D ( 'NONE', #8096, #888, #7501 ) ;
#516 = VERTEX_POINT ( 'NONE', #6945 ) ;
#517 = LINE ( 'NONE', #5043, #525 ) ;
#518 = ORIENTED_EDGE ( 'NONE', *, *, #613, .F. ) ;
#519 = EDGE_CURVE ( 'NONE', #4095, #435, #7474, .T. ) ;
#520 = LINE ( 'NONE', #7071, #970 ) ;
#521 = PRESENTATION_LAYER_ASSIGNMENT (  '', '', ( #4617 ) ) ;
#522 = SURFACE_STYLE_USAGE ( .BOTH. , #3715 ) ;
#523 = SURFACE_STYLE_FILL_AREA ( #6431 ) ;
#524 = DIRECTION ( 'NONE',  ( 0.0000000000000000000, 0.0000000000000000000, 1.000000000000000000 ) ) ;
#525 = VECTOR ( 'NONE', #3595, 1000.000000000000000 ) ;
#526 = SURFACE_STYLE_FILL_AREA ( #1211 ) ;
#527 = AXIS2_PLACEMENT_3D ( 'NONE', #4985, #68, #5646 ) ;
#528 = ORIENTED_EDGE ( 'NONE', *, *, #2281, .T. ) ;
#529 = PRESENTATION_STYLE_ASSIGNMENT (( #488 ) ) ;
#530 = ORIENTED_EDGE ( 'NONE', *, *, #5883, .F. ) ;
#531 = STYLED_ITEM ( 'NONE', ( #426 ), #4556 ) ;
#532 = CARTESIAN_POINT ( 'NONE',  ( -1.400000000000000133, -5.495612346359449951, 1.500000000000000000 ) ) ;
#533 = STYLED_ITEM ( 'NONE', ( #8138 ), #6197 ) ;
#534 = LINE ( 'NONE', #8475, #3831 ) ;
#535 = DIRECTION ( 'NONE',  ( 0.0000000000000000000, 0.0000000000000000000, 1.000000000000000000 ) ) ;
#536 = ORIENTED_EDGE ( 'NONE', *, *, #2233, .F. ) ;
#537 = EDGE_LOOP ( 'NONE', ( #1301, #1550, #6672, #5922 ) ) ;
#538 = VECTOR ( 'NONE', #7454, 1000.000000000000000 ) ;
#539 = CARTESIAN_POINT ( 'NONE',  ( 6.911675780212112485, 1.108484510144029489, 0.0000000000000000000 ) ) ;
#540 = ORIENTED_EDGE ( 'NONE', *, *, #2115, .T. ) ;
#541 = MECHANICAL_DESIGN_GEOMETRIC_PRESENTATION_REPRESENTATION (  '', ( #4638 ), #3543 ) ;
#542 = CARTESIAN_POINT ( 'NONE',  ( -2.799999999999999822, -6.995612346359449951, 1.500000000000000000 ) ) ;
#543 = PLANE ( 'NONE',  #1030 ) ;
#544 = VECTOR ( 'NONE', #5440, 1000.000000000000000 ) ;
#545 = CARTESIAN_POINT ( 'NONE',  ( 0.0000000000000000000, 0.0000000000000000000, 0.0000000000000000000 ) ) ;
#546 = CYLINDRICAL_SURFACE ( 'NONE', #16, 7.000000000000000000 ) ;
#547 = EDGE_LOOP ( 'NONE', ( #3749, #3728, #3609, #7238 ) ) ;
#548 = ORIENTED_EDGE ( 'NONE', *, *, #1434, .T. ) ;
#549 = EDGE_CURVE ( 'NONE', #7855, #2143, #7585, .T. ) ;
#550 = CARTESIAN_POINT ( 'NONE',  ( 0.5000000000000000000, -7.145612346359450306, 2.200000000000000178 ) ) ;
#551 = PRESENTATION_LAYER_ASSIGNMENT (  '', '', ( #7974 ) ) ;
#552 = UNCERTAINTY_MEASURE_WITH_UNIT (LENGTH_MEASURE( 1.000000000000000082E-05 ), #8187, 'distance_accuracy_value', 'NONE');
#553 =( GEOMETRIC_REPRESENTATION_CONTEXT ( 3 ) GLOBAL_UNCERTAINTY_ASSIGNED_CONTEXT ( ( #3189 ) ) GLOBAL_UNIT_ASSIGNED_CONTEXT ( ( #7056, #3699, #4729 ) ) REPRESENTATION_CONTEXT ( 'NONE', 'WORKASPACE' ) );
#554 =( LENGTH_UNIT ( ) NAMED_UNIT ( * ) SI_UNIT ( .MILLI., .METRE. ) );
#555 = DIRECTION ( 'NONE',  ( 0.9891830423698456665, -0.1466864298015879697, -0.0000000000000000000 ) ) ;
#556 = CARTESIAN_POINT ( 'NONE',  ( -4.771419503187761535, 5.121870354138169823, 0.0000000000000000000 ) ) ;
#557 = DIRECTION ( 'NONE',  ( 0.0000000000000000000, 0.0000000000000000000, 1.000000000000000000 ) ) ;
#558 = STYLED_ITEM ( 'NONE', ( #3298 ), #8141 ) ;
#559 = COLOUR_RGB ( '',0.0000000000000000000, 0.0000000000000000000, 0.0000000000000000000 ) ;
#560 = DIRECTION ( 'NONE',  ( -0.0000000000000000000, -0.0000000000000000000, 1.000000000000000000 ) ) ;
#561 = VERTEX_POINT ( 'NONE', #3614 ) ;
#562 = PLANE ( 'NONE',  #8084 ) ;
#563 = VERTEX_POINT ( 'NONE', #2193 ) ;
#564 = UNCERTAINTY_MEASURE_WITH_UNIT (LENGTH_MEASURE( 1.000000000000000082E-05 ), #2200, 'distance_accuracy_value', 'NONE');
#565 = SURFACE_SIDE_STYLE ('',( #3157 ) ) ;
#566 = SURFACE_STYLE_FILL_AREA ( #1204 ) ;
#567 = CARTESIAN_POINT ( 'NONE',  ( 4.900000000000000355, 2.000000000000000000, 4.200000000000000178 ) ) ;
#568 = AXIS2_PLACEMENT_3D ( 'NONE', #8036, #4007, #6733 ) ;
#569 = DIRECTION ( 'NONE',  ( 1.000000000000000000, 0.0000000000000000000, 0.0000000000000000000 ) ) ;
#570 = LINE ( 'NONE', #7037, #5037 ) ;
#571 =( LENGTH_UNIT ( ) NAMED_UNIT ( * ) SI_UNIT ( .MILLI., .METRE. ) );
#572 = DIRECTION ( 'NONE',  ( -0.2430233717005939043, -0.9700204331905977195, 0.0000000000000000000 ) ) ;
#573 = AXIS2_PLACEMENT_3D ( 'NONE', #4944, #3646, #3046 ) ;
#574 = PLANE ( 'NONE',  #4027 ) ;
#575 = ORIENTED_EDGE ( 'NONE', *, *, #5844, .T. ) ;
#576 = DIRECTION ( 'NONE',  ( 0.4472135954999579277, -0.8944271909999158554, -0.0000000000000000000 ) ) ;
#577 = DIRECTION ( 'NONE',  ( -0.0000000000000000000, -0.0000000000000000000, -1.000000000000000000 ) ) ;
#578 = DIRECTION ( 'NONE',  ( 0.0000000000000000000, 0.0000000000000000000, 1.000000000000000000 ) ) ;
#579 = CARTESIAN_POINT ( 'NONE',  ( 0.7500000000000000000, 9.184850993605149670E-17, 0.5000000000000000000 ) ) ;
#580 = ADVANCED_FACE ( 'NONE', ( #6980 ), #4870, .F. ) ;
#581 = DIRECTION ( 'NONE',  ( 0.0000000000000000000, 0.0000000000000000000, -1.000000000000000000 ) ) ;
#582 = FILL_AREA_STYLE ('',( #6449 ) ) ;
#583 = EDGE_CURVE ( 'NONE', #6218, #4700, #6751, .T. ) ;
#584 = EDGE_LOOP ( 'NONE', ( #7924, #4924, #1661, #7153 ) ) ;
#585 = ORIENTED_EDGE ( 'NONE', *, *, #753, .T. ) ;
#586 = PLANE ( 'NONE',  #2395 ) ;
#587 = ORIENTED_EDGE ( 'NONE', *, *, #5936, .F. ) ;
#588 = DIRECTION ( 'NONE',  ( -0.0000000000000000000, -0.0000000000000000000, -1.000000000000000000 ) ) ;
#589 = CARTESIAN_POINT ( 'NONE',  ( -5.199999999999998401, -0.5000000000000000000, 1.699999999999999956 ) ) ;
#590 = STYLED_ITEM ( 'NONE', ( #2387 ), #981 ) ;
#591 = LINE ( 'NONE', #3182, #7269 ) ;
#592 = DIRECTION ( 'NONE',  ( 1.000000000000000000, 0.0000000000000000000, 0.0000000000000000000 ) ) ;
#593 = FILL_AREA_STYLE ('',( #6459 ) ) ;
#594 = EDGE_CURVE ( 'NONE', #6545, #372, #868, .T. ) ;
#595 = VERTEX_POINT ( 'NONE', #5209 ) ;
#596 = FACE_OUTER_BOUND ( 'NONE', #4864, .T. ) ;
#597 = ORIENTED_EDGE ( 'NONE', *, *, #7644, .F. ) ;
#598 = DIRECTION ( 'NONE',  ( -0.0000000000000000000, -0.0000000000000000000, -1.000000000000000000 ) ) ;
#599 = DIRECTION ( 'NONE',  ( 1.000000000000000000, 0.0000000000000000000, 0.0000000000000000000 ) ) ;
#600 = FILL_AREA_STYLE_COLOUR ( '', #3179 ) ;
#601 = CARTESIAN_POINT ( 'NONE',  ( 5.160000000000000142, -7.445612346359450129, 1.500000000000000000 ) ) ;
#602 = CARTESIAN_POINT ( 'NONE',  ( -0.5000000000000003331, -7.445612346359445688, 4.200000000000000178 ) ) ;
#603 = PLANE ( 'NONE',  #2033 ) ;
#604 = AXIS2_PLACEMENT_3D ( 'NONE', #2777, #6745, #7444 ) ;
#605 = ORIENTED_EDGE ( 'NONE', *, *, #4600, .F. ) ;
#606 = VERTEX_POINT ( 'NONE', #1880 ) ;
#607 = CARTESIAN_POINT ( 'NONE',  ( 0.0000000000000000000, 0.0000000000000000000, 0.5000000000000000000 ) ) ;
#608 = CARTESIAN_POINT ( 'NONE',  ( 5.121870354138169823, 4.771419503187759759, 0.0000000000000000000 ) ) ;
#609 = CARTESIAN_POINT ( 'NONE',  ( -6.737754777652109617, -3.332065508993820035, -7.000000000000000000 ) ) ;
#610 =( NAMED_UNIT ( * ) PLANE_ANGLE_UNIT ( ) SI_UNIT ( $, .RADIAN. ) );
#611 = FACE_OUTER_BOUND ( 'NONE', #719, .T. ) ;
#612 = CYLINDRICAL_SURFACE ( 'NONE', #7897, 7.000000000000000000 ) ;
#613 = EDGE_CURVE ( 'NONE', #2986, #1310, #4560, .T. ) ;
#614 = CARTESIAN_POINT ( 'NONE',  ( -4.440892098500630106E-16, -7.445612346359440359, 4.700000000000001066 ) ) ;
#615 = CIRCLE ( 'NONE', #88, 7.000000000000000000 ) ;
#616 = CARTESIAN_POINT ( 'NONE',  ( -0.2000000000000000111, -5.645612346359450306, -0.9000000000000010214 ) ) ;
#617 =( NAMED_UNIT ( * ) SI_UNIT ( $, .STERADIAN. ) SOLID_ANGLE_UNIT ( ) );
#618 = VERTEX_POINT ( 'NONE', #7192 ) ;
#619 = VERTEX_POINT ( 'NONE', #589 ) ;
#620 = COLOUR_RGB ( '',0.0000000000000000000, 0.0000000000000000000, 0.0000000000000000000 ) ;
#621 = AXIS2_PLACEMENT_3D ( 'NONE', #7773, #2492, #2451 ) ;
#622 = FILL_AREA_STYLE_COLOUR ( '', #394 ) ;
#623 = LINE ( 'NONE', #3851, #5258 ) ;
#624 = DIRECTION ( 'NONE',  ( -0.9584966580880915910, -0.2851037643279368261, 0.0000000000000000000 ) ) ;
#625 = CARTESIAN_POINT ( 'NONE',  ( 0.0000000000000000000, -0.5000000000000000000, 1.699999999999999956 ) ) ;
#626 = FACE_OUTER_BOUND ( 'NONE', #711, .T. ) ;
#627 = ORIENTED_EDGE ( 'NONE', *, *, #3442, .F. ) ;
#628 = VECTOR ( 'NONE', #710, 1000.000000000000000 ) ;
#629 = VERTEX_POINT ( 'NONE', #7098 ) ;
#630 = CARTESIAN_POINT ( 'NONE',  ( -4.900000000000000355, 3.000000000000000000, 1.500000000000000000 ) ) ;
#631 = ORIENTED_EDGE ( 'NONE', *, *, #8159, .T. ) ;
#632 = EDGE_CURVE ( 'NONE', #6117, #6399, #7721, .T. ) ;
#633 = LINE ( 'NONE', #3770, #5269 ) ;
#634 = DIRECTION ( 'NONE',  ( 1.000000000000000000, -0.0000000000000000000, 0.0000000000000000000 ) ) ;
#635 = VECTOR ( 'NONE', #5223, 1000.000000000000000 ) ;
#636 = FILL_AREA_STYLE_COLOUR ( '', #7821 ) ;
#637 = DIRECTION ( 'NONE',  ( -0.0000000000000000000, -0.0000000000000000000, 1.000000000000000000 ) ) ;
#638 = VERTEX_POINT ( 'NONE', #6405 ) ;
#639 = VERTEX_POINT ( 'NONE', #6322 ) ;
#640 = DIRECTION ( 'NONE',  ( 0.5957350678737109995, 0.8031810063152047263, 0.0000000000000000000 ) ) ;
#641 = ORIENTED_EDGE ( 'NONE', *, *, #2281, .F. ) ;
#642 = DIRECTION ( 'NONE',  ( 0.0000000000000000000, 0.0000000000000000000, 1.000000000000000000 ) ) ;
#643 = UNCERTAINTY_MEASURE_WITH_UNIT (LENGTH_MEASURE( 1.000000000000000082E-05 ), #742, 'distance_accuracy_value', 'NONE');
#644 = EDGE_CURVE ( 'NONE', #2627, #8263, #3818, .T. ) ;
#645 = DIRECTION ( 'NONE',  ( 0.5065597791630321867, -0.8622048423282603347, 0.0000000000000000000 ) ) ;
#646 = DIRECTION ( 'NONE',  ( -0.9974842088126423256, 0.07088902009067953036, 0.0000000000000000000 ) ) ;
#647 =( NAMED_UNIT ( * ) PLANE_ANGLE_UNIT ( ) SI_UNIT ( $, .RADIAN. ) );
#648 = PRODUCT ( 'F769C8A3-F002-4BD8-BD0E-BCE4E443EA9F', 'F769C8A3-F002-4BD8-BD0E-BCE4E443EA9F', '', ( #6293 ) ) ;
#649 = EDGE_LOOP ( 'NONE', ( #5402, #1642, #8487, #283 ) ) ;
#650 = VECTOR ( 'NONE', #8175, 1000.000000000000114 ) ;
#651 = EDGE_CURVE ( 'NONE', #5394, #6166, #4515, .T. ) ;
#652 = LINE ( 'NONE', #6427, #4101 ) ;
#653 = LINE ( 'NONE', #5754, #994 ) ;
#654 = PRESENTATION_STYLE_ASSIGNMENT (( #141 ) ) ;
#655 = FACE_OUTER_BOUND ( 'NONE', #2052, .T. ) ;
#656 =( NAMED_UNIT ( * ) SI_UNIT ( $, .STERADIAN. ) SOLID_ANGLE_UNIT ( ) );
#657 = AXIS2_PLACEMENT_3D ( 'NONE', #1309, #6033, #2620 ) ;
#658 =( NAMED_UNIT ( * ) SI_UNIT ( $, .STERADIAN. ) SOLID_ANGLE_UNIT ( ) );
#659 = LINE ( 'NONE', #7786, #905 ) ;
#660 = ORIENTED_EDGE ( 'NONE', *, *, #2911, .F. ) ;
#661 = ADVANCED_FACE ( 'NONE', ( #3140 ), #5685, .T. ) ;
#662 = LINE ( 'NONE', #2690, #8474 ) ;
#663 = AXIS2_PLACEMENT_3D ( 'NONE', #1917, #5983, #6522 ) ;
#664 = ORIENTED_EDGE ( 'NONE', *, *, #3096, .T. ) ;
#665 = AXIS2_PLACEMENT_3D ( 'NONE', #616, #1210, #6304 ) ;
#666 = EDGE_CURVE ( 'NONE', #7141, #3701, #7368, .T. ) ;
#667 = DIRECTION ( 'NONE',  ( 1.000000000000000000, 0.0000000000000000000, 0.0000000000000000000 ) ) ;
#668 = FACE_OUTER_BOUND ( 'NONE', #5098, .T. ) ;
#669 =( NAMED_UNIT ( * ) SI_UNIT ( $, .STERADIAN. ) SOLID_ANGLE_UNIT ( ) );
#670 = CARTESIAN_POINT ( 'NONE',  ( 4.500000000000000888, -1.102182119232617911E-15, 1.000000000000000000 ) ) ;
#671 = LINE ( 'NONE', #2618, #3277 ) ;
#672 = DIRECTION ( 'NONE',  ( -0.0000000000000000000, -0.0000000000000000000, -1.000000000000000000 ) ) ;
#673 = VECTOR ( 'NONE', #2246, 1000.000000000000000 ) ;
#674 = LINE ( 'NONE', #2750, #7520 ) ;
#675 = ORIENTED_EDGE ( 'NONE', *, *, #6000, .F. ) ;
#676 = EDGE_CURVE ( 'NONE', #3701, #6638, #2194, .T. ) ;
#677 = ORIENTED_EDGE ( 'NONE', *, *, #1415, .F. ) ;
#678 = DIRECTION ( 'NONE',  ( 0.0000000000000000000, 0.0000000000000000000, 1.000000000000000000 ) ) ;
#679 = ORIENTED_EDGE ( 'NONE', *, *, #4163, .F. ) ;
#680 = PRESENTATION_LAYER_ASSIGNMENT (  '', '', ( #1863 ) ) ;
#681 = COLOUR_RGB ( '',0.1529411764705882470, 0.1529411764705882470, 0.1529411764705882470 ) ;
#682 = FACE_OUTER_BOUND ( 'NONE', #1087, .T. ) ;
#683 = CARTESIAN_POINT ( 'NONE',  ( -4.000000000000000000, -5.495612346359449951, 1.199999999999999956 ) ) ;
#684 = CARTESIAN_POINT ( 'NONE',  ( 4.460000000000000853, -5.495612346359449951, 2.200000000000000178 ) ) ;
#685 = LINE ( 'NONE', #7941, #8440 ) ;
#686 =( NAMED_UNIT ( * ) SI_UNIT ( $, .STERADIAN. ) SOLID_ANGLE_UNIT ( ) );
#687 = PRESENTATION_STYLE_ASSIGNMENT (( #5117 ) ) ;
#688 = VERTEX_POINT ( 'NONE', #5298 ) ;
#689 = VECTOR ( 'NONE', #5307, 1000.000000000000000 ) ;
#690 = ORIENTED_EDGE ( 'NONE', *, *, #2478, .T. ) ;
#691 = LINE ( 'NONE', #3957, #4453 ) ;
#692 = EDGE_LOOP ( 'NONE', ( #4281, #1102, #1791, #2217 ) ) ;
#693 = UNCERTAINTY_MEASURE_WITH_UNIT (LENGTH_MEASURE( 1.000000000000000082E-05 ), #4505, 'distance_accuracy_value', 'NONE');
#694 = LINE ( 'NONE', #5926, #6556 ) ;
#695 = DIRECTION ( 'NONE',  ( 1.000000000000000000, 0.0000000000000000000, 0.0000000000000000000 ) ) ;
#696 = PRESENTATION_LAYER_ASSIGNMENT (  '', '', ( #3546 ) ) ;
#697 = DIRECTION ( 'NONE',  ( -0.0000000000000000000, -0.0000000000000000000, -1.000000000000000000 ) ) ;
#698 = EDGE_CURVE ( 'NONE', #1579, #8192, #6581, .T. ) ;
#699 = EDGE_CURVE ( 'NONE', #3378, #4936, #4598, .T. ) ;
#700 = ORIENTED_EDGE ( 'NONE', *, *, #7154, .T. ) ;
#701 = VECTOR ( 'NONE', #5030, 999.9999999999998863 ) ;
#702 = LINE ( 'NONE', #6425, #4903 ) ;
#703 = ORIENTED_EDGE ( 'NONE', *, *, #6942, .T. ) ;
#704 = DIRECTION ( 'NONE',  ( -0.9486832980505138790, 0.3162277660168379967, 0.0000000000000000000 ) ) ;
#705 =( NAMED_UNIT ( * ) PLANE_ANGLE_UNIT ( ) SI_UNIT ( $, .RADIAN. ) );
#706 = VECTOR ( 'NONE', #7284, 1000.000000000000000 ) ;
#707 = LINE ( 'NONE', #2244, #5270 ) ;
#708 = SURFACE_STYLE_USAGE ( .BOTH. , #3293 ) ;
#709 = EDGE_CURVE ( 'NONE', #561, #3576, #3354, .T. ) ;
#710 = DIRECTION ( 'NONE',  ( -0.0000000000000000000, 0.0000000000000000000, 1.000000000000000000 ) ) ;
#711 = EDGE_LOOP ( 'NONE', ( #6795, #133, #3946, #2337 ) ) ;
#712 = FACE_OUTER_BOUND ( 'NONE', #7102, .T. ) ;
#713 = CIRCLE ( 'NONE', #3005, 7.000000000000000000 ) ;
#714 = ORIENTED_EDGE ( 'NONE', *, *, #886, .T. ) ;
#715 = MECHANICAL_DESIGN_GEOMETRIC_PRESENTATION_REPRESENTATION (  '', ( #8112 ), #3827 ) ;
#716 = CARTESIAN_POINT ( 'NONE',  ( 1.000000000000000000, 1.224646799147353207E-16, 0.0000000000000000000 ) ) ;
#717 = CARTESIAN_POINT ( 'NONE',  ( 4.900000000000000355, 3.000000000000000000, 4.200000000000000178 ) ) ;
#718 = PRESENTATION_STYLE_ASSIGNMENT (( #3261 ) ) ;
#719 = EDGE_LOOP ( 'NONE', ( #2456, #8338, #5932, #6769 ) ) ;
#720 = VERTEX_POINT ( 'NONE', #3991 ) ;
#721 = VECTOR ( 'NONE', #5484, 1000.000000000000227 ) ;
#722 = FILL_AREA_STYLE ('',( #3948 ) ) ;
#723 = SURFACE_STYLE_FILL_AREA ( #2092 ) ;
#724 = EDGE_CURVE ( 'NONE', #731, #497, #5346, .T. ) ;
#725 = LINE ( 'NONE', #1970, #7558 ) ;
#726 = VECTOR ( 'NONE', #4776, 1000.000000000000000 ) ;
#727 = DIRECTION ( 'NONE',  ( 1.000000000000000000, 0.0000000000000000000, 0.0000000000000000000 ) ) ;
#728 = EDGE_LOOP ( 'NONE', ( #3472, #5087, #1644, #83, #7262, #5131 ) ) ;
#729 = ORIENTED_EDGE ( 'NONE', *, *, #5773, .F. ) ;
#730 = CARTESIAN_POINT ( 'NONE',  ( 2.487442310373079835, 6.005216961323360358, 1.000000000000000000 ) ) ;
#731 = VERTEX_POINT ( 'NONE', #2800 ) ;
#732 = DIRECTION ( 'NONE',  ( -0.0000000000000000000, 1.000000000000000000, 0.0000000000000000000 ) ) ;
#733 =( GEOMETRIC_REPRESENTATION_CONTEXT ( 3 ) GLOBAL_UNCERTAINTY_ASSIGNED_CONTEXT ( ( #3580 ) ) GLOBAL_UNIT_ASSIGNED_CONTEXT ( ( #7359, #4589, #7179 ) ) REPRESENTATION_CONTEXT ( 'NONE', 'WORKASPACE' ) );
#734 = DIRECTION ( 'NONE',  ( 0.0000000000000000000, -0.0000000000000000000, -1.000000000000000000 ) ) ;
#735 = PRESENTATION_STYLE_ASSIGNMENT (( #6596 ) ) ;
#736 = DIRECTION ( 'NONE',  ( 1.000000000000000000, 0.0000000000000000000, 0.0000000000000000000 ) ) ;
#737 = ORIENTED_EDGE ( 'NONE', *, *, #7180, .T. ) ;
#738 = PRESENTATION_STYLE_ASSIGNMENT (( #7533 ) ) ;
#739 = ORIENTED_EDGE ( 'NONE', *, *, #1084, .F. ) ;
#740 = ADVANCED_FACE ( 'NONE', ( #2045 ), #6716, .F. ) ;
#741 = DIRECTION ( 'NONE',  ( 1.000000000000000000, 0.0000000000000000000, 0.0000000000000000000 ) ) ;
#742 =( LENGTH_UNIT ( ) NAMED_UNIT ( * ) SI_UNIT ( .MILLI., .METRE. ) );
#743 = EDGE_CURVE ( 'NONE', #4682, #489, #4647, .T. ) ;
#744 = LINE ( 'NONE', #783, #4021 ) ;
#745 = DIRECTION ( 'NONE',  ( 0.0000000000000000000, 0.0000000000000000000, 1.000000000000000000 ) ) ;
#746 = FILL_AREA_STYLE_COLOUR ( '', #5309 ) ;
#747 = CARTESIAN_POINT ( 'NONE',  ( -2.799999999999999822, -7.445612346359450129, 1.199999999999999956 ) ) ;
#748 = EDGE_LOOP ( 'NONE', ( #7371, #4595, #5993, #2858 ) ) ;
#749 = AXIS2_PLACEMENT_3D ( 'NONE', #6251, #5058, #1306 ) ;
#750 = ORIENTED_EDGE ( 'NONE', *, *, #3465, .F. ) ;
#751 = DIRECTION ( 'NONE',  ( 1.000000000000000000, 0.0000000000000000000, -0.0000000000000000000 ) ) ;
#752 =( LENGTH_UNIT ( ) NAMED_UNIT ( * ) SI_UNIT ( .MILLI., .METRE. ) );
#753 = EDGE_CURVE ( 'NONE', #257, #5972, #2756, .T. ) ;
#754 = LINE ( 'NONE', #3346, #1425 ) ;
#755 = MECHANICAL_DESIGN_GEOMETRIC_PRESENTATION_REPRESENTATION (  '', ( #8160 ), #2642 ) ;
#756 = FILL_AREA_STYLE_COLOUR ( '', #559 ) ;
#757 = ADVANCED_BREP_SHAPE_REPRESENTATION ( 'F769C8A3-F002-4BD8-BD0E-BCE4E443EA9F', ( #1002, #7841 ), #5628 ) ;
#758 = ORIENTED_EDGE ( 'NONE', *, *, #5292, .F. ) ;
#759 = STYLED_ITEM ( 'NONE', ( #4657 ), #2819 ) ;
#760 = UNCERTAINTY_MEASURE_WITH_UNIT (LENGTH_MEASURE( 1.000000000000000082E-05 ), #1609, 'distance_accuracy_value', 'NONE');
#762 = EDGE_CURVE ( 'NONE', #4011, #1023, #7232, .T. ) ;
#761 = PRESENTATION_STYLE_ASSIGNMENT (( #4775 ) ) ;
#763 = LINE ( 'NONE', #6088, #835 ) ;
#764 = AXIS2_PLACEMENT_3D ( 'NONE', #4038, #803, #1354 ) ;
#765 = CARTESIAN_POINT ( 'NONE',  ( 0.0000000000000000000, 0.0000000000000000000, 0.0000000000000000000 ) ) ;
#766 = VECTOR ( 'NONE', #5082, 1000.000000000000000 ) ;
#767 = ORIENTED_EDGE ( 'NONE', *, *, #4015, .T. ) ;
#768 = EDGE_LOOP ( 'NONE', ( #3317, #7990, #677, #2701 ) ) ;
#769 = LINE ( 'NONE', #1282, #97 ) ;
#770 = ORIENTED_EDGE ( 'NONE', *, *, #3202, .F. ) ;
#771 = EDGE_CURVE ( 'NONE', #8393, #7801, #4039, .T. ) ;
#772 = LINE ( 'NONE', #3527, #401 ) ;
#773 = EDGE_CURVE ( 'NONE', #3691, #8216, #1523, .T. ) ;
#774 = DIRECTION ( 'NONE',  ( 0.0000000000000000000, 0.0000000000000000000, 1.000000000000000000 ) ) ;
#775 = CARTESIAN_POINT ( 'NONE',  ( 1.665912778096391988E-16, -6.500000000000001776, 1.156482317317871331E-15 ) ) ;
#776 = DIRECTION ( 'NONE',  ( 1.000000000000000000, 0.0000000000000000000, 0.0000000000000000000 ) ) ;
#777 = DIRECTION ( 'NONE',  ( 0.0000000000000000000, 0.0000000000000000000, 1.000000000000000000 ) ) ;
#778 = ORIENTED_EDGE ( 'NONE', *, *, #6971, .T. ) ;
#779 = ORIENTED_EDGE ( 'NONE', *, *, #8292, .T. ) ;
#780 = DIRECTION ( 'NONE',  ( 0.6552017413601290974, 0.7554539549957062228, 0.0000000000000000000 ) ) ;
#781 = FILL_AREA_STYLE_COLOUR ( '', #3313 ) ;
#782 = FILL_AREA_STYLE ('',( #3246 ) ) ;
#783 = CARTESIAN_POINT ( 'NONE',  ( 4.596194077712559611, -4.596194077712556947, -7.000000000000000000 ) ) ;
#784 = VECTOR ( 'NONE', #7945, 1000.000000000000000 ) ;
#785 = DIRECTION ( 'NONE',  ( 1.000000000000000000, 0.0000000000000000000, 0.0000000000000000000 ) ) ;
#786 = LINE ( 'NONE', #3103, #7926 ) ;
#787 = ORIENTED_EDGE ( 'NONE', *, *, #5325, .T. ) ;
#788 = EDGE_CURVE ( 'NONE', #7051, #2666, #3949, .T. ) ;
#789 = CARTESIAN_POINT ( 'NONE',  ( -4.500000000000000888, 5.510910596163089556E-16, 1.000000000000000000 ) ) ;
#790 = ORIENTED_EDGE ( 'NONE', *, *, #6219, .T. ) ;
#791 = LINE ( 'NONE', #7134, #4219 ) ;
#792 = VECTOR ( 'NONE', #3049, 1000.000000000000000 ) ;
#793 = DIRECTION ( 'NONE',  ( 0.0000000000000000000, 0.0000000000000000000, 1.000000000000000000 ) ) ;
#794 = SURFACE_STYLE_USAGE ( .BOTH. , #5197 ) ;
#795 =( NAMED_UNIT ( * ) SI_UNIT ( $, .STERADIAN. ) SOLID_ANGLE_UNIT ( ) );
#796 = DIRECTION ( 'NONE',  ( -0.0000000000000000000, -0.0000000000000000000, -1.000000000000000000 ) ) ;
#797 =( LENGTH_UNIT ( ) NAMED_UNIT ( * ) SI_UNIT ( .MILLI., .METRE. ) );
#798 = ADVANCED_FACE ( 'NONE', ( #7419 ), #1392, .F. ) ;
#799 = VECTOR ( 'NONE', #2997, 1000.000000000000000 ) ;
#800 = EDGE_LOOP ( 'NONE', ( #5317, #2823, #415, #1946 ) ) ;
#801 = CARTESIAN_POINT ( 'NONE',  ( -4.900000000000000355, 2.000000000000000000, 2.200000000000000178 ) ) ;
#802 = ORIENTED_EDGE ( 'NONE', *, *, #1801, .T. ) ;
#803 = DIRECTION ( 'NONE',  ( -0.7071067811865470176, 0.7071067811865480168, 0.0000000000000000000 ) ) ;
#804 = CARTESIAN_POINT ( 'NONE',  ( -0.9659258262890679791, 0.2588190451025200178, 0.5000000000000000000 ) ) ;
#805 = MECHANICAL_DESIGN_GEOMETRIC_PRESENTATION_REPRESENTATION (  '', ( #4474 ), #6835 ) ;
#806 = AXIS2_PLACEMENT_3D ( 'NONE', #8284, #6332, #1697 ) ;
#807 = CARTESIAN_POINT ( 'NONE',  ( 1.595004854618141898, 6.815860878403005252, 1.000000000000002665 ) ) ;
#808 = EDGE_CURVE ( 'NONE', #850, #6545, #7506, .T. ) ;
#809 = ORIENTED_EDGE ( 'NONE', *, *, #4613, .F. ) ;
#810 = FILL_AREA_STYLE ('',( #8069 ) ) ;
#811 = DIRECTION ( 'NONE',  ( 1.000000000000000000, 0.0000000000000000000, 0.0000000000000000000 ) ) ;
#812 = ORIENTED_EDGE ( 'NONE', *, *, #3352, .F. ) ;
#813 = ORIENTED_EDGE ( 'NONE', *, *, #4116, .F. ) ;
#814 = EDGE_CURVE ( 'NONE', #4867, #8254, #8267, .T. ) ;
#815 = COLOUR_RGB ( '',0.0000000000000000000, 0.0000000000000000000, 0.0000000000000000000 ) ;
#816 = ORIENTED_EDGE ( 'NONE', *, *, #5447, .F. ) ;
#817 = SURFACE_STYLE_FILL_AREA ( #3454 ) ;
#818 = PRESENTATION_STYLE_ASSIGNMENT (( #4695 ) ) ;
#819 = SURFACE_STYLE_FILL_AREA ( #3581 ) ;
#820 = AXIS2_PLACEMENT_3D ( 'NONE', #8449, #598, #1238 ) ;
#821 = PRESENTATION_STYLE_ASSIGNMENT (( #870 ) ) ;
#822 = AXIS2_PLACEMENT_3D ( 'NONE', #4446, #1861, #2461 ) ;
#823 = DIRECTION ( 'NONE',  ( -0.0000000000000000000, 0.0000000000000000000, 1.000000000000000000 ) ) ;
#824 = ORIENTED_EDGE ( 'NONE', *, *, #6711, .F. ) ;
#825 = EDGE_CURVE ( 'NONE', #298, #4913, #7591, .T. ) ;
#826 = CARTESIAN_POINT ( 'NONE',  ( 4.596194077712559611, 4.596194077712559611, -7.000000000000000000 ) ) ;
#827 = COLOUR_RGB ( '',0.0000000000000000000, 0.0000000000000000000, 0.0000000000000000000 ) ;
#828 = ORIENTED_EDGE ( 'NONE', *, *, #1389, .F. ) ;
#829 = UNCERTAINTY_MEASURE_WITH_UNIT (LENGTH_MEASURE( 1.000000000000000082E-05 ), #3448, 'distance_accuracy_value', 'NONE');
#830 = CARTESIAN_POINT ( 'NONE',  ( 3.736510265669730213, 6.515542565419480070, 1.000000000000003553 ) ) ;
#831 = DIRECTION ( 'NONE',  ( 0.9486832980505138790, 0.3162277660168379967, -0.0000000000000000000 ) ) ;
#832 = DIRECTION ( 'NONE',  ( 0.6552017413601280982, 0.7554539549957069999, 0.0000000000000000000 ) ) ;
#833 = LINE ( 'NONE', #7396, #977 ) ;
#834 = CIRCLE ( 'NONE', #2599, 7.000000000000000000 ) ;
#835 = VECTOR ( 'NONE', #2664, 1000.000000000000000 ) ;
#836 = LINE ( 'NONE', #2780, #8210 ) ;
#837 = VERTEX_POINT ( 'NONE', #3607 ) ;
#838 = DIRECTION ( 'NONE',  ( 0.0000000000000000000, -1.000000000000000000, -0.0000000000000000000 ) ) ;
#839 = VERTEX_POINT ( 'NONE', #6937 ) ;
#840 = VERTEX_POINT ( 'NONE', #3528 ) ;
#841 = PRESENTATION_STYLE_ASSIGNMENT (( #6703 ) ) ;
#842 = PRESENTATION_LAYER_ASSIGNMENT (  '', '', ( #3683 ) ) ;
#843 = LINE ( 'NONE', #244, #1638 ) ;
#844 = AXIS2_PLACEMENT_3D ( 'NONE', #5015, #7011, #8430 ) ;
#845 =( LENGTH_UNIT ( ) NAMED_UNIT ( * ) SI_UNIT ( .MILLI., .METRE. ) );
#846 = SURFACE_SIDE_STYLE ('',( #7221 ) ) ;
#847 = CYLINDRICAL_SURFACE ( 'NONE', #7076, 1.000000000000000444 ) ;
#848 = VECTOR ( 'NONE', #8220, 1000.000000000000227 ) ;
#849 = STYLED_ITEM ( 'NONE', ( #7733 ), #7468 ) ;
#850 = VERTEX_POINT ( 'NONE', #6850 ) ;
#851 = CARTESIAN_POINT ( 'NONE',  ( -6.557934381098213805, -2.448161892769749493, 1.000000000000000000 ) ) ;
#852 = ORIENTED_EDGE ( 'NONE', *, *, #2149, .T. ) ;
#853 = DIRECTION ( 'NONE',  ( -0.0000000000000000000, -0.0000000000000000000, -1.000000000000000000 ) ) ;
#854 = AXIS2_PLACEMENT_3D ( 'NONE', #6302, #440, #5666 ) ;
#855 = EDGE_CURVE ( 'NONE', #5488, #6389, #1553, .T. ) ;
#856 =( GEOMETRIC_REPRESENTATION_CONTEXT ( 3 ) GLOBAL_UNCERTAINTY_ASSIGNED_CONTEXT ( ( #1894 ) ) GLOBAL_UNIT_ASSIGNED_CONTEXT ( ( #4778, #1514, #686 ) ) REPRESENTATION_CONTEXT ( 'NONE', 'WORKASPACE' ) );
#857 = EDGE_CURVE ( 'NONE', #5959, #6534, #1054, .T. ) ;
#858 = LINE ( 'NONE', #2046, #3409 ) ;
#859 = DIRECTION ( 'NONE',  ( 0.0000000000000000000, 0.0000000000000000000, -1.000000000000000000 ) ) ;
#860 = CARTESIAN_POINT ( 'NONE',  ( -5.200000000000001066, -6.995612346359449951, 1.500000000000000000 ) ) ;
#861 = ORIENTED_EDGE ( 'NONE', *, *, #285, .T. ) ;
#862 = FILL_AREA_STYLE ('',( #8453 ) ) ;
#863 = ORIENTED_EDGE ( 'NONE', *, *, #5982, .F. ) ;
#864 = STYLED_ITEM ( 'NONE', ( #818 ), #423 ) ;
#865 = DIRECTION ( 'NONE',  ( -0.7071067811865475727, -0.7071067811865475727, 0.0000000000000000000 ) ) ;
#866 = ORIENTED_EDGE ( 'NONE', *, *, #7616, .T. ) ;
#867 = EDGE_CURVE ( 'NONE', #7189, #2181, #2346, .T. ) ;
#868 = CIRCLE ( 'NONE', #4534, 7.000000000000000000 ) ;
#869 = LINE ( 'NONE', #3457, #5104 ) ;
#870 = SURFACE_STYLE_USAGE ( .BOTH. , #6102 ) ;
#871 = CARTESIAN_POINT ( 'NONE',  ( 5.121870354138168935, 4.771419503187763311, 1.000000000000002665 ) ) ;
#872 = ORIENTED_EDGE ( 'NONE', *, *, #5420, .F. ) ;
#873 = VERTEX_POINT ( 'NONE', #3490 ) ;
#874 = DIRECTION ( 'NONE',  ( 0.0000000000000000000, 0.0000000000000000000, -1.000000000000000000 ) ) ;
#875 = EDGE_CURVE ( 'NONE', #2915, #3328, #4254, .T. ) ;
#876 = SURFACE_SIDE_STYLE ('',( #236 ) ) ;
#877 =( NAMED_UNIT ( * ) PLANE_ANGLE_UNIT ( ) SI_UNIT ( $, .RADIAN. ) );
#878 = AXIS2_PLACEMENT_3D ( 'NONE', #3290, #2732, #2683 ) ;
#879 = CARTESIAN_POINT ( 'NONE',  ( 0.0000000000000000000, 0.0000000000000000000, 2.700000000000000178 ) ) ;
#880 =( LENGTH_UNIT ( ) NAMED_UNIT ( * ) SI_UNIT ( .MILLI., .METRE. ) );
#881 = ORIENTED_EDGE ( 'NONE', *, *, #5608, .T. ) ;
#882 = LINE ( 'NONE', #7353, #5833 ) ;
#883 = ORIENTED_EDGE ( 'NONE', *, *, #3452, .F. ) ;
#884 = DIRECTION ( 'NONE',  ( -0.0000000000000000000, -0.0000000000000000000, -1.000000000000000000 ) ) ;
#885 = ORIENTED_EDGE ( 'NONE', *, *, #808, .T. ) ;
#886 = EDGE_CURVE ( 'NONE', #5148, #4122, #6272, .T. ) ;
#887 = PRESENTATION_STYLE_ASSIGNMENT (( #4851 ) ) ;
#888 = DIRECTION ( 'NONE',  ( 0.0000000000000000000, -1.000000000000000000, 0.0000000000000000000 ) ) ;
#889 = AXIS2_PLACEMENT_3D ( 'NONE', #467, #3065, #8408 ) ;
#890 = ORIENTED_EDGE ( 'NONE', *, *, #930, .T. ) ;
#891 = ORIENTED_EDGE ( 'NONE', *, *, #1181, .T. ) ;
#892 = CIRCLE ( 'NONE', #749, 0.5000000000000000000 ) ;
#893 = DIRECTION ( 'NONE',  ( 0.9584966580880912579, 0.2851037643279382139, 0.0000000000000000000 ) ) ;
#894 = CARTESIAN_POINT ( 'NONE',  ( 6.500000000000001776, 2.168404344971008868E-16, 1.000000000000004663 ) ) ;
#895 = FILL_AREA_STYLE ('',( #3492 ) ) ;
#896 = ORIENTED_EDGE ( 'NONE', *, *, #1227, .F. ) ;
#897 = MECHANICAL_DESIGN_GEOMETRIC_PRESENTATION_REPRESENTATION (  '', ( #2359 ), #8426 ) ;
#898 = ORIENTED_EDGE ( 'NONE', *, *, #6619, .F. ) ;
#899 = COLOUR_RGB ( '',0.0000000000000000000, 0.0000000000000000000, 0.0000000000000000000 ) ;
#900 = DIRECTION ( 'NONE',  ( 0.0000000000000000000, 0.0000000000000000000, 1.000000000000000000 ) ) ;
#901 = ORIENTED_EDGE ( 'NONE', *, *, #3550, .F. ) ;
#902 = EDGE_CURVE ( 'NONE', #3011, #1447, #1019, .T. ) ;
#903 = FACE_OUTER_BOUND ( 'NONE', #3759, .T. ) ;
#904 = LINE ( 'NONE', #3881, #6200 ) ;
#905 = VECTOR ( 'NONE', #5097, 1000.000000000000227 ) ;
#906 = COLOUR_RGB ( '',0.0000000000000000000, 0.0000000000000000000, 0.0000000000000000000 ) ;
#907 =( LENGTH_UNIT ( ) NAMED_UNIT ( * ) SI_UNIT ( .MILLI., .METRE. ) );
#908 = FILL_AREA_STYLE_COLOUR ( '', #1225 ) ;
#909 = CARTESIAN_POINT ( 'NONE',  ( 0.0000000000000000000, 0.0000000000000000000, 1.000000000000000000 ) ) ;
#910 = CYLINDRICAL_SURFACE ( 'NONE', #147, 7.000000000000000000 ) ;
#911 = ORIENTED_EDGE ( 'NONE', *, *, #8331, .F. ) ;
#912 = ADVANCED_FACE ( 'NONE', ( #5517, #8104 ), #368, .T. ) ;
#913 = DIRECTION ( 'NONE',  ( 1.000000000000000000, 0.0000000000000000000, -0.0000000000000000000 ) ) ;
#914 = ORIENTED_EDGE ( 'NONE', *, *, #7876, .T. ) ;
#915 = DIRECTION ( 'NONE',  ( -1.000000000000000000, 0.0000000000000000000, -0.0000000000000000000 ) ) ;
#916 = CARTESIAN_POINT ( 'NONE',  ( 5.404552479966538314, 3.611206514627411046, -7.000000000000000000 ) ) ;
#917 = DIRECTION ( 'NONE',  ( -0.8793582917768288931, 0.4761606815806379567, 0.0000000000000000000 ) ) ;
#918 = DIRECTION ( 'NONE',  ( 0.8031810063152047263, -0.5957350678737109995, 0.0000000000000000000 ) ) ;
#919 = EDGE_LOOP ( 'NONE', ( #6034, #929, #2187, #3393 ) ) ;
#920 = LINE ( 'NONE', #8130, #7341 ) ;
#921 = ORIENTED_EDGE ( 'NONE', *, *, #3135, .T. ) ;
#922 = EDGE_CURVE ( 'NONE', #1948, #4674, #2183, .T. ) ;
#923 = CYLINDRICAL_SURFACE ( 'NONE', #6015, 7.000000000000000000 ) ;
#924 = ORIENTED_EDGE ( 'NONE', *, *, #2942, .T. ) ;
#925 = DIRECTION ( 'NONE',  ( 0.0000000000000000000, 0.0000000000000000000, 1.000000000000000000 ) ) ;
#926 = CARTESIAN_POINT ( 'NONE',  ( -1.199999999999999956, -7.145612346359450306, 1.500000000000000000 ) ) ;
#927 = DIRECTION ( 'NONE',  ( 1.000000000000000000, 0.0000000000000000000, 0.0000000000000000000 ) ) ;
#928 = EDGE_CURVE ( 'NONE', #187, #3329, #8231, .T. ) ;
#929 = ORIENTED_EDGE ( 'NONE', *, *, #5, .T. ) ;
#930 = EDGE_CURVE ( 'NONE', #2249, #435, #5765, .T. ) ;
#931 = DIRECTION ( 'NONE',  ( 0.9584966580880915910, 0.2851037643279368261, -0.0000000000000000000 ) ) ;
#932 = VECTOR ( 'NONE', #900, 1000.000000000000000 ) ;
#933 = ORIENTED_EDGE ( 'NONE', *, *, #7187, .T. ) ;
#934 = VECTOR ( 'NONE', #6367, 1000.000000000000000 ) ;
#935 = DIRECTION ( 'NONE',  ( 0.0000000000000000000, 0.0000000000000000000, 1.000000000000000000 ) ) ;
#936 = DIRECTION ( 'NONE',  ( 0.0000000000000000000, 0.0000000000000000000, 1.000000000000000000 ) ) ;
#937 = PLANE ( 'NONE',  #412 ) ;
#938 = VECTOR ( 'NONE', #4036, 1000.000000000000114 ) ;
#939 = EDGE_CURVE ( 'NONE', #7289, #7855, #1137, .T. ) ;
#940 = SURFACE_STYLE_FILL_AREA ( #985 ) ;
#941 = COLOUR_RGB ( '',0.5607843137254902022, 0.5607843137254902022, 0.5607843137254902022 ) ;
#942 = VERTEX_POINT ( 'NONE', #3085 ) ;
#943 = EDGE_LOOP ( 'NONE', ( #3438, #5154, #8063, #1856 ) ) ;
#944 = FILL_AREA_STYLE_COLOUR ( '', #7509 ) ;
#945 = ORIENTED_EDGE ( 'NONE', *, *, #6893, .F. ) ;
#946 = MECHANICAL_DESIGN_GEOMETRIC_PRESENTATION_REPRESENTATION (  '', ( #4617 ), #2401 ) ;
#947 = PRESENTATION_STYLE_ASSIGNMENT (( #4181 ) ) ;
#948 = PLANE ( 'NONE',  #7814 ) ;
#949 = CARTESIAN_POINT ( 'NONE',  ( -4.575180833615149822, 5.970903530404449988, -7.000000000000000000 ) ) ;
#950 = AXIS2_PLACEMENT_3D ( 'NONE', #8071, #5433, #5840 ) ;
#951 = EDGE_LOOP ( 'NONE', ( #1541, #5261, #5341, #23 ) ) ;
#952 = CARTESIAN_POINT ( 'NONE',  ( -5.149999999999989697, -0.5000000000000000000, 2.200000000000000178 ) ) ;
#953 =( GEOMETRIC_REPRESENTATION_CONTEXT ( 3 ) GLOBAL_UNCERTAINTY_ASSIGNED_CONTEXT ( ( #7780 ) ) GLOBAL_UNIT_ASSIGNED_CONTEXT ( ( #3789, #2497, #5133 ) ) REPRESENTATION_CONTEXT ( 'NONE', 'WORKASPACE' ) );
#954 = CARTESIAN_POINT ( 'NONE',  ( 0.0000000000000000000, 0.0000000000000000000, 0.0000000000000000000 ) ) ;
#955 = PRESENTATION_LAYER_ASSIGNMENT (  '', '', ( #125 ) ) ;
#956 = LINE ( 'NONE', #3504, #1146 ) ;
#957 = DIRECTION ( 'NONE',  ( 0.0000000000000000000, 1.000000000000000000, 0.0000000000000000000 ) ) ;
#958 = ADVANCED_FACE ( 'NONE', ( #7710 ), #3761, .F. ) ;
#959 = EDGE_CURVE ( 'NONE', #5139, #2580, #3446, .T. ) ;
#960 = PRESENTATION_STYLE_ASSIGNMENT (( #6749 ) ) ;
#961 =( NAMED_UNIT ( * ) SI_UNIT ( $, .STERADIAN. ) SOLID_ANGLE_UNIT ( ) );
#962 = ORIENTED_EDGE ( 'NONE', *, *, #2971, .T. ) ;
#963 = VECTOR ( 'NONE', #2671, 1000.000000000000000 ) ;
#964 = CARTESIAN_POINT ( 'NONE',  ( -7.273087986799740001, -1.934139147277869952, -7.000000000000000000 ) ) ;
#965 = COLOUR_RGB ( '',0.1529411764705882470, 0.1529411764705882470, 0.1529411764705882470 ) ;
#966 = EDGE_LOOP ( 'NONE', ( #6702, #8437, #7331, #1221 ) ) ;
#967 = SURFACE_STYLE_USAGE ( .BOTH. , #6652 ) ;
#968 = ORIENTED_EDGE ( 'NONE', *, *, #3056, .T. ) ;
#969 =( NAMED_UNIT ( * ) PLANE_ANGLE_UNIT ( ) SI_UNIT ( $, .RADIAN. ) );
#970 = VECTOR ( 'NONE', #1700, 1000.000000000000000 ) ;
#971 =( NAMED_UNIT ( * ) SI_UNIT ( $, .STERADIAN. ) SOLID_ANGLE_UNIT ( ) );
#972 = VECTOR ( 'NONE', #8125, 1000.000000000000000 ) ;
#973 = EDGE_CURVE ( 'NONE', #6879, #2247, #8384, .T. ) ;
#974 = LINE ( 'NONE', #6126, #7084 ) ;
#975 = EDGE_LOOP ( 'NONE', ( #260, #890, #390, #5456, #2577, #336, #6974 ) ) ;
#976 = CARTESIAN_POINT ( 'NONE',  ( 1.199999999999999956, -7.145612346359450306, 1.199999999999999956 ) ) ;
#977 = VECTOR ( 'NONE', #198, 1000.000000000000000 ) ;
#978 = ORIENTED_EDGE ( 'NONE', *, *, #3655, .T. ) ;
#979 = AXIS2_PLACEMENT_3D ( 'NONE', #7100, #1719, #3861 ) ;
#980 = CARTESIAN_POINT ( 'NONE',  ( -5.450000000000000178, -0.5000000000000000000, 2.699999999999999734 ) ) ;
#981 = ADVANCED_FACE ( 'NONE', ( #450 ), #1138, .F. ) ;
#982 = CARTESIAN_POINT ( 'NONE',  ( 0.0000000000000000000, -4.645612346359450306, 1.500000000000000000 ) ) ;
#983 = EDGE_CURVE ( 'NONE', #6254, #1670, #5810, .T. ) ;
#984 = CARTESIAN_POINT ( 'NONE',  ( -0.9659258262890683122, 0.2588190451025202399, 0.0000000000000000000 ) ) ;
#985 = FILL_AREA_STYLE ('',( #4211 ) ) ;
#986 = ORIENTED_EDGE ( 'NONE', *, *, #5946, .T. ) ;
#987 = EDGE_LOOP ( 'NONE', ( #5713, #1327, #3178, #7463, #3958, #251 ) ) ;
#988 = LINE ( 'NONE', #2101, #6819 ) ;
#989 = ORIENTED_EDGE ( 'NONE', *, *, #8091, .F. ) ;
#990 =( NAMED_UNIT ( * ) SI_UNIT ( $, .STERADIAN. ) SOLID_ANGLE_UNIT ( ) );
#991 = DIRECTION ( 'NONE',  ( 1.000000000000000000, -0.0000000000000000000, 0.0000000000000000000 ) ) ;
#992 = LINE ( 'NONE', #2195, #1549 ) ;
#993 = COLOUR_RGB ( '',0.0000000000000000000, 0.0000000000000000000, 0.0000000000000000000 ) ;
#994 = VECTOR ( 'NONE', #2598, 1000.000000000000000 ) ;
#995 = EDGE_LOOP ( 'NONE', ( #8332, #1709, #4000, #2568, #3416, #6173 ) ) ;
#996 = FILL_AREA_STYLE ('',( #4314 ) ) ;
#997 = PRESENTATION_LAYER_ASSIGNMENT (  '', '', ( #3836 ) ) ;
#998 = APPLICATION_PROTOCOL_DEFINITION ( 'draft international standard', 'automotive_design', 1998, #1831 ) ;
#999 = DIRECTION ( 'NONE',  ( 1.000000000000000000, 0.0000000000000000000, 0.0000000000000000000 ) ) ;
#1000 = PLANE ( 'NONE',  #2569 ) ;
#1001 = DIRECTION ( 'NONE',  ( 0.0000000000000000000, 0.0000000000000000000, 1.000000000000000000 ) ) ;
#1002 = MANIFOLD_SOLID_BREP ( 'Imported1', #6868 ) ;
#1003 = CARTESIAN_POINT ( 'NONE',  ( -1.268087093104830032, 6.375104322620999575, 0.0000000000000000000 ) ) ;
#1004 = ORIENTED_EDGE ( 'NONE', *, *, #922, .T. ) ;
#1005 = FILL_AREA_STYLE_COLOUR ( '', #5586 ) ;
#1006 = ORIENTED_EDGE ( 'NONE', *, *, #4841, .T. ) ;
#1007 = ADVANCED_FACE ( 'NONE', ( #7270 ), #2696, .F. ) ;
#1008 = DIRECTION ( 'NONE',  ( 1.000000000000000000, -1.687538997430237941E-14, 0.0000000000000000000 ) ) ;
#1009 = PRESENTATION_LAYER_ASSIGNMENT (  '', '', ( #3848 ) ) ;
#1010 =( NAMED_UNIT ( * ) SI_UNIT ( $, .STERADIAN. ) SOLID_ANGLE_UNIT ( ) );
#1011 = FILL_AREA_STYLE ('',( #7537 ) ) ;
#1012 = LINE ( 'NONE', #4855, #799 ) ;
#1013 = ORIENTED_EDGE ( 'NONE', *, *, #3096, .F. ) ;
#1014 = PRESENTATION_LAYER_ASSIGNMENT (  '', '', ( #2344 ) ) ;
#1015 = CARTESIAN_POINT ( 'NONE',  ( -6.911675780212115150, 1.108484510144027713, 0.0000000000000000000 ) ) ;
#1016 = ORIENTED_EDGE ( 'NONE', *, *, #4415, .T. ) ;
#1017 = ADVANCED_FACE ( 'NONE', ( #668 ), #7977, .F. ) ;
#1018 = PLANE ( 'NONE',  #1359 ) ;
#1019 = LINE ( 'NONE', #6133, #4683 ) ;
#1020 = PRESENTATION_LAYER_ASSIGNMENT (  '', '', ( #4283 ) ) ;
#1021 = SURFACE_STYLE_USAGE ( .BOTH. , #4777 ) ;
#1022 = DIRECTION ( 'NONE',  ( 0.0000000000000000000, 0.0000000000000000000, 1.000000000000000000 ) ) ;
#1023 = VERTEX_POINT ( 'NONE', #245 ) ;
#1024 = ORIENTED_EDGE ( 'NONE', *, *, #1056, .F. ) ;
#1025 = CARTESIAN_POINT ( 'NONE',  ( -5.671109727513904630, -4.103475899587710529, 0.0000000000000000000 ) ) ;
#1026 = ORIENTED_EDGE ( 'NONE', *, *, #709, .F. ) ;
#1027 = ADVANCED_FACE ( 'NONE', ( #6804 ), #2908, .T. ) ;
#1028 = DIRECTION ( 'NONE',  ( 0.0000000000000000000, 0.0000000000000000000, 1.000000000000000000 ) ) ;
#1029 = LINE ( 'NONE', #2323, #2754 ) ;
#1030 = AXIS2_PLACEMENT_3D ( 'NONE', #2574, #5300, #5213 ) ;
#1031 = ORIENTED_EDGE ( 'NONE', *, *, #6604, .F. ) ;
#1032 = ADVANCED_FACE ( 'NONE', ( #1586 ), #8137, .F. ) ;
#1033 = CARTESIAN_POINT ( 'NONE',  ( 0.0000000000000000000, 0.0000000000000000000, 0.5000000000000000000 ) ) ;
#1034 = COLOUR_RGB ( '',0.5607843137254902022, 0.5607843137254902022, 0.5607843137254902022 ) ;
#1035 = AXIS2_PLACEMENT_3D ( 'NONE', #7306, #2735, #7872 ) ;
#1036 = DIRECTION ( 'NONE',  ( 0.0000000000000000000, 0.0000000000000000000, 1.000000000000000000 ) ) ;
#1037 =( LENGTH_UNIT ( ) NAMED_UNIT ( * ) SI_UNIT ( .MILLI., .METRE. ) );
#1038 = FILL_AREA_STYLE_COLOUR ( '', #906 ) ;
#1039 = LINE ( 'NONE', #7649, #163 ) ;
#1040 = VECTOR ( 'NONE', #500, 1000.000000000000000 ) ;
#1041 = PRESENTATION_STYLE_ASSIGNMENT (( #4439 ) ) ;
#1042 = AXIS2_PLACEMENT_3D ( 'NONE', #8251, #2331, #4956 ) ;
#1043 = ORIENTED_EDGE ( 'NONE', *, *, #2022, .T. ) ;
#1044 = VERTEX_POINT ( 'NONE', #4815 ) ;
#1045 = DIRECTION ( 'NONE',  ( -0.8944271909999159664, -0.4472135954999579832, 0.0000000000000000000 ) ) ;
#1046 = CIRCLE ( 'NONE', #2508, 7.000000000000000000 ) ;
#1047 =( NAMED_UNIT ( * ) PLANE_ANGLE_UNIT ( ) SI_UNIT ( $, .RADIAN. ) );
#1048 = SURFACE_STYLE_USAGE ( .BOTH. , #6928 ) ;
#1049 =( NAMED_UNIT ( * ) SI_UNIT ( $, .STERADIAN. ) SOLID_ANGLE_UNIT ( ) );
#1050 = LINE ( 'NONE', #3567, #8203 ) ;
#1051 = EDGE_CURVE ( 'NONE', #2474, #4744, #1626, .T. ) ;
#1052 = ORIENTED_EDGE ( 'NONE', *, *, #5041, .F. ) ;
#1053 = CYLINDRICAL_SURFACE ( 'NONE', #663, 1.000000000000000444 ) ;
#1054 = LINE ( 'NONE', #3004, #2614 ) ;
#1055 = DIRECTION ( 'NONE',  ( 1.000000000000000000, 0.0000000000000000000, 0.0000000000000000000 ) ) ;
#1056 = EDGE_CURVE ( 'NONE', #7759, #1496, #4242, .T. ) ;
#1057 =( NAMED_UNIT ( * ) PLANE_ANGLE_UNIT ( ) SI_UNIT ( $, .RADIAN. ) );
#1058 = ADVANCED_FACE ( 'NONE', ( #8093 ), #3480, .F. ) ;
#1059 = EDGE_LOOP ( 'NONE', ( #2123, #6943, #2100, #5360 ) ) ;
#1060 = PRESENTATION_LAYER_ASSIGNMENT (  '', '', ( #8190 ) ) ;
#1061 = ORIENTED_EDGE ( 'NONE', *, *, #8091, .T. ) ;
#1062 = VERTEX_POINT ( 'NONE', #2460 ) ;
#1063 = DIRECTION ( 'NONE',  ( 0.4761606815806371240, 0.8793582917768292262, -0.0000000000000000000 ) ) ;
#1064 = FACE_BOUND ( 'NONE', #6859, .T. ) ;
#1065 = MECHANICAL_DESIGN_GEOMETRIC_PRESENTATION_REPRESENTATION (  '', ( #3515 ), #8196 ) ;
#1066 = ADVANCED_FACE ( 'NONE', ( #5668 ), #5004, .T. ) ;
#1067 = CIRCLE ( 'NONE', #6668, 7.000000000000000000 ) ;
#1068 = FILL_AREA_STYLE ('',( #6252 ) ) ;
#1069 = LINE ( 'NONE', #3018, #6569 ) ;
#1070 = EDGE_CURVE ( 'NONE', #6724, #3367, #3676, .T. ) ;
#1071 = EDGE_LOOP ( 'NONE', ( #7832, #3648, #4520, #2832 ) ) ;
#1072 = VECTOR ( 'NONE', #4937, 1000.000000000000000 ) ;
#1073 =( GEOMETRIC_REPRESENTATION_CONTEXT ( 3 ) GLOBAL_UNCERTAINTY_ASSIGNED_CONTEXT ( ( #6066 ) ) GLOBAL_UNIT_ASSIGNED_CONTEXT ( ( #2382, #3124, #1742 ) ) REPRESENTATION_CONTEXT ( 'NONE', 'WORKASPACE' ) );
#1074 = CARTESIAN_POINT ( 'NONE',  ( 4.900000000000000355, -0.7500000000000000000, 2.200000000000000178 ) ) ;
#1075 = UNCERTAINTY_MEASURE_WITH_UNIT (LENGTH_MEASURE( 1.000000000000000082E-05 ), #2236, 'distance_accuracy_value', 'NONE');
#1076 = LINE ( 'NONE', #427, #2530 ) ;
#1077 = EDGE_CURVE ( 'NONE', #6921, #1916, #481, .T. ) ;
#1078 = CARTESIAN_POINT ( 'NONE',  ( -2.799999999999999822, 0.0000000000000000000, 1.199999999999999956 ) ) ;
#1079 = DIRECTION ( 'NONE',  ( 0.0000000000000000000, -1.000000000000000000, 0.0000000000000000000 ) ) ;
#1080 = VECTOR ( 'NONE', #576, 1000.000000000000114 ) ;
#1081 = DIRECTION ( 'NONE',  ( -0.0000000000000000000, -0.0000000000000000000, -1.000000000000000000 ) ) ;
#1082 = COLOUR_RGB ( '',0.0000000000000000000, 0.0000000000000000000, 0.0000000000000000000 ) ;
#1083 = DIRECTION ( 'NONE',  ( 0.0000000000000000000, 0.0000000000000000000, 1.000000000000000000 ) ) ;
#1084 = EDGE_CURVE ( 'NONE', #7676, #4760, #4409, .T. ) ;
#1085 = CARTESIAN_POINT ( 'NONE',  ( -5.671109727513901966, -4.103475899587714082, 1.000000000000000000 ) ) ;
#1086 = DIRECTION ( 'NONE',  ( -0.0000000000000000000, -0.0000000000000000000, -1.000000000000000000 ) ) ;
#1087 = EDGE_LOOP ( 'NONE', ( #2268, #5953, #6076, #3658 ) ) ;
#1088 = ORIENTED_EDGE ( 'NONE', *, *, #7066, .F. ) ;
#1089 = DIRECTION ( 'NONE',  ( 1.000000000000000000, 0.0000000000000000000, -0.0000000000000000000 ) ) ;
#1090 = CARTESIAN_POINT ( 'NONE',  ( 3.611206514627411046, -5.404552479966548084, 0.0000000000000000000 ) ) ;
#1091 = EDGE_CURVE ( 'NONE', #1984, #3911, #4493, .T. ) ;
#1092 = VECTOR ( 'NONE', #3868, 1000.000000000000227 ) ;
#1093 = VECTOR ( 'NONE', #6070, 1000.000000000000000 ) ;
#1094 = ORIENTED_EDGE ( 'NONE', *, *, #2129, .T. ) ;
#1095 =( NAMED_UNIT ( * ) PLANE_ANGLE_UNIT ( ) SI_UNIT ( $, .RADIAN. ) );
#1096 = MECHANICAL_DESIGN_GEOMETRIC_PRESENTATION_REPRESENTATION (  '', ( #6417 ), #145 ) ;
#1097 = VECTOR ( 'NONE', #7816, 1000.000000000000114 ) ;
#1098 = SURFACE_SIDE_STYLE ('',( #5676 ) ) ;
#1099 = LINE ( 'NONE', #3725, #6734 ) ;
#1100 = ORIENTED_EDGE ( 'NONE', *, *, #1084, .T. ) ;
#1101 = VECTOR ( 'NONE', #6488, 1000.000000000000000 ) ;
#1102 = ORIENTED_EDGE ( 'NONE', *, *, #1761, .T. ) ;
#1103 = CARTESIAN_POINT ( 'NONE',  ( 5.404552479966539202, 3.611206514627410602, 0.0000000000000000000 ) ) ;
#1104 = ORIENTED_EDGE ( 'NONE', *, *, #2198, .F. ) ;
#1105 = UNCERTAINTY_MEASURE_WITH_UNIT (LENGTH_MEASURE( 1.000000000000000082E-05 ), #7332, 'distance_accuracy_value', 'NONE');
#1106 = ADVANCED_FACE ( 'NONE', ( #5047 ), #7781, .T. ) ;
#1107 = FILL_AREA_STYLE_COLOUR ( '', #7481 ) ;
#1108 = FILL_AREA_STYLE ('',( #376 ) ) ;
#1109 = CIRCLE ( 'NONE', #155, 0.5000000000000000000 ) ;
#1110 = VECTOR ( 'NONE', #6486, 1000.000000000000000 ) ;
#1111 = DIRECTION ( 'NONE',  ( -7.108546341524449421E-16, 1.000000000000000000, -0.0000000000000000000 ) ) ;
#1112 =( LENGTH_UNIT ( ) NAMED_UNIT ( * ) SI_UNIT ( .MILLI., .METRE. ) );
#1113 = ORIENTED_EDGE ( 'NONE', *, *, #3703, .T. ) ;
#1114 = AXIS2_PLACEMENT_3D ( 'NONE', #7975, #925, #3342 ) ;
#1115 = AXIS2_PLACEMENT_3D ( 'NONE', #5615, #8318, #1731 ) ;
#1116 = FILL_AREA_STYLE_COLOUR ( '', #2557 ) ;
#1117 = EDGE_CURVE ( 'NONE', #487, #4193, #4965, .T. ) ;
#1118 = COLOUR_RGB ( '',0.1529411764705882470, 0.1529411764705882470, 0.1529411764705882470 ) ;
#1119 = DIRECTION ( 'NONE',  ( 0.0000000000000000000, -0.0000000000000000000, -1.000000000000000000 ) ) ;
#1120 = LINE ( 'NONE', #1577, #6286 ) ;
#1121 = MECHANICAL_DESIGN_GEOMETRIC_PRESENTATION_REPRESENTATION (  '', ( #1907 ), #6735 ) ;
#1122 = CARTESIAN_POINT ( 'NONE',  ( 0.0000000000000000000, 0.0000000000000000000, 1.000000000000000000 ) ) ;
#1123 = CARTESIAN_POINT ( 'NONE',  ( 0.0000000000000000000, 0.0000000000000000000, 0.0000000000000000000 ) ) ;
#1124 =( LENGTH_UNIT ( ) NAMED_UNIT ( * ) SI_UNIT ( .MILLI., .METRE. ) );
#1125 = ORIENTED_EDGE ( 'NONE', *, *, #1077, .F. ) ;
#1126 = DIRECTION ( 'NONE',  ( 0.0000000000000000000, 1.000000000000000000, 0.0000000000000000000 ) ) ;
#1127 = ORIENTED_EDGE ( 'NONE', *, *, #3600, .F. ) ;
#1128 = EDGE_CURVE ( 'NONE', #6932, #2351, #1818, .T. ) ;
#1129 = CARTESIAN_POINT ( 'NONE',  ( -1.682546017330829936E-16, -5.495612346359449951, 2.200000000000000178 ) ) ;
#1130 = FILL_AREA_STYLE ('',( #3752 ) ) ;
#1131 = CARTESIAN_POINT ( 'NONE',  ( -4.900000000000000355, 3.000000000000000444, 1.500000000000000222 ) ) ;
#1132 = CARTESIAN_POINT ( 'NONE',  ( 1.268087093104830032, -6.375104322620999575, -7.000000000000000000 ) ) ;
#1133 = ORIENTED_EDGE ( 'NONE', *, *, #4252, .F. ) ;
#1134 = CARTESIAN_POINT ( 'NONE',  ( 0.0000000000000000000, 0.0000000000000000000, 1.000000000000000000 ) ) ;
#1135 = ORIENTED_EDGE ( 'NONE', *, *, #4210, .T. ) ;
#1136 = ADVANCED_FACE ( 'NONE', ( #1703 ), #6963, .T. ) ;
#1137 = CIRCLE ( 'NONE', #3032, 0.5000000000000004441 ) ;
#1138 = PLANE ( 'NONE',  #6899 ) ;
#1139 =( NAMED_UNIT ( * ) SI_UNIT ( $, .STERADIAN. ) SOLID_ANGLE_UNIT ( ) );
#1140 = LINE ( 'NONE', #6898, #3012 ) ;
#1141 = VECTOR ( 'NONE', #569, 1000.000000000000000 ) ;
#1142 = ORIENTED_EDGE ( 'NONE', *, *, #3453, .F. ) ;
#1143 = VERTEX_POINT ( 'NONE', #1168 ) ;
#1144 = CARTESIAN_POINT ( 'NONE',  ( 5.121870354138169823, 4.771419503187761535, 0.0000000000000000000 ) ) ;
#1145 = EDGE_LOOP ( 'NONE', ( #4037, #714, #2102, #5075 ) ) ;
#1146 = VECTOR ( 'NONE', #8167, 1000.000000000000000 ) ;
#1147 = CARTESIAN_POINT ( 'NONE',  ( -1.060660171779820082, 1.767766952966369987, 0.0000000000000000000 ) ) ;
#1148 = CARTESIAN_POINT ( 'NONE',  ( 6.911675780212109821, 1.108484510144030599, -7.000000000000000000 ) ) ;
#1149 = CARTESIAN_POINT ( 'NONE',  ( 5.200000000000001066, -6.995612346359449951, 1.500000000000000000 ) ) ;
#1150 = EDGE_CURVE ( 'NONE', #5159, #7189, #6381, .T. ) ;
#1151 = VERTEX_POINT ( 'NONE', #1450 ) ;
#1152 = LINE ( 'NONE', #1190, #6662 ) ;
#1153 = CARTESIAN_POINT ( 'NONE',  ( -1.268087093104840024, -6.375104322620999575, 1.000000000000003553 ) ) ;
#1154 = UNCERTAINTY_MEASURE_WITH_UNIT (LENGTH_MEASURE( 1.000000000000000082E-05 ), #4603, 'distance_accuracy_value', 'NONE');
#1155 =( GEOMETRIC_REPRESENTATION_CONTEXT ( 3 ) GLOBAL_UNCERTAINTY_ASSIGNED_CONTEXT ( ( #4345 ) ) GLOBAL_UNIT_ASSIGNED_CONTEXT ( ( #571, #2381, #3718 ) ) REPRESENTATION_CONTEXT ( 'NONE', 'WORKASPACE' ) );
#1156 = CARTESIAN_POINT ( 'NONE',  ( 5.150000000000000355, -0.5000000000000000000, 2.200000000000000178 ) ) ;
#1157 = CARTESIAN_POINT ( 'NONE',  ( -1.199999999999999956, -7.445612346359450129, 2.200000000000000178 ) ) ;
#1158 = CARTESIAN_POINT ( 'NONE',  ( 0.0000000000000000000, 0.0000000000000000000, 1.000000000000000000 ) ) ;
#1159 = PLANE ( 'NONE',  #6303 ) ;
#1160 = CARTESIAN_POINT ( 'NONE',  ( -0.2000000000000000111, -4.645612346359450306, 0.0000000000000000000 ) ) ;
#1161 = ADVANCED_FACE ( 'NONE', ( #7961 ), #2601, .T. ) ;
#1162 = ORIENTED_EDGE ( 'NONE', *, *, #7836, .T. ) ;
#1163 =( GEOMETRIC_REPRESENTATION_CONTEXT ( 3 ) GLOBAL_UNCERTAINTY_ASSIGNED_CONTEXT ( ( #5726 ) ) GLOBAL_UNIT_ASSIGNED_CONTEXT ( ( #6178, #3053, #2930 ) ) REPRESENTATION_CONTEXT ( 'NONE', 'WORKASPACE' ) );
#1164 = CARTESIAN_POINT ( 'NONE',  ( 0.0000000000000000000, 0.0000000000000000000, 1.500000000000000000 ) ) ;
#1165 = EDGE_LOOP ( 'NONE', ( #52, #7530, #2072, #8017 ) ) ;
#1166 = CARTESIAN_POINT ( 'NONE',  ( -3.611206514627410158, 5.404552479966540091, 0.0000000000000000000 ) ) ;
#1167 =( LENGTH_UNIT ( ) NAMED_UNIT ( * ) SI_UNIT ( .MILLI., .METRE. ) );
#1168 = CARTESIAN_POINT ( 'NONE',  ( -3.611206514627410602, 5.404552479966540979, 1.156482317317871331E-15 ) ) ;
#1169 = DIRECTION ( 'NONE',  ( 1.000000000000000000, 0.0000000000000000000, 0.0000000000000000000 ) ) ;
#1170 =( GEOMETRIC_REPRESENTATION_CONTEXT ( 3 ) GLOBAL_UNCERTAINTY_ASSIGNED_CONTEXT ( ( #1186 ) ) GLOBAL_UNIT_ASSIGNED_CONTEXT ( ( #7127, #5191, #3125 ) ) REPRESENTATION_CONTEXT ( 'NONE', 'WORKASPACE' ) );
#1171 = PRESENTATION_STYLE_ASSIGNMENT (( #8419 ) ) ;
#1172 = VECTOR ( 'NONE', #6294, 1000.000000000000000 ) ;
#1173 = EDGE_LOOP ( 'NONE', ( #4566, #7438, #6512, #989 ) ) ;
#1174 = FACE_OUTER_BOUND ( 'NONE', #1551, .T. ) ;
#1175 = ORIENTED_EDGE ( 'NONE', *, *, #4884, .F. ) ;
#1176 = CARTESIAN_POINT ( 'NONE',  ( 0.0000000000000000000, 0.0000000000000000000, 0.0000000000000000000 ) ) ;
#1177 = DIRECTION ( 'NONE',  ( -0.0000000000000000000, -1.000000000000000000, -0.0000000000000000000 ) ) ;
#1178 = ADVANCED_FACE ( 'NONE', ( #3925 ), #2544, .F. ) ;
#1179 = DIRECTION ( 'NONE',  ( 0.0000000000000000000, -1.000000000000000000, -0.0000000000000000000 ) ) ;
#1180 = CARTESIAN_POINT ( 'NONE',  ( -3.344721416490890054, 6.722902501245860307, -7.000000000000000000 ) ) ;
#1181 = EDGE_CURVE ( 'NONE', #1916, #4979, #7726, .T. ) ;
#1182 = ORIENTED_EDGE ( 'NONE', *, *, #5430, .T. ) ;
#1183 = ORIENTED_EDGE ( 'NONE', *, *, #5041, .T. ) ;
#1184 = DIRECTION ( 'NONE',  ( 0.0000000000000000000, 0.0000000000000000000, 1.000000000000000000 ) ) ;
#1185 = ORIENTED_EDGE ( 'NONE', *, *, #4116, .T. ) ;
#1186 = UNCERTAINTY_MEASURE_WITH_UNIT (LENGTH_MEASURE( 1.000000000000000082E-05 ), #7127, 'distance_accuracy_value', 'NONE');
#1187 = DIRECTION ( 'NONE',  ( 0.0000000000000000000, 0.0000000000000000000, 1.000000000000000000 ) ) ;
#1188 = PLANE ( 'NONE',  #5978 ) ;
#1189 = DIRECTION ( 'NONE',  ( -0.0000000000000000000, -0.0000000000000000000, -1.000000000000000000 ) ) ;
#1190 = CARTESIAN_POINT ( 'NONE',  ( -2.458044324604629516, 6.554236652599520596, -7.000000000000000000 ) ) ;
#1191 = ORIENTED_EDGE ( 'NONE', *, *, #3231, .T. ) ;
#1192 = DIRECTION ( 'NONE',  ( 0.0000000000000000000, 0.0000000000000000000, 1.000000000000000000 ) ) ;
#1193 = AXIS2_PLACEMENT_3D ( 'NONE', #3219, #1875, #8481 ) ;
#1194 = DIRECTION ( 'NONE',  ( 0.0000000000000000000, 0.0000000000000000000, 1.000000000000000000 ) ) ;
#1195 = CARTESIAN_POINT ( 'NONE',  ( -6.005216961323360358, -2.487442310373079835, -7.000000000000000000 ) ) ;
#1196 = CARTESIAN_POINT ( 'NONE',  ( -5.947380195468819686, -3.691702698016903650, 1.000000000000000000 ) ) ;
#1197 = CIRCLE ( 'NONE', #7527, 7.000000000000000000 ) ;
#1198 = CIRCLE ( 'NONE', #4752, 0.5999999999999998668 ) ;
#1199 = ORIENTED_EDGE ( 'NONE', *, *, #5447, .T. ) ;
#1200 = CARTESIAN_POINT ( 'NONE',  ( 0.0000000000000000000, 0.0000000000000000000, 0.2500000000000000000 ) ) ;
#1201 = ORIENTED_EDGE ( 'NONE', *, *, #6554, .F. ) ;
#1202 = LINE ( 'NONE', #4536, #4508 ) ;
#1203 = VECTOR ( 'NONE', #7217, 1000.000000000000114 ) ;
#1204 = FILL_AREA_STYLE ('',( #7740 ) ) ;
#1205 = ADVANCED_FACE ( 'NONE', ( #7170 ), #6645, .T. ) ;
#1206 = DIRECTION ( 'NONE',  ( -0.0000000000000000000, -0.0000000000000000000, -1.000000000000000000 ) ) ;
#1207 = PRESENTATION_LAYER_ASSIGNMENT (  '', '', ( #5316 ) ) ;
#1208 = EDGE_CURVE ( 'NONE', #5240, #7377, #3993, .T. ) ;
#1209 = DIRECTION ( 'NONE',  ( 0.3162277660168379967, -0.9486832980505138790, 0.0000000000000000000 ) ) ;
#1210 = DIRECTION ( 'NONE',  ( -4.934324553889580036E-17, 1.973729821555830042E-16, 1.000000000000000000 ) ) ;
#1211 = FILL_AREA_STYLE ('',( #3981 ) ) ;
#1212 = ORIENTED_EDGE ( 'NONE', *, *, #3642, .F. ) ;
#1213 = LINE ( 'NONE', #1993, #1203 ) ;
#1214 = VERTEX_POINT ( 'NONE', #3884 ) ;
#1215 = CARTESIAN_POINT ( 'NONE',  ( 0.0000000000000000000, 0.0000000000000000000, 1.000000000000000000 ) ) ;
#1216 = ADVANCED_FACE ( 'NONE', ( #5569 ), #352, .F. ) ;
#1217 = DIRECTION ( 'NONE',  ( -0.0000000000000000000, -0.0000000000000000000, 1.000000000000000000 ) ) ;
#1218 = COLOUR_RGB ( '',0.0000000000000000000, 0.0000000000000000000, 0.0000000000000000000 ) ;
#1219 = FILL_AREA_STYLE ('',( #7629 ) ) ;
#1220 = ORIENTED_EDGE ( 'NONE', *, *, #348, .F. ) ;
#1221 = ORIENTED_EDGE ( 'NONE', *, *, #203, .F. ) ;
#1222 = AXIS2_PLACEMENT_3D ( 'NONE', #6167, #295, #6591 ) ;
#1223 = CARTESIAN_POINT ( 'NONE',  ( -4.500000000000000888, -7.445612346359450129, 1.199999999999999956 ) ) ;
#1224 = ORIENTED_EDGE ( 'NONE', *, *, #2271, .F. ) ;
#1225 = COLOUR_RGB ( '',0.5607843137254902022, 0.5607843137254902022, 0.5607843137254902022 ) ;
#1227 = EDGE_CURVE ( 'NONE', #1151, #4441, #3722, .T. ) ;
#1226 = DIRECTION ( 'NONE',  ( 0.0000000000000000000, 0.0000000000000000000, 1.000000000000000000 ) ) ;
#1228 = DIRECTION ( 'NONE',  ( 1.000000000000000000, 0.0000000000000000000, 0.0000000000000000000 ) ) ;
#1229 = DIRECTION ( 'NONE',  ( 0.0000000000000000000, 0.0000000000000000000, 1.000000000000000000 ) ) ;
#1230 = AXIS2_PLACEMENT_3D ( 'NONE', #6232, #396, #8255 ) ;
#1231 = STYLED_ITEM ( 'NONE', ( #3057 ), #6748 ) ;
#1232 = DIRECTION ( 'NONE',  ( -0.9891830423698443342, -0.1466864298015965740, 0.0000000000000000000 ) ) ;
#1233 = SURFACE_SIDE_STYLE ('',( #2482 ) ) ;
#1234 = ORIENTED_EDGE ( 'NONE', *, *, #6413, .F. ) ;
#1235 = ORIENTED_EDGE ( 'NONE', *, *, #327, .T. ) ;
#1236 = DIRECTION ( 'NONE',  ( 0.4472135954999468255, -0.8944271909999214065, 0.0000000000000000000 ) ) ;
#1237 = ORIENTED_EDGE ( 'NONE', *, *, #8018, .T. ) ;
#1238 = DIRECTION ( 'NONE',  ( 1.000000000000000000, -2.930988785010413267E-14, 0.0000000000000000000 ) ) ;
#1239 = UNCERTAINTY_MEASURE_WITH_UNIT (LENGTH_MEASURE( 1.000000000000000082E-05 ), #2515, 'distance_accuracy_value', 'NONE');
#1240 = CIRCLE ( 'NONE', #4379, 0.5000000000000004441 ) ;
#1242 = EDGE_CURVE ( 'NONE', #6375, #7595, #2116, .T. ) ;
#1241 = DIRECTION ( 'NONE',  ( 1.000000000000000000, 0.0000000000000000000, 0.0000000000000000000 ) ) ;
#1243 = DIRECTION ( 'NONE',  ( -0.0000000000000000000, -0.0000000000000000000, -1.000000000000000000 ) ) ;
#1244 = PRESENTATION_LAYER_ASSIGNMENT (  '', '', ( #1382 ) ) ;
#1245 = AXIS2_PLACEMENT_3D ( 'NONE', #1656, #5698, #6994 ) ;
#1246 = FILL_AREA_STYLE ('',( #2007 ) ) ;
#1247 = ORIENTED_EDGE ( 'NONE', *, *, #7205, .T. ) ;
#1248 = VERTEX_POINT ( 'NONE', #5405 ) ;
#1249 = UNCERTAINTY_MEASURE_WITH_UNIT (LENGTH_MEASURE( 1.000000000000000082E-05 ), #797, 'distance_accuracy_value', 'NONE');
#1250 = SURFACE_STYLE_USAGE ( .BOTH. , #4580 ) ;
#1251 = CIRCLE ( 'NONE', #4811, 0.5999999999999998668 ) ;
#1252 = CARTESIAN_POINT ( 'NONE',  ( -6.510492742431059909, 3.775206928833970021, -7.000000000000000000 ) ) ;
#1253 = STYLED_ITEM ( 'NONE', ( #7741 ), #8456 ) ;
#1254 = DIRECTION ( 'NONE',  ( 0.3162277660168379967, -0.9486832980505138790, -0.0000000000000000000 ) ) ;
#1255 = DIRECTION ( 'NONE',  ( -0.9584966580880915910, 0.2851037643279368261, 0.0000000000000000000 ) ) ;
#1256 =( NAMED_UNIT ( * ) PLANE_ANGLE_UNIT ( ) SI_UNIT ( $, .RADIAN. ) );
#1257 = ORIENTED_EDGE ( 'NONE', *, *, #8150, .T. ) ;
#1258 = EDGE_CURVE ( 'NONE', #6977, #3996, #8207, .T. ) ;
#1259 = ORIENTED_EDGE ( 'NONE', *, *, #4922, .F. ) ;
#1260 = LINE ( 'NONE', #6525, #4928 ) ;
#1261 = COLOUR_RGB ( '',0.5607843137254902022, 0.5607843137254902022, 0.5607843137254902022 ) ;
#1262 = CARTESIAN_POINT ( 'NONE',  ( -4.440892098500630106E-16, -7.445612346359440359, 4.200000000000000178 ) ) ;
#1263 = CARTESIAN_POINT ( 'NONE',  ( -5.200000000000001066, 3.000000000000000444, 1.500000000000000222 ) ) ;
#1264 = FACE_OUTER_BOUND ( 'NONE', #2692, .T. ) ;
#1265 = CYLINDRICAL_SURFACE ( 'NONE', #5778, 7.000000000000000000 ) ;
#1266 = DIRECTION ( 'NONE',  ( -0.0000000000000000000, -0.0000000000000000000, 1.000000000000000000 ) ) ;
#1267 = ORIENTED_EDGE ( 'NONE', *, *, #4264, .F. ) ;
#1268 = EDGE_LOOP ( 'NONE', ( #3094, #2885, #3639, #2718 ) ) ;
#1269 = EDGE_CURVE ( 'NONE', #5077, #4044, #6097, .T. ) ;
#1270 = PRESENTATION_LAYER_ASSIGNMENT (  '', '', ( #4135 ) ) ;
#1271 =( NAMED_UNIT ( * ) SI_UNIT ( $, .STERADIAN. ) SOLID_ANGLE_UNIT ( ) );
#1272 = EDGE_LOOP ( 'NONE', ( #5331, #540, #3823, #3815 ) ) ;
#1273 = UNCERTAINTY_MEASURE_WITH_UNIT (LENGTH_MEASURE( 1.000000000000000082E-05 ), #3842, 'distance_accuracy_value', 'NONE');
#1274 = CARTESIAN_POINT ( 'NONE',  ( 0.0000000000000000000, 0.0000000000000000000, 0.0000000000000000000 ) ) ;
#1275 = CARTESIAN_POINT ( 'NONE',  ( -1.682546017330829936E-16, -5.495612346359449951, 1.199999999999999956 ) ) ;
#1276 = PRESENTATION_LAYER_ASSIGNMENT (  '', '', ( #5797 ) ) ;
#1277 = CYLINDRICAL_SURFACE ( 'NONE', #2573, 7.000000000000000000 ) ;
#1278 = FILL_AREA_STYLE ('',( #8400 ) ) ;
#1279 = EDGE_LOOP ( 'NONE', ( #110, #8178, #7494, #1973 ) ) ;
#1280 = EDGE_LOOP ( 'NONE', ( #2865, #277, #6335, #2676 ) ) ;
#1281 = EDGE_CURVE ( 'NONE', #1321, #366, #5252, .T. ) ;
#1282 = CARTESIAN_POINT ( 'NONE',  ( 5.450000000000000178, 0.0000000000000000000, 1.699999999999999956 ) ) ;
#1283 = ORIENTED_EDGE ( 'NONE', *, *, #7309, .T. ) ;
#1284 = MECHANICAL_DESIGN_GEOMETRIC_PRESENTATION_REPRESENTATION (  '', ( #7026 ), #454 ) ;
#1285 = LINE ( 'NONE', #5164, #7399 ) ;
#1286 = CARTESIAN_POINT ( 'NONE',  ( 2.487442310373082055, 6.005216961323359470, 0.0000000000000000000 ) ) ;
#1287 = CARTESIAN_POINT ( 'NONE',  ( 3.459999999999999964, -7.445612346359445688, 4.200000000000000178 ) ) ;
#1288 = CARTESIAN_POINT ( 'NONE',  ( -3.252606517456513302E-16, 6.500000000000000888, -7.000000000000000000 ) ) ;
#1289 = CARTESIAN_POINT ( 'NONE',  ( 0.0000000000000000000, 0.0000000000000000000, 0.0000000000000000000 ) ) ;
#1290 = EDGE_CURVE ( 'NONE', #7151, #7042, #4153, .T. ) ;
#1291 = COLOUR_RGB ( '',0.1529411764705882470, 0.1529411764705882470, 0.1529411764705882470 ) ;
#1292 = ORIENTED_EDGE ( 'NONE', *, *, #4282, .T. ) ;
#1293 = COLOUR_RGB ( '',0.5607843137254902022, 0.5607843137254902022, 0.5607843137254902022 ) ;
#1294 = CARTESIAN_POINT ( 'NONE',  ( 1.199999999999999734, -6.995612346359449951, 1.500000000000000000 ) ) ;
#1295 = LINE ( 'NONE', #567, #7568 ) ;
#1296 = DIRECTION ( 'NONE',  ( 1.000000000000000000, 0.0000000000000000000, 0.0000000000000000000 ) ) ;
#1297 = DIRECTION ( 'NONE',  ( 0.0000000000000000000, 0.0000000000000000000, 1.000000000000000000 ) ) ;
#1298 = CARTESIAN_POINT ( 'NONE',  ( -2.906047995630973713, -6.368271747270934924, 1.000000000000000000 ) ) ;
#1299 = LINE ( 'NONE', #3890, #6390 ) ;
#1300 =( GEOMETRIC_REPRESENTATION_CONTEXT ( 3 ) GLOBAL_UNCERTAINTY_ASSIGNED_CONTEXT ( ( #4424 ) ) GLOBAL_UNIT_ASSIGNED_CONTEXT ( ( #6805, #2995, #2953 ) ) REPRESENTATION_CONTEXT ( 'NONE', 'WORKASPACE' ) );
#1301 = ORIENTED_EDGE ( 'NONE', *, *, #1056, .T. ) ;
#1302 = CARTESIAN_POINT ( 'NONE',  ( -0.2588190451025190186, 0.9659258262890699775, 0.5000000000000000000 ) ) ;
#1303 = EDGE_LOOP ( 'NONE', ( #1133, #4649, #8100, #6900 ) ) ;
#1304 = AXIS2_PLACEMENT_3D ( 'NONE', #2868, #4069, #3379 ) ;
#1305 = SURFACE_STYLE_USAGE ( .BOTH. , #8471 ) ;
#1306 = DIRECTION ( 'NONE',  ( 0.0000000000000000000, 0.0000000000000000000, -1.000000000000000000 ) ) ;
#1307 = CARTESIAN_POINT ( 'NONE',  ( -4.900000000000000355, 3.000000000000000000, 1.500000000000000000 ) ) ;
#1308 = LINE ( 'NONE', #33, #5923 ) ;
#1309 = CARTESIAN_POINT ( 'NONE',  ( 0.0000000000000000000, 0.0000000000000000000, 0.0000000000000000000 ) ) ;
#1310 = VERTEX_POINT ( 'NONE', #5534 ) ;
#1311 = ORIENTED_EDGE ( 'NONE', *, *, #65, .T. ) ;
#1312 = STYLED_ITEM ( 'NONE', ( #735 ), #2358 ) ;
#1313 = ORIENTED_EDGE ( 'NONE', *, *, #1533, .F. ) ;
#1314 = DIRECTION ( 'NONE',  ( -0.0000000000000000000, -0.0000000000000000000, -1.000000000000000000 ) ) ;
#1315 =( NAMED_UNIT ( * ) SI_UNIT ( $, .STERADIAN. ) SOLID_ANGLE_UNIT ( ) );
#1316 = EDGE_CURVE ( 'NONE', #2986, #7754, #8085, .T. ) ;
#1317 = CARTESIAN_POINT ( 'NONE',  ( -5.200000000000001066, -0.5000000000000000000, 2.700000000000000178 ) ) ;
#1318 = CARTESIAN_POINT ( 'NONE',  ( -2.799999999999999822, -7.445612346359450129, 2.200000000000000178 ) ) ;
#1319 = CARTESIAN_POINT ( 'NONE',  ( 1.972674710602900117, -7.243180522771879737, 1.000000000000003553 ) ) ;
#1320 = ORIENTED_EDGE ( 'NONE', *, *, #329, .T. ) ;
#1321 = VERTEX_POINT ( 'NONE', #5451 ) ;
#1322 = DIRECTION ( 'NONE',  ( 0.6302023235321203565, 0.7764309572748351318, 0.0000000000000000000 ) ) ;
#1323 = ORIENTED_EDGE ( 'NONE', *, *, #1405, .F. ) ;
#1324 = CARTESIAN_POINT ( 'NONE',  ( 4.103475899587705200, -5.671109727513907295, 0.0000000000000000000 ) ) ;
#1325 = SURFACE_STYLE_FILL_AREA ( #3 ) ;
#1326 = FILL_AREA_STYLE ('',( #1943 ) ) ;
#1327 = ORIENTED_EDGE ( 'NONE', *, *, #2250, .T. ) ;
#1328 = COLOUR_RGB ( '',0.0000000000000000000, 0.0000000000000000000, 0.0000000000000000000 ) ;
#1329 = DIRECTION ( 'NONE',  ( -0.0000000000000000000, -0.0000000000000000000, 1.000000000000000000 ) ) ;
#1330 = UNCERTAINTY_MEASURE_WITH_UNIT (LENGTH_MEASURE( 1.000000000000000082E-05 ), #4675, 'distance_accuracy_value', 'NONE');
#1331 = CYLINDRICAL_SURFACE ( 'NONE', #5708, 7.000000000000000000 ) ;
#1332 = FACE_OUTER_BOUND ( 'NONE', #2098, .T. ) ;
#1333 = ADVANCED_FACE ( 'NONE', ( #4916 ), #2162, .T. ) ;
#1334 = AXIS2_PLACEMENT_3D ( 'NONE', #630, #6661, #5991 ) ;
#1335 = AXIS2_PLACEMENT_3D ( 'NONE', #952, #5366, #8003 ) ;
#1336 = LINE ( 'NONE', #2737, #4509 ) ;
#1337 = DIRECTION ( 'NONE',  ( 0.0000000000000000000, -0.0000000000000000000, -1.000000000000000000 ) ) ;
#1338 = LINE ( 'NONE', #2782, #6504 ) ;
#1339 = ORIENTED_EDGE ( 'NONE', *, *, #3565, .T. ) ;
#1340 = CARTESIAN_POINT ( 'NONE',  ( -4.440892098500630106E-16, -7.145612346359450306, 4.200000000000000178 ) ) ;
#1341 = PRESENTATION_LAYER_ASSIGNMENT (  '', '', ( #5016 ) ) ;
#1342 = ORIENTED_EDGE ( 'NONE', *, *, #5637, .T. ) ;
#1343 = EDGE_CURVE ( 'NONE', #3769, #3218, #4877, .T. ) ;
#1344 = AXIS2_PLACEMENT_3D ( 'NONE', #2070, #6650, #1337 ) ;
#1345 = DIRECTION ( 'NONE',  ( 0.8944271909999162995, 0.4472135954999569285, 0.0000000000000000000 ) ) ;
#1346 = CARTESIAN_POINT ( 'NONE',  ( 6.815860878403001699, 1.595004854618150336, 0.0000000000000000000 ) ) ;
#1347 = PRESENTATION_LAYER_ASSIGNMENT (  '', '', ( #4474 ) ) ;
#1348 =( NAMED_UNIT ( * ) PLANE_ANGLE_UNIT ( ) SI_UNIT ( $, .RADIAN. ) );
#1349 =( NAMED_UNIT ( * ) PLANE_ANGLE_UNIT ( ) SI_UNIT ( $, .RADIAN. ) );
#1350 = ORIENTED_EDGE ( 'NONE', *, *, #1707, .F. ) ;
#1351 = CARTESIAN_POINT ( 'NONE',  ( 0.0000000000000000000, 0.0000000000000000000, 0.0000000000000000000 ) ) ;
#1352 = ORIENTED_EDGE ( 'NONE', *, *, #5966, .F. ) ;
#1353 = MECHANICAL_DESIGN_GEOMETRIC_PRESENTATION_REPRESENTATION (  '', ( #7803 ), #8482 ) ;
#1354 = DIRECTION ( 'NONE',  ( -0.7071067811865480168, -0.7071067811865470176, 0.0000000000000000000 ) ) ;
#1355 = CARTESIAN_POINT ( 'NONE',  ( -4.500000000000000888, -6.945612346359450129, 2.200000000000000178 ) ) ;
#1356 = CARTESIAN_POINT ( 'NONE',  ( 2.910901577962263787, 6.366054665443646954, -7.000000000000000000 ) ) ;
#1357 = CARTESIAN_POINT ( 'NONE',  ( 0.0000000000000000000, 0.0000000000000000000, 0.0000000000000000000 ) ) ;
#1358 = ORIENTED_EDGE ( 'NONE', *, *, #4396, .F. ) ;
#1359 = AXIS2_PLACEMENT_3D ( 'NONE', #6810, #4609, #6895 ) ;
#1360 = COLOUR_RGB ( '',0.0000000000000000000, 0.0000000000000000000, 0.0000000000000000000 ) ;
#1361 = ORIENTED_EDGE ( 'NONE', *, *, #5378, .T. ) ;
#1362 = CARTESIAN_POINT ( 'NONE',  ( -4.899999999999988809, -4.000000000000000000, 2.200000000000000178 ) ) ;
#1363 = EDGE_LOOP ( 'NONE', ( #3788, #7206, #4949, #3080 ) ) ;
#1364 = EDGE_CURVE ( 'NONE', #5303, #6490, #956, .T. ) ;
#1365 = AXIS2_PLACEMENT_3D ( 'NONE', #5970, #2770, #2107 ) ;
#1366 = DIRECTION ( 'NONE',  ( 0.9486832980505138790, -0.3162277660168379967, 0.0000000000000000000 ) ) ;
#1367 = CARTESIAN_POINT ( 'NONE',  ( 3.959999999999999964, -5.495612346359449951, 1.199999999999999956 ) ) ;
#1368 = CARTESIAN_POINT ( 'NONE',  ( 4.900000000000000355, 3.000000000000000000, 2.200000000000000178 ) ) ;
#1369 = ORIENTED_EDGE ( 'NONE', *, *, #3340, .F. ) ;
#1370 = AXIS2_PLACEMENT_3D ( 'NONE', #4561, #6666, #3269 ) ;
#1371 = ADVANCED_FACE ( 'NONE', ( #7393, #3468 ), #8124, .T. ) ;
#1372 = FACE_OUTER_BOUND ( 'NONE', #5500, .T. ) ;
#1373 = CYLINDRICAL_SURFACE ( 'NONE', #6044, 0.7500000000000000000 ) ;
#1374 = PRESENTATION_STYLE_ASSIGNMENT (( #4623 ) ) ;
#1375 =( NAMED_UNIT ( * ) SI_UNIT ( $, .STERADIAN. ) SOLID_ANGLE_UNIT ( ) );
#1376 = PRESENTATION_STYLE_ASSIGNMENT (( #6112 ) ) ;
#1377 = CARTESIAN_POINT ( 'NONE',  ( 6.375104322620998687, 1.268087093104831586, 1.156482317317871331E-15 ) ) ;
#1378 = LINE ( 'NONE', #6607, #109 ) ;
#1379 = PLANE ( 'NONE',  #2651 ) ;
#1380 = ORIENTED_EDGE ( 'NONE', *, *, #1714, .T. ) ;
#1381 = CARTESIAN_POINT ( 'NONE',  ( -6.911675780212116038, 1.108484510144029711, 0.0000000000000000000 ) ) ;
#1382 = STYLED_ITEM ( 'NONE', ( #4128 ), #8219 ) ;
#1383 = COLOUR_RGB ( '',0.1529411764705882470, 0.1529411764705882470, 0.1529411764705882470 ) ;
#1384 = FILL_AREA_STYLE_COLOUR ( '', #6471 ) ;
#1385 =( LENGTH_UNIT ( ) NAMED_UNIT ( * ) SI_UNIT ( .MILLI., .METRE. ) );
#1386 = VECTOR ( 'NONE', #1179, 1000.000000000000000 ) ;
#1387 = LINE ( 'NONE', #1346, #5056 ) ;
#1388 = ORIENTED_EDGE ( 'NONE', *, *, #7627, .F. ) ;
#1389 = EDGE_CURVE ( 'NONE', #5523, #3218, #1654, .T. ) ;
#1390 = CARTESIAN_POINT ( 'NONE',  ( -4.596194077712559611, 4.596194077712556947, -7.000000000000000000 ) ) ;
#1391 = COLOUR_RGB ( '',0.0000000000000000000, 0.0000000000000000000, 0.0000000000000000000 ) ;
#1392 = PLANE ( 'NONE',  #6078 ) ;
#1393 = DIRECTION ( 'NONE',  ( 0.0000000000000000000, 0.0000000000000000000, 1.000000000000000000 ) ) ;
#1394 = DIRECTION ( 'NONE',  ( 0.0000000000000000000, 0.0000000000000000000, 1.000000000000000000 ) ) ;
#1395 = VERTEX_POINT ( 'NONE', #1765 ) ;
#1396 = SURFACE_SIDE_STYLE ('',( #2714 ) ) ;
#1397 = ORIENTED_EDGE ( 'NONE', *, *, #3943, .F. ) ;
#1398 = DIRECTION ( 'NONE',  ( -4.934324553889580036E-17, -0.0000000000000000000, 1.000000000000000000 ) ) ;
#1399 = VERTEX_POINT ( 'NONE', #429 ) ;
#1400 = FILL_AREA_STYLE ('',( #4655 ) ) ;
#1401 = FILL_AREA_STYLE_COLOUR ( '', #4012 ) ;
#1402 = VECTOR ( 'NONE', #578, 1000.000000000000000 ) ;
#1403 = DIRECTION ( 'NONE',  ( 0.2851037643279368261, -0.9584966580880915910, 0.0000000000000000000 ) ) ;
#1404 = CYLINDRICAL_SURFACE ( 'NONE', #6239, 7.000000000000000000 ) ;
#1405 = EDGE_CURVE ( 'NONE', #1214, #850, #5746, .T. ) ;
#1406 = DIRECTION ( 'NONE',  ( 0.0000000000000000000, -0.0000000000000000000, -1.000000000000000000 ) ) ;
#1407 = EDGE_LOOP ( 'NONE', ( #8052, #4833, #294, #3391 ) ) ;
#1408 = AXIS2_PLACEMENT_3D ( 'NONE', #6475, #8460, #1296 ) ;
#1409 = VERTEX_POINT ( 'NONE', #5654 ) ;
#1410 = UNCERTAINTY_MEASURE_WITH_UNIT (LENGTH_MEASURE( 1.000000000000000082E-05 ), #880, 'distance_accuracy_value', 'NONE');
#1411 = CARTESIAN_POINT ( 'NONE',  ( 0.0000000000000000000, 0.0000000000000000000, 1.000000000000000000 ) ) ;
#1412 = DIRECTION ( 'NONE',  ( 1.000000000000000000, 0.0000000000000000000, 0.0000000000000000000 ) ) ;
#1413 = VECTOR ( 'NONE', #1119, 1000.000000000000000 ) ;
#1414 = DIRECTION ( 'NONE',  ( 1.000000000000000000, 0.0000000000000000000, -0.0000000000000000000 ) ) ;
#1415 = EDGE_CURVE ( 'NONE', #3008, #389, #3150, .T. ) ;
#1416 = FACE_OUTER_BOUND ( 'NONE', #1272, .T. ) ;
#1417 = FACE_OUTER_BOUND ( 'NONE', #2227, .T. ) ;
#1418 = CARTESIAN_POINT ( 'NONE',  ( -6.500000000000000888, 6.505213034913026604E-16, -7.000000000000000000 ) ) ;
#1419 = ORIENTED_EDGE ( 'NONE', *, *, #2817, .T. ) ;
#1420 = AXIS2_PLACEMENT_3D ( 'NONE', #2531, #1366, #2673 ) ;
#1421 =( NAMED_UNIT ( * ) PLANE_ANGLE_UNIT ( ) SI_UNIT ( $, .RADIAN. ) );
#1422 = VERTEX_POINT ( 'NONE', #2449 ) ;
#1423 = CARTESIAN_POINT ( 'NONE',  ( -1.134724696032362035, -6.907416294405186008, 0.0000000000000000000 ) ) ;
#1424 = EDGE_CURVE ( 'NONE', #2143, #4237, #4315, .T. ) ;
#1425 = VECTOR ( 'NONE', #6030, 1000.000000000000000 ) ;
#1426 = CARTESIAN_POINT ( 'NONE',  ( 0.0000000000000000000, 0.0000000000000000000, 0.2500000000000002220 ) ) ;
#1427 = DIRECTION ( 'NONE',  ( -1.000000000000000000, 0.0000000000000000000, 4.336808689942015764E-16 ) ) ;
#1428 = EDGE_LOOP ( 'NONE', ( #7946, #4249, #852, #7643 ) ) ;
#1429 = LINE ( 'NONE', #1927, #5712 ) ;
#1430 = ORIENTED_EDGE ( 'NONE', *, *, #6351, .T. ) ;
#1431 = MECHANICAL_DESIGN_GEOMETRIC_PRESENTATION_REPRESENTATION (  '', ( #2228 ), #7621 ) ;
#1432 = CARTESIAN_POINT ( 'NONE',  ( -4.000000000000000000, -5.495612346359449951, 1.199999999999999956 ) ) ;
#1433 = DIRECTION ( 'NONE',  ( -0.0000000000000000000, -0.0000000000000000000, -1.000000000000000000 ) ) ;
#1434 = EDGE_CURVE ( 'NONE', #4142, #5162, #6480, .T. ) ;
#1435 = DIRECTION ( 'NONE',  ( 0.0000000000000000000, 0.0000000000000000000, 1.000000000000000000 ) ) ;
#1436 = AXIS2_PLACEMENT_3D ( 'NONE', #61, #7261, #5239 ) ;
#1437 = PRESENTATION_LAYER_ASSIGNMENT (  '', '', ( #5124 ) ) ;
#1438 = VERTEX_POINT ( 'NONE', #8358 ) ;
#1439 =( NAMED_UNIT ( * ) PLANE_ANGLE_UNIT ( ) SI_UNIT ( $, .RADIAN. ) );
#1440 = EDGE_LOOP ( 'NONE', ( #8490, #6386, #1474, #4442, #770, #7424, #2433 ) ) ;
#1441 = ORIENTED_EDGE ( 'NONE', *, *, #4650, .F. ) ;
#1442 = PRESENTATION_LAYER_ASSIGNMENT (  '', '', ( #5556 ) ) ;
#1443 = CARTESIAN_POINT ( 'NONE',  ( -1.767766952966369765, 1.060660171779820082, 0.5000000000000000000 ) ) ;
#1444 = DIRECTION ( 'NONE',  ( -0.06218173949673957979, 0.9980648432206995491, -0.0000000000000000000 ) ) ;
#1445 = LINE ( 'NONE', #8, #7903 ) ;
#1446 = LINE ( 'NONE', #3499, #172 ) ;
#1447 = VERTEX_POINT ( 'NONE', #5695 ) ;
#1448 = ORIENTED_EDGE ( 'NONE', *, *, #8194, .T. ) ;
#1449 = DIRECTION ( 'NONE',  ( -0.3162277660168379967, 0.9486832980505138790, 0.0000000000000000000 ) ) ;
#1450 = CARTESIAN_POINT ( 'NONE',  ( 6.995612346359258105, -0.2478061731796285527, 1.000000000000002665 ) ) ;
#1451 = LINE ( 'NONE', #6696, #8354 ) ;
#1452 = AXIS2_PLACEMENT_3D ( 'NONE', #964, #3557, #8402 ) ;
#1453 = FACE_OUTER_BOUND ( 'NONE', #7405, .T. ) ;
#1454 = ORIENTED_EDGE ( 'NONE', *, *, #2383, .F. ) ;
#1455 = DIRECTION ( 'NONE',  ( 1.000000000000000000, 0.0000000000000000000, 0.0000000000000000000 ) ) ;
#1456 = ORIENTED_EDGE ( 'NONE', *, *, #1507, .F. ) ;
#1457 = DIRECTION ( 'NONE',  ( 0.0000000000000000000, 1.000000000000000000, -0.0000000000000000000 ) ) ;
#1458 = ADVANCED_FACE ( 'NONE', ( #4435 ), #4994, .F. ) ;
#1459 = EDGE_CURVE ( 'NONE', #3730, #5306, #6991, .T. ) ;
#1460 = CARTESIAN_POINT ( 'NONE',  ( 3.459999999999999964, -7.445612346359450129, 2.200000000000000178 ) ) ;
#1461 = MECHANICAL_DESIGN_GEOMETRIC_PRESENTATION_REPRESENTATION (  '', ( #2397 ), #7372 ) ;
#1462 = SURFACE_STYLE_FILL_AREA ( #3344 ) ;
#1463 = CARTESIAN_POINT ( 'NONE',  ( -4.575180833615149822, 5.970903530404449988, 1.000000000000003553 ) ) ;
#1464 = SURFACE_STYLE_FILL_AREA ( #3303 ) ;
#1465 = VECTOR ( 'NONE', #6530, 1000.000000000000227 ) ;
#1466 = ORIENTED_EDGE ( 'NONE', *, *, #7120, .T. ) ;
#1467 = SURFACE_STYLE_USAGE ( .BOTH. , #7365 ) ;
#1468 = ADVANCED_FACE ( 'NONE', ( #1727 ), #4358, .F. ) ;
#1469 = DIRECTION ( 'NONE',  ( 1.000000000000000000, 0.0000000000000000000, 0.0000000000000000000 ) ) ;
#1470 =( GEOMETRIC_REPRESENTATION_CONTEXT ( 3 ) GLOBAL_UNCERTAINTY_ASSIGNED_CONTEXT ( ( #233 ) ) GLOBAL_UNIT_ASSIGNED_CONTEXT ( ( #5701, #4322, #8217 ) ) REPRESENTATION_CONTEXT ( 'NONE', 'WORKASPACE' ) );
#1471 = CARTESIAN_POINT ( 'NONE',  ( 3.959999999999999964, -5.495612346359449951, 1.500000000000000000 ) ) ;
#1472 = VERTEX_POINT ( 'NONE', #775 ) ;
#1473 = CARTESIAN_POINT ( 'NONE',  ( 0.0000000000000000000, 0.0000000000000000000, 0.0000000000000000000 ) ) ;
#1474 = ORIENTED_EDGE ( 'NONE', *, *, #4229, .T. ) ;
#1475 = ORIENTED_EDGE ( 'NONE', *, *, #5361, .T. ) ;
#1476 = LINE ( 'NONE', #2889, #2258 ) ;
#1477 = ORIENTED_EDGE ( 'NONE', *, *, #168, .T. ) ;
#1478 =( GEOMETRIC_REPRESENTATION_CONTEXT ( 3 ) GLOBAL_UNCERTAINTY_ASSIGNED_CONTEXT ( ( #2414 ) ) GLOBAL_UNIT_ASSIGNED_CONTEXT ( ( #1385, #3985, #6124 ) ) REPRESENTATION_CONTEXT ( 'NONE', 'WORKASPACE' ) );
#1479 = EDGE_CURVE ( 'NONE', #4821, #7452, #6594, .T. ) ;
#1480 = LINE ( 'NONE', #1564, #6786 ) ;
#1481 =( NAMED_UNIT ( * ) PLANE_ANGLE_UNIT ( ) SI_UNIT ( $, .RADIAN. ) );
#1482 = LINE ( 'NONE', #2153, #544 ) ;
#1483 = AXIS2_PLACEMENT_3D ( 'NONE', #3935, #6568, #25 ) ;
#1484 = DIRECTION ( 'NONE',  ( -0.0000000000000000000, -0.0000000000000000000, -1.000000000000000000 ) ) ;
#1485 = EDGE_CURVE ( 'NONE', #5521, #3008, #5928, .T. ) ;
#1486 = ORIENTED_EDGE ( 'NONE', *, *, #5302, .T. ) ;
#1487 = EDGE_CURVE ( 'NONE', #2486, #7714, #3597, .T. ) ;
#1488 =( NAMED_UNIT ( * ) SI_UNIT ( $, .STERADIAN. ) SOLID_ANGLE_UNIT ( ) );
#1489 = ORIENTED_EDGE ( 'NONE', *, *, #6787, .F. ) ;
#1490 = PRESENTATION_STYLE_ASSIGNMENT (( #1576 ) ) ;
#1491 =( LENGTH_UNIT ( ) NAMED_UNIT ( * ) SI_UNIT ( .MILLI., .METRE. ) );
#1492 =( NAMED_UNIT ( * ) PLANE_ANGLE_UNIT ( ) SI_UNIT ( $, .RADIAN. ) );
#1493 = AXIS2_PLACEMENT_3D ( 'NONE', #545, #5691, #5214 ) ;
#1494 = CARTESIAN_POINT ( 'NONE',  ( -6.557934381098211141, -2.448161892769749937, -7.000000000000000000 ) ) ;
#1495 = ORIENTED_EDGE ( 'NONE', *, *, #3322, .F. ) ;
#1496 = VERTEX_POINT ( 'NONE', #1287 ) ;
#1497 = FACE_OUTER_BOUND ( 'NONE', #297, .T. ) ;
#1498 = LINE ( 'NONE', #2907, #538 ) ;
#1499 = MECHANICAL_DESIGN_GEOMETRIC_PRESENTATION_REPRESENTATION (  '', ( #3683 ), #6718 ) ;
#1500 = CARTESIAN_POINT ( 'NONE',  ( -6.368271747270937588, 2.906047995630964831, 1.000000000000000000 ) ) ;
#1501 = PRESENTATION_LAYER_ASSIGNMENT (  '', '', ( #4109 ) ) ;
#1502 = EDGE_CURVE ( 'NONE', #1496, #4971, #3917, .T. ) ;
#1503 = DIRECTION ( 'NONE',  ( 0.7071067811865470176, 0.7071067811865480168, 0.0000000000000000000 ) ) ;
#1504 =( LENGTH_UNIT ( ) NAMED_UNIT ( * ) SI_UNIT ( .MILLI., .METRE. ) );
#1505 = DIRECTION ( 'NONE',  ( 0.0000000000000000000, 0.0000000000000000000, 1.000000000000000000 ) ) ;
#1506 = DIRECTION ( 'NONE',  ( 0.0000000000000000000, 0.0000000000000000000, 1.000000000000000000 ) ) ;
#1507 = EDGE_CURVE ( 'NONE', #1600, #5470, #7602, .T. ) ;
#1508 = EDGE_LOOP ( 'NONE', ( #4143, #3897, #7094, #5276, #8080, #3526, #3254, #3493, #6119 ) ) ;
#1509 = LINE ( 'NONE', #6713, #6824 ) ;
#1510 = VECTOR ( 'NONE', #7795, 1000.000000000000000 ) ;
#1511 =( GEOMETRIC_REPRESENTATION_CONTEXT ( 3 ) GLOBAL_UNCERTAINTY_ASSIGNED_CONTEXT ( ( #2404 ) ) GLOBAL_UNIT_ASSIGNED_CONTEXT ( ( #4445, #705, #1777 ) ) REPRESENTATION_CONTEXT ( 'NONE', 'WORKASPACE' ) );
#1512 = ADVANCED_FACE ( 'NONE', ( #8451 ), #4614, .F. ) ;
#1513 = DIRECTION ( 'NONE',  ( 1.000000000000000000, -9.769962616701377556E-15, 0.0000000000000000000 ) ) ;
#1514 =( NAMED_UNIT ( * ) PLANE_ANGLE_UNIT ( ) SI_UNIT ( $, .RADIAN. ) );
#1515 = ADVANCED_FACE ( 'NONE', ( #5969 ), #5311, .T. ) ;
#1516 = VERTEX_POINT ( 'NONE', #8115 ) ;
#1517 = ORIENTED_EDGE ( 'NONE', *, *, #2452, .F. ) ;
#1518 = VECTOR ( 'NONE', #6730, 1000.000000000000000 ) ;
#1519 = DIRECTION ( 'NONE',  ( -0.0000000000000000000, -0.0000000000000000000, -1.000000000000000000 ) ) ;
#1520 = ORIENTED_EDGE ( 'NONE', *, *, #1862, .T. ) ;
#1521 = FILL_AREA_STYLE ('',( #3538 ) ) ;
#1522 = LINE ( 'NONE', #5181, #1518 ) ;
#1523 = CIRCLE ( 'NONE', #4398, 0.5000000000000000000 ) ;
#1524 = DIRECTION ( 'NONE',  ( -0.0000000000000000000, -0.0000000000000000000, -1.000000000000000000 ) ) ;
#1525 = CARTESIAN_POINT ( 'NONE',  ( 4.460000000000000853, -7.145612346359450306, 1.199999999999999956 ) ) ;
#1526 = CARTESIAN_POINT ( 'NONE',  ( -1.268087093104830032, 6.375104322620999575, 1.000000000000003553 ) ) ;
#1527 = CYLINDRICAL_SURFACE ( 'NONE', #424, 7.000000000000000000 ) ;
#1528 = VERTEX_POINT ( 'NONE', #2235 ) ;
#1529 = MECHANICAL_DESIGN_GEOMETRIC_PRESENTATION_REPRESENTATION (  '', ( #590 ), #1666 ) ;
#1530 = DIRECTION ( 'NONE',  ( 0.8793582917768292262, 0.4761606815806371240, -0.0000000000000000000 ) ) ;
#1531 = VERTEX_POINT ( 'NONE', #6100 ) ;
#1532 = DIRECTION ( 'NONE',  ( -0.0000000000000000000, 0.0000000000000000000, 1.000000000000000000 ) ) ;
#1533 = EDGE_CURVE ( 'NONE', #8479, #1956, #6779, .T. ) ;
#1534 = CARTESIAN_POINT ( 'NONE',  ( 6.005216961323360358, 2.487442310373079835, 0.0000000000000000000 ) ) ;
#1535 = LINE ( 'NONE', #142, #6849 ) ;
#1536 = DIRECTION ( 'NONE',  ( 1.000000000000000000, 0.0000000000000000000, 0.0000000000000000000 ) ) ;
#1537 = EDGE_CURVE ( 'NONE', #3464, #2218, #4740, .T. ) ;
#1538 = ORIENTED_EDGE ( 'NONE', *, *, #973, .F. ) ;
#1539 = DIRECTION ( 'NONE',  ( -0.0000000000000000000, -0.0000000000000000000, -1.000000000000000000 ) ) ;
#1540 = VERTEX_POINT ( 'NONE', #8033 ) ;
#1541 = ORIENTED_EDGE ( 'NONE', *, *, #5897, .T. ) ;
#1542 = STYLED_ITEM ( 'NONE', ( #7063 ), #1458 ) ;
#1543 = FILL_AREA_STYLE ('',( #5461 ) ) ;
#1544 = EDGE_CURVE ( 'NONE', #5457, #4999, #869, .T. ) ;
#1545 = CYLINDRICAL_SURFACE ( 'NONE', #3687, 7.000000000000000000 ) ;
#1546 = SURFACE_STYLE_FILL_AREA ( #7456 ) ;
#1547 = SURFACE_STYLE_FILL_AREA ( #289 ) ;
#1548 = DIRECTION ( 'NONE',  ( 0.0000000000000000000, 0.0000000000000000000, 1.000000000000000000 ) ) ;
#1549 = VECTOR ( 'NONE', #2849, 1000.000000000000000 ) ;
#1550 = ORIENTED_EDGE ( 'NONE', *, *, #3056, .F. ) ;
#1551 = EDGE_LOOP ( 'NONE', ( #6135, #1556, #8296, #3156 ) ) ;
#1552 = LINE ( 'NONE', #2011, #5472 ) ;
#1553 = LINE ( 'NONE', #982, #6318 ) ;
#1554 = PLANE ( 'NONE',  #3953 ) ;
#1555 = DIRECTION ( 'NONE',  ( 0.0000000000000000000, 0.0000000000000000000, 1.000000000000000000 ) ) ;
#1556 = ORIENTED_EDGE ( 'NONE', *, *, #7728, .F. ) ;
#1557 = PRESENTATION_LAYER_ASSIGNMENT (  '', '', ( #2359 ) ) ;
#1558 = VERTEX_POINT ( 'NONE', #7383 ) ;
#1559 = MECHANICAL_DESIGN_GEOMETRIC_PRESENTATION_REPRESENTATION (  '', ( #6498 ), #4300 ) ;
#1560 = FILL_AREA_STYLE ('',( #944 ) ) ;
#1561 = ORIENTED_EDGE ( 'NONE', *, *, #2295, .F. ) ;
#1562 = EDGE_CURVE ( 'NONE', #4058, #7151, #992, .T. ) ;
#1563 = EDGE_CURVE ( 'NONE', #7899, #2362, #210, .T. ) ;
#1564 = CARTESIAN_POINT ( 'NONE',  ( -1.199999999999999956, -7.145612346359450306, 1.500000000000000000 ) ) ;
#1565 = CARTESIAN_POINT ( 'NONE',  ( -1.767766952966369765, 1.060660171779820082, 0.0000000000000000000 ) ) ;
#1566 = PRESENTATION_LAYER_ASSIGNMENT (  '', '', ( #5680 ) ) ;
#1567 = PRESENTATION_LAYER_ASSIGNMENT (  '', '', ( #1312 ) ) ;
#1568 =( NAMED_UNIT ( * ) PLANE_ANGLE_UNIT ( ) SI_UNIT ( $, .RADIAN. ) );
#1569 =( NAMED_UNIT ( * ) PLANE_ANGLE_UNIT ( ) SI_UNIT ( $, .RADIAN. ) );
#1570 = DIRECTION ( 'NONE',  ( 0.0000000000000000000, 0.0000000000000000000, -1.000000000000000000 ) ) ;
#1571 = ORIENTED_EDGE ( 'NONE', *, *, #2252, .T. ) ;
#1572 = AXIS2_PLACEMENT_3D ( 'NONE', #5526, #3459, #6217 ) ;
#1573 =( LENGTH_UNIT ( ) NAMED_UNIT ( * ) SI_UNIT ( .MILLI., .METRE. ) );
#1574 = ADVANCED_FACE ( 'NONE', ( #5357 ), #7517, .F. ) ;
#1575 = CARTESIAN_POINT ( 'NONE',  ( 1.108484510144030599, 6.911675780212115150, 0.0000000000000000000 ) ) ;
#1576 = SURFACE_STYLE_USAGE ( .BOTH. , #7485 ) ;
#1577 = CARTESIAN_POINT ( 'NONE',  ( 0.0000000000000000000, -4.645612346359450306, 1.199999999999999956 ) ) ;
#1578 = CARTESIAN_POINT ( 'NONE',  ( 1.108484510144031487, 6.911675780212115150, 1.000000000000001776 ) ) ;
#1579 = VERTEX_POINT ( 'NONE', #2057 ) ;
#1580 = DIRECTION ( 'NONE',  ( -0.0000000000000000000, 0.0000000000000000000, 1.000000000000000000 ) ) ;
#1581 = ORIENTED_EDGE ( 'NONE', *, *, #4428, .F. ) ;
#1582 = FILL_AREA_STYLE ('',( #6158 ) ) ;
#1583 = ORIENTED_EDGE ( 'NONE', *, *, #1707, .T. ) ;
#1584 = CARTESIAN_POINT ( 'NONE',  ( 0.0000000000000000000, 0.0000000000000000000, 0.0000000000000000000 ) ) ;
#1585 = DIRECTION ( 'NONE',  ( -0.7071067811865483499, 0.7071067811865467956, 0.0000000000000000000 ) ) ;
#1586 = FACE_OUTER_BOUND ( 'NONE', #5864, .T. ) ;
#1587 = PRESENTATION_STYLE_ASSIGNMENT (( #1048 ) ) ;
#1588 = LINE ( 'NONE', #5585, #2266 ) ;
#1589 = EDGE_CURVE ( 'NONE', #8263, #6815, #4696, .T. ) ;
#1590 = ORIENTED_EDGE ( 'NONE', *, *, #3934, .T. ) ;
#1591 = DIRECTION ( 'NONE',  ( -0.07088902009067907239, -0.9974842088126424366, 0.0000000000000000000 ) ) ;
#1592 = VECTOR ( 'NONE', #4866, 1000.000000000000000 ) ;
#1593 = EDGE_LOOP ( 'NONE', ( #6852, #4608, #6128, #1618 ) ) ;
#1594 = CARTESIAN_POINT ( 'NONE',  ( 6.005216961323361247, 2.487442310373079390, 1.000000000000000000 ) ) ;
#1595 = CARTESIAN_POINT ( 'NONE',  ( 5.947380195468811692, -3.691702698016913864, 0.0000000000000000000 ) ) ;
#1596 = DIRECTION ( 'NONE',  ( -0.6552017413601290974, 0.7554539549957062228, 0.0000000000000000000 ) ) ;
#1597 = VECTOR ( 'NONE', #7888, 1000.000000000000000 ) ;
#1598 =( NAMED_UNIT ( * ) SI_UNIT ( $, .STERADIAN. ) SOLID_ANGLE_UNIT ( ) );
#1599 = VECTOR ( 'NONE', #524, 1000.000000000000000 ) ;
#1600 = VERTEX_POINT ( 'NONE', #3410 ) ;
#1601 = ORIENTED_EDGE ( 'NONE', *, *, #7958, .T. ) ;
#1602 = CARTESIAN_POINT ( 'NONE',  ( -2.600000000000000089, -5.495612346359449951, 1.500000000000000000 ) ) ;
#1603 = EDGE_LOOP ( 'NONE', ( #4883, #4387, #5558, #1842, #213, #2384, #5262, #5661 ) ) ;
#1604 = CIRCLE ( 'NONE', #6394, 7.000000000000000000 ) ;
#1605 =( NAMED_UNIT ( * ) PLANE_ANGLE_UNIT ( ) SI_UNIT ( $, .RADIAN. ) );
#1606 = SURFACE_STYLE_FILL_AREA ( #1108 ) ;
#1607 = DIRECTION ( 'NONE',  ( 0.0000000000000000000, 0.0000000000000000000, 1.000000000000000000 ) ) ;
#1608 = DIRECTION ( 'NONE',  ( 0.0000000000000000000, -1.000000000000000000, -7.589415207398531038E-16 ) ) ;
#1609 =( LENGTH_UNIT ( ) NAMED_UNIT ( * ) SI_UNIT ( .MILLI., .METRE. ) );
#1610 = AXIS2_PLACEMENT_3D ( 'NONE', #6759, #5986, #246 ) ;
#1611 = EDGE_CURVE ( 'NONE', #4341, #6784, #6058, .T. ) ;
#1612 = VERTEX_POINT ( 'NONE', #6908 ) ;
#1613 = FACE_OUTER_BOUND ( 'NONE', #5203, .T. ) ;
#1614 = AXIS2_PLACEMENT_3D ( 'NONE', #7743, #5847, #8461 ) ;
#1615 = CARTESIAN_POINT ( 'NONE',  ( 4.594358973122949941, -5.936916306080010308, -7.000000000000000000 ) ) ;
#1616 = SURFACE_SIDE_STYLE ('',( #317 ) ) ;
#1617 = EDGE_CURVE ( 'NONE', #6763, #489, #1829, .T. ) ;
#1618 = ORIENTED_EDGE ( 'NONE', *, *, #5795, .F. ) ;
#1619 = VECTOR ( 'NONE', #7108, 1000.000000000000000 ) ;
#1620 = DIRECTION ( 'NONE',  ( -0.0000000000000000000, -0.0000000000000000000, -1.000000000000000000 ) ) ;
#1621 = ORIENTED_EDGE ( 'NONE', *, *, #7230, .T. ) ;
#1622 = DIRECTION ( 'NONE',  ( 1.000000000000000000, 0.0000000000000000000, 0.0000000000000000000 ) ) ;
#1623 = VERTEX_POINT ( 'NONE', #2933 ) ;
#1624 = FILL_AREA_STYLE_COLOUR ( '', #1627 ) ;
#1625 = CARTESIAN_POINT ( 'NONE',  ( 2.487442310373084275, 6.005216961323359470, 1.000000000000000000 ) ) ;
#1626 = LINE ( 'NONE', #6927, #3174 ) ;
#1627 = COLOUR_RGB ( '',0.0000000000000000000, 0.0000000000000000000, 0.0000000000000000000 ) ;
#1628 = SURFACE_SIDE_STYLE ('',( #7538 ) ) ;
#1629 = STYLED_ITEM ( 'NONE', ( #4791 ), #6664 ) ;
#1630 = SURFACE_STYLE_USAGE ( .BOTH. , #5469 ) ;
#1631 = VERTEX_POINT ( 'NONE', #579 ) ;
#1632 = COLOUR_RGB ( '',0.1529411764705882470, 0.1529411764705882470, 0.1529411764705882470 ) ;
#1633 = ORIENTED_EDGE ( 'NONE', *, *, #7766, .T. ) ;
#1634 = AXIS2_PLACEMENT_3D ( 'NONE', #1932, #2757, #4601 ) ;
#1635 = CARTESIAN_POINT ( 'NONE',  ( -4.500000000000000888, -7.445612346359450129, 2.200000000000000178 ) ) ;
#1636 = DIRECTION ( 'NONE',  ( -1.000000000000000000, -0.0000000000000000000, 0.0000000000000000000 ) ) ;
#1637 = CARTESIAN_POINT ( 'NONE',  ( -2.487442310373090049, -6.005216961323360358, -7.000000000000000000 ) ) ;
#1638 = VECTOR ( 'NONE', #793, 1000.000000000000000 ) ;
#1639 = FACE_OUTER_BOUND ( 'NONE', #242, .T. ) ;
#1640 = VECTOR ( 'NONE', #7931, 1000.000000000000000 ) ;
#1641 = ADVANCED_FACE ( 'NONE', ( #2559 ), #379, .T. ) ;
#1642 = ORIENTED_EDGE ( 'NONE', *, *, #4703, .T. ) ;
#1643 = ORIENTED_EDGE ( 'NONE', *, *, #4582, .T. ) ;
#1644 = ORIENTED_EDGE ( 'NONE', *, *, #3975, .F. ) ;
#1645 = VECTOR ( 'NONE', #7609, 1000.000000000000000 ) ;
#1646 = CARTESIAN_POINT ( 'NONE',  ( 0.0000000000000000000, 0.0000000000000000000, -7.000000000000000000 ) ) ;
#1647 = CARTESIAN_POINT ( 'NONE',  ( 4.086162522828789889, 5.683597086091650041, 0.0000000000000000000 ) ) ;
#1648 = LINE ( 'NONE', #4265, #2912 ) ;
#1649 = FACE_OUTER_BOUND ( 'NONE', #975, .T. ) ;
#1650 = ORIENTED_EDGE ( 'NONE', *, *, #5657, .F. ) ;
#1651 = LINE ( 'NONE', #7646, #6384 ) ;
#1652 = AXIS2_PLACEMENT_3D ( 'NONE', #7382, #6140, #221 ) ;
#1653 = ADVANCED_FACE ( 'NONE', ( #5563 ), #8429, .F. ) ;
#1654 = LINE ( 'NONE', #3025, #7319 ) ;
#1655 = FACE_BOUND ( 'NONE', #6557, .T. ) ;
#1656 = CARTESIAN_POINT ( 'NONE',  ( 3.959999999999999964, -5.495612346359449951, 2.200000000000000178 ) ) ;
#1657 = CARTESIAN_POINT ( 'NONE',  ( -3.611206514627410602, 5.404552479966539202, 1.000000000000004663 ) ) ;
#1658 = ORIENTED_EDGE ( 'NONE', *, *, #5354, .T. ) ;
#1659 = FILL_AREA_STYLE ('',( #7724 ) ) ;
#1660 = ORIENTED_EDGE ( 'NONE', *, *, #1689, .F. ) ;
#1661 = ORIENTED_EDGE ( 'NONE', *, *, #3915, .F. ) ;
#1662 =( LENGTH_UNIT ( ) NAMED_UNIT ( * ) SI_UNIT ( .MILLI., .METRE. ) );
#1663 = EDGE_CURVE ( 'NONE', #2773, #8192, #7045, .T. ) ;
#1664 = CARTESIAN_POINT ( 'NONE',  ( 0.0000000000000000000, 0.0000000000000000000, 1.000000000000000000 ) ) ;
#1665 = EDGE_CURVE ( 'NONE', #8478, #6545, #5198, .T. ) ;
#1666 =( GEOMETRIC_REPRESENTATION_CONTEXT ( 3 ) GLOBAL_UNCERTAINTY_ASSIGNED_CONTEXT ( ( #6860 ) ) GLOBAL_UNIT_ASSIGNED_CONTEXT ( ( #5014, #8470, #5717 ) ) REPRESENTATION_CONTEXT ( 'NONE', 'WORKASPACE' ) );
#1667 = FILL_AREA_STYLE_COLOUR ( '', #6084 ) ;
#1668 = DIRECTION ( 'NONE',  ( 1.000000000000000000, 0.0000000000000000000, 0.0000000000000000000 ) ) ;
#1669 = CARTESIAN_POINT ( 'NONE',  ( -5.200000000000001066, -7.445612346359450129, 2.200000000000000178 ) ) ;
#1670 = VERTEX_POINT ( 'NONE', #1263 ) ;
#1671 = PRESENTATION_LAYER_ASSIGNMENT (  '', '', ( #7026 ) ) ;
#1672 = SURFACE_STYLE_FILL_AREA ( #4331 ) ;
#1673 = ORIENTED_EDGE ( 'NONE', *, *, #5637, .F. ) ;
#1674 = MECHANICAL_DESIGN_GEOMETRIC_PRESENTATION_REPRESENTATION (  '', ( #4283 ), #3041 ) ;
#1675 = CARTESIAN_POINT ( 'NONE',  ( 5.200000000000001066, 2.000000000000000000, 2.200000000000000178 ) ) ;
#1676 = CARTESIAN_POINT ( 'NONE',  ( -5.200000000000001066, 2.000000000000000000, 2.200000000000000178 ) ) ;
#1677 = EDGE_LOOP ( 'NONE', ( #6701, #5514, #7449, #3690 ) ) ;
#1678 = ORIENTED_EDGE ( 'NONE', *, *, #7675, .F. ) ;
#1679 = CARTESIAN_POINT ( 'NONE',  ( 2.906047995630960834, -6.368271747270941141, 0.0000000000000000000 ) ) ;
#1680 = ORIENTED_EDGE ( 'NONE', *, *, #855, .T. ) ;
#1681 = UNCERTAINTY_MEASURE_WITH_UNIT (LENGTH_MEASURE( 1.000000000000000082E-05 ), #4530, 'distance_accuracy_value', 'NONE');
#1682 = VECTOR ( 'NONE', #3894, 1000.000000000000000 ) ;
#1684 = EDGE_CURVE ( 'NONE', #4535, #2474, #4565, .T. ) ;
#1683 = LINE ( 'NONE', #4303, #6635 ) ;
#1685 = DIRECTION ( 'NONE',  ( -0.0000000000000000000, -0.0000000000000000000, -1.000000000000000000 ) ) ;
#1686 = AXIS2_PLACEMENT_3D ( 'NONE', #3781, #3190, #2584 ) ;
#1687 = PRESENTATION_STYLE_ASSIGNMENT (( #4987 ) ) ;
#1688 = VERTEX_POINT ( 'NONE', #1922 ) ;
#1689 = EDGE_CURVE ( 'NONE', #7207, #5478, #892, .T. ) ;
#1690 = AXIS2_PLACEMENT_3D ( 'NONE', #6536, #5113, #4513 ) ;
#1691 = CIRCLE ( 'NONE', #4576, 0.5000000000000000000 ) ;
#1692 = DIRECTION ( 'NONE',  ( 0.3162277660168317794, -0.9486832980505157664, 0.0000000000000000000 ) ) ;
#1693 =( LENGTH_UNIT ( ) NAMED_UNIT ( * ) SI_UNIT ( .MILLI., .METRE. ) );
#1694 = FACE_OUTER_BOUND ( 'NONE', #987, .T. ) ;
#1695 = CARTESIAN_POINT ( 'NONE',  ( -0.2478061731796289968, -6.995612346359258993, 1.000000000000002665 ) ) ;
#1696 = COLOUR_RGB ( '',0.1529411764705882470, 0.1529411764705882470, 0.1529411764705882470 ) ;
#1697 = DIRECTION ( 'NONE',  ( 1.000000000000000000, 0.0000000000000000000, 0.0000000000000000000 ) ) ;
#1698 = CIRCLE ( 'NONE', #356, 1.000000000000000000 ) ;
#1699 = EDGE_LOOP ( 'NONE', ( #7199, #8339, #85, #1125 ) ) ;
#1700 = DIRECTION ( 'NONE',  ( 0.0000000000000000000, 0.0000000000000000000, 1.000000000000000000 ) ) ;
#1701 = CARTESIAN_POINT ( 'NONE',  ( -6.005216961323360358, 2.487442310373079835, 0.0000000000000000000 ) ) ;
#1702 = AXIS2_PLACEMENT_3D ( 'NONE', #8406, #4479, #3278 ) ;
#1703 = FACE_OUTER_BOUND ( 'NONE', #5538, .T. ) ;
#1704 = DIRECTION ( 'NONE',  ( 0.0000000000000000000, 0.0000000000000000000, 1.000000000000000000 ) ) ;
#1705 = DIRECTION ( 'NONE',  ( 0.0000000000000000000, -1.000000000000000000, -0.0000000000000000000 ) ) ;
#1706 = EDGE_LOOP ( 'NONE', ( #5884, #473 ) ) ;
#1707 = EDGE_CURVE ( 'NONE', #3777, #8088, #623, .T. ) ;
#1708 = PRESENTATION_STYLE_ASSIGNMENT (( #2466 ) ) ;
#1709 = ORIENTED_EDGE ( 'NONE', *, *, #6578, .F. ) ;
#1710 = LINE ( 'NONE', #6313, #17 ) ;
#1711 = CARTESIAN_POINT ( 'NONE',  ( -2.458044324604629960, 6.554236652599520596, 0.0000000000000000000 ) ) ;
#1712 = ORIENTED_EDGE ( 'NONE', *, *, #4837, .F. ) ;
#1713 = VERTEX_POINT ( 'NONE', #7183 ) ;
#1714 = EDGE_CURVE ( 'NONE', #357, #2986, #7711, .T. ) ;
#1715 = CARTESIAN_POINT ( 'NONE',  ( 5.947380195468820574, 3.691702698016904538, -7.000000000000000000 ) ) ;
#1716 = SURFACE_STYLE_FILL_AREA ( #6282 ) ;
#1717 = DIRECTION ( 'NONE',  ( -3.947459643111669945E-16, -7.894919286223330030E-16, 1.000000000000000000 ) ) ;
#1718 = PRESENTATION_LAYER_ASSIGNMENT (  '', '', ( #3515 ) ) ;
#1719 = DIRECTION ( 'NONE',  ( 0.0000000000000000000, 0.0000000000000000000, 1.000000000000000000 ) ) ;
#1720 = CARTESIAN_POINT ( 'NONE',  ( -3.611206514627410158, 5.404552479966540091, 1.000000000000003553 ) ) ;
#1721 =( NAMED_UNIT ( * ) SI_UNIT ( $, .STERADIAN. ) SOLID_ANGLE_UNIT ( ) );
#1722 = ORIENTED_EDGE ( 'NONE', *, *, #3672, .F. ) ;
#1723 = AXIS2_PLACEMENT_3D ( 'NONE', #1340, #3210, #2609 ) ;
#1724 = AXIS2_PLACEMENT_3D ( 'NONE', #6477, #4375, #3719 ) ;
#1725 = UNCERTAINTY_MEASURE_WITH_UNIT (LENGTH_MEASURE( 1.000000000000000082E-05 ), #5920, 'distance_accuracy_value', 'NONE');
#1726 = DIRECTION ( 'NONE',  ( -0.0000000000000000000, 1.000000000000000000, 0.0000000000000000000 ) ) ;
#1727 = FACE_OUTER_BOUND ( 'NONE', #3072, .T. ) ;
#1728 = CARTESIAN_POINT ( 'NONE',  ( 5.150000000000000355, -0.5000000000000000000, 2.200000000000000178 ) ) ;
#1729 = LINE ( 'NONE', #8410, #7757 ) ;
#1730 = CIRCLE ( 'NONE', #1995, 0.5000000000000000000 ) ;
#1731 = DIRECTION ( 'NONE',  ( 1.000000000000000000, 0.0000000000000000000, -0.0000000000000000000 ) ) ;
#1732 = VERTEX_POINT ( 'NONE', #532 ) ;
#1733 = EDGE_CURVE ( 'NONE', #4011, #563, #7752, .T. ) ;
#1734 = CYLINDRICAL_SURFACE ( 'NONE', #7103, 5.200000000000001066 ) ;
#1735 = VECTOR ( 'NONE', #2363, 1000.000000000000000 ) ;
#1736 = VERTEX_POINT ( 'NONE', #7559 ) ;
#1737 = AXIS2_PLACEMENT_3D ( 'NONE', #7457, #4032, #2874 ) ;
#1738 = LINE ( 'NONE', #1776, #4668 ) ;
#1739 = SURFACE_STYLE_USAGE ( .BOTH. , #5625 ) ;
#1740 =( NAMED_UNIT ( * ) SI_UNIT ( $, .STERADIAN. ) SOLID_ANGLE_UNIT ( ) );
#1741 = MECHANICAL_DESIGN_GEOMETRIC_PRESENTATION_REPRESENTATION (  '', ( #2853 ), #2981 ) ;
#1742 =( NAMED_UNIT ( * ) SI_UNIT ( $, .STERADIAN. ) SOLID_ANGLE_UNIT ( ) );
#1743 = ORIENTED_EDGE ( 'NONE', *, *, #7836, .F. ) ;
#1744 = ORIENTED_EDGE ( 'NONE', *, *, #1562, .T. ) ;
#1745 = COLOUR_RGB ( '',0.0000000000000000000, 0.0000000000000000000, 0.0000000000000000000 ) ;
#1746 = EDGE_CURVE ( 'NONE', #1631, #4735, #1648, .T. ) ;
#1747 = DIRECTION ( 'NONE',  ( -1.000000000000000000, -0.0000000000000000000, -0.0000000000000000000 ) ) ;
#1748 = CARTESIAN_POINT ( 'NONE',  ( 0.0000000000000000000, 0.0000000000000000000, 0.2500000000000000000 ) ) ;
#1749 = ORIENTED_EDGE ( 'NONE', *, *, #4869, .F. ) ;
#1750 = VECTOR ( 'NONE', #1229, 1000.000000000000000 ) ;
#1751 = ORIENTED_EDGE ( 'NONE', *, *, #6243, .F. ) ;
#1752 = DIRECTION ( 'NONE',  ( -0.0000000000000000000, 0.0000000000000000000, 1.000000000000000000 ) ) ;
#1753 = FILL_AREA_STYLE_COLOUR ( '', #1034 ) ;
#1754 = CARTESIAN_POINT ( 'NONE',  ( 5.450000000000000178, 0.0000000000000000000, 1.699999999999999956 ) ) ;
#1755 = DIRECTION ( 'NONE',  ( 1.000000000000000000, 0.0000000000000000000, 0.0000000000000000000 ) ) ;
#1756 = EDGE_CURVE ( 'NONE', #3631, #37, #3258, .T. ) ;
#1757 = CARTESIAN_POINT ( 'NONE',  ( -5.200000000000001066, 3.000000000000000000, 2.200000000000000178 ) ) ;
#1758 = CARTESIAN_POINT ( 'NONE',  ( 0.0000000000000000000, 0.0000000000000000000, 2.200000000000000178 ) ) ;
#1759 = VERTEX_POINT ( 'NONE', #2082 ) ;
#1760 = AXIS2_PLACEMENT_3D ( 'NONE', #1123, #1083, #5658 ) ;
#1761 = EDGE_CURVE ( 'NONE', #3570, #1732, #7739, .T. ) ;
#1762 = SURFACE_STYLE_FILL_AREA ( #996 ) ;
#1763 = EDGE_CURVE ( 'NONE', #5898, #2110, #6572, .T. ) ;
#1764 = CIRCLE ( 'NONE', #30, 0.5000000000000004441 ) ;
#1765 = CARTESIAN_POINT ( 'NONE',  ( 1.916146095777327708E-16, 6.500000000000001776, 1.156482317317871331E-15 ) ) ;
#1766 = DIRECTION ( 'NONE',  ( 0.0000000000000000000, 0.0000000000000000000, 1.000000000000000000 ) ) ;
#1767 = CARTESIAN_POINT ( 'NONE',  ( -2.799999999999999822, -5.645612346359450306, 1.499999999999999778 ) ) ;
#1768 = FILL_AREA_STYLE ('',( #3283 ) ) ;
#1769 = CARTESIAN_POINT ( 'NONE',  ( -2.799999999999999822, -5.645612346359450306, 1.199999999999999956 ) ) ;
#1770 = ORIENTED_EDGE ( 'NONE', *, *, #2177, .T. ) ;
#1771 = VECTOR ( 'NONE', #3698, 1000.000000000000114 ) ;
#1772 = CARTESIAN_POINT ( 'NONE',  ( 0.0000000000000000000, 0.0000000000000000000, 0.0000000000000000000 ) ) ;
#1773 = VERTEX_POINT ( 'NONE', #6708 ) ;
#1774 = ADVANCED_FACE ( 'NONE', ( #4079 ), #4637, .T. ) ;
#1775 = CARTESIAN_POINT ( 'NONE',  ( 0.0000000000000000000, 0.0000000000000000000, 2.200000000000000178 ) ) ;
#1776 = CARTESIAN_POINT ( 'NONE',  ( 5.671109727513902854, -4.103475899587720299, -7.000000000000000000 ) ) ;
#1777 =( NAMED_UNIT ( * ) SI_UNIT ( $, .STERADIAN. ) SOLID_ANGLE_UNIT ( ) );
#1778 = EDGE_CURVE ( 'NONE', #8110, #3484, #7316, .T. ) ;
#1779 =( NAMED_UNIT ( * ) SI_UNIT ( $, .STERADIAN. ) SOLID_ANGLE_UNIT ( ) );
#1780 = CARTESIAN_POINT ( 'NONE',  ( -5.947380195468816133, 3.691702698016908091, 0.0000000000000000000 ) ) ;
#1781 =( NAMED_UNIT ( * ) PLANE_ANGLE_UNIT ( ) SI_UNIT ( $, .RADIAN. ) );
#1782 = VECTOR ( 'NONE', #6087, 1000.000000000000000 ) ;
#1783 = DIRECTION ( 'NONE',  ( 1.000000000000000000, 0.0000000000000000000, -0.0000000000000000000 ) ) ;
#1784 = ORIENTED_EDGE ( 'NONE', *, *, #6971, .F. ) ;
#1785 = ORIENTED_EDGE ( 'NONE', *, *, #1389, .T. ) ;
#1786 = EDGE_CURVE ( 'NONE', #4644, #6977, #754, .T. ) ;
#1787 = AXIS2_PLACEMENT_3D ( 'NONE', #2615, #6079, #5287 ) ;
#1788 = DIRECTION ( 'NONE',  ( -7.108546341524449421E-16, 1.000000000000000000, -0.0000000000000000000 ) ) ;
#1789 = STYLED_ITEM ( 'NONE', ( #5755 ), #1066 ) ;
#1790 = VERTEX_POINT ( 'NONE', #670 ) ;
#1791 = ORIENTED_EDGE ( 'NONE', *, *, #2002, .T. ) ;
#1792 = LINE ( 'NONE', #3814, #7225 ) ;
#1793 = ORIENTED_EDGE ( 'NONE', *, *, #203, .T. ) ;
#1794 = AXIS2_PLACEMENT_3D ( 'NONE', #3871, #645, #3235 ) ;
#1795 = CARTESIAN_POINT ( 'NONE',  ( 1.199999999999999956, -7.445612346359450129, 2.200000000000000178 ) ) ;
#1796 = DIRECTION ( 'NONE',  ( -0.5957350678737109995, 0.8031810063152047263, 0.0000000000000000000 ) ) ;
#1797 = CARTESIAN_POINT ( 'NONE',  ( -4.500000000000000888, -7.145612346359450306, 2.200000000000000178 ) ) ;
#1798 = SURFACE_SIDE_STYLE ('',( #2526 ) ) ;
#1799 = ORIENTED_EDGE ( 'NONE', *, *, #5715, .T. ) ;
#1800 = EDGE_CURVE ( 'NONE', #4098, #1540, #2617, .T. ) ;
#1801 = EDGE_CURVE ( 'NONE', #7889, #7922, #2220, .T. ) ;
#1802 = LINE ( 'NONE', #4251, #3799 ) ;
#1803 = SURFACE_SIDE_STYLE ('',( #1325 ) ) ;
#1804 = CARTESIAN_POINT ( 'NONE',  ( -1.268087093104830032, 6.375104322620999575, -7.000000000000000000 ) ) ;
#1805 = SURFACE_STYLE_FILL_AREA ( #6508 ) ;
#1806 = CARTESIAN_POINT ( 'NONE',  ( -5.450000000000000178, -0.5000000000000000000, 2.200000000000000178 ) ) ;
#1807 = SURFACE_STYLE_USAGE ( .BOTH. , #6370 ) ;
#1808 = DIRECTION ( 'NONE',  ( -0.9980648432206995491, -0.06218173949673957979, 0.0000000000000000000 ) ) ;
#1809 = VERTEX_POINT ( 'NONE', #6657 ) ;
#1810 = COLOUR_RGB ( '',0.0000000000000000000, 0.0000000000000000000, 0.0000000000000000000 ) ;
#1811 = EDGE_CURVE ( 'NONE', #2308, #6287, #106, .T. ) ;
#1812 = AXIS2_PLACEMENT_3D ( 'NONE', #7962, #1297, #143 ) ;
#1813 = SURFACE_STYLE_USAGE ( .BOTH. , #7736 ) ;
#1814 = ORIENTED_EDGE ( 'NONE', *, *, #1862, .F. ) ;
#1815 = UNCERTAINTY_MEASURE_WITH_UNIT (LENGTH_MEASURE( 1.000000000000000082E-05 ), #8034, 'distance_accuracy_value', 'NONE');
#1816 = DIRECTION ( 'NONE',  ( -0.8031810063152047263, 0.5957350678737109995, -0.0000000000000000000 ) ) ;
#1817 = DIRECTION ( 'NONE',  ( 0.0000000000000000000, -1.000000000000000000, 2.168404344971008868E-16 ) ) ;
#1818 = LINE ( 'NONE', #1860, #3717 ) ;
#1819 =( NAMED_UNIT ( * ) PLANE_ANGLE_UNIT ( ) SI_UNIT ( $, .RADIAN. ) );
#1820 = FILL_AREA_STYLE_COLOUR ( '', #899 ) ;
#1821 = AXIS2_PLACEMENT_3D ( 'NONE', #2196, #6781, #8200 ) ;
#1822 = ORIENTED_EDGE ( 'NONE', *, *, #3127, .T. ) ;
#1823 = ADVANCED_FACE ( 'NONE', ( #4591 ), #3939, .F. ) ;
#1824 = DIRECTION ( 'NONE',  ( 0.0000000000000000000, 0.0000000000000000000, 1.000000000000000000 ) ) ;
#1825 = ORIENTED_EDGE ( 'NONE', *, *, #5132, .F. ) ;
#1826 = VECTOR ( 'NONE', #1194, 1000.000000000000000 ) ;
#1827 = CARTESIAN_POINT ( 'NONE',  ( 0.4999999999999997780, -5.495612346359449951, 1.500000000000000000 ) ) ;
#1828 = CARTESIAN_POINT ( 'NONE',  ( 1.972674710602900117, -7.243180522771879737, -7.000000000000000000 ) ) ;
#1829 = LINE ( 'NONE', #8472, #4289 ) ;
#1830 = PLANE ( 'NONE',  #2583 ) ;
#1831 = APPLICATION_CONTEXT ( 'automotive_design' ) ;
#1832 = DIRECTION ( 'NONE',  ( -0.7071067811865483499, 0.7071067811865467956, 0.0000000000000000000 ) ) ;
#1833 = ORIENTED_EDGE ( 'NONE', *, *, #3621, .F. ) ;
#1834 = ORIENTED_EDGE ( 'NONE', *, *, #7133, .T. ) ;
#1835 = ADVANCED_FACE ( 'NONE', ( #5466 ), #6268, .F. ) ;
#1836 = ORIENTED_EDGE ( 'NONE', *, *, #2129, .F. ) ;
#1837 = DIRECTION ( 'NONE',  ( 0.0000000000000000000, 0.0000000000000000000, -1.000000000000000000 ) ) ;
#1838 = FILL_AREA_STYLE ('',( #5780 ) ) ;
#1839 = VECTOR ( 'NONE', #7288, 1000.000000000000000 ) ;
#1840 = SURFACE_STYLE_FILL_AREA ( #5115 ) ;
#1841 = CARTESIAN_POINT ( 'NONE',  ( 1.199999999999999956, -7.445612346359450129, 1.199999999999999956 ) ) ;
#1842 = ORIENTED_EDGE ( 'NONE', *, *, #519, .T. ) ;
#1843 = ORIENTED_EDGE ( 'NONE', *, *, #1415, .T. ) ;
#1844 = SURFACE_STYLE_FILL_AREA ( #2485 ) ;
#1845 = ORIENTED_EDGE ( 'NONE', *, *, #7884, .F. ) ;
#1846 = CARTESIAN_POINT ( 'NONE',  ( -5.200000000000001066, -6.995612346359449951, 1.500000000000000000 ) ) ;
#1847 = AXIS2_PLACEMENT_3D ( 'NONE', #4085, #6165, #4203 ) ;
#1848 = FILL_AREA_STYLE_COLOUR ( '', #7744 ) ;
#1849 = EDGE_CURVE ( 'NONE', #7023, #6401, #7583, .T. ) ;
#1850 = SURFACE_STYLE_USAGE ( .BOTH. , #4658 ) ;
#1851 = CARTESIAN_POINT ( 'NONE',  ( -4.086162522828791666, 5.683597086091646489, 1.000000000000000000 ) ) ;
#1852 = EDGE_CURVE ( 'NONE', #1864, #688, #2828, .T. ) ;
#1853 = DIRECTION ( 'NONE',  ( 0.0000000000000000000, 0.0000000000000000000, -1.000000000000000000 ) ) ;
#1854 = SURFACE_STYLE_FILL_AREA ( #8413 ) ;
#1855 = AXIS2_PLACEMENT_3D ( 'NONE', #1132, #4497, #572 ) ;
#1856 = ORIENTED_EDGE ( 'NONE', *, *, #8193, .F. ) ;
#1857 = LINE ( 'NONE', #7118, #3929 ) ;
#1858 = ORIENTED_EDGE ( 'NONE', *, *, #4396, .T. ) ;
#1859 = PRESENTATION_LAYER_ASSIGNMENT (  '', '', ( #7242 ) ) ;
#1860 = CARTESIAN_POINT ( 'NONE',  ( -6.375104322620999575, -1.268087093104830032, 0.0000000000000000000 ) ) ;
#1861 = DIRECTION ( 'NONE',  ( -0.2851037643279368816, -0.9584966580880918130, 0.0000000000000000000 ) ) ;
#1862 = EDGE_CURVE ( 'NONE', #73, #8277, #3481, .T. ) ;
#1863 = STYLED_ITEM ( 'NONE', ( #4798 ), #4525 ) ;
#1864 = VERTEX_POINT ( 'NONE', #8094 ) ;
#1865 = CARTESIAN_POINT ( 'NONE',  ( -6.368271747270941141, -2.906047995630959946, 0.0000000000000000000 ) ) ;
#1866 = ORIENTED_EDGE ( 'NONE', *, *, #3888, .F. ) ;
#1867 =( LENGTH_UNIT ( ) NAMED_UNIT ( * ) SI_UNIT ( .MILLI., .METRE. ) );
#1868 = CARTESIAN_POINT ( 'NONE',  ( 5.404552479966540091, -3.611206514627410158, 0.0000000000000000000 ) ) ;
#1869 = PLANE ( 'NONE',  #6297 ) ;
#1870 = SURFACE_STYLE_FILL_AREA ( #3854 ) ;
#1871 =( NAMED_UNIT ( * ) PLANE_ANGLE_UNIT ( ) SI_UNIT ( $, .RADIAN. ) );
#1872 = ORIENTED_EDGE ( 'NONE', *, *, #3302, .T. ) ;
#1873 = VERTEX_POINT ( 'NONE', #4890 ) ;
#1874 = MECHANICAL_DESIGN_GEOMETRIC_PRESENTATION_REPRESENTATION (  '', ( #7963 ), #6563 ) ;
#1875 = DIRECTION ( 'NONE',  ( -0.0000000000000000000, -0.0000000000000000000, -1.000000000000000000 ) ) ;
#1876 = ORIENTED_EDGE ( 'NONE', *, *, #6982, .F. ) ;
#1877 = PRESENTATION_LAYER_ASSIGNMENT (  '', '', ( #3800 ) ) ;
#1878 = ADVANCED_FACE ( 'NONE', ( #3520 ), #5584, .T. ) ;
#1879 = DIRECTION ( 'NONE',  ( -0.0000000000000000000, -0.0000000000000000000, -1.000000000000000000 ) ) ;
#1880 = CARTESIAN_POINT ( 'NONE',  ( -1.108484510144028823, 6.911675780212117814, 1.000000000000002665 ) ) ;
#1881 = EDGE_CURVE ( 'NONE', #5162, #4175, #4328, .T. ) ;
#1882 = SURFACE_STYLE_FILL_AREA ( #4469 ) ;
#1883 = CIRCLE ( 'NONE', #7819, 1.000000000000000000 ) ;
#1884 = AXIS2_PLACEMENT_3D ( 'NONE', #4382, #5063, #5859 ) ;
#1885 = DIRECTION ( 'NONE',  ( -0.3162277660168317794, 0.9486832980505157664, 0.0000000000000000000 ) ) ;
#1886 = VECTOR ( 'NONE', #7640, 1000.000000000000000 ) ;
#1887 = PRESENTATION_STYLE_ASSIGNMENT (( #7722 ) ) ;
#1888 = ORIENTED_EDGE ( 'NONE', *, *, #6300, .T. ) ;
#1889 = VERTEX_POINT ( 'NONE', #3078 ) ;
#1890 = LINE ( 'NONE', #6052, #4602 ) ;
#1891 = ORIENTED_EDGE ( 'NONE', *, *, #3135, .F. ) ;
#1892 = DIRECTION ( 'NONE',  ( -0.7667737427878738021, 0.6419174614941358659, 0.0000000000000000000 ) ) ;
#1893 = COLOUR_RGB ( '',0.0000000000000000000, 0.0000000000000000000, 0.0000000000000000000 ) ;
#1894 = UNCERTAINTY_MEASURE_WITH_UNIT (LENGTH_MEASURE( 1.000000000000000082E-05 ), #4778, 'distance_accuracy_value', 'NONE');
#1895 = DIRECTION ( 'NONE',  ( 0.0000000000000000000, 0.0000000000000000000, 1.000000000000000000 ) ) ;
#1896 = SURFACE_STYLE_FILL_AREA ( #7293 ) ;
#1897 = LINE ( 'NONE', #1288, #3548 ) ;
#1898 = CARTESIAN_POINT ( 'NONE',  ( 0.0000000000000000000, 0.0000000000000000000, 0.2500000000000002220 ) ) ;
#1899 = CARTESIAN_POINT ( 'NONE',  ( -2.487442310373079835, 6.005216961323360358, -7.000000000000000000 ) ) ;
#1900 = AXIS2_PLACEMENT_3D ( 'NONE', #7792, #3255, #3806 ) ;
#1901 = PRESENTATION_LAYER_ASSIGNMENT (  '', '', ( #6877 ) ) ;
#1902 = UNCERTAINTY_MEASURE_WITH_UNIT (LENGTH_MEASURE( 1.000000000000000082E-05 ), #3296, 'distance_accuracy_value', 'NONE');
#1903 = ADVANCED_FACE ( 'NONE', ( #5802 ), #4374, .F. ) ;
#1904 = FACE_OUTER_BOUND ( 'NONE', #6247, .T. ) ;
#1905 = CIRCLE ( 'NONE', #3149, 0.5000000000000004441 ) ;
#1906 = CYLINDRICAL_SURFACE ( 'NONE', #6312, 0.5000000000000004441 ) ;
#1907 = STYLED_ITEM ( 'NONE', ( #1374 ), #757 ) ;
#1908 = CIRCLE ( 'NONE', #6736, 7.000000000000000000 ) ;
#1909 = PRESENTATION_STYLE_ASSIGNMENT (( #7915 ) ) ;
#1910 = CARTESIAN_POINT ( 'NONE',  ( 0.0000000000000000000, 0.0000000000000000000, 1.199999999999999956 ) ) ;
#1911 = DIRECTION ( 'NONE',  ( -0.0000000000000000000, 1.000000000000000000, -0.0000000000000000000 ) ) ;
#1912 = DIRECTION ( 'NONE',  ( 0.0000000000000000000, 0.0000000000000000000, 1.000000000000000000 ) ) ;
#1913 = STYLED_ITEM ( 'NONE', ( #4367 ), #309 ) ;
#1914 = ADVANCED_FACE ( 'NONE', ( #7828 ), #612, .T. ) ;
#1915 = FACE_OUTER_BOUND ( 'NONE', #2050, .T. ) ;
#1916 = VERTEX_POINT ( 'NONE', #7038 ) ;
#1917 = CARTESIAN_POINT ( 'NONE',  ( 3.759999999999999787, -5.645612346359450306, -0.8999999999999990230 ) ) ;
#1918 = ADVANCED_FACE ( 'NONE', ( #8462 ), #2547, .T. ) ;
#1919 = EDGE_CURVE ( 'NONE', #4730, #4977, #4707, .T. ) ;
#1920 = SURFACE_STYLE_USAGE ( .BOTH. , #7880 ) ;
#1921 = LINE ( 'NONE', #1147, #4208 ) ;
#1922 = CARTESIAN_POINT ( 'NONE',  ( 6.368271747270934924, -2.906047995630973713, 1.000000000000000000 ) ) ;
#1923 = CARTESIAN_POINT ( 'NONE',  ( 0.0000000000000000000, 0.0000000000000000000, 1.000000000000000000 ) ) ;
#1924 = ORIENTED_EDGE ( 'NONE', *, *, #855, .F. ) ;
#1925 = ORIENTED_EDGE ( 'NONE', *, *, #140, .T. ) ;
#1926 = VECTOR ( 'NONE', #2883, 1000.000000000000000 ) ;
#1927 = CARTESIAN_POINT ( 'NONE',  ( -5.200000000000001066, -7.445612346359450129, 1.199999999999999956 ) ) ;
#1928 = ORIENTED_EDGE ( 'NONE', *, *, #2546, .F. ) ;
#1929 = UNCERTAINTY_MEASURE_WITH_UNIT (LENGTH_MEASURE( 1.000000000000000082E-05 ), #7893, 'distance_accuracy_value', 'NONE');
#1930 = EDGE_CURVE ( 'NONE', #2335, #1670, #7918, .T. ) ;
#1931 = CARTESIAN_POINT ( 'NONE',  ( -5.200000000000000178, -1.529813881018044912E-15, 2.200000000000000178 ) ) ;
#1932 = CARTESIAN_POINT ( 'NONE',  ( -5.936916306080010308, -4.594358973122959711, -7.000000000000000000 ) ) ;
#1933 = DIRECTION ( 'NONE',  ( 0.0000000000000000000, 0.0000000000000000000, 1.000000000000000000 ) ) ;
#1934 = CARTESIAN_POINT ( 'NONE',  ( -1.595004854618149226, 6.815860878403002587, 1.000000000000000000 ) ) ;
#1935 = EDGE_LOOP ( 'NONE', ( #3684, #1475, #232, #7412 ) ) ;
#1936 = ORIENTED_EDGE ( 'NONE', *, *, #1117, .T. ) ;
#1937 = CARTESIAN_POINT ( 'NONE',  ( 1.199999999999999956, -7.145612346359450306, 1.500000000000000000 ) ) ;
#1938 = VERTEX_POINT ( 'NONE', #6695 ) ;
#1939 = EDGE_CURVE ( 'NONE', #7285, #8019, #744, .T. ) ;
#1940 = DIRECTION ( 'NONE',  ( -0.0000000000000000000, -0.0000000000000000000, -1.000000000000000000 ) ) ;
#1941 = DIRECTION ( 'NONE',  ( 1.000000000000000000, -1.865174681370262988E-14, 0.0000000000000000000 ) ) ;
#1942 = DIRECTION ( 'NONE',  ( 0.0000000000000000000, -1.000000000000000000, -0.0000000000000000000 ) ) ;
#1943 = FILL_AREA_STYLE_COLOUR ( '', #4173 ) ;
#1944 = MECHANICAL_DESIGN_GEOMETRIC_PRESENTATION_REPRESENTATION (  '', ( #8021 ), #2075 ) ;
#1945 = EDGE_CURVE ( 'NONE', #7759, #6074, #1691, .T. ) ;
#1946 = ORIENTED_EDGE ( 'NONE', *, *, #3352, .T. ) ;
#1947 = DIRECTION ( 'NONE',  ( -0.0000000000000000000, -0.0000000000000000000, -1.000000000000000000 ) ) ;
#1948 = VERTEX_POINT ( 'NONE', #1377 ) ;
#1949 = STYLED_ITEM ( 'NONE', ( #5338 ), #1774 ) ;
#1950 = DIRECTION ( 'NONE',  ( 0.0000000000000000000, 0.0000000000000000000, -1.000000000000000000 ) ) ;
#1951 = PRESENTATION_STYLE_ASSIGNMENT (( #3841 ) ) ;
#1952 = FILL_AREA_STYLE_COLOUR ( '', #1632 ) ;
#1953 = CIRCLE ( 'NONE', #4165, 0.5000000000000000000 ) ;
#1954 = FACE_OUTER_BOUND ( 'NONE', #728, .T. ) ;
#1955 = VERTEX_POINT ( 'NONE', #6603 ) ;
#1956 = VERTEX_POINT ( 'NONE', #4539 ) ;
#1957 = VECTOR ( 'NONE', #7215, 1000.000000000000227 ) ;
#1958 =( NAMED_UNIT ( * ) PLANE_ANGLE_UNIT ( ) SI_UNIT ( $, .RADIAN. ) );
#1959 = PRESENTATION_LAYER_ASSIGNMENT (  '', '', ( #5546 ) ) ;
#1960 = DIRECTION ( 'NONE',  ( 0.0000000000000000000, -0.0000000000000000000, 1.000000000000000000 ) ) ;
#1961 = SURFACE_STYLE_USAGE ( .BOTH. , #5904 ) ;
#1962 = CARTESIAN_POINT ( 'NONE',  ( -6.375104322620999575, 1.268087093104830032, 1.000000000000003553 ) ) ;
#1963 = CARTESIAN_POINT ( 'NONE',  ( 5.200000000000001066, 2.500000000000000000, 4.200000000000000178 ) ) ;
#1964 = EDGE_CURVE ( 'NONE', #7934, #4311, #475, .T. ) ;
#1965 = EDGE_LOOP ( 'NONE', ( #6489, #3711, #6799, #4782 ) ) ;
#1966 = COLOUR_RGB ( '',0.0000000000000000000, 0.0000000000000000000, 0.0000000000000000000 ) ;
#1967 = ORIENTED_EDGE ( 'NONE', *, *, #1964, .F. ) ;
#1968 = LINE ( 'NONE', #4597, #1040 ) ;
#1969 = CARTESIAN_POINT ( 'NONE',  ( -1.134724696032362035, -6.907416294405185120, 0.0000000000000000000 ) ) ;
#1970 = CARTESIAN_POINT ( 'NONE',  ( -5.404552479966549861, -3.611206514627410158, 0.0000000000000000000 ) ) ;
#1971 = ADVANCED_FACE ( 'NONE', ( #4671 ), #5324, .F. ) ;
#1972 = EDGE_LOOP ( 'NONE', ( #863, #4378, #3146, #5265 ) ) ;
#1973 = ORIENTED_EDGE ( 'NONE', *, *, #4654, .F. ) ;
#1974 = DIRECTION ( 'NONE',  ( 1.000000000000000000, -0.0000000000000000000, 0.0000000000000000000 ) ) ;
#1975 = ORIENTED_EDGE ( 'NONE', *, *, #8314, .F. ) ;
#1976 = CARTESIAN_POINT ( 'NONE',  ( 1.000000000000000000, -2.449293598294706414E-16, 1.500000000000000000 ) ) ;
#1977 = CARTESIAN_POINT ( 'NONE',  ( -5.450000000000000178, 0.0000000000000000000, 1.699999999999999956 ) ) ;
#1978 =( LENGTH_UNIT ( ) NAMED_UNIT ( * ) SI_UNIT ( .MILLI., .METRE. ) );
#1979 = CARTESIAN_POINT ( 'NONE',  ( 5.150000000000000355, -0.5000000000000000000, 2.200000000000000178 ) ) ;
#1980 = ORIENTED_EDGE ( 'NONE', *, *, #773, .T. ) ;
#1981 = VECTOR ( 'NONE', #4827, 1000.000000000000000 ) ;
#1982 =( GEOMETRIC_REPRESENTATION_CONTEXT ( 3 ) GLOBAL_UNCERTAINTY_ASSIGNED_CONTEXT ( ( #3114 ) ) GLOBAL_UNIT_ASSIGNED_CONTEXT ( ( #6257, #8279, #7566 ) ) REPRESENTATION_CONTEXT ( 'NONE', 'WORKASPACE' ) );
#1983 = CARTESIAN_POINT ( 'NONE',  ( -0.9963787034829708622, -7.459620136709980365, -7.000000000000000000 ) ) ;
#1984 = VERTEX_POINT ( 'NONE', #4018 ) ;
#1985 = CARTESIAN_POINT ( 'NONE',  ( 3.459999999999999964, -5.495612346359449951, 1.199999999999999956 ) ) ;
#1986 = SURFACE_SIDE_STYLE ('',( #7914 ) ) ;
#1987 = CARTESIAN_POINT ( 'NONE',  ( 0.0000000000000000000, 0.0000000000000000000, 2.200000000000000178 ) ) ;
#1988 = STYLED_ITEM ( 'NONE', ( #3525 ), #3969 ) ;
#1989 = EDGE_CURVE ( 'NONE', #2095, #2915, #2603, .T. ) ;
#1990 = FILL_AREA_STYLE_COLOUR ( '', #7557 ) ;
#1991 = CARTESIAN_POINT ( 'NONE',  ( 4.160000000000000142, -5.645612346359450306, 1.200000000000000178 ) ) ;
#1992 = ORIENTED_EDGE ( 'NONE', *, *, #3585, .F. ) ;
#1993 = CARTESIAN_POINT ( 'NONE',  ( -0.9963787034829708622, -7.459620136709980365, 1.000000000000003553 ) ) ;
#1994 = LINE ( 'NONE', #419, #2415 ) ;
#1995 = AXIS2_PLACEMENT_3D ( 'NONE', #2334, #4403, #2494 ) ;
#1996 =( LENGTH_UNIT ( ) NAMED_UNIT ( * ) SI_UNIT ( .MILLI., .METRE. ) );
#1997 = ORIENTED_EDGE ( 'NONE', *, *, #256, .F. ) ;
#1998 = SURFACE_STYLE_USAGE ( .BOTH. , #2567 ) ;
#1999 = ORIENTED_EDGE ( 'NONE', *, *, #4362, .F. ) ;
#2000 = UNCERTAINTY_MEASURE_WITH_UNIT (LENGTH_MEASURE( 1.000000000000000082E-05 ), #4287, 'distance_accuracy_value', 'NONE');
#2001 = PRESENTATION_LAYER_ASSIGNMENT (  '', '', ( #128 ) ) ;
#2002 = EDGE_CURVE ( 'NONE', #1732, #7889, #707, .T. ) ;
#2003 =( LENGTH_UNIT ( ) NAMED_UNIT ( * ) SI_UNIT ( .MILLI., .METRE. ) );
#2004 = LINE ( 'NONE', #1977, #1826 ) ;
#2005 = ORIENTED_EDGE ( 'NONE', *, *, #3642, .T. ) ;
#2006 = VECTOR ( 'NONE', #7791, 1000.000000000000000 ) ;
#2007 = FILL_AREA_STYLE_COLOUR ( '', #6836 ) ;
#2008 = ORIENTED_EDGE ( 'NONE', *, *, #3282, .F. ) ;
#2009 = CARTESIAN_POINT ( 'NONE',  ( -4.199999999999990408, -4.645612346359450306, 0.0000000000000000000 ) ) ;
#2010 = ORIENTED_EDGE ( 'NONE', *, *, #4703, .F. ) ;
#2011 = CARTESIAN_POINT ( 'NONE',  ( -3.500000000000000000, -5.495612346359449951, 1.500000000000000000 ) ) ;
#2012 = EDGE_CURVE ( 'NONE', #4971, #1409, #2818, .T. ) ;
#2013 = SURFACE_SIDE_STYLE ('',( #7949 ) ) ;
#2014 = AXIS2_PLACEMENT_3D ( 'NONE', #7824, #704, #3838 ) ;
#2015 = AXIS2_PLACEMENT_3D ( 'NONE', #430, #1079, #4359 ) ;
#2016 = CARTESIAN_POINT ( 'NONE',  ( -1.682546017330829936E-16, -5.495612346359449951, 1.199999999999999956 ) ) ;
#2017 = EDGE_LOOP ( 'NONE', ( #1454, #3494, #6177, #4714 ) ) ;
#2018 = ADVANCED_FACE ( 'NONE', ( #4189 ), #6224, .F. ) ;
#2019 =( GEOMETRIC_REPRESENTATION_CONTEXT ( 3 ) GLOBAL_UNCERTAINTY_ASSIGNED_CONTEXT ( ( #4914 ) ) GLOBAL_UNIT_ASSIGNED_CONTEXT ( ( #5071, #4391, #3774 ) ) REPRESENTATION_CONTEXT ( 'NONE', 'WORKASPACE' ) );
#2020 = LINE ( 'NONE', #7300, #7953 ) ;
#2021 = ORIENTED_EDGE ( 'NONE', *, *, #7584, .F. ) ;
#2022 = EDGE_CURVE ( 'NONE', #7008, #8090, #2898, .T. ) ;
#2023 = CARTESIAN_POINT ( 'NONE',  ( 5.404552479966540979, -3.611206514627412822, 0.0000000000000000000 ) ) ;
#2024 = DIRECTION ( 'NONE',  ( 1.000000000000000000, 0.0000000000000000000, 0.0000000000000000000 ) ) ;
#2025 = CARTESIAN_POINT ( 'NONE',  ( 0.1999999999999990952, -4.645612346359450306, 1.500000000000000000 ) ) ;
#2026 =( GEOMETRIC_REPRESENTATION_CONTEXT ( 3 ) GLOBAL_UNCERTAINTY_ASSIGNED_CONTEXT ( ( #312 ) ) GLOBAL_UNIT_ASSIGNED_CONTEXT ( ( #480, #7660, #8135 ) ) REPRESENTATION_CONTEXT ( 'NONE', 'WORKASPACE' ) );
#2027 = DIRECTION ( 'NONE',  ( -0.3162277660168379967, -0.9486832980505138790, 0.0000000000000000000 ) ) ;
#2028 = CARTESIAN_POINT ( 'NONE',  ( 0.0000000000000000000, 0.0000000000000000000, 1.500000000000000000 ) ) ;
#2029 = ORIENTED_EDGE ( 'NONE', *, *, #8066, .T. ) ;
#2030 = EDGE_CURVE ( 'NONE', #5972, #4771, #8209, .T. ) ;
#2031 = PRESENTATION_LAYER_ASSIGNMENT (  '', '', ( #3288 ) ) ;
#2032 = EDGE_LOOP ( 'NONE', ( #1891, #5350, #824, #6628 ) ) ;
#2033 = AXIS2_PLACEMENT_3D ( 'NONE', #5174, #5794, #1853 ) ;
#2034 = ADVANCED_FACE ( 'NONE', ( #5570, #4918 ), #2164, .T. ) ;
#2035 = SURFACE_SIDE_STYLE ('',( #4031 ) ) ;
#2036 = CARTESIAN_POINT ( 'NONE',  ( 0.0000000000000000000, 0.0000000000000000000, 1.500000000000000000 ) ) ;
#2037 =( NAMED_UNIT ( * ) PLANE_ANGLE_UNIT ( ) SI_UNIT ( $, .RADIAN. ) );
#2038 =( GEOMETRIC_REPRESENTATION_CONTEXT ( 3 ) GLOBAL_UNCERTAINTY_ASSIGNED_CONTEXT ( ( #341 ) ) GLOBAL_UNIT_ASSIGNED_CONTEXT ( ( #2758, #5390, #1598 ) ) REPRESENTATION_CONTEXT ( 'NONE', 'WORKASPACE' ) );
#2039 = CARTESIAN_POINT ( 'NONE',  ( 5.160000000000000142, 0.0000000000000000000, 1.199999999999999956 ) ) ;
#2040 = SURFACE_STYLE_USAGE ( .BOTH. , #7363 ) ;
#2041 = ORIENTED_EDGE ( 'NONE', *, *, #7907, .T. ) ;
#2042 = VERTEX_POINT ( 'NONE', #1578 ) ;
#2043 = VECTOR ( 'NONE', #5753, 1000.000000000000000 ) ;
#2044 = DIRECTION ( 'NONE',  ( 1.000000000000000000, 0.0000000000000000000, 0.0000000000000000000 ) ) ;
#2045 = FACE_OUTER_BOUND ( 'NONE', #2903, .T. ) ;
#2046 = CARTESIAN_POINT ( 'NONE',  ( -2.799999999999999822, -7.145612346359450306, 1.199999999999999956 ) ) ;
#2047 = CARTESIAN_POINT ( 'NONE',  ( 3.759999999999999787, -4.645612346359450306, 0.0000000000000000000 ) ) ;
#2048 = VECTOR ( 'NONE', #7323, 1000.000000000000000 ) ;
#2049 = DIRECTION ( 'NONE',  ( 1.000000000000000000, 0.0000000000000000000, 0.0000000000000000000 ) ) ;
#2050 = EDGE_LOOP ( 'NONE', ( #2890, #6586, #449, #5424, #7490, #7984 ) ) ;
#2051 = CYLINDRICAL_SURFACE ( 'NONE', #4484, 7.000000000000000000 ) ;
#2052 = EDGE_LOOP ( 'NONE', ( #1283, #4376, #3305, #3132 ) ) ;
#2053 = CARTESIAN_POINT ( 'NONE',  ( -1.767766952966369987, 1.060660171779820082, 0.0000000000000000000 ) ) ;
#2054 = EDGE_LOOP ( 'NONE', ( #6738, #8027, #5120, #5044 ) ) ;
#2055 = PLANE ( 'NONE',  #2925 ) ;
#2056 = SURFACE_SIDE_STYLE ('',( #5845 ) ) ;
#2057 = CARTESIAN_POINT ( 'NONE',  ( -1.134724696032357372, -6.907416294405186896, 1.000000000000000000 ) ) ;
#2058 = DIRECTION ( 'NONE',  ( -0.7071067811865479058, 0.7071067811865472397, 0.0000000000000000000 ) ) ;
#2059 = CARTESIAN_POINT ( 'NONE',  ( -5.200000000000001066, 3.000000000000000000, 4.200000000000000178 ) ) ;
#2060 = DIRECTION ( 'NONE',  ( 0.5957350678737109995, 0.8031810063152047263, -0.0000000000000000000 ) ) ;
#2061 = EDGE_CURVE ( 'NONE', #7504, #3777, #7335, .T. ) ;
#2062 = ADVANCED_FACE ( 'NONE', ( #8283 ), #469, .F. ) ;
#2063 = VERTEX_POINT ( 'NONE', #1196 ) ;
#2064 = EDGE_LOOP ( 'NONE', ( #7080, #3863, #4820, #2168 ) ) ;
#2065 = UNCERTAINTY_MEASURE_WITH_UNIT (LENGTH_MEASURE( 1.000000000000000082E-05 ), #2171, 'distance_accuracy_value', 'NONE');
#2066 = DIRECTION ( 'NONE',  ( 0.1120750820665309122, 0.9936997413604273799, -0.0000000000000000000 ) ) ;
#2067 = PLANE ( 'NONE',  #3259 ) ;
#2068 = DIRECTION ( 'NONE',  ( 0.0000000000000000000, 0.0000000000000000000, 1.000000000000000000 ) ) ;
#2069 = DIRECTION ( 'NONE',  ( 0.0000000000000000000, 0.0000000000000000000, -1.000000000000000000 ) ) ;
#2070 = CARTESIAN_POINT ( 'NONE',  ( -5.200000000000001066, -6.995612346359449951, 1.500000000000000000 ) ) ;
#2071 = EDGE_CURVE ( 'NONE', #2517, #4689, #8032, .T. ) ;
#2072 = ORIENTED_EDGE ( 'NONE', *, *, #4708, .T. ) ;
#2073 = DIRECTION ( 'NONE',  ( 1.000000000000000000, 0.0000000000000000000, 0.0000000000000000000 ) ) ;
#2074 = ORIENTED_EDGE ( 'NONE', *, *, #5132, .T. ) ;
#2075 =( GEOMETRIC_REPRESENTATION_CONTEXT ( 3 ) GLOBAL_UNCERTAINTY_ASSIGNED_CONTEXT ( ( #6402 ) ) GLOBAL_UNIT_ASSIGNED_CONTEXT ( ( #2810, #6680, #4050 ) ) REPRESENTATION_CONTEXT ( 'NONE', 'WORKASPACE' ) );
#2076 = PRESENTATION_STYLE_ASSIGNMENT (( #8089 ) ) ;
#2077 = SURFACE_SIDE_STYLE ('',( #6883 ) ) ;
#2078 = DIRECTION ( 'NONE',  ( -0.6552017413601290974, -0.7554539549957062228, -0.0000000000000000000 ) ) ;
#2079 = FILL_AREA_STYLE ('',( #3984 ) ) ;
#2080 = CARTESIAN_POINT ( 'NONE',  ( -1.060660171779820082, 1.767766952966369987, 0.5000000000000000000 ) ) ;
#2081 = EDGE_CURVE ( 'NONE', #3187, #6025, #4401, .T. ) ;
#2082 = CARTESIAN_POINT ( 'NONE',  ( -1.199999999999999956, -5.645612346359449418, 1.500000000000000000 ) ) ;
#2083 = VECTOR ( 'NONE', #3301, 1000.000000000000000 ) ;
#2084 = FACE_OUTER_BOUND ( 'NONE', #1407, .T. ) ;
#2085 = EDGE_CURVE ( 'NONE', #5941, #3681, #5127, .T. ) ;
#2086 = ORIENTED_EDGE ( 'NONE', *, *, #228, .T. ) ;
#2087 =( LENGTH_UNIT ( ) NAMED_UNIT ( * ) SI_UNIT ( .MILLI., .METRE. ) );
#2088 = EDGE_LOOP ( 'NONE', ( #6299, #7107 ) ) ;
#2089 =( GEOMETRIC_REPRESENTATION_CONTEXT ( 3 ) GLOBAL_UNCERTAINTY_ASSIGNED_CONTEXT ( ( #1929 ) ) GLOBAL_UNIT_ASSIGNED_CONTEXT ( ( #7893, #8438, #8345 ) ) REPRESENTATION_CONTEXT ( 'NONE', 'WORKASPACE' ) );
#2090 = AXIS2_PLACEMENT_3D ( 'NONE', #3553, #5453, #1536 ) ;
#2091 = CARTESIAN_POINT ( 'NONE',  ( -5.200000000000001066, 0.0000000000000000000, 1.699999999999999956 ) ) ;
#2092 = FILL_AREA_STYLE ('',( #5916 ) ) ;
#2093 = CARTESIAN_POINT ( 'NONE',  ( -6.375104322620998687, -1.268087093104831586, 1.156482317317871331E-15 ) ) ;
#2094 = VECTOR ( 'NONE', #4121, 1000.000000000000000 ) ;
#2095 = VERTEX_POINT ( 'NONE', #1767 ) ;
#2096 = VECTOR ( 'NONE', #7160, 1000.000000000000000 ) ;
#2097 = EDGE_CURVE ( 'NONE', #8269, #2805, #3744, .T. ) ;
#2098 = EDGE_LOOP ( 'NONE', ( #3933, #1220, #1936, #2008 ) ) ;
#2099 = CARTESIAN_POINT ( 'NONE',  ( 4.460000000000000853, -7.145612346359450306, 4.200000000000000178 ) ) ;
#2100 = ORIENTED_EDGE ( 'NONE', *, *, #1684, .T. ) ;
#2101 = CARTESIAN_POINT ( 'NONE',  ( 0.5000000000000000000, -7.145612346359450306, 1.199999999999999956 ) ) ;
#2102 = ORIENTED_EDGE ( 'NONE', *, *, #7673, .F. ) ;
#2103 = UNCERTAINTY_MEASURE_WITH_UNIT (LENGTH_MEASURE( 1.000000000000000082E-05 ), #1167, 'distance_accuracy_value', 'NONE');
#2104 = STYLED_ITEM ( 'NONE', ( #6549 ), #2677 ) ;
#2105 =( NAMED_UNIT ( * ) SI_UNIT ( $, .STERADIAN. ) SOLID_ANGLE_UNIT ( ) );
#2106 = CARTESIAN_POINT ( 'NONE',  ( 0.0000000000000000000, 0.0000000000000000000, 1.000000000000000000 ) ) ;
#2107 = DIRECTION ( 'NONE',  ( -0.9486832980505138790, 0.3162277660168379967, 0.0000000000000000000 ) ) ;
#2108 = CARTESIAN_POINT ( 'NONE',  ( 5.200000000000001066, -0.5000000000000004441, 1.500000000000000000 ) ) ;
#2109 = CARTESIAN_POINT ( 'NONE',  ( -4.771419503187761535, -5.121870354138170711, 0.0000000000000000000 ) ) ;
#2110 = VERTEX_POINT ( 'NONE', #1851 ) ;
#2111 = FILL_AREA_STYLE_COLOUR ( '', #1218 ) ;
#2112 = ORIENTED_EDGE ( 'NONE', *, *, #6127, .T. ) ;
#2113 = LINE ( 'NONE', #3466, #6533 ) ;
#2114 = CARTESIAN_POINT ( 'NONE',  ( -1.199999999999999956, -5.645612346359450306, 1.200000000000000178 ) ) ;
#2115 = EDGE_CURVE ( 'NONE', #3021, #2042, #7196, .T. ) ;
#2116 = LINE ( 'NONE', #6827, #2211 ) ;
#2117 = SURFACE_SIDE_STYLE ('',( #5280 ) ) ;
#2118 = PRESENTATION_STYLE_ASSIGNMENT (( #6151 ) ) ;
#2119 =( NAMED_UNIT ( * ) PLANE_ANGLE_UNIT ( ) SI_UNIT ( $, .RADIAN. ) );
#2120 = MECHANICAL_DESIGN_GEOMETRIC_PRESENTATION_REPRESENTATION (  '', ( #6115 ), #4327 ) ;
#2121 = ORIENTED_EDGE ( 'NONE', *, *, #7120, .F. ) ;
#2122 = DIRECTION ( 'NONE',  ( 1.000000000000000000, 0.0000000000000000000, 0.0000000000000000000 ) ) ;
#2123 = ORIENTED_EDGE ( 'NONE', *, *, #168, .F. ) ;
#2124 = DIRECTION ( 'NONE',  ( -0.0000000000000000000, 1.000000000000000000, 0.0000000000000000000 ) ) ;
#2125 = VERTEX_POINT ( 'NONE', #6369 ) ;
#2126 = DIRECTION ( 'NONE',  ( 0.0000000000000000000, 0.0000000000000000000, 1.000000000000000000 ) ) ;
#2127 =( GEOMETRIC_REPRESENTATION_CONTEXT ( 3 ) GLOBAL_UNCERTAINTY_ASSIGNED_CONTEXT ( ( #2345 ) ) GLOBAL_UNIT_ASSIGNED_CONTEXT ( ( #2928, #8153, #4736 ) ) REPRESENTATION_CONTEXT ( 'NONE', 'WORKASPACE' ) );
#2128 =( NAMED_UNIT ( * ) SI_UNIT ( $, .STERADIAN. ) SOLID_ANGLE_UNIT ( ) );
#2129 = EDGE_CURVE ( 'NONE', #595, #5829, #3616, .T. ) ;
#2130 = DIRECTION ( 'NONE',  ( 0.0000000000000000000, 0.0000000000000000000, -1.000000000000000000 ) ) ;
#2131 = CARTESIAN_POINT ( 'NONE',  ( -2.000000000000000000, -5.495612346359449951, 2.200000000000000178 ) ) ;
#2132 = CARTESIAN_POINT ( 'NONE',  ( 6.995612346359259881, -0.2478061731796280254, 0.0000000000000000000 ) ) ;
#2133 = CARTESIAN_POINT ( 'NONE',  ( 6.995612346359258993, -0.2478061731796293299, -7.000000000000000000 ) ) ;
#2134 = VECTOR ( 'NONE', #4067, 1000.000000000000000 ) ;
#2135 = ORIENTED_EDGE ( 'NONE', *, *, #2189, .F. ) ;
#2136 = ORIENTED_EDGE ( 'NONE', *, *, #3420, .T. ) ;
#2138 = EDGE_CURVE ( 'NONE', #1558, #2915, #7111, .T. ) ;
#2137 = DIRECTION ( 'NONE',  ( 1.000000000000000000, 0.0000000000000000000, 0.0000000000000000000 ) ) ;
#2139 = DIRECTION ( 'NONE',  ( 0.2430233717006080596, 0.9700204331905942778, 0.0000000000000000000 ) ) ;
#2140 = VECTOR ( 'NONE', #4024, 1000.000000000000000 ) ;
#2141 = FACE_OUTER_BOUND ( 'NONE', #5528, .T. ) ;
#2142 = PRESENTATION_STYLE_ASSIGNMENT (( #2759 ) ) ;
#2143 = VERTEX_POINT ( 'NONE', #602 ) ;
#2144 =( NAMED_UNIT ( * ) SI_UNIT ( $, .STERADIAN. ) SOLID_ANGLE_UNIT ( ) );
#2145 = ORIENTED_EDGE ( 'NONE', *, *, #7685, .T. ) ;
#2146 = CIRCLE ( 'NONE', #6551, 7.000000000000000000 ) ;
#2147 = ORIENTED_EDGE ( 'NONE', *, *, #118, .F. ) ;
#2148 = VECTOR ( 'NONE', #2827, 1000.000000000000000 ) ;
#2149 = EDGE_CURVE ( 'NONE', #7589, #6766, #6952, .T. ) ;
#2150 = EDGE_CURVE ( 'NONE', #7595, #2218, #2369, .T. ) ;
#2151 = CARTESIAN_POINT ( 'NONE',  ( 1.200000000000000178, -5.645612346359450306, 1.500000000000000000 ) ) ;
#2152 = SURFACE_STYLE_USAGE ( .BOTH. , #264 ) ;
#2153 = CARTESIAN_POINT ( 'NONE',  ( 1.199999999999999956, -7.445612346359450129, 2.200000000000000178 ) ) ;
#2154 = VECTOR ( 'NONE', #6987, 1000.000000000000000 ) ;
#2155 = CARTESIAN_POINT ( 'NONE',  ( -3.691702698016908979, -5.947380195468815245, 1.000000000000000000 ) ) ;
#2156 = DIRECTION ( 'NONE',  ( -0.8031810063152047263, 0.5957350678737109995, 0.0000000000000000000 ) ) ;
#2157 = ORIENTED_EDGE ( 'NONE', *, *, #2030, .F. ) ;
#2158 = AXIS2_PLACEMENT_3D ( 'NONE', #6801, #3479, #6121 ) ;
#2159 = UNCERTAINTY_MEASURE_WITH_UNIT (LENGTH_MEASURE( 1.000000000000000082E-05 ), #1996, 'distance_accuracy_value', 'NONE');
#2160 = VECTOR ( 'NONE', #6006, 1000.000000000000000 ) ;
#2161 = LINE ( 'NONE', #7442, #7784 ) ;
#2162 = CYLINDRICAL_SURFACE ( 'NONE', #8278, 0.5000000000000000000 ) ;
#2163 = FILL_AREA_STYLE ('',( #4705 ) ) ;
#2164 = PLANE ( 'NONE',  #6794 ) ;
#2165 = COLOUR_RGB ( '',0.0000000000000000000, 0.0000000000000000000, 0.0000000000000000000 ) ;
#2166 = AXIS2_PLACEMENT_3D ( 'NONE', #5212, #212, #8022 ) ;
#2167 = PRESENTATION_STYLE_ASSIGNMENT (( #2290 ) ) ;
#2168 = ORIENTED_EDGE ( 'NONE', *, *, #5748, .T. ) ;
#2169 = ORIENTED_EDGE ( 'NONE', *, *, #5882, .F. ) ;
#2170 =( LENGTH_UNIT ( ) NAMED_UNIT ( * ) SI_UNIT ( .MILLI., .METRE. ) );
#2171 =( LENGTH_UNIT ( ) NAMED_UNIT ( * ) SI_UNIT ( .MILLI., .METRE. ) );
#2172 =( GEOMETRIC_REPRESENTATION_CONTEXT ( 3 ) GLOBAL_UNCERTAINTY_ASSIGNED_CONTEXT ( ( #3879 ) ) GLOBAL_UNIT_ASSIGNED_CONTEXT ( ( #7390, #313, #6014 ) ) REPRESENTATION_CONTEXT ( 'NONE', 'WORKASPACE' ) );
#2173 = DIRECTION ( 'NONE',  ( 1.000000000000000000, 0.0000000000000000000, 0.0000000000000000000 ) ) ;
#2174 = MECHANICAL_DESIGN_GEOMETRIC_PRESENTATION_REPRESENTATION (  '', ( #7981 ), #3961 ) ;
#2175 = CARTESIAN_POINT ( 'NONE',  ( 6.005216961323360358, 2.487442310373079835, 1.000000000000000000 ) ) ;
#2176 = SURFACE_STYLE_USAGE ( .BOTH. , #1628 ) ;
#2177 = EDGE_CURVE ( 'NONE', #4196, #7994, #8360, .T. ) ;
#2178 = AXIS2_PLACEMENT_3D ( 'NONE', #2854, #2060, #2156 ) ;
#2179 = ORIENTED_EDGE ( 'NONE', *, *, #7703, .F. ) ;
#2180 = FILL_AREA_STYLE ('',( #8184 ) ) ;
#2181 = VERTEX_POINT ( 'NONE', #7732 ) ;
#2182 = LINE ( 'NONE', #7243, #4486 ) ;
#2183 = LINE ( 'NONE', #4862, #6757 ) ;
#2184 = CIRCLE ( 'NONE', #6306, 1.000000000000000000 ) ;
#2185 = SURFACE_STYLE_USAGE ( .BOTH. , #5429 ) ;
#2186 = LINE ( 'NONE', #4823, #7006 ) ;
#2187 = ORIENTED_EDGE ( 'NONE', *, *, #3339, .F. ) ;
#2188 = ORIENTED_EDGE ( 'NONE', *, *, #2686, .T. ) ;
#2189 = EDGE_CURVE ( 'NONE', #3338, #7595, #1729, .T. ) ;
#2190 = LINE ( 'NONE', #339, #6373 ) ;
#2191 = ORIENTED_EDGE ( 'NONE', *, *, #2313, .T. ) ;
#2192 = UNCERTAINTY_MEASURE_WITH_UNIT (LENGTH_MEASURE( 1.000000000000000082E-05 ), #7467, 'distance_accuracy_value', 'NONE');
#2193 = CARTESIAN_POINT ( 'NONE',  ( 1.134724696032348268, -6.907416294405189561, 1.000000000000002665 ) ) ;
#2194 = CIRCLE ( 'NONE', #5640, 7.000000000000000000 ) ;
#2195 = CARTESIAN_POINT ( 'NONE',  ( 6.557934381098211141, 2.448161892769749937, 0.0000000000000000000 ) ) ;
#2196 = CARTESIAN_POINT ( 'NONE',  ( 0.0000000000000000000, 0.0000000000000000000, 2.200000000000000178 ) ) ;
#2197 = ORIENTED_EDGE ( 'NONE', *, *, #3828, .T. ) ;
#2198 = EDGE_CURVE ( 'NONE', #4810, #4999, #7691, .T. ) ;
#2199 = AXIS2_PLACEMENT_3D ( 'NONE', #2555, #3214, #4417 ) ;
#2200 =( LENGTH_UNIT ( ) NAMED_UNIT ( * ) SI_UNIT ( .MILLI., .METRE. ) );
#2201 = FACE_OUTER_BOUND ( 'NONE', #7366, .T. ) ;
#2202 = DIRECTION ( 'NONE',  ( 1.000000000000000000, 0.0000000000000000000, 0.0000000000000000000 ) ) ;
#2203 = CARTESIAN_POINT ( 'NONE',  ( -3.611206514627411046, 5.404552479966539202, -7.000000000000000000 ) ) ;
#2204 = PRESENTATION_LAYER_ASSIGNMENT (  '', '', ( #3037 ) ) ;
#2205 = DIRECTION ( 'NONE',  ( 0.9974842088126424366, 0.07088902009067907239, -0.0000000000000000000 ) ) ;
#2206 = ORIENTED_EDGE ( 'NONE', *, *, #4634, .T. ) ;
#2207 =( NAMED_UNIT ( * ) SI_UNIT ( $, .STERADIAN. ) SOLID_ANGLE_UNIT ( ) );
#2208 = ORIENTED_EDGE ( 'NONE', *, *, #4953, .T. ) ;
#2209 = CARTESIAN_POINT ( 'NONE',  ( -4.199999999999991296, -5.645612346359441425, 1.199999999999999289 ) ) ;
#2210 = ORIENTED_EDGE ( 'NONE', *, *, #8425, .T. ) ;
#2211 = VECTOR ( 'NONE', #2939, 1000.000000000000000 ) ;
#2212 = DIRECTION ( 'NONE',  ( 1.000000000000000000, 0.0000000000000000000, 0.0000000000000000000 ) ) ;
#2213 = LINE ( 'NONE', #4887, #8111 ) ;
#2214 = DIRECTION ( 'NONE',  ( -0.0000000000000000000, -1.000000000000000000, -0.0000000000000000000 ) ) ;
#2215 = PLANE ( 'NONE',  #515 ) ;
#2216 = MECHANICAL_DESIGN_GEOMETRIC_PRESENTATION_REPRESENTATION (  '', ( #6916 ), #7184 ) ;
#2217 = ORIENTED_EDGE ( 'NONE', *, *, #228, .F. ) ;
#2218 = VERTEX_POINT ( 'NONE', #7065 ) ;
#2219 = CARTESIAN_POINT ( 'NONE',  ( -4.900000000000000355, 1.740689518552940074, 1.500000000000000000 ) ) ;
#2220 = CIRCLE ( 'NONE', #2361, 0.5999999999999998668 ) ;
#2221 = CARTESIAN_POINT ( 'NONE',  ( 0.0000000000000000000, 0.0000000000000000000, 2.700000000000000178 ) ) ;
#2222 = EDGE_CURVE ( 'NONE', #4476, #8393, #4860, .T. ) ;
#2223 = DIRECTION ( 'NONE',  ( 1.000000000000000000, 0.0000000000000000000, -0.0000000000000000000 ) ) ;
#2224 = VERTEX_POINT ( 'NONE', #4360 ) ;
#2225 = ORIENTED_EDGE ( 'NONE', *, *, #4179, .T. ) ;
#2226 = PRESENTATION_LAYER_ASSIGNMENT (  '', '', ( #7619 ) ) ;
#2227 = EDGE_LOOP ( 'NONE', ( #5175, #4902, #2256, #3601 ) ) ;
#2228 = STYLED_ITEM ( 'NONE', ( #2862 ), #2034 ) ;
#2229 = CARTESIAN_POINT ( 'NONE',  ( -1.268087093104836471, -6.375104322620998687, 1.000000000000004663 ) ) ;
#2230 = ORIENTED_EDGE ( 'NONE', *, *, #4071, .T. ) ;
#2231 = DIRECTION ( 'NONE',  ( 1.000000000000000000, -0.0000000000000000000, 0.0000000000000000000 ) ) ;
#2232 = VECTOR ( 'NONE', #5994, 1000.000000000000114 ) ;
#2233 = EDGE_CURVE ( 'NONE', #1, #1143, #6468, .T. ) ;
#2234 = VECTOR ( 'NONE', #3194, 1000.000000000000000 ) ;
#2235 = CARTESIAN_POINT ( 'NONE',  ( -2.448161892769762371, -6.557934381098212029, 0.0000000000000000000 ) ) ;
#2236 =( LENGTH_UNIT ( ) NAMED_UNIT ( * ) SI_UNIT ( .MILLI., .METRE. ) );
#2237 = CARTESIAN_POINT ( 'NONE',  ( -3.611206514627410158, -5.404552479966540091, 0.0000000000000000000 ) ) ;
#2238 = ORIENTED_EDGE ( 'NONE', *, *, #7693, .T. ) ;
#2239 = ORIENTED_EDGE ( 'NONE', *, *, #4832, .F. ) ;
#2240 = UNCERTAINTY_MEASURE_WITH_UNIT (LENGTH_MEASURE( 1.000000000000000082E-05 ), #6242, 'distance_accuracy_value', 'NONE');
#2241 = CARTESIAN_POINT ( 'NONE',  ( -2.799999999999999822, -5.645612346359450306, 1.200000000000000178 ) ) ;
#2242 = EDGE_CURVE ( 'NONE', #8097, #4619, #6803, .T. ) ;
#2243 = PLANE ( 'NONE',  #7409 ) ;
#2244 = CARTESIAN_POINT ( 'NONE',  ( -1.400000000000000133, -5.495612346359449951, 1.500000000000000000 ) ) ;
#2245 = DIRECTION ( 'NONE',  ( -0.5957350678737109995, -0.8031810063152047263, 0.0000000000000000000 ) ) ;
#2246 = DIRECTION ( 'NONE',  ( 0.0000000000000000000, 1.000000000000000000, 0.0000000000000000000 ) ) ;
#2247 = VERTEX_POINT ( 'NONE', #7608 ) ;
#2248 = VERTEX_POINT ( 'NONE', #1695 ) ;
#2249 = VERTEX_POINT ( 'NONE', #3027 ) ;
#2250 = EDGE_CURVE ( 'NONE', #2841, #3008, #5656, .T. ) ;
#2251 = PLANE ( 'NONE',  #3668 ) ;
#2252 = EDGE_CURVE ( 'NONE', #6750, #1516, #1698, .T. ) ;
#2253 = CIRCLE ( 'NONE', #4049, 7.000000000000000000 ) ;
#2254 = DIRECTION ( 'NONE',  ( -0.0000000000000000000, -0.0000000000000000000, -1.000000000000000000 ) ) ;
#2255 = FACE_OUTER_BOUND ( 'NONE', #5459, .T. ) ;
#2256 = ORIENTED_EDGE ( 'NONE', *, *, #4894, .T. ) ;
#2257 =( NAMED_UNIT ( * ) PLANE_ANGLE_UNIT ( ) SI_UNIT ( $, .RADIAN. ) );
#2258 = VECTOR ( 'NONE', #5522, 1000.000000000000114 ) ;
#2259 = EDGE_LOOP ( 'NONE', ( #6398, #3608, #413, #5828 ) ) ;
#2260 = UNCERTAINTY_MEASURE_WITH_UNIT (LENGTH_MEASURE( 1.000000000000000082E-05 ), #3318, 'distance_accuracy_value', 'NONE');
#2261 = VECTOR ( 'NONE', #7483, 1000.000000000000000 ) ;
#2262 = CARTESIAN_POINT ( 'NONE',  ( 6.557934381098211141, 2.448161892769749937, -7.000000000000000000 ) ) ;
#2263 = CARTESIAN_POINT ( 'NONE',  ( 0.0000000000000000000, 0.0000000000000000000, 2.200000000000000178 ) ) ;
#2264 = VECTOR ( 'NONE', #7624, 1000.000000000000000 ) ;
#2265 = LINE ( 'NONE', #2350, #6455 ) ;
#2266 = VECTOR ( 'NONE', #4818, 1000.000000000000000 ) ;
#2267 = ORIENTED_EDGE ( 'NONE', *, *, #5292, .T. ) ;
#2268 = ORIENTED_EDGE ( 'NONE', *, *, #2271, .T. ) ;
#2269 = DIRECTION ( 'NONE',  ( 0.0000000000000000000, 1.000000000000000000, 0.0000000000000000000 ) ) ;
#2270 = EDGE_LOOP ( 'NONE', ( #7634, #7164, #5353, #2893 ) ) ;
#2271 = EDGE_CURVE ( 'NONE', #5134, #1955, #2586, .T. ) ;
#2272 = MECHANICAL_DESIGN_GEOMETRIC_PRESENTATION_REPRESENTATION (  '', ( #2837 ), #7239 ) ;
#2273 = COLOUR_RGB ( '',0.0000000000000000000, 0.0000000000000000000, 0.0000000000000000000 ) ;
#2274 = LINE ( 'NONE', #3539, #5074 ) ;
#2275 = DIRECTION ( 'NONE',  ( 0.9891830423698440011, -0.1466864298015990997, 0.0000000000000000000 ) ) ;
#2276 = SURFACE_SIDE_STYLE ('',( #4182 ) ) ;
#2277 = SURFACE_STYLE_FILL_AREA ( #6060 ) ;
#2278 =( GEOMETRIC_REPRESENTATION_CONTEXT ( 3 ) GLOBAL_UNCERTAINTY_ASSIGNED_CONTEXT ( ( #6558 ) ) GLOBAL_UNIT_ASSIGNED_CONTEXT ( ( #1573, #4747, #1488 ) ) REPRESENTATION_CONTEXT ( 'NONE', 'WORKASPACE' ) );
#2279 = AXIS2_PLACEMENT_3D ( 'NONE', #2396, #7680, #1755 ) ;
#2280 = EDGE_CURVE ( 'NONE', #720, #1889, #129, .T. ) ;
#2281 = EDGE_CURVE ( 'NONE', #4988, #7008, #4052, .T. ) ;
#2282 =( LENGTH_UNIT ( ) NAMED_UNIT ( * ) SI_UNIT ( .MILLI., .METRE. ) );
#2283 = ORIENTED_EDGE ( 'NONE', *, *, #491, .T. ) ;
#2284 = DIRECTION ( 'NONE',  ( 0.9974842088126424366, 0.07088902009067907239, 0.0000000000000000000 ) ) ;
#2285 =( GEOMETRIC_REPRESENTATION_CONTEXT ( 3 ) GLOBAL_UNCERTAINTY_ASSIGNED_CONTEXT ( ( #4749 ) ) GLOBAL_UNIT_ASSIGNED_CONTEXT ( ( #2909, #399, #8181 ) ) REPRESENTATION_CONTEXT ( 'NONE', 'WORKASPACE' ) );
#2286 = DIRECTION ( 'NONE',  ( 0.0000000000000000000, -1.000000000000000000, 0.0000000000000000000 ) ) ;
#2287 = FACE_OUTER_BOUND ( 'NONE', #8131, .T. ) ;
#2288 = CARTESIAN_POINT ( 'NONE',  ( 0.0000000000000000000, 0.0000000000000000000, 0.2500000000000000000 ) ) ;
#2289 = DIRECTION ( 'NONE',  ( -0.0000000000000000000, -0.0000000000000000000, -1.000000000000000000 ) ) ;
#2290 = SURFACE_STYLE_USAGE ( .BOTH. , #3591 ) ;
#2291 = ORIENTED_EDGE ( 'NONE', *, *, #594, .F. ) ;
#2292 = AXIS2_PLACEMENT_3D ( 'NONE', #7290, #2835, #4205 ) ;
#2293 = LINE ( 'NONE', #5539, #5567 ) ;
#2294 = ORIENTED_EDGE ( 'NONE', *, *, #1181, .F. ) ;
#2295 = EDGE_CURVE ( 'NONE', #5871, #3970, #6936, .T. ) ;
#2296 = LINE ( 'NONE', #6998, #8208 ) ;
#2297 = CARTESIAN_POINT ( 'NONE',  ( 5.200000000000001066, 2.000000000000000000, 4.200000000000000178 ) ) ;
#2298 = LINE ( 'NONE', #4929, #6869 ) ;
#2299 = DIRECTION ( 'NONE',  ( -1.000000000000000000, 0.0000000000000000000, 0.0000000000000000000 ) ) ;
#2300 = PRESENTATION_STYLE_ASSIGNMENT (( #1739 ) ) ;
#2301 = AXIS2_PLACEMENT_3D ( 'NONE', #7058, #3144, #4562 ) ;
#2302 = PRESENTATION_LAYER_ASSIGNMENT (  '', '', ( #1231 ) ) ;
#2303 = DIRECTION ( 'NONE',  ( 0.0000000000000000000, 0.0000000000000000000, 1.000000000000000000 ) ) ;
#2304 = ORIENTED_EDGE ( 'NONE', *, *, #5302, .F. ) ;
#2305 = EDGE_CURVE ( 'NONE', #2670, #516, #6122, .T. ) ;
#2306 = CARTESIAN_POINT ( 'NONE',  ( -5.947380195468817021, -3.691702698016906314, 0.0000000000000000000 ) ) ;
#2307 = VECTOR ( 'NONE', #2523, 1000.000000000000000 ) ;
#2308 = VERTEX_POINT ( 'NONE', #4006 ) ;
#2309 = VECTOR ( 'NONE', #387, 1000.000000000000114 ) ;
#2310 = CARTESIAN_POINT ( 'NONE',  ( -1.268087093104834695, 6.375104322620996022, -7.000000000000000000 ) ) ;
#2311 =( NAMED_UNIT ( * ) PLANE_ANGLE_UNIT ( ) SI_UNIT ( $, .RADIAN. ) );
#2312 = COLOUR_RGB ( '',0.1529411764705882470, 0.1529411764705882470, 0.1529411764705882470 ) ;
#2313 = EDGE_CURVE ( 'NONE', #6083, #4011, #5974, .T. ) ;
#2314 = DIRECTION ( 'NONE',  ( 0.0000000000000000000, 0.0000000000000000000, -1.000000000000000000 ) ) ;
#2315 = VECTOR ( 'NONE', #777, 1000.000000000000000 ) ;
#2316 = VERTEX_POINT ( 'NONE', #5838 ) ;
#2317 = ORIENTED_EDGE ( 'NONE', *, *, #3282, .T. ) ;
#2318 = SURFACE_STYLE_FILL_AREA ( #8237 ) ;
#2319 = ORIENTED_EDGE ( 'NONE', *, *, #4503, .F. ) ;
#2320 = MECHANICAL_DESIGN_GEOMETRIC_PRESENTATION_REPRESENTATION (  '', ( #4521 ), #2596 ) ;
#2321 = MECHANICAL_DESIGN_GEOMETRIC_PRESENTATION_REPRESENTATION (  '', ( #3288 ), #3429 ) ;
#2322 = PRESENTATION_LAYER_ASSIGNMENT (  '', '', ( #7267 ) ) ;
#2323 = CARTESIAN_POINT ( 'NONE',  ( 5.450000000000000178, 0.0000000000000000000, 1.699999999999999956 ) ) ;
#2324 = SURFACE_STYLE_USAGE ( .BOTH. , #3541 ) ;
#2325 =( LENGTH_UNIT ( ) NAMED_UNIT ( * ) SI_UNIT ( .MILLI., .METRE. ) );
#2326 = ORIENTED_EDGE ( 'NONE', *, *, #6012, .F. ) ;
#2327 = FACE_OUTER_BOUND ( 'NONE', #6049, .T. ) ;
#2328 = SURFACE_STYLE_FILL_AREA ( #3023 ) ;
#2329 = VECTOR ( 'NONE', #936, 1000.000000000000000 ) ;
#2330 = EDGE_CURVE ( 'NONE', #731, #166, #5551, .T. ) ;
#2331 = DIRECTION ( 'NONE',  ( 0.0000000000000000000, 0.0000000000000000000, 1.000000000000000000 ) ) ;
#2332 = EDGE_CURVE ( 'NONE', #2743, #1713, #4616, .T. ) ;
#2333 = CARTESIAN_POINT ( 'NONE',  ( 1.268087093104832253, 6.375104322621000463, -7.000000000000000000 ) ) ;
#2334 = CARTESIAN_POINT ( 'NONE',  ( 0.0000000000000000000, 0.0000000000000000000, 1.000000000000000000 ) ) ;
#2335 = VERTEX_POINT ( 'NONE', #2059 ) ;
#2336 = CARTESIAN_POINT ( 'NONE',  ( 1.595004854618146339, 6.815860878403003476, 0.0000000000000000000 ) ) ;
#2337 = ORIENTED_EDGE ( 'NONE', *, *, #2085, .T. ) ;
#2338 = PRESENTATION_STYLE_ASSIGNMENT (( #5800 ) ) ;
#2339 = VECTOR ( 'NONE', #2836, 1000.000000000000000 ) ;
#2340 =( NAMED_UNIT ( * ) SI_UNIT ( $, .STERADIAN. ) SOLID_ANGLE_UNIT ( ) );
#2341 = FILL_AREA_STYLE_COLOUR ( '', #3606 ) ;
#2342 = ADVANCED_FACE ( 'NONE', ( #7817 ), #5227, .T. ) ;
#2343 = ORIENTED_EDGE ( 'NONE', *, *, #6613, .F. ) ;
#2344 = STYLED_ITEM ( 'NONE', ( #5507 ), #1058 ) ;
#2345 = UNCERTAINTY_MEASURE_WITH_UNIT (LENGTH_MEASURE( 1.000000000000000082E-05 ), #2928, 'distance_accuracy_value', 'NONE');
#2346 = LINE ( 'NONE', #4975, #5385 ) ;
#2347 = EDGE_CURVE ( 'NONE', #8238, #3272, #1445, .T. ) ;
#2348 = AXIS2_PLACEMENT_3D ( 'NONE', #2860, #3551, #5494 ) ;
#2349 = CARTESIAN_POINT ( 'NONE',  ( 6.005216961323359470, 2.487442310373079835, 0.0000000000000000000 ) ) ;
#2350 = CARTESIAN_POINT ( 'NONE',  ( -1.199999999999999956, -7.445612346359450129, 2.200000000000000178 ) ) ;
#2351 = VERTEX_POINT ( 'NONE', #7338 ) ;
#2352 = ORIENTED_EDGE ( 'NONE', *, *, #1537, .F. ) ;
#2353 = LINE ( 'NONE', #1715, #7075 ) ;
#2354 = ORIENTED_EDGE ( 'NONE', *, *, #6150, .T. ) ;
#2355 = UNCERTAINTY_MEASURE_WITH_UNIT (LENGTH_MEASURE( 1.000000000000000082E-05 ), #5279, 'distance_accuracy_value', 'NONE');
#2356 = DIRECTION ( 'NONE',  ( 0.0000000000000000000, 0.0000000000000000000, 1.000000000000000000 ) ) ;
#2357 = CARTESIAN_POINT ( 'NONE',  ( -0.5000000000000000000, -7.145612346359450306, 2.200000000000000178 ) ) ;
#2358 = ADVANCED_FACE ( 'NONE', ( #7862 ), #1404, .T. ) ;
#2359 = STYLED_ITEM ( 'NONE', ( #3697 ), #2866 ) ;
#2360 =( NAMED_UNIT ( * ) SI_UNIT ( $, .STERADIAN. ) SOLID_ANGLE_UNIT ( ) );
#2361 = AXIS2_PLACEMENT_3D ( 'NONE', #2131, #5987, #5380 ) ;
#2362 = VERTEX_POINT ( 'NONE', #2155 ) ;
#2363 = DIRECTION ( 'NONE',  ( 0.0000000000000000000, 0.0000000000000000000, 1.000000000000000000 ) ) ;
#2364 = VECTOR ( 'NONE', #7831, 1000.000000000000000 ) ;
#2365 = VECTOR ( 'NONE', #4317, 1000.000000000000000 ) ;
#2366 = PLANE ( 'NONE',  #4612 ) ;
#2367 = FILL_AREA_STYLE ('',( #4271 ) ) ;
#2368 = SURFACE_STYLE_FILL_AREA ( #4272 ) ;
#2369 = LINE ( 'NONE', #3708, #5834 ) ;
#2370 = PLANE ( 'NONE',  #1115 ) ;
#2371 = CARTESIAN_POINT ( 'NONE',  ( -3.500000000000000000, -7.445612346359450129, 1.199999999999999956 ) ) ;
#2372 = AXIS2_PLACEMENT_3D ( 'NONE', #1898, #4660, #7203 ) ;
#2373 = ORIENTED_EDGE ( 'NONE', *, *, #5266, .T. ) ;
#2374 = DIRECTION ( 'NONE',  ( 0.0000000000000000000, 0.0000000000000000000, 1.000000000000000000 ) ) ;
#2375 = ORIENTED_EDGE ( 'NONE', *, *, #773, .F. ) ;
#2376 = ADVANCED_FACE ( 'NONE', ( #7434 ), #6821, .T. ) ;
#2377 = DIRECTION ( 'NONE',  ( 0.5957350678737109995, -0.8031810063152047263, 0.0000000000000000000 ) ) ;
#2378 = CARTESIAN_POINT ( 'NONE',  ( -3.800000000000000711, -5.645612346359450306, 1.500000000000000000 ) ) ;
#2379 = CARTESIAN_POINT ( 'NONE',  ( -4.900000000000000355, 1.740689518552930526, 2.200000000000000178 ) ) ;
#2380 = CARTESIAN_POINT ( 'NONE',  ( -6.375104322620999575, -1.268087093104830032, 1.000000000000003553 ) ) ;
#2381 =( NAMED_UNIT ( * ) PLANE_ANGLE_UNIT ( ) SI_UNIT ( $, .RADIAN. ) );
#2382 =( LENGTH_UNIT ( ) NAMED_UNIT ( * ) SI_UNIT ( .MILLI., .METRE. ) );
#2383 = EDGE_CURVE ( 'NONE', #7015, #4093, #2852, .T. ) ;
#2384 = ORIENTED_EDGE ( 'NONE', *, *, #4528, .F. ) ;
#2385 = CARTESIAN_POINT ( 'NONE',  ( 2.759999999999999787, -5.645612346359450306, 1.200000000000000178 ) ) ;
#2386 = EDGE_CURVE ( 'NONE', #6986, #5521, #3412, .T. ) ;
#2387 = PRESENTATION_STYLE_ASSIGNMENT (( #8301 ) ) ;
#2388 = DIRECTION ( 'NONE',  ( 0.0000000000000000000, 0.0000000000000000000, 1.000000000000000000 ) ) ;
#2389 = CARTESIAN_POINT ( 'NONE',  ( 0.1999999999999989564, -4.645612346359450306, 3.600000000000000533 ) ) ;
#2390 = ORIENTED_EDGE ( 'NONE', *, *, #1208, .T. ) ;
#2391 = ORIENTED_EDGE ( 'NONE', *, *, #4574, .F. ) ;
#2392 = CARTESIAN_POINT ( 'NONE',  ( -6.815860878403005252, -1.595004854618138346, 0.0000000000000000000 ) ) ;
#2393 = PRESENTATION_STYLE_ASSIGNMENT (( #5644 ) ) ;
#2394 = FILL_AREA_STYLE_COLOUR ( '', #3299 ) ;
#2395 = AXIS2_PLACEMENT_3D ( 'NONE', #3136, #8271, #1752 ) ;
#2396 = CARTESIAN_POINT ( 'NONE',  ( 0.0000000000000000000, 0.0000000000000000000, 0.0000000000000000000 ) ) ;
#2397 = STYLED_ITEM ( 'NONE', ( #6990 ), #5365 ) ;
#2398 = SURFACE_SIDE_STYLE ('',( #8311 ) ) ;
#2399 =( LENGTH_UNIT ( ) NAMED_UNIT ( * ) SI_UNIT ( .MILLI., .METRE. ) );
#2400 = CARTESIAN_POINT ( 'NONE',  ( -3.611206514627410158, -5.404552479966540091, 1.000000000000000000 ) ) ;
#2401 =( GEOMETRIC_REPRESENTATION_CONTEXT ( 3 ) GLOBAL_UNCERTAINTY_ASSIGNED_CONTEXT ( ( #3488 ) ) GLOBAL_UNIT_ASSIGNED_CONTEXT ( ( #2833, #4857, #7462 ) ) REPRESENTATION_CONTEXT ( 'NONE', 'WORKASPACE' ) );
#2402 = AXIS2_PLACEMENT_3D ( 'NONE', #4288, #6762, #1506 ) ;
#2403 = PLANE ( 'NONE',  #8218 ) ;
#2404 = UNCERTAINTY_MEASURE_WITH_UNIT (LENGTH_MEASURE( 1.000000000000000082E-05 ), #4445, 'distance_accuracy_value', 'NONE');
#2405 = CARTESIAN_POINT ( 'NONE',  ( 6.510492742431059909, -3.775206928833970021, 1.000000000000000000 ) ) ;
#2406 = MECHANICAL_DESIGN_GEOMETRIC_PRESENTATION_REPRESENTATION (  '', ( #5016 ), #3923 ) ;
#2407 = CARTESIAN_POINT ( 'NONE',  ( -4.900000000000000355, 1.740689518552940074, 1.500000000000000000 ) ) ;
#2408 = STYLED_ITEM ( 'NONE', ( #8025 ), #6096 ) ;
#2409 = CARTESIAN_POINT ( 'NONE',  ( -4.086162522828789889, 5.683597086091648265, 0.0000000000000000000 ) ) ;
#2410 = DIRECTION ( 'NONE',  ( 0.06218173949673957979, -0.9980648432206995491, 0.0000000000000000000 ) ) ;
#2411 = FILL_AREA_STYLE ('',( #6334 ) ) ;
#2412 = CIRCLE ( 'NONE', #6022, 0.7500000000000000000 ) ;
#2413 = ORIENTED_EDGE ( 'NONE', *, *, #2447, .T. ) ;
#2414 = UNCERTAINTY_MEASURE_WITH_UNIT (LENGTH_MEASURE( 1.000000000000000082E-05 ), #1385, 'distance_accuracy_value', 'NONE');
#2415 = VECTOR ( 'NONE', #3016, 1000.000000000000000 ) ;
#2416 = FILL_AREA_STYLE_COLOUR ( '', #993 ) ;
#2417 = FILL_AREA_STYLE ('',( #7209 ) ) ;
#2418 = DIRECTION ( 'NONE',  ( 1.000000000000000000, 0.0000000000000000000, -0.0000000000000000000 ) ) ;
#2419 = FILL_AREA_STYLE ('',( #6267 ) ) ;
#2420 = CARTESIAN_POINT ( 'NONE',  ( -6.375104322620999575, -1.268087093104830032, -7.000000000000000000 ) ) ;
#2421 = AXIS2_PLACEMENT_3D ( 'NONE', #2916, #7948, #3489 ) ;
#2422 = PRESENTATION_LAYER_ASSIGNMENT (  '', '', ( #4638 ) ) ;
#2423 = EDGE_LOOP ( 'NONE', ( #8350, #4261, #7174, #6543 ) ) ;
#2424 = ORIENTED_EDGE ( 'NONE', *, *, #8102, .F. ) ;
#2425 = AXIS2_PLACEMENT_3D ( 'NONE', #1775, #4284, #1089 ) ;
#2426 = CIRCLE ( 'NONE', #2715, 0.5000000000000004441 ) ;
#2427 = CARTESIAN_POINT ( 'NONE',  ( -4.440892098500630106E-16, -9.445612346359450129, 4.200000000000000178 ) ) ;
#2428 = DIRECTION ( 'NONE',  ( 1.000000000000000000, -1.421085471520200372E-14, 0.0000000000000000000 ) ) ;
#2429 = CARTESIAN_POINT ( 'NONE',  ( -5.200000000000001066, 3.000000000000000000, 1.699999999999999956 ) ) ;
#2430 = EDGE_CURVE ( 'NONE', #5148, #3767, #4831, .T. ) ;
#2431 = ORIENTED_EDGE ( 'NONE', *, *, #41, .T. ) ;
#2432 = CIRCLE ( 'NONE', #3555, 7.000000000000000000 ) ;
#2433 = ORIENTED_EDGE ( 'NONE', *, *, #3312, .T. ) ;
#2434 = CARTESIAN_POINT ( 'NONE',  ( -4.500000000000000888, -5.495612346359449951, 1.199999999999999956 ) ) ;
#2435 = FILL_AREA_STYLE ('',( #4465 ) ) ;
#2436 = DIRECTION ( 'NONE',  ( 0.0000000000000000000, 0.0000000000000000000, 1.000000000000000000 ) ) ;
#2437 = AXIS2_PLACEMENT_3D ( 'NONE', #7487, #2245, #918 ) ;
#2438 = AXIS2_PLACEMENT_3D ( 'NONE', #7317, #6032, #6658 ) ;
#2439 = SURFACE_STYLE_USAGE ( .BOTH. , #2398 ) ;
#2440 = DIRECTION ( 'NONE',  ( 1.000000000000000000, 0.0000000000000000000, 0.0000000000000000000 ) ) ;
#2441 = EDGE_CURVE ( 'NONE', #3427, #1044, #8116, .T. ) ;
#2442 = ORIENTED_EDGE ( 'NONE', *, *, #378, .F. ) ;
#2443 = DIRECTION ( 'NONE',  ( -0.0000000000000000000, -0.0000000000000000000, -1.000000000000000000 ) ) ;
#2444 = ORIENTED_EDGE ( 'NONE', *, *, #8290, .T. ) ;
#2445 = CARTESIAN_POINT ( 'NONE',  ( -6.375104322621001351, 1.268087093104831586, 1.000000000000004663 ) ) ;
#2446 = DIRECTION ( 'NONE',  ( -0.0000000000000000000, -0.0000000000000000000, -1.000000000000000000 ) ) ;
#2447 = EDGE_CURVE ( 'NONE', #606, #3329, #6181, .T. ) ;
#2448 = CIRCLE ( 'NONE', #573, 0.9999999999999995559 ) ;
#2449 = CARTESIAN_POINT ( 'NONE',  ( -1.199999999999999734, -6.995612346359449951, 1.500000000000000000 ) ) ;
#2450 = LINE ( 'NONE', #5226, #6031 ) ;
#2451 = DIRECTION ( 'NONE',  ( 1.000000000000000000, 0.0000000000000000000, 0.0000000000000000000 ) ) ;
#2452 = EDGE_CURVE ( 'NONE', #1688, #850, #7052, .T. ) ;
#2453 =( NAMED_UNIT ( * ) SI_UNIT ( $, .STERADIAN. ) SOLID_ANGLE_UNIT ( ) );
#2454 = ORIENTED_EDGE ( 'NONE', *, *, #1502, .T. ) ;
#2455 = DIRECTION ( 'NONE',  ( 1.000000000000000000, 0.0000000000000000000, 0.0000000000000000000 ) ) ;
#2456 = ORIENTED_EDGE ( 'NONE', *, *, #3630, .T. ) ;
#2457 = SURFACE_STYLE_FILL_AREA ( #7657 ) ;
#2458 = FACE_OUTER_BOUND ( 'NONE', #7388, .T. ) ;
#2459 = ADVANCED_FACE ( 'NONE', ( #4148 ), #2812, .F. ) ;
#2460 = CARTESIAN_POINT ( 'NONE',  ( -4.440892098500630106E-16, -7.145612346359450306, 4.700000000000001066 ) ) ;
#2461 = DIRECTION ( 'NONE',  ( 0.9584966580880915910, -0.2851037643279368261, 0.0000000000000000000 ) ) ;
#2462 = SURFACE_SIDE_STYLE ('',( #3679 ) ) ;
#2463 = LINE ( 'NONE', #8261, #4066 ) ;
#2464 = DIRECTION ( 'NONE',  ( -0.7554539549957062228, -0.6552017413601290974, 0.0000000000000000000 ) ) ;
#2465 = ORIENTED_EDGE ( 'NONE', *, *, #7403, .F. ) ;
#2466 = SURFACE_STYLE_USAGE ( .BOTH. , #8381 ) ;
#2467 = ORIENTED_EDGE ( 'NONE', *, *, #3252, .F. ) ;
#2468 = MECHANICAL_DESIGN_GEOMETRIC_PRESENTATION_REPRESENTATION (  '', ( #3848 ), #2767 ) ;
#2469 = CARTESIAN_POINT ( 'NONE',  ( 4.771419503187759759, 5.121870354138170711, 0.0000000000000000000 ) ) ;
#2470 =( LENGTH_UNIT ( ) NAMED_UNIT ( * ) SI_UNIT ( .MILLI., .METRE. ) );
#2471 = DIRECTION ( 'NONE',  ( 0.4472135954999579277, 0.8944271909999158554, 0.0000000000000000000 ) ) ;
#2472 = DIRECTION ( 'NONE',  ( -0.0000000000000000000, -1.000000000000000000, -0.0000000000000000000 ) ) ;
#2473 = COLOUR_RGB ( '',0.1529411764705882470, 0.1529411764705882470, 0.1529411764705882470 ) ;
#2474 = VERTEX_POINT ( 'NONE', #185 ) ;
#2475 = ORIENTED_EDGE ( 'NONE', *, *, #1544, .F. ) ;
#2476 = CARTESIAN_POINT ( 'NONE',  ( -4.103475899587719411, -5.671109727513902854, -7.000000000000000000 ) ) ;
#2477 = ORIENTED_EDGE ( 'NONE', *, *, #7738, .F. ) ;
#2478 = EDGE_CURVE ( 'NONE', #3536, #4233, #5282, .T. ) ;
#2479 = CARTESIAN_POINT ( 'NONE',  ( -1.682546017330829936E-16, -5.495612346359449951, 2.200000000000000178 ) ) ;
#2480 = DIRECTION ( 'NONE',  ( 0.9486832980505138790, 0.3162277660168379967, -0.0000000000000000000 ) ) ;
#2481 = DIRECTION ( 'NONE',  ( 0.0000000000000000000, -0.0000000000000000000, 1.000000000000000000 ) ) ;
#2482 = SURFACE_STYLE_FILL_AREA ( #1278 ) ;
#2483 = ORIENTED_EDGE ( 'NONE', *, *, #709, .T. ) ;
#2484 = PRESENTATION_LAYER_ASSIGNMENT (  '', '', ( #1949 ) ) ;
#2485 = FILL_AREA_STYLE ('',( #6226 ) ) ;
#2486 = VERTEX_POINT ( 'NONE', #8158 ) ;
#2487 = DIRECTION ( 'NONE',  ( 1.000000000000000000, 0.0000000000000000000, 0.0000000000000000000 ) ) ;
#2488 = ADVANCED_FACE ( 'NONE', ( #1649 ), #4871, .T. ) ;
#2489 = FACE_OUTER_BOUND ( 'NONE', #4168, .T. ) ;
#2490 = PRESENTATION_LAYER_ASSIGNMENT (  '', '', ( #344 ) ) ;
#2491 = MECHANICAL_DESIGN_GEOMETRIC_PRESENTATION_REPRESENTATION (  '', ( #6629 ), #7479 ) ;
#2492 = DIRECTION ( 'NONE',  ( -0.0000000000000000000, -0.0000000000000000000, -1.000000000000000000 ) ) ;
#2493 =( NAMED_UNIT ( * ) SI_UNIT ( $, .STERADIAN. ) SOLID_ANGLE_UNIT ( ) );
#2494 = DIRECTION ( 'NONE',  ( 1.000000000000000000, 0.0000000000000000000, 0.0000000000000000000 ) ) ;
#2495 = EDGE_LOOP ( 'NONE', ( #1621, #3620, #7142, #6566, #7587, #6531, #7265 ) ) ;
#2496 = PRESENTATION_LAYER_ASSIGNMENT (  '', '', ( #3058 ) ) ;
#2497 =( NAMED_UNIT ( * ) PLANE_ANGLE_UNIT ( ) SI_UNIT ( $, .RADIAN. ) );
#2498 = ORIENTED_EDGE ( 'NONE', *, *, #8268, .T. ) ;
#2499 = PRESENTATION_STYLE_ASSIGNMENT (( #5799 ) ) ;
#2500 = LINE ( 'NONE', #4739, #5224 ) ;
#2501 = CARTESIAN_POINT ( 'NONE',  ( 2.487442310373079390, -6.005216961323361247, -7.000000000000000000 ) ) ;
#2502 = AXIS2_PLACEMENT_3D ( 'NONE', #909, #1484, #6866 ) ;
#2503 = CARTESIAN_POINT ( 'NONE',  ( 5.160000000000000142, -7.145612346359450306, 1.500000000000000000 ) ) ;
#2504 = SURFACE_SIDE_STYLE ('',( #526 ) ) ;
#2505 = VERTEX_POINT ( 'NONE', #4266 ) ;
#2506 = DIRECTION ( 'NONE',  ( -1.000000000000000000, 0.0000000000000000000, 0.0000000000000000000 ) ) ;
#2507 = VERTEX_POINT ( 'NONE', #2771 ) ;
#2508 = AXIS2_PLACEMENT_3D ( 'NONE', #7805, #1933, #2521 ) ;
#2509 = EDGE_CURVE ( 'NONE', #5871, #5898, #8347, .T. ) ;
#2510 = FILL_AREA_STYLE ('',( #7043 ) ) ;
#2511 = DIRECTION ( 'NONE',  ( 0.7764309572748343546, 0.6302023235321213557, -0.0000000000000000000 ) ) ;
#2512 = DIRECTION ( 'NONE',  ( 0.2430233717005906013, -0.9700204331905986077, 0.0000000000000000000 ) ) ;
#2513 = LINE ( 'NONE', #7087, #3414 ) ;
#2514 = CARTESIAN_POINT ( 'NONE',  ( -5.121870354138171599, 4.771419503187760647, 1.000000000000001776 ) ) ;
#2515 =( LENGTH_UNIT ( ) NAMED_UNIT ( * ) SI_UNIT ( .MILLI., .METRE. ) );
#2516 = EDGE_LOOP ( 'NONE', ( #2317, #6463, #5887, #3357 ) ) ;
#2517 = VERTEX_POINT ( 'NONE', #4350 ) ;
#2518 = UNCERTAINTY_MEASURE_WITH_UNIT (LENGTH_MEASURE( 1.000000000000000082E-05 ), #3566, 'distance_accuracy_value', 'NONE');
#2519 = PRESENTATION_STYLE_ASSIGNMENT (( #3733 ) ) ;
#2520 = VECTOR ( 'NONE', #1974, 1000.000000000000000 ) ;
#2521 = DIRECTION ( 'NONE',  ( 1.000000000000000000, 0.0000000000000000000, 0.0000000000000000000 ) ) ;
#2522 = LINE ( 'NONE', #2576, #5049 ) ;
#2523 = DIRECTION ( 'NONE',  ( -1.000000000000000000, -0.0000000000000000000, 0.0000000000000000000 ) ) ;
#2524 = ADVANCED_FACE ( 'NONE', ( #6285 ), #1188, .F. ) ;
#2525 = ORIENTED_EDGE ( 'NONE', *, *, #4428, .T. ) ;
#2526 = SURFACE_STYLE_FILL_AREA ( #1659 ) ;
#2527 = ORIENTED_EDGE ( 'NONE', *, *, #271, .F. ) ;
#2528 = DIRECTION ( 'NONE',  ( 0.0000000000000000000, 0.0000000000000000000, 1.000000000000000000 ) ) ;
#2529 = PRESENTATION_LAYER_ASSIGNMENT (  '', '', ( #3766 ) ) ;
#2530 = VECTOR ( 'NONE', #3064, 1000.000000000000114 ) ;
#2531 = CARTESIAN_POINT ( 'NONE',  ( -4.949747468305830012, -5.656854249492379694, -7.000000000000000000 ) ) ;
#2532 =( NAMED_UNIT ( * ) PLANE_ANGLE_UNIT ( ) SI_UNIT ( $, .RADIAN. ) );
#2533 = DIRECTION ( 'NONE',  ( 1.000000000000000000, 0.0000000000000000000, 0.0000000000000000000 ) ) ;
#2534 =( NAMED_UNIT ( * ) SI_UNIT ( $, .STERADIAN. ) SOLID_ANGLE_UNIT ( ) );
#2535 = PRESENTATION_LAYER_ASSIGNMENT (  '', '', ( #4064 ) ) ;
#2536 = ADVANCED_FACE ( 'NONE', ( #420 ), #463, .F. ) ;
#2537 = ADVANCED_FACE ( 'NONE', ( #6946 ), #543, .F. ) ;
#2538 = ORIENTED_EDGE ( 'NONE', *, *, #2870, .F. ) ;
#2539 = LINE ( 'NONE', #5176, #6690 ) ;
#2540 = DIRECTION ( 'NONE',  ( 1.000000000000000000, 0.0000000000000000000, 0.0000000000000000000 ) ) ;
#2541 = DIRECTION ( 'NONE',  ( 0.07088902009067907239, -0.9974842088126424366, -0.0000000000000000000 ) ) ;
#2542 = SURFACE_STYLE_FILL_AREA ( #2417 ) ;
#2543 =( GEOMETRIC_REPRESENTATION_CONTEXT ( 3 ) GLOBAL_UNCERTAINTY_ASSIGNED_CONTEXT ( ( #1410 ) ) GLOBAL_UNIT_ASSIGNED_CONTEXT ( ( #880, #6830, #4808 ) ) REPRESENTATION_CONTEXT ( 'NONE', 'WORKASPACE' ) );
#2544 = PLANE ( 'NONE',  #878 ) ;
#2545 = LINE ( 'NONE', #1780, #6280 ) ;
#2546 = EDGE_CURVE ( 'NONE', #3524, #4867, #363, .T. ) ;
#2547 = CYLINDRICAL_SURFACE ( 'NONE', #6636, 7.000000000000000000 ) ;
#2548 = CARTESIAN_POINT ( 'NONE',  ( 3.459999999999999964, -7.145612346359450306, 1.199999999999999956 ) ) ;
#2549 = EDGE_CURVE ( 'NONE', #2351, #1623, #1046, .T. ) ;
#2550 = LINE ( 'NONE', #3249, #2364 ) ;
#2551 =( GEOMETRIC_REPRESENTATION_CONTEXT ( 3 ) GLOBAL_UNCERTAINTY_ASSIGNED_CONTEXT ( ( #2774 ) ) GLOBAL_UNIT_ASSIGNED_CONTEXT ( ( #845, #6706, #2747 ) ) REPRESENTATION_CONTEXT ( 'NONE', 'WORKASPACE' ) );
#2552 = ORIENTED_EDGE ( 'NONE', *, *, #3309, .F. ) ;
#2553 = ORIENTED_EDGE ( 'NONE', *, *, #902, .T. ) ;
#2554 = DIRECTION ( 'NONE',  ( 0.0000000000000000000, 0.0000000000000000000, 1.000000000000000000 ) ) ;
#2555 = CARTESIAN_POINT ( 'NONE',  ( 3.959999999999999964, -5.495612346359449951, 1.199999999999999956 ) ) ;
#2556 = PRESENTATION_STYLE_ASSIGNMENT (( #1305 ) ) ;
#2557 = COLOUR_RGB ( '',0.1529411764705882470, 0.1529411764705882470, 0.1529411764705882470 ) ;
#2558 = EDGE_CURVE ( 'NONE', #3338, #4810, #5157, .T. ) ;
#2559 = FACE_OUTER_BOUND ( 'NONE', #2647, .T. ) ;
#2560 = STYLED_ITEM ( 'NONE', ( #1587 ), #6291 ) ;
#2561 = DIRECTION ( 'NONE',  ( -0.0000000000000000000, -0.0000000000000000000, -1.000000000000000000 ) ) ;
#2562 = CARTESIAN_POINT ( 'NONE',  ( -2.000000000000000000, -5.495612346359449951, 2.200000000000000178 ) ) ;
#2563 = CARTESIAN_POINT ( 'NONE',  ( 4.771419503187763311, -5.121870354138168935, 1.000000000000002665 ) ) ;
#2564 = ORIENTED_EDGE ( 'NONE', *, *, #5618, .T. ) ;
#2565 = ORIENTED_EDGE ( 'NONE', *, *, #3483, .F. ) ;
#2566 = AXIS2_PLACEMENT_3D ( 'NONE', #6925, #1045, #3633 ) ;
#2567 = SURFACE_SIDE_STYLE ('',( #7983 ) ) ;
#2568 = ORIENTED_EDGE ( 'NONE', *, *, #3602, .T. ) ;
#2569 = AXIS2_PLACEMENT_3D ( 'NONE', #273, #2861, #3590 ) ;
#2570 = LINE ( 'NONE', #5208, #6639 ) ;
#2571 = CARTESIAN_POINT ( 'NONE',  ( 4.460000000000000853, -7.445612346359450129, 2.200000000000000178 ) ) ;
#2572 = CIRCLE ( 'NONE', #7125, 7.000000000000000000 ) ;
#2573 = AXIS2_PLACEMENT_3D ( 'NONE', #765, #3356, #4140 ) ;
#2574 = CARTESIAN_POINT ( 'NONE',  ( -7.500000000000000000, -0.4999999999999990563, -7.000000000000000000 ) ) ;
#2575 = COLOUR_RGB ( '',0.0000000000000000000, 0.0000000000000000000, 0.0000000000000000000 ) ;
#2576 = CARTESIAN_POINT ( 'NONE',  ( 2.759999999999999787, -5.645612346359450306, 1.199999999999999956 ) ) ;
#2577 = ORIENTED_EDGE ( 'NONE', *, *, #7263, .T. ) ;
#2578 = ORIENTED_EDGE ( 'NONE', *, *, #7326, .T. ) ;
#2579 = CARTESIAN_POINT ( 'NONE',  ( -5.450000000000000178, 0.0000000000000000000, 2.699999999999999734 ) ) ;
#2580 = VERTEX_POINT ( 'NONE', #3315 ) ;
#2581 = DIRECTION ( 'NONE',  ( 0.0000000000000000000, 0.0000000000000000000, 1.000000000000000000 ) ) ;
#2582 = AXIS2_PLACEMENT_3D ( 'NONE', #3506, #275, #5408 ) ;
#2583 = AXIS2_PLACEMENT_3D ( 'NONE', #4335, #6393, #5105 ) ;
#2584 = DIRECTION ( 'NONE',  ( 1.000000000000000000, 0.0000000000000000000, 0.0000000000000000000 ) ) ;
#2585 =( NAMED_UNIT ( * ) SI_UNIT ( $, .STERADIAN. ) SOLID_ANGLE_UNIT ( ) );
#2586 = LINE ( 'NONE', #2675, #4720 ) ;
#2587 = DIRECTION ( 'NONE',  ( 1.000000000000000000, 0.0000000000000000000, 0.0000000000000000000 ) ) ;
#2588 =( GEOMETRIC_REPRESENTATION_CONTEXT ( 3 ) GLOBAL_UNCERTAINTY_ASSIGNED_CONTEXT ( ( #466 ) ) GLOBAL_UNIT_ASSIGNED_CONTEXT ( ( #752, #5462, #2128 ) ) REPRESENTATION_CONTEXT ( 'NONE', 'WORKASPACE' ) );
#2589 = COLOUR_RGB ( '',0.1529411764705882470, 0.1529411764705882470, 0.1529411764705882470 ) ;
#2590 = VERTEX_POINT ( 'NONE', #6539 ) ;
#2591 = DIRECTION ( 'NONE',  ( 0.0000000000000000000, 0.0000000000000000000, 1.000000000000000000 ) ) ;
#2592 = ORIENTED_EDGE ( 'NONE', *, *, #7513, .F. ) ;
#2593 = EDGE_CURVE ( 'NONE', #1248, #7285, #685, .T. ) ;
#2594 = UNCERTAINTY_MEASURE_WITH_UNIT (LENGTH_MEASURE( 1.000000000000000082E-05 ), #3588, 'distance_accuracy_value', 'NONE');
#2595 = PRESENTATION_STYLE_ASSIGNMENT (( #1250 ) ) ;
#2596 =( GEOMETRIC_REPRESENTATION_CONTEXT ( 3 ) GLOBAL_UNCERTAINTY_ASSIGNED_CONTEXT ( ( #693 ) ) GLOBAL_UNIT_ASSIGNED_CONTEXT ( ( #4505, #1348, #6529 ) ) REPRESENTATION_CONTEXT ( 'NONE', 'WORKASPACE' ) );
#2597 = PRESENTATION_LAYER_ASSIGNMENT (  '', '', ( #1253 ) ) ;
#2598 = DIRECTION ( 'NONE',  ( -0.7611428308785096464, -0.6485842975298186097, 0.0000000000000000000 ) ) ;
#2599 = AXIS2_PLACEMENT_3D ( 'NONE', #5158, #7764, #3226 ) ;
#2600 = EDGE_CURVE ( 'NONE', #873, #2937, #7236, .T. ) ;
#2601 = CYLINDRICAL_SURFACE ( 'NONE', #2899, 7.000000000000000000 ) ;
#2602 = PLANE ( 'NONE',  #1614 ) ;
#2603 = LINE ( 'NONE', #5237, #5826 ) ;
#2604 = CARTESIAN_POINT ( 'NONE',  ( -5.200000000000001066, 2.500000000000000000, 4.200000000000000178 ) ) ;
#2605 = PLANE ( 'NONE',  #6538 ) ;
#2606 = PRESENTATION_LAYER_ASSIGNMENT (  '', '', ( #1913 ) ) ;
#2607 = CARTESIAN_POINT ( 'NONE',  ( -2.487442310373090049, -6.005216961323360358, 0.0000000000000000000 ) ) ;
#2608 = ORIENTED_EDGE ( 'NONE', *, *, #8417, .T. ) ;
#2609 = DIRECTION ( 'NONE',  ( 0.0000000000000000000, 0.0000000000000000000, 1.000000000000000000 ) ) ;
#2610 = ORIENTED_EDGE ( 'NONE', *, *, #6787, .T. ) ;
#2611 = CARTESIAN_POINT ( 'NONE',  ( 0.0000000000000000000, -7.445612346359450129, 1.199999999999999956 ) ) ;
#2612 = DIRECTION ( 'NONE',  ( 1.000000000000000000, 0.0000000000000000000, 0.0000000000000000000 ) ) ;
#2613 = EDGE_CURVE ( 'NONE', #5457, #3403, #2004, .T. ) ;
#2614 = VECTOR ( 'NONE', #1636, 1000.000000000000000 ) ;
#2615 = CARTESIAN_POINT ( 'NONE',  ( -3.611206514627410158, -5.404552479966540091, -7.000000000000000000 ) ) ;
#2616 = CARTESIAN_POINT ( 'NONE',  ( -1.060660171779820082, 1.767766952966369987, 0.5000000000000000000 ) ) ;
#2617 = LINE ( 'NONE', #4033, #6229 ) ;
#2618 = CARTESIAN_POINT ( 'NONE',  ( 2.759999999999999787, 0.0000000000000000000, 1.199999999999999956 ) ) ;
#2619 = LINE ( 'NONE', #625, #1510 ) ;
#2620 = DIRECTION ( 'NONE',  ( 1.000000000000000000, 0.0000000000000000000, 0.0000000000000000000 ) ) ;
#2621 = ORIENTED_EDGE ( 'NONE', *, *, #4438, .T. ) ;
#2622 = LINE ( 'NONE', #5254, #1597 ) ;
#2623 = ORIENTED_EDGE ( 'NONE', *, *, #2061, .F. ) ;
#2624 = UNCERTAINTY_MEASURE_WITH_UNIT (LENGTH_MEASURE( 1.000000000000000082E-05 ), #2003, 'distance_accuracy_value', 'NONE');
#2625 = AXIS2_PLACEMENT_3D ( 'NONE', #398, #3038, #8374 ) ;
#2626 = DIRECTION ( 'NONE',  ( 7.052894681536500135E-16, -1.000000000000000000, 0.0000000000000000000 ) ) ;
#2627 = VERTEX_POINT ( 'NONE', #1286 ) ;
#2628 = EDGE_LOOP ( 'NONE', ( #4799, #164, #6580, #1175 ) ) ;
#2629 = CARTESIAN_POINT ( 'NONE',  ( -5.947380195468815245, 3.691702698016908091, 0.0000000000000000000 ) ) ;
#2630 = VERTEX_POINT ( 'NONE', #4527 ) ;
#2631 = MECHANICAL_DESIGN_GEOMETRIC_PRESENTATION_REPRESENTATION (  '', ( #5807 ), #8148 ) ;
#2632 = DIRECTION ( 'NONE',  ( 0.0000000000000000000, 0.0000000000000000000, 1.000000000000000000 ) ) ;
#2633 = EDGE_CURVE ( 'NONE', #2063, #6204, #615, .T. ) ;
#2634 = CARTESIAN_POINT ( 'NONE',  ( 0.0000000000000000000, 0.0000000000000000000, 1.000000000000000000 ) ) ;
#2635 = FILL_AREA_STYLE ('',( #6595 ) ) ;
#2636 = CARTESIAN_POINT ( 'NONE',  ( 0.0000000000000000000, 0.0000000000000000000, 1.000000000000000000 ) ) ;
#2637 = DIRECTION ( 'NONE',  ( -0.0000000000000000000, -0.0000000000000000000, -1.000000000000000000 ) ) ;
#2638 = MECHANICAL_DESIGN_GEOMETRIC_PRESENTATION_REPRESENTATION (  '', ( #1949 ), #2918 ) ;
#2639 = ORIENTED_EDGE ( 'NONE', *, *, #1919, .T. ) ;
#2640 = CARTESIAN_POINT ( 'NONE',  ( 0.0000000000000000000, 0.0000000000000000000, 0.0000000000000000000 ) ) ;
#2641 = EDGE_LOOP ( 'NONE', ( #1872, #1016, #1495, #6901 ) ) ;
#2642 =( GEOMETRIC_REPRESENTATION_CONTEXT ( 3 ) GLOBAL_UNCERTAINTY_ASSIGNED_CONTEXT ( ( #2000 ) ) GLOBAL_UNIT_ASSIGNED_CONTEXT ( ( #4287, #4243, #971 ) ) REPRESENTATION_CONTEXT ( 'NONE', 'WORKASPACE' ) );
#2643 = DIRECTION ( 'NONE',  ( 1.000000000000000000, 0.0000000000000000000, 0.0000000000000000000 ) ) ;
#2644 = CARTESIAN_POINT ( 'NONE',  ( 0.0000000000000000000, 0.0000000000000000000, 0.0000000000000000000 ) ) ;
#2645 = AXIS2_PLACEMENT_3D ( 'NONE', #7053, #1226, #7720 ) ;
#2646 = DIRECTION ( 'NONE',  ( -0.0000000000000000000, -1.000000000000000000, -0.0000000000000000000 ) ) ;
#2647 = EDGE_LOOP ( 'NONE', ( #6499, #5578, #319, #813 ) ) ;
#2648 = EDGE_CURVE ( 'NONE', #1528, #3011, #6511, .T. ) ;
#2649 = FILL_AREA_STYLE_COLOUR ( '', #3918 ) ;
#2650 = ORIENTED_EDGE ( 'NONE', *, *, #7600, .F. ) ;
#2651 = AXIS2_PLACEMENT_3D ( 'NONE', #6478, #7874, #3208 ) ;
#2652 = VECTOR ( 'NONE', #5781, 1000.000000000000114 ) ;
#2653 =( NAMED_UNIT ( * ) SI_UNIT ( $, .STERADIAN. ) SOLID_ANGLE_UNIT ( ) );
#2654 = SURFACE_SIDE_STYLE ('',( #7271 ) ) ;
#2655 =( LENGTH_UNIT ( ) NAMED_UNIT ( * ) SI_UNIT ( .MILLI., .METRE. ) );
#2656 = CARTESIAN_POINT ( 'NONE',  ( -2.458044324604629516, 6.554236652599520596, 2.168404344971008868E-16 ) ) ;
#2657 = ORIENTED_EDGE ( 'NONE', *, *, #1746, .F. ) ;
#2658 = EDGE_CURVE ( 'NONE', #8007, #6138, #8026, .T. ) ;
#2659 = AXIS2_PLACEMENT_3D ( 'NONE', #3059, #1796, #5690 ) ;
#2660 = DIRECTION ( 'NONE',  ( 1.000000000000000000, 0.0000000000000000000, -0.0000000000000000000 ) ) ;
#2661 = ORIENTED_EDGE ( 'NONE', *, *, #3702, .F. ) ;
#2662 = DIRECTION ( 'NONE',  ( 0.0000000000000000000, 1.000000000000000000, 0.0000000000000000000 ) ) ;
#2663 = CARTESIAN_POINT ( 'NONE',  ( 1.134724696032340052, -6.907416294405189561, 0.0000000000000000000 ) ) ;
#2664 = DIRECTION ( 'NONE',  ( -0.0000000000000000000, -0.0000000000000000000, -1.000000000000000000 ) ) ;
#2665 = DIRECTION ( 'NONE',  ( 0.0000000000000000000, 0.0000000000000000000, 1.000000000000000000 ) ) ;
#2666 = VERTEX_POINT ( 'NONE', #7157 ) ;
#2667 = ORIENTED_EDGE ( 'NONE', *, *, #7003, .T. ) ;
#2668 = ADVANCED_FACE ( 'NONE', ( #3869 ), #5268, .F. ) ;
#2669 =( NAMED_UNIT ( * ) PLANE_ANGLE_UNIT ( ) SI_UNIT ( $, .RADIAN. ) );
#2670 = VERTEX_POINT ( 'NONE', #7771 ) ;
#2671 = DIRECTION ( 'NONE',  ( 0.0000000000000000000, 0.0000000000000000000, 1.000000000000000000 ) ) ;
#2672 = VECTOR ( 'NONE', #259, 1000.000000000000000 ) ;
#2673 = DIRECTION ( 'NONE',  ( 0.3162277660168379967, 0.9486832980505138790, 0.0000000000000000000 ) ) ;
#2674 = SURFACE_STYLE_FILL_AREA ( #2635 ) ;
#2675 = CARTESIAN_POINT ( 'NONE',  ( -5.121870354138169823, -4.771419503187759759, 0.0000000000000000000 ) ) ;
#2676 = ORIENTED_EDGE ( 'NONE', *, *, #7484, .F. ) ;
#2677 = ADVANCED_FACE ( 'NONE', ( #2489 ), #5790, .T. ) ;
#2678 = AXIS2_PLACEMENT_3D ( 'NONE', #3337, #2688, #2073 ) ;
#2679 =( GEOMETRIC_REPRESENTATION_CONTEXT ( 3 ) GLOBAL_UNCERTAINTY_ASSIGNED_CONTEXT ( ( #2159 ) ) GLOBAL_UNIT_ASSIGNED_CONTEXT ( ( #1996, #1349, #6575 ) ) REPRESENTATION_CONTEXT ( 'NONE', 'WORKASPACE' ) );
#2680 = LINE ( 'NONE', #4010, #392 ) ;
#2681 = ORIENTED_EDGE ( 'NONE', *, *, #814, .T. ) ;
#2682 = DIRECTION ( 'NONE',  ( 1.000000000000000000, 0.0000000000000000000, 0.0000000000000000000 ) ) ;
#2683 = DIRECTION ( 'NONE',  ( -0.6552017413601290974, -0.7554539549957062228, 0.0000000000000000000 ) ) ;
#2684 = LINE ( 'NONE', #6694, #8489 ) ;
#2685 = MECHANICAL_DESIGN_GEOMETRIC_PRESENTATION_REPRESENTATION (  '', ( #1988 ), #5572 ) ;
#2686 = EDGE_CURVE ( 'NONE', #2937, #8054, #5166, .T. ) ;
#2687 =( LENGTH_UNIT ( ) NAMED_UNIT ( * ) SI_UNIT ( .MILLI., .METRE. ) );
#2688 = DIRECTION ( 'NONE',  ( 0.0000000000000000000, 0.0000000000000000000, 1.000000000000000000 ) ) ;
#2689 = ORIENTED_EDGE ( 'NONE', *, *, #5173, .T. ) ;
#2690 = CARTESIAN_POINT ( 'NONE',  ( 0.5000000000000000000, 0.0000000000000000000, 1.500000000000000000 ) ) ;
#2691 = AXIS2_PLACEMENT_3D ( 'NONE', #8264, #5674, #7667 ) ;
#2692 = EDGE_LOOP ( 'NONE', ( #3776, #4737, #4578, #4344 ) ) ;
#2693 = CIRCLE ( 'NONE', #6546, 1.000000000000000000 ) ;
#2694 = CARTESIAN_POINT ( 'NONE',  ( 5.671109727513900189, -4.103475899587721187, 0.0000000000000000000 ) ) ;
#2695 = CARTESIAN_POINT ( 'NONE',  ( 2.000000000000000000, -5.495612346359449951, 1.500000000000000000 ) ) ;
#2696 = PLANE ( 'NONE',  #1787 ) ;
#2697 = PLANE ( 'NONE',  #3250 ) ;
#2698 = CARTESIAN_POINT ( 'NONE',  ( -1.060660171779820082, 1.767766952966369987, 0.5000000000000000000 ) ) ;
#2699 = VECTOR ( 'NONE', #884, 1000.000000000000000 ) ;
#2700 = CARTESIAN_POINT ( 'NONE',  ( 0.0000000000000000000, -4.000000000000000000, 2.700000000000000178 ) ) ;
#2701 = ORIENTED_EDGE ( 'NONE', *, *, #2250, .F. ) ;
#2702 = CARTESIAN_POINT ( 'NONE',  ( 0.0000000000000000000, -6.500000000000000888, 1.000000000000003553 ) ) ;
#2703 = ORIENTED_EDGE ( 'NONE', *, *, #2081, .F. ) ;
#2704 = UNCERTAINTY_MEASURE_WITH_UNIT (LENGTH_MEASURE( 1.000000000000000082E-05 ), #1112, 'distance_accuracy_value', 'NONE');
#2705 = VECTOR ( 'NONE', #465, 1000.000000000000000 ) ;
#2706 = AXIS2_PLACEMENT_3D ( 'NONE', #4411, #5184, #1169 ) ;
#2707 = PLANE ( 'NONE',  #764 ) ;
#2708 = CARTESIAN_POINT ( 'NONE',  ( -5.404552479966540091, 3.611206514627420372, 1.000000000000000000 ) ) ;
#2709 = ADVANCED_FACE ( 'NONE', ( #7109 ), #3830, .T. ) ;
#2710 = DIRECTION ( 'NONE',  ( -0.0000000000000000000, -0.0000000000000000000, -1.000000000000000000 ) ) ;
#2711 = CARTESIAN_POINT ( 'NONE',  ( 0.0000000000000000000, 0.0000000000000000000, 0.5000000000000000000 ) ) ;
#2712 = ORIENTED_EDGE ( 'NONE', *, *, #2936, .F. ) ;
#2713 = CIRCLE ( 'NONE', #3122, 1.000000000000000444 ) ;
#2714 = SURFACE_STYLE_FILL_AREA ( #1246 ) ;
#2715 = AXIS2_PLACEMENT_3D ( 'NONE', #1367, #3324, #776 ) ;
#2716 = ORIENTED_EDGE ( 'NONE', *, *, #3420, .F. ) ;
#2717 = LINE ( 'NONE', #5218, #1839 ) ;
#2718 = ORIENTED_EDGE ( 'NONE', *, *, #416, .F. ) ;
#2719 = SURFACE_STYLE_USAGE ( .BOTH. , #89 ) ;
#2720 = FILL_AREA_STYLE ('',( #7996 ) ) ;
#2721 = VECTOR ( 'NONE', #1942, 1000.000000000000000 ) ;
#2722 = ADVANCED_FACE ( 'NONE', ( #7857 ), #4568, .F. ) ;
#2723 = CARTESIAN_POINT ( 'NONE',  ( 5.200000000000001066, 2.000000000000000000, 1.500000000000000000 ) ) ;
#2724 = SURFACE_STYLE_FILL_AREA ( #8078 ) ;
#2725 = ORIENTED_EDGE ( 'NONE', *, *, #1811, .T. ) ;
#2726 = AXIS2_PLACEMENT_3D ( 'NONE', #1471, #1393, #5259 ) ;
#2727 = LINE ( 'NONE', #4701, #5735 ) ;
#2728 = EDGE_LOOP ( 'NONE', ( #2712, #3983, #7150, #1358 ) ) ;
#2729 = CARTESIAN_POINT ( 'NONE',  ( 5.160000000000000142, -5.645612346359450306, 1.199999999999999956 ) ) ;
#2730 = EDGE_CURVE ( 'NONE', #166, #8097, #6592, .T. ) ;
#2731 = MECHANICAL_DESIGN_GEOMETRIC_PRESENTATION_REPRESENTATION (  '', ( #4245 ), #2038 ) ;
#2732 = DIRECTION ( 'NONE',  ( -0.7554539549957062228, 0.6552017413601290974, 0.0000000000000000000 ) ) ;
#2733 = DIRECTION ( 'NONE',  ( 0.0000000000000000000, 0.0000000000000000000, 1.000000000000000000 ) ) ;
#2734 = AXIS2_PLACEMENT_3D ( 'NONE', #1215, #577, #667 ) ;
#2735 = DIRECTION ( 'NONE',  ( -0.4472135954999579832, 0.8944271909999159664, 0.0000000000000000000 ) ) ;
#2736 = VECTOR ( 'NONE', #5249, 1000.000000000000114 ) ;
#2737 = CARTESIAN_POINT ( 'NONE',  ( -5.200000000000001066, 6.368163355566237368E-16, 1.500000000000000000 ) ) ;
#2738 = CARTESIAN_POINT ( 'NONE',  ( -6.911675780212119591, -1.108484510144029933, 0.0000000000000000000 ) ) ;
#2739 = ORIENTED_EDGE ( 'NONE', *, *, #2030, .T. ) ;
#2740 = CARTESIAN_POINT ( 'NONE',  ( -4.000000000000000000, -7.445612346359440359, 4.200000000000000178 ) ) ;
#2741 = ORIENTED_EDGE ( 'NONE', *, *, #139, .T. ) ;
#2742 = VECTOR ( 'NONE', #5891, 1000.000000000000000 ) ;
#2743 = VERTEX_POINT ( 'NONE', #5079 ) ;
#2744 = COLOUR_RGB ( '',0.0000000000000000000, 0.0000000000000000000, 0.0000000000000000000 ) ;
#2745 = CARTESIAN_POINT ( 'NONE',  ( -6.737754777652109617, -3.332065508993820035, 1.000000000000000000 ) ) ;
#2746 = ADVANCED_FACE ( 'NONE', ( #7729 ), #7062, .F. ) ;
#2747 =( NAMED_UNIT ( * ) SI_UNIT ( $, .STERADIAN. ) SOLID_ANGLE_UNIT ( ) );
#2748 = DIRECTION ( 'NONE',  ( -0.8622048423282602236, 0.5065597791630320756, -0.0000000000000000000 ) ) ;
#2749 = CARTESIAN_POINT ( 'NONE',  ( 7.446736164466670083, -0.9493313942656620430, -7.000000000000000000 ) ) ;
#2750 = CARTESIAN_POINT ( 'NONE',  ( 6.375104322620999575, 1.268087093104830032, 1.000000000000003553 ) ) ;
#2751 = VERTEX_POINT ( 'NONE', #8113 ) ;
#2752 = LINE ( 'NONE', #5386, #5315 ) ;
#2753 = ORIENTED_EDGE ( 'NONE', *, *, #3104, .F. ) ;
#2754 = VECTOR ( 'NONE', #1685, 1000.000000000000000 ) ;
#2755 = CARTESIAN_POINT ( 'NONE',  ( 0.2478061731796291634, 6.995612346359258993, 1.000000000000002665 ) ) ;
#2756 = LINE ( 'NONE', #3268, #2048 ) ;
#2757 = DIRECTION ( 'NONE',  ( 0.8793582917768292262, -0.4761606815806371240, 0.0000000000000000000 ) ) ;
#2758 =( LENGTH_UNIT ( ) NAMED_UNIT ( * ) SI_UNIT ( .MILLI., .METRE. ) );
#2759 = SURFACE_STYLE_USAGE ( .BOTH. , #2803 ) ;
#2760 =( GEOMETRIC_REPRESENTATION_CONTEXT ( 3 ) GLOBAL_UNCERTAINTY_ASSIGNED_CONTEXT ( ( #4178 ) ) GLOBAL_UNIT_ASSIGNED_CONTEXT ( ( #6359, #5731, #4687 ) ) REPRESENTATION_CONTEXT ( 'NONE', 'WORKASPACE' ) );
#2761 = SURFACE_STYLE_USAGE ( .BOTH. , #7898 ) ;
#2762 = ORIENTED_EDGE ( 'NONE', *, *, #2002, .F. ) ;
#2763 = ORIENTED_EDGE ( 'NONE', *, *, #922, .F. ) ;
#2764 = ORIENTED_EDGE ( 'NONE', *, *, #2794, .F. ) ;
#2765 = ADVANCED_FACE ( 'NONE', ( #7473 ), #2055, .F. ) ;
#2766 = DIRECTION ( 'NONE',  ( 0.8944271909999159664, 0.4472135954999579832, -0.0000000000000000000 ) ) ;
#2767 =( GEOMETRIC_REPRESENTATION_CONTEXT ( 3 ) GLOBAL_UNCERTAINTY_ASSIGNED_CONTEXT ( ( #8394 ) ) GLOBAL_UNIT_ASSIGNED_CONTEXT ( ( #5246, #5947, #2653 ) ) REPRESENTATION_CONTEXT ( 'NONE', 'WORKASPACE' ) );
#2768 = CARTESIAN_POINT ( 'NONE',  ( -3.500000000000000000, -5.495612346359449951, 2.200000000000000178 ) ) ;
#2769 = DIRECTION ( 'NONE',  ( 0.0000000000000000000, 0.0000000000000000000, 1.000000000000000000 ) ) ;
#2770 = DIRECTION ( 'NONE',  ( 0.3162277660168379967, 0.9486832980505138790, -0.0000000000000000000 ) ) ;
#2771 = CARTESIAN_POINT ( 'NONE',  ( 2.910901577962260678, 6.366054665443647842, 0.0000000000000000000 ) ) ;
#2772 = CARTESIAN_POINT ( 'NONE',  ( 0.0000000000000000000, 0.0000000000000000000, 0.0000000000000000000 ) ) ;
#2773 = VERTEX_POINT ( 'NONE', #6634 ) ;
#2774 = UNCERTAINTY_MEASURE_WITH_UNIT (LENGTH_MEASURE( 1.000000000000000082E-05 ), #845, 'distance_accuracy_value', 'NONE');
#2775 = DIRECTION ( 'NONE',  ( 1.000000000000000000, 0.0000000000000000000, 0.0000000000000000000 ) ) ;
#2776 = AXIS2_PLACEMENT_3D ( 'NONE', #6419, #3706, #5125 ) ;
#2777 = CARTESIAN_POINT ( 'NONE',  ( 0.0000000000000000000, 0.0000000000000000000, 1.000000000000000000 ) ) ;
#2778 = FILL_AREA_STYLE_COLOUR ( '', #7482 ) ;
#2779 = CARTESIAN_POINT ( 'NONE',  ( -2.600000000000000089, -5.495612346359449951, 2.200000000000000178 ) ) ;
#2780 = CARTESIAN_POINT ( 'NONE',  ( 5.450000000000000178, -0.5000000000000000000, 2.200000000000000178 ) ) ;
#2781 = ORIENTED_EDGE ( 'NONE', *, *, #7344, .T. ) ;
#2782 = CARTESIAN_POINT ( 'NONE',  ( 4.460000000000000853, -7.445612346359450129, 1.199999999999999956 ) ) ;
#2783 = ORIENTED_EDGE ( 'NONE', *, *, #3745, .F. ) ;
#2784 = MECHANICAL_DESIGN_GEOMETRIC_PRESENTATION_REPRESENTATION (  '', ( #8155 ), #7322 ) ;
#2785 = CARTESIAN_POINT ( 'NONE',  ( 0.0000000000000000000, 0.0000000000000000000, 0.0000000000000000000 ) ) ;
#2786 = ORIENTED_EDGE ( 'NONE', *, *, #825, .T. ) ;
#2787 = PRESENTATION_STYLE_ASSIGNMENT (( #3432 ) ) ;
#2788 = LINE ( 'NONE', #2745, #3568 ) ;
#2789 = FACE_OUTER_BOUND ( 'NONE', #6422, .T. ) ;
#2790 = FILL_AREA_STYLE_COLOUR ( '', #8415 ) ;
#2791 =( NAMED_UNIT ( * ) PLANE_ANGLE_UNIT ( ) SI_UNIT ( $, .RADIAN. ) );
#2792 = EDGE_CURVE ( 'NONE', #1422, #1759, #1480, .T. ) ;
#2793 = ORIENTED_EDGE ( 'NONE', *, *, #5748, .F. ) ;
#2794 = EDGE_CURVE ( 'NONE', #37, #5470, #4100, .T. ) ;
#2795 = FACE_OUTER_BOUND ( 'NONE', #3050, .T. ) ;
#2796 = ORIENTED_EDGE ( 'NONE', *, *, #1786, .T. ) ;
#2797 = AXIS2_PLACEMENT_3D ( 'NONE', #1646, #1028, #6979 ) ;
#2798 = PRESENTATION_LAYER_ASSIGNMENT (  '', '', ( #4711 ) ) ;
#2799 = CARTESIAN_POINT ( 'NONE',  ( 0.0000000000000000000, 0.0000000000000000000, 1.500000000000000000 ) ) ;
#2800 = CARTESIAN_POINT ( 'NONE',  ( -5.671109727513898413, 4.103475899587721187, 1.000000000000000000 ) ) ;
#2801 = DIRECTION ( 'NONE',  ( 1.000000000000000000, 0.0000000000000000000, 0.0000000000000000000 ) ) ;
#2802 = CIRCLE ( 'NONE', #1304, 4.500000000000000888 ) ;
#2803 = SURFACE_SIDE_STYLE ('',( #175 ) ) ;
#2804 = VECTOR ( 'NONE', #345, 1000.000000000000114 ) ;
#2805 = VERTEX_POINT ( 'NONE', #6098 ) ;
#2806 = ORIENTED_EDGE ( 'NONE', *, *, #6127, .F. ) ;
#2807 = ORIENTED_EDGE ( 'NONE', *, *, #2430, .F. ) ;
#2808 = CARTESIAN_POINT ( 'NONE',  ( 3.611206514627420372, 5.404552479966540091, 1.000000000000003553 ) ) ;
#2809 = CARTESIAN_POINT ( 'NONE',  ( -4.596194077712559611, 4.596194077712558723, 1.156482317317871331E-15 ) ) ;
#2810 =( LENGTH_UNIT ( ) NAMED_UNIT ( * ) SI_UNIT ( .MILLI., .METRE. ) );
#2811 = CARTESIAN_POINT ( 'NONE',  ( 3.691702698016906314, -5.947380195468817021, 0.0000000000000000000 ) ) ;
#2812 = PLANE ( 'NONE',  #8435 ) ;
#2813 = ORIENTED_EDGE ( 'NONE', *, *, #8001, .F. ) ;
#2814 = ORIENTED_EDGE ( 'NONE', *, *, #6236, .F. ) ;
#2815 = DIRECTION ( 'NONE',  ( 0.8793582917768270057, -0.4761606815806412873, 0.0000000000000000000 ) ) ;
#2816 = CARTESIAN_POINT ( 'NONE',  ( 3.759999999999999787, -5.645612346359450306, 1.200000000000000178 ) ) ;
#2817 = EDGE_CURVE ( 'NONE', #6316, #2247, #4003, .T. ) ;
#2818 = LINE ( 'NONE', #6918, #351 ) ;
#2819 = ADVANCED_FACE ( 'NONE', ( #903 ), #3497, .F. ) ;
#2820 = FILL_AREA_STYLE ('',( #2943 ) ) ;
#2821 = ORIENTED_EDGE ( 'NONE', *, *, #6300, .F. ) ;
#2822 = PLANE ( 'NONE',  #8038 ) ;
#2823 = ORIENTED_EDGE ( 'NONE', *, *, #5966, .T. ) ;
#2824 = CARTESIAN_POINT ( 'NONE',  ( -1.199999999999999956, -7.145612346359450306, 2.200000000000000178 ) ) ;
#2825 = CIRCLE ( 'NONE', #513, 1.000000000000000000 ) ;
#2826 = STYLED_ITEM ( 'NONE', ( #4640 ), #5450 ) ;
#2827 = DIRECTION ( 'NONE',  ( -0.0000000000000000000, 0.0000000000000000000, 1.000000000000000000 ) ) ;
#2828 = LINE ( 'NONE', #1669, #8422 ) ;
#2829 = ADVANCED_FACE ( 'NONE', ( #5602 ), #8273, .T. ) ;
#2830 = SURFACE_STYLE_FILL_AREA ( #248 ) ;
#2831 = AXIS2_PLACEMENT_3D ( 'NONE', #7351, #2027, #8464 ) ;
#2832 = ORIENTED_EDGE ( 'NONE', *, *, #4026, .T. ) ;
#2833 =( LENGTH_UNIT ( ) NAMED_UNIT ( * ) SI_UNIT ( .MILLI., .METRE. ) );
#2834 = EDGE_LOOP ( 'NONE', ( #6598, #7364 ) ) ;
#2835 = DIRECTION ( 'NONE',  ( -0.0000000000000000000, -0.0000000000000000000, -1.000000000000000000 ) ) ;
#2836 = DIRECTION ( 'NONE',  ( 0.0000000000000000000, -1.000000000000000000, -0.0000000000000000000 ) ) ;
#2837 = STYLED_ITEM ( 'NONE', ( #2076 ), #4244 ) ;
#2838 = APPLICATION_CONTEXT ( 'automotive_design' ) ;
#2839 = AXIS2_PLACEMENT_3D ( 'NONE', #7775, #2985, #8253 ) ;
#2840 = VERTEX_POINT ( 'NONE', #8195 ) ;
#2841 = VERTEX_POINT ( 'NONE', #6944 ) ;
#2842 = ORIENTED_EDGE ( 'NONE', *, *, #4491, .T. ) ;
#2843 = MECHANICAL_DESIGN_GEOMETRIC_PRESENTATION_REPRESENTATION (  '', ( #128 ), #953 ) ;
#2844 = ORIENTED_EDGE ( 'NONE', *, *, #7995, .F. ) ;
#2845 = PRESENTATION_LAYER_ASSIGNMENT (  '', '', ( #5736 ) ) ;
#2846 = EDGE_CURVE ( 'NONE', #3218, #3187, #1683, .T. ) ;
#2847 = PRESENTATION_STYLE_ASSIGNMENT (( #220 ) ) ;
#2848 = PLANE ( 'NONE',  #8123 ) ;
#2849 = DIRECTION ( 'NONE',  ( -0.9974842088126424366, 0.07088902009067930832, 0.0000000000000000000 ) ) ;
#2850 = CARTESIAN_POINT ( 'NONE',  ( -4.199999999999990408, -5.645612346359439648, -0.9000000000000010214 ) ) ;
#2851 =( GEOMETRIC_REPRESENTATION_CONTEXT ( 3 ) GLOBAL_UNCERTAINTY_ASSIGNED_CONTEXT ( ( #7253 ) ) GLOBAL_UNIT_ASSIGNED_CONTEXT ( ( #5566, #6288, #5610 ) ) REPRESENTATION_CONTEXT ( 'NONE', 'WORKASPACE' ) );
#2852 = LINE ( 'NONE', #2935, #2804 ) ;
#2853 = STYLED_ITEM ( 'NONE', ( #1951 ), #6311 ) ;
#2854 = CARTESIAN_POINT ( 'NONE',  ( -6.375104322620999575, 1.268087093104830032, -7.000000000000000000 ) ) ;
#2855 = ORIENTED_EDGE ( 'NONE', *, *, #3532, .T. ) ;
#2856 = LINE ( 'NONE', #5491, #5592 ) ;
#2857 = VECTOR ( 'NONE', #5135, 1000.000000000000227 ) ;
#2858 = ORIENTED_EDGE ( 'NONE', *, *, #6775, .F. ) ;
#2859 = LINE ( 'NONE', #5493, #2261 ) ;
#2860 = CARTESIAN_POINT ( 'NONE',  ( -4.000000000000000000, -5.495612346359449951, 2.200000000000000178 ) ) ;
#2861 = DIRECTION ( 'NONE',  ( 1.000000000000000000, 0.0000000000000000000, -0.0000000000000000000 ) ) ;
#2862 = PRESENTATION_STYLE_ASSIGNMENT (( #7570 ) ) ;
#2863 = FACE_OUTER_BOUND ( 'NONE', #5934, .T. ) ;
#2864 = CIRCLE ( 'NONE', #1370, 1.000000000000000000 ) ;
#2865 = ORIENTED_EDGE ( 'NONE', *, *, #2252, .F. ) ;
#2866 = ADVANCED_FACE ( 'NONE', ( #3653 ), #4982, .T. ) ;
#2867 = EDGE_CURVE ( 'NONE', #2926, #8088, #1953, .T. ) ;
#2868 = CARTESIAN_POINT ( 'NONE',  ( 0.0000000000000000000, 0.0000000000000000000, 1.000000000000000000 ) ) ;
#2869 = VERTEX_POINT ( 'NONE', #40 ) ;
#2870 = EDGE_CURVE ( 'NONE', #2751, #1873, #633, .T. ) ;
#2871 = CYLINDRICAL_SURFACE ( 'NONE', #6174, 7.000000000000000000 ) ;
#2872 = AXIS2_PLACEMENT_3D ( 'NONE', #1180, #4584, #96 ) ;
#2873 = SURFACE_STYLE_USAGE ( .BOTH. , #6160 ) ;
#2874 = DIRECTION ( 'NONE',  ( 0.7611428308785157526, 0.6485842975298117263, 0.0000000000000000000 ) ) ;
#2875 = DIRECTION ( 'NONE',  ( 1.000000000000000000, 0.0000000000000000000, -0.0000000000000000000 ) ) ;
#2876 = DIRECTION ( 'NONE',  ( 1.000000000000000000, 0.0000000000000000000, 0.0000000000000000000 ) ) ;
#2877 = VECTOR ( 'NONE', #362, 1000.000000000000000 ) ;
#2878 = ORIENTED_EDGE ( 'NONE', *, *, #5070, .F. ) ;
#2879 = ORIENTED_EDGE ( 'NONE', *, *, #4438, .F. ) ;
#2880 = EDGE_CURVE ( 'NONE', #7801, #5925, #5967, .T. ) ;
#2881 = LINE ( 'NONE', #2262, #4908 ) ;
#2882 = VECTOR ( 'NONE', #1816, 1000.000000000000114 ) ;
#2883 = DIRECTION ( 'NONE',  ( -0.0000000000000000000, 0.0000000000000000000, 1.000000000000000000 ) ) ;
#2884 = CARTESIAN_POINT ( 'NONE',  ( -4.900000000000000355, 2.000000000000000000, 2.200000000000000178 ) ) ;
#2885 = ORIENTED_EDGE ( 'NONE', *, *, #632, .F. ) ;
#2886 = ORIENTED_EDGE ( 'NONE', *, *, #7154, .F. ) ;
#2887 = ORIENTED_EDGE ( 'NONE', *, *, #7367, .F. ) ;
#2888 = AXIS2_PLACEMENT_3D ( 'NONE', #5645, #5603, #8274 ) ;
#2889 = CARTESIAN_POINT ( 'NONE',  ( 2.487442310373079835, 6.005216961323360358, 0.0000000000000000000 ) ) ;
#2890 = ORIENTED_EDGE ( 'NONE', *, *, #1459, .F. ) ;
#2891 = SURFACE_STYLE_USAGE ( .BOTH. , #4346 ) ;
#2892 = DIRECTION ( 'NONE',  ( -0.5065597791630321867, -0.8622048423282603347, 0.0000000000000000000 ) ) ;
#2893 = ORIENTED_EDGE ( 'NONE', *, *, #4756, .F. ) ;
#2894 = EDGE_CURVE ( 'NONE', #1873, #7534, #6347, .T. ) ;
#2895 = SURFACE_STYLE_USAGE ( .BOTH. , #8204 ) ;
#2896 = CARTESIAN_POINT ( 'NONE',  ( 2.448161892769749493, -6.557934381098218246, 1.000000000000000000 ) ) ;
#2897 = CARTESIAN_POINT ( 'NONE',  ( -0.2588190451025201844, 0.9659258262890689783, 0.0000000000000000000 ) ) ;
#2898 = LINE ( 'NONE', #274, #3735 ) ;
#2899 = AXIS2_PLACEMENT_3D ( 'NONE', #2644, #5937, #2024 ) ;
#2900 = CARTESIAN_POINT ( 'NONE',  ( -3.673686725085457461, 5.958525475814540506, 1.000000000000002665 ) ) ;
#2901 = ORIENTED_EDGE ( 'NONE', *, *, #7738, .T. ) ;
#2902 = FACE_OUTER_BOUND ( 'NONE', #4691, .T. ) ;
#2903 = EDGE_LOOP ( 'NONE', ( #2021, #4665, #2661, #7810 ) ) ;
#2904 = PRESENTATION_STYLE_ASSIGNMENT (( #967 ) ) ;
#2905 = ORIENTED_EDGE ( 'NONE', *, *, #594, .T. ) ;
#2906 =( GEOMETRIC_REPRESENTATION_CONTEXT ( 3 ) GLOBAL_UNCERTAINTY_ASSIGNED_CONTEXT ( ( #5024 ) ) GLOBAL_UNIT_ASSIGNED_CONTEXT ( ( #4187, #7525, #6222 ) ) REPRESENTATION_CONTEXT ( 'NONE', 'WORKASPACE' ) );
#2907 = CARTESIAN_POINT ( 'NONE',  ( 6.368271747270935812, -2.906047995630974157, -7.000000000000000000 ) ) ;
#2908 = PLANE ( 'NONE',  #7594 ) ;
#2909 =( LENGTH_UNIT ( ) NAMED_UNIT ( * ) SI_UNIT ( .MILLI., .METRE. ) );
#2910 = CARTESIAN_POINT ( 'NONE',  ( -0.2000000000000000666, -4.645612346359450306, 1.199999999999999956 ) ) ;
#2911 = EDGE_CURVE ( 'NONE', #6815, #7934, #6403, .T. ) ;
#2912 = VECTOR ( 'NONE', #7930, 1000.000000000000000 ) ;
#2913 = ORIENTED_EDGE ( 'NONE', *, *, #7358, .F. ) ;
#2914 = SURFACE_STYLE_USAGE ( .BOTH. , #4248 ) ;
#2915 = VERTEX_POINT ( 'NONE', #542 ) ;
#2916 = CARTESIAN_POINT ( 'NONE',  ( 0.0000000000000000000, 0.0000000000000000000, 1.000000000000000000 ) ) ;
#2917 =( GEOMETRIC_REPRESENTATION_CONTEXT ( 3 ) GLOBAL_UNCERTAINTY_ASSIGNED_CONTEXT ( ( #3990 ) ) GLOBAL_UNIT_ASSIGNED_CONTEXT ( ( #2399, #3656, #2360 ) ) REPRESENTATION_CONTEXT ( 'NONE', 'WORKASPACE' ) );
#2918 =( GEOMETRIC_REPRESENTATION_CONTEXT ( 3 ) GLOBAL_UNCERTAINTY_ASSIGNED_CONTEXT ( ( #7635 ) ) GLOBAL_UNIT_ASSIGNED_CONTEXT ( ( #2655, #2037, #795 ) ) REPRESENTATION_CONTEXT ( 'NONE', 'WORKASPACE' ) );
#2919 = EDGE_CURVE ( 'NONE', #8304, #5860, #474, .T. ) ;
#2920 = CARTESIAN_POINT ( 'NONE',  ( -6.995612346359259881, 0.2478061731796305234, -7.000000000000000000 ) ) ;
#2921 = ADVANCED_FACE ( 'NONE', ( #682 ), #7231, .F. ) ;
#2922 = PRESENTATION_STYLE_ASSIGNMENT (( #335 ) ) ;
#2923 = EDGE_CURVE ( 'NONE', #4441, #2181, #6493, .T. ) ;
#2924 = ORIENTED_EDGE ( 'NONE', *, *, #2600, .T. ) ;
#2925 = AXIS2_PLACEMENT_3D ( 'NONE', #7430, #7380, #4738 ) ;
#2926 = VERTEX_POINT ( 'NONE', #8484 ) ;
#2927 = VECTOR ( 'NONE', #5371, 1000.000000000000227 ) ;
#2928 =( LENGTH_UNIT ( ) NAMED_UNIT ( * ) SI_UNIT ( .MILLI., .METRE. ) );
#2929 = ORIENTED_EDGE ( 'NONE', *, *, #2071, .F. ) ;
#2930 =( NAMED_UNIT ( * ) SI_UNIT ( $, .STERADIAN. ) SOLID_ANGLE_UNIT ( ) );
#2931 = DIRECTION ( 'NONE',  ( 0.0000000000000000000, 1.000000000000000000, -0.0000000000000000000 ) ) ;
#2932 =( GEOMETRIC_REPRESENTATION_CONTEXT ( 3 ) GLOBAL_UNCERTAINTY_ASSIGNED_CONTEXT ( ( #7190 ) ) GLOBAL_UNIT_ASSIGNED_CONTEXT ( ( #3325, #647, #3365 ) ) REPRESENTATION_CONTEXT ( 'NONE', 'WORKASPACE' ) );
#2933 = CARTESIAN_POINT ( 'NONE',  ( -6.557934381098213805, -2.448161892769749493, 0.0000000000000000000 ) ) ;
#2934 = CARTESIAN_POINT ( 'NONE',  ( -3.611206514627410158, 5.404552479966540091, -7.000000000000000000 ) ) ;
#2935 = CARTESIAN_POINT ( 'NONE',  ( 7.500000000000000000, 0.5000000000000000000, 1.000000000000003553 ) ) ;
#2936 = EDGE_CURVE ( 'NONE', #3908, #5829, #2570, .T. ) ;
#2937 = VERTEX_POINT ( 'NONE', #1931 ) ;
#2938 = PLANE ( 'NONE',  #5861 ) ;
#2939 = DIRECTION ( 'NONE',  ( 0.0000000000000000000, 0.0000000000000000000, 1.000000000000000000 ) ) ;
#2940 = SURFACE_STYLE_FILL_AREA ( #6791 ) ;
#2941 = DIRECTION ( 'NONE',  ( -0.0000000000000000000, 0.0000000000000000000, 1.000000000000000000 ) ) ;
#2942 = EDGE_CURVE ( 'NONE', #4476, #1214, #5257, .T. ) ;
#2943 = FILL_AREA_STYLE_COLOUR ( '', #1082 ) ;
#2944 = ORIENTED_EDGE ( 'NONE', *, *, #501, .T. ) ;
#2945 = DIRECTION ( 'NONE',  ( -0.0000000000000000000, 0.0000000000000000000, 1.000000000000000000 ) ) ;
#2946 = ORIENTED_EDGE ( 'NONE', *, *, #2115, .F. ) ;
#2947 = ORIENTED_EDGE ( 'NONE', *, *, #6893, .T. ) ;
#2948 =( LENGTH_UNIT ( ) NAMED_UNIT ( * ) SI_UNIT ( .MILLI., .METRE. ) );
#2949 = CARTESIAN_POINT ( 'NONE',  ( -0.9659258262890679791, 0.2588190451025200178, 0.5000000000000000000 ) ) ;
#2950 = DIRECTION ( 'NONE',  ( 0.9891830423698457775, 0.1466864298015869983, 0.0000000000000000000 ) ) ;
#2951 = LINE ( 'NONE', #2380, #5880 ) ;
#2952 = CIRCLE ( 'NONE', #7778, 7.000000000000000000 ) ;
#2953 =( NAMED_UNIT ( * ) SI_UNIT ( $, .STERADIAN. ) SOLID_ANGLE_UNIT ( ) );
#2954 = ORIENTED_EDGE ( 'NONE', *, *, #6341, .F. ) ;
#2955 = CYLINDRICAL_SURFACE ( 'NONE', #7082, 1.000000000000000000 ) ;
#2956 = AXIS2_PLACEMENT_3D ( 'NONE', #4144, #865, #7554 ) ;
#2957 = ORIENTED_EDGE ( 'NONE', *, *, #2452, .T. ) ;
#2958 = VECTOR ( 'NONE', #6826, 1000.000000000000000 ) ;
#2959 = CARTESIAN_POINT ( 'NONE',  ( -1.060660171779820082, 1.767766952966370209, 0.0000000000000000000 ) ) ;
#2960 = DIRECTION ( 'NONE',  ( 0.0000000000000000000, 0.0000000000000000000, 1.000000000000000000 ) ) ;
#2961 = SURFACE_STYLE_FILL_AREA ( #7548 ) ;
#2962 = LINE ( 'NONE', #4297, #7436 ) ;
#2963 = PRESENTATION_LAYER_ASSIGNMENT (  '', '', ( #6677 ) ) ;
#2964 = EDGE_LOOP ( 'NONE', ( #7423, #5638, #6175, #8041 ) ) ;
#2965 = ORIENTED_EDGE ( 'NONE', *, *, #2880, .F. ) ;
#2966 = CARTESIAN_POINT ( 'NONE',  ( -6.815860878403004364, -1.595004854618142787, 1.000000000000000000 ) ) ;
#2967 = ORIENTED_EDGE ( 'NONE', *, *, #5140, .T. ) ;
#2968 = PRESENTATION_LAYER_ASSIGNMENT (  '', '', ( #5320 ) ) ;
#2969 = EDGE_CURVE ( 'NONE', #8269, #7031, #1968, .T. ) ;
#2970 = STYLED_ITEM ( 'NONE', ( #2167 ), #5853 ) ;
#2971 = EDGE_CURVE ( 'NONE', #5241, #7577, #3095, .T. ) ;
#2972 = SURFACE_STYLE_FILL_AREA ( #3014 ) ;
#2973 = CARTESIAN_POINT ( 'NONE',  ( -5.199999999999990408, -5.645612346359437872, -0.9000000000000014655 ) ) ;
#2974 =( NAMED_UNIT ( * ) SI_UNIT ( $, .STERADIAN. ) SOLID_ANGLE_UNIT ( ) );
#2975 = DIRECTION ( 'NONE',  ( -0.6302023235321212447, -0.7764309572748342436, 0.0000000000000000000 ) ) ;
#2976 = COLOUR_RGB ( '',0.0000000000000000000, 0.0000000000000000000, 0.0000000000000000000 ) ;
#2977 = MECHANICAL_DESIGN_GEOMETRIC_PRESENTATION_REPRESENTATION (  '', ( #533 ), #1478 ) ;
#2978 = ORIENTED_EDGE ( 'NONE', *, *, #5167, .F. ) ;
#2979 = ADVANCED_FACE ( 'NONE', ( #5297 ), #2707, .F. ) ;
#2980 = AXIS2_PLACEMENT_3D ( 'NONE', #3105, #2528, #6548 ) ;
#2981 =( GEOMETRIC_REPRESENTATION_CONTEXT ( 3 ) GLOBAL_UNCERTAINTY_ASSIGNED_CONTEXT ( ( #7699 ) ) GLOBAL_UNIT_ASSIGNED_CONTEXT ( ( #4581, #1819, #6562 ) ) REPRESENTATION_CONTEXT ( 'NONE', 'WORKASPACE' ) );
#2982 = CARTESIAN_POINT ( 'NONE',  ( -5.121870354138168935, -4.771419503187763311, 1.000000000000002665 ) ) ;
#2983 =( LENGTH_UNIT ( ) NAMED_UNIT ( * ) SI_UNIT ( .MILLI., .METRE. ) );
#2984 = CARTESIAN_POINT ( 'NONE',  ( 1.620877659938358750, -6.809754445757405961, 1.000000000000001776 ) ) ;
#2985 = DIRECTION ( 'NONE',  ( 0.0000000000000000000, 0.0000000000000000000, -1.000000000000000000 ) ) ;
#2986 = VERTEX_POINT ( 'NONE', #5345 ) ;
#2987 = COLOUR_RGB ( '',0.1529411764705882470, 0.1529411764705882470, 0.1529411764705882470 ) ;
#2988 = MECHANICAL_DESIGN_GEOMETRIC_PRESENTATION_REPRESENTATION (  '', ( #1629 ), #6424 ) ;
#2989 = EDGE_LOOP ( 'NONE', ( #6085, #4641, #4235, #5443 ) ) ;
#2990 = DIRECTION ( 'NONE',  ( 0.0000000000000000000, 0.0000000000000000000, 1.000000000000000000 ) ) ;
#2991 = ORIENTED_EDGE ( 'NONE', *, *, #4572, .T. ) ;
#2992 = EDGE_CURVE ( 'NONE', #7855, #1062, #7985, .T. ) ;
#2993 = DIRECTION ( 'NONE',  ( 1.000000000000000000, 0.0000000000000000000, 0.0000000000000000000 ) ) ;
#2994 = VECTOR ( 'NONE', #7022, 1000.000000000000000 ) ;
#2995 =( NAMED_UNIT ( * ) PLANE_ANGLE_UNIT ( ) SI_UNIT ( $, .RADIAN. ) );
#2996 =( GEOMETRIC_REPRESENTATION_CONTEXT ( 3 ) GLOBAL_UNCERTAINTY_ASSIGNED_CONTEXT ( ( #1075 ) ) GLOBAL_UNIT_ASSIGNED_CONTEXT ( ( #2236, #1569, #265 ) ) REPRESENTATION_CONTEXT ( 'NONE', 'WORKASPACE' ) );
#2997 = DIRECTION ( 'NONE',  ( -1.000000000000000000, -0.0000000000000000000, 0.0000000000000000000 ) ) ;
#2998 = ORIENTED_EDGE ( 'NONE', *, *, #5021, .F. ) ;
#2999 = LINE ( 'NONE', #1015, #4336 ) ;
#3000 = AXIS2_PLACEMENT_3D ( 'NONE', #2604, #8006, #2069 ) ;
#3001 = ORIENTED_EDGE ( 'NONE', *, *, #4706, .F. ) ;
#3002 = STYLED_ITEM ( 'NONE', ( #3131 ), #7086 ) ;
#3003 = EDGE_CURVE ( 'NONE', #4133, #4174, #4305, .T. ) ;
#3004 = CARTESIAN_POINT ( 'NONE',  ( 0.0000000000000000000, -4.645612346359450306, 1.199999999999999956 ) ) ;
#3005 = AXIS2_PLACEMENT_3D ( 'NONE', #7750, #2554, #2612 ) ;
#3006 = CARTESIAN_POINT ( 'NONE',  ( 0.0000000000000000000, 0.0000000000000000000, 0.0000000000000000000 ) ) ;
#3007 =( GEOMETRIC_REPRESENTATION_CONTEXT ( 3 ) GLOBAL_UNCERTAINTY_ASSIGNED_CONTEXT ( ( #3624 ) ) GLOBAL_UNIT_ASSIGNED_CONTEXT ( ( #7112, #7204, #2493 ) ) REPRESENTATION_CONTEXT ( 'NONE', 'WORKASPACE' ) );
#3008 = VERTEX_POINT ( 'NONE', #5955 ) ;
#3009 = VERTEX_POINT ( 'NONE', #3395 ) ;
#3010 = FACE_OUTER_BOUND ( 'NONE', #5869, .T. ) ;
#3011 = VERTEX_POINT ( 'NONE', #5427 ) ;
#3012 = VECTOR ( 'NONE', #5017, 1000.000000000000114 ) ;
#3013 = CIRCLE ( 'NONE', #3696, 5.200000000000001066 ) ;
#3014 = FILL_AREA_STYLE ('',( #1107 ) ) ;
#3015 = CARTESIAN_POINT ( 'NONE',  ( 5.160000000000000142, -7.145612346359450306, 2.200000000000000178 ) ) ;
#3016 = DIRECTION ( 'NONE',  ( -0.0000000000000000000, -0.0000000000000000000, -1.000000000000000000 ) ) ;
#3017 = ADVANCED_FACE ( 'NONE', ( #6620 ), #3353, .T. ) ;
#3018 = CARTESIAN_POINT ( 'NONE',  ( 1.199999999999999956, -5.645612346359450306, 1.199999999999999956 ) ) ;
#3019 =( GEOMETRIC_REPRESENTATION_CONTEXT ( 3 ) GLOBAL_UNCERTAINTY_ASSIGNED_CONTEXT ( ( #5480 ) ) GLOBAL_UNIT_ASSIGNED_CONTEXT ( ( #6214, #6456, #1315 ) ) REPRESENTATION_CONTEXT ( 'NONE', 'WORKASPACE' ) );
#3020 = EDGE_CURVE ( 'NONE', #8216, #3691, #4859, .T. ) ;
#3021 = VERTEX_POINT ( 'NONE', #2755 ) ;
#3022 = UNCERTAINTY_MEASURE_WITH_UNIT (LENGTH_MEASURE( 1.000000000000000082E-05 ), #7447, 'distance_accuracy_value', 'NONE');
#3023 = FILL_AREA_STYLE ('',( #7689 ) ) ;
#3024 = AXIS2_PLACEMENT_3D ( 'NONE', #7894, #7986, #3444 ) ;
#3025 = CARTESIAN_POINT ( 'NONE',  ( 5.404552479966540091, 3.611206514627410158, 1.000000000000000000 ) ) ;
#3026 = DIRECTION ( 'NONE',  ( 0.0000000000000000000, 0.0000000000000000000, 1.000000000000000000 ) ) ;
#3027 = CARTESIAN_POINT ( 'NONE',  ( 5.160000000000000142, -7.145612346359450306, 1.500000000000000222 ) ) ;
#3028 = SURFACE_STYLE_FILL_AREA ( #3664 ) ;
#3029 = LINE ( 'NONE', #5660, #5460 ) ;
#3030 = ADVANCED_FACE ( 'NONE', ( #4136 ), #5388, .T. ) ;
#3031 = ORIENTED_EDGE ( 'NONE', *, *, #7940, .T. ) ;
#3032 = AXIS2_PLACEMENT_3D ( 'NONE', #1262, #7136, #4455 ) ;
#3033 = DIRECTION ( 'NONE',  ( 0.9974842088126423256, -0.07088902009067953036, -0.0000000000000000000 ) ) ;
#3034 = DIRECTION ( 'NONE',  ( 0.0000000000000000000, -1.000000000000000000, -0.0000000000000000000 ) ) ;
#3035 = DIRECTION ( 'NONE',  ( -0.9974842088126424366, -0.07088902009067808707, 0.0000000000000000000 ) ) ;
#3036 = DIRECTION ( 'NONE',  ( 1.000000000000000000, 0.0000000000000000000, 0.0000000000000000000 ) ) ;
#3037 = STYLED_ITEM ( 'NONE', ( #654 ), #1161 ) ;
#3038 = DIRECTION ( 'NONE',  ( 0.0000000000000000000, 0.0000000000000000000, 1.000000000000000000 ) ) ;
#3039 = SURFACE_STYLE_FILL_AREA ( #442 ) ;
#3040 = ORIENTED_EDGE ( 'NONE', *, *, #5582, .F. ) ;
#3041 =( GEOMETRIC_REPRESENTATION_CONTEXT ( 3 ) GLOBAL_UNCERTAINTY_ASSIGNED_CONTEXT ( ( #1681 ) ) GLOBAL_UNIT_ASSIGNED_CONTEXT ( ( #4530, #4480, #2585 ) ) REPRESENTATION_CONTEXT ( 'NONE', 'WORKASPACE' ) );
#3042 = DIRECTION ( 'NONE',  ( 0.9486832980505138790, -0.3162277660168379967, -0.0000000000000000000 ) ) ;
#3043 = FILL_AREA_STYLE_COLOUR ( '', #7020 ) ;
#3044 = AXIS2_PLACEMENT_3D ( 'NONE', #6215, #1607, #343 ) ;
#3045 = DIRECTION ( 'NONE',  ( 0.0000000000000000000, 0.0000000000000000000, 1.000000000000000000 ) ) ;
#3046 = DIRECTION ( 'NONE',  ( -1.000000000000000000, -8.673617379884039416E-16, 4.336808689942019708E-16 ) ) ;
#3047 = EDGE_LOOP ( 'NONE', ( #3575, #5273, #4224, #1183 ) ) ;
#3048 = ORIENTED_EDGE ( 'NONE', *, *, #3644, .F. ) ;
#3049 = DIRECTION ( 'NONE',  ( -0.0000000000000000000, -0.0000000000000000000, -1.000000000000000000 ) ) ;
#3050 = EDGE_LOOP ( 'NONE', ( #2901, #3765, #1397, #7823 ) ) ;
#3051 = UNCERTAINTY_MEASURE_WITH_UNIT (LENGTH_MEASURE( 1.000000000000000082E-05 ), #5524, 'distance_accuracy_value', 'NONE');
#3052 = AXIS2_PLACEMENT_3D ( 'NONE', #2420, #5848, #1255 ) ;
#3053 =( NAMED_UNIT ( * ) PLANE_ANGLE_UNIT ( ) SI_UNIT ( $, .RADIAN. ) );
#3054 = CARTESIAN_POINT ( 'NONE',  ( 2.487442310373086496, 6.005216961323360358, -7.000000000000000000 ) ) ;
#3055 = CARTESIAN_POINT ( 'NONE',  ( 5.450000000000000178, -0.5000000000000000000, 1.699999999999999956 ) ) ;
#3056 = EDGE_CURVE ( 'NONE', #4663, #1496, #4575, .T. ) ;
#3057 = PRESENTATION_STYLE_ASSIGNMENT (( #5114 ) ) ;
#3058 = STYLED_ITEM ( 'NONE', ( #2393 ), #2829 ) ;
#3059 = CARTESIAN_POINT ( 'NONE',  ( 7.273087986799740001, 1.934139147277869952, -7.000000000000000000 ) ) ;
#3060 = CARTESIAN_POINT ( 'NONE',  ( -1.199999999999999956, -7.145612346359450306, 1.199999999999999956 ) ) ;
#3061 = EDGE_LOOP ( 'NONE', ( #4895, #2821, #7014, #4086 ) ) ;
#3062 = FILL_AREA_STYLE_COLOUR ( '', #815 ) ;
#3063 = PRESENTATION_LAYER_ASSIGNMENT (  '', '', ( #6115 ) ) ;
#3064 = DIRECTION ( 'NONE',  ( 0.8031810063152037271, -0.5957350678737123317, 0.0000000000000000000 ) ) ;
#3065 = DIRECTION ( 'NONE',  ( 0.0000000000000000000, 0.0000000000000000000, 1.000000000000000000 ) ) ;
#3066 = FACE_OUTER_BOUND ( 'NONE', #5351, .T. ) ;
#3067 = DIRECTION ( 'NONE',  ( 0.0000000000000000000, 0.0000000000000000000, -1.000000000000000000 ) ) ;
#3068 = DIRECTION ( 'NONE',  ( -0.8944271909999169656, 0.4472135954999555407, 0.0000000000000000000 ) ) ;
#3069 =( NAMED_UNIT ( * ) PLANE_ANGLE_UNIT ( ) SI_UNIT ( $, .RADIAN. ) );
#3070 =( GEOMETRIC_REPRESENTATION_CONTEXT ( 3 ) GLOBAL_UNCERTAINTY_ASSIGNED_CONTEXT ( ( #760 ) ) GLOBAL_UNIT_ASSIGNED_CONTEXT ( ( #1609, #266, #226 ) ) REPRESENTATION_CONTEXT ( 'NONE', 'WORKASPACE' ) );
#3071 = ORIENTED_EDGE ( 'NONE', *, *, #4440, .T. ) ;
#3072 = EDGE_LOOP ( 'NONE', ( #4905, #7312, #4545, #4676 ) ) ;
#3073 = SURFACE_STYLE_USAGE ( .BOTH. , #3598 ) ;
#3074 = CARTESIAN_POINT ( 'NONE',  ( 6.375104322620999575, -1.268087093104840024, 1.000000000000003553 ) ) ;
#3075 = ADVANCED_FACE ( 'NONE', ( #4449, #1915 ), #1379, .F. ) ;
#3076 = ADVANCED_FACE ( 'NONE', ( #7079 ), #574, .F. ) ;
#3077 = DIRECTION ( 'NONE',  ( -0.0000000000000000000, -0.0000000000000000000, -1.000000000000000000 ) ) ;
#3078 = CARTESIAN_POINT ( 'NONE',  ( 4.900000000000001243, 2.000000000000000000, 2.200000000000000178 ) ) ;
#3079 = CARTESIAN_POINT ( 'NONE',  ( -2.487442310373083387, -6.005216961323359470, -7.000000000000000000 ) ) ;
#3080 = ORIENTED_EDGE ( 'NONE', *, *, #771, .F. ) ;
#3081 = CARTESIAN_POINT ( 'NONE',  ( 0.0000000000000000000, 0.0000000000000000000, 0.0000000000000000000 ) ) ;
#3082 = ORIENTED_EDGE ( 'NONE', *, *, #1269, .F. ) ;
#3083 = ADVANCED_FACE ( 'NONE', ( #6520 ), #5759, .T. ) ;
#3084 = EDGE_CURVE ( 'NONE', #7218, #1395, #659, .T. ) ;
#3085 = CARTESIAN_POINT ( 'NONE',  ( 6.375104322620998687, -1.268087093104836693, 1.000000000000004663 ) ) ;
#3086 = DIRECTION ( 'NONE',  ( 0.0000000000000000000, 0.0000000000000000000, 1.000000000000000000 ) ) ;
#3087 = DIRECTION ( 'NONE',  ( 0.0000000000000000000, 1.000000000000000000, 0.0000000000000000000 ) ) ;
#3088 = PLANE ( 'NONE',  #2872 ) ;
#3089 = ORIENTED_EDGE ( 'NONE', *, *, #6042, .F. ) ;
#3090 =( GEOMETRIC_REPRESENTATION_CONTEXT ( 3 ) GLOBAL_UNCERTAINTY_ASSIGNED_CONTEXT ( ( #2260 ) ) GLOBAL_UNIT_ASSIGNED_CONTEXT ( ( #3318, #2669, #3360 ) ) REPRESENTATION_CONTEXT ( 'NONE', 'WORKASPACE' ) );
#3091 = PRESENTATION_LAYER_ASSIGNMENT (  '', '', ( #509 ) ) ;
#3092 = ORIENTED_EDGE ( 'NONE', *, *, #7212, .T. ) ;
#3093 = SURFACE_SIDE_STYLE ('',( #2318 ) ) ;
#3094 = ORIENTED_EDGE ( 'NONE', *, *, #3522, .F. ) ;
#3096 = EDGE_CURVE ( 'NONE', #6932, #561, #3891, .T. ) ;
#3095 = LINE ( 'NONE', #4426, #2232 ) ;
#3097 = VECTOR ( 'NONE', #2660, 1000.000000000000000 ) ;
#3098 = PRESENTATION_LAYER_ASSIGNMENT (  '', '', ( #5721 ) ) ;
#3099 = CARTESIAN_POINT ( 'NONE',  ( -1.000000000000000000, 1.224646799147353207E-16, 1.000000000000000000 ) ) ;
#3100 = FILL_AREA_STYLE_COLOUR ( '', #5841 ) ;
#3101 = LINE ( 'NONE', #7101, #3408 ) ;
#3102 = ORIENTED_EDGE ( 'NONE', *, *, #2347, .T. ) ;
#3103 = CARTESIAN_POINT ( 'NONE',  ( -6.368271747270942029, -2.906047995630957725, 0.0000000000000000000 ) ) ;
#3104 = EDGE_CURVE ( 'NONE', #4341, #6490, #2550, .T. ) ;
#3105 = CARTESIAN_POINT ( 'NONE',  ( 0.0000000000000000000, 0.0000000000000000000, 0.0000000000000000000 ) ) ;
#3106 = FILL_AREA_STYLE ('',( #8248 ) ) ;
#3107 = LINE ( 'NONE', #4436, #6985 ) ;
#3108 = CARTESIAN_POINT ( 'NONE',  ( -5.200000000000001066, -6.995612346359449951, 1.500000000000000000 ) ) ;
#3109 = COLOUR_RGB ( '',0.1529411764705882470, 0.1529411764705882470, 0.1529411764705882470 ) ;
#3110 = CARTESIAN_POINT ( 'NONE',  ( 0.0000000000000000000, 0.0000000000000000000, 1.000000000000000000 ) ) ;
#3111 = CARTESIAN_POINT ( 'NONE',  ( -3.800000000000000266, -4.645612346359450306, 1.200000000000000400 ) ) ;
#3112 = CARTESIAN_POINT ( 'NONE',  ( 5.160000000000000142, -7.445612346359450129, 2.200000000000000178 ) ) ;
#3113 = VERTEX_POINT ( 'NONE', #4544 ) ;
#3114 = UNCERTAINTY_MEASURE_WITH_UNIT (LENGTH_MEASURE( 1.000000000000000082E-05 ), #6257, 'distance_accuracy_value', 'NONE');
#3115 = PRESENTATION_LAYER_ASSIGNMENT (  '', '', ( #533 ) ) ;
#3116 = PRESENTATION_STYLE_ASSIGNMENT (( #3073 ) ) ;
#3117 = CARTESIAN_POINT ( 'NONE',  ( 1.620877659938358528, -6.809754445757405961, 0.0000000000000000000 ) ) ;
#3118 = PLANE ( 'NONE',  #4523 ) ;
#3119 = SURFACE_SIDE_STYLE ('',( #441 ) ) ;
#3120 = PLANE ( 'NONE',  #4221 ) ;
#3121 = CARTESIAN_POINT ( 'NONE',  ( 2.899999999999999911, 2.500000000000000000, 4.200000000000000178 ) ) ;
#3122 = AXIS2_PLACEMENT_3D ( 'NONE', #7770, #1940, #2487 ) ;
#3123 = VECTOR ( 'NONE', #7782, 1000.000000000000000 ) ;
#3124 =( NAMED_UNIT ( * ) PLANE_ANGLE_UNIT ( ) SI_UNIT ( $, .RADIAN. ) );
#3125 =( NAMED_UNIT ( * ) SI_UNIT ( $, .STERADIAN. ) SOLID_ANGLE_UNIT ( ) );
#3126 = ORIENTED_EDGE ( 'NONE', *, *, #6012, .T. ) ;
#3127 = EDGE_CURVE ( 'NONE', #1612, #1528, #7745, .T. ) ;
#3128 = CARTESIAN_POINT ( 'NONE',  ( 6.995612346359257216, 0.2478061731796285527, 1.000000000000001776 ) ) ;
#3129 = ORIENTED_EDGE ( 'NONE', *, *, #4415, .F. ) ;
#3130 = SURFACE_STYLE_USAGE ( .BOTH. , #5811 ) ;
#3131 = PRESENTATION_STYLE_ASSIGNMENT (( #5813 ) ) ;
#3132 = ORIENTED_EDGE ( 'NONE', *, *, #118, .T. ) ;
#3133 = COLOUR_RGB ( '',0.1529411764705882470, 0.1529411764705882470, 0.1529411764705882470 ) ;
#3134 = ORIENTED_EDGE ( 'NONE', *, *, #329, .F. ) ;
#3135 = EDGE_CURVE ( 'NONE', #6784, #4663, #1338, .T. ) ;
#3136 = CARTESIAN_POINT ( 'NONE',  ( 0.5000000000000000000, -6.945612346359450129, 4.700000000000000178 ) ) ;
#3137 = EDGE_LOOP ( 'NONE', ( #7441, #5293, #3430, #809 ) ) ;
#3138 = UNCERTAINTY_MEASURE_WITH_UNIT (LENGTH_MEASURE( 1.000000000000000082E-05 ), #5497, 'distance_accuracy_value', 'NONE');
#3139 = CARTESIAN_POINT ( 'NONE',  ( 2.453122243864072072, 6.556080479727143917, 0.0000000000000000000 ) ) ;
#3140 = FACE_OUTER_BOUND ( 'NONE', #5679, .T. ) ;
#3141 = MECHANICAL_DESIGN_GEOMETRIC_PRESENTATION_REPRESENTATION (  '', ( #558 ), #7129 ) ;
#3142 = CIRCLE ( 'NONE', #2438, 7.000000000000000000 ) ;
#3143 = LINE ( 'NONE', #7762, #7117 ) ;
#3144 = DIRECTION ( 'NONE',  ( 0.0000000000000000000, 0.0000000000000000000, 1.000000000000000000 ) ) ;
#3145 = LINE ( 'NONE', #1319, #4920 ) ;
#3146 = ORIENTED_EDGE ( 'NONE', *, *, #4084, .F. ) ;
#3147 = ORIENTED_EDGE ( 'NONE', *, *, #8309, .T. ) ;
#3148 = DIRECTION ( 'NONE',  ( 1.000000000000000000, 0.0000000000000000000, -0.0000000000000000000 ) ) ;
#3149 = AXIS2_PLACEMENT_3D ( 'NONE', #8302, #3087, #4338 ) ;
#3150 = LINE ( 'NONE', #1156, #459 ) ;
#3151 = PRESENTATION_STYLE_ASSIGNMENT (( #3872 ) ) ;
#3152 = DIRECTION ( 'NONE',  ( 1.000000000000000000, 0.0000000000000000000, 0.0000000000000000000 ) ) ;
#3153 = DIRECTION ( 'NONE',  ( 0.0000000000000000000, -1.000000000000000000, 2.168404344971008868E-16 ) ) ;
#3154 = ADVANCED_FACE ( 'NONE', ( #4713, #6608, #7310, #7967 ), #8053, .F. ) ;
#3155 = PRESENTATION_STYLE_ASSIGNMENT (( #1813 ) ) ;
#3156 = ORIENTED_EDGE ( 'NONE', *, *, #6873, .T. ) ;
#3157 = SURFACE_STYLE_FILL_AREA ( #3922 ) ;
#3158 = SURFACE_SIDE_STYLE ('',( #566 ) ) ;
#3159 = LINE ( 'NONE', #7035, #5504 ) ;
#3160 = SURFACE_STYLE_USAGE ( .BOTH. , #3119 ) ;
#3161 = FILL_AREA_STYLE ('',( #1820 ) ) ;
#3162 = FILL_AREA_STYLE_COLOUR ( '', #4468 ) ;
#3163 = CARTESIAN_POINT ( 'NONE',  ( 3.959999999999999964, -7.445612346359440359, 4.200000000000000178 ) ) ;
#3164 = ORIENTED_EDGE ( 'NONE', *, *, #3721, .F. ) ;
#3165 = SURFACE_STYLE_FILL_AREA ( #5286 ) ;
#3166 = EDGE_LOOP ( 'NONE', ( #816, #2352, #3040, #2238 ) ) ;
#3167 = DIRECTION ( 'NONE',  ( -0.0000000000000000000, -0.0000000000000000000, -1.000000000000000000 ) ) ;
#3168 = DIRECTION ( 'NONE',  ( -0.6302023235321212447, 0.7764309572748342436, 0.0000000000000000000 ) ) ;
#3169 = FILL_AREA_STYLE ('',( #5718 ) ) ;
#3170 = EDGE_CURVE ( 'NONE', #6618, #178, #920, .T. ) ;
#3171 = CARTESIAN_POINT ( 'NONE',  ( -4.000000000000000000, -7.145612346359450306, 4.200000000000000178 ) ) ;
#3172 = CARTESIAN_POINT ( 'NONE',  ( 3.959999999999999964, -5.495612346359449951, 2.200000000000000178 ) ) ;
#3173 = SURFACE_STYLE_FILL_AREA ( #582 ) ;
#3174 = VECTOR ( 'NONE', #2214, 1000.000000000000000 ) ;
#3175 = EDGE_LOOP ( 'NONE', ( #5599, #575, #3544, #1185, #6410, #7679, #8414, #1814, #1388 ) ) ;
#3176 = ORIENTED_EDGE ( 'NONE', *, *, #1852, .T. ) ;
#3177 = CARTESIAN_POINT ( 'NONE',  ( -4.000000000000000000, -7.445612346359440359, 4.700000000000001066 ) ) ;
#3178 = ORIENTED_EDGE ( 'NONE', *, *, #1485, .F. ) ;
#3179 = COLOUR_RGB ( '',0.0000000000000000000, 0.0000000000000000000, 0.0000000000000000000 ) ;
#3180 = FILL_AREA_STYLE ('',( #2394 ) ) ;
#3181 = EDGE_CURVE ( 'NONE', #4175, #7577, #201, .T. ) ;
#3182 = CARTESIAN_POINT ( 'NONE',  ( -4.500000000000000888, 5.510910596163089556E-16, 1.000000000000000000 ) ) ;
#3183 = ORIENTED_EDGE ( 'NONE', *, *, #632, .T. ) ;
#3184 = ORIENTED_EDGE ( 'NONE', *, *, #8448, .T. ) ;
#3185 = VECTOR ( 'NONE', #2769, 1000.000000000000000 ) ;
#3186 = LINE ( 'NONE', #5575, #7645 ) ;
#3187 = VERTEX_POINT ( 'NONE', #3474 ) ;
#3188 = LINE ( 'NONE', #3912, #5597 ) ;
#3189 = UNCERTAINTY_MEASURE_WITH_UNIT (LENGTH_MEASURE( 1.000000000000000082E-05 ), #7056, 'distance_accuracy_value', 'NONE');
#3190 = DIRECTION ( 'NONE',  ( 0.0000000000000000000, 0.0000000000000000000, 1.000000000000000000 ) ) ;
#3191 = EDGE_CURVE ( 'NONE', #7631, #4947, #5274, .T. ) ;
#3192 = AXIS2_PLACEMENT_3D ( 'NONE', #3121, #5757, #483 ) ;
#3193 = SURFACE_SIDE_STYLE ('',( #6467 ) ) ;
#3194 = DIRECTION ( 'NONE',  ( -7.052894681536500135E-16, 1.000000000000000000, -0.0000000000000000000 ) ) ;
#3195 = FACE_OUTER_BOUND ( 'NONE', #3047, .T. ) ;
#3196 = ORIENTED_EDGE ( 'NONE', *, *, #1714, .F. ) ;
#3197 = PRESENTATION_LAYER_ASSIGNMENT (  '', '', ( #759 ) ) ;
#3198 = ORIENTED_EDGE ( 'NONE', *, *, #4650, .T. ) ;
#3199 = CARTESIAN_POINT ( 'NONE',  ( 2.000000000000000000, -5.495612346359449951, 2.200000000000000178 ) ) ;
#3200 = PLANE ( 'NONE',  #3435 ) ;
#3201 = CARTESIAN_POINT ( 'NONE',  ( -5.200000000000001066, 2.000000000000000000, 2.200000000000000178 ) ) ;
#3202 = EDGE_CURVE ( 'NONE', #1422, #73, #882, .T. ) ;
#3203 = LINE ( 'NONE', #7124, #7104 ) ;
#3204 = DIRECTION ( 'NONE',  ( 1.000000000000000000, 0.0000000000000000000, 0.0000000000000000000 ) ) ;
#3205 = AXIS2_PLACEMENT_3D ( 'NONE', #2636, #8452, #2533 ) ;
#3206 = DIRECTION ( 'NONE',  ( 1.000000000000000000, 0.0000000000000000000, 0.0000000000000000000 ) ) ;
#3207 = PRESENTATION_STYLE_ASSIGNMENT (( #708 ) ) ;
#3208 = DIRECTION ( 'NONE',  ( 1.000000000000000000, 0.0000000000000000000, -0.0000000000000000000 ) ) ;
#3209 = ORIENTED_EDGE ( 'NONE', *, *, #5703, .F. ) ;
#3210 = DIRECTION ( 'NONE',  ( 0.0000000000000000000, 1.000000000000000000, 0.0000000000000000000 ) ) ;
#3211 = ORIENTED_EDGE ( 'NONE', *, *, #8300, .T. ) ;
#3212 = ADVANCED_FACE ( 'NONE', ( #4757 ), #2822, .T. ) ;
#3213 = MECHANICAL_DESIGN_GEOMETRIC_PRESENTATION_REPRESENTATION (  '', ( #5556 ), #3622 ) ;
#3214 = DIRECTION ( 'NONE',  ( 0.0000000000000000000, 0.0000000000000000000, 1.000000000000000000 ) ) ;
#3215 = DIRECTION ( 'NONE',  ( 0.0000000000000000000, 0.0000000000000000000, 1.000000000000000000 ) ) ;
#3216 = LINE ( 'NONE', #8014, #1110 ) ;
#3217 = ORIENTED_EDGE ( 'NONE', *, *, #8018, .F. ) ;
#3218 = VERTEX_POINT ( 'NONE', #5501 ) ;
#3219 = CARTESIAN_POINT ( 'NONE',  ( 0.0000000000000000000, 0.0000000000000000000, 2.700000000000000178 ) ) ;
#3220 = ORIENTED_EDGE ( 'NONE', *, *, #6776, .F. ) ;
#3221 = UNCERTAINTY_MEASURE_WITH_UNIT (LENGTH_MEASURE( 1.000000000000000082E-05 ), #2983, 'distance_accuracy_value', 'NONE');
#3222 = SURFACE_STYLE_USAGE ( .BOTH. , #5730 ) ;
#3223 = DIRECTION ( 'NONE',  ( 1.000000000000000000, 0.0000000000000000000, 0.0000000000000000000 ) ) ;
#3224 = CARTESIAN_POINT ( 'NONE',  ( 5.160000000000000142, -7.445612346359450129, 2.200000000000000178 ) ) ;
#3225 = VECTOR ( 'NONE', #5076, 1000.000000000000000 ) ;
#3226 = DIRECTION ( 'NONE',  ( 1.000000000000000000, 4.440892098500626162E-15, 0.0000000000000000000 ) ) ;
#3227 = EDGE_LOOP ( 'NONE', ( #5806, #1182, #4383, #3031 ) ) ;
#3228 = ORIENTED_EDGE ( 'NONE', *, *, #6896, .F. ) ;
#3229 = CARTESIAN_POINT ( 'NONE',  ( 1.268087093104830032, 6.375104322620999575, -7.000000000000000000 ) ) ;
#3230 = ORIENTED_EDGE ( 'NONE', *, *, #4084, .T. ) ;
#3231 = EDGE_CURVE ( 'NONE', #1023, #1736, #4156, .T. ) ;
#3232 = CARTESIAN_POINT ( 'NONE',  ( 0.5000000000000000000, 0.0000000000000000000, 1.000000000000000000 ) ) ;
#3233 =( GEOMETRIC_REPRESENTATION_CONTEXT ( 3 ) GLOBAL_UNCERTAINTY_ASSIGNED_CONTEXT ( ( #1249 ) ) GLOBAL_UNIT_ASSIGNED_CONTEXT ( ( #797, #5340, #7274 ) ) REPRESENTATION_CONTEXT ( 'NONE', 'WORKASPACE' ) );
#3234 =( NAMED_UNIT ( * ) PLANE_ANGLE_UNIT ( ) SI_UNIT ( $, .RADIAN. ) );
#3235 = DIRECTION ( 'NONE',  ( 0.8622048423282602236, 0.5065597791630320756, 0.0000000000000000000 ) ) ;
#3236 = CARTESIAN_POINT ( 'NONE',  ( 6.557934381098212029, -2.448161892769760151, 0.0000000000000000000 ) ) ;
#3237 = COLOUR_RGB ( '',0.5607843137254902022, 0.5607843137254902022, 0.5607843137254902022 ) ;
#3238 = VECTOR ( 'NONE', #2646, 1000.000000000000000 ) ;
#3239 = ORIENTED_EDGE ( 'NONE', *, *, #3020, .F. ) ;
#3240 = EDGE_CURVE ( 'NONE', #1790, #4247, #2802, .T. ) ;
#3241 = LINE ( 'NONE', #12, #5031 ) ;
#3242 = EDGE_LOOP ( 'NONE', ( #3824, #7352, #2326, #1489 ) ) ;
#3243 = VECTOR ( 'NONE', #2124, 1000.000000000000000 ) ;
#3244 = SURFACE_SIDE_STYLE ('',( #2542 ) ) ;
#3245 = MECHANICAL_DESIGN_GEOMETRIC_PRESENTATION_REPRESENTATION (  '', ( #4477 ), #8079 ) ;
#3246 = FILL_AREA_STYLE_COLOUR ( '', #4088 ) ;
#3247 = FILL_AREA_STYLE ('',( #746 ) ) ;
#3248 = AXIS2_PLACEMENT_3D ( 'NONE', #8287, #1126, #2374 ) ;
#3249 = CARTESIAN_POINT ( 'NONE',  ( 5.160000000000000142, -7.445612346359450129, 1.199999999999999956 ) ) ;
#3250 = AXIS2_PLACEMENT_3D ( 'NONE', #2080, #1503, #4130 ) ;
#3251 = EDGE_LOOP ( 'NONE', ( #1448, #2991, #3547, #7250 ) ) ;
#3252 = EDGE_CURVE ( 'NONE', #8238, #3874, #7626, .T. ) ;
#3253 =( NAMED_UNIT ( * ) SI_UNIT ( $, .STERADIAN. ) SOLID_ANGLE_UNIT ( ) );
#3254 = ORIENTED_EDGE ( 'NONE', *, *, #6105, .T. ) ;
#3255 = DIRECTION ( 'NONE',  ( -0.0000000000000000000, -0.0000000000000000000, 1.000000000000000000 ) ) ;
#3256 = PRESENTATION_STYLE_ASSIGNMENT (( #1920 ) ) ;
#3257 = STYLED_ITEM ( 'NONE', ( #6255 ), #4611 ) ;
#3258 = LINE ( 'NONE', #5949, #5672 ) ;
#3259 = AXIS2_PLACEMENT_3D ( 'NONE', #7567, #6828, #4955 ) ;
#3260 = CARTESIAN_POINT ( 'NONE',  ( -2.000000000000000000, -5.495612346359449951, 1.500000000000000000 ) ) ;
#3261 = SURFACE_STYLE_USAGE ( .BOTH. , #71 ) ;
#3262 = SURFACE_STYLE_USAGE ( .BOTH. , #4723 ) ;
#3263 = ORIENTED_EDGE ( 'NONE', *, *, #3362, .T. ) ;
#3264 = ADVANCED_FACE ( 'NONE', ( #6752 ), #7491, .T. ) ;
#3265 = CARTESIAN_POINT ( 'NONE',  ( 2.487442310373079390, -6.005216961323361247, 1.000000000000000000 ) ) ;
#3266 = PRESENTATION_LAYER_ASSIGNMENT (  '', '', ( #1629 ) ) ;
#3267 = DIRECTION ( 'NONE',  ( -1.000000000000000000, 0.0000000000000000000, 0.0000000000000000000 ) ) ;
#3268 = CARTESIAN_POINT ( 'NONE',  ( 3.611206514627413267, -5.404552479966543643, -7.000000000000000000 ) ) ;
#3269 = DIRECTION ( 'NONE',  ( -1.000000000000000000, 0.0000000000000000000, 0.0000000000000000000 ) ) ;
#3270 = STYLED_ITEM ( 'NONE', ( #6172 ), #7025 ) ;
#3271 = ORIENTED_EDGE ( 'NONE', *, *, #2280, .T. ) ;
#3272 = VERTEX_POINT ( 'NONE', #4673 ) ;
#3273 = CARTESIAN_POINT ( 'NONE',  ( 6.911675780212109821, 1.108484510144029933, 0.0000000000000000000 ) ) ;
#3274 = ORIENTED_EDGE ( 'NONE', *, *, #6807, .T. ) ;
#3275 = LINE ( 'NONE', #4526, #1092 ) ;
#3276 = VECTOR ( 'NONE', #4319, 1000.000000000000000 ) ;
#3277 = VECTOR ( 'NONE', #3347, 1000.000000000000000 ) ;
#3278 = DIRECTION ( 'NONE',  ( 1.000000000000000000, 0.0000000000000000000, 0.0000000000000000000 ) ) ;
#3279 = DIRECTION ( 'NONE',  ( 1.000000000000000000, 0.0000000000000000000, 0.0000000000000000000 ) ) ;
#3280 = PLANE ( 'NONE',  #1365 ) ;
#3281 = DIRECTION ( 'NONE',  ( 0.0000000000000000000, 0.0000000000000000000, 1.000000000000000000 ) ) ;
#3282 = EDGE_CURVE ( 'NONE', #6204, #4193, #786, .T. ) ;
#3283 = FILL_AREA_STYLE_COLOUR ( '', #6448 ) ;
#3284 = AXIS2_PLACEMENT_3D ( 'NONE', #8092, #4677, #6704 ) ;
#3285 = MECHANICAL_DESIGN_GEOMETRIC_PRESENTATION_REPRESENTATION (  '', ( #7429 ), #3431 ) ;
#3286 = EDGE_LOOP ( 'NONE', ( #2157, #4212, #202, #3380 ) ) ;
#3287 = DIRECTION ( 'NONE',  ( -0.0000000000000000000, -0.0000000000000000000, -1.000000000000000000 ) ) ;
#3288 = STYLED_ITEM ( 'NONE', ( #3332 ), #8466 ) ;
#3289 = CARTESIAN_POINT ( 'NONE',  ( 2.000000000000000000, -5.495612346359449951, 1.500000000000000000 ) ) ;
#3290 = CARTESIAN_POINT ( 'NONE',  ( 6.737754777652109617, 3.332065508993820035, -7.000000000000000000 ) ) ;
#3291 = DIRECTION ( 'NONE',  ( 0.7554539549957062228, 0.6552017413601290974, -0.0000000000000000000 ) ) ;
#3292 = EDGE_CURVE ( 'NONE', #7177, #7389, #1152, .T. ) ;
#3293 = SURFACE_SIDE_STYLE ('',( #3336 ) ) ;
#3294 = COLOUR_RGB ( '',0.0000000000000000000, 0.0000000000000000000, 0.0000000000000000000 ) ;
#3295 = EDGE_LOOP ( 'NONE', ( #4910, #3451, #1477, #4342, #2592, #1590, #3556, #6523, #3176 ) ) ;
#3296 =( LENGTH_UNIT ( ) NAMED_UNIT ( * ) SI_UNIT ( .MILLI., .METRE. ) );
#3297 = CARTESIAN_POINT ( 'NONE',  ( -2.487442310373080279, 6.005216961323359470, 1.000000000000000000 ) ) ;
#3298 = PRESENTATION_STYLE_ASSIGNMENT (( #26 ) ) ;
#3299 = COLOUR_RGB ( '',0.1529411764705882470, 0.1529411764705882470, 0.1529411764705882470 ) ;
#3300 = FILL_AREA_STYLE_COLOUR ( '', #4141 ) ;
#3301 = DIRECTION ( 'NONE',  ( 7.108546341524449421E-16, -1.000000000000000000, 0.0000000000000000000 ) ) ;
#3302 = EDGE_CURVE ( 'NONE', #1809, #6854, #6922, .T. ) ;
#3303 = FILL_AREA_STYLE ('',( #756 ) ) ;
#3304 = CARTESIAN_POINT ( 'NONE',  ( -4.000000000000000000, -7.445612346359440359, 4.200000000000000178 ) ) ;
#3305 = ORIENTED_EDGE ( 'NONE', *, *, #3170, .T. ) ;
#3306 = MECHANICAL_DESIGN_GEOMETRIC_PRESENTATION_REPRESENTATION (  '', ( #7859 ), #733 ) ;
#3307 = EDGE_LOOP ( 'NONE', ( #2608, #7632, #3092, #6726 ) ) ;
#3308 = UNCERTAINTY_MEASURE_WITH_UNIT (LENGTH_MEASURE( 1.000000000000000082E-05 ), #5436, 'distance_accuracy_value', 'NONE');
#3309 = EDGE_CURVE ( 'NONE', #1472, #6083, #2293, .T. ) ;
#3310 = CARTESIAN_POINT ( 'NONE',  ( -4.440892098500630106E-16, -9.445612346359450129, 4.700000000000001066 ) ) ;
#3311 = CARTESIAN_POINT ( 'NONE',  ( 0.0000000000000000000, 0.0000000000000000000, 0.0000000000000000000 ) ) ;
#3312 = EDGE_CURVE ( 'NONE', #1759, #8479, #8351, .T. ) ;
#3313 = COLOUR_RGB ( '',0.1529411764705882470, 0.1529411764705882470, 0.1529411764705882470 ) ;
#3314 = CARTESIAN_POINT ( 'NONE',  ( 4.900000000000000355, 3.000000000000000000, 1.500000000000000000 ) ) ;
#3315 = CARTESIAN_POINT ( 'NONE',  ( 4.460000000000000853, -5.495612346359449951, 1.199999999999999956 ) ) ;
#3316 = ORIENTED_EDGE ( 'NONE', *, *, #3302, .F. ) ;
#3317 = ORIENTED_EDGE ( 'NONE', *, *, #5173, .F. ) ;
#3318 =( LENGTH_UNIT ( ) NAMED_UNIT ( * ) SI_UNIT ( .MILLI., .METRE. ) );
#3319 = ORIENTED_EDGE ( 'NONE', *, *, #8300, .F. ) ;
#3320 =( GEOMETRIC_REPRESENTATION_CONTEXT ( 3 ) GLOBAL_UNCERTAINTY_ASSIGNED_CONTEXT ( ( #8239 ) ) GLOBAL_UNIT_ASSIGNED_CONTEXT ( ( #1693, #7730, #510 ) ) REPRESENTATION_CONTEXT ( 'NONE', 'WORKASPACE' ) );
#3321 = LINE ( 'NONE', #8186, #6975 ) ;
#3322 = EDGE_CURVE ( 'NONE', #629, #7207, #3186, .T. ) ;
#3323 = CARTESIAN_POINT ( 'NONE',  ( -5.121870354138171599, 4.771419503187759759, 0.0000000000000000000 ) ) ;
#3324 = DIRECTION ( 'NONE',  ( 0.0000000000000000000, 0.0000000000000000000, 1.000000000000000000 ) ) ;
#3325 =( LENGTH_UNIT ( ) NAMED_UNIT ( * ) SI_UNIT ( .MILLI., .METRE. ) );
#3326 = SURFACE_STYLE_FILL_AREA ( #267 ) ;
#3327 = AXIS2_PLACEMENT_3D ( 'NONE', #2427, #8385, #3086 ) ;
#3328 = VERTEX_POINT ( 'NONE', #7768 ) ;
#3329 = VERTEX_POINT ( 'NONE', #4429 ) ;
#3330 = VECTOR ( 'NONE', #2875, 1000.000000000000000 ) ;
#3331 = CARTESIAN_POINT ( 'NONE',  ( 0.0000000000000000000, 0.0000000000000000000, 1.000000000000000000 ) ) ;
#3332 = PRESENTATION_STYLE_ASSIGNMENT (( #6743 ) ) ;
#3333 =( NAMED_UNIT ( * ) SI_UNIT ( $, .STERADIAN. ) SOLID_ANGLE_UNIT ( ) );
#3334 = PRESENTATION_STYLE_ASSIGNMENT (( #5281 ) ) ;
#3335 = STYLED_ITEM ( 'NONE', ( #6678 ), #2765 ) ;
#3336 = SURFACE_STYLE_FILL_AREA ( #3247 ) ;
#3337 = CARTESIAN_POINT ( 'NONE',  ( 0.0000000000000000000, 0.0000000000000000000, 0.0000000000000000000 ) ) ;
#3338 = VERTEX_POINT ( 'NONE', #7106 ) ;
#3339 = EDGE_CURVE ( 'NONE', #1151, #7015, #5161, .T. ) ;
#3340 = EDGE_CURVE ( 'NONE', #4674, #4058, #371, .T. ) ;
#3341 = MECHANICAL_DESIGN_GEOMETRIC_PRESENTATION_REPRESENTATION (  '', ( #482 ), #7755 ) ;
#3342 = DIRECTION ( 'NONE',  ( 1.000000000000000000, 0.0000000000000000000, -0.0000000000000000000 ) ) ;
#3343 = MECHANICAL_DESIGN_GEOMETRIC_PRESENTATION_REPRESENTATION (  '', ( #5124 ), #3070 ) ;
#3344 = FILL_AREA_STYLE ('',( #1384 ) ) ;
#3345 = CYLINDRICAL_SURFACE ( 'NONE', #1610, 7.000000000000000000 ) ;
#3346 = CARTESIAN_POINT ( 'NONE',  ( -5.200000000000001066, -7.145612346359450306, 1.199999999999999956 ) ) ;
#3347 = DIRECTION ( 'NONE',  ( 0.0000000000000000000, -1.000000000000000000, -0.0000000000000000000 ) ) ;
#3348 = ORIENTED_EDGE ( 'NONE', *, *, #4884, .T. ) ;
#3349 =( GEOMETRIC_REPRESENTATION_CONTEXT ( 3 ) GLOBAL_UNCERTAINTY_ASSIGNED_CONTEXT ( ( #5206 ) ) GLOBAL_UNIT_ASSIGNED_CONTEXT ( ( #2325, #8442, #117 ) ) REPRESENTATION_CONTEXT ( 'NONE', 'WORKASPACE' ) );
#3350 = LINE ( 'NONE', #2702, #938 ) ;
#3351 = ORIENTED_EDGE ( 'NONE', *, *, #8066, .F. ) ;
#3352 = EDGE_CURVE ( 'NONE', #5523, #4651, #2952, .T. ) ;
#3353 = PLANE ( 'NONE',  #7050 ) ;
#3354 = LINE ( 'NONE', #3903, #6073 ) ;
#3355 = DIRECTION ( 'NONE',  ( -0.4761606815806281312, -0.8793582917768340002, 0.0000000000000000000 ) ) ;
#3356 = DIRECTION ( 'NONE',  ( 0.0000000000000000000, 0.0000000000000000000, 1.000000000000000000 ) ) ;
#3357 = ORIENTED_EDGE ( 'NONE', *, *, #2633, .T. ) ;
#3358 = CARTESIAN_POINT ( 'NONE',  ( 0.2478061731796198930, -6.995612346359257216, 0.0000000000000000000 ) ) ;
#3359 = ORIENTED_EDGE ( 'NONE', *, *, #1150, .F. ) ;
#3360 =( NAMED_UNIT ( * ) SI_UNIT ( $, .STERADIAN. ) SOLID_ANGLE_UNIT ( ) );
#3361 = ORIENTED_EDGE ( 'NONE', *, *, #6150, .F. ) ;
#3362 = EDGE_CURVE ( 'NONE', #3570, #7922, #4881, .T. ) ;
#3363 = CARTESIAN_POINT ( 'NONE',  ( 7.120438210017191238, -2.408185976482529966, 1.000000000000000000 ) ) ;
#3364 = CARTESIAN_POINT ( 'NONE',  ( -2.408185976482529966, -7.120438210017191238, 1.000000000000000000 ) ) ;
#3365 =( NAMED_UNIT ( * ) SI_UNIT ( $, .STERADIAN. ) SOLID_ANGLE_UNIT ( ) );
#3366 = CARTESIAN_POINT ( 'NONE',  ( 1.000000000000000000, 0.0000000000000000000, 1.000000000000000000 ) ) ;
#3367 = VERTEX_POINT ( 'NONE', #8445 ) ;
#3368 = AXIS2_PLACEMENT_3D ( 'NONE', #3549, #874, #7302 ) ;
#3369 = DIRECTION ( 'NONE',  ( -0.5957350678737109995, -0.8031810063152047263, -0.0000000000000000000 ) ) ;
#3370 = ORIENTED_EDGE ( 'NONE', *, *, #395, .T. ) ;
#3371 = LINE ( 'NONE', #1575, #2958 ) ;
#3372 = FILL_AREA_STYLE_COLOUR ( '', #3695 ) ;
#3373 = CARTESIAN_POINT ( 'NONE',  ( 4.900000000000000355, -0.7500000000000000000, 2.200000000000000178 ) ) ;
#3374 = FACE_BOUND ( 'NONE', #7696, .T. ) ;
#3375 = PRESENTATION_LAYER_ASSIGNMENT (  '', '', ( #7378 ) ) ;
#3376 = CARTESIAN_POINT ( 'NONE',  ( -7.446736164466670083, 0.9493313942656600446, 1.000000000000003553 ) ) ;
#3377 = CARTESIAN_POINT ( 'NONE',  ( 3.959999999999999964, -5.495612346359449951, 1.500000000000000000 ) ) ;
#3378 = VERTEX_POINT ( 'NONE', #321 ) ;
#3379 = DIRECTION ( 'NONE',  ( 1.000000000000000000, 0.0000000000000000000, 0.0000000000000000000 ) ) ;
#3380 = ORIENTED_EDGE ( 'NONE', *, *, #4194, .F. ) ;
#3381 = CIRCLE ( 'NONE', #5728, 1.000000000000000000 ) ;
#3382 = ORIENTED_EDGE ( 'NONE', *, *, #928, .F. ) ;
#3383 = VECTOR ( 'NONE', #355, 1000.000000000000114 ) ;
#3384 = DIRECTION ( 'NONE',  ( 1.000000000000000000, 0.0000000000000000000, -0.0000000000000000000 ) ) ;
#3385 = PRESENTATION_STYLE_ASSIGNMENT (( #6611 ) ) ;
#3386 = DIRECTION ( 'NONE',  ( 0.7071067811865462405, -0.7071067811865489050, 0.0000000000000000000 ) ) ;
#3387 = DIRECTION ( 'NONE',  ( 1.000000000000000000, 0.0000000000000000000, 0.0000000000000000000 ) ) ;
#3388 =( GEOMETRIC_REPRESENTATION_CONTEXT ( 3 ) GLOBAL_UNCERTAINTY_ASSIGNED_CONTEXT ( ( #829 ) ) GLOBAL_UNIT_ASSIGNED_CONTEXT ( ( #3448, #4734, #3997 ) ) REPRESENTATION_CONTEXT ( 'NONE', 'WORKASPACE' ) );
#3389 = DIRECTION ( 'NONE',  ( -0.0000000000000000000, -0.0000000000000000000, -1.000000000000000000 ) ) ;
#3390 = ADVANCED_FACE ( 'NONE', ( #596 ), #5787, .F. ) ;
#3391 = ORIENTED_EDGE ( 'NONE', *, *, #7358, .T. ) ;
#3392 = CARTESIAN_POINT ( 'NONE',  ( -2.915791353851479251, 6.363816526331110168, 1.000000000000000000 ) ) ;
#3393 = ORIENTED_EDGE ( 'NONE', *, *, #5529, .F. ) ;
#3394 = COLOUR_RGB ( '',0.0000000000000000000, 0.0000000000000000000, 0.0000000000000000000 ) ;
#3395 = CARTESIAN_POINT ( 'NONE',  ( 5.160000000000000142, -5.645612346359450306, 1.500000000000000000 ) ) ;
#3396 = LINE ( 'NONE', #116, #3807 ) ;
#3397 = ADVANCED_FACE ( 'NONE', ( #2902 ), #6193, .F. ) ;
#3398 = DIRECTION ( 'NONE',  ( 0.0000000000000000000, -0.0000000000000000000, -1.000000000000000000 ) ) ;
#3399 = ORIENTED_EDGE ( 'NONE', *, *, #8035, .T. ) ;
#3400 = COLOUR_RGB ( '',0.0000000000000000000, 0.0000000000000000000, 0.0000000000000000000 ) ;
#3401 = LINE ( 'NONE', #5998, #5729 ) ;
#3402 = STYLED_ITEM ( 'NONE', ( #6865 ), #6744 ) ;
#3403 = VERTEX_POINT ( 'NONE', #2579 ) ;
#3404 = CARTESIAN_POINT ( 'NONE',  ( 2.600000000000000089, -5.495612346359449951, 2.200000000000000178 ) ) ;
#3405 = EDGE_LOOP ( 'NONE', ( #4951, #8133 ) ) ;
#3406 =( NAMED_UNIT ( * ) PLANE_ANGLE_UNIT ( ) SI_UNIT ( $, .RADIAN. ) );
#3407 =( LENGTH_UNIT ( ) NAMED_UNIT ( * ) SI_UNIT ( .MILLI., .METRE. ) );
#3408 = VECTOR ( 'NONE', #504, 1000.000000000000000 ) ;
#3409 = VECTOR ( 'NONE', #2710, 1000.000000000000000 ) ;
#3410 = CARTESIAN_POINT ( 'NONE',  ( 6.815860878403001699, -1.595004854618149670, 1.000000000000002665 ) ) ;
#3411 = SURFACE_STYLE_USAGE ( .BOTH. , #3963 ) ;
#3412 = LINE ( 'NONE', #2108, #5687 ) ;
#3413 = EDGE_LOOP ( 'NONE', ( #219, #1650, #1822, #4926 ) ) ;
#3414 = VECTOR ( 'NONE', #3852, 1000.000000000000000 ) ;
#3415 = PLANE ( 'NONE',  #4351 ) ;
#3416 = ORIENTED_EDGE ( 'NONE', *, *, #2558, .T. ) ;
#3417 = ORIENTED_EDGE ( 'NONE', *, *, #3655, .F. ) ;
#3418 = CARTESIAN_POINT ( 'NONE',  ( -6.995612346359258993, 0.2478061731796298017, 1.000000000000002665 ) ) ;
#3419 =( LENGTH_UNIT ( ) NAMED_UNIT ( * ) SI_UNIT ( .MILLI., .METRE. ) );
#3420 = EDGE_CURVE ( 'NONE', #2486, #8263, #6589, .T. ) ;
#3421 = AXIS2_PLACEMENT_3D ( 'NONE', #1664, #3563, #1008 ) ;
#3422 = SURFACE_STYLE_FILL_AREA ( #4583 ) ;
#3423 = EDGE_CURVE ( 'NONE', #5240, #3908, #2717, .T. ) ;
#3424 = DIRECTION ( 'NONE',  ( -0.07088902009067907239, 0.9974842088126424366, 0.0000000000000000000 ) ) ;
#3425 = ORIENTED_EDGE ( 'NONE', *, *, #6413, .T. ) ;
#3426 = SURFACE_STYLE_FILL_AREA ( #6118 ) ;
#3427 = VERTEX_POINT ( 'NONE', #5352 ) ;
#3428 = PRESENTATION_LAYER_ASSIGNMENT (  '', '', ( #7578 ) ) ;
#3429 =( GEOMETRIC_REPRESENTATION_CONTEXT ( 3 ) GLOBAL_UNCERTAINTY_ASSIGNED_CONTEXT ( ( #3780 ) ) GLOBAL_UNIT_ASSIGNED_CONTEXT ( ( #6691, #4669, #7347 ) ) REPRESENTATION_CONTEXT ( 'NONE', 'WORKASPACE' ) );
#3430 = ORIENTED_EDGE ( 'NONE', *, *, #2430, .T. ) ;
#3431 =( GEOMETRIC_REPRESENTATION_CONTEXT ( 3 ) GLOBAL_UNCERTAINTY_ASSIGNED_CONTEXT ( ( #7603 ) ) GLOBAL_UNIT_ASSIGNED_CONTEXT ( ( #5527, #7478, #1721 ) ) REPRESENTATION_CONTEXT ( 'NONE', 'WORKASPACE' ) );
#3432 = SURFACE_STYLE_USAGE ( .BOTH. , #154 ) ;
#3433 = SURFACE_STYLE_FILL_AREA ( #6080 ) ;
#3434 = DIRECTION ( 'NONE',  ( 1.000000000000000000, 0.0000000000000000000, 0.0000000000000000000 ) ) ;
#3435 = AXIS2_PLACEMENT_3D ( 'NONE', #1252, #3456, #7121 ) ;
#3436 = SURFACE_SIDE_STYLE ('',( #3028 ) ) ;
#3437 = FILL_AREA_STYLE ('',( #5035 ) ) ;
#3438 = ORIENTED_EDGE ( 'NONE', *, *, #4922, .T. ) ;
#3439 = FILL_AREA_STYLE ('',( #330 ) ) ;
#3440 = VERTEX_POINT ( 'NONE', #3404 ) ;
#3441 = VECTOR ( 'NONE', #7547, 1000.000000000000000 ) ;
#3442 = EDGE_CURVE ( 'NONE', #7565, #3187, #2253, .T. ) ;
#3443 = FILL_AREA_STYLE_COLOUR ( '', #7896 ) ;
#3444 = DIRECTION ( 'NONE',  ( 1.000000000000000000, 0.0000000000000000000, 0.0000000000000000000 ) ) ;
#3445 = FACE_OUTER_BOUND ( 'NONE', #4606, .T. ) ;
#3446 = CIRCLE ( 'NONE', #2199, 0.5000000000000004441 ) ;
#3447 = ORIENTED_EDGE ( 'NONE', *, *, #4654, .T. ) ;
#3448 =( LENGTH_UNIT ( ) NAMED_UNIT ( * ) SI_UNIT ( .MILLI., .METRE. ) );
#3449 = ORIENTED_EDGE ( 'NONE', *, *, #5870, .T. ) ;
#3450 = PRESENTATION_STYLE_ASSIGNMENT (( #6248 ) ) ;
#3451 = ORIENTED_EDGE ( 'NONE', *, *, #3252, .T. ) ;
#3452 = EDGE_CURVE ( 'NONE', #455, #4809, #7854, .T. ) ;
#3453 = EDGE_CURVE ( 'NONE', #8277, #357, #7900, .T. ) ;
#3454 = FILL_AREA_STYLE ('',( #1401 ) ) ;
#3455 = STYLED_ITEM ( 'NONE', ( #8221 ), #1032 ) ;
#3456 = DIRECTION ( 'NONE',  ( -0.1466864298015869983, -0.9891830423698457775, 0.0000000000000000000 ) ) ;
#3457 = CARTESIAN_POINT ( 'NONE',  ( -5.450000000000000178, 0.0000000000000000000, 1.699999999999999956 ) ) ;
#3458 = FACE_OUTER_BOUND ( 'NONE', #1363, .T. ) ;
#3459 = DIRECTION ( 'NONE',  ( -0.0000000000000000000, -0.0000000000000000000, -1.000000000000000000 ) ) ;
#3460 = DIRECTION ( 'NONE',  ( 0.0000000000000000000, 0.0000000000000000000, 1.000000000000000000 ) ) ;
#3461 = VERTEX_POINT ( 'NONE', #4522 ) ;
#3462 = MECHANICAL_DESIGN_GEOMETRIC_PRESENTATION_REPRESENTATION (  '', ( #3037 ), #204 ) ;
#3463 = CARTESIAN_POINT ( 'NONE',  ( 5.671109727513901966, -4.103475899587717635, 1.000000000000000000 ) ) ;
#3464 = VERTEX_POINT ( 'NONE', #1362 ) ;
#3465 = EDGE_CURVE ( 'NONE', #215, #6072, #7068, .T. ) ;
#3466 = CARTESIAN_POINT ( 'NONE',  ( 3.611206514627410158, -5.404552479966549861, 0.0000000000000000000 ) ) ;
#3467 = VECTOR ( 'NONE', #832, 1000.000000000000114 ) ;
#3468 = FACE_OUTER_BOUND ( 'NONE', #200, .T. ) ;
#3469 = CARTESIAN_POINT ( 'NONE',  ( -6.510492742431059909, 3.775206928833970021, 1.000000000000000000 ) ) ;
#3470 = SURFACE_STYLE_FILL_AREA ( #7395 ) ;
#3471 = SURFACE_STYLE_FILL_AREA ( #7574 ) ;
#3472 = ORIENTED_EDGE ( 'NONE', *, *, #7296, .F. ) ;
#3473 = EDGE_CURVE ( 'NONE', #3329, #7589, #1890, .T. ) ;
#3474 = CARTESIAN_POINT ( 'NONE',  ( 5.671109727513898413, 4.103475899587718523, 1.000000000000000000 ) ) ;
#3475 = ORIENTED_EDGE ( 'NONE', *, *, #2600, .F. ) ;
#3476 = PRESENTATION_LAYER_ASSIGNMENT (  '', '', ( #8021 ) ) ;
#3477 = CARTESIAN_POINT ( 'NONE',  ( 5.450000000000000178, 0.0000000000000000000, 2.700000000000000178 ) ) ;
#3478 = EDGE_CURVE ( 'NONE', #3011, #2773, #691, .T. ) ;
#3479 = DIRECTION ( 'NONE',  ( -0.07088902009067954424, 0.9974842088126424366, 0.0000000000000000000 ) ) ;
#3480 = PLANE ( 'NONE',  #6474 ) ;
#3481 = LINE ( 'NONE', #926, #3330 ) ;
#3482 = DIRECTION ( 'NONE',  ( 1.000000000000000000, 0.0000000000000000000, 0.0000000000000000000 ) ) ;
#3483 = EDGE_CURVE ( 'NONE', #6534, #6138, #5305, .T. ) ;
#3484 = VERTEX_POINT ( 'NONE', #3910 ) ;
#3485 = PLANE ( 'NONE',  #1847 ) ;
#3486 = ORIENTED_EDGE ( 'NONE', *, *, #5009, .T. ) ;
#3487 = VECTOR ( 'NONE', #5915, 1000.000000000000000 ) ;
#3488 = UNCERTAINTY_MEASURE_WITH_UNIT (LENGTH_MEASURE( 1.000000000000000082E-05 ), #2833, 'distance_accuracy_value', 'NONE');
#3489 = DIRECTION ( 'NONE',  ( 1.000000000000000000, 1.509903313490213211E-14, 0.0000000000000000000 ) ) ;
#3490 = CARTESIAN_POINT ( 'NONE',  ( -5.199999999999999289, 0.0000000000000000000, 1.699999999999999956 ) ) ;
#3491 = SURFACE_STYLE_FILL_AREA ( #5554 ) ;
#3492 = FILL_AREA_STYLE_COLOUR ( '', #6437 ) ;
#3493 = ORIENTED_EDGE ( 'NONE', *, *, #77, .F. ) ;
#3494 = ORIENTED_EDGE ( 'NONE', *, *, #5, .F. ) ;
#3495 = SURFACE_STYLE_FILL_AREA ( #1560 ) ;
#3496 = ORIENTED_EDGE ( 'NONE', *, *, #6653, .F. ) ;
#3497 = CYLINDRICAL_SURFACE ( 'NONE', #2797, 0.5000000000000000000 ) ;
#3498 = FILL_AREA_STYLE_COLOUR ( '', #1966 ) ;
#3499 = CARTESIAN_POINT ( 'NONE',  ( 4.900000000000000355, 2.000000000000000000, 2.200000000000000178 ) ) ;
#3500 = EDGE_CURVE ( 'NONE', #1409, #5303, #3999, .T. ) ;
#3501 = ORIENTED_EDGE ( 'NONE', *, *, #2658, .T. ) ;
#3502 = CARTESIAN_POINT ( 'NONE',  ( -4.000000000000000000, -7.145612346359450306, 4.700000000000001066 ) ) ;
#3503 = ORIENTED_EDGE ( 'NONE', *, *, #7195, .T. ) ;
#3504 = CARTESIAN_POINT ( 'NONE',  ( 0.0000000000000000000, -7.445612346359450129, 1.199999999999999956 ) ) ;
#3505 = FILL_AREA_STYLE_COLOUR ( '', #5968 ) ;
#3506 = CARTESIAN_POINT ( 'NONE',  ( 0.0000000000000000000, 0.0000000000000000000, 0.0000000000000000000 ) ) ;
#3507 = CARTESIAN_POINT ( 'NONE',  ( 0.4999999999999997780, -5.495612346359449951, 2.200000000000000178 ) ) ;
#3508 = EDGE_CURVE ( 'NONE', #3720, #1948, #4652, .T. ) ;
#3509 = ORIENTED_EDGE ( 'NONE', *, *, #2330, .F. ) ;
#3510 = FILL_AREA_STYLE_COLOUR ( '', #3886 ) ;
#3511 = EDGE_LOOP ( 'NONE', ( #2879, #6823 ) ) ;
#3512 = CARTESIAN_POINT ( 'NONE',  ( -2.915791353851480139, 6.363816526331110168, 0.0000000000000000000 ) ) ;
#3513 = ORIENTED_EDGE ( 'NONE', *, *, #2558, .F. ) ;
#3514 =( NAMED_UNIT ( * ) PLANE_ANGLE_UNIT ( ) SI_UNIT ( $, .RADIAN. ) );
#3515 = STYLED_ITEM ( 'NONE', ( #4422 ), #3853 ) ;
#3516 = FILL_AREA_STYLE ('',( #6802 ) ) ;
#3517 = COLOUR_RGB ( '',0.0000000000000000000, 0.0000000000000000000, 0.0000000000000000000 ) ;
#3518 = FILL_AREA_STYLE ('',( #1667 ) ) ;
#3519 = SURFACE_SIDE_STYLE ('',( #3433 ) ) ;
#3520 = FACE_OUTER_BOUND ( 'NONE', #966, .T. ) ;
#3521 = DIRECTION ( 'NONE',  ( 0.0000000000000000000, 0.0000000000000000000, -1.000000000000000000 ) ) ;
#3522 = EDGE_CURVE ( 'NONE', #6399, #6412, #769, .T. ) ;
#3523 = VECTOR ( 'NONE', #1548, 1000.000000000000000 ) ;
#3524 = VERTEX_POINT ( 'NONE', #2629 ) ;
#3525 = PRESENTATION_STYLE_ASSIGNMENT (( #2914 ) ) ;
#3526 = ORIENTED_EDGE ( 'NONE', *, *, #4785, .T. ) ;
#3527 = CARTESIAN_POINT ( 'NONE',  ( -7.500000000000000000, -0.4999999999999990563, 1.000000000000003553 ) ) ;
#3528 = CARTESIAN_POINT ( 'NONE',  ( -2.906047995630970604, -6.368271747270936700, 0.0000000000000000000 ) ) ;
#3529 = EDGE_CURVE ( 'NONE', #5576, #5333, #6501, .T. ) ;
#3530 = AXIS2_PLACEMENT_3D ( 'NONE', #6793, #4276, #6190 ) ;
#3531 = CARTESIAN_POINT ( 'NONE',  ( -5.404552479966549861, -3.611206514627410158, 1.000000000000000000 ) ) ;
#3532 = EDGE_CURVE ( 'NONE', #2224, #4083, #4607, .T. ) ;
#3533 = ORIENTED_EDGE ( 'NONE', *, *, #788, .T. ) ;
#3534 = ORIENTED_EDGE ( 'NONE', *, *, #8243, .T. ) ;
#3535 = CARTESIAN_POINT ( 'NONE',  ( -1.000000000000000000, 1.224646799147353207E-16, 1.000000000000000000 ) ) ;
#3536 = VERTEX_POINT ( 'NONE', #7511 ) ;
#3537 = PRESENTATION_LAYER_ASSIGNMENT (  '', '', ( #8335 ) ) ;
#3538 = FILL_AREA_STYLE_COLOUR ( '', #3875 ) ;
#3539 = CARTESIAN_POINT ( 'NONE',  ( 6.005216961323360358, -2.487442310373090049, 1.000000000000000000 ) ) ;
#3540 =( NAMED_UNIT ( * ) SI_UNIT ( $, .STERADIAN. ) SOLID_ANGLE_UNIT ( ) );
#3541 = SURFACE_SIDE_STYLE ('',( #8275 ) ) ;
#3542 = VECTOR ( 'NONE', #3623, 1000.000000000000000 ) ;
#3543 =( GEOMETRIC_REPRESENTATION_CONTEXT ( 3 ) GLOBAL_UNCERTAINTY_ASSIGNED_CONTEXT ( ( #8368 ) ) GLOBAL_UNIT_ASSIGNED_CONTEXT ( ( #1491, #6746, #4803 ) ) REPRESENTATION_CONTEXT ( 'NONE', 'WORKASPACE' ) );
#3544 = ORIENTED_EDGE ( 'NONE', *, *, #18, .T. ) ;
#3545 = DIRECTION ( 'NONE',  ( -0.8793582917768292262, -0.4761606815806371240, 0.0000000000000000000 ) ) ;
#3546 = STYLED_ITEM ( 'NONE', ( #841 ), #4983 ) ;
#3547 = ORIENTED_EDGE ( 'NONE', *, *, #724, .F. ) ;
#3548 = VECTOR ( 'NONE', #7, 1000.000000000000000 ) ;
#3549 = CARTESIAN_POINT ( 'NONE',  ( 0.0000000000000000000, 0.0000000000000000000, 0.0000000000000000000 ) ) ;
#3550 = EDGE_CURVE ( 'NONE', #1948, #281, #7426, .T. ) ;
#3551 = DIRECTION ( 'NONE',  ( -0.0000000000000000000, -0.0000000000000000000, -1.000000000000000000 ) ) ;
#3552 = DIRECTION ( 'NONE',  ( 0.0000000000000000000, 0.0000000000000000000, 1.000000000000000000 ) ) ;
#3553 = CARTESIAN_POINT ( 'NONE',  ( 0.0000000000000000000, 0.0000000000000000000, 1.500000000000000000 ) ) ;
#3554 = CIRCLE ( 'NONE', #6995, 7.000000000000000000 ) ;
#3555 = AXIS2_PLACEMENT_3D ( 'NONE', #5518, #4899, #1055 ) ;
#3556 = ORIENTED_EDGE ( 'NONE', *, *, #4942, .T. ) ;
#3557 = DIRECTION ( 'NONE',  ( 0.5957350678737109995, -0.8031810063152047263, 0.0000000000000000000 ) ) ;
#3558 = ORIENTED_EDGE ( 'NONE', *, *, #983, .F. ) ;
#3559 = DIRECTION ( 'NONE',  ( 0.0000000000000000000, -1.000000000000000000, -8.673617379884035472E-16 ) ) ;
#3560 = ORIENTED_EDGE ( 'NONE', *, *, #3483, .T. ) ;
#3561 =( LENGTH_UNIT ( ) NAMED_UNIT ( * ) SI_UNIT ( .MILLI., .METRE. ) );
#3562 = STYLED_ITEM ( 'NONE', ( #960 ), #7938 ) ;
#3563 = DIRECTION ( 'NONE',  ( -0.0000000000000000000, -0.0000000000000000000, -1.000000000000000000 ) ) ;
#3564 = VECTOR ( 'NONE', #6528, 1000.000000000000000 ) ;
#3565 = EDGE_CURVE ( 'NONE', #4233, #3440, #6858, .T. ) ;
#3566 =( LENGTH_UNIT ( ) NAMED_UNIT ( * ) SI_UNIT ( .MILLI., .METRE. ) );
#3567 = CARTESIAN_POINT ( 'NONE',  ( 1.595004854618150114, 6.815860878403000811, 0.0000000000000000000 ) ) ;
#3568 = VECTOR ( 'NONE', #2078, 1000.000000000000000 ) ;
#3569 = ORIENTED_EDGE ( 'NONE', *, *, #4708, .F. ) ;
#3570 = VERTEX_POINT ( 'NONE', #1602 ) ;
#3571 = PLANE ( 'NONE',  #1483 ) ;
#3572 = SURFACE_STYLE_USAGE ( .BOTH. , #6170 ) ;
#3573 = PLANE ( 'NONE',  #844 ) ;
#3574 = SURFACE_SIDE_STYLE ('',( #940 ) ) ;
#3575 = ORIENTED_EDGE ( 'NONE', *, *, #6341, .T. ) ;
#3576 = VERTEX_POINT ( 'NONE', #2966 ) ;
#3577 = VECTOR ( 'NONE', #4787, 1000.000000000000114 ) ;
#3578 = LINE ( 'NONE', #5559, #6667 ) ;
#3579 = EDGE_LOOP ( 'NONE', ( #7852, #8145, #8467, #4882 ) ) ;
#3580 = UNCERTAINTY_MEASURE_WITH_UNIT (LENGTH_MEASURE( 1.000000000000000082E-05 ), #7359, 'distance_accuracy_value', 'NONE');
#3581 = FILL_AREA_STYLE ('',( #5487 ) ) ;
#3582 = DIRECTION ( 'NONE',  ( -0.1120750820665309122, 0.9936997413604273799, 0.0000000000000000000 ) ) ;
#3583 = DIRECTION ( 'NONE',  ( 0.8622048423282602236, -0.5065597791630320756, 0.0000000000000000000 ) ) ;
#3584 = ORIENTED_EDGE ( 'NONE', *, *, #5897, .F. ) ;
#3585 = EDGE_CURVE ( 'NONE', #4175, #1916, #3611, .T. ) ;
#3586 = PRESENTATION_LAYER_ASSIGNMENT (  '', '', ( #7859 ) ) ;
#3587 = FILL_AREA_STYLE ('',( #3062 ) ) ;
#3588 =( LENGTH_UNIT ( ) NAMED_UNIT ( * ) SI_UNIT ( .MILLI., .METRE. ) );
#3589 = DIRECTION ( 'NONE',  ( -0.0000000000000000000, 0.0000000000000000000, 1.000000000000000000 ) ) ;
#3590 = DIRECTION ( 'NONE',  ( -0.0000000000000000000, 0.0000000000000000000, -1.000000000000000000 ) ) ;
#3591 = SURFACE_SIDE_STYLE ('',( #3471 ) ) ;
#3592 = ORIENTED_EDGE ( 'NONE', *, *, #4229, .F. ) ;
#3593 = CARTESIAN_POINT ( 'NONE',  ( -1.199999999999999956, -5.645612346359450306, 1.199999999999999956 ) ) ;
#3594 = ORIENTED_EDGE ( 'NONE', *, *, #4047, .F. ) ;
#3595 = DIRECTION ( 'NONE',  ( 0.0000000000000000000, 0.0000000000000000000, 1.000000000000000000 ) ) ;
#3596 = ORIENTED_EDGE ( 'NONE', *, *, #5093, .F. ) ;
#3597 = CIRCLE ( 'NONE', #8016, 7.000000000000000000 ) ;
#3598 = SURFACE_SIDE_STYLE ('',( #2457 ) ) ;
#3599 = CARTESIAN_POINT ( 'NONE',  ( 0.0000000000000000000, 0.0000000000000000000, 0.0000000000000000000 ) ) ;
#3600 = EDGE_CURVE ( 'NONE', #618, #4682, #988, .T. ) ;
#3601 = ORIENTED_EDGE ( 'NONE', *, *, #7411, .F. ) ;
#3602 = EDGE_CURVE ( 'NONE', #4821, #3338, #2190, .T. ) ;
#3603 = SURFACE_SIDE_STYLE ('',( #1672 ) ) ;
#3604 = ORIENTED_EDGE ( 'NONE', *, *, #8268, .F. ) ;
#3605 = CARTESIAN_POINT ( 'NONE',  ( -5.149999999999989697, -0.5000000000000000000, 2.200000000000000178 ) ) ;
#3606 = COLOUR_RGB ( '',0.0000000000000000000, 0.0000000000000000000, 0.0000000000000000000 ) ;
#3607 = CARTESIAN_POINT ( 'NONE',  ( 0.2478061731796237788, -6.995612346359257216, 1.000000000000000000 ) ) ;
#3608 = ORIENTED_EDGE ( 'NONE', *, *, #1242, .F. ) ;
#3609 = ORIENTED_EDGE ( 'NONE', *, *, #3309, .T. ) ;
#3610 = EDGE_CURVE ( 'NONE', #1623, #487, #4904, .T. ) ;
#3611 = LINE ( 'NONE', #8109, #6382 ) ;
#3612 = ORIENTED_EDGE ( 'NONE', *, *, #6000, .T. ) ;
#3613 = DIRECTION ( 'NONE',  ( 1.000000000000000000, 0.0000000000000000000, 0.0000000000000000000 ) ) ;
#3614 = CARTESIAN_POINT ( 'NONE',  ( -6.375104322620997799, -1.268087093104833141, 1.000000000000004663 ) ) ;
#3615 = VECTOR ( 'NONE', #2662, 1000.000000000000000 ) ;
#3616 = CIRCLE ( 'NONE', #5275, 7.000000000000000000 ) ;
#3617 =( NAMED_UNIT ( * ) SI_UNIT ( $, .STERADIAN. ) SOLID_ANGLE_UNIT ( ) );
#3618 = ADVANCED_FACE ( 'NONE', ( #4215 ), #4260, .F. ) ;
#3619 = PRESENTATION_STYLE_ASSIGNMENT (( #7021 ) ) ;
#3620 = ORIENTED_EDGE ( 'NONE', *, *, #3500, .F. ) ;
#3621 = EDGE_CURVE ( 'NONE', #6750, #7676, #8073, .T. ) ;
#3622 =( GEOMETRIC_REPRESENTATION_CONTEXT ( 3 ) GLOBAL_UNCERTAINTY_ASSIGNED_CONTEXT ( ( #2704 ) ) GLOBAL_UNIT_ASSIGNED_CONTEXT ( ( #1112, #6323, #5072 ) ) REPRESENTATION_CONTEXT ( 'NONE', 'WORKASPACE' ) );
#3623 = DIRECTION ( 'NONE',  ( 0.4472135954999599816, 0.8944271909999148562, 0.0000000000000000000 ) ) ;
#3624 = UNCERTAINTY_MEASURE_WITH_UNIT (LENGTH_MEASURE( 1.000000000000000082E-05 ), #7112, 'distance_accuracy_value', 'NONE');
#3625 = LINE ( 'NONE', #5612, #4334 ) ;
#3626 = PLANE ( 'NONE',  #4357 ) ;
#3627 = DIRECTION ( 'NONE',  ( 0.4761606815806379567, 0.8793582917768288931, -0.0000000000000000000 ) ) ;
#3628 =( NAMED_UNIT ( * ) SI_UNIT ( $, .STERADIAN. ) SOLID_ANGLE_UNIT ( ) );
#3629 = DIRECTION ( 'NONE',  ( -0.0000000000000000000, 0.0000000000000000000, 1.000000000000000000 ) ) ;
#3630 = EDGE_CURVE ( 'NONE', #4784, #3996, #3578, .T. ) ;
#3631 = VERTEX_POINT ( 'NONE', #6176 ) ;
#3632 = DIRECTION ( 'NONE',  ( -0.0000000000000000000, 0.0000000000000000000, 1.000000000000000000 ) ) ;
#3633 = DIRECTION ( 'NONE',  ( 0.4472135954999579277, -0.8944271909999158554, 0.0000000000000000000 ) ) ;
#3634 = CARTESIAN_POINT ( 'NONE',  ( 6.375104322620997799, 1.268087093104833141, 1.000000000000004663 ) ) ;
#3635 = CARTESIAN_POINT ( 'NONE',  ( 3.459999999999999964, -6.945612346359450129, 4.200000000000000178 ) ) ;
#3636 = STYLED_ITEM ( 'NONE', ( #7059 ), #3390 ) ;
#3637 = CARTESIAN_POINT ( 'NONE',  ( 0.0000000000000000000, 0.0000000000000000000, 1.000000000000000000 ) ) ;
#3638 = PLANE ( 'NONE',  #1855 ) ;
#3639 = ORIENTED_EDGE ( 'NONE', *, *, #6069, .F. ) ;
#3640 = ORIENTED_EDGE ( 'NONE', *, *, #4582, .F. ) ;
#3641 = MECHANICAL_DESIGN_GEOMETRIC_PRESENTATION_REPRESENTATION (  '', ( #509 ), #2679 ) ;
#3642 = EDGE_CURVE ( 'NONE', #7994, #2316, #6212, .T. ) ;
#3643 =( NAMED_UNIT ( * ) SI_UNIT ( $, .STERADIAN. ) SOLID_ANGLE_UNIT ( ) );
#3644 = EDGE_CURVE ( 'NONE', #2627, #7934, #1476, .T. ) ;
#3645 = DIRECTION ( 'NONE',  ( 0.0000000000000000000, 0.0000000000000000000, 1.000000000000000000 ) ) ;
#3646 = DIRECTION ( 'NONE',  ( 3.947459643111669945E-16, -0.0000000000000000000, 1.000000000000000000 ) ) ;
#3647 = STYLED_ITEM ( 'NONE', ( #364 ), #5631 ) ;
#3648 = ORIENTED_EDGE ( 'NONE', *, *, #6360, .T. ) ;
#3649 = ORIENTED_EDGE ( 'NONE', *, *, #5242, .F. ) ;
#3650 = FACE_OUTER_BOUND ( 'NONE', #446, .T. ) ;
#3651 = VERTEX_POINT ( 'NONE', #2229 ) ;
#3652 = PRESENTATION_LAYER_ASSIGNMENT (  '', '', ( #2970 ) ) ;
#3653 = FACE_OUTER_BOUND ( 'NONE', #2064, .T. ) ;
#3654 = CARTESIAN_POINT ( 'NONE',  ( -4.103475899587721187, -5.671109727513900189, 0.0000000000000000000 ) ) ;
#3655 = EDGE_CURVE ( 'NONE', #2316, #5134, #7783, .T. ) ;
#3656 =( NAMED_UNIT ( * ) PLANE_ANGLE_UNIT ( ) SI_UNIT ( $, .RADIAN. ) );
#3657 = VECTOR ( 'NONE', #5446, 1000.000000000000000 ) ;
#3658 = ORIENTED_EDGE ( 'NONE', *, *, #4312, .F. ) ;
#3659 = CARTESIAN_POINT ( 'NONE',  ( -0.2478061731796309952, -6.995612346359259881, 0.0000000000000000000 ) ) ;
#3660 = AXIS2_PLACEMENT_3D ( 'NONE', #5516, #332, #6847 ) ;
#3661 = PRESENTATION_LAYER_ASSIGNMENT (  '', '', ( #280 ) ) ;
#3662 = ADVANCED_FACE ( 'NONE', ( #218 ), #586, .F. ) ;
#3663 = SURFACE_STYLE_USAGE ( .BOTH. , #7606 ) ;
#3664 = FILL_AREA_STYLE ('',( #4957 ) ) ;
#3665 = CARTESIAN_POINT ( 'NONE',  ( -6.368271747270940253, 2.906047995630960390, 0.0000000000000000000 ) ) ;
#3666 = CARTESIAN_POINT ( 'NONE',  ( 5.671109727513900189, -4.103475899587719411, 0.0000000000000000000 ) ) ;
#3667 = ORIENTED_EDGE ( 'NONE', *, *, #6942, .F. ) ;
#3668 = AXIS2_PLACEMENT_3D ( 'NONE', #6377, #4962, #2377 ) ;
#3669 = COLOUR_RGB ( '',0.0000000000000000000, 0.0000000000000000000, 0.0000000000000000000 ) ;
#3670 = PRESENTATION_STYLE_ASSIGNMENT (( #476 ) ) ;
#3671 = ORIENTED_EDGE ( 'NONE', *, *, #7960, .F. ) ;
#3672 = EDGE_CURVE ( 'NONE', #4872, #5523, #2353, .T. ) ;
#3673 = CARTESIAN_POINT ( 'NONE',  ( 3.759999999999999787, -4.645612346359450306, 1.200000000000000178 ) ) ;
#3674 = LINE ( 'NONE', #3074, #2882 ) ;
#3675 = EDGE_CURVE ( 'NONE', #8090, #720, #7933, .T. ) ;
#3676 = LINE ( 'NONE', #7004, #1141 ) ;
#3677 = CARTESIAN_POINT ( 'NONE',  ( 0.0000000000000000000, 0.0000000000000000000, 1.000000000000000000 ) ) ;
#3678 = VECTOR ( 'NONE', #1788, 1000.000000000000000 ) ;
#3679 = SURFACE_STYLE_FILL_AREA ( #3161 ) ;
#3680 = VECTOR ( 'NONE', #2626, 1000.000000000000000 ) ;
#3681 = VERTEX_POINT ( 'NONE', #8392 ) ;
#3682 =( LENGTH_UNIT ( ) NAMED_UNIT ( * ) SI_UNIT ( .MILLI., .METRE. ) );
#3683 = STYLED_ITEM ( 'NONE', ( #687 ), #8015 ) ;
#3684 = ORIENTED_EDGE ( 'NONE', *, *, #959, .F. ) ;
#3685 = CIRCLE ( 'NONE', #7563, 1.000000000000000000 ) ;
#3686 = DIRECTION ( 'NONE',  ( 1.000000000000000000, 0.0000000000000000000, 0.0000000000000000000 ) ) ;
#3687 = AXIS2_PLACEMENT_3D ( 'NONE', #3599, #8257, #3036 ) ;
#3688 = DIRECTION ( 'NONE',  ( 0.0000000000000000000, -1.000000000000000000, 0.0000000000000000000 ) ) ;
#3689 = PRESENTATION_LAYER_ASSIGNMENT (  '', '', ( #7429 ) ) ;
#3690 = ORIENTED_EDGE ( 'NONE', *, *, #4664, .F. ) ;
#3691 = VERTEX_POINT ( 'NONE', #2434 ) ;
#3692 = CARTESIAN_POINT ( 'NONE',  ( -2.799999999999999822, -7.445612346359450129, 1.199999999999999956 ) ) ;
#3693 = EDGE_LOOP ( 'NONE', ( #1833, #2978, #505, #739 ) ) ;
#3694 = CIRCLE ( 'NONE', #6305, 0.5000000000000004441 ) ;
#3695 = COLOUR_RGB ( '',0.0000000000000000000, 0.0000000000000000000, 0.0000000000000000000 ) ;
#3696 = AXIS2_PLACEMENT_3D ( 'NONE', #1758, #6362, #2440 ) ;
#3697 = PRESENTATION_STYLE_ASSIGNMENT (( #2891 ) ) ;
#3698 = DIRECTION ( 'NONE',  ( -0.8622048423282507867, -0.5065597791630482849, 0.0000000000000000000 ) ) ;
#3699 =( NAMED_UNIT ( * ) PLANE_ANGLE_UNIT ( ) SI_UNIT ( $, .RADIAN. ) );
#3700 = SURFACE_SIDE_STYLE ('',( #5029 ) ) ;
#3701 = VERTEX_POINT ( 'NONE', #1679 ) ;
#3702 = EDGE_CURVE ( 'NONE', #4744, #4784, #7678, .T. ) ;
#3703 = EDGE_CURVE ( 'NONE', #5560, #7631, #6976, .T. ) ;
#3704 = LINE ( 'NONE', #4990, #2154 ) ;
#3705 = STYLED_ITEM ( 'NONE', ( #2519 ), #661 ) ;
#3706 = DIRECTION ( 'NONE',  ( 0.0000000000000000000, 0.0000000000000000000, -1.000000000000000000 ) ) ;
#3707 = SURFACE_SIDE_STYLE ('',( #2368 ) ) ;
#3708 = CARTESIAN_POINT ( 'NONE',  ( -4.899999999999989697, 0.0000000000000000000, 2.700000000000000178 ) ) ;
#3709 = DIRECTION ( 'NONE',  ( -1.000000000000000000, 0.0000000000000000000, -0.0000000000000000000 ) ) ;
#3710 = DIRECTION ( 'NONE',  ( 1.000000000000000000, 0.0000000000000000000, 0.0000000000000000000 ) ) ;
#3711 = ORIENTED_EDGE ( 'NONE', *, *, #1939, .T. ) ;
#3712 = PLANE ( 'NONE',  #7670 ) ;
#3713 = VERTEX_POINT ( 'NONE', #5066 ) ;
#3714 = PLANE ( 'NONE',  #2566 ) ;
#3715 = SURFACE_SIDE_STYLE ('',( #6926 ) ) ;
#3716 = LINE ( 'NONE', #5543, #7562 ) ;
#3717 = VECTOR ( 'NONE', #7123, 1000.000000000000114 ) ;
#3718 =( NAMED_UNIT ( * ) SI_UNIT ( $, .STERADIAN. ) SOLID_ANGLE_UNIT ( ) );
#3719 = DIRECTION ( 'NONE',  ( 0.0000000000000000000, -0.0000000000000000000, -1.000000000000000000 ) ) ;
#3720 = VERTEX_POINT ( 'NONE', #539 ) ;
#3721 = EDGE_CURVE ( 'NONE', #3576, #2351, #3729, .T. ) ;
#3722 = CIRCLE ( 'NONE', #604, 7.000000000000000000 ) ;
#3723 = CARTESIAN_POINT ( 'NONE',  ( 0.0000000000000000000, 0.0000000000000000000, 0.5000000000000000000 ) ) ;
#3724 = ORIENTED_EDGE ( 'NONE', *, *, #7411, .T. ) ;
#3725 = CARTESIAN_POINT ( 'NONE',  ( 1.199999999999999956, -7.445612346359450129, 1.199999999999999956 ) ) ;
#3726 = DIRECTION ( 'NONE',  ( 1.000000000000000000, 0.0000000000000000000, -0.0000000000000000000 ) ) ;
#3727 = EDGE_LOOP ( 'NONE', ( #2169, #2467, #3102, #1466 ) ) ;
#3728 = ORIENTED_EDGE ( 'NONE', *, *, #6153, .F. ) ;
#3729 = LINE ( 'NONE', #2392, #792 ) ;
#3730 = VERTEX_POINT ( 'NONE', #3692 ) ;
#3731 = UNCERTAINTY_MEASURE_WITH_UNIT (LENGTH_MEASURE( 1.000000000000000082E-05 ), #4370, 'distance_accuracy_value', 'NONE');
#3732 = COLOUR_RGB ( '',0.5607843137254902022, 0.5607843137254902022, 0.5607843137254902022 ) ;
#3733 = SURFACE_STYLE_USAGE ( .BOTH. , #8439 ) ;
#3734 = LINE ( 'NONE', #1797, #411 ) ;
#3735 = VECTOR ( 'NONE', #4840, 1000.000000000000000 ) ;
#3736 = ORIENTED_EDGE ( 'NONE', *, *, #7907, .F. ) ;
#3737 = CARTESIAN_POINT ( 'NONE',  ( 0.0000000000000000000, 0.0000000000000000000, 1.000000000000000000 ) ) ;
#3738 = DIRECTION ( 'NONE',  ( 0.6302023235321212447, 0.7764309572748342436, -0.0000000000000000000 ) ) ;
#3739 = STYLED_ITEM ( 'NONE', ( #761 ), #2979 ) ;
#3740 = COLOUR_RGB ( '',0.0000000000000000000, 0.0000000000000000000, 0.0000000000000000000 ) ;
#3741 = DIRECTION ( 'NONE',  ( 0.0000000000000000000, 0.0000000000000000000, 1.000000000000000000 ) ) ;
#3742 = SURFACE_STYLE_USAGE ( .BOTH. , #5791 ) ;
#3743 = SURFACE_SIDE_STYLE ('',( #1805 ) ) ;
#3744 = LINE ( 'NONE', #2407, #222 ) ;
#3745 = EDGE_CURVE ( 'NONE', #3691, #1321, #7093, .T. ) ;
#3746 = DIRECTION ( 'NONE',  ( 0.9985694711267804058, -0.05346972352259062727, 0.0000000000000000000 ) ) ;
#3747 = LINE ( 'NONE', #1160, #3778 ) ;
#3748 = VECTOR ( 'NONE', #2665, 1000.000000000000000 ) ;
#3749 = ORIENTED_EDGE ( 'NONE', *, *, #4184, .F. ) ;
#3750 = LINE ( 'NONE', #7617, #7115 ) ;
#3751 = FILL_AREA_STYLE ('',( #2416 ) ) ;
#3752 = FILL_AREA_STYLE_COLOUR ( '', #2473 ) ;
#3753 = DIRECTION ( 'NONE',  ( 0.0000000000000000000, 0.0000000000000000000, 1.000000000000000000 ) ) ;
#3754 = FILL_AREA_STYLE ('',( #5137 ) ) ;
#3755 = EDGE_CURVE ( 'NONE', #4663, #6074, #5683, .T. ) ;
#3756 = LINE ( 'NONE', #5758, #1599 ) ;
#3757 = ORIENTED_EDGE ( 'NONE', *, *, #549, .F. ) ;
#3758 = DIRECTION ( 'NONE',  ( -0.0000000000000000000, -0.0000000000000000000, -1.000000000000000000 ) ) ;
#3759 = EDGE_LOOP ( 'NONE', ( #2998, #3892, #2610, #2929 ) ) ;
#3760 = STYLED_ITEM ( 'NONE', ( #3450 ), #3618 ) ;
#3761 = CYLINDRICAL_SURFACE ( 'NONE', #6605, 0.5000000000000000000 ) ;
#3762 = CARTESIAN_POINT ( 'NONE',  ( -5.200000000000001066, -6.995612346359449951, 1.500000000000000000 ) ) ;
#3763 = DIRECTION ( 'NONE',  ( 0.0000000000000000000, 0.0000000000000000000, 1.000000000000000000 ) ) ;
#3764 = CARTESIAN_POINT ( 'NONE',  ( 5.160000000000000142, -6.995612346359449951, 1.500000000000000000 ) ) ;
#3765 = ORIENTED_EDGE ( 'NONE', *, *, #4773, .T. ) ;
#3766 = STYLED_ITEM ( 'NONE', ( #36 ), #3882 ) ;
#3767 = VERTEX_POINT ( 'NONE', #4464 ) ;
#3768 =( LENGTH_UNIT ( ) NAMED_UNIT ( * ) SI_UNIT ( .MILLI., .METRE. ) );
#3769 = VERTEX_POINT ( 'NONE', #1103 ) ;
#3770 = CARTESIAN_POINT ( 'NONE',  ( -0.2478061731796263323, 6.995612346359257216, 0.0000000000000000000 ) ) ;
#3771 = DIRECTION ( 'NONE',  ( 0.0000000000000000000, 1.000000000000000000, -0.0000000000000000000 ) ) ;
#3772 = PRESENTATION_LAYER_ASSIGNMENT (  '', '', ( #1988 ) ) ;
#3773 = AXIS2_PLACEMENT_3D ( 'NONE', #6806, #927, #3521 ) ;
#3774 =( NAMED_UNIT ( * ) SI_UNIT ( $, .STERADIAN. ) SOLID_ANGLE_UNIT ( ) );
#3775 = DIRECTION ( 'NONE',  ( 0.0000000000000000000, -1.000000000000000000, -0.0000000000000000000 ) ) ;
#3776 = ORIENTED_EDGE ( 'NONE', *, *, #3084, .T. ) ;
#3777 = VERTEX_POINT ( 'NONE', #5110 ) ;
#3778 = VECTOR ( 'NONE', #5129, 1000.000000000000000 ) ;
#3779 = CARTESIAN_POINT ( 'NONE',  ( -6.911675780212118703, -1.108484510144028157, -7.000000000000000000 ) ) ;
#3780 = UNCERTAINTY_MEASURE_WITH_UNIT (LENGTH_MEASURE( 1.000000000000000082E-05 ), #6691, 'distance_accuracy_value', 'NONE');
#3781 = CARTESIAN_POINT ( 'NONE',  ( 0.0000000000000000000, 0.0000000000000000000, 0.0000000000000000000 ) ) ;
#3782 = LINE ( 'NONE', #6328, #4225 ) ;
#3783 = CIRCLE ( 'NONE', #6544, 0.7500000000000000000 ) ;
#3784 = CARTESIAN_POINT ( 'NONE',  ( 0.0000000000000000000, 0.0000000000000000000, 1.000000000000000000 ) ) ;
#3785 = MECHANICAL_DESIGN_GEOMETRIC_PRESENTATION_REPRESENTATION (  '', ( #5316 ), #3388 ) ;
#3786 = PLANE ( 'NONE',  #2178 ) ;
#3787 = CARTESIAN_POINT ( 'NONE',  ( -0.2000000000000001221, -5.645612346359450306, 1.200000000000000178 ) ) ;
#3788 = ORIENTED_EDGE ( 'NONE', *, *, #3992, .F. ) ;
#3789 =( LENGTH_UNIT ( ) NAMED_UNIT ( * ) SI_UNIT ( .MILLI., .METRE. ) );
#3790 = AXIS2_PLACEMENT_3D ( 'NONE', #7579, #7614, #6263 ) ;
#3791 = ORIENTED_EDGE ( 'NONE', *, *, #4963, .T. ) ;
#3792 = UNCERTAINTY_MEASURE_WITH_UNIT (LENGTH_MEASURE( 1.000000000000000082E-05 ), #5126, 'distance_accuracy_value', 'NONE');
#3793 = EDGE_CURVE ( 'NONE', #389, #6890, #6278, .T. ) ;
#3794 = CARTESIAN_POINT ( 'NONE',  ( 0.0000000000000000000, 0.0000000000000000000, 1.000000000000000000 ) ) ;
#3795 = CYLINDRICAL_SURFACE ( 'NONE', #854, 0.5999999999999998668 ) ;
#3796 = LINE ( 'NONE', #6429, #8118 ) ;
#3797 = CARTESIAN_POINT ( 'NONE',  ( -6.995612346359257216, -0.2478061731796259159, 0.0000000000000000000 ) ) ;
#3798 = DIRECTION ( 'NONE',  ( -0.6552017413601290974, 0.7554539549957062228, 0.0000000000000000000 ) ) ;
#3799 = VECTOR ( 'NONE', #8229, 1000.000000000000000 ) ;
#3800 = STYLED_ITEM ( 'NONE', ( #6732 ), #6707 ) ;
#3801 = FILL_AREA_STYLE ('',( #3162 ) ) ;
#3802 = SURFACE_STYLE_USAGE ( .BOTH. , #2504 ) ;
#3803 = VERTEX_POINT ( 'NONE', #1144 ) ;
#3804 = CARTESIAN_POINT ( 'NONE',  ( 4.103475899587705200, -5.671109727513908183, 0.0000000000000000000 ) ) ;
#3805 = ADVANCED_FACE ( 'NONE', ( #3650 ), #4301, .T. ) ;
#3806 = DIRECTION ( 'NONE',  ( -1.000000000000000000, 0.0000000000000000000, 0.0000000000000000000 ) ) ;
#3807 = VECTOR ( 'NONE', #4091, 1000.000000000000000 ) ;
#3808 = CARTESIAN_POINT ( 'NONE',  ( 3.980102097228900204E-16, 6.500000000000000888, -7.000000000000000000 ) ) ;
#3809 = DIRECTION ( 'NONE',  ( 0.0000000000000000000, 0.0000000000000000000, 1.000000000000000000 ) ) ;
#3810 = CARTESIAN_POINT ( 'NONE',  ( 3.332065508993820035, -6.737754777652109617, -7.000000000000000000 ) ) ;
#3811 = ORIENTED_EDGE ( 'NONE', *, *, #49, .F. ) ;
#3812 = STYLED_ITEM ( 'NONE', ( #4709 ), #7910 ) ;
#3813 = EDGE_LOOP ( 'NONE', ( #6320, #664, #1751, #8457 ) ) ;
#3814 = CARTESIAN_POINT ( 'NONE',  ( 0.4999999999999995559, -9.445612346359450129, 4.200000000000000178 ) ) ;
#3815 = ORIENTED_EDGE ( 'NONE', *, *, #7040, .T. ) ;
#3816 = EDGE_CURVE ( 'NONE', #7289, #618, #1792, .T. ) ;
#3817 = DIRECTION ( 'NONE',  ( 1.000000000000000000, 0.0000000000000000000, 0.0000000000000000000 ) ) ;
#3818 = LINE ( 'NONE', #3054, #5515 ) ;
#3819 = VECTOR ( 'NONE', #5945, 1000.000000000000000 ) ;
#3820 = VECTOR ( 'NONE', #2941, 1000.000000000000000 ) ;
#3821 = CARTESIAN_POINT ( 'NONE',  ( 0.5000000000000000000, 0.0000000000000000000, -7.000000000000000000 ) ) ;
#3822 = CARTESIAN_POINT ( 'NONE',  ( 0.0000000000000000000, 0.0000000000000000000, 1.500000000000000000 ) ) ;
#3823 = ORIENTED_EDGE ( 'NONE', *, *, #5211, .T. ) ;
#3824 = ORIENTED_EDGE ( 'NONE', *, *, #7205, .F. ) ;
#3825 = CARTESIAN_POINT ( 'NONE',  ( 6.500000000000000888, 0.0000000000000000000, 1.000000000000003553 ) ) ;
#3826 = ORIENTED_EDGE ( 'NONE', *, *, #4762, .F. ) ;
#3827 =( GEOMETRIC_REPRESENTATION_CONTEXT ( 3 ) GLOBAL_UNCERTAINTY_ASSIGNED_CONTEXT ( ( #6366 ) ) GLOBAL_UNIT_ASSIGNED_CONTEXT ( ( #7410, #2791, #2534 ) ) REPRESENTATION_CONTEXT ( 'NONE', 'WORKASPACE' ) );
#3828 = EDGE_CURVE ( 'NONE', #6879, #5842, #5724, .T. ) ;
#3829 = CARTESIAN_POINT ( 'NONE',  ( 0.0000000000000000000, 0.0000000000000000000, 0.0000000000000000000 ) ) ;
#3830 = PLANE ( 'NONE',  #5130 ) ;
#3831 = VECTOR ( 'NONE', #1832, 1000.000000000000000 ) ;
#3832 = FILL_AREA_STYLE_COLOUR ( '', #1293 ) ;
#3833 = DIRECTION ( 'NONE',  ( 1.000000000000000000, 0.0000000000000000000, 0.0000000000000000000 ) ) ;
#3834 =( LENGTH_UNIT ( ) NAMED_UNIT ( * ) SI_UNIT ( .MILLI., .METRE. ) );
#3835 = ORIENTED_EDGE ( 'NONE', *, *, #2177, .F. ) ;
#3836 = STYLED_ITEM ( 'NONE', ( #947 ), #580 ) ;
#3837 = ORIENTED_EDGE ( 'NONE', *, *, #1733, .T. ) ;
#3838 = DIRECTION ( 'NONE',  ( -0.3162277660168379967, -0.9486832980505138790, 0.0000000000000000000 ) ) ;
#3839 = CARTESIAN_POINT ( 'NONE',  ( 5.200000000000001066, 2.999999999999999112, 1.500000000000000000 ) ) ;
#3840 = CARTESIAN_POINT ( 'NONE',  ( 5.121870354138167158, -4.771419503187765088, 1.000000000000000000 ) ) ;
#3841 = SURFACE_STYLE_USAGE ( .BOTH. , #7211 ) ;
#3842 =( LENGTH_UNIT ( ) NAMED_UNIT ( * ) SI_UNIT ( .MILLI., .METRE. ) );
#3843 = DIRECTION ( 'NONE',  ( 0.0000000000000000000, 0.0000000000000000000, -1.000000000000000000 ) ) ;
#3844 = PLANE ( 'NONE',  #8468 ) ;
#3845 = DIRECTION ( 'NONE',  ( 0.0000000000000000000, -1.000000000000000000, 0.0000000000000000000 ) ) ;
#3846 = VERTEX_POINT ( 'NONE', #414 ) ;
#3847 =( LENGTH_UNIT ( ) NAMED_UNIT ( * ) SI_UNIT ( .MILLI., .METRE. ) );
#3848 = STYLED_ITEM ( 'NONE', ( #3256 ), #1017 ) ;
#3849 = DIRECTION ( 'NONE',  ( 1.000000000000000000, 0.0000000000000000000, 0.0000000000000000000 ) ) ;
#3850 = CARTESIAN_POINT ( 'NONE',  ( -1.682546017330829936E-16, -5.495612346359449951, 1.500000000000000000 ) ) ;
#3851 = CARTESIAN_POINT ( 'NONE',  ( -0.5000000000000000000, 6.123233995736766036E-17, 1.500000000000000000 ) ) ;
#3852 = DIRECTION ( 'NONE',  ( -0.4472135954999532648, 0.8944271909999182979, 0.0000000000000000000 ) ) ;
#3853 = ADVANCED_FACE ( 'NONE', ( #3010 ), #7597, .F. ) ;
#3854 = FILL_AREA_STYLE ('',( #8387 ) ) ;
#3855 = EDGE_CURVE ( 'NONE', #8265, #5912, #6261, .T. ) ;
#3856 = ORIENTED_EDGE ( 'NONE', *, *, #4026, .F. ) ;
#3857 = ORIENTED_EDGE ( 'NONE', *, *, #2730, .F. ) ;
#3858 = CARTESIAN_POINT ( 'NONE',  ( 6.500000000000000888, 0.0000000000000000000, -7.000000000000000000 ) ) ;
#3859 = EDGE_LOOP ( 'NONE', ( #4463, #1538, #2197, #5512 ) ) ;
#3860 = CARTESIAN_POINT ( 'NONE',  ( 1.199999999999999956, -7.145612346359450306, 2.200000000000000178 ) ) ;
#3861 = DIRECTION ( 'NONE',  ( 1.000000000000000000, 0.0000000000000000000, 0.0000000000000000000 ) ) ;
#3862 = EDGE_CURVE ( 'NONE', #2841, #5914, #7143, .T. ) ;
#3863 = ORIENTED_EDGE ( 'NONE', *, *, #6065, .T. ) ;
#3864 = ORIENTED_EDGE ( 'NONE', *, *, #6065, .F. ) ;
#3865 = VECTOR ( 'NONE', #4907, 1000.000000000000000 ) ;
#3866 = CARTESIAN_POINT ( 'NONE',  ( 0.0000000000000000000, 0.0000000000000000000, 1.000000000000000000 ) ) ;
#3867 = ORIENTED_EDGE ( 'NONE', *, *, #6042, .T. ) ;
#3868 = DIRECTION ( 'NONE',  ( -0.9891830423698468877, 0.1466864298015787826, 0.0000000000000000000 ) ) ;
#3869 = FACE_OUTER_BOUND ( 'NONE', #6354, .T. ) ;
#3870 = MECHANICAL_DESIGN_GEOMETRIC_PRESENTATION_REPRESENTATION (  '', ( #3335 ), #7612 ) ;
#3871 = CARTESIAN_POINT ( 'NONE',  ( 3.611206514627420372, 5.404552479966540091, -7.000000000000000000 ) ) ;
#3872 = SURFACE_STYLE_USAGE ( .BOTH. , #3743 ) ;
#3873 = EDGE_CURVE ( 'NONE', #5232, #7051, #2825, .T. ) ;
#3874 = VERTEX_POINT ( 'NONE', #3177 ) ;
#3875 = COLOUR_RGB ( '',0.0000000000000000000, 0.0000000000000000000, 0.0000000000000000000 ) ;
#3876 = VECTOR ( 'NONE', #7028, 1000.000000000000000 ) ;
#3877 = DIRECTION ( 'NONE',  ( -0.2430233717005948479, 0.9700204331905974975, 0.0000000000000000000 ) ) ;
#3878 = ORIENTED_EDGE ( 'NONE', *, *, #8448, .F. ) ;
#3879 = UNCERTAINTY_MEASURE_WITH_UNIT (LENGTH_MEASURE( 1.000000000000000082E-05 ), #7390, 'distance_accuracy_value', 'NONE');
#3880 = CARTESIAN_POINT ( 'NONE',  ( -3.611206514627410158, -5.404552479966540979, 0.0000000000000000000 ) ) ;
#3881 = CARTESIAN_POINT ( 'NONE',  ( 5.200000000000001066, -6.995612346359449951, 1.699999999999999956 ) ) ;
#3882 = ADVANCED_FACE ( 'NONE', ( #8436 ), #4643, .F. ) ;
#3883 = CARTESIAN_POINT ( 'NONE',  ( -0.2000000000000001221, -5.645612346359449418, 1.500000000000000000 ) ) ;
#3884 = CARTESIAN_POINT ( 'NONE',  ( 5.404552479966539202, -3.611206514627415931, 1.000000000000000000 ) ) ;
#3885 = CARTESIAN_POINT ( 'NONE',  ( -4.899999999999989697, -0.7500000000000001110, 2.200000000000000178 ) ) ;
#3886 = COLOUR_RGB ( '',0.1529411764705882470, 0.1529411764705882470, 0.1529411764705882470 ) ;
#3887 = AXIS2_PLACEMENT_3D ( 'NONE', #6637, #5312, #7999 ) ;
#3888 = EDGE_CURVE ( 'NONE', #404, #3461, #3899, .T. ) ;
#3889 = SURFACE_STYLE_FILL_AREA ( #7829 ) ;
#3890 = CARTESIAN_POINT ( 'NONE',  ( -0.5000000000000000000, -7.145612346359450306, 1.199999999999999956 ) ) ;
#3891 = LINE ( 'NONE', #6565, #628 ) ;
#3892 = ORIENTED_EDGE ( 'NONE', *, *, #2305, .F. ) ;
#3893 = ORIENTED_EDGE ( 'NONE', *, *, #2305, .T. ) ;
#3894 = DIRECTION ( 'NONE',  ( 1.000000000000000000, 0.0000000000000000000, 0.0000000000000000000 ) ) ;
#3895 = LINE ( 'NONE', #6614, #296 ) ;
#3896 = CARTESIAN_POINT ( 'NONE',  ( 0.9493313942656600446, 7.446736164466670083, 1.000000000000003553 ) ) ;
#3897 = ORIENTED_EDGE ( 'NONE', *, *, #939, .T. ) ;
#3898 = ORIENTED_EDGE ( 'NONE', *, *, #39, .F. ) ;
#3899 = LINE ( 'NONE', #1390, #5011 ) ;
#3900 = UNCERTAINTY_MEASURE_WITH_UNIT (LENGTH_MEASURE( 1.000000000000000082E-05 ), #554, 'distance_accuracy_value', 'NONE');
#3901 = ADVANCED_FACE ( 'NONE', ( #6491 ), #3988, .T. ) ;
#3902 = PRESENTATION_STYLE_ASSIGNMENT (( #3222 ) ) ;
#3903 = CARTESIAN_POINT ( 'NONE',  ( -7.273087986799740001, -1.934139147277869952, 1.000000000000003553 ) ) ;
#3904 = DIRECTION ( 'NONE',  ( -0.0000000000000000000, 1.000000000000000000, 0.0000000000000000000 ) ) ;
#3905 = VECTOR ( 'NONE', #123, 1000.000000000000000 ) ;
#3906 = DIRECTION ( 'NONE',  ( -1.000000000000000000, -0.0000000000000000000, -0.0000000000000000000 ) ) ;
#3907 = LINE ( 'NONE', #7850, #2994 ) ;
#3908 = VERTEX_POINT ( 'NONE', #3265 ) ;
#3909 = VERTEX_POINT ( 'NONE', #4684 ) ;
#3910 = CARTESIAN_POINT ( 'NONE',  ( -5.199999999999995737, -7.445612346359451017, 1.199999999999999956 ) ) ;
#3911 = VERTEX_POINT ( 'NONE', #6617 ) ;
#3912 = CARTESIAN_POINT ( 'NONE',  ( -3.691702698016913420, -5.947380195468811692, 0.0000000000000000000 ) ) ;
#3913 =( GEOMETRIC_REPRESENTATION_CONTEXT ( 3 ) GLOBAL_UNCERTAINTY_ASSIGNED_CONTEXT ( ( #6935 ) ) GLOBAL_UNIT_ASSIGNED_CONTEXT ( ( #5204, #4557, #1271 ) ) REPRESENTATION_CONTEXT ( 'NONE', 'WORKASPACE' ) );
#3914 = VECTOR ( 'NONE', #915, 1000.000000000000000 ) ;
#3915 = EDGE_CURVE ( 'NONE', #2248, #2840, #3350, .T. ) ;
#3916 = CARTESIAN_POINT ( 'NONE',  ( -2.000000000000000000, -5.495612346359449951, 1.500000000000000000 ) ) ;
#3917 = LINE ( 'NONE', #6550, #8412 ) ;
#3918 = COLOUR_RGB ( '',0.5607843137254902022, 0.5607843137254902022, 0.5607843137254902022 ) ;
#3919 = MECHANICAL_DESIGN_GEOMETRIC_PRESENTATION_REPRESENTATION (  '', ( #6677 ), #1073 ) ;
#3920 = ORIENTED_EDGE ( 'NONE', *, *, #5795, .T. ) ;
#3921 = ORIENTED_EDGE ( 'NONE', *, *, #3522, .T. ) ;
#3922 = FILL_AREA_STYLE ('',( #8416 ) ) ;
#3923 =( GEOMETRIC_REPRESENTATION_CONTEXT ( 3 ) GLOBAL_UNCERTAINTY_ASSIGNED_CONTEXT ( ( #1902 ) ) GLOBAL_UNIT_ASSIGNED_CONTEXT ( ( #3296, #7176, #7081 ) ) REPRESENTATION_CONTEXT ( 'NONE', 'WORKASPACE' ) );
#3924 = VECTOR ( 'NONE', #4485, 1000.000000000000000 ) ;
#3925 = FACE_OUTER_BOUND ( 'NONE', #5702, .T. ) ;
#3926 = DIRECTION ( 'NONE',  ( 0.0000000000000000000, -1.000000000000000000, -0.0000000000000000000 ) ) ;
#3927 = PRESENTATION_STYLE_ASSIGNMENT (( #3977 ) ) ;
#3928 = FACE_OUTER_BOUND ( 'NONE', #5285, .T. ) ;
#3929 = VECTOR ( 'NONE', #4620, 1000.000000000000000 ) ;
#3930 = COLOUR_RGB ( '',0.1529411764705882470, 0.1529411764705882470, 0.1529411764705882470 ) ;
#3931 = ORIENTED_EDGE ( 'NONE', *, *, #5553, .T. ) ;
#3932 = CARTESIAN_POINT ( 'NONE',  ( 1.199999999999999956, -7.145612346359450306, 2.200000000000000178 ) ) ;
#3933 = ORIENTED_EDGE ( 'NONE', *, *, #8159, .F. ) ;
#3934 = EDGE_CURVE ( 'NONE', #291, #3484, #1429, .T. ) ;
#3935 = CARTESIAN_POINT ( 'NONE',  ( -6.500000000000000888, 7.771561172376099727E-16, -7.000000000000000000 ) ) ;
#3936 = CARTESIAN_POINT ( 'NONE',  ( 5.200000000000001066, 0.0000000000000000000, 2.200000000000000178 ) ) ;
#3937 = DIRECTION ( 'NONE',  ( 1.000000000000000000, 0.0000000000000000000, 0.0000000000000000000 ) ) ;
#3938 = PRESENTATION_LAYER_ASSIGNMENT (  '', '', ( #3257 ) ) ;
#3939 = CYLINDRICAL_SURFACE ( 'NONE', #6342, 1.000000000000000000 ) ;
#3940 = CIRCLE ( 'NONE', #2706, 7.000000000000000000 ) ;
#3941 = CARTESIAN_POINT ( 'NONE',  ( 0.0000000000000000000, 0.0000000000000000000, 0.0000000000000000000 ) ) ;
#3942 = CARTESIAN_POINT ( 'NONE',  ( 0.0000000000000000000, 0.0000000000000000000, 0.5000000000000000000 ) ) ;
#3943 = EDGE_CURVE ( 'NONE', #3113, #2505, #2622, .T. ) ;
#3944 = EDGE_LOOP ( 'NONE', ( #1061, #2390, #1320, #4498 ) ) ;
#3945 = PRESENTATION_LAYER_ASSIGNMENT (  '', '', ( #7682 ) ) ;
#3946 = ORIENTED_EDGE ( 'NONE', *, *, #7651, .F. ) ;
#3947 = PRESENTATION_LAYER_ASSIGNMENT (  '', '', ( #6709 ) ) ;
#3948 = FILL_AREA_STYLE_COLOUR ( '', #1696 ) ;
#3949 = LINE ( 'NONE', #804, #726 ) ;
#3950 = CARTESIAN_POINT ( 'NONE',  ( -2.448161892769759262, -6.557934381098212029, 1.000000000000000000 ) ) ;
#3951 = CIRCLE ( 'NONE', #6714, 4.500000000000000888 ) ;
#3952 = CARTESIAN_POINT ( 'NONE',  ( -5.199999999999999289, 0.0000000000000000000, 1.500000000000000000 ) ) ;
#3953 = AXIS2_PLACEMENT_3D ( 'NONE', #1637, #1596, #4209 ) ;
#3954 =( NAMED_UNIT ( * ) SI_UNIT ( $, .STERADIAN. ) SOLID_ANGLE_UNIT ( ) );
#3955 = ORIENTED_EDGE ( 'NONE', *, *, #2071, .T. ) ;
#3956 = ORIENTED_EDGE ( 'NONE', *, *, #762, .T. ) ;
#3957 = CARTESIAN_POINT ( 'NONE',  ( -1.620877659938360305, -6.809754445757399743, 0.0000000000000000000 ) ) ;
#3958 = ORIENTED_EDGE ( 'NONE', *, *, #6069, .T. ) ;
#3959 = DIRECTION ( 'NONE',  ( -0.8944271909999158554, -0.4472135954999579277, -0.0000000000000000000 ) ) ;
#3960 = PRESENTATION_LAYER_ASSIGNMENT (  '', '', ( #3562 ) ) ;
#3961 =( GEOMETRIC_REPRESENTATION_CONTEXT ( 3 ) GLOBAL_UNCERTAINTY_ASSIGNED_CONTEXT ( ( #6220 ) ) GLOBAL_UNIT_ASSIGNED_CONTEXT ( ( #7362, #7273, #4639 ) ) REPRESENTATION_CONTEXT ( 'NONE', 'WORKASPACE' ) );
#3962 = DIRECTION ( 'NONE',  ( 0.0000000000000000000, 0.0000000000000000000, 1.000000000000000000 ) ) ;
#3963 = SURFACE_SIDE_STYLE ('',( #4105 ) ) ;
#3964 = DIRECTION ( 'NONE',  ( 0.0000000000000000000, -1.000000000000000000, 0.0000000000000000000 ) ) ;
#3965 = CARTESIAN_POINT ( 'NONE',  ( 4.900000000000001243, 1.740689518552919868, 1.500000000000000000 ) ) ;
#3966 = CIRCLE ( 'NONE', #4239, 7.000000000000000000 ) ;
#3967 = EDGE_CURVE ( 'NONE', #942, #4441, #1509, .T. ) ;
#3968 = VECTOR ( 'NONE', #5442, 1000.000000000000000 ) ;
#3969 = ADVANCED_FACE ( 'NONE', ( #2795 ), #3485, .T. ) ;
#3970 = VERTEX_POINT ( 'NONE', #3392 ) ;
#3971 = FILL_AREA_STYLE_COLOUR ( '', #6969 ) ;
#3972 = VERTEX_POINT ( 'NONE', #851 ) ;
#3973 = FACE_OUTER_BOUND ( 'NONE', #5229, .T. ) ;
#3974 = MECHANICAL_DESIGN_GEOMETRIC_PRESENTATION_REPRESENTATION (  '', ( #7578 ), #179 ) ;
#3975 = EDGE_CURVE ( 'NONE', #7031, #3367, #6130, .T. ) ;
#3976 = CARTESIAN_POINT ( 'NONE',  ( 0.0000000000000000000, 0.0000000000000000000, 0.0000000000000000000 ) ) ;
#3977 = SURFACE_STYLE_USAGE ( .BOTH. , #6649 ) ;
#3978 = CARTESIAN_POINT ( 'NONE',  ( 6.557934381098212029, -2.448161892769760151, 0.0000000000000000000 ) ) ;
#3979 = ADVANCED_FACE ( 'NONE', ( #292 ), #8144, .F. ) ;
#3980 = VECTOR ( 'NONE', #2541, 1000.000000000000000 ) ;
#3981 = FILL_AREA_STYLE_COLOUR ( '', #5417 ) ;
#3982 = ORIENTED_EDGE ( 'NONE', *, *, #3181, .T. ) ;
#3983 = ORIENTED_EDGE ( 'NONE', *, *, #6324, .F. ) ;
#3984 = FILL_AREA_STYLE_COLOUR ( '', #4952 ) ;
#3985 =( NAMED_UNIT ( * ) PLANE_ANGLE_UNIT ( ) SI_UNIT ( $, .RADIAN. ) );
#3986 = EDGE_CURVE ( 'NONE', #8277, #4160, #6845, .T. ) ;
#3987 = EDGE_LOOP ( 'NONE', ( #2135, #6973, #5216, #6609 ) ) ;
#3988 = PLANE ( 'NONE',  #1334 ) ;
#3989 = ORIENTED_EDGE ( 'NONE', *, *, #1763, .T. ) ;
#3990 = UNCERTAINTY_MEASURE_WITH_UNIT (LENGTH_MEASURE( 1.000000000000000082E-05 ), #2399, 'distance_accuracy_value', 'NONE');
#3991 = CARTESIAN_POINT ( 'NONE',  ( 4.900000000000001243, 1.740689518552919868, 2.200000000000000178 ) ) ;
#3992 = EDGE_CURVE ( 'NONE', #8019, #8393, #2752, .T. ) ;
#3993 = CIRCLE ( 'NONE', #1408, 7.000000000000000000 ) ;
#3994 = CARTESIAN_POINT ( 'NONE',  ( -6.995612346359257216, -0.2478061731796270539, 1.000000000000001776 ) ) ;
#3995 = CARTESIAN_POINT ( 'NONE',  ( 0.0000000000000000000, 0.0000000000000000000, 0.0000000000000000000 ) ) ;
#3996 = VERTEX_POINT ( 'NONE', #7747 ) ;
#3997 =( NAMED_UNIT ( * ) SI_UNIT ( $, .STERADIAN. ) SOLID_ANGLE_UNIT ( ) );
#3998 = ORIENTED_EDGE ( 'NONE', *, *, #470, .F. ) ;
#3999 = LINE ( 'NONE', #180, #5144 ) ;
#4000 = ORIENTED_EDGE ( 'NONE', *, *, #1479, .F. ) ;
#4001 = VECTOR ( 'NONE', #7772, 1000.000000000000000 ) ;
#4002 = FACE_OUTER_BOUND ( 'NONE', #1508, .T. ) ;
#4003 = LINE ( 'NONE', #2808, #350 ) ;
#4004 = PRESENTATION_STYLE_ASSIGNMENT (( #1850 ) ) ;
#4005 = LINE ( 'NONE', #7384, #2160 ) ;
#4006 = CARTESIAN_POINT ( 'NONE',  ( -1.060660171779820082, 1.767766952966370209, 0.5000000000000000000 ) ) ;
#4007 = DIRECTION ( 'NONE',  ( 0.0000000000000000000, 0.0000000000000000000, 1.000000000000000000 ) ) ;
#4008 = VECTOR ( 'NONE', #2748, 1000.000000000000227 ) ;
#4009 = ORIENTED_EDGE ( 'NONE', *, *, #7940, .F. ) ;
#4010 = CARTESIAN_POINT ( 'NONE',  ( 1.199999999999999956, -7.445612346359450129, 1.500000000000000000 ) ) ;
#4011 = VERTEX_POINT ( 'NONE', #8297 ) ;
#4012 = COLOUR_RGB ( '',0.0000000000000000000, 0.0000000000000000000, 0.0000000000000000000 ) ;
#4013 = COLOUR_RGB ( '',0.1529411764705882470, 0.1529411764705882470, 0.1529411764705882470 ) ;
#4014 = FILL_AREA_STYLE ('',( #3372 ) ) ;
#4015 = EDGE_CURVE ( 'NONE', #6025, #3803, #4200, .T. ) ;
#4016 = DIRECTION ( 'NONE',  ( 1.000000000000000000, 0.0000000000000000000, 0.0000000000000000000 ) ) ;
#4017 = FACE_BOUND ( 'NONE', #381, .T. ) ;
#4018 = CARTESIAN_POINT ( 'NONE',  ( -5.199999999999996625, -6.995612346359449951, 2.200000000000000178 ) ) ;
#4019 = MECHANICAL_DESIGN_GEOMETRIC_PRESENTATION_REPRESENTATION (  '', ( #7619 ), #2089 ) ;
#4020 = CARTESIAN_POINT ( 'NONE',  ( -4.900000000000000355, 1.740689518552940074, 1.500000000000000000 ) ) ;
#4021 = VECTOR ( 'NONE', #5939, 1000.000000000000000 ) ;
#4022 = SURFACE_SIDE_STYLE ('',( #3426 ) ) ;
#4023 = ORIENTED_EDGE ( 'NONE', *, *, #4868, .F. ) ;
#4024 = DIRECTION ( 'NONE',  ( 1.000000000000000000, -0.0000000000000000000, 0.0000000000000000000 ) ) ;
#4025 = ORIENTED_EDGE ( 'NONE', *, *, #7776, .T. ) ;
#4026 = EDGE_CURVE ( 'NONE', #8192, #3846, #1604, .T. ) ;
#4027 = AXIS2_PLACEMENT_3D ( 'NONE', #5940, #2464, #4585 ) ;
#4028 = CARTESIAN_POINT ( 'NONE',  ( -3.500000000000000000, -5.495612346359449951, 1.199999999999999956 ) ) ;
#4029 = EDGE_CURVE ( 'NONE', #4977, #4142, #2999, .T. ) ;
#4030 = AXIS2_PLACEMENT_3D ( 'NONE', #5358, #5879, #5930 ) ;
#4031 = SURFACE_STYLE_FILL_AREA ( #2079 ) ;
#4032 = DIRECTION ( 'NONE',  ( 0.6485842975298117263, -0.7611428308785157526, 0.0000000000000000000 ) ) ;
#4033 = CARTESIAN_POINT ( 'NONE',  ( 6.500000000000000888, 0.0000000000000000000, 0.0000000000000000000 ) ) ;
#4034 = DIRECTION ( 'NONE',  ( 0.0000000000000000000, 0.0000000000000000000, 1.000000000000000000 ) ) ;
#4035 = ORIENTED_EDGE ( 'NONE', *, *, #3478, .T. ) ;
#4036 = DIRECTION ( 'NONE',  ( 0.4472135954999579277, 0.8944271909999158554, -0.0000000000000000000 ) ) ;
#4037 = ORIENTED_EDGE ( 'NONE', *, *, #452, .T. ) ;
#4038 = CARTESIAN_POINT ( 'NONE',  ( -1.767766952966369987, 1.060660171779820082, 0.5000000000000000000 ) ) ;
#4039 = LINE ( 'NONE', #6622, #7590 ) ;
#4040 = PLANE ( 'NONE',  #2166 ) ;
#4041 =( LENGTH_UNIT ( ) NAMED_UNIT ( * ) SI_UNIT ( .MILLI., .METRE. ) );
#4042 = FACE_OUTER_BOUND ( 'NONE', #2728, .T. ) ;
#4043 = VERTEX_POINT ( 'NONE', #2306 ) ;
#4044 = VERTEX_POINT ( 'NONE', #2385 ) ;
#4045 = DIRECTION ( 'NONE',  ( -0.0000000000000000000, 1.000000000000000000, 0.0000000000000000000 ) ) ;
#4046 = EDGE_LOOP ( 'NONE', ( #308, #2145, #2041, #124, #778, #7039, #1234, #4025 ) ) ;
#4047 = EDGE_CURVE ( 'NONE', #606, #2751, #1197, .T. ) ;
#4048 =( NAMED_UNIT ( * ) SI_UNIT ( $, .STERADIAN. ) SOLID_ANGLE_UNIT ( ) );
#4049 = AXIS2_PLACEMENT_3D ( 'NONE', #3866, #7993, #7198 ) ;
#4050 =( NAMED_UNIT ( * ) SI_UNIT ( $, .STERADIAN. ) SOLID_ANGLE_UNIT ( ) );
#4051 = FACE_OUTER_BOUND ( 'NONE', #7715, .T. ) ;
#4052 = LINE ( 'NONE', #2723, #2096 ) ;
#4053 = FACE_OUTER_BOUND ( 'NONE', #2516, .T. ) ;
#4054 = ORIENTED_EDGE ( 'NONE', *, *, #1290, .F. ) ;
#4055 = AXIS2_PLACEMENT_3D ( 'NONE', #6356, #1184, #7716 ) ;
#4056 = COLOUR_RGB ( '',0.1529411764705882470, 0.1529411764705882470, 0.1529411764705882470 ) ;
#4057 = CARTESIAN_POINT ( 'NONE',  ( 1.199999999999999956, -7.445612346359450129, 1.199999999999999956 ) ) ;
#4058 = VERTEX_POINT ( 'NONE', #7709 ) ;
#4059 = UNCERTAINTY_MEASURE_WITH_UNIT (LENGTH_MEASURE( 1.000000000000000082E-05 ), #5686, 'distance_accuracy_value', 'NONE');
#4060 = LINE ( 'NONE', #193, #6145 ) ;
#4061 = FACE_OUTER_BOUND ( 'NONE', #2989, .T. ) ;
#4062 = DIRECTION ( 'NONE',  ( -1.000000000000000000, 0.0000000000000000000, -0.0000000000000000000 ) ) ;
#4063 = PLANE ( 'NONE',  #6169 ) ;
#4064 = STYLED_ITEM ( 'NONE', ( #529 ), #4082 ) ;
#4065 =( NAMED_UNIT ( * ) PLANE_ANGLE_UNIT ( ) SI_UNIT ( $, .RADIAN. ) );
#4066 = VECTOR ( 'NONE', #1705, 1000.000000000000000 ) ;
#4067 = DIRECTION ( 'NONE',  ( -0.0000000000000000000, -0.0000000000000000000, -1.000000000000000000 ) ) ;
#4068 = EDGE_LOOP ( 'NONE', ( #6051, #1199, #8432, #2689, #8072, #6454, #8151, #4157, #6753, #8107, #3513, #5520 ) ) ;
#4069 = DIRECTION ( 'NONE',  ( -0.0000000000000000000, -0.0000000000000000000, -1.000000000000000000 ) ) ;
#4070 = ORIENTED_EDGE ( 'NONE', *, *, #6547, .T. ) ;
#4071 = EDGE_CURVE ( 'NONE', #1023, #6345, #7588, .T. ) ;
#4072 = FACE_OUTER_BOUND ( 'NONE', #7060, .T. ) ;
#4073 = ORIENTED_EDGE ( 'NONE', *, *, #1150, .T. ) ;
#4074 = PRESENTATION_LAYER_ASSIGNMENT (  '', '', ( #4477 ) ) ;
#4075 =( NAMED_UNIT ( * ) SI_UNIT ( $, .STERADIAN. ) SOLID_ANGLE_UNIT ( ) );
#4076 = PLANE ( 'NONE',  #6055 ) ;
#4077 = PRESENTATION_STYLE_ASSIGNMENT (( #794 ) ) ;
#4078 = CARTESIAN_POINT ( 'NONE',  ( -5.404552479966540979, -3.611206514627415043, -7.000000000000000000 ) ) ;
#4079 = FACE_OUTER_BOUND ( 'NONE', #6090, .T. ) ;
#4080 = CYLINDRICAL_SURFACE ( 'NONE', #5062, 1.000000000000000000 ) ;
#4081 = MECHANICAL_DESIGN_GEOMETRIC_PRESENTATION_REPRESENTATION (  '', ( #1863 ), #2278 ) ;
#4082 = ADVANCED_FACE ( 'NONE', ( #1174 ), #2955, .F. ) ;
#4083 = VERTEX_POINT ( 'NONE', #4377 ) ;
#4084 = EDGE_CURVE ( 'NONE', #3272, #3681, #6934, .T. ) ;
#4085 = CARTESIAN_POINT ( 'NONE',  ( 0.0000000000000000000, -4.645612346359450306, 0.0000000000000000000 ) ) ;
#4086 = ORIENTED_EDGE ( 'NONE', *, *, #698, .F. ) ;
#4087 = VECTOR ( 'NONE', #253, 1000.000000000000000 ) ;
#4088 = COLOUR_RGB ( '',0.1529411764705882470, 0.1529411764705882470, 0.1529411764705882470 ) ;
#4089 =( LENGTH_UNIT ( ) NAMED_UNIT ( * ) SI_UNIT ( .MILLI., .METRE. ) );
#4090 = DIRECTION ( 'NONE',  ( 0.0000000000000000000, 0.0000000000000000000, 1.000000000000000000 ) ) ;
#4091 = DIRECTION ( 'NONE',  ( 0.0000000000000000000, -1.000000000000000000, -0.0000000000000000000 ) ) ;
#4092 = CYLINDRICAL_SURFACE ( 'NONE', #6588, 7.000000000000000000 ) ;
#4093 = VERTEX_POINT ( 'NONE', #3128 ) ;
#4094 = CARTESIAN_POINT ( 'NONE',  ( 0.0000000000000000000, 0.0000000000000000000, 0.0000000000000000000 ) ) ;
#4095 = VERTEX_POINT ( 'NONE', #5711 ) ;
#4096 = EDGE_CURVE ( 'NONE', #5576, #5295, #6387, .T. ) ;
#4097 = CARTESIAN_POINT ( 'NONE',  ( 0.0000000000000000000, 0.0000000000000000000, 0.0000000000000000000 ) ) ;
#4098 = VERTEX_POINT ( 'NONE', #448 ) ;
#4099 = UNCERTAINTY_MEASURE_WITH_UNIT (LENGTH_MEASURE( 1.000000000000000082E-05 ), #1662, 'distance_accuracy_value', 'NONE');
#4100 = LINE ( 'NONE', #3363, #4569 ) ;
#4101 = VECTOR ( 'NONE', #5277, 1000.000000000000114 ) ;
#4102 = AXIS2_PLACEMENT_3D ( 'NONE', #1748, #1266, #4419 ) ;
#4103 = PRESENTATION_LAYER_ASSIGNMENT (  '', '', ( #7976 ) ) ;
#4104 = CARTESIAN_POINT ( 'NONE',  ( -4.899999999999987921, -4.000000000000000000, 2.200000000000000178 ) ) ;
#4105 = SURFACE_STYLE_FILL_AREA ( #184 ) ;
#4106 = DIRECTION ( 'NONE',  ( 1.000000000000000000, 0.0000000000000000000, 0.0000000000000000000 ) ) ;
#4107 = ORIENTED_EDGE ( 'NONE', *, *, #5618, .F. ) ;
#4108 = ADVANCED_FACE ( 'NONE', ( #5053 ), #1053, .T. ) ;
#4109 = STYLED_ITEM ( 'NONE', ( #7420 ), #7077 ) ;
#4110 = ORIENTED_EDGE ( 'NONE', *, *, #139, .F. ) ;
#4111 = VERTEX_POINT ( 'NONE', #6481 ) ;
#4112 = DIRECTION ( 'NONE',  ( 1.000000000000000000, 0.0000000000000000000, 0.0000000000000000000 ) ) ;
#4113 = PLANE ( 'NONE',  #32 ) ;
#4114 = DIRECTION ( 'NONE',  ( 0.0000000000000000000, 0.0000000000000000000, -1.000000000000000000 ) ) ;
#4115 = CARTESIAN_POINT ( 'NONE',  ( 0.0000000000000000000, 0.0000000000000000000, 0.0000000000000000000 ) ) ;
#4116 = EDGE_CURVE ( 'NONE', #1062, #618, #8075, .T. ) ;
#4117 = CIRCLE ( 'NONE', #1245, 0.5000000000000004441 ) ;
#4118 =( NAMED_UNIT ( * ) SI_UNIT ( $, .STERADIAN. ) SOLID_ANGLE_UNIT ( ) );
#4119 = CARTESIAN_POINT ( 'NONE',  ( 5.200000000000001066, 0.0000000000000000000, 2.700000000000000178 ) ) ;
#4120 = ORIENTED_EDGE ( 'NONE', *, *, #2880, .T. ) ;
#4121 = DIRECTION ( 'NONE',  ( 0.0000000000000000000, 0.0000000000000000000, 1.000000000000000000 ) ) ;
#4122 = VERTEX_POINT ( 'NONE', #6438 ) ;
#4123 = CIRCLE ( 'NONE', #428, 7.000000000000000000 ) ;
#4124 = CARTESIAN_POINT ( 'NONE',  ( 0.0000000000000000000, 0.0000000000000000000, 0.5000000000000000000 ) ) ;
#4125 = PRODUCT_DEFINITION_FORMATION_WITH_SPECIFIED_SOURCE ( 'ANY', '', #648, .NOT_KNOWN. ) ;
#4126 = EDGE_LOOP ( 'NONE', ( #5040, #3921, #6737, #1784, #7668 ) ) ;
#4127 = AXIS2_PLACEMENT_3D ( 'NONE', #8388, #4458, #3726 ) ;
#4128 = PRESENTATION_STYLE_ASSIGNMENT (( #7268 ) ) ;
#4129 = SURFACE_STYLE_FILL_AREA ( #3518 ) ;
#4130 = DIRECTION ( 'NONE',  ( -0.7071067811865480168, 0.7071067811865470176, 0.0000000000000000000 ) ) ;
#4131 = MECHANICAL_DESIGN_GEOMETRIC_PRESENTATION_REPRESENTATION (  '', ( #7443 ), #5509 ) ;
#4132 = CARTESIAN_POINT ( 'NONE',  ( 2.759999999999999787, -7.145612346359450306, 2.200000000000000178 ) ) ;
#4133 = VERTEX_POINT ( 'NONE', #7833 ) ;
#4134 = ORIENTED_EDGE ( 'NONE', *, *, #5167, .T. ) ;
#4135 = STYLED_ITEM ( 'NONE', ( #5636 ), #798 ) ;
#4136 = FACE_OUTER_BOUND ( 'NONE', #4364, .T. ) ;
#4137 = DIRECTION ( 'NONE',  ( -0.07088902009067907239, -0.9974842088126424366, 0.0000000000000000000 ) ) ;
#4138 = EDGE_CURVE ( 'NONE', #6287, #6462, #7878, .T. ) ;
#4139 = CARTESIAN_POINT ( 'NONE',  ( 0.0000000000000000000, 0.0000000000000000000, 1.000000000000000000 ) ) ;
#4140 = DIRECTION ( 'NONE',  ( 1.000000000000000000, 0.0000000000000000000, 0.0000000000000000000 ) ) ;
#4141 = COLOUR_RGB ( '',0.1529411764705882470, 0.1529411764705882470, 0.1529411764705882470 ) ;
#4142 = VERTEX_POINT ( 'NONE', #1381 ) ;
#4143 = ORIENTED_EDGE ( 'NONE', *, *, #4837, .T. ) ;
#4144 = CARTESIAN_POINT ( 'NONE',  ( -0.9659258262890679791, 0.2588190451025200178, 0.5000000000000000000 ) ) ;
#4145 = ORIENTED_EDGE ( 'NONE', *, *, #4528, .T. ) ;
#4146 = AXIS2_PLACEMENT_3D ( 'NONE', #5095, #3077, #2993 ) ;
#4147 = EDGE_CURVE ( 'NONE', #4237, #6166, #4499, .T. ) ;
#4148 = FACE_OUTER_BOUND ( 'NONE', #5020, .T. ) ;
#4149 = FACE_OUTER_BOUND ( 'NONE', #6310, .T. ) ;
#4150 = ORIENTED_EDGE ( 'NONE', *, *, #7003, .F. ) ;
#4151 = CARTESIAN_POINT ( 'NONE',  ( 0.2478061731796192824, -6.995612346359257216, 0.0000000000000000000 ) ) ;
#4152 = LINE ( 'NONE', #6789, #3914 ) ;
#4153 = LINE ( 'NONE', #1534, #3467 ) ;
#4154 = FACE_BOUND ( 'NONE', #5588, .T. ) ;
#4155 = ORIENTED_EDGE ( 'NONE', *, *, #7651, .T. ) ;
#4156 = LINE ( 'NONE', #279, #2094 ) ;
#4157 = ORIENTED_EDGE ( 'NONE', *, *, #3855, .F. ) ;
#4158 = MECHANICAL_DESIGN_GEOMETRIC_PRESENTATION_REPRESENTATION (  '', ( #5961 ), #7613 ) ;
#4159 = DIRECTION ( 'NONE',  ( 1.000000000000000000, 0.0000000000000000000, 0.0000000000000000000 ) ) ;
#4160 = VERTEX_POINT ( 'NONE', #3932 ) ;
#4161 = ADVANCED_FACE ( 'NONE', ( #712 ), #4587, .T. ) ;
#4162 = FACE_OUTER_BOUND ( 'NONE', #8176, .T. ) ;
#4163 = EDGE_CURVE ( 'NONE', #7504, #2926, #662, .T. ) ;
#4164 = CARTESIAN_POINT ( 'NONE',  ( 4.596194077712559611, -4.596194077712559611, -7.000000000000000000 ) ) ;
#4165 = AXIS2_PLACEMENT_3D ( 'NONE', #4558, #7760, #7146 ) ;
#4166 =( GEOMETRIC_REPRESENTATION_CONTEXT ( 3 ) GLOBAL_UNCERTAINTY_ASSIGNED_CONTEXT ( ( #5111 ) ) GLOBAL_UNIT_ASSIGNED_CONTEXT ( ( #6519, #5894, #656 ) ) REPRESENTATION_CONTEXT ( 'NONE', 'WORKASPACE' ) );
#4167 = FACE_OUTER_BOUND ( 'NONE', #6755, .T. ) ;
#4168 = EDGE_LOOP ( 'NONE', ( #5160, #4969, #1292, #6092 ) ) ;
#4169 = EDGE_LOOP ( 'NONE', ( #2944, #3736, #3475, #1658, #6739 ) ) ;
#4170 = AXIS2_PLACEMENT_3D ( 'NONE', #2799, #8064, #2044 ) ;
#4171 = DIRECTION ( 'NONE',  ( 0.0000000000000000000, 0.0000000000000000000, 1.000000000000000000 ) ) ;
#4172 = FACE_OUTER_BOUND ( 'NONE', #8010, .T. ) ;
#4173 = COLOUR_RGB ( '',0.1529411764705882470, 0.1529411764705882470, 0.1529411764705882470 ) ;
#4174 = VERTEX_POINT ( 'NONE', #21 ) ;
#4175 = VERTEX_POINT ( 'NONE', #5141 ) ;
#4176 = SURFACE_SIDE_STYLE ('',( #3495 ) ) ;
#4177 = ORIENTED_EDGE ( 'NONE', *, *, #452, .F. ) ;
#4178 = UNCERTAINTY_MEASURE_WITH_UNIT (LENGTH_MEASURE( 1.000000000000000082E-05 ), #6359, 'distance_accuracy_value', 'NONE');
#4179 = EDGE_CURVE ( 'NONE', #3651, #1579, #1213, .T. ) ;
#4180 = DIRECTION ( 'NONE',  ( -0.4472135954999579277, 0.8944271909999158554, 0.0000000000000000000 ) ) ;
#4181 = SURFACE_STYLE_USAGE ( .BOTH. , #4829 ) ;
#4182 = SURFACE_STYLE_FILL_AREA ( #1068 ) ;
#4183 = EDGE_LOOP ( 'NONE', ( #4145, #92, #5574, #3931 ) ) ;
#4184 = EDGE_CURVE ( 'NONE', #2840, #837, #7788, .T. ) ;
#4185 = DIRECTION ( 'NONE',  ( -0.4761606815806371240, 0.8793582917768292262, 0.0000000000000000000 ) ) ;
#4186 = DIRECTION ( 'NONE',  ( -0.0000000000000000000, -0.0000000000000000000, 1.000000000000000000 ) ) ;
#4187 =( LENGTH_UNIT ( ) NAMED_UNIT ( * ) SI_UNIT ( .MILLI., .METRE. ) );
#4188 = CARTESIAN_POINT ( 'NONE',  ( -4.440892098500630106E-16, -9.445612346359450129, 4.200000000000000178 ) ) ;
#4189 = FACE_OUTER_BOUND ( 'NONE', #3286, .T. ) ;
#4190 =( NAMED_UNIT ( * ) PLANE_ANGLE_UNIT ( ) SI_UNIT ( $, .RADIAN. ) );
#4191 = ORIENTED_EDGE ( 'NONE', *, *, #3828, .F. ) ;
#4192 =( NAMED_UNIT ( * ) PLANE_ANGLE_UNIT ( ) SI_UNIT ( $, .RADIAN. ) );
#4193 = VERTEX_POINT ( 'NONE', #1865 ) ;
#4194 = EDGE_CURVE ( 'NONE', #4771, #4755, #5332, .T. ) ;
#4195 = DIRECTION ( 'NONE',  ( 0.2430233717005939043, 0.9700204331905977195, -0.0000000000000000000 ) ) ;
#4196 = VERTEX_POINT ( 'NONE', #4715 ) ;
#4197 = CARTESIAN_POINT ( 'NONE',  ( -6.911675780212117814, -1.108484510144030377, -2.168404344971008868E-16 ) ) ;
#4198 = LINE ( 'NONE', #6838, #4662 ) ;
#4199 = DIRECTION ( 'NONE',  ( -0.5957350678737244332, -0.8031810063151947343, 0.0000000000000000000 ) ) ;
#4200 = CIRCLE ( 'NONE', #2691, 7.000000000000000000 ) ;
#4201 = AXIS2_PLACEMENT_3D ( 'NONE', #8320, #1808, #2410 ) ;
#4202 = ORIENTED_EDGE ( 'NONE', *, *, #1459, .T. ) ;
#4203 = DIRECTION ( 'NONE',  ( 0.0000000000000000000, -0.0000000000000000000, 1.000000000000000000 ) ) ;
#4204 = ORIENTED_EDGE ( 'NONE', *, *, #8057, .T. ) ;
#4205 = DIRECTION ( 'NONE',  ( 1.000000000000000000, 0.0000000000000000000, 0.0000000000000000000 ) ) ;
#4206 = CARTESIAN_POINT ( 'NONE',  ( -6.368271747270935812, 2.906047995630963943, -7.000000000000000000 ) ) ;
#4207 = VECTOR ( 'NONE', #4280, 1000.000000000000000 ) ;
#4208 = VECTOR ( 'NONE', #5903, 999.9999999999998863 ) ;
#4209 = DIRECTION ( 'NONE',  ( -0.7554539549957062228, -0.6552017413601290974, 0.0000000000000000000 ) ) ;
#4210 = EDGE_CURVE ( 'NONE', #3427, #1631, #3783, .T. ) ;
#4211 = FILL_AREA_STYLE_COLOUR ( '', #7138 ) ;
#4212 = ORIENTED_EDGE ( 'NONE', *, *, #753, .F. ) ;
#4213 = ORIENTED_EDGE ( 'NONE', *, *, #7673, .T. ) ;
#4214 = CIRCLE ( 'NONE', #8333, 7.000000000000000000 ) ;
#4215 = FACE_OUTER_BOUND ( 'NONE', #8272, .T. ) ;
#4216 = ORIENTED_EDGE ( 'NONE', *, *, #5803, .F. ) ;
#4217 = CARTESIAN_POINT ( 'NONE',  ( -5.200000000000001066, 0.0000000000000000000, 2.700000000000000178 ) ) ;
#4218 = DIRECTION ( 'NONE',  ( -0.0000000000000000000, 1.000000000000000000, 0.0000000000000000000 ) ) ;
#4219 = VECTOR ( 'NONE', #4885, 1000.000000000000000 ) ;
#4220 = DIRECTION ( 'NONE',  ( 1.000000000000000000, 0.0000000000000000000, 0.0000000000000000000 ) ) ;
#4221 = AXIS2_PLACEMENT_3D ( 'NONE', #7074, #3291, #3798 ) ;
#4222 = ORIENTED_EDGE ( 'NONE', *, *, #1611, .T. ) ;
#4223 = CYLINDRICAL_SURFACE ( 'NONE', #4774, 7.000000000000000000 ) ;
#4224 = ORIENTED_EDGE ( 'NONE', *, *, #2138, .F. ) ;
#4225 = VECTOR ( 'NONE', #7690, 1000.000000000000000 ) ;
#4226 = CARTESIAN_POINT ( 'NONE',  ( -4.771419503187759759, 5.121870354138169823, 0.0000000000000000000 ) ) ;
#4227 = PLANE ( 'NONE',  #2015 ) ;
#4228 = EDGE_CURVE ( 'NONE', #5912, #3909, #152, .T. ) ;
#4229 = EDGE_CURVE ( 'NONE', #6626, #5394, #241, .T. ) ;
#4230 = AXIS2_PLACEMENT_3D ( 'NONE', #7255, #3287, #741 ) ;
#4231 = MECHANICAL_DESIGN_GEOMETRIC_PRESENTATION_REPRESENTATION (  '', ( #3562 ), #6183 ) ;
#4232 = FACE_OUTER_BOUND ( 'NONE', #3137, .T. ) ;
#4233 = VERTEX_POINT ( 'NONE', #7355 ) ;
#4234 = DIRECTION ( 'NONE',  ( 1.000000000000000000, 0.0000000000000000000, 0.0000000000000000000 ) ) ;
#4235 = ORIENTED_EDGE ( 'NONE', *, *, #6338, .F. ) ;
#4236 = FACE_OUTER_BOUND ( 'NONE', #4299, .T. ) ;
#4237 = VERTEX_POINT ( 'NONE', #8132 ) ;
#4238 = FILL_AREA_STYLE ('',( #1624 ) ) ;
#4239 = AXIS2_PLACEMENT_3D ( 'NONE', #6721, #7942, #727 ) ;
#4240 = CARTESIAN_POINT ( 'NONE',  ( -2.487442310373085608, -6.005216961323359470, 1.000000000000000000 ) ) ;
#4241 = MECHANICAL_DESIGN_GEOMETRIC_PRESENTATION_REPRESENTATION (  '', ( #4109 ), #6996 ) ;
#4242 = LINE ( 'NONE', #3635, #5094 ) ;
#4243 =( NAMED_UNIT ( * ) PLANE_ANGLE_UNIT ( ) SI_UNIT ( $, .RADIAN. ) );
#4244 = ADVANCED_FACE ( 'NONE', ( #4072 ), #7404, .T. ) ;
#4245 = STYLED_ITEM ( 'NONE', ( #6813 ), #4 ) ;
#4246 = COLOUR_RGB ( '',0.5607843137254902022, 0.5607843137254902022, 0.5607843137254902022 ) ;
#4247 = VERTEX_POINT ( 'NONE', #789 ) ;
#4248 = SURFACE_SIDE_STYLE ('',( #6203 ) ) ;
#4249 = ORIENTED_EDGE ( 'NONE', *, *, #4832, .T. ) ;
#4250 = UNCERTAINTY_MEASURE_WITH_UNIT (LENGTH_MEASURE( 1.000000000000000082E-05 ), #3768, 'distance_accuracy_value', 'NONE');
#4251 = CARTESIAN_POINT ( 'NONE',  ( 0.0000000000000000000, -4.645612346359450306, 1.500000000000000000 ) ) ;
#4252 = EDGE_CURVE ( 'NONE', #7541, #1773, #8055, .T. ) ;
#4253 = AXIS2_PLACEMENT_3D ( 'NONE', #493, #8232, #2428 ) ;
#4254 = LINE ( 'NONE', #6897, #2339 ) ;
#4255 = EDGE_CURVE ( 'NONE', #6534, #8110, #3381, .T. ) ;
#4256 = DIRECTION ( 'NONE',  ( -0.05346972352258945460, -0.9985694711267804058, 0.0000000000000000000 ) ) ;
#4257 = ORIENTED_EDGE ( 'NONE', *, *, #7950, .F. ) ;
#4258 = ORIENTED_EDGE ( 'NONE', *, *, #7263, .F. ) ;
#4259 = CIRCLE ( 'NONE', #7292, 7.000000000000000000 ) ;
#4260 = PLANE ( 'NONE',  #2956 ) ;
#4261 = ORIENTED_EDGE ( 'NONE', *, *, #6822, .F. ) ;
#4262 =( LENGTH_UNIT ( ) NAMED_UNIT ( * ) SI_UNIT ( .MILLI., .METRE. ) );
#4263 = DIRECTION ( 'NONE',  ( 0.0000000000000000000, 0.0000000000000000000, -1.000000000000000000 ) ) ;
#4264 = EDGE_CURVE ( 'NONE', #563, #1736, #4845, .T. ) ;
#4265 = CARTESIAN_POINT ( 'NONE',  ( 0.7500000000000000000, 9.184850993605149670E-17, 0.5000000000000000000 ) ) ;
#4266 = CARTESIAN_POINT ( 'NONE',  ( 4.160000000000000142, -4.645612346359450306, 1.500000000000000000 ) ) ;
#4267 = EDGE_LOOP ( 'NONE', ( #4794, #5630, #5921, #5775 ) ) ;
#4268 = VECTOR ( 'NONE', #4941, 1000.000000000000000 ) ;
#4269 = DIRECTION ( 'NONE',  ( 0.4761606815806371240, -0.8793582917768292262, 0.0000000000000000000 ) ) ;
#4270 = VERTEX_POINT ( 'NONE', #3512 ) ;
#4271 = FILL_AREA_STYLE_COLOUR ( '', #7734 ) ;
#4272 = FILL_AREA_STYLE ('',( #4917 ) ) ;
#4273 = DIRECTION ( 'NONE',  ( 0.8793582917768288931, -0.4761606815806379567, -0.0000000000000000000 ) ) ;
#4274 = CARTESIAN_POINT ( 'NONE',  ( 5.121870354138168935, 4.771419503187763311, -7.000000000000000000 ) ) ;
#4275 = VECTOR ( 'NONE', #7618, 1000.000000000000000 ) ;
#4276 = DIRECTION ( 'NONE',  ( 0.9891830423698457775, -0.1466864298015869983, 0.0000000000000000000 ) ) ;
#4277 = ADVANCED_FACE ( 'NONE', ( #1497 ), #923, .T. ) ;
#4278 = CARTESIAN_POINT ( 'NONE',  ( 0.0000000000000000000, 0.0000000000000000000, 0.0000000000000000000 ) ) ;
#4279 = ORIENTED_EDGE ( 'NONE', *, *, #6547, .F. ) ;
#4280 = DIRECTION ( 'NONE',  ( -0.0000000000000000000, 0.0000000000000000000, 1.000000000000000000 ) ) ;
#4281 = ORIENTED_EDGE ( 'NONE', *, *, #3362, .F. ) ;
#4282 = EDGE_CURVE ( 'NONE', #7534, #606, #6958, .T. ) ;
#4283 = STYLED_ITEM ( 'NONE', ( #4004 ), #1512 ) ;
#4284 = DIRECTION ( 'NONE',  ( 0.0000000000000000000, 0.0000000000000000000, 1.000000000000000000 ) ) ;
#4285 = CARTESIAN_POINT ( 'NONE',  ( -0.5000000000000002220, -5.495612346359449951, 2.200000000000000178 ) ) ;
#4286 = CARTESIAN_POINT ( 'NONE',  ( -0.2588190451025201844, 0.9659258262890689783, 0.5000000000000000000 ) ) ;
#4287 =( LENGTH_UNIT ( ) NAMED_UNIT ( * ) SI_UNIT ( .MILLI., .METRE. ) );
#4288 = CARTESIAN_POINT ( 'NONE',  ( 5.160000000000000142, -7.145612346359450306, 1.199999999999999956 ) ) ;
#4289 = VECTOR ( 'NONE', #4456, 1000.000000000000000 ) ;
#4290 = ORIENTED_EDGE ( 'NONE', *, *, #144, .F. ) ;
#4291 = CARTESIAN_POINT ( 'NONE',  ( 2.759999999999999787, -7.145612346359450306, 1.199999999999999956 ) ) ;
#4292 = ORIENTED_EDGE ( 'NONE', *, *, #8366, .T. ) ;
#4293 =( GEOMETRIC_REPRESENTATION_CONTEXT ( 3 ) GLOBAL_UNCERTAINTY_ASSIGNED_CONTEXT ( ( #3900 ) ) GLOBAL_UNIT_ASSIGNED_CONTEXT ( ( #554, #3234, #5876 ) ) REPRESENTATION_CONTEXT ( 'NONE', 'WORKASPACE' ) );
#4294 = MECHANICAL_DESIGN_GEOMETRIC_PRESENTATION_REPRESENTATION (  '', ( #4844 ), #1155 ) ;
#4295 =( NAMED_UNIT ( * ) PLANE_ANGLE_UNIT ( ) SI_UNIT ( $, .RADIAN. ) );
#4296 = FACE_OUTER_BOUND ( 'NONE', #943, .T. ) ;
#4297 = CARTESIAN_POINT ( 'NONE',  ( 6.005216961323361247, 2.487442310373079390, -7.000000000000000000 ) ) ;
#4298 = ORIENTED_EDGE ( 'NONE', *, *, #2081, .T. ) ;
#4299 = EDGE_LOOP ( 'NONE', ( #5984, #8128, #2444, #3211 ) ) ;
#4300 =( GEOMETRIC_REPRESENTATION_CONTEXT ( 3 ) GLOBAL_UNCERTAINTY_ASSIGNED_CONTEXT ( ( #3138 ) ) GLOBAL_UNIT_ASSIGNED_CONTEXT ( ( #5497, #877, #6747 ) ) REPRESENTATION_CONTEXT ( 'NONE', 'WORKASPACE' ) );
#4301 = PLANE ( 'NONE',  #4610 ) ;
#4302 = ORIENTED_EDGE ( 'NONE', *, *, #5946, .F. ) ;
#4303 = CARTESIAN_POINT ( 'NONE',  ( 5.936916306080010308, 4.594358973122959711, 1.000000000000000000 ) ) ;
#4304 = DIRECTION ( 'NONE',  ( 1.000000000000000000, 0.0000000000000000000, -0.0000000000000000000 ) ) ;
#4305 = CIRCLE ( 'NONE', #4170, 4.500000000000000888 ) ;
#4306 = AXIS2_PLACEMENT_3D ( 'NONE', #3784, #1243, #3833 ) ;
#4307 = CYLINDRICAL_SURFACE ( 'NONE', #4502, 1.000000000000000000 ) ;
#4308 = SURFACE_SIDE_STYLE ('',( #503 ) ) ;
#4309 = DIRECTION ( 'NONE',  ( 0.0000000000000000000, 0.0000000000000000000, 1.000000000000000000 ) ) ;
#4310 = EDGE_CURVE ( 'NONE', #3713, #4730, #2296, .T. ) ;
#4311 = VERTEX_POINT ( 'NONE', #2336 ) ;
#4312 = EDGE_CURVE ( 'NONE', #5134, #6440, #517, .T. ) ;
#4313 = DIRECTION ( 'NONE',  ( 0.0000000000000000000, -0.0000000000000000000, -1.000000000000000000 ) ) ;
#4314 = FILL_AREA_STYLE_COLOUR ( '', #3517 ) ;
#4315 = LINE ( 'NONE', #8281, #1413 ) ;
#4316 = FACE_OUTER_BOUND ( 'NONE', #3166, .T. ) ;
#4317 = DIRECTION ( 'NONE',  ( -1.000000000000000000, -0.0000000000000000000, 0.0000000000000000000 ) ) ;
#4318 = LINE ( 'NONE', #2409, #5355 ) ;
#4319 = DIRECTION ( 'NONE',  ( 0.6552017413601369800, -0.7554539549956993394, 0.0000000000000000000 ) ) ;
#4320 = DIRECTION ( 'NONE',  ( -0.0000000000000000000, 1.000000000000000000, 0.0000000000000000000 ) ) ;
#4321 = ORIENTED_EDGE ( 'NONE', *, *, #1589, .T. ) ;
#4322 =( NAMED_UNIT ( * ) PLANE_ANGLE_UNIT ( ) SI_UNIT ( $, .RADIAN. ) );
#4323 = ORIENTED_EDGE ( 'NONE', *, *, #7297, .F. ) ;
#4324 = CARTESIAN_POINT ( 'NONE',  ( 1.000000000000000000, 1.224646799147353207E-16, 0.5000000000000000000 ) ) ;
#4325 =( NAMED_UNIT ( * ) PLANE_ANGLE_UNIT ( ) SI_UNIT ( $, .RADIAN. ) );
#4326 = CARTESIAN_POINT ( 'NONE',  ( 2.759999999999999787, -7.145612346359450306, 1.199999999999999956 ) ) ;
#4327 =( GEOMETRIC_REPRESENTATION_CONTEXT ( 3 ) GLOBAL_UNCERTAINTY_ASSIGNED_CONTEXT ( ( #7891 ) ) GLOBAL_UNIT_ASSIGNED_CONTEXT ( ( #5329, #6796, #2207 ) ) REPRESENTATION_CONTEXT ( 'NONE', 'WORKASPACE' ) );
#4328 = LINE ( 'NONE', #7005, #5821 ) ;
#4329 = SURFACE_SIDE_STYLE ('',( #5804 ) ) ;
#4330 = EDGE_LOOP ( 'NONE', ( #6553, #2475, #47, #7162 ) ) ;
#4331 = FILL_AREA_STYLE ('',( #5010 ) ) ;
#4332 = AXIS2_PLACEMENT_3D ( 'NONE', #7228, #5818, #5863 ) ;
#4333 = ORIENTED_EDGE ( 'NONE', *, *, #1227, .T. ) ;
#4334 = VECTOR ( 'NONE', #1726, 1000.000000000000000 ) ;
#4335 = CARTESIAN_POINT ( 'NONE',  ( 4.460000000000000853, -6.945612346359450129, 4.700000000000000178 ) ) ;
#4336 = VECTOR ( 'NONE', #3758, 1000.000000000000000 ) ;
#4337 = ADVANCED_FACE ( 'NONE', ( #4236 ), #7655, .T. ) ;
#4338 = DIRECTION ( 'NONE',  ( 0.0000000000000000000, 0.0000000000000000000, 1.000000000000000000 ) ) ;
#4339 = LINE ( 'NONE', #6350, #4788 ) ;
#4340 = ADVANCED_FACE ( 'NONE', ( #391 ), #1734, .T. ) ;
#4341 = VERTEX_POINT ( 'NONE', #3112 ) ;
#4342 = ORIENTED_EDGE ( 'NONE', *, *, #3702, .T. ) ;
#4343 = CARTESIAN_POINT ( 'NONE',  ( 4.900000000000000355, 0.0000000000000000000, 2.200000000000000178 ) ) ;
#4344 = ORIENTED_EDGE ( 'NONE', *, *, #5344, .F. ) ;
#4345 = UNCERTAINTY_MEASURE_WITH_UNIT (LENGTH_MEASURE( 1.000000000000000082E-05 ), #571, 'distance_accuracy_value', 'NONE');
#4346 = SURFACE_SIDE_STYLE ('',( #1716 ) ) ;
#4347 = FACE_OUTER_BOUND ( 'NONE', #6881, .T. ) ;
#4348 = FACE_OUTER_BOUND ( 'NONE', #8227, .T. ) ;
#4349 = LINE ( 'NONE', #3224, #1886 ) ;
#4350 = CARTESIAN_POINT ( 'NONE',  ( -0.5000000000000000000, 6.123233995736766036E-17, 1.000000000000000000 ) ) ;
#4351 = AXIS2_PLACEMENT_3D ( 'NONE', #4057, #8081, #6013 ) ;
#4352 = STYLED_ITEM ( 'NONE', ( #2556 ), #6171 ) ;
#4353 = ORIENTED_EDGE ( 'NONE', *, *, #6416, .T. ) ;
#4354 = CARTESIAN_POINT ( 'NONE',  ( 3.759999999999999787, -4.645612346359450306, 1.500000000000000000 ) ) ;
#4355 = FACE_OUTER_BOUND ( 'NONE', #4554, .T. ) ;
#4356 = VECTOR ( 'NONE', #4478, 1000.000000000000000 ) ;
#4357 = AXIS2_PLACEMENT_3D ( 'NONE', #6189, #3026, #385 ) ;
#4358 = PLANE ( 'NONE',  #1794 ) ;
#4359 = DIRECTION ( 'NONE',  ( 0.0000000000000000000, -0.0000000000000000000, -1.000000000000000000 ) ) ;
#4360 = CARTESIAN_POINT ( 'NONE',  ( 4.596194077712558723, 4.596194077712559611, 1.156482317317871331E-15 ) ) ;
#4361 = PRESENTATION_STYLE_ASSIGNMENT (( #6295 ) ) ;
#4362 = EDGE_CURVE ( 'NONE', #3972, #1399, #8323, .T. ) ;
#4363 = CARTESIAN_POINT ( 'NONE',  ( 0.0000000000000000000, 0.0000000000000000000, 1.000000000000000000 ) ) ;
#4364 = EDGE_LOOP ( 'NONE', ( #8163, #3274, #866, #597 ) ) ;
#4365 =( GEOMETRIC_REPRESENTATION_CONTEXT ( 3 ) GLOBAL_UNCERTAINTY_ASSIGNED_CONTEXT ( ( #5798 ) ) GLOBAL_UNIT_ASSIGNED_CONTEXT ( ( #8076, #91, #7246 ) ) REPRESENTATION_CONTEXT ( 'NONE', 'WORKASPACE' ) );
#4366 = ORIENTED_EDGE ( 'NONE', *, *, #8194, .F. ) ;
#4367 = PRESENTATION_STYLE_ASSIGNMENT (( #522 ) ) ;
#4368 = ADVANCED_FACE ( 'NONE', ( #5619 ), #5662, .T. ) ;
#4369 = LINE ( 'NONE', #4849, #2877 ) ;
#4370 =( LENGTH_UNIT ( ) NAMED_UNIT ( * ) SI_UNIT ( .MILLI., .METRE. ) );
#4371 = PLANE ( 'NONE',  #7671 ) ;
#4372 = AXIS2_PLACEMENT_3D ( 'NONE', #3199, #7208, #2540 ) ;
#4373 = MECHANICAL_DESIGN_GEOMETRIC_PRESENTATION_REPRESENTATION (  '', ( #5900 ), #6045 ) ;
#4374 = PLANE ( 'NONE',  #3052 ) ;
#4375 = DIRECTION ( 'NONE',  ( 0.0000000000000000000, -1.000000000000000000, 0.0000000000000000000 ) ) ;
#4376 = ORIENTED_EDGE ( 'NONE', *, *, #7297, .T. ) ;
#4377 = CARTESIAN_POINT ( 'NONE',  ( 4.596194077712556947, 4.596194077712559611, 1.000000000000004663 ) ) ;
#4378 = ORIENTED_EDGE ( 'NONE', *, *, #4599, .F. ) ;
#4379 = AXIS2_PLACEMENT_3D ( 'NONE', #3171, #8336, #5767 ) ;
#4380 = CARTESIAN_POINT ( 'NONE',  ( 3.611206514627415043, 5.404552479966540979, -7.000000000000000000 ) ) ;
#4381 = SURFACE_SIDE_STYLE ('',( #7046 ) ) ;
#4382 = CARTESIAN_POINT ( 'NONE',  ( 0.0000000000000000000, 0.0000000000000000000, 1.500000000000000000 ) ) ;
#4383 = ORIENTED_EDGE ( 'NONE', *, *, #4664, .T. ) ;
#4384 = ORIENTED_EDGE ( 'NONE', *, *, #2919, .T. ) ;
#4385 = ADVANCED_FACE ( 'NONE', ( #5000 ), #3712, .F. ) ;
#4386 = DIRECTION ( 'NONE',  ( -0.0000000000000000000, 0.0000000000000000000, 1.000000000000000000 ) ) ;
#4387 = ORIENTED_EDGE ( 'NONE', *, *, #1945, .T. ) ;
#4388 = AXIS2_PLACEMENT_3D ( 'NONE', #1676, #3688, #6395 ) ;
#4389 = ADVANCED_FACE ( 'NONE', ( #5885 ), #7866, .F. ) ;
#4390 = PLANE ( 'NONE',  #527 ) ;
#4391 =( NAMED_UNIT ( * ) PLANE_ANGLE_UNIT ( ) SI_UNIT ( $, .RADIAN. ) );
#4392 = CARTESIAN_POINT ( 'NONE',  ( -1.268087093104840024, -6.375104322620999575, -7.000000000000000000 ) ) ;
#4393 = DIRECTION ( 'NONE',  ( 1.000000000000000000, 0.0000000000000000000, 0.0000000000000000000 ) ) ;
#4394 = VECTOR ( 'NONE', #1717, 1000.000000000000000 ) ;
#4395 = ORIENTED_EDGE ( 'NONE', *, *, #2846, .F. ) ;
#4396 = EDGE_CURVE ( 'NONE', #5829, #3701, #2539, .T. ) ;
#4397 = PRESENTATION_STYLE_ASSIGNMENT (( #6949 ) ) ;
#4398 = AXIS2_PLACEMENT_3D ( 'NONE', #683, #6665, #7281 ) ;
#4399 = DIRECTION ( 'NONE',  ( -0.7071067811865465735, -0.7071067811865483499, 0.0000000000000000000 ) ) ;
#4400 = DIRECTION ( 'NONE',  ( 1.000000000000000000, 0.0000000000000000000, -0.0000000000000000000 ) ) ;
#4401 = LINE ( 'NONE', #7648, #3876 ) ;
#4402 = SURFACE_STYLE_USAGE ( .BOTH. , #7863 ) ;
#4403 = DIRECTION ( 'NONE',  ( -0.0000000000000000000, -0.0000000000000000000, -1.000000000000000000 ) ) ;
#4404 = ORIENTED_EDGE ( 'NONE', *, *, #8170, .T. ) ;
#4405 = CARTESIAN_POINT ( 'NONE',  ( -1.108484510144028157, 6.911675780212118703, -7.000000000000000000 ) ) ;
#4406 = ORIENTED_EDGE ( 'NONE', *, *, #1364, .F. ) ;
#4407 = FACE_OUTER_BOUND ( 'NONE', #2628, .T. ) ;
#4408 = DIRECTION ( 'NONE',  ( 0.0000000000000000000, 0.0000000000000000000, -1.000000000000000000 ) ) ;
#4409 = CIRCLE ( 'NONE', #4146, 1.000000000000000000 ) ;
#4410 = DIRECTION ( 'NONE',  ( 0.0000000000000000000, -1.000000000000000000, 0.0000000000000000000 ) ) ;
#4411 = CARTESIAN_POINT ( 'NONE',  ( 0.0000000000000000000, 0.0000000000000000000, 1.000000000000000000 ) ) ;
#4412 = DIRECTION ( 'NONE',  ( 0.0000000000000000000, 0.0000000000000000000, 1.000000000000000000 ) ) ;
#4413 = EDGE_LOOP ( 'NONE', ( #1235, #4384 ) ) ;
#4414 = DIRECTION ( 'NONE',  ( 1.000000000000000000, 0.0000000000000000000, 0.0000000000000000000 ) ) ;
#4415 = EDGE_CURVE ( 'NONE', #6854, #7207, #3241, .T. ) ;
#4416 = CARTESIAN_POINT ( 'NONE',  ( 2.448161892769749493, -6.557934381098220022, -7.000000000000000000 ) ) ;
#4417 = DIRECTION ( 'NONE',  ( 1.000000000000000000, 0.0000000000000000000, 0.0000000000000000000 ) ) ;
#4418 = CARTESIAN_POINT ( 'NONE',  ( 3.611206514627410158, -5.404552479966549861, -7.000000000000000000 ) ) ;
#4419 = DIRECTION ( 'NONE',  ( -1.000000000000000000, 0.0000000000000000000, 0.0000000000000000000 ) ) ;
#4420 = ORIENTED_EDGE ( 'NONE', *, *, #7685, .F. ) ;
#4421 = ORIENTED_EDGE ( 'NONE', *, *, #4698, .T. ) ;
#4422 = PRESENTATION_STYLE_ASSIGNMENT (( #8342 ) ) ;
#4423 = ORIENTED_EDGE ( 'NONE', *, *, #1281, .F. ) ;
#4424 = UNCERTAINTY_MEASURE_WITH_UNIT (LENGTH_MEASURE( 1.000000000000000082E-05 ), #6805, 'distance_accuracy_value', 'NONE');
#4425 = PRESENTATION_LAYER_ASSIGNMENT (  '', '', ( #6788 ) ) ;
#4426 = CARTESIAN_POINT ( 'NONE',  ( -6.500000000000000888, 7.771561172376099727E-16, 1.000000000000003553 ) ) ;
#4427 = PRESENTATION_LAYER_ASSIGNMENT (  '', '', ( #3335 ) ) ;
#4428 = EDGE_CURVE ( 'NONE', #5241, #4977, #2146, .T. ) ;
#4429 = CARTESIAN_POINT ( 'NONE',  ( -1.268087093104833141, 6.375104322620997799, 1.000000000000004663 ) ) ;
#4430 = ORIENTED_EDGE ( 'NONE', *, *, #6873, .F. ) ;
#4431 = DIRECTION ( 'NONE',  ( 0.0000000000000000000, 0.0000000000000000000, 1.000000000000000000 ) ) ;
#4432 = PRESENTATION_LAYER_ASSIGNMENT (  '', '', ( #3739 ) ) ;
#4433 = VECTOR ( 'NONE', #431, 1000.000000000000227 ) ;
#4434 = DIRECTION ( 'NONE',  ( 3.947459643111669945E-16, 7.894919286223330030E-16, -1.000000000000000000 ) ) ;
#4435 = FACE_OUTER_BOUND ( 'NONE', #5722, .T. ) ;
#4436 = CARTESIAN_POINT ( 'NONE',  ( 1.400000000000000133, -5.495612346359449951, 1.500000000000000000 ) ) ;
#4437 = DIRECTION ( 'NONE',  ( 0.0000000000000000000, -0.0000000000000000000, -1.000000000000000000 ) ) ;
#4438 = EDGE_CURVE ( 'NONE', #1044, #4735, #2412, .T. ) ;
#4439 = SURFACE_STYLE_USAGE ( .BOTH. , #8364 ) ;
#4440 = EDGE_CURVE ( 'NONE', #5959, #8002, #702, .T. ) ;
#4441 = VERTEX_POINT ( 'NONE', #54 ) ;
#4442 = ORIENTED_EDGE ( 'NONE', *, *, #7627, .T. ) ;
#4443 =( NAMED_UNIT ( * ) SI_UNIT ( $, .STERADIAN. ) SOLID_ANGLE_UNIT ( ) );
#4444 = FACE_OUTER_BOUND ( 'NONE', #8074, .T. ) ;
#4445 =( LENGTH_UNIT ( ) NAMED_UNIT ( * ) SI_UNIT ( .MILLI., .METRE. ) );
#4446 = CARTESIAN_POINT ( 'NONE',  ( 6.375104322620999575, 1.268087093104830032, -7.000000000000000000 ) ) ;
#4447 = FACE_OUTER_BOUND ( 'NONE', #3295, .T. ) ;
#4448 = EDGE_CURVE ( 'NONE', #4651, #7042, #1857, .T. ) ;
#4449 = FACE_BOUND ( 'NONE', #7069, .T. ) ;
#4450 = ORIENTED_EDGE ( 'NONE', *, *, #4634, .F. ) ;
#4451 = CARTESIAN_POINT ( 'NONE',  ( -0.5000000000000000000, 0.0000000000000000000, 2.200000000000000178 ) ) ;
#4452 = ORIENTED_EDGE ( 'NONE', *, *, #2549, .F. ) ;
#4453 = VECTOR ( 'NONE', #1322, 999.9999999999998863 ) ;
#4454 = LINE ( 'NONE', #4416, #3819 ) ;
#4455 = DIRECTION ( 'NONE',  ( 0.0000000000000000000, 0.0000000000000000000, 1.000000000000000000 ) ) ;
#4456 = DIRECTION ( 'NONE',  ( -1.000000000000000000, -0.0000000000000000000, -0.0000000000000000000 ) ) ;
#4457 = CARTESIAN_POINT ( 'NONE',  ( 0.0000000000000000000, 0.0000000000000000000, 0.5000000000000000000 ) ) ;
#4458 = DIRECTION ( 'NONE',  ( 0.0000000000000000000, 0.0000000000000000000, 1.000000000000000000 ) ) ;
#4459 = EDGE_CURVE ( 'NONE', #6345, #5816, #4214, .T. ) ;
#4460 = ORIENTED_EDGE ( 'NONE', *, *, #7309, .F. ) ;
#4461 = COLOUR_RGB ( '',0.5607843137254902022, 0.5607843137254902022, 0.5607843137254902022 ) ;
#4462 = AXIS2_PLACEMENT_3D ( 'NONE', #1923, #3389, #6710 ) ;
#4463 = ORIENTED_EDGE ( 'NONE', *, *, #5266, .F. ) ;
#4464 = CARTESIAN_POINT ( 'NONE',  ( -3.691702698016912532, -5.947380195468813469, 0.0000000000000000000 ) ) ;
#4465 = FILL_AREA_STYLE_COLOUR ( '', #620 ) ;
#4466 = DIRECTION ( 'NONE',  ( 0.2851037643279368816, -0.9584966580880918130, 0.0000000000000000000 ) ) ;
#4467 = ADVANCED_FACE ( 'NONE', ( #1372 ), #562, .F. ) ;
#4468 = COLOUR_RGB ( '',0.5607843137254902022, 0.5607843137254902022, 0.5607843137254902022 ) ;
#4469 = FILL_AREA_STYLE ('',( #636 ) ) ;
#4470 = CARTESIAN_POINT ( 'NONE',  ( -1.000000000000000000, 1.224646799147353207E-16, 1.500000000000000000 ) ) ;
#4471 = LINE ( 'NONE', #8252, #2307 ) ;
#4472 = ORIENTED_EDGE ( 'NONE', *, *, #3473, .T. ) ;
#4473 = ORIENTED_EDGE ( 'NONE', *, *, #39, .T. ) ;
#4474 = STYLED_ITEM ( 'NONE', ( #2904 ), #4277 ) ;
#4475 = SURFACE_SIDE_STYLE ('',( #1844 ) ) ;
#4476 = VERTEX_POINT ( 'NONE', #3463 ) ;
#4477 = STYLED_ITEM ( 'NONE', ( #1041 ), #5990 ) ;
#4478 = DIRECTION ( 'NONE',  ( -0.0000000000000000000, -0.0000000000000000000, -1.000000000000000000 ) ) ;
#4479 = DIRECTION ( 'NONE',  ( 0.0000000000000000000, 0.0000000000000000000, 1.000000000000000000 ) ) ;
#4480 =( NAMED_UNIT ( * ) PLANE_ANGLE_UNIT ( ) SI_UNIT ( $, .RADIAN. ) );
#4481 =( NAMED_UNIT ( * ) SI_UNIT ( $, .STERADIAN. ) SOLID_ANGLE_UNIT ( ) );
#4482 = CIRCLE ( 'NONE', #278, 1.000000000000000000 ) ;
#4483 = DIRECTION ( 'NONE',  ( 1.000000000000000000, 0.0000000000000000000, 0.0000000000000000000 ) ) ;
#4484 = AXIS2_PLACEMENT_3D ( 'NONE', #4094, #5856, #3937 ) ;
#4485 = DIRECTION ( 'NONE',  ( 1.000000000000000000, 0.0000000000000000000, 0.0000000000000000000 ) ) ;
#4486 = VECTOR ( 'NONE', #935, 1000.000000000000000 ) ;
#4487 = EDGE_LOOP ( 'NONE', ( #5617, #1100 ) ) ;
#4488 = UNCERTAINTY_MEASURE_WITH_UNIT (LENGTH_MEASURE( 1.000000000000000082E-05 ), #6235, 'distance_accuracy_value', 'NONE');
#4489 = COLOUR_RGB ( '',0.0000000000000000000, 0.0000000000000000000, 0.0000000000000000000 ) ;
#4490 = DIRECTION ( 'NONE',  ( -0.0000000000000000000, -0.0000000000000000000, 1.000000000000000000 ) ) ;
#4491 = EDGE_CURVE ( 'NONE', #6892, #120, #2727, .T. ) ;
#4492 = ADVANCED_FACE ( 'NONE', ( #6146 ), #3415, .T. ) ;
#4493 = LINE ( 'NONE', #5704, #7169 ) ;
#4494 = FACE_OUTER_BOUND ( 'NONE', #2964, .T. ) ;
#4495 = VECTOR ( 'NONE', #5620, 1000.000000000000000 ) ;
#4496 = AXIS2_PLACEMENT_3D ( 'NONE', #5038, #1766, #4400 ) ;
#4497 = DIRECTION ( 'NONE',  ( -0.9700204331905978306, 0.2430233717005939320, 0.0000000000000000000 ) ) ;
#4498 = ORIENTED_EDGE ( 'NONE', *, *, #4459, .T. ) ;
#4499 = LINE ( 'NONE', #4451, #7658 ) ;
#4500 = ORIENTED_EDGE ( 'NONE', *, *, #2593, .F. ) ;
#4501 = VECTOR ( 'NONE', #7325, 1000.000000000000000 ) ;
#4502 = AXIS2_PLACEMENT_3D ( 'NONE', #2850, #5525, #1608 ) ;
#4503 = EDGE_CURVE ( 'NONE', #4043, #4596, #2856, .T. ) ;
#4504 =( NAMED_UNIT ( * ) PLANE_ANGLE_UNIT ( ) SI_UNIT ( $, .RADIAN. ) );
#4505 =( LENGTH_UNIT ( ) NAMED_UNIT ( * ) SI_UNIT ( .MILLI., .METRE. ) );
#4506 = DIRECTION ( 'NONE',  ( -0.7554539549957062228, 0.6552017413601290974, 0.0000000000000000000 ) ) ;
#4507 = ORIENTED_EDGE ( 'NONE', *, *, #6219, .F. ) ;
#4508 = VECTOR ( 'NONE', #6560, 1000.000000000000114 ) ;
#4509 = VECTOR ( 'NONE', #4541, 1000.000000000000000 ) ;
#4510 = COLOUR_RGB ( '',0.0000000000000000000, 0.0000000000000000000, 0.0000000000000000000 ) ;
#4511 = EDGE_LOOP ( 'NONE', ( #1744, #4473, #4507, #5403 ) ) ;
#4512 = UNCERTAINTY_MEASURE_WITH_UNIT (LENGTH_MEASURE( 1.000000000000000082E-05 ), #4537, 'distance_accuracy_value', 'NONE');
#4514 = EDGE_CURVE ( 'NONE', #837, #6083, #134, .T. ) ;
#4513 = DIRECTION ( 'NONE',  ( -0.9486832980505138790, -0.3162277660168379967, 0.0000000000000000000 ) ) ;
#4515 = LINE ( 'NONE', #3860, #6466 ) ;
#4516 = MECHANICAL_DESIGN_GEOMETRIC_PRESENTATION_REPRESENTATION (  '', ( #7428 ), #2026 ) ;
#4517 = FACE_OUTER_BOUND ( 'NONE', #7818, .T. ) ;
#4518 = CARTESIAN_POINT ( 'NONE',  ( 3.673686725085461013, 5.958525475814537842, 1.000000000000001776 ) ) ;
#4519 = ORIENTED_EDGE ( 'NONE', *, *, #3084, .F. ) ;
#4520 = ORIENTED_EDGE ( 'NONE', *, *, #698, .T. ) ;
#4521 = STYLED_ITEM ( 'NONE', ( #718 ), #192 ) ;
#4522 = CARTESIAN_POINT ( 'NONE',  ( -4.596194077712559611, 4.596194077712556947, 1.000000000000004663 ) ) ;
#4523 = AXIS2_PLACEMENT_3D ( 'NONE', #609, #6110, #780 ) ;
#4524 = ORIENTED_EDGE ( 'NONE', *, *, #644, .F. ) ;
#4525 = ADVANCED_FACE ( 'NONE', ( #6687 ), #7440, .F. ) ;
#4526 = CARTESIAN_POINT ( 'NONE',  ( -5.404552479966540091, 3.611206514627420372, 0.0000000000000000000 ) ) ;
#4528 = EDGE_CURVE ( 'NONE', #5295, #2249, #2020, .T. ) ;
#4527 = CARTESIAN_POINT ( 'NONE',  ( -6.911675780212117814, -1.108484510144028823, 1.000000000000002665 ) ) ;
#4529 = VECTOR ( 'NONE', #4490, 1000.000000000000000 ) ;
#4530 =( LENGTH_UNIT ( ) NAMED_UNIT ( * ) SI_UNIT ( .MILLI., .METRE. ) );
#4531 = LINE ( 'NONE', #601, #2721 ) ;
#4532 = DIRECTION ( 'NONE',  ( 0.0000000000000000000, -0.0000000000000000000, -1.000000000000000000 ) ) ;
#4533 = EDGE_LOOP ( 'NONE', ( #4724, #1834, #6210, #5055 ) ) ;
#4534 = AXIS2_PLACEMENT_3D ( 'NONE', #7147, #1187, #1228 ) ;
#4535 = VERTEX_POINT ( 'NONE', #3502 ) ;
#4536 = CARTESIAN_POINT ( 'NONE',  ( -4.596194077712559611, 4.596194077712559611, 0.0000000000000000000 ) ) ;
#4537 =( LENGTH_UNIT ( ) NAMED_UNIT ( * ) SI_UNIT ( .MILLI., .METRE. ) );
#4538 = DIRECTION ( 'NONE',  ( 0.0000000000000000000, 0.0000000000000000000, 1.000000000000000000 ) ) ;
#4539 = CARTESIAN_POINT ( 'NONE',  ( -1.199999999999999956, -7.445612346359450129, 1.199999999999999956 ) ) ;
#4540 =( GEOMETRIC_REPRESENTATION_CONTEXT ( 3 ) GLOBAL_UNCERTAINTY_ASSIGNED_CONTEXT ( ( #5643 ) ) GLOBAL_UNIT_ASSIGNED_CONTEXT ( ( #104, #158, #6705 ) ) REPRESENTATION_CONTEXT ( 'NONE', 'WORKASPACE' ) );
#4541 = DIRECTION ( 'NONE',  ( 0.0000000000000000000, 0.0000000000000000000, 1.000000000000000000 ) ) ;
#4542 = EDGE_CURVE ( 'NONE', #347, #357, #2680, .T. ) ;
#4543 = LINE ( 'NONE', #2738, #6152 ) ;
#4544 = CARTESIAN_POINT ( 'NONE',  ( 4.160000000000000142, -4.645612346359450306, 1.200000000000000178 ) ) ;
#4545 = ORIENTED_EDGE ( 'NONE', *, *, #2817, .F. ) ;
#4546 = EDGE_CURVE ( 'NONE', #1773, #389, #8245, .T. ) ;
#4547 = DIRECTION ( 'NONE',  ( -0.0000000000000000000, 0.0000000000000000000, -1.000000000000000000 ) ) ;
#4548 = ORIENTED_EDGE ( 'NONE', *, *, #867, .F. ) ;
#4549 = PRESENTATION_LAYER_ASSIGNMENT (  '', '', ( #1789 ) ) ;
#4550 = FILL_AREA_STYLE_COLOUR ( '', #4630 ) ;
#4551 = DIRECTION ( 'NONE',  ( 0.1466864298015869983, -0.9891830423698457775, 0.0000000000000000000 ) ) ;
#4552 = DIRECTION ( 'NONE',  ( -0.0000000000000000000, -0.0000000000000000000, -1.000000000000000000 ) ) ;
#4553 = DIRECTION ( 'NONE',  ( 1.000000000000000000, 0.0000000000000000000, 0.0000000000000000000 ) ) ;
#4554 = EDGE_LOOP ( 'NONE', ( #3071, #861, #675, #7982 ) ) ;
#4555 = ORIENTED_EDGE ( 'NONE', *, *, #1849, .F. ) ;
#4556 = ADVANCED_FACE ( 'NONE', ( #2327 ), #2403, .F. ) ;
#4557 =( NAMED_UNIT ( * ) PLANE_ANGLE_UNIT ( ) SI_UNIT ( $, .RADIAN. ) );
#4558 = CARTESIAN_POINT ( 'NONE',  ( 0.0000000000000000000, 0.0000000000000000000, 2.700000000000000178 ) ) ;
#4559 = STYLED_ITEM ( 'NONE', ( #1490 ), #1371 ) ;
#4560 = LINE ( 'NONE', #5069, #7299 ) ;
#4561 = CARTESIAN_POINT ( 'NONE',  ( 0.0000000000000000000, 0.0000000000000000000, 0.0000000000000000000 ) ) ;
#4562 = DIRECTION ( 'NONE',  ( 1.000000000000000000, 0.0000000000000000000, 0.0000000000000000000 ) ) ;
#4563 = ORIENTED_EDGE ( 'NONE', *, *, #4945, .F. ) ;
#4564 = ORIENTED_EDGE ( 'NONE', *, *, #7475, .F. ) ;
#4565 = CIRCLE ( 'NONE', #7877, 0.5000000000000004441 ) ;
#4566 = ORIENTED_EDGE ( 'NONE', *, *, #6077, .T. ) ;
#4567 = DIRECTION ( 'NONE',  ( 0.0000000000000000000, 0.0000000000000000000, 1.000000000000000000 ) ) ;
#4568 = CYLINDRICAL_SURFACE ( 'NONE', #5425, 0.5999999999999998668 ) ;
#4569 = VECTOR ( 'NONE', #6729, 1000.000000000000114 ) ;
#4570 = CARTESIAN_POINT ( 'NONE',  ( 0.0000000000000000000, -0.5000000000000000000, 2.200000000000000178 ) ) ;
#4571 = DIRECTION ( 'NONE',  ( 0.0000000000000000000, 1.000000000000000000, 0.0000000000000000000 ) ) ;
#4572 = EDGE_CURVE ( 'NONE', #151, #497, #6327, .T. ) ;
#4573 = ORIENTED_EDGE ( 'NONE', *, *, #3191, .T. ) ;
#4574 = EDGE_CURVE ( 'NONE', #1409, #5576, #6913, .T. ) ;
#4575 = CIRCLE ( 'NONE', #5550, 0.5000000000000000000 ) ;
#4576 = AXIS2_PLACEMENT_3D ( 'NONE', #6020, #1911, #7349 ) ;
#4577 = DIRECTION ( 'NONE',  ( -0.0000000000000000000, -0.0000000000000000000, -1.000000000000000000 ) ) ;
#4578 = ORIENTED_EDGE ( 'NONE', *, *, #7348, .F. ) ;
#4579 = UNCERTAINTY_MEASURE_WITH_UNIT (LENGTH_MEASURE( 1.000000000000000082E-05 ), #6909, 'distance_accuracy_value', 'NONE');
#4580 = SURFACE_SIDE_STYLE ('',( #6602 ) ) ;
#4581 =( LENGTH_UNIT ( ) NAMED_UNIT ( * ) SI_UNIT ( .MILLI., .METRE. ) );
#4582 = EDGE_CURVE ( 'NONE', #298, #1531, #4482, .T. ) ;
#4583 = FILL_AREA_STYLE ('',( #2778 ) ) ;
#4584 = DIRECTION ( 'NONE',  ( -0.6419174614941403068, -0.7667737427878703604, 0.0000000000000000000 ) ) ;
#4585 = DIRECTION ( 'NONE',  ( 0.6552017413601290974, -0.7554539549957062228, 0.0000000000000000000 ) ) ;
#4586 = VERTEX_POINT ( 'NONE', #4354 ) ;
#4587 = CYLINDRICAL_SURFACE ( 'NONE', #4622, 1.000000000000000000 ) ;
#4588 = DIRECTION ( 'NONE',  ( 0.0000000000000000000, 0.0000000000000000000, 1.000000000000000000 ) ) ;
#4589 =( NAMED_UNIT ( * ) PLANE_ANGLE_UNIT ( ) SI_UNIT ( $, .RADIAN. ) );
#4590 = FILL_AREA_STYLE ('',( #622 ) ) ;
#4591 = FACE_OUTER_BOUND ( 'NONE', #3693, .T. ) ;
#4592 = CARTESIAN_POINT ( 'NONE',  ( 6.375104322620998687, -1.268087093104838470, 1.156482317317871331E-15 ) ) ;
#4593 = FACE_OUTER_BOUND ( 'NONE', #951, .T. ) ;
#4594 = DIRECTION ( 'NONE',  ( -0.9584966580880915910, 0.2851037643279368261, -0.0000000000000000000 ) ) ;
#4595 = ORIENTED_EDGE ( 'NONE', *, *, #3550, .T. ) ;
#4596 = VERTEX_POINT ( 'NONE', #5531 ) ;
#4597 = CARTESIAN_POINT ( 'NONE',  ( -4.900000000000000355, 0.0000000000000000000, 2.200000000000000178 ) ) ;
#4598 = LINE ( 'NONE', #79, #43 ) ;
#4599 = EDGE_CURVE ( 'NONE', #3681, #688, #3704, .T. ) ;
#4600 = EDGE_CURVE ( 'NONE', #3846, #1472, #6871, .T. ) ;
#4601 = DIRECTION ( 'NONE',  ( 0.4761606815806371240, 0.8793582917768292262, 0.0000000000000000000 ) ) ;
#4602 = VECTOR ( 'NONE', #6673, 1000.000000000000114 ) ;
#4603 =( LENGTH_UNIT ( ) NAMED_UNIT ( * ) SI_UNIT ( .MILLI., .METRE. ) );
#4604 =( LENGTH_UNIT ( ) NAMED_UNIT ( * ) SI_UNIT ( .MILLI., .METRE. ) );
#4605 = ORIENTED_EDGE ( 'NONE', *, *, #5093, .T. ) ;
#4606 = EDGE_LOOP ( 'NONE', ( #3271, #4564, #1660, #3129, #2947, #3425 ) ) ;
#4607 = LINE ( 'NONE', #6137, #1592 ) ;
#4608 = ORIENTED_EDGE ( 'NONE', *, *, #4147, .F. ) ;
#4609 = DIRECTION ( 'NONE',  ( -1.000000000000000000, -5.465713352000769978E-16, 0.0000000000000000000 ) ) ;
#4610 = AXIS2_PLACEMENT_3D ( 'NONE', #496, #7758, #5641 ) ;
#4611 = ADVANCED_FACE ( 'NONE', ( #1613 ), #4223, .T. ) ;
#4612 = AXIS2_PLACEMENT_3D ( 'NONE', #6872, #5743, #2284 ) ;
#4613 = EDGE_CURVE ( 'NONE', #2362, #3767, #3188, .T. ) ;
#4614 = PLANE ( 'NONE',  #1420 ) ;
#4615 =( NAMED_UNIT ( * ) SI_UNIT ( $, .STERADIAN. ) SOLID_ANGLE_UNIT ( ) );
#4616 = LINE ( 'NONE', #5271, #4986 ) ;
#4617 = STYLED_ITEM ( 'NONE', ( #8061 ), #3979 ) ;
#4618 = VECTOR ( 'NONE', #7622, 1000.000000000000000 ) ;
#4619 = VERTEX_POINT ( 'NONE', #8405 ) ;
#4620 = DIRECTION ( 'NONE',  ( -0.0000000000000000000, -0.0000000000000000000, -1.000000000000000000 ) ) ;
#4621 = PLANE ( 'NONE',  #2014 ) ;
#4622 = AXIS2_PLACEMENT_3D ( 'NONE', #7969, #7923, #2506 ) ;
#4623 = SURFACE_STYLE_USAGE ( .BOTH. , #1986 ) ;
#4624 =( GEOMETRIC_REPRESENTATION_CONTEXT ( 3 ) GLOBAL_UNCERTAINTY_ASSIGNED_CONTEXT ( ( #7868 ) ) GLOBAL_UNIT_ASSIGNED_CONTEXT ( ( #177, #1439, #2144 ) ) REPRESENTATION_CONTEXT ( 'NONE', 'WORKASPACE' ) );
#4625 = EDGE_CURVE ( 'NONE', #4979, #2630, #7812, .T. ) ;
#4626 = DIRECTION ( 'NONE',  ( 0.6552017413601290974, -0.7554539549957062228, -0.0000000000000000000 ) ) ;
#4627 = DIRECTION ( 'NONE',  ( 1.000000000000000000, 0.0000000000000000000, 0.0000000000000000000 ) ) ;
#4628 = SURFACE_SIDE_STYLE ('',( #3889 ) ) ;
#4629 = DIRECTION ( 'NONE',  ( -0.0000000000000000000, -0.0000000000000000000, 1.000000000000000000 ) ) ;
#4630 = COLOUR_RGB ( '',0.1529411764705882470, 0.1529411764705882470, 0.1529411764705882470 ) ;
#4631 = EDGE_LOOP ( 'NONE', ( #7943, #4524, #8352, #660 ) ) ;
#4632 = CARTESIAN_POINT ( 'NONE',  ( 0.5000000000000000000, -7.500000000000000000, 1.000000000000003553 ) ) ;
#4633 = ORIENTED_EDGE ( 'NONE', *, *, #4868, .T. ) ;
#4634 = EDGE_CURVE ( 'NONE', #6590, #5159, #6699, .T. ) ;
#4635 = CARTESIAN_POINT ( 'NONE',  ( -3.500000000000000000, -7.445612346359445688, 4.200000000000000178 ) ) ;
#4636 = SURFACE_STYLE_FILL_AREA ( #4590 ) ;
#4637 = CYLINDRICAL_SURFACE ( 'NONE', #346, 0.5000000000000000000 ) ;
#4638 = STYLED_ITEM ( 'NONE', ( #1376 ), #6436 ) ;
#4639 =( NAMED_UNIT ( * ) SI_UNIT ( $, .STERADIAN. ) SOLID_ANGLE_UNIT ( ) );
#4640 = PRESENTATION_STYLE_ASSIGNMENT (( #2040 ) ) ;
#4641 = ORIENTED_EDGE ( 'NONE', *, *, #3888, .T. ) ;
#4642 = MECHANICAL_DESIGN_GEOMETRIC_PRESENTATION_REPRESENTATION (  '', ( #3546 ), #6423 ) ;
#4643 = PLANE ( 'NONE',  #255 ) ;
#4644 = VERTEX_POINT ( 'NONE', #7155 ) ;
#4645 = MECHANICAL_DESIGN_GEOMETRIC_PRESENTATION_REPRESENTATION (  '', ( #3402 ), #2996 ) ;
#4646 = SURFACE_STYLE_FILL_AREA ( #7418 ) ;
#4647 = LINE ( 'NONE', #5428, #6894 ) ;
#4648 = LINE ( 'NONE', #7895, #3680 ) ;
#4649 = ORIENTED_EDGE ( 'NONE', *, *, #7693, .F. ) ;
#4650 = EDGE_CURVE ( 'NONE', #1310, #4586, #2713, .T. ) ;
#4651 = VERTEX_POINT ( 'NONE', #5742 ) ;
#4652 = LINE ( 'NONE', #3273, #6256 ) ;
#4653 = ORIENTED_EDGE ( 'NONE', *, *, #1343, .T. ) ;
#4654 = EDGE_CURVE ( 'NONE', #3970, #4270, #6464, .T. ) ;
#4655 = FILL_AREA_STYLE_COLOUR ( '', #3400 ) ;
#4656 = CIRCLE ( 'NONE', #3284, 1.000000000000000000 ) ;
#4657 = PRESENTATION_STYLE_ASSIGNMENT (( #126 ) ) ;
#4658 = SURFACE_SIDE_STYLE ('',( #1896 ) ) ;
#4659 = PLANE ( 'NONE',  #6418 ) ;
#4660 = DIRECTION ( 'NONE',  ( 0.0000000000000000000, 0.0000000000000000000, 1.000000000000000000 ) ) ;
#4661 =( NAMED_UNIT ( * ) SI_UNIT ( $, .STERADIAN. ) SOLID_ANGLE_UNIT ( ) );
#4662 = VECTOR ( 'NONE', #8179, 1000.000000000000114 ) ;
#4663 = VERTEX_POINT ( 'NONE', #5078 ) ;
#4664 = EDGE_CURVE ( 'NONE', #5549, #6136, #507, .T. ) ;
#4665 = ORIENTED_EDGE ( 'NONE', *, *, #3630, .F. ) ;
#4666 = UNCERTAINTY_MEASURE_WITH_UNIT (LENGTH_MEASURE( 1.000000000000000082E-05 ), #5284, 'distance_accuracy_value', 'NONE');
#4667 = LINE ( 'NONE', #95, #2857 ) ;
#4668 = VECTOR ( 'NONE', #8289, 1000.000000000000000 ) ;
#4669 =( NAMED_UNIT ( * ) PLANE_ANGLE_UNIT ( ) SI_UNIT ( $, .RADIAN. ) );
#4670 = DIRECTION ( 'NONE',  ( 0.0000000000000000000, 0.0000000000000000000, 1.000000000000000000 ) ) ;
#4671 = FACE_OUTER_BOUND ( 'NONE', #2017, .T. ) ;
#4672 = CARTESIAN_POINT ( 'NONE',  ( 2.448161892769749937, -6.557934381098218246, 0.0000000000000000000 ) ) ;
#4673 = CARTESIAN_POINT ( 'NONE',  ( -3.500000000000000000, -7.145612346359450306, 4.200000000000000178 ) ) ;
#4674 = VERTEX_POINT ( 'NONE', #5832 ) ;
#4675 =( LENGTH_UNIT ( ) NAMED_UNIT ( * ) SI_UNIT ( .MILLI., .METRE. ) );
#4676 = ORIENTED_EDGE ( 'NONE', *, *, #8417, .F. ) ;
#4677 = DIRECTION ( 'NONE',  ( 4.934324553889580036E-17, 0.0000000000000000000, -1.000000000000000000 ) ) ;
#4678 = AXIS2_PLACEMENT_3D ( 'NONE', #1275, #5823, #3223 ) ;
#4679 = CARTESIAN_POINT ( 'NONE',  ( -0.5000000000000002220, -5.495612346359449951, 1.199999999999999956 ) ) ;
#4680 = DIRECTION ( 'NONE',  ( -0.0000000000000000000, 1.000000000000000000, 0.0000000000000000000 ) ) ;
#4681 = CARTESIAN_POINT ( 'NONE',  ( 0.0000000000000000000, 0.0000000000000000000, 0.0000000000000000000 ) ) ;
#4682 = VERTEX_POINT ( 'NONE', #550 ) ;
#4683 = VECTOR ( 'NONE', #254, 1000.000000000000000 ) ;
#4684 = CARTESIAN_POINT ( 'NONE',  ( 5.450000000000000178, 0.0000000000000000000, 2.699999999999999734 ) ) ;
#4685 = ORIENTED_EDGE ( 'NONE', *, *, #3202, .T. ) ;
#4686 = DIRECTION ( 'NONE',  ( 0.0000000000000000000, 1.000000000000000000, -0.0000000000000000000 ) ) ;
#4687 =( NAMED_UNIT ( * ) SI_UNIT ( $, .STERADIAN. ) SOLID_ANGLE_UNIT ( ) );
#4688 = LINE ( 'NONE', #7369, #6434 ) ;
#4689 = VERTEX_POINT ( 'NONE', #3232 ) ;
#4690 = ORIENTED_EDGE ( 'NONE', *, *, #2332, .T. ) ;
#4691 = EDGE_LOOP ( 'NONE', ( #881, #477, #8465, #6482 ) ) ;
#4692 = DIRECTION ( 'NONE',  ( 0.7071067811865474617, 0.7071067811865474617, 0.0000000000000000000 ) ) ;
#4693 = ORIENTED_EDGE ( 'NONE', *, *, #1405, .T. ) ;
#4694 = PRESENTATION_LAYER_ASSIGNMENT (  '', '', ( #1542 ) ) ;
#4695 = SURFACE_STYLE_USAGE ( .BOTH. , #2056 ) ;
#4696 = LINE ( 'NONE', #7336, #8280 ) ;
#4697 = CARTESIAN_POINT ( 'NONE',  ( -5.200000000000001066, -0.5000000000000000000, 2.200000000000000178 ) ) ;
#4698 = EDGE_CURVE ( 'NONE', #1422, #357, #6414, .T. ) ;
#4699 = AXIS2_PLACEMENT_3D ( 'NONE', #7476, #4218, #6731 ) ;
#4700 = VERTEX_POINT ( 'NONE', #8353 ) ;
#4701 = CARTESIAN_POINT ( 'NONE',  ( 1.268087093104830032, 6.375104322620999575, 1.000000000000003553 ) ) ;
#4702 = CARTESIAN_POINT ( 'NONE',  ( 0.0000000000000000000, 0.0000000000000000000, 0.0000000000000000000 ) ) ;
#4703 = EDGE_CURVE ( 'NONE', #5751, #2125, #6848, .T. ) ;
#4704 = CARTESIAN_POINT ( 'NONE',  ( 6.815860878403000811, -1.595004854618150114, 0.0000000000000000000 ) ) ;
#4705 = FILL_AREA_STYLE_COLOUR ( '', #3394 ) ;
#4706 = EDGE_CURVE ( 'NONE', #3378, #4270, #1285, .T. ) ;
#4707 = LINE ( 'NONE', #3376, #2927 ) ;
#4708 = EDGE_CURVE ( 'NONE', #151, #3524, #3275, .T. ) ;
#4709 = PRESENTATION_STYLE_ASSIGNMENT (( #7964 ) ) ;
#4710 =( NAMED_UNIT ( * ) PLANE_ANGLE_UNIT ( ) SI_UNIT ( $, .RADIAN. ) );
#4711 = STYLED_ITEM ( 'NONE', ( #3334 ), #1971 ) ;
#4712 = ORIENTED_EDGE ( 'NONE', *, *, #5211, .F. ) ;
#4713 = FACE_BOUND ( 'NONE', #5819, .T. ) ;
#4714 = ORIENTED_EDGE ( 'NONE', *, *, #7466, .F. ) ;
#4715 = CARTESIAN_POINT ( 'NONE',  ( -5.404552479966544531, -3.611206514627413711, 1.000000000000000000 ) ) ;
#4716 = ORIENTED_EDGE ( 'NONE', *, *, #1479, .T. ) ;
#4717 = SURFACE_STYLE_FILL_AREA ( #205 ) ;
#4718 = AXIS2_PLACEMENT_3D ( 'NONE', #7451, #1539, #2122 ) ;
#4719 = DIRECTION ( 'NONE',  ( 0.4761606815806402881, -0.8793582917768274498, 0.0000000000000000000 ) ) ;
#4720 = VECTOR ( 'NONE', #6509, 1000.000000000000114 ) ;
#4721 = ADVANCED_FACE ( 'NONE', ( #5875 ), #2, .F. ) ;
#4722 = CARTESIAN_POINT ( 'NONE',  ( 0.2478061731796294409, 6.995612346359258993, 0.0000000000000000000 ) ) ;
#4723 = SURFACE_SIDE_STYLE ('',( #7318 ) ) ;
#4724 = ORIENTED_EDGE ( 'NONE', *, *, #7466, .T. ) ;
#4725 = ORIENTED_EDGE ( 'NONE', *, *, #7571, .T. ) ;
#4726 = PRESENTATION_STYLE_ASSIGNMENT (( #8020 ) ) ;
#4727 = DIRECTION ( 'NONE',  ( 0.0000000000000000000, 0.0000000000000000000, 1.000000000000000000 ) ) ;
#4728 = ADVANCED_FACE ( 'NONE', ( #7902 ), #5222, .T. ) ;
#4729 =( NAMED_UNIT ( * ) SI_UNIT ( $, .STERADIAN. ) SOLID_ANGLE_UNIT ( ) );
#4730 = VERTEX_POINT ( 'NONE', #2445 ) ;
#4731 =( NAMED_UNIT ( * ) PLANE_ANGLE_UNIT ( ) SI_UNIT ( $, .RADIAN. ) );
#4732 = FILL_AREA_STYLE_COLOUR ( '', #3133 ) ;
#4733 = ORIENTED_EDGE ( 'NONE', *, *, #5400, .F. ) ;
#4734 =( NAMED_UNIT ( * ) PLANE_ANGLE_UNIT ( ) SI_UNIT ( $, .RADIAN. ) );
#4735 = VERTEX_POINT ( 'NONE', #7200 ) ;
#4736 =( NAMED_UNIT ( * ) SI_UNIT ( $, .STERADIAN. ) SOLID_ANGLE_UNIT ( ) );
#4737 = ORIENTED_EDGE ( 'NONE', *, *, #6554, .T. ) ;
#4738 = DIRECTION ( 'NONE',  ( -0.1120750820665309122, -0.9936997413604273799, 0.0000000000000000000 ) ) ;
#4739 = CARTESIAN_POINT ( 'NONE',  ( -6.005216961323361247, -2.487442310373079390, -7.000000000000000000 ) ) ;
#4740 = LINE ( 'NONE', #4104, #3185 ) ;
#4741 = LINE ( 'NONE', #1525, #138 ) ;
#4742 = DIRECTION ( 'NONE',  ( 0.0000000000000000000, 0.0000000000000000000, 1.000000000000000000 ) ) ;
#4743 = DIRECTION ( 'NONE',  ( 0.0000000000000000000, 0.0000000000000000000, 1.000000000000000000 ) ) ;
#4744 = VERTEX_POINT ( 'NONE', #7727 ) ;
#4745 = AXIS2_PLACEMENT_3D ( 'NONE', #4097, #373, #6725 ) ;
#4746 = CIRCLE ( 'NONE', #657, 7.000000000000000000 ) ;
#4747 =( NAMED_UNIT ( * ) PLANE_ANGLE_UNIT ( ) SI_UNIT ( $, .RADIAN. ) );
#4748 = ORIENTED_EDGE ( 'NONE', *, *, #6686, .T. ) ;
#4749 = UNCERTAINTY_MEASURE_WITH_UNIT (LENGTH_MEASURE( 1.000000000000000082E-05 ), #2909, 'distance_accuracy_value', 'NONE');
#4750 = DIRECTION ( 'NONE',  ( 1.000000000000000000, -0.0000000000000000000, 0.0000000000000000000 ) ) ;
#4751 =( LENGTH_UNIT ( ) NAMED_UNIT ( * ) SI_UNIT ( .MILLI., .METRE. ) );
#4752 = AXIS2_PLACEMENT_3D ( 'NONE', #5547, #8182, #8059 ) ;
#4753 = DIRECTION ( 'NONE',  ( 0.6552017413601290974, 0.7554539549957062228, -0.0000000000000000000 ) ) ;
#4754 = SURFACE_STYLE_USAGE ( .BOTH. , #199 ) ;
#4755 = VERTEX_POINT ( 'NONE', #1324 ) ;
#4756 = EDGE_CURVE ( 'NONE', #1, #5871, #694, .T. ) ;
#4757 = FACE_OUTER_BOUND ( 'NONE', #6469, .T. ) ;
#4758 = ORIENTED_EDGE ( 'NONE', *, *, #6578, .T. ) ;
#4759 = DIRECTION ( 'NONE',  ( -3.947459643111669945E-16, -7.894919286223330030E-16, 1.000000000000000000 ) ) ;
#4760 = VERTEX_POINT ( 'NONE', #1976 ) ;
#4761 = COLOUR_RGB ( '',0.0000000000000000000, 0.0000000000000000000, 0.0000000000000000000 ) ;
#4762 = EDGE_CURVE ( 'NONE', #1447, #3651, #7027, .T. ) ;
#4763 = PLANE ( 'NONE',  #2158 ) ;
#4764 = LINE ( 'NONE', #156, #162 ) ;
#4765 = FILL_AREA_STYLE_COLOUR ( '', #8143 ) ;
#4766 = FACE_OUTER_BOUND ( 'NONE', #3227, .T. ) ;
#4767 = FACE_OUTER_BOUND ( 'NONE', #1268, .T. ) ;
#4768 = MECHANICAL_DESIGN_GEOMETRIC_PRESENTATION_REPRESENTATION (  '', ( #531 ), #5328 ) ;
#4769 = AXIS2_PLACEMENT_3D ( 'NONE', #2036, #7315, #6234 ) ;
#4770 = CARTESIAN_POINT ( 'NONE',  ( -6.815860878403002587, 1.595004854618141232, 0.0000000000000000000 ) ) ;
#4771 = VERTEX_POINT ( 'NONE', #6365 ) ;
#4772 = ORIENTED_EDGE ( 'NONE', *, *, #7958, .F. ) ;
#4773 = EDGE_CURVE ( 'NONE', #4586, #2505, #1802, .T. ) ;
#4774 = AXIS2_PLACEMENT_3D ( 'NONE', #3829, #4431, #5789 ) ;
#4775 = SURFACE_STYLE_USAGE ( .BOTH. , #6086 ) ;
#4776 = DIRECTION ( 'NONE',  ( -0.0000000000000000000, 0.0000000000000000000, 1.000000000000000000 ) ) ;
#4777 = SURFACE_SIDE_STYLE ('',( #3491 ) ) ;
#4778 =( LENGTH_UNIT ( ) NAMED_UNIT ( * ) SI_UNIT ( .MILLI., .METRE. ) );
#4779 = EDGE_LOOP ( 'NONE', ( #6616, #7402, #8161, #4120 ) ) ;
#4780 = SURFACE_STYLE_USAGE ( .BOTH. , #1396 ) ;
#4781 = ADVANCED_FACE ( 'NONE', ( #6240 ), #1018, .T. ) ;
#4782 = ORIENTED_EDGE ( 'NONE', *, *, #8243, .F. ) ;
#4783 = DIRECTION ( 'NONE',  ( -0.8944271909999158554, -0.4472135954999579832, 0.0000000000000000000 ) ) ;
#4784 = VERTEX_POINT ( 'NONE', #1635 ) ;
#4785 = EDGE_CURVE ( 'NONE', #6626, #1956, #6132, .T. ) ;
#4786 = CARTESIAN_POINT ( 'NONE',  ( 0.5000000000000000000, -7.500000000000000000, -7.000000000000000000 ) ) ;
#4787 = DIRECTION ( 'NONE',  ( -0.9486832980505157664, -0.3162277660168317794, 0.0000000000000000000 ) ) ;
#4788 = VECTOR ( 'NONE', #7090, 1000.000000000000000 ) ;
#4789 = AXIS2_PLACEMENT_3D ( 'NONE', #7324, #1435, #2801 ) ;
#4790 = DIRECTION ( 'NONE',  ( 1.000000000000000000, -3.552713678800500929E-15, 0.0000000000000000000 ) ) ;
#4791 = PRESENTATION_STYLE_ASSIGNMENT (( #3411 ) ) ;
#4792 = DIRECTION ( 'NONE',  ( -0.0000000000000000000, -0.0000000000000000000, 1.000000000000000000 ) ) ;
#4793 = SURFACE_SIDE_STYLE ('',( #2724 ) ) ;
#4794 = ORIENTED_EDGE ( 'NONE', *, *, #743, .T. ) ;
#4795 =( GEOMETRIC_REPRESENTATION_CONTEXT ( 3 ) GLOBAL_UNCERTAINTY_ASSIGNED_CONTEXT ( ( #6289 ) ) GLOBAL_UNIT_ASSIGNED_CONTEXT ( ( #2687, #5283, #7919 ) ) REPRESENTATION_CONTEXT ( 'NONE', 'WORKASPACE' ) );
#4796 = CIRCLE ( 'NONE', #4921, 0.5999999999999998668 ) ;
#4797 = EDGE_CURVE ( 'NONE', #366, #1321, #135, .T. ) ;
#4798 = PRESENTATION_STYLE_ASSIGNMENT (( #189 ) ) ;
#4799 = ORIENTED_EDGE ( 'NONE', *, *, #3020, .T. ) ;
#4800 = DIRECTION ( 'NONE',  ( -0.0000000000000000000, -0.0000000000000000000, -1.000000000000000000 ) ) ;
#4801 = DIRECTION ( 'NONE',  ( 0.0000000000000000000, 0.0000000000000000000, 1.000000000000000000 ) ) ;
#4802 = DIRECTION ( 'NONE',  ( 0.0000000000000000000, 0.0000000000000000000, 1.000000000000000000 ) ) ;
#4803 =( NAMED_UNIT ( * ) SI_UNIT ( $, .STERADIAN. ) SOLID_ANGLE_UNIT ( ) );
#4804 =( GEOMETRIC_REPRESENTATION_CONTEXT ( 3 ) GLOBAL_UNCERTAINTY_ASSIGNED_CONTEXT ( ( #6989 ) ) GLOBAL_UNIT_ASSIGNED_CONTEXT ( ( #4604, #7237, #5996 ) ) REPRESENTATION_CONTEXT ( 'NONE', 'WORKASPACE' ) );
#4805 = DIRECTION ( 'NONE',  ( 0.0000000000000000000, 0.0000000000000000000, 1.000000000000000000 ) ) ;
#4806 = STYLED_ITEM ( 'NONE', ( #7067 ), #7439 ) ;
#4807 = FILL_AREA_STYLE_COLOUR ( '', #1893 ) ;
#4808 =( NAMED_UNIT ( * ) SI_UNIT ( $, .STERADIAN. ) SOLID_ANGLE_UNIT ( ) );
#4809 = VERTEX_POINT ( 'NONE', #2959 ) ;
#4810 = VERTEX_POINT ( 'NONE', #980 ) ;
#4811 = AXIS2_PLACEMENT_3D ( 'NONE', #2562, #4552, #5906 ) ;
#4812 = ORIENTED_EDGE ( 'NONE', *, *, #3992, .T. ) ;
#4813 = FACE_OUTER_BOUND ( 'NONE', #649, .T. ) ;
#4814 = FILL_AREA_STYLE_COLOUR ( '', #7834 ) ;
#4815 = CARTESIAN_POINT ( 'NONE',  ( -0.7500000000000000000, -1.836970198721029934E-16, 0.2500000000000000000 ) ) ;
#4816 = PRESENTATION_STYLE_ASSIGNMENT (( #2176 ) ) ;
#4817 =( GEOMETRIC_REPRESENTATION_CONTEXT ( 3 ) GLOBAL_UNCERTAINTY_ASSIGNED_CONTEXT ( ( #2103 ) ) GLOBAL_UNIT_ASSIGNED_CONTEXT ( ( #1167, #5621, #6962 ) ) REPRESENTATION_CONTEXT ( 'NONE', 'WORKASPACE' ) );
#4818 = DIRECTION ( 'NONE',  ( 1.000000000000000000, -0.0000000000000000000, 0.0000000000000000000 ) ) ;
#4819 = EDGE_CURVE ( 'NONE', #4619, #731, #2182, .T. ) ;
#4820 = ORIENTED_EDGE ( 'NONE', *, *, #5243, .F. ) ;
#4821 = VERTEX_POINT ( 'NONE', #3605 ) ;
#4822 = EDGE_CURVE ( 'NONE', #4058, #5751, #2881, .T. ) ;
#4823 = CARTESIAN_POINT ( 'NONE',  ( 6.500000000000000888, 3.252606517456513302E-16, -7.000000000000000000 ) ) ;
#4824 = MECHANICAL_DESIGN_GEOMETRIC_PRESENTATION_REPRESENTATION (  '', ( #3455 ), #6764 ) ;
#4825 = ORIENTED_EDGE ( 'NONE', *, *, #4963, .F. ) ;
#4826 = EDGE_LOOP ( 'NONE', ( #7049, #6521, #8233, #8390 ) ) ;
#4827 = DIRECTION ( 'NONE',  ( 0.0000000000000000000, 0.0000000000000000000, 1.000000000000000000 ) ) ;
#4828 =( GEOMETRIC_REPRESENTATION_CONTEXT ( 3 ) GLOBAL_UNCERTAINTY_ASSIGNED_CONTEXT ( ( #2518 ) ) GLOBAL_UNIT_ASSIGNED_CONTEXT ( ( #3566, #6758, #1010 ) ) REPRESENTATION_CONTEXT ( 'NONE', 'WORKASPACE' ) );
#4829 = SURFACE_SIDE_STYLE ('',( #1606 ) ) ;
#4830 = FACE_OUTER_BOUND ( 'NONE', #3944, .T. ) ;
#4831 = LINE ( 'NONE', #2237, #6505 ) ;
#4832 = EDGE_CURVE ( 'NONE', #7389, #7589, #7808, .T. ) ;
#4833 = ORIENTED_EDGE ( 'NONE', *, *, #1563, .T. ) ;
#4834 = AXIS2_PLACEMENT_3D ( 'NONE', #2816, #8045, #999 ) ;
#4835 =( NAMED_UNIT ( * ) SI_UNIT ( $, .STERADIAN. ) SOLID_ANGLE_UNIT ( ) );
#4836 = DIRECTION ( 'NONE',  ( -0.2851037643279335509, -0.9584966580880927012, 0.0000000000000000000 ) ) ;
#4837 = EDGE_CURVE ( 'NONE', #489, #7289, #367, .T. ) ;
#4838 = FILL_AREA_STYLE ('',( #6188 ) ) ;
#4839 = FACE_OUTER_BOUND ( 'NONE', #6967, .T. ) ;
#4840 = DIRECTION ( 'NONE',  ( 0.0000000000000000000, -1.000000000000000000, -0.0000000000000000000 ) ) ;
#4841 = EDGE_CURVE ( 'NONE', #7577, #6921, #772, .T. ) ;
#4842 = ORIENTED_EDGE ( 'NONE', *, *, #3508, .F. ) ;
#4843 = ORIENTED_EDGE ( 'NONE', *, *, #788, .F. ) ;
#4844 = STYLED_ITEM ( 'NONE', ( #1171 ), #1903 ) ;
#4845 = LINE ( 'NONE', #6834, #7665 ) ;
#4846 = VERTEX_POINT ( 'NONE', #1594 ) ;
#4847 = CARTESIAN_POINT ( 'NONE',  ( -6.911675780212116038, 1.108484510144030821, 1.000000000000001776 ) ) ;
#4848 = ADVANCED_FACE ( 'NONE', ( #4002 ), #5552, .T. ) ;
#4849 = CARTESIAN_POINT ( 'NONE',  ( 1.595004854618142565, 6.815860878403005252, -7.000000000000000000 ) ) ;
#4850 = CARTESIAN_POINT ( 'NONE',  ( 0.0000000000000000000, 0.0000000000000000000, 0.5000000000000000000 ) ) ;
#4851 = SURFACE_STYLE_USAGE ( .BOTH. , #3519 ) ;
#4852 =( GEOMETRIC_REPRESENTATION_CONTEXT ( 3 ) GLOBAL_UNCERTAINTY_ASSIGNED_CONTEXT ( ( #6321 ) ) GLOBAL_UNIT_ASSIGNED_CONTEXT ( ( #4262, #6904, #375 ) ) REPRESENTATION_CONTEXT ( 'NONE', 'WORKASPACE' ) );
#4853 = CARTESIAN_POINT ( 'NONE',  ( -6.557934381098216470, 2.448161892769747272, 0.0000000000000000000 ) ) ;
#4854 = VECTOR ( 'NONE', #6647, 1000.000000000000000 ) ;
#4855 = CARTESIAN_POINT ( 'NONE',  ( 0.0000000000000000000, -4.000000000000000000, 2.200000000000000178 ) ) ;
#4856 = ORIENTED_EDGE ( 'NONE', *, *, #353, .T. ) ;
#4857 =( NAMED_UNIT ( * ) PLANE_ANGLE_UNIT ( ) SI_UNIT ( $, .RADIAN. ) );
#4858 = ORIENTED_EDGE ( 'NONE', *, *, #7776, .F. ) ;
#4859 = CIRCLE ( 'NONE', #8294, 0.5000000000000000000 ) ;
#4860 = CIRCLE ( 'NONE', #4306, 7.000000000000000000 ) ;
#4861 = CARTESIAN_POINT ( 'NONE',  ( 4.460000000000000853, -5.495612346359449951, 1.500000000000000000 ) ) ;
#4862 = CARTESIAN_POINT ( 'NONE',  ( 6.375104322620999575, 1.268087093104830032, 0.0000000000000000000 ) ) ;
#4863 = ORIENTED_EDGE ( 'NONE', *, *, #7797, .T. ) ;
#4864 = EDGE_LOOP ( 'NONE', ( #1026, #1013, #8119, #3164 ) ) ;
#4865 = ORIENTED_EDGE ( 'NONE', *, *, #2992, .T. ) ;
#4866 = DIRECTION ( 'NONE',  ( 0.0000000000000000000, 0.0000000000000000000, 1.000000000000000000 ) ) ;
#4867 = VERTEX_POINT ( 'NONE', #8146 ) ;
#4868 = EDGE_CURVE ( 'NONE', #563, #837, #6029, .T. ) ;
#4869 = EDGE_CURVE ( 'NONE', #2805, #6254, #8103, .T. ) ;
#4870 = PLANE ( 'NONE',  #7450 ) ;
#4871 = PLANE ( 'NONE',  #6355 ) ;
#4872 = VERTEX_POINT ( 'NONE', #7465 ) ;
#4873 =( NAMED_UNIT ( * ) SI_UNIT ( $, .STERADIAN. ) SOLID_ANGLE_UNIT ( ) );
#4874 = PRESENTATION_LAYER_ASSIGNMENT (  '', '', ( #3760 ) ) ;
#4875 = EDGE_CURVE ( 'NONE', #8090, #6412, #3321, .T. ) ;
#4876 = SHAPE_DEFINITION_REPRESENTATION ( #6207, #757 ) ;
#4877 = LINE ( 'NONE', #916, #6912 ) ;
#4878 = SURFACE_SIDE_STYLE ('',( #2940 ) ) ;
#4879 = PRESENTATION_LAYER_ASSIGNMENT (  '', '', ( #2397 ) ) ;
#4880 = ORIENTED_EDGE ( 'NONE', *, *, #7131, .F. ) ;
#4881 = LINE ( 'NONE', #7576, #5438 ) ;
#4882 = ORIENTED_EDGE ( 'NONE', *, *, #4029, .F. ) ;
#4883 = ORIENTED_EDGE ( 'NONE', *, *, #5803, .T. ) ;
#4884 = EDGE_CURVE ( 'NONE', #8216, #366, #1552, .T. ) ;
#4885 = DIRECTION ( 'NONE',  ( 0.0000000000000000000, 0.0000000000000000000, 1.000000000000000000 ) ) ;
#4886 = AXIS2_PLACEMENT_3D ( 'NONE', #6036, #7503, #1591 ) ;
#4887 = CARTESIAN_POINT ( 'NONE',  ( 4.949747468305830012, 5.656854249492379694, 1.000000000000003553 ) ) ;
#4888 = AXIS2_PLACEMENT_3D ( 'NONE', #3377, #1912, #5372 ) ;
#4889 = CARTESIAN_POINT ( 'NONE',  ( 5.404552479966540091, 3.611206514627410158, -7.000000000000000000 ) ) ;
#4890 = CARTESIAN_POINT ( 'NONE',  ( -0.2478061731796254163, 6.995612346359257216, 0.0000000000000000000 ) ) ;
#4891 = FILL_AREA_STYLE_COLOUR ( '', #6003 ) ;
#4892 = MECHANICAL_DESIGN_GEOMETRIC_PRESENTATION_REPRESENTATION (  '', ( #2408 ), #4624 ) ;
#4893 = ORIENTED_EDGE ( 'NONE', *, *, #49, .T. ) ;
#4894 = EDGE_CURVE ( 'NONE', #2580, #6867, #87, .T. ) ;
#4895 = ORIENTED_EDGE ( 'NONE', *, *, #4179, .F. ) ;
#4896 = DIRECTION ( 'NONE',  ( 0.0000000000000000000, 0.0000000000000000000, 1.000000000000000000 ) ) ;
#4897 = DIRECTION ( 'NONE',  ( 0.9974842088126424366, -0.07088902009067907239, 0.0000000000000000000 ) ) ;
#4898 = COLOUR_RGB ( '',0.1529411764705882470, 0.1529411764705882470, 0.1529411764705882470 ) ;
#4899 = DIRECTION ( 'NONE',  ( 0.0000000000000000000, 0.0000000000000000000, 1.000000000000000000 ) ) ;
#4900 = DIRECTION ( 'NONE',  ( 1.000000000000000000, 0.0000000000000000000, 0.0000000000000000000 ) ) ;
#4901 = ORIENTED_EDGE ( 'NONE', *, *, #1562, .F. ) ;
#4902 = ORIENTED_EDGE ( 'NONE', *, *, #6675, .F. ) ;
#4903 = VECTOR ( 'NONE', #5933, 1000.000000000000000 ) ;
#4904 = LINE ( 'NONE', #8029, #2672 ) ;
#4905 = ORIENTED_EDGE ( 'NONE', *, *, #484, .T. ) ;
#4906 = PLANE ( 'NONE',  #6742 ) ;
#4907 = DIRECTION ( 'NONE',  ( 0.0000000000000000000, 0.0000000000000000000, 1.000000000000000000 ) ) ;
#4908 = VECTOR ( 'NONE', #4896, 1000.000000000000000 ) ;
#4909 = ADVANCED_FACE ( 'NONE', ( #7505 ), #3571, .F. ) ;
#4910 = ORIENTED_EDGE ( 'NONE', *, *, #5982, .T. ) ;
#4911 = CARTESIAN_POINT ( 'NONE',  ( -5.404552479966540091, 3.611206514627419928, -7.000000000000000000 ) ) ;
#4912 = VECTOR ( 'NONE', #3775, 1000.000000000000000 ) ;
#4913 = VERTEX_POINT ( 'NONE', #716 ) ;
#4914 = UNCERTAINTY_MEASURE_WITH_UNIT (LENGTH_MEASURE( 1.000000000000000082E-05 ), #5071, 'distance_accuracy_value', 'NONE');
#4915 = CIRCLE ( 'NONE', #4789, 7.000000000000000000 ) ;
#4916 = FACE_OUTER_BOUND ( 'NONE', #537, .T. ) ;
#4917 = FILL_AREA_STYLE_COLOUR ( '', #965 ) ;
#4918 = FACE_OUTER_BOUND ( 'NONE', #5774, .T. ) ;
#4919 = DIRECTION ( 'NONE',  ( 1.000000000000000000, 0.0000000000000000000, 0.0000000000000000000 ) ) ;
#4920 = VECTOR ( 'NONE', #5827, 1000.000000000000114 ) ;
#4921 = AXIS2_PLACEMENT_3D ( 'NONE', #3260, #2561, #5905 ) ;
#4922 = EDGE_CURVE ( 'NONE', #840, #1612, #5143, .T. ) ;
#4923 = DIRECTION ( 'NONE',  ( -1.000000000000000000, -0.0000000000000000000, -0.0000000000000000000 ) ) ;
#4924 = ORIENTED_EDGE ( 'NONE', *, *, #6153, .T. ) ;
#4925 =( NAMED_UNIT ( * ) SI_UNIT ( $, .STERADIAN. ) SOLID_ANGLE_UNIT ( ) );
#4926 = ORIENTED_EDGE ( 'NONE', *, *, #6162, .F. ) ;
#4927 = CARTESIAN_POINT ( 'NONE',  ( 0.0000000000000000000, -6.500000000000000888, -7.000000000000000000 ) ) ;
#4928 = VECTOR ( 'NONE', #3167, 1000.000000000000000 ) ;
#4929 = CARTESIAN_POINT ( 'NONE',  ( -6.375104322620999575, 1.268087093104830032, 0.0000000000000000000 ) ) ;
#4930 =( GEOMETRIC_REPRESENTATION_CONTEXT ( 3 ) GLOBAL_UNCERTAINTY_ASSIGNED_CONTEXT ( ( #6914 ) ) GLOBAL_UNIT_ASSIGNED_CONTEXT ( ( #7672, #4504, #1139 ) ) REPRESENTATION_CONTEXT ( 'NONE', 'WORKASPACE' ) );
#4931 = SURFACE_SIDE_STYLE ('',( #4129 ) ) ;
#4932 =( LENGTH_UNIT ( ) NAMED_UNIT ( * ) SI_UNIT ( .MILLI., .METRE. ) );
#4933 = DIRECTION ( 'NONE',  ( -0.1466864298015879697, 0.9891830423698456665, 0.0000000000000000000 ) ) ;
#4934 = CIRCLE ( 'NONE', #5217, 0.5000000000000000000 ) ;
#4935 = VECTOR ( 'NONE', #4408, 1000.000000000000000 ) ;
#4936 = VERTEX_POINT ( 'NONE', #3297 ) ;
#4937 = DIRECTION ( 'NONE',  ( 0.0000000000000000000, -0.0000000000000000000, -1.000000000000000000 ) ) ;
#4938 = ORIENTED_EDGE ( 'NONE', *, *, #6884, .T. ) ;
#4939 =( NAMED_UNIT ( * ) PLANE_ANGLE_UNIT ( ) SI_UNIT ( $, .RADIAN. ) );
#4940 = AXIS2_PLACEMENT_3D ( 'NONE', #1129, #5046, #7701 ) ;
#4941 = DIRECTION ( 'NONE',  ( 0.0000000000000000000, 0.0000000000000000000, 1.000000000000000000 ) ) ;
#4942 = EDGE_CURVE ( 'NONE', #3484, #3730, #7925, .T. ) ;
#4943 = LINE ( 'NONE', #2920, #8356 ) ;
#4944 = CARTESIAN_POINT ( 'NONE',  ( -3.800000000000000711, -5.645612346359450306, 1.200000000000000622 ) ) ;
#4945 = EDGE_CURVE ( 'NONE', #5925, #8478, #101, .T. ) ;
#4946 = EDGE_LOOP ( 'NONE', ( #2741, #5412, #240, #7798 ) ) ;
#4947 = VERTEX_POINT ( 'NONE', #7972 ) ;
#4948 = MECHANICAL_DESIGN_GEOMETRIC_PRESENTATION_REPRESENTATION (  '', ( #864 ), #7010 ) ;
#4949 = ORIENTED_EDGE ( 'NONE', *, *, #5070, .T. ) ;
#4950 = DIRECTION ( 'NONE',  ( 0.0000000000000000000, 0.0000000000000000000, 1.000000000000000000 ) ) ;
#4951 = ORIENTED_EDGE ( 'NONE', *, *, #2867, .T. ) ;
#4952 = COLOUR_RGB ( '',0.7490196078431372584, 0.7490196078431372584, 0.7490196078431372584 ) ;
#4953 = EDGE_CURVE ( 'NONE', #6218, #8304, #791, .T. ) ;
#4954 = SURFACE_STYLE_FILL_AREA ( #3106 ) ;
#4955 = DIRECTION ( 'NONE',  ( -0.9891830423698456665, 0.1466864298015879697, 0.0000000000000000000 ) ) ;
#4956 = DIRECTION ( 'NONE',  ( 1.000000000000000000, 0.0000000000000000000, 0.0000000000000000000 ) ) ;
#4957 = FILL_AREA_STYLE_COLOUR ( '', #1383 ) ;
#4958 = COLOUR_RGB ( '',0.0000000000000000000, 0.0000000000000000000, 0.0000000000000000000 ) ;
#4959 = CARTESIAN_POINT ( 'NONE',  ( 3.611206514627412378, -5.404552479966545420, 1.000000000000000000 ) ) ;
#4960 = ORIENTED_EDGE ( 'NONE', *, *, #724, .T. ) ;
#4961 = ORIENTED_EDGE ( 'NONE', *, *, #1881, .F. ) ;
#4962 = DIRECTION ( 'NONE',  ( -0.8031810063152047263, -0.5957350678737109995, 0.0000000000000000000 ) ) ;
#4963 = EDGE_CURVE ( 'NONE', #372, #1688, #1498, .T. ) ;
#4964 = ADVANCED_FACE ( 'NONE', ( #6837 ), #4763, .F. ) ;
#4965 = LINE ( 'NONE', #7704, #4275 ) ;
#4966 = SURFACE_STYLE_FILL_AREA ( #2419 ) ;
#4967 = DIRECTION ( 'NONE',  ( -1.000000000000000000, -0.0000000000000000000, -0.0000000000000000000 ) ) ;
#4968 = VECTOR ( 'NONE', #2512, 1000.000000000000114 ) ;
#4969 = ORIENTED_EDGE ( 'NONE', *, *, #2894, .T. ) ;
#4970 = FILL_AREA_STYLE ('',( #5761 ) ) ;
#4971 = VERTEX_POINT ( 'NONE', #1460 ) ;
#4972 = MECHANICAL_DESIGN_GEOMETRIC_PRESENTATION_REPRESENTATION (  '', ( #3058 ), #1163 ) ;
#4973 = ADVANCED_FACE ( 'NONE', ( #4813 ), #2871, .T. ) ;
#4974 = MECHANICAL_DESIGN_GEOMETRIC_PRESENTATION_REPRESENTATION (  '', ( #6788 ), #1300 ) ;
#4975 = CARTESIAN_POINT ( 'NONE',  ( 6.375104322620999575, -1.268087093104840024, 0.0000000000000000000 ) ) ;
#4976 = DIRECTION ( 'NONE',  ( -0.7667737427878703604, 0.6419174614941403068, -0.0000000000000000000 ) ) ;
#4977 = VERTEX_POINT ( 'NONE', #4847 ) ;
#4978 = AXIS2_PLACEMENT_3D ( 'NONE', #8379, #5851, #5805 ) ;
#4979 = VERTEX_POINT ( 'NONE', #4197 ) ;
#4980 = CARTESIAN_POINT ( 'NONE',  ( -4.500000000000000888, -5.495612346359449951, 1.500000000000000000 ) ) ;
#4981 = ORIENTED_EDGE ( 'NONE', *, *, #7728, .T. ) ;
#4983 = ADVANCED_FACE ( 'NONE', ( #6198 ), #2251, .F. ) ;
#4982 = CYLINDRICAL_SURFACE ( 'NONE', #7890, 1.000000000000000000 ) ;
#4984 = DIRECTION ( 'NONE',  ( 0.0000000000000000000, 0.0000000000000000000, 1.000000000000000000 ) ) ;
#4985 = CARTESIAN_POINT ( 'NONE',  ( 0.0000000000000000000, 0.0000000000000000000, 2.200000000000000178 ) ) ;
#4986 = VECTOR ( 'NONE', #5172, 1000.000000000000114 ) ;
#4987 = SURFACE_STYLE_USAGE ( .BOTH. , #3700 ) ;
#4988 = VERTEX_POINT ( 'NONE', #2297 ) ;
#4989 = ADVANCED_FACE ( 'NONE', ( #4407 ), #5002, .F. ) ;
#4990 = CARTESIAN_POINT ( 'NONE',  ( -3.500000000000000000, 0.0000000000000000000, 2.200000000000000178 ) ) ;
#4991 = UNCERTAINTY_MEASURE_WITH_UNIT (LENGTH_MEASURE( 1.000000000000000082E-05 ), #3834, 'distance_accuracy_value', 'NONE');
#4992 =( NAMED_UNIT ( * ) SI_UNIT ( $, .STERADIAN. ) SOLID_ANGLE_UNIT ( ) );
#4993 = DIRECTION ( 'NONE',  ( 1.000000000000000000, 0.0000000000000000000, 0.0000000000000000000 ) ) ;
#4994 = PLANE ( 'NONE',  #5659 ) ;
#4995 = DIRECTION ( 'NONE',  ( 0.0000000000000000000, -1.000000000000000000, 0.0000000000000000000 ) ) ;
#4996 = CARTESIAN_POINT ( 'NONE',  ( -4.000000000000000000, -5.495612346359449951, 1.500000000000000000 ) ) ;
#4997 = LINE ( 'NONE', #2333, #1645 ) ;
#4998 = FACE_OUTER_BOUND ( 'NONE', #4631, .T. ) ;
#4999 = VERTEX_POINT ( 'NONE', #7033 ) ;
#5000 = FACE_OUTER_BOUND ( 'NONE', #3061, .T. ) ;
#5001 = VERTEX_POINT ( 'NONE', #5045 ) ;
#5002 = CYLINDRICAL_SURFACE ( 'NONE', #1230, 0.5000000000000000000 ) ;
#5003 = CARTESIAN_POINT ( 'NONE',  ( 1.199999999999999956, -7.145612346359450306, 1.500000000000000222 ) ) ;
#5004 = CYLINDRICAL_SURFACE ( 'NONE', #2625, 7.000000000000000000 ) ;
#5005 = DIRECTION ( 'NONE',  ( 0.9584966580880915910, -0.2851037643279368261, -0.0000000000000000000 ) ) ;
#5006 =( GEOMETRIC_REPRESENTATION_CONTEXT ( 3 ) GLOBAL_UNCERTAINTY_ASSIGNED_CONTEXT ( ( #76 ) ) GLOBAL_UNIT_ASSIGNED_CONTEXT ( ( #6411, #4192, #506 ) ) REPRESENTATION_CONTEXT ( 'NONE', 'WORKASPACE' ) );
#5007 = SURFACE_SIDE_STYLE ('',( #3039 ) ) ;
#5008 = ORIENTED_EDGE ( 'NONE', *, *, #5242, .T. ) ;
#5009 = EDGE_CURVE ( 'NONE', #1143, #839, #7700, .T. ) ;
#5010 = FILL_AREA_STYLE_COLOUR ( '', #6002 ) ;
#5011 = VECTOR ( 'NONE', #678, 1000.000000000000000 ) ;
#5012 = ORIENTED_EDGE ( 'NONE', *, *, #1930, .T. ) ;
#5013 = CIRCLE ( 'NONE', #4462, 7.000000000000000000 ) ;
#5014 =( LENGTH_UNIT ( ) NAMED_UNIT ( * ) SI_UNIT ( .MILLI., .METRE. ) );
#5015 = CARTESIAN_POINT ( 'NONE',  ( 0.0000000000000000000, -4.645612346359450306, 0.0000000000000000000 ) ) ;
#5016 = STYLED_ITEM ( 'NONE', ( #5193 ), #4161 ) ;
#5017 = DIRECTION ( 'NONE',  ( 0.7071067811865474617, 0.7071067811865474617, 0.0000000000000000000 ) ) ;
#5018 = SURFACE_STYLE_USAGE ( .BOTH. , #5200 ) ;
#5019 = ORIENTED_EDGE ( 'NONE', *, *, #140, .F. ) ;
#5020 = EDGE_LOOP ( 'NONE', ( #6601, #7666, #3486, #4460 ) ) ;
#5021 = EDGE_CURVE ( 'NONE', #516, #2517, #520, .T. ) ;
#5022 = DIRECTION ( 'NONE',  ( 0.0000000000000000000, -1.000000000000000000, -0.0000000000000000000 ) ) ;
#5023 = ORIENTED_EDGE ( 'NONE', *, *, #5737, .T. ) ;
#5024 = UNCERTAINTY_MEASURE_WITH_UNIT (LENGTH_MEASURE( 1.000000000000000082E-05 ), #4187, 'distance_accuracy_value', 'NONE');
#5025 = COLOUR_RGB ( '',0.1529411764705882470, 0.1529411764705882470, 0.1529411764705882470 ) ;
#5026 = VECTOR ( 'NONE', #6091, 1000.000000000000114 ) ;
#5027 = SURFACE_STYLE_FILL_AREA ( #3180 ) ;
#5028 = PRESENTATION_STYLE_ASSIGNMENT (( #5247 ) ) ;
#5029 = SURFACE_STYLE_FILL_AREA ( #8276 ) ;
#5030 = DIRECTION ( 'NONE',  ( 0.8793582917768288931, 0.4761606815806379567, -0.0000000000000000000 ) ) ;
#5031 = VECTOR ( 'NONE', #2591, 1000.000000000000000 ) ;
#5032 = MECHANICAL_DESIGN_GEOMETRIC_PRESENTATION_REPRESENTATION (  '', ( #8335 ), #130 ) ;
#5033 = ORIENTED_EDGE ( 'NONE', *, *, #7475, .T. ) ;
#5034 = SURFACE_STYLE_USAGE ( .BOTH. , #5693 ) ;
#5035 = FILL_AREA_STYLE_COLOUR ( '', #941 ) ;
#5036 = VECTOR ( 'NONE', #3738, 1000.000000000000114 ) ;
#5037 = VECTOR ( 'NONE', #3753, 1000.000000000000000 ) ;
#5038 = CARTESIAN_POINT ( 'NONE',  ( 0.0000000000000000000, 0.0000000000000000000, 1.199999999999999956 ) ) ;
#5039 = DIRECTION ( 'NONE',  ( 0.0000000000000000000, -1.000000000000000000, -0.0000000000000000000 ) ) ;
#5040 = ORIENTED_EDGE ( 'NONE', *, *, #470, .T. ) ;
#5041 = EDGE_CURVE ( 'NONE', #1558, #4644, #3750, .T. ) ;
#5042 =( GEOMETRIC_REPRESENTATION_CONTEXT ( 3 ) GLOBAL_UNCERTAINTY_ASSIGNED_CONTEXT ( ( #2065 ) ) GLOBAL_UNIT_ASSIGNED_CONTEXT ( ( #2171, #3514, #4075 ) ) REPRESENTATION_CONTEXT ( 'NONE', 'WORKASPACE' ) );
#5043 = CARTESIAN_POINT ( 'NONE',  ( -5.121870354138168935, -4.771419503187763311, -7.000000000000000000 ) ) ;
#5044 = ORIENTED_EDGE ( 'NONE', *, *, #7296, .T. ) ;
#5045 = CARTESIAN_POINT ( 'NONE',  ( 6.995612346359258105, -0.2478061731796279699, 0.0000000000000000000 ) ) ;
#5046 = DIRECTION ( 'NONE',  ( -0.0000000000000000000, -0.0000000000000000000, -1.000000000000000000 ) ) ;
#5047 = FACE_OUTER_BOUND ( 'NONE', #6846, .T. ) ;
#5048 = CARTESIAN_POINT ( 'NONE',  ( 4.086162522828796106, 5.683597086091642048, 1.000000000000002665 ) ) ;
#5049 = VECTOR ( 'NONE', #6540, 1000.000000000000000 ) ;
#5050 = CIRCLE ( 'NONE', #5196, 7.000000000000000000 ) ;
#5051 = CARTESIAN_POINT ( 'NONE',  ( 4.596194077712559611, 4.596194077712559611, 1.000000000000003553 ) ) ;
#5052 = ORIENTED_EDGE ( 'NONE', *, *, #1487, .T. ) ;
#5053 = FACE_OUTER_BOUND ( 'NONE', #5542, .T. ) ;
#5054 = PRESENTATION_LAYER_ASSIGNMENT (  '', '', ( #5489 ) ) ;
#5055 = ORIENTED_EDGE ( 'NONE', *, *, #5207, .T. ) ;
#5056 = VECTOR ( 'NONE', #796, 1000.000000000000000 ) ;
#5057 = CARTESIAN_POINT ( 'NONE',  ( 5.160000000000000142, -7.145612346359450306, 1.199999999999999956 ) ) ;
#5058 = DIRECTION ( 'NONE',  ( 1.000000000000000000, 0.0000000000000000000, 0.0000000000000000000 ) ) ;
#5059 = ADVANCED_FACE ( 'NONE', ( #6960 ), #5579, .T. ) ;
#5060 = CARTESIAN_POINT ( 'NONE',  ( 0.0000000000000000000, 0.0000000000000000000, 0.0000000000000000000 ) ) ;
#5061 = CARTESIAN_POINT ( 'NONE',  ( 1.268087093104831586, 6.375104322621001351, 1.000000000000004663 ) ) ;
#5062 = AXIS2_PLACEMENT_3D ( 'NONE', #3110, #512, #2587 ) ;
#5063 = DIRECTION ( 'NONE',  ( 0.0000000000000000000, 0.0000000000000000000, 1.000000000000000000 ) ) ;
#5064 = ORIENTED_EDGE ( 'NONE', *, *, #8314, .T. ) ;
#5065 = ORIENTED_EDGE ( 'NONE', *, *, #7212, .F. ) ;
#5066 = CARTESIAN_POINT ( 'NONE',  ( -6.375104322620999575, 1.268087093104830698, 1.156482317317871331E-15 ) ) ;
#5067 = EDGE_LOOP ( 'NONE', ( #6903, #1441, #518, #3196, #5435, #6106, #1924, #3878, #5304, #2304, #5192, #5471, #1743, #6715, #3811, #3558, #1749, #4858, #945, #3316, #6461, #2813, #1031, #3864 ) ) ;
#5068 = AXIS2_PLACEMENT_3D ( 'NONE', #2378, #397, #8370 ) ;
#5069 = CARTESIAN_POINT ( 'NONE',  ( 2.759999999999999787, -7.145612346359450306, 1.500000000000000000 ) ) ;
#5070 = EDGE_CURVE ( 'NONE', #7285, #7801, #8369, .T. ) ;
#5071 =( LENGTH_UNIT ( ) NAMED_UNIT ( * ) SI_UNIT ( .MILLI., .METRE. ) );
#5072 =( NAMED_UNIT ( * ) SI_UNIT ( $, .STERADIAN. ) SOLID_ANGLE_UNIT ( ) );
#5073 = LINE ( 'NONE', #5782, #5485 ) ;
#5074 = VECTOR ( 'NONE', #342, 1000.000000000000000 ) ;
#5075 = ORIENTED_EDGE ( 'NONE', *, *, #3703, .F. ) ;
#5076 = DIRECTION ( 'NONE',  ( -1.000000000000000000, 0.0000000000000000000, -0.0000000000000000000 ) ) ;
#5077 = VERTEX_POINT ( 'NONE', #3673 ) ;
#5078 = CARTESIAN_POINT ( 'NONE',  ( 4.460000000000000853, -7.445612346359445688, 4.200000000000000178 ) ) ;
#5079 = CARTESIAN_POINT ( 'NONE',  ( 1.268087093104830698, 6.375104322620999575, 1.156482317317871331E-15 ) ) ;
#5080 = DIRECTION ( 'NONE',  ( 0.9584966580880918130, -0.2851037643279368816, 0.0000000000000000000 ) ) ;
#5081 = FILL_AREA_STYLE_COLOUR ( '', #8230 ) ;
#5082 = DIRECTION ( 'NONE',  ( -0.4761606815806371240, -0.8793582917768292262, -0.0000000000000000000 ) ) ;
#5083 = FACE_OUTER_BOUND ( 'NONE', #4946, .T. ) ;
#5084 = ORIENTED_EDGE ( 'NONE', *, *, #1811, .F. ) ;
#5085 = VECTOR ( 'NONE', #7793, 1000.000000000000000 ) ;
#5086 = SURFACE_STYLE_FILL_AREA ( #6600 ) ;
#5087 = ORIENTED_EDGE ( 'NONE', *, *, #499, .F. ) ;
#5088 = UNCERTAINTY_MEASURE_WITH_UNIT (LENGTH_MEASURE( 1.000000000000000082E-05 ), #1037, 'distance_accuracy_value', 'NONE');
#5089 = ADVANCED_FACE ( 'NONE', ( #5665 ), #3714, .F. ) ;
#5090 =( NAMED_UNIT ( * ) PLANE_ANGLE_UNIT ( ) SI_UNIT ( $, .RADIAN. ) );
#5091 = PLANE ( 'NONE',  #1652 ) ;
#5092 = LINE ( 'NONE', #3201, #6875 ) ;
#5093 = EDGE_CURVE ( 'NONE', #3769, #6025, #4667, .T. ) ;
#5094 = VECTOR ( 'NONE', #6839, 1000.000000000000000 ) ;
#5095 = CARTESIAN_POINT ( 'NONE',  ( 0.0000000000000000000, 0.0000000000000000000, 1.500000000000000000 ) ) ;
#5096 = FACE_OUTER_BOUND ( 'NONE', #6610, .T. ) ;
#5097 = DIRECTION ( 'NONE',  ( -0.4472135954999579277, -0.8944271909999158554, 0.0000000000000000000 ) ) ;
#5098 = EDGE_LOOP ( 'NONE', ( #3640, #2786, #2267, #7471 ) ) ;
#5099 = AXIS2_PLACEMENT_3D ( 'NONE', #90, #697, #3279 ) ;
#5100 =( NAMED_UNIT ( * ) SI_UNIT ( $, .STERADIAN. ) SOLID_ANGLE_UNIT ( ) );
#5101 = EDGE_LOOP ( 'NONE', ( #495, #2191, #3837, #4633 ) ) ;
#5102 = ADVANCED_FACE ( 'NONE', ( #3973 ), #4621, .F. ) ;
#5103 = CARTESIAN_POINT ( 'NONE',  ( -1.268087093104840024, -6.375104322620999575, 0.0000000000000000000 ) ) ;
#5104 = VECTOR ( 'NONE', #223, 1000.000000000000000 ) ;
#5105 = DIRECTION ( 'NONE',  ( -0.0000000000000000000, 0.0000000000000000000, 1.000000000000000000 ) ) ;
#5106 = CARTESIAN_POINT ( 'NONE',  ( 0.0000000000000000000, 0.0000000000000000000, 0.0000000000000000000 ) ) ;
#5107 = CARTESIAN_POINT ( 'NONE',  ( 3.459999999999999964, -7.145612346359450306, 4.200000000000000178 ) ) ;
#5108 = EDGE_LOOP ( 'NONE', ( #3671, #8380, #2230, #3134 ) ) ;
#5109 = ORIENTED_EDGE ( 'NONE', *, *, #348, .T. ) ;
#5110 = CARTESIAN_POINT ( 'NONE',  ( -0.5000000000000000000, 6.123233995736766036E-17, 1.500000000000000000 ) ) ;
#5111 = UNCERTAINTY_MEASURE_WITH_UNIT (LENGTH_MEASURE( 1.000000000000000082E-05 ), #6519, 'distance_accuracy_value', 'NONE');
#5112 = AXIS2_PLACEMENT_3D ( 'NONE', #247, #4933, #6199 ) ;
#5113 = DIRECTION ( 'NONE',  ( -0.3162277660168379967, 0.9486832980505138790, 0.0000000000000000000 ) ) ;
#5114 = SURFACE_STYLE_USAGE ( .BOTH. , #462 ) ;
#5115 = FILL_AREA_STYLE ('',( #3100 ) ) ;
#5116 = CARTESIAN_POINT ( 'NONE',  ( -4.899999999999989697, -0.7500000000000001110, 2.699999999999999734 ) ) ;
#5117 = SURFACE_STYLE_USAGE ( .BOTH. , #1233 ) ;
#5118 = ORIENTED_EDGE ( 'NONE', *, *, #2332, .F. ) ;
#5119 = CARTESIAN_POINT ( 'NONE',  ( 5.200000000000001066, 3.000000000000000000, 1.500000000000000000 ) ) ;
#5120 = ORIENTED_EDGE ( 'NONE', *, *, #5513, .T. ) ;
#5121 = EDGE_CURVE ( 'NONE', #4247, #1790, #6855, .T. ) ;
#5122 = ADVANCED_FACE ( 'NONE', ( #1904 ), #1373, .T. ) ;
#5123 = CARTESIAN_POINT ( 'NONE',  ( -2.915791353851480139, 6.363816526331109280, 0.0000000000000000000 ) ) ;
#5124 = STYLED_ITEM ( 'NONE', ( #821 ), #2459 ) ;
#5125 = DIRECTION ( 'NONE',  ( -1.000000000000000000, 0.0000000000000000000, -0.0000000000000000000 ) ) ;
#5126 =( LENGTH_UNIT ( ) NAMED_UNIT ( * ) SI_UNIT ( .MILLI., .METRE. ) );
#5127 = LINE ( 'NONE', #5793, #2365 ) ;
#5128 = SURFACE_STYLE_FILL_AREA ( #5272 ) ;
#5129 = DIRECTION ( 'NONE',  ( 0.0000000000000000000, -0.0000000000000000000, 1.000000000000000000 ) ) ;
#5130 = AXIS2_PLACEMENT_3D ( 'NONE', #6465, #7813, #1895 ) ;
#5131 = ORIENTED_EDGE ( 'NONE', *, *, #4869, .T. ) ;
#5132 = EDGE_CURVE ( 'NONE', #3440, #6816, #7973, .T. ) ;
#5133 =( NAMED_UNIT ( * ) SI_UNIT ( $, .STERADIAN. ) SOLID_ANGLE_UNIT ( ) );
#5134 = VERTEX_POINT ( 'NONE', #6516 ) ;
#5135 = DIRECTION ( 'NONE',  ( 0.4761606815806328497, 0.8793582917768315577, 0.0000000000000000000 ) ) ;
#5136 = CARTESIAN_POINT ( 'NONE',  ( -4.000000000000000000, -9.445612346359450129, 4.200000000000000178 ) ) ;
#5137 = FILL_AREA_STYLE_COLOUR ( '', #7892 ) ;
#5138 = FACE_OUTER_BOUND ( 'NONE', #6157, .T. ) ;
#5139 = VERTEX_POINT ( 'NONE', #1985 ) ;
#5140 = EDGE_CURVE ( 'NONE', #2630, #6921, #2572, .T. ) ;
#5141 = CARTESIAN_POINT ( 'NONE',  ( -6.500000000000001776, 6.911716569450258466E-16, 1.156482317317871331E-15 ) ) ;
#5142 = ORIENTED_EDGE ( 'NONE', *, *, #5908, .F. ) ;
#5143 = LINE ( 'NONE', #6655, #2006 ) ;
#5144 = VECTOR ( 'NONE', #7152, 1000.000000000000000 ) ;
#5145 = LINE ( 'NONE', #1827, #302 ) ;
#5146 = CARTESIAN_POINT ( 'NONE',  ( -4.900000000000000355, 3.000000000000000000, 1.500000000000000000 ) ) ;
#5147 = DIRECTION ( 'NONE',  ( 0.0000000000000000000, 0.0000000000000000000, -1.000000000000000000 ) ) ;
#5148 = VERTEX_POINT ( 'NONE', #3880 ) ;
#5149 = COLOUR_RGB ( '',0.0000000000000000000, 0.0000000000000000000, 0.0000000000000000000 ) ;
#5150 = VECTOR ( 'NONE', #4186, 1000.000000000000000 ) ;
#5151 = ORIENTED_EDGE ( 'NONE', *, *, #2919, .F. ) ;
#5152 = EDGE_CURVE ( 'NONE', #404, #8097, #1202, .T. ) ;
#5153 =( NAMED_UNIT ( * ) PLANE_ANGLE_UNIT ( ) SI_UNIT ( $, .RADIAN. ) );
#5154 = ORIENTED_EDGE ( 'NONE', *, *, #5657, .T. ) ;
#5155 = DIRECTION ( 'NONE',  ( 0.0000000000000000000, 0.0000000000000000000, 1.000000000000000000 ) ) ;
#5156 = MECHANICAL_DESIGN_GEOMETRIC_PRESENTATION_REPRESENTATION (  '', ( #5721 ), #6825 ) ;
#5157 = LINE ( 'NONE', #1317, #7497 ) ;
#5158 = CARTESIAN_POINT ( 'NONE',  ( 0.0000000000000000000, 0.0000000000000000000, 1.000000000000000000 ) ) ;
#5159 = VERTEX_POINT ( 'NONE', #5890 ) ;
#5160 = ORIENTED_EDGE ( 'NONE', *, *, #2870, .T. ) ;
#5161 = LINE ( 'NONE', #3825, #650 ) ;
#5162 = VERTEX_POINT ( 'NONE', #56 ) ;
#5163 = VECTOR ( 'NONE', #3629, 1000.000000000000000 ) ;
#5164 = CARTESIAN_POINT ( 'NONE',  ( -2.487442310373079835, 6.005216961323360358, 0.0000000000000000000 ) ) ;
#5165 = PRODUCT_DEFINITION_CONTEXT ( 'detailed design', #1831, 'design' ) ;
#5166 = LINE ( 'NONE', #7904, #635 ) ;
#5167 = EDGE_CURVE ( 'NONE', #1516, #6750, #1883, .T. ) ;
#5168 = SURFACE_STYLE_USAGE ( .BOTH. , #3193 ) ;
#5169 = CARTESIAN_POINT ( 'NONE',  ( 7.273087986799740001, 1.934139147277869952, 1.000000000000003553 ) ) ;
#5170 = VECTOR ( 'NONE', #4313, 1000.000000000000000 ) ;
#5171 = PRODUCT_RELATED_PRODUCT_CATEGORY ( 'part', '', ( #648 ) ) ;
#5172 = DIRECTION ( 'NONE',  ( -0.2851037643279382139, 0.9584966580880912579, 0.0000000000000000000 ) ) ;
#5173 = EDGE_CURVE ( 'NONE', #1773, #2841, #652, .T. ) ;
#5174 = CARTESIAN_POINT ( 'NONE',  ( 5.450000000000000178, -0.5000000000000000000, 1.699999999999999956 ) ) ;
#5175 = ORIENTED_EDGE ( 'NONE', *, *, #5361, .F. ) ;
#5176 = CARTESIAN_POINT ( 'NONE',  ( 2.906047995630960390, -6.368271747270940253, 0.0000000000000000000 ) ) ;
#5177 = VECTOR ( 'NONE', #732, 1000.000000000000000 ) ;
#5178 = ORIENTED_EDGE ( 'NONE', *, *, #5420, .T. ) ;
#5179 = MECHANICAL_DESIGN_GEOMETRIC_PRESENTATION_REPRESENTATION (  '', ( #6024 ), #5889 ) ;
#5180 = FILL_AREA_STYLE ('',( #5233 ) ) ;
#5181 = CARTESIAN_POINT ( 'NONE',  ( -7.120438210017200120, 2.408185976482529966, 1.000000000000000000 ) ) ;
#5182 = LINE ( 'NONE', #7072, #2742 ) ;
#5183 = FILL_AREA_STYLE_COLOUR ( '', #4958 ) ;
#5184 = DIRECTION ( 'NONE',  ( -0.0000000000000000000, -0.0000000000000000000, -1.000000000000000000 ) ) ;
#5185 = FILL_AREA_STYLE_COLOUR ( '', #78 ) ;
#5186 = ADVANCED_FACE ( 'NONE', ( #7913 ), #1331, .T. ) ;
#5187 =( GEOMETRIC_REPRESENTATION_CONTEXT ( 3 ) GLOBAL_UNCERTAINTY_ASSIGNED_CONTEXT ( ( #7345 ) ) GLOBAL_UNIT_ASSIGNED_CONTEXT ( ( #7869, #7959, #8458 ) ) REPRESENTATION_CONTEXT ( 'NONE', 'WORKASPACE' ) );
#5188 = LINE ( 'NONE', #146, #7694 ) ;
#5189 = PRESENTATION_LAYER_ASSIGNMENT (  '', '', ( #3402 ) ) ;
#5190 = CARTESIAN_POINT ( 'NONE',  ( 2.906047995630962610, -6.368271747270939365, 1.000000000000000000 ) ) ;
#5191 =( NAMED_UNIT ( * ) PLANE_ANGLE_UNIT ( ) SI_UNIT ( $, .RADIAN. ) );
#5192 = ORIENTED_EDGE ( 'NONE', *, *, #1989, .F. ) ;
#5193 = PRESENTATION_STYLE_ASSIGNMENT (( #5942 ) ) ;
#5194 = ORIENTED_EDGE ( 'NONE', *, *, #7644, .T. ) ;
#5195 = CIRCLE ( 'NONE', #2301, 7.000000000000000000 ) ;
#5196 = AXIS2_PLACEMENT_3D ( 'NONE', #4139, #6768, #1513 ) ;
#5197 = SURFACE_SIDE_STYLE ('',( #1462 ) ) ;
#5198 = LINE ( 'NONE', #1868, #63 ) ;
#5199 = PRESENTATION_STYLE_ASSIGNMENT (( #70 ) ) ;
#5200 = SURFACE_SIDE_STYLE ('',( #3173 ) ) ;
#5201 = ORIENTED_EDGE ( 'NONE', *, *, #4184, .T. ) ;
#5202 = CIRCLE ( 'NONE', #7276, 0.5000000000000000000 ) ;
#5203 = EDGE_LOOP ( 'NONE', ( #1113, #4573, #4938, #1257 ) ) ;
#5204 =( LENGTH_UNIT ( ) NAMED_UNIT ( * ) SI_UNIT ( .MILLI., .METRE. ) );
#5205 = ORIENTED_EDGE ( 'NONE', *, *, #1070, .T. ) ;
#5206 = UNCERTAINTY_MEASURE_WITH_UNIT (LENGTH_MEASURE( 1.000000000000000082E-05 ), #2325, 'distance_accuracy_value', 'NONE');
#5207 = EDGE_CURVE ( 'NONE', #1938, #4093, #1067, .T. ) ;
#5208 = CARTESIAN_POINT ( 'NONE',  ( 3.332065508993820035, -6.737754777652109617, 1.000000000000000000 ) ) ;
#5209 = CARTESIAN_POINT ( 'NONE',  ( 3.691702698016902762, -5.947380195468819686, 1.000000000000000000 ) ) ;
#5210 = AXIS2_PLACEMENT_3D ( 'NONE', #2288, #5422, #3709 ) ;
#5211 = EDGE_CURVE ( 'NONE', #2042, #1713, #3371, .T. ) ;
#5212 = CARTESIAN_POINT ( 'NONE',  ( 5.450000000000000178, 0.0000000000000000000, 1.699999999999999956 ) ) ;
#5213 = DIRECTION ( 'NONE',  ( 0.8944271909999158554, 0.4472135954999579277, 0.0000000000000000000 ) ) ;
#5214 = DIRECTION ( 'NONE',  ( 1.000000000000000000, 0.0000000000000000000, 0.0000000000000000000 ) ) ;
#5215 = ORIENTED_EDGE ( 'NONE', *, *, #2613, .F. ) ;
#5216 = ORIENTED_EDGE ( 'NONE', *, *, #6654, .F. ) ;
#5217 = AXIS2_PLACEMENT_3D ( 'NONE', #1963, #6487, #581 ) ;
#5218 = CARTESIAN_POINT ( 'NONE',  ( 2.487442310373079835, -6.005216961323360358, 1.000000000000000000 ) ) ;
#5219 = MECHANICAL_DESIGN_GEOMETRIC_PRESENTATION_REPRESENTATION (  '', ( #1253 ), #1511 ) ;
#5220 = ORIENTED_EDGE ( 'NONE', *, *, #2867, .F. ) ;
#5221 = MECHANICAL_DESIGN_GEOMETRIC_PRESENTATION_REPRESENTATION (  '', ( #8235 ), #6037 ) ;
#5222 = PLANE ( 'NONE',  #7545 ) ;
#5223 = DIRECTION ( 'NONE',  ( -7.108546341524449421E-16, 1.000000000000000000, -0.0000000000000000000 ) ) ;
#5224 = VECTOR ( 'NONE', #7167, 1000.000000000000000 ) ;
#5225 = DIRECTION ( 'NONE',  ( -1.000000000000000000, -0.0000000000000000000, 0.0000000000000000000 ) ) ;
#5226 = CARTESIAN_POINT ( 'NONE',  ( -5.199999999999998401, -0.5000000000000000000, 1.500000000000000000 ) ) ;
#5227 = PLANE ( 'NONE',  #230 ) ;
#5228 = CARTESIAN_POINT ( 'NONE',  ( 6.995612346359257216, 0.2478061731796288858, 0.0000000000000000000 ) ) ;
#5229 = EDGE_LOOP ( 'NONE', ( #3604, #249, #5064, #5065 ) ) ;
#5230 = VECTOR ( 'NONE', #6241, 1000.000000000000000 ) ;
#5231 = CARTESIAN_POINT ( 'NONE',  ( 0.0000000000000000000, 0.0000000000000000000, 1.000000000000000000 ) ) ;
#5232 = VERTEX_POINT ( 'NONE', #6109 ) ;
#5233 = FILL_AREA_STYLE_COLOUR ( '', #405 ) ;
#5234 = CARTESIAN_POINT ( 'NONE',  ( -2.799999999999999822, -7.445612346359450129, 1.199999999999999956 ) ) ;
#5235 = SURFACE_STYLE_FILL_AREA ( #58 ) ;
#5236 = PLANE ( 'NONE',  #5473 ) ;
#5237 = CARTESIAN_POINT ( 'NONE',  ( -2.799999999999999822, -7.445612346359450129, 1.500000000000000000 ) ) ;
#5238 = DIRECTION ( 'NONE',  ( -0.3162277660168317794, -0.9486832980505157664, 0.0000000000000000000 ) ) ;
#5239 = DIRECTION ( 'NONE',  ( 1.000000000000000000, 0.0000000000000000000, 0.0000000000000000000 ) ) ;
#5240 = VERTEX_POINT ( 'NONE', #2896 ) ;
#5241 = VERTEX_POINT ( 'NONE', #3418 ) ;
#5242 = EDGE_CURVE ( 'NONE', #7534, #187, #6148, .T. ) ;
#5243 = EDGE_CURVE ( 'NONE', #2869, #3009, #6067, .T. ) ;
#5244 = AXIS2_PLACEMENT_3D ( 'NONE', #5322, #7304, #4016 ) ;
#5245 = CARTESIAN_POINT ( 'NONE',  ( -0.5000000000000002220, -7.145612346359450306, 4.200000000000000178 ) ) ;
#5246 =( LENGTH_UNIT ( ) NAMED_UNIT ( * ) SI_UNIT ( .MILLI., .METRE. ) );
#5247 = SURFACE_STYLE_USAGE ( .BOTH. , #2654 ) ;
#5248 = CARTESIAN_POINT ( 'NONE',  ( -7.200000000000001066, 2.500000000000000000, 4.200000000000000178 ) ) ;
#5249 = DIRECTION ( 'NONE',  ( 0.8031810063152047263, -0.5957350678737109995, -0.0000000000000000000 ) ) ;
#5250 = DIRECTION ( 'NONE',  ( -0.6552017413601369800, 0.7554539549956993394, 0.0000000000000000000 ) ) ;
#5251 = SURFACE_STYLE_FILL_AREA ( #6615 ) ;
#5252 = CIRCLE ( 'NONE', #2348, 0.5000000000000000000 ) ;
#5253 = ORIENTED_EDGE ( 'NONE', *, *, #271, .T. ) ;
#5254 = CARTESIAN_POINT ( 'NONE',  ( 4.160000000000000142, -4.645612346359450306, 3.600000000000000533 ) ) ;
#5255 = ORIENTED_EDGE ( 'NONE', *, *, #7144, .T. ) ;
#5256 = ADVANCED_FACE ( 'NONE', ( #8043 ), #6741, .T. ) ;
#5257 = LINE ( 'NONE', #7191, #3487 ) ;
#5258 = VECTOR ( 'NONE', #3215, 1000.000000000000000 ) ;
#5259 = DIRECTION ( 'NONE',  ( 1.000000000000000000, 0.0000000000000000000, 0.0000000000000000000 ) ) ;
#5260 = PRESENTATION_STYLE_ASSIGNMENT (( #2761 ) ) ;
#5261 = ORIENTED_EDGE ( 'NONE', *, *, #7024, .T. ) ;
#5262 = ORIENTED_EDGE ( 'NONE', *, *, #4096, .F. ) ;
#5263 = PRESENTATION_LAYER_ASSIGNMENT (  '', '', ( #6629 ) ) ;
#5264 = CARTESIAN_POINT ( 'NONE',  ( 5.160000000000000142, -7.145612346359450306, 2.200000000000000178 ) ) ;
#5265 = ORIENTED_EDGE ( 'NONE', *, *, #2347, .F. ) ;
#5266 = EDGE_CURVE ( 'NONE', #2247, #7714, #8166, .T. ) ;
#5267 = CARTESIAN_POINT ( 'NONE',  ( 0.0000000000000000000, 0.0000000000000000000, 1.699999999999999956 ) ) ;
#5268 = CYLINDRICAL_SURFACE ( 'NONE', #6227, 0.5000000000000000000 ) ;
#5269 = VECTOR ( 'NONE', #1879, 1000.000000000000000 ) ;
#5270 = VECTOR ( 'NONE', #4805, 1000.000000000000000 ) ;
#5271 = CARTESIAN_POINT ( 'NONE',  ( 1.268087093104830032, 6.375104322620999575, 0.0000000000000000000 ) ) ;
#5272 = FILL_AREA_STYLE ('',( #5839 ) ) ;
#5273 = ORIENTED_EDGE ( 'NONE', *, *, #875, .F. ) ;
#5274 = CIRCLE ( 'NONE', #4718, 7.000000000000000000 ) ;
#5275 = AXIS2_PLACEMENT_3D ( 'NONE', #1122, #6993, #511 ) ;
#5276 = ORIENTED_EDGE ( 'NONE', *, *, #1424, .T. ) ;
#5277 = DIRECTION ( 'NONE',  ( 0.7071067811865465735, 0.7071067811865483499, 0.0000000000000000000 ) ) ;
#5278 = FILL_AREA_STYLE ('',( #8004 ) ) ;
#5279 =( LENGTH_UNIT ( ) NAMED_UNIT ( * ) SI_UNIT ( .MILLI., .METRE. ) );
#5280 = SURFACE_STYLE_FILL_AREA ( #782 ) ;
#5281 = SURFACE_STYLE_USAGE ( .BOTH. , #6071 ) ;
#5282 = CIRCLE ( 'NONE', #1572, 0.5999999999999998668 ) ;
#5283 =( NAMED_UNIT ( * ) PLANE_ANGLE_UNIT ( ) SI_UNIT ( $, .RADIAN. ) );
#5284 =( LENGTH_UNIT ( ) NAMED_UNIT ( * ) SI_UNIT ( .MILLI., .METRE. ) );
#5285 = EDGE_LOOP ( 'NONE', ( #62, #1866, #6237, #3857 ) ) ;
#5286 = FILL_AREA_STYLE ('',( #2649 ) ) ;
#5287 = DIRECTION ( 'NONE',  ( -0.8793582917768288931, -0.4761606815806379567, 0.0000000000000000000 ) ) ;
#5288 = CYLINDRICAL_SURFACE ( 'NONE', #2279, 7.000000000000000000 ) ;
#5289 = SURFACE_STYLE_FILL_AREA ( #69 ) ;
#5290 = CARTESIAN_POINT ( 'NONE',  ( -4.949747468305830012, -5.656854249492379694, 1.000000000000003553 ) ) ;
#5291 = CYLINDRICAL_SURFACE ( 'NONE', #5995, 7.000000000000000000 ) ;
#5292 = EDGE_CURVE ( 'NONE', #4913, #5232, #5714, .T. ) ;
#5293 = ORIENTED_EDGE ( 'NONE', *, *, #886, .F. ) ;
#5294 = FILL_AREA_STYLE ('',( #7800 ) ) ;
#5295 = VERTEX_POINT ( 'NONE', #7346 ) ;
#5296 = UNCERTAINTY_MEASURE_WITH_UNIT (LENGTH_MEASURE( 1.000000000000000082E-05 ), #1978, 'distance_accuracy_value', 'NONE');
#5297 = FACE_OUTER_BOUND ( 'NONE', #6182, .T. ) ;
#5298 = CARTESIAN_POINT ( 'NONE',  ( -3.500000000000000000, -7.445612346359450129, 2.200000000000000178 ) ) ;
#5299 = AXIS2_PLACEMENT_3D ( 'NONE', #4278, #5830, #4234 ) ;
#5300 = DIRECTION ( 'NONE',  ( 0.4472135954999579832, -0.8944271909999159664, 0.0000000000000000000 ) ) ;
#5301 = MECHANICAL_DESIGN_GEOMETRIC_PRESENTATION_REPRESENTATION (  '', ( #2826 ), #3233 ) ;
#5302 = EDGE_CURVE ( 'NONE', #2915, #1422, #4060, .T. ) ;
#5303 = VERTEX_POINT ( 'NONE', #6187 ) ;
#5304 = ORIENTED_EDGE ( 'NONE', *, *, #2792, .F. ) ;
#5305 = LINE ( 'NONE', #2009, #784 ) ;
#5306 = VERTEX_POINT ( 'NONE', #2241 ) ;
#5307 = DIRECTION ( 'NONE',  ( 0.0000000000000000000, -0.0000000000000000000, -1.000000000000000000 ) ) ;
#5308 = COLOUR_RGB ( '',0.0000000000000000000, 0.0000000000000000000, 0.0000000000000000000 ) ;
#5309 = COLOUR_RGB ( '',0.0000000000000000000, 0.0000000000000000000, 0.0000000000000000000 ) ;
#5310 = FILL_AREA_STYLE_COLOUR ( '', #1810 ) ;
#5311 = PLANE ( 'NONE',  #4699 ) ;
#5312 = DIRECTION ( 'NONE',  ( 0.0000000000000000000, 0.0000000000000000000, 1.000000000000000000 ) ) ;
#5313 = CARTESIAN_POINT ( 'NONE',  ( -1.108484510144030377, 6.911675780212117814, -2.168404344971008868E-16 ) ) ;
#5314 = EDGE_CURVE ( 'NONE', #257, #4755, #2113, .T. ) ;
#5315 = VECTOR ( 'NONE', #3042, 1000.000000000000000 ) ;
#5316 = STYLED_ITEM ( 'NONE', ( #6627 ), #6107 ) ;
#5317 = ORIENTED_EDGE ( 'NONE', *, *, #4448, .T. ) ;
#5318 = SURFACE_SIDE_STYLE ('',( #6064 ) ) ;
#5319 = ORIENTED_EDGE ( 'NONE', *, *, #1800, .F. ) ;
#5320 = STYLED_ITEM ( 'NONE', ( #3670 ), #4337 ) ;
#5321 = VECTOR ( 'NONE', #7019, 1000.000000000000000 ) ;
#5322 = CARTESIAN_POINT ( 'NONE',  ( 0.0000000000000000000, 0.0000000000000000000, 0.0000000000000000000 ) ) ;
#5323 = PRESENTATION_STYLE_ASSIGNMENT (( #7445 ) ) ;
#5324 = PLANE ( 'NONE',  #1035 ) ;
#5325 = EDGE_CURVE ( 'NONE', #7845, #8019, #234, .T. ) ;
#5326 = CYLINDRICAL_SURFACE ( 'NONE', #2582, 7.000000000000000000 ) ;
#5327 = LINE ( 'NONE', #2548, #7661 ) ;
#5328 =( GEOMETRIC_REPRESENTATION_CONTEXT ( 3 ) GLOBAL_UNCERTAINTY_ASSIGNED_CONTEXT ( ( #5364 ) ) GLOBAL_UNIT_ASSIGNED_CONTEXT ( ( #2282, #7564, #4873 ) ) REPRESENTATION_CONTEXT ( 'NONE', 'WORKASPACE' ) );
#5329 =( LENGTH_UNIT ( ) NAMED_UNIT ( * ) SI_UNIT ( .MILLI., .METRE. ) );
#5330 = MECHANICAL_DESIGN_GEOMETRIC_PRESENTATION_REPRESENTATION (  '', ( #2560 ), #2285 ) ;
#5331 = ORIENTED_EDGE ( 'NONE', *, *, #5344, .T. ) ;
#5332 = LINE ( 'NONE', #3804, #2699 ) ;
#5333 = VERTEX_POINT ( 'NONE', #270 ) ;
#5334 = DIRECTION ( 'NONE',  ( -0.4761606815806328497, 0.8793582917768315577, 0.0000000000000000000 ) ) ;
#5335 = SURFACE_SIDE_STYLE ('',( #7357 ) ) ;
#5336 = SURFACE_STYLE_FILL_AREA ( #8012 ) ;
#5337 = COLOUR_RGB ( '',0.0000000000000000000, 0.0000000000000000000, 0.0000000000000000000 ) ;
#5338 = PRESENTATION_STYLE_ASSIGNMENT (( #1961 ) ) ;
#5339 = PLANE ( 'NONE',  #6870 ) ;
#5340 =( NAMED_UNIT ( * ) PLANE_ANGLE_UNIT ( ) SI_UNIT ( $, .RADIAN. ) );
#5341 = ORIENTED_EDGE ( 'NONE', *, *, #3721, .T. ) ;
#5342 = CARTESIAN_POINT ( 'NONE',  ( 0.0000000000000000000, -0.5000000000000000000, 2.700000000000000178 ) ) ;
#5343 = VECTOR ( 'NONE', #2058, 999.9999999999998863 ) ;
#5344 = EDGE_CURVE ( 'NONE', #7218, #3021, #2161, .T. ) ;
#5345 = CARTESIAN_POINT ( 'NONE',  ( 2.759999999999999343, -6.995612346359449951, 1.500000000000000000 ) ) ;
#5346 = LINE ( 'NONE', #2708, #7851 ) ;
#5347 = DIRECTION ( 'NONE',  ( 7.052894681536500135E-16, -1.000000000000000000, 0.0000000000000000000 ) ) ;
#5348 = MECHANICAL_DESIGN_GEOMETRIC_PRESENTATION_REPRESENTATION (  '', ( #7974 ), #4804 ) ;
#5349 = DIRECTION ( 'NONE',  ( 0.0000000000000000000, 0.0000000000000000000, -1.000000000000000000 ) ) ;
#5350 = ORIENTED_EDGE ( 'NONE', *, *, #5715, .F. ) ;
#5351 = EDGE_LOOP ( 'NONE', ( #6352, #5740, #1313, #3089, #6325, #750 ) ) ;
#5352 = CARTESIAN_POINT ( 'NONE',  ( -0.7500000000000000000, -1.836970198721029934E-16, 0.5000000000000000000 ) ) ;
#5353 = ORIENTED_EDGE ( 'NONE', *, *, #2509, .F. ) ;
#5354 = EDGE_CURVE ( 'NONE', #873, #5457, #4152, .T. ) ;
#5355 = VECTOR ( 'NONE', #7572, 1000.000000000000000 ) ;
#5356 = FACE_OUTER_BOUND ( 'NONE', #1165, .T. ) ;
#5357 = FACE_OUTER_BOUND ( 'NONE', #3242, .T. ) ;
#5358 = CARTESIAN_POINT ( 'NONE',  ( 0.0000000000000000000, 0.0000000000000000000, 1.000000000000000000 ) ) ;
#5359 =( LENGTH_UNIT ( ) NAMED_UNIT ( * ) SI_UNIT ( .MILLI., .METRE. ) );
#5360 = ORIENTED_EDGE ( 'NONE', *, *, #1051, .T. ) ;
#5361 = EDGE_CURVE ( 'NONE', #5139, #5434, #2859, .T. ) ;
#5362 = DIRECTION ( 'NONE',  ( 0.0000000000000000000, -1.000000000000000000, -0.0000000000000000000 ) ) ;
#5363 = EDGE_LOOP ( 'NONE', ( #5723, #5540 ) ) ;
#5364 = UNCERTAINTY_MEASURE_WITH_UNIT (LENGTH_MEASURE( 1.000000000000000082E-05 ), #2282, 'distance_accuracy_value', 'NONE');
#5365 = ADVANCED_FACE ( 'NONE', ( #8122, #2201 ), #2938, .T. ) ;
#5366 = DIRECTION ( 'NONE',  ( -0.7071067811865475727, -0.7071067811865475727, 0.0000000000000000000 ) ) ;
#5367 = AXIS2_PLACEMENT_3D ( 'NONE', #8106, #859, #6209 ) ;
#5368 = FACE_OUTER_BOUND ( 'NONE', #5519, .T. ) ;
#5369 = DIRECTION ( 'NONE',  ( 0.7071067811865475727, -0.7071067811865475727, 0.0000000000000000000 ) ) ;
#5370 = LINE ( 'NONE', #3469, #1093 ) ;
#5371 = DIRECTION ( 'NONE',  ( -0.9584966580880915910, -0.2851037643279368261, -0.0000000000000000000 ) ) ;
#5372 = DIRECTION ( 'NONE',  ( 1.000000000000000000, 0.0000000000000000000, 0.0000000000000000000 ) ) ;
#5373 = ORIENTED_EDGE ( 'NONE', *, *, #1563, .F. ) ;
#5374 = DIRECTION ( 'NONE',  ( -0.0000000000000000000, -1.000000000000000000, -0.0000000000000000000 ) ) ;
#5375 = ORIENTED_EDGE ( 'NONE', *, *, #2546, .T. ) ;
#5376 =( NAMED_UNIT ( * ) PLANE_ANGLE_UNIT ( ) SI_UNIT ( $, .RADIAN. ) );
#5377 = ORIENTED_EDGE ( 'NONE', *, *, #6633, .T. ) ;
#5378 = EDGE_CURVE ( 'NONE', #291, #6977, #6292, .T. ) ;
#5379 = DIRECTION ( 'NONE',  ( 0.0000000000000000000, 0.0000000000000000000, 1.000000000000000000 ) ) ;
#5380 = DIRECTION ( 'NONE',  ( 1.000000000000000000, 0.0000000000000000000, 0.0000000000000000000 ) ) ;
#5381 = CARTESIAN_POINT ( 'NONE',  ( 0.4999999999999998890, -7.445612346359445688, 4.200000000000000178 ) ) ;
#5382 = CARTESIAN_POINT ( 'NONE',  ( -3.799999999999999822, -5.645612346359450306, 3.600000000000000533 ) ) ;
#5383 = EDGE_CURVE ( 'NONE', #5549, #3713, #1076, .T. ) ;
#5384 = ORIENTED_EDGE ( 'NONE', *, *, #7971, .F. ) ;
#5385 = VECTOR ( 'NONE', #893, 1000.000000000000114 ) ;
#5386 = CARTESIAN_POINT ( 'NONE',  ( 5.656854249492379694, -4.949747468305830012, 1.000000000000003553 ) ) ;
#5387 = ORIENTED_EDGE ( 'NONE', *, *, #6057, .T. ) ;
#5388 = CYLINDRICAL_SURFACE ( 'NONE', #1436, 4.500000000000000888 ) ;
#5389 = CARTESIAN_POINT ( 'NONE',  ( 3.611206514627418152, 5.404552479966540979, 1.156482317317871331E-15 ) ) ;
#5390 =( NAMED_UNIT ( * ) PLANE_ANGLE_UNIT ( ) SI_UNIT ( $, .RADIAN. ) );
#5391 = ORIENTED_EDGE ( 'NONE', *, *, #1091, .T. ) ;
#5392 = SURFACE_SIDE_STYLE ('',( #6723 ) ) ;
#5393 = ORIENTED_EDGE ( 'NONE', *, *, #8396, .T. ) ;
#5394 = VERTEX_POINT ( 'NONE', #8246 ) ;
#5395 = UNCERTAINTY_MEASURE_WITH_UNIT (LENGTH_MEASURE( 1.000000000000000082E-05 ), #4041, 'distance_accuracy_value', 'NONE');
#5396 = COLOUR_RGB ( '',0.0000000000000000000, 0.0000000000000000000, 0.0000000000000000000 ) ;
#5397 = CARTESIAN_POINT ( 'NONE',  ( 6.368271747270936700, -2.906047995630970604, 0.0000000000000000000 ) ) ;
#5398 = CYLINDRICAL_SURFACE ( 'NONE', #568, 0.5000000000000000000 ) ;
#5399 = COLOUR_RGB ( '',0.0000000000000000000, 0.0000000000000000000, 0.0000000000000000000 ) ;
#5400 = EDGE_CURVE ( 'NONE', #6618, #404, #8316, .T. ) ;
#5401 = ADVANCED_FACE ( 'NONE', ( #8357 ), #2366, .F. ) ;
#5402 = ORIENTED_EDGE ( 'NONE', *, *, #4822, .T. ) ;
#5403 = ORIENTED_EDGE ( 'NONE', *, *, #4822, .F. ) ;
#5404 =( GEOMETRIC_REPRESENTATION_CONTEXT ( 3 ) GLOBAL_UNCERTAINTY_ASSIGNED_CONTEXT ( ( #1105 ) ) GLOBAL_UNIT_ASSIGNED_CONTEXT ( ( #7332, #3406, #5482 ) ) REPRESENTATION_CONTEXT ( 'NONE', 'WORKASPACE' ) );
#5405 = CARTESIAN_POINT ( 'NONE',  ( 4.771419503187761535, -5.121870354138169823, 0.0000000000000000000 ) ) ;
#5406 = DIRECTION ( 'NONE',  ( 0.0000000000000000000, 0.0000000000000000000, 1.000000000000000000 ) ) ;
#5407 =( LENGTH_UNIT ( ) NAMED_UNIT ( * ) SI_UNIT ( .MILLI., .METRE. ) );
#5408 = DIRECTION ( 'NONE',  ( 1.000000000000000000, 0.0000000000000000000, 0.0000000000000000000 ) ) ;
#5409 = DIRECTION ( 'NONE',  ( -0.0000000000000000000, 0.0000000000000000000, 1.000000000000000000 ) ) ;
#5410 = EDGE_CURVE ( 'NONE', #3846, #2248, #1651, .T. ) ;
#5411 =( GEOMETRIC_REPRESENTATION_CONTEXT ( 3 ) GLOBAL_UNCERTAINTY_ASSIGNED_CONTEXT ( ( #7718 ) ) GLOBAL_UNIT_ASSIGNED_CONTEXT ( ( #5407, #4065, #196 ) ) REPRESENTATION_CONTEXT ( 'NONE', 'WORKASPACE' ) );
#5412 = ORIENTED_EDGE ( 'NONE', *, *, #699, .T. ) ;
#5413 = DIRECTION ( 'NONE',  ( 0.0000000000000000000, 0.0000000000000000000, 1.000000000000000000 ) ) ;
#5414 = EDGE_LOOP ( 'NONE', ( #5416, #8191, #2029, #5151 ) ) ;
#5415 = DIRECTION ( 'NONE',  ( 0.0000000000000000000, 0.0000000000000000000, 1.000000000000000000 ) ) ;
#5416 = ORIENTED_EDGE ( 'NONE', *, *, #4953, .F. ) ;
#5417 = COLOUR_RGB ( '',0.0000000000000000000, 0.0000000000000000000, 0.0000000000000000000 ) ;
#5418 = FILL_AREA_STYLE ('',( #4814 ) ) ;
#5419 = CARTESIAN_POINT ( 'NONE',  ( 4.900000000000000355, -4.000000000000000000, 2.200000000000000178 ) ) ;
#5420 = EDGE_CURVE ( 'NONE', #4971, #5333, #3625, .T. ) ;
#5421 = PRESENTATION_STYLE_ASSIGNMENT (( #6081 ) ) ;
#5422 = DIRECTION ( 'NONE',  ( 0.0000000000000000000, 0.0000000000000000000, -1.000000000000000000 ) ) ;
#5423 = ADVANCED_FACE ( 'NONE', ( #4355 ), #847, .T. ) ;
#5424 = ORIENTED_EDGE ( 'NONE', *, *, #4255, .F. ) ;
#5425 = AXIS2_PLACEMENT_3D ( 'NONE', #3916, #3962, #695 ) ;
#5426 = EDGE_LOOP ( 'NONE', ( #94, #5684, #4150, #6249 ) ) ;
#5427 = CARTESIAN_POINT ( 'NONE',  ( -1.620877659938362303, -6.809754445757402408, 0.0000000000000000000 ) ) ;
#5428 = CARTESIAN_POINT ( 'NONE',  ( 0.5000000000000000000, 0.0000000000000000000, 2.200000000000000178 ) ) ;
#5429 = SURFACE_SIDE_STYLE ('',( #2961 ) ) ;
#5430 = EDGE_CURVE ( 'NONE', #6401, #5549, #4746, .T. ) ;
#5431 = CARTESIAN_POINT ( 'NONE',  ( -2.487442310373090049, -6.005216961323360358, 1.000000000000000000 ) ) ;
#5432 = ORIENTED_EDGE ( 'NONE', *, *, #2330, .T. ) ;
#5433 = DIRECTION ( 'NONE',  ( 0.0000000000000000000, 0.0000000000000000000, 1.000000000000000000 ) ) ;
#5434 = VERTEX_POINT ( 'NONE', #34 ) ;
#5435 = ORIENTED_EDGE ( 'NONE', *, *, #4542, .F. ) ;
#5436 =( LENGTH_UNIT ( ) NAMED_UNIT ( * ) SI_UNIT ( .MILLI., .METRE. ) );
#5437 =( NAMED_UNIT ( * ) SI_UNIT ( $, .STERADIAN. ) SOLID_ANGLE_UNIT ( ) );
#5438 = VECTOR ( 'NONE', #6364, 1000.000000000000000 ) ;
#5439 = CARTESIAN_POINT ( 'NONE',  ( -1.199999999999999956, 0.0000000000000000000, 1.199999999999999956 ) ) ;
#5440 = DIRECTION ( 'NONE',  ( 0.0000000000000000000, -1.000000000000000000, -0.0000000000000000000 ) ) ;
#5441 = DIRECTION ( 'NONE',  ( 1.000000000000000000, 0.0000000000000000000, 0.0000000000000000000 ) ) ;
#5442 = DIRECTION ( 'NONE',  ( 1.000000000000000000, 0.0000000000000000000, -0.0000000000000000000 ) ) ;
#5443 = ORIENTED_EDGE ( 'NONE', *, *, #3170, .F. ) ;
#5444 = VECTOR ( 'NONE', #5022, 1000.000000000000000 ) ;
#5445 = VECTOR ( 'NONE', #1692, 1000.000000000000114 ) ;
#5446 = DIRECTION ( 'NONE',  ( -0.0000000000000000000, -0.0000000000000000000, -1.000000000000000000 ) ) ;
#5447 = EDGE_CURVE ( 'NONE', #2218, #7541, #6659, .T. ) ;
#5448 = UNCERTAINTY_MEASURE_WITH_UNIT (LENGTH_MEASURE( 1.000000000000000082E-05 ), #2948, 'distance_accuracy_value', 'NONE');
#5449 = CARTESIAN_POINT ( 'NONE',  ( 4.596194077712559611, -4.596194077712559611, 1.000000000000003553 ) ) ;
#5450 = ADVANCED_FACE ( 'NONE', ( #2084 ), #5291, .T. ) ;
#5451 = CARTESIAN_POINT ( 'NONE',  ( -4.500000000000000888, -5.495612346359449951, 2.200000000000000178 ) ) ;
#5452 = CARTESIAN_POINT ( 'NONE',  ( -6.557934381098216470, 2.448161892769748604, 0.0000000000000000000 ) ) ;
#5453 = DIRECTION ( 'NONE',  ( 0.0000000000000000000, 0.0000000000000000000, 1.000000000000000000 ) ) ;
#5454 = DIRECTION ( 'NONE',  ( 1.000000000000000000, 0.0000000000000000000, 0.0000000000000000000 ) ) ;
#5455 = SURFACE_STYLE_FILL_AREA ( #2820 ) ;
#5456 = ORIENTED_EDGE ( 'NONE', *, *, #3104, .T. ) ;
#5457 = VERTEX_POINT ( 'NONE', #5907 ) ;
#5458 = FILL_AREA_STYLE ('',( #5503 ) ) ;
#5459 = EDGE_LOOP ( 'NONE', ( #3956, #1191, #1267, #6832 ) ) ;
#5460 = VECTOR ( 'NONE', #4320, 1000.000000000000000 ) ;
#5461 = FILL_AREA_STYLE_COLOUR ( '', #5337 ) ;
#5462 =( NAMED_UNIT ( * ) PLANE_ANGLE_UNIT ( ) SI_UNIT ( $, .RADIAN. ) );
#5463 = EDGE_CURVE ( 'NONE', #6440, #7994, #5013, .T. ) ;
#5464 = SURFACE_STYLE_USAGE ( .BOTH. , #4931 ) ;
#5465 = LINE ( 'NONE', #2175, #7392 ) ;
#5466 = FACE_OUTER_BOUND ( 'NONE', #5426, .T. ) ;
#5467 = AXIS2_PLACEMENT_3D ( 'NONE', #93, #1530, #4185 ) ;
#5468 = MECHANICAL_DESIGN_GEOMETRIC_PRESENTATION_REPRESENTATION (  '', ( #125 ), #6692 ) ;
#5469 = SURFACE_SIDE_STYLE ('',( #2830 ) ) ;
#5470 = VERTEX_POINT ( 'NONE', #7886 ) ;
#5471 = ORIENTED_EDGE ( 'NONE', *, *, #285, .F. ) ;
#5472 = VECTOR ( 'NONE', #4171, 1000.000000000000000 ) ;
#5473 = AXIS2_PLACEMENT_3D ( 'NONE', #1910, #4538, #7171 ) ;
#5474 = DIRECTION ( 'NONE',  ( 1.000000000000000000, 0.0000000000000000000, -0.0000000000000000000 ) ) ;
#5475 = DIRECTION ( 'NONE',  ( 0.0000000000000000000, 0.0000000000000000000, 1.000000000000000000 ) ) ;
#5476 = CYLINDRICAL_SURFACE ( 'NONE', #5367, 1.000000000000000000 ) ;
#5477 = ORIENTED_EDGE ( 'NONE', *, *, #6205, .F. ) ;
#5478 = VERTEX_POINT ( 'NONE', #7932 ) ;
#5479 = ORIENTED_EDGE ( 'NONE', *, *, #5152, .F. ) ;
#5480 = UNCERTAINTY_MEASURE_WITH_UNIT (LENGTH_MEASURE( 1.000000000000000082E-05 ), #6214, 'distance_accuracy_value', 'NONE');
#5481 = EDGE_CURVE ( 'NONE', #120, #2042, #7186, .T. ) ;
#5483 = EDGE_CURVE ( 'NONE', #1938, #281, #674, .T. ) ;
#5482 =( NAMED_UNIT ( * ) SI_UNIT ( $, .STERADIAN. ) SOLID_ANGLE_UNIT ( ) );
#5484 = DIRECTION ( 'NONE',  ( 0.8793582917768315577, 0.4761606815806328497, 0.0000000000000000000 ) ) ;
#5485 = VECTOR ( 'NONE', #1232, 1000.000000000000114 ) ;
#5486 =( GEOMETRIC_REPRESENTATION_CONTEXT ( 3 ) GLOBAL_UNCERTAINTY_ASSIGNED_CONTEXT ( ( #552 ) ) GLOBAL_UNIT_ASSIGNED_CONTEXT ( ( #8187, #2311, #6812 ) ) REPRESENTATION_CONTEXT ( 'NONE', 'WORKASPACE' ) );
#5487 = FILL_AREA_STYLE_COLOUR ( '', #7605 ) ;
#5488 = VERTEX_POINT ( 'NONE', #7224 ) ;
#5489 = STYLED_ITEM ( 'NONE', ( #3927 ), #7858 ) ;
#5490 = PRESENTATION_LAYER_ASSIGNMENT (  '', '', ( #3002 ) ) ;
#5491 = CARTESIAN_POINT ( 'NONE',  ( -5.947380195468819686, -3.691702698016909867, 0.0000000000000000000 ) ) ;
#5492 = ORIENTED_EDGE ( 'NONE', *, *, #1756, .F. ) ;
#5493 = CARTESIAN_POINT ( 'NONE',  ( 3.459999999999999964, -5.495612346359449951, 1.500000000000000000 ) ) ;
#5494 = DIRECTION ( 'NONE',  ( 1.000000000000000000, 0.0000000000000000000, 0.0000000000000000000 ) ) ;
#5495 = CARTESIAN_POINT ( 'NONE',  ( 1.199999999999999956, -7.145612346359450306, 2.200000000000000178 ) ) ;
#5496 = VECTOR ( 'NONE', #5379, 1000.000000000000000 ) ;
#5497 =( LENGTH_UNIT ( ) NAMED_UNIT ( * ) SI_UNIT ( .MILLI., .METRE. ) );
#5498 = PRESENTATION_LAYER_ASSIGNMENT (  '', '', ( #4806 ) ) ;
#5499 = PRESENTATION_STYLE_ASSIGNMENT (( #4754 ) ) ;
#5500 = EDGE_LOOP ( 'NONE', ( #4856, #2855, #3209, #5960 ) ) ;
#5501 = CARTESIAN_POINT ( 'NONE',  ( 5.404552479966538314, 3.611206514627410602, 1.000000000000000000 ) ) ;
#5502 = VERTEX_POINT ( 'NONE', #6201 ) ;
#5503 = FILL_AREA_STYLE_COLOUR ( '', #5025 ) ;
#5504 = VECTOR ( 'NONE', #6517, 1000.000000000000000 ) ;
#5505 =( NAMED_UNIT ( * ) SI_UNIT ( $, .STERADIAN. ) SOLID_ANGLE_UNIT ( ) );
#5506 = PRESENTATION_STYLE_ASSIGNMENT (( #2873 ) ) ;
#5507 = PRESENTATION_STYLE_ASSIGNMENT (( #286 ) ) ;
#5508 = SURFACE_SIDE_STYLE ('',( #5336 ) ) ;
#5509 =( GEOMETRIC_REPRESENTATION_CONTEXT ( 3 ) GLOBAL_UNCERTAINTY_ASSIGNED_CONTEXT ( ( #4099 ) ) GLOBAL_UNIT_ASSIGNED_CONTEXT ( ( #1662, #7825, #5437 ) ) REPRESENTATION_CONTEXT ( 'NONE', 'WORKASPACE' ) );
#5510 = FACE_OUTER_BOUND ( 'NONE', #6333, .T. ) ;
#5511 = ADVANCED_FACE ( 'NONE', ( #6163 ), #8140, .T. ) ;
#5512 = ORIENTED_EDGE ( 'NONE', *, *, #8057, .F. ) ;
#5513 = EDGE_CURVE ( 'NONE', #2335, #2590, #1588, .T. ) ;
#5514 = ORIENTED_EDGE ( 'NONE', *, *, #4310, .T. ) ;
#5515 = VECTOR ( 'NONE', #2436, 1000.000000000000000 ) ;
#5516 = CARTESIAN_POINT ( 'NONE',  ( -4.000000000000000000, -5.495612346359449951, 2.200000000000000178 ) ) ;
#5517 = FACE_BOUND ( 'NONE', #3405, .T. ) ;
#5518 = CARTESIAN_POINT ( 'NONE',  ( 0.0000000000000000000, 0.0000000000000000000, 0.0000000000000000000 ) ) ;
#5519 = EDGE_LOOP ( 'NONE', ( #4279, #690, #1339, #4107 ) ) ;
#5520 = ORIENTED_EDGE ( 'NONE', *, *, #2189, .T. ) ;
#5521 = VERTEX_POINT ( 'NONE', #6842 ) ;
#5522 = DIRECTION ( 'NONE',  ( -0.06218173949673574952, 0.9980648432206997711, 0.0000000000000000000 ) ) ;
#5523 = VERTEX_POINT ( 'NONE', #7459 ) ;
#5524 =( LENGTH_UNIT ( ) NAMED_UNIT ( * ) SI_UNIT ( .MILLI., .METRE. ) );
#5525 = DIRECTION ( 'NONE',  ( -3.947459643111669945E-16, -7.894919286223330030E-16, 1.000000000000000000 ) ) ;
#5526 = CARTESIAN_POINT ( 'NONE',  ( 2.000000000000000000, -5.495612346359449951, 1.500000000000000000 ) ) ;
#5527 =( LENGTH_UNIT ( ) NAMED_UNIT ( * ) SI_UNIT ( .MILLI., .METRE. ) );
#5528 = EDGE_LOOP ( 'NONE', ( #5387, #1680, #5981, #8056 ) ) ;
#5529 = EDGE_CURVE ( 'NONE', #5001, #1151, #290, .T. ) ;
#5530 = VECTOR ( 'NONE', #384, 1000.000000000000000 ) ;
#5531 = CARTESIAN_POINT ( 'NONE',  ( -5.404552479966546308, -3.611206514627411934, 0.0000000000000000000 ) ) ;
#5532 = CARTESIAN_POINT ( 'NONE',  ( -1.108484510144029933, 6.911675780212119591, 0.0000000000000000000 ) ) ;
#5533 =( NAMED_UNIT ( * ) SI_UNIT ( $, .STERADIAN. ) SOLID_ANGLE_UNIT ( ) );
#5534 = CARTESIAN_POINT ( 'NONE',  ( 2.759999999999999787, -5.645612346359450306, 1.500000000000000000 ) ) ;
#5535 = CARTESIAN_POINT ( 'NONE',  ( 5.160000000000000142, -7.445612346359450129, 1.199999999999999956 ) ) ;
#5536 =( NAMED_UNIT ( * ) SI_UNIT ( $, .STERADIAN. ) SOLID_ANGLE_UNIT ( ) );
#5537 = LINE ( 'NONE', #8172, #673 ) ;
#5538 = EDGE_LOOP ( 'NONE', ( #4222, #921, #968, #2454, #7092, #7777, #7327, #2753 ) ) ;
#5539 = CARTESIAN_POINT ( 'NONE',  ( 5.551115123125780237E-17, -6.500000000000000888, 0.0000000000000000000 ) ) ;
#5540 = ORIENTED_EDGE ( 'NONE', *, *, #1761, .F. ) ;
#5541 = VECTOR ( 'NONE', #3386, 999.9999999999998863 ) ;
#5542 = EDGE_LOOP ( 'NONE', ( #2477, #45, #2650, #3198 ) ) ;
#5543 = CARTESIAN_POINT ( 'NONE',  ( -3.775206928833959807, -6.510492742431059909, 1.000000000000000000 ) ) ;
#5544 = CYLINDRICAL_SURFACE ( 'NONE', #5600, 4.500000000000000888 ) ;
#5545 = AXIS2_PLACEMENT_3D ( 'NONE', #7637, #2356, #3613 ) ;
#5546 = STYLED_ITEM ( 'NONE', ( #5707 ), #1918 ) ;
#5547 = CARTESIAN_POINT ( 'NONE',  ( 2.000000000000000000, -5.495612346359449951, 2.200000000000000178 ) ) ;
#5548 = VERTEX_POINT ( 'NONE', #2910 ) ;
#5549 = VERTEX_POINT ( 'NONE', #4770 ) ;
#5550 = AXIS2_PLACEMENT_3D ( 'NONE', #3163, #3845, #8423 ) ;
#5551 = CIRCLE ( 'NONE', #3205, 7.000000000000000000 ) ;
#5552 = PLANE ( 'NONE',  #1222 ) ;
#5553 = EDGE_CURVE ( 'NONE', #2986, #5295, #974, .T. ) ;
#5554 = FILL_AREA_STYLE ('',( #334 ) ) ;
#5555 = EDGE_LOOP ( 'NONE', ( #3791, #2957, #885, #2905 ) ) ;
#5556 = STYLED_ITEM ( 'NONE', ( #6910 ), #2536 ) ;
#5557 = ORIENTED_EDGE ( 'NONE', *, *, #5481, .T. ) ;
#5558 = ORIENTED_EDGE ( 'NONE', *, *, #6711, .T. ) ;
#5559 = CARTESIAN_POINT ( 'NONE',  ( -4.500000000000000888, -6.945612346359450129, 2.200000000000000178 ) ) ;
#5560 = VERTEX_POINT ( 'NONE', #8224 ) ;
#5561 = CARTESIAN_POINT ( 'NONE',  ( -5.404552479966540979, 3.611206514627419928, 1.000000000000000000 ) ) ;
#5562 = ADVANCED_FACE ( 'NONE', ( #4167 ), #6930, .T. ) ;
#5563 = FACE_OUTER_BOUND ( 'NONE', #136, .T. ) ;
#5564 = DIRECTION ( 'NONE',  ( -0.2851037643279368261, -0.9584966580880915910, -0.0000000000000000000 ) ) ;
#5565 = ORIENTED_EDGE ( 'NONE', *, *, #7636, .F. ) ;
#5566 =( LENGTH_UNIT ( ) NAMED_UNIT ( * ) SI_UNIT ( .MILLI., .METRE. ) );
#5567 = VECTOR ( 'NONE', #1236, 1000.000000000000000 ) ;
#5568 = SURFACE_SIDE_STYLE ('',( #2328 ) ) ;
#5569 = FACE_OUTER_BOUND ( 'NONE', #1972, .T. ) ;
#5570 = FACE_BOUND ( 'NONE', #1706, .T. ) ;
#5571 = LINE ( 'NONE', #8211, #2309 ) ;
#5572 =( GEOMETRIC_REPRESENTATION_CONTEXT ( 3 ) GLOBAL_UNCERTAINTY_ASSIGNED_CONTEXT ( ( #167 ) ) GLOBAL_UNIT_ASSIGNED_CONTEXT ( ( #2087, #2257, #6765 ) ) REPRESENTATION_CONTEXT ( 'NONE', 'WORKASPACE' ) );
#5573 = LINE ( 'NONE', #1494, #7089 ) ;
#5574 = ORIENTED_EDGE ( 'NONE', *, *, #1316, .F. ) ;
#5575 = CARTESIAN_POINT ( 'NONE',  ( 2.899999999999999911, 3.000000000000000000, 4.200000000000000178 ) ) ;
#5576 = VERTEX_POINT ( 'NONE', #4132 ) ;
#5577 = SURFACE_SIDE_STYLE ('',( #360 ) ) ;
#5578 = ORIENTED_EDGE ( 'NONE', *, *, #939, .F. ) ;
#5579 = PLANE ( 'NONE',  #2425 ) ;
#5580 = CARTESIAN_POINT ( 'NONE',  ( 6.005216961323360358, -2.487442310373090049, 0.0000000000000000000 ) ) ;
#5581 = PRESENTATION_LAYER_ASSIGNMENT (  '', '', ( #3647 ) ) ;
#5582 = EDGE_CURVE ( 'NONE', #6890, #3464, #1012, .T. ) ;
#5583 = CARTESIAN_POINT ( 'NONE',  ( -5.947380195468820574, -3.691702698016903650, -7.000000000000000000 ) ) ;
#5584 = CYLINDRICAL_SURFACE ( 'NONE', #3192, 0.5000000000000000000 ) ;
#5585 = CARTESIAN_POINT ( 'NONE',  ( -4.900000000000000355, 3.000000000000000000, 4.200000000000000178 ) ) ;
#5586 = COLOUR_RGB ( '',0.1529411764705882470, 0.1529411764705882470, 0.1529411764705882470 ) ;
#5587 = MECHANICAL_DESIGN_GEOMETRIC_PRESENTATION_REPRESENTATION (  '', ( #2970 ), #2543 ) ;
#5588 = EDGE_LOOP ( 'NONE', ( #7298, #3724 ) ) ;
#5589 = ORIENTED_EDGE ( 'NONE', *, *, #7785, .F. ) ;
#5590 = CARTESIAN_POINT ( 'NONE',  ( 0.5000000000000000000, -7.445612346359450129, 1.199999999999999956 ) ) ;
#5591 = DIRECTION ( 'NONE',  ( 0.8031810063151947343, 0.5957350678737244332, 0.0000000000000000000 ) ) ;
#5592 = VECTOR ( 'NONE', #7342, 1000.000000000000000 ) ;
#5593 = DIRECTION ( 'NONE',  ( 0.9891830423698456665, 0.1466864298015879697, -0.0000000000000000000 ) ) ;
#5594 = CARTESIAN_POINT ( 'NONE',  ( -1.199999999999999956, -7.145612346359450306, 1.500000000000000222 ) ) ;
#5595 = ORIENTED_EDGE ( 'NONE', *, *, #6933, .T. ) ;
#5596 = ORIENTED_EDGE ( 'NONE', *, *, #8205, .F. ) ;
#5597 = VECTOR ( 'NONE', #7061, 1000.000000000000000 ) ;
#5598 = CARTESIAN_POINT ( 'NONE',  ( 3.611206514627420372, 5.404552479966540091, 0.0000000000000000000 ) ) ;
#5599 = ORIENTED_EDGE ( 'NONE', *, *, #651, .T. ) ;
#5600 = AXIS2_PLACEMENT_3D ( 'NONE', #3677, #6887, #1668 ) ;
#5601 = ADVANCED_FACE ( 'NONE', ( #326 ), #7540, .F. ) ;
#5602 = FACE_OUTER_BOUND ( 'NONE', #300, .T. ) ;
#5603 = DIRECTION ( 'NONE',  ( -0.0000000000000000000, -1.000000000000000000, -0.0000000000000000000 ) ) ;
#5604 = PRESENTATION_STYLE_ASSIGNMENT (( #6820 ) ) ;
#5605 = PRESENTATION_LAYER_ASSIGNMENT (  '', '', ( #7963 ) ) ;
#5606 = AXIS2_PLACEMENT_3D ( 'NONE', #1728, #4995, #7607 ) ;
#5607 = ORIENTED_EDGE ( 'NONE', *, *, #416, .T. ) ;
#5608 = EDGE_CURVE ( 'NONE', #4311, #2743, #1050, .T. ) ;
#5609 = ADVANCED_FACE ( 'NONE', ( #5510 ), #2215, .T. ) ;
#5610 =( NAMED_UNIT ( * ) SI_UNIT ( $, .STERADIAN. ) SOLID_ANGLE_UNIT ( ) );
#5611 = VECTOR ( 'NONE', #8441, 1000.000000000000000 ) ;
#5612 = CARTESIAN_POINT ( 'NONE',  ( 3.459999999999999964, 0.0000000000000000000, 2.200000000000000178 ) ) ;
#5613 =( NAMED_UNIT ( * ) PLANE_ANGLE_UNIT ( ) SI_UNIT ( $, .RADIAN. ) );
#5614 = CARTESIAN_POINT ( 'NONE',  ( -3.673686725085460125, 5.958525475814539618, 0.0000000000000000000 ) ) ;
#5615 = CARTESIAN_POINT ( 'NONE',  ( 0.0000000000000000000, 0.0000000000000000000, 1.699999999999999956 ) ) ;
#5616 = CIRCLE ( 'NONE', #7421, 7.000000000000000000 ) ;
#5617 = ORIENTED_EDGE ( 'NONE', *, *, #5918, .T. ) ;
#5618 = EDGE_CURVE ( 'NONE', #6816, #3440, #1198, .T. ) ;
#5619 = FACE_OUTER_BOUND ( 'NONE', #1059, .T. ) ;
#5620 = DIRECTION ( 'NONE',  ( 0.9486832980505097712, -0.3162277660168500981, 0.0000000000000000000 ) ) ;
#5621 =( NAMED_UNIT ( * ) PLANE_ANGLE_UNIT ( ) SI_UNIT ( $, .RADIAN. ) );
#5622 = CIRCLE ( 'NONE', #1900, 0.7500000000000000000 ) ;
#5623 = MECHANICAL_DESIGN_GEOMETRIC_PRESENTATION_REPRESENTATION (  '', ( #849 ), #6056 ) ;
#5624 = DIRECTION ( 'NONE',  ( -1.000000000000000000, -7.108546341524449421E-16, 0.0000000000000000000 ) ) ;
#5625 = SURFACE_SIDE_STYLE ('',( #8222 ) ) ;
#5626 = SURFACE_SIDE_STYLE ('',( #1547 ) ) ;
#5627 = PLANE ( 'NONE',  #1724 ) ;
#5628 =( GEOMETRIC_REPRESENTATION_CONTEXT ( 3 ) GLOBAL_UNCERTAINTY_ASSIGNED_CONTEXT ( ( #8450 ) ) GLOBAL_UNIT_ASSIGNED_CONTEXT ( ( #3419, #6644, #6068 ) ) REPRESENTATION_CONTEXT ( 'NONE', 'WORKASPACE' ) );
#5629 = CIRCLE ( 'NONE', #1884, 5.200000000000001066 ) ;
#5630 = ORIENTED_EDGE ( 'NONE', *, *, #1617, .F. ) ;
#5631 = ADVANCED_FACE ( 'NONE', ( #2255 ), #3638, .F. ) ;
#5632 = CARTESIAN_POINT ( 'NONE',  ( 1.268087093104830032, -6.375104322620999575, 0.0000000000000000000 ) ) ;
#5633 = ORIENTED_EDGE ( 'NONE', *, *, #7960, .T. ) ;
#5634 =( NAMED_UNIT ( * ) SI_UNIT ( $, .STERADIAN. ) SOLID_ANGLE_UNIT ( ) );
#5635 = CIRCLE ( 'NONE', #6460, 0.5000000000000000000 ) ;
#5636 = PRESENTATION_STYLE_ASSIGNMENT (( #3572 ) ) ;
#5637 = EDGE_CURVE ( 'NONE', #6638, #595, #3756, .T. ) ;
#5638 = ORIENTED_EDGE ( 'NONE', *, *, #7498, .T. ) ;
#5639 = EDGE_LOOP ( 'NONE', ( #8201, #891, #229, #2967 ) ) ;
#5640 = AXIS2_PLACEMENT_3D ( 'NONE', #3311, #4727, #1469 ) ;
#5641 = DIRECTION ( 'NONE',  ( 0.0000000000000000000, 0.0000000000000000000, 1.000000000000000000 ) ) ;
#5642 = EDGE_LOOP ( 'NONE', ( #1323, #2343, #5989, #5710 ) ) ;
#5643 = UNCERTAINTY_MEASURE_WITH_UNIT (LENGTH_MEASURE( 1.000000000000000082E-05 ), #104, 'distance_accuracy_value', 'NONE');
#5644 = SURFACE_STYLE_USAGE ( .BOTH. , #304 ) ;
#5645 = CARTESIAN_POINT ( 'NONE',  ( -4.440892098500630106E-16, -7.445612346359440359, 4.200000000000000178 ) ) ;
#5646 = DIRECTION ( 'NONE',  ( 1.000000000000000000, 0.0000000000000000000, -0.0000000000000000000 ) ) ;
#5647 = DIRECTION ( 'NONE',  ( 0.9936997413604274909, 0.1120750820665309261, -0.0000000000000000000 ) ) ;
#5648 = FILL_AREA_STYLE_COLOUR ( '', #3740 ) ;
#5649 = CARTESIAN_POINT ( 'NONE',  ( 0.0000000000000000000, 0.0000000000000000000, 0.0000000000000000000 ) ) ;
#5650 = ORIENTED_EDGE ( 'NONE', *, *, #6831, .T. ) ;
#5651 = MECHANICAL_DESIGN_GEOMETRIC_PRESENTATION_REPRESENTATION (  '', ( #1789 ), #6906 ) ;
#5652 = CARTESIAN_POINT ( 'NONE',  ( 5.404552479966540091, -3.611206514627410158, -7.000000000000000000 ) ) ;
#5653 = EDGE_CURVE ( 'NONE', #2249, #7754, #8295, .T. ) ;
#5654 = CARTESIAN_POINT ( 'NONE',  ( 2.759999999999999787, -7.445612346359450129, 2.200000000000000178 ) ) ;
#5655 =( NAMED_UNIT ( * ) SI_UNIT ( $, .STERADIAN. ) SOLID_ANGLE_UNIT ( ) );
#5656 = LINE ( 'NONE', #1979, #490 ) ;
#5657 = EDGE_CURVE ( 'NONE', #1612, #8285, #5709, .T. ) ;
#5658 = DIRECTION ( 'NONE',  ( 1.000000000000000000, 0.0000000000000000000, 0.0000000000000000000 ) ) ;
#5659 = AXIS2_PLACEMENT_3D ( 'NONE', #1804, #5080, #6917 ) ;
#5660 = CARTESIAN_POINT ( 'NONE',  ( 5.450000000000000178, 0.0000000000000000000, 2.700000000000000178 ) ) ;
#5661 = ORIENTED_EDGE ( 'NONE', *, *, #3529, .T. ) ;
#5662 = CYLINDRICAL_SURFACE ( 'NONE', #3248, 0.5000000000000004441 ) ;
#5663 = ORIENTED_EDGE ( 'NONE', *, *, #7182, .T. ) ;
#5664 = VECTOR ( 'NONE', #555, 1000.000000000000000 ) ;
#5665 = FACE_OUTER_BOUND ( 'NONE', #100, .T. ) ;
#5666 = DIRECTION ( 'NONE',  ( 1.000000000000000000, 0.0000000000000000000, 0.0000000000000000000 ) ) ;
#5667 = DIRECTION ( 'NONE',  ( 0.3162277660168379967, 0.9486832980505138790, -0.0000000000000000000 ) ) ;
#5668 = FACE_OUTER_BOUND ( 'NONE', #800, .T. ) ;
#5669 = DIRECTION ( 'NONE',  ( -1.000000000000000000, 0.0000000000000000000, 0.0000000000000000000 ) ) ;
#5670 = CARTESIAN_POINT ( 'NONE',  ( 0.0000000000000000000, 0.0000000000000000000, 0.0000000000000000000 ) ) ;
#5671 = ADVANCED_FACE ( 'NONE', ( #5138 ), #6385, .T. ) ;
#5672 = VECTOR ( 'NONE', #28, 1000.000000000000000 ) ;
#5673 = ORIENTED_EDGE ( 'NONE', *, *, #7066, .T. ) ;
#5674 = DIRECTION ( 'NONE',  ( 0.0000000000000000000, 0.0000000000000000000, 1.000000000000000000 ) ) ;
#5675 = ORIENTED_EDGE ( 'NONE', *, *, #2441, .F. ) ;
#5676 = SURFACE_STYLE_FILL_AREA ( #7751 ) ;
#5677 = ADVANCED_FACE ( 'NONE', ( #8329 ), #3844, .F. ) ;
#5678 = LINE ( 'NONE', #1711, #8247 ) ;
#5679 = EDGE_LOOP ( 'NONE', ( #2681, #6202, #1430, #5375 ) ) ;
#5680 = STYLED_ITEM ( 'NONE', ( #7921 ), #3076 ) ;
#5681 = ORIENTED_EDGE ( 'NONE', *, *, #2242, .F. ) ;
#5682 = PRESENTATION_LAYER_ASSIGNMENT (  '', '', ( #6498 ) ) ;
#5683 = LINE ( 'NONE', #5776, #8067 ) ;
#5684 = ORIENTED_EDGE ( 'NONE', *, *, #6205, .T. ) ;
#5685 = CYLINDRICAL_SURFACE ( 'NONE', #3024, 7.000000000000000000 ) ;
#5686 =( LENGTH_UNIT ( ) NAMED_UNIT ( * ) SI_UNIT ( .MILLI., .METRE. ) );
#5687 = VECTOR ( 'NONE', #4792, 1000.000000000000000 ) ;
#5688 = ADVANCED_FACE ( 'NONE', ( #4447 ), #5627, .T. ) ;
#5689 = DIRECTION ( 'NONE',  ( 0.0000000000000000000, 0.0000000000000000000, 1.000000000000000000 ) ) ;
#5690 = DIRECTION ( 'NONE',  ( -0.8031810063152047263, -0.5957350678737109995, 0.0000000000000000000 ) ) ;
#5691 = DIRECTION ( 'NONE',  ( 0.0000000000000000000, 0.0000000000000000000, 1.000000000000000000 ) ) ;
#5692 = ORIENTED_EDGE ( 'NONE', *, *, #4762, .T. ) ;
#5693 = SURFACE_SIDE_STYLE ('',( #349 ) ) ;
#5694 =( NAMED_UNIT ( * ) PLANE_ANGLE_UNIT ( ) SI_UNIT ( $, .RADIAN. ) );
#5695 = CARTESIAN_POINT ( 'NONE',  ( -1.620877659938362969, -6.809754445757402408, 1.000000000000002665 ) ) ;
#5696 = PLANE ( 'NONE',  #4496 ) ;
#5697 = DIRECTION ( 'NONE',  ( -0.0000000000000000000, -0.0000000000000000000, -1.000000000000000000 ) ) ;
#5698 = DIRECTION ( 'NONE',  ( -0.0000000000000000000, -0.0000000000000000000, -1.000000000000000000 ) ) ;
#5699 = PLANE ( 'NONE',  #4201 ) ;
#5700 = EDGE_LOOP ( 'NONE', ( #2565, #7018, #6021, #3501 ) ) ;
#5701 =( LENGTH_UNIT ( ) NAMED_UNIT ( * ) SI_UNIT ( .MILLI., .METRE. ) );
#5702 = EDGE_LOOP ( 'NONE', ( #4257, #3898, #5763, #361 ) ) ;
#5703 = EDGE_CURVE ( 'NONE', #7565, #4083, #6340, .T. ) ;
#5704 = CARTESIAN_POINT ( 'NONE',  ( 0.0000000000000000000, -6.995612346359449951, 2.200000000000000178 ) ) ;
#5705 = FACE_OUTER_BOUND ( 'NONE', #748, .T. ) ;
#5706 = AXIS2_PLACEMENT_3D ( 'NONE', #3229, #5872, #640 ) ;
#5707 = PRESENTATION_STYLE_ASSIGNMENT (( #7663 ) ) ;
#5708 = AXIS2_PLACEMENT_3D ( 'NONE', #4702, #6689, #4112 ) ;
#5709 = LINE ( 'NONE', #3079, #4618 ) ;
#5710 = ORIENTED_EDGE ( 'NONE', *, *, #808, .F. ) ;
#5711 = CARTESIAN_POINT ( 'NONE',  ( 4.460000000000000853, -7.145612346359450306, 2.200000000000000178 ) ) ;
#5712 = VECTOR ( 'NONE', #5913, 1000.000000000000000 ) ;
#5713 = ORIENTED_EDGE ( 'NONE', *, *, #3862, .F. ) ;
#5714 = CIRCLE ( 'NONE', #3368, 1.000000000000000000 ) ;
#5715 = EDGE_CURVE ( 'NONE', #4095, #6784, #2463, .T. ) ;
#5716 =( LENGTH_UNIT ( ) NAMED_UNIT ( * ) SI_UNIT ( .MILLI., .METRE. ) );
#5717 =( NAMED_UNIT ( * ) SI_UNIT ( $, .STERADIAN. ) SOLID_ANGLE_UNIT ( ) );
#5718 = FILL_AREA_STYLE_COLOUR ( '', #5399 ) ;
#5719 =( NAMED_UNIT ( * ) PLANE_ANGLE_UNIT ( ) SI_UNIT ( $, .RADIAN. ) );
#5720 = DIRECTION ( 'NONE',  ( -0.0000000000000000000, 1.000000000000000000, 0.0000000000000000000 ) ) ;
#5721 = STYLED_ITEM ( 'NONE', ( #3207 ), #5783 ) ;
#5722 = EDGE_LOOP ( 'NONE', ( #5008, #6770, #7968, #6426 ) ) ;
#5723 = ORIENTED_EDGE ( 'NONE', *, *, #7182, .F. ) ;
#5724 = LINE ( 'NONE', #5598, #6532 ) ;
#5725 = ORIENTED_EDGE ( 'NONE', *, *, #6057, .F. ) ;
#5726 = UNCERTAINTY_MEASURE_WITH_UNIT (LENGTH_MEASURE( 1.000000000000000082E-05 ), #6178, 'distance_accuracy_value', 'NONE');
#5727 = ADVANCED_FACE ( 'NONE', ( #1453 ), #7214, .T. ) ;
#5728 = AXIS2_PLACEMENT_3D ( 'NONE', #2209, #4759, #3559 ) ;
#5729 = VECTOR ( 'NONE', #7286, 1000.000000000000000 ) ;
#5730 = SURFACE_SIDE_STYLE ('',( #7097 ) ) ;
#5731 =( NAMED_UNIT ( * ) PLANE_ANGLE_UNIT ( ) SI_UNIT ( $, .RADIAN. ) );
#5732 = CARTESIAN_POINT ( 'NONE',  ( 2.453122243864072960, 6.556080479727143917, 1.000000000000000000 ) ) ;
#5733 = SURFACE_SIDE_STYLE ('',( #1840 ) ) ;
#5734 = CARTESIAN_POINT ( 'NONE',  ( 4.771419503187761535, 5.121870354138170711, 1.000000000000001776 ) ) ;
#5735 = VECTOR ( 'NONE', #3369, 1000.000000000000114 ) ;
#5736 = STYLED_ITEM ( 'NONE', ( #887 ), #6192 ) ;
#5737 = EDGE_CURVE ( 'NONE', #5470, #6590, #7920, .T. ) ;
#5738 = ORIENTED_EDGE ( 'NONE', *, *, #5741, .F. ) ;
#5739 = DIRECTION ( 'NONE',  ( -0.0000000000000000000, -0.0000000000000000000, -1.000000000000000000 ) ) ;
#5740 = ORIENTED_EDGE ( 'NONE', *, *, #6105, .F. ) ;
#5741 = EDGE_CURVE ( 'NONE', #4979, #6932, #4543, .T. ) ;
#5742 = CARTESIAN_POINT ( 'NONE',  ( 6.368271747270937588, 2.906047995630967051, 1.000000000000000000 ) ) ;
#5743 = DIRECTION ( 'NONE',  ( 0.07088902009067907239, -0.9974842088126424366, 0.0000000000000000000 ) ) ;
#5744 = PRESENTATION_LAYER_ASSIGNMENT (  '', '', ( #7252 ) ) ;
#5745 = VECTOR ( 'NONE', #7705, 1000.000000000000000 ) ;
#5746 = LINE ( 'NONE', #2405, #5664 ) ;
#5747 = CARTESIAN_POINT ( 'NONE',  ( -1.595004854618151224, 6.815860878403001699, 0.0000000000000000000 ) ) ;
#5748 = EDGE_CURVE ( 'NONE', #2869, #3113, #382, .T. ) ;
#5749 = FILL_AREA_STYLE_COLOUR ( '', #4761 ) ;
#5750 = AXIS2_PLACEMENT_3D ( 'NONE', #4188, #957, #3552 ) ;
#5751 = VERTEX_POINT ( 'NONE', #7966 ) ;
#5752 = DIRECTION ( 'NONE',  ( -0.8622048423282554497, 0.5065597791630402913, 0.0000000000000000000 ) ) ;
#5753 = DIRECTION ( 'NONE',  ( -0.0000000000000000000, -0.0000000000000000000, -1.000000000000000000 ) ) ;
#5754 = CARTESIAN_POINT ( 'NONE',  ( 2.910901577962259790, 6.366054665443650507, 0.0000000000000000000 ) ) ;
#5755 = PRESENTATION_STYLE_ASSIGNMENT (( #3160 ) ) ;
#5756 = DIRECTION ( 'NONE',  ( -0.0000000000000000000, -0.0000000000000000000, -1.000000000000000000 ) ) ;
#5757 = DIRECTION ( 'NONE',  ( 1.000000000000000000, 0.0000000000000000000, 0.0000000000000000000 ) ) ;
#5758 = CARTESIAN_POINT ( 'NONE',  ( 3.691702698016903206, -5.947380195468820574, -7.000000000000000000 ) ) ;
#5759 = PLANE ( 'NONE',  #4978 ) ;
#5760 = ORIENTED_EDGE ( 'NONE', *, *, #4440, .F. ) ;
#5761 = FILL_AREA_STYLE_COLOUR ( '', #3237 ) ;
#5762 = CIRCLE ( 'NONE', #2734, 7.000000000000000000 ) ;
#5763 = ORIENTED_EDGE ( 'NONE', *, *, #1290, .T. ) ;
#5764 = AXIS2_PLACEMENT_3D ( 'NONE', #3941, #1505, #3482 ) ;
#5765 = LINE ( 'NONE', #5057, #7158 ) ;
#5766 = DIRECTION ( 'NONE',  ( -0.9891830423698457775, -0.1466864298015869983, 0.0000000000000000000 ) ) ;
#5767 = DIRECTION ( 'NONE',  ( 0.0000000000000000000, 0.0000000000000000000, 1.000000000000000000 ) ) ;
#5768 = VECTOR ( 'NONE', #1206, 1000.000000000000000 ) ;
#5769 = ADVANCED_FACE ( 'NONE', ( #1954 ), #2605, .T. ) ;
#5770 = CYLINDRICAL_SURFACE ( 'NONE', #6195, 0.7500000000000000000 ) ;
#5771 = MECHANICAL_DESIGN_GEOMETRIC_PRESENTATION_REPRESENTATION (  '', ( #4806 ), #3007 ) ;
#5772 = DIRECTION ( 'NONE',  ( 1.000000000000000000, 0.0000000000000000000, 0.0000000000000000000 ) ) ;
#5773 = EDGE_CURVE ( 'NONE', #1955, #7543, #1378, .T. ) ;
#5774 = EDGE_LOOP ( 'NONE', ( #1770, #7623, #6948, #933, #8330, #4213, #779, #5373, #3399, #3370, #7469, #5692, #2225, #5817, #7737, #5201, #4023, #6270, #5633, #7723, #7277, #6502, #1836, #7708, #2739, #4302, #787, #4812, #7519, #924, #4693, #1517, #6857, #6814, #1456, #5253, #458, #896, #7492, #337, #6674, #7867, #6771, #2010, #790, #7625, #812, #1785, #6698, #627, #7901, #2498, #5565, #1419, #2373, #8343, #2136, #4321, #3319, #2842, #5557, #2946, #7427, #3449, #3594, #2413, #4472, #2239, #737, #8024, #1561, #6238, #3989, #2147, #6999, #4748, #3509, #4960, #7343, #2424, #4353, #393, #4009, #3503, #2639, #1581, #962, #1006, #191, #7502, #2483, #7354, #6164, #631, #6317, #2667 ) ) ;
#5775 = ORIENTED_EDGE ( 'NONE', *, *, #6507, .F. ) ;
#5776 = CARTESIAN_POINT ( 'NONE',  ( 4.460000000000000853, -6.945612346359450129, 4.200000000000000178 ) ) ;
#5777 = ORIENTED_EDGE ( 'NONE', *, *, #305, .F. ) ;
#5778 = AXIS2_PLACEMENT_3D ( 'NONE', #5106, #3809, #7842 ) ;
#5779 = DIRECTION ( 'NONE',  ( 1.000000000000000000, 0.0000000000000000000, 0.0000000000000000000 ) ) ;
#5780 = FILL_AREA_STYLE_COLOUR ( '', #6863 ) ;
#5781 = DIRECTION ( 'NONE',  ( 0.1120750820665309122, -0.9936997413604273799, -0.0000000000000000000 ) ) ;
#5782 = CARTESIAN_POINT ( 'NONE',  ( 5.947380195468819686, 3.691702698016909867, 0.0000000000000000000 ) ) ;
#5783 = ADVANCED_FACE ( 'NONE', ( #3928 ), #5850, .F. ) ;
#5784 = MECHANICAL_DESIGN_GEOMETRIC_PRESENTATION_REPRESENTATION (  '', ( #3836 ), #3019 ) ;
#5785 = CARTESIAN_POINT ( 'NONE',  ( -3.800000000000000266, -4.645612346359444977, 1.500000000000000000 ) ) ;
#5786 = ORIENTED_EDGE ( 'NONE', *, *, #1801, .F. ) ;
#5787 = PLANE ( 'NONE',  #1452 ) ;
#5788 = ORIENTED_EDGE ( 'NONE', *, *, #2969, .T. ) ;
#5789 = DIRECTION ( 'NONE',  ( 1.000000000000000000, 0.0000000000000000000, 0.0000000000000000000 ) ) ;
#5790 = CYLINDRICAL_SURFACE ( 'NONE', #1702, 7.000000000000000000 ) ;
#5791 = SURFACE_SIDE_STYLE ('',( #6950 ) ) ;
#5792 = DIRECTION ( 'NONE',  ( 0.0000000000000000000, 0.0000000000000000000, 1.000000000000000000 ) ) ;
#5793 = CARTESIAN_POINT ( 'NONE',  ( 0.0000000000000000000, -7.145612346359450306, 2.200000000000000178 ) ) ;
#5794 = DIRECTION ( 'NONE',  ( 1.000000000000000000, 0.0000000000000000000, 0.0000000000000000000 ) ) ;
#5795 = EDGE_CURVE ( 'NONE', #8154, #2143, #7308, .T. ) ;
#5796 = DIRECTION ( 'NONE',  ( -0.0000000000000000000, -0.0000000000000000000, -1.000000000000000000 ) ) ;
#5797 = STYLED_ITEM ( 'NONE', ( #4077 ), #1007 ) ;
#5798 = UNCERTAINTY_MEASURE_WITH_UNIT (LENGTH_MEASURE( 1.000000000000000082E-05 ), #8076, 'distance_accuracy_value', 'NONE');
#5799 = SURFACE_STYLE_USAGE ( .BOTH. , #565 ) ;
#5800 = SURFACE_STYLE_USAGE ( .BOTH. , #3158 ) ;
#5801 = LINE ( 'NONE', #5234, #4935 ) ;
#5802 = FACE_OUTER_BOUND ( 'NONE', #3813, .T. ) ;
#5803 = EDGE_CURVE ( 'NONE', #5333, #7759, #5327, .T. ) ;
#5804 = SURFACE_STYLE_FILL_AREA ( #3801 ) ;
#5805 = DIRECTION ( 'NONE',  ( 0.0000000000000000000, 0.0000000000000000000, 1.000000000000000000 ) ) ;
#5806 = ORIENTED_EDGE ( 'NONE', *, *, #1849, .T. ) ;
#5807 = STYLED_ITEM ( 'NONE', ( #5836 ), #1468 ) ;
#5808 = ORIENTED_EDGE ( 'NONE', *, *, #5956, .F. ) ;
#5809 = CARTESIAN_POINT ( 'NONE',  ( -5.200000000000000178, 2.000000000000000000, 2.200000000000000178 ) ) ;
#5810 = LINE ( 'NONE', #5146, #5085 ) ;
#5811 = SURFACE_SIDE_STYLE ('',( #5857 ) ) ;
#5812 = PRESENTATION_LAYER_ASSIGNMENT (  '', '', ( #8155 ) ) ;
#5813 = SURFACE_STYLE_USAGE ( .BOTH. , #4381 ) ;
#5814 = CARTESIAN_POINT ( 'NONE',  ( -5.404552479966540979, 3.611206514627420372, 0.0000000000000000000 ) ) ;
#5815 = PRESENTATION_STYLE_ASSIGNMENT (( #5018 ) ) ;
#5816 = VERTEX_POINT ( 'NONE', #4672 ) ;
#5817 = ORIENTED_EDGE ( 'NONE', *, *, #6360, .F. ) ;
#5818 = DIRECTION ( 'NONE',  ( -0.8793582917768292262, 0.4761606815806371240, 0.0000000000000000000 ) ) ;
#5819 = EDGE_LOOP ( 'NONE', ( #7114, #331 ) ) ;
#5820 = AXIS2_PLACEMENT_3D ( 'NONE', #1357, #6458, #592 ) ;
#5821 = VECTOR ( 'NONE', #8376, 1000.000000000000000 ) ;
#5822 = ADVANCED_FACE ( 'NONE', ( #1417 ), #149, .F. ) ;
#5823 = DIRECTION ( 'NONE',  ( 0.0000000000000000000, 0.0000000000000000000, 1.000000000000000000 ) ) ;
#5824 = PRESENTATION_STYLE_ASSIGNMENT (( #2439 ) ) ;
#5825 = DIRECTION ( 'NONE',  ( -0.0000000000000000000, -0.0000000000000000000, -1.000000000000000000 ) ) ;
#5826 = VECTOR ( 'NONE', #3926, 1000.000000000000000 ) ;
#5827 = DIRECTION ( 'NONE',  ( 0.6302023235321212447, -0.7764309572748342436, -0.0000000000000000000 ) ) ;
#5828 = ORIENTED_EDGE ( 'NONE', *, *, #1537, .T. ) ;
#5829 = VERTEX_POINT ( 'NONE', #5190 ) ;
#5830 = DIRECTION ( 'NONE',  ( 0.0000000000000000000, 0.0000000000000000000, 1.000000000000000000 ) ) ;
#5831 = ORIENTED_EDGE ( 'NONE', *, *, #3465, .T. ) ;
#5832 = CARTESIAN_POINT ( 'NONE',  ( 6.815860878403001699, 1.595004854618150558, 0.0000000000000000000 ) ) ;
#5833 = VECTOR ( 'NONE', #838, 1000.000000000000000 ) ;
#5834 = VECTOR ( 'NONE', #5039, 1000.000000000000000 ) ;
#5835 = CARTESIAN_POINT ( 'NONE',  ( 0.0000000000000000000, 0.0000000000000000000, 1.500000000000000000 ) ) ;
#5836 = PRESENTATION_STYLE_ASSIGNMENT (( #3663 ) ) ;
#5837 = LINE ( 'NONE', #5169, #1097 ) ;
#5838 = CARTESIAN_POINT ( 'NONE',  ( -5.671109727513903742, -4.103475899587712306, 0.0000000000000000000 ) ) ;
#5839 = FILL_AREA_STYLE_COLOUR ( '', #2744 ) ;
#5840 = DIRECTION ( 'NONE',  ( 1.000000000000000000, 0.0000000000000000000, -0.0000000000000000000 ) ) ;
#5841 = COLOUR_RGB ( '',0.0000000000000000000, 0.0000000000000000000, 0.0000000000000000000 ) ;
#5842 = VERTEX_POINT ( 'NONE', #7173 ) ;
#5843 = ORIENTED_EDGE ( 'NONE', *, *, #4029, .T. ) ;
#5844 = EDGE_CURVE ( 'NONE', #6166, #8154, #1299, .T. ) ;
#5845 = SURFACE_STYLE_FILL_AREA ( #2720 ) ;
#5846 = DIRECTION ( 'NONE',  ( 0.7071067811865474617, 0.7071067811865474617, 0.0000000000000000000 ) ) ;
#5847 = DIRECTION ( 'NONE',  ( 0.0000000000000000000, 0.0000000000000000000, 1.000000000000000000 ) ) ;
#5848 = DIRECTION ( 'NONE',  ( 0.2851037643279368816, 0.9584966580880918130, -0.0000000000000000000 ) ) ;
#5849 = CARTESIAN_POINT ( 'NONE',  ( -1.400000000000000133, -5.495612346359449951, 2.200000000000000178 ) ) ;
#5850 = PLANE ( 'NONE',  #2831 ) ;
#5851 = DIRECTION ( 'NONE',  ( 0.0000000000000000000, 1.000000000000000000, -0.0000000000000000000 ) ) ;
#5852 = ORIENTED_EDGE ( 'NONE', *, *, #3240, .F. ) ;
#5853 = ADVANCED_FACE ( 'NONE', ( #19 ), #7448, .F. ) ;
#5854 = ADVANCED_FACE ( 'NONE', ( #4232 ), #7397, .F. ) ;
#5855 = MECHANICAL_DESIGN_GEOMETRIC_PRESENTATION_REPRESENTATION (  '', ( #3636 ), #5006 ) ;
#5856 = DIRECTION ( 'NONE',  ( 0.0000000000000000000, 0.0000000000000000000, 1.000000000000000000 ) ) ;
#5857 = SURFACE_STYLE_FILL_AREA ( #3169 ) ;
#5858 = DIRECTION ( 'NONE',  ( 1.000000000000000000, 0.0000000000000000000, 0.0000000000000000000 ) ) ;
#5859 = DIRECTION ( 'NONE',  ( 1.000000000000000000, 0.0000000000000000000, 0.0000000000000000000 ) ) ;
#5860 = VERTEX_POINT ( 'NONE', #3507 ) ;
#5861 = AXIS2_PLACEMENT_3D ( 'NONE', #8206, #3741, #6221 ) ;
#5862 = EDGE_LOOP ( 'NONE', ( #6577, #5852, #5194, #6159 ) ) ;
#5863 = DIRECTION ( 'NONE',  ( -0.4761606815806371240, -0.8793582917768292262, 0.0000000000000000000 ) ) ;
#5864 = EDGE_LOOP ( 'NONE', ( #7553, #4653, #828, #1722 ) ) ;
#5865 = DIRECTION ( 'NONE',  ( -0.0000000000000000000, -0.0000000000000000000, -1.000000000000000000 ) ) ;
#5866 = DIRECTION ( 'NONE',  ( -0.0000000000000000000, 1.000000000000000000, 0.0000000000000000000 ) ) ;
#5867 =( GEOMETRIC_REPRESENTATION_CONTEXT ( 3 ) GLOBAL_UNCERTAINTY_ASSIGNED_CONTEXT ( ( #7464 ) ) GLOBAL_UNIT_ASSIGNED_CONTEXT ( ( #3847, #6567, #3253 ) ) REPRESENTATION_CONTEXT ( 'NONE', 'WORKASPACE' ) );
#5868 = AXIS2_PLACEMENT_3D ( 'NONE', #1991, #4629, #7873 ) ;
#5869 = EDGE_LOOP ( 'NONE', ( #4395, #8446, #4605, #2703 ) ) ;
#5870 = EDGE_CURVE ( 'NONE', #1438, #2751, #318, .T. ) ;
#5871 = VERTEX_POINT ( 'NONE', #2900 ) ;
#5872 = DIRECTION ( 'NONE',  ( 0.8031810063152047263, -0.5957350678737109995, 0.0000000000000000000 ) ) ;
#5873 = ORIENTED_EDGE ( 'NONE', *, *, #3675, .F. ) ;
#5874 = VECTOR ( 'NONE', #514, 1000.000000000000000 ) ;
#5875 = FACE_OUTER_BOUND ( 'NONE', #4330, .T. ) ;
#5876 =( NAMED_UNIT ( * ) SI_UNIT ( $, .STERADIAN. ) SOLID_ANGLE_UNIT ( ) );
#5877 = DIRECTION ( 'NONE',  ( -0.0000000000000000000, -0.0000000000000000000, -1.000000000000000000 ) ) ;
#5878 = DIRECTION ( 'NONE',  ( -0.0000000000000000000, -0.0000000000000000000, -1.000000000000000000 ) ) ;
#5879 = DIRECTION ( 'NONE',  ( -0.0000000000000000000, -0.0000000000000000000, -1.000000000000000000 ) ) ;
#5880 = VECTOR ( 'NONE', #5005, 1000.000000000000227 ) ;
#5881 = DIRECTION ( 'NONE',  ( 0.05346972352259062727, 0.9985694711267804058, 0.0000000000000000000 ) ) ;
#5882 = EDGE_CURVE ( 'NONE', #3874, #4535, #5537, .T. ) ;
#5883 = EDGE_CURVE ( 'NONE', #187, #6766, #7529, .T. ) ;
#5884 = ORIENTED_EDGE ( 'NONE', *, *, #3240, .T. ) ;
#5885 = FACE_OUTER_BOUND ( 'NONE', #6924, .T. ) ;
#5886 = MECHANICAL_DESIGN_GEOMETRIC_PRESENTATION_REPRESENTATION (  '', ( #3257 ), #2851 ) ;
#5887 = ORIENTED_EDGE ( 'NONE', *, *, #6260, .T. ) ;
#5888 = UNCERTAINTY_MEASURE_WITH_UNIT (LENGTH_MEASURE( 1.000000000000000082E-05 ), #3561, 'distance_accuracy_value', 'NONE');
#5889 =( GEOMETRIC_REPRESENTATION_CONTEXT ( 3 ) GLOBAL_UNCERTAINTY_ASSIGNED_CONTEXT ( ( #5088 ) ) GLOBAL_UNIT_ASSIGNED_CONTEXT ( ( #1037, #5613, #5655 ) ) REPRESENTATION_CONTEXT ( 'NONE', 'WORKASPACE' ) );
#5890 = CARTESIAN_POINT ( 'NONE',  ( 6.815860878403001699, -1.595004854618150114, 0.0000000000000000000 ) ) ;
#5891 = DIRECTION ( 'NONE',  ( 0.0000000000000000000, -1.000000000000000000, -0.0000000000000000000 ) ) ;
#5892 = FILL_AREA_STYLE ('',( #781 ) ) ;
#5893 = CARTESIAN_POINT ( 'NONE',  ( 1.620877659938357196, -6.809754445757406849, 0.0000000000000000000 ) ) ;
#5894 =( NAMED_UNIT ( * ) PLANE_ANGLE_UNIT ( ) SI_UNIT ( $, .RADIAN. ) );
#5895 = PRESENTATION_LAYER_ASSIGNMENT (  '', '', ( #6417 ) ) ;
#5896 = DIRECTION ( 'NONE',  ( 0.0000000000000000000, 0.0000000000000000000, 1.000000000000000000 ) ) ;
#5897 = EDGE_CURVE ( 'NONE', #1623, #3972, #5573, .T. ) ;
#5898 = VERTEX_POINT ( 'NONE', #1657 ) ;
#5899 = DIRECTION ( 'NONE',  ( 0.0000000000000000000, 0.0000000000000000000, 1.000000000000000000 ) ) ;
#5900 = STYLED_ITEM ( 'NONE', ( #5815 ), #7849 ) ;
#5901 = CARTESIAN_POINT ( 'NONE',  ( -5.199999999999993072, -5.645612346359440537, 1.199999999999998845 ) ) ;
#5902 = VECTOR ( 'NONE', #1111, 1000.000000000000000 ) ;
#5903 = DIRECTION ( 'NONE',  ( 0.7071067811865462405, -0.7071067811865489050, 0.0000000000000000000 ) ) ;
#5904 = SURFACE_SIDE_STYLE ('',( #5289 ) ) ;
#5905 = DIRECTION ( 'NONE',  ( 1.000000000000000000, 0.0000000000000000000, 0.0000000000000000000 ) ) ;
#5906 = DIRECTION ( 'NONE',  ( 1.000000000000000000, 0.0000000000000000000, 0.0000000000000000000 ) ) ;
#5907 = CARTESIAN_POINT ( 'NONE',  ( -5.450000000000000178, 0.0000000000000000000, 1.699999999999999956 ) ) ;
#5908 = EDGE_CURVE ( 'NONE', #6117, #5914, #836, .T. ) ;
#5909 = STYLED_ITEM ( 'NONE', ( #2499 ), #5186 ) ;
#5910 = MECHANICAL_DESIGN_GEOMETRIC_PRESENTATION_REPRESENTATION (  '', ( #3812 ), #7275 ) ;
#5911 = PRESENTATION_LAYER_ASSIGNMENT (  '', '', ( #7981 ) ) ;
#5912 = VERTEX_POINT ( 'NONE', #4119 ) ;
#5913 = DIRECTION ( 'NONE',  ( 0.0000000000000000000, -0.0000000000000000000, -1.000000000000000000 ) ) ;
#5914 = VERTEX_POINT ( 'NONE', #6920 ) ;
#5915 = DIRECTION ( 'NONE',  ( -0.4761606815806371240, 0.8793582917768292262, -0.0000000000000000000 ) ) ;
#5916 = FILL_AREA_STYLE_COLOUR ( '', #6206 ) ;
#5917 = AXIS2_PLACEMENT_3D ( 'NONE', #1473, #1394, #2049 ) ;
#5918 = EDGE_CURVE ( 'NONE', #4760, #7676, #6684, .T. ) ;
#5919 = LINE ( 'NONE', #7193, #6039 ) ;
#5920 =( LENGTH_UNIT ( ) NAMED_UNIT ( * ) SI_UNIT ( .MILLI., .METRE. ) );
#5921 = ORIENTED_EDGE ( 'NONE', *, *, #6633, .F. ) ;
#5922 = ORIENTED_EDGE ( 'NONE', *, *, #1945, .F. ) ;
#5923 = VECTOR ( 'NONE', #5250, 1000.000000000000000 ) ;
#5924 = DIRECTION ( 'NONE',  ( -1.000000000000000000, 0.0000000000000000000, -0.0000000000000000000 ) ) ;
#5925 = VERTEX_POINT ( 'NONE', #3666 ) ;
#5926 = CARTESIAN_POINT ( 'NONE',  ( -3.673686725085457017, 5.958525475814539618, -7.000000000000000000 ) ) ;
#5927 = DIRECTION ( 'NONE',  ( 0.0000000000000000000, 0.0000000000000000000, 1.000000000000000000 ) ) ;
#5928 = LINE ( 'NONE', #7202, #333 ) ;
#5929 = SURFACE_SIDE_STYLE ('',( #2674 ) ) ;
#5930 = DIRECTION ( 'NONE',  ( 1.000000000000000000, -1.509903313490213211E-14, 0.0000000000000000000 ) ) ;
#5931 = CARTESIAN_POINT ( 'NONE',  ( -5.199999999999999289, -0.5000000000000000000, 2.200000000000000178 ) ) ;
#5932 = ORIENTED_EDGE ( 'NONE', *, *, #5378, .F. ) ;
#5933 = DIRECTION ( 'NONE',  ( 3.947459643111669945E-16, -0.0000000000000000000, 1.000000000000000000 ) ) ;
#5934 = EDGE_LOOP ( 'NONE', ( #4073, #8174, #2527, #2886 ) ) ;
#5935 = DIRECTION ( 'NONE',  ( -0.0000000000000000000, -0.0000000000000000000, -1.000000000000000000 ) ) ;
#5936 = EDGE_CURVE ( 'NONE', #595, #5972, #7695, .T. ) ;
#5937 = DIRECTION ( 'NONE',  ( 0.0000000000000000000, 0.0000000000000000000, 1.000000000000000000 ) ) ;
#5938 = LINE ( 'NONE', #6476, #5745 ) ;
#5939 = DIRECTION ( 'NONE',  ( 0.0000000000000000000, 0.0000000000000000000, 1.000000000000000000 ) ) ;
#5940 = CARTESIAN_POINT ( 'NONE',  ( 6.005216961323360358, -2.487442310373090049, -7.000000000000000000 ) ) ;
#5941 = VERTEX_POINT ( 'NONE', #434 ) ;
#5942 = SURFACE_STYLE_USAGE ( .BOTH. , #7264 ) ;
#5943 = ORIENTED_EDGE ( 'NONE', *, *, #7266, .F. ) ;
#5944 = VECTOR ( 'NONE', #6430, 1000.000000000000000 ) ;
#5945 = DIRECTION ( 'NONE',  ( 0.0000000000000000000, 0.0000000000000000000, 1.000000000000000000 ) ) ;
#5946 = EDGE_CURVE ( 'NONE', #7845, #4771, #8476, .T. ) ;
#5947 =( NAMED_UNIT ( * ) PLANE_ANGLE_UNIT ( ) SI_UNIT ( $, .RADIAN. ) );
#5948 =( NAMED_UNIT ( * ) PLANE_ANGLE_UNIT ( ) SI_UNIT ( $, .RADIAN. ) );
#5949 = CARTESIAN_POINT ( 'NONE',  ( 6.005216961323360358, -2.487442310373083831, -7.000000000000000000 ) ) ;
#5950 = SURFACE_SIDE_STYLE ('',( #1464 ) ) ;
#5951 = FILL_AREA_STYLE_COLOUR ( '', #7516 ) ;
#5952 = PRESENTATION_LAYER_ASSIGNMENT (  '', '', ( #4559 ) ) ;
#5953 = ORIENTED_EDGE ( 'NONE', *, *, #8397, .F. ) ;
#5954 = DIRECTION ( 'NONE',  ( -0.4472135954999579832, -0.8944271909999159664, 0.0000000000000000000 ) ) ;
#5956 = EDGE_CURVE ( 'NONE', #5914, #3909, #3029, .T. ) ;
#5955 = CARTESIAN_POINT ( 'NONE',  ( 5.150000000000000355, -0.5000000000000000000, 2.200000000000000178 ) ) ;
#5957 = DIRECTION ( 'NONE',  ( 0.4761606815806371240, -0.8793582917768292262, -0.0000000000000000000 ) ) ;
#5958 = FACE_OUTER_BOUND ( 'NONE', #1935, .T. ) ;
#5959 = VERTEX_POINT ( 'NONE', #3111 ) ;
#5960 = ORIENTED_EDGE ( 'NONE', *, *, #7326, .F. ) ;
#5961 = STYLED_ITEM ( 'NONE', ( #6383 ), #1914 ) ;
#5962 = CARTESIAN_POINT ( 'NONE',  ( 0.1999999999999991229, -5.645612346359450306, 1.200000000000000178 ) ) ;
#5963 = ORIENTED_EDGE ( 'NONE', *, *, #2730, .T. ) ;
#5964 = DIRECTION ( 'NONE',  ( 0.0000000000000000000, 0.0000000000000000000, -1.000000000000000000 ) ) ;
#5966 = EDGE_CURVE ( 'NONE', #7042, #4872, #115, .T. ) ;
#5965 = DIRECTION ( 'NONE',  ( -0.0000000000000000000, -0.0000000000000000000, -1.000000000000000000 ) ) ;
#5967 = CIRCLE ( 'NONE', #2645, 7.000000000000000000 ) ;
#5968 = COLOUR_RGB ( '',0.1529411764705882470, 0.1529411764705882470, 0.1529411764705882470 ) ;
#5969 = FACE_OUTER_BOUND ( 'NONE', #7746, .T. ) ;
#5970 = CARTESIAN_POINT ( 'NONE',  ( 5.656854249492379694, -4.949747468305830012, -7.000000000000000000 ) ) ;
#5971 = SURFACE_SIDE_STYLE ('',( #3326 ) ) ;
#5972 = VERTEX_POINT ( 'NONE', #4959 ) ;
#5973 = PRESENTATION_LAYER_ASSIGNMENT (  '', '', ( #482 ) ) ;
#5974 = CIRCLE ( 'NONE', #3887, 7.000000000000000000 ) ;
#5975 = ORIENTED_EDGE ( 'NONE', *, *, #3312, .F. ) ;
#5976 = DIRECTION ( 'NONE',  ( -1.000000000000000000, 0.0000000000000000000, 0.0000000000000000000 ) ) ;
#5977 = SURFACE_SIDE_STYLE ('',( #5235 ) ) ;
#5978 = AXIS2_PLACEMENT_3D ( 'NONE', #4392, #380, #2975 ) ;
#5979 = FACE_OUTER_BOUND ( 'NONE', #3307, .T. ) ;
#5980 = SURFACE_STYLE_USAGE ( .BOTH. , #4022 ) ;
#5981 = ORIENTED_EDGE ( 'NONE', *, *, #7774, .F. ) ;
#5982 = EDGE_CURVE ( 'NONE', #688, #8238, #7652, .T. ) ;
#5983 = DIRECTION ( 'NONE',  ( 0.0000000000000000000, 0.0000000000000000000, 1.000000000000000000 ) ) ;
#5984 = ORIENTED_EDGE ( 'NONE', *, *, #2911, .T. ) ;
#5985 = DIRECTION ( 'NONE',  ( 0.0000000000000000000, 0.0000000000000000000, 1.000000000000000000 ) ) ;
#5986 = DIRECTION ( 'NONE',  ( 0.0000000000000000000, 0.0000000000000000000, 1.000000000000000000 ) ) ;
#5987 = DIRECTION ( 'NONE',  ( -0.0000000000000000000, -0.0000000000000000000, -1.000000000000000000 ) ) ;
#5988 = DIRECTION ( 'NONE',  ( 0.0000000000000000000, 0.0000000000000000000, 1.000000000000000000 ) ) ;
#5989 = ORIENTED_EDGE ( 'NONE', *, *, #1665, .T. ) ;
#5990 = ADVANCED_FACE ( 'NONE', ( #4998 ), #5699, .F. ) ;
#5991 = DIRECTION ( 'NONE',  ( 0.0000000000000000000, 0.0000000000000000000, 1.000000000000000000 ) ) ;
#5992 = COLOUR_RGB ( '',0.0000000000000000000, 0.0000000000000000000, 0.0000000000000000000 ) ;
#5993 = ORIENTED_EDGE ( 'NONE', *, *, #5483, .F. ) ;
#5994 = DIRECTION ( 'NONE',  ( 0.8944271909999158554, -0.4472135954999579277, -0.0000000000000000000 ) ) ;
#5995 = AXIS2_PLACEMENT_3D ( 'NONE', #4681, #4034, #4553 ) ;
#5996 =( NAMED_UNIT ( * ) SI_UNIT ( $, .STERADIAN. ) SOLID_ANGLE_UNIT ( ) );
#5997 = ORIENTED_EDGE ( 'NONE', *, *, #1316, .T. ) ;
#5998 = CARTESIAN_POINT ( 'NONE',  ( 0.0000000000000000000, -7.445612346359450129, 1.199999999999999956 ) ) ;
#5999 = EDGE_LOOP ( 'NONE', ( #8454, #5109, #1999, #3584 ) ) ;
#6000 = EDGE_CURVE ( 'NONE', #5306, #2095, #6421, .T. ) ;
#6001 = EDGE_LOOP ( 'NONE', ( #8142, #6186, #4420, #5788 ) ) ;
#6002 = COLOUR_RGB ( '',0.1529411764705882470, 0.1529411764705882470, 0.1529411764705882470 ) ;
#6003 = COLOUR_RGB ( '',0.0000000000000000000, 0.0000000000000000000, 0.0000000000000000000 ) ;
#6004 = SURFACE_SIDE_STYLE ('',( #817 ) ) ;
#6005 = DIRECTION ( 'NONE',  ( 0.0000000000000000000, -1.000000000000000000, -0.0000000000000000000 ) ) ;
#6006 = DIRECTION ( 'NONE',  ( 0.0000000000000000000, 0.0000000000000000000, 1.000000000000000000 ) ) ;
#6007 = DIRECTION ( 'NONE',  ( 1.000000000000000000, 0.0000000000000000000, 0.0000000000000000000 ) ) ;
#6008 = CARTESIAN_POINT ( 'NONE',  ( 0.5000000000000000000, 0.0000000000000000000, 1.500000000000000000 ) ) ;
#6009 = AXIS2_PLACEMENT_3D ( 'NONE', #2785, #5415, #4159 ) ;
#6010 = CIRCLE ( 'NONE', #2839, 1.000000000000000000 ) ;
#6011 = ORIENTED_EDGE ( 'NONE', *, *, #3442, .T. ) ;
#6012 = EDGE_CURVE ( 'NONE', #4689, #2517, #1730, .T. ) ;
#6013 = DIRECTION ( 'NONE',  ( 0.0000000000000000000, 0.0000000000000000000, -1.000000000000000000 ) ) ;
#6014 =( NAMED_UNIT ( * ) SI_UNIT ( $, .STERADIAN. ) SOLID_ANGLE_UNIT ( ) );
#6015 = AXIS2_PLACEMENT_3D ( 'NONE', #1772, #6882, #1622 ) ;
#6016 = CYLINDRICAL_SURFACE ( 'NONE', #8250, 0.5999999999999998668 ) ;
#6017 = COLOUR_RGB ( '',0.1529411764705882470, 0.1529411764705882470, 0.1529411764705882470 ) ;
#6018 = SURFACE_SIDE_STYLE ('',( #6561 ) ) ;
#6019 = CARTESIAN_POINT ( 'NONE',  ( 5.450000000000000178, 0.0000000000000000000, 1.699999999999999956 ) ) ;
#6020 = CARTESIAN_POINT ( 'NONE',  ( 3.959999999999999964, -7.145612346359450306, 4.200000000000000178 ) ) ;
#6021 = ORIENTED_EDGE ( 'NONE', *, *, #444, .T. ) ;
#6022 = AXIS2_PLACEMENT_3D ( 'NONE', #1200, #1329, #6555 ) ;
#6023 = DIRECTION ( 'NONE',  ( 0.0000000000000000000, 0.0000000000000000000, 1.000000000000000000 ) ) ;
#6024 = STYLED_ITEM ( 'NONE', ( #8282 ), #6452 ) ;
#6025 = VERTEX_POINT ( 'NONE', #7029 ) ;
#6026 = DIRECTION ( 'NONE',  ( -1.000000000000000000, 0.0000000000000000000, 0.0000000000000000000 ) ) ;
#6027 = EDGE_LOOP ( 'NONE', ( #3893, #1247 ) ) ;
#6028 = SURFACE_STYLE_FILL_AREA ( #3516 ) ;
#6029 = CIRCLE ( 'NONE', #2292, 7.000000000000000000 ) ;
#6030 = DIRECTION ( 'NONE',  ( 0.0000000000000000000, 0.0000000000000000000, 1.000000000000000000 ) ) ;
#6031 = VECTOR ( 'NONE', #5878, 1000.000000000000000 ) ;
#6032 = DIRECTION ( 'NONE',  ( 0.0000000000000000000, 0.0000000000000000000, 1.000000000000000000 ) ) ;
#6033 = DIRECTION ( 'NONE',  ( 0.0000000000000000000, 0.0000000000000000000, 1.000000000000000000 ) ) ;
#6034 = ORIENTED_EDGE ( 'NONE', *, *, #7403, .T. ) ;
#6035 = VECTOR ( 'NONE', #5752, 999.9999999999998863 ) ;
#6036 = CARTESIAN_POINT ( 'NONE',  ( 2.487442310373079835, -6.005216961323360358, -7.000000000000000000 ) ) ;
#6037 =( GEOMETRIC_REPRESENTATION_CONTEXT ( 3 ) GLOBAL_UNCERTAINTY_ASSIGNED_CONTEXT ( ( #1154 ) ) GLOBAL_UNIT_ASSIGNED_CONTEXT ( ( #4603, #4731, #3954 ) ) REPRESENTATION_CONTEXT ( 'NONE', 'WORKASPACE' ) );
#6038 = ORIENTED_EDGE ( 'NONE', *, *, #7584, .T. ) ;
#6039 = VECTOR ( 'NONE', #6043, 1000.000000000000000 ) ;
#6040 = DIRECTION ( 'NONE',  ( 0.0000000000000000000, 0.0000000000000000000, 1.000000000000000000 ) ) ;
#6041 = DIRECTION ( 'NONE',  ( -0.0000000000000000000, -0.0000000000000000000, -1.000000000000000000 ) ) ;
#6042 = EDGE_CURVE ( 'NONE', #5548, #8479, #2693, .T. ) ;
#6043 = DIRECTION ( 'NONE',  ( -0.0000000000000000000, -0.0000000000000000000, -1.000000000000000000 ) ) ;
#6044 = AXIS2_PLACEMENT_3D ( 'NONE', #607, #1950, #5976 ) ;
#6045 =( GEOMETRIC_REPRESENTATION_CONTEXT ( 3 ) GLOBAL_UNCERTAINTY_ASSIGNED_CONTEXT ( ( #1239 ) ) GLOBAL_UNIT_ASSIGNED_CONTEXT ( ( #2515, #1871, #6315 ) ) REPRESENTATION_CONTEXT ( 'NONE', 'WORKASPACE' ) );
#6046 = SURFACE_STYLE_FILL_AREA ( #895 ) ;
#6047 = DIRECTION ( 'NONE',  ( -1.000000000000000000, 0.0000000000000000000, 0.0000000000000000000 ) ) ;
#6048 = FILL_AREA_STYLE ('',( #4732 ) ) ;
#6049 = EDGE_LOOP ( 'NONE', ( #7508, #7241, #6651, #5777 ) ) ;
#6050 = LINE ( 'NONE', #121, #5026 ) ;
#6051 = ORIENTED_EDGE ( 'NONE', *, *, #2150, .T. ) ;
#6052 = CARTESIAN_POINT ( 'NONE',  ( -1.934139147277869952, 7.273087986799740001, 1.000000000000003553 ) ) ;
#6053 = ORIENTED_EDGE ( 'NONE', *, *, #7884, .T. ) ;
#6054 = PRESENTATION_LAYER_ASSIGNMENT (  '', '', ( #5909 ) ) ;
#6055 = AXIS2_PLACEMENT_3D ( 'NONE', #7406, #5985, #3384 ) ;
#6056 =( GEOMETRIC_REPRESENTATION_CONTEXT ( 3 ) GLOBAL_UNCERTAINTY_ASSIGNED_CONTEXT ( ( #4991 ) ) GLOBAL_UNIT_ASSIGNED_CONTEXT ( ( #3834, #7161, #4661 ) ) REPRESENTATION_CONTEXT ( 'NONE', 'WORKASPACE' ) );
#6057 = EDGE_CURVE ( 'NONE', #5548, #5488, #3747, .T. ) ;
#6058 = LINE ( 'NONE', #6392, #7032 ) ;
#6059 = SURFACE_STYLE_USAGE ( .BOTH. , #5929 ) ;
#6060 = FILL_AREA_STYLE ('',( #3498 ) ) ;
#6061 = VECTOR ( 'NONE', #3035, 1000.000000000000114 ) ;
#6062 = VECTOR ( 'NONE', #2637, 1000.000000000000000 ) ;
#6063 = EDGE_LOOP ( 'NONE', ( #5596, #410 ) ) ;
#6064 = SURFACE_STYLE_FILL_AREA ( #8121 ) ;
#6065 = EDGE_CURVE ( 'NONE', #2505, #3009, #6010, .T. ) ;
#6066 = UNCERTAINTY_MEASURE_WITH_UNIT (LENGTH_MEASURE( 1.000000000000000082E-05 ), #2382, 'distance_accuracy_value', 'NONE');
#6067 = LINE ( 'NONE', #2729, #5150 ) ;
#6068 =( NAMED_UNIT ( * ) SI_UNIT ( $, .STERADIAN. ) SOLID_ANGLE_UNIT ( ) );
#6069 = EDGE_CURVE ( 'NONE', #6986, #6117, #7610, .T. ) ;
#6070 = DIRECTION ( 'NONE',  ( -0.9891830423698457775, 0.1466864298015869983, -0.0000000000000000000 ) ) ;
#6071 = SURFACE_SIDE_STYLE ('',( #3422 ) ) ;
#6072 = VERTEX_POINT ( 'NONE', #7113 ) ;
#6073 = VECTOR ( 'NONE', #7937, 1000.000000000000114 ) ;
#6074 = VERTEX_POINT ( 'NONE', #2099 ) ;
#6075 = SURFACE_STYLE_FILL_AREA ( #5458 ) ;
#6076 = ORIENTED_EDGE ( 'NONE', *, *, #6800, .F. ) ;
#6077 = EDGE_CURVE ( 'NONE', #5816, #7141, #6050, .T. ) ;
#6078 = AXIS2_PLACEMENT_3D ( 'NONE', #6811, #4137, #4897 ) ;
#6079 = DIRECTION ( 'NONE',  ( -0.4761606815806379567, 0.8793582917768288931, 0.0000000000000000000 ) ) ;
#6080 = FILL_AREA_STYLE ('',( #6161 ) ) ;
#6081 = SURFACE_STYLE_USAGE ( .BOTH. , #846 ) ;
#6082 = DIRECTION ( 'NONE',  ( 1.000000000000000000, 0.0000000000000000000, -0.0000000000000000000 ) ) ;
#6083 = VERTEX_POINT ( 'NONE', #3358 ) ;
#6084 = COLOUR_RGB ( '',0.0000000000000000000, 0.0000000000000000000, 0.0000000000000000000 ) ;
#6085 = ORIENTED_EDGE ( 'NONE', *, *, #5400, .T. ) ;
#6086 = SURFACE_SIDE_STYLE ('',( #4646 ) ) ;
#6087 = DIRECTION ( 'NONE',  ( 0.7554539549956993394, -0.6552017413601369800, 0.0000000000000000000 ) ) ;
#6088 = CARTESIAN_POINT ( 'NONE',  ( 5.200000000000001066, 0.0000000000000000000, 1.500000000000000000 ) ) ;
#6089 = ORIENTED_EDGE ( 'NONE', *, *, #7498, .F. ) ;
#6090 = EDGE_LOOP ( 'NONE', ( #6535, #1845, #5205, #122 ) ) ;
#6091 = DIRECTION ( 'NONE',  ( 0.07088902009067808707, 0.9974842088126424366, 0.0000000000000000000 ) ) ;
#6092 = ORIENTED_EDGE ( 'NONE', *, *, #4047, .T. ) ;
#6093 = DIRECTION ( 'NONE',  ( 0.0000000000000000000, 0.0000000000000000000, 1.000000000000000000 ) ) ;
#6094 = ORIENTED_EDGE ( 'NONE', *, *, #4459, .F. ) ;
#6095 = PRODUCT_DEFINITION ( 'UNKNOWN', '', #4125, #5165 ) ;
#6096 = ADVANCED_FACE ( 'NONE', ( #3195 ), #7991, .T. ) ;
#6097 = CIRCLE ( 'NONE', #4834, 1.000000000000000444 ) ;
#6098 = CARTESIAN_POINT ( 'NONE',  ( -4.900000000000000355, 1.740689518552930526, 1.500000000000000000 ) ) ;
#6099 = FACE_OUTER_BOUND ( 'NONE', #3727, .T. ) ;
#6100 = CARTESIAN_POINT ( 'NONE',  ( -1.000000000000000000, 0.0000000000000000000, 0.5000000000000000000 ) ) ;
#6101 =( NAMED_UNIT ( * ) PLANE_ANGLE_UNIT ( ) SI_UNIT ( $, .RADIAN. ) );
#6102 = SURFACE_SIDE_STYLE ('',( #2277 ) ) ;
#6103 = PRESENTATION_STYLE_ASSIGNMENT (( #7435 ) ) ;
#6104 = PRESENTATION_LAYER_ASSIGNMENT (  '', '', ( #6916 ) ) ;
#6105 = EDGE_CURVE ( 'NONE', #1956, #7656, #3401, .T. ) ;
#6106 = ORIENTED_EDGE ( 'NONE', *, *, #8170, .F. ) ;
#6107 = ADVANCED_FACE ( 'NONE', ( #7328 ), #2051, .T. ) ;
#6108 = ORIENTED_EDGE ( 'NONE', *, *, #2022, .F. ) ;
#6109 = CARTESIAN_POINT ( 'NONE',  ( -1.000000000000000000, 0.0000000000000000000, 0.0000000000000000000 ) ) ;
#6110 = DIRECTION ( 'NONE',  ( 0.7554539549957062228, -0.6552017413601290974, 0.0000000000000000000 ) ) ;
#6111 = CARTESIAN_POINT ( 'NONE',  ( -2.799999999999999822, -7.145612346359450306, 2.200000000000000178 ) ) ;
#6112 = SURFACE_STYLE_USAGE ( .BOTH. , #876 ) ;
#6113 = DIRECTION ( 'NONE',  ( 1.000000000000000000, 0.0000000000000000000, -0.0000000000000000000 ) ) ;
#6114 = CARTESIAN_POINT ( 'NONE',  ( 2.453122243864070740, 6.556080479727144805, 0.0000000000000000000 ) ) ;
#6115 = STYLED_ITEM ( 'NONE', ( #239 ), #3264 ) ;
#6116 = VECTOR ( 'NONE', #4273, 999.9999999999998863 ) ;
#6117 = VERTEX_POINT ( 'NONE', #3055 ) ;
#6118 = FILL_AREA_STYLE ('',( #3510 ) ) ;
#6119 = ORIENTED_EDGE ( 'NONE', *, *, #1617, .T. ) ;
#6120 = ORIENTED_EDGE ( 'NONE', *, *, #2441, .T. ) ;
#6121 = DIRECTION ( 'NONE',  ( -0.9974842088126423256, -0.07088902009067953036, 0.0000000000000000000 ) ) ;
#6122 = CIRCLE ( 'NONE', #2372, 0.5000000000000000000 ) ;
#6123 = DIRECTION ( 'NONE',  ( -0.9486832980505138790, -0.3162277660168379967, 0.0000000000000000000 ) ) ;
#6124 =( NAMED_UNIT ( * ) SI_UNIT ( $, .STERADIAN. ) SOLID_ANGLE_UNIT ( ) );
#6125 = LINE ( 'NONE', #4274, #3820 ) ;
#6126 = CARTESIAN_POINT ( 'NONE',  ( 2.759999999999999787, -7.145612346359450306, 1.500000000000000000 ) ) ;
#6127 = EDGE_CURVE ( 'NONE', #4809, #6462, #1921, .T. ) ;
#6128 = ORIENTED_EDGE ( 'NONE', *, *, #1424, .F. ) ;
#6129 = ADVANCED_FACE ( 'NONE', ( #4348 ), #5288, .T. ) ;
#6130 = LINE ( 'NONE', #801, #108 ) ;
#6131 = ORIENTED_EDGE ( 'NONE', *, *, #1989, .T. ) ;
#6132 = LINE ( 'NONE', #7544, #689 ) ;
#6133 = CARTESIAN_POINT ( 'NONE',  ( -1.620877659938360971, -6.809754445757399743, -7.000000000000000000 ) ) ;
#6134 = ADVANCED_FACE ( 'NONE', ( #6284 ), #4390, .T. ) ;
#6135 = ORIENTED_EDGE ( 'NONE', *, *, #825, .F. ) ;
#6136 = VERTEX_POINT ( 'NONE', #6483 ) ;
#6137 = CARTESIAN_POINT ( 'NONE',  ( 4.596194077712556947, 4.596194077712559611, -7.000000000000000000 ) ) ;
#6138 = VERTEX_POINT ( 'NONE', #7881 ) ;
#6139 = SURFACE_STYLE_FILL_AREA ( #1521 ) ;
#6140 = DIRECTION ( 'NONE',  ( 0.0000000000000000000, 0.0000000000000000000, 1.000000000000000000 ) ) ;
#6141 = MECHANICAL_DESIGN_GEOMETRIC_PRESENTATION_REPRESENTATION (  '', ( #8190 ), #3090 ) ;
#6142 = FILL_AREA_STYLE_COLOUR ( '', #2589 ) ;
#6143 = EDGE_LOOP ( 'NONE', ( #5178, #20, #2391, #8424 ) ) ;
#6144 = VECTOR ( 'NONE', #6902, 1000.000000000000000 ) ;
#6145 = VECTOR ( 'NONE', #2775, 1000.000000000000000 ) ;
#6146 = FACE_OUTER_BOUND ( 'NONE', #238, .T. ) ;
#6147 = ORIENTED_EDGE ( 'NONE', *, *, #5009, .F. ) ;
#6148 = LINE ( 'NONE', #5532, #8068 ) ;
#6149 = FACE_OUTER_BOUND ( 'NONE', #8307, .T. ) ;
#6150 = EDGE_CURVE ( 'NONE', #4809, #2308, #7181, .T. ) ;
#6151 = SURFACE_STYLE_USAGE ( .BOTH. , #4878 ) ;
#6152 = VECTOR ( 'NONE', #6697, 1000.000000000000114 ) ;
#6153 = EDGE_CURVE ( 'NONE', #1472, #2840, #7929, .T. ) ;
#6154 = CARTESIAN_POINT ( 'NONE',  ( -0.5000000000000000000, 7.500000000000000000, 1.000000000000003553 ) ) ;
#6155 = ORIENTED_EDGE ( 'NONE', *, *, #5383, .F. ) ;
#6156 = DIRECTION ( 'NONE',  ( 1.000000000000000000, 0.0000000000000000000, -0.0000000000000000000 ) ) ;
#6157 = EDGE_LOOP ( 'NONE', ( #5725, #3867, #5975, #3184 ) ) ;
#6158 = FILL_AREA_STYLE_COLOUR ( '', #4898 ) ;
#6159 = ORIENTED_EDGE ( 'NONE', *, *, #3003, .T. ) ;
#6160 = SURFACE_SIDE_STYLE ('',( #6028 ) ) ;
#6161 = FILL_AREA_STYLE_COLOUR ( '', #6017 ) ;
#6162 = EDGE_CURVE ( 'NONE', #6941, #1528, #1994, .T. ) ;
#6163 = FACE_OUTER_BOUND ( 'NONE', #1603, .T. ) ;
#6164 = ORIENTED_EDGE ( 'NONE', *, *, #4362, .T. ) ;
#6165 = DIRECTION ( 'NONE',  ( -0.0000000000000000000, 1.000000000000000000, 0.0000000000000000000 ) ) ;
#6166 = VERTEX_POINT ( 'NONE', #2357 ) ;
#6167 = CARTESIAN_POINT ( 'NONE',  ( -1.199999999999999956, -7.445612346359450129, 1.199999999999999956 ) ) ;
#6168 = VECTOR ( 'NONE', #642, 1000.000000000000000 ) ;
#6169 = AXIS2_PLACEMENT_3D ( 'NONE', #1987, #4670, #1414 ) ;
#6170 = SURFACE_SIDE_STYLE ('',( #723 ) ) ;
#6171 = ADVANCED_FACE ( 'NONE', ( #7639 ), #6981, .F. ) ;
#6172 = PRESENTATION_STYLE_ASSIGNMENT (( #2185 ) ) ;
#6173 = ORIENTED_EDGE ( 'NONE', *, *, #2198, .T. ) ;
#6174 = AXIS2_PLACEMENT_3D ( 'NONE', #1584, #2126, #2212 ) ;
#6175 = ORIENTED_EDGE ( 'NONE', *, *, #6416, .F. ) ;
#6176 = CARTESIAN_POINT ( 'NONE',  ( 6.005216961323359470, -2.487442310373087828, 0.0000000000000000000 ) ) ;
#6177 = ORIENTED_EDGE ( 'NONE', *, *, #1800, .T. ) ;
#6178 =( LENGTH_UNIT ( ) NAMED_UNIT ( * ) SI_UNIT ( .MILLI., .METRE. ) );
#6179 = VECTOR ( 'NONE', #6406, 1000.000000000000000 ) ;
#6180 = VECTOR ( 'NONE', #6717, 1000.000000000000000 ) ;
#6181 = LINE ( 'NONE', #1526, #7628 ) ;
#6182 = EDGE_LOOP ( 'NONE', ( #2354, #258, #464, #6451 ) ) ;
#6183 =( GEOMETRIC_REPRESENTATION_CONTEXT ( 3 ) GLOBAL_UNCERTAINTY_ASSIGNED_CONTEXT ( ( #3022 ) ) GLOBAL_UNIT_ASSIGNED_CONTEXT ( ( #7447, #2119, #5536 ) ) REPRESENTATION_CONTEXT ( 'NONE', 'WORKASPACE' ) );
#6184 = VECTOR ( 'NONE', #4680, 1000.000000000000000 ) ;
#6185 = DIRECTION ( 'NONE',  ( 0.0000000000000000000, 0.0000000000000000000, -1.000000000000000000 ) ) ;
#6186 = ORIENTED_EDGE ( 'NONE', *, *, #2686, .F. ) ;
#6187 = CARTESIAN_POINT ( 'NONE',  ( 2.759999999999999787, -7.445612346359450129, 1.199999999999999956 ) ) ;
#6188 = FILL_AREA_STYLE_COLOUR ( '', #1291 ) ;
#6189 = CARTESIAN_POINT ( 'NONE',  ( 0.0000000000000000000, 0.0000000000000000000, 0.0000000000000000000 ) ) ;
#6190 = DIRECTION ( 'NONE',  ( 0.1466864298015869983, 0.9891830423698457775, 0.0000000000000000000 ) ) ;
#6191 = ORIENTED_EDGE ( 'NONE', *, *, #327, .F. ) ;
#6192 = ADVANCED_FACE ( 'NONE', ( #2789 ), #2697, .F. ) ;
#6193 = PLANE ( 'NONE',  #5706 ) ;
#6194 = ORIENTED_EDGE ( 'NONE', *, *, #8407, .T. ) ;
#6195 = AXIS2_PLACEMENT_3D ( 'NONE', #3942, #5147, #7088 ) ;
#6196 = ORIENTED_EDGE ( 'NONE', *, *, #857, .T. ) ;
#6197 = ADVANCED_FACE ( 'NONE', ( #4766 ), #3345, .T. ) ;
#6198 = FACE_OUTER_BOUND ( 'NONE', #7083, .T. ) ;
#6199 = DIRECTION ( 'NONE',  ( -0.9891830423698456665, -0.1466864298015879697, 0.0000000000000000000 ) ) ;
#6200 = VECTOR ( 'NONE', #6005, 1000.000000000000000 ) ;
#6201 = CARTESIAN_POINT ( 'NONE',  ( -5.947380195468815245, 3.691702698016910755, 1.000000000000000000 ) ) ;
#6202 = ORIENTED_EDGE ( 'NONE', *, *, #8102, .T. ) ;
#6203 = SURFACE_STYLE_FILL_AREA ( #3439 ) ;
#6204 = VERTEX_POINT ( 'NONE', #7360 ) ;
#6205 = EDGE_CURVE ( 'NONE', #4596, #4196, #105, .T. ) ;
#6206 = COLOUR_RGB ( '',0.0000000000000000000, 0.0000000000000000000, 0.0000000000000000000 ) ;
#6207 = PRODUCT_DEFINITION_SHAPE ( 'NONE', 'NONE',  #6095 ) ;
#6208 = LINE ( 'NONE', #3531, #7688 ) ;
#6209 = DIRECTION ( 'NONE',  ( -1.000000000000000000, 0.0000000000000000000, 0.0000000000000000000 ) ) ;
#6210 = ORIENTED_EDGE ( 'NONE', *, *, #6775, .T. ) ;
#6211 = ORIENTED_EDGE ( 'NONE', *, *, #144, .T. ) ;
#6212 = LINE ( 'NONE', #1025, #6144 ) ;
#6213 = ORIENTED_EDGE ( 'NONE', *, *, #4071, .F. ) ;
#6214 =( LENGTH_UNIT ( ) NAMED_UNIT ( * ) SI_UNIT ( .MILLI., .METRE. ) );
#6215 = CARTESIAN_POINT ( 'NONE',  ( 0.0000000000000000000, 0.0000000000000000000, -7.000000000000000000 ) ) ;
#6216 = CARTESIAN_POINT ( 'NONE',  ( -5.200000000000000178, 2.000000000000000000, 4.200000000000000178 ) ) ;
#6217 = DIRECTION ( 'NONE',  ( 1.000000000000000000, 0.0000000000000000000, 0.0000000000000000000 ) ) ;
#6218 = VERTEX_POINT ( 'NONE', #4679 ) ;
#6219 = EDGE_CURVE ( 'NONE', #5751, #4846, #5465, .T. ) ;
#6220 = UNCERTAINTY_MEASURE_WITH_UNIT (LENGTH_MEASURE( 1.000000000000000082E-05 ), #7362, 'distance_accuracy_value', 'NONE');
#6221 = DIRECTION ( 'NONE',  ( 1.000000000000000000, 0.0000000000000000000, -0.0000000000000000000 ) ) ;
#6222 =( NAMED_UNIT ( * ) SI_UNIT ( $, .STERADIAN. ) SOLID_ANGLE_UNIT ( ) );
#6223 = LINE ( 'NONE', #5495, #972 ) ;
#6224 = PLANE ( 'NONE',  #6929 ) ;
#6225 = ORIENTED_EDGE ( 'NONE', *, *, #4015, .F. ) ;
#6226 = FILL_AREA_STYLE_COLOUR ( '', #1328 ) ;
#6227 = AXIS2_PLACEMENT_3D ( 'NONE', #5835, #5927, #1241 ) ;
#6228 = ORIENTED_EDGE ( 'NONE', *, *, #5430, .F. ) ;
#6229 = VECTOR ( 'NONE', #1345, 1000.000000000000114 ) ;
#6230 = FILL_AREA_STYLE ('',( #1005 ) ) ;
#6231 = ORIENTED_EDGE ( 'NONE', *, *, #1611, .F. ) ;
#6232 = CARTESIAN_POINT ( 'NONE',  ( -4.000000000000000000, -5.495612346359449951, 1.500000000000000000 ) ) ;
#6233 = LINE ( 'NONE', #5580, #848 ) ;
#6234 = DIRECTION ( 'NONE',  ( 1.000000000000000000, 0.0000000000000000000, 0.0000000000000000000 ) ) ;
#6235 =( LENGTH_UNIT ( ) NAMED_UNIT ( * ) SI_UNIT ( .MILLI., .METRE. ) );
#6236 = EDGE_CURVE ( 'NONE', #3777, #7504, #8483, .T. ) ;
#6237 = ORIENTED_EDGE ( 'NONE', *, *, #5152, .T. ) ;
#6238 = ORIENTED_EDGE ( 'NONE', *, *, #2509, .T. ) ;
#6239 = AXIS2_PLACEMENT_3D ( 'NONE', #1289, #4742, #4220 ) ;
#6240 = FACE_OUTER_BOUND ( 'NONE', #2259, .T. ) ;
#6241 = DIRECTION ( 'NONE',  ( -0.0000000000000000000, -0.0000000000000000000, -1.000000000000000000 ) ) ;
#6242 =( LENGTH_UNIT ( ) NAMED_UNIT ( * ) SI_UNIT ( .MILLI., .METRE. ) );
#6243 = EDGE_CURVE ( 'NONE', #2630, #561, #2951, .T. ) ;
#6244 = CARTESIAN_POINT ( 'NONE',  ( 6.005216961323359470, -2.487442310373086052, 1.000000000000000000 ) ) ;
#6245 = STYLED_ITEM ( 'NONE', ( #3619 ), #2537 ) ;
#6246 = ORIENTED_EDGE ( 'NONE', *, *, #1502, .F. ) ;
#6247 = EDGE_LOOP ( 'NONE', ( #7767, #8037, #4863, #5675 ) ) ;
#6248 = SURFACE_STYLE_USAGE ( .BOTH. , #4176 ) ;
#6249 = ORIENTED_EDGE ( 'NONE', *, *, #6260, .F. ) ;
#6250 = CARTESIAN_POINT ( 'NONE',  ( 0.0000000000000000000, 0.0000000000000000000, 1.500000000000000000 ) ) ;
#6251 = CARTESIAN_POINT ( 'NONE',  ( 4.900000000000000355, 2.500000000000000000, 4.200000000000000178 ) ) ;
#6252 = FILL_AREA_STYLE_COLOUR ( '', #1745 ) ;
#6253 = ADVANCED_FACE ( 'NONE', ( #8259 ), #4371, .T. ) ;
#6254 = VERTEX_POINT ( 'NONE', #1131 ) ;
#6255 = PRESENTATION_STYLE_ASSIGNMENT (( #5034 ) ) ;
#6256 = VECTOR ( 'NONE', #6630, 1000.000000000000114 ) ;
#6257 =( LENGTH_UNIT ( ) NAMED_UNIT ( * ) SI_UNIT ( .MILLI., .METRE. ) );
#6258 = DIRECTION ( 'NONE',  ( -1.000000000000000000, -0.0000000000000000000, -0.0000000000000000000 ) ) ;
#6259 = DIRECTION ( 'NONE',  ( -1.000000000000000000, -0.0000000000000000000, 0.0000000000000000000 ) ) ;
#6260 = EDGE_CURVE ( 'NONE', #4043, #2063, #7500, .T. ) ;
#6261 = CIRCLE ( 'NONE', #1193, 5.200000000000001066 ) ;
#6262 = EDGE_LOOP ( 'NONE', ( #2814, #1583, #5220, #679 ) ) ;
#6263 = DIRECTION ( 'NONE',  ( 1.000000000000000000, 0.0000000000000000000, 0.0000000000000000000 ) ) ;
#6264 = VECTOR ( 'NONE', #7041, 999.9999999999998863 ) ;
#6265 = CARTESIAN_POINT ( 'NONE',  ( -5.200000000000001066, -7.445612346359450129, 2.200000000000000178 ) ) ;
#6266 = DIRECTION ( 'NONE',  ( 0.0000000000000000000, 0.0000000000000000000, -1.000000000000000000 ) ) ;
#6267 = FILL_AREA_STYLE_COLOUR ( '', #4489 ) ;
#6268 = PLANE ( 'NONE',  #5112 ) ;
#6269 = CARTESIAN_POINT ( 'NONE',  ( 2.000000000000000000, -5.495612346359449951, 1.500000000000000000 ) ) ;
#6270 = ORIENTED_EDGE ( 'NONE', *, *, #4264, .T. ) ;
#6271 = SURFACE_STYLE_FILL_AREA ( #4970 ) ;
#6272 = LINE ( 'NONE', #407, #1926 ) ;
#6273 = FILL_AREA_STYLE_COLOUR ( '', #2575 ) ;
#6274 = CARTESIAN_POINT ( 'NONE',  ( -5.200000000000001066, 0.0000000000000000000, 1.500000000000000000 ) ) ;
#6275 = ORIENTED_EDGE ( 'NONE', *, *, #5608, .F. ) ;
#6276 = ORIENTED_EDGE ( 'NONE', *, *, #1663, .F. ) ;
#6277 = VECTOR ( 'NONE', #5334, 1000.000000000000227 ) ;
#6278 = LINE ( 'NONE', #4343, #5444 ) ;
#6279 = ORIENTED_EDGE ( 'NONE', *, *, #4194, .T. ) ;
#6280 = VECTOR ( 'NONE', #5756, 1000.000000000000000 ) ;
#6281 = ADVANCED_FACE ( 'NONE', ( #7662 ), #5544, .T. ) ;
#6282 = FILL_AREA_STYLE ('',( #1753 ) ) ;
#6283 = CARTESIAN_POINT ( 'NONE',  ( 5.160000000000000142, -7.145612346359450306, 2.200000000000000178 ) ) ;
#6284 = FACE_OUTER_BOUND ( 'NONE', #8189, .T. ) ;
#6285 = FACE_OUTER_BOUND ( 'NONE', #7356, .T. ) ;
#6286 = VECTOR ( 'NONE', #316, 1000.000000000000000 ) ;
#6287 = VERTEX_POINT ( 'NONE', #4286 ) ;
#6288 =( NAMED_UNIT ( * ) PLANE_ANGLE_UNIT ( ) SI_UNIT ( $, .RADIAN. ) );
#6289 = UNCERTAINTY_MEASURE_WITH_UNIT (LENGTH_MEASURE( 1.000000000000000082E-05 ), #2687, 'distance_accuracy_value', 'NONE');
#6290 = MECHANICAL_DESIGN_GEOMETRIC_PRESENTATION_REPRESENTATION (  '', ( #1231 ), #2019 ) ;
#6291 = ADVANCED_FACE ( 'NONE', ( #5705 ), #8327, .F. ) ;
#6292 = LINE ( 'NONE', #7604, #934 ) ;
#6293 = PRODUCT_CONTEXT ( 'NONE', #2838, 'mechanical' ) ;
#6294 = DIRECTION ( 'NONE',  ( 1.000000000000000000, 0.0000000000000000000, 0.0000000000000000000 ) ) ;
#6295 = SURFACE_STYLE_USAGE ( .BOTH. , #3436 ) ;
#6296 = PRESENTATION_LAYER_ASSIGNMENT (  '', '', ( #3812 ) ) ;
#6297 = AXIS2_PLACEMENT_3D ( 'NONE', #3808, #492, #2471 ) ;
#6298 = CARTESIAN_POINT ( 'NONE',  ( 3.611206514627410158, -5.404552479966549861, 1.000000000000000000 ) ) ;
#6299 = ORIENTED_EDGE ( 'NONE', *, *, #6675, .T. ) ;
#6300 = EDGE_CURVE ( 'NONE', #2773, #3651, #570, .T. ) ;
#6301 = PRESENTATION_LAYER_ASSIGNMENT (  '', '', ( #4245 ) ) ;
#6302 = CARTESIAN_POINT ( 'NONE',  ( -2.000000000000000000, -5.495612346359449951, 1.500000000000000000 ) ) ;
#6303 = AXIS2_PLACEMENT_3D ( 'NONE', #1899, #3746, #5881 ) ;
#6304 = DIRECTION ( 'NONE',  ( 0.0000000000000000000, -1.000000000000000000, 2.168404344971008868E-16 ) ) ;
#6305 = AXIS2_PLACEMENT_3D ( 'NONE', #3304, #2472, #8431 ) ;
#6306 = AXIS2_PLACEMENT_3D ( 'NONE', #3883, #8459, #1817 ) ;
#6307 = MECHANICAL_DESIGN_GEOMETRIC_PRESENTATION_REPRESENTATION (  '', ( #7267 ), #856 ) ;
#6308 = ORIENTED_EDGE ( 'NONE', *, *, #3127, .F. ) ;
#6309 = DIRECTION ( 'NONE',  ( -1.000000000000000000, 0.0000000000000000000, 0.0000000000000000000 ) ) ;
#6310 = EDGE_LOOP ( 'NONE', ( #5023, #2206, #700, #190 ) ) ;
#6311 = ADVANCED_FACE ( 'NONE', ( #4494 ), #3120, .F. ) ;
#6312 = AXIS2_PLACEMENT_3D ( 'NONE', #5136, #7333, #774 ) ;
#6313 = CARTESIAN_POINT ( 'NONE',  ( 6.815860878403001699, -1.595004854618149448, -7.000000000000000000 ) ) ;
#6314 = CARTESIAN_POINT ( 'NONE',  ( 0.0000000000000000000, 0.0000000000000000000, 0.0000000000000000000 ) ) ;
#6315 =( NAMED_UNIT ( * ) SI_UNIT ( $, .STERADIAN. ) SOLID_ANGLE_UNIT ( ) );
#6316 = VERTEX_POINT ( 'NONE', #5048 ) ;
#6317 = ORIENTED_EDGE ( 'NONE', *, *, #2633, .F. ) ;
#6318 = VECTOR ( 'NONE', #5474, 1000.000000000000000 ) ;
#6319 = DIRECTION ( 'NONE',  ( 0.0000000000000000000, 0.0000000000000000000, 1.000000000000000000 ) ) ;
#6320 = ORIENTED_EDGE ( 'NONE', *, *, #5741, .T. ) ;
#6321 = UNCERTAINTY_MEASURE_WITH_UNIT (LENGTH_MEASURE( 1.000000000000000082E-05 ), #4262, 'distance_accuracy_value', 'NONE');
#6322 = CARTESIAN_POINT ( 'NONE',  ( 4.086162522828791666, 5.683597086091644712, 0.0000000000000000000 ) ) ;
#6323 =( NAMED_UNIT ( * ) PLANE_ANGLE_UNIT ( ) SI_UNIT ( $, .RADIAN. ) );
#6324 = EDGE_CURVE ( 'NONE', #7141, #3908, #8418, .T. ) ;
#6325 = ORIENTED_EDGE ( 'NONE', *, *, #6494, .F. ) ;
#6326 = AXIS2_PLACEMENT_3D ( 'NONE', #3373, #5369, #5846 ) ;
#6327 = LINE ( 'NONE', #4911, #1735 ) ;
#6328 = CARTESIAN_POINT ( 'NONE',  ( 5.404552479966539202, -3.611206514627418596, -7.000000000000000000 ) ) ;
#6329 = DIRECTION ( 'NONE',  ( 0.7071067811865479058, -0.7071067811865472397, 0.0000000000000000000 ) ) ;
#6330 = PLANE ( 'NONE',  #5210 ) ;
#6331 = PRESENTATION_LAYER_ASSIGNMENT (  '', '', ( #5807 ) ) ;
#6332 = DIRECTION ( 'NONE',  ( 0.0000000000000000000, 0.0000000000000000000, 1.000000000000000000 ) ) ;
#6333 = EDGE_LOOP ( 'NONE', ( #6641, #641, #2210, #5033 ) ) ;
#6334 = FILL_AREA_STYLE_COLOUR ( '', #2976 ) ;
#6335 = ORIENTED_EDGE ( 'NONE', *, *, #5918, .F. ) ;
#6336 = AXIS2_PLACEMENT_3D ( 'NONE', #159, #7408, #3434 ) ;
#6337 = CARTESIAN_POINT ( 'NONE',  ( 4.596194077712559611, -4.596194077712559611, 0.0000000000000000000 ) ) ;
#6338 = EDGE_CURVE ( 'NONE', #178, #3461, #3203, .T. ) ;
#6339 = SURFACE_STYLE_FILL_AREA ( #3754 ) ;
#6340 = LINE ( 'NONE', #5051, #7790 ) ;
#6341 = EDGE_CURVE ( 'NONE', #4644, #3328, #5938, .T. ) ;
#6342 = AXIS2_PLACEMENT_3D ( 'NONE', #3637, #6840, #400 ) ;
#6343 = EDGE_LOOP ( 'NONE', ( #2074, #2564 ) ) ;
#6344 = CARTESIAN_POINT ( 'NONE',  ( -3.500000000000000000, -7.145612346359450306, 4.700000000000000178 ) ) ;
#6345 = VERTEX_POINT ( 'NONE', #5893 ) ;
#6346 = PRESENTATION_STYLE_ASSIGNMENT (( #7009 ) ) ;
#6347 = CIRCLE ( 'NONE', #8031, 7.000000000000000000 ) ;
#6348 = ADVANCED_FACE ( 'NONE', ( #611 ), #2602, .T. ) ;
#6349 = LINE ( 'NONE', #7549, #8378 ) ;
#6350 = CARTESIAN_POINT ( 'NONE',  ( 0.0000000000000000000, -4.645612346359439648, 1.500000000000000000 ) ) ;
#6351 = EDGE_CURVE ( 'NONE', #5502, #3524, #2545, .T. ) ;
#6352 = ORIENTED_EDGE ( 'NONE', *, *, #6886, .F. ) ;
#6353 = MECHANICAL_DESIGN_GEOMETRIC_PRESENTATION_REPRESENTATION (  '', ( #3739 ), #8171 ) ;
#6354 = EDGE_LOOP ( 'NONE', ( #1350, #2623, #7970, #7119 ) ) ;
#6355 = AXIS2_PLACEMENT_3D ( 'NONE', #7518, #5441, #8077 ) ;
#6356 = CARTESIAN_POINT ( 'NONE',  ( 0.0000000000000000000, 0.0000000000000000000, 2.200000000000000178 ) ) ;
#6357 = ORIENTED_EDGE ( 'NONE', *, *, #4138, .F. ) ;
#6358 = CARTESIAN_POINT ( 'NONE',  ( 6.911675780212112485, -1.108484510144044366, 0.0000000000000000000 ) ) ;
#6359 =( LENGTH_UNIT ( ) NAMED_UNIT ( * ) SI_UNIT ( .MILLI., .METRE. ) );
#6360 = EDGE_CURVE ( 'NONE', #2248, #1579, #3940, .T. ) ;
#6361 = MECHANICAL_DESIGN_GEOMETRIC_PRESENTATION_REPRESENTATION (  '', ( #6245 ), #3349 ) ;
#6362 = DIRECTION ( 'NONE',  ( 0.0000000000000000000, 0.0000000000000000000, 1.000000000000000000 ) ) ;
#6363 = EDGE_LOOP ( 'NONE', ( #2764, #5492, #8313, #7188 ) ) ;
#6364 = DIRECTION ( 'NONE',  ( 0.0000000000000000000, 0.0000000000000000000, 1.000000000000000000 ) ) ;
#6365 = CARTESIAN_POINT ( 'NONE',  ( 4.103475899587709641, -5.671109727513905518, 1.000000000000000000 ) ) ;
#6366 = UNCERTAINTY_MEASURE_WITH_UNIT (LENGTH_MEASURE( 1.000000000000000082E-05 ), #7410, 'distance_accuracy_value', 'NONE');
#6367 = DIRECTION ( 'NONE',  ( -7.108546341524449421E-16, 1.000000000000000000, -0.0000000000000000000 ) ) ;
#6368 = FACE_OUTER_BOUND ( 'NONE', #5999, .T. ) ;
#6369 = CARTESIAN_POINT ( 'NONE',  ( 6.815860878403003476, 1.595004854618148116, 1.000000000000001776 ) ) ;
#6370 = SURFACE_SIDE_STYLE ('',( #5128 ) ) ;
#6371 = CARTESIAN_POINT ( 'NONE',  ( 0.0000000000000000000, 0.0000000000000000000, 1.500000000000000000 ) ) ;
#6372 = VERTEX_POINT ( 'NONE', #8375 ) ;
#6373 = VECTOR ( 'NONE', #299, 1000.000000000000000 ) ;
#6374 = DIRECTION ( 'NONE',  ( 1.000000000000000000, 0.0000000000000000000, 0.0000000000000000000 ) ) ;
#6375 = VERTEX_POINT ( 'NONE', #3885 ) ;
#6376 = UNCERTAINTY_MEASURE_WITH_UNIT (LENGTH_MEASURE( 1.000000000000000082E-05 ), #479, 'distance_accuracy_value', 'NONE');
#6377 = CARTESIAN_POINT ( 'NONE',  ( -1.934139147277869952, 7.273087986799740001, -7.000000000000000000 ) ) ;
#6378 = FACE_OUTER_BOUND ( 'NONE', #584, .T. ) ;
#6379 = ADVANCED_FACE ( 'NONE', ( #7827, #5096 ), #5236, .F. ) ;
#6380 = ADVANCED_FACE ( 'NONE', ( #655 ), #15, .T. ) ;
#6381 = LINE ( 'NONE', #4704, #7313 ) ;
#6382 = VECTOR ( 'NONE', #4783, 1000.000000000000000 ) ;
#6383 = PRESENTATION_STYLE_ASSIGNMENT (( #8328 ) ) ;
#6384 = VECTOR ( 'NONE', #1036, 1000.000000000000000 ) ;
#6385 = CYLINDRICAL_SURFACE ( 'NONE', #665, 1.000000000000000000 ) ;
#6386 = ORIENTED_EDGE ( 'NONE', *, *, #4785, .F. ) ;
#6387 = LINE ( 'NONE', #4291, #2264 ) ;
#6388 = VECTOR ( 'NONE', #7633, 1000.000000000000000 ) ;
#6389 = VERTEX_POINT ( 'NONE', #2025 ) ;
#6390 = VECTOR ( 'NONE', #5896, 1000.000000000000000 ) ;
#6391 = ADVANCED_FACE ( 'NONE', ( #4154, #4017, #7916, #195, #3374, #6149 ), #4063, .T. ) ;
#6392 = CARTESIAN_POINT ( 'NONE',  ( 2.759999999999999787, -7.445612346359450129, 2.200000000000000178 ) ) ;
#6393 = DIRECTION ( 'NONE',  ( -1.000000000000000000, 0.0000000000000000000, -0.0000000000000000000 ) ) ;
#6394 = AXIS2_PLACEMENT_3D ( 'NONE', #3081, #1824, #4414 ) ;
#6395 = DIRECTION ( 'NONE',  ( 0.0000000000000000000, -0.0000000000000000000, -1.000000000000000000 ) ) ;
#6396 = MECHANICAL_DESIGN_GEOMETRIC_PRESENTATION_REPRESENTATION (  '', ( #7242 ), #7796 ) ;
#6397 = DIRECTION ( 'NONE',  ( 0.6552017413601290974, 0.7554539549957062228, -0.0000000000000000000 ) ) ;
#6398 = ORIENTED_EDGE ( 'NONE', *, *, #2150, .F. ) ;
#6399 = VERTEX_POINT ( 'NONE', #6019 ) ;
#6400 = DIRECTION ( 'NONE',  ( 0.0000000000000000000, 0.0000000000000000000, 1.000000000000000000 ) ) ;
#6401 = VERTEX_POINT ( 'NONE', #5452 ) ;
#6402 = UNCERTAINTY_MEASURE_WITH_UNIT (LENGTH_MEASURE( 1.000000000000000082E-05 ), #2810, 'distance_accuracy_value', 'NONE');
#6404 = EDGE_CURVE ( 'NONE', #497, #5502, #5370, .T. ) ;
#6403 = LINE ( 'NONE', #3139, #7749 ) ;
#6405 = CARTESIAN_POINT ( 'NONE',  ( -6.005216961323359470, 2.487442310373081167, 0.0000000000000000000 ) ) ;
#6406 = DIRECTION ( 'NONE',  ( -0.0000000000000000000, 0.0000000000000000000, 1.000000000000000000 ) ) ;
#6407 = DIRECTION ( 'NONE',  ( 1.000000000000000000, 0.0000000000000000000, 0.0000000000000000000 ) ) ;
#6408 = VECTOR ( 'NONE', #3033, 1000.000000000000114 ) ;
#6409 = PRESENTATION_LAYER_ASSIGNMENT (  '', '', ( #2560 ) ) ;
#6410 = ORIENTED_EDGE ( 'NONE', *, *, #3600, .T. ) ;
#6411 =( LENGTH_UNIT ( ) NAMED_UNIT ( * ) SI_UNIT ( .MILLI., .METRE. ) );
#6412 = VERTEX_POINT ( 'NONE', #7394 ) ;
#6413 = EDGE_CURVE ( 'NONE', #7472, #720, #1535, .T. ) ;
#6414 = LINE ( 'NONE', #1846, #1619 ) ;
#6416 = EDGE_CURVE ( 'NONE', #8254, #6372, #2684, .T. ) ;
#6415 = CARTESIAN_POINT ( 'NONE',  ( -4.199999999999991296, -5.645612346359441425, 1.500000000000000444 ) ) ;
#6417 = STYLED_ITEM ( 'NONE', ( #2787 ), #4964 ) ;
#6418 = AXIS2_PLACEMENT_3D ( 'NONE', #7337, #7998, #1403 ) ;
#6419 = CARTESIAN_POINT ( 'NONE',  ( 0.0000000000000000000, 0.0000000000000000000, 0.5000000000000000000 ) ) ;
#6420 = DIRECTION ( 'NONE',  ( 0.0000000000000000000, 0.0000000000000000000, 1.000000000000000000 ) ) ;
#6421 = LINE ( 'NONE', #1769, #7947 ) ;
#6422 = EDGE_LOOP ( 'NONE', ( #6357, #5084, #3361, #2112 ) ) ;
#6423 =( GEOMETRIC_REPRESENTATION_CONTEXT ( 3 ) GLOBAL_UNCERTAINTY_ASSIGNED_CONTEXT ( ( #5448 ) ) GLOBAL_UNIT_ASSIGNED_CONTEXT ( ( #2948, #439, #8325 ) ) REPRESENTATION_CONTEXT ( 'NONE', 'WORKASPACE' ) );
#6424 =( GEOMETRIC_REPRESENTATION_CONTEXT ( 3 ) GLOBAL_UNCERTAINTY_ASSIGNED_CONTEXT ( ( #1815 ) ) GLOBAL_UNIT_ASSIGNED_CONTEXT ( ( #8034, #6101, #4615 ) ) REPRESENTATION_CONTEXT ( 'NONE', 'WORKASPACE' ) );
#6425 = CARTESIAN_POINT ( 'NONE',  ( -3.799999999999998934, -4.645612346359450306, 3.600000000000000533 ) ) ;
#6426 = ORIENTED_EDGE ( 'NONE', *, *, #4282, .F. ) ;
#6427 = CARTESIAN_POINT ( 'NONE',  ( 4.900000000000000355, -0.7500000000000000000, 2.700000000000000178 ) ) ;
#6428 = LINE ( 'NONE', #1701, #6061 ) ;
#6429 = CARTESIAN_POINT ( 'NONE',  ( 4.086162522828795218, 5.683597086091641160, -7.000000000000000000 ) ) ;
#6430 = DIRECTION ( 'NONE',  ( -0.0000000000000000000, -0.0000000000000000000, -1.000000000000000000 ) ) ;
#6431 = FILL_AREA_STYLE ('',( #6518 ) ) ;
#6432 = AXIS2_PLACEMENT_3D ( 'NONE', #6606, #745, #3206 ) ;
#6433 = SURFACE_SIDE_STYLE ('',( #6339 ) ) ;
#6434 = VECTOR ( 'NONE', #3904, 1000.000000000000000 ) ;
#6435 = ORIENTED_EDGE ( 'NONE', *, *, #875, .T. ) ;
#6436 = ADVANCED_FACE ( 'NONE', ( #7257 ), #2067, .F. ) ;
#6437 = COLOUR_RGB ( '',0.1529411764705882470, 0.1529411764705882470, 0.1529411764705882470 ) ;
#6438 = CARTESIAN_POINT ( 'NONE',  ( -3.611206514627410158, -5.404552479966540979, 1.000000000000000000 ) ) ;
#6439 = CIRCLE ( 'NONE', #7282, 0.5999999999999998668 ) ;
#6440 = VERTEX_POINT ( 'NONE', #2982 ) ;
#6441 = MECHANICAL_DESIGN_GEOMETRIC_PRESENTATION_REPRESENTATION (  '', ( #3002 ), #4930 ) ;
#6442 = CARTESIAN_POINT ( 'NONE',  ( -5.121870354138171599, 4.771419503187759759, 0.0000000000000000000 ) ) ;
#6443 = DIRECTION ( 'NONE',  ( 1.000000000000000000, 0.0000000000000000000, 0.0000000000000000000 ) ) ;
#6444 = FACE_OUTER_BOUND ( 'NONE', #2032, .T. ) ;
#6445 = PRESENTATION_LAYER_ASSIGNMENT (  '', '', ( #1907 ) ) ;
#6446 = EDGE_CURVE ( 'NONE', #1143, #5898, #7526, .T. ) ;
#6447 = CARTESIAN_POINT ( 'NONE',  ( -4.771419503187763311, 5.121870354138168935, 1.000000000000002665 ) ) ;
#6448 = COLOUR_RGB ( '',0.0000000000000000000, 0.0000000000000000000, 0.0000000000000000000 ) ;
#6449 = FILL_AREA_STYLE_COLOUR ( '', #8099 ) ;
#6450 = ORIENTED_EDGE ( 'NONE', *, *, #4312, .T. ) ;
#6451 = ORIENTED_EDGE ( 'NONE', *, *, #3452, .T. ) ;
#6452 = ADVANCED_FACE ( 'NONE', ( #1655, #2287 ), #3626, .F. ) ;
#6453 = DIRECTION ( 'NONE',  ( 0.0000000000000000000, 1.000000000000000000, 0.0000000000000000000 ) ) ;
#6454 = ORIENTED_EDGE ( 'NONE', *, *, #5956, .T. ) ;
#6455 = VECTOR ( 'NONE', #1747, 1000.000000000000000 ) ;
#6456 =( NAMED_UNIT ( * ) PLANE_ANGLE_UNIT ( ) SI_UNIT ( $, .RADIAN. ) );
#6457 = DIRECTION ( 'NONE',  ( 0.0000000000000000000, 0.0000000000000000000, 1.000000000000000000 ) ) ;
#6458 = DIRECTION ( 'NONE',  ( 0.0000000000000000000, 0.0000000000000000000, 1.000000000000000000 ) ) ;
#6459 = FILL_AREA_STYLE_COLOUR ( '', #7820 ) ;
#6460 = AXIS2_PLACEMENT_3D ( 'NONE', #7556, #7599, #4263 ) ;
#6461 = ORIENTED_EDGE ( 'NONE', *, *, #8447, .F. ) ;
#6462 = VERTEX_POINT ( 'NONE', #2897 ) ;
#6463 = ORIENTED_EDGE ( 'NONE', *, *, #6982, .T. ) ;
#6464 = LINE ( 'NONE', #5123, #4356 ) ;
#6465 = CARTESIAN_POINT ( 'NONE',  ( -1.199999999999999956, -7.145612346359450306, 1.199999999999999956 ) ) ;
#6466 = VECTOR ( 'NONE', #634, 1000.000000000000000 ) ;
#6467 = SURFACE_STYLE_FILL_AREA ( #7951 ) ;
#6468 = LINE ( 'NONE', #5614, #4433 ) ;
#6469 = EDGE_LOOP ( 'NONE', ( #6435, #3667, #4155, #7130, #4202, #3612, #6131 ) ) ;
#6470 = ADVANCED_FACE ( 'NONE', ( #1694 ), #6874, .T. ) ;
#6471 = COLOUR_RGB ( '',0.0000000000000000000, 0.0000000000000000000, 0.0000000000000000000 ) ;
#6472 = LINE ( 'NONE', #608, #3577 ) ;
#6473 = DIRECTION ( 'NONE',  ( -0.0000000000000000000, 0.0000000000000000000, 1.000000000000000000 ) ) ;
#6474 = AXIS2_PLACEMENT_3D ( 'NONE', #4164, #6123, #1209 ) ;
#6475 = CARTESIAN_POINT ( 'NONE',  ( 0.0000000000000000000, 0.0000000000000000000, 1.000000000000000000 ) ) ;
#6476 = CARTESIAN_POINT ( 'NONE',  ( -5.200000000000001066, -7.145612346359450306, 1.500000000000000000 ) ) ;
#6477 = CARTESIAN_POINT ( 'NONE',  ( -5.200000000000001066, -7.445612346359450129, 1.199999999999999956 ) ) ;
#6478 = CARTESIAN_POINT ( 'NONE',  ( 0.0000000000000000000, 0.0000000000000000000, 1.199999999999999956 ) ) ;
#6479 = ORIENTED_EDGE ( 'NONE', *, *, #8340, .F. ) ;
#6480 = CIRCLE ( 'NONE', #889, 7.000000000000000000 ) ;
#6481 = CARTESIAN_POINT ( 'NONE',  ( 5.200000000000001066, -6.995612346359449951, 1.500000000000000222 ) ) ;
#6482 = ORIENTED_EDGE ( 'NONE', *, *, #8290, .F. ) ;
#6483 = CARTESIAN_POINT ( 'NONE',  ( -6.815860878403003476, 1.595004854618140122, 1.000000000000002665 ) ) ;
#6484 =( NAMED_UNIT ( * ) PLANE_ANGLE_UNIT ( ) SI_UNIT ( $, .RADIAN. ) );
#6485 = ADVANCED_FACE ( 'NONE', ( #4316 ), #4227, .T. ) ;
#6486 = DIRECTION ( 'NONE',  ( -0.0000000000000000000, -0.0000000000000000000, -1.000000000000000000 ) ) ;
#6487 = DIRECTION ( 'NONE',  ( 1.000000000000000000, 0.0000000000000000000, 0.0000000000000000000 ) ) ;
#6488 = DIRECTION ( 'NONE',  ( -4.934324553889580652E-17, -0.0000000000000000000, 1.000000000000000000 ) ) ;
#6489 = ORIENTED_EDGE ( 'NONE', *, *, #2593, .T. ) ;
#6490 = VERTEX_POINT ( 'NONE', #5535 ) ;
#6491 = FACE_OUTER_BOUND ( 'NONE', #2054, .T. ) ;
#6492 = PRESENTATION_LAYER_ASSIGNMENT (  '', '', ( #8160 ) ) ;
#6493 = LINE ( 'NONE', #6358, #6497 ) ;
#6494 = EDGE_CURVE ( 'NONE', #6072, #5548, #1120, .T. ) ;
#6495 = ADVANCED_FACE ( 'NONE', ( #6951 ), #1000, .F. ) ;
#6496 = LINE ( 'NONE', #1757, #5902 ) ;
#6497 = VECTOR ( 'NONE', #5865, 1000.000000000000000 ) ;
#6498 = STYLED_ITEM ( 'NONE', ( #2118 ), #2018 ) ;
#6499 = ORIENTED_EDGE ( 'NONE', *, *, #2992, .F. ) ;
#6500 = EDGE_LOOP ( 'NONE', ( #2005, #978, #6450, #8108 ) ) ;
#6501 = LINE ( 'NONE', #5264, #2520 ) ;
#6502 = ORIENTED_EDGE ( 'NONE', *, *, #2936, .T. ) ;
#6503 = CARTESIAN_POINT ( 'NONE',  ( -6.815860878403001699, 1.595004854618139234, -7.000000000000000000 ) ) ;
#6504 = VECTOR ( 'NONE', #1580, 1000.000000000000000 ) ;
#6505 = VECTOR ( 'NONE', #7385, 1000.000000000000000 ) ;
#6506 = SURFACE_STYLE_USAGE ( .BOTH. , #1803 ) ;
#6507 = EDGE_CURVE ( 'NONE', #4682, #4160, #6223, .T. ) ;
#6508 = FILL_AREA_STYLE ('',( #5081 ) ) ;
#6509 = DIRECTION ( 'NONE',  ( 0.9486832980505157664, 0.3162277660168317794, 0.0000000000000000000 ) ) ;
#6510 = SURFACE_STYLE_FILL_AREA ( #1768 ) ;
#6511 = CIRCLE ( 'NONE', #1686, 7.000000000000000000 ) ;
#6512 = ORIENTED_EDGE ( 'NONE', *, *, #3423, .F. ) ;
#6513 = DIRECTION ( 'NONE',  ( 1.000000000000000000, 0.0000000000000000000, 0.0000000000000000000 ) ) ;
#6514 = ORIENTED_EDGE ( 'NONE', *, *, #7774, .T. ) ;
#6515 = ADVANCED_FACE ( 'NONE', ( #4839 ), #7486, .T. ) ;
#6516 = CARTESIAN_POINT ( 'NONE',  ( -5.121870354138169823, -4.771419503187761535, 0.0000000000000000000 ) ) ;
#6517 = DIRECTION ( 'NONE',  ( -0.0000000000000000000, 1.000000000000000000, 0.0000000000000000000 ) ) ;
#6518 = FILL_AREA_STYLE_COLOUR ( '', #1360 ) ;
#6519 =( LENGTH_UNIT ( ) NAMED_UNIT ( * ) SI_UNIT ( .MILLI., .METRE. ) );
#6520 = FACE_OUTER_BOUND ( 'NONE', #3175, .T. ) ;
#6521 = ORIENTED_EDGE ( 'NONE', *, *, #8397, .T. ) ;
#6522 = DIRECTION ( 'NONE',  ( 1.000000000000000000, 0.0000000000000000000, 0.0000000000000000000 ) ) ;
#6523 = ORIENTED_EDGE ( 'NONE', *, *, #8386, .F. ) ;
#6524 = ADVANCED_FACE ( 'NONE', ( #8168 ), #2243, .T. ) ;
#6525 = CARTESIAN_POINT ( 'NONE',  ( 3.673686725085459237, 5.958525475814538730, 0.0000000000000000000 ) ) ;
#6526 = FILL_AREA_STYLE ('',( #3300 ) ) ;
#6527 = CARTESIAN_POINT ( 'NONE',  ( 1.134724696032347824, -6.907416294405191337, -7.000000000000000000 ) ) ;
#6528 = DIRECTION ( 'NONE',  ( -0.0000000000000000000, -0.0000000000000000000, -1.000000000000000000 ) ) ;
#6529 =( NAMED_UNIT ( * ) SI_UNIT ( $, .STERADIAN. ) SOLID_ANGLE_UNIT ( ) );
#6530 = DIRECTION ( 'NONE',  ( -0.2851037643279368261, 0.9584966580880915910, -0.0000000000000000000 ) ) ;
#6531 = ORIENTED_EDGE ( 'NONE', *, *, #613, .T. ) ;
#6532 = VECTOR ( 'NONE', #457, 999.9999999999998863 ) ;
#6533 = VECTOR ( 'NONE', #2815, 1000.000000000000114 ) ;
#6534 = VERTEX_POINT ( 'NONE', #8409 ) ;
#6535 = ORIENTED_EDGE ( 'NONE', *, *, #5513, .F. ) ;
#6536 = CARTESIAN_POINT ( 'NONE',  ( -4.596194077712559611, -4.596194077712559611, -7.000000000000000000 ) ) ;
#6537 = VECTOR ( 'NONE', #4547, 1000.000000000000000 ) ;
#6538 = AXIS2_PLACEMENT_3D ( 'NONE', #4020, #785, #7260 ) ;
#6539 = CARTESIAN_POINT ( 'NONE',  ( -4.900000000000000355, 3.000000000000000000, 4.200000000000000178 ) ) ;
#6540 = DIRECTION ( 'NONE',  ( -0.0000000000000000000, -0.0000000000000000000, -1.000000000000000000 ) ) ;
#6541 = CARTESIAN_POINT ( 'NONE',  ( -5.200000000000001066, -6.995612346359449951, 1.500000000000000000 ) ) ;
#6542 = ORIENTED_EDGE ( 'NONE', *, *, #644, .T. ) ;
#6543 = ORIENTED_EDGE ( 'NONE', *, *, #2923, .F. ) ;
#6544 = AXIS2_PLACEMENT_3D ( 'NONE', #4124, #6754, #6026 ) ;
#6545 = VERTEX_POINT ( 'NONE', #7159 ) ;
#6546 = AXIS2_PLACEMENT_3D ( 'NONE', #3787, #388, #3153 ) ;
#6547 = EDGE_CURVE ( 'NONE', #3536, #6816, #3107, .T. ) ;
#6548 = DIRECTION ( 'NONE',  ( 1.000000000000000000, 0.0000000000000000000, 0.0000000000000000000 ) ) ;
#6549 = PRESENTATION_STYLE_ASSIGNMENT (( #6506 ) ) ;
#6550 = CARTESIAN_POINT ( 'NONE',  ( 3.459999999999999964, -7.445612346359450129, 1.199999999999999956 ) ) ;
#6551 = AXIS2_PLACEMENT_3D ( 'NONE', #5231, #4577, #2455 ) ;
#6552 =( GEOMETRIC_REPRESENTATION_CONTEXT ( 3 ) GLOBAL_UNCERTAINTY_ASSIGNED_CONTEXT ( ( #4059 ) ) GLOBAL_UNIT_ASSIGNED_CONTEXT ( ( #5686, #7838, #669 ) ) REPRESENTATION_CONTEXT ( 'NONE', 'WORKASPACE' ) );
#6553 = ORIENTED_EDGE ( 'NONE', *, *, #183, .F. ) ;
#6554 = EDGE_CURVE ( 'NONE', #1395, #1438, #1897, .T. ) ;
#6555 = DIRECTION ( 'NONE',  ( -1.000000000000000000, 0.0000000000000000000, 0.0000000000000000000 ) ) ;
#6556 = VECTOR ( 'NONE', #2632, 1000.000000000000000 ) ;
#6557 = EDGE_LOOP ( 'NONE', ( #883, #4290, #7398, #758, #4430, #2806 ) ) ;
#6558 = UNCERTAINTY_MEASURE_WITH_UNIT (LENGTH_MEASURE( 1.000000000000000082E-05 ), #1573, 'distance_accuracy_value', 'NONE');
#6559 = PRESENTATION_LAYER_ASSIGNMENT (  '', '', ( #2853 ) ) ;
#6560 = DIRECTION ( 'NONE',  ( -0.9486832980505157664, 0.3162277660168317794, 0.0000000000000000000 ) ) ;
#6561 = SURFACE_STYLE_FILL_AREA ( #5892 ) ;
#6562 =( NAMED_UNIT ( * ) SI_UNIT ( $, .STERADIAN. ) SOLID_ANGLE_UNIT ( ) );
#6563 =( GEOMETRIC_REPRESENTATION_CONTEXT ( 3 ) GLOBAL_UNCERTAINTY_ASSIGNED_CONTEXT ( ( #6376 ) ) GLOBAL_UNIT_ASSIGNED_CONTEXT ( ( #479, #5090, #4443 ) ) REPRESENTATION_CONTEXT ( 'NONE', 'WORKASPACE' ) );
#6564 = STYLED_ITEM ( 'NONE', ( #5604 ), #6720 ) ;
#6565 = CARTESIAN_POINT ( 'NONE',  ( -6.375104322620996022, -1.268087093104834695, -7.000000000000000000 ) ) ;
#6566 = ORIENTED_EDGE ( 'NONE', *, *, #4096, .T. ) ;
#6567 =( NAMED_UNIT ( * ) PLANE_ANGLE_UNIT ( ) SI_UNIT ( $, .RADIAN. ) );
#6568 = DIRECTION ( 'NONE',  ( 0.4472135954999579832, 0.8944271909999159664, -0.0000000000000000000 ) ) ;
#6569 = VECTOR ( 'NONE', #637, 1000.000000000000000 ) ;
#6570 = MECHANICAL_DESIGN_GEOMETRIC_PRESENTATION_REPRESENTATION (  '', ( #7976 ), #553 ) ;
#6571 =( NAMED_UNIT ( * ) SI_UNIT ( $, .STERADIAN. ) SOLID_ANGLE_UNIT ( ) );
#6572 = LINE ( 'NONE', #1463, #4008 ) ;
#6573 = DIRECTION ( 'NONE',  ( -0.05346972352259062727, -0.9985694711267804058, -0.0000000000000000000 ) ) ;
#6574 = CARTESIAN_POINT ( 'NONE',  ( -1.268087093104831586, 6.375104322620998687, 1.156482317317871331E-15 ) ) ;
#6575 =( NAMED_UNIT ( * ) SI_UNIT ( $, .STERADIAN. ) SOLID_ANGLE_UNIT ( ) );
#6576 = COLOUR_RGB ( '',0.1529411764705882470, 0.1529411764705882470, 0.1529411764705882470 ) ;
#6577 = ORIENTED_EDGE ( 'NONE', *, *, #6807, .F. ) ;
#6578 = EDGE_CURVE ( 'NONE', #7452, #619, #2450, .T. ) ;
#6579 =( NAMED_UNIT ( * ) SI_UNIT ( $, .STERADIAN. ) SOLID_ANGLE_UNIT ( ) );
#6580 = ORIENTED_EDGE ( 'NONE', *, *, #4797, .F. ) ;
#6581 = LINE ( 'NONE', #1969, #8260 ) ;
#6582 = AXIS2_PLACEMENT_3D ( 'NONE', #1176, #4588, #3849 ) ;
#6583 = PRESENTATION_LAYER_ASSIGNMENT (  '', '', ( #849 ) ) ;
#6584 = DIRECTION ( 'NONE',  ( -1.000000000000000000, -7.052894681536500135E-16, 0.0000000000000000000 ) ) ;
#6585 = LINE ( 'NONE', #860, #6862 ) ;
#6586 = ORIENTED_EDGE ( 'NONE', *, *, #4942, .F. ) ;
#6587 = ORIENTED_EDGE ( 'NONE', *, *, #651, .F. ) ;
#6588 = AXIS2_PLACEMENT_3D ( 'NONE', #3006, #3763, #4900 ) ;
#6589 = LINE ( 'NONE', #730, #3905 ) ;
#6590 = VERTEX_POINT ( 'NONE', #3236 ) ;
#6591 = DIRECTION ( 'NONE',  ( 0.0000000000000000000, -0.0000000000000000000, -1.000000000000000000 ) ) ;
#6592 = LINE ( 'NONE', #3323, #7761 ) ;
#6593 = VECTOR ( 'NONE', #991, 1000.000000000000000 ) ;
#6594 = LINE ( 'NONE', #4570, #4001 ) ;
#6595 = FILL_AREA_STYLE_COLOUR ( '', #7546 ) ;
#6596 = SURFACE_STYLE_USAGE ( .BOTH. , #7247 ) ;
#6597 = ADVANCED_FACE ( 'NONE', ( #6368 ), #8359, .F. ) ;
#6598 = ORIENTED_EDGE ( 'NONE', *, *, #7532, .T. ) ;
#6599 = VECTOR ( 'NONE', #5866, 1000.000000000000000 ) ;
#6600 = FILL_AREA_STYLE ('',( #3971 ) ) ;
#6601 = ORIENTED_EDGE ( 'NONE', *, *, #1763, .F. ) ;
#6602 = SURFACE_STYLE_FILL_AREA ( #5180 ) ;
#6603 = CARTESIAN_POINT ( 'NONE',  ( -4.596194077712559611, -4.596194077712559611, 1.156482317317871331E-15 ) ) ;
#6604 = EDGE_CURVE ( 'NONE', #3009, #7754, #4531, .T. ) ;
#6605 = AXIS2_PLACEMENT_3D ( 'NONE', #3850, #7085, #6443 ) ;
#6606 = CARTESIAN_POINT ( 'NONE',  ( 0.0000000000000000000, 0.0000000000000000000, 0.0000000000000000000 ) ) ;
#6607 = CARTESIAN_POINT ( 'NONE',  ( -4.596194077712559611, -4.596194077712559611, 0.0000000000000000000 ) ) ;
#6608 = FACE_BOUND ( 'NONE', #6063, .T. ) ;
#6609 = ORIENTED_EDGE ( 'NONE', *, *, #1242, .T. ) ;
#6610 = EDGE_LOOP ( 'NONE', ( #4258, #4406, #7128, #3082, #2844, #2793 ) ) ;
#6611 = SURFACE_STYLE_USAGE ( .BOTH. , #2035 ) ;
#6612 = CARTESIAN_POINT ( 'NONE',  ( -5.200000000000001066, 3.000000000000000000, 1.199999999999999956 ) ) ;
#6613 = EDGE_CURVE ( 'NONE', #8478, #1214, #3782, .T. ) ;
#6614 = CARTESIAN_POINT ( 'NONE',  ( -2.487442310373079835, 6.005216961323360358, 1.000000000000000000 ) ) ;
#6615 = FILL_AREA_STYLE ('',( #5951 ) ) ;
#6616 = ORIENTED_EDGE ( 'NONE', *, *, #305, .T. ) ;
#6617 = CARTESIAN_POINT ( 'NONE',  ( 5.200000000000001066, -6.995612346359449951, 2.200000000000000178 ) ) ;
#6618 = VERTEX_POINT ( 'NONE', #556 ) ;
#6619 = EDGE_CURVE ( 'NONE', #281, #2125, #5837, .T. ) ;
#6620 = FACE_OUTER_BOUND ( 'NONE', #4169, .T. ) ;
#6621 = AXIS2_PLACEMENT_3D ( 'NONE', #4418, #5766, #4551 ) ;
#6622 = CARTESIAN_POINT ( 'NONE',  ( 5.121870354138161829, -4.771419503187768640, 0.0000000000000000000 ) ) ;
#6623 = ADVANCED_FACE ( 'NONE', ( #468, #3066 ), #5696, .F. ) ;
#6624 = PLANE ( 'NONE',  #148 ) ;
#6625 = SURFACE_STYLE_FILL_AREA ( #6048 ) ;
#6626 = VERTEX_POINT ( 'NONE', #1157 ) ;
#6627 = PRESENTATION_STYLE_ASSIGNMENT (( #216 ) ) ;
#6628 = ORIENTED_EDGE ( 'NONE', *, *, #3755, .F. ) ;
#6629 = STYLED_ITEM ( 'NONE', ( #5421 ), #1823 ) ;
#6630 = DIRECTION ( 'NONE',  ( -0.9584966580880912579, 0.2851037643279382139, 0.0000000000000000000 ) ) ;
#6631 = ORIENTED_EDGE ( 'NONE', *, *, #3934, .F. ) ;
#6632 = SURFACE_STYLE_FILL_AREA ( #1400 ) ;
#6633 = EDGE_CURVE ( 'NONE', #4160, #6763, #1482, .T. ) ;
#6634 = CARTESIAN_POINT ( 'NONE',  ( -1.268087093104838248, -6.375104322620998687, 1.156482317317871331E-15 ) ) ;
#6635 = VECTOR ( 'NONE', #1063, 1000.000000000000000 ) ;
#6636 = AXIS2_PLACEMENT_3D ( 'NONE', #3976, #2068, #4627 ) ;
#6637 = CARTESIAN_POINT ( 'NONE',  ( 0.0000000000000000000, 0.0000000000000000000, 0.0000000000000000000 ) ) ;
#6638 = VERTEX_POINT ( 'NONE', #2811 ) ;
#6639 = VECTOR ( 'NONE', #7848, 1000.000000000000000 ) ;
#6640 = MECHANICAL_DESIGN_GEOMETRIC_PRESENTATION_REPRESENTATION (  '', ( #1312 ), #2932 ) ;
#6641 = ORIENTED_EDGE ( 'NONE', *, *, #7344, .F. ) ;
#6642 = UNCERTAINTY_MEASURE_WITH_UNIT (LENGTH_MEASURE( 1.000000000000000082E-05 ), #4932, 'distance_accuracy_value', 'NONE');
#6643 = DIRECTION ( 'NONE',  ( 1.000000000000000000, -8.881784197001252323E-15, 0.0000000000000000000 ) ) ;
#6644 =( NAMED_UNIT ( * ) PLANE_ANGLE_UNIT ( ) SI_UNIT ( $, .RADIAN. ) );
#6645 = PLANE ( 'NONE',  #6326 ) ;
#6646 =( NAMED_UNIT ( * ) PLANE_ANGLE_UNIT ( ) SI_UNIT ( $, .RADIAN. ) );
#6647 = DIRECTION ( 'NONE',  ( -0.0000000000000000000, -0.0000000000000000000, -1.000000000000000000 ) ) ;
#6648 = AXIS2_PLACEMENT_3D ( 'NONE', #6415, #4434, #50 ) ;
#6649 = SURFACE_SIDE_STYLE ('',( #7172 ) ) ;
#6650 = DIRECTION ( 'NONE',  ( 0.0000000000000000000, -1.000000000000000000, 0.0000000000000000000 ) ) ;
#6651 = ORIENTED_EDGE ( 'NONE', *, *, #2942, .F. ) ;
#6652 = SURFACE_SIDE_STYLE ('',( #282 ) ) ;
#6653 = EDGE_CURVE ( 'NONE', #8054, #6724, #4005, .T. ) ;
#6654 = EDGE_CURVE ( 'NONE', #6375, #4821, #7952, .T. ) ;
#6655 = CARTESIAN_POINT ( 'NONE',  ( -2.906047995630970160, -6.368271747270940253, 0.0000000000000000000 ) ) ;
#6656 = SURFACE_STYLE_USAGE ( .BOTH. , #5508 ) ;
#6657 = CARTESIAN_POINT ( 'NONE',  ( 5.200000000000001066, 2.999999999999999112, 1.500000000000000222 ) ) ;
#6658 = DIRECTION ( 'NONE',  ( 1.000000000000000000, 0.0000000000000000000, 0.0000000000000000000 ) ) ;
#6659 = LINE ( 'NONE', #2700, #8197 ) ;
#6660 = EDGE_LOOP ( 'NONE', ( #898, #901, #1004, #8324 ) ) ;
#6661 = DIRECTION ( 'NONE',  ( 0.0000000000000000000, 1.000000000000000000, -0.0000000000000000000 ) ) ;
#6662 = VECTOR ( 'NONE', #2945, 1000.000000000000000 ) ;
#6663 = UNCERTAINTY_MEASURE_WITH_UNIT (LENGTH_MEASURE( 1.000000000000000082E-05 ), #7582, 'distance_accuracy_value', 'NONE');
#6664 = ADVANCED_FACE ( 'NONE', ( #4051 ), #4659, .F. ) ;
#6665 = DIRECTION ( 'NONE',  ( -0.0000000000000000000, -0.0000000000000000000, -1.000000000000000000 ) ) ;
#6666 = DIRECTION ( 'NONE',  ( 0.0000000000000000000, 0.0000000000000000000, -1.000000000000000000 ) ) ;
#6667 = VECTOR ( 'NONE', #2269, 1000.000000000000000 ) ;
#6668 = AXIS2_PLACEMENT_3D ( 'NONE', #1411, #4800, #6643 ) ;
#6669 = PLANE ( 'NONE',  #7437 ) ;
#6670 = DIRECTION ( 'NONE',  ( 0.0000000000000000000, 0.0000000000000000000, 1.000000000000000000 ) ) ;
#6671 = EDGE_LOOP ( 'NONE', ( #6940, #340, #2553, #7944 ) ) ;
#6672 = ORIENTED_EDGE ( 'NONE', *, *, #3755, .T. ) ;
#6673 = DIRECTION ( 'NONE',  ( -0.5957350678737109995, 0.8031810063152047263, -0.0000000000000000000 ) ) ;
#6674 = ORIENTED_EDGE ( 'NONE', *, *, #5207, .F. ) ;
#6675 = EDGE_CURVE ( 'NONE', #2580, #5139, #2426, .T. ) ;
#6676 = VECTOR ( 'NONE', #165, 1000.000000000000000 ) ;
#6677 = STYLED_ITEM ( 'NONE', ( #7078 ), #5671 ) ;
#6678 = PRESENTATION_STYLE_ASSIGNMENT (( #2719 ) ) ;
#6679 = LINE ( 'NONE', #3364, #3980 ) ;
#6680 =( NAMED_UNIT ( * ) PLANE_ANGLE_UNIT ( ) SI_UNIT ( $, .RADIAN. ) );
#6681 = DIRECTION ( 'NONE',  ( -0.9486832980505138790, 0.3162277660168379967, -0.0000000000000000000 ) ) ;
#6682 = CARTESIAN_POINT ( 'NONE',  ( 0.0000000000000000000, 0.0000000000000000000, 1.000000000000000000 ) ) ;
#6683 = VECTOR ( 'NONE', #1457, 1000.000000000000000 ) ;
#6684 = CIRCLE ( 'NONE', #7939, 1.000000000000000000 ) ;
#6685 = ORIENTED_EDGE ( 'NONE', *, *, #7592, .F. ) ;
#6686 = EDGE_CURVE ( 'NONE', #3461, #166, #224, .T. ) ;
#6687 = FACE_OUTER_BOUND ( 'NONE', #3251, .T. ) ;
#6688 = ORIENTED_EDGE ( 'NONE', *, *, #1281, .T. ) ;
#6689 = DIRECTION ( 'NONE',  ( 0.0000000000000000000, 0.0000000000000000000, 1.000000000000000000 ) ) ;
#6690 = VECTOR ( 'NONE', #1947, 1000.000000000000000 ) ;
#6691 =( LENGTH_UNIT ( ) NAMED_UNIT ( * ) SI_UNIT ( .MILLI., .METRE. ) );
#6692 =( GEOMETRIC_REPRESENTATION_CONTEXT ( 3 ) GLOBAL_UNCERTAINTY_ASSIGNED_CONTEXT ( ( #8042 ) ) GLOBAL_UNIT_ASSIGNED_CONTEXT ( ( #8310, #5948, #6571 ) ) REPRESENTATION_CONTEXT ( 'NONE', 'WORKASPACE' ) );
#6693 = CARTESIAN_POINT ( 'NONE',  ( -5.200000000000001066, -6.995612346359449951, 1.500000000000000000 ) ) ;
#6694 = CARTESIAN_POINT ( 'NONE',  ( -6.005216961323360358, 2.487442310373079835, 1.000000000000000000 ) ) ;
#6695 = CARTESIAN_POINT ( 'NONE',  ( 6.911675780212112485, 1.108484510144030155, 1.000000000000002665 ) ) ;
#6696 = CARTESIAN_POINT ( 'NONE',  ( 6.737754777652109617, 3.332065508993820035, 1.000000000000000000 ) ) ;
#6697 = DIRECTION ( 'NONE',  ( 0.9584966580880927012, -0.2851037643279335509, 0.0000000000000000000 ) ) ;
#6698 = ORIENTED_EDGE ( 'NONE', *, *, #2846, .T. ) ;
#6699 = CIRCLE ( 'NONE', #2980, 7.000000000000000000 ) ;
#6700 = DIRECTION ( 'NONE',  ( -0.0000000000000000000, 0.0000000000000000000, 1.000000000000000000 ) ) ;
#6701 = ORIENTED_EDGE ( 'NONE', *, *, #5383, .T. ) ;
#6702 = ORIENTED_EDGE ( 'NONE', *, *, #3322, .T. ) ;
#6703 = SURFACE_STYLE_USAGE ( .BOTH. , #2077 ) ;
#6704 = DIRECTION ( 'NONE',  ( -1.000000000000000000, 0.0000000000000000000, 0.0000000000000000000 ) ) ;
#6705 =( NAMED_UNIT ( * ) SI_UNIT ( $, .STERADIAN. ) SOLID_ANGLE_UNIT ( ) );
#6706 =( NAMED_UNIT ( * ) PLANE_ANGLE_UNIT ( ) SI_UNIT ( $, .RADIAN. ) );
#6707 = ADVANCED_FACE ( 'NONE', ( #3458 ), #3280, .F. ) ;
#6708 = CARTESIAN_POINT ( 'NONE',  ( 4.900000000000000355, -0.7499999999999998890, 2.699999999999999734 ) ) ;
#6709 = STYLED_ITEM ( 'NONE', ( #3151 ), #6597 ) ;
#6710 = DIRECTION ( 'NONE',  ( 1.000000000000000000, 0.0000000000000000000, 0.0000000000000000000 ) ) ;
#6711 = EDGE_CURVE ( 'NONE', #6074, #4095, #4741, .T. ) ;
#6712 = ORIENTED_EDGE ( 'NONE', *, *, #1258, .T. ) ;
#6713 = CARTESIAN_POINT ( 'NONE',  ( 7.446736164466670083, -0.9493313942656620430, 1.000000000000003553 ) ) ;
#6714 = AXIS2_PLACEMENT_3D ( 'NONE', #3822, #5825, #4393 ) ;
#6715 = ORIENTED_EDGE ( 'NONE', *, *, #2658, .F. ) ;
#6716 = PLANE ( 'NONE',  #8129 ) ;
#6717 = DIRECTION ( 'NONE',  ( -0.0000000000000000000, 0.0000000000000000000, 1.000000000000000000 ) ) ;
#6718 =( GEOMETRIC_REPRESENTATION_CONTEXT ( 3 ) GLOBAL_UNCERTAINTY_ASSIGNED_CONTEXT ( ( #1725 ) ) GLOBAL_UNIT_ASSIGNED_CONTEXT ( ( #5920, #7807, #3628 ) ) REPRESENTATION_CONTEXT ( 'NONE', 'WORKASPACE' ) );
#6719 = SURFACE_STYLE_USAGE ( .BOTH. , #174 ) ;
#6720 = ADVANCED_FACE ( 'NONE', ( #7560 ), #948, .F. ) ;
#6721 = CARTESIAN_POINT ( 'NONE',  ( 0.0000000000000000000, 0.0000000000000000000, 1.000000000000000000 ) ) ;
#6722 = EDGE_LOOP ( 'NONE', ( #2781, #8070, #5873, #6108 ) ) ;
#6723 = SURFACE_STYLE_FILL_AREA ( #862 ) ;
#6724 = VERTEX_POINT ( 'NONE', #6216 ) ;
#6725 = DIRECTION ( 'NONE',  ( 1.000000000000000000, 0.0000000000000000000, 0.0000000000000000000 ) ) ;
#6726 = ORIENTED_EDGE ( 'NONE', *, *, #7642, .T. ) ;
#6727 = COLOUR_RGB ( '',0.1529411764705882470, 0.1529411764705882470, 0.1529411764705882470 ) ;
#6728 = PRESENTATION_LAYER_ASSIGNMENT (  '', '', ( #8112 ) ) ;
#6729 = DIRECTION ( 'NONE',  ( 0.9974842088126423256, 0.07088902009067953036, -0.0000000000000000000 ) ) ;
#6730 = DIRECTION ( 'NONE',  ( -0.9974842088126424366, -0.07088902009067907239, -0.0000000000000000000 ) ) ;
#6731 = DIRECTION ( 'NONE',  ( 0.0000000000000000000, -0.0000000000000000000, 1.000000000000000000 ) ) ;
#6732 = PRESENTATION_STYLE_ASSIGNMENT (( #6059 ) ) ;
#6733 = DIRECTION ( 'NONE',  ( 1.000000000000000000, 0.0000000000000000000, 0.0000000000000000000 ) ) ;
#6734 = VECTOR ( 'NONE', #2314, 1000.000000000000000 ) ;
#6735 =( GEOMETRIC_REPRESENTATION_CONTEXT ( 3 ) GLOBAL_UNCERTAINTY_ASSIGNED_CONTEXT ( ( #643 ) ) GLOBAL_UNIT_ASSIGNED_CONTEXT ( ( #742, #315, #5533 ) ) REPRESENTATION_CONTEXT ( 'NONE', 'WORKASPACE' ) );
#6736 = AXIS2_PLACEMENT_3D ( 'NONE', #7013, #535, #5772 ) ;
#6737 = ORIENTED_EDGE ( 'NONE', *, *, #4875, .F. ) ;
#6738 = ORIENTED_EDGE ( 'NONE', *, *, #983, .T. ) ;
#6739 = ORIENTED_EDGE ( 'NONE', *, *, #2613, .T. ) ;
#6740 = UNCERTAINTY_MEASURE_WITH_UNIT (LENGTH_MEASURE( 1.000000000000000082E-05 ), #1124, 'distance_accuracy_value', 'NONE');
#6741 = PLANE ( 'NONE',  #1335 ) ;
#6742 = AXIS2_PLACEMENT_3D ( 'NONE', #417, #2931, #4984 ) ;
#6743 = SURFACE_STYLE_USAGE ( .BOTH. , #8044 ) ;
#6744 = ADVANCED_FACE ( 'NONE', ( #6780 ), #4307, .T. ) ;
#6745 = DIRECTION ( 'NONE',  ( -0.0000000000000000000, -0.0000000000000000000, -1.000000000000000000 ) ) ;
#6746 =( NAMED_UNIT ( * ) PLANE_ANGLE_UNIT ( ) SI_UNIT ( $, .RADIAN. ) );
#6747 =( NAMED_UNIT ( * ) SI_UNIT ( $, .STERADIAN. ) SOLID_ANGLE_UNIT ( ) );
#6748 = ADVANCED_FACE ( 'NONE', ( #4830 ), #502, .T. ) ;
#6749 = SURFACE_STYLE_USAGE ( .BOTH. , #1616 ) ;
#6750 = VERTEX_POINT ( 'NONE', #3099 ) ;
#6751 = CIRCLE ( 'NONE', #4678, 0.5000000000000000000 ) ;
#6752 = FACE_OUTER_BOUND ( 'NONE', #64, .T. ) ;
#6753 = ORIENTED_EDGE ( 'NONE', *, *, #501, .F. ) ;
#6754 = DIRECTION ( 'NONE',  ( -0.0000000000000000000, -0.0000000000000000000, 1.000000000000000000 ) ) ;
#6755 = EDGE_LOOP ( 'NONE', ( #528, #1043, #6959, #5607, #7887, #5393, #1678, #7470, #150, #1793 ) ) ;
#6756 = FACE_OUTER_BOUND ( 'NONE', #8009, .T. ) ;
#6757 = VECTOR ( 'NONE', #5591, 1000.000000000000114 ) ;
#6758 =( NAMED_UNIT ( * ) PLANE_ANGLE_UNIT ( ) SI_UNIT ( $, .RADIAN. ) );
#6759 = CARTESIAN_POINT ( 'NONE',  ( 0.0000000000000000000, 0.0000000000000000000, 0.0000000000000000000 ) ) ;
#6760 = FILL_AREA_STYLE ('',( #7620 ) ) ;
#6761 = FACE_OUTER_BOUND ( 'NONE', #1280, .T. ) ;
#6762 = DIRECTION ( 'NONE',  ( 0.0000000000000000000, 1.000000000000000000, -0.0000000000000000000 ) ) ;
#6763 = VERTEX_POINT ( 'NONE', #1795 ) ;
#6764 =( GEOMETRIC_REPRESENTATION_CONTEXT ( 3 ) GLOBAL_UNCERTAINTY_ASSIGNED_CONTEXT ( ( #6663 ) ) GLOBAL_UNIT_ASSIGNED_CONTEXT ( ( #7582, #1047, #7536 ) ) REPRESENTATION_CONTEXT ( 'NONE', 'WORKASPACE' ) );
#6765 =( NAMED_UNIT ( * ) SI_UNIT ( $, .STERADIAN. ) SOLID_ANGLE_UNIT ( ) );
#6766 = VERTEX_POINT ( 'NONE', #8485 ) ;
#6767 = CARTESIAN_POINT ( 'NONE',  ( 1.000000000000000000, 1.224646799147353207E-16, 0.5000000000000000000 ) ) ;
#6768 = DIRECTION ( 'NONE',  ( -0.0000000000000000000, -0.0000000000000000000, -1.000000000000000000 ) ) ;
#6769 = ORIENTED_EDGE ( 'NONE', *, *, #7513, .T. ) ;
#6770 = ORIENTED_EDGE ( 'NONE', *, *, #928, .T. ) ;
#6771 = ORIENTED_EDGE ( 'NONE', *, *, #6619, .T. ) ;
#6772 = CARTESIAN_POINT ( 'NONE',  ( 6.375104322620996022, 1.268087093104834695, -7.000000000000000000 ) ) ;
#6773 = UNCERTAINTY_MEASURE_WITH_UNIT (LENGTH_MEASURE( 1.000000000000000082E-05 ), #3407, 'distance_accuracy_value', 'NONE');
#6774 = AXIS2_PLACEMENT_3D ( 'NONE', #2106, #1524, #4790 ) ;
#6775 = EDGE_CURVE ( 'NONE', #3720, #1938, #8398, .T. ) ;
#6776 = EDGE_CURVE ( 'NONE', #435, #4341, #4349, .T. ) ;
#6777 = DIRECTION ( 'NONE',  ( -0.8622048423282602236, -0.5065597791630320756, -0.0000000000000000000 ) ) ;
#6778 = CARTESIAN_POINT ( 'NONE',  ( 4.900000000000000355, -0.7499999999999998890, 2.200000000000000178 ) ) ;
#6779 = LINE ( 'NONE', #5439, #6783 ) ;
#6780 = FACE_OUTER_BOUND ( 'NONE', #5700, .T. ) ;
#6781 = DIRECTION ( 'NONE',  ( 0.0000000000000000000, 0.0000000000000000000, 1.000000000000000000 ) ) ;
#6782 = CARTESIAN_POINT ( 'NONE',  ( 0.0000000000000000000, -7.445612346359450129, 2.200000000000000178 ) ) ;
#6783 = VECTOR ( 'NONE', #6864, 1000.000000000000000 ) ;
#6784 = VERTEX_POINT ( 'NONE', #2571 ) ;
#6785 = ORIENTED_EDGE ( 'NONE', *, *, #3453, .T. ) ;
#6786 = VECTOR ( 'NONE', #7291, 1000.000000000000000 ) ;
#6787 = EDGE_CURVE ( 'NONE', #2670, #4689, #7148, .T. ) ;
#6788 = STYLED_ITEM ( 'NONE', ( #8139 ), #1835 ) ;
#6789 = CARTESIAN_POINT ( 'NONE',  ( -5.200000000000001066, 0.0000000000000000000, 1.699999999999999956 ) ) ;
#6790 = CARTESIAN_POINT ( 'NONE',  ( 3.959999999999999964, -5.145612346359439648, 4.200000000000000178 ) ) ;
#6791 = FILL_AREA_STYLE ('',( #1038 ) ) ;
#6792 = AXIS2_PLACEMENT_3D ( 'NONE', #2740, #5374, #8008 ) ;
#6793 = CARTESIAN_POINT ( 'NONE',  ( -3.775206928833959807, -6.510492742431059909, -7.000000000000000000 ) ) ;
#6794 = AXIS2_PLACEMENT_3D ( 'NONE', #8048, #1001, #6113 ) ;
#6795 = ORIENTED_EDGE ( 'NONE', *, *, #4599, .T. ) ;
#6796 =( NAMED_UNIT ( * ) PLANE_ANGLE_UNIT ( ) SI_UNIT ( $, .RADIAN. ) );
#6797 = ORIENTED_EDGE ( 'NONE', *, *, #353, .F. ) ;
#6798 = CARTESIAN_POINT ( 'NONE',  ( 4.900000000000000355, 0.0000000000000000000, 2.700000000000000178 ) ) ;
#6799 = ORIENTED_EDGE ( 'NONE', *, *, #5325, .F. ) ;
#6800 = EDGE_CURVE ( 'NONE', #6440, #111, #3143, .T. ) ;
#6801 = CARTESIAN_POINT ( 'NONE',  ( 7.120438210017191238, -2.408185976482529966, -7.000000000000000000 ) ) ;
#6802 = FILL_AREA_STYLE_COLOUR ( '', #2312 ) ;
#6803 = CIRCLE ( 'NONE', #1042, 7.000000000000000000 ) ;
#6804 = FACE_OUTER_BOUND ( 'NONE', #1303, .T. ) ;
#6805 =( LENGTH_UNIT ( ) NAMED_UNIT ( * ) SI_UNIT ( .MILLI., .METRE. ) );
#6806 = CARTESIAN_POINT ( 'NONE',  ( 5.200000000000001066, -6.995612346359449951, 1.500000000000000000 ) ) ;
#6807 = EDGE_CURVE ( 'NONE', #4247, #4174, #591, .T. ) ;
#6808 = ORIENTED_EDGE ( 'NONE', *, *, #1881, .T. ) ;
#6809 = ORIENTED_EDGE ( 'NONE', *, *, #676, .F. ) ;
#6810 = CARTESIAN_POINT ( 'NONE',  ( -4.899999999999989697, -0.7500000000000000000, 2.200000000000000178 ) ) ;
#6811 = CARTESIAN_POINT ( 'NONE',  ( 6.005216961323360358, 2.487442310373079835, -7.000000000000000000 ) ) ;
#6812 =( NAMED_UNIT ( * ) SI_UNIT ( $, .STERADIAN. ) SOLID_ANGLE_UNIT ( ) );
#6813 = PRESENTATION_STYLE_ASSIGNMENT (( #6719 ) ) ;
#6814 = ORIENTED_EDGE ( 'NONE', *, *, #2794, .T. ) ;
#6815 = VERTEX_POINT ( 'NONE', #5732 ) ;
#6816 = VERTEX_POINT ( 'NONE', #6983 ) ;
#6817 = FILL_AREA_STYLE ('',( #5310 ) ) ;
#6818 = LINE ( 'NONE', #2973, #4394 ) ;
#6819 = VECTOR ( 'NONE', #1519, 1000.000000000000000 ) ;
#6820 = SURFACE_STYLE_USAGE ( .BOTH. , #2276 ) ;
#6821 = PLANE ( 'NONE',  #1821 ) ;
#6822 = EDGE_CURVE ( 'NONE', #7189, #942, #8346, .T. ) ;
#6823 = ORIENTED_EDGE ( 'NONE', *, *, #7797, .F. ) ;
#6824 = VECTOR ( 'NONE', #931, 1000.000000000000227 ) ;
#6825 =( GEOMETRIC_REPRESENTATION_CONTEXT ( 3 ) GLOBAL_UNCERTAINTY_ASSIGNED_CONTEXT ( ( #4666 ) ) GLOBAL_UNIT_ASSIGNED_CONTEXT ( ( #5284, #4710, #658 ) ) REPRESENTATION_CONTEXT ( 'NONE', 'WORKASPACE' ) );
#6826 = DIRECTION ( 'NONE',  ( -0.0000000000000000000, -0.0000000000000000000, -1.000000000000000000 ) ) ;
#6827 = CARTESIAN_POINT ( 'NONE',  ( -4.899999999999989697, -0.7500000000000002220, 2.200000000000000178 ) ) ;
#6828 = DIRECTION ( 'NONE',  ( 0.1466864298015879697, 0.9891830423698456665, -0.0000000000000000000 ) ) ;
#6829 = SURFACE_SIDE_STYLE ('',( #3470 ) ) ;
#6830 =( NAMED_UNIT ( * ) PLANE_ANGLE_UNIT ( ) SI_UNIT ( $, .RADIAN. ) );
#6831 = EDGE_CURVE ( 'NONE', #1984, #7452, #6496, .T. ) ;
#6832 = ORIENTED_EDGE ( 'NONE', *, *, #1733, .F. ) ;
#6833 = ORIENTED_EDGE ( 'NONE', *, *, #7144, .F. ) ;
#6834 = CARTESIAN_POINT ( 'NONE',  ( 1.268087093104830032, -6.375104322620999575, 1.000000000000003553 ) ) ;
#6835 =( GEOMETRIC_REPRESENTATION_CONTEXT ( 3 ) GLOBAL_UNCERTAINTY_ASSIGNED_CONTEXT ( ( #1330 ) ) GLOBAL_UNIT_ASSIGNED_CONTEXT ( ( #4675, #1421, #4925 ) ) REPRESENTATION_CONTEXT ( 'NONE', 'WORKASPACE' ) );
#6836 = COLOUR_RGB ( '',0.5607843137254902022, 0.5607843137254902022, 0.5607843137254902022 ) ;
#6837 = FACE_OUTER_BOUND ( 'NONE', #6363, .T. ) ;
#6838 = CARTESIAN_POINT ( 'NONE',  ( 4.596194077712559611, 4.596194077712559611, 0.0000000000000000000 ) ) ;
#6839 = DIRECTION ( 'NONE',  ( -0.0000000000000000000, -1.000000000000000000, -0.0000000000000000000 ) ) ;
#6840 = DIRECTION ( 'NONE',  ( 0.0000000000000000000, 0.0000000000000000000, 1.000000000000000000 ) ) ;
#6841 = VECTOR ( 'NONE', #1960, 1000.000000000000000 ) ;
#6842 = CARTESIAN_POINT ( 'NONE',  ( 5.200000000000001066, -0.5000000000000001110, 2.200000000000000178 ) ) ;
#6843 = ADVANCED_FACE ( 'NONE', ( #4517 ), #7681, .F. ) ;
#6844 = ORIENTED_EDGE ( 'NONE', *, *, #5314, .F. ) ;
#6845 = LINE ( 'NONE', #976, #6676 ) ;
#6846 = EDGE_LOOP ( 'NONE', ( #13, #6631, #1361, #7311, #1052, #3217, #5650, #4758, #1633, #2924, #2188, #8185, #6053, #5012, #4893, #55 ) ) ;
#6847 = DIRECTION ( 'NONE',  ( 1.000000000000000000, 0.0000000000000000000, 0.0000000000000000000 ) ) ;
#6848 = CIRCLE ( 'NONE', #820, 7.000000000000000000 ) ;
#6849 = VECTOR ( 'NONE', #2733, 1000.000000000000000 ) ;
#6850 = CARTESIAN_POINT ( 'NONE',  ( 5.947380195468812580, -3.691702698016912976, 1.000000000000000000 ) ) ;
#6851 = CARTESIAN_POINT ( 'NONE',  ( 6.368271747270937588, 2.906047995630967495, 0.0000000000000000000 ) ) ;
#6852 = ORIENTED_EDGE ( 'NONE', *, *, #5844, .F. ) ;
#6853 = ADVANCED_FACE ( 'NONE', ( #42 ), #4040, .T. ) ;
#6854 = VERTEX_POINT ( 'NONE', #80 ) ;
#6855 = CIRCLE ( 'NONE', #4230, 4.500000000000000888 ) ;
#6856 = MECHANICAL_DESIGN_GEOMETRIC_PRESENTATION_REPRESENTATION (  '', ( #6709 ), #7965 ) ;
#6857 = ORIENTED_EDGE ( 'NONE', *, *, #425, .T. ) ;
#6858 = LINE ( 'NONE', #7376, #1981 ) ;
#6859 = EDGE_LOOP ( 'NONE', ( #10, #7677 ) ) ;
#6860 = UNCERTAINTY_MEASURE_WITH_UNIT (LENGTH_MEASURE( 1.000000000000000082E-05 ), #5014, 'distance_accuracy_value', 'NONE');
#6861 = CARTESIAN_POINT ( 'NONE',  ( 0.0000000000000000000, 0.0000000000000000000, 0.0000000000000000000 ) ) ;
#6862 = VECTOR ( 'NONE', #3398, 1000.000000000000000 ) ;
#6863 = COLOUR_RGB ( '',0.0000000000000000000, 0.0000000000000000000, 0.0000000000000000000 ) ;
#6864 = DIRECTION ( 'NONE',  ( 0.0000000000000000000, -1.000000000000000000, -0.0000000000000000000 ) ) ;
#6865 = PRESENTATION_STYLE_ASSIGNMENT (( #2324 ) ) ;
#6866 = DIRECTION ( 'NONE',  ( 1.000000000000000000, 0.0000000000000000000, 0.0000000000000000000 ) ) ;
#6867 = VERTEX_POINT ( 'NONE', #684 ) ;
#6868 = CLOSED_SHELL ( 'NONE', ( #1017, #4, #5122, #3030, #1574, #5601, #301, #7425, #6905, #4989, #4389, #7542, #4368, #6515, #6452, #6192, #2979, #3618, #4082, #2921, #1914, #6843, #1835, #7521, #8456, #6597, #192, #3390, #1903, #8047, #2537, #4909, #3264, #580, #7468, #6197, #5401, #6311, #661, #423, #4525, #2829, #5783, #8466, #6380, #2459, #6720, #1161, #7849, #7439, #2358, #4983, #1458, #2677, #5089, #7086, #7858, #6664, #3397, #4337, #5990, #6171, #4244, #2765, #1468, #7910, #5102, #4467, #6129, #3853, #1032, #1066, #1178, #798, #4973, #2536, #6291, #7719, #1971, #3882, #4277, #7254, #7938, #7569, #4964, #3076, #8141, #6436, #4556, #8015, #6707, #1058, #8262, #2018, #1653, #9, #7748, #3979, #6748, #981, #5631, #5186, #2746, #309, #6107, #4385, #2524, #1918, #5853, #7025, #5450, #5854, #1007, #4611, #1512, #1371, #2034, #182, #6281, #7381, #3154, #2819, #8480, #2722, #2866, #3969, #4108, #4161, #7077, #5671, #5423, #1515, #6744, #1106, #4340, #5562, #5365, #6391, #3075, #3901, #1774, #107, #6524, #3017, #4721, #2342, #6348, #5059, #6853, #912, #5609, #1878, #4728, #6470, #7413, #1823, #5822, #2062, #958, #1205, #5727, #5256, #4781, #6485, #1027, #3212, #5688, #5769, #3805, #7446, #2668, #6957, #436, #6379, #6623, #8219, #338, #6096, #7826, #369, #1216, #740, #2488, #1136, #6253, #4492, #4848, #2709, #5511, #3083, #447, #8228, #7099, #7000, #5677, #1333, #2376, #1641, #3662, #6134, #6495 ) ) ;
#6869 = VECTOR ( 'NONE', #7581, 1000.000000000000114 ) ;
#6870 = AXIS2_PLACEMENT_3D ( 'NONE', #2749, #7979, #624 ) ;
#6871 = LINE ( 'NONE', #3659, #3542 ) ;
#6872 = CARTESIAN_POINT ( 'NONE',  ( -7.120438210017200120, 2.408185976482529966, -7.000000000000000000 ) ) ;
#6873 = EDGE_CURVE ( 'NONE', #6462, #4913, #2864, .T. ) ;
#6874 = PLANE ( 'NONE',  #5606 ) ;
#6875 = VECTOR ( 'NONE', #7122, 1000.000000000000000 ) ;
#6876 =( NAMED_UNIT ( * ) SI_UNIT ( $, .STERADIAN. ) SOLID_ANGLE_UNIT ( ) );
#6877 = STYLED_ITEM ( 'NONE', ( #6103 ), #7521 ) ;
#6878 = FILL_AREA_STYLE_COLOUR ( '', #2273 ) ;
#6879 = VERTEX_POINT ( 'NONE', #5389 ) ;
#6880 = SURFACE_STYLE_USAGE ( .BOTH. , #1798 ) ;
#6881 = EDGE_LOOP ( 'NONE', ( #6712, #6038, #7596, #2121, #3230, #181, #703, #2954, #2796 ) ) ;
#6882 = DIRECTION ( 'NONE',  ( 0.0000000000000000000, 0.0000000000000000000, 1.000000000000000000 ) ) ;
#6883 = SURFACE_STYLE_FILL_AREA ( #4238 ) ;
#6884 = EDGE_CURVE ( 'NONE', #4947, #7543, #5919, .T. ) ;
#6885 = DIRECTION ( 'NONE',  ( -0.1466864298015869983, -0.9891830423698457775, -0.0000000000000000000 ) ) ;
#6886 = EDGE_CURVE ( 'NONE', #7656, #215, #4688, .T. ) ;
#6887 = DIRECTION ( 'NONE',  ( 0.0000000000000000000, 0.0000000000000000000, 1.000000000000000000 ) ) ;
#6888 =( NAMED_UNIT ( * ) PLANE_ANGLE_UNIT ( ) SI_UNIT ( $, .RADIAN. ) );
#6889 = DIRECTION ( 'NONE',  ( 0.0000000000000000000, -1.000000000000000000, -0.0000000000000000000 ) ) ;
#6890 = VERTEX_POINT ( 'NONE', #173 ) ;
#6891 = DIRECTION ( 'NONE',  ( -0.0000000000000000000, -0.0000000000000000000, -1.000000000000000000 ) ) ;
#6892 = VERTEX_POINT ( 'NONE', #807 ) ;
#6893 = EDGE_CURVE ( 'NONE', #6854, #7472, #4648, .T. ) ;
#6894 = VECTOR ( 'NONE', #8065, 1000.000000000000000 ) ;
#6895 = DIRECTION ( 'NONE',  ( 5.465713352000769978E-16, -1.000000000000000000, 0.0000000000000000000 ) ) ;
#6896 = EDGE_CURVE ( 'NONE', #3403, #4810, #3396, .T. ) ;
#6897 = CARTESIAN_POINT ( 'NONE',  ( -2.799999999999999822, -7.445612346359450129, 1.500000000000000000 ) ) ;
#6898 = CARTESIAN_POINT ( 'NONE',  ( -1.767766952966369987, 1.060660171779820082, 0.5000000000000000000 ) ) ;
#6899 = AXIS2_PLACEMENT_3D ( 'NONE', #1828, #2511, #3168 ) ;
#6900 = ORIENTED_EDGE ( 'NONE', *, *, #4546, .F. ) ;
#6901 = ORIENTED_EDGE ( 'NONE', *, *, #358, .F. ) ;
#6902 = DIRECTION ( 'NONE',  ( -0.0000000000000000000, -0.0000000000000000000, -1.000000000000000000 ) ) ;
#6903 = ORIENTED_EDGE ( 'NONE', *, *, #4773, .F. ) ;
#6905 = ADVANCED_FACE ( 'NONE', ( #5958 ), #7283, .F. ) ;
#6904 =( NAMED_UNIT ( * ) PLANE_ANGLE_UNIT ( ) SI_UNIT ( $, .RADIAN. ) );
#6906 =( GEOMETRIC_REPRESENTATION_CONTEXT ( 3 ) GLOBAL_UNCERTAINTY_ASSIGNED_CONTEXT ( ( #3731 ) ) GLOBAL_UNIT_ASSIGNED_CONTEXT ( ( #4370, #4325, #1779 ) ) REPRESENTATION_CONTEXT ( 'NONE', 'WORKASPACE' ) );
#6907 = LINE ( 'NONE', #4217, #314 ) ;
#6908 = CARTESIAN_POINT ( 'NONE',  ( -2.487442310373087828, -6.005216961323359470, 0.0000000000000000000 ) ) ;
#6909 =( LENGTH_UNIT ( ) NAMED_UNIT ( * ) SI_UNIT ( .MILLI., .METRE. ) );
#6910 = PRESENTATION_STYLE_ASSIGNMENT (( #7057 ) ) ;
#6911 = PRESENTATION_STYLE_ASSIGNMENT (( #7641 ) ) ;
#6912 = VECTOR ( 'NONE', #4802, 1000.000000000000000 ) ;
#6913 = LINE ( 'NONE', #7522, #2705 ) ;
#6914 = UNCERTAINTY_MEASURE_WITH_UNIT (LENGTH_MEASURE( 1.000000000000000082E-05 ), #7672, 'distance_accuracy_value', 'NONE');
#6915 = SURFACE_SIDE_STYLE ('',( #1762 ) ) ;
#6916 = STYLED_ITEM ( 'NONE', ( #7432 ), #1574 ) ;
#6917 = DIRECTION ( 'NONE',  ( 0.2851037643279368261, 0.9584966580880915910, 0.0000000000000000000 ) ) ;
#6918 = CARTESIAN_POINT ( 'NONE',  ( 2.759999999999999787, -7.445612346359450129, 2.200000000000000178 ) ) ;
#6919 = FACE_OUTER_BOUND ( 'NONE', #4779, .T. ) ;
#6920 = CARTESIAN_POINT ( 'NONE',  ( 5.450000000000000178, -0.5000000000000000000, 2.699999999999999734 ) ) ;
#6921 = VERTEX_POINT ( 'NONE', #3994 ) ;
#6922 = LINE ( 'NONE', #5119, #3225 ) ;
#6923 = ORIENTED_EDGE ( 'NONE', *, *, #2894, .F. ) ;
#6924 = EDGE_LOOP ( 'NONE', ( #8434, #2208, #6191, #3351 ) ) ;
#6925 = CARTESIAN_POINT ( 'NONE',  ( -0.5000000000000000000, 7.500000000000000000, -7.000000000000000000 ) ) ;
#6926 = SURFACE_STYLE_FILL_AREA ( #3751 ) ;
#6927 = CARTESIAN_POINT ( 'NONE',  ( -4.500000000000000888, -9.445612346359450129, 4.200000000000000178 ) ) ;
#6928 = SURFACE_SIDE_STYLE ('',( #4966 ) ) ;
#6929 = AXIS2_PLACEMENT_3D ( 'NONE', #1615, #3627, #917 ) ;
#6930 = PLANE ( 'NONE',  #3773 ) ;
#6931 = EDGE_CURVE ( 'NONE', #4596, #2316, #725, .T. ) ;
#6932 = VERTEX_POINT ( 'NONE', #2093 ) ;
#6933 = EDGE_CURVE ( 'NONE', #2507, #2486, #7235, .T. ) ;
#6934 = LINE ( 'NONE', #6344, #1072 ) ;
#6935 = UNCERTAINTY_MEASURE_WITH_UNIT (LENGTH_MEASURE( 1.000000000000000082E-05 ), #5204, 'distance_accuracy_value', 'NONE');
#6936 = CIRCLE ( 'NONE', #4030, 7.000000000000000000 ) ;
#6937 = CARTESIAN_POINT ( 'NONE',  ( -4.086162522828789001, 5.683597086091649153, 0.0000000000000000000 ) ) ;
#6938 = CARTESIAN_POINT ( 'NONE',  ( 5.200000000000001066, -0.5000000000000002220, 1.699999999999999956 ) ) ;
#6939 = COLOUR_RGB ( '',0.0000000000000000000, 0.0000000000000000000, 0.0000000000000000000 ) ;
#6940 = ORIENTED_EDGE ( 'NONE', *, *, #6162, .T. ) ;
#6941 = VERTEX_POINT ( 'NONE', #3950 ) ;
#6942 = EDGE_CURVE ( 'NONE', #5941, #3328, #858, .T. ) ;
#6943 = ORIENTED_EDGE ( 'NONE', *, *, #5882, .T. ) ;
#6944 = CARTESIAN_POINT ( 'NONE',  ( 5.150000000000000355, -0.5000000000000000000, 2.699999999999999734 ) ) ;
#6945 = CARTESIAN_POINT ( 'NONE',  ( -0.5000000000000000000, 6.123233995736766036E-17, 0.2500000000000002220 ) ) ;
#6946 = FACE_OUTER_BOUND ( 'NONE', #1699, .T. ) ;
#6947 = DIRECTION ( 'NONE',  ( 1.000000000000000000, 0.0000000000000000000, 0.0000000000000000000 ) ) ;
#6948 = ORIENTED_EDGE ( 'NONE', *, *, #6800, .T. ) ;
#6949 = SURFACE_STYLE_USAGE ( .BOTH. , #6915 ) ;
#6950 = SURFACE_STYLE_FILL_AREA ( #2367 ) ;
#6951 = FACE_OUTER_BOUND ( 'NONE', #1593, .T. ) ;
#6952 = LINE ( 'NONE', #5747, #7489 ) ;
#6953 = LINE ( 'NONE', #3665, #3276 ) ;
#6954 = CARTESIAN_POINT ( 'NONE',  ( 5.150000000000000355, -0.5000000000000000000, 1.699999999999999956 ) ) ;
#6955 = MECHANICAL_DESIGN_GEOMETRIC_PRESENTATION_REPRESENTATION (  '', ( #8321 ), #1982 ) ;
#6956 = ORIENTED_EDGE ( 'NONE', *, *, #3473, .F. ) ;
#6957 = ADVANCED_FACE ( 'NONE', ( #3445 ), #6624, .T. ) ;
#6958 = LINE ( 'NONE', #4405, #4207 ) ;
#6959 = ORIENTED_EDGE ( 'NONE', *, *, #4875, .T. ) ;
#6960 = FACE_OUTER_BOUND ( 'NONE', #6722, .T. ) ;
#6961 =( GEOMETRIC_REPRESENTATION_CONTEXT ( 3 ) GLOBAL_UNCERTAINTY_ASSIGNED_CONTEXT ( ( #252 ) ) GLOBAL_UNIT_ASSIGNED_CONTEXT ( ( #3682, #1095, #5100 ) ) REPRESENTATION_CONTEXT ( 'NONE', 'WORKASPACE' ) );
#6962 =( NAMED_UNIT ( * ) SI_UNIT ( $, .STERADIAN. ) SOLID_ANGLE_UNIT ( ) );
#6963 = PLANE ( 'NONE',  #7598 ) ;
#6964 = DIRECTION ( 'NONE',  ( 0.0000000000000000000, 0.0000000000000000000, 1.000000000000000000 ) ) ;
#6965 = PRESENTATION_LAYER_ASSIGNMENT (  '', '', ( #2837 ) ) ;
#6966 = VECTOR ( 'NONE', #276, 1000.000000000000114 ) ;
#6967 = EDGE_LOOP ( 'NONE', ( #3757, #4865, #8030, #3920 ) ) ;
#6968 = DIRECTION ( 'NONE',  ( 1.000000000000000000, -1.598721155460225418E-14, 0.0000000000000000000 ) ) ;
#6969 = COLOUR_RGB ( '',0.0000000000000000000, 0.0000000000000000000, 0.0000000000000000000 ) ;
#6970 = VECTOR ( 'NONE', #6964, 1000.000000000000000 ) ;
#6971 = EDGE_CURVE ( 'NONE', #5912, #8090, #763, .T. ) ;
#6972 = CARTESIAN_POINT ( 'NONE',  ( 2.487442310373079835, -6.005216961323359470, 0.0000000000000000000 ) ) ;
#6973 = ORIENTED_EDGE ( 'NONE', *, *, #3602, .F. ) ;
#6974 = ORIENTED_EDGE ( 'NONE', *, *, #6604, .T. ) ;
#6975 = VECTOR ( 'NONE', #5964, 1000.000000000000000 ) ;
#6976 = LINE ( 'NONE', #2476, #8319 ) ;
#6977 = VERTEX_POINT ( 'NONE', #7988 ) ;
#6978 = AXIS2_PLACEMENT_3D ( 'NONE', #4115, #5406, #7305 ) ;
#6979 = DIRECTION ( 'NONE',  ( 1.000000000000000000, 0.0000000000000000000, 0.0000000000000000000 ) ) ;
#6980 = FACE_OUTER_BOUND ( 'NONE', #3579, .T. ) ;
#6981 = PLANE ( 'NONE',  #1737 ) ;
#6982 = EDGE_CURVE ( 'NONE', #4193, #4043, #4915, .T. ) ;
#6983 = CARTESIAN_POINT ( 'NONE',  ( 1.400000000000000133, -5.495612346359449951, 2.200000000000000178 ) ) ;
#6984 = MECHANICAL_DESIGN_GEOMETRIC_PRESENTATION_REPRESENTATION (  '', ( #7551 ), #5042 ) ;
#6985 = VECTOR ( 'NONE', #5792, 1000.000000000000000 ) ;
#6986 = VERTEX_POINT ( 'NONE', #6938 ) ;
#6987 = DIRECTION ( 'NONE',  ( 0.0000000000000000000, -1.000000000000000000, -0.0000000000000000000 ) ) ;
#6988 = PRESENTATION_LAYER_ASSIGNMENT (  '', '', ( #5900 ) ) ;
#6989 = UNCERTAINTY_MEASURE_WITH_UNIT (LENGTH_MEASURE( 1.000000000000000082E-05 ), #4604, 'distance_accuracy_value', 'NONE');
#6990 = PRESENTATION_STYLE_ASSIGNMENT (( #7523 ) ) ;
#6991 = LINE ( 'NONE', #1078, #5530 ) ;
#6992 = DIRECTION ( 'NONE',  ( 0.0000000000000000000, 0.0000000000000000000, 1.000000000000000000 ) ) ;
#6993 = DIRECTION ( 'NONE',  ( -0.0000000000000000000, -0.0000000000000000000, -1.000000000000000000 ) ) ;
#6994 = DIRECTION ( 'NONE',  ( 1.000000000000000000, 0.0000000000000000000, 0.0000000000000000000 ) ) ;
#6995 = AXIS2_PLACEMENT_3D ( 'NONE', #8212, #2289, #4919 ) ;
#6996 =( GEOMETRIC_REPRESENTATION_CONTEXT ( 3 ) GLOBAL_UNCERTAINTY_ASSIGNED_CONTEXT ( ( #2240 ) ) GLOBAL_UNIT_ASSIGNED_CONTEXT ( ( #6242, #5719, #7139 ) ) REPRESENTATION_CONTEXT ( 'NONE', 'WORKASPACE' ) );
#6997 = ORIENTED_EDGE ( 'NONE', *, *, #237, .F. ) ;
#6998 = CARTESIAN_POINT ( 'NONE',  ( -6.375104322621000463, 1.268087093104832253, -7.000000000000000000 ) ) ;
#6999 = ORIENTED_EDGE ( 'NONE', *, *, #6338, .T. ) ;
#7000 = ADVANCED_FACE ( 'NONE', ( #8149 ), #937, .T. ) ;
#7001 = DIRECTION ( 'NONE',  ( -0.8944271909999159664, 0.4472135954999579832, 0.0000000000000000000 ) ) ;
#7002 = AXIS2_PLACEMENT_3D ( 'NONE', #2016, #4743, #736 ) ;
#7003 = EDGE_CURVE ( 'NONE', #2063, #4196, #6208, .T. ) ;
#7004 = CARTESIAN_POINT ( 'NONE',  ( -7.200000000000001066, 2.000000000000000000, 4.200000000000000178 ) ) ;
#7005 = CARTESIAN_POINT ( 'NONE',  ( -6.995612346359259881, 0.2478061731796309952, 0.0000000000000000000 ) ) ;
#7006 = VECTOR ( 'NONE', #1555, 1000.000000000000000 ) ;
#7007 = ORIENTED_EDGE ( 'NONE', *, *, #6931, .T. ) ;
#7008 = VERTEX_POINT ( 'NONE', #1675 ) ;
#7009 = SURFACE_STYLE_USAGE ( .BOTH. , #7669 ) ;
#7010 =( GEOMETRIC_REPRESENTATION_CONTEXT ( 3 ) GLOBAL_UNCERTAINTY_ASSIGNED_CONTEXT ( ( #6773 ) ) GLOBAL_UNIT_ASSIGNED_CONTEXT ( ( #3407, #1481, #2105 ) ) REPRESENTATION_CONTEXT ( 'NONE', 'WORKASPACE' ) );
#7011 = DIRECTION ( 'NONE',  ( -0.0000000000000000000, 1.000000000000000000, 0.0000000000000000000 ) ) ;
#7012 = CARTESIAN_POINT ( 'NONE',  ( -1.767766952966369987, 1.060660171779820082, 0.5000000000000000000 ) ) ;
#7013 = CARTESIAN_POINT ( 'NONE',  ( 0.0000000000000000000, 0.0000000000000000000, 0.0000000000000000000 ) ) ;
#7014 = ORIENTED_EDGE ( 'NONE', *, *, #1663, .T. ) ;
#7015 = VERTEX_POINT ( 'NONE', #894 ) ;
#7016 = MECHANICAL_DESIGN_GEOMETRIC_PRESENTATION_REPRESENTATION (  '', ( #3705 ), #2760 ) ;
#7017 = DIRECTION ( 'NONE',  ( 0.0000000000000000000, 1.000000000000000000, -0.0000000000000000000 ) ) ;
#7018 = ORIENTED_EDGE ( 'NONE', *, *, #4255, .T. ) ;
#7019 = DIRECTION ( 'NONE',  ( 0.0000000000000000000, 0.0000000000000000000, 1.000000000000000000 ) ) ;
#7020 = COLOUR_RGB ( '',0.0000000000000000000, 0.0000000000000000000, 0.0000000000000000000 ) ;
#7021 = SURFACE_STYLE_USAGE ( .BOTH. , #4308 ) ;
#7022 = DIRECTION ( 'NONE',  ( 0.0000000000000000000, 0.0000000000000000000, 1.000000000000000000 ) ) ;
#7023 = VERTEX_POINT ( 'NONE', #8105 ) ;
#7024 = EDGE_CURVE ( 'NONE', #3972, #3576, #5050, .T. ) ;
#7025 = ADVANCED_FACE ( 'NONE', ( #4296 ), #1554, .F. ) ;
#7026 = STYLED_ITEM ( 'NONE', ( #1909 ), #1178 ) ;
#7027 = LINE ( 'NONE', #1153, #5036 ) ;
#7028 = DIRECTION ( 'NONE',  ( -0.0000000000000000000, -0.0000000000000000000, -1.000000000000000000 ) ) ;
#7029 = CARTESIAN_POINT ( 'NONE',  ( 5.671109727513898413, 4.103475899587719411, 0.0000000000000000000 ) ) ;
#7030 = ORIENTED_EDGE ( 'NONE', *, *, #1756, .T. ) ;
#7031 = VERTEX_POINT ( 'NONE', #2884 ) ;
#7032 = VECTOR ( 'NONE', #7137, 1000.000000000000000 ) ;
#7033 = CARTESIAN_POINT ( 'NONE',  ( -5.450000000000000178, -0.5000000000000000000, 1.699999999999999956 ) ) ;
#7034 = DIRECTION ( 'NONE',  ( -0.4472135954999579277, -0.8944271909999158554, 0.0000000000000000000 ) ) ;
#7035 = CARTESIAN_POINT ( 'NONE',  ( 5.200000000000001066, 0.0000000000000000000, 1.500000000000000000 ) ) ;
#7036 = DIRECTION ( 'NONE',  ( 0.0000000000000000000, -0.0000000000000000000, -1.000000000000000000 ) ) ;
#7037 = CARTESIAN_POINT ( 'NONE',  ( -1.268087093104834917, -6.375104322620997799, -7.000000000000000000 ) ) ;
#7038 = CARTESIAN_POINT ( 'NONE',  ( -6.995612346359257216, -0.2478061731796269429, 0.0000000000000000000 ) ) ;
#7039 = ORIENTED_EDGE ( 'NONE', *, *, #3675, .T. ) ;
#7040 = EDGE_CURVE ( 'NONE', #1713, #7218, #2432, .T. ) ;
#7041 = DIRECTION ( 'NONE',  ( 0.6302023235321221328, -0.7764309572748335775, 0.0000000000000000000 ) ) ;
#7042 = VERTEX_POINT ( 'NONE', #6851 ) ;
#7043 = FILL_AREA_STYLE_COLOUR ( '', #6727 ) ;
#7044 = PRESENTATION_LAYER_ASSIGNMENT (  '', '', ( #2228 ) ) ;
#7045 = LINE ( 'NONE', #5103, #4968 ) ;
#7046 = SURFACE_STYLE_FILL_AREA ( #1219 ) ;
#7047 = CARTESIAN_POINT ( 'NONE',  ( -4.899999999999989697, 0.0000000000000000000, 2.200000000000000178 ) ) ;
#7048 = FACE_OUTER_BOUND ( 'NONE', #1279, .T. ) ;
#7049 = ORIENTED_EDGE ( 'NONE', *, *, #7187, .F. ) ;
#7050 = AXIS2_PLACEMENT_3D ( 'NONE', #2091, #4686, #6040 ) ;
#7051 = VERTEX_POINT ( 'NONE', #984 ) ;
#7052 = CIRCLE ( 'NONE', #2502, 7.000000000000000000 ) ;
#7053 = CARTESIAN_POINT ( 'NONE',  ( 0.0000000000000000000, 0.0000000000000000000, 0.0000000000000000000 ) ) ;
#7054 = DIRECTION ( 'NONE',  ( 0.9584966580880915910, 0.2851037643279368261, 0.0000000000000000000 ) ) ;
#7055 = PRESENTATION_LAYER_ASSIGNMENT (  '', '', ( #6245 ) ) ;
#7056 =( LENGTH_UNIT ( ) NAMED_UNIT ( * ) SI_UNIT ( .MILLI., .METRE. ) );
#7057 = SURFACE_STYLE_USAGE ( .BOTH. , #5733 ) ;
#7058 = CARTESIAN_POINT ( 'NONE',  ( 0.0000000000000000000, 0.0000000000000000000, 0.0000000000000000000 ) ) ;
#7059 = PRESENTATION_STYLE_ASSIGNMENT (( #6880 ) ) ;
#7060 = EDGE_LOOP ( 'NONE', ( #5595, #5052, #4204, #8060 ) ) ;
#7061 = DIRECTION ( 'NONE',  ( -0.0000000000000000000, -0.0000000000000000000, -1.000000000000000000 ) ) ;
#7062 = PLANE ( 'NONE',  #8164 ) ;
#7063 = PRESENTATION_STYLE_ASSIGNMENT (( #3742 ) ) ;
#7064 = DIRECTION ( 'NONE',  ( 0.07088902009067954424, 0.9974842088126424366, -0.0000000000000000000 ) ) ;
#7065 = CARTESIAN_POINT ( 'NONE',  ( -4.899999999999988809, -4.000000000000000000, 2.699999999999999734 ) ) ;
#7066 = EDGE_CURVE ( 'NONE', #5162, #5241, #4943, .T. ) ;
#7067 = PRESENTATION_STYLE_ASSIGNMENT (( #4402 ) ) ;
#7068 = CIRCLE ( 'NONE', #508, 1.000000000000000000 ) ;
#7069 = EDGE_LOOP ( 'NONE', ( #3239, #2375 ) ) ;
#7070 = UNCERTAINTY_MEASURE_WITH_UNIT (LENGTH_MEASURE( 1.000000000000000082E-05 ), #2170, 'distance_accuracy_value', 'NONE');
#7071 = CARTESIAN_POINT ( 'NONE',  ( -0.5000000000000000000, 6.123233995736766036E-17, -7.000000000000000000 ) ) ;
#7072 = CARTESIAN_POINT ( 'NONE',  ( 5.200000000000001066, -6.995612346359449951, 2.200000000000000178 ) ) ;
#7073 = CARTESIAN_POINT ( 'NONE',  ( 2.759999999999999787, -7.445612346359450129, 1.199999999999999956 ) ) ;
#7074 = CARTESIAN_POINT ( 'NONE',  ( -6.005216961323360358, 2.487442310373079835, -7.000000000000000000 ) ) ;
#7075 = VECTOR ( 'NONE', #4386, 1000.000000000000000 ) ;
#7076 = AXIS2_PLACEMENT_3D ( 'NONE', #5382, #72, #1427 ) ;
#7077 = ADVANCED_FACE ( 'NONE', ( #2141 ), #3573, .T. ) ;
#7078 = PRESENTATION_STYLE_ASSIGNMENT (( #8421 ) ) ;
#7079 = FACE_OUTER_BOUND ( 'NONE', #7799, .T. ) ;
#7080 = ORIENTED_EDGE ( 'NONE', *, *, #3943, .T. ) ;
#7081 =( NAMED_UNIT ( * ) SI_UNIT ( $, .STERADIAN. ) SOLID_ANGLE_UNIT ( ) );
#7082 = AXIS2_PLACEMENT_3D ( 'NONE', #3723, #8226, #6309 ) ;
#7083 = EDGE_LOOP ( 'NONE', ( #6956, #3382, #7510, #7735 ) ) ;
#7084 = VECTOR ( 'NONE', #6889, 1000.000000000000000 ) ;
#7085 = DIRECTION ( 'NONE',  ( 0.0000000000000000000, 0.0000000000000000000, 1.000000000000000000 ) ) ;
#7086 = ADVANCED_FACE ( 'NONE', ( #1264 ), #1869, .F. ) ;
#7087 = CARTESIAN_POINT ( 'NONE',  ( 3.932941341708470103E-16, 6.500000000000000888, 0.0000000000000000000 ) ) ;
#7088 = DIRECTION ( 'NONE',  ( -1.000000000000000000, 0.0000000000000000000, 0.0000000000000000000 ) ) ;
#7089 = VECTOR ( 'NONE', #8213, 1000.000000000000000 ) ;
#7090 = DIRECTION ( 'NONE',  ( 1.000000000000000000, 0.0000000000000000000, -0.0000000000000000000 ) ) ;
#7091 = ORIENTED_EDGE ( 'NONE', *, *, #7675, .T. ) ;
#7092 = ORIENTED_EDGE ( 'NONE', *, *, #2012, .T. ) ;
#7093 = LINE ( 'NONE', #4980, #7515 ) ;
#7094 = ORIENTED_EDGE ( 'NONE', *, *, #549, .T. ) ;
#7095 = PRESENTATION_LAYER_ASSIGNMENT (  '', '', ( #531 ) ) ;
#7096 = MECHANICAL_DESIGN_GEOMETRIC_PRESENTATION_REPRESENTATION (  '', ( #4352 ), #6552 ) ;
#7097 = SURFACE_STYLE_FILL_AREA ( #2435 ) ;
#7098 = CARTESIAN_POINT ( 'NONE',  ( 5.200000000000001066, 2.999999999999999556, 4.200000000000000178 ) ) ;
#7099 = ADVANCED_FACE ( 'NONE', ( #6444 ), #1830, .F. ) ;
#7100 = CARTESIAN_POINT ( 'NONE',  ( 0.0000000000000000000, 0.0000000000000000000, 0.0000000000000000000 ) ) ;
#7101 = CARTESIAN_POINT ( 'NONE',  ( 4.899999999999999467, -4.000000000000000000, 2.200000000000000178 ) ) ;
#7102 = EDGE_LOOP ( 'NONE', ( #6514, #4404, #98, #5831 ) ) ;
#7103 = AXIS2_PLACEMENT_3D ( 'NONE', #1164, #2990, #6374 ) ;
#7104 = VECTOR ( 'NONE', #1254, 1000.000000000000000 ) ;
#7105 = ORIENTED_EDGE ( 'NONE', *, *, #1434, .F. ) ;
#7106 = CARTESIAN_POINT ( 'NONE',  ( -5.149999999999989697, -0.5000000000000000000, 2.699999999999999734 ) ) ;
#7107 = ORIENTED_EDGE ( 'NONE', *, *, #959, .T. ) ;
#7108 = DIRECTION ( 'NONE',  ( 1.000000000000000000, 0.0000000000000000000, 0.0000000000000000000 ) ) ;
#7109 = FACE_OUTER_BOUND ( 'NONE', #1440, .T. ) ;
#7110 = VECTOR ( 'NONE', #1192, 1000.000000000000000 ) ;
#7111 = LINE ( 'NONE', #3108, #1172 ) ;
#7112 =( LENGTH_UNIT ( ) NAMED_UNIT ( * ) SI_UNIT ( .MILLI., .METRE. ) );
#7113 = CARTESIAN_POINT ( 'NONE',  ( 0.1999999999999990952, -4.645612346359450306, 1.200000000000000178 ) ) ;
#7114 = ORIENTED_EDGE ( 'NONE', *, *, #3003, .F. ) ;
#7115 = VECTOR ( 'NONE', #3034, 1000.000000000000000 ) ;
#7116 = PRESENTATION_LAYER_ASSIGNMENT (  '', '', ( #8235 ) ) ;
#7117 = VECTOR ( 'NONE', #2480, 1000.000000000000000 ) ;
#7118 = CARTESIAN_POINT ( 'NONE',  ( 6.368271747270936700, 2.906047995630968828, 0.0000000000000000000 ) ) ;
#7119 = ORIENTED_EDGE ( 'NONE', *, *, #7917, .F. ) ;
#7120 = EDGE_CURVE ( 'NONE', #3272, #4535, #1240, .T. ) ;
#7121 = DIRECTION ( 'NONE',  ( 0.9891830423698457775, -0.1466864298015869983, 0.0000000000000000000 ) ) ;
#7122 = DIRECTION ( 'NONE',  ( 1.000000000000000000, 0.0000000000000000000, 0.0000000000000000000 ) ) ;
#7123 = DIRECTION ( 'NONE',  ( -0.8031810063152037271, -0.5957350678737123317, 0.0000000000000000000 ) ) ;
#7124 = CARTESIAN_POINT ( 'NONE',  ( -4.596194077712559611, 4.596194077712559611, 1.000000000000003553 ) ) ;
#7125 = AXIS2_PLACEMENT_3D ( 'NONE', #3331, #5935, #2682 ) ;
#7126 = CIRCLE ( 'NONE', #1760, 7.000000000000000000 ) ;
#7127 =( LENGTH_UNIT ( ) NAMED_UNIT ( * ) SI_UNIT ( .MILLI., .METRE. ) );
#7128 = ORIENTED_EDGE ( 'NONE', *, *, #7230, .F. ) ;
#7129 =( GEOMETRIC_REPRESENTATION_CONTEXT ( 3 ) GLOBAL_UNCERTAINTY_ASSIGNED_CONTEXT ( ( #7156 ) ) GLOBAL_UNIT_ASSIGNED_CONTEXT ( ( #1867, #1958, #8469 ) ) REPRESENTATION_CONTEXT ( 'NONE', 'WORKASPACE' ) );
#7130 = ORIENTED_EDGE ( 'NONE', *, *, #8386, .T. ) ;
#7131 = EDGE_CURVE ( 'NONE', #1395, #1873, #2513, .T. ) ;
#7132 = VECTOR ( 'NONE', #823, 1000.000000000000000 ) ;
#7133 = EDGE_CURVE ( 'NONE', #1540, #3720, #5616, .T. ) ;
#7134 = CARTESIAN_POINT ( 'NONE',  ( -0.5000000000000002220, -5.495612346359449951, 1.500000000000000000 ) ) ;
#7135 = CYLINDRICAL_SURFACE ( 'NONE', #6582, 7.000000000000000000 ) ;
#7136 = DIRECTION ( 'NONE',  ( -0.0000000000000000000, -1.000000000000000000, -0.0000000000000000000 ) ) ;
#7137 = DIRECTION ( 'NONE',  ( -1.000000000000000000, -0.0000000000000000000, -0.0000000000000000000 ) ) ;
#7138 = COLOUR_RGB ( '',0.1529411764705882470, 0.1529411764705882470, 0.1529411764705882470 ) ;
#7139 =( NAMED_UNIT ( * ) SI_UNIT ( $, .STERADIAN. ) SOLID_ANGLE_UNIT ( ) );
#7140 = CIRCLE ( 'NONE', #432, 1.000000000000000000 ) ;
#7141 = VERTEX_POINT ( 'NONE', #6972 ) ;
#7142 = ORIENTED_EDGE ( 'NONE', *, *, #4574, .T. ) ;
#7143 = LINE ( 'NONE', #5342, #3097 ) ;
#7144 = EDGE_CURVE ( 'NONE', #1531, #2666, #3685, .T. ) ;
#7145 = PRESENTATION_LAYER_ASSIGNMENT (  '', '', ( #7443 ) ) ;
#7146 = DIRECTION ( 'NONE',  ( 1.000000000000000000, 0.0000000000000000000, 0.0000000000000000000 ) ) ;
#7147 = CARTESIAN_POINT ( 'NONE',  ( 0.0000000000000000000, 0.0000000000000000000, 0.0000000000000000000 ) ) ;
#7148 = LINE ( 'NONE', #3821, #7552 ) ;
#7149 = FACE_OUTER_BOUND ( 'NONE', #4533, .T. ) ;
#7150 = ORIENTED_EDGE ( 'NONE', *, *, #666, .T. ) ;
#7151 = VERTEX_POINT ( 'NONE', #2349 ) ;
#7152 = DIRECTION ( 'NONE',  ( 0.0000000000000000000, -0.0000000000000000000, -1.000000000000000000 ) ) ;
#7153 = ORIENTED_EDGE ( 'NONE', *, *, #5410, .F. ) ;
#7154 = EDGE_CURVE ( 'NONE', #5159, #1600, #1710, .T. ) ;
#7155 = CARTESIAN_POINT ( 'NONE',  ( -5.200000000000001066, -7.145612346359450306, 1.500000000000000222 ) ) ;
#7156 = UNCERTAINTY_MEASURE_WITH_UNIT (LENGTH_MEASURE( 1.000000000000000082E-05 ), #1867, 'distance_accuracy_value', 'NONE');
#7157 = CARTESIAN_POINT ( 'NONE',  ( -0.9659258262890683122, 0.2588190451025202399, 0.5000000000000000000 ) ) ;
#7158 = VECTOR ( 'NONE', #1217, 1000.000000000000000 ) ;
#7159 = CARTESIAN_POINT ( 'NONE',  ( 5.947380195468813469, -3.691702698016912532, 0.0000000000000000000 ) ) ;
#7160 = DIRECTION ( 'NONE',  ( 0.0000000000000000000, 0.0000000000000000000, -1.000000000000000000 ) ) ;
#7161 =( NAMED_UNIT ( * ) PLANE_ANGLE_UNIT ( ) SI_UNIT ( $, .RADIAN. ) );
#7162 = ORIENTED_EDGE ( 'NONE', *, *, #7766, .F. ) ;
#7163 = PRESENTATION_LAYER_ASSIGNMENT (  '', '', ( #3455 ) ) ;
#7164 = ORIENTED_EDGE ( 'NONE', *, *, #6446, .T. ) ;
#7165 = UNCERTAINTY_MEASURE_WITH_UNIT (LENGTH_MEASURE( 1.000000000000000082E-05 ), #5716, 'distance_accuracy_value', 'NONE');
#7166 = DIRECTION ( 'NONE',  ( 0.0000000000000000000, 0.0000000000000000000, 1.000000000000000000 ) ) ;
#7167 = DIRECTION ( 'NONE',  ( -0.0000000000000000000, 0.0000000000000000000, 1.000000000000000000 ) ) ;
#7168 = CARTESIAN_POINT ( 'NONE',  ( -4.596194077712559611, -4.596194077712559611, -7.000000000000000000 ) ) ;
#7169 = VECTOR ( 'NONE', #2418, 1000.000000000000000 ) ;
#7170 = FACE_OUTER_BOUND ( 'NONE', #768, .T. ) ;
#7171 = DIRECTION ( 'NONE',  ( 1.000000000000000000, 0.0000000000000000000, -0.0000000000000000000 ) ) ;
#7172 = SURFACE_STYLE_FILL_AREA ( #59 ) ;
#7173 = CARTESIAN_POINT ( 'NONE',  ( 3.673686725085459237, 5.958525475814538730, 0.0000000000000000000 ) ) ;
#7174 = ORIENTED_EDGE ( 'NONE', *, *, #867, .T. ) ;
#7175 = VECTOR ( 'NONE', #4750, 1000.000000000000000 ) ;
#7176 =( NAMED_UNIT ( * ) PLANE_ANGLE_UNIT ( ) SI_UNIT ( $, .RADIAN. ) );
#7177 = VERTEX_POINT ( 'NONE', #2656 ) ;
#7178 = DIRECTION ( 'NONE',  ( 0.0000000000000000000, 0.0000000000000000000, 1.000000000000000000 ) ) ;
#7179 =( NAMED_UNIT ( * ) SI_UNIT ( $, .STERADIAN. ) SOLID_ANGLE_UNIT ( ) );
#7180 = EDGE_CURVE ( 'NONE', #7389, #4936, #3895, .T. ) ;
#7181 = LINE ( 'NONE', #2616, #6841 ) ;
#7182 = EDGE_CURVE ( 'NONE', #1732, #3570, #4796, .T. ) ;
#7183 = CARTESIAN_POINT ( 'NONE',  ( 1.108484510144029489, 6.911675780212115150, 0.0000000000000000000 ) ) ;
#7184 =( GEOMETRIC_REPRESENTATION_CONTEXT ( 3 ) GLOBAL_UNCERTAINTY_ASSIGNED_CONTEXT ( ( #7802 ) ) GLOBAL_UNIT_ASSIGNED_CONTEXT ( ( #907, #1568, #3540 ) ) REPRESENTATION_CONTEXT ( 'NONE', 'WORKASPACE' ) );
#7185 = LINE ( 'NONE', #1307, #3564 ) ;
#7186 = LINE ( 'NONE', #3896, #1465 ) ;
#7187 = EDGE_CURVE ( 'NONE', #111, #4947, #31, .T. ) ;
#7188 = ORIENTED_EDGE ( 'NONE', *, *, #5737, .F. ) ;
#7189 = VERTEX_POINT ( 'NONE', #4592 ) ;
#7190 = UNCERTAINTY_MEASURE_WITH_UNIT (LENGTH_MEASURE( 1.000000000000000082E-05 ), #3325, 'distance_accuracy_value', 'NONE');
#7191 = CARTESIAN_POINT ( 'NONE',  ( 5.404552479966540091, -3.611206514627410158, 1.000000000000000000 ) ) ;
#7192 = CARTESIAN_POINT ( 'NONE',  ( 0.4999999999999997780, -7.145612346359450306, 4.200000000000000178 ) ) ;
#7193 = CARTESIAN_POINT ( 'NONE',  ( -4.771419503187762423, -5.121870354138168935, 0.0000000000000000000 ) ) ;
#7194 = CARTESIAN_POINT ( 'NONE',  ( -4.103475899587717635, -5.671109727513901966, 1.000000000000000000 ) ) ;
#7195 = EDGE_CURVE ( 'NONE', #6136, #4730, #7222, .T. ) ;
#7196 = CIRCLE ( 'NONE', #8173, 7.000000000000000000 ) ;
#7197 = ORIENTED_EDGE ( 'NONE', *, *, #8407, .F. ) ;
#7198 = DIRECTION ( 'NONE',  ( 1.000000000000000000, -2.486899575160350651E-14, 0.0000000000000000000 ) ) ;
#7199 = ORIENTED_EDGE ( 'NONE', *, *, #4841, .F. ) ;
#7200 = CARTESIAN_POINT ( 'NONE',  ( 0.7500000000000000000, 9.184850993605149670E-17, 0.2500000000000000000 ) ) ;
#7201 = CARTESIAN_POINT ( 'NONE',  ( 0.0000000000000000000, 0.0000000000000000000, 1.000000000000000000 ) ) ;
#7202 = CARTESIAN_POINT ( 'NONE',  ( 0.0000000000000000000, -0.5000000000000000000, 2.200000000000000178 ) ) ;
#7203 = DIRECTION ( 'NONE',  ( 1.000000000000000000, 0.0000000000000000000, 0.0000000000000000000 ) ) ;
#7204 =( NAMED_UNIT ( * ) PLANE_ANGLE_UNIT ( ) SI_UNIT ( $, .RADIAN. ) );
#7205 = EDGE_CURVE ( 'NONE', #516, #2670, #5202, .T. ) ;
#7206 = ORIENTED_EDGE ( 'NONE', *, *, #1939, .F. ) ;
#7207 = VERTEX_POINT ( 'NONE', #717 ) ;
#7208 = DIRECTION ( 'NONE',  ( -0.0000000000000000000, -0.0000000000000000000, -1.000000000000000000 ) ) ;
#7209 = FILL_AREA_STYLE_COLOUR ( '', #171 ) ;
#7210 = DIRECTION ( 'NONE',  ( -0.8031810063152035051, 0.5957350678737126648, 0.0000000000000000000 ) ) ;
#7211 = SURFACE_SIDE_STYLE ('',( #523 ) ) ;
#7212 = EDGE_CURVE ( 'NONE', #7615, #8152, #3216, .T. ) ;
#7213 = CYLINDRICAL_SURFACE ( 'NONE', #6432, 7.000000000000000000 ) ;
#7214 = PLANE ( 'NONE',  #1344 ) ;
#7215 = DIRECTION ( 'NONE',  ( 0.07088902009067853116, -0.9974842088126424366, 0.0000000000000000000 ) ) ;
#7216 = EDGE_LOOP ( 'NONE', ( #5808, #5142, #3183, #3998 ) ) ;
#7217 = DIRECTION ( 'NONE',  ( 0.2430233717005948479, -0.9700204331905974975, -0.0000000000000000000 ) ) ;
#7218 = VERTEX_POINT ( 'NONE', #4722 ) ;
#7219 = VECTOR ( 'NONE', #4692, 1000.000000000000114 ) ;
#7220 = FACE_OUTER_BOUND ( 'NONE', #5555, .T. ) ;
#7221 = SURFACE_STYLE_FILL_AREA ( #7361 ) ;
#7222 = LINE ( 'NONE', #1962, #2736 ) ;
#7223 = CARTESIAN_POINT ( 'NONE',  ( 1.200000000000000178, -5.645612346359450306, 1.200000000000000178 ) ) ;
#7224 = CARTESIAN_POINT ( 'NONE',  ( -0.2000000000000000666, -4.645612346359450306, 1.500000000000000000 ) ) ;
#7225 = VECTOR ( 'NONE', #6453, 1000.000000000000000 ) ;
#7226 = VECTOR ( 'NONE', #2066, 1000.000000000000114 ) ;
#7227 = ORIENTED_EDGE ( 'NONE', *, *, #6831, .F. ) ;
#7228 = CARTESIAN_POINT ( 'NONE',  ( 5.936916306080010308, 4.594358973122959711, -7.000000000000000000 ) ) ;
#7229 = ORIENTED_EDGE ( 'NONE', *, *, #3565, .F. ) ;
#7230 = EDGE_CURVE ( 'NONE', #4044, #5303, #671, .T. ) ;
#7231 = PLANE ( 'NONE',  #1690 ) ;
#7232 = LINE ( 'NONE', #2663, #8391 ) ;
#7233 = COLOUR_RGB ( '',0.0000000000000000000, 0.0000000000000000000, 0.0000000000000000000 ) ;
#7234 = VECTOR ( 'NONE', #8377, 1000.000000000000000 ) ;
#7235 = LINE ( 'NONE', #1356, #6180 ) ;
#7236 = LINE ( 'NONE', #3952, #3748 ) ;
#7237 =( NAMED_UNIT ( * ) PLANE_ANGLE_UNIT ( ) SI_UNIT ( $, .RADIAN. ) );
#7238 = ORIENTED_EDGE ( 'NONE', *, *, #4514, .F. ) ;
#7239 =( GEOMETRIC_REPRESENTATION_CONTEXT ( 3 ) GLOBAL_UNCERTAINTY_ASSIGNED_CONTEXT ( ( #7070 ) ) GLOBAL_UNIT_ASSIGNED_CONTEXT ( ( #2170, #5376, #323 ) ) REPRESENTATION_CONTEXT ( 'NONE', 'WORKASPACE' ) );
#7240 = SURFACE_STYLE_USAGE ( .BOTH. , #4475 ) ;
#7241 = ORIENTED_EDGE ( 'NONE', *, *, #6613, .T. ) ;
#7242 = STYLED_ITEM ( 'NONE', ( #5499 ), #5854 ) ;
#7243 = CARTESIAN_POINT ( 'NONE',  ( -5.671109727513898413, 4.103475899587722076, -7.000000000000000000 ) ) ;
#7244 = EDGE_CURVE ( 'NONE', #2125, #4674, #1387, .T. ) ;
#7245 =( NAMED_UNIT ( * ) SI_UNIT ( $, .STERADIAN. ) SOLID_ANGLE_UNIT ( ) );
#7246 =( NAMED_UNIT ( * ) SI_UNIT ( $, .STERADIAN. ) SOLID_ANGLE_UNIT ( ) );
#7247 = SURFACE_SIDE_STYLE ('',( #7906 ) ) ;
#7248 = MECHANICAL_DESIGN_GEOMETRIC_PRESENTATION_REPRESENTATION (  '', ( #5736 ), #2551 ) ;
#7249 =( NAMED_UNIT ( * ) SI_UNIT ( $, .STERADIAN. ) SOLID_ANGLE_UNIT ( ) );
#7250 = ORIENTED_EDGE ( 'NONE', *, *, #4819, .F. ) ;
#7251 = DIRECTION ( 'NONE',  ( 1.000000000000000000, 0.0000000000000000000, 0.0000000000000000000 ) ) ;
#7252 = STYLED_ITEM ( 'NONE', ( #6346 ), #4909 ) ;
#7253 = UNCERTAINTY_MEASURE_WITH_UNIT (LENGTH_MEASURE( 1.000000000000000082E-05 ), #5566, 'distance_accuracy_value', 'NONE');
#7254 = ADVANCED_FACE ( 'NONE', ( #7883 ), #5339, .F. ) ;
#7255 = CARTESIAN_POINT ( 'NONE',  ( 0.0000000000000000000, 0.0000000000000000000, 1.000000000000000000 ) ) ;
#7256 = SURFACE_STYLE_FILL_AREA ( #4014 ) ;
#7257 = FACE_OUTER_BOUND ( 'NONE', #5642, .T. ) ;
#7258 = CARTESIAN_POINT ( 'NONE',  ( -5.200000000000001066, 3.000000000000000000, 1.500000000000000000 ) ) ;
#7259 = PRESENTATION_LAYER_ASSIGNMENT (  '', '', ( #6564 ) ) ;
#7260 = DIRECTION ( 'NONE',  ( 0.0000000000000000000, 0.0000000000000000000, -1.000000000000000000 ) ) ;
#7261 = DIRECTION ( 'NONE',  ( 0.0000000000000000000, 0.0000000000000000000, 1.000000000000000000 ) ) ;
#7262 = ORIENTED_EDGE ( 'NONE', *, *, #2097, .T. ) ;
#7263 = EDGE_CURVE ( 'NONE', #6490, #2869, #8473, .T. ) ;
#7264 = SURFACE_SIDE_STYLE ('',( #3165 ) ) ;
#7265 = ORIENTED_EDGE ( 'NONE', *, *, #7600, .T. ) ;
#7266 = EDGE_CURVE ( 'NONE', #6766, #7177, #3142, .T. ) ;
#7267 = STYLED_ITEM ( 'NONE', ( #2142 ), #7748 ) ;
#7268 = SURFACE_STYLE_USAGE ( .BOTH. , #5335 ) ;
#7269 = VECTOR ( 'NONE', #5689, 1000.000000000000000 ) ;
#7270 = FACE_OUTER_BOUND ( 'NONE', #1145, .T. ) ;
#7271 = SURFACE_STYLE_FILL_AREA ( #27 ) ;
#7272 = DIRECTION ( 'NONE',  ( 1.000000000000000000, 0.0000000000000000000, 0.0000000000000000000 ) ) ;
#7273 =( NAMED_UNIT ( * ) PLANE_ANGLE_UNIT ( ) SI_UNIT ( $, .RADIAN. ) );
#7274 =( NAMED_UNIT ( * ) SI_UNIT ( $, .STERADIAN. ) SOLID_ANGLE_UNIT ( ) );
#7275 =( GEOMETRIC_REPRESENTATION_CONTEXT ( 3 ) GLOBAL_UNCERTAINTY_ASSIGNED_CONTEXT ( ( #8355 ) ) GLOBAL_UNIT_ASSIGNED_CONTEXT ( ( #8463, #7307, #4118 ) ) REPRESENTATION_CONTEXT ( 'NONE', 'WORKASPACE' ) );
#7276 = AXIS2_PLACEMENT_3D ( 'NONE', #1426, #5988, #3387 ) ;
#7277 = ORIENTED_EDGE ( 'NONE', *, *, #3423, .T. ) ;
#7278 = DIRECTION ( 'NONE',  ( 0.8944271909999158554, -0.4472135954999579277, 0.0000000000000000000 ) ) ;
#7279 = UNCERTAINTY_MEASURE_WITH_UNIT (LENGTH_MEASURE( 1.000000000000000082E-05 ), #2470, 'distance_accuracy_value', 'NONE');
#7280 = SURFACE_SIDE_STYLE ('',( #7936 ) ) ;
#7281 = DIRECTION ( 'NONE',  ( 1.000000000000000000, 0.0000000000000000000, 0.0000000000000000000 ) ) ;
#7282 = AXIS2_PLACEMENT_3D ( 'NONE', #2695, #284, #2173 ) ;
#7283 = CYLINDRICAL_SURFACE ( 'NONE', #2726, 0.5000000000000004441 ) ;
#7284 = DIRECTION ( 'NONE',  ( 0.7554539549957062228, 0.6552017413601290974, -0.0000000000000000000 ) ) ;
#7285 = VERTEX_POINT ( 'NONE', #160 ) ;
#7286 = DIRECTION ( 'NONE',  ( 1.000000000000000000, 0.0000000000000000000, -0.0000000000000000000 ) ) ;
#7287 = ORIENTED_EDGE ( 'NONE', *, *, #902, .F. ) ;
#7288 = DIRECTION ( 'NONE',  ( 0.07088902009067907239, 0.9974842088126424366, -0.0000000000000000000 ) ) ;
#7289 = VERTEX_POINT ( 'NONE', #5381 ) ;
#7290 = CARTESIAN_POINT ( 'NONE',  ( 0.0000000000000000000, 0.0000000000000000000, 1.000000000000000000 ) ) ;
#7291 = DIRECTION ( 'NONE',  ( 0.0000000000000000000, 1.000000000000000000, -0.0000000000000000000 ) ) ;
#7292 = AXIS2_PLACEMENT_3D ( 'NONE', #6861, #4950, #8156 ) ;
#7293 = FILL_AREA_STYLE ('',( #600 ) ) ;
#7294 = DIRECTION ( 'NONE',  ( 0.0000000000000000000, -0.0000000000000000000, -1.000000000000000000 ) ) ;
#7295 = FACE_OUTER_BOUND ( 'NONE', #6262, .T. ) ;
#7296 = EDGE_CURVE ( 'NONE', #2590, #6254, #7185, .T. ) ;
#7297 = EDGE_CURVE ( 'NONE', #839, #6618, #8363, .T. ) ;
#7298 = ORIENTED_EDGE ( 'NONE', *, *, #225, .T. ) ;
#7299 = VECTOR ( 'NONE', #3771, 1000.000000000000000 ) ;
#7300 = CARTESIAN_POINT ( 'NONE',  ( 2.759999999999999787, -7.145612346359450306, 1.500000000000000000 ) ) ;
#7301 = ORIENTED_EDGE ( 'NONE', *, *, #1485, .T. ) ;
#7302 = DIRECTION ( 'NONE',  ( -1.000000000000000000, 0.0000000000000000000, 0.0000000000000000000 ) ) ;
#7303 = CARTESIAN_POINT ( 'NONE',  ( -4.596194077712559611, 4.596194077712559611, -7.000000000000000000 ) ) ;
#7304 = DIRECTION ( 'NONE',  ( 0.0000000000000000000, 0.0000000000000000000, 1.000000000000000000 ) ) ;
#7305 = DIRECTION ( 'NONE',  ( 1.000000000000000000, 0.0000000000000000000, 0.0000000000000000000 ) ) ;
#7306 = CARTESIAN_POINT ( 'NONE',  ( 7.500000000000000000, 0.5000000000000000000, -7.000000000000000000 ) ) ;
#7307 =( NAMED_UNIT ( * ) PLANE_ANGLE_UNIT ( ) SI_UNIT ( $, .RADIAN. ) );
#7308 = LINE ( 'NONE', #60, #3238 ) ;
#7309 = EDGE_CURVE ( 'NONE', #2110, #839, #4318, .T. ) ;
#7310 = FACE_BOUND ( 'NONE', #5363, .T. ) ;
#7311 = ORIENTED_EDGE ( 'NONE', *, *, #1786, .F. ) ;
#7312 = ORIENTED_EDGE ( 'NONE', *, *, #973, .T. ) ;
#7313 = VECTOR ( 'NONE', #7210, 1000.000000000000000 ) ;
#7314 = CARTESIAN_POINT ( 'NONE',  ( 4.771419503187763311, -5.121870354138168935, -7.000000000000000000 ) ) ;
#7315 = DIRECTION ( 'NONE',  ( 0.0000000000000000000, 0.0000000000000000000, 1.000000000000000000 ) ) ;
#7316 = LINE ( 'NONE', #6612, #2083 ) ;
#7317 = CARTESIAN_POINT ( 'NONE',  ( 0.0000000000000000000, 0.0000000000000000000, 0.0000000000000000000 ) ) ;
#7318 = SURFACE_STYLE_FILL_AREA ( #3437 ) ;
#7319 = VECTOR ( 'NONE', #7647, 1000.000000000000000 ) ;
#7320 = ORIENTED_EDGE ( 'NONE', *, *, #3793, .T. ) ;
#7321 = DIRECTION ( 'NONE',  ( -1.000000000000000000, 0.0000000000000000000, 0.0000000000000000000 ) ) ;
#7322 =( GEOMETRIC_REPRESENTATION_CONTEXT ( 3 ) GLOBAL_UNCERTAINTY_ASSIGNED_CONTEXT ( ( #7279 ) ) GLOBAL_UNIT_ASSIGNED_CONTEXT ( ( #2470, #6484, #3617 ) ) REPRESENTATION_CONTEXT ( 'NONE', 'WORKASPACE' ) );
#7323 = DIRECTION ( 'NONE',  ( 0.0000000000000000000, 0.0000000000000000000, 1.000000000000000000 ) ) ;
#7324 = CARTESIAN_POINT ( 'NONE',  ( 0.0000000000000000000, 0.0000000000000000000, 0.0000000000000000000 ) ) ;
#7325 = DIRECTION ( 'NONE',  ( 0.0000000000000000000, -0.0000000000000000000, 1.000000000000000000 ) ) ;
#7326 = EDGE_CURVE ( 'NONE', #3803, #7565, #6125, .T. ) ;
#7327 = ORIENTED_EDGE ( 'NONE', *, *, #1364, .T. ) ;
#7328 = FACE_OUTER_BOUND ( 'NONE', #1071, .T. ) ;
#7329 = MECHANICAL_DESIGN_GEOMETRIC_PRESENTATION_REPRESENTATION (  '', ( #344 ), #5404 ) ;
#7330 = ORIENTED_EDGE ( 'NONE', *, *, #762, .F. ) ;
#7331 = ORIENTED_EDGE ( 'NONE', *, *, #8425, .F. ) ;
#7332 =( LENGTH_UNIT ( ) NAMED_UNIT ( * ) SI_UNIT ( .MILLI., .METRE. ) );
#7333 = DIRECTION ( 'NONE',  ( 0.0000000000000000000, 1.000000000000000000, 0.0000000000000000000 ) ) ;
#7334 = MECHANICAL_DESIGN_GEOMETRIC_PRESENTATION_REPRESENTATION (  '', ( #759 ), #4852 ) ;
#7335 = CIRCLE ( 'NONE', #2090, 0.5000000000000000000 ) ;
#7336 = CARTESIAN_POINT ( 'NONE',  ( 2.417921012136139858, 7.121087379020440089, 1.000000000000000000 ) ) ;
#7337 = CARTESIAN_POINT ( 'NONE',  ( 0.9493313942656600446, 7.446736164466670083, -7.000000000000000000 ) ) ;
#7338 = CARTESIAN_POINT ( 'NONE',  ( -6.815860878403004364, -1.595004854618140344, 0.0000000000000000000 ) ) ;
#7339 =( NAMED_UNIT ( * ) PLANE_ANGLE_UNIT ( ) SI_UNIT ( $, .RADIAN. ) );
#7340 = ORIENTED_EDGE ( 'NONE', *, *, #519, .F. ) ;
#7341 = VECTOR ( 'NONE', #5413, 1000.000000000000000 ) ;
#7342 = DIRECTION ( 'NONE',  ( 0.9891830423698440011, 0.1466864298015990997, 0.0000000000000000000 ) ) ;
#7343 = ORIENTED_EDGE ( 'NONE', *, *, #6404, .T. ) ;
#7344 = EDGE_CURVE ( 'NONE', #7008, #1889, #1039, .T. ) ;
#7345 = UNCERTAINTY_MEASURE_WITH_UNIT (LENGTH_MEASURE( 1.000000000000000082E-05 ), #7869, 'distance_accuracy_value', 'NONE');
#7346 = CARTESIAN_POINT ( 'NONE',  ( 2.759999999999999787, -7.145612346359450306, 1.500000000000000222 ) ) ;
#7347 =( NAMED_UNIT ( * ) SI_UNIT ( $, .STERADIAN. ) SOLID_ANGLE_UNIT ( ) );
#7348 = EDGE_CURVE ( 'NONE', #3021, #1438, #5571, .T. ) ;
#7349 = DIRECTION ( 'NONE',  ( 0.0000000000000000000, 0.0000000000000000000, -1.000000000000000000 ) ) ;
#7350 = PRESENTATION_LAYER_ASSIGNMENT (  '', '', ( #81 ) ) ;
#7351 = CARTESIAN_POINT ( 'NONE',  ( -5.656854249492379694, 4.949747468305830012, -7.000000000000000000 ) ) ;
#7352 = ORIENTED_EDGE ( 'NONE', *, *, #5021, .T. ) ;
#7353 = CARTESIAN_POINT ( 'NONE',  ( -1.199999999999999956, -7.145612346359450306, 1.500000000000000000 ) ) ;
#7354 = ORIENTED_EDGE ( 'NONE', *, *, #7024, .F. ) ;
#7355 = CARTESIAN_POINT ( 'NONE',  ( 2.600000000000000089, -5.495612346359449951, 1.500000000000000000 ) ) ;
#7356 = EDGE_LOOP ( 'NONE', ( #4035, #1888, #3826, #7287 ) ) ;
#7357 = SURFACE_STYLE_FILL_AREA ( #5418 ) ;
#7358 = EDGE_CURVE ( 'NONE', #3767, #840, #7126, .T. ) ;
#7359 =( LENGTH_UNIT ( ) NAMED_UNIT ( * ) SI_UNIT ( .MILLI., .METRE. ) );
#7360 = CARTESIAN_POINT ( 'NONE',  ( -6.368271747270941141, -2.906047995630961722, 1.000000000000000000 ) ) ;
#7361 = FILL_AREA_STYLE ('',( #8013 ) ) ;
#7362 =( LENGTH_UNIT ( ) NAMED_UNIT ( * ) SI_UNIT ( .MILLI., .METRE. ) );
#7363 = SURFACE_SIDE_STYLE ('',( #5251 ) ) ;
#7364 = ORIENTED_EDGE ( 'NONE', *, *, #583, .T. ) ;
#7365 = SURFACE_SIDE_STYLE ('',( #8098 ) ) ;
#7366 = EDGE_LOOP ( 'NONE', ( #4134, #1571 ) ) ;
#7367 = EDGE_CURVE ( 'NONE', #2743, #120, #4997, .T. ) ;
#7368 = LINE ( 'NONE', #211, #1782 ) ;
#7369 = CARTESIAN_POINT ( 'NONE',  ( 1.199999999999999956, 0.0000000000000000000, 1.199999999999999956 ) ) ;
#7370 = VECTOR ( 'NONE', #6093, 1000.000000000000000 ) ;
#7371 = ORIENTED_EDGE ( 'NONE', *, *, #3508, .T. ) ;
#7372 =( GEOMETRIC_REPRESENTATION_CONTEXT ( 3 ) GLOBAL_UNCERTAINTY_ASSIGNED_CONTEXT ( ( #2594 ) ) GLOBAL_UNIT_ASSIGNED_CONTEXT ( ( #3588, #5694, #4992 ) ) REPRESENTATION_CONTEXT ( 'NONE', 'WORKASPACE' ) );
#7373 = CYLINDRICAL_SURFACE ( 'NONE', #5917, 7.000000000000000000 ) ;
#7374 = EDGE_LOOP ( 'NONE', ( #3126, #3955 ) ) ;
#7375 = EDGE_LOOP ( 'NONE', ( #2657, #7864, #6120, #2621 ) ) ;
#7376 = CARTESIAN_POINT ( 'NONE',  ( 2.600000000000000089, -5.495612346359449951, 1.500000000000000000 ) ) ;
#7377 = VERTEX_POINT ( 'NONE', #2984 ) ;
#7378 = STYLED_ITEM ( 'NONE', ( #1708 ), #4108 ) ;
#7379 = MECHANICAL_DESIGN_GEOMETRIC_PRESENTATION_REPRESENTATION (  '', ( #3647 ), #8326 ) ;
#7381 = ADVANCED_FACE ( 'NONE', ( #471, #433 ), #6330, .T. ) ;
#7380 = DIRECTION ( 'NONE',  ( -0.9936997413604274909, 0.1120750820665309261, 0.0000000000000000000 ) ) ;
#7382 = CARTESIAN_POINT ( 'NONE',  ( -1.199999999999999956, -7.145612346359450306, 1.500000000000000000 ) ) ;
#7383 = CARTESIAN_POINT ( 'NONE',  ( -5.200000000000001066, -6.995612346359449951, 1.500000000000000222 ) ) ;
#7384 = CARTESIAN_POINT ( 'NONE',  ( -5.200000000000000178, 2.000000000000000000, 1.500000000000000000 ) ) ;
#7385 = DIRECTION ( 'NONE',  ( -0.1466864298015990997, -0.9891830423698440011, 0.0000000000000000000 ) ) ;
#7386 = CARTESIAN_POINT ( 'NONE',  ( -6.005216961323360358, 2.487442310373083831, -7.000000000000000000 ) ) ;
#7387 = AXIS2_PLACEMENT_3D ( 'NONE', #8127, #2205, #3424 ) ;
#7388 = EDGE_LOOP ( 'NONE', ( #1520, #6785, #7580, #4685 ) ) ;
#7389 = VERTEX_POINT ( 'NONE', #7692 ) ;
#7390 =( LENGTH_UNIT ( ) NAMED_UNIT ( * ) SI_UNIT ( .MILLI., .METRE. ) );
#7391 = PRESENTATION_LAYER_ASSIGNMENT (  '', '', ( #7803 ) ) ;
#7392 = VECTOR ( 'NONE', #7978, 1000.000000000000000 ) ;
#7393 = FACE_BOUND ( 'NONE', #7686, .T. ) ;
#7394 = CARTESIAN_POINT ( 'NONE',  ( 5.200000000000001066, 0.0000000000000000000, 1.699999999999999956 ) ) ;
#7395 = FILL_AREA_STYLE ('',( #3505 ) ) ;
#7396 = CARTESIAN_POINT ( 'NONE',  ( 3.691702698016909867, -5.947380195468819686, 0.0000000000000000000 ) ) ;
#7397 = PLANE ( 'NONE',  #3530 ) ;
#7398 = ORIENTED_EDGE ( 'NONE', *, *, #3873, .F. ) ;
#7399 = VECTOR ( 'NONE', #1892, 1000.000000000000000 ) ;
#7400 = DIRECTION ( 'NONE',  ( 0.0000000000000000000, 0.0000000000000000000, -1.000000000000000000 ) ) ;
#7401 =( GEOMETRIC_REPRESENTATION_CONTEXT ( 3 ) GLOBAL_UNCERTAINTY_ASSIGNED_CONTEXT ( ( #137 ) ) GLOBAL_UNIT_ASSIGNED_CONTEXT ( ( #4751, #6646, #8046 ) ) REPRESENTATION_CONTEXT ( 'NONE', 'WORKASPACE' ) );
#7402 = ORIENTED_EDGE ( 'NONE', *, *, #2222, .T. ) ;
#7403 = EDGE_CURVE ( 'NONE', #5001, #4098, #8058, .T. ) ;
#7404 = CYLINDRICAL_SURFACE ( 'NONE', #6009, 7.000000000000000000 ) ;
#7405 = EDGE_LOOP ( 'NONE', ( #7531, #1237, #7698, #1486, #4421, #1380, #5997, #7875, #7091 ) ) ;
#7406 = CARTESIAN_POINT ( 'NONE',  ( 0.0000000000000000000, 0.0000000000000000000, 2.200000000000000178 ) ) ;
#7407 = SURFACE_SIDE_STYLE ('',( #1546 ) ) ;
#7408 = DIRECTION ( 'NONE',  ( -0.0000000000000000000, -0.0000000000000000000, -1.000000000000000000 ) ) ;
#7409 = AXIS2_PLACEMENT_3D ( 'NONE', #7731, #6420, #7861 ) ;
#7410 =( LENGTH_UNIT ( ) NAMED_UNIT ( * ) SI_UNIT ( .MILLI., .METRE. ) );
#7411 = EDGE_CURVE ( 'NONE', #5434, #6867, #4117, .T. ) ;
#7412 = ORIENTED_EDGE ( 'NONE', *, *, #4894, .F. ) ;
#7413 = ADVANCED_FACE ( 'NONE', ( #4767 ), #2370, .F. ) ;
#7414 = COLOUR_RGB ( '',0.1529411764705882470, 0.1529411764705882470, 0.1529411764705882470 ) ;
#7415 = VECTOR ( 'NONE', #1189, 1000.000000000000000 ) ;
#7416 = EDGE_LOOP ( 'NONE', ( #4216, #872, #6246, #1024 ) ) ;
#7417 = MECHANICAL_DESIGN_GEOMETRIC_PRESENTATION_REPRESENTATION (  '', ( #3270 ), #5486 ) ;
#7418 = FILL_AREA_STYLE ('',( #3443 ) ) ;
#7419 = FACE_OUTER_BOUND ( 'NONE', #4511, .T. ) ;
#7420 = PRESENTATION_STYLE_ASSIGNMENT (( #1021 ) ) ;
#7421 = AXIS2_PLACEMENT_3D ( 'NONE', #5060, #7753, #3686 ) ;
#7422 = LINE ( 'NONE', #2047, #4501 ) ;
#7423 = ORIENTED_EDGE ( 'NONE', *, *, #7971, .T. ) ;
#7424 = ORIENTED_EDGE ( 'NONE', *, *, #2792, .T. ) ;
#7425 = ADVANCED_FACE ( 'NONE', ( #6761 ), #4080, .F. ) ;
#7426 = LINE ( 'NONE', #6772, #932 ) ;
#7427 = ORIENTED_EDGE ( 'NONE', *, *, #7348, .T. ) ;
#7428 = STYLED_ITEM ( 'NONE', ( #5506 ), #8262 ) ;
#7429 = STYLED_ITEM ( 'NONE', ( #6911 ), #7569 ) ;
#7430 = CARTESIAN_POINT ( 'NONE',  ( 3.736510265669730213, 6.515542565419480070, -7.000000000000000000 ) ) ;
#7431 = LINE ( 'NONE', #3839, #4529 ) ;
#7432 = PRESENTATION_STYLE_ASSIGNMENT (( #2152 ) ) ;
#7433 = CARTESIAN_POINT ( 'NONE',  ( -4.899999999999989697, -0.7500000000000000000, 2.200000000000000178 ) ) ;
#7434 = FACE_OUTER_BOUND ( 'NONE', #4267, .T. ) ;
#7435 = SURFACE_STYLE_USAGE ( .BOTH. , #4793 ) ;
#7436 = VECTOR ( 'NONE', #1022, 1000.000000000000000 ) ;
#7437 = AXIS2_PLACEMENT_3D ( 'NONE', #3810, #6397, #4506 ) ;
#7438 = ORIENTED_EDGE ( 'NONE', *, *, #6324, .T. ) ;
#7439 = ADVANCED_FACE ( 'NONE', ( #5083 ), #1159, .F. ) ;
#7440 = PLANE ( 'NONE',  #5467 ) ;
#7441 = ORIENTED_EDGE ( 'NONE', *, *, #8292, .F. ) ;
#7442 = CARTESIAN_POINT ( 'NONE',  ( 0.2478061731796300793, 6.995612346359259881, -7.000000000000000000 ) ) ;
#7443 = STYLED_ITEM ( 'NONE', ( #2338 ), #338 ) ;
#7444 = DIRECTION ( 'NONE',  ( 1.000000000000000000, 0.0000000000000000000, 0.0000000000000000000 ) ) ;
#7445 = SURFACE_STYLE_USAGE ( .BOTH. , #2117 ) ;
#7446 = ADVANCED_FACE ( 'NONE', ( #8361 ), #603, .T. ) ;
#7447 =( LENGTH_UNIT ( ) NAMED_UNIT ( * ) SI_UNIT ( .MILLI., .METRE. ) );
#7448 = PLANE ( 'NONE',  #7387 ) ;
#7449 = ORIENTED_EDGE ( 'NONE', *, *, #7195, .F. ) ;
#7450 = AXIS2_PLACEMENT_3D ( 'NONE', #460, #4466, #7054 ) ;
#7451 = CARTESIAN_POINT ( 'NONE',  ( 0.0000000000000000000, 0.0000000000000000000, 1.000000000000000000 ) ) ;
#7452 = VERTEX_POINT ( 'NONE', #5931 ) ;
#7453 = ORIENTED_EDGE ( 'NONE', *, *, #5870, .F. ) ;
#7454 = DIRECTION ( 'NONE',  ( 0.0000000000000000000, 0.0000000000000000000, 1.000000000000000000 ) ) ;
#7455 = LINE ( 'NONE', #7314, #5496 ) ;
#7456 = FILL_AREA_STYLE ('',( #4765 ) ) ;
#7457 = CARTESIAN_POINT ( 'NONE',  ( 2.487442310373079835, 6.005216961323360358, -7.000000000000000000 ) ) ;
#7458 = SURFACE_STYLE_USAGE ( .BOTH. , #5626 ) ;
#7459 = CARTESIAN_POINT ( 'NONE',  ( 5.947380195468819686, 3.691702698016904094, 1.000000000000000000 ) ) ;
#7460 = ORIENTED_EDGE ( 'NONE', *, *, #7040, .F. ) ;
#7461 = AXIS2_PLACEMENT_3D ( 'NONE', #7742, #5624, #8258 ) ;
#7462 =( NAMED_UNIT ( * ) SI_UNIT ( $, .STERADIAN. ) SOLID_ANGLE_UNIT ( ) );
#7463 = ORIENTED_EDGE ( 'NONE', *, *, #2386, .F. ) ;
#7464 = UNCERTAINTY_MEASURE_WITH_UNIT (LENGTH_MEASURE( 1.000000000000000082E-05 ), #3847, 'distance_accuracy_value', 'NONE');
#7465 = CARTESIAN_POINT ( 'NONE',  ( 5.947380195468818798, 3.691702698016907203, 0.0000000000000000000 ) ) ;
#7466 = EDGE_CURVE ( 'NONE', #4093, #1540, #51, .T. ) ;
#7467 =( LENGTH_UNIT ( ) NAMED_UNIT ( * ) SI_UNIT ( .MILLI., .METRE. ) );
#7468 = ADVANCED_FACE ( 'NONE', ( #8411 ), #3786, .F. ) ;
#7469 = ORIENTED_EDGE ( 'NONE', *, *, #8049, .F. ) ;
#7470 = ORIENTED_EDGE ( 'NONE', *, *, #8447, .T. ) ;
#7471 = ORIENTED_EDGE ( 'NONE', *, *, #7876, .F. ) ;
#7472 = VERTEX_POINT ( 'NONE', #3965 ) ;
#7473 = FACE_OUTER_BOUND ( 'NONE', #3859, .T. ) ;
#7474 = LINE ( 'NONE', #3015, #6593 ) ;
#7475 = EDGE_CURVE ( 'NONE', #5478, #1889, #1446, .T. ) ;
#7476 = CARTESIAN_POINT ( 'NONE',  ( 0.0000000000000000000, -4.645612346359450306, 0.0000000000000000000 ) ) ;
#7477 = CARTESIAN_POINT ( 'NONE',  ( -0.7500000000000000000, 0.0000000000000000000, 0.5000000000000000000 ) ) ;
#7478 =( NAMED_UNIT ( * ) PLANE_ANGLE_UNIT ( ) SI_UNIT ( $, .RADIAN. ) );
#7479 =( GEOMETRIC_REPRESENTATION_CONTEXT ( 3 ) GLOBAL_UNCERTAINTY_ASSIGNED_CONTEXT ( ( #498 ) ) GLOBAL_UNIT_ASSIGNED_CONTEXT ( ( #1504, #6888, #1049 ) ) REPRESENTATION_CONTEXT ( 'NONE', 'WORKASPACE' ) );
#7480 = DIRECTION ( 'NONE',  ( 0.3162277660168379967, -0.9486832980505138790, 0.0000000000000000000 ) ) ;
#7481 = COLOUR_RGB ( '',0.1529411764705882470, 0.1529411764705882470, 0.1529411764705882470 ) ;
#7482 = COLOUR_RGB ( '',0.0000000000000000000, 0.0000000000000000000, 0.0000000000000000000 ) ;
#7483 = DIRECTION ( 'NONE',  ( 0.0000000000000000000, 0.0000000000000000000, 1.000000000000000000 ) ) ;
#7484 = EDGE_CURVE ( 'NONE', #1516, #4760, #131, .T. ) ;
#7485 = SURFACE_SIDE_STYLE ('',( #194 ) ) ;
#7486 = CYLINDRICAL_SURFACE ( 'NONE', #5750, 0.5000000000000004441 ) ;
#7487 = CARTESIAN_POINT ( 'NONE',  ( 6.375104322620999575, -1.268087093104840024, -7.000000000000000000 ) ) ;
#7488 = MECHANICAL_DESIGN_GEOMETRIC_PRESENTATION_REPRESENTATION (  '', ( #5680 ), #1170 ) ;
#7489 = VECTOR ( 'NONE', #1081, 1000.000000000000000 ) ;
#7490 = ORIENTED_EDGE ( 'NONE', *, *, #857, .F. ) ;
#7491 = CYLINDRICAL_SURFACE ( 'NONE', #2678, 7.000000000000000000 ) ;
#7492 = ORIENTED_EDGE ( 'NONE', *, *, #3339, .T. ) ;
#7493 = SURFACE_SIDE_STYLE ('',( #6075 ) ) ;
#7494 = ORIENTED_EDGE ( 'NONE', *, *, #4706, .T. ) ;
#7495 = SURFACE_STYLE_FILL_AREA ( #1543 ) ;
#7496 = LINE ( 'NONE', #2949, #8371 ) ;
#7497 = VECTOR ( 'NONE', #3906, 1000.000000000000000 ) ;
#7498 = EDGE_CURVE ( 'NONE', #638, #6372, #7955, .T. ) ;
#7499 = DIRECTION ( 'NONE',  ( 0.1466864298015869983, -0.9891830423698457775, 0.0000000000000000000 ) ) ;
#7500 = LINE ( 'NONE', #5583, #6970 ) ;
#7501 = DIRECTION ( 'NONE',  ( 0.0000000000000000000, -0.0000000000000000000, -1.000000000000000000 ) ) ;
#7502 = ORIENTED_EDGE ( 'NONE', *, *, #6243, .T. ) ;
#7503 = DIRECTION ( 'NONE',  ( -0.9974842088126424366, 0.07088902009067907239, 0.0000000000000000000 ) ) ;
#7504 = VERTEX_POINT ( 'NONE', #6008 ) ;
#7505 = FACE_OUTER_BOUND ( 'NONE', #8305, .T. ) ;
#7506 = LINE ( 'NONE', #1595, #5230 ) ;
#7507 = FACE_OUTER_BOUND ( 'NONE', #8270, .T. ) ;
#7508 = ORIENTED_EDGE ( 'NONE', *, *, #4945, .T. ) ;
#7509 = COLOUR_RGB ( '',0.1529411764705882470, 0.1529411764705882470, 0.1529411764705882470 ) ;
#7510 = ORIENTED_EDGE ( 'NONE', *, *, #5883, .T. ) ;
#7511 = CARTESIAN_POINT ( 'NONE',  ( 1.400000000000000133, -5.495612346359449951, 1.500000000000000000 ) ) ;
#7512 = ORIENTED_EDGE ( 'NONE', *, *, #7133, .F. ) ;
#7513 = EDGE_CURVE ( 'NONE', #291, #4784, #7908, .T. ) ;
#7514 = LINE ( 'NONE', #3654, #721 ) ;
#7515 = VECTOR ( 'NONE', #6319, 1000.000000000000000 ) ;
#7516 = COLOUR_RGB ( '',0.1529411764705882470, 0.1529411764705882470, 0.1529411764705882470 ) ;
#7517 = CYLINDRICAL_SURFACE ( 'NONE', #3044, 0.5000000000000000000 ) ;
#7518 = CARTESIAN_POINT ( 'NONE',  ( 5.160000000000000142, -7.445612346359450129, 1.199999999999999956 ) ) ;
#7519 = ORIENTED_EDGE ( 'NONE', *, *, #2222, .F. ) ;
#7520 = VECTOR ( 'NONE', #4594, 1000.000000000000227 ) ;
#7521 = ADVANCED_FACE ( 'NONE', ( #4053 ), #1527, .T. ) ;
#7522 = CARTESIAN_POINT ( 'NONE',  ( 2.759999999999999787, -7.145612346359450306, 2.200000000000000178 ) ) ;
#7523 = SURFACE_STYLE_USAGE ( .BOTH. , #5568 ) ;
#7524 = DIRECTION ( 'NONE',  ( 0.0000000000000000000, 0.0000000000000000000, 1.000000000000000000 ) ) ;
#7525 =( NAMED_UNIT ( * ) PLANE_ANGLE_UNIT ( ) SI_UNIT ( $, .RADIAN. ) );
#7526 = LINE ( 'NONE', #2203, #8344 ) ;
#7527 = AXIS2_PLACEMENT_3D ( 'NONE', #1134, #6891, #6968 ) ;
#7528 = PRESENTATION_LAYER_ASSIGNMENT (  '', '', ( #2408 ) ) ;
#7529 = LINE ( 'NONE', #1003, #3383 ) ;
#7530 = ORIENTED_EDGE ( 'NONE', *, *, #4572, .F. ) ;
#7531 = ORIENTED_EDGE ( 'NONE', *, *, #1091, .F. ) ;
#7532 = EDGE_CURVE ( 'NONE', #4700, #6218, #7835, .T. ) ;
#7533 = SURFACE_STYLE_USAGE ( .BOTH. , #8177 ) ;
#7534 = VERTEX_POINT ( 'NONE', #5313 ) ;
#7535 = FILL_AREA_STYLE_COLOUR ( '', #2987 ) ;
#7536 =( NAMED_UNIT ( * ) SI_UNIT ( $, .STERADIAN. ) SOLID_ANGLE_UNIT ( ) );
#7537 = FILL_AREA_STYLE_COLOUR ( '', #681 ) ;
#7538 = SURFACE_STYLE_FILL_AREA ( #6760 ) ;
#7539 = AXIS2_PLACEMENT_3D ( 'NONE', #7779, #8367, #6513 ) ;
#7540 = CYLINDRICAL_SURFACE ( 'NONE', #261, 0.5999999999999998668 ) ;
#7541 = VERTEX_POINT ( 'NONE', #227 ) ;
#7542 = ADVANCED_FACE ( 'NONE', ( #7295 ), #5398, .F. ) ;
#7543 = VERTEX_POINT ( 'NONE', #2109 ) ;
#7544 = CARTESIAN_POINT ( 'NONE',  ( -1.199999999999999956, -7.445612346359450129, 1.199999999999999956 ) ) ;
#7545 = AXIS2_PLACEMENT_3D ( 'NONE', #48, #7856, #4567 ) ;
#7546 = COLOUR_RGB ( '',0.0000000000000000000, 0.0000000000000000000, 0.0000000000000000000 ) ;
#7547 = DIRECTION ( 'NONE',  ( 0.0000000000000000000, 0.0000000000000000000, -1.000000000000000000 ) ) ;
#7548 = FILL_AREA_STYLE ('',( #6273 ) ) ;
#7549 = CARTESIAN_POINT ( 'NONE',  ( -3.344721416490890054, 6.722902501245860307, 1.000000000000000000 ) ) ;
#7550 = ORIENTED_EDGE ( 'NONE', *, *, #6933, .F. ) ;
#7551 = STYLED_ITEM ( 'NONE', ( #8134 ), #4973 ) ;
#7552 = VECTOR ( 'NONE', #6457, 1000.000000000000000 ) ;
#7553 = ORIENTED_EDGE ( 'NONE', *, *, #7703, .T. ) ;
#7554 = DIRECTION ( 'NONE',  ( 0.7071067811865474617, -0.7071067811865474617, 0.0000000000000000000 ) ) ;
#7555 = EDGE_LOOP ( 'NONE', ( #6194, #6542, #2716, #7550 ) ) ;
#7556 = CARTESIAN_POINT ( 'NONE',  ( -4.900000000000000355, 2.500000000000000000, 4.200000000000000178 ) ) ;
#7557 = COLOUR_RGB ( '',0.1529411764705882470, 0.1529411764705882470, 0.1529411764705882470 ) ;
#7558 = VECTOR ( 'NONE', #3355, 1000.000000000000114 ) ;
#7559 = CARTESIAN_POINT ( 'NONE',  ( 1.268087093104830920, -6.375104322620998687, 1.000000000000004663 ) ) ;
#7560 = FACE_OUTER_BOUND ( 'NONE', #2270, .T. ) ;
#7561 = ORIENTED_EDGE ( 'NONE', *, *, #676, .T. ) ;
#7562 = VECTOR ( 'NONE', #6885, 1000.000000000000000 ) ;
#7563 = AXIS2_PLACEMENT_3D ( 'NONE', #4457, #408, #451 ) ;
#7564 =( NAMED_UNIT ( * ) PLANE_ANGLE_UNIT ( ) SI_UNIT ( $, .RADIAN. ) );
#7565 = VERTEX_POINT ( 'NONE', #871 ) ;
#7566 =( NAMED_UNIT ( * ) SI_UNIT ( $, .STERADIAN. ) SOLID_ANGLE_UNIT ( ) );
#7567 = CARTESIAN_POINT ( 'NONE',  ( 6.510492742431059909, -3.775206928833970021, -7.000000000000000000 ) ) ;
#7568 = VECTOR ( 'NONE', #14, 1000.000000000000000 ) ;
#7569 = ADVANCED_FACE ( 'NONE', ( #4149 ), #910, .T. ) ;
#7570 = SURFACE_STYLE_USAGE ( .BOTH. , #6829 ) ;
#7571 = EDGE_CURVE ( 'NONE', #215, #347, #1069, .T. ) ;
#7572 = DIRECTION ( 'NONE',  ( -0.0000000000000000000, -0.0000000000000000000, -1.000000000000000000 ) ) ;
#7573 = CARTESIAN_POINT ( 'NONE',  ( -5.199999999999996625, -5.645612346359440537, 1.500000000000000000 ) ) ;
#7574 = FILL_AREA_STYLE ('',( #6878 ) ) ;
#7575 = ORIENTED_EDGE ( 'NONE', *, *, #2242, .T. ) ;
#7576 = CARTESIAN_POINT ( 'NONE',  ( -2.600000000000000089, -5.495612346359449951, 1.500000000000000000 ) ) ;
#7577 = VERTEX_POINT ( 'NONE', #8399 ) ;
#7578 = STYLED_ITEM ( 'NONE', ( #2922 ), #9 ) ;
#7579 = CARTESIAN_POINT ( 'NONE',  ( 0.0000000000000000000, 0.0000000000000000000, 0.0000000000000000000 ) ) ;
#7580 = ORIENTED_EDGE ( 'NONE', *, *, #4698, .F. ) ;
#7581 = DIRECTION ( 'NONE',  ( -0.9584966580880927012, -0.2851037643279335509, 0.0000000000000000000 ) ) ;
#7582 =( LENGTH_UNIT ( ) NAMED_UNIT ( * ) SI_UNIT ( .MILLI., .METRE. ) );
#7583 = LINE ( 'NONE', #4853, #8286 ) ;
#7584 = EDGE_CURVE ( 'NONE', #3996, #2474, #3734, .T. ) ;
#7585 = CIRCLE ( 'NONE', #2888, 0.5000000000000004441 ) ;
#7586 =( NAMED_UNIT ( * ) PLANE_ANGLE_UNIT ( ) SI_UNIT ( $, .RADIAN. ) );
#7587 = ORIENTED_EDGE ( 'NONE', *, *, #5553, .F. ) ;
#7588 = LINE ( 'NONE', #5632, #6264 ) ;
#7589 = VERTEX_POINT ( 'NONE', #1934 ) ;
#7590 = VECTOR ( 'NONE', #1433, 1000.000000000000000 ) ;
#7591 = LINE ( 'NONE', #6767, #3441 ) ;
#7592 = EDGE_CURVE ( 'NONE', #5842, #2507, #5195, .T. ) ;
#7593 = LINE ( 'NONE', #7012, #7840 ) ;
#7594 = AXIS2_PLACEMENT_3D ( 'NONE', #5419, #325, #2130 ) ;
#7595 = VERTEX_POINT ( 'NONE', #5116 ) ;
#7596 = ORIENTED_EDGE ( 'NONE', *, *, #1684, .F. ) ;
#7597 = PLANE ( 'NONE',  #4332 ) ;
#7598 = AXIS2_PLACEMENT_3D ( 'NONE', #7073, #4410, #7036 ) ;
#7599 = DIRECTION ( 'NONE',  ( -1.000000000000000000, -0.0000000000000000000, -0.0000000000000000000 ) ) ;
#7600 = EDGE_CURVE ( 'NONE', #1310, #4044, #2522, .T. ) ;
#7601 = FILL_AREA_STYLE ('',( #7763 ) ) ;
#7602 = CIRCLE ( 'NONE', #5099, 7.000000000000000000 ) ;
#7603 = UNCERTAINTY_MEASURE_WITH_UNIT (LENGTH_MEASURE( 1.000000000000000082E-05 ), #5527, 'distance_accuracy_value', 'NONE');
#7604 = CARTESIAN_POINT ( 'NONE',  ( -5.200000000000001066, 3.000000000000000000, 2.200000000000000178 ) ) ;
#7605 = COLOUR_RGB ( '',0.0000000000000000000, 0.0000000000000000000, 0.0000000000000000000 ) ;
#7606 = SURFACE_SIDE_STYLE ('',( #4954 ) ) ;
#7607 = DIRECTION ( 'NONE',  ( 0.0000000000000000000, -0.0000000000000000000, -1.000000000000000000 ) ) ;
#7608 = CARTESIAN_POINT ( 'NONE',  ( 3.611206514627417263, 5.404552479966540979, 1.000000000000004663 ) ) ;
#7609 = DIRECTION ( 'NONE',  ( 0.0000000000000000000, 0.0000000000000000000, 1.000000000000000000 ) ) ;
#7610 = LINE ( 'NONE', #6954, #3924 ) ;
#7611 = ORIENTED_EDGE ( 'NONE', *, *, #4797, .T. ) ;
#7612 =( GEOMETRIC_REPRESENTATION_CONTEXT ( 3 ) GLOBAL_UNCERTAINTY_ASSIGNED_CONTEXT ( ( #3308 ) ) GLOBAL_UNIT_ASSIGNED_CONTEXT ( ( #5436, #262, #4048 ) ) REPRESENTATION_CONTEXT ( 'NONE', 'WORKASPACE' ) );
#7613 =( GEOMETRIC_REPRESENTATION_CONTEXT ( 3 ) GLOBAL_UNCERTAINTY_ASSIGNED_CONTEXT ( ( #1273 ) ) GLOBAL_UNIT_ASSIGNED_CONTEXT ( ( #3842, #1781, #1740 ) ) REPRESENTATION_CONTEXT ( 'NONE', 'WORKASPACE' ) );
#7614 = DIRECTION ( 'NONE',  ( 0.0000000000000000000, 0.0000000000000000000, 1.000000000000000000 ) ) ;
#7615 = VERTEX_POINT ( 'NONE', #5734 ) ;
#7616 = EDGE_CURVE ( 'NONE', #4174, #4133, #3951, .T. ) ;
#7617 = CARTESIAN_POINT ( 'NONE',  ( -5.200000000000001066, -7.145612346359450306, 1.500000000000000000 ) ) ;
#7618 = DIRECTION ( 'NONE',  ( -0.6552017413601369800, -0.7554539549956993394, 0.0000000000000000000 ) ) ;
#7619 = STYLED_ITEM ( 'NONE', ( #3902 ), #2921 ) ;
#7620 = FILL_AREA_STYLE_COLOUR ( '', #3732 ) ;
#7621 =( GEOMETRIC_REPRESENTATION_CONTEXT ( 3 ) GLOBAL_UNCERTAINTY_ASSIGNED_CONTEXT ( ( #3221 ) ) GLOBAL_UNIT_ASSIGNED_CONTEXT ( ( #2983, #1492, #6876 ) ) REPRESENTATION_CONTEXT ( 'NONE', 'WORKASPACE' ) );
#7622 = DIRECTION ( 'NONE',  ( 0.0000000000000000000, 0.0000000000000000000, 1.000000000000000000 ) ) ;
#7623 = ORIENTED_EDGE ( 'NONE', *, *, #5463, .F. ) ;
#7624 = DIRECTION ( 'NONE',  ( -0.0000000000000000000, -0.0000000000000000000, -1.000000000000000000 ) ) ;
#7625 = ORIENTED_EDGE ( 'NONE', *, *, #7950, .T. ) ;
#7626 = CIRCLE ( 'NONE', #6792, 0.5000000000000004441 ) ;
#7627 = EDGE_CURVE ( 'NONE', #5394, #73, #8486, .T. ) ;
#7628 = VECTOR ( 'NONE', #5564, 1000.000000000000227 ) ;
#7629 = FILL_AREA_STYLE_COLOUR ( '', #4510 ) ;
#7630 = CARTESIAN_POINT ( 'NONE',  ( -4.596194077712558723, -4.596194077712559611, 1.000000000000005329 ) ) ;
#7631 = VERTEX_POINT ( 'NONE', #7194 ) ;
#7632 = ORIENTED_EDGE ( 'NONE', *, *, #7636, .T. ) ;
#7633 = DIRECTION ( 'NONE',  ( 0.0000000000000000000, -0.0000000000000000000, -1.000000000000000000 ) ) ;
#7634 = ORIENTED_EDGE ( 'NONE', *, *, #2233, .T. ) ;
#7635 = UNCERTAINTY_MEASURE_WITH_UNIT (LENGTH_MEASURE( 1.000000000000000082E-05 ), #2655, 'distance_accuracy_value', 'NONE');
#7636 = EDGE_CURVE ( 'NONE', #6316, #7615, #834, .T. ) ;
#7637 = CARTESIAN_POINT ( 'NONE',  ( 0.0000000000000000000, 0.0000000000000000000, 0.0000000000000000000 ) ) ;
#7638 = FACE_OUTER_BOUND ( 'NONE', #4487, .T. ) ;
#7639 = FACE_OUTER_BOUND ( 'NONE', #7555, .T. ) ;
#7640 = DIRECTION ( 'NONE',  ( 0.0000000000000000000, -1.000000000000000000, -0.0000000000000000000 ) ) ;
#7641 = SURFACE_STYLE_USAGE ( .BOTH. , #5971 ) ;
#7642 = EDGE_CURVE ( 'NONE', #8152, #639, #293, .T. ) ;
#7643 = ORIENTED_EDGE ( 'NONE', *, *, #7266, .T. ) ;
#7644 = EDGE_CURVE ( 'NONE', #1790, #4133, #3907, .T. ) ;
#7645 = VECTOR ( 'NONE', #4923, 1000.000000000000000 ) ;
#7646 = CARTESIAN_POINT ( 'NONE',  ( -0.2478061731796300793, -6.995612346359260769, -7.000000000000000000 ) ) ;
#7647 = DIRECTION ( 'NONE',  ( -0.9891830423698457775, -0.1466864298015869983, -0.0000000000000000000 ) ) ;
#7648 = CARTESIAN_POINT ( 'NONE',  ( 5.671109727513897525, 4.103475899587719411, 0.0000000000000000000 ) ) ;
#7649 = CARTESIAN_POINT ( 'NONE',  ( 0.0000000000000000000, 2.000000000000000000, 2.200000000000000178 ) ) ;
#7650 = MECHANICAL_DESIGN_GEOMETRIC_PRESENTATION_REPRESENTATION (  '', ( #3766 ), #3913 ) ;
#7651 = EDGE_CURVE ( 'NONE', #5941, #1864, #8349, .T. ) ;
#7652 = LINE ( 'NONE', #2371, #5163 ) ;
#7653 = VECTOR ( 'NONE', #8083, 1000.000000000000000 ) ;
#7654 = ORIENTED_EDGE ( 'NONE', *, *, #6886, .T. ) ;
#7655 = CYLINDRICAL_SURFACE ( 'NONE', #3790, 7.000000000000000000 ) ;
#7656 = VERTEX_POINT ( 'NONE', #1841 ) ;
#7657 = FILL_AREA_STYLE ('',( #8288 ) ) ;
#7658 = VECTOR ( 'NONE', #99, 1000.000000000000000 ) ;
#7659 = PLANE ( 'NONE',  #7847 ) ;
#7660 =( NAMED_UNIT ( * ) PLANE_ANGLE_UNIT ( ) SI_UNIT ( $, .RADIAN. ) );
#7661 = VECTOR ( 'NONE', #7830, 1000.000000000000000 ) ;
#7662 = FACE_OUTER_BOUND ( 'NONE', #5862, .T. ) ;
#7663 = SURFACE_STYLE_USAGE ( .BOTH. , #5007 ) ;
#7664 =( NAMED_UNIT ( * ) SI_UNIT ( $, .STERADIAN. ) SOLID_ANGLE_UNIT ( ) );
#7665 = VECTOR ( 'NONE', #4195, 1000.000000000000114 ) ;
#7666 = ORIENTED_EDGE ( 'NONE', *, *, #6446, .F. ) ;
#7667 = DIRECTION ( 'NONE',  ( 1.000000000000000000, 0.0000000000000000000, 0.0000000000000000000 ) ) ;
#7668 = ORIENTED_EDGE ( 'NONE', *, *, #4228, .T. ) ;
#7669 = SURFACE_SIDE_STYLE ('',( #6632 ) ) ;
#7670 = AXIS2_PLACEMENT_3D ( 'NONE', #1983, #7822, #3877 ) ;
#7671 = AXIS2_PLACEMENT_3D ( 'NONE', #4326, #5669, #1704 ) ;
#7672 =( LENGTH_UNIT ( ) NAMED_UNIT ( * ) SI_UNIT ( .MILLI., .METRE. ) );
#7673 = EDGE_CURVE ( 'NONE', #7631, #4122, #8312, .T. ) ;
#7674 = LINE ( 'NONE', #6274, #1386 ) ;
#7675 = EDGE_CURVE ( 'NONE', #4111, #3911, #7684, .T. ) ;
#7676 = VERTEX_POINT ( 'NONE', #4470 ) ;
#7677 = ORIENTED_EDGE ( 'NONE', *, *, #6236, .T. ) ;
#7678 = LINE ( 'NONE', #1223, #6388 ) ;
#7679 = ORIENTED_EDGE ( 'NONE', *, *, #6507, .T. ) ;
#7680 = DIRECTION ( 'NONE',  ( 0.0000000000000000000, 0.0000000000000000000, 1.000000000000000000 ) ) ;
#7681 = PLANE ( 'NONE',  #1634 ) ;
#7682 = STYLED_ITEM ( 'NONE', ( #2595 ), #5102 ) ;
#7683 = AXIS2_PLACEMENT_3D ( 'NONE', #1195, #7064, #646 ) ;
#7684 = LINE ( 'NONE', #1149, #6179 ) ;
#7685 = EDGE_CURVE ( 'NONE', #8269, #2937, #3013, .T. ) ;
#7686 = EDGE_LOOP ( 'NONE', ( #1135, #176 ) ) ;
#7687 = FILL_AREA_STYLE ('',( #1116 ) ) ;
#7688 = VECTOR ( 'NONE', #5593, 1000.000000000000000 ) ;
#7689 = FILL_AREA_STYLE_COLOUR ( '', #4056 ) ;
#7690 = DIRECTION ( 'NONE',  ( 0.0000000000000000000, 0.0000000000000000000, 1.000000000000000000 ) ) ;
#7691 = LINE ( 'NONE', #1806, #8299 ) ;
#7692 = CARTESIAN_POINT ( 'NONE',  ( -2.458044324604629960, 6.554236652599520596, 1.000000000000000000 ) ) ;
#7693 = EDGE_CURVE ( 'NONE', #6890, #7541, #3101, .T. ) ;
#7694 = VECTOR ( 'NONE', #3843, 1000.000000000000000 ) ;
#7695 = LINE ( 'NONE', #6298, #5874 ) ;
#7696 = EDGE_LOOP ( 'NONE', ( #802, #2086 ) ) ;
#7697 = SURFACE_STYLE_FILL_AREA ( #2411 ) ;
#7698 = ORIENTED_EDGE ( 'NONE', *, *, #2138, .T. ) ;
#7699 = UNCERTAINTY_MEASURE_WITH_UNIT (LENGTH_MEASURE( 1.000000000000000082E-05 ), #4581, 'distance_accuracy_value', 'NONE');
#7700 = LINE ( 'NONE', #1166, #6035 ) ;
#7701 = DIRECTION ( 'NONE',  ( 1.000000000000000000, 0.0000000000000000000, 0.0000000000000000000 ) ) ;
#7702 = CIRCLE ( 'NONE', #3421, 7.000000000000000000 ) ;
#7703 = EDGE_CURVE ( 'NONE', #4872, #3769, #5073, .T. ) ;
#7704 = CARTESIAN_POINT ( 'NONE',  ( -6.005216961323360358, -2.487442310373079835, 0.0000000000000000000 ) ) ;
#7705 = DIRECTION ( 'NONE',  ( 1.000000000000000000, 0.0000000000000000000, -0.0000000000000000000 ) ) ;
#7706 = CARTESIAN_POINT ( 'NONE',  ( 3.459999999999999964, -6.945612346359450129, 2.200000000000000178 ) ) ;
#7707 = PRESENTATION_LAYER_ASSIGNMENT (  '', '', ( #4521 ) ) ;
#7708 = ORIENTED_EDGE ( 'NONE', *, *, #5936, .T. ) ;
#7709 = CARTESIAN_POINT ( 'NONE',  ( 6.557934381098213805, 2.448161892769749493, 0.0000000000000000000 ) ) ;
#7710 = FACE_OUTER_BOUND ( 'NONE', #5414, .T. ) ;
#7711 = LINE ( 'NONE', #3762, #1682 ) ;
#7712 = DIRECTION ( 'NONE',  ( 1.000000000000000000, 0.0000000000000000000, 0.0000000000000000000 ) ) ;
#7713 = CARTESIAN_POINT ( 'NONE',  ( 5.121870354138162718, -4.771419503187768640, 0.0000000000000000000 ) ) ;
#7714 = VERTEX_POINT ( 'NONE', #4518 ) ;
#7715 = EDGE_LOOP ( 'NONE', ( #8214, #2887, #4690, #4712 ) ) ;
#7716 = DIRECTION ( 'NONE',  ( 1.000000000000000000, 0.0000000000000000000, 0.0000000000000000000 ) ) ;
#7717 = ORIENTED_EDGE ( 'NONE', *, *, #4819, .T. ) ;
#7718 = UNCERTAINTY_MEASURE_WITH_UNIT (LENGTH_MEASURE( 1.000000000000000082E-05 ), #5407, 'distance_accuracy_value', 'NONE');
#7719 = ADVANCED_FACE ( 'NONE', ( #7149 ), #1277, .T. ) ;
#7720 = DIRECTION ( 'NONE',  ( 1.000000000000000000, 0.0000000000000000000, 0.0000000000000000000 ) ) ;
#7721 = LINE ( 'NONE', #1754, #6599 ) ;
#7722 = SURFACE_STYLE_USAGE ( .BOTH. , #7806 ) ;
#7723 = ORIENTED_EDGE ( 'NONE', *, *, #1208, .F. ) ;
#7724 = FILL_AREA_STYLE_COLOUR ( '', #5992 ) ;
#7725 = ORIENTED_EDGE ( 'NONE', *, *, #2313, .F. ) ;
#7726 = CIRCLE ( 'NONE', #5244, 7.000000000000000000 ) ;
#7727 = CARTESIAN_POINT ( 'NONE',  ( -4.500000000000000888, -7.445612346359445688, 4.200000000000000178 ) ) ;
#7728 = EDGE_CURVE ( 'NONE', #6287, #298, #7140, .T. ) ;
#7729 = FACE_OUTER_BOUND ( 'NONE', #547, .T. ) ;
#7730 =( NAMED_UNIT ( * ) PLANE_ANGLE_UNIT ( ) SI_UNIT ( $, .RADIAN. ) );
#7731 = CARTESIAN_POINT ( 'NONE',  ( 0.0000000000000000000, 0.0000000000000000000, 2.200000000000000178 ) ) ;
#7732 = CARTESIAN_POINT ( 'NONE',  ( 6.911675780212113374, -1.108484510144041479, 0.0000000000000000000 ) ) ;
#7733 = PRESENTATION_STYLE_ASSIGNMENT (( #1807 ) ) ;
#7734 = COLOUR_RGB ( '',0.0000000000000000000, 0.0000000000000000000, 0.0000000000000000000 ) ;
#7735 = ORIENTED_EDGE ( 'NONE', *, *, #2149, .F. ) ;
#7736 = SURFACE_SIDE_STYLE ('',( #5086 ) ) ;
#7737 = ORIENTED_EDGE ( 'NONE', *, *, #3915, .T. ) ;
#7738 = EDGE_CURVE ( 'NONE', #5077, #4586, #7422, .T. ) ;
#7739 = CIRCLE ( 'NONE', #6336, 0.5999999999999998668 ) ;
#7740 = FILL_AREA_STYLE_COLOUR ( '', #1261 ) ;
#7741 = PRESENTATION_STYLE_ASSIGNMENT (( #7870 ) ) ;
#7742 = CARTESIAN_POINT ( 'NONE',  ( -5.200000000000001066, 3.000000000000000000, 1.500000000000000000 ) ) ;
#7743 = CARTESIAN_POINT ( 'NONE',  ( 0.0000000000000000000, 0.0000000000000000000, 2.200000000000000178 ) ) ;
#7744 = COLOUR_RGB ( '',0.1529411764705882470, 0.1529411764705882470, 0.1529411764705882470 ) ;
#7745 = LINE ( 'NONE', #2607, #1957 ) ;
#7746 = EDGE_LOOP ( 'NONE', ( #3560, #1162, #5760, #6196 ) ) ;
#7747 = CARTESIAN_POINT ( 'NONE',  ( -4.500000000000000888, -7.145612346359450306, 2.200000000000000178 ) ) ;
#7748 = ADVANCED_FACE ( 'NONE', ( #4042 ), #6669, .F. ) ;
#7749 = VECTOR ( 'NONE', #1314, 1000.000000000000000 ) ;
#7750 = CARTESIAN_POINT ( 'NONE',  ( 0.0000000000000000000, 0.0000000000000000000, 0.0000000000000000000 ) ) ;
#7751 = FILL_AREA_STYLE ('',( #3043 ) ) ;
#7752 = LINE ( 'NONE', #6527, #3865 ) ;
#7753 = DIRECTION ( 'NONE',  ( 0.0000000000000000000, 0.0000000000000000000, 1.000000000000000000 ) ) ;
#7754 = VERTEX_POINT ( 'NONE', #3764 ) ;
#7755 =( GEOMETRIC_REPRESENTATION_CONTEXT ( 3 ) GLOBAL_UNCERTAINTY_ASSIGNED_CONTEXT ( ( #8308 ) ) GLOBAL_UNIT_ASSIGNED_CONTEXT ( ( #4089, #1256, #617 ) ) REPRESENTATION_CONTEXT ( 'NONE', 'WORKASPACE' ) );
#7756 = ORIENTED_EDGE ( 'NONE', *, *, #6654, .T. ) ;
#7757 = VECTOR ( 'NONE', #6329, 999.9999999999998863 ) ;
#7758 = DIRECTION ( 'NONE',  ( -1.000000000000000000, 0.0000000000000000000, 0.0000000000000000000 ) ) ;
#7759 = VERTEX_POINT ( 'NONE', #5107 ) ;
#7760 = DIRECTION ( 'NONE',  ( -0.0000000000000000000, -0.0000000000000000000, -1.000000000000000000 ) ) ;
#7761 = VECTOR ( 'NONE', #5965, 1000.000000000000000 ) ;
#7762 = CARTESIAN_POINT ( 'NONE',  ( -4.596194077712559611, -4.596194077712559611, 1.000000000000003553 ) ) ;
#7763 = FILL_AREA_STYLE_COLOUR ( '', #6939 ) ;
#7764 = DIRECTION ( 'NONE',  ( -0.0000000000000000000, -0.0000000000000000000, -1.000000000000000000 ) ) ;
#7765 = LINE ( 'NONE', #6541, #8241 ) ;
#7766 = EDGE_CURVE ( 'NONE', #619, #873, #7843, .T. ) ;
#7767 = ORIENTED_EDGE ( 'NONE', *, *, #8120, .F. ) ;
#7768 = CARTESIAN_POINT ( 'NONE',  ( -2.799999999999999822, -7.145612346359450306, 1.500000000000000222 ) ) ;
#7769 = ORIENTED_EDGE ( 'NONE', *, *, #743, .F. ) ;
#7770 = CARTESIAN_POINT ( 'NONE',  ( 3.759999999999999787, -5.645612346359450306, 1.500000000000000000 ) ) ;
#7771 = CARTESIAN_POINT ( 'NONE',  ( 0.5000000000000000000, 0.0000000000000000000, 0.2500000000000002220 ) ) ;
#7772 = DIRECTION ( 'NONE',  ( -1.000000000000000000, -0.0000000000000000000, 0.0000000000000000000 ) ) ;
#7773 = CARTESIAN_POINT ( 'NONE',  ( 0.0000000000000000000, 0.0000000000000000000, 1.000000000000000000 ) ) ;
#7774 = EDGE_CURVE ( 'NONE', #6072, #6389, #8303, .T. ) ;
#7775 = CARTESIAN_POINT ( 'NONE',  ( 4.160000000000000142, -5.645612346359450306, 1.500000000000000000 ) ) ;
#7776 = EDGE_CURVE ( 'NONE', #7472, #2805, #5629, .T. ) ;
#7777 = ORIENTED_EDGE ( 'NONE', *, *, #3500, .T. ) ;
#7778 = AXIS2_PLACEMENT_3D ( 'NONE', #3737, #1620, #8215 ) ;
#7779 = CARTESIAN_POINT ( 'NONE',  ( -1.682546017330829936E-16, -5.495612346359449951, 1.500000000000000000 ) ) ;
#7780 = UNCERTAINTY_MEASURE_WITH_UNIT (LENGTH_MEASURE( 1.000000000000000082E-05 ), #3789, 'distance_accuracy_value', 'NONE');
#7781 = PLANE ( 'NONE',  #7461 ) ;
#7782 = DIRECTION ( 'NONE',  ( 0.0000000000000000000, 0.0000000000000000000, 1.000000000000000000 ) ) ;
#7783 = CIRCLE ( 'NONE', #4745, 7.000000000000000000 ) ;
#7784 = VECTOR ( 'NONE', #1532, 1000.000000000000000 ) ;
#7785 = EDGE_CURVE ( 'NONE', #4270, #1, #1908, .T. ) ;
#7786 = CARTESIAN_POINT ( 'NONE',  ( 0.2478061731796300238, 6.995612346359259881, 0.0000000000000000000 ) ) ;
#7787 = ORIENTED_EDGE ( 'NONE', *, *, #5582, .T. ) ;
#7788 = LINE ( 'NONE', #4632, #1080 ) ;
#7789 = ORIENTED_EDGE ( 'NONE', *, *, #666, .F. ) ;
#7790 = VECTOR ( 'NONE', #486, 1000.000000000000000 ) ;
#7791 = DIRECTION ( 'NONE',  ( 0.7554539549956993394, 0.6552017413601369800, 0.0000000000000000000 ) ) ;
#7792 = CARTESIAN_POINT ( 'NONE',  ( 0.0000000000000000000, 0.0000000000000000000, 0.5000000000000000000 ) ) ;
#7793 = DIRECTION ( 'NONE',  ( -1.000000000000000000, 0.0000000000000000000, -0.0000000000000000000 ) ) ;
#7794 = MECHANICAL_DESIGN_GEOMETRIC_PRESENTATION_REPRESENTATION (  '', ( #5320 ), #1470 ) ;
#7795 = DIRECTION ( 'NONE',  ( 1.000000000000000000, 0.0000000000000000000, -0.0000000000000000000 ) ) ;
#7796 =( GEOMETRIC_REPRESENTATION_CONTEXT ( 3 ) GLOBAL_UNCERTAINTY_ASSIGNED_CONTEXT ( ( #478 ) ) GLOBAL_UNIT_ASSIGNED_CONTEXT ( ( #8087, #4190, #961 ) ) REPRESENTATION_CONTEXT ( 'NONE', 'WORKASPACE' ) );
#7797 = EDGE_CURVE ( 'NONE', #4735, #1044, #11, .T. ) ;
#7798 = ORIENTED_EDGE ( 'NONE', *, *, #3292, .F. ) ;
#7799 = EDGE_LOOP ( 'NONE', ( #365, #7030, #403, #4825 ) ) ;
#7800 = FILL_AREA_STYLE_COLOUR ( '', #5308 ) ;
#7801 = VERTEX_POINT ( 'NONE', #7713 ) ;
#7802 = UNCERTAINTY_MEASURE_WITH_UNIT (LENGTH_MEASURE( 1.000000000000000082E-05 ), #907, 'distance_accuracy_value', 'NONE');
#7803 = STYLED_ITEM ( 'NONE', ( #3155 ), #4467 ) ;
#7804 = CARTESIAN_POINT ( 'NONE',  ( 6.375104322620996911, -1.268087093104835139, -7.000000000000000000 ) ) ;
#7805 = CARTESIAN_POINT ( 'NONE',  ( 0.0000000000000000000, 0.0000000000000000000, 0.0000000000000000000 ) ) ;
#7806 = SURFACE_SIDE_STYLE ('',( #8443 ) ) ;
#7807 =( NAMED_UNIT ( * ) PLANE_ANGLE_UNIT ( ) SI_UNIT ( $, .RADIAN. ) );
#7808 = CIRCLE ( 'NONE', #2421, 7.000000000000000000 ) ;
#7809 = MECHANICAL_DESIGN_GEOMETRIC_PRESENTATION_REPRESENTATION (  '', ( #280 ), #7401 ) ;
#7810 = ORIENTED_EDGE ( 'NONE', *, *, #1051, .F. ) ;
#7811 = ORIENTED_EDGE ( 'NONE', *, *, #1544, .T. ) ;
#7812 = LINE ( 'NONE', #3779, #6168 ) ;
#7813 = DIRECTION ( 'NONE',  ( -1.000000000000000000, 0.0000000000000000000, 0.0000000000000000000 ) ) ;
#7814 = AXIS2_PLACEMENT_3D ( 'NONE', #2934, #5647, #3582 ) ;
#7815 = PRESENTATION_STYLE_ASSIGNMENT (( #5168 ) ) ;
#7816 = DIRECTION ( 'NONE',  ( 0.8031810063152047263, 0.5957350678737109995, -0.0000000000000000000 ) ) ;
#7817 = FACE_OUTER_BOUND ( 'NONE', #995, .T. ) ;
#7818 = EDGE_LOOP ( 'NONE', ( #3835, #5477, #7007, #1212 ) ) ;
#7819 = AXIS2_PLACEMENT_3D ( 'NONE', #3794, #7166, #2643 ) ;
#7820 = COLOUR_RGB ( '',0.1529411764705882470, 0.1529411764705882470, 0.1529411764705882470 ) ;
#7821 = COLOUR_RGB ( '',0.1529411764705882470, 0.1529411764705882470, 0.1529411764705882470 ) ;
#7822 = DIRECTION ( 'NONE',  ( 0.9700204331905976085, 0.2430233717005948757, -0.0000000000000000000 ) ) ;
#7823 = ORIENTED_EDGE ( 'NONE', *, *, #7995, .T. ) ;
#7824 = CARTESIAN_POINT ( 'NONE',  ( 4.949747468305830012, 5.656854249492379694, -7.000000000000000000 ) ) ;
#7825 =( NAMED_UNIT ( * ) PLANE_ANGLE_UNIT ( ) SI_UNIT ( $, .RADIAN. ) );
#7826 = ADVANCED_FACE ( 'NONE', ( #626 ), #8477, .T. ) ;
#7827 = FACE_BOUND ( 'NONE', #2088, .T. ) ;
#7828 = FACE_OUTER_BOUND ( 'NONE', #6500, .T. ) ;
#7829 = FILL_AREA_STYLE ('',( #1990 ) ) ;
#7830 = DIRECTION ( 'NONE',  ( 0.0000000000000000000, 0.0000000000000000000, 1.000000000000000000 ) ) ;
#7831 = DIRECTION ( 'NONE',  ( 0.0000000000000000000, 0.0000000000000000000, -1.000000000000000000 ) ) ;
#7832 = ORIENTED_EDGE ( 'NONE', *, *, #5410, .T. ) ;
#7833 = CARTESIAN_POINT ( 'NONE',  ( 4.500000000000000888, -1.102182119232617911E-15, 1.500000000000000000 ) ) ;
#7834 = COLOUR_RGB ( '',0.5607843137254902022, 0.5607843137254902022, 0.5607843137254902022 ) ;
#7835 = CIRCLE ( 'NONE', #7002, 0.5000000000000000000 ) ;
#7836 = EDGE_CURVE ( 'NONE', #6138, #8002, #4339, .T. ) ;
#7837 = SURFACE_STYLE_FILL_AREA ( #6526 ) ;
#7838 =( NAMED_UNIT ( * ) PLANE_ANGLE_UNIT ( ) SI_UNIT ( $, .RADIAN. ) );
#7839 = CARTESIAN_POINT ( 'NONE',  ( -4.000000000000000000, -7.145612346359450306, 4.200000000000000178 ) ) ;
#7840 = VECTOR ( 'NONE', #453, 1000.000000000000000 ) ;
#7841 = AXIS2_PLACEMENT_3D ( 'NONE', #954, #7524, #4993 ) ;
#7842 = DIRECTION ( 'NONE',  ( 1.000000000000000000, 0.0000000000000000000, 0.0000000000000000000 ) ) ;
#7843 = LINE ( 'NONE', #2429, #3678 ) ;
#7844 = ORIENTED_EDGE ( 'NONE', *, *, #8309, .F. ) ;
#7845 = VERTEX_POINT ( 'NONE', #2563 ) ;
#7846 = DIRECTION ( 'NONE',  ( 0.0000000000000000000, 0.0000000000000000000, -1.000000000000000000 ) ) ;
#7847 = AXIS2_PLACEMENT_3D ( 'NONE', #4927, #7001, #7034 ) ;
#7849 = ADVANCED_FACE ( 'NONE', ( #7048 ), #3088, .F. ) ;
#7848 = DIRECTION ( 'NONE',  ( 0.7554539549957062228, -0.6552017413601290974, -0.0000000000000000000 ) ) ;
#7850 = CARTESIAN_POINT ( 'NONE',  ( 4.500000000000000888, 0.0000000000000000000, 1.000000000000000000 ) ) ;
#7851 = VECTOR ( 'NONE', #5957, 1000.000000000000000 ) ;
#7852 = ORIENTED_EDGE ( 'NONE', *, *, #1919, .F. ) ;
#7853 = ORIENTED_EDGE ( 'NONE', *, *, #2971, .F. ) ;
#7854 = LINE ( 'NONE', #2053, #7219 ) ;
#7855 = VERTEX_POINT ( 'NONE', #614 ) ;
#7856 = DIRECTION ( 'NONE',  ( 0.0000000000000000000, 1.000000000000000000, -0.0000000000000000000 ) ) ;
#7858 = ADVANCED_FACE ( 'NONE', ( #1416 ), #7213, .T. ) ;
#7857 = FACE_OUTER_BOUND ( 'NONE', #692, .T. ) ;
#7859 = STYLED_ITEM ( 'NONE', ( #3385 ), #1002 ) ;
#7860 =( NAMED_UNIT ( * ) PLANE_ANGLE_UNIT ( ) SI_UNIT ( $, .RADIAN. ) );
#7861 = DIRECTION ( 'NONE',  ( 1.000000000000000000, 0.0000000000000000000, -0.0000000000000000000 ) ) ;
#7862 = FACE_OUTER_BOUND ( 'NONE', #1428, .T. ) ;
#7863 = SURFACE_SIDE_STYLE ('',( #6510 ) ) ;
#7864 = ORIENTED_EDGE ( 'NONE', *, *, #4210, .F. ) ;
#7865 = MECHANICAL_DESIGN_GEOMETRIC_PRESENTATION_REPRESENTATION (  '', ( #2344 ), #4828 ) ;
#7866 = CYLINDRICAL_SURFACE ( 'NONE', #7539, 0.5000000000000000000 ) ;
#7867 = ORIENTED_EDGE ( 'NONE', *, *, #5483, .T. ) ;
#7868 = UNCERTAINTY_MEASURE_WITH_UNIT (LENGTH_MEASURE( 1.000000000000000082E-05 ), #177, 'distance_accuracy_value', 'NONE');
#7869 =( LENGTH_UNIT ( ) NAMED_UNIT ( * ) SI_UNIT ( .MILLI., .METRE. ) );
#7870 = SURFACE_STYLE_USAGE ( .BOTH. , #3244 ) ;
#7871 = MECHANICAL_DESIGN_GEOMETRIC_PRESENTATION_REPRESENTATION (  '', ( #1542 ), #3320 ) ;
#7872 = DIRECTION ( 'NONE',  ( -0.8944271909999158554, -0.4472135954999579277, 0.0000000000000000000 ) ) ;
#7873 = DIRECTION ( 'NONE',  ( -1.000000000000000000, 0.0000000000000000000, 0.0000000000000000000 ) ) ;
#7874 = DIRECTION ( 'NONE',  ( 0.0000000000000000000, 0.0000000000000000000, 1.000000000000000000 ) ) ;
#7875 = ORIENTED_EDGE ( 'NONE', *, *, #8001, .T. ) ;
#7876 = EDGE_CURVE ( 'NONE', #1531, #5232, #5188, .T. ) ;
#7877 = AXIS2_PLACEMENT_3D ( 'NONE', #7839, #1177, #8334 ) ;
#7878 = LINE ( 'NONE', #1302, #6537 ) ;
#7879 = ORIENTED_EDGE ( 'NONE', *, *, #3816, .F. ) ;
#7880 = SURFACE_SIDE_STYLE ('',( #7837 ) ) ;
#7881 = CARTESIAN_POINT ( 'NONE',  ( -4.199999999999990408, -4.645612346359444977, 1.500000000000001332 ) ) ;
#7882 = PRESENTATION_LAYER_ASSIGNMENT (  '', '', ( #5961 ) ) ;
#7883 = FACE_OUTER_BOUND ( 'NONE', #2423, .T. ) ;
#7884 = EDGE_CURVE ( 'NONE', #6724, #2335, #418, .T. ) ;
#7885 = FACE_OUTER_BOUND ( 'NONE', #7375, .T. ) ;
#7886 = CARTESIAN_POINT ( 'NONE',  ( 6.557934381098213805, -2.448161892769756598, 1.000000000000000000 ) ) ;
#7887 = ORIENTED_EDGE ( 'NONE', *, *, #2386, .T. ) ;
#7888 = DIRECTION ( 'NONE',  ( -0.0000000000000000000, -0.0000000000000000000, 1.000000000000000000 ) ) ;
#7889 = VERTEX_POINT ( 'NONE', #5849 ) ;
#7890 = AXIS2_PLACEMENT_3D ( 'NONE', #8395, #1837, #3267 ) ;
#7891 = UNCERTAINTY_MEASURE_WITH_UNIT (LENGTH_MEASURE( 1.000000000000000082E-05 ), #5329, 'distance_accuracy_value', 'NONE');
#7892 = COLOUR_RGB ( '',0.1529411764705882470, 0.1529411764705882470, 0.1529411764705882470 ) ;
#7893 =( LENGTH_UNIT ( ) NAMED_UNIT ( * ) SI_UNIT ( .MILLI., .METRE. ) );
#7894 = CARTESIAN_POINT ( 'NONE',  ( 0.0000000000000000000, 0.0000000000000000000, 0.0000000000000000000 ) ) ;
#7895 = CARTESIAN_POINT ( 'NONE',  ( 4.900000000000000355, 3.000000000000000000, 1.500000000000000000 ) ) ;
#7896 = COLOUR_RGB ( '',0.1529411764705882470, 0.1529411764705882470, 0.1529411764705882470 ) ;
#7897 = AXIS2_PLACEMENT_3D ( 'NONE', #5670, #4412, #3204 ) ;
#7898 = SURFACE_SIDE_STYLE ('',( #6625 ) ) ;
#7899 = VERTEX_POINT ( 'NONE', #1298 ) ;
#7900 = LINE ( 'NONE', #1937, #8315 ) ;
#7901 = ORIENTED_EDGE ( 'NONE', *, *, #5703, .T. ) ;
#7902 = FACE_OUTER_BOUND ( 'NONE', #2641, .T. ) ;
#7903 = VECTOR ( 'NONE', #4571, 1000.000000000000000 ) ;
#7904 = CARTESIAN_POINT ( 'NONE',  ( -5.200000000000001066, 3.000000000000000000, 2.200000000000000178 ) ) ;
#7905 = FILL_AREA_STYLE_COLOUR ( '', #3669 ) ;
#7906 = SURFACE_STYLE_FILL_AREA ( #1326 ) ;
#7907 = EDGE_CURVE ( 'NONE', #2937, #8265, #1336, .T. ) ;
#7908 = LINE ( 'NONE', #6782, #3968 ) ;
#7909 = ORIENTED_EDGE ( 'NONE', *, *, #6931, .F. ) ;
#7910 = ADVANCED_FACE ( 'NONE', ( #5979 ), #5326, .T. ) ;
#7911 = DIRECTION ( 'NONE',  ( 0.0000000000000000000, 0.0000000000000000000, 1.000000000000000000 ) ) ;
#7912 = EDGE_LOOP ( 'NONE', ( #1712, #7769, #1127, #7879 ) ) ;
#7913 = FACE_OUTER_BOUND ( 'NONE', #5101, .T. ) ;
#7914 = SURFACE_STYLE_FILL_AREA ( #5278 ) ;
#7915 = SURFACE_STYLE_USAGE ( .BOTH. , #5977 ) ;
#7916 = FACE_BOUND ( 'NONE', #4413, .T. ) ;
#7917 = EDGE_CURVE ( 'NONE', #8088, #2926, #1109, .T. ) ;
#7918 = LINE ( 'NONE', #7258, #4854 ) ;
#7919 =( NAMED_UNIT ( * ) SI_UNIT ( $, .STERADIAN. ) SOLID_ANGLE_UNIT ( ) );
#7920 = LINE ( 'NONE', #3978, #2134 ) ;
#7921 = PRESENTATION_STYLE_ASSIGNMENT (( #3802 ) ) ;
#7922 = VERTEX_POINT ( 'NONE', #2779 ) ;
#7923 = DIRECTION ( 'NONE',  ( 4.934324553889580036E-17, 0.0000000000000000000, -1.000000000000000000 ) ) ;
#7924 = ORIENTED_EDGE ( 'NONE', *, *, #4600, .T. ) ;
#7925 = LINE ( 'NONE', #2611, #7957 ) ;
#7926 = VECTOR ( 'NONE', #5739, 1000.000000000000000 ) ;
#7927 = CARTESIAN_POINT ( 'NONE',  ( -0.5000000000000000000, 6.123233995736766036E-17, 2.700000000000000178 ) ) ;
#7928 = PRESENTATION_LAYER_ASSIGNMENT (  '', '', ( #2826 ) ) ;
#7929 = LINE ( 'NONE', #461, #5321 ) ;
#7930 = DIRECTION ( 'NONE',  ( 0.0000000000000000000, 0.0000000000000000000, -1.000000000000000000 ) ) ;
#7931 = DIRECTION ( 'NONE',  ( -0.3162277660168379967, -0.9486832980505138790, -0.0000000000000000000 ) ) ;
#7932 = CARTESIAN_POINT ( 'NONE',  ( 4.900000000000000355, 2.000000000000000000, 4.200000000000000178 ) ) ;
#7933 = CIRCLE ( 'NONE', #4055, 5.200000000000001066 ) ;
#7934 = VERTEX_POINT ( 'NONE', #6114 ) ;
#7935 = ORIENTED_EDGE ( 'NONE', *, *, #3610, .F. ) ;
#7936 = SURFACE_STYLE_FILL_AREA ( #722 ) ;
#7937 = DIRECTION ( 'NONE',  ( -0.8031810063152047263, -0.5957350678737109995, -0.0000000000000000000 ) ) ;
#7938 = ADVANCED_FACE ( 'NONE', ( #2863 ), #8086, .F. ) ;
#7939 = AXIS2_PLACEMENT_3D ( 'NONE', #6371, #1086, #3710 ) ;
#7940 = EDGE_CURVE ( 'NONE', #6136, #7023, #3554, .T. ) ;
#7941 = CARTESIAN_POINT ( 'NONE',  ( 4.771419503187759759, -5.121870354138169823, 0.0000000000000000000 ) ) ;
#7942 = DIRECTION ( 'NONE',  ( -0.0000000000000000000, -0.0000000000000000000, -1.000000000000000000 ) ) ;
#7943 = ORIENTED_EDGE ( 'NONE', *, *, #1589, .F. ) ;
#7944 = ORIENTED_EDGE ( 'NONE', *, *, #8049, .T. ) ;
#7945 = DIRECTION ( 'NONE',  ( 0.0000000000000000000, -0.0000000000000000000, 1.000000000000000000 ) ) ;
#7946 = ORIENTED_EDGE ( 'NONE', *, *, #3292, .T. ) ;
#7947 = VECTOR ( 'NONE', #560, 1000.000000000000000 ) ;
#7948 = DIRECTION ( 'NONE',  ( -0.0000000000000000000, -0.0000000000000000000, -1.000000000000000000 ) ) ;
#7949 = SURFACE_STYLE_FILL_AREA ( #6817 ) ;
#7950 = EDGE_CURVE ( 'NONE', #4846, #4651, #1451, .T. ) ;
#7951 = FILL_AREA_STYLE ('',( #3832 ) ) ;
#7952 = LINE ( 'NONE', #7433, #5343 ) ;
#7953 = VECTOR ( 'NONE', #913, 1000.000000000000000 ) ;
#7954 = PRESENTATION_LAYER_ASSIGNMENT (  '', '', ( #4352 ) ) ;
#7955 = LINE ( 'NONE', #7386, #7132 ) ;
#7956 = ORIENTED_EDGE ( 'NONE', *, *, #7642, .F. ) ;
#7957 = VECTOR ( 'NONE', #751, 1000.000000000000000 ) ;
#7958 = EDGE_CURVE ( 'NONE', #6638, #257, #833, .T. ) ;
#7959 =( NAMED_UNIT ( * ) PLANE_ANGLE_UNIT ( ) SI_UNIT ( $, .RADIAN. ) );
#7960 = EDGE_CURVE ( 'NONE', #1736, #7377, #3145, .T. ) ;
#7961 = FACE_OUTER_BOUND ( 'NONE', #359, .T. ) ;
#7962 = CARTESIAN_POINT ( 'NONE',  ( 0.0000000000000000000, 0.0000000000000000000, 0.0000000000000000000 ) ) ;
#7963 = STYLED_ITEM ( 'NONE', ( #3116 ), #5089 ) ;
#7964 = SURFACE_STYLE_USAGE ( .BOTH. , #4628 ) ;
#7965 =( GEOMETRIC_REPRESENTATION_CONTEXT ( 3 ) GLOBAL_UNCERTAINTY_ASSIGNED_CONTEXT ( ( #3792 ) ) GLOBAL_UNIT_ASSIGNED_CONTEXT ( ( #5126, #2532, #4481 ) ) REPRESENTATION_CONTEXT ( 'NONE', 'WORKASPACE' ) );
#7966 = CARTESIAN_POINT ( 'NONE',  ( 6.557934381098213805, 2.448161892769749493, 1.000000000000000000 ) ) ;
#7967 = FACE_OUTER_BOUND ( 'NONE', #5067, .T. ) ;
#7968 = ORIENTED_EDGE ( 'NONE', *, *, #2447, .F. ) ;
#7969 = CARTESIAN_POINT ( 'NONE',  ( 0.1999999999999990119, -5.645612346359450306, 3.600000000000000533 ) ) ;
#7970 = ORIENTED_EDGE ( 'NONE', *, *, #4163, .T. ) ;
#7971 = EDGE_CURVE ( 'NONE', #4867, #638, #6953, .T. ) ;
#7972 = CARTESIAN_POINT ( 'NONE',  ( -4.771419503187761535, -5.121870354138170711, 1.000000000000001776 ) ) ;
#7973 = CIRCLE ( 'NONE', #4372, 0.5999999999999998668 ) ;
#7974 = STYLED_ITEM ( 'NONE', ( #5260 ), #8047 ) ;
#7975 = CARTESIAN_POINT ( 'NONE',  ( 2.759999999999999787, -7.145612346359450306, 1.500000000000000000 ) ) ;
#7976 = STYLED_ITEM ( 'NONE', ( #5824 ), #6843 ) ;
#7977 = CYLINDRICAL_SURFACE ( 'NONE', #197, 1.000000000000000000 ) ;
#7978 = DIRECTION ( 'NONE',  ( -0.9974842088126424366, 0.07088902009067907239, -0.0000000000000000000 ) ) ;
#7979 = DIRECTION ( 'NONE',  ( -0.2851037643279368816, 0.9584966580880918130, 0.0000000000000000000 ) ) ;
#7980 = PRESENTATION_STYLE_ASSIGNMENT (( #3262 ) ) ;
#7981 = STYLED_ITEM ( 'NONE', ( #5199 ), #7254 ) ;
#7982 = ORIENTED_EDGE ( 'NONE', *, *, #132, .T. ) ;
#7983 = SURFACE_STYLE_FILL_AREA ( #5294 ) ;
#7984 = ORIENTED_EDGE ( 'NONE', *, *, #132, .F. ) ;
#7985 = LINE ( 'NONE', #3310, #3615 ) ;
#7986 = DIRECTION ( 'NONE',  ( 0.0000000000000000000, 0.0000000000000000000, 1.000000000000000000 ) ) ;
#7987 =( GEOMETRIC_REPRESENTATION_CONTEXT ( 3 ) GLOBAL_UNCERTAINTY_ASSIGNED_CONTEXT ( ( #383 ) ) GLOBAL_UNIT_ASSIGNED_CONTEXT ( ( #5359, #7339, #7249 ) ) REPRESENTATION_CONTEXT ( 'NONE', 'WORKASPACE' ) );
#7988 = CARTESIAN_POINT ( 'NONE',  ( -5.199999999999999289, -7.145612346359450306, 2.200000000000000178 ) ) ;
#7989 = LINE ( 'NONE', #5431, #706 ) ;
#7990 = ORIENTED_EDGE ( 'NONE', *, *, #4546, .T. ) ;
#7991 = PLANE ( 'NONE',  #950 ) ;
#7992 = CIRCLE ( 'NONE', #4253, 7.000000000000000000 ) ;
#7993 = DIRECTION ( 'NONE',  ( -0.0000000000000000000, -0.0000000000000000000, -1.000000000000000000 ) ) ;
#7994 = VERTEX_POINT ( 'NONE', #1085 ) ;
#7995 = EDGE_CURVE ( 'NONE', #3113, #5077, #4471, .T. ) ;
#7996 = FILL_AREA_STYLE_COLOUR ( '', #3294 ) ;
#7997 = CIRCLE ( 'NONE', #4940, 0.5000000000000000000 ) ;
#7998 = DIRECTION ( 'NONE',  ( -0.9584966580880918130, -0.2851037643279368816, 0.0000000000000000000 ) ) ;
#7999 = DIRECTION ( 'NONE',  ( 1.000000000000000000, 0.0000000000000000000, 0.0000000000000000000 ) ) ;
#8000 = ORIENTED_EDGE ( 'NONE', *, *, #77, .T. ) ;
#8001 = EDGE_CURVE ( 'NONE', #7754, #4111, #7765, .T. ) ;
#8002 = VERTEX_POINT ( 'NONE', #5785 ) ;
#8003 = DIRECTION ( 'NONE',  ( 0.7071067811865474617, -0.7071067811865474617, 0.0000000000000000000 ) ) ;
#8004 = FILL_AREA_STYLE_COLOUR ( '', #4246 ) ;
#8005 =( NAMED_UNIT ( * ) PLANE_ANGLE_UNIT ( ) SI_UNIT ( $, .RADIAN. ) );
#8006 = DIRECTION ( 'NONE',  ( -1.000000000000000000, -0.0000000000000000000, -0.0000000000000000000 ) ) ;
#8007 = VERTEX_POINT ( 'NONE', #7573 ) ;
#8008 = DIRECTION ( 'NONE',  ( 0.0000000000000000000, 0.0000000000000000000, 1.000000000000000000 ) ) ;
#8009 = EDGE_LOOP ( 'NONE', ( #6279, #1925, #3534, #986 ) ) ;
#8010 = EDGE_LOOP ( 'NONE', ( #1858, #7561, #1342, #1094 ) ) ;
#8011 = SURFACE_STYLE_USAGE ( .BOTH. , #243 ) ;
#8012 = FILL_AREA_STYLE ('',( #287 ) ) ;
#8013 = FILL_AREA_STYLE_COLOUR ( '', #4013 ) ;
#8014 = CARTESIAN_POINT ( 'NONE',  ( 4.771419503187760647, 5.121870354138170711, 0.0000000000000000000 ) ) ;
#8015 = ADVANCED_FACE ( 'NONE', ( #6919 ), #546, .T. ) ;
#8016 = AXIS2_PLACEMENT_3D ( 'NONE', #2634, #5877, #1941 ) ;
#8017 = ORIENTED_EDGE ( 'NONE', *, *, #6351, .F. ) ;
#8018 = EDGE_CURVE ( 'NONE', #1984, #1558, #6585, .T. ) ;
#8019 = VERTEX_POINT ( 'NONE', #214 ) ;
#8020 = SURFACE_STYLE_USAGE ( .BOTH. , #7280 ) ;
#8021 = STYLED_ITEM ( 'NONE', ( #7815 ), #1515 ) ;
#8022 = DIRECTION ( 'NONE',  ( 0.0000000000000000000, 0.0000000000000000000, 1.000000000000000000 ) ) ;
#8023 = CARTESIAN_POINT ( 'NONE',  ( -3.673686725085458349, 5.958525475814539618, 0.0000000000000000000 ) ) ;
#8024 = ORIENTED_EDGE ( 'NONE', *, *, #86, .T. ) ;
#8025 = PRESENTATION_STYLE_ASSIGNMENT (( #4780 ) ) ;
#8026 = CIRCLE ( 'NONE', #6648, 1.000000000000000000 ) ;
#8027 = ORIENTED_EDGE ( 'NONE', *, *, #1930, .F. ) ;
#8028 = PRESENTATION_LAYER_ASSIGNMENT (  '', '', ( #4844 ) ) ;
#8029 = CARTESIAN_POINT ( 'NONE',  ( -6.557934381098211141, -2.448161892769749937, 0.0000000000000000000 ) ) ;
#8030 = ORIENTED_EDGE ( 'NONE', *, *, #18, .F. ) ;
#8031 = AXIS2_PLACEMENT_3D ( 'NONE', #1274, #5155, #3817 ) ;
#8032 = CIRCLE ( 'NONE', #621, 0.5000000000000000000 ) ;
#8033 = CARTESIAN_POINT ( 'NONE',  ( 6.995612346359257216, 0.2478061731796279699, 0.0000000000000000000 ) ) ;
#8034 =( LENGTH_UNIT ( ) NAMED_UNIT ( * ) SI_UNIT ( .MILLI., .METRE. ) );
#8035 = EDGE_CURVE ( 'NONE', #7899, #8285, #7989, .T. ) ;
#8036 = CARTESIAN_POINT ( 'NONE',  ( 0.0000000000000000000, 0.0000000000000000000, 1.500000000000000000 ) ) ;
#8037 = ORIENTED_EDGE ( 'NONE', *, *, #1746, .T. ) ;
#8038 = AXIS2_PLACEMENT_3D ( 'NONE', #747, #1455, #7400 ) ;
#8039 = VECTOR ( 'NONE', #1570, 1000.000000000000000 ) ;
#8040 = DIRECTION ( 'NONE',  ( 0.9486832980505138790, 0.3162277660168379967, 0.0000000000000000000 ) ) ;
#8041 = ORIENTED_EDGE ( 'NONE', *, *, #814, .F. ) ;
#8042 = UNCERTAINTY_MEASURE_WITH_UNIT (LENGTH_MEASURE( 1.000000000000000082E-05 ), #8310, 'distance_accuracy_value', 'NONE');
#8043 = FACE_OUTER_BOUND ( 'NONE', #3987, .T. ) ;
#8044 = SURFACE_SIDE_STYLE ('',( #7256 ) ) ;
#8045 = DIRECTION ( 'NONE',  ( 0.0000000000000000000, 0.0000000000000000000, 1.000000000000000000 ) ) ;
#8046 =( NAMED_UNIT ( * ) SI_UNIT ( $, .STERADIAN. ) SOLID_ANGLE_UNIT ( ) );
#8047 = ADVANCED_FACE ( 'NONE', ( #119 ), #7373, .T. ) ;
#8048 = CARTESIAN_POINT ( 'NONE',  ( 0.0000000000000000000, 0.0000000000000000000, 1.000000000000000000 ) ) ;
#8049 = EDGE_CURVE ( 'NONE', #1447, #6941, #3966, .T. ) ;
#8050 = MECHANICAL_DESIGN_GEOMETRIC_PRESENTATION_REPRESENTATION (  '', ( #2104 ), #4293 ) ;
#8051 = FILL_AREA_STYLE ('',( #4807 ) ) ;
#8052 = ORIENTED_EDGE ( 'NONE', *, *, #8193, .T. ) ;
#8053 = PLANE ( 'NONE',  #354 ) ;
#8054 = VERTEX_POINT ( 'NONE', #5809 ) ;
#8055 = LINE ( 'NONE', #6798, #3243 ) ;
#8056 = ORIENTED_EDGE ( 'NONE', *, *, #6494, .T. ) ;
#8057 = EDGE_CURVE ( 'NONE', #7714, #5842, #1260, .T. ) ;
#8058 = LINE ( 'NONE', #2132, #8373 ) ;
#8059 = DIRECTION ( 'NONE',  ( 1.000000000000000000, 0.0000000000000000000, 0.0000000000000000000 ) ) ;
#8060 = ORIENTED_EDGE ( 'NONE', *, *, #7592, .T. ) ;
#8061 = PRESENTATION_STYLE_ASSIGNMENT (( #1467 ) ) ;
#8062 = VECTOR ( 'NONE', #2443, 1000.000000000000000 ) ;
#8063 = ORIENTED_EDGE ( 'NONE', *, *, #8035, .F. ) ;
#8064 = DIRECTION ( 'NONE',  ( -0.0000000000000000000, -0.0000000000000000000, -1.000000000000000000 ) ) ;
#8065 = DIRECTION ( 'NONE',  ( 0.0000000000000000000, -1.000000000000000000, -0.0000000000000000000 ) ) ;
#8066 = EDGE_CURVE ( 'NONE', #4700, #5860, #5145, .T. ) ;
#8067 = VECTOR ( 'NONE', #7017, 1000.000000000000000 ) ;
#8068 = VECTOR ( 'NONE', #4836, 1000.000000000000114 ) ;
#8069 = FILL_AREA_STYLE_COLOUR ( '', #2165 ) ;
#8070 = ORIENTED_EDGE ( 'NONE', *, *, #2280, .F. ) ;
#8071 = CARTESIAN_POINT ( 'NONE',  ( -5.200000000000001066, -7.145612346359450306, 1.500000000000000000 ) ) ;
#8072 = ORIENTED_EDGE ( 'NONE', *, *, #3862, .T. ) ;
#8073 = LINE ( 'NONE', #3535, #7370 ) ;
#8074 = EDGE_LOOP ( 'NONE', ( #5663, #3263, #5786, #2762 ) ) ;
#8075 = CIRCLE ( 'NONE', #1723, 0.5000000000000004441 ) ;
#8076 =( LENGTH_UNIT ( ) NAMED_UNIT ( * ) SI_UNIT ( .MILLI., .METRE. ) );
#8077 = DIRECTION ( 'NONE',  ( 0.0000000000000000000, 0.0000000000000000000, -1.000000000000000000 ) ) ;
#8078 = FILL_AREA_STYLE ('',( #186 ) ) ;
#8079 =( GEOMETRIC_REPRESENTATION_CONTEXT ( 3 ) GLOBAL_UNCERTAINTY_ASSIGNED_CONTEXT ( ( #6740 ) ) GLOBAL_UNIT_ASSIGNED_CONTEXT ( ( #1124, #3069, #2453 ) ) REPRESENTATION_CONTEXT ( 'NONE', 'WORKASPACE' ) );
#8080 = ORIENTED_EDGE ( 'NONE', *, *, #66, .T. ) ;
#8081 = DIRECTION ( 'NONE',  ( 1.000000000000000000, 0.0000000000000000000, 0.0000000000000000000 ) ) ;
#8082 = ORIENTED_EDGE ( 'NONE', *, *, #2923, .T. ) ;
#8083 = DIRECTION ( 'NONE',  ( -0.3162277660168379967, 0.9486832980505138790, -0.0000000000000000000 ) ) ;
#8084 = AXIS2_PLACEMENT_3D ( 'NONE', #826, #7480, #8040 ) ;
#8085 = LINE ( 'NONE', #6693, #208 ) ;
#8086 = PLANE ( 'NONE',  #2437 ) ;
#8087 =( LENGTH_UNIT ( ) NAMED_UNIT ( * ) SI_UNIT ( .MILLI., .METRE. ) );
#8088 = VERTEX_POINT ( 'NONE', #7927 ) ;
#8089 = SURFACE_STYLE_USAGE ( .BOTH. , #7493 ) ;
#8090 = VERTEX_POINT ( 'NONE', #3936 ) ;
#8091 = EDGE_CURVE ( 'NONE', #5816, #5240, #4454, .T. ) ;
#8092 = CARTESIAN_POINT ( 'NONE',  ( 0.1999999999999991229, -5.645612346359450306, 1.500000000000000000 ) ) ;
#8093 = FACE_OUTER_BOUND ( 'NONE', #1965, .T. ) ;
#8094 = CARTESIAN_POINT ( 'NONE',  ( -2.799999999999999822, -7.445612346359450129, 2.200000000000000178 ) ) ;
#8095 = VECTOR ( 'NONE', #6681, 1000.000000000000000 ) ;
#8096 = CARTESIAN_POINT ( 'NONE',  ( 4.900000000000000355, 2.000000000000000000, 2.200000000000000178 ) ) ;
#8097 = VERTEX_POINT ( 'NONE', #6442 ) ;
#8098 = SURFACE_STYLE_FILL_AREA ( #2180 ) ;
#8099 = COLOUR_RGB ( '',0.0000000000000000000, 0.0000000000000000000, 0.0000000000000000000 ) ;
#8100 = ORIENTED_EDGE ( 'NONE', *, *, #3793, .F. ) ;
#8101 = PRESENTATION_LAYER_ASSIGNMENT (  '', '', ( #3270 ) ) ;
#8102 = EDGE_CURVE ( 'NONE', #8254, #5502, #5762, .T. ) ;
#8103 = LINE ( 'NONE', #2219, #5177 ) ;
#8104 = FACE_OUTER_BOUND ( 'NONE', #4068, .T. ) ;
#8105 = CARTESIAN_POINT ( 'NONE',  ( -6.557934381098214693, 2.448161892769750381, 1.000000000000000000 ) ) ;
#8106 = CARTESIAN_POINT ( 'NONE',  ( 0.0000000000000000000, 0.0000000000000000000, 0.5000000000000000000 ) ) ;
#8107 = ORIENTED_EDGE ( 'NONE', *, *, #6896, .T. ) ;
#8108 = ORIENTED_EDGE ( 'NONE', *, *, #5463, .T. ) ;
#8109 = CARTESIAN_POINT ( 'NONE',  ( -6.500000000000000888, 7.216449660063521457E-16, 0.0000000000000000000 ) ) ;
#8110 = VERTEX_POINT ( 'NONE', #5901 ) ;
#8111 = VECTOR ( 'NONE', #5667, 1000.000000000000000 ) ;
#8112 = STYLED_ITEM ( 'NONE', ( #4361 ), #7425 ) ;
#8113 = CARTESIAN_POINT ( 'NONE',  ( -0.2478061731796278033, 6.995612346359257216, 1.000000000000001776 ) ) ;
#8114 = DIRECTION ( 'NONE',  ( 0.0000000000000000000, 0.0000000000000000000, 1.000000000000000000 ) ) ;
#8115 = CARTESIAN_POINT ( 'NONE',  ( 1.000000000000000000, 0.0000000000000000000, 1.000000000000000000 ) ) ;
#8116 = LINE ( 'NONE', #7477, #8039 ) ;
#8117 = VECTOR ( 'NONE', #5720, 1000.000000000000000 ) ;
#8118 = VECTOR ( 'NONE', #6473, 1000.000000000000000 ) ;
#8119 = ORIENTED_EDGE ( 'NONE', *, *, #1128, .T. ) ;
#8120 = EDGE_CURVE ( 'NONE', #1631, #3427, #5622, .T. ) ;
#8121 = FILL_AREA_STYLE ('',( #2111 ) ) ;
#8122 = FACE_BOUND ( 'NONE', #7374, .T. ) ;
#8123 = AXIS2_PLACEMENT_3D ( 'NONE', #6250, #8114, #4304 ) ;
#8124 = PLANE ( 'NONE',  #2776 ) ;
#8125 = DIRECTION ( 'NONE',  ( 1.000000000000000000, -0.0000000000000000000, 0.0000000000000000000 ) ) ;
#8126 = DIRECTION ( 'NONE',  ( -0.0000000000000000000, -0.0000000000000000000, -1.000000000000000000 ) ) ;
#8127 = CARTESIAN_POINT ( 'NONE',  ( -2.408185976482529966, -7.120438210017191238, -7.000000000000000000 ) ) ;
#8128 = ORIENTED_EDGE ( 'NONE', *, *, #1964, .T. ) ;
#8129 = AXIS2_PLACEMENT_3D ( 'NONE', #1355, #113, #170 ) ;
#8130 = CARTESIAN_POINT ( 'NONE',  ( -4.771419503187763311, 5.121870354138168935, -7.000000000000000000 ) ) ;
#8131 = EDGE_LOOP ( 'NONE', ( #3417, #7909, #2319, #1876, #8444, #7935, #4452, #370, #5738, #2294, #1992, #4961, #7105, #6479, #6155, #6228, #1997, #5384, #1928, #3569, #4366, #5681, #5479, #4733, #4323, #6147, #536, #5589, #3001, #4110, #5943, #530, #3649, #6923, #4880, #4519, #7460, #5118, #6275, #1967, #3048, #7197, #6685, #4191, #311, #7956, #1975, #6797, #6225, #3596, #2179, #1352, #4054, #4901, #1369, #2763, #4842, #7512, #5319, #2465, #8365, #4548, #3359, #4450, #911, #6997, #2291, #438, #4563, #2965, #2878, #4500, #5019, #6844, #4772, #6809, #7789, #8236, #6094, #6213, #7330, #7725, #2552, #605, #3856, #6276, #494, #322, #6308, #1259, #2913, #2807, #4177, #456, #729, #1224 ) ) ;
#8132 = CARTESIAN_POINT ( 'NONE',  ( -0.5000000000000000000, -7.445612346359450129, 2.200000000000000178 ) ) ;
#8133 = ORIENTED_EDGE ( 'NONE', *, *, #7917, .T. ) ;
#8134 = PRESENTATION_STYLE_ASSIGNMENT (( #8011 ) ) ;
#8135 =( NAMED_UNIT ( * ) SI_UNIT ( $, .STERADIAN. ) SOLID_ANGLE_UNIT ( ) );
#8136 = AXIS2_PLACEMENT_3D ( 'NONE', #2221, #2960, #8147 ) ;
#8137 = PLANE ( 'NONE',  #53 ) ;
#8138 = PRESENTATION_STYLE_ASSIGNMENT (( #6656 ) ) ;
#8139 = PRESENTATION_STYLE_ASSIGNMENT (( #7458 ) ) ;
#8140 = PLANE ( 'NONE',  #2402 ) ;
#8141 = ADVANCED_FACE ( 'NONE', ( #7220 ), #7135, .T. ) ;
#8142 = ORIENTED_EDGE ( 'NONE', *, *, #8366, .F. ) ;
#8143 = COLOUR_RGB ( '',0.0000000000000000000, 0.0000000000000000000, 0.0000000000000000000 ) ;
#8144 = PLANE ( 'NONE',  #4886 ) ;
#8145 = ORIENTED_EDGE ( 'NONE', *, *, #4310, .F. ) ;
#8146 = CARTESIAN_POINT ( 'NONE',  ( -6.368271747270938477, 2.906047995630962610, 0.0000000000000000000 ) ) ;
#8147 = DIRECTION ( 'NONE',  ( 1.000000000000000000, 0.0000000000000000000, -0.0000000000000000000 ) ) ;
#8148 =( GEOMETRIC_REPRESENTATION_CONTEXT ( 3 ) GLOBAL_UNCERTAINTY_ASSIGNED_CONTEXT ( ( #5296 ) ) GLOBAL_UNIT_ASSIGNED_CONTEXT ( ( #1978, #7860, #7245 ) ) REPRESENTATION_CONTEXT ( 'NONE', 'WORKASPACE' ) );
#8149 = FACE_OUTER_BOUND ( 'NONE', #6143, .T. ) ;
#8150 = EDGE_CURVE ( 'NONE', #7543, #5560, #713, .T. ) ;
#8151 = ORIENTED_EDGE ( 'NONE', *, *, #4228, .F. ) ;
#8152 = VERTEX_POINT ( 'NONE', #2469 ) ;
#8153 =( NAMED_UNIT ( * ) PLANE_ANGLE_UNIT ( ) SI_UNIT ( $, .RADIAN. ) );
#8154 = VERTEX_POINT ( 'NONE', #5245 ) ;
#8155 = STYLED_ITEM ( 'NONE', ( #8198 ), #1653 ) ;
#8156 = DIRECTION ( 'NONE',  ( 1.000000000000000000, 0.0000000000000000000, 0.0000000000000000000 ) ) ;
#8157 =( NAMED_UNIT ( * ) PLANE_ANGLE_UNIT ( ) SI_UNIT ( $, .RADIAN. ) );
#8158 = CARTESIAN_POINT ( 'NONE',  ( 2.910901577962263342, 6.366054665443646954, 1.000000000000000000 ) ) ;
#8159 = EDGE_CURVE ( 'NONE', #1399, #6204, #2788, .T. ) ;
#8160 = STYLED_ITEM ( 'NONE', ( #4816 ), #1878 ) ;
#8161 = ORIENTED_EDGE ( 'NONE', *, *, #771, .T. ) ;
#8162 = SURFACE_STYLE_FILL_AREA ( #3587 ) ;
#8163 = ORIENTED_EDGE ( 'NONE', *, *, #5121, .F. ) ;
#8164 = AXIS2_PLACEMENT_3D ( 'NONE', #4786, #2766, #4180 ) ;
#8165 = MECHANICAL_DESIGN_GEOMETRIC_PRESENTATION_REPRESENTATION (  '', ( #5546 ), #5411 ) ;
#8166 = LINE ( 'NONE', #830, #7226 ) ;
#8167 = DIRECTION ( 'NONE',  ( 1.000000000000000000, 0.0000000000000000000, -0.0000000000000000000 ) ) ;
#8168 = FACE_OUTER_BOUND ( 'NONE', #6001, .T. ) ;
#8169 = CARTESIAN_POINT ( 'NONE',  ( 4.594358973122949941, -5.936916306080010308, 1.000000000000000000 ) ) ;
#8170 = EDGE_CURVE ( 'NONE', #6389, #347, #4656, .T. ) ;
#8171 =( GEOMETRIC_REPRESENTATION_CONTEXT ( 3 ) GLOBAL_UNCERTAINTY_ASSIGNED_CONTEXT ( ( #2624 ) ) GLOBAL_UNIT_ASSIGNED_CONTEXT ( ( #2003, #169, #112 ) ) REPRESENTATION_CONTEXT ( 'NONE', 'WORKASPACE' ) );
#8172 = CARTESIAN_POINT ( 'NONE',  ( -4.000000000000000000, -9.445612346359450129, 4.700000000000001066 ) ) ;
#8173 = AXIS2_PLACEMENT_3D ( 'NONE', #1158, #5697, #4483 ) ;
#8174 = ORIENTED_EDGE ( 'NONE', *, *, #6822, .T. ) ;
#8175 = DIRECTION ( 'NONE',  ( -0.8944271909999158554, 0.4472135954999579277, -0.0000000000000000000 ) ) ;
#8176 = EDGE_LOOP ( 'NONE', ( #1799, #6231, #3220, #7340 ) ) ;
#8177 = SURFACE_SIDE_STYLE ('',( #7697 ) ) ;
#8178 = ORIENTED_EDGE ( 'NONE', *, *, #699, .F. ) ;
#8179 = DIRECTION ( 'NONE',  ( 0.3162277660168317794, 0.9486832980505157664, 0.0000000000000000000 ) ) ;
#8180 = PRESENTATION_LAYER_ASSIGNMENT (  '', '', ( #2104 ) ) ;
#8181 =( NAMED_UNIT ( * ) SI_UNIT ( $, .STERADIAN. ) SOLID_ANGLE_UNIT ( ) );
#8182 = DIRECTION ( 'NONE',  ( -0.0000000000000000000, -0.0000000000000000000, -1.000000000000000000 ) ) ;
#8183 = ORIENTED_EDGE ( 'NONE', *, *, #29, .T. ) ;
#8184 = FILL_AREA_STYLE_COLOUR ( '', #7233 ) ;
#8185 = ORIENTED_EDGE ( 'NONE', *, *, #6653, .T. ) ;
#8186 = CARTESIAN_POINT ( 'NONE',  ( 5.200000000000001066, 0.0000000000000000000, 1.500000000000000000 ) ) ;
#8187 =( LENGTH_UNIT ( ) NAMED_UNIT ( * ) SI_UNIT ( .MILLI., .METRE. ) );
#8188 = LINE ( 'NONE', #7047, #8117 ) ;
#8189 = EDGE_LOOP ( 'NONE', ( #6587, #3592, #209, #44 ) ) ;
#8190 = STYLED_ITEM ( 'NONE', ( #46 ), #3397 ) ;
#8191 = ORIENTED_EDGE ( 'NONE', *, *, #7532, .F. ) ;
#8192 = VERTEX_POINT ( 'NONE', #1423 ) ;
#8193 = EDGE_CURVE ( 'NONE', #840, #7899, #843, .T. ) ;
#8194 = EDGE_CURVE ( 'NONE', #4619, #151, #4764, .T. ) ;
#8195 = CARTESIAN_POINT ( 'NONE',  ( 2.168404344971008868E-16, -6.500000000000001776, 1.000000000000004663 ) ) ;
#8196 =( GEOMETRIC_REPRESENTATION_CONTEXT ( 3 ) GLOBAL_UNCERTAINTY_ASSIGNED_CONTEXT ( ( #4250 ) ) GLOBAL_UNIT_ASSIGNED_CONTEXT ( ( #3768, #5153, #6579 ) ) REPRESENTATION_CONTEXT ( 'NONE', 'WORKASPACE' ) );
#8197 = VECTOR ( 'NONE', #6082, 1000.000000000000000 ) ;
#8198 = PRESENTATION_STYLE_ASSIGNMENT (( #3130 ) ) ;
#8199 = DIRECTION ( 'NONE',  ( -0.0000000000000000000, -0.0000000000000000000, -1.000000000000000000 ) ) ;
#8200 = DIRECTION ( 'NONE',  ( 1.000000000000000000, 0.0000000000000000000, -0.0000000000000000000 ) ) ;
#8201 = ORIENTED_EDGE ( 'NONE', *, *, #1077, .T. ) ;
#8202 = MECHANICAL_DESIGN_GEOMETRIC_PRESENTATION_REPRESENTATION (  '', ( #7378 ), #5867 ) ;
#8203 = VECTOR ( 'NONE', #4199, 1000.000000000000114 ) ;
#8204 = SURFACE_SIDE_STYLE ('',( #8162 ) ) ;
#8205 = EDGE_CURVE ( 'NONE', #4233, #3536, #6439, .T. ) ;
#8206 = CARTESIAN_POINT ( 'NONE',  ( 0.0000000000000000000, 0.0000000000000000000, 1.000000000000000000 ) ) ;
#8207 = LINE ( 'NONE', #6111, #7175 ) ;
#8208 = VECTOR ( 'NONE', #3632, 1000.000000000000000 ) ;
#8209 = LINE ( 'NONE', #8169, #6116 ) ;
#8210 = VECTOR ( 'NONE', #5409, 1000.000000000000000 ) ;
#8211 = CARTESIAN_POINT ( 'NONE',  ( 3.980102097228900204E-16, 6.500000000000000888, 1.000000000000003553 ) ) ;
#8212 = CARTESIAN_POINT ( 'NONE',  ( 0.0000000000000000000, 0.0000000000000000000, 1.000000000000000000 ) ) ;
#8213 = DIRECTION ( 'NONE',  ( 0.0000000000000000000, 0.0000000000000000000, 1.000000000000000000 ) ) ;
#8214 = ORIENTED_EDGE ( 'NONE', *, *, #5481, .F. ) ;
#8215 = DIRECTION ( 'NONE',  ( 1.000000000000000000, 9.769962616701377556E-15, 0.0000000000000000000 ) ) ;
#8216 = VERTEX_POINT ( 'NONE', #4028 ) ;
#8217 =( NAMED_UNIT ( * ) SI_UNIT ( $, .STERADIAN. ) SOLID_ANGLE_UNIT ( ) );
#8218 = AXIS2_PLACEMENT_3D ( 'NONE', #5652, #3545, #4269 ) ;
#8219 = ADVANCED_FACE ( 'NONE', ( #206 ), #102, .T. ) ;
#8220 = DIRECTION ( 'NONE',  ( 0.9974842088126424366, 0.07088902009067853116, 0.0000000000000000000 ) ) ;
#8221 = PRESENTATION_STYLE_ASSIGNMENT (( #5464 ) ) ;
#8222 = SURFACE_STYLE_FILL_AREA ( #1011 ) ;
#8223 =( GEOMETRIC_REPRESENTATION_CONTEXT ( 3 ) GLOBAL_UNCERTAINTY_ASSIGNED_CONTEXT ( ( #7165 ) ) GLOBAL_UNIT_ASSIGNED_CONTEXT ( ( #5716, #4939, #5634 ) ) REPRESENTATION_CONTEXT ( 'NONE', 'WORKASPACE' ) );
#8224 = CARTESIAN_POINT ( 'NONE',  ( -4.103475899587719411, -5.671109727513900189, 0.0000000000000000000 ) ) ;
#8225 = EDGE_LOOP ( 'NONE', ( #2783, #1980, #3348, #4423 ) ) ;
#8226 = DIRECTION ( 'NONE',  ( 0.0000000000000000000, 0.0000000000000000000, -1.000000000000000000 ) ) ;
#8227 = EDGE_LOOP ( 'NONE', ( #4298, #767, #2578, #6011 ) ) ;
#8228 = ADVANCED_FACE ( 'NONE', ( #4162 ), #4076, .T. ) ;
#8229 = DIRECTION ( 'NONE',  ( 1.000000000000000000, 0.0000000000000000000, -0.0000000000000000000 ) ) ;
#8230 = COLOUR_RGB ( '',0.0000000000000000000, 0.0000000000000000000, 0.0000000000000000000 ) ;
#8231 = LINE ( 'NONE', #2310, #4268 ) ;
#8232 = DIRECTION ( 'NONE',  ( -0.0000000000000000000, -0.0000000000000000000, -1.000000000000000000 ) ) ;
#8233 = ORIENTED_EDGE ( 'NONE', *, *, #5773, .T. ) ;
#8234 = PRESENTATION_LAYER_ASSIGNMENT (  '', '', ( #7551 ) ) ;
#8235 = STYLED_ITEM ( 'NONE', ( #1887 ), #7719 ) ;
#8236 = ORIENTED_EDGE ( 'NONE', *, *, #6077, .F. ) ;
#8237 = FILL_AREA_STYLE ('',( #8306 ) ) ;
#8238 = VERTEX_POINT ( 'NONE', #4635 ) ;
#8239 = UNCERTAINTY_MEASURE_WITH_UNIT (LENGTH_MEASURE( 1.000000000000000082E-05 ), #1693, 'distance_accuracy_value', 'NONE');
#8240 = CARTESIAN_POINT ( 'NONE',  ( -6.005216961323359470, -2.487442310373079835, 0.0000000000000000000 ) ) ;
#8241 = VECTOR ( 'NONE', #6407, 1000.000000000000000 ) ;
#8242 = FILL_AREA_STYLE ('',( #908 ) ) ;
#8243 = EDGE_CURVE ( 'NONE', #1248, #7845, #7455, .T. ) ;
#8244 = PRESENTATION_LAYER_ASSIGNMENT (  '', '', ( #7428 ) ) ;
#8245 = LINE ( 'NONE', #1074, #5170 ) ;
#8246 = CARTESIAN_POINT ( 'NONE',  ( -1.199999999999999956, -7.145612346359450306, 2.200000000000000178 ) ) ;
#8247 = VECTOR ( 'NONE', #4256, 1000.000000000000114 ) ;
#8248 = FILL_AREA_STYLE_COLOUR ( '', #5396 ) ;
#8249 = SURFACE_STYLE_USAGE ( .BOTH. , #3707 ) ;
#8250 = AXIS2_PLACEMENT_3D ( 'NONE', #3289, #4801, #1412 ) ;
#8251 = CARTESIAN_POINT ( 'NONE',  ( 0.0000000000000000000, 0.0000000000000000000, 0.0000000000000000000 ) ) ;
#8252 = CARTESIAN_POINT ( 'NONE',  ( 0.0000000000000000000, -4.645612346359450306, 1.199999999999999956 ) ) ;
#8253 = DIRECTION ( 'NONE',  ( -1.000000000000000000, 0.0000000000000000000, 0.0000000000000000000 ) ) ;
#8254 = VERTEX_POINT ( 'NONE', #1500 ) ;
#8255 = DIRECTION ( 'NONE',  ( 1.000000000000000000, 0.0000000000000000000, 0.0000000000000000000 ) ) ;
#8256 = LINE ( 'NONE', #3117, #2043 ) ;
#8257 = DIRECTION ( 'NONE',  ( 0.0000000000000000000, 0.0000000000000000000, 1.000000000000000000 ) ) ;
#8258 = DIRECTION ( 'NONE',  ( 7.108546341524449421E-16, -1.000000000000000000, 0.0000000000000000000 ) ) ;
#8259 = FACE_OUTER_BOUND ( 'NONE', #2495, .T. ) ;
#8260 = VECTOR ( 'NONE', #6041, 1000.000000000000000 ) ;
#8261 = CARTESIAN_POINT ( 'NONE',  ( 4.460000000000000853, 0.0000000000000000000, 2.200000000000000178 ) ) ;
#8262 = ADVANCED_FACE ( 'NONE', ( #6756 ), #1545, .T. ) ;
#8263 = VERTEX_POINT ( 'NONE', #1625 ) ;
#8264 = CARTESIAN_POINT ( 'NONE',  ( 0.0000000000000000000, 0.0000000000000000000, 0.0000000000000000000 ) ) ;
#8265 = VERTEX_POINT ( 'NONE', #8291 ) ;
#8266 = MECHANICAL_DESIGN_GEOMETRIC_PRESENTATION_REPRESENTATION (  '', ( #5797 ), #4540 ) ;
#8267 = LINE ( 'NONE', #4206, #2329 ) ;
#8268 = EDGE_CURVE ( 'NONE', #4083, #7615, #2213, .T. ) ;
#8269 = VERTEX_POINT ( 'NONE', #2379 ) ;
#8270 = EDGE_LOOP ( 'NONE', ( #6833, #914, #153, #3533 ) ) ;
#8271 = DIRECTION ( 'NONE',  ( -1.000000000000000000, 0.0000000000000000000, -0.0000000000000000000 ) ) ;
#8272 = EDGE_LOOP ( 'NONE', ( #1311, #7844, #4843, #6211 ) ) ;
#8273 = CYLINDRICAL_SURFACE ( 'NONE', #5545, 7.000000000000000000 ) ;
#8274 = DIRECTION ( 'NONE',  ( 0.0000000000000000000, 0.0000000000000000000, 1.000000000000000000 ) ) ;
#8275 = SURFACE_STYLE_FILL_AREA ( #8242 ) ;
#8276 = FILL_AREA_STYLE ('',( #5648 ) ) ;
#8277 = VERTEX_POINT ( 'NONE', #5003 ) ;
#8278 = AXIS2_PLACEMENT_3D ( 'NONE', #6790, #2286, #4114 ) ;
#8279 =( NAMED_UNIT ( * ) PLANE_ANGLE_UNIT ( ) SI_UNIT ( $, .RADIAN. ) );
#8280 = VECTOR ( 'NONE', #1444, 1000.000000000000000 ) ;
#8281 = CARTESIAN_POINT ( 'NONE',  ( -0.5000000000000000000, -7.445612346359450129, 1.199999999999999956 ) ) ;
#8282 = PRESENTATION_STYLE_ASSIGNMENT (( #8249 ) ) ;
#8283 = FACE_OUTER_BOUND ( 'NONE', #8225, .T. ) ;
#8284 = CARTESIAN_POINT ( 'NONE',  ( 0.0000000000000000000, 0.0000000000000000000, 0.0000000000000000000 ) ) ;
#8285 = VERTEX_POINT ( 'NONE', #4240 ) ;
#8286 = VECTOR ( 'NONE', #2254, 1000.000000000000000 ) ;
#8287 = CARTESIAN_POINT ( 'NONE',  ( -4.000000000000000000, -9.445612346359450129, 4.200000000000000178 ) ) ;
#8288 = FILL_AREA_STYLE_COLOUR ( '', #827 ) ;
#8289 = DIRECTION ( 'NONE',  ( 0.0000000000000000000, 0.0000000000000000000, 1.000000000000000000 ) ) ;
#8290 = EDGE_CURVE ( 'NONE', #4311, #6892, #4369, .T. ) ;
#8291 = CARTESIAN_POINT ( 'NONE',  ( -5.200000000000001066, 3.184081677783118684E-16, 2.700000000000000178 ) ) ;
#8292 = EDGE_CURVE ( 'NONE', #4122, #2362, #3716, .T. ) ;
#8293 =( NAMED_UNIT ( * ) PLANE_ANGLE_UNIT ( ) SI_UNIT ( $, .RADIAN. ) );
#8294 = AXIS2_PLACEMENT_3D ( 'NONE', #1432, #853, #2137 ) ;
#8295 = LINE ( 'NONE', #2503, #7234 ) ;
#8296 = ORIENTED_EDGE ( 'NONE', *, *, #4138, .T. ) ;
#8297 = CARTESIAN_POINT ( 'NONE',  ( 1.134724696032344271, -6.907416294405190449, 0.0000000000000000000 ) ) ;
#8298 = ORIENTED_EDGE ( 'NONE', *, *, #2295, .T. ) ;
#8299 = VECTOR ( 'NONE', #4437, 1000.000000000000000 ) ;
#8300 = EDGE_CURVE ( 'NONE', #6892, #6815, #7702, .T. ) ;
#8301 = SURFACE_STYLE_USAGE ( .BOTH. , #1098 ) ;
#8302 = CARTESIAN_POINT ( 'NONE',  ( -4.440892098500630106E-16, -7.145612346359450306, 4.200000000000000178 ) ) ;
#8303 = LINE ( 'NONE', #2389, #1101 ) ;
#8304 = VERTEX_POINT ( 'NONE', #4285 ) ;
#8305 = EDGE_LOOP ( 'NONE', ( #6808, #3982, #7853, #1088 ) ) ;
#8306 = FILL_AREA_STYLE_COLOUR ( '', #5149 ) ;
#8307 = EDGE_LOOP ( 'NONE', ( #7301, #1843, #7320, #7787, #2431, #7756, #4716, #7227, #5391, #8403 ) ) ;
#8308 = UNCERTAINTY_MEASURE_WITH_UNIT (LENGTH_MEASURE( 1.000000000000000082E-05 ), #4089, 'distance_accuracy_value', 'NONE');
#8309 = EDGE_CURVE ( 'NONE', #2666, #374, #7496, .T. ) ;
#8310 =( LENGTH_UNIT ( ) NAMED_UNIT ( * ) SI_UNIT ( .MILLI., .METRE. ) );
#8311 = SURFACE_STYLE_FILL_AREA ( #1838 ) ;
#8312 = LINE ( 'NONE', #2400, #701 ) ;
#8313 = ORIENTED_EDGE ( 'NONE', *, *, #8331, .T. ) ;
#8314 = EDGE_CURVE ( 'NONE', #2224, #8152, #4198, .T. ) ;
#8315 = VECTOR ( 'NONE', #4045, 1000.000000000000000 ) ;
#8316 = LINE ( 'NONE', #4226, #5445 ) ;
#8317 = CARTESIAN_POINT ( 'NONE',  ( -5.936916306080010308, -4.594358973122959711, 1.000000000000000000 ) ) ;
#8318 = DIRECTION ( 'NONE',  ( 0.0000000000000000000, 0.0000000000000000000, 1.000000000000000000 ) ) ;
#8319 = VECTOR ( 'NONE', #6400, 1000.000000000000000 ) ;
#8320 = CARTESIAN_POINT ( 'NONE',  ( 2.417921012136139858, 7.121087379020440089, -7.000000000000000000 ) ) ;
#8321 = STYLED_ITEM ( 'NONE', ( #4397 ), #5401 ) ;
#8322 = ORIENTED_EDGE ( 'NONE', *, *, #7785, .T. ) ;
#8323 = LINE ( 'NONE', #437, #6408 ) ;
#8324 = ORIENTED_EDGE ( 'NONE', *, *, #7244, .F. ) ;
#8325 =( NAMED_UNIT ( * ) SI_UNIT ( $, .STERADIAN. ) SOLID_ANGLE_UNIT ( ) );
#8326 =( GEOMETRIC_REPRESENTATION_CONTEXT ( 3 ) GLOBAL_UNCERTAINTY_ASSIGNED_CONTEXT ( ( #4488 ) ) GLOBAL_UNIT_ASSIGNED_CONTEXT ( ( #6235, #7586, #7664 ) ) REPRESENTATION_CONTEXT ( 'NONE', 'WORKASPACE' ) );
#8327 = PLANE ( 'NONE',  #822 ) ;
#8328 = SURFACE_STYLE_USAGE ( .BOTH. , #6433 ) ;
#8329 = FACE_OUTER_BOUND ( 'NONE', #7416, .T. ) ;
#8330 = ORIENTED_EDGE ( 'NONE', *, *, #3191, .F. ) ;
#8331 = EDGE_CURVE ( 'NONE', #3631, #6590, #6233, .T. ) ;
#8332 = ORIENTED_EDGE ( 'NONE', *, *, #183, .T. ) ;
#8333 = AXIS2_PLACEMENT_3D ( 'NONE', #2640, #7911, #7251 ) ;
#8334 = DIRECTION ( 'NONE',  ( 0.0000000000000000000, 0.0000000000000000000, 1.000000000000000000 ) ) ;
#8335 = STYLED_ITEM ( 'NONE', ( #2300 ), #6281 ) ;
#8336 = DIRECTION ( 'NONE',  ( -0.0000000000000000000, -1.000000000000000000, -0.0000000000000000000 ) ) ;
#8337 = PLANE ( 'NONE',  #4388 ) ;
#8338 = ORIENTED_EDGE ( 'NONE', *, *, #1258, .F. ) ;
#8339 = ORIENTED_EDGE ( 'NONE', *, *, #3181, .F. ) ;
#8340 = EDGE_CURVE ( 'NONE', #3713, #4142, #2298, .T. ) ;
#8341 = AXIS2_PLACEMENT_3D ( 'NONE', #5267, #2581, #3148 ) ;
#8342 = SURFACE_STYLE_USAGE ( .BOTH. , #3093 ) ;
#8343 = ORIENTED_EDGE ( 'NONE', *, *, #1487, .F. ) ;
#8344 = VECTOR ( 'NONE', #6992, 1000.000000000000000 ) ;
#8345 =( NAMED_UNIT ( * ) SI_UNIT ( $, .STERADIAN. ) SOLID_ANGLE_UNIT ( ) );
#8346 = LINE ( 'NONE', #7804, #5611 ) ;
#8347 = LINE ( 'NONE', #1720, #2652 ) ;
#8348 =( GEOMETRIC_REPRESENTATION_CONTEXT ( 3 ) GLOBAL_UNCERTAINTY_ASSIGNED_CONTEXT ( ( #4579 ) ) GLOBAL_UNIT_ASSIGNED_CONTEXT ( ( #6909, #8157, #2974 ) ) REPRESENTATION_CONTEXT ( 'NONE', 'WORKASPACE' ) );
#8349 = LINE ( 'NONE', #1318, #4912 ) ;
#8350 = ORIENTED_EDGE ( 'NONE', *, *, #3967, .F. ) ;
#8351 = LINE ( 'NONE', #3593, #8062 ) ;
#8352 = ORIENTED_EDGE ( 'NONE', *, *, #3644, .T. ) ;
#8353 = CARTESIAN_POINT ( 'NONE',  ( 0.4999999999999997780, -5.495612346359449951, 1.199999999999999956 ) ) ;
#8354 = VECTOR ( 'NONE', #4753, 1000.000000000000000 ) ;
#8355 = UNCERTAINTY_MEASURE_WITH_UNIT (LENGTH_MEASURE( 1.000000000000000082E-05 ), #8463, 'distance_accuracy_value', 'NONE');
#8356 = VECTOR ( 'NONE', #3645, 1000.000000000000000 ) ;
#8357 = FACE_OUTER_BOUND ( 'NONE', #269, .T. ) ;
#8358 = CARTESIAN_POINT ( 'NONE',  ( -8.417036458947088412E-17, 6.500000000000001776, 1.000000000000004663 ) ) ;
#8359 = PLANE ( 'NONE',  #7683 ) ;
#8360 = LINE ( 'NONE', #8317, #766 ) ;
#8361 = FACE_OUTER_BOUND ( 'NONE', #7216, .T. ) ;
#8362 = MECHANICAL_DESIGN_GEOMETRIC_PRESENTATION_REPRESENTATION (  '', ( #5489 ), #4795 ) ;
#8363 = CIRCLE ( 'NONE', #5764, 7.000000000000000000 ) ;
#8364 = SURFACE_SIDE_STYLE ('',( #1854 ) ) ;
#8365 = ORIENTED_EDGE ( 'NONE', *, *, #491, .F. ) ;
#8366 = EDGE_CURVE ( 'NONE', #8054, #7031, #5092, .T. ) ;
#8367 = DIRECTION ( 'NONE',  ( 0.0000000000000000000, 0.0000000000000000000, 1.000000000000000000 ) ) ;
#8368 = UNCERTAINTY_MEASURE_WITH_UNIT (LENGTH_MEASURE( 1.000000000000000082E-05 ), #1491, 'distance_accuracy_value', 'NONE');
#8369 = LINE ( 'NONE', #6337, #4495 ) ;
#8370 = DIRECTION ( 'NONE',  ( -1.000000000000000000, 0.0000000000000000000, 4.336808689942019708E-16 ) ) ;
#8371 = VECTOR ( 'NONE', #1585, 1000.000000000000000 ) ;
#8372 = LINE ( 'NONE', #7168, #5768 ) ;
#8373 = VECTOR ( 'NONE', #3068, 1000.000000000000114 ) ;
#8374 = DIRECTION ( 'NONE',  ( 1.000000000000000000, 0.0000000000000000000, 0.0000000000000000000 ) ) ;
#8375 = CARTESIAN_POINT ( 'NONE',  ( -6.005216961323359470, 2.487442310373082499, 1.000000000000000000 ) ) ;
#8376 = DIRECTION ( 'NONE',  ( 0.8944271909999154113, -0.4472135954999588714, 0.0000000000000000000 ) ) ;
#8377 = DIRECTION ( 'NONE',  ( -0.0000000000000000000, 1.000000000000000000, 0.0000000000000000000 ) ) ;
#8378 = VECTOR ( 'NONE', #4976, 999.9999999999998863 ) ;
#8379 = CARTESIAN_POINT ( 'NONE',  ( 1.199999999999999956, -7.145612346359450306, 1.199999999999999956 ) ) ;
#8380 = ORIENTED_EDGE ( 'NONE', *, *, #3231, .F. ) ;
#8381 = SURFACE_SIDE_STYLE ('',( #6271 ) ) ;
#8382 = ORIENTED_EDGE ( 'NONE', *, *, #256, .T. ) ;
#8383 = PRESENTATION_LAYER_ASSIGNMENT (  '', '', ( #864 ) ) ;
#8384 = LINE ( 'NONE', #4380, #1402 ) ;
#8385 = DIRECTION ( 'NONE',  ( 0.0000000000000000000, 1.000000000000000000, 0.0000000000000000000 ) ) ;
#8386 = EDGE_CURVE ( 'NONE', #1864, #3730, #5801, .T. ) ;
#8387 = FILL_AREA_STYLE_COLOUR ( '', #1118 ) ;
#8388 = CARTESIAN_POINT ( 'NONE',  ( 0.0000000000000000000, 0.0000000000000000000, 2.200000000000000178 ) ) ;
#8389 = ORIENTED_EDGE ( 'NONE', *, *, #4542, .T. ) ;
#8390 = ORIENTED_EDGE ( 'NONE', *, *, #6884, .F. ) ;
#8391 = VECTOR ( 'NONE', #2139, 999.9999999999998863 ) ;
#8392 = CARTESIAN_POINT ( 'NONE',  ( -3.500000000000000000, -7.145612346359450306, 2.200000000000000178 ) ) ;
#8393 = VERTEX_POINT ( 'NONE', #3840 ) ;
#8394 = UNCERTAINTY_MEASURE_WITH_UNIT (LENGTH_MEASURE( 1.000000000000000082E-05 ), #5246, 'distance_accuracy_value', 'NONE');
#8395 = CARTESIAN_POINT ( 'NONE',  ( 4.160000000000000142, -5.645612346359450306, 3.600000000000000533 ) ) ;
#8396 = EDGE_CURVE ( 'NONE', #5521, #3911, #5182, .T. ) ;
#8397 = EDGE_CURVE ( 'NONE', #111, #1955, #8372, .T. ) ;
#8398 = LINE ( 'NONE', #1148, #1750 ) ;
#8399 = CARTESIAN_POINT ( 'NONE',  ( -6.500000000000001776, 6.927329080734050321E-16, 1.000000000000004663 ) ) ;
#8400 = FILL_AREA_STYLE_COLOUR ( '', #6576 ) ;
#8401 = ORIENTED_EDGE ( 'NONE', *, *, #1070, .F. ) ;
#8402 = DIRECTION ( 'NONE',  ( 0.8031810063152047263, 0.5957350678737109995, 0.0000000000000000000 ) ) ;
#8403 = ORIENTED_EDGE ( 'NONE', *, *, #8396, .F. ) ;
#8404 = AXIS2_PLACEMENT_3D ( 'NONE', #272, #4062, #3589 ) ;
#8405 = CARTESIAN_POINT ( 'NONE',  ( -5.671109727513899301, 4.103475899587721187, 0.0000000000000000000 ) ) ;
#8406 = CARTESIAN_POINT ( 'NONE',  ( 0.0000000000000000000, 0.0000000000000000000, 0.0000000000000000000 ) ) ;
#8407 = EDGE_CURVE ( 'NONE', #2507, #2627, #653, .T. ) ;
#8408 = DIRECTION ( 'NONE',  ( 1.000000000000000000, 0.0000000000000000000, 0.0000000000000000000 ) ) ;
#8409 = CARTESIAN_POINT ( 'NONE',  ( -4.199999999999990408, -4.645612346359450306, 1.200000000000000178 ) ) ;
#8410 = CARTESIAN_POINT ( 'NONE',  ( -5.149999999999989697, -0.5000000000000000000, 2.700000000000000178 ) ) ;
#8411 = FACE_OUTER_BOUND ( 'NONE', #1677, .T. ) ;
#8412 = VECTOR ( 'NONE', #734, 1000.000000000000000 ) ;
#8413 = FILL_AREA_STYLE ('',( #5749 ) ) ;
#8414 = ORIENTED_EDGE ( 'NONE', *, *, #3986, .F. ) ;
#8415 = COLOUR_RGB ( '',0.5607843137254902022, 0.5607843137254902022, 0.5607843137254902022 ) ;
#8416 = FILL_AREA_STYLE_COLOUR ( '', #7414 ) ;
#8417 = EDGE_CURVE ( 'NONE', #639, #6316, #3796, .T. ) ;
#8418 = LINE ( 'NONE', #2501, #3123 ) ;
#8419 = SURFACE_STYLE_USAGE ( .BOTH. , #2462 ) ;
#8420 = MECHANICAL_DESIGN_GEOMETRIC_PRESENTATION_REPRESENTATION (  '', ( #81 ), #2917 ) ;
#8421 = SURFACE_STYLE_USAGE ( .BOTH. , #4329 ) ;
#8422 = VECTOR ( 'NONE', #4967, 1000.000000000000000 ) ;
#8423 = DIRECTION ( 'NONE',  ( 0.0000000000000000000, 0.0000000000000000000, -1.000000000000000000 ) ) ;
#8424 = ORIENTED_EDGE ( 'NONE', *, *, #2012, .F. ) ;
#8425 = EDGE_CURVE ( 'NONE', #4988, #5478, #1295, .T. ) ;
#8426 =( GEOMETRIC_REPRESENTATION_CONTEXT ( 3 ) GLOBAL_UNCERTAINTY_ASSIGNED_CONTEXT ( ( #3051 ) ) GLOBAL_UNIT_ASSIGNED_CONTEXT ( ( #5524, #1605, #990 ) ) REPRESENTATION_CONTEXT ( 'NONE', 'WORKASPACE' ) );
#8427 = SURFACE_STYLE_FILL_AREA ( #2510 ) ;
#8428 = AXIS2_PLACEMENT_3D ( 'NONE', #4996, #557, #3152 ) ;
#8429 = PLANE ( 'NONE',  #6621 ) ;
#8430 = DIRECTION ( 'NONE',  ( 0.0000000000000000000, -0.0000000000000000000, 1.000000000000000000 ) ) ;
#8431 = DIRECTION ( 'NONE',  ( 0.0000000000000000000, 0.0000000000000000000, 1.000000000000000000 ) ) ;
#8432 = ORIENTED_EDGE ( 'NONE', *, *, #4252, .T. ) ;
#8433 = VECTOR ( 'NONE', #6700, 1000.000000000000000 ) ;
#8434 = ORIENTED_EDGE ( 'NONE', *, *, #583, .F. ) ;
#8435 = AXIS2_PLACEMENT_3D ( 'NONE', #949, #2892, #3583 ) ;
#8436 = FACE_OUTER_BOUND ( 'NONE', #919, .T. ) ;
#8437 = ORIENTED_EDGE ( 'NONE', *, *, #1689, .T. ) ;
#8438 =( NAMED_UNIT ( * ) PLANE_ANGLE_UNIT ( ) SI_UNIT ( $, .RADIAN. ) );
#8439 = SURFACE_SIDE_STYLE ('',( #5027 ) ) ;
#8440 = VECTOR ( 'NONE', #1885, 1000.000000000000114 ) ;
#8441 = DIRECTION ( 'NONE',  ( 0.0000000000000000000, 0.0000000000000000000, 1.000000000000000000 ) ) ;
#8442 =( NAMED_UNIT ( * ) PLANE_ANGLE_UNIT ( ) SI_UNIT ( $, .RADIAN. ) );
#8443 = SURFACE_STYLE_FILL_AREA ( #593 ) ;
#8444 = ORIENTED_EDGE ( 'NONE', *, *, #1117, .F. ) ;
#8445 = CARTESIAN_POINT ( 'NONE',  ( -4.900000000000000355, 2.000000000000000000, 4.200000000000000178 ) ) ;
#8446 = ORIENTED_EDGE ( 'NONE', *, *, #1343, .F. ) ;
#8447 = EDGE_CURVE ( 'NONE', #4111, #1809, #3159, .T. ) ;
#8448 = EDGE_CURVE ( 'NONE', #1759, #5488, #2184, .T. ) ;
#8449 = CARTESIAN_POINT ( 'NONE',  ( 0.0000000000000000000, 0.0000000000000000000, 1.000000000000000000 ) ) ;
#8450 = UNCERTAINTY_MEASURE_WITH_UNIT (LENGTH_MEASURE( 1.000000000000000082E-05 ), #3419, 'distance_accuracy_value', 'NONE');
#8451 = FACE_OUTER_BOUND ( 'NONE', #4826, .T. ) ;
#8452 = DIRECTION ( 'NONE',  ( -0.0000000000000000000, -0.0000000000000000000, -1.000000000000000000 ) ) ;
#8453 = FILL_AREA_STYLE_COLOUR ( '', #3109 ) ;
#8454 = ORIENTED_EDGE ( 'NONE', *, *, #3610, .T. ) ;
#8455 = PRESENTATION_LAYER_ASSIGNMENT (  '', '', ( #3636 ) ) ;
#8456 = ADVANCED_FACE ( 'NONE', ( #1332 ), #3118, .F. ) ;
#8457 = ORIENTED_EDGE ( 'NONE', *, *, #4625, .F. ) ;
#8458 =( NAMED_UNIT ( * ) SI_UNIT ( $, .STERADIAN. ) SOLID_ANGLE_UNIT ( ) );
#8459 = DIRECTION ( 'NONE',  ( 4.934324553889580036E-17, -1.973729821555830042E-16, -1.000000000000000000 ) ) ;
#8460 = DIRECTION ( 'NONE',  ( -0.0000000000000000000, -0.0000000000000000000, -1.000000000000000000 ) ) ;
#8461 = DIRECTION ( 'NONE',  ( 1.000000000000000000, 0.0000000000000000000, -0.0000000000000000000 ) ) ;
#8462 = FACE_OUTER_BOUND ( 'NONE', #6671, .T. ) ;
#8463 =( LENGTH_UNIT ( ) NAMED_UNIT ( * ) SI_UNIT ( .MILLI., .METRE. ) );
#8464 = DIRECTION ( 'NONE',  ( 0.9486832980505138790, -0.3162277660168379967, 0.0000000000000000000 ) ) ;
#8465 = ORIENTED_EDGE ( 'NONE', *, *, #4491, .F. ) ;
#8466 = ADVANCED_FACE ( 'NONE', ( #4061 ), #4113, .F. ) ;
#8467 = ORIENTED_EDGE ( 'NONE', *, *, #8340, .T. ) ;
#8468 = AXIS2_PLACEMENT_3D ( 'NONE', #7706, #1783, #445 ) ;
#8469 =( NAMED_UNIT ( * ) SI_UNIT ( $, .STERADIAN. ) SOLID_ANGLE_UNIT ( ) );
#8470 =( NAMED_UNIT ( * ) PLANE_ANGLE_UNIT ( ) SI_UNIT ( $, .RADIAN. ) );
#8471 = SURFACE_SIDE_STYLE ('',( #4636 ) ) ;
#8472 = CARTESIAN_POINT ( 'NONE',  ( -1.199999999999999956, -7.445612346359450129, 2.200000000000000178 ) ) ;
#8473 = LINE ( 'NONE', #2039, #6184 ) ;
#8474 = VECTOR ( 'NONE', #5899, 1000.000000000000000 ) ;
#8475 = CARTESIAN_POINT ( 'NONE',  ( -0.9659258262890679791, 0.2588190451025200178, 0.0000000000000000000 ) ) ;
#8476 = CIRCLE ( 'NONE', #386, 7.000000000000000000 ) ;
#8477 = PLANE ( 'NONE',  #4127 ) ;
#8478 = VERTEX_POINT ( 'NONE', #2023 ) ;
#8479 = VERTEX_POINT ( 'NONE', #2114 ) ;
#8480 = ADVANCED_FACE ( 'NONE', ( #5368 ), #6016, .F. ) ;
#8481 = DIRECTION ( 'NONE',  ( 1.000000000000000000, 0.0000000000000000000, 0.0000000000000000000 ) ) ;
#8482 =( GEOMETRIC_REPRESENTATION_CONTEXT ( 3 ) GLOBAL_UNCERTAINTY_ASSIGNED_CONTEXT ( ( #564 ) ) GLOBAL_UNIT_ASSIGNED_CONTEXT ( ( #2200, #231, #4835 ) ) REPRESENTATION_CONTEXT ( 'NONE', 'WORKASPACE' ) );
#8483 = CIRCLE ( 'NONE', #4769, 0.5000000000000000000 ) ;
#8484 = CARTESIAN_POINT ( 'NONE',  ( 0.5000000000000000000, -1.224646799147353207E-16, 2.700000000000000178 ) ) ;
#8485 = CARTESIAN_POINT ( 'NONE',  ( -1.595004854618151002, 6.815860878403001699, 0.0000000000000000000 ) ) ;
#8486 = LINE ( 'NONE', #3060, #7415 ) ;
#8487 = ORIENTED_EDGE ( 'NONE', *, *, #7244, .T. ) ;
#8488 = MECHANICAL_DESIGN_GEOMETRIC_PRESENTATION_REPRESENTATION (  '', ( #7252 ), #8223 ) ;
#8489 = VECTOR ( 'NONE', #4626, 1000.000000000000000 ) ;
#8490 = ORIENTED_EDGE ( 'NONE', *, *, #1533, .T. ) ;
ENDSEC;
END-ISO-10303-21;
