ISO-10303-21;
HEADER;
FILE_DESCRIPTION (( 'STEP AP214' ),
    '1' );
FILE_NAME ('73EB4DEC-447C-40DE-929B-316607038767.STEP',
    '2024-04-05T14:35:46',
    ( '' ),
    ( '' ),
    'SwSTEP 2.0',
    'SolidWorks 2022',
    '' );
FILE_SCHEMA (( 'AUTOMOTIVE_DESIGN' ));
ENDSEC;

DATA;
#1 = ORIENTED_EDGE ( 'NONE', *, *, #1495, .F. ) ;
#2 = ORIENTED_EDGE ( 'NONE', *, *, #2679, .F. ) ;
#3 = VERTEX_POINT ( 'NONE', #2184 ) ;
#4 =( LENGTH_UNIT ( ) NAMED_UNIT ( * ) SI_UNIT ( .MILLI., .METRE. ) );
#5 = CARTESIAN_POINT ( 'NONE',  ( 1.612999999999999989, 0.0000000000000000000, 1.693780017583000230 ) ) ;
#6 = ADVANCED_FACE ( 'NONE', ( #1259 ), #379, .F. ) ;
#7 = CARTESIAN_POINT ( 'NONE',  ( 6.471000000000000973, 3.484858348835000008, -1.024999999999999911 ) ) ;
#8 = ORIENTED_EDGE ( 'NONE', *, *, #1974, .T. ) ;
#9 = CARTESIAN_POINT ( 'NONE',  ( -0.02500000000000000139, 3.500000000000000000, -0.08500000000000000611 ) ) ;
#10 = DIRECTION ( 'NONE',  ( -0.0000000000000000000, -0.9828721869343218787, -0.1842885350501853592 ) ) ;
#11 = DIRECTION ( 'NONE',  ( 0.0000000000000000000, -0.7071067811865475727, 0.7071067811865475727 ) ) ;
#12 = DIRECTION ( 'NONE',  ( -0.0000000000000000000, 1.000000000000000000, -0.0000000000000000000 ) ) ;
#13 = VERTEX_POINT ( 'NONE', #802 ) ;
#14 = ORIENTED_EDGE ( 'NONE', *, *, #1352, .F. ) ;
#15 = EDGE_CURVE ( 'NONE', #1182, #2707, #2590, .T. ) ;
#16 = DIRECTION ( 'NONE',  ( 0.0000000000000000000, 0.0000000000000000000, 1.000000000000000000 ) ) ;
#17 = SURFACE_STYLE_FILL_AREA ( #1169 ) ;
#18 = LINE ( 'NONE', #900, #1034 ) ;
#19 = VERTEX_POINT ( 'NONE', #1287 ) ;
#20 = DIRECTION ( 'NONE',  ( 0.0000000000000000000, -0.7628940554511706162, -0.6465235186420260627 ) ) ;
#21 = CARTESIAN_POINT ( 'NONE',  ( 6.724999999999999645, 0.3000000000000153655, -4.425000000000013145 ) ) ;
#22 = CARTESIAN_POINT ( 'NONE',  ( 2.324999999999999734, 1.359144897063999657, -3.516499999999999737 ) ) ;
#23 = ORIENTED_EDGE ( 'NONE', *, *, #2666, .T. ) ;
#24 = ORIENTED_EDGE ( 'NONE', *, *, #845, .F. ) ;
#25 = AXIS2_PLACEMENT_3D ( 'NONE', #1822, #2700, #2472 ) ;
#26 = VECTOR ( 'NONE', #2163, 1000.000000000000000 ) ;
#27 = CARTESIAN_POINT ( 'NONE',  ( 9.050000000000000711, 1.749999999999999778, -1.355252715606880543E-17 ) ) ;
#28 = EDGE_CURVE ( 'NONE', #1368, #2775, #1511, .T. ) ;
#29 = FACE_OUTER_BOUND ( 'NONE', #1567, .T. ) ;
#30 = CARTESIAN_POINT ( 'NONE',  ( 8.950000000000001066, 3.500000000000000000, -1.025000000000001688 ) ) ;
#31 = EDGE_CURVE ( 'NONE', #2343, #110, #1071, .T. ) ;
#32 = LINE ( 'NONE', #2582, #1682 ) ;
#33 = ORIENTED_EDGE ( 'NONE', *, *, #1405, .F. ) ;
#34 = CARTESIAN_POINT ( 'NONE',  ( 0.2000000000000000389, 3.200000000000000178, -1.024999999999999911 ) ) ;
#35 = MECHANICAL_DESIGN_GEOMETRIC_PRESENTATION_REPRESENTATION (  '', ( #1289 ), #1973 ) ;
#36 = DIRECTION ( 'NONE',  ( 0.0000000000000000000, 1.000000000000000000, 0.0000000000000000000 ) ) ;
#37 = CARTESIAN_POINT ( 'NONE',  ( 6.724999999999998757, 1.175000000000000044, 1.948175778684890780E-17 ) ) ;
#38 =( GEOMETRIC_REPRESENTATION_CONTEXT ( 3 ) GLOBAL_UNCERTAINTY_ASSIGNED_CONTEXT ( ( #416 ) ) GLOBAL_UNIT_ASSIGNED_CONTEXT ( ( #66, #1859, #190 ) ) REPRESENTATION_CONTEXT ( 'NONE', 'WORKASPACE' ) );
#39 = FACE_OUTER_BOUND ( 'NONE', #1062, .T. ) ;
#40 = VERTEX_POINT ( 'NONE', #690 ) ;
#41 = ORIENTED_EDGE ( 'NONE', *, *, #1636, .T. ) ;
#42 = AXIS2_PLACEMENT_3D ( 'NONE', #877, #430, #2872 ) ;
#43 = VECTOR ( 'NONE', #1895, 1000.000000000000114 ) ;
#44 = ORIENTED_EDGE ( 'NONE', *, *, #507, .F. ) ;
#45 = DIRECTION ( 'NONE',  ( 0.0000000000000000000, 0.6465235186422906288, -0.7628940554509464622 ) ) ;
#46 = CARTESIAN_POINT ( 'NONE',  ( 2.625000000000000000, 3.563000000000000167, -2.555000000000000160 ) ) ;
#47 =( GEOMETRIC_REPRESENTATION_CONTEXT ( 3 ) GLOBAL_UNCERTAINTY_ASSIGNED_CONTEXT ( ( #219 ) ) GLOBAL_UNIT_ASSIGNED_CONTEXT ( ( #311, #810, #2098 ) ) REPRESENTATION_CONTEXT ( 'NONE', 'WORKASPACE' ) );
#48 = SURFACE_STYLE_USAGE ( .BOTH. , #955 ) ;
#49 = FACE_OUTER_BOUND ( 'NONE', #410, .T. ) ;
#50 = CARTESIAN_POINT ( 'NONE',  ( 0.0000000000000000000, 0.0000000000000000000, 0.0000000000000000000 ) ) ;
#51 = EDGE_CURVE ( 'NONE', #1796, #2204, #1568, .T. ) ;
#52 = ORIENTED_EDGE ( 'NONE', *, *, #330, .F. ) ;
#53 = DIRECTION ( 'NONE',  ( -1.000000000000000000, -0.0000000000000000000, -0.0000000000000000000 ) ) ;
#54 = DIRECTION ( 'NONE',  ( 0.0000000000000000000, 0.9828721869343218787, 0.1842885350501853592 ) ) ;
#55 = CARTESIAN_POINT ( 'NONE',  ( 2.325000000000000622, 0.3730522614097551148, 0.3629468594384399061 ) ) ;
#56 = ORIENTED_EDGE ( 'NONE', *, *, #2858, .F. ) ;
#57 = EDGE_LOOP ( 'NONE', ( #1864, #2572, #816, #1961, #809, #1472 ) ) ;
#58 = ORIENTED_EDGE ( 'NONE', *, *, #2179, .T. ) ;
#59 = CARTESIAN_POINT ( 'NONE',  ( 9.049999999999997158, 1.750000000000000000, -3.549999999999999378 ) ) ;
#60 = DIRECTION ( 'NONE',  ( -1.000000000000000000, 0.0000000000000000000, 0.0000000000000000000 ) ) ;
#61 = DIRECTION ( 'NONE',  ( 0.0000000000000000000, -0.6465235186420260627, 0.7628940554511706162 ) ) ;
#62 = DIRECTION ( 'NONE',  ( 0.1842885350501853314, -0.9828721869343218787, 0.0000000000000000000 ) ) ;
#63 = VERTEX_POINT ( 'NONE', #1089 ) ;
#64 = LINE ( 'NONE', #1594, #2102 ) ;
#65 = EDGE_CURVE ( 'NONE', #2334, #1629, #1538, .T. ) ;
#66 =( LENGTH_UNIT ( ) NAMED_UNIT ( * ) SI_UNIT ( .MILLI., .METRE. ) );
#67 = LINE ( 'NONE', #734, #1277 ) ;
#68 = EDGE_CURVE ( 'NONE', #749, #2334, #1798, .T. ) ;
#69 = CARTESIAN_POINT ( 'NONE',  ( 2.456395547037470983E-17, 0.7999999999999999334, -1.775000000000000133 ) ) ;
#70 = EDGE_CURVE ( 'NONE', #2334, #1120, #878, .T. ) ;
#71 = ORIENTED_EDGE ( 'NONE', *, *, #2179, .F. ) ;
#72 = ORIENTED_EDGE ( 'NONE', *, *, #1212, .T. ) ;
#73 = PRESENTATION_LAYER_ASSIGNMENT (  '', '', ( #1585 ) ) ;
#74 = AXIS2_PLACEMENT_3D ( 'NONE', #582, #771, #2105 ) ;
#75 = ORIENTED_EDGE ( 'NONE', *, *, #846, .T. ) ;
#76 = CARTESIAN_POINT ( 'NONE',  ( 8.950000000000002842, 3.600000000000000977, -1.774999999999999911 ) ) ;
#77 =( NAMED_UNIT ( * ) SI_UNIT ( $, .STERADIAN. ) SOLID_ANGLE_UNIT ( ) );
#78 = MANIFOLD_SOLID_BREP ( 'Imported1', #543 ) ;
#79 = CARTESIAN_POINT ( 'NONE',  ( 4.525000000000000355, 0.0000000000000000000, -3.400000000000000355 ) ) ;
#80 = ORIENTED_EDGE ( 'NONE', *, *, #997, .F. ) ;
#81 = LINE ( 'NONE', #2758, #1871 ) ;
#82 = LINE ( 'NONE', #2730, #1423 ) ;
#83 = CARTESIAN_POINT ( 'NONE',  ( 9.049999999999998934, 2.700000000000001510, -6.437450399132682577E-17 ) ) ;
#84 = EDGE_CURVE ( 'NONE', #706, #2285, #244, .T. ) ;
#85 = DIRECTION ( 'NONE',  ( 1.000000000000000000, 0.0000000000000000000, 0.0000000000000000000 ) ) ;
#86 = STYLED_ITEM ( 'NONE', ( #2716 ), #78 ) ;
#87 = VERTEX_POINT ( 'NONE', #464 ) ;
#88 = ORIENTED_EDGE ( 'NONE', *, *, #90, .F. ) ;
#89 = VECTOR ( 'NONE', #721, 999.9999999999998863 ) ;
#90 = EDGE_CURVE ( 'NONE', #1390, #2005, #2508, .T. ) ;
#91 = ORIENTED_EDGE ( 'NONE', *, *, #2141, .F. ) ;
#92 = MECHANICAL_DESIGN_GEOMETRIC_PRESENTATION_REPRESENTATION (  '', ( #2316 ), #446 ) ;
#93 = EDGE_LOOP ( 'NONE', ( #1486, #688, #910, #218, #1328, #457, #2487 ) ) ;
#94 =( GEOMETRIC_REPRESENTATION_CONTEXT ( 3 ) GLOBAL_UNCERTAINTY_ASSIGNED_CONTEXT ( ( #1754 ) ) GLOBAL_UNIT_ASSIGNED_CONTEXT ( ( #998, #1464, #1234 ) ) REPRESENTATION_CONTEXT ( 'NONE', 'WORKASPACE' ) );
#95 = CARTESIAN_POINT ( 'NONE',  ( 4.525000000000000355, 0.3000000000003329448, 0.8749999999996671551 ) ) ;
#96 = VECTOR ( 'NONE', #2207, 1000.000000000000000 ) ;
#97 = CARTESIAN_POINT ( 'NONE',  ( 0.0000000000000000000, 0.7620000000000000107, -3.620999999999999996 ) ) ;
#98 = ORIENTED_EDGE ( 'NONE', *, *, #257, .T. ) ;
#99 = DIRECTION ( 'NONE',  ( 0.0000000000000000000, 0.0000000000000000000, -1.000000000000000000 ) ) ;
#100 = DIRECTION ( 'NONE',  ( -0.0000000000000000000, -0.7071067811865338060, 0.7071067811865612285 ) ) ;
#101 = CARTESIAN_POINT ( 'NONE',  ( 4.524999999999998579, 1.175000000000000044, 0.0000000000000000000 ) ) ;
#102 = ORIENTED_EDGE ( 'NONE', *, *, #541, .T. ) ;
#103 = ORIENTED_EDGE ( 'NONE', *, *, #467, .F. ) ;
#104 = ORIENTED_EDGE ( 'NONE', *, *, #2485, .F. ) ;
#105 = DIRECTION ( 'NONE',  ( 0.0000000000000000000, 0.0000000000000000000, 1.000000000000000000 ) ) ;
#106 = EDGE_CURVE ( 'NONE', #2550, #884, #1987, .T. ) ;
#107 = DIRECTION ( 'NONE',  ( 0.0000000000000000000, 0.0000000000000000000, -1.000000000000000000 ) ) ;
#108 = SURFACE_STYLE_FILL_AREA ( #2794 ) ;
#109 = LINE ( 'NONE', #1215, #2556 ) ;
#110 = VERTEX_POINT ( 'NONE', #2031 ) ;
#111 = LINE ( 'NONE', #141, #295 ) ;
#112 = CARTESIAN_POINT ( 'NONE',  ( 1.725000000000000755, 1.004398963359940528E-13, -4.285999120848035027 ) ) ;
#113 = PLANE ( 'NONE',  #2073 ) ;
#114 = ORIENTED_EDGE ( 'NONE', *, *, #1591, .T. ) ;
#115 = ORIENTED_EDGE ( 'NONE', *, *, #1885, .T. ) ;
#116 = VECTOR ( 'NONE', #1804, 1000.000000000000000 ) ;
#117 = DIRECTION ( 'NONE',  ( 0.0000000000000000000, 0.0000000000000000000, -1.000000000000000000 ) ) ;
#118 = AXIS2_PLACEMENT_3D ( 'NONE', #2513, #45, #1544 ) ;
#119 = EDGE_CURVE ( 'NONE', #2204, #1137, #2245, .T. ) ;
#120 = AXIS2_PLACEMENT_3D ( 'NONE', #552, #2364, #1426 ) ;
#121 = DIRECTION ( 'NONE',  ( 0.0000000000000000000, 0.0000000000000000000, -1.000000000000000000 ) ) ;
#122 = MECHANICAL_DESIGN_GEOMETRIC_PRESENTATION_REPRESENTATION (  '', ( #2256 ), #339 ) ;
#123 = EDGE_CURVE ( 'NONE', #1851, #2862, #1326, .T. ) ;
#124 = CARTESIAN_POINT ( 'NONE',  ( 0.1499999999999999112, 3.499999999999999556, -1.024999999999999911 ) ) ;
#125 = ORIENTED_EDGE ( 'NONE', *, *, #966, .F. ) ;
#126 = CARTESIAN_POINT ( 'NONE',  ( 4.525000000000000355, 0.2999999999999800049, 1.675000000000000044 ) ) ;
#127 = CARTESIAN_POINT ( 'NONE',  ( 6.724999999999998757, 0.4000000000000000777, -0.07500000000000002498 ) ) ;
#128 = DIRECTION ( 'NONE',  ( -1.000000000000000000, -0.0000000000000000000, -0.0000000000000000000 ) ) ;
#129 = ORIENTED_EDGE ( 'NONE', *, *, #2378, .F. ) ;
#130 = VECTOR ( 'NONE', #972, 1000.000000000000114 ) ;
#131 = CARTESIAN_POINT ( 'NONE',  ( 4.525000000000000355, 0.0000000000000000000, 1.674999999999960965 ) ) ;
#132 = DIRECTION ( 'NONE',  ( 0.0000000000000000000, 1.000000000000000000, 0.0000000000000000000 ) ) ;
#133 = AXIS2_PLACEMENT_3D ( 'NONE', #2836, #1031, #1946 ) ;
#134 = DIRECTION ( 'NONE',  ( -0.0000000000000000000, -0.0000000000000000000, 1.000000000000000000 ) ) ;
#135 = ORIENTED_EDGE ( 'NONE', *, *, #2453, .F. ) ;
#136 = PRESENTATION_STYLE_ASSIGNMENT (( #336 ) ) ;
#137 = CARTESIAN_POINT ( 'NONE',  ( 7.324999999999998401, 0.3000000000001666334, 0.8749999999998334665 ) ) ;
#138 = LINE ( 'NONE', #2118, #1698 ) ;
#139 = VECTOR ( 'NONE', #1507, 1000.000000000000000 ) ;
#140 = VERTEX_POINT ( 'NONE', #1765 ) ;
#141 = CARTESIAN_POINT ( 'NONE',  ( 4.525000000000000355, 0.3000000000000000999, -5.224999999999999645 ) ) ;
#142 = CARTESIAN_POINT ( 'NONE',  ( 9.050000000000000711, 3.500000000000076383, -1.775000000000000133 ) ) ;
#143 =( GEOMETRIC_REPRESENTATION_CONTEXT ( 3 ) GLOBAL_UNCERTAINTY_ASSIGNED_CONTEXT ( ( #656 ) ) GLOBAL_UNIT_ASSIGNED_CONTEXT ( ( #256, #1607, #2257 ) ) REPRESENTATION_CONTEXT ( 'NONE', 'WORKASPACE' ) );
#144 = ORIENTED_EDGE ( 'NONE', *, *, #2023, .T. ) ;
#145 = CARTESIAN_POINT ( 'NONE',  ( 7.324999999999999289, 1.355252715606880543E-17, -5.224999999999998757 ) ) ;
#146 = VERTEX_POINT ( 'NONE', #1148 ) ;
#147 = SURFACE_STYLE_USAGE ( .BOTH. , #2200 ) ;
#148 = ORIENTED_EDGE ( 'NONE', *, *, #2784, .T. ) ;
#149 = LINE ( 'NONE', #1893, #2698 ) ;
#150 = DIRECTION ( 'NONE',  ( 0.0000000000000000000, -1.000000000000000000, 0.0000000000000000000 ) ) ;
#151 = DIRECTION ( 'NONE',  ( -1.000000000000000000, -0.0000000000000000000, -0.0000000000000000000 ) ) ;
#152 = LINE ( 'NONE', #1465, #1960 ) ;
#153 = PLANE ( 'NONE',  #1316 ) ;
#154 = CARTESIAN_POINT ( 'NONE',  ( -0.1810000000000000220, 3.515999999999999570, -0.1530000000000000249 ) ) ;
#155 = ADVANCED_FACE ( 'NONE', ( #2673 ), #1117, .T. ) ;
#156 = ORIENTED_EDGE ( 'NONE', *, *, #1123, .T. ) ;
#157 = ORIENTED_EDGE ( 'NONE', *, *, #592, .T. ) ;
#158 = DIRECTION ( 'NONE',  ( 1.000000000000000000, 0.0000000000000000000, 0.0000000000000000000 ) ) ;
#159 = EDGE_CURVE ( 'NONE', #1167, #2188, #450, .T. ) ;
#160 = EDGE_LOOP ( 'NONE', ( #319, #2187, #2724, #320, #585, #1764 ) ) ;
#161 = ORIENTED_EDGE ( 'NONE', *, *, #575, .T. ) ;
#162 = FACE_OUTER_BOUND ( 'NONE', #1965, .T. ) ;
#163 = PRESENTATION_LAYER_ASSIGNMENT (  '', '', ( #429 ) ) ;
#164 = CARTESIAN_POINT ( 'NONE',  ( 4.824999999999999289, 5.759824041329242306E-17, 0.8324472990141200679 ) ) ;
#165 = PLANE ( 'NONE',  #807 ) ;
#166 = COLOUR_RGB ( '',0.2509803921568627416, 0.2588235294117646745, 0.2588235294117646745 ) ;
#167 = CARTESIAN_POINT ( 'NONE',  ( 1.612999999999999989, 0.3000000000000000444, 0.8589999999999999858 ) ) ;
#168 = VECTOR ( 'NONE', #433, 1000.000000000000114 ) ;
#169 = ORIENTED_EDGE ( 'NONE', *, *, #1495, .T. ) ;
#170 = EDGE_CURVE ( 'NONE', #1120, #1572, #2017, .T. ) ;
#171 = CARTESIAN_POINT ( 'NONE',  ( 1.725000000000000311, 0.8000000000000000444, -9.846758011831241442E-18 ) ) ;
#172 = VERTEX_POINT ( 'NONE', #1782 ) ;
#173 = EDGE_CURVE ( 'NONE', #2029, #185, #2690, .T. ) ;
#174 = ORIENTED_EDGE ( 'NONE', *, *, #663, .T. ) ;
#175 = AXIS2_PLACEMENT_3D ( 'NONE', #961, #1827, #2361 ) ;
#176 = DIRECTION ( 'NONE',  ( 0.0000000000000000000, 0.6465235186422906288, -0.7628940554509464622 ) ) ;
#177 = FILL_AREA_STYLE ('',( #621 ) ) ;
#178 = CARTESIAN_POINT ( 'NONE',  ( 0.0000000000000000000, 2.799999999999976286, -2.525000000000000355 ) ) ;
#179 = DIRECTION ( 'NONE',  ( -0.0000000000000000000, -0.0000000000000000000, 1.000000000000000000 ) ) ;
#180 = AXIS2_PLACEMENT_3D ( 'NONE', #2534, #527, #2747 ) ;
#181 = DIRECTION ( 'NONE',  ( 1.000000000000000000, -0.0000000000000000000, 0.0000000000000000000 ) ) ;
#182 = ORIENTED_EDGE ( 'NONE', *, *, #2419, .T. ) ;
#183 = SURFACE_STYLE_USAGE ( .BOTH. , #882 ) ;
#184 = ORIENTED_EDGE ( 'NONE', *, *, #1651, .T. ) ;
#185 = VERTEX_POINT ( 'NONE', #2609 ) ;
#186 = EDGE_LOOP ( 'NONE', ( #958, #1699, #2294, #335, #987, #2492, #1998, #634 ) ) ;
#187 = FILL_AREA_STYLE_COLOUR ( '', #1473 ) ;
#188 = ADVANCED_FACE ( 'NONE', ( #162 ), #2826, .T. ) ;
#189 = SURFACE_SIDE_STYLE ('',( #620 ) ) ;
#190 =( NAMED_UNIT ( * ) SI_UNIT ( $, .STERADIAN. ) SOLID_ANGLE_UNIT ( ) );
#191 = CARTESIAN_POINT ( 'NONE',  ( 4.824999999999999289, 1.198500000000000121, 1.708702108039000134 ) ) ;
#192 = CARTESIAN_POINT ( 'NONE',  ( 8.900000000000000355, 3.499999999999999556, -0.1500000000000002165 ) ) ;
#193 = DIRECTION ( 'NONE',  ( -0.0000000000000000000, 1.000000000000000000, 0.0000000000000000000 ) ) ;
#194 = ORIENTED_EDGE ( 'NONE', *, *, #31, .T. ) ;
#195 = LINE ( 'NONE', #793, #2402 ) ;
#196 = DIRECTION ( 'NONE',  ( -0.0000000000000000000, -0.0000000000000000000, 1.000000000000000000 ) ) ;
#197 = ORIENTED_EDGE ( 'NONE', *, *, #857, .T. ) ;
#198 = VERTEX_POINT ( 'NONE', #2521 ) ;
#199 = CARTESIAN_POINT ( 'NONE',  ( 0.09999999999999938105, 3.600000000000000533, -1.774999999999999911 ) ) ;
#200 = PRESENTATION_STYLE_ASSIGNMENT (( #1702 ) ) ;
#201 = EDGE_CURVE ( 'NONE', #1130, #1944, #1252, .T. ) ;
#202 = CARTESIAN_POINT ( 'NONE',  ( 1.725000000000000089, 1.359144897063999657, -5.258499999999999730 ) ) ;
#203 = MECHANICAL_DESIGN_GEOMETRIC_PRESENTATION_REPRESENTATION (  '', ( #1829 ), #1360 ) ;
#204 = AXIS2_PLACEMENT_3D ( 'NONE', #9, #2230, #2030 ) ;
#205 = EDGE_CURVE ( 'NONE', #1674, #198, #357, .T. ) ;
#206 = DIRECTION ( 'NONE',  ( -0.0000000000000000000, -1.000000000000000000, -0.0000000000000000000 ) ) ;
#207 = VECTOR ( 'NONE', #179, 1000.000000000000000 ) ;
#208 = ORIENTED_EDGE ( 'NONE', *, *, #2136, .F. ) ;
#209 =( GEOMETRIC_REPRESENTATION_CONTEXT ( 3 ) GLOBAL_UNCERTAINTY_ASSIGNED_CONTEXT ( ( #1175 ) ) GLOBAL_UNIT_ASSIGNED_CONTEXT ( ( #1027, #1041, #2392 ) ) REPRESENTATION_CONTEXT ( 'NONE', 'WORKASPACE' ) );
#210 = EDGE_LOOP ( 'NONE', ( #1631, #2467, #2687, #33, #2198, #2520 ) ) ;
#211 = CARTESIAN_POINT ( 'NONE',  ( 4.524999999999999467, 3.600000000000000977, -1.024999999999999911 ) ) ;
#212 = CARTESIAN_POINT ( 'NONE',  ( 6.724999999999999645, 1.332494997121561164, -3.550000000000006484 ) ) ;
#213 = ADVANCED_FACE ( 'NONE', ( #2533 ), #525, .T. ) ;
#214 = VECTOR ( 'NONE', #1178, 1000.000000000000000 ) ;
#215 = DIRECTION ( 'NONE',  ( 1.000000000000000000, 0.0000000000000000000, 0.0000000000000000000 ) ) ;
#216 = VECTOR ( 'NONE', #602, 1000.000000000000000 ) ;
#217 = DIRECTION ( 'NONE',  ( 0.0000000000000000000, 0.0000000000000000000, -1.000000000000000000 ) ) ;
#218 = ORIENTED_EDGE ( 'NONE', *, *, #1689, .T. ) ;
#219 = UNCERTAINTY_MEASURE_WITH_UNIT (LENGTH_MEASURE( 1.000000000000000082E-05 ), #311, 'distance_accuracy_value', 'NONE');
#220 = ADVANCED_FACE ( 'NONE', ( #795 ), #302, .T. ) ;
#221 = DIRECTION ( 'NONE',  ( 0.0000000000000000000, 0.0000000000000000000, -1.000000000000000000 ) ) ;
#222 = VECTOR ( 'NONE', #2212, 1000.000000000000000 ) ;
#223 = CARTESIAN_POINT ( 'NONE',  ( 1.612999999999999989, 0.3151416511649000052, 1.675000000000000044 ) ) ;
#224 = STYLED_ITEM ( 'NONE', ( #824 ), #1462 ) ;
#225 = ORIENTED_EDGE ( 'NONE', *, *, #1083, .F. ) ;
#226 = ORIENTED_EDGE ( 'NONE', *, *, #1868, .T. ) ;
#227 = CARTESIAN_POINT ( 'NONE',  ( 7.324999999999998401, 0.8684747544708959488, -3.549999999999990052 ) ) ;
#228 = EDGE_CURVE ( 'NONE', #2029, #2115, #1398, .T. ) ;
#229 = DIRECTION ( 'NONE',  ( 1.000000000000000000, 0.0000000000000000000, -0.0000000000000000000 ) ) ;
#230 = CARTESIAN_POINT ( 'NONE',  ( 0.01874999999999540576, 2.799999999999975842, -1.775000000000000133 ) ) ;
#231 = VERTEX_POINT ( 'NONE', #579 ) ;
#232 = CARTESIAN_POINT ( 'NONE',  ( 6.724999999999999645, 0.3000000000000000999, 0.8324472990141200679 ) ) ;
#233 = EDGE_CURVE ( 'NONE', #1355, #1796, #1463, .T. ) ;
#234 = CARTESIAN_POINT ( 'NONE',  ( 9.049999999999997158, 2.699999999999998401, -3.549999999999999822 ) ) ;
#235 = ORIENTED_EDGE ( 'NONE', *, *, #330, .T. ) ;
#236 = ORIENTED_EDGE ( 'NONE', *, *, #247, .T. ) ;
#237 = EDGE_CURVE ( 'NONE', #2236, #2631, #608, .T. ) ;
#238 = ORIENTED_EDGE ( 'NONE', *, *, #2530, .T. ) ;
#239 = LINE ( 'NONE', #27, #1637 ) ;
#240 = DIRECTION ( 'NONE',  ( -0.9828721869343218787, 0.1842885350501855257, 0.0000000000000000000 ) ) ;
#241 = LINE ( 'NONE', #2072, #2766 ) ;
#242 = ORIENTED_EDGE ( 'NONE', *, *, #666, .T. ) ;
#243 = CARTESIAN_POINT ( 'NONE',  ( 4.524999999999999467, 0.2999999999999999889, 0.8749999999999998890 ) ) ;
#244 = LINE ( 'NONE', #893, #2116 ) ;
#245 = VECTOR ( 'NONE', #911, 1000.000000000000000 ) ;
#246 = LINE ( 'NONE', #907, #2538 ) ;
#247 = EDGE_CURVE ( 'NONE', #1730, #1796, #82, .T. ) ;
#248 = AXIS2_PLACEMENT_3D ( 'NONE', #1797, #2043, #301 ) ;
#249 = PLANE ( 'NONE',  #180 ) ;
#250 = EDGE_LOOP ( 'NONE', ( #2847, #242, #1406, #325, #315, #2575, #2261, #1962 ) ) ;
#251 = ORIENTED_EDGE ( 'NONE', *, *, #2047, .T. ) ;
#252 = CIRCLE ( 'NONE', #2300, 0.1000000000000000333 ) ;
#253 = FACE_OUTER_BOUND ( 'NONE', #2035, .T. ) ;
#254 = LINE ( 'NONE', #2024, #626 ) ;
#255 = EDGE_CURVE ( 'NONE', #2266, #447, #1478, .T. ) ;
#256 =( LENGTH_UNIT ( ) NAMED_UNIT ( * ) SI_UNIT ( .MILLI., .METRE. ) );
#257 = EDGE_CURVE ( 'NONE', #371, #19, #1162, .T. ) ;
#258 = ORIENTED_EDGE ( 'NONE', *, *, #1139, .F. ) ;
#259 = FACE_OUTER_BOUND ( 'NONE', #483, .T. ) ;
#260 = VECTOR ( 'NONE', #2214, 1000.000000000000000 ) ;
#261 = CARTESIAN_POINT ( 'NONE',  ( 8.900000000000000355, 0.0000000000000000000, -1.774999999999999911 ) ) ;
#262 = CARTESIAN_POINT ( 'NONE',  ( 4.124999999999999112, 4.475000000000000533, -2.524999999999999911 ) ) ;
#263 = DIRECTION ( 'NONE',  ( -0.0000000000000000000, 0.0000000000000000000, 1.000000000000000000 ) ) ;
#264 = ORIENTED_EDGE ( 'NONE', *, *, #966, .T. ) ;
#265 = ORIENTED_EDGE ( 'NONE', *, *, #2026, .T. ) ;
#266 = VECTOR ( 'NONE', #1493, 1000.000000000000000 ) ;
#267 = ORIENTED_EDGE ( 'NONE', *, *, #84, .F. ) ;
#268 = PLANE ( 'NONE',  #570 ) ;
#269 = STYLED_ITEM ( 'NONE', ( #535 ), #1319 ) ;
#270 = ADVANCED_FACE ( 'NONE', ( #1613 ), #1266, .T. ) ;
#271 = DIRECTION ( 'NONE',  ( 0.0000000000000000000, 0.0000000000000000000, -1.000000000000000000 ) ) ;
#272 = ADVANCED_FACE ( 'NONE', ( #1025 ), #514, .T. ) ;
#273 = LINE ( 'NONE', #1158, #485 ) ;
#274 = ORIENTED_EDGE ( 'NONE', *, *, #321, .T. ) ;
#275 = CARTESIAN_POINT ( 'NONE',  ( 1.734723475976807094E-15, 0.7999999999999999334, -2.710505431213761085E-17 ) ) ;
#276 = LINE ( 'NONE', #232, #2201 ) ;
#277 = FACE_OUTER_BOUND ( 'NONE', #1246, .T. ) ;
#278 = ORIENTED_EDGE ( 'NONE', *, *, #201, .F. ) ;
#279 = ORIENTED_EDGE ( 'NONE', *, *, #2096, .F. ) ;
#280 = VERTEX_POINT ( 'NONE', #1490 ) ;
#281 = CARTESIAN_POINT ( 'NONE',  ( 0.2000000000000000111, 3.600000000000079137, -0.6124999999999999334 ) ) ;
#282 = LINE ( 'NONE', #2009, #1283 ) ;
#283 = CARTESIAN_POINT ( 'NONE',  ( 0.0000000000000000000, 2.784858348835000275, -2.555000000000000160 ) ) ;
#284 = DIRECTION ( 'NONE',  ( -1.000000000000000000, -0.0000000000000000000, -0.0000000000000000000 ) ) ;
#285 = ADVANCED_FACE ( 'NONE', ( #2640 ), #2164, .T. ) ;
#286 = PLANE ( 'NONE',  #248 ) ;
#287 = CARTESIAN_POINT ( 'NONE',  ( 4.524999999999997691, 3.499999999999999112, -0.1500000000000000222 ) ) ;
#288 = CARTESIAN_POINT ( 'NONE',  ( 7.325000000000000178, 0.3730522614097551148, 0.3629468594384399616 ) ) ;
#289 = EDGE_CURVE ( 'NONE', #2431, #2343, #1044, .T. ) ;
#290 = CARTESIAN_POINT ( 'NONE',  ( 9.065141651165003367, 2.784000000000000252, -2.524999999999999911 ) ) ;
#291 = STYLED_ITEM ( 'NONE', ( #940 ), #1570 ) ;
#292 = VERTEX_POINT ( 'NONE', #1223 ) ;
#293 = ORIENTED_EDGE ( 'NONE', *, *, #2858, .T. ) ;
#294 = COLOUR_RGB ( '',0.8627450980392157298, 0.8627450980392157298, 0.8705882352941176627 ) ;
#295 = VECTOR ( 'NONE', #1870, 1000.000000000000000 ) ;
#296 = ORIENTED_EDGE ( 'NONE', *, *, #2381, .T. ) ;
#297 = SURFACE_SIDE_STYLE ('',( #1837 ) ) ;
#298 = VECTOR ( 'NONE', #1363, 1000.000000000000000 ) ;
#299 = FILL_AREA_STYLE_COLOUR ( '', #1795 ) ;
#300 = ORIENTED_EDGE ( 'NONE', *, *, #703, .T. ) ;
#301 = DIRECTION ( 'NONE',  ( 1.000000000000000000, 0.0000000000000000000, 0.0000000000000000000 ) ) ;
#302 = PLANE ( 'NONE',  #2458 ) ;
#303 = CARTESIAN_POINT ( 'NONE',  ( 2.594999999999999751, 5.450000000000000178, -0.9950000000000002176 ) ) ;
#304 = MECHANICAL_DESIGN_GEOMETRIC_PRESENTATION_REPRESENTATION (  '', ( #86 ), #1692 ) ;
#305 = EDGE_CURVE ( 'NONE', #1901, #1305, #1211, .T. ) ;
#306 = ORIENTED_EDGE ( 'NONE', *, *, #2381, .F. ) ;
#307 = EDGE_LOOP ( 'NONE', ( #589, #1343, #1891, #1073, #892, #2065, #14, #2301 ) ) ;
#308 = AXIS2_PLACEMENT_3D ( 'NONE', #396, #1342, #454 ) ;
#309 = ORIENTED_EDGE ( 'NONE', *, *, #1903, .T. ) ;
#310 = AXIS2_PLACEMENT_3D ( 'NONE', #2407, #2829, #889 ) ;
#311 =( LENGTH_UNIT ( ) NAMED_UNIT ( * ) SI_UNIT ( .MILLI., .METRE. ) );
#312 = DIRECTION ( 'NONE',  ( 1.000000000000000000, -0.0000000000000000000, -0.0000000000000000000 ) ) ;
#313 = MECHANICAL_DESIGN_GEOMETRIC_PRESENTATION_REPRESENTATION (  '', ( #1251 ), #143 ) ;
#314 = CARTESIAN_POINT ( 'NONE',  ( 4.525000000000000355, 0.3000000000000000999, -5.224999999999999645 ) ) ;
#315 = ORIENTED_EDGE ( 'NONE', *, *, #481, .T. ) ;
#316 = DIRECTION ( 'NONE',  ( 1.000000000000000000, 0.0000000000000000000, 0.0000000000000000000 ) ) ;
#317 = DIRECTION ( 'NONE',  ( -1.000000000000000000, -0.0000000000000000000, -0.0000000000000000000 ) ) ;
#318 = SURFACE_STYLE_FILL_AREA ( #377 ) ;
#319 = ORIENTED_EDGE ( 'NONE', *, *, #31, .F. ) ;
#320 = ORIENTED_EDGE ( 'NONE', *, *, #1597, .F. ) ;
#321 = EDGE_CURVE ( 'NONE', #805, #1851, #2336, .T. ) ;
#322 = EDGE_CURVE ( 'NONE', #110, #517, #1889, .T. ) ;
#323 = DIRECTION ( 'NONE',  ( -0.1842885350501854702, -0.9828721869343217676, 0.0000000000000000000 ) ) ;
#324 = CARTESIAN_POINT ( 'NONE',  ( 4.524999999999999467, 3.600000000000079137, -0.2000000000000000111 ) ) ;
#325 = ORIENTED_EDGE ( 'NONE', *, *, #773, .T. ) ;
#326 = DIRECTION ( 'NONE',  ( 0.0000000000000000000, 1.000000000000000000, 0.0000000000000000000 ) ) ;
#327 =( NAMED_UNIT ( * ) PLANE_ANGLE_UNIT ( ) SI_UNIT ( $, .RADIAN. ) );
#328 = DIRECTION ( 'NONE',  ( 0.0000000000000000000, 0.0000000000000000000, 1.000000000000000000 ) ) ;
#329 = VERTEX_POINT ( 'NONE', #1006 ) ;
#330 = EDGE_CURVE ( 'NONE', #476, #1643, #380, .T. ) ;
#331 = DIRECTION ( 'NONE',  ( -0.0000000000000000000, 0.7071067811865474617, -0.7071067811865474617 ) ) ;
#332 = AXIS2_PLACEMENT_3D ( 'NONE', #167, #1970, #1942 ) ;
#333 = VECTOR ( 'NONE', #1000, 1000.000000000000000 ) ;
#334 = AXIS2_PLACEMENT_3D ( 'NONE', #873, #2845, #1111 ) ;
#335 = ORIENTED_EDGE ( 'NONE', *, *, #228, .F. ) ;
#336 = SURFACE_STYLE_USAGE ( .BOTH. , #1645 ) ;
#337 = ADVANCED_FACE ( 'NONE', ( #1470 ), #588, .F. ) ;
#338 = CARTESIAN_POINT ( 'NONE',  ( 4.524999999999999467, 0.2999999999999999889, -5.225000000000000533 ) ) ;
#339 =( GEOMETRIC_REPRESENTATION_CONTEXT ( 3 ) GLOBAL_UNCERTAINTY_ASSIGNED_CONTEXT ( ( #1612 ) ) GLOBAL_UNIT_ASSIGNED_CONTEXT ( ( #1967, #2450, #607 ) ) REPRESENTATION_CONTEXT ( 'NONE', 'WORKASPACE' ) );
#340 = CARTESIAN_POINT ( 'NONE',  ( 7.325000000000000178, 0.1499999999999900024, -5.224999999999999645 ) ) ;
#341 = AXIS2_PLACEMENT_3D ( 'NONE', #1118, #1595, #11 ) ;
#342 = ORIENTED_EDGE ( 'NONE', *, *, #950, .T. ) ;
#343 = LINE ( 'NONE', #126, #1221 ) ;
#344 = CARTESIAN_POINT ( 'NONE',  ( 4.225000000000001421, -1.000642372238867706E-14, 1.674999999999990274 ) ) ;
#345 = VERTEX_POINT ( 'NONE', #145 ) ;
#346 = VECTOR ( 'NONE', #906, 1000.000000000000114 ) ;
#347 = DIRECTION ( 'NONE',  ( -1.000000000000000000, 0.0000000000000000000, 0.0000000000000000000 ) ) ;
#348 = EDGE_CURVE ( 'NONE', #2721, #1674, #2820, .T. ) ;
#349 = ORIENTED_EDGE ( 'NONE', *, *, #803, .F. ) ;
#350 = ORIENTED_EDGE ( 'NONE', *, *, #628, .T. ) ;
#351 = AXIS2_PLACEMENT_3D ( 'NONE', #2633, #2416, #2660 ) ;
#352 = DIRECTION ( 'NONE',  ( 0.0000000000000000000, 0.0000000000000000000, 1.000000000000000000 ) ) ;
#353 = VECTOR ( 'NONE', #2628, 1000.000000000000000 ) ;
#354 = ORIENTED_EDGE ( 'NONE', *, *, #2736, .F. ) ;
#355 = CARTESIAN_POINT ( 'NONE',  ( 4.224999999999999645, 1.332494997121888236, -3.550000000000002931 ) ) ;
#356 = CARTESIAN_POINT ( 'NONE',  ( 2.325000000000000622, 6.776263578034402713E-18, -5.224999999999998757 ) ) ;
#357 = LINE ( 'NONE', #2133, #214 ) ;
#358 = VECTOR ( 'NONE', #982, 1000.000000000000000 ) ;
#359 = EDGE_CURVE ( 'NONE', #1933, #616, #2790, .T. ) ;
#360 = DIRECTION ( 'NONE',  ( -0.0000000000000000000, 1.000000000000000000, -0.0000000000000000000 ) ) ;
#361 = AXIS2_PLACEMENT_3D ( 'NONE', #1446, #1202, #2087 ) ;
#362 = CARTESIAN_POINT ( 'NONE',  ( 4.124999999999999112, 4.474999999999999645, -1.025000000000000133 ) ) ;
#363 = DIRECTION ( 'NONE',  ( -1.000000000000000000, -0.0000000000000000000, -0.0000000000000000000 ) ) ;
#364 = EDGE_CURVE ( 'NONE', #1401, #2616, #2371, .T. ) ;
#365 = PRESENTATION_STYLE_ASSIGNMENT (( #600 ) ) ;
#366 = VERTEX_POINT ( 'NONE', #990 ) ;
#367 = EDGE_LOOP ( 'NONE', ( #2545, #2338, #1630, #1934, #274, #2636, #2243, #148, #2796, #2081, #1166, #953, #1917, #300, #2413, #1850 ) ) ;
#368 = FACE_OUTER_BOUND ( 'NONE', #1349, .T. ) ;
#369 =( NAMED_UNIT ( * ) PLANE_ANGLE_UNIT ( ) SI_UNIT ( $, .RADIAN. ) );
#370 = ORIENTED_EDGE ( 'NONE', *, *, #173, .T. ) ;
#371 = VERTEX_POINT ( 'NONE', #2399 ) ;
#372 = DIRECTION ( 'NONE',  ( -0.0000000000000000000, -0.0000000000000000000, 1.000000000000000000 ) ) ;
#373 = DIRECTION ( 'NONE',  ( -0.0000000000000000000, -0.7628940554509464622, -0.6465235186422906288 ) ) ;
#374 = DIRECTION ( 'NONE',  ( -0.0000000000000000000, -0.0000000000000000000, 1.000000000000000000 ) ) ;
#375 = FACE_OUTER_BOUND ( 'NONE', #2605, .T. ) ;
#376 = FACE_OUTER_BOUND ( 'NONE', #1061, .T. ) ;
#377 = FILL_AREA_STYLE ('',( #2787 ) ) ;
#378 = EDGE_CURVE ( 'NONE', #518, #2042, #557, .T. ) ;
#379 = PLANE ( 'NONE',  #729 ) ;
#380 = LINE ( 'NONE', #131, #216 ) ;
#381 = PLANE ( 'NONE',  #204 ) ;
#382 = VERTEX_POINT ( 'NONE', #1242 ) ;
#383 = ORIENTED_EDGE ( 'NONE', *, *, #2462, .T. ) ;
#384 = LINE ( 'NONE', #1921, #96 ) ;
#385 =( GEOMETRIC_REPRESENTATION_CONTEXT ( 3 ) GLOBAL_UNCERTAINTY_ASSIGNED_CONTEXT ( ( #1986 ) ) GLOBAL_UNIT_ASSIGNED_CONTEXT ( ( #4, #1488, #2162 ) ) REPRESENTATION_CONTEXT ( 'NONE', 'WORKASPACE' ) );
#386 = CARTESIAN_POINT ( 'NONE',  ( 4.125000000000000000, 3.600000000000020073, -2.525000000000000355 ) ) ;
#387 = MECHANICAL_DESIGN_GEOMETRIC_PRESENTATION_REPRESENTATION (  '', ( #429 ), #2054 ) ;
#388 = DIRECTION ( 'NONE',  ( 0.0000000000000000000, 0.0000000000000000000, 1.000000000000000000 ) ) ;
#389 = LINE ( 'NONE', #2166, #207 ) ;
#390 = VECTOR ( 'NONE', #1333, 1000.000000000000000 ) ;
#391 =( GEOMETRIC_REPRESENTATION_CONTEXT ( 3 ) GLOBAL_UNCERTAINTY_ASSIGNED_CONTEXT ( ( #540 ) ) GLOBAL_UNIT_ASSIGNED_CONTEXT ( ( #2697, #1621, #77 ) ) REPRESENTATION_CONTEXT ( 'NONE', 'WORKASPACE' ) );
#392 = LINE ( 'NONE', #1286, #827 ) ;
#393 = ORIENTED_EDGE ( 'NONE', *, *, #348, .T. ) ;
#394 = CARTESIAN_POINT ( 'NONE',  ( 4.824999999999999289, 0.6662474985607799161, -5.224999999999999645 ) ) ;
#395 = EDGE_CURVE ( 'NONE', #2385, #1182, #2617, .T. ) ;
#396 = CARTESIAN_POINT ( 'NONE',  ( -0.1810000000000000220, 2.799999999999999822, -0.9950000000000002176 ) ) ;
#397 = VERTEX_POINT ( 'NONE', #2383 ) ;
#398 = ORIENTED_EDGE ( 'NONE', *, *, #106, .F. ) ;
#399 = CARTESIAN_POINT ( 'NONE',  ( 6.424999999999999822, 3.550000000000000266, -1.025000000000000355 ) ) ;
#400 =( LENGTH_UNIT ( ) NAMED_UNIT ( * ) SI_UNIT ( .MILLI., .METRE. ) );
#401 = VECTOR ( 'NONE', #331, 1000.000000000000114 ) ;
#402 = VECTOR ( 'NONE', #613, 1000.000000000000000 ) ;
#403 = SURFACE_STYLE_USAGE ( .BOTH. , #2856 ) ;
#404 = VECTOR ( 'NONE', #360, 1000.000000000000000 ) ;
#405 = CARTESIAN_POINT ( 'NONE',  ( 0.1999999999999997613, 3.499999999999955591, -0.2000000000000000389 ) ) ;
#406 = EDGE_LOOP ( 'NONE', ( #2752, #823, #529, #1276 ) ) ;
#407 = AXIS2_PLACEMENT_3D ( 'NONE', #1821, #240, #699 ) ;
#408 = CARTESIAN_POINT ( 'NONE',  ( 4.524999999999998579, 0.8684747544709001676, -3.549999999999999822 ) ) ;
#409 = EDGE_LOOP ( 'NONE', ( #561, #1599, #1374, #1747, #714, #1183, #1576 ) ) ;
#410 = EDGE_LOOP ( 'NONE', ( #1042, #169, #1327, #1160 ) ) ;
#411 = DIRECTION ( 'NONE',  ( 0.0000000000000000000, 0.0000000000000000000, -1.000000000000000000 ) ) ;
#412 = EDGE_CURVE ( 'NONE', #1156, #2237, #2574, .T. ) ;
#413 = CARTESIAN_POINT ( 'NONE',  ( 1.725000000000000089, 0.6662474985607799161, -3.549999999999999822 ) ) ;
#414 = DIRECTION ( 'NONE',  ( -1.000000000000000000, -0.0000000000000000000, -0.0000000000000000000 ) ) ;
#415 = FACE_OUTER_BOUND ( 'NONE', #2748, .T. ) ;
#416 = UNCERTAINTY_MEASURE_WITH_UNIT (LENGTH_MEASURE( 1.000000000000000082E-05 ), #66, 'distance_accuracy_value', 'NONE');
#417 = VERTEX_POINT ( 'NONE', #171 ) ;
#418 = APPLICATION_CONTEXT ( 'automotive_design' ) ;
#419 = FACE_OUTER_BOUND ( 'NONE', #2512, .T. ) ;
#420 = ORIENTED_EDGE ( 'NONE', *, *, #936, .T. ) ;
#421 = ORIENTED_EDGE ( 'NONE', *, *, #1413, .F. ) ;
#422 = ORIENTED_EDGE ( 'NONE', *, *, #2057, .T. ) ;
#423 = CARTESIAN_POINT ( 'NONE',  ( 2.324999999999999734, 5.421010862427522170E-17, -4.387500000000000178 ) ) ;
#424 = DIRECTION ( 'NONE',  ( -0.0000000000000000000, -0.0000000000000000000, 1.000000000000000000 ) ) ;
#425 = EDGE_CURVE ( 'NONE', #456, #2076, #571, .T. ) ;
#426 = AXIS2_PLACEMENT_3D ( 'NONE', #2222, #2710, #709 ) ;
#427 = SURFACE_STYLE_USAGE ( .BOTH. , #1079 ) ;
#428 = CARTESIAN_POINT ( 'NONE',  ( 3.374999999999999556, 3.600000000000000089, -2.524999999999999911 ) ) ;
#429 = STYLED_ITEM ( 'NONE', ( #2604 ), #1623 ) ;
#430 = DIRECTION ( 'NONE',  ( 0.0000000000000000000, -0.7071067811865611175, -0.7071067811865339170 ) ) ;
#431 = VECTOR ( 'NONE', #767, 1000.000000000000000 ) ;
#432 = CARTESIAN_POINT ( 'NONE',  ( 8.849999999999912603, 3.200000000000000178, -2.525000000000000355 ) ) ;
#433 = DIRECTION ( 'NONE',  ( -0.0000000000000000000, 0.7071067811865474617, -0.7071067811865474617 ) ) ;
#434 = AXIS2_PLACEMENT_3D ( 'NONE', #2421, #870, #1749 ) ;
#435 = DIRECTION ( 'NONE',  ( -1.000000000000000000, -0.0000000000000000000, -0.0000000000000000000 ) ) ;
#436 = ORIENTED_EDGE ( 'NONE', *, *, #2271, .T. ) ;
#437 = ORIENTED_EDGE ( 'NONE', *, *, #1030, .F. ) ;
#438 = LINE ( 'NONE', #471, #1173 ) ;
#439 = CARTESIAN_POINT ( 'NONE',  ( 4.224999999999999645, 0.8000000000000001554, -1.154082390633984212E-17 ) ) ;
#440 = VECTOR ( 'NONE', #919, 1000.000000000000000 ) ;
#441 = DIRECTION ( 'NONE',  ( 0.0000000000000000000, 0.0000000000000000000, -1.000000000000000000 ) ) ;
#442 = DIRECTION ( 'NONE',  ( 0.0000000000000000000, 0.0000000000000000000, 1.000000000000000000 ) ) ;
#443 = VECTOR ( 'NONE', #2849, 1000.000000000000000 ) ;
#444 = ADVANCED_FACE ( 'NONE', ( #1683 ), #1485, .T. ) ;
#445 = PLANE ( 'NONE',  #42 ) ;
#446 =( GEOMETRIC_REPRESENTATION_CONTEXT ( 3 ) GLOBAL_UNCERTAINTY_ASSIGNED_CONTEXT ( ( #1088 ) ) GLOBAL_UNIT_ASSIGNED_CONTEXT ( ( #1468, #2151, #815 ) ) REPRESENTATION_CONTEXT ( 'NONE', 'WORKASPACE' ) );
#447 = VERTEX_POINT ( 'NONE', #1018 ) ;
#448 =( NAMED_UNIT ( * ) SI_UNIT ( $, .STERADIAN. ) SOLID_ANGLE_UNIT ( ) );
#449 = UNCERTAINTY_MEASURE_WITH_UNIT (LENGTH_MEASURE( 1.000000000000000082E-05 ), #2457, 'distance_accuracy_value', 'NONE');
#450 = LINE ( 'NONE', #1340, #1466 ) ;
#451 = LINE ( 'NONE', #2001, #2722 ) ;
#452 = EDGE_CURVE ( 'NONE', #1475, #397, #1931, .T. ) ;
#453 = AXIS2_PLACEMENT_3D ( 'NONE', #1057, #2227, #2658 ) ;
#454 = DIRECTION ( 'NONE',  ( 1.000000000000000000, 0.0000000000000000000, 0.0000000000000000000 ) ) ;
#455 = PRESENTATION_LAYER_ASSIGNMENT (  '', '', ( #224 ) ) ;
#456 = VERTEX_POINT ( 'NONE', #2592 ) ;
#457 = ORIENTED_EDGE ( 'NONE', *, *, #964, .F. ) ;
#458 = CARTESIAN_POINT ( 'NONE',  ( 8.850000000000001421, 3.600000000000000533, -1.774999999999999911 ) ) ;
#459 = CARTESIAN_POINT ( 'NONE',  ( 1.612999999999999989, 1.192500000000000115, -0.01750000000000000167 ) ) ;
#460 = CARTESIAN_POINT ( 'NONE',  ( 1.612999999999999989, 0.8858442495603002786, -3.535280017582999701 ) ) ;
#461 = ADVANCED_FACE ( 'NONE', ( #368 ), #1260, .T. ) ;
#462 = VERTEX_POINT ( 'NONE', #234 ) ;
#463 = SURFACE_STYLE_FILL_AREA ( #2688 ) ;
#464 = CARTESIAN_POINT ( 'NONE',  ( 6.424999999999999822, 3.499999999999970246, -2.524999999999999911 ) ) ;
#465 = LINE ( 'NONE', #2264, #724 ) ;
#466 = CARTESIAN_POINT ( 'NONE',  ( 8.850000000000001421, 3.500000000000000000, -1.774999999999999911 ) ) ;
#467 = EDGE_CURVE ( 'NONE', #863, #545, #1539, .T. ) ;
#468 = ORIENTED_EDGE ( 'NONE', *, *, #1455, .F. ) ;
#469 = VERTEX_POINT ( 'NONE', #1092 ) ;
#470 = ORIENTED_EDGE ( 'NONE', *, *, #205, .F. ) ;
#471 = CARTESIAN_POINT ( 'NONE',  ( 4.525000000000000355, 1.332494997121553837, -3.550000000000012701 ) ) ;
#472 = DIRECTION ( 'NONE',  ( -0.0000000000000000000, 1.000000000000000000, -0.0000000000000000000 ) ) ;
#473 = DIRECTION ( 'NONE',  ( -0.0000000000000000000, -0.0000000000000000000, 1.000000000000000000 ) ) ;
#474 = ADVANCED_FACE ( 'NONE', ( #2678 ), #676, .F. ) ;
#475 = DIRECTION ( 'NONE',  ( 1.000000000000000000, -0.0000000000000000000, -0.0000000000000000000 ) ) ;
#476 = VERTEX_POINT ( 'NONE', #1729 ) ;
#477 = DIRECTION ( 'NONE',  ( 0.0000000000000000000, 0.0000000000000000000, 1.000000000000000000 ) ) ;
#478 =( GEOMETRIC_REPRESENTATION_CONTEXT ( 3 ) GLOBAL_UNCERTAINTY_ASSIGNED_CONTEXT ( ( #1845 ) ) GLOBAL_UNIT_ASSIGNED_CONTEXT ( ( #631, #864, #1090 ) ) REPRESENTATION_CONTEXT ( 'NONE', 'WORKASPACE' ) );
#479 = DIRECTION ( 'NONE',  ( -1.000000000000000000, 0.0000000000000000000, 0.0000000000000000000 ) ) ;
#480 = FACE_OUTER_BOUND ( 'NONE', #944, .T. ) ;
#481 = EDGE_CURVE ( 'NONE', #2821, #706, #1304, .T. ) ;
#482 = SURFACE_SIDE_STYLE ('',( #2033 ) ) ;
#483 = EDGE_LOOP ( 'NONE', ( #104, #565, #2620, #1303, #974, #2619, #938 ) ) ;
#484 = ORIENTED_EDGE ( 'NONE', *, *, #237, .T. ) ;
#485 = VECTOR ( 'NONE', #2517, 1000.000000000000000 ) ;
#486 = EDGE_CURVE ( 'NONE', #2579, #2175, #2463, .T. ) ;
#487 = EDGE_CURVE ( 'NONE', #2175, #2721, #693, .T. ) ;
#488 = AXIS2_PLACEMENT_3D ( 'NONE', #1007, #1892, #352 ) ;
#489 = ORIENTED_EDGE ( 'NONE', *, *, #2706, .F. ) ;
#490 = FILL_AREA_STYLE ('',( #1603 ) ) ;
#491 = DIRECTION ( 'NONE',  ( -0.1812366279990539619, -0.9665953493282828379, -0.1812366279990534623 ) ) ;
#492 = CARTESIAN_POINT ( 'NONE',  ( 6.424999999999998934, 3.549999999999999822, -2.524999999999999911 ) ) ;
#493 = CARTESIAN_POINT ( 'NONE',  ( 0.1999999999999996225, 3.600000000000059597, -0.1999999999999999833 ) ) ;
#494 = APPLICATION_PROTOCOL_DEFINITION ( 'draft international standard', 'automotive_design', 1998, #418 ) ;
#495 = LINE ( 'NONE', #2473, #2466 ) ;
#496 = ORIENTED_EDGE ( 'NONE', *, *, #1773, .F. ) ;
#497 = CARTESIAN_POINT ( 'NONE',  ( 1.612999999999999989, 1.192500000000000115, -0.01750000000000000167 ) ) ;
#498 = AXIS2_PLACEMENT_3D ( 'NONE', #1736, #840, #2422 ) ;
#499 = CARTESIAN_POINT ( 'NONE',  ( 4.524999999999998579, 0.7999999999999999334, -2.456395547037470983E-17 ) ) ;
#500 = DIRECTION ( 'NONE',  ( 0.0000000000000000000, -0.7628940554511706162, -0.6465235186420260627 ) ) ;
#501 = LINE ( 'NONE', #2048, #2461 ) ;
#502 = ORIENTED_EDGE ( 'NONE', *, *, #395, .T. ) ;
#503 = VECTOR ( 'NONE', #2560, 1000.000000000000114 ) ;
#504 = VECTOR ( 'NONE', #2183, 1000.000000000000000 ) ;
#505 = ORIENTED_EDGE ( 'NONE', *, *, #1413, .T. ) ;
#506 =( LENGTH_UNIT ( ) NAMED_UNIT ( * ) SI_UNIT ( .MILLI., .METRE. ) );
#507 = EDGE_CURVE ( 'NONE', #740, #1245, #1558, .T. ) ;
#508 = FILL_AREA_STYLE_COLOUR ( '', #994 ) ;
#509 = VECTOR ( 'NONE', #2176, 1000.000000000000000 ) ;
#510 = LINE ( 'NONE', #2685, #1524 ) ;
#511 = LINE ( 'NONE', #523, #1823 ) ;
#512 = ORIENTED_EDGE ( 'NONE', *, *, #1656, .T. ) ;
#513 = FACE_OUTER_BOUND ( 'NONE', #2084, .T. ) ;
#514 = PLANE ( 'NONE',  #498 ) ;
#515 = CARTESIAN_POINT ( 'NONE',  ( 6.424999999999999822, 3.600000000000059597, -1.024999999999999911 ) ) ;
#516 = SURFACE_STYLE_USAGE ( .BOTH. , #482 ) ;
#517 = VERTEX_POINT ( 'NONE', #2186 ) ;
#518 = VERTEX_POINT ( 'NONE', #1515 ) ;
#519 = ADVANCED_FACE ( 'NONE', ( #1119 ), #1290, .F. ) ;
#520 = ORIENTED_EDGE ( 'NONE', *, *, #2061, .F. ) ;
#521 = CARTESIAN_POINT ( 'NONE',  ( 2.324999999999999734, 5.759824041329242306E-17, 0.8324472990141200679 ) ) ;
#522 = FACE_BOUND ( 'NONE', #1502, .T. ) ;
#523 = CARTESIAN_POINT ( 'NONE',  ( 6.724999999999997868, 1.750000000000000000, -3.549999999999999822 ) ) ;
#524 = EDGE_CURVE ( 'NONE', #976, #1245, #2003, .T. ) ;
#525 = PLANE ( 'NONE',  #1838 ) ;
#526 = LINE ( 'NONE', #1663, #1220 ) ;
#527 = DIRECTION ( 'NONE',  ( 0.0000000000000000000, 1.000000000000000000, 0.0000000000000000000 ) ) ;
#528 = EDGE_LOOP ( 'NONE', ( #2851, #2694, #1803, #569 ) ) ;
#529 = ORIENTED_EDGE ( 'NONE', *, *, #1938, .T. ) ;
#530 = MECHANICAL_DESIGN_GEOMETRIC_PRESENTATION_REPRESENTATION (  '', ( #1585 ), #2152 ) ;
#531 = VECTOR ( 'NONE', #316, 1000.000000000000000 ) ;
#532 = ORIENTED_EDGE ( 'NONE', *, *, #1212, .F. ) ;
#533 = VECTOR ( 'NONE', #2842, 1000.000000000000000 ) ;
#534 = AXIS2_PLACEMENT_3D ( 'NONE', #2388, #1547, #1717 ) ;
#535 = PRESENTATION_STYLE_ASSIGNMENT (( #2580 ) ) ;
#536 = LINE ( 'NONE', #2341, #431 ) ;
#537 = LINE ( 'NONE', #324, #2600 ) ;
#538 = ORIENTED_EDGE ( 'NONE', *, *, #649, .F. ) ;
#539 = LINE ( 'NONE', #2120, #2298 ) ;
#540 = UNCERTAINTY_MEASURE_WITH_UNIT (LENGTH_MEASURE( 1.000000000000000082E-05 ), #2697, 'distance_accuracy_value', 'NONE');
#541 = EDGE_CURVE ( 'NONE', #616, #1368, #632, .T. ) ;
#542 = DIRECTION ( 'NONE',  ( 0.0000000000000000000, -0.7071067811865474617, 0.7071067811865474617 ) ) ;
#543 = CLOSED_SHELL ( 'NONE', ( #6, #2767, #2561, #1112, #1462, #1323, #285, #1654, #2496, #337, #1601, #2801, #1633, #1142, #2247, #785, #2843, #1013, #1955, #881, #519, #155, #1759, #2173, #544, #1620, #2394, #1777, #636, #1685, #2454, #2625, #684, #220, #556, #2879, #270, #2436, #754, #1288, #2759, #2086, #188, #2362, #2663, #1566, #2216, #2476, #1534, #2010, #1853, #444, #1140, #2325, #1393, #1623, #841, #596, #2822, #272, #1722, #474, #1718, #2002, #2154, #461, #768, #2373, #2573, #213, #1172, #1233, #1177, #2595, #1483, #2040, #808, #2335, #2234, #1570, #644, #1319, #2438 ) ) ;
#544 = ADVANCED_FACE ( 'NONE', ( #1784 ), #1756, .T. ) ;
#545 = VERTEX_POINT ( 'NONE', #659 ) ;
#546 = EDGE_LOOP ( 'NONE', ( #2189, #2505, #264, #8, #1665, #952, #1709, #2235, #2249, #1582, #789, #1808, #1530, #577, #1487, #751 ) ) ;
#547 = VECTOR ( 'NONE', #1628, 1000.000000000000000 ) ;
#548 = SURFACE_STYLE_USAGE ( .BOTH. , #297 ) ;
#549 =( GEOMETRIC_REPRESENTATION_CONTEXT ( 3 ) GLOBAL_UNCERTAINTY_ASSIGNED_CONTEXT ( ( #2197 ) ) GLOBAL_UNIT_ASSIGNED_CONTEXT ( ( #1400, #949, #1372 ) ) REPRESENTATION_CONTEXT ( 'NONE', 'WORKASPACE' ) );
#550 = CARTESIAN_POINT ( 'NONE',  ( 8.949999999999999289, 3.500000000000000000, -1.024999999999999911 ) ) ;
#551 = LINE ( 'NONE', #413, #1433 ) ;
#552 = CARTESIAN_POINT ( 'NONE',  ( 1.612999999999999989, 0.0000000000000000000, -4.267219103264999980 ) ) ;
#553 = DIRECTION ( 'NONE',  ( 0.0000000000000000000, 0.9828721869343218787, -0.1842885350501857200 ) ) ;
#554 = LINE ( 'NONE', #1693, #1748 ) ;
#555 = EDGE_LOOP ( 'NONE', ( #72, #502, #1734, #2838 ) ) ;
#556 = ADVANCED_FACE ( 'NONE', ( #2445 ), #2217, .T. ) ;
#557 = LINE ( 'NONE', #1876, #732 ) ;
#558 = LINE ( 'NONE', #791, #2442 ) ;
#559 = VERTEX_POINT ( 'NONE', #921 ) ;
#560 = DIRECTION ( 'NONE',  ( 0.9828721869343218787, -0.1842885350501852204, 0.0000000000000000000 ) ) ;
#561 = ORIENTED_EDGE ( 'NONE', *, *, #1271, .F. ) ;
#562 = PLANE ( 'NONE',  #361 ) ;
#563 = CARTESIAN_POINT ( 'NONE',  ( 4.224999999999999645, -0.01492209045638999768, 0.7509212113046001003 ) ) ;
#564 = SURFACE_SIDE_STYLE ('',( #1881 ) ) ;
#565 = ORIENTED_EDGE ( 'NONE', *, *, #2026, .F. ) ;
#566 = DIRECTION ( 'NONE',  ( -1.000000000000000000, -0.0000000000000000000, -0.0000000000000000000 ) ) ;
#567 =( LENGTH_UNIT ( ) NAMED_UNIT ( * ) SI_UNIT ( .MILLI., .METRE. ) );
#568 = CARTESIAN_POINT ( 'NONE',  ( 0.1499999999999898637, 3.499999999999999556, -2.524999999999999911 ) ) ;
#569 = ORIENTED_EDGE ( 'NONE', *, *, #467, .T. ) ;
#570 = AXIS2_PLACEMENT_3D ( 'NONE', #1877, #1243, #2352 ) ;
#571 = LINE ( 'NONE', #2125, #1427 ) ;
#572 = MECHANICAL_DESIGN_GEOMETRIC_PRESENTATION_REPRESENTATION (  '', ( #1081 ), #478 ) ;
#573 = EDGE_CURVE ( 'NONE', #1315, #616, #1164, .T. ) ;
#574 = FACE_OUTER_BOUND ( 'NONE', #753, .T. ) ;
#575 = EDGE_CURVE ( 'NONE', #1618, #87, #1180, .T. ) ;
#576 = AXIS2_PLACEMENT_3D ( 'NONE', #859, #1752, #1508 ) ;
#577 = ORIENTED_EDGE ( 'NONE', *, *, #364, .T. ) ;
#578 = SURFACE_STYLE_USAGE ( .BOTH. , #1024 ) ;
#579 = CARTESIAN_POINT ( 'NONE',  ( 6.724999999999998757, 0.3000000000001667444, 0.8749999999998333555 ) ) ;
#580 = EDGE_CURVE ( 'NONE', #2029, #2793, #1151, .T. ) ;
#581 = CARTESIAN_POINT ( 'NONE',  ( 7.324999999999999289, 1.004398963359940528E-13, -4.285999120848035027 ) ) ;
#582 = CARTESIAN_POINT ( 'NONE',  ( 1.612999999999999989, 0.3151416511649000052, 1.675000000000000044 ) ) ;
#583 = CARTESIAN_POINT ( 'NONE',  ( 0.0000000000000000000, 2.799999999999999822, -1.775000000000000133 ) ) ;
#584 = ORIENTED_EDGE ( 'NONE', *, *, #2271, .F. ) ;
#585 = ORIENTED_EDGE ( 'NONE', *, *, #2430, .F. ) ;
#586 = CARTESIAN_POINT ( 'NONE',  ( 7.325000000000000178, 0.8162474985607998113, -3.987499999999999822 ) ) ;
#587 = VECTOR ( 'NONE', #2281, 1000.000000000000000 ) ;
#588 = PLANE ( 'NONE',  #1977 ) ;
#589 = ORIENTED_EDGE ( 'NONE', *, *, #756, .T. ) ;
#590 = STYLED_ITEM ( 'NONE', ( #1940 ), #285 ) ;
#591 = MECHANICAL_DESIGN_GEOMETRIC_PRESENTATION_REPRESENTATION (  '', ( #2738 ), #549 ) ;
#592 = EDGE_CURVE ( 'NONE', #2550, #397, #2265, .T. ) ;
#593 = DIRECTION ( 'NONE',  ( -0.0000000000000000000, -0.0000000000000000000, -1.000000000000000000 ) ) ;
#594 = FACE_OUTER_BOUND ( 'NONE', #660, .T. ) ;
#595 = DIRECTION ( 'NONE',  ( 1.000000000000000000, 0.0000000000000000000, 0.0000000000000000000 ) ) ;
#596 = ADVANCED_FACE ( 'NONE', ( #1831 ), #1814, .T. ) ;
#597 = LINE ( 'NONE', #1253, #358 ) ;
#598 =( GEOMETRIC_REPRESENTATION_CONTEXT ( 3 ) GLOBAL_UNCERTAINTY_ASSIGNED_CONTEXT ( ( #2440 ) ) GLOBAL_UNIT_ASSIGNED_CONTEXT ( ( #2358, #2327, #2807 ) ) REPRESENTATION_CONTEXT ( 'NONE', 'WORKASPACE' ) );
#599 = CARTESIAN_POINT ( 'NONE',  ( 1.725000000000000533, 0.3000000000000000444, -5.225000000000000533 ) ) ;
#600 = SURFACE_STYLE_USAGE ( .BOTH. , #1270 ) ;
#601 = EDGE_LOOP ( 'NONE', ( #2312, #184, #2480, #44 ) ) ;
#602 = DIRECTION ( 'NONE',  ( -1.000000000000000000, -0.0000000000000000000, -0.0000000000000000000 ) ) ;
#603 = SURFACE_STYLE_USAGE ( .BOTH. , #1999 ) ;
#604 = ORIENTED_EDGE ( 'NONE', *, *, #630, .T. ) ;
#605 = ORIENTED_EDGE ( 'NONE', *, *, #2827, .F. ) ;
#606 = FACE_OUTER_BOUND ( 'NONE', #2806, .T. ) ;
#607 =( NAMED_UNIT ( * ) SI_UNIT ( $, .STERADIAN. ) SOLID_ANGLE_UNIT ( ) );
#608 = LINE ( 'NONE', #826, #587 ) ;
#609 = SURFACE_STYLE_FILL_AREA ( #1321 ) ;
#610 = LINE ( 'NONE', #640, #2682 ) ;
#611 = DIRECTION ( 'NONE',  ( 0.0000000000000000000, 1.000000000000000000, 0.0000000000000000000 ) ) ;
#612 = EDGE_CURVE ( 'NONE', #2138, #1314, #2306, .T. ) ;
#613 = DIRECTION ( 'NONE',  ( 0.0000000000000000000, 1.000000000000000000, 0.0000000000000000000 ) ) ;
#614 = CARTESIAN_POINT ( 'NONE',  ( 2.624999999999999556, 4.525000000000000355, -1.024999999999999911 ) ) ;
#615 = DIRECTION ( 'NONE',  ( 0.0000000000000000000, 0.0000000000000000000, -1.000000000000000000 ) ) ;
#616 = VERTEX_POINT ( 'NONE', #2248 ) ;
#617 = DIRECTION ( 'NONE',  ( -0.9828721869343218787, -0.1842885350501853869, -0.0000000000000000000 ) ) ;
#618 = VECTOR ( 'NONE', #985, 1000.000000000000000 ) ;
#619 = AXIS2_PLACEMENT_3D ( 'NONE', #1157, #662, #2037 ) ;
#620 = SURFACE_STYLE_FILL_AREA ( #1939 ) ;
#621 = FILL_AREA_STYLE_COLOUR ( '', #1096 ) ;
#622 = LINE ( 'NONE', #1067, #139 ) ;
#623 = CARTESIAN_POINT ( 'NONE',  ( 2.324999999999997957, 0.8684747544708687483, -3.549999999999999822 ) ) ;
#624 = VECTOR ( 'NONE', #1894, 1000.000000000000114 ) ;
#625 = FACE_OUTER_BOUND ( 'NONE', #1225, .T. ) ;
#626 = VECTOR ( 'NONE', #2483, 1000.000000000000000 ) ;
#627 = CARTESIAN_POINT ( 'NONE',  ( 9.049999999999988276, 0.7999999999999996003, -3.550000000000000266 ) ) ;
#628 = EDGE_CURVE ( 'NONE', #1730, #2266, #501, .T. ) ;
#629 = VERTEX_POINT ( 'NONE', #1616 ) ;
#630 = EDGE_CURVE ( 'NONE', #1355, #2266, #1134, .T. ) ;
#631 =( LENGTH_UNIT ( ) NAMED_UNIT ( * ) SI_UNIT ( .MILLI., .METRE. ) );
#632 = LINE ( 'NONE', #2427, #1518 ) ;
#633 = EDGE_CURVE ( 'NONE', #2750, #1780, #1598, .T. ) ;
#634 = ORIENTED_EDGE ( 'NONE', *, *, #452, .T. ) ;
#635 = EDGE_LOOP ( 'NONE', ( #1022, #922, #661, #1655 ) ) ;
#636 = ADVANCED_FACE ( 'NONE', ( #277 ), #249, .T. ) ;
#637 = CARTESIAN_POINT ( 'NONE',  ( 4.825000000000001066, 0.3000000000000000444, -5.225000000000000533 ) ) ;
#638 = SURFACE_STYLE_USAGE ( .BOTH. , #2406 ) ;
#639 = COLOUR_RGB ( '',0.2509803921568627416, 0.2588235294117646745, 0.2588235294117646745 ) ;
#640 = CARTESIAN_POINT ( 'NONE',  ( 2.324999999999999734, 0.2793501000576000814, -4.442499999999999893 ) ) ;
#641 = VECTOR ( 'NONE', #2669, 1000.000000000000114 ) ;
#642 =( NAMED_UNIT ( * ) PLANE_ANGLE_UNIT ( ) SI_UNIT ( $, .RADIAN. ) );
#643 = VECTOR ( 'NONE', #1719, 1000.000000000000000 ) ;
#644 = ADVANCED_FACE ( 'NONE', ( #39 ), #748, .T. ) ;
#645 = CARTESIAN_POINT ( 'NONE',  ( 6.724999999999999645, 0.3000000000000000444, -4.387499999999999289 ) ) ;
#646 = PRESENTATION_LAYER_ASSIGNMENT (  '', '', ( #1615 ) ) ;
#647 = EDGE_LOOP ( 'NONE', ( #2762, #2757, #2720, #421 ) ) ;
#648 = ORIENTED_EDGE ( 'NONE', *, *, #378, .T. ) ;
#649 = EDGE_CURVE ( 'NONE', #3, #1165, #2479, .T. ) ;
#650 = LINE ( 'NONE', #1264, #2744 ) ;
#651 = LINE ( 'NONE', #664, #26 ) ;
#652 = LINE ( 'NONE', #1535, #2075 ) ;
#653 = CARTESIAN_POINT ( 'NONE',  ( 9.050000000000036238, 3.500000000000038192, -2.524999999999952838 ) ) ;
#654 = DIRECTION ( 'NONE',  ( 0.0000000000000000000, 0.0000000000000000000, 1.000000000000000000 ) ) ;
#655 = DIRECTION ( 'NONE',  ( -0.0000000000000000000, -0.0000000000000000000, -1.000000000000000000 ) ) ;
#656 = UNCERTAINTY_MEASURE_WITH_UNIT (LENGTH_MEASURE( 1.000000000000000082E-05 ), #256, 'distance_accuracy_value', 'NONE');
#657 = CARTESIAN_POINT ( 'NONE',  ( 8.950000000000001066, 3.500000000000000000, -2.524999999999952838 ) ) ;
#658 = LINE ( 'NONE', #2876, #675 ) ;
#659 = CARTESIAN_POINT ( 'NONE',  ( 6.724999999999999645, 0.2999999999999950484, 1.674999999999999822 ) ) ;
#660 = EDGE_LOOP ( 'NONE', ( #1918, #226, #129, #1263, #2464, #2817 ) ) ;
#661 = ORIENTED_EDGE ( 'NONE', *, *, #773, .F. ) ;
#662 = DIRECTION ( 'NONE',  ( -1.000000000000000000, 0.0000000000000000000, 0.0000000000000000000 ) ) ;
#663 = EDGE_CURVE ( 'NONE', #185, #1901, #2799, .T. ) ;
#664 = CARTESIAN_POINT ( 'NONE',  ( 4.124999999999999112, 3.499999999999999556, -1.774999999999999689 ) ) ;
#665 = DIRECTION ( 'NONE',  ( 0.0000000000000000000, 1.000000000000000000, 0.0000000000000000000 ) ) ;
#666 = EDGE_CURVE ( 'NONE', #185, #1047, #774, .T. ) ;
#667 = CARTESIAN_POINT ( 'NONE',  ( 2.324999999999999734, 0.5874999999999999112, 1.674999999999582823 ) ) ;
#668 = VECTOR ( 'NONE', #1104, 1000.000000000000000 ) ;
#669 = VECTOR ( 'NONE', #1996, 1000.000000000000000 ) ;
#670 = CARTESIAN_POINT ( 'NONE',  ( 0.09999999999998998579, 2.800000000000000266, -2.524999999999999911 ) ) ;
#671 = MECHANICAL_DESIGN_GEOMETRIC_PRESENTATION_REPRESENTATION (  '', ( #2499 ), #1367 ) ;
#672 = ORIENTED_EDGE ( 'NONE', *, *, #788, .F. ) ;
#673 =( NAMED_UNIT ( * ) PLANE_ANGLE_UNIT ( ) SI_UNIT ( $, .RADIAN. ) );
#674 = CARTESIAN_POINT ( 'NONE',  ( 1.725000000000000311, -6.280749303890637014E-16, 0.7359991208482100644 ) ) ;
#675 = VECTOR ( 'NONE', #2113, 1000.000000000000000 ) ;
#676 = PLANE ( 'NONE',  #308 ) ;
#677 = EDGE_LOOP ( 'NONE', ( #736, #1375, #238, #2159 ) ) ;
#678 = VERTEX_POINT ( 'NONE', #2123 ) ;
#679 = LINE ( 'NONE', #925, #2006 ) ;
#680 = FACE_OUTER_BOUND ( 'NONE', #1686, .T. ) ;
#681 = AXIS2_PLACEMENT_3D ( 'NONE', #1556, #2459, #20 ) ;
#682 = PLANE ( 'NONE',  #1054 ) ;
#683 = DIRECTION ( 'NONE',  ( -1.000000000000000000, -0.0000000000000000000, -0.0000000000000000000 ) ) ;
#684 = ADVANCED_FACE ( 'NONE', ( #2833 ), #113, .T. ) ;
#685 = EDGE_CURVE ( 'NONE', #1475, #462, #1677, .T. ) ;
#686 = DIRECTION ( 'NONE',  ( 0.0000000000000000000, 1.000000000000000000, 0.0000000000000000000 ) ) ;
#687 = COLOUR_RGB ( '',0.2509803921568627416, 0.2588235294117646745, 0.2588235294117646745 ) ;
#688 = ORIENTED_EDGE ( 'NONE', *, *, #2542, .F. ) ;
#689 = UNCERTAINTY_MEASURE_WITH_UNIT (LENGTH_MEASURE( 1.000000000000000082E-05 ), #567, 'distance_accuracy_value', 'NONE');
#690 = CARTESIAN_POINT ( 'NONE',  ( 6.424999999999999822, 3.499999999999970246, -1.024999999999999911 ) ) ;
#691 = DIRECTION ( 'NONE',  ( -0.0000000000000000000, -0.0000000000000000000, -1.000000000000000000 ) ) ;
#692 = VECTOR ( 'NONE', #686, 1000.000000000000000 ) ;
#693 = LINE ( 'NONE', #1571, #777 ) ;
#694 = AXIS2_PLACEMENT_3D ( 'NONE', #30, #441, #60 ) ;
#695 = ORIENTED_EDGE ( 'NONE', *, *, #159, .T. ) ;
#696 = ORIENTED_EDGE ( 'NONE', *, *, #1885, .F. ) ;
#697 = ORIENTED_EDGE ( 'NONE', *, *, #2740, .T. ) ;
#698 = FACE_OUTER_BOUND ( 'NONE', #1420, .T. ) ;
#699 = DIRECTION ( 'NONE',  ( -0.1842885350501854980, -0.9828721869343217676, 0.0000000000000000000 ) ) ;
#700 = CARTESIAN_POINT ( 'NONE',  ( 4.524999999999999467, 3.600000000000000533, -2.524999999999999911 ) ) ;
#701 = EDGE_LOOP ( 'NONE', ( #1258, #2203, #2800, #797, #2551, #1357, #1875 ) ) ;
#702 = LINE ( 'NONE', #2488, #989 ) ;
#703 = EDGE_CURVE ( 'NONE', #1629, #2750, #1208, .T. ) ;
#704 = LINE ( 'NONE', #1351, #1596 ) ;
#705 = DIRECTION ( 'NONE',  ( -1.000000000000000000, 0.0000000000000000000, 0.0000000000000000000 ) ) ;
#706 = VERTEX_POINT ( 'NONE', #568 ) ;
#707 = VERTEX_POINT ( 'NONE', #2367 ) ;
#708 = EDGE_LOOP ( 'NONE', ( #2309, #776, #1517, #1857 ) ) ;
#709 = DIRECTION ( 'NONE',  ( 0.0000000000000000000, 0.0000000000000000000, -1.000000000000000000 ) ) ;
#710 = DIRECTION ( 'NONE',  ( -0.0000000000000000000, 0.7071067811865475727, 0.7071067811865475727 ) ) ;
#711 = CARTESIAN_POINT ( 'NONE',  ( 7.324999999999998401, 1.332494997121888236, -3.550000000000002931 ) ) ;
#712 = LINE ( 'NONE', #1381, #1078 ) ;
#713 = STYLED_ITEM ( 'NONE', ( #1186 ), #1601 ) ;
#714 = ORIENTED_EDGE ( 'NONE', *, *, #68, .F. ) ;
#715 = PLANE ( 'NONE',  #1411 ) ;
#716 = VECTOR ( 'NONE', #1578, 1000.000000000000000 ) ;
#717 =( NAMED_UNIT ( * ) SI_UNIT ( $, .STERADIAN. ) SOLID_ANGLE_UNIT ( ) );
#718 = VECTOR ( 'NONE', #1706, 1000.000000000000000 ) ;
#719 = CARTESIAN_POINT ( 'NONE',  ( 1.725000000000001199, 0.3000000000000000444, -4.825000000000001066 ) ) ;
#720 = VECTOR ( 'NONE', #2242, 1000.000000000000000 ) ;
#721 = DIRECTION ( 'NONE',  ( 0.0000000000000000000, 0.7628940554509464622, 0.6465235186422906288 ) ) ;
#722 = ORIENTED_EDGE ( 'NONE', *, *, #1021, .F. ) ;
#723 = ORIENTED_EDGE ( 'NONE', *, *, #2228, .T. ) ;
#724 = VECTOR ( 'NONE', #500, 1000.000000000000000 ) ;
#725 = ORIENTED_EDGE ( 'NONE', *, *, #2740, .F. ) ;
#726 = DIRECTION ( 'NONE',  ( -0.0000000000000000000, 0.0000000000000000000, 1.000000000000000000 ) ) ;
#727 = FILL_AREA_STYLE ('',( #1564 ) ) ;
#728 = CARTESIAN_POINT ( 'NONE',  ( 1.612999999999999989, 0.3000000000000000444, -5.241000000000000547 ) ) ;
#729 = AXIS2_PLACEMENT_3D ( 'NONE', #2382, #1043, #1928 ) ;
#730 = ORIENTED_EDGE ( 'NONE', *, *, #997, .T. ) ;
#731 = CARTESIAN_POINT ( 'NONE',  ( 6.724999999999999645, 6.776263578034402713E-18, -5.224999999999998757 ) ) ;
#732 = VECTOR ( 'NONE', #347, 1000.000000000000000 ) ;
#733 = CARTESIAN_POINT ( 'NONE',  ( 4.524999999999998579, 0.8684747544709001676, -3.549999999999999822 ) ) ;
#734 = CARTESIAN_POINT ( 'NONE',  ( 6.424999999999999822, 3.499999999999999556, -1.774999999999999911 ) ) ;
#735 = CARTESIAN_POINT ( 'NONE',  ( 8.900000000000000355, 3.499999999999999112, -0.1500000000000001332 ) ) ;
#736 = ORIENTED_EDGE ( 'NONE', *, *, #2023, .F. ) ;
#737 = ORIENTED_EDGE ( 'NONE', *, *, #1689, .F. ) ;
#738 = EDGE_CURVE ( 'NONE', #2616, #231, #554, .T. ) ;
#739 = VECTOR ( 'NONE', #472, 1000.000000000000000 ) ;
#740 = VERTEX_POINT ( 'NONE', #1910 ) ;
#741 = EDGE_CURVE ( 'NONE', #2219, #1852, #2093, .T. ) ;
#742 = LINE ( 'NONE', #79, #1935 ) ;
#743 = LINE ( 'NONE', #95, #1414 ) ;
#744 = LINE ( 'NONE', #2260, #692 ) ;
#745 = CARTESIAN_POINT ( 'NONE',  ( 4.525000000000000355, 4.015512152389516531E-13, -4.285999120847695742 ) ) ;
#746 = PRESENTATION_STYLE_ASSIGNMENT (( #2745 ) ) ;
#747 = PLANE ( 'NONE',  #946 ) ;
#748 = PLANE ( 'NONE',  #2365 ) ;
#749 = VERTEX_POINT ( 'NONE', #1439 ) ;
#750 = VERTEX_POINT ( 'NONE', #1257 ) ;
#751 = ORIENTED_EDGE ( 'NONE', *, *, #2827, .T. ) ;
#752 =( NAMED_UNIT ( * ) PLANE_ANGLE_UNIT ( ) SI_UNIT ( $, .RADIAN. ) );
#753 = EDGE_LOOP ( 'NONE', ( #144, #2589, #1391, #1985 ) ) ;
#754 = ADVANCED_FACE ( 'NONE', ( #2333 ), #2348, .T. ) ;
#755 = LINE ( 'NONE', #2328, #1456 ) ;
#756 = EDGE_CURVE ( 'NONE', #1165, #895, #1219, .T. ) ;
#757 = LINE ( 'NONE', #340, #1099 ) ;
#758 = LINE ( 'NONE', #971, #2811 ) ;
#759 = DIRECTION ( 'NONE',  ( 0.0000000000000000000, -0.1842885350501857200, -0.9828721869343218787 ) ) ;
#760 = DIRECTION ( 'NONE',  ( 1.000000000000000000, 0.0000000000000000000, 0.0000000000000000000 ) ) ;
#761 = ORIENTED_EDGE ( 'NONE', *, *, #899, .T. ) ;
#762 = ORIENTED_EDGE ( 'NONE', *, *, #1155, .F. ) ;
#763 = VECTOR ( 'NONE', #2016, 1000.000000000000000 ) ;
#764 = LINE ( 'NONE', #76, #1770 ) ;
#765 = AXIS2_PLACEMENT_3D ( 'NONE', #2191, #176, #1050 ) ;
#766 = AXIS2_PLACEMENT_3D ( 'NONE', #459, #710, #1347 ) ;
#767 = DIRECTION ( 'NONE',  ( -1.000000000000000000, 0.0000000000000000000, 0.0000000000000000000 ) ) ;
#768 = ADVANCED_FACE ( 'NONE', ( #2571 ), #1239, .T. ) ;
#769 = LINE ( 'NONE', #1648, #1981 ) ;
#770 = ORIENTED_EDGE ( 'NONE', *, *, #1256, .F. ) ;
#771 = DIRECTION ( 'NONE',  ( -0.0000000000000000000, 0.0000000000000000000, 1.000000000000000000 ) ) ;
#772 = LINE ( 'NONE', #142, #2494 ) ;
#773 = EDGE_CURVE ( 'NONE', #937, #2821, #1497, .T. ) ;
#774 = LINE ( 'NONE', #800, #2220 ) ;
#775 = VECTOR ( 'NONE', #221, 1000.000000000000000 ) ;
#776 = ORIENTED_EDGE ( 'NONE', *, *, #1541, .T. ) ;
#777 = VECTOR ( 'NONE', #1978, 1000.000000000000000 ) ;
#778 = DIRECTION ( 'NONE',  ( 1.000000000000000000, -0.0000000000000000000, -0.0000000000000000000 ) ) ;
#779 = FILL_AREA_STYLE ('',( #2111 ) ) ;
#780 = VECTOR ( 'NONE', #2549, 1000.000000000000227 ) ;
#781 = FILL_AREA_STYLE ('',( #299 ) ) ;
#782 = LINE ( 'NONE', #338, #1640 ) ;
#783 = FILL_AREA_STYLE ('',( #2074 ) ) ;
#784 = CARTESIAN_POINT ( 'NONE',  ( 4.524999999999998579, 0.7999999999999999334, 0.0000000000000000000 ) ) ;
#785 = ADVANCED_FACE ( 'NONE', ( #1070 ), #445, .T. ) ;
#786 = LINE ( 'NONE', #1207, #618 ) ;
#787 = DIRECTION ( 'NONE',  ( -0.0000000000000000000, -0.0000000000000000000, 1.000000000000000000 ) ) ;
#788 = EDGE_CURVE ( 'NONE', #988, #2662, #2168, .T. ) ;
#789 = ORIENTED_EDGE ( 'NONE', *, *, #1531, .T. ) ;
#790 = CARTESIAN_POINT ( 'NONE',  ( 2.624999999999999556, 4.525000000000000355, -2.524999999999999911 ) ) ;
#791 = CARTESIAN_POINT ( 'NONE',  ( 2.625000000000000000, 3.600000000000000089, -1.775000000000000133 ) ) ;
#792 = ORIENTED_EDGE ( 'NONE', *, *, #628, .F. ) ;
#793 = CARTESIAN_POINT ( 'NONE',  ( 1.725000000000000089, 0.5874999999999999112, 1.675000000000000044 ) ) ;
#794 = DIRECTION ( 'NONE',  ( 0.0000000000000000000, 0.0000000000000000000, -1.000000000000000000 ) ) ;
#795 = FACE_OUTER_BOUND ( 'NONE', #1121, .T. ) ;
#796 = LINE ( 'NONE', #1690, #2832 ) ;
#797 = ORIENTED_EDGE ( 'NONE', *, *, #364, .F. ) ;
#798 = DIRECTION ( 'NONE',  ( 1.000000000000000000, 0.0000000000000000000, 0.0000000000000000000 ) ) ;
#799 = LINE ( 'NONE', #1676, #1772 ) ;
#800 = CARTESIAN_POINT ( 'NONE',  ( 0.1500000000000000222, 3.499999999999999112, -1.775000000000000133 ) ) ;
#801 = ORIENTED_EDGE ( 'NONE', *, *, #2754, .T. ) ;
#802 = CARTESIAN_POINT ( 'NONE',  ( 8.950000000000002842, 3.600000000000000977, -1.025000000000000799 ) ) ;
#803 = EDGE_CURVE ( 'NONE', #2707, #983, #1509, .T. ) ;
#804 = CARTESIAN_POINT ( 'NONE',  ( 4.824999999999999289, 0.3000000000000000444, -4.387500000000000178 ) ) ;
#805 = VERTEX_POINT ( 'NONE', #1943 ) ;
#806 = VECTOR ( 'NONE', #2045, 1000.000000000000000 ) ;
#807 = AXIS2_PLACEMENT_3D ( 'NONE', #2344, #566, #1897 ) ;
#808 = ADVANCED_FACE ( 'NONE', ( #415 ), #1324, .T. ) ;
#809 = ORIENTED_EDGE ( 'NONE', *, *, #2591, .F. ) ;
#810 =( NAMED_UNIT ( * ) PLANE_ANGLE_UNIT ( ) SI_UNIT ( $, .RADIAN. ) );
#811 = DIRECTION ( 'NONE',  ( 1.000000000000000000, 0.0000000000000000000, -0.0000000000000000000 ) ) ;
#812 = FILL_AREA_STYLE ('',( #2809 ) ) ;
#813 = CARTESIAN_POINT ( 'NONE',  ( 0.1999999999999997058, 3.600000000000059597, -3.349999999999999645 ) ) ;
#814 = LINE ( 'NONE', #1467, #986 ) ;
#815 =( NAMED_UNIT ( * ) SI_UNIT ( $, .STERADIAN. ) SOLID_ANGLE_UNIT ( ) );
#816 = ORIENTED_EDGE ( 'NONE', *, *, #821, .F. ) ;
#817 = ORIENTED_EDGE ( 'NONE', *, *, #2211, .T. ) ;
#818 = CARTESIAN_POINT ( 'NONE',  ( 2.324999999999999734, 1.198500000000000121, 1.708702108039000134 ) ) ;
#819 = ORIENTED_EDGE ( 'NONE', *, *, #2057, .F. ) ;
#820 = STYLED_ITEM ( 'NONE', ( #1060 ), #544 ) ;
#821 = EDGE_CURVE ( 'NONE', #1156, #1896, #2455, .T. ) ;
#822 = VECTOR ( 'NONE', #2283, 1000.000000000000000 ) ;
#823 = ORIENTED_EDGE ( 'NONE', *, *, #1108, .F. ) ;
#824 = PRESENTATION_STYLE_ASSIGNMENT (( #2638 ) ) ;
#825 = EDGE_CURVE ( 'NONE', #447, #1137, #1086, .T. ) ;
#826 = CARTESIAN_POINT ( 'NONE',  ( 4.525000000000000355, -1.301042606982605321E-15, 0.7359991208482108416 ) ) ;
#827 = VECTOR ( 'NONE', #2846, 1000.000000000000000 ) ;
#828 = DIRECTION ( 'NONE',  ( -1.000000000000000000, -0.0000000000000000000, -0.0000000000000000000 ) ) ;
#829 = PRESENTATION_LAYER_ASSIGNMENT (  '', '', ( #269 ) ) ;
#830 = CARTESIAN_POINT ( 'NONE',  ( 3.374999999999999556, 5.450000000000001066, -1.024999999999999911 ) ) ;
#831 = DIRECTION ( 'NONE',  ( 0.0000000000000000000, 0.0000000000000000000, 1.000000000000000000 ) ) ;
#832 = CARTESIAN_POINT ( 'NONE',  ( 0.0000000000000000000, 3.200000000000000178, -1.024999999999999911 ) ) ;
#833 = ORIENTED_EDGE ( 'NONE', *, *, #2275, .F. ) ;
#834 =( NAMED_UNIT ( * ) PLANE_ANGLE_UNIT ( ) SI_UNIT ( $, .RADIAN. ) );
#835 = CARTESIAN_POINT ( 'NONE',  ( 4.524999999999998579, 0.7999999999999999334, -2.456395547037470983E-17 ) ) ;
#836 = DIRECTION ( 'NONE',  ( 0.9828721869343218787, 0.1842885350501853314, 0.0000000000000000000 ) ) ;
#837 = ORIENTED_EDGE ( 'NONE', *, *, #1051, .T. ) ;
#838 = ORIENTED_EDGE ( 'NONE', *, *, #2303, .F. ) ;
#839 = DIRECTION ( 'NONE',  ( 1.000000000000000000, 0.0000000000000000000, 0.0000000000000000000 ) ) ;
#840 = DIRECTION ( 'NONE',  ( -0.0000000000000000000, 1.000000000000000000, 0.0000000000000000000 ) ) ;
#841 = ADVANCED_FACE ( 'NONE', ( #1997 ), #861, .F. ) ;
#842 = CARTESIAN_POINT ( 'NONE',  ( 2.325000000000000178, 0.8858442495603002786, -3.535280017582999701 ) ) ;
#843 = CARTESIAN_POINT ( 'NONE',  ( 0.0000000000000000000, 1.750000000000000000, 0.0000000000000000000 ) ) ;
#844 = CARTESIAN_POINT ( 'NONE',  ( 7.324999999999999289, 1.198500000000000121, 1.708702108039000134 ) ) ;
#845 = EDGE_CURVE ( 'NONE', #63, #559, #1740, .T. ) ;
#846 = EDGE_CURVE ( 'NONE', #2821, #1135, #2411, .T. ) ;
#847 = LINE ( 'NONE', #1301, #504 ) ;
#848 = CARTESIAN_POINT ( 'NONE',  ( 0.07500000000000002498, 3.100000000000000533, -2.525000000000000355 ) ) ;
#849 = ORIENTED_EDGE ( 'NONE', *, *, #2192, .F. ) ;
#850 = VERTEX_POINT ( 'NONE', #1753 ) ;
#851 = MECHANICAL_DESIGN_GEOMETRIC_PRESENTATION_REPRESENTATION (  '', ( #291 ), #2491 ) ;
#852 = EDGE_LOOP ( 'NONE', ( #1153, #103, #1602, #2403 ) ) ;
#853 = LINE ( 'NONE', #423, #1751 ) ;
#854 = AXIS2_PLACEMENT_3D ( 'NONE', #1386, #2691, #1766 ) ;
#855 = AXIS2_PLACEMENT_3D ( 'NONE', #1191, #99, #1858 ) ;
#856 = PLANE ( 'NONE',  #434 ) ;
#857 = EDGE_CURVE ( 'NONE', #146, #965, #2644, .T. ) ;
#858 = CARTESIAN_POINT ( 'NONE',  ( 1.725000000000000089, 1.175000000000000266, 2.456395547037470983E-17 ) ) ;
#859 = CARTESIAN_POINT ( 'NONE',  ( 8.850000000000001421, 3.484858348835000008, -2.508500000000000174 ) ) ;
#860 = CARTESIAN_POINT ( 'NONE',  ( 2.324999999999999734, 0.5874999999999999112, 2.234608440128404983E-13 ) ) ;
#861 = PLANE ( 'NONE',  #1241 ) ;
#862 = EDGE_CURVE ( 'NONE', #2446, #2695, #1336, .T. ) ;
#863 = VERTEX_POINT ( 'NONE', #1708 ) ;
#864 =( NAMED_UNIT ( * ) PLANE_ANGLE_UNIT ( ) SI_UNIT ( $, .RADIAN. ) );
#865 =( NAMED_UNIT ( * ) PLANE_ANGLE_UNIT ( ) SI_UNIT ( $, .RADIAN. ) );
#866 = EDGE_LOOP ( 'NONE', ( #1345, #398, #496, #1593 ) ) ;
#867 = ORIENTED_EDGE ( 'NONE', *, *, #2528, .F. ) ;
#868 = DIRECTION ( 'NONE',  ( 0.0000000000000000000, 0.0000000000000000000, 1.000000000000000000 ) ) ;
#869 =( GEOMETRIC_REPRESENTATION_CONTEXT ( 3 ) GLOBAL_UNCERTAINTY_ASSIGNED_CONTEXT ( ( #1957 ) ) GLOBAL_UNIT_ASSIGNED_CONTEXT ( ( #2863, #865, #1105 ) ) REPRESENTATION_CONTEXT ( 'NONE', 'WORKASPACE' ) );
#870 = DIRECTION ( 'NONE',  ( 1.000000000000000000, -0.0000000000000000000, 0.0000000000000000000 ) ) ;
#871 = AXIS2_PLACEMENT_3D ( 'NONE', #2601, #2137, #328 ) ;
#872 = LINE ( 'NONE', #164, #2741 ) ;
#873 = CARTESIAN_POINT ( 'NONE',  ( 6.724999999999999645, 1.359144897063999657, -5.258499999999999730 ) ) ;
#874 = STYLED_ITEM ( 'NONE', ( #1737 ), #1112 ) ;
#875 = DIRECTION ( 'NONE',  ( 0.0000000000000000000, 0.0000000000000000000, -1.000000000000000000 ) ) ;
#876 = STYLED_ITEM ( 'NONE', ( #2597 ), #1013 ) ;
#877 = CARTESIAN_POINT ( 'NONE',  ( 1.612999999999999989, -0.01492209045638999768, 0.7509212113046001003 ) ) ;
#878 = LINE ( 'NONE', #2507, #2313 ) ;
#879 = VECTOR ( 'NONE', #1575, 1000.000000000000000 ) ;
#880 = DIRECTION ( 'NONE',  ( 0.1812366279990542950, 0.9665953493282827269, 0.1812366279990538231 ) ) ;
#881 = ADVANCED_FACE ( 'NONE', ( #2425 ), #1552, .T. ) ;
#882 = SURFACE_SIDE_STYLE ('',( #1767 ) ) ;
#883 = EDGE_CURVE ( 'NONE', #1417, #366, #2393, .T. ) ;
#884 = VERTEX_POINT ( 'NONE', #2614 ) ;
#885 = EDGE_LOOP ( 'NONE', ( #1801, #838, #2465, #2268, #762, #2734 ) ) ;
#886 = EDGE_CURVE ( 'NONE', #19, #2161, #392, .T. ) ;
#887 = CARTESIAN_POINT ( 'NONE',  ( 1.725000000000000755, 0.4000000000000000777, -0.07500000000000002498 ) ) ;
#888 = FACE_OUTER_BOUND ( 'NONE', #1296, .T. ) ;
#889 = DIRECTION ( 'NONE',  ( 0.0000000000000000000, 0.9828721869343218787, 0.1842885350501853869 ) ) ;
#890 = DIRECTION ( 'NONE',  ( 1.000000000000000000, -0.0000000000000000000, -0.0000000000000000000 ) ) ;
#891 = DIRECTION ( 'NONE',  ( 0.0000000000000000000, 0.0000000000000000000, -1.000000000000000000 ) ) ;
#892 = ORIENTED_EDGE ( 'NONE', *, *, #173, .F. ) ;
#893 = CARTESIAN_POINT ( 'NONE',  ( 4.525000000000000355, 3.500000000000000000, -2.524999999999999911 ) ) ;
#894 = DIRECTION ( 'NONE',  ( 0.0000000000000000000, 0.0000000000000000000, -1.000000000000000000 ) ) ;
#895 = VERTEX_POINT ( 'NONE', #405 ) ;
#896 = ORIENTED_EDGE ( 'NONE', *, *, #2495, .F. ) ;
#897 = LINE ( 'NONE', #887, #1820 ) ;
#898 = DIRECTION ( 'NONE',  ( -0.0000000000000000000, 0.7628940554511706162, 0.6465235186420260627 ) ) ;
#899 = EDGE_CURVE ( 'NONE', #518, #1869, #847, .T. ) ;
#900 = CARTESIAN_POINT ( 'NONE',  ( 4.525000000000000355, 0.0000000000000000000, 1.674999999999960965 ) ) ;
#901 = VECTOR ( 'NONE', #1014, 1000.000000000000114 ) ;
#902 =( GEOMETRIC_REPRESENTATION_CONTEXT ( 3 ) GLOBAL_UNCERTAINTY_ASSIGNED_CONTEXT ( ( #449 ) ) GLOBAL_UNIT_ASSIGNED_CONTEXT ( ( #2457, #1115, #448 ) ) REPRESENTATION_CONTEXT ( 'NONE', 'WORKASPACE' ) );
#903 = VECTOR ( 'NONE', #1646, 1000.000000000000000 ) ;
#904 = ORIENTED_EDGE ( 'NONE', *, *, #1745, .T. ) ;
#905 = FILL_AREA_STYLE_COLOUR ( '', #1278 ) ;
#906 = DIRECTION ( 'NONE',  ( 0.0000000000000000000, -0.7071067811865474617, 0.7071067811865474617 ) ) ;
#907 = CARTESIAN_POINT ( 'NONE',  ( 1.725000000000000311, -0.01492209045638999768, 0.7509212113046001003 ) ) ;
#908 = COLOUR_RGB ( '',0.2509803921568627416, 0.2588235294117646745, 0.2588235294117646745 ) ;
#909 = DIRECTION ( 'NONE',  ( -0.0000000000000000000, 0.7628940554511706162, 0.6465235186420260627 ) ) ;
#910 = ORIENTED_EDGE ( 'NONE', *, *, #90, .T. ) ;
#911 = DIRECTION ( 'NONE',  ( -0.0000000000000000000, -0.0000000000000000000, -1.000000000000000000 ) ) ;
#912 = PRESENTATION_STYLE_ASSIGNMENT (( #2500 ) ) ;
#913 = COLOUR_RGB ( '',0.2509803921568627416, 0.2588235294117646745, 0.2588235294117646745 ) ;
#914 = DIRECTION ( 'NONE',  ( -1.000000000000000000, -0.0000000000000000000, -0.0000000000000000000 ) ) ;
#915 = CARTESIAN_POINT ( 'NONE',  ( 4.524999999999998579, 2.799999999999999822, -1.025000000000000133 ) ) ;
#916 = VECTOR ( 'NONE', #1712, 1000.000000000000000 ) ;
#917 = ORIENTED_EDGE ( 'NONE', *, *, #2613, .T. ) ;
#918 = FACE_OUTER_BOUND ( 'NONE', #2050, .T. ) ;
#919 = DIRECTION ( 'NONE',  ( 1.000000000000000000, 0.0000000000000000000, 0.0000000000000000000 ) ) ;
#920 = CARTESIAN_POINT ( 'NONE',  ( 6.724999999999999645, 5.759824041329242306E-17, 0.8324472990141200679 ) ) ;
#921 = CARTESIAN_POINT ( 'NONE',  ( 0.0000000000000000000, 2.800000000000000266, -1.024999999999999911 ) ) ;
#922 = ORIENTED_EDGE ( 'NONE', *, *, #846, .F. ) ;
#923 = ORIENTED_EDGE ( 'NONE', *, *, #929, .T. ) ;
#924 = ORIENTED_EDGE ( 'NONE', *, *, #1541, .F. ) ;
#925 = CARTESIAN_POINT ( 'NONE',  ( 4.525000000000000355, 4.015512152389516531E-13, -4.285999120847695742 ) ) ;
#926 = CARTESIAN_POINT ( 'NONE',  ( 6.724999999999999645, 0.3000000000000000444, -5.225000000000000533 ) ) ;
#927 = DIRECTION ( 'NONE',  ( 0.0000000000000000000, -1.000000000000000000, 0.0000000000000000000 ) ) ;
#928 = PRODUCT_CONTEXT ( 'NONE', #1519, 'mechanical' ) ;
#929 = EDGE_CURVE ( 'NONE', #382, #1454, #744, .T. ) ;
#930 = EDGE_CURVE ( 'NONE', #2368, #1059, #1145, .T. ) ;
#931 = CARTESIAN_POINT ( 'NONE',  ( 4.224999999999999645, 5.759824041329242306E-17, 0.8324472990141200679 ) ) ;
#932 = ORIENTED_EDGE ( 'NONE', *, *, #1491, .F. ) ;
#933 = DIRECTION ( 'NONE',  ( -0.0000000000000000000, -0.0000000000000000000, -1.000000000000000000 ) ) ;
#934 = SURFACE_SIDE_STYLE ('',( #1975 ) ) ;
#935 = LINE ( 'NONE', #719, #2297 ) ;
#936 = EDGE_CURVE ( 'NONE', #2615, #2237, #495, .T. ) ;
#937 = VERTEX_POINT ( 'NONE', #2041 ) ;
#938 = ORIENTED_EDGE ( 'NONE', *, *, #1419, .F. ) ;
#939 = ORIENTED_EDGE ( 'NONE', *, *, #255, .F. ) ;
#940 = PRESENTATION_STYLE_ASSIGNMENT (( #1392 ) ) ;
#941 = LINE ( 'NONE', #2255, #2448 ) ;
#942 = CARTESIAN_POINT ( 'NONE',  ( 6.724999999999999645, 0.6662474985607799161, -5.224999999999999645 ) ) ;
#943 = CARTESIAN_POINT ( 'NONE',  ( 8.899999999999991473, 3.499999999999999556, -1.024999999999999911 ) ) ;
#944 = EDGE_LOOP ( 'NONE', ( #2634, #349, #1553, #2839, #1862, #306 ) ) ;
#945 = FACE_OUTER_BOUND ( 'NONE', #1431, .T. ) ;
#946 = AXIS2_PLACEMENT_3D ( 'NONE', #1412, #1238, #2547 ) ;
#947 = CARTESIAN_POINT ( 'NONE',  ( 1.612999999999999989, -0.01514165116492000029, -5.224999999999999645 ) ) ;
#948 = DIRECTION ( 'NONE',  ( 1.000000000000000000, 0.0000000000000000000, 0.0000000000000000000 ) ) ;
#949 =( NAMED_UNIT ( * ) PLANE_ANGLE_UNIT ( ) SI_UNIT ( $, .RADIAN. ) );
#950 = EDGE_CURVE ( 'NONE', #2772, #2161, #1366, .T. ) ;
#951 = ORIENTED_EDGE ( 'NONE', *, *, #981, .F. ) ;
#952 = ORIENTED_EDGE ( 'NONE', *, *, #1066, .T. ) ;
#953 = ORIENTED_EDGE ( 'NONE', *, *, #68, .T. ) ;
#954 = PLANE ( 'NONE',  #1365 ) ;
#955 = SURFACE_SIDE_STYLE ('',( #1840 ) ) ;
#956 = DIRECTION ( 'NONE',  ( 0.0000000000000000000, 0.0000000000000000000, -1.000000000000000000 ) ) ;
#957 = VECTOR ( 'NONE', #2835, 999.9999999999998863 ) ;
#958 = ORIENTED_EDGE ( 'NONE', *, *, #964, .T. ) ;
#959 = DIRECTION ( 'NONE',  ( 0.0000000000000000000, 0.7071067811865339170, -0.7071067811865611175 ) ) ;
#960 = AXIS2_PLACEMENT_3D ( 'NONE', #223, #263, #2490 ) ;
#961 = CARTESIAN_POINT ( 'NONE',  ( 1.612999999999999989, 0.0000000000000000000, 1.693780017583000230 ) ) ;
#962 = LINE ( 'NONE', #583, #1545 ) ;
#963 = ORIENTED_EDGE ( 'NONE', *, *, #1083, .T. ) ;
#964 = EDGE_CURVE ( 'NONE', #397, #366, #1382, .T. ) ;
#965 = VERTEX_POINT ( 'NONE', #1673 ) ;
#966 = EDGE_CURVE ( 'NONE', #2793, #1901, #2795, .T. ) ;
#967 = FACE_OUTER_BOUND ( 'NONE', #406, .T. ) ;
#968 = DIRECTION ( 'NONE',  ( 0.0000000000000000000, 0.0000000000000000000, 1.000000000000000000 ) ) ;
#969 = DIRECTION ( 'NONE',  ( -1.000000000000000000, -0.0000000000000000000, -0.0000000000000000000 ) ) ;
#970 = ORIENTED_EDGE ( 'NONE', *, *, #1309, .T. ) ;
#971 = CARTESIAN_POINT ( 'NONE',  ( 0.0000000000000000000, 3.500000000000076383, -1.775000000000000133 ) ) ;
#972 = DIRECTION ( 'NONE',  ( 0.1812366279990540729, -0.9665953493282828379, -0.1812366279990530460 ) ) ;
#973 = PLANE ( 'NONE',  #2350 ) ;
#974 = ORIENTED_EDGE ( 'NONE', *, *, #1492, .F. ) ;
#975 = ORIENTED_EDGE ( 'NONE', *, *, #741, .F. ) ;
#976 = VERTEX_POINT ( 'NONE', #581 ) ;
#977 = DIRECTION ( 'NONE',  ( 1.000000000000000000, 0.0000000000000000000, 0.0000000000000000000 ) ) ;
#978 = EDGE_CURVE ( 'NONE', #629, #2119, #537, .T. ) ;
#979 = ORIENTED_EDGE ( 'NONE', *, *, #1597, .T. ) ;
#980 = LINE ( 'NONE', #550, #2519 ) ;
#981 = EDGE_CURVE ( 'NONE', #1454, #2343, #2134, .T. ) ;
#982 = DIRECTION ( 'NONE',  ( 1.000000000000000000, 0.0000000000000000000, 0.0000000000000000000 ) ) ;
#983 = VERTEX_POINT ( 'NONE', #1010 ) ;
#984 = LINE ( 'NONE', #1909, #2629 ) ;
#985 = DIRECTION ( 'NONE',  ( -0.0000000000000000000, -0.0000000000000000000, 1.000000000000000000 ) ) ;
#986 = VECTOR ( 'NONE', #611, 1000.000000000000000 ) ;
#987 = ORIENTED_EDGE ( 'NONE', *, *, #580, .T. ) ;
#988 = VERTEX_POINT ( 'NONE', #1436 ) ;
#989 = VECTOR ( 'NONE', #1012, 1000.000000000000000 ) ;
#990 = CARTESIAN_POINT ( 'NONE',  ( 9.031250000000028422, 2.799999999999994493, -2.524999999999999911 ) ) ;
#991 = DIRECTION ( 'NONE',  ( 0.0000000000000000000, 0.0000000000000000000, -1.000000000000000000 ) ) ;
#992 = PRESENTATION_LAYER_ASSIGNMENT (  '', '', ( #2256 ) ) ;
#993 = CARTESIAN_POINT ( 'NONE',  ( 4.524999999999997691, 0.7461045228195590795, -0.01010540197133270521 ) ) ;
#994 = COLOUR_RGB ( '',0.2509803921568627416, 0.2588235294117646745, 0.2588235294117646745 ) ;
#995 = FILL_AREA_STYLE_COLOUR ( '', #2470 ) ;
#996 = LINE ( 'NONE', #563, #903 ) ;
#997 = EDGE_CURVE ( 'NONE', #146, #1403, #109, .T. ) ;
#998 =( LENGTH_UNIT ( ) NAMED_UNIT ( * ) SI_UNIT ( .MILLI., .METRE. ) );
#999 = ORIENTED_EDGE ( 'NONE', *, *, #978, .T. ) ;
#1000 = DIRECTION ( 'NONE',  ( 0.0000000000000000000, 0.0000000000000000000, 1.000000000000000000 ) ) ;
#1001 = VECTOR ( 'NONE', #54, 1000.000000000000114 ) ;
#1002 = FILL_AREA_STYLE_COLOUR ( '', #2857 ) ;
#1003 = DIRECTION ( 'NONE',  ( -0.0000000000000000000, 0.7071067811865474617, -0.7071067811865474617 ) ) ;
#1004 = ORIENTED_EDGE ( 'NONE', *, *, #803, .T. ) ;
#1005 = MECHANICAL_DESIGN_GEOMETRIC_PRESENTATION_REPRESENTATION (  '', ( #820 ), #869 ) ;
#1006 = CARTESIAN_POINT ( 'NONE',  ( 6.724999999999998757, 0.7461045228195398726, -0.01010540197133623884 ) ) ;
#1007 = CARTESIAN_POINT ( 'NONE',  ( 1.612999999999999989, 0.3000000000000000444, -5.241000000000000547 ) ) ;
#1008 = VERTEX_POINT ( 'NONE', #2103 ) ;
#1009 = CARTESIAN_POINT ( 'NONE',  ( 4.124999999999999112, 5.450000000000000178, -2.524999999999999911 ) ) ;
#1010 = CARTESIAN_POINT ( 'NONE',  ( 7.325000000000000178, 0.3000000000000000444, -5.225000000000000533 ) ) ;
#1011 = EDGE_LOOP ( 'NONE', ( #1573, #1904, #420, #1058 ) ) ;
#1012 = DIRECTION ( 'NONE',  ( -1.000000000000000000, -0.0000000000000000000, -0.0000000000000000000 ) ) ;
#1013 = ADVANCED_FACE ( 'NONE', ( #2329 ), #2363, .T. ) ;
#1014 = DIRECTION ( 'NONE',  ( 0.0000000000000000000, 0.9828721869343218787, 0.1842885350501853592 ) ) ;
#1015 = CARTESIAN_POINT ( 'NONE',  ( 2.325000000000001066, 0.4000000000000000777, -0.07500000000000002498 ) ) ;
#1016 = EDGE_CURVE ( 'NONE', #198, #371, #2756, .T. ) ;
#1017 =( NAMED_UNIT ( * ) SI_UNIT ( $, .STERADIAN. ) SOLID_ANGLE_UNIT ( ) );
#1018 = CARTESIAN_POINT ( 'NONE',  ( 9.049999999999991829, 0.8000000000000088152, -3.550000000000001155 ) ) ;
#1019 = ORIENTED_EDGE ( 'NONE', *, *, #2578, .T. ) ;
#1020 = PRESENTATION_STYLE_ASSIGNMENT (( #147 ) ) ;
#1021 = EDGE_CURVE ( 'NONE', #1912, #1437, #138, .T. ) ;
#1022 = ORIENTED_EDGE ( 'NONE', *, *, #2788, .F. ) ;
#1023 = FACE_OUTER_BOUND ( 'NONE', #2535, .T. ) ;
#1024 = SURFACE_SIDE_STYLE ('',( #108 ) ) ;
#1025 = FACE_OUTER_BOUND ( 'NONE', #307, .T. ) ;
#1026 = DIRECTION ( 'NONE',  ( -0.0000000000000000000, -1.000000000000000000, -0.0000000000000000000 ) ) ;
#1027 =( LENGTH_UNIT ( ) NAMED_UNIT ( * ) SI_UNIT ( .MILLI., .METRE. ) );
#1028 = EDGE_LOOP ( 'NONE', ( #896, #1205, #88, #1991 ) ) ;
#1029 = EDGE_LOOP ( 'NONE', ( #115, #1199, #2714, #672 ) ) ;
#1030 = EDGE_CURVE ( 'NONE', #895, #2119, #796, .T. ) ;
#1031 = DIRECTION ( 'NONE',  ( -1.000000000000000000, 0.0000000000000000000, 0.0000000000000000000 ) ) ;
#1032 = ORIENTED_EDGE ( 'NONE', *, *, #886, .T. ) ;
#1033 = VECTOR ( 'NONE', #1639, 1000.000000000000000 ) ;
#1034 = VECTOR ( 'NONE', #414, 1000.000000000000000 ) ;
#1035 = ORIENTED_EDGE ( 'NONE', *, *, #452, .F. ) ;
#1036 = CARTESIAN_POINT ( 'NONE',  ( 2.324999999999999734, 0.3000000000000000444, -4.387500000000000178 ) ) ;
#1037 = DIRECTION ( 'NONE',  ( 0.0000000000000000000, 0.0000000000000000000, -1.000000000000000000 ) ) ;
#1038 = VECTOR ( 'NONE', #1109, 1000.000000000000000 ) ;
#1039 = PLANE ( 'NONE',  #2318 ) ;
#1040 = LINE ( 'NONE', #1438, #718 ) ;
#1041 =( NAMED_UNIT ( * ) PLANE_ANGLE_UNIT ( ) SI_UNIT ( $, .RADIAN. ) );
#1042 = ORIENTED_EDGE ( 'NONE', *, *, #1021, .T. ) ;
#1043 = DIRECTION ( 'NONE',  ( -0.0000000000000000000, 1.000000000000000000, 0.0000000000000000000 ) ) ;
#1044 = LINE ( 'NONE', #804, #1379 ) ;
#1045 = SURFACE_STYLE_USAGE ( .BOTH. , #2127 ) ;
#1046 = ORIENTED_EDGE ( 'NONE', *, *, #1084, .T. ) ;
#1047 = VERTEX_POINT ( 'NONE', #124 ) ;
#1048 = ORIENTED_EDGE ( 'NONE', *, *, #1865, .T. ) ;
#1049 = CARTESIAN_POINT ( 'NONE',  ( 9.050000000000069988, 2.800000000000000266, -2.524999999999999911 ) ) ;
#1050 = DIRECTION ( 'NONE',  ( 0.0000000000000000000, 0.7628940554509464622, 0.6465235186422906288 ) ) ;
#1051 = EDGE_CURVE ( 'NONE', #983, #345, #757, .T. ) ;
#1052 = AXIS2_PLACEMENT_3D ( 'NONE', #97, #1907, #2812 ) ;
#1053 = LINE ( 'NONE', #842, #643 ) ;
#1054 = AXIS2_PLACEMENT_3D ( 'NONE', #1332, #1380, #271 ) ;
#1055 = DIRECTION ( 'NONE',  ( -1.000000000000000000, -0.0000000000000000000, -0.0000000000000000000 ) ) ;
#1056 = PLANE ( 'NONE',  #2251 ) ;
#1057 = CARTESIAN_POINT ( 'NONE',  ( 1.612999999999999989, 0.8858442495603002786, -3.535280017582999701 ) ) ;
#1058 = ORIENTED_EDGE ( 'NONE', *, *, #412, .F. ) ;
#1059 = VERTEX_POINT ( 'NONE', #2544 ) ;
#1060 = PRESENTATION_STYLE_ASSIGNMENT (( #183 ) ) ;
#1061 = EDGE_LOOP ( 'NONE', ( #2681, #1731, #819, #725, #1235, #605, #975 ) ) ;
#1062 = EDGE_LOOP ( 'NONE', ( #2661, #1945, #102, #696 ) ) ;
#1063 = FILL_AREA_STYLE ('',( #187 ) ) ;
#1064 = DIRECTION ( 'NONE',  ( 1.000000000000000000, 0.0000000000000000000, 0.0000000000000000000 ) ) ;
#1065 = DIRECTION ( 'NONE',  ( 1.000000000000000000, -0.0000000000000000000, 0.0000000000000000000 ) ) ;
#1066 = EDGE_CURVE ( 'NONE', #417, #1167, #2585, .T. ) ;
#1067 = CARTESIAN_POINT ( 'NONE',  ( 8.974999999999999645, 3.100000000000000533, -1.025000000000000133 ) ) ;
#1068 = PLANE ( 'NONE',  #2501 ) ;
#1069 = CARTESIAN_POINT ( 'NONE',  ( 7.324999999999998401, 0.7461045231171888892, -0.01010540191512021915 ) ) ;
#1070 = FACE_OUTER_BOUND ( 'NONE', #1540, .T. ) ;
#1071 = LINE ( 'NONE', #394, #1926 ) ;
#1072 = CARTESIAN_POINT ( 'NONE',  ( 4.525000000000000355, 0.2999999999999800049, 1.675000000000000044 ) ) ;
#1073 = ORIENTED_EDGE ( 'NONE', *, *, #666, .F. ) ;
#1074 = ORIENTED_EDGE ( 'NONE', *, *, #2061, .T. ) ;
#1075 = ORIENTED_EDGE ( 'NONE', *, *, #1430, .F. ) ;
#1076 = CARTESIAN_POINT ( 'NONE',  ( 8.950000000000002842, 3.600000000000000977, -2.524999999999975930 ) ) ;
#1077 = AXIS2_PLACEMENT_3D ( 'NONE', #50, #654, #1589 ) ;
#1078 = VECTOR ( 'NONE', #2289, 1000.000000000000000 ) ;
#1079 = SURFACE_SIDE_STYLE ('',( #609 ) ) ;
#1080 = CARTESIAN_POINT ( 'NONE',  ( 4.524999999999998579, 0.8684747544709001676, -3.549999999999999822 ) ) ;
#1081 = STYLED_ITEM ( 'NONE', ( #1020 ), #2561 ) ;
#1082 =( NAMED_UNIT ( * ) SI_UNIT ( $, .STERADIAN. ) SOLID_ANGLE_UNIT ( ) );
#1083 = EDGE_CURVE ( 'NONE', #2728, #2401, #597, .T. ) ;
#1084 = EDGE_CURVE ( 'NONE', #1305, #462, #769, .T. ) ;
#1085 = VECTOR ( 'NONE', #2770, 1000.000000000000000 ) ;
#1086 = LINE ( 'NONE', #627, #641 ) ;
#1087 = ORIENTED_EDGE ( 'NONE', *, *, #51, .F. ) ;
#1088 = UNCERTAINTY_MEASURE_WITH_UNIT (LENGTH_MEASURE( 1.000000000000000082E-05 ), #1468, 'distance_accuracy_value', 'NONE');
#1089 = CARTESIAN_POINT ( 'NONE',  ( 0.0000000000000000000, 3.500000000000038192, -1.025000000000024114 ) ) ;
#1090 =( NAMED_UNIT ( * ) SI_UNIT ( $, .STERADIAN. ) SOLID_ANGLE_UNIT ( ) );
#1091 = EDGE_CURVE ( 'NONE', #2728, #1130, #551, .T. ) ;
#1092 = CARTESIAN_POINT ( 'NONE',  ( 1.725000000000000755, 0.3000000000000077049, -4.424999999999999822 ) ) ;
#1093 = ORIENTED_EDGE ( 'NONE', *, *, #899, .F. ) ;
#1094 = ORIENTED_EDGE ( 'NONE', *, *, #2290, .T. ) ;
#1095 = SURFACE_STYLE_FILL_AREA ( #1063 ) ;
#1096 = COLOUR_RGB ( '',0.2509803921568627416, 0.2588235294117646745, 0.2588235294117646745 ) ;
#1097 = FACE_OUTER_BOUND ( 'NONE', #1190, .T. ) ;
#1098 = PLANE ( 'NONE',  #310 ) ;
#1099 = VECTOR ( 'NONE', #1856, 1000.000000000000000 ) ;
#1100 = DIRECTION ( 'NONE',  ( -0.0000000000000000000, -1.000000000000000000, -0.0000000000000000000 ) ) ;
#1101 = EDGE_CURVE ( 'NONE', #19, #2579, #872, .T. ) ;
#1102 = EDGE_LOOP ( 'NONE', ( #2564, #2670, #2068, #951 ) ) ;
#1103 = FILL_AREA_STYLE_COLOUR ( '', #2689 ) ;
#1104 = DIRECTION ( 'NONE',  ( -0.0000000000000000000, 1.000000000000000000, -0.0000000000000000000 ) ) ;
#1105 =( NAMED_UNIT ( * ) SI_UNIT ( $, .STERADIAN. ) SOLID_ANGLE_UNIT ( ) );
#1106 = EDGE_LOOP ( 'NONE', ( #1107, #1196, #1307, #2702 ) ) ;
#1107 = ORIENTED_EDGE ( 'NONE', *, *, #1919, .T. ) ;
#1108 = EDGE_CURVE ( 'NONE', #2368, #1315, #652, .T. ) ;
#1109 = DIRECTION ( 'NONE',  ( -0.0000000000000000000, -0.0000000000000000000, 1.000000000000000000 ) ) ;
#1110 = FACE_OUTER_BOUND ( 'NONE', #1619, .T. ) ;
#1111 = DIRECTION ( 'NONE',  ( 0.0000000000000000000, 0.0000000000000000000, 1.000000000000000000 ) ) ;
#1112 = ADVANCED_FACE ( 'NONE', ( #1983 ), #1098, .T. ) ;
#1113 = CARTESIAN_POINT ( 'NONE',  ( 4.124999999999999112, 4.474999999999999645, -1.025000000000000133 ) ) ;
#1114 = ORIENTED_EDGE ( 'NONE', *, *, #2157, .T. ) ;
#1115 =( NAMED_UNIT ( * ) PLANE_ANGLE_UNIT ( ) SI_UNIT ( $, .RADIAN. ) );
#1116 = UNCERTAINTY_MEASURE_WITH_UNIT (LENGTH_MEASURE( 1.000000000000000082E-05 ), #2384, 'distance_accuracy_value', 'NONE');
#1117 = PLANE ( 'NONE',  #681 ) ;
#1118 = CARTESIAN_POINT ( 'NONE',  ( 1.612999999999999989, 1.192500000000000115, -0.01750000000000000167 ) ) ;
#1119 = FACE_OUTER_BOUND ( 'NONE', #885, .T. ) ;
#1120 = VERTEX_POINT ( 'NONE', #2642 ) ;
#1121 = EDGE_LOOP ( 'NONE', ( #342, #2823, #1425, #2509 ) ) ;
#1122 = ADVANCED_BREP_SHAPE_REPRESENTATION ( '73EB4DEC-447C-40DE-929B-316607038767', ( #78, #1077 ), #209 ) ;
#1123 = EDGE_CURVE ( 'NONE', #2143, #1713, #1750, .T. ) ;
#1124 = DIRECTION ( 'NONE',  ( 1.000000000000000000, 0.0000000000000000000, 0.0000000000000000000 ) ) ;
#1125 = CARTESIAN_POINT ( 'NONE',  ( 2.324999999999999734, 2.009068977263002431E-13, -4.285999120847867161 ) ) ;
#1126 = LINE ( 'NONE', #2012, #879 ) ;
#1127 = CARTESIAN_POINT ( 'NONE',  ( 1.724999999999999867, 0.3000000000000002109, 0.8749999999999996669 ) ) ;
#1128 = VECTOR ( 'NONE', #1407, 1000.000000000000000 ) ;
#1129 = VECTOR ( 'NONE', #2624, 1000.000000000000000 ) ;
#1130 = VERTEX_POINT ( 'NONE', #1761 ) ;
#1131 = LINE ( 'NONE', #745, #2584 ) ;
#1132 = CARTESIAN_POINT ( 'NONE',  ( 7.324999999999998401, 0.4000000000000000777, -0.07500000000000002498 ) ) ;
#1133 = CIRCLE ( 'NONE', #1779, 0.1000000000000011297 ) ;
#1134 = LINE ( 'NONE', #69, #1192 ) ;
#1135 = VERTEX_POINT ( 'NONE', #178 ) ;
#1136 = ORIENTED_EDGE ( 'NONE', *, *, #1666, .T. ) ;
#1137 = VERTEX_POINT ( 'NONE', #2423 ) ;
#1138 = PLANE ( 'NONE',  #426 ) ;
#1139 = EDGE_CURVE ( 'NONE', #518, #2285, #2390, .T. ) ;
#1140 = ADVANCED_FACE ( 'NONE', ( #2844 ), #1039, .T. ) ;
#1141 = STYLED_ITEM ( 'NONE', ( #746 ), #272 ) ;
#1142 = ADVANCED_FACE ( 'NONE', ( #1267 ), #1924, .F. ) ;
#1143 = LINE ( 'NONE', #1807, #2011 ) ;
#1144 = VECTOR ( 'NONE', #158, 1000.000000000000000 ) ;
#1145 = LINE ( 'NONE', #700, #1150 ) ;
#1146 = ORIENTED_EDGE ( 'NONE', *, *, #1913, .F. ) ;
#1147 = CARTESIAN_POINT ( 'NONE',  ( 1.725000000000000089, 1.198500000000000121, -0.04380751001075999795 ) ) ;
#1148 = CARTESIAN_POINT ( 'NONE',  ( 2.325000000000000622, 0.2999999999999900524, 1.674999999999895683 ) ) ;
#1149 = FACE_OUTER_BOUND ( 'NONE', #2834, .T. ) ;
#1150 = VECTOR ( 'NONE', #475, 1000.000000000000000 ) ;
#1151 = LINE ( 'NONE', #735, #547 ) ;
#1152 = VECTOR ( 'NONE', #593, 1000.000000000000000 ) ;
#1153 = ORIENTED_EDGE ( 'NONE', *, *, #2648, .T. ) ;
#1154 = ORIENTED_EDGE ( 'NONE', *, *, #1865, .F. ) ;
#1155 = EDGE_CURVE ( 'NONE', #2396, #1944, #1053, .T. ) ;
#1156 = VERTEX_POINT ( 'NONE', #2623 ) ;
#1157 = CARTESIAN_POINT ( 'NONE',  ( 6.424999999999999822, 3.484858348835000008, -2.555000000000000160 ) ) ;
#1158 = CARTESIAN_POINT ( 'NONE',  ( 4.525000000000000355, 3.500000000000000000, -3.349999999999999201 ) ) ;
#1159 = EDGE_CURVE ( 'NONE', #280, #2115, #622, .T. ) ;
#1160 = ORIENTED_EDGE ( 'NONE', *, *, #1993, .F. ) ;
#1161 = CARTESIAN_POINT ( 'NONE',  ( 6.424999999999998934, 3.600000000000000089, -1.774999999999999689 ) ) ;
#1162 = LINE ( 'NONE', #2044, #2409 ) ;
#1163 = LINE ( 'NONE', #55, #806 ) ;
#1164 = LINE ( 'NONE', #2718, #2511 ) ;
#1165 = VERTEX_POINT ( 'NONE', #1952 ) ;
#1166 = ORIENTED_EDGE ( 'NONE', *, *, #2046, .T. ) ;
#1167 = VERTEX_POINT ( 'NONE', #858 ) ;
#1168 = FACE_OUTER_BOUND ( 'NONE', #1029, .T. ) ;
#1169 = FILL_AREA_STYLE ('',( #508 ) ) ;
#1170 = LINE ( 'NONE', #942, #739 ) ;
#1171 = CARTESIAN_POINT ( 'NONE',  ( 4.824999999999999289, 1.332494997121561164, -3.550000000000006484 ) ) ;
#1172 = ADVANCED_FACE ( 'NONE', ( #1523 ), #2038, .T. ) ;
#1173 = VECTOR ( 'NONE', #2254, 1000.000000000000000 ) ;
#1174 = CARTESIAN_POINT ( 'NONE',  ( 2.325000000000000178, 0.7999999999999999334, 5.586044644288181912E-14 ) ) ;
#1175 = UNCERTAINTY_MEASURE_WITH_UNIT (LENGTH_MEASURE( 1.000000000000000082E-05 ), #1027, 'distance_accuracy_value', 'NONE');
#1176 = AXIS2_PLACEMENT_3D ( 'NONE', #2565, #560, #1443 ) ;
#1177 = ADVANCED_FACE ( 'NONE', ( #2471 ), #2726, .T. ) ;
#1178 = DIRECTION ( 'NONE',  ( -0.0000000000000000000, -1.000000000000000000, -0.0000000000000000000 ) ) ;
#1179 = PRESENTATION_LAYER_ASSIGNMENT (  '', '', ( #1679 ) ) ;
#1180 = LINE ( 'NONE', #2080, #1788 ) ;
#1181 = EDGE_CURVE ( 'NONE', #1315, #988, #2712, .T. ) ;
#1182 = VERTEX_POINT ( 'NONE', #711 ) ;
#1183 = ORIENTED_EDGE ( 'NONE', *, *, #2211, .F. ) ;
#1184 = AXIS2_PLACEMENT_3D ( 'NONE', #1377, #726, #2239 ) ;
#1185 = ORIENTED_EDGE ( 'NONE', *, *, #2339, .F. ) ;
#1186 = PRESENTATION_STYLE_ASSIGNMENT (( #548 ) ) ;
#1187 = LINE ( 'NONE', #1879, #1248 ) ;
#1188 = LINE ( 'NONE', #1404, #298 ) ;
#1189 = COLOUR_RGB ( '',0.2509803921568627416, 0.2588235294117646745, 0.2588235294117646745 ) ;
#1190 = EDGE_LOOP ( 'NONE', ( #2429, #235, #2286, #1949 ) ) ;
#1191 = CARTESIAN_POINT ( 'NONE',  ( 0.2151416511649000274, 2.784000000000000252, -2.524999999999999911 ) ) ;
#1192 = VECTOR ( 'NONE', #1579, 1000.000000000000000 ) ;
#1193 = CARTESIAN_POINT ( 'NONE',  ( 7.325000000000000178, 0.3000000000000077049, -4.424999999999999822 ) ) ;
#1194 = VECTOR ( 'NONE', #128, 1000.000000000000000 ) ;
#1195 = PRESENTATION_STYLE_ASSIGNMENT (( #516 ) ) ;
#1196 = ORIENTED_EDGE ( 'NONE', *, *, #1830, .F. ) ;
#1197 = ORIENTED_EDGE ( 'NONE', *, *, #1531, .F. ) ;
#1198 = EDGE_CURVE ( 'NONE', #1137, #1730, #742, .T. ) ;
#1199 = ORIENTED_EDGE ( 'NONE', *, *, #28, .T. ) ;
#1200 = CARTESIAN_POINT ( 'NONE',  ( -0.1810000000000000220, 0.7620000000000000107, 0.0000000000000000000 ) ) ;
#1201 = EDGE_CURVE ( 'NONE', #1713, #2446, #1170, .T. ) ;
#1202 = DIRECTION ( 'NONE',  ( 0.0000000000000000000, 0.0000000000000000000, -1.000000000000000000 ) ) ;
#1203 = LINE ( 'NONE', #1660, #624 ) ;
#1204 = DIRECTION ( 'NONE',  ( 0.0000000000000000000, 1.000000000000000000, 0.0000000000000000000 ) ) ;
#1205 = ORIENTED_EDGE ( 'NONE', *, *, #2719, .F. ) ;
#1206 = CARTESIAN_POINT ( 'NONE',  ( 4.224999999999999645, 0.8684747544708959488, -3.549999999999990052 ) ) ;
#1207 = CARTESIAN_POINT ( 'NONE',  ( 9.031250000000005329, 2.799999999999975842, -1.775000000000000133 ) ) ;
#1208 = LINE ( 'NONE', #1015, #503 ) ;
#1209 = ORIENTED_EDGE ( 'NONE', *, *, #2495, .T. ) ;
#1210 = EDGE_LOOP ( 'NONE', ( #999, #437, #1785, #1154 ) ) ;
#1211 = LINE ( 'NONE', #1915, #1606 ) ;
#1212 = EDGE_CURVE ( 'NONE', #2695, #2385, #1622, .T. ) ;
#1213 = CARTESIAN_POINT ( 'NONE',  ( 4.225000000000001421, 0.2999999999999950484, 1.674999999999999822 ) ) ;
#1214 = DIRECTION ( 'NONE',  ( 0.0000000000000000000, 1.000000000000000000, 0.0000000000000000000 ) ) ;
#1215 = CARTESIAN_POINT ( 'NONE',  ( 4.525000000000000355, 0.2999999999999800049, 1.675000000000000044 ) ) ;
#1216 = ORIENTED_EDGE ( 'NONE', *, *, #2731, .F. ) ;
#1217 = FACE_OUTER_BOUND ( 'NONE', #2196, .T. ) ;
#1218 = COLOUR_RGB ( '',0.2509803921568627416, 0.2588235294117646745, 0.2588235294117646745 ) ;
#1219 = LINE ( 'NONE', #1886, #1194 ) ;
#1220 = VECTOR ( 'NONE', #2588, 1000.000000000000000 ) ;
#1221 = VECTOR ( 'NONE', #1254, 1000.000000000000000 ) ;
#1222 = ORIENTED_EDGE ( 'NONE', *, *, #845, .T. ) ;
#1223 = CARTESIAN_POINT ( 'NONE',  ( 9.050000000000043343, 3.500000000000038192, -1.025000000000001688 ) ) ;
#1224 = LINE ( 'NONE', #2311, #1543 ) ;
#1225 = EDGE_LOOP ( 'NONE', ( #1947, #1979, #1209, #468, #1504, #1684, #1262 ) ) ;
#1226 = VECTOR ( 'NONE', #880, 1000.000000000000114 ) ;
#1227 = DIRECTION ( 'NONE',  ( -1.000000000000000000, 0.0000000000000000000, 0.0000000000000000000 ) ) ;
#1228 = VECTOR ( 'NONE', #1528, 1000.000000000000000 ) ;
#1229 = PRODUCT_DEFINITION ( 'UNKNOWN', '', #1364, #1408 ) ;
#1230 = EDGE_LOOP ( 'NONE', ( #2369, #1216, #1004, #1094 ) ) ;
#1231 = CARTESIAN_POINT ( 'NONE',  ( 2.292597909008623710E-15, 2.699999999999990408, -3.550000000000001155 ) ) ;
#1232 = CARTESIAN_POINT ( 'NONE',  ( 4.124999999999999112, 3.461000000000000298, -0.9950000000000002176 ) ) ;
#1233 = ADVANCED_FACE ( 'NONE', ( #2274, #1110 ), #682, .T. ) ;
#1234 =( NAMED_UNIT ( * ) SI_UNIT ( $, .STERADIAN. ) SOLID_ANGLE_UNIT ( ) );
#1235 = ORIENTED_EDGE ( 'NONE', *, *, #123, .F. ) ;
#1236 = CARTESIAN_POINT ( 'NONE',  ( 4.524999999999998579, 2.799999999999999822, -1.025000000000000133 ) ) ;
#1237 = VECTOR ( 'NONE', #10, 1000.000000000000114 ) ;
#1238 = DIRECTION ( 'NONE',  ( 0.0000000000000000000, 0.6465235186422906288, -0.7628940554509464622 ) ) ;
#1239 = PLANE ( 'NONE',  #2831 ) ;
#1240 = ORIENTED_EDGE ( 'NONE', *, *, #1900, .F. ) ;
#1241 = AXIS2_PLACEMENT_3D ( 'NONE', #2195, #193, #1537 ) ;
#1242 = CARTESIAN_POINT ( 'NONE',  ( 4.225000000000000533, 1.355252715606880543E-17, -5.224999999999998757 ) ) ;
#1243 = DIRECTION ( 'NONE',  ( 0.0000000000000000000, 0.0000000000000000000, 1.000000000000000000 ) ) ;
#1244 = AXIS2_PLACEMENT_3D ( 'NONE', #283, #2484, #2225 ) ;
#1245 = VERTEX_POINT ( 'NONE', #227 ) ;
#1246 = EDGE_LOOP ( 'NONE', ( #197, #1136, #265, #80 ) ) ;
#1247 = DIRECTION ( 'NONE',  ( 0.0000000000000000000, 0.7071067811865339170, -0.7071067811865611175 ) ) ;
#1248 = VECTOR ( 'NONE', #2071, 1000.000000000000000 ) ;
#1249 = FILL_AREA_STYLE ('',( #995 ) ) ;
#1250 = LINE ( 'NONE', #1855, #2205 ) ;
#1251 = STYLED_ITEM ( 'NONE', ( #1362 ), #1288 ) ;
#1252 = LINE ( 'NONE', #733, #2869 ) ;
#1253 = CARTESIAN_POINT ( 'NONE',  ( 4.525000000000000355, 1.332494997121553837, -3.550000000000012701 ) ) ;
#1254 = DIRECTION ( 'NONE',  ( -1.000000000000000000, -0.0000000000000000000, -0.0000000000000000000 ) ) ;
#1255 = FILL_AREA_STYLE_COLOUR ( '', #294 ) ;
#1256 = EDGE_CURVE ( 'NONE', #469, #678, #1995, .T. ) ;
#1257 = CARTESIAN_POINT ( 'NONE',  ( 0.1999999999999998723, 3.499999999999984901, -1.024999999999999911 ) ) ;
#1258 = ORIENTED_EDGE ( 'NONE', *, *, #1356, .F. ) ;
#1259 = FACE_OUTER_BOUND ( 'NONE', #2036, .T. ) ;
#1260 = PLANE ( 'NONE',  #133 ) ;
#1261 = ORIENTED_EDGE ( 'NONE', *, *, #305, .T. ) ;
#1262 = ORIENTED_EDGE ( 'NONE', *, *, #1159, .F. ) ;
#1263 = ORIENTED_EDGE ( 'NONE', *, *, #2610, .T. ) ;
#1264 = CARTESIAN_POINT ( 'NONE',  ( 6.724999999999999645, 0.5874999999999999112, 1.675000000000000044 ) ) ;
#1265 = PRESENTATION_STYLE_ASSIGNMENT (( #578 ) ) ;
#1266 = PLANE ( 'NONE',  #175 ) ;
#1267 = FACE_OUTER_BOUND ( 'NONE', #1632, .T. ) ;
#1268 = LINE ( 'NONE', #2135, #1586 ) ;
#1269 = CARTESIAN_POINT ( 'NONE',  ( 0.01874999999999375430, 2.799999999999994049, -2.525000000000000355 ) ) ;
#1270 = SURFACE_SIDE_STYLE ('',( #318 ) ) ;
#1271 = EDGE_CURVE ( 'NONE', #1354, #2772, #510, .T. ) ;
#1272 = ORIENTED_EDGE ( 'NONE', *, *, #685, .T. ) ;
#1273 = DIRECTION ( 'NONE',  ( 0.0000000000000000000, 1.000000000000000000, 0.0000000000000000000 ) ) ;
#1274 = EDGE_CURVE ( 'NONE', #1059, #87, #1806, .T. ) ;
#1275 = ORIENTED_EDGE ( 'NONE', *, *, #1773, .T. ) ;
#1276 = ORIENTED_EDGE ( 'NONE', *, *, #359, .T. ) ;
#1277 = VECTOR ( 'NONE', #2460, 1000.000000000000000 ) ;
#1278 = COLOUR_RGB ( '',0.2509803921568627416, 0.2588235294117646745, 0.2588235294117646745 ) ;
#1279 = VECTOR ( 'NONE', #442, 1000.000000000000000 ) ;
#1280 = ORIENTED_EDGE ( 'NONE', *, *, #2719, .T. ) ;
#1281 = DIRECTION ( 'NONE',  ( 1.000000000000000000, 0.0000000000000000000, 0.0000000000000000000 ) ) ;
#1282 = CARTESIAN_POINT ( 'NONE',  ( 7.325000000000000178, 0.0000000000000000000, -4.755499560424000016 ) ) ;
#1283 = VECTOR ( 'NONE', #898, 1000.000000000000000 ) ;
#1284 = CARTESIAN_POINT ( 'NONE',  ( 4.525000000000000355, 3.500000000000000000, -1.024999999999999911 ) ) ;
#1285 = CARTESIAN_POINT ( 'NONE',  ( 7.325000000000000178, 1.750000000000000000, 0.0000000000000000000 ) ) ;
#1286 = CARTESIAN_POINT ( 'NONE',  ( 4.525000000000000355, -1.301042606982605321E-15, 0.7359991208482108416 ) ) ;
#1287 = CARTESIAN_POINT ( 'NONE',  ( 4.825000000000000178, -3.032377951170395214E-16, 0.7359991208481736491 ) ) ;
#1288 = ADVANCED_FACE ( 'NONE', ( #2502 ), #2241, .T. ) ;
#1289 = STYLED_ITEM ( 'NONE', ( #2602 ), #6 ) ;
#1290 = PLANE ( 'NONE',  #1293 ) ;
#1291 = ORIENTED_EDGE ( 'NONE', *, *, #575, .F. ) ;
#1292 = ORIENTED_EDGE ( 'NONE', *, *, #825, .T. ) ;
#1293 = AXIS2_PLACEMENT_3D ( 'NONE', #22, #435, #894 ) ;
#1294 = EDGE_CURVE ( 'NONE', #740, #2143, #1126, .T. ) ;
#1295 = VECTOR ( 'NONE', #655, 1000.000000000000000 ) ;
#1296 = EDGE_LOOP ( 'NONE', ( #156, #1786, #296, #2618 ) ) ;
#1297 = DIRECTION ( 'NONE',  ( 1.000000000000000000, 0.0000000000000000000, -0.0000000000000000000 ) ) ;
#1298 = DIRECTION ( 'NONE',  ( -0.0000000000000000000, 1.000000000000000000, 0.0000000000000000000 ) ) ;
#1299 = PRESENTATION_LAYER_ASSIGNMENT (  '', '', ( #876 ) ) ;
#1300 = FACE_OUTER_BOUND ( 'NONE', #866, .T. ) ;
#1301 = CARTESIAN_POINT ( 'NONE',  ( 0.2000000000000000111, 3.600000000000079137, -2.937500000000000000 ) ) ;
#1302 = VERTEX_POINT ( 'NONE', #2131 ) ;
#1303 = ORIENTED_EDGE ( 'NONE', *, *, #1066, .F. ) ;
#1304 = LINE ( 'NONE', #848, #1839 ) ;
#1305 = VERTEX_POINT ( 'NONE', #1231 ) ;
#1306 = ORIENTED_EDGE ( 'NONE', *, *, #2610, .F. ) ;
#1307 = ORIENTED_EDGE ( 'NONE', *, *, #487, .T. ) ;
#1308 = CARTESIAN_POINT ( 'NONE',  ( 4.225000000000000533, 0.3000000000000000444, -5.225000000000000533 ) ) ;
#1309 = EDGE_CURVE ( 'NONE', #2285, #1583, #149, .T. ) ;
#1310 = PLANE ( 'NONE',  #765 ) ;
#1311 = DIRECTION ( 'NONE',  ( 0.0000000000000000000, -1.000000000000000000, 0.0000000000000000000 ) ) ;
#1312 = ORIENTED_EDGE ( 'NONE', *, *, #981, .T. ) ;
#1313 = PLANE ( 'NONE',  #2504 ) ;
#1314 = VERTEX_POINT ( 'NONE', #355 ) ;
#1315 = VERTEX_POINT ( 'NONE', #1009 ) ;
#1316 = AXIS2_PLACEMENT_3D ( 'NONE', #844, #363, #875 ) ;
#1317 = VECTOR ( 'NONE', #1384, 1000.000000000000000 ) ;
#1318 = FILL_AREA_STYLE_COLOUR ( '', #2398 ) ;
#1319 = ADVANCED_FACE ( 'NONE', ( #967 ), #1866, .T. ) ;
#1320 = VECTOR ( 'NONE', #2013, 1000.000000000000000 ) ;
#1321 = FILL_AREA_STYLE ('',( #2854 ) ) ;
#1322 = CARTESIAN_POINT ( 'NONE',  ( 4.079000000000000625, 3.484858348835000008, -2.524999999999999911 ) ) ;
#1323 = ADVANCED_FACE ( 'NONE', ( #522, #2753, #1634, #1023 ), #562, .T. ) ;
#1324 = PLANE ( 'NONE',  #2514 ) ;
#1325 = UNCERTAINTY_MEASURE_WITH_UNIT (LENGTH_MEASURE( 1.000000000000000082E-05 ), #2209, 'distance_accuracy_value', 'NONE');
#1326 = LINE ( 'NONE', #1132, #1237 ) ;
#1327 = ORIENTED_EDGE ( 'NONE', *, *, #2430, .T. ) ;
#1328 = ORIENTED_EDGE ( 'NONE', *, *, #883, .T. ) ;
#1329 = ORIENTED_EDGE ( 'NONE', *, *, #1811, .T. ) ;
#1330 = CARTESIAN_POINT ( 'NONE',  ( -2.791820594150173918E-15, 1.750000000000000000, -3.549999999999999822 ) ) ;
#1331 = VECTOR ( 'NONE', #2732, 1000.000000000000000 ) ;
#1332 = CARTESIAN_POINT ( 'NONE',  ( 9.126999999999998892, 3.600000000000000533, -0.1370000000000000107 ) ) ;
#1333 = DIRECTION ( 'NONE',  ( -1.000000000000000000, 0.0000000000000000000, 0.0000000000000000000 ) ) ;
#1334 = VECTOR ( 'NONE', #1526, 1000.000000000000000 ) ;
#1335 = VECTOR ( 'NONE', #1281, 1000.000000000000000 ) ;
#1336 = LINE ( 'NONE', #645, #1334 ) ;
#1337 = ORIENTED_EDGE ( 'NONE', *, *, #1101, .F. ) ;
#1338 = FACE_OUTER_BOUND ( 'NONE', #186, .T. ) ;
#1339 = EDGE_CURVE ( 'NONE', #2138, #2431, #1187, .T. ) ;
#1340 = CARTESIAN_POINT ( 'NONE',  ( 1.725000000000000089, 1.192500000000000115, -0.01750000000000000167 ) ) ;
#1341 = DIRECTION ( 'NONE',  ( 0.0000000000000000000, 0.0000000000000000000, 1.000000000000000000 ) ) ;
#1342 = DIRECTION ( 'NONE',  ( -0.0000000000000000000, 1.000000000000000000, 0.0000000000000000000 ) ) ;
#1343 = ORIENTED_EDGE ( 'NONE', *, *, #2339, .T. ) ;
#1344 = ORIENTED_EDGE ( 'NONE', *, *, #630, .F. ) ;
#1345 = ORIENTED_EDGE ( 'NONE', *, *, #1498, .F. ) ;
#1346 = CARTESIAN_POINT ( 'NONE',  ( 4.524999999999998579, 1.175000000000000044, 0.0000000000000000000 ) ) ;
#1347 = DIRECTION ( 'NONE',  ( 0.0000000000000000000, -0.7071067811865475727, 0.7071067811865475727 ) ) ;
#1348 = LINE ( 'NONE', #2713, #1548 ) ;
#1349 = EDGE_LOOP ( 'NONE', ( #761, #56, #2606, #258 ) ) ;
#1350 = DIRECTION ( 'NONE',  ( 1.000000000000000000, 0.0000000000000000000, 0.0000000000000000000 ) ) ;
#1351 = CARTESIAN_POINT ( 'NONE',  ( 9.050000000000089528, 3.200000000000000178, -1.024999999999999911 ) ) ;
#1352 = EDGE_CURVE ( 'NONE', #3, #2115, #980, .T. ) ;
#1353 = DIRECTION ( 'NONE',  ( 0.0000000000000000000, 0.0000000000000000000, -1.000000000000000000 ) ) ;
#1354 = VERTEX_POINT ( 'NONE', #1213 ) ;
#1355 = VERTEX_POINT ( 'NONE', #2779 ) ;
#1356 = EDGE_CURVE ( 'NONE', #545, #1617, #650, .T. ) ;
#1357 = ORIENTED_EDGE ( 'NONE', *, *, #1656, .F. ) ;
#1358 = CARTESIAN_POINT ( 'NONE',  ( 4.225000000000001421, 0.3000000000000000444, -4.825000000000001066 ) ) ;
#1359 = FACE_OUTER_BOUND ( 'NONE', #528, .T. ) ;
#1360 =( GEOMETRIC_REPRESENTATION_CONTEXT ( 3 ) GLOBAL_UNCERTAINTY_ASSIGNED_CONTEXT ( ( #2532 ) ) GLOBAL_UNIT_ASSIGNED_CONTEXT ( ( #2182, #642, #1082 ) ) REPRESENTATION_CONTEXT ( 'NONE', 'WORKASPACE' ) );
#1361 = VECTOR ( 'NONE', #1818, 1000.000000000000000 ) ;
#1362 = PRESENTATION_STYLE_ASSIGNMENT (( #48 ) ) ;
#1363 = DIRECTION ( 'NONE',  ( 0.0000000000000000000, 1.000000000000000000, 0.0000000000000000000 ) ) ;
#1364 = PRODUCT_DEFINITION_FORMATION_WITH_SPECIFIED_SOURCE ( 'ANY', '', #2481, .NOT_KNOWN. ) ;
#1365 = AXIS2_PLACEMENT_3D ( 'NONE', #1200, #105, #977 ) ;
#1366 = LINE ( 'NONE', #931, #1842 ) ;
#1367 =( GEOMETRIC_REPRESENTATION_CONTEXT ( 3 ) GLOBAL_UNCERTAINTY_ASSIGNED_CONTEXT ( ( #1810 ) ) GLOBAL_UNIT_ASSIGNED_CONTEXT ( ( #2146, #2101, #1447 ) ) REPRESENTATION_CONTEXT ( 'NONE', 'WORKASPACE' ) );
#1368 = VERTEX_POINT ( 'NONE', #1966 ) ;
#1369 = DIRECTION ( 'NONE',  ( -0.0000000000000000000, -1.000000000000000000, -0.0000000000000000000 ) ) ;
#1370 = PLANE ( 'NONE',  #1678 ) ;
#1371 = AXIS2_PLACEMENT_3D ( 'NONE', #2608, #1298, #1064 ) ;
#1372 =( NAMED_UNIT ( * ) SI_UNIT ( $, .STERADIAN. ) SOLID_ANGLE_UNIT ( ) );
#1373 = ORIENTED_EDGE ( 'NONE', *, *, #255, .T. ) ;
#1374 = ORIENTED_EDGE ( 'NONE', *, *, #170, .F. ) ;
#1375 = ORIENTED_EDGE ( 'NONE', *, *, #1514, .F. ) ;
#1376 = SURFACE_STYLE_FILL_AREA ( #490 ) ;
#1377 = CARTESIAN_POINT ( 'NONE',  ( 1.612999999999999989, 0.3151416511649000052, 1.675000000000000044 ) ) ;
#1378 = VECTOR ( 'NONE', #2147, 1000.000000000000000 ) ;
#1379 = VECTOR ( 'NONE', #117, 1000.000000000000000 ) ;
#1380 = DIRECTION ( 'NONE',  ( 0.0000000000000000000, 1.000000000000000000, 0.0000000000000000000 ) ) ;
#1381 = CARTESIAN_POINT ( 'NONE',  ( 4.524999999999999467, 3.600000000000000977, -1.024999999999999911 ) ) ;
#1382 = LINE ( 'NONE', #2278, #2650 ) ;
#1383 = EDGE_LOOP ( 'NONE', ( #1581, #2021, #1185, #2562 ) ) ;
#1384 = DIRECTION ( 'NONE',  ( -0.0000000000000000000, -1.000000000000000000, -0.0000000000000000000 ) ) ;
#1385 = SURFACE_STYLE_USAGE ( .BOTH. , #934 ) ;
#1386 = CARTESIAN_POINT ( 'NONE',  ( 0.2000000000000000111, 3.484858348835000008, -1.041499999999999870 ) ) ;
#1387 = COLOUR_RGB ( '',0.2509803921568627416, 0.2588235294117646745, 0.2588235294117646745 ) ;
#1388 = CARTESIAN_POINT ( 'NONE',  ( 4.524999999999997691, 0.7461045228195590795, -0.01010540197133270521 ) ) ;
#1389 = ORIENTED_EDGE ( 'NONE', *, *, #486, .T. ) ;
#1390 = VERTEX_POINT ( 'NONE', #1076 ) ;
#1391 = ORIENTED_EDGE ( 'NONE', *, *, #119, .T. ) ;
#1392 = SURFACE_STYLE_USAGE ( .BOTH. , #2269 ) ;
#1393 = ADVANCED_FACE ( 'NONE', ( #2375 ), #1532, .F. ) ;
#1394 = DIRECTION ( 'NONE',  ( -0.0000000000000000000, -1.000000000000000000, -0.0000000000000000000 ) ) ;
#1395 = EDGE_CURVE ( 'NONE', #456, #63, #1700, .T. ) ;
#1396 = EDGE_LOOP ( 'NONE', ( #2218, #520, #422, #904 ) ) ;
#1397 = CARTESIAN_POINT ( 'NONE',  ( 9.050000000000069988, 3.200000000000000178, -2.524999999999999911 ) ) ;
#1398 = LINE ( 'NONE', #1410, #1605 ) ;
#1399 = CARTESIAN_POINT ( 'NONE',  ( 7.324999999999999289, 1.359144897063999657, -3.516499999999999737 ) ) ;
#1400 =( LENGTH_UNIT ( ) NAMED_UNIT ( * ) SI_UNIT ( .MILLI., .METRE. ) );
#1401 = VERTEX_POINT ( 'NONE', #1716 ) ;
#1402 = ORIENTED_EDGE ( 'NONE', *, *, #2599, .F. ) ;
#1403 = VERTEX_POINT ( 'NONE', #2653 ) ;
#1404 = CARTESIAN_POINT ( 'NONE',  ( 8.850000000000001421, 3.550000000000000266, -3.349999999999999645 ) ) ;
#1405 = EDGE_CURVE ( 'NONE', #2775, #2662, #2190, .T. ) ;
#1406 = ORIENTED_EDGE ( 'NONE', *, *, #2192, .T. ) ;
#1407 = DIRECTION ( 'NONE',  ( 0.0000000000000000000, 1.000000000000000000, 0.0000000000000000000 ) ) ;
#1408 = PRODUCT_DEFINITION_CONTEXT ( 'detailed design', #418, 'design' ) ;
#1409 = VECTOR ( 'NONE', #1707, 1000.000000000000000 ) ;
#1410 = CARTESIAN_POINT ( 'NONE',  ( 8.900000000000000355, 3.500000000000000000, -1.774999999999999911 ) ) ;
#1411 = AXIS2_PLACEMENT_3D ( 'NONE', #1147, #2077, #477 ) ;
#1412 = CARTESIAN_POINT ( 'NONE',  ( 1.612999999999999989, 0.2793501000576000814, -4.442499999999999893 ) ) ;
#1413 = EDGE_CURVE ( 'NONE', #2042, #456, #2432, .T. ) ;
#1414 = VECTOR ( 'NONE', #2503, 1000.000000000000000 ) ;
#1415 = CARTESIAN_POINT ( 'NONE',  ( 4.525000000000000355, 3.500000000000000000, -2.524999999999999911 ) ) ;
#1416 = ORIENTED_EDGE ( 'NONE', *, *, #119, .F. ) ;
#1417 = VERTEX_POINT ( 'NONE', #1049 ) ;
#1418 = VECTOR ( 'NONE', #2853, 1000.000000000000000 ) ;
#1419 = EDGE_CURVE ( 'NONE', #1643, #2631, #2607, .T. ) ;
#1420 = EDGE_LOOP ( 'NONE', ( #1948, #2791, #2, #1610 ) ) ;
#1421 = DIRECTION ( 'NONE',  ( 0.0000000000000000000, 0.0000000000000000000, -1.000000000000000000 ) ) ;
#1422 = CARTESIAN_POINT ( 'NONE',  ( 4.524999999999999467, 3.600000000000079137, -3.349999999999999645 ) ) ;
#1423 = VECTOR ( 'NONE', #374, 1000.000000000000000 ) ;
#1424 = DIRECTION ( 'NONE',  ( -1.000000000000000000, -0.0000000000000000000, -0.0000000000000000000 ) ) ;
#1425 = ORIENTED_EDGE ( 'NONE', *, *, #1101, .T. ) ;
#1426 = DIRECTION ( 'NONE',  ( 0.0000000000000000000, 0.0000000000000000000, -1.000000000000000000 ) ) ;
#1427 = VECTOR ( 'NONE', #778, 1000.000000000000000 ) ;
#1428 = CARTESIAN_POINT ( 'NONE',  ( 2.624999999999999556, 3.600000000000000533, -1.024999999999999911 ) ) ;
#1429 = CARTESIAN_POINT ( 'NONE',  ( 8.899999999999996803, 3.499999999999999556, -3.399999999999999911 ) ) ;
#1430 = EDGE_CURVE ( 'NONE', #2374, #1417, #2852, .T. ) ;
#1431 = EDGE_LOOP ( 'NONE', ( #75, #71, #182, #1980, #1680, #267, #1432 ) ) ;
#1432 = ORIENTED_EDGE ( 'NONE', *, *, #481, .F. ) ;
#1433 = VECTOR ( 'NONE', #1311, 1000.000000000000000 ) ;
#1434 = VECTOR ( 'NONE', #1587, 1000.000000000000000 ) ;
#1435 = DIRECTION ( 'NONE',  ( 1.000000000000000000, 0.0000000000000000000, 0.0000000000000000000 ) ) ;
#1436 = CARTESIAN_POINT ( 'NONE',  ( 4.124999999999999112, 5.450000000000000178, -1.024999999999999911 ) ) ;
#1437 = VERTEX_POINT ( 'NONE', #2405 ) ;
#1438 = CARTESIAN_POINT ( 'NONE',  ( 8.849999999999999645, 3.549999999999999822, -0.1999999999999999833 ) ) ;
#1439 = CARTESIAN_POINT ( 'NONE',  ( 4.224999999999999645, 0.7461045228195398726, -0.01010540197133623884 ) ) ;
#1440 = EDGE_LOOP ( 'NONE', ( #723, #963, #2819, #770 ) ) ;
#1441 = EDGE_CURVE ( 'NONE', #2237, #2396, #853, .T. ) ;
#1442 = DIRECTION ( 'NONE',  ( -1.000000000000000000, -0.0000000000000000000, -0.0000000000000000000 ) ) ;
#1443 = DIRECTION ( 'NONE',  ( 0.1842885350501852204, 0.9828721869343218787, 0.0000000000000000000 ) ) ;
#1444 = EDGE_CURVE ( 'NONE', #2349, #1475, #384, .T. ) ;
#1445 = ORIENTED_EDGE ( 'NONE', *, *, #1294, .F. ) ;
#1446 = CARTESIAN_POINT ( 'NONE',  ( 9.230999999999998096, 0.7620000000000000107, -3.549999999999999822 ) ) ;
#1447 =( NAMED_UNIT ( * ) SI_UNIT ( $, .STERADIAN. ) SOLID_ANGLE_UNIT ( ) );
#1448 = SURFACE_STYLE_USAGE ( .BOTH. , #564 ) ;
#1449 = ORIENTED_EDGE ( 'NONE', *, *, #2307, .F. ) ;
#1450 = DIRECTION ( 'NONE',  ( -0.0000000000000000000, -0.0000000000000000000, 1.000000000000000000 ) ) ;
#1451 = CARTESIAN_POINT ( 'NONE',  ( -0.1810000000000000220, -0.01600000000000000033, -3.396999999999999797 ) ) ;
#1452 = VECTOR ( 'NONE', #2150, 1000.000000000000000 ) ;
#1453 = AXIS2_PLACEMENT_3D ( 'NONE', #1781, #836, #1471 ) ;
#1454 = VERTEX_POINT ( 'NONE', #1308 ) ;
#1455 = EDGE_CURVE ( 'NONE', #1302, #13, #2145, .T. ) ;
#1456 = VECTOR ( 'NONE', #373, 999.9999999999998863 ) ;
#1457 = DIRECTION ( 'NONE',  ( -1.000000000000000000, 0.0000000000000000000, 0.0000000000000000000 ) ) ;
#1458 =( LENGTH_UNIT ( ) NAMED_UNIT ( * ) SI_UNIT ( .MILLI., .METRE. ) );
#1459 = ORIENTED_EDGE ( 'NONE', *, *, #1549, .F. ) ;
#1460 = FACE_OUTER_BOUND ( 'NONE', #1383, .T. ) ;
#1461 = ORIENTED_EDGE ( 'NONE', *, *, #2666, .F. ) ;
#1462 = ADVANCED_FACE ( 'NONE', ( #606 ), #1520, .T. ) ;
#1463 = LINE ( 'NONE', #275, #130 ) ;
#1464 =( NAMED_UNIT ( * ) PLANE_ANGLE_UNIT ( ) SI_UNIT ( $, .RADIAN. ) );
#1465 = CARTESIAN_POINT ( 'NONE',  ( 7.324999999999998401, 0.6662474985607799161, -3.549999999999999822 ) ) ;
#1466 = VECTOR ( 'NONE', #2231, 1000.000000000000114 ) ;
#1467 = CARTESIAN_POINT ( 'NONE',  ( 0.2000000000000003997, 3.550000000000000266, -3.349999999999999645 ) ) ;
#1468 =( LENGTH_UNIT ( ) NAMED_UNIT ( * ) SI_UNIT ( .MILLI., .METRE. ) );
#1469 = ORIENTED_EDGE ( 'NONE', *, *, #1155, .T. ) ;
#1470 = FACE_OUTER_BOUND ( 'NONE', #2804, .T. ) ;
#1471 = DIRECTION ( 'NONE',  ( 0.1842885350501853314, -0.9828721869343218787, 0.0000000000000000000 ) ) ;
#1472 = ORIENTED_EDGE ( 'NONE', *, *, #1091, .F. ) ;
#1473 = COLOUR_RGB ( '',0.2509803921568627416, 0.2588235294117646745, 0.2588235294117646745 ) ;
#1474 = EDGE_CURVE ( 'NONE', #1454, #2138, #2449, .T. ) ;
#1475 = VERTEX_POINT ( 'NONE', #2696 ) ;
#1476 = CARTESIAN_POINT ( 'NONE',  ( 3.374999999999999556, 3.600000000000000089, -1.024999999999999911 ) ) ;
#1477 = PLANE ( 'NONE',  #2345 ) ;
#1478 = LINE ( 'NONE', #1627, #2167 ) ;
#1479 = EDGE_CURVE ( 'NONE', #2793, #805, #239, .T. ) ;
#1480 = CARTESIAN_POINT ( 'NONE',  ( 4.825000000000000178, 0.4000000000000000777, -0.07500000000000002498 ) ) ;
#1481 = PLANE ( 'NONE',  #74 ) ;
#1482 = CARTESIAN_POINT ( 'NONE',  ( 4.224999999999999645, 1.198500000000000121, -0.04380751001075999795 ) ) ;
#1483 = ADVANCED_FACE ( 'NONE', ( #698 ), #1771, .T. ) ;
#1484 = ORIENTED_EDGE ( 'NONE', *, *, #2240, .T. ) ;
#1485 = PLANE ( 'NONE',  #2778 ) ;
#1486 = ORIENTED_EDGE ( 'NONE', *, *, #106, .T. ) ;
#1487 = ORIENTED_EDGE ( 'NONE', *, *, #2706, .T. ) ;
#1488 =( NAMED_UNIT ( * ) PLANE_ANGLE_UNIT ( ) SI_UNIT ( $, .RADIAN. ) );
#1489 = LINE ( 'NONE', #1950, #1418 ) ;
#1490 = CARTESIAN_POINT ( 'NONE',  ( 9.031250000000039080, 2.799999999999994493, -1.024999999999999911 ) ) ;
#1491 = EDGE_CURVE ( 'NONE', #2119, #2076, #2287, .T. ) ;
#1492 = EDGE_CURVE ( 'NONE', #1780, #417, #897, .T. ) ;
#1493 = DIRECTION ( 'NONE',  ( -0.0000000000000000000, -0.0000000000000000000, -1.000000000000000000 ) ) ;
#1494 = PLANE ( 'NONE',  #576 ) ;
#1495 = EDGE_CURVE ( 'NONE', #1437, #517, #679, .T. ) ;
#1496 = LINE ( 'NONE', #1285, #1409 ) ;
#1497 = LINE ( 'NONE', #230, #1295 ) ;
#1498 = EDGE_CURVE ( 'NONE', #884, #707, #1561, .T. ) ;
#1499 = AXIS2_PLACEMENT_3D ( 'NONE', #1937, #617, #2420 ) ;
#1500 = DIRECTION ( 'NONE',  ( -0.0000000000000000000, -0.0000000000000000000, -1.000000000000000000 ) ) ;
#1501 = PLANE ( 'NONE',  #1453 ) ;
#1502 = EDGE_LOOP ( 'NONE', ( #2447, #1905, #2130, #1863 ) ) ;
#1503 = ORIENTED_EDGE ( 'NONE', *, *, #2788, .T. ) ;
#1504 = ORIENTED_EDGE ( 'NONE', *, *, #1741, .T. ) ;
#1505 = CARTESIAN_POINT ( 'NONE',  ( 0.1000000000000000056, 3.500000000000000000, -1.025000000000048539 ) ) ;
#1506 = SURFACE_STYLE_FILL_AREA ( #177 ) ;
#1507 = DIRECTION ( 'NONE',  ( -0.1842885350501852759, 0.9828721869343218787, -0.0000000000000000000 ) ) ;
#1508 = DIRECTION ( 'NONE',  ( 0.0000000000000000000, 0.0000000000000000000, -1.000000000000000000 ) ) ;
#1509 = LINE ( 'NONE', #1984, #1652 ) ;
#1510 = ORIENTED_EDGE ( 'NONE', *, *, #929, .F. ) ;
#1511 = LINE ( 'NONE', #614, #2359 ) ;
#1512 = LINE ( 'NONE', #993, #1228 ) ;
#1513 = MECHANICAL_DESIGN_GEOMETRIC_PRESENTATION_REPRESENTATION (  '', ( #1141 ), #38 ) ;
#1514 = EDGE_CURVE ( 'NONE', #462, #447, #2468, .T. ) ;
#1515 = CARTESIAN_POINT ( 'NONE',  ( 0.1999999999999944600, 3.600000000000000533, -2.524999999999999911 ) ) ;
#1516 = ORIENTED_EDGE ( 'NONE', *, *, #857, .F. ) ;
#1517 = ORIENTED_EDGE ( 'NONE', *, *, #2252, .T. ) ;
#1518 = VECTOR ( 'NONE', #196, 1000.000000000000000 ) ;
#1519 = APPLICATION_CONTEXT ( 'automotive_design' ) ;
#1520 = PLANE ( 'NONE',  #1499 ) ;
#1521 = FACE_OUTER_BOUND ( 'NONE', #2284, .T. ) ;
#1522 =( NAMED_UNIT ( * ) PLANE_ANGLE_UNIT ( ) SI_UNIT ( $, .RADIAN. ) );
#1523 = FACE_OUTER_BOUND ( 'NONE', #2536, .T. ) ;
#1524 = VECTOR ( 'NONE', #927, 1000.000000000000000 ) ;
#1525 = LINE ( 'NONE', #428, #669 ) ;
#1526 = DIRECTION ( 'NONE',  ( 0.0000000000000000000, 0.0000000000000000000, 1.000000000000000000 ) ) ;
#1527 =( LENGTH_UNIT ( ) NAMED_UNIT ( * ) SI_UNIT ( .MILLI., .METRE. ) );
#1528 = DIRECTION ( 'NONE',  ( -1.000000000000000000, 0.0000000000000000000, 0.0000000000000000000 ) ) ;
#1529 = ORIENTED_EDGE ( 'NONE', *, *, #201, .T. ) ;
#1530 = ORIENTED_EDGE ( 'NONE', *, *, #2433, .F. ) ;
#1531 = EDGE_CURVE ( 'NONE', #1120, #1674, #2498, .T. ) ;
#1532 = PLANE ( 'NONE',  #2174 ) ;
#1533 = LINE ( 'NONE', #1282, #2347 ) ;
#1534 = ADVANCED_FACE ( 'NONE', ( #2238 ), #2482, .T. ) ;
#1535 = CARTESIAN_POINT ( 'NONE',  ( 4.124999999999999112, 4.475000000000000533, -2.524999999999999911 ) ) ;
#1536 = DIRECTION ( 'NONE',  ( 0.0000000000000000000, 0.0000000000000000000, 1.000000000000000000 ) ) ;
#1537 = DIRECTION ( 'NONE',  ( 1.000000000000000000, 0.0000000000000000000, 0.0000000000000000000 ) ) ;
#1538 = LINE ( 'NONE', #499, #1647 ) ;
#1539 = LINE ( 'NONE', #1072, #1744 ) ;
#1540 = EDGE_LOOP ( 'NONE', ( #512, #2789, #697, #1074 ) ) ;
#1541 = EDGE_CURVE ( 'NONE', #1314, #2064, #438, .T. ) ;
#1542 = ORIENTED_EDGE ( 'NONE', *, *, #1198, .F. ) ;
#1543 = VECTOR ( 'NONE', #132, 1000.000000000000000 ) ;
#1544 = DIRECTION ( 'NONE',  ( 0.0000000000000000000, 0.7628940554509464622, 0.6465235186422906288 ) ) ;
#1545 = VECTOR ( 'NONE', #2062, 1000.000000000000000 ) ;
#1546 = COLOUR_RGB ( '',0.2509803921568627416, 0.2588235294117646745, 0.2588235294117646745 ) ;
#1547 = DIRECTION ( 'NONE',  ( 0.0000000000000000000, -1.000000000000000000, 0.0000000000000000000 ) ) ;
#1548 = VECTOR ( 'NONE', #284, 1000.000000000000000 ) ;
#1549 = EDGE_CURVE ( 'NONE', #2266, #1305, #2052, .T. ) ;
#1550 = DIRECTION ( 'NONE',  ( -0.0000000000000000000, -1.000000000000000000, -0.0000000000000000000 ) ) ;
#1551 = DIRECTION ( 'NONE',  ( -0.0000000000000000000, 1.000000000000000000, -0.0000000000000000000 ) ) ;
#1552 = PLANE ( 'NONE',  #453 ) ;
#1553 = ORIENTED_EDGE ( 'NONE', *, *, #15, .F. ) ;
#1554 = PRESENTATION_STYLE_ASSIGNMENT (( #603 ) ) ;
#1555 = UNCERTAINTY_MEASURE_WITH_UNIT (LENGTH_MEASURE( 1.000000000000000082E-05 ), #1458, 'distance_accuracy_value', 'NONE');
#1556 = CARTESIAN_POINT ( 'NONE',  ( 1.612999999999999989, 0.8858442495603002786, -3.535280017582999701 ) ) ;
#1557 = CARTESIAN_POINT ( 'NONE',  ( 0.1000000000000000056, 3.500000000000000000, -2.524999999999999467 ) ) ;
#1558 = LINE ( 'NONE', #408, #443 ) ;
#1559 = ORIENTED_EDGE ( 'NONE', *, *, #322, .T. ) ;
#1560 = ORIENTED_EDGE ( 'NONE', *, *, #1666, .F. ) ;
#1561 = LINE ( 'NONE', #458, #2627 ) ;
#1562 =( GEOMETRIC_REPRESENTATION_CONTEXT ( 3 ) GLOBAL_UNCERTAINTY_ASSIGNED_CONTEXT ( ( #2412 ) ) GLOBAL_UNIT_ASSIGNED_CONTEXT ( ( #400, #1522, #2389 ) ) REPRESENTATION_CONTEXT ( 'NONE', 'WORKASPACE' ) );
#1563 = PLANE ( 'NONE',  #766 ) ;
#1564 = FILL_AREA_STYLE_COLOUR ( '', #2559 ) ;
#1565 = FACE_OUTER_BOUND ( 'NONE', #2140, .T. ) ;
#1566 = ADVANCED_FACE ( 'NONE', ( #253 ), #1138, .T. ) ;
#1567 = EDGE_LOOP ( 'NONE', ( #2651, #1972, #114, #2104 ) ) ;
#1568 = LINE ( 'NONE', #1812, #440 ) ;
#1569 = DIRECTION ( 'NONE',  ( -1.000000000000000000, -0.0000000000000000000, -0.0000000000000000000 ) ) ;
#1570 = ADVANCED_FACE ( 'NONE', ( #1168 ), #268, .T. ) ;
#1571 = CARTESIAN_POINT ( 'NONE',  ( 4.824999999999999289, 0.3000000000000000999, 0.8324472990141200679 ) ) ;
#1572 = VERTEX_POINT ( 'NONE', #2326 ) ;
#1573 = ORIENTED_EDGE ( 'NONE', *, *, #821, .T. ) ;
#1574 = DIRECTION ( 'NONE',  ( -0.0000000000000000000, -1.000000000000000000, -0.0000000000000000000 ) ) ;
#1575 = DIRECTION ( 'NONE',  ( 0.0000000000000000000, -0.7628940554511706162, -0.6465235186420260627 ) ) ;
#1576 = ORIENTED_EDGE ( 'NONE', *, *, #950, .F. ) ;
#1577 = PLANE ( 'NONE',  #2395 ) ;
#1578 = DIRECTION ( 'NONE',  ( -0.0000000000000000000, -0.0000000000000000000, -1.000000000000000000 ) ) ;
#1579 = DIRECTION ( 'NONE',  ( 0.0000000000000000000, 0.0000000000000000000, -1.000000000000000000 ) ) ;
#1580 = EDGE_CURVE ( 'NONE', #13, #1390, #764, .T. ) ;
#1581 = ORIENTED_EDGE ( 'NONE', *, *, #1491, .T. ) ;
#1582 = ORIENTED_EDGE ( 'NONE', *, *, #70, .T. ) ;
#1583 = VERTEX_POINT ( 'NONE', #2085 ) ;
#1584 = LINE ( 'NONE', #1743, #168 ) ;
#1585 = STYLED_ITEM ( 'NONE', ( #1884 ), #2767 ) ;
#1586 = VECTOR ( 'NONE', #1450, 1000.000000000000000 ) ;
#1587 = DIRECTION ( 'NONE',  ( 1.000000000000000000, 0.0000000000000000000, 0.0000000000000000000 ) ) ;
#1588 = CARTESIAN_POINT ( 'NONE',  ( 0.1999999999999987899, 3.600000000000000977, -1.024999999999999911 ) ) ;
#1589 = DIRECTION ( 'NONE',  ( 1.000000000000000000, 0.0000000000000000000, 0.0000000000000000000 ) ) ;
#1590 = AXIS2_PLACEMENT_3D ( 'NONE', #1232, #1867, #2808 ) ;
#1591 = EDGE_CURVE ( 'NONE', #1933, #2775, #558, .T. ) ;
#1592 = DIRECTION ( 'NONE',  ( -0.0000000000000000000, -0.0000000000000000000, -1.000000000000000000 ) ) ;
#1593 = ORIENTED_EDGE ( 'NONE', *, *, #2136, .T. ) ;
#1594 = CARTESIAN_POINT ( 'NONE',  ( 6.724999999999998757, -0.01492209045638999768, 0.7509212113046001003 ) ) ;
#1595 = DIRECTION ( 'NONE',  ( -0.0000000000000000000, 0.7071067811865475727, 0.7071067811865475727 ) ) ;
#1596 = VECTOR ( 'NONE', #2282, 1000.000000000000000 ) ;
#1597 = EDGE_CURVE ( 'NONE', #2354, #2064, #1224, .T. ) ;
#1598 = LINE ( 'NONE', #1388, #822 ) ;
#1599 = ORIENTED_EDGE ( 'NONE', *, *, #1919, .F. ) ;
#1600 = ORIENTED_EDGE ( 'NONE', *, *, #2485, .T. ) ;
#1601 = ADVANCED_FACE ( 'NONE', ( #2774 ), #954, .T. ) ;
#1602 = ORIENTED_EDGE ( 'NONE', *, *, #2139, .T. ) ;
#1603 = FILL_AREA_STYLE_COLOUR ( '', #2100 ) ;
#1604 = DIRECTION ( 'NONE',  ( 0.0000000000000000000, 0.0000000000000000000, -1.000000000000000000 ) ) ;
#1605 = VECTOR ( 'NONE', #1923, 1000.000000000000000 ) ;
#1606 = VECTOR ( 'NONE', #1500, 1000.000000000000000 ) ;
#1607 =( NAMED_UNIT ( * ) PLANE_ANGLE_UNIT ( ) SI_UNIT ( $, .RADIAN. ) );
#1608 = FACE_OUTER_BOUND ( 'NONE', #1230, .T. ) ;
#1609 = VECTOR ( 'NONE', #1971, 1000.000000000000000 ) ;
#1610 = ORIENTED_EDGE ( 'NONE', *, *, #2307, .T. ) ;
#1611 = CARTESIAN_POINT ( 'NONE',  ( 4.125000000000000000, 3.499999999999984901, -1.024999999999999911 ) ) ;
#1612 = UNCERTAINTY_MEASURE_WITH_UNIT (LENGTH_MEASURE( 1.000000000000000082E-05 ), #1967, 'distance_accuracy_value', 'NONE');
#1613 = FACE_OUTER_BOUND ( 'NONE', #1396, .T. ) ;
#1614 = DIRECTION ( 'NONE',  ( 0.0000000000000000000, 1.000000000000000000, 0.0000000000000000000 ) ) ;
#1615 = STYLED_ITEM ( 'NONE', ( #136 ), #1323 ) ;
#1616 = CARTESIAN_POINT ( 'NONE',  ( 8.850000000000001421, 3.600000000000039613, -0.2000000000000001221 ) ) ;
#1617 = VERTEX_POINT ( 'NONE', #2552 ) ;
#1618 = VERTEX_POINT ( 'NONE', #2803 ) ;
#1619 = EDGE_LOOP ( 'NONE', ( #1768, #2279, #1936, #2510, #2749, #833, #1093, #648, #505, #2493, #932, #2094 ) ) ;
#1620 = ADVANCED_FACE ( 'NONE', ( #1338 ), #1501, .T. ) ;
#1621 =( NAMED_UNIT ( * ) PLANE_ANGLE_UNIT ( ) SI_UNIT ( $, .RADIAN. ) );
#1622 = LINE ( 'NONE', #2055, #2786 ) ;
#1623 = ADVANCED_FACE ( 'NONE', ( #2837 ), #381, .T. ) ;
#1624 = CARTESIAN_POINT ( 'NONE',  ( 4.224999999999999645, -6.280749303890637014E-16, 0.7359991208482100644 ) ) ;
#1625 = ORIENTED_EDGE ( 'NONE', *, *, #233, .F. ) ;
#1626 = DIRECTION ( 'NONE',  ( 0.0000000000000000000, 0.7071067811865339170, -0.7071067811865612285 ) ) ;
#1627 = CARTESIAN_POINT ( 'NONE',  ( 4.524999999999998579, 0.7999999999999999334, -3.550000000000000266 ) ) ;
#1628 = DIRECTION ( 'NONE',  ( 0.1812366279990543227, -0.9665953493282828379, 0.1812366279990535456 ) ) ;
#1629 = VERTEX_POINT ( 'NONE', #1174 ) ;
#1630 = ORIENTED_EDGE ( 'NONE', *, *, #51, .T. ) ;
#1631 = ORIENTED_EDGE ( 'NONE', *, *, #930, .T. ) ;
#1632 = EDGE_LOOP ( 'NONE', ( #2034, #2866, #1337, #2020, #1843, #470, #2386 ) ) ;
#1633 = ADVANCED_FACE ( 'NONE', ( #2302 ), #1577, .T. ) ;
#1634 = FACE_BOUND ( 'NONE', #2128, .T. ) ;
#1635 = PLANE ( 'NONE',  #2108 ) ;
#1636 = EDGE_CURVE ( 'NONE', #63, #1920, #758, .T. ) ;
#1637 = VECTOR ( 'NONE', #2664, 1000.000000000000000 ) ;
#1638 = ORIENTED_EDGE ( 'NONE', *, *, #1929, .F. ) ;
#1639 = DIRECTION ( 'NONE',  ( 1.000000000000000000, 0.0000000000000000000, 0.0000000000000000000 ) ) ;
#1640 = VECTOR ( 'NONE', #2566, 1000.000000000000000 ) ;
#1641 = DIRECTION ( 'NONE',  ( 0.0000000000000000000, -0.9828721869343217676, 0.1842885350501854980 ) ) ;
#1642 = ORIENTED_EDGE ( 'NONE', *, *, #2047, .F. ) ;
#1643 = VERTEX_POINT ( 'NONE', #2291 ) ;
#1644 = PRESENTATION_LAYER_ASSIGNMENT (  '', '', ( #2206 ) ) ;
#1645 = SURFACE_SIDE_STYLE ('',( #2764 ) ) ;
#1646 = DIRECTION ( 'NONE',  ( 0.0000000000000000000, 0.7071067811865339170, -0.7071067811865612285 ) ) ;
#1647 = VECTOR ( 'NONE', #479, 1000.000000000000000 ) ;
#1648 = CARTESIAN_POINT ( 'NONE',  ( 4.524999999999998579, 2.700000000000000178, -3.549999999999999822 ) ) ;
#1649 = LINE ( 'NONE', #2331, #333 ) ;
#1650 = VECTOR ( 'NONE', #909, 1000.000000000000000 ) ;
#1651 = EDGE_CURVE ( 'NONE', #2143, #976, #1131, .T. ) ;
#1652 = VECTOR ( 'NONE', #2860, 1000.000000000000000 ) ;
#1653 = DIRECTION ( 'NONE',  ( -0.1812366279990522966, -0.9665953493282831710, 0.1812366279990532403 ) ) ;
#1654 = ADVANCED_FACE ( 'NONE', ( #259 ), #715, .F. ) ;
#1655 = ORIENTED_EDGE ( 'NONE', *, *, #2083, .F. ) ;
#1656 = EDGE_CURVE ( 'NONE', #1008, #329, #64, .T. ) ;
#1657 = CARTESIAN_POINT ( 'NONE',  ( 1.612999999999999989, -0.01514165116492000029, -5.224999999999999645 ) ) ;
#1658 = AXIS2_PLACEMENT_3D ( 'NONE', #1505, #868, #839 ) ;
#1659 = PLANE ( 'NONE',  #1176 ) ;
#1660 = CARTESIAN_POINT ( 'NONE',  ( 1.725000000000001199, 0.8162474985607998113, -3.987499999999999822 ) ) ;
#1661 = EDGE_LOOP ( 'NONE', ( #2051, #2319, #1510, #135, #722, #2818 ) ) ;
#1662 = LINE ( 'NONE', #1236, #2859 ) ;
#1663 = CARTESIAN_POINT ( 'NONE',  ( 4.224999999999999645, 0.6662474985607799161, -3.549999999999999822 ) ) ;
#1664 = DIRECTION ( 'NONE',  ( -0.0000000000000000000, -0.0000000000000000000, -1.000000000000000000 ) ) ;
#1665 = ORIENTED_EDGE ( 'NONE', *, *, #1861, .T. ) ;
#1666 = EDGE_CURVE ( 'NONE', #965, #2188, #2546, .T. ) ;
#1667 = CARTESIAN_POINT ( 'NONE',  ( 6.724999999999999645, 1.750000000000000000, 0.0000000000000000000 ) ) ;
#1668 = ORIENTED_EDGE ( 'NONE', *, *, #247, .F. ) ;
#1669 = EDGE_LOOP ( 'NONE', ( #1019, #1887, #2229, #1146 ) ) ;
#1670 = DIRECTION ( 'NONE',  ( -1.000000000000000000, 0.0000000000000000000, 0.0000000000000000000 ) ) ;
#1671 = SURFACE_STYLE_FILL_AREA ( #781 ) ;
#1672 = FACE_OUTER_BOUND ( 'NONE', #1011, .T. ) ;
#1673 = CARTESIAN_POINT ( 'NONE',  ( 2.324999999999999734, 0.3000000000000000999, 0.8749999999999998890 ) ) ;
#1674 = VERTEX_POINT ( 'NONE', #1809 ) ;
#1675 = CARTESIAN_POINT ( 'NONE',  ( 7.324999999999999289, 1.175000000000000266, 5.929230630780102373E-18 ) ) ;
#1676 = CARTESIAN_POINT ( 'NONE',  ( 4.525000000000000355, 0.3000000000000305755, -4.424999999999999822 ) ) ;
#1677 = LINE ( 'NONE', #1429, #780 ) ;
#1678 = AXIS2_PLACEMENT_3D ( 'NONE', #1399, #1569, #2032 ) ;
#1679 = STYLED_ITEM ( 'NONE', ( #1554 ), #1620 ) ;
#1680 = ORIENTED_EDGE ( 'NONE', *, *, #1139, .T. ) ;
#1681 = FILL_AREA_STYLE_COLOUR ( '', #1189 ) ;
#1682 = VECTOR ( 'NONE', #323, 1000.000000000000227 ) ;
#1683 = FACE_OUTER_BOUND ( 'NONE', #2066, .T. ) ;
#1684 = ORIENTED_EDGE ( 'NONE', *, *, #1352, .T. ) ;
#1685 = ADVANCED_FACE ( 'NONE', ( #513 ), #2715, .T. ) ;
#1686 = EDGE_LOOP ( 'NONE', ( #2497, #1114, #2850, #489 ) ) ;
#1687 = CARTESIAN_POINT ( 'NONE',  ( 1.612999999999999989, -0.01514165116492000029, -5.224999999999999645 ) ) ;
#1688 = DIRECTION ( 'NONE',  ( 0.0000000000000000000, 0.0000000000000000000, -1.000000000000000000 ) ) ;
#1689 = EDGE_CURVE ( 'NONE', #2005, #1417, #2729, .T. ) ;
#1690 = CARTESIAN_POINT ( 'NONE',  ( 0.2000000000000000111, 3.550000000000000266, -0.2000000000000000111 ) ) ;
#1691 = LINE ( 'NONE', #830, #2106 ) ;
#1692 =( GEOMETRIC_REPRESENTATION_CONTEXT ( 3 ) GLOBAL_UNCERTAINTY_ASSIGNED_CONTEXT ( ( #2645 ) ) GLOBAL_UNIT_ASSIGNED_CONTEXT ( ( #2875, #673, #717 ) ) REPRESENTATION_CONTEXT ( 'NONE', 'WORKASPACE' ) );
#1693 = CARTESIAN_POINT ( 'NONE',  ( 6.724999999999997868, 1.192500000000000115, -0.01750000000000000167 ) ) ;
#1694 = PRESENTATION_LAYER_ASSIGNMENT (  '', '', ( #590 ) ) ;
#1695 = SURFACE_SIDE_STYLE ('',( #1742 ) ) ;
#1696 = COLOUR_RGB ( '',0.2509803921568627416, 0.2588235294117646745, 0.2588235294117646745 ) ;
#1697 = CARTESIAN_POINT ( 'NONE',  ( 4.824999999999998401, 1.192500000000000115, -0.01750000000000000167 ) ) ;
#1698 = VECTOR ( 'NONE', #2342, 1000.000000000000114 ) ;
#1699 = ORIENTED_EDGE ( 'NONE', *, *, #2736, .T. ) ;
#1700 = CIRCLE ( 'NONE', #1658, 0.1000000000000000333 ) ;
#1701 = DIRECTION ( 'NONE',  ( -0.0000000000000000000, -0.0000000000000000000, 1.000000000000000000 ) ) ;
#1702 = SURFACE_STYLE_USAGE ( .BOTH. , #189 ) ;
#1703 = DIRECTION ( 'NONE',  ( 1.000000000000000000, -0.0000000000000000000, -0.0000000000000000000 ) ) ;
#1704 = EDGE_CURVE ( 'NONE', #1059, #2637, #2280, .T. ) ;
#1705 = DIRECTION ( 'NONE',  ( 0.0000000000000000000, 0.0000000000000000000, -1.000000000000000000 ) ) ;
#1706 = DIRECTION ( 'NONE',  ( -0.0000000000000000000, -1.000000000000000000, -0.0000000000000000000 ) ) ;
#1707 = DIRECTION ( 'NONE',  ( -0.0000000000000000000, -1.000000000000000000, -0.0000000000000000000 ) ) ;
#1708 = CARTESIAN_POINT ( 'NONE',  ( 7.325000000000000178, 0.2999999999999900524, 1.674999999999895683 ) ) ;
#1709 = ORIENTED_EDGE ( 'NONE', *, *, #2701, .T. ) ;
#1710 = EDGE_CURVE ( 'NONE', #750, #2076, #2703, .T. ) ;
#1711 = ORIENTED_EDGE ( 'NONE', *, *, #2528, .T. ) ;
#1712 = DIRECTION ( 'NONE',  ( -0.0000000000000000000, -0.0000000000000000000, 1.000000000000000000 ) ) ;
#1713 = VERTEX_POINT ( 'NONE', #731 ) ;
#1714 = ORIENTED_EDGE ( 'NONE', *, *, #1951, .F. ) ;
#1715 = ORIENTED_EDGE ( 'NONE', *, *, #2114, .F. ) ;
#1716 = CARTESIAN_POINT ( 'NONE',  ( 6.724999999999999645, 0.8000000000000001554, -1.154082390633984212E-17 ) ) ;
#1717 = DIRECTION ( 'NONE',  ( 0.0000000000000000000, 0.0000000000000000000, -1.000000000000000000 ) ) ;
#1718 = ADVANCED_FACE ( 'NONE', ( #918 ), #286, .T. ) ;
#1719 = DIRECTION ( 'NONE',  ( -0.0000000000000000000, 0.7628940554511706162, 0.6465235186420260627 ) ) ;
#1720 = CARTESIAN_POINT ( 'NONE',  ( 2.624999999999999556, 3.600000000000000089, -2.524999999999999911 ) ) ;
#1721 = FILL_AREA_STYLE ('',( #1255 ) ) ;
#1722 = ADVANCED_FACE ( 'NONE', ( #945 ), #1844, .T. ) ;
#1723 = CARTESIAN_POINT ( 'NONE',  ( 2.324999999999999734, 0.3000000000000000999, 0.8324472990141200679 ) ) ;
#1724 = VERTEX_POINT ( 'NONE', #1611 ) ;
#1725 = DIRECTION ( 'NONE',  ( 0.0000000000000000000, -1.000000000000000000, 0.0000000000000000000 ) ) ;
#1726 = PRESENTATION_LAYER_ASSIGNMENT (  '', '', ( #291 ) ) ;
#1727 = CARTESIAN_POINT ( 'NONE',  ( 1.612999999999999989, -0.01492209045638999768, 0.7509212113046001003 ) ) ;
#1728 = VECTOR ( 'NONE', #16, 1000.000000000000000 ) ;
#1729 = CARTESIAN_POINT ( 'NONE',  ( 2.325000000000000622, -4.992835707590473349E-15, 1.674999999999876144 ) ) ;
#1730 = VERTEX_POINT ( 'NONE', #2059 ) ;
#1731 = ORIENTED_EDGE ( 'NONE', *, *, #2577, .F. ) ;
#1732 = VECTOR ( 'NONE', #1026, 1000.000000000000000 ) ;
#1733 = VECTOR ( 'NONE', #890, 1000.000000000000000 ) ;
#1734 = ORIENTED_EDGE ( 'NONE', *, *, #15, .T. ) ;
#1735 = LINE ( 'NONE', #399, #2156 ) ;
#1736 = CARTESIAN_POINT ( 'NONE',  ( -0.02500000000000000139, 3.500000000000000000, -0.08500000000000000611 ) ) ;
#1737 = PRESENTATION_STYLE_ASSIGNMENT (( #427 ) ) ;
#1738 = LINE ( 'NONE', #1284, #2677 ) ;
#1739 = CARTESIAN_POINT ( 'NONE',  ( 8.834858348834998765, 2.784000000000000252, -1.024999999999999911 ) ) ;
#1740 = LINE ( 'NONE', #832, #2873 ) ;
#1741 = EDGE_CURVE ( 'NONE', #1302, #3, #81, .T. ) ;
#1742 = SURFACE_STYLE_FILL_AREA ( #2170 ) ;
#1743 = CARTESIAN_POINT ( 'NONE',  ( 2.324999999999999734, 1.192500000000000115, -0.01750000000000000167 ) ) ;
#1744 = VECTOR ( 'NONE', #1990, 1000.000000000000000 ) ;
#1745 = EDGE_CURVE ( 'NONE', #172, #1617, #702, .T. ) ;
#1746 = ORIENTED_EDGE ( 'NONE', *, *, #2679, .T. ) ;
#1747 = ORIENTED_EDGE ( 'NONE', *, *, #70, .F. ) ;
#1748 = VECTOR ( 'NONE', #542, 1000.000000000000114 ) ;
#1749 = DIRECTION ( 'NONE',  ( 0.0000000000000000000, 0.0000000000000000000, -1.000000000000000000 ) ) ;
#1750 = LINE ( 'NONE', #2655, #266 ) ;
#1751 = VECTOR ( 'NONE', #1701, 1000.000000000000000 ) ;
#1752 = DIRECTION ( 'NONE',  ( 1.000000000000000000, -0.0000000000000000000, 0.0000000000000000000 ) ) ;
#1753 = CARTESIAN_POINT ( 'NONE',  ( 7.325000000000000178, -3.032377951170395214E-16, 0.7359991208481736491 ) ) ;
#1754 = UNCERTAINTY_MEASURE_WITH_UNIT (LENGTH_MEASURE( 1.000000000000000082E-05 ), #998, 'distance_accuracy_value', 'NONE');
#1755 = CARTESIAN_POINT ( 'NONE',  ( 4.524999999999999467, 3.600000000000000533, -2.524999999999999911 ) ) ;
#1756 = PLANE ( 'NONE',  #351 ) ;
#1757 = EDGE_LOOP ( 'NONE', ( #370, #174, #125, #2680 ) ) ;
#1758 = ORIENTED_EDGE ( 'NONE', *, *, #930, .F. ) ;
#1759 = ADVANCED_FACE ( 'NONE', ( #2587 ), #165, .F. ) ;
#1760 = DIRECTION ( 'NONE',  ( 0.0000000000000000000, -1.000000000000000000, 0.0000000000000000000 ) ) ;
#1761 = CARTESIAN_POINT ( 'NONE',  ( 1.724999999999999867, 0.8684747544708959488, -3.549999999999990052 ) ) ;
#1762 = LINE ( 'NONE', #2668, #390 ) ;
#1763 = DIRECTION ( 'NONE',  ( -1.000000000000000000, 0.0000000000000000000, 0.0000000000000000000 ) ) ;
#1764 = ORIENTED_EDGE ( 'NONE', *, *, #322, .F. ) ;
#1765 = CARTESIAN_POINT ( 'NONE',  ( 8.850000000000001421, 3.499999999999955591, -3.349999999999999645 ) ) ;
#1766 = DIRECTION ( 'NONE',  ( 0.0000000000000000000, 0.0000000000000000000, 1.000000000000000000 ) ) ;
#1767 = SURFACE_STYLE_FILL_AREA ( #2171 ) ;
#1768 = ORIENTED_EDGE ( 'NONE', *, *, #2099, .F. ) ;
#1769 = ORIENTED_EDGE ( 'NONE', *, *, #1441, .T. ) ;
#1770 = VECTOR ( 'NONE', #991, 1000.000000000000000 ) ;
#1771 = PLANE ( 'NONE',  #619 ) ;
#1772 = VECTOR ( 'NONE', #317, 1000.000000000000000 ) ;
#1773 = EDGE_CURVE ( 'NONE', #140, #2550, #1268, .T. ) ;
#1774 = SURFACE_SIDE_STYLE ('',( #17 ) ) ;
#1775 = VECTOR ( 'NONE', #312, 1000.000000000000000 ) ;
#1776 = CARTESIAN_POINT ( 'NONE',  ( 4.124999999999999112, 5.450000000000000178, -1.775000000000000133 ) ) ;
#1777 = ADVANCED_FACE ( 'NONE', ( #1217 ), #1481, .T. ) ;
#1778 = CARTESIAN_POINT ( 'NONE',  ( 4.825000000000001066, 0.2999999999999900524, 1.674999999999895683 ) ) ;
#1779 = AXIS2_PLACEMENT_3D ( 'NONE', #2659, #2848, #1227 ) ;
#1780 = VERTEX_POINT ( 'NONE', #2557 ) ;
#1781 = CARTESIAN_POINT ( 'NONE',  ( 8.897000000000000242, 3.515999999999999570, 0.07099999999999999367 ) ) ;
#1782 = CARTESIAN_POINT ( 'NONE',  ( 7.325000000000000178, -4.992835707590473349E-15, 1.674999999999876144 ) ) ;
#1783 = LINE ( 'NONE', #101, #1085 ) ;
#1784 = FACE_OUTER_BOUND ( 'NONE', #2112, .T. ) ;
#1785 = ORIENTED_EDGE ( 'NONE', *, *, #756, .F. ) ;
#1786 = ORIENTED_EDGE ( 'NONE', *, *, #2063, .F. ) ;
#1787 = DIRECTION ( 'NONE',  ( 0.0000000000000000000, 0.0000000000000000000, -1.000000000000000000 ) ) ;
#1788 = VECTOR ( 'NONE', #85, 1000.000000000000000 ) ;
#1789 = CARTESIAN_POINT ( 'NONE',  ( 0.1000000000000000056, 3.500000000000000000, -2.524999999999999467 ) ) ;
#1790 = PRESENTATION_LAYER_ASSIGNMENT (  '', '', ( #2738 ) ) ;
#1791 = DIRECTION ( 'NONE',  ( -0.0000000000000000000, -1.000000000000000000, -0.0000000000000000000 ) ) ;
#1792 = DIRECTION ( 'NONE',  ( 0.0000000000000000000, -0.7628940554511706162, -0.6465235186420260627 ) ) ;
#1793 = PRESENTATION_LAYER_ASSIGNMENT (  '', '', ( #874 ) ) ;
#1794 = EDGE_CURVE ( 'NONE', #1245, #1182, #152, .T. ) ;
#1795 = COLOUR_RGB ( '',0.2509803921568627416, 0.2588235294117646745, 0.2588235294117646745 ) ;
#1796 = VERTEX_POINT ( 'NONE', #2783 ) ;
#1797 = CARTESIAN_POINT ( 'NONE',  ( -0.01514165116492000029, 2.784000000000000252, -1.024999999999999911 ) ) ;
#1798 = LINE ( 'NONE', #2704, #1001 ) ;
#1799 = CARTESIAN_POINT ( 'NONE',  ( 4.825000000000001066, -4.992835707590473349E-15, 1.674999999999876144 ) ) ;
#1800 = FILL_AREA_STYLE_COLOUR ( '', #687 ) ;
#1801 = ORIENTED_EDGE ( 'NONE', *, *, #936, .F. ) ;
#1802 = ORIENTED_EDGE ( 'NONE', *, *, #425, .F. ) ;
#1803 = ORIENTED_EDGE ( 'NONE', *, *, #2577, .T. ) ;
#1804 = DIRECTION ( 'NONE',  ( 0.0000000000000000000, 1.000000000000000000, 0.0000000000000000000 ) ) ;
#1805 = LINE ( 'NONE', #521, #1038 ) ;
#1806 = LINE ( 'NONE', #492, #1848 ) ;
#1807 = CARTESIAN_POINT ( 'NONE',  ( 4.525000000000000355, -1.301042606982605321E-15, 0.7359991208482108416 ) ) ;
#1808 = ORIENTED_EDGE ( 'NONE', *, *, #205, .T. ) ;
#1809 = CARTESIAN_POINT ( 'NONE',  ( 4.824999999999999289, 1.175000000000000044, 1.863472483959460746E-17 ) ) ;
#1810 = UNCERTAINTY_MEASURE_WITH_UNIT (LENGTH_MEASURE( 1.000000000000000082E-05 ), #2146, 'distance_accuracy_value', 'NONE');
#1811 = EDGE_CURVE ( 'NONE', #1572, #2721, #539, .T. ) ;
#1812 = CARTESIAN_POINT ( 'NONE',  ( 4.525000000000000355, 0.0000000000000000000, -0.1500000000000000222 ) ) ;
#1813 = CARTESIAN_POINT ( 'NONE',  ( 2.325000000000000622, 0.3000000000000000444, -5.225000000000000533 ) ) ;
#1814 = PLANE ( 'NONE',  #2070 ) ;
#1815 = ORIENTED_EDGE ( 'NONE', *, *, #2462, .F. ) ;
#1816 = ORIENTED_EDGE ( 'NONE', *, *, #1514, .T. ) ;
#1817 = ORIENTED_EDGE ( 'NONE', *, *, #2046, .F. ) ;
#1818 = DIRECTION ( 'NONE',  ( 1.000000000000000000, 0.0000000000000000000, 0.0000000000000000000 ) ) ;
#1819 = DIRECTION ( 'NONE',  ( 1.000000000000000000, 0.0000000000000000000, 0.0000000000000000000 ) ) ;
#1820 = VECTOR ( 'NONE', #2007, 1000.000000000000114 ) ;
#1821 = CARTESIAN_POINT ( 'NONE',  ( 0.1530000000000000249, 3.515999999999999570, -3.620999999999999996 ) ) ;
#1822 = CARTESIAN_POINT ( 'NONE',  ( 9.022999999999999687, 3.484858348835000008, -3.349999999999999645 ) ) ;
#1823 = VECTOR ( 'NONE', #1394, 1000.000000000000000 ) ;
#1824 = PRESENTATION_LAYER_ASSIGNMENT (  '', '', ( #1081 ) ) ;
#1825 = EDGE_LOOP ( 'NONE', ( #1373, #1292, #2874, #350 ) ) ;
#1826 = DIRECTION ( 'NONE',  ( 1.000000000000000000, 0.0000000000000000000, 0.0000000000000000000 ) ) ;
#1827 = DIRECTION ( 'NONE',  ( 0.0000000000000000000, -1.000000000000000000, 0.0000000000000000000 ) ) ;
#1828 = DIRECTION ( 'NONE',  ( 0.0000000000000000000, 0.0000000000000000000, 1.000000000000000000 ) ) ;
#1829 = STYLED_ITEM ( 'NONE', ( #2815 ), #1122 ) ;
#1830 = EDGE_CURVE ( 'NONE', #2175, #1354, #343, .T. ) ;
#1831 = FACE_OUTER_BOUND ( 'NONE', #93, .T. ) ;
#1832 = ORIENTED_EDGE ( 'NONE', *, *, #2083, .T. ) ;
#1833 = ORIENTED_EDGE ( 'NONE', *, *, #170, .T. ) ;
#1834 = PRODUCT_DEFINITION_SHAPE ( 'NONE', 'NONE',  #1229 ) ;
#1835 = EDGE_CURVE ( 'NONE', #1944, #2401, #984, .T. ) ;
#1836 = EDGE_LOOP ( 'NONE', ( #1911, #1758, #1306, #161 ) ) ;
#1837 = SURFACE_STYLE_FILL_AREA ( #779 ) ;
#1838 = AXIS2_PLACEMENT_3D ( 'NONE', #2060, #2304, #595 ) ;
#1839 = VECTOR ( 'NONE', #2233, 1000.000000000000000 ) ;
#1840 = SURFACE_STYLE_FILL_AREA ( #727 ) ;
#1841 = PLANE ( 'NONE',  #25 ) ;
#1842 = VECTOR ( 'NONE', #1592, 1000.000000000000000 ) ;
#1843 = ORIENTED_EDGE ( 'NONE', *, *, #1016, .F. ) ;
#1844 = PLANE ( 'NONE',  #855 ) ;
#1845 = UNCERTAINTY_MEASURE_WITH_UNIT (LENGTH_MEASURE( 1.000000000000000082E-05 ), #631, 'distance_accuracy_value', 'NONE');
#1846 = DIRECTION ( 'NONE',  ( 0.0000000000000000000, 1.000000000000000000, 0.0000000000000000000 ) ) ;
#1847 = FACE_OUTER_BOUND ( 'NONE', #409, .T. ) ;
#1848 = VECTOR ( 'NONE', #1791, 1000.000000000000000 ) ;
#1849 = DIRECTION ( 'NONE',  ( -1.000000000000000000, -0.0000000000000000000, -0.0000000000000000000 ) ) ;
#1850 = ORIENTED_EDGE ( 'NONE', *, *, #1492, .T. ) ;
#1851 = VERTEX_POINT ( 'NONE', #2379 ) ;
#1852 = VERTEX_POINT ( 'NONE', #1675 ) ;
#1853 = ADVANCED_FACE ( 'NONE', ( #375 ), #1925, .T. ) ;
#1854 = CARTESIAN_POINT ( 'NONE',  ( 4.155000000000000249, 3.563000000000000167, -2.524999999999999911 ) ) ;
#1855 = CARTESIAN_POINT ( 'NONE',  ( 1.725000000000001199, 0.0000000000000000000, -4.755499560424000016 ) ) ;
#1856 = DIRECTION ( 'NONE',  ( -0.0000000000000000000, -1.000000000000000000, -0.0000000000000000000 ) ) ;
#1857 = ORIENTED_EDGE ( 'NONE', *, *, #1339, .F. ) ;
#1858 = DIRECTION ( 'NONE',  ( -1.000000000000000000, 0.0000000000000000000, 0.0000000000000000000 ) ) ;
#1859 =( NAMED_UNIT ( * ) PLANE_ANGLE_UNIT ( ) SI_UNIT ( $, .RADIAN. ) );
#1860 = CARTESIAN_POINT ( 'NONE',  ( 4.824999999999999289, 0.3000000000001666334, 0.8749999999998334665 ) ) ;
#1861 = EDGE_CURVE ( 'NONE', #1355, #417, #2813, .T. ) ;
#1862 = ORIENTED_EDGE ( 'NONE', *, *, #524, .F. ) ;
#1863 = ORIENTED_EDGE ( 'NONE', *, *, #1794, .T. ) ;
#1864 = ORIENTED_EDGE ( 'NONE', *, *, #2228, .F. ) ;
#1865 = EDGE_CURVE ( 'NONE', #629, #1165, #1040, .T. ) ;
#1866 = PLANE ( 'NONE',  #2224 ) ;
#1867 = DIRECTION ( 'NONE',  ( 1.000000000000000000, -0.0000000000000000000, 0.0000000000000000000 ) ) ;
#1868 = EDGE_CURVE ( 'NONE', #2662, #1724, #2830, .T. ) ;
#1869 = VERTEX_POINT ( 'NONE', #813 ) ;
#1870 = DIRECTION ( 'NONE',  ( 1.000000000000000000, 0.0000000000000000000, 0.0000000000000000000 ) ) ;
#1871 = VECTOR ( 'NONE', #1369, 1000.000000000000000 ) ;
#1872 = DIRECTION ( 'NONE',  ( -0.0000000000000000000, -0.7071067811865338060, 0.7071067811865612285 ) ) ;
#1873 = AXIS2_PLACEMENT_3D ( 'NONE', #460, #61, #1792 ) ;
#1874 = DIRECTION ( 'NONE',  ( -0.0000000000000000000, 0.1842885350501855257, 0.9828721869343218787 ) ) ;
#1875 = ORIENTED_EDGE ( 'NONE', *, *, #2630, .F. ) ;
#1876 = CARTESIAN_POINT ( 'NONE',  ( 4.524999999999999467, 3.600000000000000533, -2.524999999999999911 ) ) ;
#1877 = CARTESIAN_POINT ( 'NONE',  ( 2.594999999999999751, 3.563000000000000167, -1.024999999999999911 ) ) ;
#1878 = SURFACE_STYLE_FILL_AREA ( #2355 ) ;
#1879 = CARTESIAN_POINT ( 'NONE',  ( 4.525000000000000355, 0.3000000000000000444, -4.425000000000000711 ) ) ;
#1880 = CARTESIAN_POINT ( 'NONE',  ( -5.285485590866834116E-16, 0.8000000000000042633, -3.550000000000000711 ) ) ;
#1881 = SURFACE_STYLE_FILL_AREA ( #783 ) ;
#1882 = CARTESIAN_POINT ( 'NONE',  ( 1.355252715606880543E-17, 3.500000000000038192, -2.524999999999999911 ) ) ;
#1883 = VECTOR ( 'NONE', #2351, 1000.000000000000000 ) ;
#1884 = PRESENTATION_STYLE_ASSIGNMENT (( #2570 ) ) ;
#1885 = EDGE_CURVE ( 'NONE', #988, #1368, #1691, .T. ) ;
#1886 = CARTESIAN_POINT ( 'NONE',  ( 4.525000000000000355, 3.499999999999999556, -0.1999999999999999833 ) ) ;
#1887 = ORIENTED_EDGE ( 'NONE', *, *, #1256, .T. ) ;
#1888 = AXIS2_PLACEMENT_3D ( 'NONE', #191, #828, #1705 ) ;
#1889 = LINE ( 'NONE', #2110, #916 ) ;
#1890 = MECHANICAL_DESIGN_GEOMETRIC_PRESENTATION_REPRESENTATION (  '', ( #269 ), #598 ) ;
#1891 = ORIENTED_EDGE ( 'NONE', *, *, #1929, .T. ) ;
#1892 = DIRECTION ( 'NONE',  ( 0.0000000000000000000, 1.000000000000000000, 0.0000000000000000000 ) ) ;
#1893 = CARTESIAN_POINT ( 'NONE',  ( 0.1999999999999999833, 3.500000000000000000, -1.774999999999999911 ) ) ;
#1894 = DIRECTION ( 'NONE',  ( 0.0000000000000000000, 0.7628940554509465732, 0.6465235186422904068 ) ) ;
#1895 = DIRECTION ( 'NONE',  ( -0.0000000000000000000, -0.9828721869343218787, -0.1842885350501853592 ) ) ;
#1896 = VERTEX_POINT ( 'NONE', #599 ) ;
#1897 = DIRECTION ( 'NONE',  ( 0.0000000000000000000, 0.0000000000000000000, -1.000000000000000000 ) ) ;
#1898 = FILL_AREA_STYLE ('',( #1002 ) ) ;
#1899 = CARTESIAN_POINT ( 'NONE',  ( 9.050000000000000711, 2.784858348835000275, -0.9950000000000002176 ) ) ;
#1900 = EDGE_CURVE ( 'NONE', #280, #2374, #1662, .T. ) ;
#1901 = VERTEX_POINT ( 'NONE', #2569 ) ;
#1902 = CARTESIAN_POINT ( 'NONE',  ( 8.900000000000000355, 3.499999999999999112, -1.775000000000000133 ) ) ;
#1903 = EDGE_CURVE ( 'NONE', #2708, #2396, #2320, .T. ) ;
#1904 = ORIENTED_EDGE ( 'NONE', *, *, #1913, .T. ) ;
#1905 = ORIENTED_EDGE ( 'NONE', *, *, #2114, .T. ) ;
#1906 = DIRECTION ( 'NONE',  ( 1.000000000000000000, 0.0000000000000000000, 0.0000000000000000000 ) ) ;
#1907 = DIRECTION ( 'NONE',  ( -1.000000000000000000, 0.0000000000000000000, 0.0000000000000000000 ) ) ;
#1908 = ORIENTED_EDGE ( 'NONE', *, *, #1201, .F. ) ;
#1909 = CARTESIAN_POINT ( 'NONE',  ( 2.324999999999997513, 1.750000000000000000, -3.549999999999999822 ) ) ;
#1910 = CARTESIAN_POINT ( 'NONE',  ( 6.724999999999998757, 0.8684747544708687483, -3.549999999999999822 ) ) ;
#1911 = ORIENTED_EDGE ( 'NONE', *, *, #1274, .F. ) ;
#1912 = VERTEX_POINT ( 'NONE', #1206 ) ;
#1913 = EDGE_CURVE ( 'NONE', #1896, #2615, #111, .T. ) ;
#1914 = AXIS2_PLACEMENT_3D ( 'NONE', #202, #229, #1536 ) ;
#1915 = CARTESIAN_POINT ( 'NONE',  ( 0.0000000000000000000, 2.700000000000000178, -1.774999999999999911 ) ) ;
#1916 =( NAMED_UNIT ( * ) SI_UNIT ( $, .STERADIAN. ) SOLID_ANGLE_UNIT ( ) );
#1917 = ORIENTED_EDGE ( 'NONE', *, *, #65, .T. ) ;
#1918 = ORIENTED_EDGE ( 'NONE', *, *, #788, .T. ) ;
#1919 = EDGE_CURVE ( 'NONE', #1572, #1354, #1649, .T. ) ;
#1920 = VERTEX_POINT ( 'NONE', #1882 ) ;
#1921 = CARTESIAN_POINT ( 'NONE',  ( 4.524999999999997691, 3.499999999999999112, -3.399999999999999911 ) ) ;
#1922 = FACE_OUTER_BOUND ( 'NONE', #708, .T. ) ;
#1923 = DIRECTION ( 'NONE',  ( 0.0000000000000000000, 0.0000000000000000000, -1.000000000000000000 ) ) ;
#1924 = PLANE ( 'NONE',  #1888 ) ;
#1925 = PLANE ( 'NONE',  #120 ) ;
#1926 = VECTOR ( 'NONE', #1725, 1000.000000000000000 ) ;
#1927 = UNCERTAINTY_MEASURE_WITH_UNIT (LENGTH_MEASURE( 1.000000000000000082E-05 ), #1527, 'distance_accuracy_value', 'NONE');
#1928 = DIRECTION ( 'NONE',  ( 1.000000000000000000, 0.0000000000000000000, 0.0000000000000000000 ) ) ;
#1929 = EDGE_CURVE ( 'NONE', #750, #1047, #1738, .T. ) ;
#1930 = VECTOR ( 'NONE', #787, 1000.000000000000000 ) ;
#1931 = LINE ( 'NONE', #1902, #2314 ) ;
#1932 = VECTOR ( 'NONE', #1550, 1000.000000000000000 ) ;
#1933 = VERTEX_POINT ( 'NONE', #1720 ) ;
#1934 = ORIENTED_EDGE ( 'NONE', *, *, #2400, .F. ) ;
#1935 = VECTOR ( 'NONE', #914, 1000.000000000000000 ) ;
#1936 = ORIENTED_EDGE ( 'NONE', *, *, #1580, .T. ) ;
#1937 = CARTESIAN_POINT ( 'NONE',  ( 0.1530000000000000249, -0.01600000000000000033, 0.07099999999999999367 ) ) ;
#1938 = EDGE_CURVE ( 'NONE', #2368, #1933, #1525, .T. ) ;
#1939 = FILL_AREA_STYLE ('',( #1318 ) ) ;
#1940 = PRESENTATION_STYLE_ASSIGNMENT (( #638 ) ) ;
#1941 = FACE_OUTER_BOUND ( 'NONE', #2323, .T. ) ;
#1942 = DIRECTION ( 'NONE',  ( 0.0000000000000000000, 0.0000000000000000000, 1.000000000000000000 ) ) ;
#1943 = CARTESIAN_POINT ( 'NONE',  ( 9.050000000000002487, 0.7999999999999990452, 1.191541959022136426E-16 ) ) ;
#1944 = VERTEX_POINT ( 'NONE', #623 ) ;
#1945 = ORIENTED_EDGE ( 'NONE', *, *, #573, .T. ) ;
#1946 = DIRECTION ( 'NONE',  ( 0.0000000000000000000, 0.0000000000000000000, 1.000000000000000000 ) ) ;
#1947 = ORIENTED_EDGE ( 'NONE', *, *, #1900, .T. ) ;
#1948 = ORIENTED_EDGE ( 'NONE', *, *, #1704, .F. ) ;
#1949 = ORIENTED_EDGE ( 'NONE', *, *, #237, .F. ) ;
#1950 = CARTESIAN_POINT ( 'NONE',  ( 0.1999999999999999833, 3.500000000000000000, -1.774999999999999911 ) ) ;
#1951 = EDGE_CURVE ( 'NONE', #2579, #2772, #18, .T. ) ;
#1952 = CARTESIAN_POINT ( 'NONE',  ( 8.849999999999999645, 3.499999999999955591, -0.1999999999999999833 ) ) ;
#1953 = LINE ( 'NONE', #2437, #1279 ) ;
#1954 = FACE_OUTER_BOUND ( 'NONE', #1106, .T. ) ;
#1955 = ADVANCED_FACE ( 'NONE', ( #1941 ), #2643, .F. ) ;
#1956 = CARTESIAN_POINT ( 'NONE',  ( 1.725000000000001199, 0.1499999999999900024, -5.224999999999999645 ) ) ;
#1957 = UNCERTAINTY_MEASURE_WITH_UNIT (LENGTH_MEASURE( 1.000000000000000082E-05 ), #2863, 'distance_accuracy_value', 'NONE');
#1958 = EDGE_LOOP ( 'NONE', ( #2293, #2709, #2095, #970, #2537, #1275, #157, #1035 ) ) ;
#1959 = LINE ( 'NONE', #2576, #1226 ) ;
#1960 = VECTOR ( 'NONE', #2797, 1000.000000000000000 ) ;
#1961 = ORIENTED_EDGE ( 'NONE', *, *, #2240, .F. ) ;
#1962 = ORIENTED_EDGE ( 'NONE', *, *, #305, .F. ) ;
#1963 = VECTOR ( 'NONE', #2181, 1000.000000000000000 ) ;
#1964 = VECTOR ( 'NONE', #2683, 1000.000000000000000 ) ;
#1965 = EDGE_LOOP ( 'NONE', ( #2805, #2428, #837, #2144 ) ) ;
#1966 = CARTESIAN_POINT ( 'NONE',  ( 2.624999999999999556, 5.450000000000000178, -1.025000000000000133 ) ) ;
#1967 =( LENGTH_UNIT ( ) NAMED_UNIT ( * ) SI_UNIT ( .MILLI., .METRE. ) );
#1968 = VECTOR ( 'NONE', #1872, 1000.000000000000114 ) ;
#1969 = DIRECTION ( 'NONE',  ( 0.0000000000000000000, 0.0000000000000000000, 1.000000000000000000 ) ) ;
#1970 = DIRECTION ( 'NONE',  ( 0.0000000000000000000, 1.000000000000000000, 0.0000000000000000000 ) ) ;
#1971 = DIRECTION ( 'NONE',  ( -1.000000000000000000, 0.0000000000000000000, 0.0000000000000000000 ) ) ;
#1972 = ORIENTED_EDGE ( 'NONE', *, *, #359, .F. ) ;
#1973 =( GEOMETRIC_REPRESENTATION_CONTEXT ( 3 ) GLOBAL_UNCERTAINTY_ASSIGNED_CONTEXT ( ( #1927 ) ) GLOBAL_UNIT_ASSIGNED_CONTEXT ( ( #1527, #834, #1017 ) ) REPRESENTATION_CONTEXT ( 'NONE', 'WORKASPACE' ) );
#1974 = EDGE_CURVE ( 'NONE', #1901, #1355, #2855, .T. ) ;
#1975 = SURFACE_STYLE_FILL_AREA ( #2477 ) ;
#1976 = DIRECTION ( 'NONE',  ( 0.0000000000000000000, -1.000000000000000000, 0.0000000000000000000 ) ) ;
#1977 = AXIS2_PLACEMENT_3D ( 'NONE', #818, #1442, #2097 ) ;
#1978 = DIRECTION ( 'NONE',  ( 0.0000000000000000000, 0.0000000000000000000, -1.000000000000000000 ) ) ;
#1979 = ORIENTED_EDGE ( 'NONE', *, *, #2599, .T. ) ;
#1980 = ORIENTED_EDGE ( 'NONE', *, *, #378, .F. ) ;
#1981 = VECTOR ( 'NONE', #2555, 1000.000000000000000 ) ;
#1982 = SURFACE_SIDE_STYLE ('',( #1095 ) ) ;
#1983 = FACE_OUTER_BOUND ( 'NONE', #367, .T. ) ;
#1984 = CARTESIAN_POINT ( 'NONE',  ( 7.325000000000000178, 0.3000000000000000444, -4.825000000000001066 ) ) ;
#1985 = ORIENTED_EDGE ( 'NONE', *, *, #825, .F. ) ;
#1986 = UNCERTAINTY_MEASURE_WITH_UNIT (LENGTH_MEASURE( 1.000000000000000082E-05 ), #4, 'distance_accuracy_value', 'NONE');
#1987 = LINE ( 'NONE', #432, #260 ) ;
#1988 = PLANE ( 'NONE',  #341 ) ;
#1989 = EDGE_CURVE ( 'NONE', #2401, #678, #610, .T. ) ;
#1990 = DIRECTION ( 'NONE',  ( -1.000000000000000000, -0.0000000000000000000, -0.0000000000000000000 ) ) ;
#1991 = ORIENTED_EDGE ( 'NONE', *, *, #1580, .F. ) ;
#1992 = ORIENTED_EDGE ( 'NONE', *, *, #2840, .F. ) ;
#1993 = EDGE_CURVE ( 'NONE', #1912, #2354, #2452, .T. ) ;
#1994 = LINE ( 'NONE', #2711, #1964 ) ;
#1995 = LINE ( 'NONE', #2027, #1434 ) ;
#1996 = DIRECTION ( 'NONE',  ( -1.000000000000000000, 0.0000000000000000000, 0.0000000000000000000 ) ) ;
#1997 = FACE_OUTER_BOUND ( 'NONE', #2568, .T. ) ;
#1998 = ORIENTED_EDGE ( 'NONE', *, *, #685, .F. ) ;
#1999 = SURFACE_SIDE_STYLE ('',( #2475 ) ) ;
#2000 = CARTESIAN_POINT ( 'NONE',  ( 4.224999999999999645, 1.192500000000000115, -0.01750000000000000167 ) ) ;
#2001 = CARTESIAN_POINT ( 'NONE',  ( 0.1500000000000000222, 3.499999999999999112, -1.775000000000000133 ) ) ;
#2002 = ADVANCED_FACE ( 'NONE', ( #1300 ), #1494, .T. ) ;
#2003 = LINE ( 'NONE', #2878, #1650 ) ;
#2004 = ORIENTED_EDGE ( 'NONE', *, *, #1430, .T. ) ;
#2005 = VERTEX_POINT ( 'NONE', #653 ) ;
#2006 = VECTOR ( 'NONE', #1124, 1000.000000000000000 ) ;
#2007 = DIRECTION ( 'NONE',  ( 0.0000000000000000000, 0.9828721869343218787, 0.1842885350501853592 ) ) ;
#2008 = VECTOR ( 'NONE', #53, 1000.000000000000000 ) ;
#2009 = CARTESIAN_POINT ( 'NONE',  ( 4.825000000000000178, 0.8858442495603002786, -3.535280017582999701 ) ) ;
#2010 = ADVANCED_FACE ( 'NONE', ( #2656 ), #2193, .F. ) ;
#2011 = VECTOR ( 'NONE', #683, 1000.000000000000000 ) ;
#2012 = CARTESIAN_POINT ( 'NONE',  ( 6.724999999999999645, 0.8858442495603002786, -3.535280017582999701 ) ) ;
#2013 = DIRECTION ( 'NONE',  ( 1.000000000000000000, 0.0000000000000000000, 0.0000000000000000000 ) ) ;
#2014 = DIRECTION ( 'NONE',  ( 0.0000000000000000000, -1.000000000000000000, 0.0000000000000000000 ) ) ;
#2015 = ORIENTED_EDGE ( 'NONE', *, *, #1084, .F. ) ;
#2016 = DIRECTION ( 'NONE',  ( -0.0000000000000000000, -0.0000000000000000000, 1.000000000000000000 ) ) ;
#2017 = LINE ( 'NONE', #2000, #346 ) ;
#2018 = DIRECTION ( 'NONE',  ( 0.0000000000000000000, 0.7071067811865339170, -0.7071067811865612285 ) ) ;
#2019 = CARTESIAN_POINT ( 'NONE',  ( 4.225000000000001421, 0.8162474985607998113, -3.987499999999999822 ) ) ;
#2020 = ORIENTED_EDGE ( 'NONE', *, *, #257, .F. ) ;
#2021 = ORIENTED_EDGE ( 'NONE', *, *, #1710, .F. ) ;
#2022 = ORIENTED_EDGE ( 'NONE', *, *, #2099, .T. ) ;
#2023 = EDGE_CURVE ( 'NONE', #447, #805, #2408, .T. ) ;
#2024 = CARTESIAN_POINT ( 'NONE',  ( 4.524999999999998579, 0.7999999999999999334, -2.456395547037470983E-17 ) ) ;
#2025 = VECTOR ( 'NONE', #1003, 1000.000000000000114 ) ;
#2026 = EDGE_CURVE ( 'NONE', #2188, #1403, #1953, .T. ) ;
#2027 = CARTESIAN_POINT ( 'NONE',  ( 4.525000000000000355, 0.3000000000000000444, -4.425000000000000711 ) ) ;
#2028 = CARTESIAN_POINT ( 'NONE',  ( 0.0000000000000000000, 3.149999999999999911, -2.524999999999999911 ) ) ;
#2029 = VERTEX_POINT ( 'NONE', #192 ) ;
#2030 = DIRECTION ( 'NONE',  ( 1.000000000000000000, 0.0000000000000000000, 0.0000000000000000000 ) ) ;
#2031 = CARTESIAN_POINT ( 'NONE',  ( 4.825000000000001066, 6.776263578034402713E-18, -5.224999999999998757 ) ) ;
#2032 = DIRECTION ( 'NONE',  ( 0.0000000000000000000, 0.0000000000000000000, -1.000000000000000000 ) ) ;
#2033 = SURFACE_STYLE_FILL_AREA ( #2523 ) ;
#2034 = ORIENTED_EDGE ( 'NONE', *, *, #487, .F. ) ;
#2035 = EDGE_LOOP ( 'NONE', ( #1484, #2109, #1769, #2404 ) ) ;
#2036 = EDGE_LOOP ( 'NONE', ( #1416, #1087, #1668, #1542 ) ) ;
#2037 = DIRECTION ( 'NONE',  ( 0.0000000000000000000, 0.0000000000000000000, 1.000000000000000000 ) ) ;
#2038 = PLANE ( 'NONE',  #1244 ) ;
#2039 = CARTESIAN_POINT ( 'NONE',  ( 6.724999999999999645, 2.009068977263002431E-13, -4.285999120847867161 ) ) ;
#2040 = ADVANCED_FACE ( 'NONE', ( #2226 ), #1068, .T. ) ;
#2041 = CARTESIAN_POINT ( 'NONE',  ( 0.01874999999999880929, 2.799999999999994493, -1.025000000000000133 ) ) ;
#2042 = VERTEX_POINT ( 'NONE', #2210 ) ;
#2043 = DIRECTION ( 'NONE',  ( 0.0000000000000000000, 0.0000000000000000000, 1.000000000000000000 ) ) ;
#2044 = CARTESIAN_POINT ( 'NONE',  ( 4.825000000000001066, 0.3730522614097551148, 0.3629468594384399616 ) ) ;
#2045 = DIRECTION ( 'NONE',  ( -0.0000000000000000000, -0.7071067811865339170, 0.7071067811865612285 ) ) ;
#2046 = EDGE_CURVE ( 'NONE', #371, #749, #1762, .T. ) ;
#2047 = EDGE_CURVE ( 'NONE', #476, #146, #2391, .T. ) ;
#2048 = CARTESIAN_POINT ( 'NONE',  ( 0.1499999999999999944, 1.321371397716708529E-16, -3.399999999999999911 ) ) ;
#2049 = ORIENTED_EDGE ( 'NONE', *, *, #1835, .T. ) ;
#2050 = EDGE_LOOP ( 'NONE', ( #2733, #1802, #2090, #1222, #1832, #849, #1638 ) ) ;
#2051 = ORIENTED_EDGE ( 'NONE', *, *, #612, .F. ) ;
#2052 = LINE ( 'NONE', #1330, #116 ) ;
#2053 = AXIS2_PLACEMENT_3D ( 'NONE', #1557, #2675, #948 ) ;
#2054 =( GEOMETRIC_REPRESENTATION_CONTEXT ( 3 ) GLOBAL_UNCERTAINTY_ASSIGNED_CONTEXT ( ( #1116 ) ) GLOBAL_UNIT_ASSIGNED_CONTEXT ( ( #2384, #369, #1916 ) ) REPRESENTATION_CONTEXT ( 'NONE', 'WORKASPACE' ) );
#2055 = CARTESIAN_POINT ( 'NONE',  ( 6.724999999999999645, 0.2793501000576000814, -4.442499999999999893 ) ) ;
#2056 = CARTESIAN_POINT ( 'NONE',  ( 8.850000000000001421, 3.600000000000079137, -0.6124999999999999334 ) ) ;
#2057 = EDGE_CURVE ( 'NONE', #850, #172, #389, .T. ) ;
#2058 = ORIENTED_EDGE ( 'NONE', *, *, #2451, .F. ) ;
#2059 = CARTESIAN_POINT ( 'NONE',  ( 0.1499999999999999944, 1.502401504983898085E-17, -3.399999999999999911 ) ) ;
#2060 = CARTESIAN_POINT ( 'NONE',  ( 0.02700000000000000316, 3.484858348835000008, -0.2000000000000000111 ) ) ;
#2061 = EDGE_CURVE ( 'NONE', #850, #1008, #1143, .T. ) ;
#2062 = DIRECTION ( 'NONE',  ( -0.0000000000000000000, -0.0000000000000000000, 1.000000000000000000 ) ) ;
#2063 = EDGE_CURVE ( 'NONE', #345, #1713, #1348, .T. ) ;
#2064 = VERTEX_POINT ( 'NONE', #1171 ) ;
#2065 = ORIENTED_EDGE ( 'NONE', *, *, #228, .T. ) ;
#2066 = EDGE_LOOP ( 'NONE', ( #923, #1312, #194, #867 ) ) ;
#2067 =( NAMED_UNIT ( * ) PLANE_ANGLE_UNIT ( ) SI_UNIT ( $, .RADIAN. ) );
#2068 = ORIENTED_EDGE ( 'NONE', *, *, #289, .T. ) ;
#2069 = PRESENTATION_LAYER_ASSIGNMENT (  '', '', ( #86 ) ) ;
#2070 = AXIS2_PLACEMENT_3D ( 'NONE', #290, #1353, #705 ) ;
#2071 = DIRECTION ( 'NONE',  ( 1.000000000000000000, 0.0000000000000000000, 0.0000000000000000000 ) ) ;
#2072 = CARTESIAN_POINT ( 'NONE',  ( 7.324999999999999289, 0.3000000000000000999, 0.8324472990141200679 ) ) ;
#2073 = AXIS2_PLACEMENT_3D ( 'NONE', #154, #1874, #1641 ) ;
#2074 = FILL_AREA_STYLE_COLOUR ( '', #2221 ) ;
#2075 = VECTOR ( 'NONE', #2870, 1000.000000000000000 ) ;
#2076 = VERTEX_POINT ( 'NONE', #1588 ) ;
#2077 = DIRECTION ( 'NONE',  ( 1.000000000000000000, 0.0000000000000000000, -0.0000000000000000000 ) ) ;
#2078 = DIRECTION ( 'NONE',  ( -0.0000000000000000000, -0.0000000000000000000, 1.000000000000000000 ) ) ;
#2079 = MECHANICAL_DESIGN_GEOMETRIC_PRESENTATION_REPRESENTATION (  '', ( #224 ), #385 ) ;
#2080 = CARTESIAN_POINT ( 'NONE',  ( 5.275000000000000355, 3.499999999999940492, -2.524999999999999911 ) ) ;
#2081 = ORIENTED_EDGE ( 'NONE', *, *, #1016, .T. ) ;
#2082 = EDGE_LOOP ( 'NONE', ( #2267, #1714, #1389, #2525 ) ) ;
#2083 = EDGE_CURVE ( 'NONE', #559, #937, #2743, .T. ) ;
#2084 = EDGE_LOOP ( 'NONE', ( #383, #2652, #695, #1560 ) ) ;
#2085 = CARTESIAN_POINT ( 'NONE',  ( 0.2000000000000000666, 3.499999999999955591, -3.349999999999999645 ) ) ;
#2086 = ADVANCED_FACE ( 'NONE', ( #1608 ), #2727, .T. ) ;
#2087 = DIRECTION ( 'NONE',  ( -1.000000000000000000, 0.0000000000000000000, 0.0000000000000000000 ) ) ;
#2088 = CARTESIAN_POINT ( 'NONE',  ( 0.1999999999999898526, 3.499999999999984901, -2.524999999999999911 ) ) ;
#2089 = CARTESIAN_POINT ( 'NONE',  ( 1.725000000000000311, 0.5875000000000000222, 0.0000000000000000000 ) ) ;
#2090 = ORIENTED_EDGE ( 'NONE', *, *, #1395, .T. ) ;
#2091 = CARTESIAN_POINT ( 'NONE',  ( 4.525000000000000355, 4.015512152389516531E-13, -4.285999120847695742 ) ) ;
#2092 = CARTESIAN_POINT ( 'NONE',  ( 4.524999999999998579, 1.175000000000000044, 0.0000000000000000000 ) ) ;
#2093 = LINE ( 'NONE', #2771, #2025 ) ;
#2094 = ORIENTED_EDGE ( 'NONE', *, *, #978, .F. ) ;
#2095 = ORIENTED_EDGE ( 'NONE', *, *, #84, .T. ) ;
#2096 = EDGE_CURVE ( 'NONE', #1583, #140, #273, .T. ) ;
#2097 = DIRECTION ( 'NONE',  ( 0.0000000000000000000, 0.0000000000000000000, -1.000000000000000000 ) ) ;
#2098 =( NAMED_UNIT ( * ) SI_UNIT ( $, .STERADIAN. ) SOLID_ANGLE_UNIT ( ) );
#2099 = EDGE_CURVE ( 'NONE', #1302, #629, #2529, .T. ) ;
#2100 = COLOUR_RGB ( '',0.2509803921568627416, 0.2588235294117646745, 0.2588235294117646745 ) ;
#2101 =( NAMED_UNIT ( * ) PLANE_ANGLE_UNIT ( ) SI_UNIT ( $, .RADIAN. ) );
#2102 = VECTOR ( 'NONE', #1626, 1000.000000000000000 ) ;
#2103 = CARTESIAN_POINT ( 'NONE',  ( 6.724999999999998757, -6.280749303890637014E-16, 0.7359991208482100644 ) ) ;
#2104 = ORIENTED_EDGE ( 'NONE', *, *, #28, .F. ) ;
#2105 = DIRECTION ( 'NONE',  ( 0.0000000000000000000, -1.000000000000000000, 0.0000000000000000000 ) ) ;
#2106 = VECTOR ( 'NONE', #2598, 1000.000000000000000 ) ;
#2107 = LINE ( 'NONE', #127, #901 ) ;
#2108 = AXIS2_PLACEMENT_3D ( 'NONE', #1687, #794, #1214 ) ;
#2109 = ORIENTED_EDGE ( 'NONE', *, *, #412, .T. ) ;
#2110 = CARTESIAN_POINT ( 'NONE',  ( 4.824999999999999289, 5.421010862427522170E-17, -4.387500000000000178 ) ) ;
#2111 = FILL_AREA_STYLE_COLOUR ( '', #1218 ) ;
#2112 = EDGE_LOOP ( 'NONE', ( #2172, #1272, #2015, #2524 ) ) ;
#2113 = DIRECTION ( 'NONE',  ( 1.000000000000000000, 0.0000000000000000000, 0.0000000000000000000 ) ) ;
#2114 = EDGE_CURVE ( 'NONE', #2385, #740, #511, .T. ) ;
#2115 = VERTEX_POINT ( 'NONE', #943 ) ;
#2116 = VECTOR ( 'NONE', #1350, 1000.000000000000000 ) ;
#2117 = LINE ( 'NONE', #1036, #533 ) ;
#2118 = CARTESIAN_POINT ( 'NONE',  ( 4.225000000000001421, 0.4342373772354400918, -3.917999560423999661 ) ) ;
#2119 = VERTEX_POINT ( 'NONE', #493 ) ;
#2120 = CARTESIAN_POINT ( 'NONE',  ( 4.525000000000000355, 0.3000000000003329448, 0.8749999999996671551 ) ) ;
#2121 = FACE_OUTER_BOUND ( 'NONE', #1825, .T. ) ;
#2122 = MECHANICAL_DESIGN_GEOMETRIC_PRESENTATION_REPRESENTATION (  '', ( #876 ), #94 ) ;
#2123 = CARTESIAN_POINT ( 'NONE',  ( 2.324999999999999734, 0.3000000000000000444, -4.425000000000014033 ) ) ;
#2124 = VECTOR ( 'NONE', #151, 1000.000000000000000 ) ;
#2125 = CARTESIAN_POINT ( 'NONE',  ( 4.524999999999999467, 3.600000000000000977, -1.024999999999999911 ) ) ;
#2126 = VECTOR ( 'NONE', #2742, 1000.000000000000000 ) ;
#2127 = SURFACE_SIDE_STYLE ('',( #463 ) ) ;
#2128 = EDGE_LOOP ( 'NONE', ( #2253, #979, #924, #801 ) ) ;
#2129 = FILL_AREA_STYLE_COLOUR ( '', #908 ) ;
#2130 = ORIENTED_EDGE ( 'NONE', *, *, #507, .T. ) ;
#2131 = CARTESIAN_POINT ( 'NONE',  ( 8.849999999999983658, 3.600000000000000977, -1.024999999999999911 ) ) ;
#2132 = CARTESIAN_POINT ( 'NONE',  ( 6.724999999999999645, 1.198500000000000121, -0.04380751001075999795 ) ) ;
#2133 = CARTESIAN_POINT ( 'NONE',  ( 4.825000000000000178, 1.750000000000000000, 0.0000000000000000000 ) ) ;
#2134 = LINE ( 'NONE', #314, #2782 ) ;
#2135 = CARTESIAN_POINT ( 'NONE',  ( 8.850000000000001421, 3.500000000000000000, -1.774999999999999911 ) ) ;
#2136 = EDGE_CURVE ( 'NONE', #140, #707, #1188, .T. ) ;
#2137 = DIRECTION ( 'NONE',  ( 0.0000000000000000000, 1.000000000000000000, 0.0000000000000000000 ) ) ;
#2138 = VERTEX_POINT ( 'NONE', #2686 ) ;
#2139 = EDGE_CURVE ( 'NONE', #863, #2219, #241, .T. ) ;
#2140 = EDGE_LOOP ( 'NONE', ( #2864, #208, #279, #293 ) ) ;
#2141 = EDGE_CURVE ( 'NONE', #2637, #2662, #712, .T. ) ;
#2142 = CARTESIAN_POINT ( 'NONE',  ( 4.525000000000000355, 1.332494997121553837, -3.550000000000012701 ) ) ;
#2143 = VERTEX_POINT ( 'NONE', #2039 ) ;
#2144 = ORIENTED_EDGE ( 'NONE', *, *, #2063, .T. ) ;
#2145 = LINE ( 'NONE', #211, #509 ) ;
#2146 =( LENGTH_UNIT ( ) NAMED_UNIT ( * ) SI_UNIT ( .MILLI., .METRE. ) );
#2147 = DIRECTION ( 'NONE',  ( -1.000000000000000000, -0.0000000000000000000, -0.0000000000000000000 ) ) ;
#2148 =( NAMED_UNIT ( * ) SI_UNIT ( $, .STERADIAN. ) SOLID_ANGLE_UNIT ( ) );
#2149 = DIRECTION ( 'NONE',  ( 1.000000000000000000, 0.0000000000000000000, 0.0000000000000000000 ) ) ;
#2150 = DIRECTION ( 'NONE',  ( 0.0000000000000000000, -1.000000000000000000, 0.0000000000000000000 ) ) ;
#2151 =( NAMED_UNIT ( * ) PLANE_ANGLE_UNIT ( ) SI_UNIT ( $, .RADIAN. ) );
#2152 =( GEOMETRIC_REPRESENTATION_CONTEXT ( 3 ) GLOBAL_UNCERTAINTY_ASSIGNED_CONTEXT ( ( #689 ) ) GLOBAL_UNIT_ASSIGNED_CONTEXT ( ( #567, #327, #2346 ) ) REPRESENTATION_CONTEXT ( 'NONE', 'WORKASPACE' ) );
#2153 = ORIENTED_EDGE ( 'NONE', *, *, #2453, .T. ) ;
#2154 = ADVANCED_FACE ( 'NONE', ( #1565 ), #1841, .T. ) ;
#2155 = EDGE_LOOP ( 'NONE', ( #1344, #2456, #1261, #1459 ) ) ;
#2156 = VECTOR ( 'NONE', #2434, 1000.000000000000000 ) ;
#2157 = EDGE_CURVE ( 'NONE', #231, #2219, #743, .T. ) ;
#2158 = DIRECTION ( 'NONE',  ( 0.0000000000000000000, 1.000000000000000000, 0.0000000000000000000 ) ) ;
#2159 = ORIENTED_EDGE ( 'NONE', *, *, #1479, .T. ) ;
#2160 = VECTOR ( 'NONE', #1670, 1000.000000000000000 ) ;
#2161 = VERTEX_POINT ( 'NONE', #1624 ) ;
#2162 =( NAMED_UNIT ( * ) SI_UNIT ( $, .STERADIAN. ) SOLID_ANGLE_UNIT ( ) );
#2163 = DIRECTION ( 'NONE',  ( -0.0000000000000000000, -0.0000000000000000000, 1.000000000000000000 ) ) ;
#2164 = PLANE ( 'NONE',  #2735 ) ;
#2165 =( NAMED_UNIT ( * ) PLANE_ANGLE_UNIT ( ) SI_UNIT ( $, .RADIAN. ) );
#2166 = CARTESIAN_POINT ( 'NONE',  ( 7.324999999999999289, 5.759824041329242306E-17, 0.8324472990141200679 ) ) ;
#2167 = VECTOR ( 'NONE', #1906, 1000.000000000000000 ) ;
#2168 = LINE ( 'NONE', #1113, #2415 ) ;
#2169 = VECTOR ( 'NONE', #2603, 1000.000000000000000 ) ;
#2170 = FILL_AREA_STYLE ('',( #1681 ) ) ;
#2171 = FILL_AREA_STYLE ('',( #2693 ) ) ;
#2172 = ORIENTED_EDGE ( 'NONE', *, *, #1444, .T. ) ;
#2173 = ADVANCED_FACE ( 'NONE', ( #49 ), #2299, .T. ) ;
#2174 = AXIS2_PLACEMENT_3D ( 'NONE', #2824, #1297, #2867 ) ;
#2175 = VERTEX_POINT ( 'NONE', #1778 ) ;
#2176 = DIRECTION ( 'NONE',  ( 1.000000000000000000, -0.0000000000000000000, -0.0000000000000000000 ) ) ;
#2177 = CARTESIAN_POINT ( 'NONE',  ( 2.324999999999999734, 1.174999999999888356, 1.117261868416839776E-13 ) ) ;
#2178 = CARTESIAN_POINT ( 'NONE',  ( 9.050000000000000711, 0.7620000000000000107, 0.07099999999999999367 ) ) ;
#2179 = EDGE_CURVE ( 'NONE', #1920, #1135, #2258, .T. ) ;
#2180 = CARTESIAN_POINT ( 'NONE',  ( 1.612999999999999989, 0.3000000000000000444, -5.241000000000000547 ) ) ;
#2181 = DIRECTION ( 'NONE',  ( 0.0000000000000000000, 0.0000000000000000000, 1.000000000000000000 ) ) ;
#2182 =( LENGTH_UNIT ( ) NAMED_UNIT ( * ) SI_UNIT ( .MILLI., .METRE. ) );
#2183 = DIRECTION ( 'NONE',  ( -0.0000000000000000000, -0.0000000000000000000, -1.000000000000000000 ) ) ;
#2184 = CARTESIAN_POINT ( 'NONE',  ( 8.849999999999985434, 3.499999999999970246, -1.024999999999999911 ) ) ;
#2185 = PLANE ( 'NONE',  #488 ) ;
#2186 = CARTESIAN_POINT ( 'NONE',  ( 4.824999999999999289, 2.009068977263002431E-13, -4.285999120847867161 ) ) ;
#2187 = ORIENTED_EDGE ( 'NONE', *, *, #289, .F. ) ;
#2188 = VERTEX_POINT ( 'NONE', #1127 ) ;
#2189 = ORIENTED_EDGE ( 'NONE', *, *, #321, .F. ) ;
#2190 = LINE ( 'NONE', #1476, #1335 ) ;
#2191 = CARTESIAN_POINT ( 'NONE',  ( 1.612999999999999989, 0.2793501000576000814, -4.442499999999999893 ) ) ;
#2192 = EDGE_CURVE ( 'NONE', #1047, #937, #32, .T. ) ;
#2193 = PLANE ( 'NONE',  #1914 ) ;
#2194 = PLANE ( 'NONE',  #332 ) ;
#2195 = CARTESIAN_POINT ( 'NONE',  ( -0.1810000000000000220, 2.799999999999999822, -0.9950000000000002176 ) ) ;
#2196 = EDGE_LOOP ( 'NONE', ( #251, #730, #1600, #52 ) ) ;
#2197 = UNCERTAINTY_MEASURE_WITH_UNIT (LENGTH_MEASURE( 1.000000000000000082E-05 ), #1400, 'distance_accuracy_value', 'NONE');
#2198 = ORIENTED_EDGE ( 'NONE', *, *, #1591, .F. ) ;
#2199 = VECTOR ( 'NONE', #1574, 1000.000000000000000 ) ;
#2200 = SURFACE_SIDE_STYLE ('',( #1878 ) ) ;
#2201 = VECTOR ( 'NONE', #1828, 1000.000000000000000 ) ;
#2202 = AXIS2_PLACEMENT_3D ( 'NONE', #497, #2531, #2506 ) ;
#2203 = ORIENTED_EDGE ( 'NONE', *, *, #2648, .F. ) ;
#2204 = VERTEX_POINT ( 'NONE', #2360 ) ;
#2205 = VECTOR ( 'NONE', #121, 1000.000000000000000 ) ;
#2206 = STYLED_ITEM ( 'NONE', ( #912 ), #2438 ) ;
#2207 = DIRECTION ( 'NONE',  ( 1.000000000000000000, -0.0000000000000000000, -0.0000000000000000000 ) ) ;
#2208 = CARTESIAN_POINT ( 'NONE',  ( 4.824999999999998401, 0.8684747544708687483, -3.549999999999999822 ) ) ;
#2209 =( LENGTH_UNIT ( ) NAMED_UNIT ( * ) SI_UNIT ( .MILLI., .METRE. ) );
#2210 = CARTESIAN_POINT ( 'NONE',  ( 0.09999999999999947820, 3.600000000000000533, -2.524999999999999467 ) ) ;
#2211 = EDGE_CURVE ( 'NONE', #2161, #749, #996, .T. ) ;
#2212 = DIRECTION ( 'NONE',  ( -1.000000000000000000, -0.0000000000000000000, -0.0000000000000000000 ) ) ;
#2213 = PRESENTATION_LAYER_ASSIGNMENT (  '', '', ( #1289 ) ) ;
#2214 = DIRECTION ( 'NONE',  ( 0.0000000000000000000, 1.000000000000000000, 0.0000000000000000000 ) ) ;
#2215 = CARTESIAN_POINT ( 'NONE',  ( 9.049999999999998934, 2.700000000000000178, -1.775000000000000133 ) ) ;
#2216 = ADVANCED_FACE ( 'NONE', ( #1672 ), #1635, .T. ) ;
#2217 = PLANE ( 'NONE',  #960 ) ;
#2218 = ORIENTED_EDGE ( 'NONE', *, *, #2630, .T. ) ;
#2219 = VERTEX_POINT ( 'NONE', #137 ) ;
#2220 = VECTOR ( 'NONE', #1664, 1000.000000000000000 ) ;
#2221 = COLOUR_RGB ( '',0.2509803921568627416, 0.2588235294117646745, 0.2588235294117646745 ) ;
#2222 = CARTESIAN_POINT ( 'NONE',  ( 1.612999999999999989, 0.0000000000000000000, -4.267219103264999980 ) ) ;
#2223 = DIRECTION ( 'NONE',  ( -0.0000000000000000000, -0.0000000000000000000, -1.000000000000000000 ) ) ;
#2224 = AXIS2_PLACEMENT_3D ( 'NONE', #1854, #1421, #2315 ) ;
#2225 = DIRECTION ( 'NONE',  ( 0.0000000000000000000, 0.0000000000000000000, 1.000000000000000000 ) ) ;
#2226 = FACE_OUTER_BOUND ( 'NONE', #1836, .T. ) ;
#2227 = DIRECTION ( 'NONE',  ( 0.0000000000000000000, -0.6465235186420260627, 0.7628940554511706162 ) ) ;
#2228 = EDGE_CURVE ( 'NONE', #469, #2728, #1203, .T. ) ;
#2229 = ORIENTED_EDGE ( 'NONE', *, *, #2303, .T. ) ;
#2230 = DIRECTION ( 'NONE',  ( -0.0000000000000000000, 1.000000000000000000, 0.0000000000000000000 ) ) ;
#2231 = DIRECTION ( 'NONE',  ( 0.0000000000000000000, -0.7071067811865474617, 0.7071067811865474617 ) ) ;
#2232 = CYLINDRICAL_SURFACE ( 'NONE', #2053, 0.1000000000000000333 ) ;
#2233 = DIRECTION ( 'NONE',  ( 0.1842885350501854147, 0.9828721869343218787, -0.0000000000000000000 ) ) ;
#2234 = ADVANCED_FACE ( 'NONE', ( #594 ), #2541, .T. ) ;
#2235 = ORIENTED_EDGE ( 'NONE', *, *, #2840, .T. ) ;
#2236 = VERTEX_POINT ( 'NONE', #2765 ) ;
#2237 = VERTEX_POINT ( 'NONE', #356 ) ;
#2238 = FACE_OUTER_BOUND ( 'NONE', #1440, .T. ) ;
#2239 = DIRECTION ( 'NONE',  ( 0.0000000000000000000, -1.000000000000000000, 0.0000000000000000000 ) ) ;
#2240 = EDGE_CURVE ( 'NONE', #2708, #1156, #1250, .T. ) ;
#2241 = PLANE ( 'NONE',  #407 ) ;
#2242 = DIRECTION ( 'NONE',  ( -0.0000000000000000000, -1.000000000000000000, -0.0000000000000000000 ) ) ;
#2243 = ORIENTED_EDGE ( 'NONE', *, *, #2515, .T. ) ;
#2244 = CARTESIAN_POINT ( 'NONE',  ( 1.612999999999999989, -0.01492209045638999768, 0.7509212113046001003 ) ) ;
#2245 = LINE ( 'NONE', #261, #775 ) ;
#2246 = LINE ( 'NONE', #262, #2810 ) ;
#2247 = ADVANCED_FACE ( 'NONE', ( #2755 ), #1477, .F. ) ;
#2248 = CARTESIAN_POINT ( 'NONE',  ( 2.624999999999999556, 5.450000000000000178, -2.524999999999999911 ) ) ;
#2249 = ORIENTED_EDGE ( 'NONE', *, *, #65, .F. ) ;
#2250 = ORIENTED_EDGE ( 'NONE', *, *, #2378, .T. ) ;
#2251 = AXIS2_PLACEMENT_3D ( 'NONE', #1739, #2366, #2612 ) ;
#2252 = EDGE_CURVE ( 'NONE', #2064, #2431, #755, .T. ) ;
#2253 = ORIENTED_EDGE ( 'NONE', *, *, #1993, .T. ) ;
#2254 = DIRECTION ( 'NONE',  ( 1.000000000000000000, 0.0000000000000000000, 0.0000000000000000000 ) ) ;
#2255 = CARTESIAN_POINT ( 'NONE',  ( 9.050000000000000711, 0.8000000000000000444, 4.336808689942017736E-16 ) ) ;
#2256 = STYLED_ITEM ( 'NONE', ( #200 ), #2335 ) ;
#2257 =( NAMED_UNIT ( * ) SI_UNIT ( $, .STERADIAN. ) SOLID_ANGLE_UNIT ( ) );
#2258 = LINE ( 'NONE', #2028, #720 ) ;
#2259 = SHAPE_DEFINITION_REPRESENTATION ( #1834, #1122 ) ;
#2260 = CARTESIAN_POINT ( 'NONE',  ( 4.225000000000001421, 0.1499999999999900024, -5.224999999999999645 ) ) ;
#2261 = ORIENTED_EDGE ( 'NONE', *, *, #2548, .F. ) ;
#2262 = DIRECTION ( 'NONE',  ( 0.0000000000000000000, -0.7071067811865611175, -0.7071067811865339170 ) ) ;
#2263 = DIRECTION ( 'NONE',  ( -1.000000000000000000, 0.0000000000000000000, 0.0000000000000000000 ) ) ;
#2264 = CARTESIAN_POINT ( 'NONE',  ( 1.725000000000001199, 0.4342373772354401473, -3.917999560423999661 ) ) ;
#2265 = LINE ( 'NONE', #1415, #1331 ) ;
#2266 = VERTEX_POINT ( 'NONE', #1880 ) ;
#2267 = ORIENTED_EDGE ( 'NONE', *, *, #1271, .T. ) ;
#2268 = ORIENTED_EDGE ( 'NONE', *, *, #1835, .F. ) ;
#2269 = SURFACE_SIDE_STYLE ('',( #1376 ) ) ;
#2270 = PRESENTATION_LAYER_ASSIGNMENT (  '', '', ( #820 ) ) ;
#2271 = EDGE_CURVE ( 'NONE', #40, #1724, #536, .T. ) ;
#2272 = PLANE ( 'NONE',  #1184 ) ;
#2273 = PRESENTATION_LAYER_ASSIGNMENT (  '', '', ( #2316 ) ) ;
#2274 = FACE_BOUND ( 'NONE', #210, .T. ) ;
#2275 = EDGE_CURVE ( 'NONE', #1869, #707, #2780, .T. ) ;
#2276 = DIRECTION ( 'NONE',  ( 0.0000000000000000000, 0.0000000000000000000, 1.000000000000000000 ) ) ;
#2277 = MECHANICAL_DESIGN_GEOMETRIC_PRESENTATION_REPRESENTATION (  '', ( #1615 ), #47 ) ;
#2278 = CARTESIAN_POINT ( 'NONE',  ( 8.974999999999999645, 3.100000000000000089, -2.524999999999999911 ) ) ;
#2279 = ORIENTED_EDGE ( 'NONE', *, *, #1455, .T. ) ;
#2280 = LINE ( 'NONE', #1161, #763 ) ;
#2281 = DIRECTION ( 'NONE',  ( -1.000000000000000000, -0.0000000000000000000, -0.0000000000000000000 ) ) ;
#2282 = DIRECTION ( 'NONE',  ( 0.0000000000000000000, 1.000000000000000000, 0.0000000000000000000 ) ) ;
#2283 = DIRECTION ( 'NONE',  ( -1.000000000000000000, 0.0000000000000000000, 0.0000000000000000000 ) ) ;
#2284 = EDGE_LOOP ( 'NONE', ( #2022, #1048, #538, #2357 ) ) ;
#2285 = VERTEX_POINT ( 'NONE', #2088 ) ;
#2286 = ORIENTED_EDGE ( 'NONE', *, *, #1419, .T. ) ;
#2287 = LINE ( 'NONE', #281, #245 ) ;
#2288 = CARTESIAN_POINT ( 'NONE',  ( 2.324999999999999289, 1.332494997121561164, -3.550000000000006484 ) ) ;
#2289 = DIRECTION ( 'NONE',  ( -1.000000000000000000, 0.0000000000000000000, 0.0000000000000000000 ) ) ;
#2290 = EDGE_CURVE ( 'NONE', #983, #2446, #782, .T. ) ;
#2291 = CARTESIAN_POINT ( 'NONE',  ( 1.725000000000000977, -1.000642372238867706E-14, 1.674999999999990274 ) ) ;
#2292 = DIRECTION ( 'NONE',  ( -0.1812366279990522688, 0.9665953493282830600, -0.1812366279990536844 ) ) ;
#2293 = ORIENTED_EDGE ( 'NONE', *, *, #1444, .F. ) ;
#2294 = ORIENTED_EDGE ( 'NONE', *, *, #1159, .T. ) ;
#2295 = EDGE_LOOP ( 'NONE', ( #1529, #2049, #225, #2417 ) ) ;
#2296 = DIRECTION ( 'NONE',  ( 0.0000000000000000000, 0.0000000000000000000, 1.000000000000000000 ) ) ;
#2297 = VECTOR ( 'NONE', #1341, 1000.000000000000000 ) ;
#2298 = VECTOR ( 'NONE', #798, 1000.000000000000000 ) ;
#2299 = PLANE ( 'NONE',  #1873 ) ;
#2300 = AXIS2_PLACEMENT_3D ( 'NONE', #1789, #2223, #1819 ) ;
#2301 = ORIENTED_EDGE ( 'NONE', *, *, #649, .T. ) ;
#2302 = FACE_OUTER_BOUND ( 'NONE', #2372, .T. ) ;
#2303 = EDGE_CURVE ( 'NONE', #678, #2615, #2117, .T. ) ;
#2304 = DIRECTION ( 'NONE',  ( 0.0000000000000000000, 0.0000000000000000000, 1.000000000000000000 ) ) ;
#2305 = SURFACE_STYLE_FILL_AREA ( #1898 ) ;
#2306 = LINE ( 'NONE', #2019, #89 ) ;
#2307 = EDGE_CURVE ( 'NONE', #40, #2637, #1735, .T. ) ;
#2308 = ORIENTED_EDGE ( 'NONE', *, *, #1123, .F. ) ;
#2309 = ORIENTED_EDGE ( 'NONE', *, *, #612, .T. ) ;
#2310 = ORIENTED_EDGE ( 'NONE', *, *, #1868, .F. ) ;
#2311 = CARTESIAN_POINT ( 'NONE',  ( 4.824999999999997513, 1.750000000000000000, -3.549999999999999822 ) ) ;
#2312 = ORIENTED_EDGE ( 'NONE', *, *, #1294, .T. ) ;
#2313 = VECTOR ( 'NONE', #36, 1000.000000000000000 ) ;
#2314 = VECTOR ( 'NONE', #2802, 1000.000000000000000 ) ;
#2315 = DIRECTION ( 'NONE',  ( -1.000000000000000000, 0.0000000000000000000, 0.0000000000000000000 ) ) ;
#2316 = STYLED_ITEM ( 'NONE', ( #365 ), #684 ) ;
#2317 = CARTESIAN_POINT ( 'NONE',  ( 4.524999999999998579, 2.700000000000000178, 0.0000000000000000000 ) ) ;
#2318 = AXIS2_PLACEMENT_3D ( 'NONE', #2180, #665, #388 ) ;
#2319 = ORIENTED_EDGE ( 'NONE', *, *, #1474, .F. ) ;
#2320 = LINE ( 'NONE', #2091, #531 ) ;
#2321 = LINE ( 'NONE', #2092, #1033 ) ;
#2322 = CARTESIAN_POINT ( 'NONE',  ( 0.1500000000000002165, 3.499999999999999556, -0.1500000000000000500 ) ) ;
#2323 = EDGE_LOOP ( 'NONE', ( #532, #2418, #1908, #2308, #1445, #1715 ) ) ;
#2324 = VERTEX_POINT ( 'NONE', #2177 ) ;
#2325 = ADVANCED_FACE ( 'NONE', ( #1922 ), #1310, .T. ) ;
#2326 = CARTESIAN_POINT ( 'NONE',  ( 4.224999999999999645, 0.3000000000001667444, 0.8749999999998333555 ) ) ;
#2327 =( NAMED_UNIT ( * ) PLANE_ANGLE_UNIT ( ) SI_UNIT ( $, .RADIAN. ) );
#2328 = CARTESIAN_POINT ( 'NONE',  ( 4.824999999999999289, 0.2793501000576000814, -4.442499999999999893 ) ) ;
#2329 = FACE_OUTER_BOUND ( 'NONE', #2155, .T. ) ;
#2330 = ORIENTED_EDGE ( 'NONE', *, *, #2591, .T. ) ;
#2331 = CARTESIAN_POINT ( 'NONE',  ( 4.224999999999999645, 0.3000000000000000999, 0.8324472990141200679 ) ) ;
#2332 = SURFACE_SIDE_STYLE ('',( #2305 ) ) ;
#2333 = FACE_OUTER_BOUND ( 'NONE', #852, .T. ) ;
#2334 = VERTEX_POINT ( 'NONE', #439 ) ;
#2335 = ADVANCED_FACE ( 'NONE', ( #2622 ), #2825, .T. ) ;
#2336 = LINE ( 'NONE', #835, #2828 ) ;
#2337 =( NAMED_UNIT ( * ) SI_UNIT ( $, .STERADIAN. ) SOLID_ANGLE_UNIT ( ) );
#2338 = ORIENTED_EDGE ( 'NONE', *, *, #233, .T. ) ;
#2339 = EDGE_CURVE ( 'NONE', #895, #750, #1489, .T. ) ;
#2340 = PLANE ( 'NONE',  #854 ) ;
#2341 = CARTESIAN_POINT ( 'NONE',  ( 5.275000000000001243, 3.499999999999940492, -1.024999999999999911 ) ) ;
#2342 = DIRECTION ( 'NONE',  ( 0.0000000000000000000, -0.7628940554511705052, -0.6465235186420260627 ) ) ;
#2343 = VERTEX_POINT ( 'NONE', #637 ) ;
#2344 = CARTESIAN_POINT ( 'NONE',  ( 4.824999999999999289, 1.359144897063999657, -3.516499999999999737 ) ) ;
#2345 = AXIS2_PLACEMENT_3D ( 'NONE', #2132, #811, #968 ) ;
#2346 =( NAMED_UNIT ( * ) SI_UNIT ( $, .STERADIAN. ) SOLID_ANGLE_UNIT ( ) );
#2347 = VECTOR ( 'NONE', #424, 1000.000000000000000 ) ;
#2348 = PLANE ( 'NONE',  #871 ) ;
#2349 = VERTEX_POINT ( 'NONE', #2639 ) ;
#2350 = AXIS2_PLACEMENT_3D ( 'NONE', #1451, #759, #553 ) ;
#2351 = DIRECTION ( 'NONE',  ( 0.0000000000000000000, 1.000000000000000000, 0.0000000000000000000 ) ) ;
#2352 = DIRECTION ( 'NONE',  ( 1.000000000000000000, 0.0000000000000000000, 0.0000000000000000000 ) ) ;
#2353 = EDGE_LOOP ( 'NONE', ( #2004, #737, #1280, #1402 ) ) ;
#2354 = VERTEX_POINT ( 'NONE', #2208 ) ;
#2355 = FILL_AREA_STYLE ('',( #2129 ) ) ;
#2356 = PRODUCT_RELATED_PRODUCT_CATEGORY ( 'part', '', ( #2481 ) ) ;
#2357 = ORIENTED_EDGE ( 'NONE', *, *, #1741, .F. ) ;
#2358 =( LENGTH_UNIT ( ) NAMED_UNIT ( * ) SI_UNIT ( .MILLI., .METRE. ) );
#2359 = VECTOR ( 'NONE', #2397, 1000.000000000000000 ) ;
#2360 = CARTESIAN_POINT ( 'NONE',  ( 8.900000000000000355, 2.710505431213761085E-17, -0.1500000000000000777 ) ) ;
#2361 = DIRECTION ( 'NONE',  ( 0.0000000000000000000, 0.0000000000000000000, -1.000000000000000000 ) ) ;
#2362 = ADVANCED_FACE ( 'NONE', ( #888 ), #2868, .T. ) ;
#2363 = PLANE ( 'NONE',  #1052 ) ;
#2364 = DIRECTION ( 'NONE',  ( 0.0000000000000000000, -1.000000000000000000, 0.0000000000000000000 ) ) ;
#2365 = AXIS2_PLACEMENT_3D ( 'NONE', #303, #2761, #760 ) ;
#2366 = DIRECTION ( 'NONE',  ( 0.0000000000000000000, 0.0000000000000000000, 1.000000000000000000 ) ) ;
#2367 = CARTESIAN_POINT ( 'NONE',  ( 8.849999999999999645, 3.600000000000039613, -3.349999999999999645 ) ) ;
#2368 = VERTEX_POINT ( 'NONE', #386 ) ;
#2369 = ORIENTED_EDGE ( 'NONE', *, *, #862, .T. ) ;
#2370 = VECTOR ( 'NONE', #372, 1000.000000000000000 ) ;
#2371 = LINE ( 'NONE', #1667, #2692 ) ;
#2372 = EDGE_LOOP ( 'NONE', ( #817, #1817, #98, #1032 ) ) ;
#2373 = ADVANCED_FACE ( 'NONE', ( #1521 ), #856, .T. ) ;
#2374 = VERTEX_POINT ( 'NONE', #2654 ) ;
#2375 = FACE_OUTER_BOUND ( 'NONE', #1661, .T. ) ;
#2376 = FILL_AREA_STYLE_COLOUR ( '', #166 ) ;
#2377 = SURFACE_SIDE_STYLE ('',( #2596 ) ) ;
#2378 = EDGE_CURVE ( 'NONE', #1618, #1724, #651, .T. ) ;
#2379 = CARTESIAN_POINT ( 'NONE',  ( 7.324999999999999289, 0.7999999999999999334, 5.586044644288181912E-14 ) ) ;
#2380 = DIRECTION ( 'NONE',  ( 1.000000000000000000, 0.0000000000000000000, -0.0000000000000000000 ) ) ;
#2381 = EDGE_CURVE ( 'NONE', #345, #976, #1533, .T. ) ;
#2382 = CARTESIAN_POINT ( 'NONE',  ( -0.02500000000000000139, 0.0000000000000000000, -0.08500000000000000611 ) ) ;
#2383 = CARTESIAN_POINT ( 'NONE',  ( 8.899999999999987921, 3.499999999999999556, -2.524999999999999467 ) ) ;
#2384 =( LENGTH_UNIT ( ) NAMED_UNIT ( * ) SI_UNIT ( .MILLI., .METRE. ) );
#2385 = VERTEX_POINT ( 'NONE', #212 ) ;
#2386 = ORIENTED_EDGE ( 'NONE', *, *, #348, .F. ) ;
#2387 = CARTESIAN_POINT ( 'NONE',  ( 9.050000000000000711, 2.799999999999999822, -1.775000000000000133 ) ) ;
#2388 = CARTESIAN_POINT ( 'NONE',  ( 1.612999999999999989, 0.0000000000000000000, -4.267219103264999980 ) ) ;
#2389 =( NAMED_UNIT ( * ) SI_UNIT ( $, .STERADIAN. ) SOLID_ANGLE_UNIT ( ) );
#2390 = LINE ( 'NONE', #2667, #1932 ) ;
#2391 = LINE ( 'NONE', #667, #2814 ) ;
#2392 =( NAMED_UNIT ( * ) SI_UNIT ( $, .STERADIAN. ) SOLID_ANGLE_UNIT ( ) );
#2393 = LINE ( 'NONE', #2439, #222 ) ;
#2394 = ADVANCED_FACE ( 'NONE', ( #1097 ), #2665, .T. ) ;
#2395 = AXIS2_PLACEMENT_3D ( 'NONE', #2244, #2262, #959 ) ;
#2396 = VERTEX_POINT ( 'NONE', #1125 ) ;
#2397 = DIRECTION ( 'NONE',  ( -0.0000000000000000000, -1.000000000000000000, -0.0000000000000000000 ) ) ;
#2398 = COLOUR_RGB ( '',0.2509803921568627416, 0.2588235294117646745, 0.2588235294117646745 ) ;
#2399 = CARTESIAN_POINT ( 'NONE',  ( 4.825000000000000178, 0.7461045231171888892, -0.01010540191512021915 ) ) ;
#2400 = EDGE_CURVE ( 'NONE', #805, #2204, #941, .T. ) ;
#2401 = VERTEX_POINT ( 'NONE', #2288 ) ;
#2402 = VECTOR ( 'NONE', #1976, 1000.000000000000000 ) ;
#2403 = ORIENTED_EDGE ( 'NONE', *, *, #2157, .F. ) ;
#2404 = ORIENTED_EDGE ( 'NONE', *, *, #1903, .F. ) ;
#2405 = CARTESIAN_POINT ( 'NONE',  ( 4.225000000000000533, 1.004466725995720872E-13, -4.285999120848035027 ) ) ;
#2406 = SURFACE_SIDE_STYLE ('',( #1506 ) ) ;
#2407 = CARTESIAN_POINT ( 'NONE',  ( 9.230999999999998096, -0.01600000000000000033, -0.1530000000000000249 ) ) ;
#2408 = LINE ( 'NONE', #2611, #1963 ) ;
#2409 = VECTOR ( 'NONE', #100, 1000.000000000000114 ) ;
#2410 = APPLICATION_PROTOCOL_DEFINITION ( 'draft international standard', 'automotive_design', 1998, #1519 ) ;
#2411 = LINE ( 'NONE', #670, #1609 ) ;
#2412 = UNCERTAINTY_MEASURE_WITH_UNIT (LENGTH_MEASURE( 1.000000000000000082E-05 ), #400, 'distance_accuracy_value', 'NONE');
#2413 = ORIENTED_EDGE ( 'NONE', *, *, #633, .T. ) ;
#2414 = LINE ( 'NONE', #1755, #2160 ) ;
#2415 = VECTOR ( 'NONE', #1100, 1000.000000000000000 ) ;
#2416 = DIRECTION ( 'NONE',  ( 0.0000000000000000000, 0.1842885350501858588, -0.9828721869343217676 ) ) ;
#2417 = ORIENTED_EDGE ( 'NONE', *, *, #1091, .T. ) ;
#2418 = ORIENTED_EDGE ( 'NONE', *, *, #862, .F. ) ;
#2419 = EDGE_CURVE ( 'NONE', #1920, #2042, #252, .T. ) ;
#2420 = DIRECTION ( 'NONE',  ( -0.1842885350501853869, 0.9828721869343218787, 0.0000000000000000000 ) ) ;
#2421 = CARTESIAN_POINT ( 'NONE',  ( 8.850000000000001421, 3.484858348835000008, -0.1834999999999999964 ) ) ;
#2422 = DIRECTION ( 'NONE',  ( 1.000000000000000000, 0.0000000000000000000, 0.0000000000000000000 ) ) ;
#2423 = CARTESIAN_POINT ( 'NONE',  ( 8.899999999999995026, 0.0000000000000000000, -3.400000000000000355 ) ) ;
#2424 = DIRECTION ( 'NONE',  ( -0.0000000000000000000, -0.7628940554509464622, -0.6465235186422906288 ) ) ;
#2425 = FACE_OUTER_BOUND ( 'NONE', #601, .T. ) ;
#2426 = FACE_OUTER_BOUND ( 'NONE', #1669, .T. ) ;
#2427 = CARTESIAN_POINT ( 'NONE',  ( 2.624999999999999556, 5.450000000000000178, -1.775000000000000133 ) ) ;
#2428 = ORIENTED_EDGE ( 'NONE', *, *, #2290, .F. ) ;
#2429 = ORIENTED_EDGE ( 'NONE', *, *, #2451, .T. ) ;
#2430 = EDGE_CURVE ( 'NONE', #517, #2354, #282, .T. ) ;
#2431 = VERTEX_POINT ( 'NONE', #2725 ) ;
#2432 = LINE ( 'NONE', #199, #2370 ) ;
#2433 = EDGE_CURVE ( 'NONE', #1401, #198, #254, .T. ) ;
#2434 = DIRECTION ( 'NONE',  ( 0.0000000000000000000, 1.000000000000000000, 0.0000000000000000000 ) ) ;
#2435 = DIRECTION ( 'NONE',  ( -0.0000000000000000000, -0.0000000000000000000, 1.000000000000000000 ) ) ;
#2436 = ADVANCED_FACE ( 'NONE', ( #1359 ), #2272, .T. ) ;
#2437 = CARTESIAN_POINT ( 'NONE',  ( 1.725000000000000089, 0.3000000000000000999, 0.8324472990141200679 ) ) ;
#2438 = ADVANCED_FACE ( 'NONE', ( #29 ), #2739, .T. ) ;
#2439 = CARTESIAN_POINT ( 'NONE',  ( 4.524999999999998579, 2.799999999999999822, -2.524999999999999911 ) ) ;
#2440 = UNCERTAINTY_MEASURE_WITH_UNIT (LENGTH_MEASURE( 1.000000000000000082E-05 ), #2358, 'distance_accuracy_value', 'NONE');
#2441 = DIRECTION ( 'NONE',  ( 0.0000000000000000000, 0.0000000000000000000, -1.000000000000000000 ) ) ;
#2442 = VECTOR ( 'NONE', #2296, 1000.000000000000000 ) ;
#2443 = PRESENTATION_LAYER_ASSIGNMENT (  '', '', ( #1829 ) ) ;
#2444 = VECTOR ( 'NONE', #2149, 1000.000000000000000 ) ;
#2445 = FACE_OUTER_BOUND ( 'NONE', #2082, .T. ) ;
#2446 = VERTEX_POINT ( 'NONE', #926 ) ;
#2447 = ORIENTED_EDGE ( 'NONE', *, *, #395, .F. ) ;
#2448 = VECTOR ( 'NONE', #491, 1000.000000000000227 ) ;
#2449 = LINE ( 'NONE', #1358, #1728 ) ;
#2450 =( NAMED_UNIT ( * ) PLANE_ANGLE_UNIT ( ) SI_UNIT ( $, .RADIAN. ) );
#2451 = EDGE_CURVE ( 'NONE', #2236, #476, #1805, .T. ) ;
#2452 = LINE ( 'NONE', #1080, #1733 ) ;
#2453 = EDGE_CURVE ( 'NONE', #1437, #382, #1994, .T. ) ;
#2454 = ADVANCED_FACE ( 'NONE', ( #680 ), #1563, .T. ) ;
#2455 = LINE ( 'NONE', #1956, #402 ) ;
#2456 = ORIENTED_EDGE ( 'NONE', *, *, #1974, .F. ) ;
#2457 =( LENGTH_UNIT ( ) NAMED_UNIT ( * ) SI_UNIT ( .MILLI., .METRE. ) );
#2458 = AXIS2_PLACEMENT_3D ( 'NONE', #2583, #150, #1037 ) ;
#2459 = DIRECTION ( 'NONE',  ( 0.0000000000000000000, -0.6465235186420260627, 0.7628940554511706162 ) ) ;
#2460 = DIRECTION ( 'NONE',  ( 0.0000000000000000000, 0.0000000000000000000, -1.000000000000000000 ) ) ;
#2461 = VECTOR ( 'NONE', #2292, 1000.000000000000227 ) ;
#2462 = EDGE_CURVE ( 'NONE', #965, #2324, #1584, .T. ) ;
#2463 = LINE ( 'NONE', #2649, #2554 ) ;
#2464 = ORIENTED_EDGE ( 'NONE', *, *, #1108, .T. ) ;
#2465 = ORIENTED_EDGE ( 'NONE', *, *, #1989, .F. ) ;
#2466 = VECTOR ( 'NONE', #2014, 1000.000000000000000 ) ;
#2467 = ORIENTED_EDGE ( 'NONE', *, *, #1704, .T. ) ;
#2468 = LINE ( 'NONE', #59, #2199 ) ;
#2469 = DIRECTION ( 'NONE',  ( -1.000000000000000000, 0.0000000000000000000, 0.0000000000000000000 ) ) ;
#2470 = COLOUR_RGB ( '',0.2509803921568627416, 0.2588235294117646745, 0.2588235294117646745 ) ;
#2471 = FACE_OUTER_BOUND ( 'NONE', #1028, .T. ) ;
#2472 = DIRECTION ( 'NONE',  ( -1.000000000000000000, 0.0000000000000000000, 0.0000000000000000000 ) ) ;
#2473 = CARTESIAN_POINT ( 'NONE',  ( 2.324999999999999734, 0.6662474985607799161, -5.224999999999999645 ) ) ;
#2474 = ORIENTED_EDGE ( 'NONE', *, *, #633, .F. ) ;
#2475 = SURFACE_STYLE_FILL_AREA ( #2593 ) ;
#2476 = ADVANCED_FACE ( 'NONE', ( #2426 ), #2185, .T. ) ;
#2477 = FILL_AREA_STYLE ('',( #1103 ) ) ;
#2478 = LINE ( 'NONE', #920, #716 ) ;
#2479 = LINE ( 'NONE', #466, #1930 ) ;
#2480 = ORIENTED_EDGE ( 'NONE', *, *, #524, .T. ) ;
#2481 = PRODUCT ( '73EB4DEC-447C-40DE-929B-316607038767', '73EB4DEC-447C-40DE-929B-316607038767', '', ( #928 ) ) ;
#2482 = PLANE ( 'NONE',  #118 ) ;
#2483 = DIRECTION ( 'NONE',  ( -1.000000000000000000, 0.0000000000000000000, 0.0000000000000000000 ) ) ;
#2484 = DIRECTION ( 'NONE',  ( -1.000000000000000000, 0.0000000000000000000, 0.0000000000000000000 ) ) ;
#2485 = EDGE_CURVE ( 'NONE', #1403, #1643, #195, .T. ) ;
#2486 = DIRECTION ( 'NONE',  ( 0.0000000000000000000, 1.000000000000000000, 0.0000000000000000000 ) ) ;
#2487 = ORIENTED_EDGE ( 'NONE', *, *, #592, .F. ) ;
#2488 = CARTESIAN_POINT ( 'NONE',  ( 4.525000000000000355, 0.0000000000000000000, 1.674999999999960965 ) ) ;
#2489 = CARTESIAN_POINT ( 'NONE',  ( 4.125000000000000000, 3.600000000000009859, -1.024999999999999911 ) ) ;
#2490 = DIRECTION ( 'NONE',  ( 0.0000000000000000000, -1.000000000000000000, 0.0000000000000000000 ) ) ;
#2491 =( GEOMETRIC_REPRESENTATION_CONTEXT ( 3 ) GLOBAL_UNCERTAINTY_ASSIGNED_CONTEXT ( ( #2672 ) ) GLOBAL_UNIT_ASSIGNED_CONTEXT ( ( #506, #752, #2337 ) ) REPRESENTATION_CONTEXT ( 'NONE', 'WORKASPACE' ) );
#2492 = ORIENTED_EDGE ( 'NONE', *, *, #2530, .F. ) ;
#2493 = ORIENTED_EDGE ( 'NONE', *, *, #425, .T. ) ;
#2494 = VECTOR ( 'NONE', #2078, 1000.000000000000000 ) ;
#2495 = EDGE_CURVE ( 'NONE', #292, #13, #1133, .T. ) ;
#2496 = ADVANCED_FACE ( 'NONE', ( #419 ), #1313, .T. ) ;
#2497 = ORIENTED_EDGE ( 'NONE', *, *, #738, .T. ) ;
#2498 = LINE ( 'NONE', #1346, #1361 ) ;
#2499 = STYLED_ITEM ( 'NONE', ( #1265 ), #2234 ) ;
#2500 = SURFACE_STYLE_USAGE ( .BOTH. , #1774 ) ;
#2501 = AXIS2_PLACEMENT_3D ( 'NONE', #1322, #1969, #215 ) ;
#2502 = FACE_OUTER_BOUND ( 'NONE', #250, .T. ) ;
#2503 = DIRECTION ( 'NONE',  ( 1.000000000000000000, 0.0000000000000000000, 0.0000000000000000000 ) ) ;
#2504 = AXIS2_PLACEMENT_3D ( 'NONE', #1727, #2647, #1247 ) ;
#2505 = ORIENTED_EDGE ( 'NONE', *, *, #1479, .F. ) ;
#2506 = DIRECTION ( 'NONE',  ( 0.0000000000000000000, -0.7071067811865475727, 0.7071067811865475727 ) ) ;
#2507 = CARTESIAN_POINT ( 'NONE',  ( 4.225000000000000533, 1.750000000000000000, 0.0000000000000000000 ) ) ;
#2508 = CIRCLE ( 'NONE', #2641, 0.1000000000000011297 ) ;
#2509 = ORIENTED_EDGE ( 'NONE', *, *, #1951, .T. ) ;
#2510 = ORIENTED_EDGE ( 'NONE', *, *, #2542, .T. ) ;
#2511 = VECTOR ( 'NONE', #1849, 1000.000000000000000 ) ;
#2512 = EDGE_LOOP ( 'NONE', ( #917, #2474, #23, #484 ) ) ;
#2513 = CARTESIAN_POINT ( 'NONE',  ( 1.612999999999999989, 0.2793501000576000814, -4.442499999999999893 ) ) ;
#2514 = AXIS2_PLACEMENT_3D ( 'NONE', #7, #891, #1763 ) ;
#2515 = EDGE_CURVE ( 'NONE', #2862, #329, #1512, .T. ) ;
#2516 =( GEOMETRIC_REPRESENTATION_CONTEXT ( 3 ) GLOBAL_UNCERTAINTY_ASSIGNED_CONTEXT ( ( #1325 ) ) GLOBAL_UNIT_ASSIGNED_CONTEXT ( ( #2209, #2165, #2148 ) ) REPRESENTATION_CONTEXT ( 'NONE', 'WORKASPACE' ) );
#2517 = DIRECTION ( 'NONE',  ( 1.000000000000000000, 0.0000000000000000000, 0.0000000000000000000 ) ) ;
#2518 = VECTOR ( 'NONE', #411, 1000.000000000000000 ) ;
#2519 = VECTOR ( 'NONE', #1435, 1000.000000000000000 ) ;
#2520 = ORIENTED_EDGE ( 'NONE', *, *, #1938, .F. ) ;
#2521 = CARTESIAN_POINT ( 'NONE',  ( 4.824999999999999289, 0.7999999999999999334, 5.586044644288181912E-14 ) ) ;
#2522 = FACE_OUTER_BOUND ( 'NONE', #647, .T. ) ;
#2523 = FILL_AREA_STYLE ('',( #1800 ) ) ;
#2524 = ORIENTED_EDGE ( 'NONE', *, *, #2548, .T. ) ;
#2525 = ORIENTED_EDGE ( 'NONE', *, *, #1830, .T. ) ;
#2526 = ORIENTED_EDGE ( 'NONE', *, *, #883, .F. ) ;
#2527 = DIRECTION ( 'NONE',  ( 0.0000000000000000000, 0.0000000000000000000, 1.000000000000000000 ) ) ;
#2528 = EDGE_CURVE ( 'NONE', #382, #110, #658, .T. ) ;
#2529 = LINE ( 'NONE', #2056, #2861 ) ;
#2530 = EDGE_CURVE ( 'NONE', #462, #2793, #2792, .T. ) ;
#2531 = DIRECTION ( 'NONE',  ( -0.0000000000000000000, 0.7071067811865475727, 0.7071067811865475727 ) ) ;
#2532 = UNCERTAINTY_MEASURE_WITH_UNIT (LENGTH_MEASURE( 1.000000000000000082E-05 ), #2182, 'distance_accuracy_value', 'NONE');
#2533 = FACE_OUTER_BOUND ( 'NONE', #1210, .T. ) ;
#2534 = CARTESIAN_POINT ( 'NONE',  ( 1.612999999999999989, 0.3000000000000000444, 0.8589999999999999858 ) ) ;
#2535 = EDGE_LOOP ( 'NONE', ( #939, #2737, #1046, #1816 ) ) ;
#2536 = EDGE_LOOP ( 'NONE', ( #1503, #24, #41, #58 ) ) ;
#2537 = ORIENTED_EDGE ( 'NONE', *, *, #2096, .T. ) ;
#2538 = VECTOR ( 'NONE', #2018, 1000.000000000000000 ) ;
#2539 = MECHANICAL_DESIGN_GEOMETRIC_PRESENTATION_REPRESENTATION (  '', ( #1679 ), #902 ) ;
#2540 = SURFACE_SIDE_STYLE ('',( #1671 ) ) ;
#2541 = PLANE ( 'NONE',  #1590 ) ;
#2542 = EDGE_CURVE ( 'NONE', #1390, #884, #2414, .T. ) ;
#2543 = AXIS2_PLACEMENT_3D ( 'NONE', #728, #2486, #2276 ) ;
#2544 = CARTESIAN_POINT ( 'NONE',  ( 6.425000000000000711, 3.600000000000059597, -2.524999999999999911 ) ) ;
#2545 = ORIENTED_EDGE ( 'NONE', *, *, #1861, .F. ) ;
#2546 = LINE ( 'NONE', #243, #2008 ) ;
#2547 = DIRECTION ( 'NONE',  ( 0.0000000000000000000, 0.7628940554509464622, 0.6465235186422906288 ) ) ;
#2548 = EDGE_CURVE ( 'NONE', #1305, #2349, #1959, .T. ) ;
#2549 = DIRECTION ( 'NONE',  ( 0.1812366279990521023, -0.9665953493282830600, -0.1812366279990536844 ) ) ;
#2550 = VERTEX_POINT ( 'NONE', #2777 ) ;
#2551 = ORIENTED_EDGE ( 'NONE', *, *, #2784, .F. ) ;
#2552 = CARTESIAN_POINT ( 'NONE',  ( 6.724999999999999645, -1.000642372238867706E-14, 1.674999999999990274 ) ) ;
#2553 = AXIS2_PLACEMENT_3D ( 'NONE', #947, #1688, #1846 ) ;
#2554 = VECTOR ( 'NONE', #12, 1000.000000000000000 ) ;
#2555 = DIRECTION ( 'NONE',  ( 1.000000000000000000, -0.0000000000000000000, -0.0000000000000000000 ) ) ;
#2556 = VECTOR ( 'NONE', #969, 1000.000000000000000 ) ;
#2557 = CARTESIAN_POINT ( 'NONE',  ( 1.725000000000000755, 0.7461045228195398726, -0.01010540197133623884 ) ) ;
#2558 = LINE ( 'NONE', #288, #1968 ) ;
#2559 = COLOUR_RGB ( '',0.2509803921568627416, 0.2588235294117646745, 0.2588235294117646745 ) ;
#2560 = DIRECTION ( 'NONE',  ( -0.0000000000000000000, -0.9828721869343218787, -0.1842885350501853592 ) ) ;
#2561 = ADVANCED_FACE ( 'NONE', ( #574 ), #1659, .T. ) ;
#2562 = ORIENTED_EDGE ( 'NONE', *, *, #1030, .T. ) ;
#2563 = DIRECTION ( 'NONE',  ( 0.0000000000000000000, 0.0000000000000000000, -1.000000000000000000 ) ) ;
#2564 = ORIENTED_EDGE ( 'NONE', *, *, #1474, .T. ) ;
#2565 = CARTESIAN_POINT ( 'NONE',  ( 8.897000000000000242, -0.01600000000000000033, -3.620999999999999996 ) ) ;
#2566 = DIRECTION ( 'NONE',  ( -1.000000000000000000, -0.0000000000000000000, -0.0000000000000000000 ) ) ;
#2567 = DIRECTION ( 'NONE',  ( 1.000000000000000000, 0.0000000000000000000, 0.0000000000000000000 ) ) ;
#2568 = EDGE_LOOP ( 'NONE', ( #1075, #1240, #354, #2526 ) ) ;
#2569 = CARTESIAN_POINT ( 'NONE',  ( 6.301925127571994523E-16, 2.699999999999999289, 6.098637220230962441E-17 ) ) ;
#2570 = SURFACE_STYLE_USAGE ( .BOTH. , #2332 ) ;
#2571 = FACE_OUTER_BOUND ( 'NONE', #2353, .T. ) ;
#2572 = ORIENTED_EDGE ( 'NONE', *, *, #2578, .F. ) ;
#2573 = ADVANCED_FACE ( 'NONE', ( #1460 ), #2340, .T. ) ;
#2574 = LINE ( 'NONE', #2773, #2169 ) ;
#2575 = ORIENTED_EDGE ( 'NONE', *, *, #2684, .T. ) ;
#2576 = CARTESIAN_POINT ( 'NONE',  ( 5.204170427930421283E-15, 2.700000000000000622, -3.550000000000000266 ) ) ;
#2577 = EDGE_CURVE ( 'NONE', #172, #863, #2717, .T. ) ;
#2578 = EDGE_CURVE ( 'NONE', #1896, #469, #935, .T. ) ;
#2579 = VERTEX_POINT ( 'NONE', #1799 ) ;
#2580 = SURFACE_STYLE_USAGE ( .BOTH. , #2540 ) ;
#2581 = PRESENTATION_LAYER_ASSIGNMENT (  '', '', ( #713 ) ) ;
#2582 = CARTESIAN_POINT ( 'NONE',  ( 0.07500000000000002498, 3.100000000000000089, -1.025000000000000355 ) ) ;
#2583 = CARTESIAN_POINT ( 'NONE',  ( 1.612999999999999989, 0.0000000000000000000, 1.693780017583000230 ) ) ;
#2584 = VECTOR ( 'NONE', #1826, 1000.000000000000000 ) ;
#2585 = LINE ( 'NONE', #2089, #404 ) ;
#2586 = EDGE_LOOP ( 'NONE', ( #1746, #1291, #2250, #584 ) ) ;
#2587 = FACE_OUTER_BOUND ( 'NONE', #160, .T. ) ;
#2588 = DIRECTION ( 'NONE',  ( 0.0000000000000000000, -1.000000000000000000, 0.0000000000000000000 ) ) ;
#2589 = ORIENTED_EDGE ( 'NONE', *, *, #2400, .T. ) ;
#2590 = LINE ( 'NONE', #586, #957 ) ;
#2591 = EDGE_CURVE ( 'NONE', #1130, #2708, #465, .T. ) ;
#2592 = CARTESIAN_POINT ( 'NONE',  ( 0.09999999999999968636, 3.600000000000000977, -1.025000000000024114 ) ) ;
#2593 = FILL_AREA_STYLE ('',( #2671 ) ) ;
#2594 = EDGE_LOOP ( 'NONE', ( #2330, #309, #1469, #278 ) ) ;
#2595 = ADVANCED_FACE ( 'NONE', ( #2522 ), #2232, .T. ) ;
#2596 = SURFACE_STYLE_FILL_AREA ( #812 ) ;
#2597 = PRESENTATION_STYLE_ASSIGNMENT (( #1448 ) ) ;
#2598 = DIRECTION ( 'NONE',  ( -1.000000000000000000, -0.0000000000000000000, -0.0000000000000000000 ) ) ;
#2599 = EDGE_CURVE ( 'NONE', #2374, #292, #704, .T. ) ;
#2600 = VECTOR ( 'NONE', #1424, 1000.000000000000000 ) ;
#2601 = CARTESIAN_POINT ( 'NONE',  ( 1.612999999999999989, 0.3000000000000000444, 0.8589999999999999858 ) ) ;
#2602 = PRESENTATION_STYLE_ASSIGNMENT (( #2646 ) ) ;
#2603 = DIRECTION ( 'NONE',  ( 1.000000000000000000, 0.0000000000000000000, 0.0000000000000000000 ) ) ;
#2604 = PRESENTATION_STYLE_ASSIGNMENT (( #1045 ) ) ;
#2605 = EDGE_LOOP ( 'NONE', ( #2153, #1711, #1559, #1 ) ) ;
#2606 = ORIENTED_EDGE ( 'NONE', *, *, #1309, .F. ) ;
#2607 = LINE ( 'NONE', #2621, #1152 ) ;
#2608 = CARTESIAN_POINT ( 'NONE',  ( -0.02500000000000000139, 3.500000000000000000, -0.08500000000000000611 ) ) ;
#2609 = CARTESIAN_POINT ( 'NONE',  ( 0.1500000000000000222, 3.499999999999999112, -0.1500000000000000222 ) ) ;
#2610 = EDGE_CURVE ( 'NONE', #1618, #2368, #2246, .T. ) ;
#2611 = CARTESIAN_POINT ( 'NONE',  ( 9.050000000000000711, 0.7999999999999999334, -1.775000000000000133 ) ) ;
#2612 = DIRECTION ( 'NONE',  ( 1.000000000000000000, 0.0000000000000000000, 0.0000000000000000000 ) ) ;
#2613 = EDGE_CURVE ( 'NONE', #2631, #1780, #246, .T. ) ;
#2614 = CARTESIAN_POINT ( 'NONE',  ( 8.849999999999980105, 3.600000000000000533, -2.524999999999999911 ) ) ;
#2615 = VERTEX_POINT ( 'NONE', #1813 ) ;
#2616 = VERTEX_POINT ( 'NONE', #37 ) ;
#2617 = LINE ( 'NONE', #2142, #1144 ) ;
#2618 = ORIENTED_EDGE ( 'NONE', *, *, #1651, .F. ) ;
#2619 = ORIENTED_EDGE ( 'NONE', *, *, #2613, .F. ) ;
#2620 = ORIENTED_EDGE ( 'NONE', *, *, #159, .F. ) ;
#2621 = CARTESIAN_POINT ( 'NONE',  ( 1.725000000000000089, 5.759824041329242306E-17, 0.8324472990141200679 ) ) ;
#2622 = FACE_OUTER_BOUND ( 'NONE', #2586, .T. ) ;
#2623 = CARTESIAN_POINT ( 'NONE',  ( 1.725000000000000533, 1.355252715606880543E-17, -5.224999999999998757 ) ) ;
#2624 = DIRECTION ( 'NONE',  ( -0.0000000000000000000, -1.000000000000000000, -0.0000000000000000000 ) ) ;
#2625 = ADVANCED_FACE ( 'NONE', ( #1149 ), #1988, .T. ) ;
#2626 = SURFACE_STYLE_FILL_AREA ( #1721 ) ;
#2627 = VECTOR ( 'NONE', #1787, 1000.000000000000000 ) ;
#2628 = DIRECTION ( 'NONE',  ( 0.0000000000000000000, 0.0000000000000000000, -1.000000000000000000 ) ) ;
#2629 = VECTOR ( 'NONE', #326, 1000.000000000000000 ) ;
#2630 = EDGE_CURVE ( 'NONE', #1617, #1008, #2478, .T. ) ;
#2631 = VERTEX_POINT ( 'NONE', #674 ) ;
#2632 = PRESENTATION_LAYER_ASSIGNMENT (  '', '', ( #2499 ) ) ;
#2633 = CARTESIAN_POINT ( 'NONE',  ( 9.230999999999998096, 3.515999999999999570, -3.396999999999999797 ) ) ;
#2634 = ORIENTED_EDGE ( 'NONE', *, *, #1051, .F. ) ;
#2635 = AXIS2_PLACEMENT_3D ( 'NONE', #5, #1760, #1604 ) ;
#2636 = ORIENTED_EDGE ( 'NONE', *, *, #123, .T. ) ;
#2637 = VERTEX_POINT ( 'NONE', #515 ) ;
#2638 = SURFACE_STYLE_USAGE ( .BOTH. , #1982 ) ;
#2639 = CARTESIAN_POINT ( 'NONE',  ( 0.1500000000000029921, 3.499999999999999112, -3.399999999999999911 ) ) ;
#2640 = FACE_OUTER_BOUND ( 'NONE', #677, .T. ) ;
#2641 = AXIS2_PLACEMENT_3D ( 'NONE', #657, #2441, #2263 ) ;
#2642 = CARTESIAN_POINT ( 'NONE',  ( 4.224999999999999645, 1.175000000000000266, 5.929230630780102373E-18 ) ) ;
#2643 = PLANE ( 'NONE',  #334 ) ;
#2644 = LINE ( 'NONE', #1723, #353 ) ;
#2645 = UNCERTAINTY_MEASURE_WITH_UNIT (LENGTH_MEASURE( 1.000000000000000082E-05 ), #2875, 'distance_accuracy_value', 'NONE');
#2646 = SURFACE_STYLE_USAGE ( .BOTH. , #1695 ) ;
#2647 = DIRECTION ( 'NONE',  ( 0.0000000000000000000, -0.7071067811865611175, -0.7071067811865339170 ) ) ;
#2648 = EDGE_CURVE ( 'NONE', #231, #545, #276, .T. ) ;
#2649 = CARTESIAN_POINT ( 'NONE',  ( 4.824999999999998401, 0.5874999999999999112, 1.674999999999582823 ) ) ;
#2650 = VECTOR ( 'NONE', #62, 1000.000000000000114 ) ;
#2651 = ORIENTED_EDGE ( 'NONE', *, *, #541, .F. ) ;
#2652 = ORIENTED_EDGE ( 'NONE', *, *, #2701, .F. ) ;
#2653 = CARTESIAN_POINT ( 'NONE',  ( 1.725000000000000977, 0.2999999999999950484, 1.674999999999999822 ) ) ;
#2654 = CARTESIAN_POINT ( 'NONE',  ( 9.050000000000043343, 2.800000000000000266, -1.024999999999999911 ) ) ;
#2655 = CARTESIAN_POINT ( 'NONE',  ( 6.724999999999999645, 5.421010862427522170E-17, -4.387499999999999289 ) ) ;
#2656 = FACE_OUTER_BOUND ( 'NONE', #57, .T. ) ;
#2657 = LINE ( 'NONE', #860, #1452 ) ;
#2658 = DIRECTION ( 'NONE',  ( 0.0000000000000000000, -0.7628940554511706162, -0.6465235186420260627 ) ) ;
#2659 = CARTESIAN_POINT ( 'NONE',  ( 8.950000000000001066, 3.500000000000000000, -1.025000000000001688 ) ) ;
#2660 = DIRECTION ( 'NONE',  ( 0.0000000000000000000, -0.9828721869343217676, -0.1842885350501858588 ) ) ;
#2661 = ORIENTED_EDGE ( 'NONE', *, *, #1181, .F. ) ;
#2662 = VERTEX_POINT ( 'NONE', #2489 ) ;
#2663 = ADVANCED_FACE ( 'NONE', ( #480 ), #1370, .F. ) ;
#2664 = DIRECTION ( 'NONE',  ( -0.0000000000000000000, -1.000000000000000000, -0.0000000000000000000 ) ) ;
#2665 = PLANE ( 'NONE',  #2635 ) ;
#2666 = EDGE_CURVE ( 'NONE', #2750, #2236, #1163, .T. ) ;
#2667 = CARTESIAN_POINT ( 'NONE',  ( 0.1999999999999799993, 3.200000000000000178, -2.524999999999999911 ) ) ;
#2668 = CARTESIAN_POINT ( 'NONE',  ( 4.524999999999997691, 0.7461045228195590795, -0.01010540197133270521 ) ) ;
#2669 = DIRECTION ( 'NONE',  ( -0.1812366279990541285, -0.9665953493282828379, 0.1812366279990536289 ) ) ;
#2670 = ORIENTED_EDGE ( 'NONE', *, *, #1339, .T. ) ;
#2671 = FILL_AREA_STYLE_COLOUR ( '', #1546 ) ;
#2672 = UNCERTAINTY_MEASURE_WITH_UNIT (LENGTH_MEASURE( 1.000000000000000082E-05 ), #506, 'distance_accuracy_value', 'NONE');
#2673 = FACE_OUTER_BOUND ( 'NONE', #2594, .T. ) ;
#2674 = MECHANICAL_DESIGN_GEOMETRIC_PRESENTATION_REPRESENTATION (  '', ( #713 ), #2723 ) ;
#2675 = DIRECTION ( 'NONE',  ( 0.0000000000000000000, 0.0000000000000000000, 1.000000000000000000 ) ) ;
#2676 = AXIS2_PLACEMENT_3D ( 'NONE', #1482, #2380, #831 ) ;
#2677 = VECTOR ( 'NONE', #1055, 1000.000000000000000 ) ;
#2678 = FACE_OUTER_BOUND ( 'NONE', #635, .T. ) ;
#2679 = EDGE_CURVE ( 'NONE', #40, #87, #67, .T. ) ;
#2680 = ORIENTED_EDGE ( 'NONE', *, *, #580, .F. ) ;
#2681 = ORIENTED_EDGE ( 'NONE', *, *, #2139, .F. ) ;
#2682 = VECTOR ( 'NONE', #2424, 999.9999999999998863 ) ;
#2683 = DIRECTION ( 'NONE',  ( 0.0000000000000000000, 0.0000000000000000000, -1.000000000000000000 ) ) ;
#2684 = EDGE_CURVE ( 'NONE', #706, #2349, #451, .T. ) ;
#2685 = CARTESIAN_POINT ( 'NONE',  ( 4.224999999999999645, 0.5874999999999999112, 1.675000000000000044 ) ) ;
#2686 = CARTESIAN_POINT ( 'NONE',  ( 4.225000000000000533, 0.3000000000000077049, -4.424999999999999822 ) ) ;
#2687 = ORIENTED_EDGE ( 'NONE', *, *, #2141, .T. ) ;
#2688 = FILL_AREA_STYLE ('',( #905 ) ) ;
#2689 = COLOUR_RGB ( '',0.8627450980392157298, 0.8627450980392157298, 0.8705882352941176627 ) ;
#2690 = LINE ( 'NONE', #287, #1378 ) ;
#2691 = DIRECTION ( 'NONE',  ( -1.000000000000000000, 0.0000000000000000000, 0.0000000000000000000 ) ) ;
#2692 = VECTOR ( 'NONE', #2158, 1000.000000000000000 ) ;
#2693 = FILL_AREA_STYLE_COLOUR ( '', #639 ) ;
#2694 = ORIENTED_EDGE ( 'NONE', *, *, #1745, .F. ) ;
#2695 = VERTEX_POINT ( 'NONE', #21 ) ;
#2696 = CARTESIAN_POINT ( 'NONE',  ( 8.899999999999998579, 3.499999999999999556, -3.399999999999999911 ) ) ;
#2697 =( LENGTH_UNIT ( ) NAMED_UNIT ( * ) SI_UNIT ( .MILLI., .METRE. ) );
#2698 = VECTOR ( 'NONE', #107, 1000.000000000000000 ) ;
#2699 = DIRECTION ( 'NONE',  ( 0.0000000000000000000, 0.7628940554509464622, 0.6465235186422906288 ) ) ;
#2700 = DIRECTION ( 'NONE',  ( 0.0000000000000000000, 0.0000000000000000000, -1.000000000000000000 ) ) ;
#2701 = EDGE_CURVE ( 'NONE', #1167, #2324, #1783, .T. ) ;
#2702 = ORIENTED_EDGE ( 'NONE', *, *, #1811, .F. ) ;
#2703 = LINE ( 'NONE', #34, #1128 ) ;
#2704 = CARTESIAN_POINT ( 'NONE',  ( 4.224999999999998757, 0.4000000000000000777, -0.07500000000000002498 ) ) ;
#2705 = CARTESIAN_POINT ( 'NONE',  ( 7.324999999999999289, 0.5874999999999999112, 1.674999999999582823 ) ) ;
#2706 = EDGE_CURVE ( 'NONE', #2616, #1852, #2321, .T. ) ;
#2707 = VERTEX_POINT ( 'NONE', #1193 ) ;
#2708 = VERTEX_POINT ( 'NONE', #112 ) ;
#2709 = ORIENTED_EDGE ( 'NONE', *, *, #2684, .F. ) ;
#2710 = DIRECTION ( 'NONE',  ( 0.0000000000000000000, -1.000000000000000000, 0.0000000000000000000 ) ) ;
#2711 = CARTESIAN_POINT ( 'NONE',  ( 4.225000000000001421, 0.0000000000000000000, -4.755499560424000016 ) ) ;
#2712 = LINE ( 'NONE', #1776, #2126 ) ;
#2713 = CARTESIAN_POINT ( 'NONE',  ( 4.525000000000000355, 0.0000000000000000000, -5.224999999999999645 ) ) ;
#2714 = ORIENTED_EDGE ( 'NONE', *, *, #1405, .T. ) ;
#2715 = PLANE ( 'NONE',  #2202 ) ;
#2716 = PRESENTATION_STYLE_ASSIGNMENT (( #1385 ) ) ;
#2717 = LINE ( 'NONE', #2705, #668 ) ;
#2718 = CARTESIAN_POINT ( 'NONE',  ( 3.374999999999999556, 5.450000000000000178, -2.524999999999999911 ) ) ;
#2719 = EDGE_CURVE ( 'NONE', #2005, #292, #772, .T. ) ;
#2720 = ORIENTED_EDGE ( 'NONE', *, *, #1395, .F. ) ;
#2721 = VERTEX_POINT ( 'NONE', #1860 ) ;
#2722 = VECTOR ( 'NONE', #691, 1000.000000000000000 ) ;
#2723 =( GEOMETRIC_REPRESENTATION_CONTEXT ( 3 ) GLOBAL_UNCERTAINTY_ASSIGNED_CONTEXT ( ( #1555 ) ) GLOBAL_UNIT_ASSIGNED_CONTEXT ( ( #1458, #2067, #2751 ) ) REPRESENTATION_CONTEXT ( 'NONE', 'WORKASPACE' ) );
#2724 = ORIENTED_EDGE ( 'NONE', *, *, #2252, .F. ) ;
#2725 = CARTESIAN_POINT ( 'NONE',  ( 4.824999999999999289, 0.3000000000000000444, -4.425000000000014033 ) ) ;
#2726 = CYLINDRICAL_SURFACE ( 'NONE', #694, 0.1000000000000011297 ) ;
#2727 = PLANE ( 'NONE',  #2543 ) ;
#2728 = VERTEX_POINT ( 'NONE', #2785 ) ;
#2729 = LINE ( 'NONE', #1397, #1317 ) ;
#2730 = CARTESIAN_POINT ( 'NONE',  ( 0.1500000000000000222, 0.0000000000000000000, -1.774999999999999911 ) ) ;
#2731 = EDGE_CURVE ( 'NONE', #2707, #2695, #799, .T. ) ;
#2732 = DIRECTION ( 'NONE',  ( 1.000000000000000000, 0.0000000000000000000, 0.0000000000000000000 ) ) ;
#2733 = ORIENTED_EDGE ( 'NONE', *, *, #1710, .T. ) ;
#2734 = ORIENTED_EDGE ( 'NONE', *, *, #1441, .F. ) ;
#2735 = AXIS2_PLACEMENT_3D ( 'NONE', #2178, #1065, #615 ) ;
#2736 = EDGE_CURVE ( 'NONE', #366, #280, #786, .T. ) ;
#2737 = ORIENTED_EDGE ( 'NONE', *, *, #1549, .T. ) ;
#2738 = STYLED_ITEM ( 'NONE', ( #1195 ), #644 ) ;
#2739 = PLANE ( 'NONE',  #2768 ) ;
#2740 = EDGE_CURVE ( 'NONE', #2862, #850, #2558, .T. ) ;
#2741 = VECTOR ( 'NONE', #2435, 1000.000000000000000 ) ;
#2742 = DIRECTION ( 'NONE',  ( -0.0000000000000000000, -0.0000000000000000000, 1.000000000000000000 ) ) ;
#2743 = LINE ( 'NONE', #915, #1320 ) ;
#2744 = VECTOR ( 'NONE', #2841, 1000.000000000000000 ) ;
#2745 = SURFACE_STYLE_USAGE ( .BOTH. , #2377 ) ;
#2746 = PLANE ( 'NONE',  #2676 ) ;
#2747 = DIRECTION ( 'NONE',  ( 0.0000000000000000000, 0.0000000000000000000, 1.000000000000000000 ) ) ;
#2748 = EDGE_LOOP ( 'NONE', ( #1449, #436, #2310, #91 ) ) ;
#2749 = ORIENTED_EDGE ( 'NONE', *, *, #1498, .T. ) ;
#2750 = VERTEX_POINT ( 'NONE', #2798 ) ;
#2751 =( NAMED_UNIT ( * ) SI_UNIT ( $, .STERADIAN. ) SOLID_ANGLE_UNIT ( ) );
#2752 = ORIENTED_EDGE ( 'NONE', *, *, #573, .F. ) ;
#2753 = FACE_BOUND ( 'NONE', #2295, .T. ) ;
#2754 = EDGE_CURVE ( 'NONE', #1314, #1912, #526, .T. ) ;
#2755 = FACE_OUTER_BOUND ( 'NONE', #701, .T. ) ;
#2756 = LINE ( 'NONE', #1480, #43 ) ;
#2757 = ORIENTED_EDGE ( 'NONE', *, *, #1636, .F. ) ;
#2758 = CARTESIAN_POINT ( 'NONE',  ( 8.849999999999930367, 3.200000000000000178, -1.024999999999999911 ) ) ;
#2759 = ADVANCED_FACE ( 'NONE', ( #2760 ), #747, .T. ) ;
#2760 = FACE_OUTER_BOUND ( 'NONE', #555, .T. ) ;
#2761 = DIRECTION ( 'NONE',  ( -0.0000000000000000000, 1.000000000000000000, 0.0000000000000000000 ) ) ;
#2762 = ORIENTED_EDGE ( 'NONE', *, *, #2419, .F. ) ;
#2763 = ORIENTED_EDGE ( 'NONE', *, *, #703, .F. ) ;
#2764 = SURFACE_STYLE_FILL_AREA ( #1249 ) ;
#2765 = CARTESIAN_POINT ( 'NONE',  ( 2.325000000000000178, -3.032377951170395214E-16, 0.7359991208481735381 ) ) ;
#2766 = VECTOR ( 'NONE', #956, 1000.000000000000000 ) ;
#2767 = ADVANCED_FACE ( 'NONE', ( #2121 ), #973, .T. ) ;
#2768 = AXIS2_PLACEMENT_3D ( 'NONE', #46, #2469, #2527 ) ;
#2769 = DIRECTION ( 'NONE',  ( 1.000000000000000000, 0.0000000000000000000, 0.0000000000000000000 ) ) ;
#2770 = DIRECTION ( 'NONE',  ( 1.000000000000000000, 0.0000000000000000000, 0.0000000000000000000 ) ) ;
#2771 = CARTESIAN_POINT ( 'NONE',  ( 7.324999999999997513, 1.192500000000000115, -0.01750000000000000167 ) ) ;
#2772 = VERTEX_POINT ( 'NONE', #344 ) ;
#2773 = CARTESIAN_POINT ( 'NONE',  ( 4.525000000000000355, 0.0000000000000000000, -5.224999999999996980 ) ) ;
#2774 = FACE_OUTER_BOUND ( 'NONE', #546, .T. ) ;
#2775 = VERTEX_POINT ( 'NONE', #1428 ) ;
#2776 = PRESENTATION_LAYER_ASSIGNMENT (  '', '', ( #1141 ) ) ;
#2777 = CARTESIAN_POINT ( 'NONE',  ( 8.849999999999980105, 3.499999999999970246, -2.525000000000000355 ) ) ;
#2778 = AXIS2_PLACEMENT_3D ( 'NONE', #1657, #2563, #1273 ) ;
#2779 = CARTESIAN_POINT ( 'NONE',  ( 1.063403494860952266E-15, 0.8000000000000024869, 2.240865849655829673E-16 ) ) ;
#2780 = LINE ( 'NONE', #1422, #1775 ) ;
#2781 = VECTOR ( 'NONE', #1653, 1000.000000000000114 ) ;
#2782 = VECTOR ( 'NONE', #2567, 1000.000000000000000 ) ;
#2783 = CARTESIAN_POINT ( 'NONE',  ( 0.1500000000000010769, -2.710505431213761085E-17, -0.1500000000000001332 ) ) ;
#2784 = EDGE_CURVE ( 'NONE', #329, #1401, #2107, .T. ) ;
#2785 = CARTESIAN_POINT ( 'NONE',  ( 1.724999999999999645, 1.332494997121888236, -3.550000000000002931 ) ) ;
#2786 = VECTOR ( 'NONE', #2699, 999.9999999999998863 ) ;
#2787 = FILL_AREA_STYLE_COLOUR ( '', #1696 ) ;
#2788 = EDGE_CURVE ( 'NONE', #1135, #559, #962, .T. ) ;
#2789 = ORIENTED_EDGE ( 'NONE', *, *, #2515, .F. ) ;
#2790 = LINE ( 'NONE', #790, #1883 ) ;
#2791 = ORIENTED_EDGE ( 'NONE', *, *, #1274, .T. ) ;
#2792 = LINE ( 'NONE', #2215, #2865 ) ;
#2793 = VERTEX_POINT ( 'NONE', #83 ) ;
#2794 = FILL_AREA_STYLE ('',( #2376 ) ) ;
#2795 = LINE ( 'NONE', #2317, #2124 ) ;
#2796 = ORIENTED_EDGE ( 'NONE', *, *, #2433, .T. ) ;
#2797 = DIRECTION ( 'NONE',  ( -0.0000000000000000000, 1.000000000000000000, -0.0000000000000000000 ) ) ;
#2798 = CARTESIAN_POINT ( 'NONE',  ( 2.325000000000000178, 0.7461045231171888892, -0.01010540191512021915 ) ) ;
#2799 = LINE ( 'NONE', #2322, #2781 ) ;
#2800 = ORIENTED_EDGE ( 'NONE', *, *, #738, .F. ) ;
#2801 = ADVANCED_FACE ( 'NONE', ( #1847 ), #2746, .F. ) ;
#2802 = DIRECTION ( 'NONE',  ( -0.0000000000000000000, -0.0000000000000000000, 1.000000000000000000 ) ) ;
#2803 = CARTESIAN_POINT ( 'NONE',  ( 4.125000000000000000, 3.499999999999984901, -2.524999999999999911 ) ) ;
#2804 = EDGE_LOOP ( 'NONE', ( #1516, #1642, #2058, #1461, #2763, #1992, #1815 ) ) ;
#2805 = ORIENTED_EDGE ( 'NONE', *, *, #1201, .T. ) ;
#2806 = EDGE_LOOP ( 'NONE', ( #236, #1625, #604, #792 ) ) ;
#2807 =( NAMED_UNIT ( * ) SI_UNIT ( $, .STERADIAN. ) SOLID_ANGLE_UNIT ( ) );
#2808 = DIRECTION ( 'NONE',  ( 0.0000000000000000000, 0.0000000000000000000, -1.000000000000000000 ) ) ;
#2809 = FILL_AREA_STYLE_COLOUR ( '', #913 ) ;
#2810 = VECTOR ( 'NONE', #1614, 1000.000000000000000 ) ;
#2811 = VECTOR ( 'NONE', #933, 1000.000000000000000 ) ;
#2812 = DIRECTION ( 'NONE',  ( 0.0000000000000000000, 0.0000000000000000000, 1.000000000000000000 ) ) ;
#2813 = LINE ( 'NONE', #784, #2444 ) ;
#2814 = VECTOR ( 'NONE', #1551, 1000.000000000000000 ) ;
#2815 = PRESENTATION_STYLE_ASSIGNMENT (( #403 ) ) ;
#2816 = MECHANICAL_DESIGN_GEOMETRIC_PRESENTATION_REPRESENTATION (  '', ( #2206 ), #391 ) ;
#2817 = ORIENTED_EDGE ( 'NONE', *, *, #1181, .T. ) ;
#2818 = ORIENTED_EDGE ( 'NONE', *, *, #2754, .F. ) ;
#2819 = ORIENTED_EDGE ( 'NONE', *, *, #1989, .T. ) ;
#2820 = LINE ( 'NONE', #1697, #401 ) ;
#2821 = VERTEX_POINT ( 'NONE', #1269 ) ;
#2822 = ADVANCED_FACE ( 'NONE', ( #625 ), #1056, .T. ) ;
#2823 = ORIENTED_EDGE ( 'NONE', *, *, #886, .F. ) ;
#2824 = CARTESIAN_POINT ( 'NONE',  ( 4.224999999999999645, 1.359144897063999657, -5.258499999999999730 ) ) ;
#2825 = PLANE ( 'NONE',  #1371 ) ;
#2826 = PLANE ( 'NONE',  #2553 ) ;
#2827 = EDGE_CURVE ( 'NONE', #1852, #1851, #1496, .T. ) ;
#2828 = VECTOR ( 'NONE', #1457, 1000.000000000000000 ) ;
#2829 = DIRECTION ( 'NONE',  ( 0.0000000000000000000, -0.1842885350501853869, 0.9828721869343218787 ) ) ;
#2830 = LINE ( 'NONE', #362, #1732 ) ;
#2831 = AXIS2_PLACEMENT_3D ( 'NONE', #1899, #181, #217 ) ;
#2832 = VECTOR ( 'NONE', #1204, 1000.000000000000000 ) ;
#2833 = FACE_OUTER_BOUND ( 'NONE', #1757, .T. ) ;
#2834 = EDGE_LOOP ( 'NONE', ( #1833, #1329, #393, #1197 ) ) ;
#2835 = DIRECTION ( 'NONE',  ( -0.0000000000000000000, -0.7628940554509464622, -0.6465235186422906288 ) ) ;
#2836 = CARTESIAN_POINT ( 'NONE',  ( 0.2000000000000000111, 3.484858348835000008, -3.366499999999999826 ) ) ;
#2837 = FACE_OUTER_BOUND ( 'NONE', #1958, .T. ) ;
#2838 = ORIENTED_EDGE ( 'NONE', *, *, #2731, .T. ) ;
#2839 = ORIENTED_EDGE ( 'NONE', *, *, #1794, .F. ) ;
#2840 = EDGE_CURVE ( 'NONE', #2324, #1629, #2657, .T. ) ;
#2841 = DIRECTION ( 'NONE',  ( 0.0000000000000000000, -1.000000000000000000, 0.0000000000000000000 ) ) ;
#2842 = DIRECTION ( 'NONE',  ( 0.0000000000000000000, 0.0000000000000000000, -1.000000000000000000 ) ) ;
#2843 = ADVANCED_FACE ( 'NONE', ( #376 ), #153, .F. ) ;
#2844 = FACE_OUTER_BOUND ( 'NONE', #1102, .T. ) ;
#2845 = DIRECTION ( 'NONE',  ( 1.000000000000000000, 0.0000000000000000000, -0.0000000000000000000 ) ) ;
#2846 = DIRECTION ( 'NONE',  ( -1.000000000000000000, -0.0000000000000000000, -0.0000000000000000000 ) ) ;
#2847 = ORIENTED_EDGE ( 'NONE', *, *, #663, .F. ) ;
#2848 = DIRECTION ( 'NONE',  ( -0.0000000000000000000, -0.0000000000000000000, 1.000000000000000000 ) ) ;
#2849 = DIRECTION ( 'NONE',  ( 1.000000000000000000, -0.0000000000000000000, -0.0000000000000000000 ) ) ;
#2850 = ORIENTED_EDGE ( 'NONE', *, *, #741, .T. ) ;
#2851 = ORIENTED_EDGE ( 'NONE', *, *, #1356, .T. ) ;
#2852 = LINE ( 'NONE', #2387, #2518 ) ;
#2853 = DIRECTION ( 'NONE',  ( 0.0000000000000000000, 0.0000000000000000000, -1.000000000000000000 ) ) ;
#2854 = FILL_AREA_STYLE_COLOUR ( '', #1387 ) ;
#2855 = LINE ( 'NONE', #843, #1129 ) ;
#2856 = SURFACE_SIDE_STYLE ('',( #2626 ) ) ;
#2857 = COLOUR_RGB ( '',0.2509803921568627416, 0.2588235294117646745, 0.2588235294117646745 ) ;
#2858 = EDGE_CURVE ( 'NONE', #1583, #1869, #814, .T. ) ;
#2859 = VECTOR ( 'NONE', #2769, 1000.000000000000000 ) ;
#2860 = DIRECTION ( 'NONE',  ( -0.0000000000000000000, -0.0000000000000000000, -1.000000000000000000 ) ) ;
#2861 = VECTOR ( 'NONE', #473, 1000.000000000000000 ) ;
#2862 = VERTEX_POINT ( 'NONE', #1069 ) ;
#2863 =( LENGTH_UNIT ( ) NAMED_UNIT ( * ) SI_UNIT ( .MILLI., .METRE. ) );
#2864 = ORIENTED_EDGE ( 'NONE', *, *, #2275, .T. ) ;
#2865 = VECTOR ( 'NONE', #134, 1000.000000000000000 ) ;
#2866 = ORIENTED_EDGE ( 'NONE', *, *, #486, .F. ) ;
#2867 = DIRECTION ( 'NONE',  ( 0.0000000000000000000, 0.0000000000000000000, 1.000000000000000000 ) ) ;
#2868 = PLANE ( 'NONE',  #534 ) ;
#2869 = VECTOR ( 'NONE', #1703, 1000.000000000000000 ) ;
#2870 = DIRECTION ( 'NONE',  ( 0.0000000000000000000, 1.000000000000000000, 0.0000000000000000000 ) ) ;
#2871 = MECHANICAL_DESIGN_GEOMETRIC_PRESENTATION_REPRESENTATION (  '', ( #590 ), #1562 ) ;
#2872 = DIRECTION ( 'NONE',  ( 0.0000000000000000000, 0.7071067811865339170, -0.7071067811865611175 ) ) ;
#2873 = VECTOR ( 'NONE', #206, 1000.000000000000000 ) ;
#2874 = ORIENTED_EDGE ( 'NONE', *, *, #1198, .T. ) ;
#2875 =( LENGTH_UNIT ( ) NAMED_UNIT ( * ) SI_UNIT ( .MILLI., .METRE. ) );
#2876 = CARTESIAN_POINT ( 'NONE',  ( 4.525000000000000355, 0.0000000000000000000, -5.224999999999996980 ) ) ;
#2877 = MECHANICAL_DESIGN_GEOMETRIC_PRESENTATION_REPRESENTATION (  '', ( #874 ), #2516 ) ;
#2878 = CARTESIAN_POINT ( 'NONE',  ( 7.325000000000000178, 0.4342373772354401473, -3.917999560423999661 ) ) ;
#2879 = ADVANCED_FACE ( 'NONE', ( #1954 ), #2194, .T. ) ;
#2880 = PRESENTATION_LAYER_ASSIGNMENT (  '', '', ( #1251 ) ) ;
ENDSEC;
END-ISO-10303-21;
