ISO-10303-21;
HEADER;
FILE_DESCRIPTION (( 'STEP AP214' ),
    '1' );
FILE_NAME ('8C4CCE48-6CD2-45A1-BAA2-EFC81DAB754A.STEP',
    '2023-08-09T02:26:34',
    ( '' ),
    ( '' ),
    'SwSTEP 2.0',
    'SolidWorks 2022',
    '' );
FILE_SCHEMA (( 'AUTOMOTIVE_DESIGN' ));
ENDSEC;

DATA;
#1 = DIRECTION ( 'NONE',  ( 0.0000000000000000000, 0.0000000000000000000, -1.000000000000000000 ) ) ;
#2 = STYLED_ITEM ( 'NONE', ( #1380 ), #2381 ) ;
#3 = VERTEX_POINT ( 'NONE', #2234 ) ;
#4 = VERTEX_POINT ( 'NONE', #421 ) ;
#5 = DIRECTION ( 'NONE',  ( 0.0000000000000000000, 0.0000000000000000000, 1.000000000000000000 ) ) ;
#6 = VECTOR ( 'NONE', #5125, 39.37007874015748143 ) ;
#7 = EDGE_CURVE ( 'NONE', #1771, #3464, #1508, .T. ) ;
#8 = CYLINDRICAL_SURFACE ( 'NONE', #5418, 0.1849999999999999978 ) ;
#9 = FACE_OUTER_BOUND ( 'NONE', #3301, .T. ) ;
#10 = FACE_OUTER_BOUND ( 'NONE', #5044, .T. ) ;
#11 = ORIENTED_EDGE ( 'NONE', *, *, #4670, .F. ) ;
#12 = ORIENTED_EDGE ( 'NONE', *, *, #2986, .F. ) ;
#13 = AXIS2_PLACEMENT_3D ( 'NONE', #2096, #1657, #5071 ) ;
#14 = FILL_AREA_STYLE_COLOUR ( '', #5427 ) ;
#15 =( NAMED_UNIT ( * ) PLANE_ANGLE_UNIT ( ) SI_UNIT ( $, .RADIAN. ) );
#16 = VECTOR ( 'NONE', #4320, 39.37007874015748143 ) ;
#17 = DIRECTION ( 'NONE',  ( -0.0000000000000000000, 0.0000000000000000000, -1.000000000000000000 ) ) ;
#18 = DIRECTION ( 'NONE',  ( 0.0000000000000000000, 1.000000000000000000, 0.0000000000000000000 ) ) ;
#19 = SURFACE_STYLE_FILL_AREA ( #4116 ) ;
#20 = VECTOR ( 'NONE', #5699, 39.37007874015748143 ) ;
#21 = CARTESIAN_POINT ( 'NONE',  ( 0.0000000000000000000, 0.2349999999999999867, 0.0000000000000000000 ) ) ;
#22 = VECTOR ( 'NONE', #613, 39.37007874015748143 ) ;
#23 = EDGE_CURVE ( 'NONE', #4309, #1771, #1919, .T. ) ;
#24 = VECTOR ( 'NONE', #4515, 39.37007874015748143 ) ;
#25 = AXIS2_PLACEMENT_3D ( 'NONE', #2024, #751, #3039 ) ;
#26 = FILL_AREA_STYLE ('',( #3181 ) ) ;
#27 = VERTEX_POINT ( 'NONE', #1496 ) ;
#28 = ORIENTED_EDGE ( 'NONE', *, *, #954, .F. ) ;
#30 = DIRECTION ( 'NONE',  ( -0.0000000000000000000, 1.000000000000000000, -0.0000000000000000000 ) ) ;
#29 = DIRECTION ( 'NONE',  ( 0.0000000000000000000, -0.0000000000000000000, 1.000000000000000000 ) ) ;
#31 = FACE_OUTER_BOUND ( 'NONE', #3490, .T. ) ;
#32 = ORIENTED_EDGE ( 'NONE', *, *, #2702, .F. ) ;
#33 = CYLINDRICAL_SURFACE ( 'NONE', #3121, 0.04749999999999999362 ) ;
#34 = VERTEX_POINT ( 'NONE', #4202 ) ;
#35 = DIRECTION ( 'NONE',  ( 0.0000000000000000000, 0.0000000000000000000, 1.000000000000000000 ) ) ;
#36 = FACE_OUTER_BOUND ( 'NONE', #240, .T. ) ;
#37 = ORIENTED_EDGE ( 'NONE', *, *, #1084, .F. ) ;
#38 = VERTEX_POINT ( 'NONE', #5651 ) ;
#39 = EDGE_LOOP ( 'NONE', ( #1574, #1901, #1611, #667 ) ) ;
#40 = CARTESIAN_POINT ( 'NONE',  ( 0.0000000000000000000, 0.2349999999999999867, 0.04749999999999999362 ) ) ;
#41 = EDGE_CURVE ( 'NONE', #5258, #5872, #5142, .T. ) ;
#42 = DIRECTION ( 'NONE',  ( -8.881784197001252323E-16, 0.0000000000000000000, 1.000000000000000000 ) ) ;
#43 = DIRECTION ( 'NONE',  ( -1.000000000000000000, 0.0000000000000000000, -1.545060037967069995E-16 ) ) ;
#44 = DIRECTION ( 'NONE',  ( 0.0000000000000000000, -1.000000000000000000, 0.0000000000000000000 ) ) ;
#45 = DIRECTION ( 'NONE',  ( 0.0000000000000000000, 1.000000000000000000, 0.0000000000000000000 ) ) ;
#46 = CARTESIAN_POINT ( 'NONE',  ( -0.09149999999999999800, 0.1499999999999999944, 0.2340000000000000135 ) ) ;
#47 =( NAMED_UNIT ( * ) PLANE_ANGLE_UNIT ( ) SI_UNIT ( $, .RADIAN. ) );
#48 = ORIENTED_EDGE ( 'NONE', *, *, #1232, .F. ) ;
#49 = CARTESIAN_POINT ( 'NONE',  ( 0.0000000000000000000, 0.1940000000000000058, 0.0000000000000000000 ) ) ;
#50 = UNCERTAINTY_MEASURE_WITH_UNIT (LENGTH_MEASURE( 1.000000000000000082E-05 ), #1183, 'distance_accuracy_value', 'NONE');
#51 = ADVANCED_FACE ( 'NONE', ( #2841 ), #2815, .T. ) ;
#53 =( CONVERSION_BASED_UNIT ( 'INCH', #5070 ) LENGTH_UNIT ( ) NAMED_UNIT ( #4713 ) );
#52 = DIRECTION ( 'NONE',  ( 0.0000000000000000000, 0.0000000000000000000, -1.000000000000000000 ) ) ;
#54 = EDGE_LOOP ( 'NONE', ( #2632, #1259, #355, #1095 ) ) ;
#55 = CARTESIAN_POINT ( 'NONE',  ( 0.1587450786638761047, 0.0000000000000000000, 0.09499999999999893252 ) ) ;
#56 = VERTEX_POINT ( 'NONE', #1080 ) ;
#57 = ADVANCED_FACE ( 'NONE', ( #5183 ), #600, .T. ) ;
#58 = DIRECTION ( 'NONE',  ( 0.0000000000000000000, 0.0000000000000000000, -1.000000000000000000 ) ) ;
#59 = ORIENTED_EDGE ( 'NONE', *, *, #928, .F. ) ;
#60 =( NAMED_UNIT ( * ) SI_UNIT ( $, .STERADIAN. ) SOLID_ANGLE_UNIT ( ) );
#61 = DIRECTION ( 'NONE',  ( 0.0000000000000000000, 0.0000000000000000000, 1.000000000000000000 ) ) ;
#62 = ORIENTED_EDGE ( 'NONE', *, *, #5541, .F. ) ;
#63 = ORIENTED_EDGE ( 'NONE', *, *, #2795, .F. ) ;
#64 =( LENGTH_UNIT ( ) NAMED_UNIT ( * ) SI_UNIT ( $, .METRE. ) );
#65 = ADVANCED_FACE ( 'NONE', ( #539, #2900 ), #4258, .T. ) ;
#66 = SURFACE_SIDE_STYLE ('',( #3660 ) ) ;
#67 = EDGE_CURVE ( 'NONE', #1182, #1090, #165, .T. ) ;
#68 = FACE_OUTER_BOUND ( 'NONE', #5583, .T. ) ;
#69 = AXIS2_PLACEMENT_3D ( 'NONE', #4352, #4802, #4299 ) ;
#70 = DIRECTION ( 'NONE',  ( 0.0000000000000000000, 1.000000000000000000, 0.0000000000000000000 ) ) ;
#71 = CARTESIAN_POINT ( 'NONE',  ( 0.1272752921819470528, 0.04399999999999999745, 0.03500000000000000333 ) ) ;
#72 = PRODUCT_RELATED_PRODUCT_CATEGORY ( 'part', '', ( #497 ) ) ;
#73 = DIRECTION ( 'NONE',  ( 1.492566466189939985E-16, 0.0000000000000000000, 1.000000000000000000 ) ) ;
#74 = AXIS2_PLACEMENT_3D ( 'NONE', #3485, #4436, #357 ) ;
#75 = AXIS2_PLACEMENT_3D ( 'NONE', #1088, #4736, #3561 ) ;
#76 = LINE ( 'NONE', #4618, #1340 ) ;
#77 = EDGE_CURVE ( 'NONE', #1996, #4246, #4574, .T. ) ;
#78 = SURFACE_STYLE_FILL_AREA ( #1464 ) ;
#79 = CIRCLE ( 'NONE', #845, 0.1849999999999999978 ) ;
#80 = VECTOR ( 'NONE', #2059, 39.37007874015748143 ) ;
#81 = FACE_OUTER_BOUND ( 'NONE', #3580, .T. ) ;
#82 = AXIS2_PLACEMENT_3D ( 'NONE', #544, #2343, #3289 ) ;
#83 = CARTESIAN_POINT ( 'NONE',  ( 0.1425849022380637765, 0.05000000000000000971, 0.03575675675675674126 ) ) ;
#84 = CIRCLE ( 'NONE', #2179, 0.1849999999999999978 ) ;
#85 = ADVANCED_FACE ( 'NONE', ( #1560 ), #2340, .T. ) ;
#87 = CARTESIAN_POINT ( 'NONE',  ( -9.639569805745200661E-18, 0.2750000000000000222, 3.875786328529849706E-18 ) ) ;
#86 = CARTESIAN_POINT ( 'NONE',  ( 0.02000000000000000736, -0.04999999999999998890, 0.2099999999999999922 ) ) ;
#88 = CYLINDRICAL_SURFACE ( 'NONE', #5707, 0.04749999999999999362 ) ;
#89 = DIRECTION ( 'NONE',  ( 0.5135135135135137086, 0.0000000000000000000, -0.8580815062912184876 ) ) ;
#90 = ORIENTED_EDGE ( 'NONE', *, *, #3819, .T. ) ;
#91 = B_SPLINE_CURVE_WITH_KNOTS ( 'NONE', 3,
 ( #2460, #3381, #4860, #5242 ),
 .UNSPECIFIED., .F., .F.,
 ( 4, 4 ),
 ( 8.027698644935630641E-15, 0.0001851540840332983960 ),
 .UNSPECIFIED. ) ;
#92 = MECHANICAL_DESIGN_GEOMETRIC_PRESENTATION_REPRESENTATION (  '', ( #4289 ), #2288 ) ;
#93 = ORIENTED_EDGE ( 'NONE', *, *, #707, .F. ) ;
#94 = PRESENTATION_LAYER_ASSIGNMENT (  '', '', ( #5438 ) ) ;
#95 = ADVANCED_FACE ( 'NONE', ( #3380 ), #2370, .T. ) ;
#96 = CARTESIAN_POINT ( 'NONE',  ( -0.01499999999999999944, 0.4000000000000000222, -0.03708099243547830631 ) ) ;
#97 = PRESENTATION_STYLE_ASSIGNMENT (( #4272 ) ) ;
#98 = DIRECTION ( 'NONE',  ( 0.0000000000000000000, 0.0000000000000000000, 1.000000000000000000 ) ) ;
#99 = EDGE_LOOP ( 'NONE', ( #5524, #1140 ) ) ;
#100 = EDGE_LOOP ( 'NONE', ( #2606, #4464 ) ) ;
#101 =( NAMED_UNIT ( * ) PLANE_ANGLE_UNIT ( ) SI_UNIT ( $, .RADIAN. ) );
#102 = DIRECTION ( 'NONE',  ( 0.0000000000000000000, 1.000000000000000000, 0.0000000000000000000 ) ) ;
#103 = CARTESIAN_POINT ( 'NONE',  ( 0.0000000000000000000, 0.1749999999999999889, 0.0000000000000000000 ) ) ;
#104 = CARTESIAN_POINT ( 'NONE',  ( 0.0000000000000000000, 0.1640000000000000069, 0.04749999999999999362 ) ) ;
#105 =( NAMED_UNIT ( * ) PLANE_ANGLE_UNIT ( ) SI_UNIT ( $, .RADIAN. ) );
#106 = AXIS2_PLACEMENT_3D ( 'NONE', #46, #5509, #73 ) ;
#107 = EDGE_CURVE ( 'NONE', #299, #1725, #5205, .T. ) ;
#108 = CARTESIAN_POINT ( 'NONE',  ( 2.265596578422603655E-17, 0.2249999999999999778, 0.1849999999999999978 ) ) ;
#109 = DIRECTION ( 'NONE',  ( 0.0000000000000000000, -0.0000000000000000000, 1.000000000000000000 ) ) ;
#110 = CIRCLE ( 'NONE', #3444, 0.02000000000000000042 ) ;
#111 = AXIS2_PLACEMENT_3D ( 'NONE', #5413, #1310, #4051 ) ;
#112 = LINE ( 'NONE', #5573, #2847 ) ;
#113 =( LENGTH_UNIT ( ) NAMED_UNIT ( * ) SI_UNIT ( $, .METRE. ) );
#114 = EDGE_CURVE ( 'NONE', #2273, #2028, #1897, .T. ) ;
#115 = VECTOR ( 'NONE', #491, 39.37007874015748143 ) ;
#117 = SURFACE_SIDE_STYLE ('',( #4211 ) ) ;
#116 = CARTESIAN_POINT ( 'NONE',  ( 0.0000000000000000000, 0.2139999999999999958, 0.0000000000000000000 ) ) ;
#118 = EDGE_LOOP ( 'NONE', ( #872, #5874, #5385, #2170 ) ) ;
#119 = CARTESIAN_POINT ( 'NONE',  ( 2.265596578422603655E-17, 0.2340000000000000135, 0.1849999999999999978 ) ) ;
#120 = CARTESIAN_POINT ( 'NONE',  ( 5.817072295949927179E-18, 0.2640000000000000124, -0.04749999999999999362 ) ) ;
#121 = ORIENTED_EDGE ( 'NONE', *, *, #2677, .T. ) ;
#122 = EDGE_CURVE ( 'NONE', #5857, #5247, #112, .T. ) ;
#123 = EDGE_LOOP ( 'NONE', ( #1562, #582 ) ) ;
#124 = FILL_AREA_STYLE ('',( #1927 ) ) ;
#125 = CARTESIAN_POINT ( 'NONE',  ( 0.0000000000000000000, 0.2049999999999999878, 0.04749999999999999362 ) ) ;
#126 = CYLINDRICAL_SURFACE ( 'NONE', #2291, 0.04749999999999999362 ) ;
#127 = ORIENTED_EDGE ( 'NONE', *, *, #2303, .T. ) ;
#128 = ORIENTED_EDGE ( 'NONE', *, *, #2864, .F. ) ;
#129 = CARTESIAN_POINT ( 'NONE',  ( 0.04900000000000000189, 0.0000000000000000000, 0.1899999999999999745 ) ) ;
#130 = EDGE_CURVE ( 'NONE', #1668, #2899, #1023, .T. ) ;
#131 = CARTESIAN_POINT ( 'NONE',  ( -4.847560246624939958E-19, 0.3799999999999999489, 0.0000000000000000000 ) ) ;
#132 =( CONVERSION_BASED_UNIT ( 'INCH', #2863 ) LENGTH_UNIT ( ) NAMED_UNIT ( #3335 ) );
#133 = VERTEX_POINT ( 'NONE', #651 ) ;
#134 = DIRECTION ( 'NONE',  ( 0.0000000000000000000, -1.000000000000000000, 0.0000000000000000000 ) ) ;
#135 = SURFACE_STYLE_USAGE ( .BOTH. , #2932 ) ;
#136 = DIRECTION ( 'NONE',  ( -0.0000000000000000000, -1.000000000000000000, -0.0000000000000000000 ) ) ;
#137 = CARTESIAN_POINT ( 'NONE',  ( -0.1425849022380637487, 0.05000000000000000971, 0.03575675675675673432 ) ) ;
#138 = ADVANCED_FACE ( 'NONE', ( #81 ), #2458, .T. ) ;
#139 = ORIENTED_EDGE ( 'NONE', *, *, #1721, .F. ) ;
#140 = FACE_OUTER_BOUND ( 'NONE', #608, .T. ) ;
#141 = PRESENTATION_STYLE_ASSIGNMENT (( #4823 ) ) ;
#142 = EDGE_CURVE ( 'NONE', #4149, #5817, #715, .T. ) ;
#143 = DIRECTION ( 'NONE',  ( 0.0000000000000000000, 0.0000000000000000000, 1.000000000000000000 ) ) ;
#144 = ORIENTED_EDGE ( 'NONE', *, *, #2520, .T. ) ;
#145 = VERTEX_POINT ( 'NONE', #4798 ) ;
#146 = VERTEX_POINT ( 'NONE', #2510 ) ;
#148 = CARTESIAN_POINT ( 'NONE',  ( 0.1920000000000000040, 0.04399999999999999745, -0.02000000000000000042 ) ) ;
#147 = DIRECTION ( 'NONE',  ( 0.0000000000000000000, 0.0000000000000000000, 1.000000000000000000 ) ) ;
#149 = CARTESIAN_POINT ( 'NONE',  ( 0.1794435844492650034, 0.0000000000000000000, -0.04500000000000029671 ) ) ;
#150 = LINE ( 'NONE', #2437, #1614 ) ;
#151 = ORIENTED_EDGE ( 'NONE', *, *, #677, .T. ) ;
#152 = VERTEX_POINT ( 'NONE', #5704 ) ;
#153 = LINE ( 'NONE', #5585, #180 ) ;
#154 = CARTESIAN_POINT ( 'NONE',  ( 0.0000000000000000000, -0.04499999999999999833, 0.0000000000000000000 ) ) ;
#155 = DIRECTION ( 'NONE',  ( 0.0000000000000000000, 0.0000000000000000000, 1.000000000000000000 ) ) ;
#156 = EDGE_CURVE ( 'NONE', #146, #2074, #2996, .T. ) ;
#157 = DIRECTION ( 'NONE',  ( 0.0000000000000000000, 0.0000000000000000000, -1.000000000000000000 ) ) ;
#158 = ORIENTED_EDGE ( 'NONE', *, *, #41, .T. ) ;
#159 = CYLINDRICAL_SURFACE ( 'NONE', #4563, 0.04749999999999999362 ) ;
#160 = FILL_AREA_STYLE_COLOUR ( '', #4592 ) ;
#161 = ORIENTED_EDGE ( 'NONE', *, *, #2795, .T. ) ;
#162 = VECTOR ( 'NONE', #2940, 39.37007874015748143 ) ;
#163 = CARTESIAN_POINT ( 'NONE',  ( 5.817072295949927179E-18, 0.1849999999999999978, -0.04749999999999999362 ) ) ;
#164 = CARTESIAN_POINT ( 'NONE',  ( 5.817072295949927179E-18, 0.1499999999999999944, -0.04749999999999999362 ) ) ;
#165 = LINE ( 'NONE', #1981, #770 ) ;
#166 = DIRECTION ( 'NONE',  ( 0.0000000000000000000, -1.000000000000000000, 0.0000000000000000000 ) ) ;
#167 = AXIS2_PLACEMENT_3D ( 'NONE', #2973, #2877, #2494 ) ;
#168 = VERTEX_POINT ( 'NONE', #4349 ) ;
#169 = AXIS2_PLACEMENT_3D ( 'NONE', #3864, #2442, #4788 ) ;
#171 = SURFACE_STYLE_FILL_AREA ( #629 ) ;
#170 =( NAMED_UNIT ( * ) SI_UNIT ( $, .STERADIAN. ) SOLID_ANGLE_UNIT ( ) );
#172 = CIRCLE ( 'NONE', #2537, 0.04749999999999999362 ) ;
#173 =( NAMED_UNIT ( * ) PLANE_ANGLE_UNIT ( ) SI_UNIT ( $, .RADIAN. ) );
#174 = ORIENTED_EDGE ( 'NONE', *, *, #1112, .T. ) ;
#175 = AXIS2_PLACEMENT_3D ( 'NONE', #2123, #1281, #3623 ) ;
#176 = AXIS2_PLACEMENT_3D ( 'NONE', #4924, #2643, #4475 ) ;
#177 = DIMENSIONAL_EXPONENTS ( 1.000000000000000000, 0.0000000000000000000, 0.0000000000000000000, 0.0000000000000000000, 0.0000000000000000000, 0.0000000000000000000, 0.0000000000000000000 ) ;
#178 = DIRECTION ( 'NONE',  ( -0.0000000000000000000, 1.000000000000000000, -0.0000000000000000000 ) ) ;
#179 = DIRECTION ( 'NONE',  ( 0.0000000000000000000, 1.000000000000000000, 0.0000000000000000000 ) ) ;
#180 = VECTOR ( 'NONE', #1612, 39.37007874015748143 ) ;
#181 = LENGTH_MEASURE_WITH_UNIT ( LENGTH_MEASURE( 0.02539999999999999897 ), #700 );
#182 = VERTEX_POINT ( 'NONE', #253 ) ;
#183 = VERTEX_POINT ( 'NONE', #2488 ) ;
#184 = ORIENTED_EDGE ( 'NONE', *, *, #4376, .F. ) ;
#185 = ORIENTED_EDGE ( 'NONE', *, *, #2784, .T. ) ;
#186 = CARTESIAN_POINT ( 'NONE',  ( 0.03750000000000004718, 0.0000000000000000000, -0.1811594601449231512 ) ) ;
#187 = DIRECTION ( 'NONE',  ( 0.0000000000000000000, 1.000000000000000000, 0.0000000000000000000 ) ) ;
#188 = ADVANCED_FACE ( 'NONE', ( #289 ), #3453, .T. ) ;
#189 = DIRECTION ( 'NONE',  ( 0.0000000000000000000, -0.0000000000000000000, 1.000000000000000000 ) ) ;
#190 = CARTESIAN_POINT ( 'NONE',  ( 2.265596578422603655E-17, 0.2849999999999999756, 0.1849999999999999978 ) ) ;
#191 = PLANE ( 'NONE',  #4981 ) ;
#192 = ADVANCED_FACE ( 'NONE', ( #5277 ), #2097, .T. ) ;
#193 = AXIS2_PLACEMENT_3D ( 'NONE', #2792, #1032, #1444 ) ;
#194 = CARTESIAN_POINT ( 'NONE',  ( 0.08899999999999999578, 0.1499999999999999944, 0.2099999999999999922 ) ) ;
#195 = CARTESIAN_POINT ( 'NONE',  ( -6.377882606357019692E-18, 0.05000000000000000278, 2.438845138700749578E-18 ) ) ;
#196 = DIRECTION ( 'NONE',  ( 0.0000000000000000000, -0.0000000000000000000, -1.000000000000000000 ) ) ;
#197 = STYLED_ITEM ( 'NONE', ( #4141 ), #3853 ) ;
#198 = CARTESIAN_POINT ( 'NONE',  ( 0.0000000000000000000, 0.2439999999999999669, 0.0000000000000000000 ) ) ;
#199 = STYLED_ITEM ( 'NONE', ( #2959 ), #517 ) ;
#200 = EDGE_CURVE ( 'NONE', #3952, #1631, #4824, .T. ) ;
#201 = ORIENTED_EDGE ( 'NONE', *, *, #5669, .F. ) ;
#202 =( GEOMETRIC_REPRESENTATION_CONTEXT ( 3 ) GLOBAL_UNCERTAINTY_ASSIGNED_CONTEXT ( ( #1891 ) ) GLOBAL_UNIT_ASSIGNED_CONTEXT ( ( #2094, #3021, #2931 ) ) REPRESENTATION_CONTEXT ( 'NONE', 'WORKASPACE' ) );
#203 = VECTOR ( 'NONE', #3804, 39.37007874015748143 ) ;
#204 = CARTESIAN_POINT ( 'NONE',  ( -0.02979729729729730173, 0.0000000000000000000, -0.1439483277908309988 ) ) ;
#205 = ORIENTED_EDGE ( 'NONE', *, *, #2282, .F. ) ;
#206 = VECTOR ( 'NONE', #43, 39.37007874015748143 ) ;
#207 = STYLED_ITEM ( 'NONE', ( #97 ), #1176 ) ;
#209 = SURFACE_SIDE_STYLE ('',( #3460 ) ) ;
#208 = CARTESIAN_POINT ( 'NONE',  ( -0.01499999999999999944, 0.3799999999999999489, -0.04506939094329988349 ) ) ;
#210 = DIRECTION ( 'NONE',  ( -0.0000000000000000000, 0.0000000000000000000, -1.000000000000000000 ) ) ;
#211 = VECTOR ( 'NONE', #1810, 39.37007874015748143 ) ;
#212 = DIRECTION ( 'NONE',  ( -1.000000000000000000, 0.0000000000000000000, -1.545060037967069995E-16 ) ) ;
#213 = ORIENTED_EDGE ( 'NONE', *, *, #2399, .T. ) ;
#214 = ORIENTED_EDGE ( 'NONE', *, *, #4092, .F. ) ;
#215 = CARTESIAN_POINT ( 'NONE',  ( -0.04900000000000000189, -0.02566611069585890068, 0.2099999999999999922 ) ) ;
#216 = CARTESIAN_POINT ( 'NONE',  ( 0.0000000000000000000, 0.1499999999999999944, 0.0000000000000000000 ) ) ;
#217 = ADVANCED_FACE ( 'NONE', ( #739 ), #2533, .T. ) ;
#218 = DIRECTION ( 'NONE',  ( -1.545060037967069995E-16, 0.0000000000000000000, -1.000000000000000000 ) ) ;
#219 =( NAMED_UNIT ( * ) PLANE_ANGLE_UNIT ( ) SI_UNIT ( $, .RADIAN. ) );
#220 = DIMENSIONAL_EXPONENTS ( 1.000000000000000000, 0.0000000000000000000, 0.0000000000000000000, 0.0000000000000000000, 0.0000000000000000000, 0.0000000000000000000, 0.0000000000000000000 ) ;
#221 = EDGE_CURVE ( 'NONE', #5792, #4240, #5535, .T. ) ;
#222 = EDGE_LOOP ( 'NONE', ( #3986, #3211, #5561, #792 ) ) ;
#223 = FACE_OUTER_BOUND ( 'NONE', #1243, .T. ) ;
#224 = CARTESIAN_POINT ( 'NONE',  ( 0.1816590212458492892, 0.05000000000000000278, 0.03500000000000000333 ) ) ;
#225 = CARTESIAN_POINT ( 'NONE',  ( 0.0000000000000000000, 0.2540000000000000036, -0.1849999999999999978 ) ) ;
#226 = DIRECTION ( 'NONE',  ( -0.0000000000000000000, -0.0000000000000000000, -1.000000000000000000 ) ) ;
#227 = EDGE_CURVE ( 'NONE', #5408, #3342, #3330, .T. ) ;
#228 = CARTESIAN_POINT ( 'NONE',  ( 0.0000000000000000000, 0.05000000000000000278, 0.0000000000000000000 ) ) ;
#229 = VERTEX_POINT ( 'NONE', #803 ) ;
#231 = DIRECTION ( 'NONE',  ( 0.0000000000000000000, -1.000000000000000000, 0.0000000000000000000 ) ) ;
#230 = PRESENTATION_STYLE_ASSIGNMENT (( #2042 ) ) ;
#232 = EDGE_CURVE ( 'NONE', #5258, #1996, #4170, .T. ) ;
#233 = ORIENTED_EDGE ( 'NONE', *, *, #5549, .T. ) ;
#234 = VERTEX_POINT ( 'NONE', #2602 ) ;
#236 = LINE ( 'NONE', #2518, #1497 ) ;
#235 = CARTESIAN_POINT ( 'NONE',  ( 0.0000000000000000000, 0.1499999999999999944, 0.0000000000000000000 ) ) ;
#237 = CARTESIAN_POINT ( 'NONE',  ( -9.639569805745200661E-18, 0.2839999999999999747, 3.875786328529849706E-18 ) ) ;
#238 = EDGE_CURVE ( 'NONE', #2213, #3695, #3237, .T. ) ;
#239 = ORIENTED_EDGE ( 'NONE', *, *, #4061, .T. ) ;
#240 = EDGE_LOOP ( 'NONE', ( #1260, #1070 ) ) ;
#241 = VERTEX_POINT ( 'NONE', #2628 ) ;
#242 = EDGE_LOOP ( 'NONE', ( #185, #128, #1997, #4032 ) ) ;
#243 = CARTESIAN_POINT ( 'NONE',  ( 0.0000000000000000000, 0.2550000000000000044, 0.0000000000000000000 ) ) ;
#244 = DIRECTION ( 'NONE',  ( -0.9699653213473709013, 0.0000000000000000000, -0.2432432432432430347 ) ) ;
#245 = EDGE_CURVE ( 'NONE', #4149, #5448, #4114, .T. ) ;
#246 = VERTEX_POINT ( 'NONE', #1258 ) ;
#247 = DIRECTION ( 'NONE',  ( 0.0000000000000000000, -1.000000000000000000, 0.0000000000000000000 ) ) ;
#248 = LINE ( 'NONE', #1621, #3832 ) ;
#249 = EDGE_CURVE ( 'NONE', #754, #4311, #380, .T. ) ;
#250 = ADVANCED_FACE ( 'NONE', ( #5368 ), #3083, .T. ) ;
#251 = DIRECTION ( 'NONE',  ( 0.0000000000000000000, 0.0000000000000000000, 1.000000000000000000 ) ) ;
#252 = CARTESIAN_POINT ( 'NONE',  ( 0.0000000000000000000, 0.1539999999999999702, 0.0000000000000000000 ) ) ;
#253 = CARTESIAN_POINT ( 'NONE',  ( -0.08899999999999999578, 0.3420000000000000262, 0.2099999999999999922 ) ) ;
#254 = DIRECTION ( 'NONE',  ( 0.0000000000000000000, 0.0000000000000000000, -1.000000000000000000 ) ) ;
#255 = DIMENSIONAL_EXPONENTS ( 1.000000000000000000, 0.0000000000000000000, 0.0000000000000000000, 0.0000000000000000000, 0.0000000000000000000, 0.0000000000000000000, 0.0000000000000000000 ) ;
#256 = EDGE_CURVE ( 'NONE', #1479, #3888, #3290, .T. ) ;
#257 = VERTEX_POINT ( 'NONE', #5554 ) ;
#259 = CARTESIAN_POINT ( 'NONE',  ( 0.0000000000000000000, 0.2439999999999999669, 0.0000000000000000000 ) ) ;
#258 =( NAMED_UNIT ( * ) SI_UNIT ( $, .STERADIAN. ) SOLID_ANGLE_UNIT ( ) );
#260 = AXIS2_PLACEMENT_3D ( 'NONE', #2514, #3456, #5187 ) ;
#261 = ORIENTED_EDGE ( 'NONE', *, *, #2991, .F. ) ;
#262 = ORIENTED_EDGE ( 'NONE', *, *, #3913, .T. ) ;
#263 = MECHANICAL_DESIGN_GEOMETRIC_PRESENTATION_REPRESENTATION (  '', ( #2733 ), #3599 ) ;
#264 = AXIS2_PLACEMENT_3D ( 'NONE', #2984, #1134, #4813 ) ;
#265 = EDGE_CURVE ( 'NONE', #4072, #5381, #4019, .T. ) ;
#266 = CIRCLE ( 'NONE', #4561, 0.04749999999999999362 ) ;
#267 = FILL_AREA_STYLE ('',( #5376 ) ) ;
#268 = FACE_OUTER_BOUND ( 'NONE', #2241, .T. ) ;
#269 = PRESENTATION_STYLE_ASSIGNMENT (( #1645 ) ) ;
#270 = ORIENTED_EDGE ( 'NONE', *, *, #2771, .T. ) ;
#271 = ORIENTED_EDGE ( 'NONE', *, *, #3324, .F. ) ;
#272 = ORIENTED_EDGE ( 'NONE', *, *, #1938, .T. ) ;
#273 = VECTOR ( 'NONE', #1000, 39.37007874015748143 ) ;
#274 = CIRCLE ( 'NONE', #2745, 0.1849999999999999978 ) ;
#275 = CARTESIAN_POINT ( 'NONE',  ( -0.1980000000000000093, 0.05000000000000000278, -0.03500000000000000333 ) ) ;
#276 = ADVANCED_FACE ( 'NONE', ( #1001 ), #88, .T. ) ;
#277 = VERTEX_POINT ( 'NONE', #1921 ) ;
#278 = CIRCLE ( 'NONE', #4183, 0.1849999999999999978 ) ;
#279 = CARTESIAN_POINT ( 'NONE',  ( 2.265596578422603655E-17, 0.2750000000000000222, 0.1849999999999999978 ) ) ;
#280 = CARTESIAN_POINT ( 'NONE',  ( 5.817072295949927179E-18, 0.1499999999999999944, -0.04749999999999999362 ) ) ;
#281 = ORIENTED_EDGE ( 'NONE', *, *, #1847, .F. ) ;
#282 = DIRECTION ( 'NONE',  ( 0.0000000000000000000, 1.000000000000000000, 0.0000000000000000000 ) ) ;
#283 = SURFACE_SIDE_STYLE ('',( #5621 ) ) ;
#284 = UNCERTAINTY_MEASURE_WITH_UNIT (LENGTH_MEASURE( 1.000000000000000082E-05 ), #1068, 'distance_accuracy_value', 'NONE');
#285 = AXIS2_PLACEMENT_3D ( 'NONE', #2695, #4520, #4017 ) ;
#286 = AXIS2_PLACEMENT_3D ( 'NONE', #1929, #5560, #5081 ) ;
#287 =( CONVERSION_BASED_UNIT ( 'INCH', #4911 ) LENGTH_UNIT ( ) NAMED_UNIT ( #3458 ) );
#288 = PLANE ( 'NONE',  #13 ) ;
#289 = FACE_OUTER_BOUND ( 'NONE', #4517, .T. ) ;
#290 = CARTESIAN_POINT ( 'NONE',  ( 0.0000000000000000000, 0.04399999999999999745, 0.0000000000000000000 ) ) ;
#291 = VERTEX_POINT ( 'NONE', #5276 ) ;
#292 = STYLED_ITEM ( 'NONE', ( #3968 ), #138 ) ;
#294 = DIRECTION ( 'NONE',  ( 0.0000000000000000000, 1.000000000000000000, 0.0000000000000000000 ) ) ;
#293 = DIRECTION ( 'NONE',  ( 0.0000000000000000000, 1.000000000000000000, 0.0000000000000000000 ) ) ;
#295 = CIRCLE ( 'NONE', #5151, 0.04749999999999999362 ) ;
#296 = PRESENTATION_LAYER_ASSIGNMENT (  '', '', ( #2565 ) ) ;
#297 = EDGE_LOOP ( 'NONE', ( #3386, #4385, #3086, #2713 ) ) ;
#298 = EDGE_CURVE ( 'NONE', #1998, #4246, #2408, .T. ) ;
#299 = VERTEX_POINT ( 'NONE', #1062 ) ;
#300 = CIRCLE ( 'NONE', #1519, 0.04749999999999999362 ) ;
#301 = ORIENTED_EDGE ( 'NONE', *, *, #3438, .T. ) ;
#302 = FACE_OUTER_BOUND ( 'NONE', #3581, .T. ) ;
#303 = DIRECTION ( 'NONE',  ( -0.0000000000000000000, -1.000000000000000000, -0.0000000000000000000 ) ) ;
#304 = CARTESIAN_POINT ( 'NONE',  ( 0.0000000000000000000, 0.2149999999999999967, -0.1849999999999999978 ) ) ;
#305 = EDGE_LOOP ( 'NONE', ( #1539, #2776 ) ) ;
#306 = ORIENTED_EDGE ( 'NONE', *, *, #4789, .F. ) ;
#307 = ORIENTED_EDGE ( 'NONE', *, *, #4138, .T. ) ;
#308 = VECTOR ( 'NONE', #564, 39.37007874015748143 ) ;
#309 = CARTESIAN_POINT ( 'NONE',  ( 9.639569805745200661E-18, 0.0000000000000000000, 0.2340000000000000135 ) ) ;
#310 = CARTESIAN_POINT ( 'NONE',  ( -6.336290745579139737E-18, -0.04499999999999999833, -0.1651032646197679865 ) ) ;
#311 = EDGE_LOOP ( 'NONE', ( #5443, #5074, #5399, #301 ) ) ;
#312 =( GEOMETRIC_REPRESENTATION_CONTEXT ( 3 ) GLOBAL_UNCERTAINTY_ASSIGNED_CONTEXT ( ( #4597 ) ) GLOBAL_UNIT_ASSIGNED_CONTEXT ( ( #1757, #363, #2180 ) ) REPRESENTATION_CONTEXT ( 'NONE', 'WORKASPACE' ) );
#313 = AXIS2_PLACEMENT_3D ( 'NONE', #393, #2736, #1240 ) ;
#314 = CARTESIAN_POINT ( 'NONE',  ( 0.0000000000000000000, 0.2249999999999999778, 0.04749999999999999362 ) ) ;
#315 = LENGTH_MEASURE_WITH_UNIT ( LENGTH_MEASURE( 0.02539999999999999897 ), #3402 );
#316 = DIRECTION ( 'NONE',  ( -0.0000000000000000000, 0.0000000000000000000, 1.000000000000000000 ) ) ;
#317 = ORIENTED_EDGE ( 'NONE', *, *, #3090, .T. ) ;
#318 = EDGE_CURVE ( 'NONE', #27, #182, #5159, .T. ) ;
#319 = CARTESIAN_POINT ( 'NONE',  ( 0.0000000000000000000, 0.1499999999999999944, 0.0000000000000000000 ) ) ;
#320 = LINE ( 'NONE', #5272, #3730 ) ;
#321 = CYLINDRICAL_SURFACE ( 'NONE', #5728, 0.1849999999999999978 ) ;
#322 = PLANE ( 'NONE',  #5600 ) ;
#323 =( NAMED_UNIT ( * ) SI_UNIT ( $, .STERADIAN. ) SOLID_ANGLE_UNIT ( ) );
#324 = CARTESIAN_POINT ( 'NONE',  ( 5.817072295949927179E-18, 0.1499999999999999944, -0.04749999999999999362 ) ) ;
#325 = DIRECTION ( 'NONE',  ( 0.0000000000000000000, 1.000000000000000000, 0.0000000000000000000 ) ) ;
#326 = ORIENTED_EDGE ( 'NONE', *, *, #256, .F. ) ;
#328 = SURFACE_STYLE_FILL_AREA ( #3482 ) ;
#327 = CARTESIAN_POINT ( 'NONE',  ( 2.265596578422603655E-17, 0.2349999999999999867, 0.1849999999999999978 ) ) ;
#329 = ORIENTED_EDGE ( 'NONE', *, *, #114, .T. ) ;
#330 = EDGE_CURVE ( 'NONE', #3432, #3616, #2089, .T. ) ;
#331 = ORIENTED_EDGE ( 'NONE', *, *, #7, .F. ) ;
#333 = CARTESIAN_POINT ( 'NONE',  ( 0.1794435844492636434, 0.0000000000000000000, -0.04499999999999994976 ) ) ;
#332 = DIRECTION ( 'NONE',  ( 0.0000000000000000000, 0.0000000000000000000, -1.000000000000000000 ) ) ;
#334 = CARTESIAN_POINT ( 'NONE',  ( 0.0000000000000000000, 0.2999999999999999889, 0.1849999999999999978 ) ) ;
#335 = ORIENTED_EDGE ( 'NONE', *, *, #1280, .F. ) ;
#336 = ORIENTED_EDGE ( 'NONE', *, *, #3500, .F. ) ;
#337 = ORIENTED_EDGE ( 'NONE', *, *, #3029, .F. ) ;
#338 = CARTESIAN_POINT ( 'NONE',  ( 0.1261379814248098086, -0.04499999999999999833, 0.07548648648648562109 ) ) ;
#339 = EDGE_LOOP ( 'NONE', ( #5431, #3287, #1899, #5579 ) ) ;
#340 = ADVANCED_FACE ( 'NONE', ( #1896 ), #5576, .T. ) ;
#341 = LINE ( 'NONE', #3984, #3159 ) ;
#342 = CYLINDRICAL_SURFACE ( 'NONE', #4595, 0.04749999999999999362 ) ;
#343 = VERTEX_POINT ( 'NONE', #119 ) ;
#344 = LINE ( 'NONE', #3499, #569 ) ;
#345 = CARTESIAN_POINT ( 'NONE',  ( 0.0000000000000000000, 0.2740000000000000213, 0.0000000000000000000 ) ) ;
#346 = ADVANCED_FACE ( 'NONE', ( #3266 ), #288, .F. ) ;
#347 = FACE_OUTER_BOUND ( 'NONE', #4109, .T. ) ;
#348 = SURFACE_SIDE_STYLE ('',( #3537 ) ) ;
#349 = DIRECTION ( 'NONE',  ( 0.0000000000000000000, -0.0000000000000000000, 1.000000000000000000 ) ) ;
#350 =( NAMED_UNIT ( * ) SI_UNIT ( $, .STERADIAN. ) SOLID_ANGLE_UNIT ( ) );
#351 = DIRECTION ( 'NONE',  ( -0.0000000000000000000, -1.000000000000000000, -0.0000000000000000000 ) ) ;
#352 = VERTEX_POINT ( 'NONE', #977 ) ;
#354 =( CONVERSION_BASED_UNIT ( 'INCH', #386 ) LENGTH_UNIT ( ) NAMED_UNIT ( #4676 ) );
#353 = DIRECTION ( 'NONE',  ( 0.0000000000000000000, 0.0000000000000000000, -1.000000000000000000 ) ) ;
#355 = ORIENTED_EDGE ( 'NONE', *, *, #805, .T. ) ;
#356 = AXIS2_PLACEMENT_3D ( 'NONE', #5746, #231, #3328 ) ;
#358 = CYLINDRICAL_SURFACE ( 'NONE', #2731, 0.04749999999999999362 ) ;
#357 = DIRECTION ( 'NONE',  ( 1.000000000000000000, 0.0000000000000000000, 0.0000000000000000000 ) ) ;
#359 = FACE_OUTER_BOUND ( 'NONE', #4989, .T. ) ;
#360 = ORIENTED_EDGE ( 'NONE', *, *, #5190, .T. ) ;
#361 = ORIENTED_EDGE ( 'NONE', *, *, #4633, .T. ) ;
#362 = ORIENTED_EDGE ( 'NONE', *, *, #4216, .T. ) ;
#363 =( NAMED_UNIT ( * ) PLANE_ANGLE_UNIT ( ) SI_UNIT ( $, .RADIAN. ) );
#364 = FILL_AREA_STYLE_COLOUR ( '', #4279 ) ;
#365 = PRESENTATION_LAYER_ASSIGNMENT (  '', '', ( #2733 ) ) ;
#366 = AXIS2_PLACEMENT_3D ( 'NONE', #1934, #2332, #937 ) ;
#367 = EDGE_LOOP ( 'NONE', ( #3920, #3092 ) ) ;
#368 = DIRECTION ( 'NONE',  ( 0.0000000000000000000, 0.0000000000000000000, 1.000000000000000000 ) ) ;
#369 = DIRECTION ( 'NONE',  ( 0.8580815062912187097, 0.0000000000000000000, 0.5135135135135132645 ) ) ;
#370 =( LENGTH_UNIT ( ) NAMED_UNIT ( * ) SI_UNIT ( $, .METRE. ) );
#371 = CIRCLE ( 'NONE', #1116, 0.04749999999999999362 ) ;
#372 = CARTESIAN_POINT ( 'NONE',  ( 0.0000000000000000000, 0.1499999999999999944, 0.0000000000000000000 ) ) ;
#373 = CARTESIAN_POINT ( 'NONE',  ( 0.1587450786638759936, 0.0000000000000000000, 0.09499999999999890476 ) ) ;
#374 = EDGE_CURVE ( 'NONE', #1181, #2471, #1521, .T. ) ;
#375 = LINE ( 'NONE', #4022, #5544 ) ;
#376 = MECHANICAL_DESIGN_GEOMETRIC_PRESENTATION_REPRESENTATION (  '', ( #5134 ), #568 ) ;
#377 = CIRCLE ( 'NONE', #2752, 0.1849999999999999978 ) ;
#378 = FILL_AREA_STYLE ('',( #4459 ) ) ;
#379 = VECTOR ( 'NONE', #5879, 39.37007874015748143 ) ;
#380 = LINE ( 'NONE', #5835, #1328 ) ;
#381 = CARTESIAN_POINT ( 'NONE',  ( 0.0000000000000000000, 0.05000000000000000278, -0.1320000000000000062 ) ) ;
#382 = ORIENTED_EDGE ( 'NONE', *, *, #2140, .T. ) ;
#383 = AXIS2_PLACEMENT_3D ( 'NONE', #2049, #5256, #1159 ) ;
#384 = ORIENTED_EDGE ( 'NONE', *, *, #3948, .F. ) ;
#386 = LENGTH_MEASURE_WITH_UNIT ( LENGTH_MEASURE( 0.02539999999999999897 ), #828 );
#385 = CARTESIAN_POINT ( 'NONE',  ( -0.04900000000000000189, 0.0000000000000000000, 0.2099999999999999922 ) ) ;
#387 = ORIENTED_EDGE ( 'NONE', *, *, #4158, .T. ) ;
#388 = AXIS2_PLACEMENT_3D ( 'NONE', #2872, #3750, #3815 ) ;
#389 = EDGE_CURVE ( 'NONE', #1327, #5876, #4174, .T. ) ;
#390 = ORIENTED_EDGE ( 'NONE', *, *, #2831, .F. ) ;
#392 = DIRECTION ( 'NONE',  ( 0.0000000000000000000, -1.000000000000000000, -0.0000000000000000000 ) ) ;
#391 = DIRECTION ( 'NONE',  ( 0.0000000000000000000, 0.0000000000000000000, -1.000000000000000000 ) ) ;
#393 = CARTESIAN_POINT ( 'NONE',  ( 0.0000000000000000000, 0.3799999999999999489, 0.0000000000000000000 ) ) ;
#394 = EDGE_LOOP ( 'NONE', ( #3820, #2250, #2464, #5685 ) ) ;
#395 = ORIENTED_EDGE ( 'NONE', *, *, #2433, .F. ) ;
#396 = EDGE_LOOP ( 'NONE', ( #3640, #4547, #1608, #151 ) ) ;
#397 = CARTESIAN_POINT ( 'NONE',  ( 0.0000000000000000000, 0.1499999999999999944, 0.0000000000000000000 ) ) ;
#398 = AXIS2_PLACEMENT_3D ( 'NONE', #5618, #1969, #3772 ) ;
#399 = EDGE_LOOP ( 'NONE', ( #1300, #4996 ) ) ;
#400 = FACE_OUTER_BOUND ( 'NONE', #3188, .T. ) ;
#401 = AXIS2_PLACEMENT_3D ( 'NONE', #3354, #972, #2366 ) ;
#402 = CARTESIAN_POINT ( 'NONE',  ( 5.817072295949927179E-18, 0.2139999999999999958, -0.04749999999999999362 ) ) ;
#403 = VECTOR ( 'NONE', #244, 39.37007874015748143 ) ;
#404 = DIRECTION ( 'NONE',  ( 0.0000000000000000000, 0.0000000000000000000, 1.000000000000000000 ) ) ;
#405 = CARTESIAN_POINT ( 'NONE',  ( 0.09150000000000001188, 0.1499999999999999944, 0.2340000000000000135 ) ) ;
#406 = CYLINDRICAL_SURFACE ( 'NONE', #175, 0.04749999999999999362 ) ;
#407 = ADVANCED_FACE ( 'NONE', ( #4430, #4943 ), #855, .F. ) ;
#408 = DIRECTION ( 'NONE',  ( 0.0000000000000000000, -0.0000000000000000000, 1.000000000000000000 ) ) ;
#409 = UNCERTAINTY_MEASURE_WITH_UNIT (LENGTH_MEASURE( 1.000000000000000082E-05 ), #132, 'distance_accuracy_value', 'NONE');
#410 = AXIS2_PLACEMENT_3D ( 'NONE', #4730, #626, #3816 ) ;
#411 = VECTOR ( 'NONE', #817, 39.37007874015748143 ) ;
#412 = DIRECTION ( 'NONE',  ( 0.0000000000000000000, -1.000000000000000000, 0.0000000000000000000 ) ) ;
#413 = CARTESIAN_POINT ( 'NONE',  ( -0.04900000000000000189, 0.0000000000000000000, 3.875786328529849706E-18 ) ) ;
#414 = DIRECTION ( 'NONE',  ( -0.0000000000000000000, -1.000000000000000000, 0.0000000000000000000 ) ) ;
#415 = CARTESIAN_POINT ( 'NONE',  ( -0.01499999999999999944, 0.3700000000010787993, 0.03976493430182424793 ) ) ;
#416 = ORIENTED_EDGE ( 'NONE', *, *, #4735, .F. ) ;
#417 = ADVANCED_FACE ( 'NONE', ( #3538, #5421 ), #3593, .T. ) ;
#419 = DIRECTION ( 'NONE',  ( -0.2432432432432439229, 0.0000000000000000000, 0.9699653213473707902 ) ) ;
#418 = LENGTH_MEASURE_WITH_UNIT ( LENGTH_MEASURE( 0.02539999999999999897 ), #2757 );
#420 = DIRECTION ( 'NONE',  ( 0.0000000000000000000, 0.0000000000000000000, -1.000000000000000000 ) ) ;
#421 = CARTESIAN_POINT ( 'NONE',  ( 0.02000000000000000042, -0.1209999999999999826, 0.1899999999999999745 ) ) ;
#422 = ADVANCED_FACE ( 'NONE', ( #5798, #802 ), #5833, .T. ) ;
#424 = FACE_BOUND ( 'NONE', #100, .T. ) ;
#423 = DIRECTION ( 'NONE',  ( 0.0000000000000000000, -1.000000000000000000, 0.0000000000000000000 ) ) ;
#425 = CARTESIAN_POINT ( 'NONE',  ( 0.0000000000000000000, 0.2149999999999999967, 0.0000000000000000000 ) ) ;
#426 = EDGE_LOOP ( 'NONE', ( #5478, #3430, #519, #615, #1359, #920, #1727, #2177, #1217 ) ) ;
#427 = ORIENTED_EDGE ( 'NONE', *, *, #3201, .F. ) ;
#428 = VERTEX_POINT ( 'NONE', #4526 ) ;
#429 = DIRECTION ( 'NONE',  ( 0.0000000000000000000, 0.0000000000000000000, 1.000000000000000000 ) ) ;
#430 = VERTEX_POINT ( 'NONE', #3112 ) ;
#431 = ADVANCED_FACE ( 'NONE', ( #2627 ), #2129, .F. ) ;
#432 = CARTESIAN_POINT ( 'NONE',  ( 5.817072295949927179E-18, 0.2340000000000000135, -0.04749999999999999362 ) ) ;
#433 = LINE ( 'NONE', #2247, #2679 ) ;
#434 = CARTESIAN_POINT ( 'NONE',  ( 0.03749999999999999861, 0.0000000000000000000, -0.1811594601449229847 ) ) ;
#435 = ORIENTED_EDGE ( 'NONE', *, *, #4083, .T. ) ;
#436 = VERTEX_POINT ( 'NONE', #1852 ) ;
#437 = DIRECTION ( 'NONE',  ( 0.0000000000000000000, 1.000000000000000000, 0.0000000000000000000 ) ) ;
#438 = CARTESIAN_POINT ( 'NONE',  ( -0.1425849022380639985, -0.04499999999999999833, -0.03575675675675679677 ) ) ;
#439 = EDGE_CURVE ( 'NONE', #4875, #1599, #5028, .T. ) ;
#440 = FILL_AREA_STYLE ('',( #3591 ) ) ;
#441 = DIRECTION ( 'NONE',  ( 0.0000000000000000000, 1.000000000000000000, 0.0000000000000000000 ) ) ;
#442 = SURFACE_STYLE_FILL_AREA ( #378 ) ;
#443 = DIRECTION ( 'NONE',  ( 0.0000000000000000000, 0.0000000000000000000, -1.000000000000000000 ) ) ;
#445 = DIRECTION ( 'NONE',  ( -0.0000000000000000000, -1.000000000000000000, -0.0000000000000000000 ) ) ;
#444 = CARTESIAN_POINT ( 'NONE',  ( -9.639569805745200661E-18, 0.2349999999999999867, 3.875786328529849706E-18 ) ) ;
#446 = FILL_AREA_STYLE ('',( #2705 ) ) ;
#447 = VERTEX_POINT ( 'NONE', #71 ) ;
#448 = ORIENTED_EDGE ( 'NONE', *, *, #850, .T. ) ;
#449 = ADVANCED_FACE ( 'NONE', ( #3686 ), #533, .F. ) ;
#451 = CARTESIAN_POINT ( 'NONE',  ( 0.0000000000000000000, 0.2249999999999999778, 0.0000000000000000000 ) ) ;
#450 = CYLINDRICAL_SURFACE ( 'NONE', #1203, 0.1849999999999999978 ) ;
#452 = ORIENTED_EDGE ( 'NONE', *, *, #1924, .F. ) ;
#453 = DIRECTION ( 'NONE',  ( 0.0000000000000000000, 0.0000000000000000000, 1.000000000000000000 ) ) ;
#454 = ORIENTED_EDGE ( 'NONE', *, *, #4266, .F. ) ;
#455 = ORIENTED_EDGE ( 'NONE', *, *, #5436, .F. ) ;
#456 = ORIENTED_EDGE ( 'NONE', *, *, #4556, .F. ) ;
#457 = DIRECTION ( 'NONE',  ( 0.0000000000000000000, -1.000000000000000000, 0.0000000000000000000 ) ) ;
#458 =( GEOMETRIC_REPRESENTATION_CONTEXT ( 3 ) GLOBAL_UNCERTAINTY_ASSIGNED_CONTEXT ( ( #4525 ) ) GLOBAL_UNIT_ASSIGNED_CONTEXT ( ( #53, #4147, #3694 ) ) REPRESENTATION_CONTEXT ( 'NONE', 'WORKASPACE' ) );
#459 = ORIENTED_EDGE ( 'NONE', *, *, #2419, .T. ) ;
#460 = CYLINDRICAL_SURFACE ( 'NONE', #1975, 0.04749999999999999362 ) ;
#461 = CYLINDRICAL_SURFACE ( 'NONE', #3250, 0.04749999999999999362 ) ;
#462 = DIRECTION ( 'NONE',  ( 0.0000000000000000000, 1.000000000000000000, 0.0000000000000000000 ) ) ;
#463 = ORIENTED_EDGE ( 'NONE', *, *, #3479, .F. ) ;
#464 = ORIENTED_EDGE ( 'NONE', *, *, #4345, .F. ) ;
#465 = AXIS2_PLACEMENT_3D ( 'NONE', #1330, #4991, #4096 ) ;
#466 = AXIS2_PLACEMENT_3D ( 'NONE', #5429, #2672, #4063 ) ;
#467 = DIRECTION ( 'NONE',  ( 0.0000000000000000000, 1.000000000000000000, 0.0000000000000000000 ) ) ;
#468 = CARTESIAN_POINT ( 'NONE',  ( 0.1425849022380639985, 0.0000000000000000000, 0.03575675675675679677 ) ) ;
#469 = EDGE_CURVE ( 'NONE', #4998, #430, #1235, .T. ) ;
#470 = PRESENTATION_LAYER_ASSIGNMENT (  '', '', ( #756 ) ) ;
#471 = VECTOR ( 'NONE', #3526, 39.37007874015748143 ) ;
#472 = ORIENTED_EDGE ( 'NONE', *, *, #232, .F. ) ;
#473 = CIRCLE ( 'NONE', #3897, 0.1469999999999999918 ) ;
#474 =( NAMED_UNIT ( * ) SI_UNIT ( $, .STERADIAN. ) SOLID_ANGLE_UNIT ( ) );
#475 = PRESENTATION_STYLE_ASSIGNMENT (( #1403 ) ) ;
#476 = CARTESIAN_POINT ( 'NONE',  ( -9.639569805745200661E-18, 0.2849999999999999756, 3.875786328529849706E-18 ) ) ;
#477 = SURFACE_SIDE_STYLE ('',( #1286 ) ) ;
#478 = AXIS2_PLACEMENT_3D ( 'NONE', #4257, #650, #1918 ) ;
#479 = AXIS2_PLACEMENT_3D ( 'NONE', #712, #3471, #2508 ) ;
#480 = VECTOR ( 'NONE', #5582, 39.37007874015748143 ) ;
#481 = CIRCLE ( 'NONE', #763, 0.1849999999999999978 ) ;
#482 =( NAMED_UNIT ( * ) SI_UNIT ( $, .STERADIAN. ) SOLID_ANGLE_UNIT ( ) );
#483 = DIRECTION ( 'NONE',  ( 1.000000000000000000, 0.0000000000000000000, 5.463695987328530381E-16 ) ) ;
#484 = ORIENTED_EDGE ( 'NONE', *, *, #4830, .T. ) ;
#485 = ADVANCED_FACE ( 'NONE', ( #5006 ), #2395, .T. ) ;
#486 = AXIS2_PLACEMENT_3D ( 'NONE', #1903, #4153, #4658 ) ;
#488 = SURFACE_STYLE_USAGE ( .BOTH. , #4566 ) ;
#487 = DIRECTION ( 'NONE',  ( 0.0000000000000000000, 0.0000000000000000000, -1.000000000000000000 ) ) ;
#489 = EDGE_CURVE ( 'NONE', #4707, #2646, #1404, .T. ) ;
#490 = ORIENTED_EDGE ( 'NONE', *, *, #3516, .T. ) ;
#491 = DIRECTION ( 'NONE',  ( -0.0000000000000000000, 0.0000000000000000000, -1.000000000000000000 ) ) ;
#492 = CIRCLE ( 'NONE', #2944, 0.1849999999999999978 ) ;
#493 = ORIENTED_EDGE ( 'NONE', *, *, #2203, .T. ) ;
#494 = CYLINDRICAL_SURFACE ( 'NONE', #2070, 0.1849999999999999978 ) ;
#495 = STYLED_ITEM ( 'NONE', ( #141 ), #346 ) ;
#496 = ORIENTED_EDGE ( 'NONE', *, *, #1145, .T. ) ;
#497 = PRODUCT ( '8C4CCE48-6CD2-45A1-BAA2-EFC81DAB754A', '8C4CCE48-6CD2-45A1-BAA2-EFC81DAB754A', '', ( #1586 ) ) ;
#498 = DIRECTION ( 'NONE',  ( 0.0000000000000000000, 0.0000000000000000000, -1.000000000000000000 ) ) ;
#499 = LINE ( 'NONE', #3620, #2307 ) ;
#500 = LINE ( 'NONE', #5021, #5141 ) ;
#501 = VERTEX_POINT ( 'NONE', #104 ) ;
#502 = CIRCLE ( 'NONE', #779, 0.04749999999999999362 ) ;
#503 = VERTEX_POINT ( 'NONE', #3279 ) ;
#504 = SURFACE_SIDE_STYLE ('',( #5533 ) ) ;
#505 = AXIS2_PLACEMENT_3D ( 'NONE', #4881, #3501, #1224 ) ;
#506 = CARTESIAN_POINT ( 'NONE',  ( 0.0000000000000000000, 0.1499999999999999944, 0.04749999999999999362 ) ) ;
#507 = ADVANCED_FACE ( 'NONE', ( #5111, #591 ), #5458, .T. ) ;
#508 = CARTESIAN_POINT ( 'NONE',  ( -9.639569805745200661E-18, 0.2999999999999999889, -3.875786328529849706E-18 ) ) ;
#509 = FILL_AREA_STYLE ('',( #3198 ) ) ;
#510 = VECTOR ( 'NONE', #1954, 39.37007874015748854 ) ;
#511 = LINE ( 'NONE', #5090, #2003 ) ;
#512 = VECTOR ( 'NONE', #1542, 39.37007874015748143 ) ;
#513 = AXIS2_PLACEMENT_3D ( 'NONE', #4925, #2267, #833 ) ;
#514 = FACE_OUTER_BOUND ( 'NONE', #5873, .T. ) ;
#515 = ORIENTED_EDGE ( 'NONE', *, *, #3763, .T. ) ;
#516 = DIRECTION ( 'NONE',  ( 0.0000000000000000000, 1.000000000000000000, 0.0000000000000000000 ) ) ;
#517 = ADVANCED_FACE ( 'NONE', ( #2725 ), #4552, .F. ) ;
#518 = DIRECTION ( 'NONE',  ( -0.0000000000000000000, -1.000000000000000000, -0.0000000000000000000 ) ) ;
#519 = ORIENTED_EDGE ( 'NONE', *, *, #330, .T. ) ;
#520 = ORIENTED_EDGE ( 'NONE', *, *, #942, .T. ) ;
#521 = DIRECTION ( 'NONE',  ( -0.0000000000000000000, 1.000000000000000000, -0.0000000000000000000 ) ) ;
#522 = VERTEX_POINT ( 'NONE', #5667 ) ;
#523 = ADVANCED_FACE ( 'NONE', ( #1582 ), #2449, .T. ) ;
#524 = B_SPLINE_CURVE_WITH_KNOTS ( 'NONE', 3,
 ( #5422, #1829, #4030, #415 ),
 .UNSPECIFIED., .F., .F.,
 ( 4, 4 ),
 ( 3.403309175670914354E-14, 0.0001851540840427308464 ),
 .UNSPECIFIED. ) ;
#525 = EDGE_CURVE ( 'NONE', #5077, #3286, #5234, .T. ) ;
#526 = CARTESIAN_POINT ( 'NONE',  ( 0.1272752921819469973, 0.05000000000000000278, -0.03500000000000000333 ) ) ;
#527 = DIRECTION ( 'NONE',  ( 0.0000000000000000000, 1.000000000000000000, 0.0000000000000000000 ) ) ;
#528 = ORIENTED_EDGE ( 'NONE', *, *, #5109, .F. ) ;
#529 = ORIENTED_EDGE ( 'NONE', *, *, #3004, .F. ) ;
#530 = CARTESIAN_POINT ( 'NONE',  ( -0.04900000000000000189, 0.0000000000000000000, 0.1899999999999999745 ) ) ;
#531 = EDGE_CURVE ( 'NONE', #3394, #4207, #5455, .T. ) ;
#532 = CARTESIAN_POINT ( 'NONE',  ( 0.1980000000000000093, 0.05000000000000000278, 1.718716642558139740E-17 ) ) ;
#533 = PLANE ( 'NONE',  #5057 ) ;
#534 = FILL_AREA_STYLE ('',( #1883 ) ) ;
#535 = ADVANCED_FACE ( 'NONE', ( #2507 ), #1937, .T. ) ;
#536 = FACE_OUTER_BOUND ( 'NONE', #5687, .T. ) ;
#537 =( LENGTH_UNIT ( ) NAMED_UNIT ( * ) SI_UNIT ( $, .METRE. ) );
#538 = DIRECTION ( 'NONE',  ( 5.463695987328530381E-16, 0.0000000000000000000, -1.000000000000000000 ) ) ;
#539 = FACE_BOUND ( 'NONE', #5697, .T. ) ;
#540 = DIRECTION ( 'NONE',  ( 0.0000000000000000000, 1.000000000000000000, 0.0000000000000000000 ) ) ;
#541 = UNCERTAINTY_MEASURE_WITH_UNIT (LENGTH_MEASURE( 1.000000000000000082E-05 ), #4059, 'distance_accuracy_value', 'NONE');
#542 = EDGE_CURVE ( 'NONE', #4207, #5314, #5177, .T. ) ;
#544 = CARTESIAN_POINT ( 'NONE',  ( 0.03749999999999999861, 0.0000000000000000000, -0.1811594601449229847 ) ) ;
#543 = DIRECTION ( 'NONE',  ( 0.0000000000000000000, -1.000000000000000000, 0.0000000000000000000 ) ) ;
#545 = DIRECTION ( 'NONE',  ( 0.0000000000000000000, 0.0000000000000000000, -1.000000000000000000 ) ) ;
#546 = CARTESIAN_POINT ( 'NONE',  ( -0.03750000000000001943, 0.0000000000000000000, -0.1811594601449231512 ) ) ;
#547 = EDGE_LOOP ( 'NONE', ( #4720, #5530 ) ) ;
#548 = ORIENTED_EDGE ( 'NONE', *, *, #4083, .F. ) ;
#549 = EDGE_LOOP ( 'NONE', ( #1069, #3392, #4330, #5494 ) ) ;
#550 = FACE_BOUND ( 'NONE', #3688, .T. ) ;
#551 = VERTEX_POINT ( 'NONE', #3841 ) ;
#552 = ORIENTED_EDGE ( 'NONE', *, *, #4556, .T. ) ;
#553 = EDGE_CURVE ( 'NONE', #1544, #5408, #3806, .T. ) ;
#554 = CARTESIAN_POINT ( 'NONE',  ( 0.0000000000000000000, 0.2550000000000000044, 0.0000000000000000000 ) ) ;
#555 = DIRECTION ( 'NONE',  ( 0.0000000000000000000, 0.0000000000000000000, 1.000000000000000000 ) ) ;
#556 = EDGE_CURVE ( 'NONE', #2175, #5747, #2057, .T. ) ;
#557 =( LENGTH_UNIT ( ) NAMED_UNIT ( * ) SI_UNIT ( $, .METRE. ) );
#558 = AXIS2_PLACEMENT_3D ( 'NONE', #259, #1179, #5211 ) ;
#559 = DIRECTION ( 'NONE',  ( 0.0000000000000000000, -0.0000000000000000000, 1.000000000000000000 ) ) ;
#560 = EDGE_CURVE ( 'NONE', #3155, #2675, #3925, .T. ) ;
#561 =( NAMED_UNIT ( * ) SI_UNIT ( $, .STERADIAN. ) SOLID_ANGLE_UNIT ( ) );
#562 = CIRCLE ( 'NONE', #2636, 0.1849999999999999978 ) ;
#563 = VECTOR ( 'NONE', #3073, 39.37007874015748143 ) ;
#564 = DIRECTION ( 'NONE',  ( 0.0000000000000000000, -1.000000000000000000, 0.0000000000000000000 ) ) ;
#565 = VECTOR ( 'NONE', #1314, 39.37007874015748143 ) ;
#566 = DIRECTION ( 'NONE',  ( 0.0000000000000000000, 0.0000000000000000000, 1.000000000000000000 ) ) ;
#567 = AXIS2_PLACEMENT_3D ( 'NONE', #3645, #4042, #2209 ) ;
#568 =( GEOMETRIC_REPRESENTATION_CONTEXT ( 3 ) GLOBAL_UNCERTAINTY_ASSIGNED_CONTEXT ( ( #5432 ) ) GLOBAL_UNIT_ASSIGNED_CONTEXT ( ( #5702, #5027, #4085 ) ) REPRESENTATION_CONTEXT ( 'NONE', 'WORKASPACE' ) );
#569 = VECTOR ( 'NONE', #2657, 39.37007874015748143 ) ;
#571 = CARTESIAN_POINT ( 'NONE',  ( 0.04900000000000000189, 0.0000000000000000000, 3.875786328529849706E-18 ) ) ;
#570 = PLANE ( 'NONE',  #5323 ) ;
#572 = CARTESIAN_POINT ( 'NONE',  ( -0.1261379814248090037, 0.0000000000000000000, 0.07548648648648649540 ) ) ;
#573 = SURFACE_SIDE_STYLE ('',( #2431 ) ) ;
#574 = EDGE_CURVE ( 'NONE', #2604, #1959, #3437, .T. ) ;
#575 = ORIENTED_EDGE ( 'NONE', *, *, #2760, .T. ) ;
#576 = STYLED_ITEM ( 'NONE', ( #2334 ), #5468 ) ;
#577 = AXIS2_PLACEMENT_3D ( 'NONE', #5116, #4233, #1439 ) ;
#578 = ORIENTED_EDGE ( 'NONE', *, *, #3752, .T. ) ;
#579 =( CONVERSION_BASED_UNIT ( 'INCH', #1421 ) LENGTH_UNIT ( ) NAMED_UNIT ( #1583 ) );
#580 = FILL_AREA_STYLE_COLOUR ( '', #1150 ) ;
#581 =( NAMED_UNIT ( * ) PLANE_ANGLE_UNIT ( ) SI_UNIT ( $, .RADIAN. ) );
#582 = ORIENTED_EDGE ( 'NONE', *, *, #1579, .T. ) ;
#583 = ORIENTED_EDGE ( 'NONE', *, *, #2816, .T. ) ;
#584 = DIRECTION ( 'NONE',  ( 0.0000000000000000000, 1.000000000000000000, 0.0000000000000000000 ) ) ;
#585 = DIRECTION ( 'NONE',  ( 0.0000000000000000000, -1.000000000000000000, 0.0000000000000000000 ) ) ;
#586 = AXIS2_PLACEMENT_3D ( 'NONE', #1943, #997, #196 ) ;
#587 = AXIS2_PLACEMENT_3D ( 'NONE', #3941, #1147, #4374 ) ;
#588 = DIRECTION ( 'NONE',  ( 0.0000000000000000000, 1.000000000000000000, 0.0000000000000000000 ) ) ;
#589 = AXIS2_PLACEMENT_3D ( 'NONE', #2809, #4194, #4665 ) ;
#590 = DIRECTION ( 'NONE',  ( 0.0000000000000000000, 0.0000000000000000000, 1.000000000000000000 ) ) ;
#591 = FACE_OUTER_BOUND ( 'NONE', #5851, .T. ) ;
#592 = EDGE_CURVE ( 'NONE', #638, #38, #2100, .T. ) ;
#593 = AXIS2_PLACEMENT_3D ( 'NONE', #2039, #3873, #4060 ) ;
#594 = AXIS2_PLACEMENT_3D ( 'NONE', #2920, #5143, #1484 ) ;
#595 = EDGE_CURVE ( 'NONE', #3432, #1201, #1617, .T. ) ;
#596 = PLANE ( 'NONE',  #3933 ) ;
#597 = LINE ( 'NONE', #679, #3025 ) ;
#598 = AXIS2_PLACEMENT_3D ( 'NONE', #4702, #5058, #2783 ) ;
#599 = VECTOR ( 'NONE', #1277, 39.37007874015748143 ) ;
#600 = CYLINDRICAL_SURFACE ( 'NONE', #1226, 0.1849999999999999978 ) ;
#601 = LINE ( 'NONE', #2404, #4973 ) ;
#602 = UNCERTAINTY_MEASURE_WITH_UNIT (LENGTH_MEASURE( 1.000000000000000082E-05 ), #2559, 'distance_accuracy_value', 'NONE');
#603 = PRESENTATION_LAYER_ASSIGNMENT (  '', '', ( #1349 ) ) ;
#604 = CIRCLE ( 'NONE', #3353, 0.04749999999999999362 ) ;
#605 = ORIENTED_EDGE ( 'NONE', *, *, #2035, .T. ) ;
#606 = SURFACE_STYLE_USAGE ( .BOTH. , #3384 ) ;
#607 = FILL_AREA_STYLE_COLOUR ( '', #2195 ) ;
#608 = EDGE_LOOP ( 'NONE', ( #5223, #2346, #1536, #1988, #753, #1925, #4596 ) ) ;
#609 = EDGE_CURVE ( 'NONE', #4241, #4353, #4758, .T. ) ;
#610 = DIMENSIONAL_EXPONENTS ( 1.000000000000000000, 0.0000000000000000000, 0.0000000000000000000, 0.0000000000000000000, 0.0000000000000000000, 0.0000000000000000000, 0.0000000000000000000 ) ;
#612 = CARTESIAN_POINT ( 'NONE',  ( 0.0000000000000000000, 0.2750000000000000222, 0.04749999999999999362 ) ) ;
#611 = CARTESIAN_POINT ( 'NONE',  ( 0.0000000000000000000, 0.1640000000000000069, 0.0000000000000000000 ) ) ;
#613 = DIRECTION ( 'NONE',  ( 0.0000000000000000000, 1.000000000000000000, -0.0000000000000000000 ) ) ;
#614 = EDGE_LOOP ( 'NONE', ( #4336, #4236 ) ) ;
#615 = ORIENTED_EDGE ( 'NONE', *, *, #3307, .T. ) ;
#616 = EDGE_LOOP ( 'NONE', ( #5493, #2492 ) ) ;
#617 = DIRECTION ( 'NONE',  ( 0.0000000000000000000, 0.0000000000000000000, 1.000000000000000000 ) ) ;
#618 = DIRECTION ( 'NONE',  ( 0.0000000000000000000, 1.000000000000000000, 0.0000000000000000000 ) ) ;
#619 = CARTESIAN_POINT ( 'NONE',  ( 0.0000000000000000000, 0.1499999999999999944, 0.0000000000000000000 ) ) ;
#620 = CARTESIAN_POINT ( 'NONE',  ( 0.0000000000000000000, 0.3649999999999999911, 0.0000000000000000000 ) ) ;
#621 = DIRECTION ( 'NONE',  ( -0.0000000000000000000, 0.0000000000000000000, -1.000000000000000000 ) ) ;
#622 = CARTESIAN_POINT ( 'NONE',  ( 0.0000000000000000000, 0.2740000000000000213, 0.0000000000000000000 ) ) ;
#623 = CARTESIAN_POINT ( 'NONE',  ( 0.0000000000000000000, 0.2849999999999999756, 0.0000000000000000000 ) ) ;
#624 = CARTESIAN_POINT ( 'NONE',  ( 0.0000000000000000000, 0.1499999999999999944, 0.04749999999999999362 ) ) ;
#625 = CARTESIAN_POINT ( 'NONE',  ( 0.0000000000000000000, 0.3649999999999999911, 0.0000000000000000000 ) ) ;
#626 = DIRECTION ( 'NONE',  ( 0.0000000000000000000, 1.000000000000000000, 0.0000000000000000000 ) ) ;
#627 = VERTEX_POINT ( 'NONE', #1047 ) ;
#629 = FILL_AREA_STYLE ('',( #4709 ) ) ;
#628 = PRESENTATION_STYLE_ASSIGNMENT (( #606 ) ) ;
#630 = DIRECTION ( 'NONE',  ( 0.0000000000000000000, 0.0000000000000000000, 1.000000000000000000 ) ) ;
#631 = FILL_AREA_STYLE ('',( #2820 ) ) ;
#632 = ORIENTED_EDGE ( 'NONE', *, *, #4529, .T. ) ;
#633 = EDGE_CURVE ( 'NONE', #3817, #2162, #3106, .T. ) ;
#635 = PLANE ( 'NONE',  #2543 ) ;
#634 = DIRECTION ( 'NONE',  ( -1.000000000000000000, 0.0000000000000000000, 0.0000000000000000000 ) ) ;
#636 = PLANE ( 'NONE',  #4793 ) ;
#637 = FACE_BOUND ( 'NONE', #2298, .T. ) ;
#638 = VERTEX_POINT ( 'NONE', #2222 ) ;
#639 = ORIENTED_EDGE ( 'NONE', *, *, #4686, .F. ) ;
#640 = ORIENTED_EDGE ( 'NONE', *, *, #3776, .T. ) ;
#641 = EDGE_LOOP ( 'NONE', ( #933, #885, #331, #5848, #452, #3975, #360, #3945 ) ) ;
#642 = FACE_OUTER_BOUND ( 'NONE', #2550, .T. ) ;
#643 = DIRECTION ( 'NONE',  ( 0.0000000000000000000, 0.0000000000000000000, 1.000000000000000000 ) ) ;
#644 = CARTESIAN_POINT ( 'NONE',  ( 0.0000000000000000000, 0.1849999999999999978, -0.1849999999999999978 ) ) ;
#645 = DIMENSIONAL_EXPONENTS ( 1.000000000000000000, 0.0000000000000000000, 0.0000000000000000000, 0.0000000000000000000, 0.0000000000000000000, 0.0000000000000000000, 0.0000000000000000000 ) ;
#646 = EDGE_CURVE ( 'NONE', #5188, #5759, #4424, .T. ) ;
#647 = SURFACE_STYLE_FILL_AREA ( #5736 ) ;
#648 = STYLED_ITEM ( 'NONE', ( #3756 ), #2191 ) ;
#649 = DIRECTION ( 'NONE',  ( -0.0000000000000000000, -0.0000000000000000000, 1.000000000000000000 ) ) ;
#650 = DIRECTION ( 'NONE',  ( -0.0000000000000000000, -1.000000000000000000, -0.0000000000000000000 ) ) ;
#651 = CARTESIAN_POINT ( 'NONE',  ( 5.817072295949927179E-18, 0.1650000000000000078, -0.04749999999999999362 ) ) ;
#652 = CARTESIAN_POINT ( 'NONE',  ( 2.265596578422603655E-17, 0.1549999999999999989, 0.1849999999999999978 ) ) ;
#653 = VECTOR ( 'NONE', #1092, 39.37007874015748143 ) ;
#654 = STYLED_ITEM ( 'NONE', ( #5875 ), #2732 ) ;
#655 = ORIENTED_EDGE ( 'NONE', *, *, #4590, .T. ) ;
#656 = COLOUR_RGB ( '',0.0000000000000000000, 0.0000000000000000000, 0.0000000000000000000 ) ;
#657 = DIRECTION ( 'NONE',  ( 0.0000000000000000000, 1.000000000000000000, 0.0000000000000000000 ) ) ;
#658 = PRESENTATION_LAYER_ASSIGNMENT (  '', '', ( #1879 ) ) ;
#659 = ORIENTED_EDGE ( 'NONE', *, *, #2882, .F. ) ;
#660 =( GEOMETRIC_REPRESENTATION_CONTEXT ( 3 ) GLOBAL_UNCERTAINTY_ASSIGNED_CONTEXT ( ( #948 ) ) GLOBAL_UNIT_ASSIGNED_CONTEXT ( ( #1427, #101, #3255 ) ) REPRESENTATION_CONTEXT ( 'NONE', 'WORKASPACE' ) );
#661 = STYLED_ITEM ( 'NONE', ( #5522 ), #2147 ) ;
#662 = EDGE_CURVE ( 'NONE', #3885, #1364, #796, .T. ) ;
#664 = CARTESIAN_POINT ( 'NONE',  ( -0.01500000000000000465, 0.3649999999999999911, 0.04506939094522375427 ) ) ;
#663 = DIRECTION ( 'NONE',  ( -0.0000000000000000000, 1.000000000000000000, -0.0000000000000000000 ) ) ;
#665 = CARTESIAN_POINT ( 'NONE',  ( 0.0000000000000000000, -0.04499999999999999833, 0.0000000000000000000 ) ) ;
#666 = PLANE ( 'NONE',  #5338 ) ;
#667 = ORIENTED_EDGE ( 'NONE', *, *, #5536, .T. ) ;
#668 = VERTEX_POINT ( 'NONE', #4972 ) ;
#669 = ORIENTED_EDGE ( 'NONE', *, *, #891, .T. ) ;
#670 = ORIENTED_EDGE ( 'NONE', *, *, #2667, .F. ) ;
#671 = DIRECTION ( 'NONE',  ( 0.0000000000000000000, 1.000000000000000000, 0.0000000000000000000 ) ) ;
#672 = LENGTH_MEASURE_WITH_UNIT ( LENGTH_MEASURE( 0.02539999999999999897 ), #557 );
#673 = SURFACE_STYLE_USAGE ( .BOTH. , #1828 ) ;
#674 = ORIENTED_EDGE ( 'NONE', *, *, #1553, .F. ) ;
#675 = DIRECTION ( 'NONE',  ( -0.0000000000000000000, -1.000000000000000000, -0.0000000000000000000 ) ) ;
#676 = FACE_OUTER_BOUND ( 'NONE', #4275, .T. ) ;
#677 = EDGE_CURVE ( 'NONE', #152, #3034, #782, .T. ) ;
#678 = CYLINDRICAL_SURFACE ( 'NONE', #4033, 0.04749999999999999362 ) ;
#679 = CARTESIAN_POINT ( 'NONE',  ( 5.817072295949927179E-18, 0.1499999999999999944, -0.04749999999999999362 ) ) ;
#680 = DIRECTION ( 'NONE',  ( 0.0000000000000000000, 0.0000000000000000000, 1.000000000000000000 ) ) ;
#681 = AXIS2_PLACEMENT_3D ( 'NONE', #4889, #1378, #4944 ) ;
#682 = CARTESIAN_POINT ( 'NONE',  ( 0.0000000000000000000, 0.1940000000000000058, 0.0000000000000000000 ) ) ;
#683 =( GEOMETRIC_REPRESENTATION_CONTEXT ( 3 ) GLOBAL_UNCERTAINTY_ASSIGNED_CONTEXT ( ( #409 ) ) GLOBAL_UNIT_ASSIGNED_CONTEXT ( ( #132, #219, #5270 ) ) REPRESENTATION_CONTEXT ( 'NONE', 'WORKASPACE' ) );
#684 = DIMENSIONAL_EXPONENTS ( 1.000000000000000000, 0.0000000000000000000, 0.0000000000000000000, 0.0000000000000000000, 0.0000000000000000000, 0.0000000000000000000, 0.0000000000000000000 ) ;
#685 = ORIENTED_EDGE ( 'NONE', *, *, #1191, .T. ) ;
#686 = ADVANCED_FACE ( 'NONE', ( #5824 ), #342, .T. ) ;
#687 = ORIENTED_EDGE ( 'NONE', *, *, #928, .T. ) ;
#688 = CIRCLE ( 'NONE', #4029, 0.04000000000000000083 ) ;
#689 = VECTOR ( 'NONE', #1550, 39.37007874015748143 ) ;
#690 = CARTESIAN_POINT ( 'NONE',  ( 0.0000000000000000000, 0.1499999999999999944, 0.04749999999999999362 ) ) ;
#691 = VERTEX_POINT ( 'NONE', #1706 ) ;
#692 = VERTEX_POINT ( 'NONE', #3961 ) ;
#693 = ORIENTED_EDGE ( 'NONE', *, *, #4756, .T. ) ;
#694 = AXIS2_PLACEMENT_3D ( 'NONE', #736, #3474, #251 ) ;
#695 =( GEOMETRIC_REPRESENTATION_CONTEXT ( 3 ) GLOBAL_UNCERTAINTY_ASSIGNED_CONTEXT ( ( #899 ) ) GLOBAL_UNIT_ASSIGNED_CONTEXT ( ( #1025, #2788, #3721 ) ) REPRESENTATION_CONTEXT ( 'NONE', 'WORKASPACE' ) );
#696 = AXIS2_PLACEMENT_3D ( 'NONE', #3562, #3172, #35 ) ;
#698 =( LENGTH_UNIT ( ) NAMED_UNIT ( * ) SI_UNIT ( $, .METRE. ) );
#697 = CARTESIAN_POINT ( 'NONE',  ( -0.04900000000000000189, 0.0000000000000000000, 0.2099999999999999922 ) ) ;
#699 = DIRECTION ( 'NONE',  ( -0.0000000000000000000, -1.000000000000000000, -0.0000000000000000000 ) ) ;
#700 =( LENGTH_UNIT ( ) NAMED_UNIT ( * ) SI_UNIT ( $, .METRE. ) );
#701 = ORIENTED_EDGE ( 'NONE', *, *, #3602, .F. ) ;
#702 = ORIENTED_EDGE ( 'NONE', *, *, #107, .T. ) ;
#703 = ORIENTED_EDGE ( 'NONE', *, *, #2182, .F. ) ;
#704 = ORIENTED_EDGE ( 'NONE', *, *, #1953, .F. ) ;
#705 = CARTESIAN_POINT ( 'NONE',  ( 0.0000000000000000000, 0.1499999999999999944, 0.0000000000000000000 ) ) ;
#706 = CARTESIAN_POINT ( 'NONE',  ( -0.08899999999999999578, 0.1499999999999999944, 0.1899999999999999745 ) ) ;
#707 = EDGE_CURVE ( 'NONE', #4076, #3043, #4053, .T. ) ;
#708 = DIRECTION ( 'NONE',  ( -0.0000000000000000000, -0.0000000000000000000, -1.000000000000000000 ) ) ;
#709 = FILL_AREA_STYLE_COLOUR ( '', #3518 ) ;
#710 = DIRECTION ( 'NONE',  ( 0.0000000000000000000, 1.000000000000000000, 0.0000000000000000000 ) ) ;
#711 = VERTEX_POINT ( 'NONE', #2151 ) ;
#712 = CARTESIAN_POINT ( 'NONE',  ( 0.0000000000000000000, 0.0000000000000000000, 0.0000000000000000000 ) ) ;
#713 = CARTESIAN_POINT ( 'NONE',  ( -0.1920000000000000040, -0.03100000000000000325, 0.02000000000000000042 ) ) ;
#714 = FACE_OUTER_BOUND ( 'NONE', #1841, .T. ) ;
#715 = LINE ( 'NONE', #4431, #4668 ) ;
#716 = LINE ( 'NONE', #5742, #2092 ) ;
#717 = EDGE_CURVE ( 'NONE', #5077, #2387, #4679, .T. ) ;
#719 = DIRECTION ( 'NONE',  ( -0.9792403251076926551, 0.0000000000000000000, 0.2027027027027029082 ) ) ;
#718 = CARTESIAN_POINT ( 'NONE',  ( -1.365923996832129914E-18, -0.1209999999999999826, 0.2049999999999999878 ) ) ;
#720 = ORIENTED_EDGE ( 'NONE', *, *, #4206, .T. ) ;
#721 = ADVANCED_FACE ( 'NONE', ( #4906 ), #5359, .T. ) ;
#723 = DIRECTION ( 'NONE',  ( -0.0000000000000000000, -1.000000000000000000, 0.0000000000000000000 ) ) ;
#722 = DIRECTION ( 'NONE',  ( 0.0000000000000000000, -1.000000000000000000, 0.0000000000000000000 ) ) ;
#724 = LINE ( 'NONE', #2048, #1640 ) ;
#725 = CARTESIAN_POINT ( 'NONE',  ( 5.817072295949927179E-18, 0.2449999999999999956, -0.04749999999999999362 ) ) ;
#726 = ORIENTED_EDGE ( 'NONE', *, *, #4491, .T. ) ;
#727 = ORIENTED_EDGE ( 'NONE', *, *, #553, .F. ) ;
#728 = DIRECTION ( 'NONE',  ( -0.0000000000000000000, 1.000000000000000000, -0.0000000000000000000 ) ) ;
#729 = FACE_OUTER_BOUND ( 'NONE', #4127, .T. ) ;
#730 = FACE_BOUND ( 'NONE', #4747, .T. ) ;
#731 = FILL_AREA_STYLE ('',( #709 ) ) ;
#732 = DIRECTION ( 'NONE',  ( 0.0000000000000000000, 1.000000000000000000, 0.0000000000000000000 ) ) ;
#733 =( CONVERSION_BASED_UNIT ( 'INCH', #1141 ) LENGTH_UNIT ( ) NAMED_UNIT ( #5589 ) );
#734 = EDGE_CURVE ( 'NONE', #2348, #3204, #2088, .T. ) ;
#735 = DIRECTION ( 'NONE',  ( 0.0000000000000000000, 0.0000000000000000000, 1.000000000000000000 ) ) ;
#736 = CARTESIAN_POINT ( 'NONE',  ( -0.08899999999999999578, 0.1499999999999999944, 0.1899999999999999745 ) ) ;
#737 = EDGE_CURVE ( 'NONE', #4360, #1327, #2121, .T. ) ;
#738 =( NAMED_UNIT ( * ) SI_UNIT ( $, .STERADIAN. ) SOLID_ANGLE_UNIT ( ) );
#739 = FACE_OUTER_BOUND ( 'NONE', #3544, .T. ) ;
#740 = DIRECTION ( 'NONE',  ( -0.0000000000000000000, -1.000000000000000000, -0.0000000000000000000 ) ) ;
#741 = ORIENTED_EDGE ( 'NONE', *, *, #3355, .T. ) ;
#742 = ORIENTED_EDGE ( 'NONE', *, *, #3582, .T. ) ;
#743 = VECTOR ( 'NONE', #4646, 39.37007874015748143 ) ;
#744 = ORIENTED_EDGE ( 'NONE', *, *, #3479, .T. ) ;
#745 = ORIENTED_EDGE ( 'NONE', *, *, #4025, .F. ) ;
#746 = AXIS2_PLACEMENT_3D ( 'NONE', #1722, #3551, #487 ) ;
#747 = CIRCLE ( 'NONE', #1491, 0.1849999999999999978 ) ;
#748 = VERTEX_POINT ( 'NONE', #819 ) ;
#749 = CIRCLE ( 'NONE', #3799, 0.1849999999999999978 ) ;
#750 = EDGE_CURVE ( 'NONE', #748, #3359, #4848, .T. ) ;
#751 = DIRECTION ( 'NONE',  ( -0.0000000000000000000, -1.000000000000000000, -0.0000000000000000000 ) ) ;
#752 = CYLINDRICAL_SURFACE ( 'NONE', #1225, 0.1849999999999999978 ) ;
#753 = ORIENTED_EDGE ( 'NONE', *, *, #5340, .T. ) ;
#754 = VERTEX_POINT ( 'NONE', #3496 ) ;
#755 = ORIENTED_EDGE ( 'NONE', *, *, #107, .F. ) ;
#756 = STYLED_ITEM ( 'NONE', ( #628 ), #4932 ) ;
#757 = AXIS2_PLACEMENT_3D ( 'NONE', #5271, #5646, #1525 ) ;
#758 = CARTESIAN_POINT ( 'NONE',  ( -0.1587450786638752720, 0.0000000000000000000, -0.09500000000000026479 ) ) ;
#759 = AXIS2_PLACEMENT_3D ( 'NONE', #5405, #1298, #4958 ) ;
#760 = DIRECTION ( 'NONE',  ( 0.0000000000000000000, -0.0000000000000000000, -1.000000000000000000 ) ) ;
#761 = ORIENTED_EDGE ( 'NONE', *, *, #3892, .F. ) ;
#762 = AXIS2_PLACEMENT_3D ( 'NONE', #5149, #2369, #109 ) ;
#763 = AXIS2_PLACEMENT_3D ( 'NONE', #4226, #467, #1398 ) ;
#764 = DIRECTION ( 'NONE',  ( 0.0000000000000000000, -0.0000000000000000000, 1.000000000000000000 ) ) ;
#765 = FILL_AREA_STYLE_COLOUR ( '', #4120 ) ;
#766 = ORIENTED_EDGE ( 'NONE', *, *, #3216, .F. ) ;
#767 = LINE ( 'NONE', #4398, #4570 ) ;
#768 = CARTESIAN_POINT ( 'NONE',  ( 5.817072295949927179E-18, 0.2039999999999999869, -0.04749999999999999362 ) ) ;
#769 = VECTOR ( 'NONE', #98, 39.37007874015748143 ) ;
#770 = VECTOR ( 'NONE', #1889, 39.37007874015748143 ) ;
#771 = EDGE_CURVE ( 'NONE', #1453, #4831, #1222, .T. ) ;
#772 = FACE_OUTER_BOUND ( 'NONE', #2432, .T. ) ;
#773 = MECHANICAL_DESIGN_GEOMETRIC_PRESENTATION_REPRESENTATION (  '', ( #2 ), #5528 ) ;
#774 = LINE ( 'NONE', #4429, #1027 ) ;
#775 = CARTESIAN_POINT ( 'NONE',  ( 0.0000000000000000000, 0.1499999999999999944, 0.0000000000000000000 ) ) ;
#776 = DIRECTION ( 'NONE',  ( -0.0000000000000000000, -1.000000000000000000, -0.0000000000000000000 ) ) ;
#777 = AXIS2_PLACEMENT_3D ( 'NONE', #3449, #1626, #630 ) ;
#778 = FILL_AREA_STYLE_COLOUR ( '', #2639 ) ;
#779 = AXIS2_PLACEMENT_3D ( 'NONE', #1800, #351, #4086 ) ;
#780 = EDGE_LOOP ( 'NONE', ( #161, #1242, #835, #5467 ) ) ;
#781 = AXIS2_PLACEMENT_3D ( 'NONE', #4082, #3624, #1347 ) ;
#782 = CIRCLE ( 'NONE', #1815, 0.04000000000000000083 ) ;
#783 = EDGE_LOOP ( 'NONE', ( #2044, #4103 ) ) ;
#784 = PLANE ( 'NONE',  #82 ) ;
#785 = PLANE ( 'NONE',  #1826 ) ;
#786 = ORIENTED_EDGE ( 'NONE', *, *, #2667, .T. ) ;
#787 = ORIENTED_EDGE ( 'NONE', *, *, #1112, .F. ) ;
#788 = VECTOR ( 'NONE', #3297, 39.37007874015748143 ) ;
#789 = DIRECTION ( 'NONE',  ( 0.0000000000000000000, 0.0000000000000000000, 1.000000000000000000 ) ) ;
#790 = CARTESIAN_POINT ( 'NONE',  ( 0.0000000000000000000, 0.2239999999999999769, 0.04749999999999999362 ) ) ;
#791 = ADVANCED_FACE ( 'NONE', ( #5734 ), #2476, .F. ) ;
#792 = ORIENTED_EDGE ( 'NONE', *, *, #3133, .T. ) ;
#793 = VECTOR ( 'NONE', #1267, 39.37007874015748143 ) ;
#794 = CARTESIAN_POINT ( 'NONE',  ( -0.01499999999999999944, 0.3699999999999999956, 0.04506939094329989043 ) ) ;
#795 = LINE ( 'NONE', #279, #5800 ) ;
#796 = LINE ( 'NONE', #5791, #3343 ) ;
#797 = DIRECTION ( 'NONE',  ( 0.0000000000000000000, -1.000000000000000000, 0.0000000000000000000 ) ) ;
#798 = DIRECTION ( 'NONE',  ( 0.0000000000000000000, 1.000000000000000000, 0.0000000000000000000 ) ) ;
#799 = ADVANCED_FACE ( 'NONE', ( #2393 ), #2861, .T. ) ;
#800 = CARTESIAN_POINT ( 'NONE',  ( 5.817072295949927179E-18, 0.1499999999999999944, -0.04749999999999999362 ) ) ;
#801 = CARTESIAN_POINT ( 'NONE',  ( 0.1920000000000000040, 0.04399999999999999745, 0.02000000000000000042 ) ) ;
#802 = FACE_OUTER_BOUND ( 'NONE', #4782, .T. ) ;
#803 = CARTESIAN_POINT ( 'NONE',  ( 0.02000000000000000042, -0.05000000000000000278, 0.1899999999999999745 ) ) ;
#804 = ORIENTED_EDGE ( 'NONE', *, *, #4025, .T. ) ;
#805 = EDGE_CURVE ( 'NONE', #1130, #4, #3347, .T. ) ;
#806 = EDGE_LOOP ( 'NONE', ( #1685, #1005, #2384, #3433 ) ) ;
#808 = DIRECTION ( 'NONE',  ( 0.0000000000000000000, 1.000000000000000000, 0.0000000000000000000 ) ) ;
#807 = SURFACE_STYLE_USAGE ( .BOTH. , #1297 ) ;
#809 = ADVANCED_FACE ( 'NONE', ( #68 ), #4697, .T. ) ;
#810 = PLANE ( 'NONE',  #5888 ) ;
#811 = ORIENTED_EDGE ( 'NONE', *, *, #859, .T. ) ;
#812 = EDGE_LOOP ( 'NONE', ( #4378, #1390, #1513, #4815 ) ) ;
#813 = ORIENTED_EDGE ( 'NONE', *, *, #4922, .F. ) ;
#814 = DIRECTION ( 'NONE',  ( 0.0000000000000000000, 0.0000000000000000000, 1.000000000000000000 ) ) ;
#815 = ORIENTED_EDGE ( 'NONE', *, *, #3682, .T. ) ;
#816 = CARTESIAN_POINT ( 'NONE',  ( 0.0000000000000000000, 0.1650000000000000078, 0.0000000000000000000 ) ) ;
#817 = DIRECTION ( 'NONE',  ( 0.0000000000000000000, 1.000000000000000000, 0.0000000000000000000 ) ) ;
#818 = LINE ( 'NONE', #434, #379 ) ;
#819 = CARTESIAN_POINT ( 'NONE',  ( 0.1425849022380637487, 0.0000000000000000000, -0.03575675675675675513 ) ) ;
#820 = DIRECTION ( 'NONE',  ( 0.0000000000000000000, -1.000000000000000000, 0.0000000000000000000 ) ) ;
#821 = CARTESIAN_POINT ( 'NONE',  ( -3.588191662306300277E-18, 0.05000000000000000278, 1.718716642558139740E-17 ) ) ;
#822 = CARTESIAN_POINT ( 'NONE',  ( 0.08899999999999999578, 0.1499999999999999944, 0.2099999999999999922 ) ) ;
#823 = EDGE_CURVE ( 'NONE', #4831, #4915, #1935, .T. ) ;
#824 = CARTESIAN_POINT ( 'NONE',  ( 0.04900000000000000189, 0.0000000000000000000, 0.2099999999999999922 ) ) ;
#825 = FACE_OUTER_BOUND ( 'NONE', #118, .T. ) ;
#826 = EDGE_LOOP ( 'NONE', ( #3708, #4827 ) ) ;
#828 =( LENGTH_UNIT ( ) NAMED_UNIT ( * ) SI_UNIT ( $, .METRE. ) );
#827 = LINE ( 'NONE', #385, #4845 ) ;
#829 = ORIENTED_EDGE ( 'NONE', *, *, #4296, .T. ) ;
#830 = ORIENTED_EDGE ( 'NONE', *, *, #2998, .T. ) ;
#831 = AXIS2_PLACEMENT_3D ( 'NONE', #4734, #1115, #4261 ) ;
#832 = PLANE ( 'NONE',  #1596 ) ;
#833 = DIRECTION ( 'NONE',  ( 0.0000000000000000000, 0.0000000000000000000, -1.000000000000000000 ) ) ;
#834 = ORIENTED_EDGE ( 'NONE', *, *, #3417, .T. ) ;
#835 = ORIENTED_EDGE ( 'NONE', *, *, #4326, .F. ) ;
#836 = ORIENTED_EDGE ( 'NONE', *, *, #2375, .T. ) ;
#837 = CARTESIAN_POINT ( 'NONE',  ( 0.0000000000000000000, 0.05000000000000000278, 0.0000000000000000000 ) ) ;
#838 = DIRECTION ( 'NONE',  ( 0.0000000000000000000, 1.000000000000000000, 0.0000000000000000000 ) ) ;
#839 = CIRCLE ( 'NONE', #4169, 0.04250000000011844997 ) ;
#840 = AXIS2_PLACEMENT_3D ( 'NONE', #2879, #3696, #1504 ) ;
#841 = EDGE_CURVE ( 'NONE', #1646, #898, #5616, .T. ) ;
#842 = EDGE_LOOP ( 'NONE', ( #5840, #5472 ) ) ;
#843 = CARTESIAN_POINT ( 'NONE',  ( 0.0000000000000000000, 0.05000000000000000278, 0.0000000000000000000 ) ) ;
#844 = DIRECTION ( 'NONE',  ( -0.0000000000000000000, -1.000000000000000000, -0.0000000000000000000 ) ) ;
#845 = AXIS2_PLACEMENT_3D ( 'NONE', #5772, #1202, #1178 ) ;
#846 = CARTESIAN_POINT ( 'NONE',  ( 2.270501914676130185E-18, 0.3649999999999999911, 2.676204740220940150E-18 ) ) ;
#847 = ORIENTED_EDGE ( 'NONE', *, *, #4444, .T. ) ;
#848 = DIRECTION ( 'NONE',  ( 8.881784197001252323E-16, 0.0000000000000000000, -1.000000000000000000 ) ) ;
#849 = DIRECTION ( 'NONE',  ( -1.000000000000000000, 0.0000000000000000000, -0.0000000000000000000 ) ) ;
#850 = EDGE_CURVE ( 'NONE', #5792, #3739, #4723, .T. ) ;
#851 = COLOUR_RGB ( '',0.0000000000000000000, 0.0000000000000000000, 0.0000000000000000000 ) ;
#852 = VECTOR ( 'NONE', #584, 39.37007874015748143 ) ;
#853 = DIRECTION ( 'NONE',  ( 0.0000000000000000000, 0.0000000000000000000, -1.000000000000000000 ) ) ;
#854 = CARTESIAN_POINT ( 'NONE',  ( 2.265596578422603655E-17, 0.3099999999999999978, -0.1849999999999999978 ) ) ;
#855 = PLANE ( 'NONE',  #4205 ) ;
#856 = MECHANICAL_DESIGN_GEOMETRIC_PRESENTATION_REPRESENTATION (  '', ( #2184 ), #2368 ) ;
#857 = AXIS2_PLACEMENT_3D ( 'NONE', #625, #136, #4619 ) ;
#858 = FACE_BOUND ( 'NONE', #5441, .T. ) ;
#859 = EDGE_CURVE ( 'NONE', #924, #5170, #2360, .T. ) ;
#860 = EDGE_LOOP ( 'NONE', ( #2952, #1287, #2614, #1718 ) ) ;
#861 =( NAMED_UNIT ( * ) SI_UNIT ( $, .STERADIAN. ) SOLID_ANGLE_UNIT ( ) );
#862 = DIRECTION ( 'NONE',  ( 0.0000000000000000000, 0.0000000000000000000, -1.000000000000000000 ) ) ;
#863 = ORIENTED_EDGE ( 'NONE', *, *, #5407, .F. ) ;
#864 = AXIS2_PLACEMENT_3D ( 'NONE', #2158, #5801, #3055 ) ;
#865 = EDGE_CURVE ( 'NONE', #1335, #5063, #5199, .T. ) ;
#866 = ORIENTED_EDGE ( 'NONE', *, *, #750, .T. ) ;
#867 = AXIS2_PLACEMENT_3D ( 'NONE', #3663, #45, #1433 ) ;
#868 = DIRECTION ( 'NONE',  ( 0.0000000000000000000, 0.0000000000000000000, 1.000000000000000000 ) ) ;
#869 = DIRECTION ( 'NONE',  ( -0.0000000000000000000, 1.000000000000000000, -0.0000000000000000000 ) ) ;
#870 = ORIENTED_EDGE ( 'NONE', *, *, #1767, .F. ) ;
#871 = ORIENTED_EDGE ( 'NONE', *, *, #4686, .T. ) ;
#872 = ORIENTED_EDGE ( 'NONE', *, *, #4990, .F. ) ;
#873 = DIRECTION ( 'NONE',  ( 0.0000000000000000000, -1.000000000000000000, 0.0000000000000000000 ) ) ;
#874 = CIRCLE ( 'NONE', #681, 0.1849999999999999978 ) ;
#875 = CARTESIAN_POINT ( 'NONE',  ( 0.08899999999999999578, 0.1499999999999999944, 0.1899999999999999745 ) ) ;
#876 = VECTOR ( 'NONE', #4396, 39.37007874015748143 ) ;
#877 = EDGE_CURVE ( 'NONE', #5557, #2899, #1456, .T. ) ;
#878 = ORIENTED_EDGE ( 'NONE', *, *, #4158, .F. ) ;
#879 = CARTESIAN_POINT ( 'NONE',  ( 0.0000000000000000000, 0.2149999999999999967, -0.1849999999999999978 ) ) ;
#880 = VECTOR ( 'NONE', #2010, 39.37007874015748143 ) ;
#881 = DIRECTION ( 'NONE',  ( 0.0000000000000000000, 1.000000000000000000, 0.0000000000000000000 ) ) ;
#882 = CIRCLE ( 'NONE', #3649, 0.1469999999999999918 ) ;
#883 = CARTESIAN_POINT ( 'NONE',  ( -3.588191662306300277E-18, 0.04399999999999999745, 1.718716642558139740E-17 ) ) ;
#884 = DIRECTION ( 'NONE',  ( 0.0000000000000000000, 0.0000000000000000000, 1.000000000000000000 ) ) ;
#885 = ORIENTED_EDGE ( 'NONE', *, *, #1916, .F. ) ;
#886 = FACE_OUTER_BOUND ( 'NONE', #4065, .T. ) ;
#887 = FACE_OUTER_BOUND ( 'NONE', #1779, .T. ) ;
#888 = ADVANCED_FACE ( 'NONE', ( #4341 ), #1220, .T. ) ;
#889 = CIRCLE ( 'NONE', #1436, 0.04749999999999999362 ) ;
#890 = CARTESIAN_POINT ( 'NONE',  ( 0.0000000000000000000, 0.1849999999999999978, 0.0000000000000000000 ) ) ;
#891 = EDGE_CURVE ( 'NONE', #2720, #3085, #4215, .T. ) ;
#892 = DIRECTION ( 'NONE',  ( 1.000000000000000000, 0.0000000000000000000, 0.0000000000000000000 ) ) ;
#894 = FACE_OUTER_BOUND ( 'NONE', #806, .T. ) ;
#893 = CARTESIAN_POINT ( 'NONE',  ( 0.01499999999999999944, 0.4000000000000000222, 0.03708099243547830631 ) ) ;
#895 = CARTESIAN_POINT ( 'NONE',  ( -0.1980000000000000093, 0.04399999999999999745, -0.02000000000000000042 ) ) ;
#896 = ORIENTED_EDGE ( 'NONE', *, *, #2943, .T. ) ;
#897 = EDGE_CURVE ( 'NONE', #2684, #152, #4794, .T. ) ;
#898 = VERTEX_POINT ( 'NONE', #5693 ) ;
#899 = UNCERTAINTY_MEASURE_WITH_UNIT (LENGTH_MEASURE( 1.000000000000000082E-05 ), #1025, 'distance_accuracy_value', 'NONE');
#900 = CARTESIAN_POINT ( 'NONE',  ( -0.02000000000000000042, 0.0000000000000000000, 0.2099999999999999922 ) ) ;
#901 = LINE ( 'NONE', #1724, #793 ) ;
#902 = EDGE_CURVE ( 'NONE', #2410, #1090, #1155, .T. ) ;
#903 = ORIENTED_EDGE ( 'NONE', *, *, #1619, .F. ) ;
#904 = VERTEX_POINT ( 'NONE', #3959 ) ;
#905 = ORIENTED_EDGE ( 'NONE', *, *, #1413, .T. ) ;
#906 = CARTESIAN_POINT ( 'NONE',  ( 0.0000000000000000000, 0.2849999999999999756, 0.0000000000000000000 ) ) ;
#907 = VERTEX_POINT ( 'NONE', #2086 ) ;
#908 = FACE_OUTER_BOUND ( 'NONE', #3766, .T. ) ;
#909 = DIRECTION ( 'NONE',  ( 0.0000000000000000000, -1.000000000000000000, 0.0000000000000000000 ) ) ;
#910 = CARTESIAN_POINT ( 'NONE',  ( -0.06900000000000000577, 0.3619999999999999885, 0.1899999999999999745 ) ) ;
#911 = EDGE_LOOP ( 'NONE', ( #270, #2115, #1426, #4961 ) ) ;
#912 = DIRECTION ( 'NONE',  ( 0.8580815062912223734, 0.0000000000000000000, 0.5135135135135072693 ) ) ;
#913 = CARTESIAN_POINT ( 'NONE',  ( -0.1950000000000000067, -0.03099999999999999978, 0.02000000000000000042 ) ) ;
#914 = PRESENTATION_STYLE_ASSIGNMENT (( #5394 ) ) ;
#915 = LINE ( 'NONE', #3197, #2648 ) ;
#916 = LENGTH_MEASURE_WITH_UNIT ( LENGTH_MEASURE( 0.02539999999999999897 ), #1376 );
#917 = ADVANCED_FACE ( 'NONE', ( #2055 ), #2506, .F. ) ;
#918 = DIRECTION ( 'NONE',  ( 0.0000000000000000000, 0.0000000000000000000, 1.000000000000000000 ) ) ;
#919 = EDGE_CURVE ( 'NONE', #4223, #2439, #4423, .T. ) ;
#920 = ORIENTED_EDGE ( 'NONE', *, *, #1191, .F. ) ;
#921 = ORIENTED_EDGE ( 'NONE', *, *, #5628, .F. ) ;
#922 = ADVANCED_FACE ( 'NONE', ( #730, #3924 ), #5731, .F. ) ;
#923 = CARTESIAN_POINT ( 'NONE',  ( 0.01499999999999999944, 0.3666724685030823272, 0.04330672559336927463 ) ) ;
#924 = VERTEX_POINT ( 'NONE', #314 ) ;
#925 = ORIENTED_EDGE ( 'NONE', *, *, #4392, .T. ) ;
#926 = CARTESIAN_POINT ( 'NONE',  ( -0.01499999999999999944, 0.3799999999999999489, 0.04506939094329989043 ) ) ;
#927 = VECTOR ( 'NONE', #657, 39.37007874015748143 ) ;
#928 = EDGE_CURVE ( 'NONE', #3511, #56, #1055, .T. ) ;
#929 = ORIENTED_EDGE ( 'NONE', *, *, #265, .T. ) ;
#930 = LINE ( 'NONE', #4969, #563 ) ;
#931 = LINE ( 'NONE', #2306, #2013 ) ;
#932 = DIRECTION ( 'NONE',  ( 0.0000000000000000000, 1.000000000000000000, 0.0000000000000000000 ) ) ;
#933 = ORIENTED_EDGE ( 'NONE', *, *, #2760, .F. ) ;
#934 = AXIS2_PLACEMENT_3D ( 'NONE', #2909, #663, #3459 ) ;
#935 = CIRCLE ( 'NONE', #2066, 0.04749999999999999362 ) ;
#936 = DIRECTION ( 'NONE',  ( 0.0000000000000000000, 0.0000000000000000000, -1.000000000000000000 ) ) ;
#937 = DIRECTION ( 'NONE',  ( 1.000000000000000000, 0.0000000000000000000, -0.0000000000000000000 ) ) ;
#938 = DIRECTION ( 'NONE',  ( -0.0000000000000000000, 1.000000000000000000, 0.0000000000000000000 ) ) ;
#939 = CARTESIAN_POINT ( 'NONE',  ( 0.01499999999999999077, 0.3649999999999999911, -0.04506939094522375427 ) ) ;
#940 = VECTOR ( 'NONE', #5496, 39.37007874015748143 ) ;
#941 = MECHANICAL_DESIGN_GEOMETRIC_PRESENTATION_REPRESENTATION (  '', ( #4179 ), #4564 ) ;
#942 = EDGE_CURVE ( 'NONE', #2585, #352, #341, .T. ) ;
#943 = VECTOR ( 'NONE', #4695, 39.37007874015748854 ) ;
#944 = DIRECTION ( 'NONE',  ( 0.0000000000000000000, -0.0000000000000000000, 1.000000000000000000 ) ) ;
#945 = LENGTH_MEASURE_WITH_UNIT ( LENGTH_MEASURE( 0.02539999999999999897 ), #2233 );
#946 = ORIENTED_EDGE ( 'NONE', *, *, #489, .T. ) ;
#947 = ADVANCED_FACE ( 'NONE', ( #5787 ), #3074, .T. ) ;
#948 = UNCERTAINTY_MEASURE_WITH_UNIT (LENGTH_MEASURE( 1.000000000000000082E-05 ), #1427, 'distance_accuracy_value', 'NONE');
#949 = MECHANICAL_DESIGN_GEOMETRIC_PRESENTATION_REPRESENTATION (  '', ( #5438 ), #3818 ) ;
#950 = VECTOR ( 'NONE', #3284, 39.37007874015748143 ) ;
#951 = FILL_AREA_STYLE ('',( #4600 ) ) ;
#952 = ORIENTED_EDGE ( 'NONE', *, *, #2505, .T. ) ;
#953 = VERTEX_POINT ( 'NONE', #2186 ) ;
#954 = EDGE_CURVE ( 'NONE', #3483, #5806, #5461, .T. ) ;
#955 = LINE ( 'NONE', #2322, #940 ) ;
#956 = VERTEX_POINT ( 'NONE', #2718 ) ;
#957 = SURFACE_SIDE_STYLE ('',( #4607 ) ) ;
#958 = LINE ( 'NONE', #5636, #3838 ) ;
#959 = ORIENTED_EDGE ( 'NONE', *, *, #5283, .T. ) ;
#960 = MECHANICAL_DESIGN_GEOMETRIC_PRESENTATION_REPRESENTATION (  '', ( #3636 ), #4493 ) ;
#961 = VERTEX_POINT ( 'NONE', #4132 ) ;
#962 = PRESENTATION_LAYER_ASSIGNMENT (  '', '', ( #199 ) ) ;
#963 = ADVANCED_FACE ( 'NONE', ( #2221 ), #2694, .T. ) ;
#964 = CARTESIAN_POINT ( 'NONE',  ( 0.0000000000000000000, 0.2049999999999999878, -0.1849999999999999978 ) ) ;
#965 = VECTOR ( 'NONE', #4403, 39.37007874015748143 ) ;
#966 = VECTOR ( 'NONE', #3769, 39.37007874015748143 ) ;
#967 = SURFACE_SIDE_STYLE ('',( #5176 ) ) ;
#968 = CARTESIAN_POINT ( 'NONE',  ( 0.02000000000000000042, -0.05000000000000000278, 0.2099999999999999922 ) ) ;
#969 = EDGE_CURVE ( 'NONE', #5170, #1696, #3934, .T. ) ;
#970 = CIRCLE ( 'NONE', #4985, 0.1849999999999999978 ) ;
#971 = CIRCLE ( 'NONE', #4685, 0.1849999999999999978 ) ;
#972 = DIRECTION ( 'NONE',  ( 0.0000000000000000000, 1.000000000000000000, 0.0000000000000000000 ) ) ;
#973 = COLOUR_RGB ( '',0.0000000000000000000, 0.0000000000000000000, 0.0000000000000000000 ) ;
#974 = ORIENTED_EDGE ( 'NONE', *, *, #5485, .T. ) ;
#975 = SURFACE_SIDE_STYLE ('',( #4204 ) ) ;
#976 = CARTESIAN_POINT ( 'NONE',  ( 0.03750000000000005412, 0.0000000000000000000, -0.1811594601449231512 ) ) ;
#977 = CARTESIAN_POINT ( 'NONE',  ( 0.0000000000000000000, 0.2039999999999999869, 0.04749999999999999362 ) ) ;
#978 = LENGTH_MEASURE_WITH_UNIT ( LENGTH_MEASURE( 0.02539999999999999897 ), #2793 );
#979 = ORIENTED_EDGE ( 'NONE', *, *, #3157, .T. ) ;
#980 = CARTESIAN_POINT ( 'NONE',  ( -0.1980000000000000093, -0.03100000000000000325, -0.02000000000000000042 ) ) ;
#981 = EDGE_LOOP ( 'NONE', ( #3383, #1212, #2544, #4225, #2856, #787 ) ) ;
#982 = ADVANCED_FACE ( 'NONE', ( #5000 ), #461, .T. ) ;
#983 = SURFACE_SIDE_STYLE ('',( #3762 ) ) ;
#984 = LINE ( 'NONE', #526, #2860 ) ;
#985 = CARTESIAN_POINT ( 'NONE',  ( 0.0000000000000000000, 0.1549999999999999989, 0.0000000000000000000 ) ) ;
#986 = ORIENTED_EDGE ( 'NONE', *, *, #3364, .F. ) ;
#987 = ORIENTED_EDGE ( 'NONE', *, *, #3879, .F. ) ;
#988 = ORIENTED_EDGE ( 'NONE', *, *, #122, .F. ) ;
#989 = DIRECTION ( 'NONE',  ( 0.0000000000000000000, 0.0000000000000000000, -1.000000000000000000 ) ) ;
#990 = CARTESIAN_POINT ( 'NONE',  ( 0.0000000000000000000, 0.1849999999999999978, 0.0000000000000000000 ) ) ;
#991 = DIRECTION ( 'NONE',  ( 0.0000000000000000000, 1.000000000000000000, 0.0000000000000000000 ) ) ;
#992 = DIRECTION ( 'NONE',  ( 0.0000000000000000000, -1.000000000000000000, 0.0000000000000000000 ) ) ;
#993 = FACE_OUTER_BOUND ( 'NONE', #1205, .T. ) ;
#994 = EDGE_CURVE ( 'NONE', #2132, #503, #4934, .T. ) ;
#995 = DIRECTION ( 'NONE',  ( 0.0000000000000000000, 0.0000000000000000000, -1.000000000000000000 ) ) ;
#996 = DIRECTION ( 'NONE',  ( -1.000000000000000000, -0.0000000000000000000, 0.0000000000000000000 ) ) ;
#997 = DIRECTION ( 'NONE',  ( 0.0000000000000000000, -1.000000000000000000, 0.0000000000000000000 ) ) ;
#998 = DIRECTION ( 'NONE',  ( 0.0000000000000000000, 0.0000000000000000000, 1.000000000000000000 ) ) ;
#999 = UNCERTAINTY_MEASURE_WITH_UNIT (LENGTH_MEASURE( 1.000000000000000082E-05 ), #2782, 'distance_accuracy_value', 'NONE');
#1000 = DIRECTION ( 'NONE',  ( -0.0000000000000000000, 1.000000000000000000, 0.0000000000000000000 ) ) ;
#1001 = FACE_OUTER_BOUND ( 'NONE', #3252, .T. ) ;
#1002 = DIRECTION ( 'NONE',  ( 0.0000000000000000000, 1.000000000000000000, 0.0000000000000000000 ) ) ;
#1003 = ORIENTED_EDGE ( 'NONE', *, *, #3307, .F. ) ;
#1004 = APPLICATION_CONTEXT ( 'automotive_design' ) ;
#1005 = ORIENTED_EDGE ( 'NONE', *, *, #3763, .F. ) ;
#1006 = EDGE_CURVE ( 'NONE', #4769, #3286, #3643, .T. ) ;
#1007 = DIRECTION ( 'NONE',  ( 0.0000000000000000000, 0.0000000000000000000, -1.000000000000000000 ) ) ;
#1008 = CARTESIAN_POINT ( 'NONE',  ( -0.1920000000000000040, 0.04399999999999999745, -0.02000000000000000042 ) ) ;
#1009 = PRESENTATION_STYLE_ASSIGNMENT (( #1478 ) ) ;
#1010 = EDGE_LOOP ( 'NONE', ( #3794, #5489, #5661, #4274 ) ) ;
#1011 = ORIENTED_EDGE ( 'NONE', *, *, #1749, .T. ) ;
#1012 = ORIENTED_EDGE ( 'NONE', *, *, #2806, .F. ) ;
#1013 = CARTESIAN_POINT ( 'NONE',  ( 0.0000000000000000000, 0.2640000000000000124, 0.0000000000000000000 ) ) ;
#1014 =( GEOMETRIC_REPRESENTATION_CONTEXT ( 3 ) GLOBAL_UNCERTAINTY_ASSIGNED_CONTEXT ( ( #1653 ) ) GLOBAL_UNIT_ASSIGNED_CONTEXT ( ( #1262, #4505, #4159 ) ) REPRESENTATION_CONTEXT ( 'NONE', 'WORKASPACE' ) );
#1015 = CYLINDRICAL_SURFACE ( 'NONE', #3135, 0.04749999999999999362 ) ;
#1016 = DIRECTION ( 'NONE',  ( 0.0000000000000000000, 0.0000000000000000000, -1.000000000000000000 ) ) ;
#1017 = CIRCLE ( 'NONE', #4168, 0.1469999999999999918 ) ;
#1018 = VECTOR ( 'NONE', #3491, 39.37007874015748143 ) ;
#1019 = DIRECTION ( 'NONE',  ( -1.000000000000000000, 0.0000000000000000000, 0.0000000000000000000 ) ) ;
#1020 =( LENGTH_UNIT ( ) NAMED_UNIT ( * ) SI_UNIT ( $, .METRE. ) );
#1021 = COLOUR_RGB ( '',0.7960784313725489669, 0.6039215686274509443, 0.2313725490196078538 ) ;
#1022 = AXIS2_PLACEMENT_3D ( 'NONE', #1254, #4880, #2595 ) ;
#1023 = LINE ( 'NONE', #3357, #2293 ) ;
#1024 =( GEOMETRIC_REPRESENTATION_CONTEXT ( 3 ) GLOBAL_UNCERTAINTY_ASSIGNED_CONTEXT ( ( #3144 ) ) GLOBAL_UNIT_ASSIGNED_CONTEXT ( ( #2110, #2023, #5312 ) ) REPRESENTATION_CONTEXT ( 'NONE', 'WORKASPACE' ) );
#1025 =( CONVERSION_BASED_UNIT ( 'INCH', #3236 ) LENGTH_UNIT ( ) NAMED_UNIT ( #2461 ) );
#1026 = EDGE_CURVE ( 'NONE', #3342, #961, #4519, .T. ) ;
#1027 = VECTOR ( 'NONE', #226, 39.37007874015748143 ) ;
#1028 = CIRCLE ( 'NONE', #5897, 0.1849999999999999978 ) ;
#1029 = ORIENTED_EDGE ( 'NONE', *, *, #2447, .F. ) ;
#1031 = LINE ( 'NONE', #3265, #3789 ) ;
#1030 = FILL_AREA_STYLE ('',( #3755 ) ) ;
#1032 = DIRECTION ( 'NONE',  ( 0.0000000000000000000, 1.000000000000000000, 0.0000000000000000000 ) ) ;
#1033 = DIRECTION ( 'NONE',  ( 0.0000000000000000000, 0.0000000000000000000, 1.000000000000000000 ) ) ;
#1034 = VERTEX_POINT ( 'NONE', #4970 ) ;
#1035 = CIRCLE ( 'NONE', #4377, 0.1849999999999999978 ) ;
#1036 = EDGE_CURVE ( 'NONE', #1327, #1661, #1735, .T. ) ;
#1037 = CIRCLE ( 'NONE', #4381, 0.1849999999999999978 ) ;
#1038 = DIRECTION ( 'NONE',  ( 0.0000000000000000000, 0.0000000000000000000, 1.000000000000000000 ) ) ;
#1039 = CARTESIAN_POINT ( 'NONE',  ( 5.817072295949927179E-18, 0.1749999999999999889, -0.04749999999999999362 ) ) ;
#1040 = EDGE_LOOP ( 'NONE', ( #1029, #745, #3370, #214 ) ) ;
#1041 = VERTEX_POINT ( 'NONE', #3190 ) ;
#1042 = DIRECTION ( 'NONE',  ( 0.0000000000000000000, 1.000000000000000000, 0.0000000000000000000 ) ) ;
#1043 = CARTESIAN_POINT ( 'NONE',  ( 5.817072295949927179E-18, 0.2650000000000000133, -0.04749999999999999362 ) ) ;
#1044 = AXIS2_PLACEMENT_3D ( 'NONE', #3023, #5241, #680 ) ;
#1045 = STYLED_ITEM ( 'NONE', ( #5117 ), #3428 ) ;
#1046 = LINE ( 'NONE', #4285, #4857 ) ;
#1047 = CARTESIAN_POINT ( 'NONE',  ( 0.1920000000000000040, 0.04399999999999999745, -0.03500000000000000333 ) ) ;
#1048 = DIMENSIONAL_EXPONENTS ( 1.000000000000000000, 0.0000000000000000000, 0.0000000000000000000, 0.0000000000000000000, 0.0000000000000000000, 0.0000000000000000000, 0.0000000000000000000 ) ;
#1049 = EDGE_LOOP ( 'NONE', ( #4038, #2950, #3656, #4677 ) ) ;
#1050 = DIRECTION ( 'NONE',  ( -0.0000000000000000000, -1.000000000000000000, -0.0000000000000000000 ) ) ;
#1051 = AXIS2_PLACEMENT_3D ( 'NONE', #4818, #3865, #1103 ) ;
#1052 = CARTESIAN_POINT ( 'NONE',  ( 0.1920000000000000040, -0.03100000000000000325, 0.02000000000000000042 ) ) ;
#1053 = CARTESIAN_POINT ( 'NONE',  ( 0.0000000000000000000, 0.2650000000000000133, 0.04749999999999999362 ) ) ;
#1054 = CIRCLE ( 'NONE', #2101, 0.1849999999999999978 ) ;
#1055 = CIRCLE ( 'NONE', #2487, 0.1849999999999999978 ) ;
#1056 = DIRECTION ( 'NONE',  ( 1.000000000000000000, 0.0000000000000000000, -0.0000000000000000000 ) ) ;
#1057 = FACE_BOUND ( 'NONE', #1856, .T. ) ;
#1058 = CIRCLE ( 'NONE', #587, 0.04749999999999999362 ) ;
#1059 = CIRCLE ( 'NONE', #4406, 0.04749999999999999362 ) ;
#1061 = LINE ( 'NONE', #3911, #1684 ) ;
#1060 = DIRECTION ( 'NONE',  ( 0.0000000000000000000, 0.0000000000000000000, -1.000000000000000000 ) ) ;
#1062 = CARTESIAN_POINT ( 'NONE',  ( 0.1272752921819470528, 0.05000000000000000278, -0.03500000000000000333 ) ) ;
#1063 = CARTESIAN_POINT ( 'NONE',  ( 0.06900000000000000577, 0.3619999999999999885, 0.2099999999999999922 ) ) ;
#1064 = EDGE_LOOP ( 'NONE', ( #1870, #4843, #2240, #5474 ) ) ;
#1065 = ADVANCED_FACE ( 'NONE', ( #3586, #9 ), #1819, .T. ) ;
#1067 = FACE_OUTER_BOUND ( 'NONE', #2027, .T. ) ;
#1066 = FACE_OUTER_BOUND ( 'NONE', #1618, .T. ) ;
#1068 =( CONVERSION_BASED_UNIT ( 'INCH', #3764 ) LENGTH_UNIT ( ) NAMED_UNIT ( #3970 ) );
#1069 = ORIENTED_EDGE ( 'NONE', *, *, #156, .F. ) ;
#1070 = ORIENTED_EDGE ( 'NONE', *, *, #4004, .F. ) ;
#1071 = ORIENTED_EDGE ( 'NONE', *, *, #3229, .T. ) ;
#1072 = PRESENTATION_STYLE_ASSIGNMENT (( #5642 ) ) ;
#1073 = CARTESIAN_POINT ( 'NONE',  ( 0.0000000000000000000, 0.1950000000000000067, 0.04749999999999999362 ) ) ;
#1074 = CARTESIAN_POINT ( 'NONE',  ( 0.01499999999999999944, 0.4000000000000000222, -0.04506939094329989043 ) ) ;
#1075 = FACE_OUTER_BOUND ( 'NONE', #1949, .T. ) ;
#1076 = CARTESIAN_POINT ( 'NONE',  ( 0.1425849022380639985, -0.04500000000000001221, 0.03575675675675679677 ) ) ;
#1077 = SURFACE_SIDE_STYLE ('',( #647 ) ) ;
#1078 = CYLINDRICAL_SURFACE ( 'NONE', #2299, 0.1849999999999999978 ) ;
#1079 = FILL_AREA_STYLE_COLOUR ( '', #656 ) ;
#1080 = CARTESIAN_POINT ( 'NONE',  ( -0.1587450786638753830, -0.04499999999999999833, 0.09500000000000011213 ) ) ;
#1081 = CARTESIAN_POINT ( 'NONE',  ( 0.1920000000000000040, -0.1209999999999999826, -0.02000000000000000042 ) ) ;
#1082 = DIMENSIONAL_EXPONENTS ( 1.000000000000000000, 0.0000000000000000000, 0.0000000000000000000, 0.0000000000000000000, 0.0000000000000000000, 0.0000000000000000000, 0.0000000000000000000 ) ;
#1083 = ORIENTED_EDGE ( 'NONE', *, *, #1125, .T. ) ;
#1084 = EDGE_CURVE ( 'NONE', #4240, #2573, #433, .T. ) ;
#1085 = ORIENTED_EDGE ( 'NONE', *, *, #5214, .F. ) ;
#1087 = LINE ( 'NONE', #690, #1774 ) ;
#1086 = CARTESIAN_POINT ( 'NONE',  ( -0.1980000000000000093, 0.05000000000000000278, 0.03500000000000000333 ) ) ;
#1088 = CARTESIAN_POINT ( 'NONE',  ( -0.01499999999999999944, 0.4000000000000000222, 0.04506939094329989043 ) ) ;
#1089 = ORIENTED_EDGE ( 'NONE', *, *, #1324, .F. ) ;
#1090 = VERTEX_POINT ( 'NONE', #402 ) ;
#1091 = EDGE_CURVE ( 'NONE', #1041, #1701, #4599, .T. ) ;
#1092 = DIRECTION ( 'NONE',  ( 0.0000000000000000000, -1.000000000000000000, 0.0000000000000000000 ) ) ;
#1093 = DIRECTION ( 'NONE',  ( 0.0000000000000000000, 0.0000000000000000000, 1.000000000000000000 ) ) ;
#1094 = DIRECTION ( 'NONE',  ( 0.0000000000000000000, 0.0000000000000000000, -1.000000000000000000 ) ) ;
#1095 = ORIENTED_EDGE ( 'NONE', *, *, #5732, .F. ) ;
#1096 = ORIENTED_EDGE ( 'NONE', *, *, #609, .F. ) ;
#1097 = ORIENTED_EDGE ( 'NONE', *, *, #5541, .T. ) ;
#1098 = ORIENTED_EDGE ( 'NONE', *, *, #4491, .F. ) ;
#1099 = DIRECTION ( 'NONE',  ( 0.0000000000000000000, -1.000000000000000000, 0.0000000000000000000 ) ) ;
#1100 = EDGE_CURVE ( 'NONE', #627, #3, #499, .T. ) ;
#1101 = FILL_AREA_STYLE ('',( #5086 ) ) ;
#1102 =( CONVERSION_BASED_UNIT ( 'INCH', #1138 ) LENGTH_UNIT ( ) NAMED_UNIT ( #5655 ) );
#1103 = DIRECTION ( 'NONE',  ( 0.0000000000000000000, 0.0000000000000000000, -1.000000000000000000 ) ) ;
#1104 = CARTESIAN_POINT ( 'NONE',  ( -4.847560246624939958E-19, 0.3699999999999999956, 0.0000000000000000000 ) ) ;
#1105 = EDGE_CURVE ( 'NONE', #234, #4338, #4035, .T. ) ;
#1106 = CIRCLE ( 'NONE', #3397, 0.04749999999999999362 ) ;
#1107 = FACE_OUTER_BOUND ( 'NONE', #242, .T. ) ;
#1108 =( CONVERSION_BASED_UNIT ( 'INCH', #3872 ) LENGTH_UNIT ( ) NAMED_UNIT ( #2874 ) );
#1109 = FACE_OUTER_BOUND ( 'NONE', #4684, .T. ) ;
#1110 = CIRCLE ( 'NONE', #3503, 0.1849999999999999978 ) ;
#1111 = VECTOR ( 'NONE', #3921, 39.37007874015748143 ) ;
#1112 = EDGE_CURVE ( 'NONE', #5011, #3342, #931, .T. ) ;
#1113 = EDGE_LOOP ( 'NONE', ( #742, #3299, #925, #5750 ) ) ;
#1114 = CIRCLE ( 'NONE', #4945, 0.1849999999999999978 ) ;
#1115 = DIRECTION ( 'NONE',  ( -0.0000000000000000000, 1.000000000000000000, -0.0000000000000000000 ) ) ;
#1116 = AXIS2_PLACEMENT_3D ( 'NONE', #5558, #4688, #1842 ) ;
#1117 = ADVANCED_FACE ( 'NONE', ( #1341 ), #3104, .T. ) ;
#1118 = ORIENTED_EDGE ( 'NONE', *, *, #5146, .F. ) ;
#1119 = EDGE_CURVE ( 'NONE', #3511, #4928, #3219, .T. ) ;
#1120 = EDGE_CURVE ( 'NONE', #4101, #1453, #2414, .T. ) ;
#1121 = CIRCLE ( 'NONE', #3130, 0.04749999999999999362 ) ;
#1122 = DIMENSIONAL_EXPONENTS ( 1.000000000000000000, 0.0000000000000000000, 0.0000000000000000000, 0.0000000000000000000, 0.0000000000000000000, 0.0000000000000000000, 0.0000000000000000000 ) ;
#1124 = LINE ( 'NONE', #1157, #4652 ) ;
#1123 = DIRECTION ( 'NONE',  ( 0.0000000000000000000, 0.0000000000000000000, 1.000000000000000000 ) ) ;
#1125 = EDGE_CURVE ( 'NONE', #1544, #1201, #3827, .T. ) ;
#1126 = CARTESIAN_POINT ( 'NONE',  ( 0.0000000000000000000, 0.1739999999999999880, 0.0000000000000000000 ) ) ;
#1127 = AXIS2_PLACEMENT_3D ( 'NONE', #1551, #5617, #3745 ) ;
#1128 = CARTESIAN_POINT ( 'NONE',  ( 0.1272752921819469973, 0.05000000000000000278, -0.03500000000000000333 ) ) ;
#1129 = ORIENTED_EDGE ( 'NONE', *, *, #4535, .T. ) ;
#1130 = VERTEX_POINT ( 'NONE', #4182 ) ;
#1131 = VERTEX_POINT ( 'NONE', #5103 ) ;
#1132 = ORIENTED_EDGE ( 'NONE', *, *, #525, .T. ) ;
#1133 = CARTESIAN_POINT ( 'NONE',  ( 0.0000000000000000000, 0.1640000000000000069, 0.0000000000000000000 ) ) ;
#1134 = DIRECTION ( 'NONE',  ( -0.0000000000000000000, -1.000000000000000000, -0.0000000000000000000 ) ) ;
#1135 = AXIS2_PLACEMENT_3D ( 'NONE', #4780, #3884, #1094 ) ;
#1136 = DIRECTION ( 'NONE',  ( 0.0000000000000000000, 0.0000000000000000000, 1.000000000000000000 ) ) ;
#1137 = EDGE_CURVE ( 'NONE', #3942, #5235, #4221, .T. ) ;
#1138 = LENGTH_MEASURE_WITH_UNIT ( LENGTH_MEASURE( 0.02539999999999999897 ), #2894 );
#1139 = CARTESIAN_POINT ( 'NONE',  ( 0.0000000000000000000, 0.2999999999999999889, 0.0000000000000000000 ) ) ;
#1140 = ORIENTED_EDGE ( 'NONE', *, *, #5842, .T. ) ;
#1141 = LENGTH_MEASURE_WITH_UNIT ( LENGTH_MEASURE( 0.02539999999999999897 ), #5202 );
#1142 = DIRECTION ( 'NONE',  ( 0.0000000000000000000, -0.0000000000000000000, 1.000000000000000000 ) ) ;
#1143 = EDGE_LOOP ( 'NONE', ( #3754, #871, #4581, #2411 ) ) ;
#1144 = FACE_OUTER_BOUND ( 'NONE', #4252, .T. ) ;
#1145 = EDGE_CURVE ( 'NONE', #1725, #5171, #984, .T. ) ;
#1146 =( GEOMETRIC_REPRESENTATION_CONTEXT ( 3 ) GLOBAL_UNCERTAINTY_ASSIGNED_CONTEXT ( ( #999 ) ) GLOBAL_UNIT_ASSIGNED_CONTEXT ( ( #2782, #105, #3315 ) ) REPRESENTATION_CONTEXT ( 'NONE', 'WORKASPACE' ) );
#1147 = DIRECTION ( 'NONE',  ( -0.0000000000000000000, -1.000000000000000000, -0.0000000000000000000 ) ) ;
#1148 = VECTOR ( 'NONE', #3440, 39.37007874015748143 ) ;
#1149 = VECTOR ( 'NONE', #2698, 39.37007874015748143 ) ;
#1150 = COLOUR_RGB ( '',0.0000000000000000000, 0.0000000000000000000, 0.0000000000000000000 ) ;
#1151 = DIRECTION ( 'NONE',  ( 0.0000000000000000000, 1.000000000000000000, 0.0000000000000000000 ) ) ;
#1152 = VERTEX_POINT ( 'NONE', #125 ) ;
#1153 = AXIS2_PLACEMENT_3D ( 'NONE', #2483, #4347, #4854 ) ;
#1154 = COLOUR_RGB ( '',0.0000000000000000000, 0.0000000000000000000, 0.0000000000000000000 ) ;
#1155 = CIRCLE ( 'NONE', #1820, 0.04749999999999999362 ) ;
#1157 = CARTESIAN_POINT ( 'NONE',  ( -0.1980000000000000093, 0.05000000000000000278, -0.02000000000000000042 ) ) ;
#1156 = DIRECTION ( 'NONE',  ( 0.0000000000000000000, 1.000000000000000000, 0.0000000000000000000 ) ) ;
#1158 = CARTESIAN_POINT ( 'NONE',  ( -0.1920000000000000040, 0.04399999999999999745, -0.03500000000000000333 ) ) ;
#1159 = DIRECTION ( 'NONE',  ( 0.0000000000000000000, 0.0000000000000000000, 1.000000000000000000 ) ) ;
#1160 = ORIENTED_EDGE ( 'NONE', *, *, #4021, .T. ) ;
#1161 = VERTEX_POINT ( 'NONE', #4608 ) ;
#1162 = VERTEX_POINT ( 'NONE', #1039 ) ;
#1163 = DIRECTION ( 'NONE',  ( 0.0000000000000000000, 0.0000000000000000000, -1.000000000000000000 ) ) ;
#1164 = CARTESIAN_POINT ( 'NONE',  ( 0.0000000000000000000, 0.2849999999999999756, 0.0000000000000000000 ) ) ;
#1165 = EDGE_CURVE ( 'NONE', #2143, #2162, #1477, .T. ) ;
#1166 = FILL_AREA_STYLE_COLOUR ( '', #2206 ) ;
#1167 =( NAMED_UNIT ( * ) PLANE_ANGLE_UNIT ( ) SI_UNIT ( $, .RADIAN. ) );
#1168 = DIRECTION ( 'NONE',  ( 0.0000000000000000000, 0.0000000000000000000, 1.000000000000000000 ) ) ;
#1169 = DIMENSIONAL_EXPONENTS ( 1.000000000000000000, 0.0000000000000000000, 0.0000000000000000000, 0.0000000000000000000, 0.0000000000000000000, 0.0000000000000000000, 0.0000000000000000000 ) ;
#1170 = EDGE_LOOP ( 'NONE', ( #4100, #529 ) ) ;
#1171 = SURFACE_STYLE_USAGE ( .BOTH. , #283 ) ;
#1172 = CARTESIAN_POINT ( 'NONE',  ( -0.1272752921819471084, 0.04399999999999999745, -0.03500000000000001027 ) ) ;
#1173 = CARTESIAN_POINT ( 'NONE',  ( 5.817072295949927179E-18, 0.1499999999999999944, -0.04749999999999999362 ) ) ;
#1174 = CARTESIAN_POINT ( 'NONE',  ( -0.08899999999999999578, 0.3420000000000000262, 0.1950000000000000067 ) ) ;
#1175 = FACE_OUTER_BOUND ( 'NONE', #1113, .T. ) ;
#1176 = ADVANCED_FACE ( 'NONE', ( #2326 ), #4244, .F. ) ;
#1177 = ORIENTED_EDGE ( 'NONE', *, *, #3473, .F. ) ;
#1179 = DIRECTION ( 'NONE',  ( -0.0000000000000000000, -1.000000000000000000, -0.0000000000000000000 ) ) ;
#1178 = DIRECTION ( 'NONE',  ( 0.0000000000000000000, 0.0000000000000000000, 1.000000000000000000 ) ) ;
#1180 = ORIENTED_EDGE ( 'NONE', *, *, #2662, .T. ) ;
#1181 = VERTEX_POINT ( 'NONE', #1956 ) ;
#1182 = VERTEX_POINT ( 'NONE', #5606 ) ;
#1184 = FACE_OUTER_BOUND ( 'NONE', #396, .T. ) ;
#1183 =( CONVERSION_BASED_UNIT ( 'INCH', #1207 ) LENGTH_UNIT ( ) NAMED_UNIT ( #5207 ) );
#1185 = DIRECTION ( 'NONE',  ( 0.0000000000000000000, 0.0000000000000000000, 1.000000000000000000 ) ) ;
#1186 = ORIENTED_EDGE ( 'NONE', *, *, #2324, .T. ) ;
#1187 = ORIENTED_EDGE ( 'NONE', *, *, #1006, .T. ) ;
#1188 = ORIENTED_EDGE ( 'NONE', *, *, #5079, .F. ) ;
#1189 = CARTESIAN_POINT ( 'NONE',  ( 0.0000000000000000000, 0.2999999999999999889, 0.1849999999999999978 ) ) ;
#1190 = DIRECTION ( 'NONE',  ( 0.0000000000000000000, 0.0000000000000000000, 1.000000000000000000 ) ) ;
#1191 = EDGE_CURVE ( 'NONE', #4954, #4477, #971, .T. ) ;
#1192 = CARTESIAN_POINT ( 'NONE',  ( 0.0000000000000000000, -0.04499999999999999833, 0.0000000000000000000 ) ) ;
#1193 = SURFACE_SIDE_STYLE ('',( #3047 ) ) ;
#1194 = CARTESIAN_POINT ( 'NONE',  ( 0.1425849022380639708, 0.0000000000000000000, -0.03575675675675682452 ) ) ;
#1195 = ORIENTED_EDGE ( 'NONE', *, *, #919, .T. ) ;
#1196 =( NAMED_UNIT ( * ) SI_UNIT ( $, .STERADIAN. ) SOLID_ANGLE_UNIT ( ) );
#1197 = CARTESIAN_POINT ( 'NONE',  ( -0.1425849022380639985, 0.0000000000000000000, -0.03575675675675679677 ) ) ;
#1198 = LINE ( 'NONE', #3446, #965 ) ;
#1199 =( NAMED_UNIT ( * ) PLANE_ANGLE_UNIT ( ) SI_UNIT ( $, .RADIAN. ) );
#1200 = DIRECTION ( 'NONE',  ( 0.0000000000000000000, 0.0000000000000000000, -1.000000000000000000 ) ) ;
#1201 = VERTEX_POINT ( 'NONE', #3338 ) ;
#1202 = DIRECTION ( 'NONE',  ( -0.0000000000000000000, -1.000000000000000000, -0.0000000000000000000 ) ) ;
#1203 = AXIS2_PLACEMENT_3D ( 'NONE', #5434, #516, #5490 ) ;
#1204 = EDGE_CURVE ( 'NONE', #3483, #3781, #5167, .T. ) ;
#1205 = EDGE_LOOP ( 'NONE', ( #921, #5598, #4049, #583 ) ) ;
#1206 = AXIS2_PLACEMENT_3D ( 'NONE', #4516, #4930, #4048 ) ;
#1208 = CARTESIAN_POINT ( 'NONE',  ( -4.847560246624939958E-19, 0.3699999999999999956, 0.0000000000000000000 ) ) ;
#1207 = LENGTH_MEASURE_WITH_UNIT ( LENGTH_MEASURE( 0.02539999999999999897 ), #5775 );
#1209 = DIRECTION ( 'NONE',  ( 0.0000000000000000000, 1.000000000000000000, 0.0000000000000000000 ) ) ;
#1210 = ADVANCED_FACE ( 'NONE', ( #4716, #1422 ), #636, .T. ) ;
#1211 = ORIENTED_EDGE ( 'NONE', *, *, #1428, .T. ) ;
#1212 = ORIENTED_EDGE ( 'NONE', *, *, #5649, .T. ) ;
#1213 = ORIENTED_EDGE ( 'NONE', *, *, #1746, .T. ) ;
#1214 = VECTOR ( 'NONE', #621, 39.37007874015748143 ) ;
#1215 = CARTESIAN_POINT ( 'NONE',  ( 0.0000000000000000000, 0.1539999999999999702, 0.0000000000000000000 ) ) ;
#1216 = AXIS2_PLACEMENT_3D ( 'NONE', #451, #4097, #3064 ) ;
#1217 = ORIENTED_EDGE ( 'NONE', *, *, #2235, .F. ) ;
#1218 = CIRCLE ( 'NONE', #5335, 0.1849999999999999978 ) ;
#1219 = AXIS2_PLACEMENT_3D ( 'NONE', #705, #1042, #617 ) ;
#1220 = PLANE ( 'NONE',  #5261 ) ;
#1221 = CARTESIAN_POINT ( 'NONE',  ( 0.0000000000000000000, 0.3799999999999999489, 0.0000000000000000000 ) ) ;
#1222 = LINE ( 'NONE', #3048, #4786 ) ;
#1223 = CARTESIAN_POINT ( 'NONE',  ( 0.0000000000000000000, 0.1539999999999999702, -0.1849999999999999978 ) ) ;
#1224 = DIRECTION ( 'NONE',  ( 1.000000000000000000, 0.0000000000000000000, -0.0000000000000000000 ) ) ;
#1225 = AXIS2_PLACEMENT_3D ( 'NONE', #3858, #2025, #2549 ) ;
#1226 = AXIS2_PLACEMENT_3D ( 'NONE', #2427, #4704, #5625 ) ;
#1227 = DIRECTION ( 'NONE',  ( 0.0000000000000000000, 0.0000000000000000000, -1.000000000000000000 ) ) ;
#1228 = CARTESIAN_POINT ( 'NONE',  ( 0.09150000000000001188, 0.1499999999999999944, 0.2340000000000000135 ) ) ;
#1229 = CARTESIAN_POINT ( 'NONE',  ( 0.0000000000000000000, 0.1499999999999999944, 0.0000000000000000000 ) ) ;
#1230 = DIRECTION ( 'NONE',  ( -0.0000000000000000000, -1.000000000000000000, -0.0000000000000000000 ) ) ;
#1231 = ORIENTED_EDGE ( 'NONE', *, *, #4666, .T. ) ;
#1232 = EDGE_CURVE ( 'NONE', #168, #3223, #958, .T. ) ;
#1233 = EDGE_LOOP ( 'NONE', ( #552, #1754, #4580, #1534 ) ) ;
#1234 =( GEOMETRIC_REPRESENTATION_CONTEXT ( 3 ) GLOBAL_UNCERTAINTY_ASSIGNED_CONTEXT ( ( #3641 ) ) GLOBAL_UNIT_ASSIGNED_CONTEXT ( ( #1854, #1461, #561 ) ) REPRESENTATION_CONTEXT ( 'NONE', 'WORKASPACE' ) );
#1235 = CIRCLE ( 'NONE', #4593, 0.1849999999999999978 ) ;
#1236 = ORIENTED_EDGE ( 'NONE', *, *, #3216, .T. ) ;
#1237 = UNCERTAINTY_MEASURE_WITH_UNIT (LENGTH_MEASURE( 1.000000000000000082E-05 ), #3058, 'distance_accuracy_value', 'NONE');
#1238 = VECTOR ( 'NONE', #3017, 39.37007874015748143 ) ;
#1239 = PLANE ( 'NONE',  #5425 ) ;
#1240 = DIRECTION ( 'NONE',  ( 0.0000000000000000000, 0.0000000000000000000, -1.000000000000000000 ) ) ;
#1241 = ORIENTED_EDGE ( 'NONE', *, *, #1346, .F. ) ;
#1242 = ORIENTED_EDGE ( 'NONE', *, *, #4642, .T. ) ;
#1243 = EDGE_LOOP ( 'NONE', ( #4229, #4653, #727, #4264 ) ) ;
#1244 = STYLED_ITEM ( 'NONE', ( #914 ), #4488 ) ;
#1245 = VECTOR ( 'NONE', #2743, 39.37007874015748143 ) ;
#1246 = FILL_AREA_STYLE ('',( #5849 ) ) ;
#1247 = DIRECTION ( 'NONE',  ( 0.0000000000000000000, -0.0000000000000000000, 1.000000000000000000 ) ) ;
#1248 = ADVANCED_FACE ( 'NONE', ( #268 ), #4807, .T. ) ;
#1249 = ORIENTED_EDGE ( 'NONE', *, *, #531, .F. ) ;
#1250 = CARTESIAN_POINT ( 'NONE',  ( -0.01499999999999999944, 0.4000000000000000222, -0.04506939094329988349 ) ) ;
#1251 = DIRECTION ( 'NONE',  ( 0.0000000000000000000, 1.000000000000000000, 0.0000000000000000000 ) ) ;
#1252 = DIRECTION ( 'NONE',  ( 0.0000000000000000000, -1.000000000000000000, 0.0000000000000000000 ) ) ;
#1253 = DIRECTION ( 'NONE',  ( -1.000000000000000000, 0.0000000000000000000, -0.0000000000000000000 ) ) ;
#1254 = CARTESIAN_POINT ( 'NONE',  ( 0.0000000000000000000, 0.2139999999999999958, 0.0000000000000000000 ) ) ;
#1255 = CARTESIAN_POINT ( 'NONE',  ( 0.0000000000000000000, 0.1499999999999999944, 0.04749999999999999362 ) ) ;
#1256 = SURFACE_STYLE_USAGE ( .BOTH. , #348 ) ;
#1257 = DIRECTION ( 'NONE',  ( 0.0000000000000000000, -0.0000000000000000000, 1.000000000000000000 ) ) ;
#1258 = CARTESIAN_POINT ( 'NONE',  ( 2.265596578422603655E-17, 0.2449999999999999956, 0.1849999999999999978 ) ) ;
#1259 = ORIENTED_EDGE ( 'NONE', *, *, #1712, .F. ) ;
#1260 = ORIENTED_EDGE ( 'NONE', *, *, #4507, .F. ) ;
#1262 =( CONVERSION_BASED_UNIT ( 'INCH', #2333 ) LENGTH_UNIT ( ) NAMED_UNIT ( #1952 ) );
#1261 = CARTESIAN_POINT ( 'NONE',  ( -0.1261379814248089204, 0.0000000000000000000, -0.07548648648648660642 ) ) ;
#1263 = ORIENTED_EDGE ( 'NONE', *, *, #771, .F. ) ;
#1265 = DIRECTION ( 'NONE',  ( -1.000000000000000000, 0.0000000000000000000, 5.463695987328530381E-16 ) ) ;
#1264 = CARTESIAN_POINT ( 'NONE',  ( -0.02000000000000000042, -0.05000000000000000278, 0.2099999999999999922 ) ) ;
#1266 = EDGE_LOOP ( 'NONE', ( #3268, #2825, #640, #1989 ) ) ;
#1267 = DIRECTION ( 'NONE',  ( 0.0000000000000000000, -1.000000000000000000, -0.0000000000000000000 ) ) ;
#1268 = EDGE_LOOP ( 'NONE', ( #1274, #3028, #3042, #1236 ) ) ;
#1269 = ORIENTED_EDGE ( 'NONE', *, *, #1501, .F. ) ;
#1270 = ORIENTED_EDGE ( 'NONE', *, *, #1893, .F. ) ;
#1271 = EDGE_CURVE ( 'NONE', #5857, #291, #1911, .T. ) ;
#1272 = LINE ( 'NONE', #3557, #3352 ) ;
#1273 = CARTESIAN_POINT ( 'NONE',  ( -9.639569805745200661E-18, 0.1539999999999999702, 3.875786328529849706E-18 ) ) ;
#1274 = ORIENTED_EDGE ( 'NONE', *, *, #919, .F. ) ;
#1275 = ORIENTED_EDGE ( 'NONE', *, *, #5732, .T. ) ;
#1276 = DIRECTION ( 'NONE',  ( 0.0000000000000000000, 0.0000000000000000000, 1.000000000000000000 ) ) ;
#1277 = DIRECTION ( 'NONE',  ( -5.463695987328530381E-16, -0.0000000000000000000, 1.000000000000000000 ) ) ;
#1278 = CARTESIAN_POINT ( 'NONE',  ( -9.639569805745200661E-18, 0.1749999999999999889, 3.875786328529849706E-18 ) ) ;
#1279 = ORIENTED_EDGE ( 'NONE', *, *, #1091, .T. ) ;
#1280 = EDGE_CURVE ( 'NONE', #241, #5247, #882, .T. ) ;
#1281 = DIRECTION ( 'NONE',  ( 0.0000000000000000000, 1.000000000000000000, 0.0000000000000000000 ) ) ;
#1282 = CARTESIAN_POINT ( 'NONE',  ( 0.01499999999999999944, 0.3799999999999999489, -0.04506939094329989043 ) ) ;
#1283 = DIRECTION ( 'NONE',  ( -0.9699653213473709013, 0.0000000000000000000, -0.2432432432432430347 ) ) ;
#1284 = SURFACE_STYLE_USAGE ( .BOTH. , #4856 ) ;
#1285 = EDGE_CURVE ( 'NONE', #668, #4223, #4690, .T. ) ;
#1286 = SURFACE_STYLE_FILL_AREA ( #2701 ) ;
#1287 = ORIENTED_EDGE ( 'NONE', *, *, #5265, .T. ) ;
#1288 = EDGE_LOOP ( 'NONE', ( #262, #3332, #1071, #1448, #578, #3584, #2748, #605 ) ) ;
#1290 = CARTESIAN_POINT ( 'NONE',  ( 5.817072295949927179E-18, 0.1499999999999999944, -0.04749999999999999362 ) ) ;
#1289 = FACE_OUTER_BOUND ( 'NONE', #5287, .T. ) ;
#1291 = DIRECTION ( 'NONE',  ( -0.0000000000000000000, 1.000000000000000000, -0.0000000000000000000 ) ) ;
#1292 = ORIENTED_EDGE ( 'NONE', *, *, #5691, .T. ) ;
#1293 = EDGE_CURVE ( 'NONE', #3394, #436, #3883, .T. ) ;
#1294 = EDGE_LOOP ( 'NONE', ( #4080, #5259, #326, #5379, #2502, #1003 ) ) ;
#1295 = EDGE_CURVE ( 'NONE', #2646, #503, #1732, .T. ) ;
#1296 = STYLED_ITEM ( 'NONE', ( #5866 ), #2342 ) ;
#1298 = DIRECTION ( 'NONE',  ( 0.0000000000000000000, -1.000000000000000000, 0.0000000000000000000 ) ) ;
#1297 = SURFACE_SIDE_STYLE ('',( #4041 ) ) ;
#1299 = ADVANCED_FACE ( 'NONE', ( #2498, #3429 ), #785, .F. ) ;
#1300 = ORIENTED_EDGE ( 'NONE', *, *, #2528, .F. ) ;
#1301 = DIRECTION ( 'NONE',  ( 0.0000000000000000000, 1.000000000000000000, 0.0000000000000000000 ) ) ;
#1302 = ORIENTED_EDGE ( 'NONE', *, *, #4890, .T. ) ;
#1303 = VERTEX_POINT ( 'NONE', #2584 ) ;
#1304 = ORIENTED_EDGE ( 'NONE', *, *, #4057, .T. ) ;
#1305 = CARTESIAN_POINT ( 'NONE',  ( 0.0000000000000000000, 0.1499999999999999944, 0.0000000000000000000 ) ) ;
#1306 = AXIS2_PLACEMENT_3D ( 'NONE', #5263, #3396, #3374 ) ;
#1307 = AXIS2_PLACEMENT_3D ( 'NONE', #2693, #4999, #4904 ) ;
#1308 = ORIENTED_EDGE ( 'NONE', *, *, #3229, .F. ) ;
#1309 = LINE ( 'NONE', #3137, #2272 ) ;
#1310 = DIRECTION ( 'NONE',  ( 0.0000000000000000000, -1.000000000000000000, 0.0000000000000000000 ) ) ;
#1311 = MECHANICAL_DESIGN_GEOMETRIC_PRESENTATION_REPRESENTATION (  '', ( #2276 ), #5788 ) ;
#1312 = PRESENTATION_LAYER_ASSIGNMENT (  '', '', ( #1691 ) ) ;
#1313 = DIRECTION ( 'NONE',  ( 0.0000000000000000000, -0.0000000000000000000, 1.000000000000000000 ) ) ;
#1314 = DIRECTION ( 'NONE',  ( -0.0000000000000000000, -1.000000000000000000, 0.0000000000000000000 ) ) ;
#1315 = CARTESIAN_POINT ( 'NONE',  ( -0.04900000000000000189, -0.02566611069585890068, 0.2099999999999999922 ) ) ;
#1316 = PRESENTATION_LAYER_ASSIGNMENT (  '', '', ( #2285 ) ) ;
#1317 = CIRCLE ( 'NONE', #1406, 0.1849999999999999978 ) ;
#1318 = EDGE_CURVE ( 'NONE', #1358, #2380, #1535, .T. ) ;
#1319 = LENGTH_MEASURE_WITH_UNIT ( LENGTH_MEASURE( 0.02539999999999999897 ), #2723 );
#1320 = DIRECTION ( 'NONE',  ( -0.0000000000000000000, 0.0000000000000000000, -1.000000000000000000 ) ) ;
#1321 = DIRECTION ( 'NONE',  ( 0.0000000000000000000, 1.000000000000000000, 0.0000000000000000000 ) ) ;
#1322 = MECHANICAL_DESIGN_GEOMETRIC_PRESENTATION_REPRESENTATION (  '', ( #576 ), #1888 ) ;
#1323 = CARTESIAN_POINT ( 'NONE',  ( 0.0000000000000000000, 0.1549999999999999989, 0.0000000000000000000 ) ) ;
#1324 = EDGE_CURVE ( 'NONE', #146, #3359, #4384, .T. ) ;
#1325 = DIRECTION ( 'NONE',  ( 0.0000000000000000000, 1.000000000000000000, 0.0000000000000000000 ) ) ;
#1326 = CARTESIAN_POINT ( 'NONE',  ( 0.0000000000000000000, 0.1499999999999999944, 0.0000000000000000000 ) ) ;
#1327 = VERTEX_POINT ( 'NONE', #1158 ) ;
#1328 = VECTOR ( 'NONE', #1744, 39.37007874015748143 ) ;
#1329 = CIRCLE ( 'NONE', #4673, 0.1320000000000000062 ) ;
#1331 = CARTESIAN_POINT ( 'NONE',  ( 0.1980000000000000093, -0.03100000000000000325, -0.02000000000000000042 ) ) ;
#1330 = CARTESIAN_POINT ( 'NONE',  ( 0.0000000000000000000, 0.2349999999999999867, 0.0000000000000000000 ) ) ;
#1332 = DIRECTION ( 'NONE',  ( 0.8580815062912183766, 0.0000000000000000000, -0.5135135135135135975 ) ) ;
#1333 = ORIENTED_EDGE ( 'NONE', *, *, #4912, .F. ) ;
#1334 = VERTEX_POINT ( 'NONE', #2113 ) ;
#1335 = VERTEX_POINT ( 'NONE', #5777 ) ;
#1336 = COLOUR_RGB ( '',0.0000000000000000000, 0.0000000000000000000, 0.0000000000000000000 ) ;
#1337 = CARTESIAN_POINT ( 'NONE',  ( 0.0000000000000000000, 0.05000000000000000278, -0.1320000000000000062 ) ) ;
#1338 = ORIENTED_EDGE ( 'NONE', *, *, #2625, .T. ) ;
#1339 = DIRECTION ( 'NONE',  ( 0.0000000000000000000, 1.000000000000000000, 0.0000000000000000000 ) ) ;
#1340 = VECTOR ( 'NONE', #1437, 39.37007874015748143 ) ;
#1341 = FACE_OUTER_BOUND ( 'NONE', #5712, .T. ) ;
#1342 =( GEOMETRIC_REPRESENTATION_CONTEXT ( 3 ) GLOBAL_UNCERTAINTY_ASSIGNED_CONTEXT ( ( #284 ) ) GLOBAL_UNIT_ASSIGNED_CONTEXT ( ( #1068, #3271, #60 ) ) REPRESENTATION_CONTEXT ( 'NONE', 'WORKASPACE' ) );
#1343 =( CONVERSION_BASED_UNIT ( 'INCH', #3075 ) LENGTH_UNIT ( ) NAMED_UNIT ( #5178 ) );
#1344 = ORIENTED_EDGE ( 'NONE', *, *, #298, .T. ) ;
#1345 = DIRECTION ( 'NONE',  ( 0.0000000000000000000, 0.0000000000000000000, 1.000000000000000000 ) ) ;
#1346 = EDGE_CURVE ( 'NONE', #4919, #3899, #724, .T. ) ;
#1347 = DIRECTION ( 'NONE',  ( 0.0000000000000000000, 0.0000000000000000000, -1.000000000000000000 ) ) ;
#1348 = AXIS2_PLACEMENT_3D ( 'NONE', #2412, #4805, #2976 ) ;
#1349 = STYLED_ITEM ( 'NONE', ( #5756 ), #3382 ) ;
#1350 = AXIS2_PLACEMENT_3D ( 'NONE', #5015, #3095, #2683 ) ;
#1351 = DIRECTION ( 'NONE',  ( 0.0000000000000000000, 1.000000000000000000, 0.0000000000000000000 ) ) ;
#1352 = FACE_OUTER_BOUND ( 'NONE', #3134, .T. ) ;
#1353 = DIRECTION ( 'NONE',  ( 0.0000000000000000000, 1.000000000000000000, 0.0000000000000000000 ) ) ;
#1354 = EDGE_CURVE ( 'NONE', #2712, #133, #5367, .T. ) ;
#1355 = DIRECTION ( 'NONE',  ( 0.0000000000000000000, 0.0000000000000000000, -1.000000000000000000 ) ) ;
#1356 = DIRECTION ( 'NONE',  ( 0.0000000000000000000, 1.000000000000000000, 0.0000000000000000000 ) ) ;
#1357 = SURFACE_SIDE_STYLE ('',( #5466 ) ) ;
#1358 = VERTEX_POINT ( 'NONE', #2077 ) ;
#1359 = ORIENTED_EDGE ( 'NONE', *, *, #3989, .F. ) ;
#1360 = ADVANCED_FACE ( 'NONE', ( #3916 ), #3486, .T. ) ;
#1362 = FACE_OUTER_BOUND ( 'NONE', #911, .T. ) ;
#1361 = SURFACE_STYLE_FILL_AREA ( #951 ) ;
#1363 = DIRECTION ( 'NONE',  ( -0.0000000000000000000, -1.000000000000000000, -0.0000000000000000000 ) ) ;
#1364 = VERTEX_POINT ( 'NONE', #3949 ) ;
#1365 = DIRECTION ( 'NONE',  ( 1.000000000000000000, 0.0000000000000000000, -0.0000000000000000000 ) ) ;
#1366 = ORIENTED_EDGE ( 'NONE', *, *, #238, .F. ) ;
#1367 = CYLINDRICAL_SURFACE ( 'NONE', #2829, 0.04749999999999999362 ) ;
#1368 = DIRECTION ( 'NONE',  ( -0.0000000000000000000, 1.000000000000000000, -0.0000000000000000000 ) ) ;
#1369 = CARTESIAN_POINT ( 'NONE',  ( 0.0000000000000000000, 0.04399999999999999745, -0.1320000000000000062 ) ) ;
#1370 = ORIENTED_EDGE ( 'NONE', *, *, #1354, .F. ) ;
#1371 = ORIENTED_EDGE ( 'NONE', *, *, #3398, .T. ) ;
#1372 = ORIENTED_EDGE ( 'NONE', *, *, #4582, .T. ) ;
#1373 = FILL_AREA_STYLE ('',( #5051 ) ) ;
#1374 = CARTESIAN_POINT ( 'NONE',  ( 0.0000000000000000000, 0.2550000000000000044, -0.1849999999999999978 ) ) ;
#1375 = LENGTH_MEASURE_WITH_UNIT ( LENGTH_MEASURE( 0.02539999999999999897 ), #4980 );
#1376 =( LENGTH_UNIT ( ) NAMED_UNIT ( * ) SI_UNIT ( $, .METRE. ) );
#1377 = EDGE_CURVE ( 'NONE', #2132, #4707, #2398, .T. ) ;
#1378 = DIRECTION ( 'NONE',  ( 0.0000000000000000000, -1.000000000000000000, 0.0000000000000000000 ) ) ;
#1379 = FILL_AREA_STYLE ('',( #1831 ) ) ;
#1380 = PRESENTATION_STYLE_ASSIGNMENT (( #5488 ) ) ;
#1381 = ORIENTED_EDGE ( 'NONE', *, *, #4235, .F. ) ;
#1382 = EDGE_CURVE ( 'NONE', #4539, #1424, #2867, .T. ) ;
#1384 = FACE_BOUND ( 'NONE', #4611, .T. ) ;
#1383 =( NAMED_UNIT ( * ) SI_UNIT ( $, .STERADIAN. ) SOLID_ANGLE_UNIT ( ) );
#1385 =( NAMED_UNIT ( * ) PLANE_ANGLE_UNIT ( ) SI_UNIT ( $, .RADIAN. ) );
#1386 = ORIENTED_EDGE ( 'NONE', *, *, #4775, .F. ) ;
#1387 = ORIENTED_EDGE ( 'NONE', *, *, #553, .T. ) ;
#1388 = CARTESIAN_POINT ( 'NONE',  ( 0.0000000000000000000, 0.1499999999999999944, 0.0000000000000000000 ) ) ;
#1389 = AXIS2_PLACEMENT_3D ( 'NONE', #204, #719, #2430 ) ;
#1390 = ORIENTED_EDGE ( 'NONE', *, *, #4606, .F. ) ;
#1391 = CYLINDRICAL_SURFACE ( 'NONE', #1785, 0.1849999999999999978 ) ;
#1392 = DIRECTION ( 'NONE',  ( 1.000000000000000000, 0.0000000000000000000, -0.0000000000000000000 ) ) ;
#1393 = PLANE ( 'NONE',  #3914 ) ;
#1394 = ORIENTED_EDGE ( 'NONE', *, *, #2261, .F. ) ;
#1395 = ORIENTED_EDGE ( 'NONE', *, *, #4968, .T. ) ;
#1396 = ORIENTED_EDGE ( 'NONE', *, *, #4444, .F. ) ;
#1397 = AXIS2_PLACEMENT_3D ( 'NONE', #2525, #2418, #4340 ) ;
#1398 = DIRECTION ( 'NONE',  ( 0.0000000000000000000, 0.0000000000000000000, 1.000000000000000000 ) ) ;
#1399 = CARTESIAN_POINT ( 'NONE',  ( 2.265596578422603655E-17, 0.2439999999999999669, 0.1849999999999999978 ) ) ;
#1400 = MECHANICAL_DESIGN_GEOMETRIC_PRESENTATION_REPRESENTATION (  '', ( #756 ), #3509 ) ;
#1401 = CIRCLE ( 'NONE', #479, 0.1469999999999999918 ) ;
#1402 = VECTOR ( 'NONE', #5412, 39.37007874015748143 ) ;
#1403 = SURFACE_STYLE_USAGE ( .BOTH. , #4551 ) ;
#1404 = LINE ( 'NONE', #3230, #2295 ) ;
#1405 = VECTOR ( 'NONE', #4724, 39.37007874015748143 ) ;
#1406 = AXIS2_PLACEMENT_3D ( 'NONE', #4136, #1849, #4583 ) ;
#1407 = COLOUR_RGB ( '',0.7960784313725489669, 0.6039215686274509443, 0.2313725490196078538 ) ;
#1408 = CYLINDRICAL_SURFACE ( 'NONE', #3642, 0.02000000000000000042 ) ;
#1409 = AXIS2_PLACEMENT_3D ( 'NONE', #2394, #4636, #590 ) ;
#1410 = DIRECTION ( 'NONE',  ( 0.0000000000000000000, 0.0000000000000000000, -1.000000000000000000 ) ) ;
#1411 = VERTEX_POINT ( 'NONE', #5682 ) ;
#1412 = DIRECTION ( 'NONE',  ( -1.000000000000000000, 0.0000000000000000000, -0.0000000000000000000 ) ) ;
#1413 = EDGE_CURVE ( 'NONE', #692, #3525, #1605, .T. ) ;
#1414 = AXIS2_PLACEMENT_3D ( 'NONE', #2814, #2871, #3778 ) ;
#1415 = EDGE_CURVE ( 'NONE', #3781, #2467, #4986, .T. ) ;
#1416 = LINE ( 'NONE', #1775, #1783 ) ;
#1417 = DIRECTION ( 'NONE',  ( -0.8580815062912183766, 0.0000000000000000000, -0.5135135135135135975 ) ) ;
#1418 = ORIENTED_EDGE ( 'NONE', *, *, #592, .F. ) ;
#1419 = CARTESIAN_POINT ( 'NONE',  ( 0.0000000000000000000, 0.1739999999999999880, 0.0000000000000000000 ) ) ;
#1420 = ORIENTED_EDGE ( 'NONE', *, *, #4662, .T. ) ;
#1421 = LENGTH_MEASURE_WITH_UNIT ( LENGTH_MEASURE( 0.02539999999999999897 ), #4627 );
#1422 = FACE_OUTER_BOUND ( 'NONE', #5209, .T. ) ;
#1423 = CARTESIAN_POINT ( 'NONE',  ( 0.0000000000000000000, 0.2750000000000000222, 0.0000000000000000000 ) ) ;
#1424 = VERTEX_POINT ( 'NONE', #3006 ) ;
#1425 = ORIENTED_EDGE ( 'NONE', *, *, #4775, .T. ) ;
#1426 = ORIENTED_EDGE ( 'NONE', *, *, #5580, .T. ) ;
#1427 =( CONVERSION_BASED_UNIT ( 'INCH', #2283 ) LENGTH_UNIT ( ) NAMED_UNIT ( #5251 ) );
#1428 = EDGE_CURVE ( 'NONE', #56, #1479, #2644, .T. ) ;
#1429 = CIRCLE ( 'NONE', #5724, 0.1849999999999999978 ) ;
#1430 = VECTOR ( 'NONE', #5537, 39.37007874015748143 ) ;
#1431 = DIRECTION ( 'NONE',  ( 0.0000000000000000000, 1.000000000000000000, 0.0000000000000000000 ) ) ;
#1432 = DIRECTION ( 'NONE',  ( 0.0000000000000000000, 0.0000000000000000000, 1.000000000000000000 ) ) ;
#1433 = DIRECTION ( 'NONE',  ( 0.0000000000000000000, 0.0000000000000000000, 1.000000000000000000 ) ) ;
#1434 = VECTOR ( 'NONE', #1603, 39.37007874015748854 ) ;
#1435 = CARTESIAN_POINT ( 'NONE',  ( 0.0000000000000000000, 0.1950000000000000067, 0.0000000000000000000 ) ) ;
#1436 = AXIS2_PLACEMENT_3D ( 'NONE', #1729, #3100, #814 ) ;
#1437 = DIRECTION ( 'NONE',  ( -0.0000000000000000000, -1.000000000000000000, -0.0000000000000000000 ) ) ;
#1438 =( NAMED_UNIT ( * ) SI_UNIT ( $, .STERADIAN. ) SOLID_ANGLE_UNIT ( ) );
#1439 = DIRECTION ( 'NONE',  ( 0.0000000000000000000, -0.0000000000000000000, 1.000000000000000000 ) ) ;
#1440 = CARTESIAN_POINT ( 'NONE',  ( 0.0000000000000000000, 0.0000000000000000000, 0.0000000000000000000 ) ) ;
#1441 = EDGE_CURVE ( 'NONE', #953, #5172, #5730, .T. ) ;
#1442 = B_SPLINE_CURVE_WITH_KNOTS ( 'NONE', 3,
 ( #4440, #4070, #923, #4476 ),
 .UNSPECIFIED., .F., .F.,
 ( 4, 4 ),
 ( 8.027698644935630641E-15, 0.0001851540840336332518 ),
 .UNSPECIFIED. ) ;
#1443 = PRESENTATION_STYLE_ASSIGNMENT (( #4536 ) ) ;
#1444 = DIRECTION ( 'NONE',  ( 0.0000000000000000000, 0.0000000000000000000, 1.000000000000000000 ) ) ;
#1445 = EDGE_CURVE ( 'NONE', #3739, #2573, #3168, .T. ) ;
#1446 = SURFACE_STYLE_USAGE ( .BOTH. , #5523 ) ;
#1447 = VERTEX_POINT ( 'NONE', #1753 ) ;
#1448 = ORIENTED_EDGE ( 'NONE', *, *, #2001, .T. ) ;
#1449 = LINE ( 'NONE', #96, #2930 ) ;
#1450 = DIRECTION ( 'NONE',  ( 0.0000000000000000000, -1.000000000000000000, 0.0000000000000000000 ) ) ;
#1451 = EDGE_LOOP ( 'NONE', ( #2581, #11 ) ) ;
#1452 = VERTEX_POINT ( 'NONE', #3553 ) ;
#1453 = VERTEX_POINT ( 'NONE', #5437 ) ;
#1454 = DIRECTION ( 'NONE',  ( 0.0000000000000000000, 1.000000000000000000, 0.0000000000000000000 ) ) ;
#1455 = DIRECTION ( 'NONE',  ( -0.0000000000000000000, 0.0000000000000000000, -1.000000000000000000 ) ) ;
#1456 = LINE ( 'NONE', #1880, #1430 ) ;
#1457 = EDGE_CURVE ( 'NONE', #898, #5082, #604, .T. ) ;
#1458 = CARTESIAN_POINT ( 'NONE',  ( -9.639569805745200661E-18, 0.2740000000000000213, 3.875786328529849706E-18 ) ) ;
#1459 =( NAMED_UNIT ( * ) PLANE_ANGLE_UNIT ( ) SI_UNIT ( $, .RADIAN. ) );
#1460 = EDGE_LOOP ( 'NONE', ( #4478, #2686 ) ) ;
#1461 =( NAMED_UNIT ( * ) PLANE_ANGLE_UNIT ( ) SI_UNIT ( $, .RADIAN. ) );
#1462 = CARTESIAN_POINT ( 'NONE',  ( 0.06900000000000000577, 0.3420000000000000262, 0.1899999999999999745 ) ) ;
#1463 = EDGE_CURVE ( 'NONE', #3043, #4926, #3939, .T. ) ;
#1464 = FILL_AREA_STYLE ('',( #4163 ) ) ;
#1465 = APPLICATION_PROTOCOL_DEFINITION ( 'draft international standard', 'automotive_design', 1998, #2403 ) ;
#1466 = FILL_AREA_STYLE_COLOUR ( '', #1804 ) ;
#1467 = CARTESIAN_POINT ( 'NONE',  ( 0.0000000000000000000, 0.2640000000000000124, 0.0000000000000000000 ) ) ;
#1468 = UNCERTAINTY_MEASURE_WITH_UNIT (LENGTH_MEASURE( 1.000000000000000082E-05 ), #5061, 'distance_accuracy_value', 'NONE');
#1469 = ORIENTED_EDGE ( 'NONE', *, *, #1026, .T. ) ;
#1471 =( LENGTH_UNIT ( ) NAMED_UNIT ( * ) SI_UNIT ( $, .METRE. ) );
#1470 = DIRECTION ( 'NONE',  ( -0.0000000000000000000, 1.000000000000000000, -0.0000000000000000000 ) ) ;
#1472 = EDGE_CURVE ( 'NONE', #4246, #5872, #1442, .T. ) ;
#1473 = DIRECTION ( 'NONE',  ( -0.0000000000000000000, 1.000000000000000000, -0.0000000000000000000 ) ) ;
#1474 = ORIENTED_EDGE ( 'NONE', *, *, #130, .F. ) ;
#1476 = CARTESIAN_POINT ( 'NONE',  ( -9.639569805745200661E-18, 0.2340000000000000135, 3.875786328529849706E-18 ) ) ;
#1475 = CARTESIAN_POINT ( 'NONE',  ( -0.02979729729729730173, -0.04499999999999999833, -0.1439483277908309988 ) ) ;
#1477 = LINE ( 'NONE', #3792, #788 ) ;
#1478 = SURFACE_STYLE_USAGE ( .BOTH. , #2886 ) ;
#1479 = VERTEX_POINT ( 'NONE', #3610 ) ;
#1480 = ORIENTED_EDGE ( 'NONE', *, *, #5002, .T. ) ;
#1481 = DIRECTION ( 'NONE',  ( 0.0000000000000000000, 1.000000000000000000, 0.0000000000000000000 ) ) ;
#1482 = PRESENTATION_STYLE_ASSIGNMENT (( #2750 ) ) ;
#1483 = EDGE_CURVE ( 'NONE', #1505, #291, #901, .T. ) ;
#1484 = DIRECTION ( 'NONE',  ( 0.0000000000000000000, -0.0000000000000000000, 1.000000000000000000 ) ) ;
#1485 = CIRCLE ( 'NONE', #934, 0.1849999999999999978 ) ;
#1486 = AXIS2_PLACEMENT_3D ( 'NONE', #2577, #2164, #5400 ) ;
#1487 = DIRECTION ( 'NONE',  ( 0.0000000000000000000, 0.0000000000000000000, 1.000000000000000000 ) ) ;
#1488 = CARTESIAN_POINT ( 'NONE',  ( 5.817072295949927179E-18, 0.1499999999999999944, -0.04749999999999999362 ) ) ;
#1489 = ORIENTED_EDGE ( 'NONE', *, *, #2244, .T. ) ;
#1490 = VECTOR ( 'NONE', #423, 39.37007874015748143 ) ;
#1491 = AXIS2_PLACEMENT_3D ( 'NONE', #397, #3101, #3955 ) ;
#1492 = LINE ( 'NONE', #3318, #4402 ) ;
#1493 = FACE_BOUND ( 'NONE', #783, .T. ) ;
#1494 = AXIS2_PLACEMENT_3D ( 'NONE', #5341, #4863, #3420 ) ;
#1495 = AXIS2_PLACEMENT_3D ( 'NONE', #4937, #5793, #5452 ) ;
#1496 = CARTESIAN_POINT ( 'NONE',  ( -0.08899999999999999578, 0.3420000000000000262, 0.1899999999999999745 ) ) ;
#1497 = VECTOR ( 'NONE', #2910, 39.37007874015748143 ) ;
#1498 = FILL_AREA_STYLE_COLOUR ( '', #1154 ) ;
#1499 = DIMENSIONAL_EXPONENTS ( 1.000000000000000000, 0.0000000000000000000, 0.0000000000000000000, 0.0000000000000000000, 0.0000000000000000000, 0.0000000000000000000, 0.0000000000000000000 ) ;
#1500 = EDGE_LOOP ( 'NONE', ( #2512, #2478, #1904, #5402 ) ) ;
#1501 = EDGE_CURVE ( 'NONE', #5759, #1960, #5845, .T. ) ;
#1502 = LENGTH_MEASURE_WITH_UNIT ( LENGTH_MEASURE( 0.02539999999999999897 ), #4708 );
#1503 =( NAMED_UNIT ( * ) PLANE_ANGLE_UNIT ( ) SI_UNIT ( $, .RADIAN. ) );
#1504 = DIRECTION ( 'NONE',  ( 0.0000000000000000000, 0.0000000000000000000, -1.000000000000000000 ) ) ;
#1505 = VERTEX_POINT ( 'NONE', #5346 ) ;
#1506 = ORIENTED_EDGE ( 'NONE', *, *, #2806, .T. ) ;
#1507 = AXIS2_PLACEMENT_3D ( 'NONE', #1458, #70, #559 ) ;
#1508 = CIRCLE ( 'NONE', #3136, 0.02000000000000000042 ) ;
#1510 = CYLINDRICAL_SURFACE ( 'NONE', #1792, 0.02000000000000000042 ) ;
#1509 = DIRECTION ( 'NONE',  ( -1.000000000000000000, 0.0000000000000000000, -0.0000000000000000000 ) ) ;
#1511 = CARTESIAN_POINT ( 'NONE',  ( 0.0000000000000000000, 0.05000000000000000278, 0.0000000000000000000 ) ) ;
#1512 = CARTESIAN_POINT ( 'NONE',  ( 0.02000000000000000042, 0.0000000000000000000, 0.1899999999999999745 ) ) ;
#1513 = ORIENTED_EDGE ( 'NONE', *, *, #5563, .F. ) ;
#1514 = ORIENTED_EDGE ( 'NONE', *, *, #2367, .T. ) ;
#1515 = FACE_OUTER_BOUND ( 'NONE', #2951, .T. ) ;
#1516 = DIRECTION ( 'NONE',  ( 0.0000000000000000000, 0.0000000000000000000, -1.000000000000000000 ) ) ;
#1517 = VECTOR ( 'NONE', #4212, 39.37007874015748143 ) ;
#1518 = EDGE_CURVE ( 'NONE', #2387, #5077, #1059, .T. ) ;
#1519 = AXIS2_PLACEMENT_3D ( 'NONE', #622, #1050, #2865 ) ;
#1520 = CARTESIAN_POINT ( 'NONE',  ( 0.0000000000000000000, 0.1499999999999999944, 0.0000000000000000000 ) ) ;
#1521 = CIRCLE ( 'NONE', #5451, 0.1849999999999999978 ) ;
#1522 = FACE_OUTER_BOUND ( 'NONE', #4432, .T. ) ;
#1523 = DIRECTION ( 'NONE',  ( 0.0000000000000000000, 0.0000000000000000000, 1.000000000000000000 ) ) ;
#1524 = EDGE_CURVE ( 'NONE', #4694, #3091, #2311, .T. ) ;
#1525 = DIRECTION ( 'NONE',  ( 0.0000000000000000000, -0.0000000000000000000, 1.000000000000000000 ) ) ;
#1526 = PLANE ( 'NONE',  #4214 ) ;
#1527 = VECTOR ( 'NONE', #735, 39.37007874015748143 ) ;
#1528 = AXIS2_PLACEMENT_3D ( 'NONE', #4725, #3898, #5695 ) ;
#1529 = CARTESIAN_POINT ( 'NONE',  ( 5.817072295949927179E-18, 0.1549999999999999989, -0.04749999999999999362 ) ) ;
#1530 = DIRECTION ( 'NONE',  ( 0.0000000000000000000, -0.0000000000000000000, 1.000000000000000000 ) ) ;
#1531 = AXIS2_PLACEMENT_3D ( 'NONE', #2286, #4113, #1283 ) ;
#1532 =( GEOMETRIC_REPRESENTATION_CONTEXT ( 3 ) GLOBAL_UNCERTAINTY_ASSIGNED_CONTEXT ( ( #3502 ) ) GLOBAL_UNIT_ASSIGNED_CONTEXT ( ( #5268, #5760, #5357 ) ) REPRESENTATION_CONTEXT ( 'NONE', 'WORKASPACE' ) );
#1533 = DIRECTION ( 'NONE',  ( 0.0000000000000000000, 1.000000000000000000, -0.0000000000000000000 ) ) ;
#1534 = ORIENTED_EDGE ( 'NONE', *, *, #1137, .T. ) ;
#1535 = CIRCLE ( 'NONE', #2778, 0.1849999999999999978 ) ;
#1536 = ORIENTED_EDGE ( 'NONE', *, *, #2235, .T. ) ;
#1537 = CARTESIAN_POINT ( 'NONE',  ( 0.0000000000000000000, 0.2839999999999999747, 0.04749999999999999362 ) ) ;
#1538 = ADVANCED_FACE ( 'NONE', ( #359 ), #3579, .T. ) ;
#1539 = ORIENTED_EDGE ( 'NONE', *, *, #1295, .F. ) ;
#1540 = DIMENSIONAL_EXPONENTS ( 1.000000000000000000, 0.0000000000000000000, 0.0000000000000000000, 0.0000000000000000000, 0.0000000000000000000, 0.0000000000000000000, 0.0000000000000000000 ) ;
#1541 = LINE ( 'NONE', #3365, #653 ) ;
#1542 = DIRECTION ( 'NONE',  ( 0.0000000000000000000, 1.000000000000000000, 0.0000000000000000000 ) ) ;
#1543 = CARTESIAN_POINT ( 'NONE',  ( 0.0000000000000000000, 0.1849999999999999978, -0.1849999999999999978 ) ) ;
#1544 = VERTEX_POINT ( 'NONE', #4099 ) ;
#1545 = ORIENTED_EDGE ( 'NONE', *, *, #4345, .T. ) ;
#1546 = ORIENTED_EDGE ( 'NONE', *, *, #249, .T. ) ;
#1547 = ORIENTED_EDGE ( 'NONE', *, *, #2975, .F. ) ;
#1548 =( NAMED_UNIT ( * ) SI_UNIT ( $, .STERADIAN. ) SOLID_ANGLE_UNIT ( ) );
#1549 = PLANE ( 'NONE',  #169 ) ;
#1550 = DIRECTION ( 'NONE',  ( 0.0000000000000000000, 1.000000000000000000, 0.0000000000000000000 ) ) ;
#1551 = CARTESIAN_POINT ( 'NONE',  ( 0.0000000000000000000, 0.3099999999999999978, 0.0000000000000000000 ) ) ;
#1552 = DIRECTION ( 'NONE',  ( 0.0000000000000000000, 1.000000000000000000, 0.0000000000000000000 ) ) ;
#1553 = EDGE_CURVE ( 'NONE', #2387, #4769, #2174, .T. ) ;
#1554 = PLANE ( 'NONE',  #2832 ) ;
#1555 =( LENGTH_UNIT ( ) NAMED_UNIT ( * ) SI_UNIT ( $, .METRE. ) );
#1556 = EDGE_CURVE ( 'NONE', #4540, #1960, #3646, .T. ) ;
#1557 = EDGE_CURVE ( 'NONE', #638, #3085, #2297, .T. ) ;
#1558 = CARTESIAN_POINT ( 'NONE',  ( 0.0000000000000000000, 0.2839999999999999747, -0.1849999999999999978 ) ) ;
#1559 = DIRECTION ( 'NONE',  ( 1.000000000000000000, 0.0000000000000000000, -0.0000000000000000000 ) ) ;
#1560 = FACE_OUTER_BOUND ( 'NONE', #780, .T. ) ;
#1561 = DIRECTION ( 'NONE',  ( 0.0000000000000000000, 0.0000000000000000000, 1.000000000000000000 ) ) ;
#1562 = ORIENTED_EDGE ( 'NONE', *, *, #2631, .T. ) ;
#1563 = ADVANCED_FACE ( 'NONE', ( #4510 ), #5810, .T. ) ;
#1564 = EDGE_LOOP ( 'NONE', ( #761, #3174, #3556, #3875 ) ) ;
#1566 = PLANE ( 'NONE',  #167 ) ;
#1565 = CARTESIAN_POINT ( 'NONE',  ( -0.1920000000000000040, 0.04399999999999999745, 0.02000000000000000042 ) ) ;
#1567 = EDGE_LOOP ( 'NONE', ( #4512, #3697 ) ) ;
#1568 = ORIENTED_EDGE ( 'NONE', *, *, #3254, .T. ) ;
#1569 = EDGE_CURVE ( 'NONE', #2438, #4338, #4126, .T. ) ;
#1571 = DIRECTION ( 'NONE',  ( 0.0000000000000000000, 0.0000000000000000000, 1.000000000000000000 ) ) ;
#1570 = CARTESIAN_POINT ( 'NONE',  ( 0.1272752921819469973, -0.03099999999999999978, -0.03500000000000000333 ) ) ;
#1572 = CARTESIAN_POINT ( 'NONE',  ( 0.1794435844492650034, 0.05000000000000000278, -0.04500000000000029671 ) ) ;
#1573 =( CONVERSION_BASED_UNIT ( 'INCH', #181 ) LENGTH_UNIT ( ) NAMED_UNIT ( #3928 ) );
#1574 = ORIENTED_EDGE ( 'NONE', *, *, #4874, .F. ) ;
#1575 = EDGE_LOOP ( 'NONE', ( #575, #1716, #4718, #1986 ) ) ;
#1576 = ORIENTED_EDGE ( 'NONE', *, *, #3543, .T. ) ;
#1577 = DIRECTION ( 'NONE',  ( 0.0000000000000000000, 0.0000000000000000000, 1.000000000000000000 ) ) ;
#1578 = CARTESIAN_POINT ( 'NONE',  ( 0.0000000000000000000, 0.0000000000000000000, 0.0000000000000000000 ) ) ;
#1579 = EDGE_CURVE ( 'NONE', #4013, #4760, #3845, .T. ) ;
#1580 =( LENGTH_UNIT ( ) NAMED_UNIT ( * ) SI_UNIT ( $, .METRE. ) );
#1581 = PLANE ( 'NONE',  #2548 ) ;
#1582 = FACE_OUTER_BOUND ( 'NONE', #2587, .T. ) ;
#1583 = DIMENSIONAL_EXPONENTS ( 1.000000000000000000, 0.0000000000000000000, 0.0000000000000000000, 0.0000000000000000000, 0.0000000000000000000, 0.0000000000000000000, 0.0000000000000000000 ) ;
#1584 = FILL_AREA_STYLE_COLOUR ( '', #4094 ) ;
#1585 = DIRECTION ( 'NONE',  ( 0.0000000000000000000, 0.0000000000000000000, 1.000000000000000000 ) ) ;
#1586 = PRODUCT_CONTEXT ( 'NONE', #1004, 'mechanical' ) ;
#1587 = CARTESIAN_POINT ( 'NONE',  ( 0.0000000000000000000, 0.2839999999999999747, 0.0000000000000000000 ) ) ;
#1588 = CYLINDRICAL_SURFACE ( 'NONE', #4389, 0.1320000000000000062 ) ;
#1589 = AXIS2_PLACEMENT_3D ( 'NONE', #216, #3435, #5614 ) ;
#1590 = CIRCLE ( 'NONE', #1307, 0.1469999999999999918 ) ;
#1591 = ADVANCED_FACE ( 'NONE', ( #31 ), #810, .T. ) ;
#1592 = EDGE_LOOP ( 'NONE', ( #2979, #1669 ) ) ;
#1593 = CIRCLE ( 'NONE', #3031, 0.04749999999999999362 ) ;
#1595 = SURFACE_STYLE_USAGE ( .BOTH. , #3821 ) ;
#1594 = FACE_OUTER_BOUND ( 'NONE', #5307, .T. ) ;
#1596 = AXIS2_PLACEMENT_3D ( 'NONE', #3552, #1265, #4007 ) ;
#1597 = VERTEX_POINT ( 'NONE', #1948 ) ;
#1598 = EDGE_CURVE ( 'NONE', #5063, #343, #1692, .T. ) ;
#1599 = VERTEX_POINT ( 'NONE', #3241 ) ;
#1600 = AXIS2_PLACEMENT_3D ( 'NONE', #1769, #44, #2196 ) ;
#1601 = AXIS2_PLACEMENT_3D ( 'NONE', #4612, #5564, #2749 ) ;
#1602 = ORIENTED_EDGE ( 'NONE', *, *, #2111, .F. ) ;
#1604 = DIRECTION ( 'NONE',  ( 0.0000000000000000000, -0.0000000000000000000, -1.000000000000000000 ) ) ;
#1603 = DIRECTION ( 'NONE',  ( -0.8580815062912166002, 0.0000000000000000000, 0.5135135135135165951 ) ) ;
#1605 = LINE ( 'NONE', #2977, #2491 ) ;
#1606 = PRESENTATION_LAYER_ASSIGNMENT (  '', '', ( #2184 ) ) ;
#1607 = DIRECTION ( 'NONE',  ( 1.545060037967069995E-16, 0.0000000000000000000, -1.000000000000000000 ) ) ;
#1608 = ORIENTED_EDGE ( 'NONE', *, *, #897, .T. ) ;
#1609 = VERTEX_POINT ( 'NONE', #546 ) ;
#1610 = EDGE_LOOP ( 'NONE', ( #2759, #5041, #726, #2670 ) ) ;
#1611 = ORIENTED_EDGE ( 'NONE', *, *, #2211, .T. ) ;
#1612 = DIRECTION ( 'NONE',  ( -0.0000000000000000000, -1.000000000000000000, -0.0000000000000000000 ) ) ;
#1613 = CYLINDRICAL_SURFACE ( 'NONE', #4644, 0.04749999999999999362 ) ;
#1614 = VECTOR ( 'NONE', #3793, 39.37007874015748143 ) ;
#1615 = CARTESIAN_POINT ( 'NONE',  ( 0.0000000000000000000, 0.2139999999999999958, 0.0000000000000000000 ) ) ;
#1616 =( NAMED_UNIT ( * ) SI_UNIT ( $, .STERADIAN. ) SOLID_ANGLE_UNIT ( ) );
#1617 = LINE ( 'NONE', #2924, #1148 ) ;
#1618 = EDGE_LOOP ( 'NONE', ( #2590, #704, #959, #669 ) ) ;
#1619 = EDGE_CURVE ( 'NONE', #145, #961, #4601, .T. ) ;
#1620 = FACE_OUTER_BOUND ( 'NONE', #5501, .T. ) ;
#1621 = CARTESIAN_POINT ( 'NONE',  ( 0.0000000000000000000, 0.1650000000000000078, -0.1849999999999999978 ) ) ;
#1622 = CIRCLE ( 'NONE', #1914, 0.04749999999999999362 ) ;
#1623 = COLOUR_RGB ( '',0.7960784313725489669, 0.6039215686274509443, 0.2313725490196078538 ) ;
#1624 = SURFACE_SIDE_STYLE ('',( #4427 ) ) ;
#1625 =( LENGTH_UNIT ( ) NAMED_UNIT ( * ) SI_UNIT ( $, .METRE. ) );
#1626 = DIRECTION ( 'NONE',  ( -0.0000000000000000000, -1.000000000000000000, -0.0000000000000000000 ) ) ;
#1627 = AXIS2_PLACEMENT_3D ( 'NONE', #4461, #2668, #892 ) ;
#1628 = CYLINDRICAL_SURFACE ( 'NONE', #593, 0.1849999999999999978 ) ;
#1629 = MECHANICAL_DESIGN_GEOMETRIC_PRESENTATION_REPRESENTATION (  '', ( #4209 ), #2767 ) ;
#1630 = DIMENSIONAL_EXPONENTS ( 1.000000000000000000, 0.0000000000000000000, 0.0000000000000000000, 0.0000000000000000000, 0.0000000000000000000, 0.0000000000000000000, 0.0000000000000000000 ) ;
#1631 = VERTEX_POINT ( 'NONE', #120 ) ;
#1632 = AXIS2_PLACEMENT_3D ( 'NONE', #821, #798, #408 ) ;
#1633 = AXIS2_PLACEMENT_3D ( 'NONE', #4319, #218, #5855 ) ;
#1635 = LINE ( 'NONE', #4829, #927 ) ;
#1634 =( NAMED_UNIT ( * ) PLANE_ANGLE_UNIT ( ) SI_UNIT ( $, .RADIAN. ) );
#1636 = VERTEX_POINT ( 'NONE', #5073 ) ;
#1637 = EDGE_CURVE ( 'NONE', #1940, #1959, #172, .T. ) ;
#1638 = AXIS2_PLACEMENT_3D ( 'NONE', #3378, #5737, #1655 ) ;
#1639 = AXIS2_PLACEMENT_3D ( 'NONE', #1305, #1670, #3131 ) ;
#1640 = VECTOR ( 'NONE', #3977, 39.37007874015748143 ) ;
#1641 = ORIENTED_EDGE ( 'NONE', *, *, #2662, .F. ) ;
#1643 = FILL_AREA_STYLE ('',( #2076 ) ) ;
#1642 = CARTESIAN_POINT ( 'NONE',  ( 9.639569805745200661E-18, 0.0000000000000000000, 0.1899999999999999745 ) ) ;
#1644 = DIRECTION ( 'NONE',  ( 0.0000000000000000000, -1.000000000000000000, 0.0000000000000000000 ) ) ;
#1645 = SURFACE_STYLE_USAGE ( .BOTH. , #2499 ) ;
#1646 = VERTEX_POINT ( 'NONE', #3329 ) ;
#1647 = ORIENTED_EDGE ( 'NONE', *, *, #1204, .T. ) ;
#1648 = LINE ( 'NONE', #2954, #3510 ) ;
#1649 = FILL_AREA_STYLE_COLOUR ( '', #1702 ) ;
#1650 = DIRECTION ( 'NONE',  ( 0.0000000000000000000, 1.000000000000000000, 0.0000000000000000000 ) ) ;
#1651 = ORIENTED_EDGE ( 'NONE', *, *, #3776, .F. ) ;
#1652 = DIRECTION ( 'NONE',  ( -1.000000000000000000, -0.0000000000000000000, 0.0000000000000000000 ) ) ;
#1653 = UNCERTAINTY_MEASURE_WITH_UNIT (LENGTH_MEASURE( 1.000000000000000082E-05 ), #1262, 'distance_accuracy_value', 'NONE');
#1654 = ADVANCED_FACE ( 'NONE', ( #2409 ), #5126, .T. ) ;
#1655 = DIRECTION ( 'NONE',  ( 0.0000000000000000000, -0.0000000000000000000, -1.000000000000000000 ) ) ;
#1656 = CARTESIAN_POINT ( 'NONE',  ( 0.0000000000000000000, 0.2340000000000000135, 0.04749999999999999362 ) ) ;
#1657 = DIRECTION ( 'NONE',  ( 0.0000000000000000000, 1.000000000000000000, 0.0000000000000000000 ) ) ;
#1658 = CARTESIAN_POINT ( 'NONE',  ( 0.0000000000000000000, -0.04499999999999999833, 0.0000000000000000000 ) ) ;
#1659 = DIRECTION ( 'NONE',  ( 0.0000000000000000000, -0.0000000000000000000, 1.000000000000000000 ) ) ;
#1660 = EDGE_CURVE ( 'NONE', #5040, #34, #3997, .T. ) ;
#1661 = VERTEX_POINT ( 'NONE', #2846 ) ;
#1663 = DIRECTION ( 'NONE',  ( 0.0000000000000000000, 1.000000000000000000, 0.0000000000000000000 ) ) ;
#1662 = FILL_AREA_STYLE ('',( #778 ) ) ;
#1664 = ORIENTED_EDGE ( 'NONE', *, *, #1953, .T. ) ;
#1665 = DIRECTION ( 'NONE',  ( 1.000000000000000000, 0.0000000000000000000, -0.0000000000000000000 ) ) ;
#1666 = CARTESIAN_POINT ( 'NONE',  ( 0.0000000000000000000, 0.1650000000000000078, 0.0000000000000000000 ) ) ;
#1667 = ORIENTED_EDGE ( 'NONE', *, *, #1773, .F. ) ;
#1668 = VERTEX_POINT ( 'NONE', #1063 ) ;
#1669 = ORIENTED_EDGE ( 'NONE', *, *, #1847, .T. ) ;
#1670 = DIRECTION ( 'NONE',  ( 0.0000000000000000000, 1.000000000000000000, 0.0000000000000000000 ) ) ;
#1671 = LENGTH_MEASURE_WITH_UNIT ( LENGTH_MEASURE( 0.02539999999999999897 ), #2554 );
#1672 = ORIENTED_EDGE ( 'NONE', *, *, #3281, .T. ) ;
#1673 = FILL_AREA_STYLE ('',( #1166 ) ) ;
#1674 = SURFACE_STYLE_USAGE ( .BOTH. , #1193 ) ;
#1675 = DIRECTION ( 'NONE',  ( 0.0000000000000000000, 1.000000000000000000, 0.0000000000000000000 ) ) ;
#1676 = DIRECTION ( 'NONE',  ( -0.0000000000000000000, 1.000000000000000000, -0.0000000000000000000 ) ) ;
#1677 = ADVANCED_FACE ( 'NONE', ( #5039 ), #4239, .F. ) ;
#1678 = PLANE ( 'NONE',  #505 ) ;
#1679 = FACE_OUTER_BOUND ( 'NONE', #5721, .T. ) ;
#1680 = DIRECTION ( 'NONE',  ( 1.000000000000000000, 0.0000000000000000000, 5.463695987328530381E-16 ) ) ;
#1681 =( NAMED_UNIT ( * ) PLANE_ANGLE_UNIT ( ) SI_UNIT ( $, .RADIAN. ) );
#1682 = DIRECTION ( 'NONE',  ( 0.0000000000000000000, 0.0000000000000000000, 1.000000000000000000 ) ) ;
#1683 = CARTESIAN_POINT ( 'NONE',  ( 0.0000000000000000000, 0.2449999999999999956, 0.0000000000000000000 ) ) ;
#1684 = VECTOR ( 'NONE', #5653, 39.37007874015748143 ) ;
#1685 = ORIENTED_EDGE ( 'NONE', *, *, #2784, .F. ) ;
#1686 = FACE_OUTER_BOUND ( 'NONE', #3372, .T. ) ;
#1687 = CIRCLE ( 'NONE', #74, 0.02000000000000000042 ) ;
#1688 = AXIS2_PLACEMENT_3D ( 'NONE', #3276, #4584, #42 ) ;
#1689 = EDGE_LOOP ( 'NONE', ( #3647, #5411, #946, #2292 ) ) ;
#1690 = EDGE_CURVE ( 'NONE', #5001, #1951, #2246, .T. ) ;
#1691 = STYLED_ITEM ( 'NONE', ( #4726 ), #2907 ) ;
#1692 = CIRCLE ( 'NONE', #840, 0.1849999999999999978 ) ;
#1693 = CARTESIAN_POINT ( 'NONE',  ( 2.265596578422603655E-17, 0.1539999999999999702, 0.1849999999999999978 ) ) ;
#1694 = DIRECTION ( 'NONE',  ( 0.0000000000000000000, 0.0000000000000000000, -1.000000000000000000 ) ) ;
#1695 = ORIENTED_EDGE ( 'NONE', *, *, #3702, .T. ) ;
#1696 = VERTEX_POINT ( 'NONE', #432 ) ;
#1697 = ORIENTED_EDGE ( 'NONE', *, *, #2943, .F. ) ;
#1698 = COLOUR_RGB ( '',0.9019607843137255054, 0.8392156862745098200, 0.6745098039215686736 ) ;
#1699 = AXIS2_PLACEMENT_3D ( 'NONE', #1419, #3245, #5076 ) ;
#1700 = SURFACE_STYLE_FILL_AREA ( #1246 ) ;
#1701 = VERTEX_POINT ( 'NONE', #1704 ) ;
#1702 = COLOUR_RGB ( '',0.7960784313725489669, 0.6039215686274509443, 0.2313725490196078538 ) ;
#1703 = COLOUR_RGB ( '',0.0000000000000000000, 0.0000000000000000000, 0.0000000000000000000 ) ;
#1704 = CARTESIAN_POINT ( 'NONE',  ( 0.0000000000000000000, 0.2249999999999999778, -0.1849999999999999978 ) ) ;
#1705 = CARTESIAN_POINT ( 'NONE',  ( 0.0000000000000000000, 0.0000000000000000000, 0.1469999999999999918 ) ) ;
#1706 = CARTESIAN_POINT ( 'NONE',  ( 0.04900000000000000189, 0.0000000000000000000, 0.2099999999999999922 ) ) ;
#1707 = LINE ( 'NONE', #2153, #565 ) ;
#1708 = ADVANCED_FACE ( 'NONE', ( #2619 ), #2717, .T. ) ;
#1709 = FACE_OUTER_BOUND ( 'NONE', #5527, .T. ) ;
#1710 = UNCERTAINTY_MEASURE_WITH_UNIT (LENGTH_MEASURE( 1.000000000000000082E-05 ), #4681, 'distance_accuracy_value', 'NONE');
#1711 = PLANE ( 'NONE',  #1531 ) ;
#1712 = EDGE_CURVE ( 'NONE', #1130, #4875, #3528, .T. ) ;
#1713 =( NAMED_UNIT ( * ) PLANE_ANGLE_UNIT ( ) SI_UNIT ( $, .RADIAN. ) );
#1714 = CARTESIAN_POINT ( 'NONE',  ( 0.01499999999999999077, 0.3649999999999999911, -0.04506939094522375427 ) ) ;
#1715 =( LENGTH_UNIT ( ) NAMED_UNIT ( * ) SI_UNIT ( $, .METRE. ) );
#1716 = ORIENTED_EDGE ( 'NONE', *, *, #4535, .F. ) ;
#1717 = PRESENTATION_STYLE_ASSIGNMENT (( #5745 ) ) ;
#1718 = ORIENTED_EDGE ( 'NONE', *, *, #1204, .F. ) ;
#1719 = VECTOR ( 'NONE', #2337, 39.37007874015748143 ) ;
#1720 = VECTOR ( 'NONE', #4284, 39.37007874015748143 ) ;
#1721 = EDGE_CURVE ( 'NONE', #3765, #1452, #749, .T. ) ;
#1723 = DIRECTION ( 'NONE',  ( 0.0000000000000000000, 1.000000000000000000, 0.0000000000000000000 ) ) ;
#1722 = CARTESIAN_POINT ( 'NONE',  ( 0.0000000000000000000, 0.04399999999999999745, 0.0000000000000000000 ) ) ;
#1724 = CARTESIAN_POINT ( 'NONE',  ( 0.02979729729729735030, 0.0000000000000000000, -0.1439483277908309711 ) ) ;
#1725 = VERTEX_POINT ( 'NONE', #4484 ) ;
#1726 = EDGE_LOOP ( 'NONE', ( #979, #2388, #5900, #4513 ) ) ;
#1727 = ORIENTED_EDGE ( 'NONE', *, *, #1746, .F. ) ;
#1728 = PRESENTATION_LAYER_ASSIGNMENT (  '', '', ( #207 ) ) ;
#1729 = CARTESIAN_POINT ( 'NONE',  ( 0.0000000000000000000, 0.1849999999999999978, 0.0000000000000000000 ) ) ;
#1730 = LINE ( 'NONE', #5442, #3026 ) ;
#1731 = ORIENTED_EDGE ( 'NONE', *, *, #2211, .F. ) ;
#1732 = CIRCLE ( 'NONE', #4222, 0.1849999999999999978 ) ;
#1733 = ADVANCED_FACE ( 'NONE', ( #400 ), #5355, .T. ) ;
#1734 = DIRECTION ( 'NONE',  ( 0.0000000000000000000, 0.0000000000000000000, -1.000000000000000000 ) ) ;
#1735 = LINE ( 'NONE', #3676, #599 ) ;
#1736 =( NAMED_UNIT ( * ) PLANE_ANGLE_UNIT ( ) SI_UNIT ( $, .RADIAN. ) );
#1737 = DIRECTION ( 'NONE',  ( 0.0000000000000000000, 0.0000000000000000000, 1.000000000000000000 ) ) ;
#1738 = CARTESIAN_POINT ( 'NONE',  ( -0.01499999999999999944, 0.3699999999999999956, -0.03708099243547830631 ) ) ;
#1739 = PLANE ( 'NONE',  #1632 ) ;
#1740 = EDGE_CURVE ( 'NONE', #3611, #1181, #1761, .T. ) ;
#1741 = CARTESIAN_POINT ( 'NONE',  ( 0.0000000000000000000, 0.2999999999999999889, 0.0000000000000000000 ) ) ;
#1742 = DIRECTION ( 'NONE',  ( 0.0000000000000000000, -0.0000000000000000000, 1.000000000000000000 ) ) ;
#1743 =( LENGTH_UNIT ( ) NAMED_UNIT ( * ) SI_UNIT ( $, .METRE. ) );
#1744 = DIRECTION ( 'NONE',  ( 1.000000000000000000, 0.0000000000000000000, -0.0000000000000000000 ) ) ;
#1745 = CARTESIAN_POINT ( 'NONE',  ( -0.09149999999999999800, 0.1499999999999999944, 0.2340000000000000135 ) ) ;
#1746 = EDGE_CURVE ( 'NONE', #5814, #4954, #1309, .T. ) ;
#1747 = ORIENTED_EDGE ( 'NONE', *, *, #4633, .F. ) ;
#1748 = VERTEX_POINT ( 'NONE', #1250 ) ;
#1749 = EDGE_CURVE ( 'NONE', #2143, #3247, #930, .T. ) ;
#1750 = ORIENTED_EDGE ( 'NONE', *, *, #1271, .T. ) ;
#1752 = CARTESIAN_POINT ( 'NONE',  ( 5.817072295949927179E-18, 0.1499999999999999944, -0.04749999999999999362 ) ) ;
#1751 = CARTESIAN_POINT ( 'NONE',  ( 0.01499999999999999944, 0.4000000000000000222, -0.04506939094329989043 ) ) ;
#1753 = CARTESIAN_POINT ( 'NONE',  ( 0.1980000000000000093, -0.1209999999999999826, 0.02000000000000000042 ) ) ;
#1754 = ORIENTED_EDGE ( 'NONE', *, *, #1964, .F. ) ;
#1755 = ORIENTED_EDGE ( 'NONE', *, *, #2707, .T. ) ;
#1756 = VERTEX_POINT ( 'NONE', #879 ) ;
#1757 =( CONVERSION_BASED_UNIT ( 'INCH', #4443 ) LENGTH_UNIT ( ) NAMED_UNIT ( #255 ) );
#1758 = SURFACE_STYLE_USAGE ( .BOTH. , #3070 ) ;
#1759 = EDGE_CURVE ( 'NONE', #4928, #1479, #473, .T. ) ;
#1760 = ORIENTED_EDGE ( 'NONE', *, *, #4415, .F. ) ;
#1761 = LINE ( 'NONE', #3585, #1402 ) ;
#1762 = CARTESIAN_POINT ( 'NONE',  ( 0.0000000000000000000, 0.1499999999999999944, 0.0000000000000000000 ) ) ;
#1763 =( LENGTH_UNIT ( ) NAMED_UNIT ( * ) SI_UNIT ( $, .METRE. ) );
#1764 = EDGE_LOOP ( 'NONE', ( #93, #390, #5196, #834 ) ) ;
#1765 = DIRECTION ( 'NONE',  ( 0.0000000000000000000, 0.0000000000000000000, 1.000000000000000000 ) ) ;
#1766 = CARTESIAN_POINT ( 'NONE',  ( 0.0000000000000000000, 0.2449999999999999956, 0.0000000000000000000 ) ) ;
#1767 = EDGE_CURVE ( 'NONE', #3554, #3359, #1590, .T. ) ;
#1768 = DIRECTION ( 'NONE',  ( 0.0000000000000000000, -1.000000000000000000, 0.0000000000000000000 ) ) ;
#1769 = CARTESIAN_POINT ( 'NONE',  ( 0.0000000000000000000, 0.2349999999999999867, 0.0000000000000000000 ) ) ;
#1770 = CARTESIAN_POINT ( 'NONE',  ( 0.1920000000000000040, 0.04399999999999999745, 0.03500000000000000333 ) ) ;
#1771 = VERTEX_POINT ( 'NONE', #2185 ) ;
#1772 = UNCERTAINTY_MEASURE_WITH_UNIT (LENGTH_MEASURE( 1.000000000000000082E-05 ), #4298, 'distance_accuracy_value', 'NONE');
#1773 = EDGE_CURVE ( 'NONE', #183, #5213, #2067, .T. ) ;
#1774 = VECTOR ( 'NONE', #1151, 39.37007874015748143 ) ;
#1776 = PLANE ( 'NONE',  #176 ) ;
#1775 = CARTESIAN_POINT ( 'NONE',  ( -0.1980000000000000093, 0.05000000000000000278, 1.718716642558139740E-17 ) ) ;
#1777 = ADVANCED_FACE ( 'NONE', ( #3171 ), #8, .T. ) ;
#1778 = DIRECTION ( 'NONE',  ( 0.0000000000000000000, -1.000000000000000000, 0.0000000000000000000 ) ) ;
#1779 = EDGE_LOOP ( 'NONE', ( #5531, #2280, #3671, #3419 ) ) ;
#1780 = EDGE_LOOP ( 'NONE', ( #261, #5162 ) ) ;
#1781 = ORIENTED_EDGE ( 'NONE', *, *, #5852, .T. ) ;
#1782 =( NAMED_UNIT ( * ) SI_UNIT ( $, .STERADIAN. ) SOLID_ANGLE_UNIT ( ) );
#1783 = VECTOR ( 'NONE', #29, 39.37007874015748143 ) ;
#1784 = AXIS2_PLACEMENT_3D ( 'NONE', #4189, #3712, #2858 ) ;
#1785 = AXIS2_PLACEMENT_3D ( 'NONE', #2797, #3296, #4715 ) ;
#1786 = ORIENTED_EDGE ( 'NONE', *, *, #1740, .T. ) ;
#1787 = DIRECTION ( 'NONE',  ( 0.0000000000000000000, 0.0000000000000000000, -1.000000000000000000 ) ) ;
#1788 = DIRECTION ( 'NONE',  ( 0.0000000000000000000, -1.000000000000000000, 0.0000000000000000000 ) ) ;
#1789 = PRESENTATION_LAYER_ASSIGNMENT (  '', '', ( #2276 ) ) ;
#1790 = AXIS2_PLACEMENT_3D ( 'NONE', #4542, #457, #4102 ) ;
#1791 = FACE_BOUND ( 'NONE', #547, .T. ) ;
#1792 = AXIS2_PLACEMENT_3D ( 'NONE', #3270, #1007, #4654 ) ;
#1793 = ORIENTED_EDGE ( 'NONE', *, *, #2811, .T. ) ;
#1794 = CARTESIAN_POINT ( 'NONE',  ( 0.0000000000000000000, 0.04399999999999999745, 0.0000000000000000000 ) ) ;
#1795 = CARTESIAN_POINT ( 'NONE',  ( 5.817072295949927179E-18, 0.2849999999999999756, -0.04749999999999999362 ) ) ;
#1796 = CIRCLE ( 'NONE', #2178, 0.1849999999999999978 ) ;
#1797 = CARTESIAN_POINT ( 'NONE',  ( 0.01499999999999999944, 0.3649999999999999911, -0.04506939094329989043 ) ) ;
#1798 = EDGE_CURVE ( 'NONE', #34, #5040, #3305, .T. ) ;
#1799 = VECTOR ( 'NONE', #5477, 39.37007874015748143 ) ;
#1800 = CARTESIAN_POINT ( 'NONE',  ( 0.0000000000000000000, 0.2550000000000000044, 0.0000000000000000000 ) ) ;
#1801 = PRESENTATION_STYLE_ASSIGNMENT (( #2338 ) ) ;
#1802 = CARTESIAN_POINT ( 'NONE',  ( 0.0000000000000000000, 0.2849999999999999756, 0.0000000000000000000 ) ) ;
#1803 = ORIENTED_EDGE ( 'NONE', *, *, #3770, .T. ) ;
#1804 = COLOUR_RGB ( '',0.0000000000000000000, 0.0000000000000000000, 0.0000000000000000000 ) ;
#1805 = VECTOR ( 'NONE', #1659, 39.37007874015748143 ) ;
#1806 = MECHANICAL_DESIGN_GEOMETRIC_PRESENTATION_REPRESENTATION (  '', ( #2565 ), #4489 ) ;
#1808 = DIRECTION ( 'NONE',  ( 0.0000000000000000000, -0.0000000000000000000, 1.000000000000000000 ) ) ;
#1807 =( CONVERSION_BASED_UNIT ( 'INCH', #2296 ) LENGTH_UNIT ( ) NAMED_UNIT ( #2571 ) );
#1809 = ADVANCED_FACE ( 'NONE', ( #908 ), #460, .T. ) ;
#1810 = DIRECTION ( 'NONE',  ( 0.0000000000000000000, -1.000000000000000000, 0.0000000000000000000 ) ) ;
#1811 = ORIENTED_EDGE ( 'NONE', *, *, #531, .T. ) ;
#1812 = ORIENTED_EDGE ( 'NONE', *, *, #2385, .T. ) ;
#1813 = AXIS2_PLACEMENT_3D ( 'NONE', #1323, #2199, #918 ) ;
#1814 = DIRECTION ( 'NONE',  ( 0.0000000000000000000, 0.0000000000000000000, -1.000000000000000000 ) ) ;
#1815 = AXIS2_PLACEMENT_3D ( 'NONE', #3531, #2593, #3140 ) ;
#1816 = ORIENTED_EDGE ( 'NONE', *, *, #2608, .F. ) ;
#1817 = DIRECTION ( 'NONE',  ( -0.0000000000000000000, -1.000000000000000000, -0.0000000000000000000 ) ) ;
#1818 = STYLED_ITEM ( 'NONE', ( #3966 ), #4314 ) ;
#1819 = PLANE ( 'NONE',  #5725 ) ;
#1820 = AXIS2_PLACEMENT_3D ( 'NONE', #1615, #3467, #5291 ) ;
#1821 = DIRECTION ( 'NONE',  ( -0.0000000000000000000, -1.000000000000000000, -0.0000000000000000000 ) ) ;
#1822 = VERTEX_POINT ( 'NONE', #2274 ) ;
#1823 = VERTEX_POINT ( 'NONE', #4105 ) ;
#1824 = FILL_AREA_STYLE ('',( #14 ) ) ;
#1825 = AXIS2_PLACEMENT_3D ( 'NONE', #1440, #540, #4166 ) ;
#1826 = AXIS2_PLACEMENT_3D ( 'NONE', #237, #5659, #2547 ) ;
#1827 =( NAMED_UNIT ( * ) PLANE_ANGLE_UNIT ( ) SI_UNIT ( $, .RADIAN. ) );
#1828 = SURFACE_SIDE_STYLE ('',( #19 ) ) ;
#1829 = CARTESIAN_POINT ( 'NONE',  ( -0.01499999999999999944, 0.3666724685030710029, 0.04330672559338138994 ) ) ;
#1830 = ADVANCED_FACE ( 'NONE', ( #3653 ), #1367, .T. ) ;
#1831 = FILL_AREA_STYLE_COLOUR ( '', #2739 ) ;
#1832 = APPLICATION_PROTOCOL_DEFINITION ( 'draft international standard', 'automotive_design', 1998, #1004 ) ;
#1833 = EDGE_LOOP ( 'NONE', ( #2051, #4801, #4738, #158, #2352, #4576 ) ) ;
#1834 = ORIENTED_EDGE ( 'NONE', *, *, #5354, .T. ) ;
#1835 = UNCERTAINTY_MEASURE_WITH_UNIT (LENGTH_MEASURE( 1.000000000000000082E-05 ), #2857, 'distance_accuracy_value', 'NONE');
#1837 = DIRECTION ( 'NONE',  ( 0.0000000000000000000, -0.0000000000000000000, 1.000000000000000000 ) ) ;
#1836 = CARTESIAN_POINT ( 'NONE',  ( 5.817072295949927179E-18, 0.2740000000000000213, -0.04749999999999999362 ) ) ;
#1838 =( LENGTH_UNIT ( ) NAMED_UNIT ( * ) SI_UNIT ( $, .METRE. ) );
#1839 = ORIENTED_EDGE ( 'NONE', *, *, #2594, .T. ) ;
#1840 = DIRECTION ( 'NONE',  ( 0.0000000000000000000, 1.000000000000000000, 0.0000000000000000000 ) ) ;
#1841 = EDGE_LOOP ( 'NONE', ( #1249, #4287 ) ) ;
#1842 = DIRECTION ( 'NONE',  ( 0.0000000000000000000, 0.0000000000000000000, 1.000000000000000000 ) ) ;
#1843 = CARTESIAN_POINT ( 'NONE',  ( -0.1920000000000000040, 0.04399999999999999745, 0.02000000000000000042 ) ) ;
#1844 = CARTESIAN_POINT ( 'NONE',  ( -9.639569805745200661E-18, 0.2449999999999999956, 3.875786328529849706E-18 ) ) ;
#1845 = ORIENTED_EDGE ( 'NONE', *, *, #2189, .T. ) ;
#1846 = ORIENTED_EDGE ( 'NONE', *, *, #737, .T. ) ;
#1847 = EDGE_CURVE ( 'NONE', #133, #2712, #266, .T. ) ;
#1848 = ORIENTED_EDGE ( 'NONE', *, *, #2045, .T. ) ;
#1849 = DIRECTION ( 'NONE',  ( 0.0000000000000000000, -1.000000000000000000, 0.0000000000000000000 ) ) ;
#1850 = DIRECTION ( 'NONE',  ( -0.0000000000000000000, -1.000000000000000000, -0.0000000000000000000 ) ) ;
#1851 = CARTESIAN_POINT ( 'NONE',  ( 0.1920000000000000040, 0.05000000000000000278, -0.03499999999999999639 ) ) ;
#1852 = CARTESIAN_POINT ( 'NONE',  ( 0.0000000000000000000, 0.3099999999999999978, 0.1849999999999999978 ) ) ;
#1853 = ADVANCED_FACE ( 'NONE', ( #2413 ), #1391, .T. ) ;
#1854 =( CONVERSION_BASED_UNIT ( 'INCH', #3716 ) LENGTH_UNIT ( ) NAMED_UNIT ( #220 ) );
#1855 = CYLINDRICAL_SURFACE ( 'NONE', #2555, 0.04749999999999999362 ) ;
#1856 = EDGE_LOOP ( 'NONE', ( #3097, #2522 ) ) ;
#1857 = FILL_AREA_STYLE ('',( #1498 ) ) ;
#1859 = CARTESIAN_POINT ( 'NONE',  ( 0.1920000000000000040, -0.03100000000000000325, 0.03500000000000000333 ) ) ;
#1858 = CARTESIAN_POINT ( 'NONE',  ( -0.1980000000000000093, -0.03099999999999999978, 0.03500000000000000333 ) ) ;
#1860 = DIRECTION ( 'NONE',  ( 0.0000000000000000000, 0.0000000000000000000, 1.000000000000000000 ) ) ;
#1861 = ADVANCED_FACE ( 'NONE', ( #550, #3675 ), #5078, .F. ) ;
#1862 = EDGE_LOOP ( 'NONE', ( #1211, #3978, #655, #2906 ) ) ;
#1863 = ORIENTED_EDGE ( 'NONE', *, *, #1165, .T. ) ;
#1864 = CARTESIAN_POINT ( 'NONE',  ( 0.0000000000000000000, 0.1499999999999999944, 0.0000000000000000000 ) ) ;
#1865 = ORIENTED_EDGE ( 'NONE', *, *, #298, .F. ) ;
#1866 =( NAMED_UNIT ( * ) PLANE_ANGLE_UNIT ( ) SI_UNIT ( $, .RADIAN. ) );
#1867 = DIRECTION ( 'NONE',  ( -0.9699653213473709013, 0.0000000000000000000, 0.2432432432432430347 ) ) ;
#1868 = LINE ( 'NONE', #3707, #480 ) ;
#1869 = VERTEX_POINT ( 'NONE', #2349 ) ;
#1870 = ORIENTED_EDGE ( 'NONE', *, *, #542, .F. ) ;
#1871 = VERTEX_POINT ( 'NONE', #4218 ) ;
#1872 = VECTOR ( 'NONE', #5843, 39.37007874015748143 ) ;
#1873 = AXIS2_PLACEMENT_3D ( 'NONE', #2918, #4751, #5197 ) ;
#1874 = DIRECTION ( 'NONE',  ( 2.731847993664270121E-16, -0.0000000000000000000, -1.000000000000000000 ) ) ;
#1875 = MECHANICAL_DESIGN_GEOMETRIC_PRESENTATION_REPRESENTATION (  '', ( #1879 ), #5217 ) ;
#1876 = DIRECTION ( 'NONE',  ( 0.0000000000000000000, -1.000000000000000000, 0.0000000000000000000 ) ) ;
#1877 = VECTOR ( 'NONE', #293, 39.37007874015748143 ) ;
#1878 = VECTOR ( 'NONE', #1365, 39.37007874015748143 ) ;
#1879 = STYLED_ITEM ( 'NONE', ( #4262 ), #1677 ) ;
#1880 = CARTESIAN_POINT ( 'NONE',  ( -0.06900000000000000577, 0.3619999999999999885, 0.2000000000000000111 ) ) ;
#1881 = DIRECTION ( 'NONE',  ( 0.0000000000000000000, -0.0000000000000000000, 1.000000000000000000 ) ) ;
#1882 = SURFACE_STYLE_USAGE ( .BOTH. , #3178 ) ;
#1883 = FILL_AREA_STYLE_COLOUR ( '', #5454 ) ;
#1884 = VECTOR ( 'NONE', #4885, 39.37007874015748143 ) ;
#1885 = PRESENTATION_LAYER_ASSIGNMENT (  '', '', ( #2365 ) ) ;
#1886 = EDGE_CURVE ( 'NONE', #5213, #3034, #1449, .T. ) ;
#1887 = LINE ( 'NONE', #3719, #308 ) ;
#1888 =( GEOMETRIC_REPRESENTATION_CONTEXT ( 3 ) GLOBAL_UNCERTAINTY_ASSIGNED_CONTEXT ( ( #4894 ) ) GLOBAL_UNIT_ASSIGNED_CONTEXT ( ( #1102, #2592, #2923 ) ) REPRESENTATION_CONTEXT ( 'NONE', 'WORKASPACE' ) );
#1889 = DIRECTION ( 'NONE',  ( 0.0000000000000000000, 1.000000000000000000, 0.0000000000000000000 ) ) ;
#1890 = FACE_OUTER_BOUND ( 'NONE', #4603, .T. ) ;
#1891 = UNCERTAINTY_MEASURE_WITH_UNIT (LENGTH_MEASURE( 1.000000000000000082E-05 ), #2094, 'distance_accuracy_value', 'NONE');
#1892 = COLOUR_RGB ( '',0.7450980392156862919, 0.7450980392156862919, 0.7450980392156862919 ) ;
#1893 = EDGE_CURVE ( 'NONE', #3952, #5001, #371, .T. ) ;
#1895 = DIRECTION ( 'NONE',  ( 0.0000000000000000000, 1.000000000000000000, 0.0000000000000000000 ) ) ;
#1894 = CARTESIAN_POINT ( 'NONE',  ( 0.0000000000000000000, 0.1640000000000000069, 0.0000000000000000000 ) ) ;
#1896 = FACE_OUTER_BOUND ( 'NONE', #2796, .T. ) ;
#1897 = CIRCLE ( 'NONE', #4200, 0.1849999999999999978 ) ;
#1898 = ORIENTED_EDGE ( 'NONE', *, *, #4125, .T. ) ;
#1899 = ORIENTED_EDGE ( 'NONE', *, *, #4304, .T. ) ;
#1900 = ADVANCED_FACE ( 'NONE', ( #5498 ), #1510, .T. ) ;
#1901 = ORIENTED_EDGE ( 'NONE', *, *, #1524, .T. ) ;
#1902 = DIRECTION ( 'NONE',  ( -0.0000000000000000000, -1.000000000000000000, 0.0000000000000000000 ) ) ;
#1903 = CARTESIAN_POINT ( 'NONE',  ( 0.0000000000000000000, 0.3799999999999999489, 0.0000000000000000000 ) ) ;
#1904 = ORIENTED_EDGE ( 'NONE', *, *, #5770, .T. ) ;
#1905 = VERTEX_POINT ( 'NONE', #612 ) ;
#1906 = AXIS2_PLACEMENT_3D ( 'NONE', #2961, #2992, #5180 ) ;
#1907 = ORIENTED_EDGE ( 'NONE', *, *, #3294, .T. ) ;
#1908 = PRESENTATION_LAYER_ASSIGNMENT (  '', '', ( #4878 ) ) ;
#1909 = LINE ( 'NONE', #3742, #4089 ) ;
#1910 = VECTOR ( 'NONE', #2284, 39.37007874015748143 ) ;
#1911 = CIRCLE ( 'NONE', #3445, 0.1469999999999999918 ) ;
#1912 = CARTESIAN_POINT ( 'NONE',  ( 0.1425849022380637765, -0.04499999999999999833, 0.03575675675675674126 ) ) ;
#1913 = AXIS2_PLACEMENT_3D ( 'NONE', #3053, #4884, #5648 ) ;
#1914 = AXIS2_PLACEMENT_3D ( 'NONE', #1467, #1944, #3285 ) ;
#1915 = AXIS2_PLACEMENT_3D ( 'NONE', #3126, #4993, #4043 ) ;
#1916 = EDGE_CURVE ( 'NONE', #3464, #5556, #2386, .T. ) ;
#1917 = CYLINDRICAL_SURFACE ( 'NONE', #5060, 0.1849999999999999978 ) ;
#1918 = DIRECTION ( 'NONE',  ( 0.0000000000000000000, 0.0000000000000000000, 1.000000000000000000 ) ) ;
#1919 = LINE ( 'NONE', #3849, #950 ) ;
#1920 = SURFACE_STYLE_FILL_AREA ( #2735 ) ;
#1921 = CARTESIAN_POINT ( 'NONE',  ( 0.0000000000000000000, 0.1849999999999999978, 0.04749999999999999362 ) ) ;
#1922 = PRESENTATION_STYLE_ASSIGNMENT (( #1446 ) ) ;
#1923 = EDGE_LOOP ( 'NONE', ( #1602, #2495, #2310, #4870 ) ) ;
#1924 = EDGE_CURVE ( 'NONE', #2162, #4309, #3791, .T. ) ;
#1925 = ORIENTED_EDGE ( 'NONE', *, *, #633, .T. ) ;
#1927 = FILL_AREA_STYLE_COLOUR ( '', #5679 ) ;
#1926 = FACE_OUTER_BOUND ( 'NONE', #1266, .T. ) ;
#1928 = SURFACE_SIDE_STYLE ('',( #5080 ) ) ;
#1929 = CARTESIAN_POINT ( 'NONE',  ( -9.639569805745200661E-18, 0.1940000000000000058, 3.875786328529849706E-18 ) ) ;
#1930 = EDGE_LOOP ( 'NONE', ( #3362, #4548, #317, #1731 ) ) ;
#1931 = VERTEX_POINT ( 'NONE', #5166 ) ;
#1932 = ADVANCED_FACE ( 'NONE', ( #1067 ), #635, .T. ) ;
#1933 = SURFACE_STYLE_USAGE ( .BOTH. , #504 ) ;
#1934 = CARTESIAN_POINT ( 'NONE',  ( 0.09149999999999999800, 0.1499999999999999944, 0.2340000000000000135 ) ) ;
#1935 = LINE ( 'NONE', #5175, #966 ) ;
#1936 = PLANE ( 'NONE',  #1507 ) ;
#1937 = CYLINDRICAL_SURFACE ( 'NONE', #5062, 0.02000000000000000042 ) ;
#1938 = EDGE_CURVE ( 'NONE', #2175, #5380, #236, .T. ) ;
#1939 = DIRECTION ( 'NONE',  ( 0.0000000000000000000, 0.0000000000000000000, 1.000000000000000000 ) ) ;
#1940 = VERTEX_POINT ( 'NONE', #664 ) ;
#1941 = FACE_OUTER_BOUND ( 'NONE', #4931, .T. ) ;
#1942 = LINE ( 'NONE', #3379, #3802 ) ;
#1943 = CARTESIAN_POINT ( 'NONE',  ( -0.1950000000000000067, -0.03099999999999999978, -0.02750000000000000014 ) ) ;
#1944 = DIRECTION ( 'NONE',  ( -0.0000000000000000000, -1.000000000000000000, -0.0000000000000000000 ) ) ;
#1945 = ORIENTED_EDGE ( 'NONE', *, *, #2986, .T. ) ;
#1947 = PLANE ( 'NONE',  #260 ) ;
#1946 = DIRECTION ( 'NONE',  ( 0.0000000000000000000, 1.000000000000000000, 0.0000000000000000000 ) ) ;
#1948 = CARTESIAN_POINT ( 'NONE',  ( 0.01499999999999999944, 0.3699999999999999956, -0.03708099243547830631 ) ) ;
#1949 = EDGE_LOOP ( 'NONE', ( #3741, #3057 ) ) ;
#1950 = ORIENTED_EDGE ( 'NONE', *, *, #4670, .T. ) ;
#1951 = VERTEX_POINT ( 'NONE', #3427 ) ;
#1952 = DIMENSIONAL_EXPONENTS ( 1.000000000000000000, 0.0000000000000000000, 0.0000000000000000000, 0.0000000000000000000, 0.0000000000000000000, 0.0000000000000000000, 0.0000000000000000000 ) ;
#1953 = EDGE_CURVE ( 'NONE', #38, #638, #1963, .T. ) ;
#1955 = DIRECTION ( 'NONE',  ( 0.0000000000000000000, 1.000000000000000000, 0.0000000000000000000 ) ) ;
#1954 = DIRECTION ( 'NONE',  ( -0.7660444431189781245, -0.6427876096865390299, 0.0000000000000000000 ) ) ;
#1956 = CARTESIAN_POINT ( 'NONE',  ( 0.0000000000000000000, 0.2439999999999999669, -0.1849999999999999978 ) ) ;
#1957 =( NAMED_UNIT ( * ) SI_UNIT ( $, .STERADIAN. ) SOLID_ANGLE_UNIT ( ) );
#1958 = ORIENTED_EDGE ( 'NONE', *, *, #5669, .T. ) ;
#1959 = VERTEX_POINT ( 'NONE', #5717 ) ;
#1960 = VERTEX_POINT ( 'NONE', #3366 ) ;
#1961 = CARTESIAN_POINT ( 'NONE',  ( -0.06900000000000000577, 0.3420000000000000262, 0.2099999999999999922 ) ) ;
#1962 = DIRECTION ( 'NONE',  ( 0.0000000000000000000, 0.0000000000000000000, 1.000000000000000000 ) ) ;
#1963 = CIRCLE ( 'NONE', #2459, 0.04749999999999999362 ) ;
#1964 = EDGE_CURVE ( 'NONE', #2827, #2737, #1124, .T. ) ;
#1965 = CARTESIAN_POINT ( 'NONE',  ( 0.02000000000000000042, -0.1209999999999999826, 0.1899999999999999745 ) ) ;
#1966 = PRESENTATION_LAYER_ASSIGNMENT (  '', '', ( #3019 ) ) ;
#1967 = CIRCLE ( 'NONE', #4737, 0.04749999999999999362 ) ;
#1968 = DIRECTION ( 'NONE',  ( 0.0000000000000000000, 0.0000000000000000000, 1.000000000000000000 ) ) ;
#1969 = DIRECTION ( 'NONE',  ( 0.0000000000000000000, -1.000000000000000000, 0.0000000000000000000 ) ) ;
#1970 = ORIENTED_EDGE ( 'NONE', *, *, #3281, .F. ) ;
#1971 = CARTESIAN_POINT ( 'NONE',  ( 0.0000000000000000000, 0.1499999999999999944, 0.0000000000000000000 ) ) ;
#1972 = FILL_AREA_STYLE ('',( #160 ) ) ;
#1973 = PRESENTATION_LAYER_ASSIGNMENT (  '', '', ( #4558 ) ) ;
#1974 = VECTOR ( 'NONE', #5534, 39.37007874015748143 ) ;
#1975 = AXIS2_PLACEMENT_3D ( 'NONE', #5877, #5387, #3103 ) ;
#1976 = EDGE_CURVE ( 'NONE', #3480, #4928, #4742, .T. ) ;
#1977 = CARTESIAN_POINT ( 'NONE',  ( -0.1935000000000000053, -0.1209999999999999826, 0.0000000000000000000 ) ) ;
#1978 = CYLINDRICAL_SURFACE ( 'NONE', #3999, 0.04749999999999999362 ) ;
#1979 = MECHANICAL_DESIGN_GEOMETRIC_PRESENTATION_REPRESENTATION (  '', ( #2285 ), #4465 ) ;
#1980 = AXIS2_PLACEMENT_3D ( 'NONE', #1794, #2190, #848 ) ;
#1981 = CARTESIAN_POINT ( 'NONE',  ( 5.817072295949927179E-18, 0.1499999999999999944, -0.04749999999999999362 ) ) ;
#1982 = COLOUR_RGB ( '',0.0000000000000000000, 0.0000000000000000000, 0.0000000000000000000 ) ;
#1983 = FACE_OUTER_BOUND ( 'NONE', #5868, .T. ) ;
#1984 = VECTOR ( 'NONE', #5566, 39.37007874015748143 ) ;
#1985 = VECTOR ( 'NONE', #5414, 39.37007874015748143 ) ;
#1986 = ORIENTED_EDGE ( 'NONE', *, *, #3022, .T. ) ;
#1987 = LINE ( 'NONE', #5280, #162 ) ;
#1988 = ORIENTED_EDGE ( 'NONE', *, *, #3594, .T. ) ;
#1989 = ORIENTED_EDGE ( 'NONE', *, *, #5007, .T. ) ;
#1990 = AXIS2_PLACEMENT_3D ( 'NONE', #2521, #4953, #3115 ) ;
#1991 = ADVANCED_FACE ( 'NONE', ( #1184 ), #3856, .T. ) ;
#1993 = PRESENTATION_STYLE_ASSIGNMENT (( #2325 ) ) ;
#1992 = CARTESIAN_POINT ( 'NONE',  ( -0.1587450786638749944, 0.0000000000000000000, -0.09499999999999998723 ) ) ;
#1994 = DIRECTION ( 'NONE',  ( 0.0000000000000000000, 1.000000000000000000, 0.0000000000000000000 ) ) ;
#1995 = FACE_OUTER_BOUND ( 'NONE', #394, .T. ) ;
#1996 = VERTEX_POINT ( 'NONE', #5658 ) ;
#1997 = ORIENTED_EDGE ( 'NONE', *, *, #2677, .F. ) ;
#1998 = VERTEX_POINT ( 'NONE', #3094 ) ;
#1999 = ORIENTED_EDGE ( 'NONE', *, *, #2572, .F. ) ;
#2000 = CARTESIAN_POINT ( 'NONE',  ( 0.0000000000000000000, 0.2439999999999999669, 0.0000000000000000000 ) ) ;
#2001 = EDGE_CURVE ( 'NONE', #4719, #4746, #5345, .T. ) ;
#2002 = CARTESIAN_POINT ( 'NONE',  ( -3.588191662306300277E-18, 0.04399999999999999745, 0.03500000000000000333 ) ) ;
#2003 = VECTOR ( 'NONE', #3747, 39.37007874015748143 ) ;
#2004 = CARTESIAN_POINT ( 'NONE',  ( 5.817072295949927179E-18, 0.2750000000000000222, -0.04749999999999999362 ) ) ;
#2005 = CARTESIAN_POINT ( 'NONE',  ( 2.265596578422603655E-17, 0.2999999999999999889, -0.1849999999999999978 ) ) ;
#2006 = DIMENSIONAL_EXPONENTS ( 1.000000000000000000, 0.0000000000000000000, 0.0000000000000000000, 0.0000000000000000000, 0.0000000000000000000, 0.0000000000000000000, 0.0000000000000000000 ) ;
#2007 = PLANE ( 'NONE',  #5038 ) ;
#2008 = CARTESIAN_POINT ( 'NONE',  ( -0.1272752921819469973, 0.05000000000000000278, 0.03500000000000000333 ) ) ;
#2009 = VECTOR ( 'NONE', #5329, 39.37007874015748143 ) ;
#2010 = DIRECTION ( 'NONE',  ( 0.0000000000000000000, 0.0000000000000000000, -1.000000000000000000 ) ) ;
#2011 = DIRECTION ( 'NONE',  ( 0.0000000000000000000, 1.000000000000000000, 0.0000000000000000000 ) ) ;
#2012 = AXIS2_PLACEMENT_3D ( 'NONE', #2022, #634, #4305 ) ;
#2013 = VECTOR ( 'NONE', #5446, 39.37007874015748143 ) ;
#2014 = SURFACE_STYLE_FILL_AREA ( #4294 ) ;
#2015 = DIRECTION ( 'NONE',  ( 0.0000000000000000000, 0.0000000000000000000, 1.000000000000000000 ) ) ;
#2016 = ADVANCED_FACE ( 'NONE', ( #5377 ), #3578, .T. ) ;
#2017 = STYLED_ITEM ( 'NONE', ( #1922 ), #1591 ) ;
#2018 = ORIENTED_EDGE ( 'NONE', *, *, #4590, .F. ) ;
#2019 = FILL_AREA_STYLE_COLOUR ( '', #4087 ) ;
#2020 = EDGE_LOOP ( 'NONE', ( #815, #5161, #3998, #2801 ) ) ;
#2021 = ADVANCED_FACE ( 'NONE', ( #3124 ), #358, .T. ) ;
#2023 =( NAMED_UNIT ( * ) PLANE_ANGLE_UNIT ( ) SI_UNIT ( $, .RADIAN. ) );
#2022 = CARTESIAN_POINT ( 'NONE',  ( -0.1980000000000000093, -0.1209999999999999826, 0.0000000000000000000 ) ) ;
#2024 = CARTESIAN_POINT ( 'NONE',  ( 0.0000000000000000000, 0.1549999999999999989, 0.0000000000000000000 ) ) ;
#2025 = DIRECTION ( 'NONE',  ( 0.0000000000000000000, -1.000000000000000000, 0.0000000000000000000 ) ) ;
#2026 = ORIENTED_EDGE ( 'NONE', *, *, #5393, .F. ) ;
#2027 = EDGE_LOOP ( 'NONE', ( #4217, #59, #2903, #3369 ) ) ;
#2028 = VERTEX_POINT ( 'NONE', #2610 ) ;
#2029 = LINE ( 'NONE', #3863, #943 ) ;
#2030 = DIRECTION ( 'NONE',  ( 0.0000000000000000000, 1.000000000000000000, 0.0000000000000000000 ) ) ;
#2031 = ADVANCED_FACE ( 'NONE', ( #2172 ), #832, .T. ) ;
#2032 = SURFACE_STYLE_USAGE ( .BOTH. , #3399 ) ;
#2033 = CARTESIAN_POINT ( 'NONE',  ( 0.0000000000000000000, 0.0000000000000000000, 0.0000000000000000000 ) ) ;
#2034 = CARTESIAN_POINT ( 'NONE',  ( 0.0000000000000000000, 0.1499999999999999944, 0.0000000000000000000 ) ) ;
#2035 = EDGE_CURVE ( 'NONE', #1599, #691, #5844, .T. ) ;
#2036 = ADVANCED_FACE ( 'NONE', ( #4069, #2237 ), #1239, .T. ) ;
#2037 = CARTESIAN_POINT ( 'NONE',  ( -0.01499999999999999944, 0.4000000000000000222, 0.04506939094329989043 ) ) ;
#2038 = CARTESIAN_POINT ( 'NONE',  ( 0.01499999999999999944, 0.3700000000010787993, -0.03976493430182424793 ) ) ;
#2039 = CARTESIAN_POINT ( 'NONE',  ( 0.0000000000000000000, 0.2650000000000000133, 0.0000000000000000000 ) ) ;
#2040 = DIMENSIONAL_EXPONENTS ( 1.000000000000000000, 0.0000000000000000000, 0.0000000000000000000, 0.0000000000000000000, 0.0000000000000000000, 0.0000000000000000000, 0.0000000000000000000 ) ;
#2041 = ORIENTED_EDGE ( 'NONE', *, *, #2572, .T. ) ;
#2043 = PLANE ( 'NONE',  #4936 ) ;
#2042 = SURFACE_STYLE_USAGE ( .BOTH. , #4733 ) ;
#2044 = ORIENTED_EDGE ( 'NONE', *, *, #902, .F. ) ;
#2045 = EDGE_CURVE ( 'NONE', #961, #1544, #2747, .T. ) ;
#2047 = DIRECTION ( 'NONE',  ( -0.0000000000000000000, -1.000000000000000000, -0.0000000000000000000 ) ) ;
#2046 = CARTESIAN_POINT ( 'NONE',  ( 0.0000000000000000000, 0.1499999999999999944, 0.0000000000000000000 ) ) ;
#2048 = CARTESIAN_POINT ( 'NONE',  ( 0.1980000000000000093, 0.05000000000000000278, 0.03500000000000000333 ) ) ;
#2049 = CARTESIAN_POINT ( 'NONE',  ( 0.0000000000000000000, 0.2039999999999999869, 0.0000000000000000000 ) ) ;
#2050 = VERTEX_POINT ( 'NONE', #4509 ) ;
#2051 = ORIENTED_EDGE ( 'NONE', *, *, #4354, .F. ) ;
#2052 = ORIENTED_EDGE ( 'NONE', *, *, #2203, .F. ) ;
#2053 = DIRECTION ( 'NONE',  ( 0.7660444431189781245, -0.6427876096865390299, 0.0000000000000000000 ) ) ;
#2054 = CARTESIAN_POINT ( 'NONE',  ( 2.265596578422603655E-17, 0.1839999999999999969, 0.1849999999999999978 ) ) ;
#2055 = FACE_OUTER_BOUND ( 'NONE', #2173, .T. ) ;
#2056 = CYLINDRICAL_SURFACE ( 'NONE', #4470, 0.1849999999999999978 ) ;
#2057 = LINE ( 'NONE', #5201, #16 ) ;
#2058 = ORIENTED_EDGE ( 'NONE', *, *, #2556, .T. ) ;
#2059 = DIRECTION ( 'NONE',  ( 1.492566466189939985E-16, -0.0000000000000000000, 1.000000000000000000 ) ) ;
#2060 = PRESENTATION_LAYER_ASSIGNMENT (  '', '', ( #1296 ) ) ;
#2061 = CARTESIAN_POINT ( 'NONE',  ( 0.0000000000000000000, 0.3799999999999999489, 0.0000000000000000000 ) ) ;
#2062 = FILL_AREA_STYLE ('',( #5334 ) ) ;
#2063 = DIRECTION ( 'NONE',  ( 0.0000000000000000000, 1.000000000000000000, 0.0000000000000000000 ) ) ;
#2064 = DIRECTION ( 'NONE',  ( 0.0000000000000000000, -1.000000000000000000, -0.0000000000000000000 ) ) ;
#2065 = CIRCLE ( 'NONE', #2263, 0.1849999999999999978 ) ;
#2066 = AXIS2_PLACEMENT_3D ( 'NONE', #1164, #4721, #5230 ) ;
#2067 = CIRCLE ( 'NONE', #2355, 0.04000000000000000083 ) ;
#2068 = EDGE_CURVE ( 'NONE', #5371, #3695, #5870, .T. ) ;
#2069 = ORIENTED_EDGE ( 'NONE', *, *, #5092, .F. ) ;
#2070 = AXIS2_PLACEMENT_3D ( 'NONE', #4150, #2738, #3187 ) ;
#2072 = FACE_OUTER_BOUND ( 'NONE', #1610, .T. ) ;
#2071 = CARTESIAN_POINT ( 'NONE',  ( 0.0000000000000000000, 0.2640000000000000124, 0.0000000000000000000 ) ) ;
#2073 = PRESENTATION_LAYER_ASSIGNMENT (  '', '', ( #2358 ) ) ;
#2074 = VERTEX_POINT ( 'NONE', #333 ) ;
#2076 = FILL_AREA_STYLE_COLOUR ( '', #1407 ) ;
#2075 = CARTESIAN_POINT ( 'NONE',  ( 0.0000000000000000000, 0.2550000000000000044, 0.0000000000000000000 ) ) ;
#2077 = CARTESIAN_POINT ( 'NONE',  ( 0.0000000000000000000, 0.2750000000000000222, -0.1849999999999999978 ) ) ;
#2078 =( NAMED_UNIT ( * ) SI_UNIT ( $, .STERADIAN. ) SOLID_ANGLE_UNIT ( ) );
#2079 = ORIENTED_EDGE ( 'NONE', *, *, #2831, .T. ) ;
#2080 = EDGE_LOOP ( 'NONE', ( #5315, #5224, #2989, #4974 ) ) ;
#2081 = CARTESIAN_POINT ( 'NONE',  ( 0.0000000000000000000, 0.1499999999999999944, 0.0000000000000000000 ) ) ;
#2082 = FACE_OUTER_BOUND ( 'NONE', #4397, .T. ) ;
#2083 = ADVANCED_FACE ( 'NONE', ( #424, #4437 ), #1776, .T. ) ;
#2084 = CIRCLE ( 'NONE', #1135, 0.1849999999999999978 ) ;
#2085 = ORIENTED_EDGE ( 'NONE', *, *, #5109, .T. ) ;
#2086 = CARTESIAN_POINT ( 'NONE',  ( 2.265596578422603655E-17, 0.2640000000000000124, 0.1849999999999999978 ) ) ;
#2087 = DIRECTION ( 'NONE',  ( 0.0000000000000000000, 0.0000000000000000000, -1.000000000000000000 ) ) ;
#2088 = LINE ( 'NONE', #2622, #3723 ) ;
#2089 = CIRCLE ( 'NONE', #4866, 0.1469999999999999918 ) ;
#2090 = CARTESIAN_POINT ( 'NONE',  ( 5.817072295949927179E-18, 0.1499999999999999944, -0.04749999999999999362 ) ) ;
#2091 = ADVANCED_FACE ( 'NONE', ( #2266 ), #2139, .T. ) ;
#2092 = VECTOR ( 'NONE', #1561, 39.37007874015748143 ) ;
#2093 =( GEOMETRIC_REPRESENTATION_CONTEXT ( 3 ) GLOBAL_UNCERTAINTY_ASSIGNED_CONTEXT ( ( #5298 ) ) GLOBAL_UNIT_ASSIGNED_CONTEXT ( ( #5597, #1503, #738 ) ) REPRESENTATION_CONTEXT ( 'NONE', 'WORKASPACE' ) );
#2094 =( CONVERSION_BASED_UNIT ( 'INCH', #2598 ) LENGTH_UNIT ( ) NAMED_UNIT ( #684 ) );
#2095 = CARTESIAN_POINT ( 'NONE',  ( 9.639569805745200661E-18, 0.1499999999999999944, 3.875786328529849706E-18 ) ) ;
#2096 = CARTESIAN_POINT ( 'NONE',  ( -0.1532483426262880033, -0.04499999999999999833, -0.06344023412902749515 ) ) ;
#2097 = CYLINDRICAL_SURFACE ( 'NONE', #4966, 0.04749999999999999362 ) ;
#2098 = AXIS2_PLACEMENT_3D ( 'NONE', #1435, #3280, #2810 ) ;
#2099 = DIRECTION ( 'NONE',  ( -0.0000000000000000000, -1.000000000000000000, -0.0000000000000000000 ) ) ;
#2100 = CIRCLE ( 'NONE', #1528, 0.04749999999999999362 ) ;
#2101 = AXIS2_PLACEMENT_3D ( 'NONE', #4231, #134, #3775 ) ;
#2102 = AXIS2_PLACEMENT_3D ( 'NONE', #5878, #4485, #4078 ) ;
#2104 = CARTESIAN_POINT ( 'NONE',  ( 0.0000000000000000000, 0.2540000000000000036, 0.0000000000000000000 ) ) ;
#2103 = CYLINDRICAL_SURFACE ( 'NONE', #4093, 0.02000000000000000042 ) ;
#2105 = ORIENTED_EDGE ( 'NONE', *, *, #1006, .F. ) ;
#2106 = CIRCLE ( 'NONE', #1153, 0.04749999999999999362 ) ;
#2107 = VECTOR ( 'NONE', #166, 39.37007874015748143 ) ;
#2108 = AXIS2_PLACEMENT_3D ( 'NONE', #3461, #5286, #1185 ) ;
#2110 =( CONVERSION_BASED_UNIT ( 'INCH', #5219 ) LENGTH_UNIT ( ) NAMED_UNIT ( #2040 ) );
#2109 = CARTESIAN_POINT ( 'NONE',  ( 0.0000000000000000000, 0.2049999999999999878, 0.0000000000000000000 ) ) ;
#2111 = EDGE_CURVE ( 'NONE', #1447, #1931, #4095, .T. ) ;
#2112 = ORIENTED_EDGE ( 'NONE', *, *, #5718, .T. ) ;
#2113 = CARTESIAN_POINT ( 'NONE',  ( 0.08899999999999999578, 0.1499999999999999944, 0.2099999999999999922 ) ) ;
#2114 = EDGE_LOOP ( 'NONE', ( #5676, #987 ) ) ;
#2115 = ORIENTED_EDGE ( 'NONE', *, *, #4861, .F. ) ;
#2116 = LINE ( 'NONE', #4902, #3451 ) ;
#2117 = DIRECTION ( 'NONE',  ( 0.0000000000000000000, 1.000000000000000000, 0.0000000000000000000 ) ) ;
#2118 = VERTEX_POINT ( 'NONE', #1331 ) ;
#2119 = VERTEX_POINT ( 'NONE', #3161 ) ;
#2120 = DIRECTION ( 'NONE',  ( 0.0000000000000000000, 0.0000000000000000000, 1.000000000000000000 ) ) ;
#2121 = LINE ( 'NONE', #3985, #876 ) ;
#2122 = VERTEX_POINT ( 'NONE', #1693 ) ;
#2123 = CARTESIAN_POINT ( 'NONE',  ( 0.0000000000000000000, 0.1499999999999999944, 0.0000000000000000000 ) ) ;
#2124 = DIRECTION ( 'NONE',  ( 0.0000000000000000000, -1.000000000000000000, 0.0000000000000000000 ) ) ;
#2125 = UNCERTAINTY_MEASURE_WITH_UNIT (LENGTH_MEASURE( 1.000000000000000082E-05 ), #3587, 'distance_accuracy_value', 'NONE');
#2126 = CARTESIAN_POINT ( 'NONE',  ( 0.0000000000000000000, 0.2249999999999999778, 0.0000000000000000000 ) ) ;
#2127 = EDGE_CURVE ( 'NONE', #352, #3951, #5602, .T. ) ;
#2128 = LINE ( 'NONE', #1173, #4656 ) ;
#2129 = CYLINDRICAL_SURFACE ( 'NONE', #867, 0.1469999999999999918 ) ;
#2130 = CARTESIAN_POINT ( 'NONE',  ( 0.0000000000000000000, 0.1849999999999999978, 0.0000000000000000000 ) ) ;
#2131 = DIRECTION ( 'NONE',  ( 0.0000000000000000000, 0.0000000000000000000, 1.000000000000000000 ) ) ;
#2132 = VERTEX_POINT ( 'NONE', #4537 ) ;
#2133 = SURFACE_SIDE_STYLE ('',( #328 ) ) ;
#2134 = ORIENTED_EDGE ( 'NONE', *, *, #1773, .T. ) ;
#2135 = PRODUCT_DEFINITION_CONTEXT ( 'detailed design', #2403, 'design' ) ;
#2136 = ORIENTED_EDGE ( 'NONE', *, *, #1893, .T. ) ;
#2137 = ORIENTED_EDGE ( 'NONE', *, *, #5370, .F. ) ;
#2139 = CYLINDRICAL_SURFACE ( 'NONE', #759, 0.1320000000000000062 ) ;
#2138 = LINE ( 'NONE', #1642, #3788 ) ;
#2140 = EDGE_CURVE ( 'NONE', #924, #3493, #3033, .T. ) ;
#2141 = DIRECTION ( 'NONE',  ( -0.9699653213473705682, 0.0000000000000000000, 0.2432432432432439229 ) ) ;
#2142 = ORIENTED_EDGE ( 'NONE', *, *, #5214, .T. ) ;
#2143 = VERTEX_POINT ( 'NONE', #5903 ) ;
#2144 = EDGE_LOOP ( 'NONE', ( #3956, #1474, #2302, #5195 ) ) ;
#2145 = DIRECTION ( 'NONE',  ( -0.0000000000000000000, 1.000000000000000000, -0.0000000000000000000 ) ) ;
#2146 = DIRECTION ( 'NONE',  ( 0.0000000000000000000, -0.0000000000000000000, 1.000000000000000000 ) ) ;
#2147 = ADVANCED_FACE ( 'NONE', ( #1362 ), #784, .T. ) ;
#2148 = VERTEX_POINT ( 'NONE', #5491 ) ;
#2149 = DIRECTION ( 'NONE',  ( 0.0000000000000000000, 1.000000000000000000, 0.0000000000000000000 ) ) ;
#2150 = DIRECTION ( 'NONE',  ( 0.0000000000000000000, -1.000000000000000000, 0.0000000000000000000 ) ) ;
#2151 = CARTESIAN_POINT ( 'NONE',  ( 2.265596578422603655E-17, 0.2839999999999999747, 0.1849999999999999978 ) ) ;
#2152 = ORIENTED_EDGE ( 'NONE', *, *, #4291, .T. ) ;
#2153 = CARTESIAN_POINT ( 'NONE',  ( -0.04900000000000000189, 0.0000000000000000000, 0.1899999999999999745 ) ) ;
#2154 = DIRECTION ( 'NONE',  ( -0.0000000000000000000, 1.000000000000000000, -0.0000000000000000000 ) ) ;
#2155 = PLANE ( 'NONE',  #694 ) ;
#2156 = CARTESIAN_POINT ( 'NONE',  ( 0.02000000000000000042, -0.05000000000000000278, 0.1899999999999999745 ) ) ;
#2157 =( CONVERSION_BASED_UNIT ( 'INCH', #5301 ) LENGTH_UNIT ( ) NAMED_UNIT ( #5696 ) );
#2158 = CARTESIAN_POINT ( 'NONE',  ( 0.0000000000000000000, 0.1499999999999999944, 0.0000000000000000000 ) ) ;
#2159 = LINE ( 'NONE', #381, #4023 ) ;
#2160 = CONICAL_SURFACE ( 'NONE', #1486, 0.04749999999868431688, 0.7853981636212411521 ) ;
#2161 = ADVANCED_FACE ( 'NONE', ( #1384, #4620 ), #4172, .T. ) ;
#2162 = VERTEX_POINT ( 'NONE', #1859 ) ;
#2164 = DIRECTION ( 'NONE',  ( 0.0000000000000000000, -1.000000000000000000, 0.0000000000000000000 ) ) ;
#2163 = CARTESIAN_POINT ( 'NONE',  ( 2.265596578422603655E-17, 0.2239999999999999769, 0.1849999999999999978 ) ) ;
#2165 = VECTOR ( 'NONE', #3881, 39.37007874015748143 ) ;
#2166 = AXIS2_PLACEMENT_3D ( 'NONE', #5085, #102, #555 ) ;
#2167 = ORIENTED_EDGE ( 'NONE', *, *, #1280, .T. ) ;
#2168 = EDGE_CURVE ( 'NONE', #3164, #691, #3725, .T. ) ;
#2169 = AXIS2_PLACEMENT_3D ( 'NONE', #310, #2117, #1247 ) ;
#2170 = ORIENTED_EDGE ( 'NONE', *, *, #1598, .T. ) ;
#2171 = MECHANICAL_DESIGN_GEOMETRIC_PRESENTATION_REPRESENTATION (  '', ( #3215 ), #4365 ) ;
#2172 = FACE_OUTER_BOUND ( 'NONE', #641, .T. ) ;
#2173 = EDGE_LOOP ( 'NONE', ( #1697, #5439, #4177, #3274 ) ) ;
#2174 = LINE ( 'NONE', #5871, #4323 ) ;
#2175 = VERTEX_POINT ( 'NONE', #5123 ) ;
#2176 = ORIENTED_EDGE ( 'NONE', *, *, #891, .F. ) ;
#2177 = ORIENTED_EDGE ( 'NONE', *, *, #4392, .F. ) ;
#2178 = AXIS2_PLACEMENT_3D ( 'NONE', #2448, #5144, #2808 ) ;
#2179 = AXIS2_PLACEMENT_3D ( 'NONE', #3194, #5504, #989 ) ;
#2180 =( NAMED_UNIT ( * ) SI_UNIT ( $, .STERADIAN. ) SOLID_ANGLE_UNIT ( ) );
#2181 = CARTESIAN_POINT ( 'NONE',  ( -0.1980000000000000093, -0.1209999999999999826, -0.02000000000000000042 ) ) ;
#2182 = EDGE_CURVE ( 'NONE', #4477, #3511, #1031, .T. ) ;
#2183 = ORIENTED_EDGE ( 'NONE', *, *, #1637, .T. ) ;
#2184 = STYLED_ITEM ( 'NONE', ( #4817 ), #5508 ) ;
#2185 = CARTESIAN_POINT ( 'NONE',  ( 0.1920000000000000040, -0.1209999999999999826, 0.02000000000000000042 ) ) ;
#2186 = CARTESIAN_POINT ( 'NONE',  ( 0.01499999999999999944, 0.3799999999999999489, -0.03708099243547830631 ) ) ;
#2187 = PLANE ( 'NONE',  #4190 ) ;
#2188 = SURFACE_STYLE_FILL_AREA ( #5327 ) ;
#2189 = EDGE_CURVE ( 'NONE', #257, #4514, #3690, .T. ) ;
#2190 = DIRECTION ( 'NONE',  ( -0.0000000000000000000, 1.000000000000000000, -0.0000000000000000000 ) ) ;
#2191 = ADVANCED_FACE ( 'NONE', ( #3783 ), #1947, .F. ) ;
#2192 = LINE ( 'NONE', #1282, #4498 ) ;
#2193 = UNCERTAINTY_MEASURE_WITH_UNIT (LENGTH_MEASURE( 1.000000000000000082E-05 ), #1108, 'distance_accuracy_value', 'NONE');
#2194 = FACE_OUTER_BOUND ( 'NONE', #3455, .T. ) ;
#2195 = COLOUR_RGB ( '',0.0000000000000000000, 0.0000000000000000000, 0.0000000000000000000 ) ;
#2196 = DIRECTION ( 'NONE',  ( 0.0000000000000000000, 0.0000000000000000000, -1.000000000000000000 ) ) ;
#2197 = EDGE_CURVE ( 'NONE', #3, #299, #1987, .T. ) ;
#2198 = CARTESIAN_POINT ( 'NONE',  ( 0.0000000000000000000, 0.3099999999999999978, 0.0000000000000000000 ) ) ;
#2199 = DIRECTION ( 'NONE',  ( -0.0000000000000000000, -1.000000000000000000, -0.0000000000000000000 ) ) ;
#2200 = ORIENTED_EDGE ( 'NONE', *, *, #5706, .F. ) ;
#2201 = DIRECTION ( 'NONE',  ( 0.0000000000000000000, 1.000000000000000000, -0.0000000000000000000 ) ) ;
#2202 = CIRCLE ( 'NONE', #3051, 0.1849999999999999978 ) ;
#2203 = EDGE_CURVE ( 'NONE', #2586, #2843, #4167, .T. ) ;
#2204 = ORIENTED_EDGE ( 'NONE', *, *, #3406, .F. ) ;
#2205 = VECTOR ( 'NONE', #4055, 39.37007874015748143 ) ;
#2206 = COLOUR_RGB ( '',0.0000000000000000000, 0.0000000000000000000, 0.0000000000000000000 ) ;
#2207 = ORIENTED_EDGE ( 'NONE', *, *, #1318, .T. ) ;
#2209 = DIRECTION ( 'NONE',  ( 0.0000000000000000000, 0.0000000000000000000, 1.000000000000000000 ) ) ;
#2208 = LINE ( 'NONE', #5404, #1872 ) ;
#2210 = CARTESIAN_POINT ( 'NONE',  ( 0.0000000000000000000, 0.1839999999999999969, 0.0000000000000000000 ) ) ;
#2211 = EDGE_CURVE ( 'NONE', #3091, #4039, #5246, .T. ) ;
#2212 = ORIENTED_EDGE ( 'NONE', *, *, #4982, .T. ) ;
#2213 = VERTEX_POINT ( 'NONE', #1537 ) ;
#2214 = ORIENTED_EDGE ( 'NONE', *, *, #2991, .T. ) ;
#2215 = CIRCLE ( 'NONE', #3166, 0.1849999999999999978 ) ;
#2216 = AXIS2_PLACEMENT_3D ( 'NONE', #4334, #3389, #3857 ) ;
#2217 = DIRECTION ( 'NONE',  ( 0.0000000000000000000, 0.0000000000000000000, 1.000000000000000000 ) ) ;
#2218 = FACE_BOUND ( 'NONE', #1592, .T. ) ;
#2219 = ORIENTED_EDGE ( 'NONE', *, *, #5333, .F. ) ;
#2220 = CARTESIAN_POINT ( 'NONE',  ( -0.1980000000000000093, 0.05000000000000000278, 0.03500000000000000333 ) ) ;
#2221 = FACE_OUTER_BOUND ( 'NONE', #4623, .T. ) ;
#2222 = CARTESIAN_POINT ( 'NONE',  ( 5.817072295949927179E-18, 0.2149999999999999967, -0.04749999999999999362 ) ) ;
#2223 = EDGE_LOOP ( 'NONE', ( #1863, #5899, #659, #3170 ) ) ;
#2224 = FACE_OUTER_BOUND ( 'NONE', #1764, .T. ) ;
#2225 = LINE ( 'NONE', #4524, #2205 ) ;
#2226 = SURFACE_SIDE_STYLE ('',( #5396 ) ) ;
#2227 = ADVANCED_FACE ( 'NONE', ( #2072 ), #4771, .T. ) ;
#2228 = LINE ( 'NONE', #5397, #2761 ) ;
#2229 = EDGE_CURVE ( 'NONE', #5023, #4072, #2466, .T. ) ;
#2230 = ORIENTED_EDGE ( 'NONE', *, *, #5092, .T. ) ;
#2232 = PLANE ( 'NONE',  #2443 ) ;
#2231 = SURFACE_STYLE_FILL_AREA ( #1379 ) ;
#2233 =( LENGTH_UNIT ( ) NAMED_UNIT ( * ) SI_UNIT ( $, .METRE. ) );
#2234 = CARTESIAN_POINT ( 'NONE',  ( 0.1272752921819470528, 0.04399999999999999745, -0.03500000000000000333 ) ) ;
#2235 = EDGE_CURVE ( 'NONE', #3899, #1161, #1061, .T. ) ;
#2237 = FACE_OUTER_BOUND ( 'NONE', #367, .T. ) ;
#2236 = CARTESIAN_POINT ( 'NONE',  ( 0.03750000000000004025, -0.04499999999999999833, -0.1811594601449231512 ) ) ;
#2238 = DIRECTION ( 'NONE',  ( 0.0000000000000000000, 1.000000000000000000, 0.0000000000000000000 ) ) ;
#2239 = ORIENTED_EDGE ( 'NONE', *, *, #556, .T. ) ;
#2240 = ORIENTED_EDGE ( 'NONE', *, *, #1293, .T. ) ;
#2241 = EDGE_LOOP ( 'NONE', ( #3326, #3128, #3972, #5127 ) ) ;
#2242 = CARTESIAN_POINT ( 'NONE',  ( 5.817072295949927179E-18, 0.2249999999999999778, -0.04749999999999999362 ) ) ;
#2243 = DIRECTION ( 'NONE',  ( 0.0000000000000000000, 1.000000000000000000, 0.0000000000000000000 ) ) ;
#2244 = EDGE_CURVE ( 'NONE', #1152, #2410, #1087, .T. ) ;
#2245 = EDGE_LOOP ( 'NONE', ( #4809, #3441, #1667, #435 ) ) ;
#2246 = LINE ( 'NONE', #4933, #3119 ) ;
#2247 = CARTESIAN_POINT ( 'NONE',  ( 2.265596578422603655E-17, 0.1849999999999999978, 0.1849999999999999978 ) ) ;
#2248 = DIRECTION ( 'NONE',  ( 0.0000000000000000000, 0.0000000000000000000, 1.000000000000000000 ) ) ;
#2249 = ORIENTED_EDGE ( 'NONE', *, *, #717, .F. ) ;
#2250 = ORIENTED_EDGE ( 'NONE', *, *, #646, .T. ) ;
#2251 = DIRECTION ( 'NONE',  ( 0.0000000000000000000, 0.0000000000000000000, 1.000000000000000000 ) ) ;
#2252 = CYLINDRICAL_SURFACE ( 'NONE', #781, 0.1849999999999999978 ) ;
#2253 = DIRECTION ( 'NONE',  ( 0.0000000000000000000, 1.000000000000000000, 0.0000000000000000000 ) ) ;
#2254 =( CONVERSION_BASED_UNIT ( 'INCH', #3967 ) LENGTH_UNIT ( ) NAMED_UNIT ( #610 ) );
#2255 = PLANE ( 'NONE',  #3923 ) ;
#2256 = ADVANCED_FACE ( 'NONE', ( #5709, #3360 ), #1566, .F. ) ;
#2257 = SURFACE_SIDE_STYLE ('',( #2231 ) ) ;
#2258 = PLANE ( 'NONE',  #4573 ) ;
#2259 = ORIENTED_EDGE ( 'NONE', *, *, #1660, .F. ) ;
#2260 = ORIENTED_EDGE ( 'NONE', *, *, #4743, .T. ) ;
#2261 = EDGE_CURVE ( 'NONE', #2439, #501, #2822, .T. ) ;
#2262 = EDGE_CURVE ( 'NONE', #2467, #3781, #1106, .T. ) ;
#2263 = AXIS2_PLACEMENT_3D ( 'NONE', #5902, #3693, #5869 ) ;
#2264 = COLOUR_RGB ( '',0.0000000000000000000, 0.0000000000000000000, 0.0000000000000000000 ) ;
#2266 = FACE_OUTER_BOUND ( 'NONE', #2020, .T. ) ;
#2265 = CARTESIAN_POINT ( 'NONE',  ( 0.04900000000000000189, 0.0000000000000000000, 0.1899999999999999745 ) ) ;
#2267 = DIRECTION ( 'NONE',  ( 0.0000000000000000000, -1.000000000000000000, 0.0000000000000000000 ) ) ;
#2268 = ORIENTED_EDGE ( 'NONE', *, *, #574, .F. ) ;
#2269 = ORIENTED_EDGE ( 'NONE', *, *, #5603, .T. ) ;
#2270 = DIRECTION ( 'NONE',  ( 0.0000000000000000000, 0.0000000000000000000, 1.000000000000000000 ) ) ;
#2271 = CIRCLE ( 'NONE', #1688, 0.1469999999999999918 ) ;
#2272 = VECTOR ( 'NONE', #5786, 39.37007874015748143 ) ;
#2273 = VERTEX_POINT ( 'NONE', #2905 ) ;
#2274 = CARTESIAN_POINT ( 'NONE',  ( -0.04900000000000000189, 0.0000000000000000000, 0.2099999999999999922 ) ) ;
#2275 = DIRECTION ( 'NONE',  ( 0.0000000000000000000, 1.000000000000000000, 0.0000000000000000000 ) ) ;
#2276 = STYLED_ITEM ( 'NONE', ( #1801 ), #5009 ) ;
#2277 = VECTOR ( 'NONE', #5360, 39.37007874015748143 ) ;
#2278 = DIRECTION ( 'NONE',  ( 0.0000000000000000000, -0.0000000000000000000, 1.000000000000000000 ) ) ;
#2279 = AXIS2_PLACEMENT_3D ( 'NONE', #3976, #2682, #5776 ) ;
#2280 = ORIENTED_EDGE ( 'NONE', *, *, #1084, .T. ) ;
#2281 = ORIENTED_EDGE ( 'NONE', *, *, #3377, .F. ) ;
#2282 = EDGE_CURVE ( 'NONE', #4338, #234, #5026, .T. ) ;
#2283 = LENGTH_MEASURE_WITH_UNIT ( LENGTH_MEASURE( 0.02539999999999999897 ), #64 );
#2284 = DIRECTION ( 'NONE',  ( 0.0000000000000000000, 1.000000000000000000, 0.0000000000000000000 ) ) ;
#2285 = STYLED_ITEM ( 'NONE', ( #475 ), #5273 ) ;
#2286 = CARTESIAN_POINT ( 'NONE',  ( 0.1425849022380639985, 0.0000000000000000000, 0.03575675675675679677 ) ) ;
#2287 = FILL_AREA_STYLE_COLOUR ( '', #2762 ) ;
#2288 =( GEOMETRIC_REPRESENTATION_CONTEXT ( 3 ) GLOBAL_UNCERTAINTY_ASSIGNED_CONTEXT ( ( #2372 ) ) GLOBAL_UNIT_ASSIGNED_CONTEXT ( ( #1343, #1736, #2746 ) ) REPRESENTATION_CONTEXT ( 'NONE', 'WORKASPACE' ) );
#2289 = ADVANCED_FACE ( 'NONE', ( #3944 ), #3876, .T. ) ;
#2290 = DIRECTION ( 'NONE',  ( 0.0000000000000000000, -1.000000000000000000, 0.0000000000000000000 ) ) ;
#2291 = AXIS2_PLACEMENT_3D ( 'NONE', #4245, #527, #61 ) ;
#2292 = ORIENTED_EDGE ( 'NONE', *, *, #1295, .T. ) ;
#2293 = VECTOR ( 'NONE', #4729, 39.37007874015748143 ) ;
#2294 = PRESENTATION_LAYER_ASSIGNMENT (  '', '', ( #3636 ) ) ;
#2295 = VECTOR ( 'NONE', #5484, 39.37007874015748143 ) ;
#2296 = LENGTH_MEASURE_WITH_UNIT ( LENGTH_MEASURE( 0.02539999999999999897 ), #5521 );
#2297 = LINE ( 'NONE', #4009, #3061 ) ;
#2298 = EDGE_LOOP ( 'NONE', ( #4417, #4265 ) ) ;
#2299 = AXIS2_PLACEMENT_3D ( 'NONE', #623, #3282, #4728 ) ;
#2300 = FACE_OUTER_BOUND ( 'NONE', #3363, .T. ) ;
#2301 = MECHANICAL_DESIGN_GEOMETRIC_PRESENTATION_REPRESENTATION (  '', ( #4878 ), #5822 ) ;
#2302 = ORIENTED_EDGE ( 'NONE', *, *, #4098, .T. ) ;
#2303 = EDGE_CURVE ( 'NONE', #1162, #5381, #1635, .T. ) ;
#2304 = DIRECTION ( 'NONE',  ( 0.0000000000000000000, -1.000000000000000000, 0.0000000000000000000 ) ) ;
#2305 = VECTOR ( 'NONE', #3196, 39.37007874015748854 ) ;
#2306 = CARTESIAN_POINT ( 'NONE',  ( 0.1261379814248098641, 0.0000000000000000000, 0.07548648648648581538 ) ) ;
#2307 = VECTOR ( 'NONE', #5388, 39.37007874015748143 ) ;
#2308 = LINE ( 'NONE', #1705, #5901 ) ;
#2309 = ORIENTED_EDGE ( 'NONE', *, *, #318, .T. ) ;
#2310 = ORIENTED_EDGE ( 'NONE', *, *, #7, .T. ) ;
#2311 = CIRCLE ( 'NONE', #1350, 0.1849999999999999978 ) ;
#2312 = LINE ( 'NONE', #4741, #2165 ) ;
#2313 = FACE_OUTER_BOUND ( 'NONE', #5575, .T. ) ;
#2314 = ADVANCED_FACE ( 'NONE', ( #5158 ), #2043, .T. ) ;
#2315 =( CONVERSION_BASED_UNIT ( 'INCH', #945 ) LENGTH_UNIT ( ) NAMED_UNIT ( #1169 ) );
#2316 = ORIENTED_EDGE ( 'NONE', *, *, #3948, .T. ) ;
#2318 =( NAMED_UNIT ( * ) SI_UNIT ( $, .STERADIAN. ) SOLID_ANGLE_UNIT ( ) );
#2317 = DIRECTION ( 'NONE',  ( 0.0000000000000000000, 0.0000000000000000000, 1.000000000000000000 ) ) ;
#2319 = ORIENTED_EDGE ( 'NONE', *, *, #4004, .T. ) ;
#2320 = DIRECTION ( 'NONE',  ( -0.0000000000000000000, -1.000000000000000000, -0.0000000000000000000 ) ) ;
#2321 = ORIENTED_EDGE ( 'NONE', *, *, #2111, .T. ) ;
#2322 = CARTESIAN_POINT ( 'NONE',  ( -0.1950000000000000067, -0.03099999999999999978, -0.03500000000000000333 ) ) ;
#2323 = ORIENTED_EDGE ( 'NONE', *, *, #5549, .F. ) ;
#2324 = EDGE_CURVE ( 'NONE', #133, #5495, #3548, .T. ) ;
#2325 = SURFACE_STYLE_USAGE ( .BOTH. , #957 ) ;
#2326 = FACE_OUTER_BOUND ( 'NONE', #549, .T. ) ;
#2327 = FACE_BOUND ( 'NONE', #4826, .T. ) ;
#2328 = ORIENTED_EDGE ( 'NONE', *, *, #5672, .T. ) ;
#2329 = ORIENTED_EDGE ( 'NONE', *, *, #1105, .F. ) ;
#2330 = FACE_OUTER_BOUND ( 'NONE', #2794, .T. ) ;
#2331 = ADVANCED_FACE ( 'NONE', ( #1686 ), #2232, .T. ) ;
#2332 = DIRECTION ( 'NONE',  ( 0.0000000000000000000, 0.0000000000000000000, 1.000000000000000000 ) ) ;
#2333 = LENGTH_MEASURE_WITH_UNIT ( LENGTH_MEASURE( 0.02539999999999999897 ), #4434 );
#2334 = PRESENTATION_STYLE_ASSIGNMENT (( #4664 ) ) ;
#2335 = EDGE_CURVE ( 'NONE', #3851, #2585, #5675, .T. ) ;
#2336 = SURFACE_STYLE_USAGE ( .BOTH. , #4637 ) ;
#2337 = DIRECTION ( 'NONE',  ( 0.0000000000000000000, -1.000000000000000000, 0.0000000000000000000 ) ) ;
#2338 = SURFACE_STYLE_USAGE ( .BOTH. , #2257 ) ;
#2339 =( LENGTH_UNIT ( ) NAMED_UNIT ( * ) SI_UNIT ( $, .METRE. ) );
#2340 = PLANE ( 'NONE',  #586 ) ;
#2341 = FACE_OUTER_BOUND ( 'NONE', #981, .T. ) ;
#2342 = ADVANCED_FACE ( 'NONE', ( #5373 ), #2160, .T. ) ;
#2343 = DIRECTION ( 'NONE',  ( 0.9792403251076926551, 0.0000000000000000000, 0.2027027027027029082 ) ) ;
#2344 = DIRECTION ( 'NONE',  ( 1.000000000000000000, 0.0000000000000000000, -0.0000000000000000000 ) ) ;
#2345 = FILL_AREA_STYLE ('',( #5577 ) ) ;
#2346 = ORIENTED_EDGE ( 'NONE', *, *, #1346, .T. ) ;
#2347 = VECTOR ( 'NONE', #1663, 39.37007874015748143 ) ;
#2348 = VERTEX_POINT ( 'NONE', #3974 ) ;
#2349 = CARTESIAN_POINT ( 'NONE',  ( -0.1425849022380637765, -0.04499999999999999833, -0.03575675675675674126 ) ) ;
#2350 = DIRECTION ( 'NONE',  ( 0.0000000000000000000, 1.000000000000000000, 0.0000000000000000000 ) ) ;
#2351 = EDGE_LOOP ( 'NONE', ( #37, #213, #448, #3186 ) ) ;
#2352 = ORIENTED_EDGE ( 'NONE', *, *, #2359, .F. ) ;
#2353 = AXIS2_PLACEMENT_3D ( 'NONE', #4867, #4832, #5344 ) ;
#2354 = AXIS2_PLACEMENT_3D ( 'NONE', #243, #4362, #1516 ) ;
#2355 = AXIS2_PLACEMENT_3D ( 'NONE', #5445, #4518, #1787 ) ;
#2356 = EDGE_CURVE ( 'NONE', #4387, #711, #3020, .T. ) ;
#2357 = LINE ( 'NONE', #2805, #5417 ) ;
#2358 = STYLED_ITEM ( 'NONE', ( #4833 ), #1991 ) ;
#2359 = EDGE_CURVE ( 'NONE', #5817, #5872, #1967, .T. ) ;
#2360 = LINE ( 'NONE', #2444, #689 ) ;
#2361 = CARTESIAN_POINT ( 'NONE',  ( 5.817072295949927179E-18, 0.3099999999999999978, -0.04749999999999999362 ) ) ;
#2362 = CARTESIAN_POINT ( 'NONE',  ( 0.0000000000000000000, 0.2239999999999999769, 0.0000000000000000000 ) ) ;
#2363 = ADVANCED_FACE ( 'NONE', ( #894 ), #5481, .T. ) ;
#2364 = AXIS2_PLACEMENT_3D ( 'NONE', #195, #4671, #1530 ) ;
#2365 = STYLED_ITEM ( 'NONE', ( #2777 ), #3179 ) ;
#2366 = DIRECTION ( 'NONE',  ( 0.0000000000000000000, 0.0000000000000000000, 1.000000000000000000 ) ) ;
#2367 = EDGE_CURVE ( 'NONE', #3488, #234, #4137, .T. ) ;
#2368 =( GEOMETRIC_REPRESENTATION_CONTEXT ( 3 ) GLOBAL_UNCERTAINTY_ASSIGNED_CONTEXT ( ( #602 ) ) GLOBAL_UNIT_ASSIGNED_CONTEXT ( ( #2559, #1167, #1616 ) ) REPRESENTATION_CONTEXT ( 'NONE', 'WORKASPACE' ) );
#2369 = DIRECTION ( 'NONE',  ( 0.0000000000000000000, 1.000000000000000000, 0.0000000000000000000 ) ) ;
#2370 = PLANE ( 'NONE',  #5808 ) ;
#2371 = PLANE ( 'NONE',  #5829 ) ;
#2372 = UNCERTAINTY_MEASURE_WITH_UNIT (LENGTH_MEASURE( 1.000000000000000082E-05 ), #1343, 'distance_accuracy_value', 'NONE');
#2373 = AXIS2_PLACEMENT_3D ( 'NONE', #5401, #2912, #4745 ) ;
#2374 = EDGE_LOOP ( 'NONE', ( #4804, #2105 ) ) ;
#2375 = EDGE_CURVE ( 'NONE', #2074, #3193, #3207, .T. ) ;
#2377 = FILL_AREA_STYLE ('',( #2818 ) ) ;
#2376 = PLANE ( 'NONE',  #1494 ) ;
#2378 = DIRECTION ( 'NONE',  ( -0.0000000000000000000, -1.000000000000000000, -0.0000000000000000000 ) ) ;
#2379 = VECTOR ( 'NONE', #2878, 39.37007874015748143 ) ;
#2380 = VERTEX_POINT ( 'NONE', #3768 ) ;
#2381 = ADVANCED_BREP_SHAPE_REPRESENTATION ( '8C4CCE48-6CD2-45A1-BAA2-EFC81DAB754A', ( #4895, #1414 ), #5619 ) ;
#2382 = AXIS2_PLACEMENT_3D ( 'NONE', #5518, #4674, #3780 ) ;
#2383 = VECTOR ( 'NONE', #3746, 39.37007874015748854 ) ;
#2384 = ORIENTED_EDGE ( 'NONE', *, *, #3377, .T. ) ;
#2385 = EDGE_CURVE ( 'NONE', #551, #3765, #2357, .T. ) ;
#2386 = LINE ( 'NONE', #148, #5895 ) ;
#2387 = VERTEX_POINT ( 'NONE', #1043 ) ;
#2388 = ORIENTED_EDGE ( 'NONE', *, *, #994, .T. ) ;
#2389 = EDGE_LOOP ( 'NONE', ( #2259, #4660 ) ) ;
#2390 = AXIS2_PLACEMENT_3D ( 'NONE', #131, #1431, #189 ) ;
#2391 = CARTESIAN_POINT ( 'NONE',  ( 0.0000000000000000000, 0.1650000000000000078, -0.1849999999999999978 ) ) ;
#2392 = DIRECTION ( 'NONE',  ( 0.0000000000000000000, 0.0000000000000000000, -1.000000000000000000 ) ) ;
#2393 = FACE_OUTER_BOUND ( 'NONE', #614, .T. ) ;
#2394 = CARTESIAN_POINT ( 'NONE',  ( 0.0000000000000000000, 0.2139999999999999958, 0.0000000000000000000 ) ) ;
#2395 = CYLINDRICAL_SURFACE ( 'NONE', #589, 0.04749999999999999362 ) ;
#2396 = VECTOR ( 'NONE', #5670, 39.37007874015748143 ) ;
#2397 = CARTESIAN_POINT ( 'NONE',  ( 0.0000000000000000000, 0.1499999999999999944, 0.0000000000000000000 ) ) ;
#2398 = CIRCLE ( 'NONE', #5637, 0.1849999999999999978 ) ;
#2399 = EDGE_CURVE ( 'NONE', #4240, #5792, #562, .T. ) ;
#2400 = DIRECTION ( 'NONE',  ( -0.7660444431189782355, 0.6427876096865391409, 0.0000000000000000000 ) ) ;
#2401 = FILL_AREA_STYLE ('',( #1079 ) ) ;
#2402 = DIRECTION ( 'NONE',  ( 1.000000000000000000, -0.0000000000000000000, -0.0000000000000000000 ) ) ;
#2403 = APPLICATION_CONTEXT ( 'automotive_design' ) ;
#2404 = CARTESIAN_POINT ( 'NONE',  ( -0.1980000000000000093, 0.05000000000000000278, -0.03500000000000000333 ) ) ;
#2405 = EDGE_CURVE ( 'NONE', #956, #4514, #3195, .T. ) ;
#2406 = ORIENTED_EDGE ( 'NONE', *, *, #1445, .F. ) ;
#2407 = LENGTH_MEASURE_WITH_UNIT ( LENGTH_MEASURE( 0.02539999999999999897 ), #2904 );
#2408 = LINE ( 'NONE', #2995, #1517 ) ;
#2409 = FACE_OUTER_BOUND ( 'NONE', #5208, .T. ) ;
#2410 = VERTEX_POINT ( 'NONE', #2830 ) ;
#2411 = ORIENTED_EDGE ( 'NONE', *, *, #2975, .T. ) ;
#2413 = FACE_OUTER_BOUND ( 'NONE', #5632, .T. ) ;
#2412 = CARTESIAN_POINT ( 'NONE',  ( 0.0000000000000000000, 0.1839999999999999969, 0.0000000000000000000 ) ) ;
#2414 = LINE ( 'NONE', #2799, #22 ) ;
#2415 = LENGTH_MEASURE_WITH_UNIT ( LENGTH_MEASURE( 0.02539999999999999897 ), #2853 );
#2416 = ORIENTED_EDGE ( 'NONE', *, *, #3125, .T. ) ;
#2417 = ORIENTED_EDGE ( 'NONE', *, *, #1886, .F. ) ;
#2418 = DIRECTION ( 'NONE',  ( -0.0000000000000000000, -1.000000000000000000, -0.0000000000000000000 ) ) ;
#2419 = EDGE_CURVE ( 'NONE', #5258, #2604, #2536, .T. ) ;
#2420 =( NAMED_UNIT ( * ) PLANE_ANGLE_UNIT ( ) SI_UNIT ( $, .RADIAN. ) );
#2421 = DIRECTION ( 'NONE',  ( 0.0000000000000000000, 1.000000000000000000, 0.0000000000000000000 ) ) ;
#2422 = DIRECTION ( 'NONE',  ( 0.0000000000000000000, 1.000000000000000000, 0.0000000000000000000 ) ) ;
#2423 = DIMENSIONAL_EXPONENTS ( 1.000000000000000000, 0.0000000000000000000, 0.0000000000000000000, 0.0000000000000000000, 0.0000000000000000000, 0.0000000000000000000, 0.0000000000000000000 ) ;
#2424 = CARTESIAN_POINT ( 'NONE',  ( 0.0000000000000000000, 0.2750000000000000222, 0.0000000000000000000 ) ) ;
#2425 = LINE ( 'NONE', #194, #880 ) ;
#2426 = CARTESIAN_POINT ( 'NONE',  ( 0.01499999999999999944, 0.4000000000000000222, 0.04506939094329988349 ) ) ;
#2427 = CARTESIAN_POINT ( 'NONE',  ( 0.0000000000000000000, 0.2049999999999999878, 0.0000000000000000000 ) ) ;
#2428 = DIRECTION ( 'NONE',  ( 0.0000000000000000000, 0.0000000000000000000, -1.000000000000000000 ) ) ;
#2429 = ORIENTED_EDGE ( 'NONE', *, *, #3090, .F. ) ;
#2430 = DIRECTION ( 'NONE',  ( 0.2027027027027029082, 0.0000000000000000000, 0.9792403251076926551 ) ) ;
#2431 = SURFACE_STYLE_FILL_AREA ( #631 ) ;
#2432 = EDGE_LOOP ( 'NONE', ( #829, #3175, #5622, #4544 ) ) ;
#2433 = EDGE_CURVE ( 'NONE', #1823, #1748, #1909, .T. ) ;
#2435 = DIRECTION ( 'NONE',  ( 0.0000000000000000000, 1.000000000000000000, 0.0000000000000000000 ) ) ;
#2434 = CARTESIAN_POINT ( 'NONE',  ( 0.0000000000000000000, 0.2449999999999999956, 0.0000000000000000000 ) ) ;
#2436 = CARTESIAN_POINT ( 'NONE',  ( -9.639569805745200661E-18, 0.2249999999999999778, 3.875786328529849706E-18 ) ) ;
#2437 = CARTESIAN_POINT ( 'NONE',  ( -0.04900000000000000189, 0.3619999999999999885, 0.1899999999999999745 ) ) ;
#2438 = VERTEX_POINT ( 'NONE', #1374 ) ;
#2439 = VERTEX_POINT ( 'NONE', #5025 ) ;
#2440 = ORIENTED_EDGE ( 'NONE', *, *, #4529, .F. ) ;
#2441 = DIRECTION ( 'NONE',  ( 0.0000000000000000000, 0.0000000000000000000, -1.000000000000000000 ) ) ;
#2442 = DIRECTION ( 'NONE',  ( 0.0000000000000000000, -1.000000000000000000, 0.0000000000000000000 ) ) ;
#2443 = AXIS2_PLACEMENT_3D ( 'NONE', #2605, #4410, #2634 ) ;
#2444 = CARTESIAN_POINT ( 'NONE',  ( 0.0000000000000000000, 0.1499999999999999944, 0.04749999999999999362 ) ) ;
#2445 = AXIS2_PLACEMENT_3D ( 'NONE', #1751, #4474, #3093 ) ;
#2446 = PRESENTATION_LAYER_ASSIGNMENT (  '', '', ( #654 ) ) ;
#2447 = EDGE_CURVE ( 'NONE', #1869, #4151, #2271, .T. ) ;
#2448 = CARTESIAN_POINT ( 'NONE',  ( 0.0000000000000000000, 0.1950000000000000067, 0.0000000000000000000 ) ) ;
#2449 = CYLINDRICAL_SURFACE ( 'NONE', #398, 0.1849999999999999978 ) ;
#2450 = DIRECTION ( 'NONE',  ( -0.0000000000000000000, 0.0000000000000000000, -1.000000000000000000 ) ) ;
#2451 = AXIS2_PLACEMENT_3D ( 'NONE', #2071, #5305, #353 ) ;
#2452 = VECTOR ( 'NONE', #760, 39.37007874015748143 ) ;
#2453 = AXIS2_PLACEMENT_3D ( 'NONE', #3210, #1002, #1860 ) ;
#2454 = FACE_OUTER_BOUND ( 'NONE', #5050, .T. ) ;
#2455 = EDGE_CURVE ( 'NONE', #1631, #1951, #4364, .T. ) ;
#2456 = FACE_BOUND ( 'NONE', #4450, .T. ) ;
#2457 = AXIS2_PLACEMENT_3D ( 'NONE', #3111, #3592, #5890 ) ;
#2458 = CYLINDRICAL_SURFACE ( 'NONE', #1044, 0.1849999999999999978 ) ;
#2459 = AXIS2_PLACEMENT_3D ( 'NONE', #5254, #2047, #1571 ) ;
#2460 = CARTESIAN_POINT ( 'NONE',  ( -0.01499999999999999944, 0.3700000000006472556, -0.03976493430228552478 ) ) ;
#2461 = DIMENSIONAL_EXPONENTS ( 1.000000000000000000, 0.0000000000000000000, 0.0000000000000000000, 0.0000000000000000000, 0.0000000000000000000, 0.0000000000000000000, 0.0000000000000000000 ) ;
#2462 = AXIS2_PLACEMENT_3D ( 'NONE', #4448, #1821, #404 ) ;
#2463 = AXIS2_PLACEMENT_3D ( 'NONE', #1961, #2982, #4812 ) ;
#2464 = ORIENTED_EDGE ( 'NONE', *, *, #1501, .T. ) ;
#2466 = LINE ( 'NONE', #2542, #4263 ) ;
#2465 = CARTESIAN_POINT ( 'NONE',  ( 0.1980000000000000093, 0.05000000000000000278, 0.03500000000000000333 ) ) ;
#2467 = VERTEX_POINT ( 'NONE', #5108 ) ;
#2468 = LINE ( 'NONE', #1475, #3545 ) ;
#2469 = CARTESIAN_POINT ( 'NONE',  ( 0.0000000000000000000, 0.0000000000000000000, 0.0000000000000000000 ) ) ;
#2470 = CARTESIAN_POINT ( 'NONE',  ( -0.1272752921819470528, 0.05000000000000000278, 0.03500000000000000333 ) ) ;
#2471 = VERTEX_POINT ( 'NONE', #1399 ) ;
#2472 = VERTEX_POINT ( 'NONE', #3227 ) ;
#2473 = CARTESIAN_POINT ( 'NONE',  ( -0.02000000000000000042, -0.05000000000000000971, 0.2099999999999999922 ) ) ;
#2474 = DIRECTION ( 'NONE',  ( -0.0000000000000000000, -1.000000000000000000, -0.0000000000000000000 ) ) ;
#2475 = AXIS2_PLACEMENT_3D ( 'NONE', #1104, #3901, #1142 ) ;
#2476 = PLANE ( 'NONE',  #2390 ) ;
#2477 = DIRECTION ( 'NONE',  ( 1.000000000000000000, 0.0000000000000000000, 0.0000000000000000000 ) ) ;
#2478 = ORIENTED_EDGE ( 'NONE', *, *, #5758, .T. ) ;
#2479 =( NAMED_UNIT ( * ) PLANE_ANGLE_UNIT ( ) SI_UNIT ( $, .RADIAN. ) );
#2480 = LENGTH_MEASURE_WITH_UNIT ( LENGTH_MEASURE( 0.02539999999999999897 ), #1555 );
#2481 = AXIS2_PLACEMENT_3D ( 'NONE', #2509, #4346, #5203 ) ;
#2482 = VECTOR ( 'NONE', #1675, 39.37007874015748143 ) ;
#2483 = CARTESIAN_POINT ( 'NONE',  ( 0.0000000000000000000, 0.3099999999999999978, 0.0000000000000000000 ) ) ;
#2484 = DIRECTION ( 'NONE',  ( -0.0000000000000000000, 1.000000000000000000, -0.0000000000000000000 ) ) ;
#2485 = VECTOR ( 'NONE', #3295, 39.37007874015748854 ) ;
#2486 = CIRCLE ( 'NONE', #5551, 0.04749999999999999362 ) ;
#2487 = AXIS2_PLACEMENT_3D ( 'NONE', #1192, #4844, #2120 ) ;
#2488 = CARTESIAN_POINT ( 'NONE',  ( -0.01499999999999999944, 0.3799999999999999489, 0.03708099243547830631 ) ) ;
#2489 = CARTESIAN_POINT ( 'NONE',  ( -0.02000000000000000042, -0.1209999999999999826, 0.1899999999999999745 ) ) ;
#2490 = EDGE_CURVE ( 'NONE', #2684, #4921, #839, .T. ) ;
#2491 = VECTOR ( 'NONE', #1644, 39.37007874015748143 ) ;
#2492 = ORIENTED_EDGE ( 'NONE', *, *, #2399, .F. ) ;
#2494 = DIRECTION ( 'NONE',  ( 0.0000000000000000000, -0.0000000000000000000, 1.000000000000000000 ) ) ;
#2493 = CARTESIAN_POINT ( 'NONE',  ( -0.01499999999999999944, 0.3700000000006472556, -0.03976493430228552478 ) ) ;
#2495 = ORIENTED_EDGE ( 'NONE', *, *, #5087, .F. ) ;
#2496 = EDGE_LOOP ( 'NONE', ( #5321, #2803, #4811, #3919 ) ) ;
#2497 = DIRECTION ( 'NONE',  ( 0.0000000000000000000, 0.0000000000000000000, -1.000000000000000000 ) ) ;
#2498 = FACE_BOUND ( 'NONE', #3733, .T. ) ;
#2499 = SURFACE_SIDE_STYLE ('',( #5221 ) ) ;
#2500 = ORIENTED_EDGE ( 'NONE', *, *, #556, .F. ) ;
#2501 = EDGE_LOOP ( 'NONE', ( #464, #5119, #520, #5386 ) ) ;
#2502 = ORIENTED_EDGE ( 'NONE', *, *, #1976, .F. ) ;
#2503 = EDGE_LOOP ( 'NONE', ( #4837, #1213, #974, #2613, #2328, #4579, #5138 ) ) ;
#2504 = LINE ( 'NONE', #4390, #1018 ) ;
#2505 = EDGE_CURVE ( 'NONE', #246, #2471, #4227, .T. ) ;
#2506 = PLANE ( 'NONE',  #5164 ) ;
#2507 = FACE_OUTER_BOUND ( 'NONE', #4356, .T. ) ;
#2508 = DIRECTION ( 'NONE',  ( 1.776356839400250465E-15, 0.0000000000000000000, 1.000000000000000000 ) ) ;
#2509 = CARTESIAN_POINT ( 'NONE',  ( -0.06900000000000000577, 0.3619999999999999885, 0.2000000000000000111 ) ) ;
#2510 = CARTESIAN_POINT ( 'NONE',  ( 0.1794435844492636434, 0.05000000000000000278, -0.04499999999999994976 ) ) ;
#2511 = LINE ( 'NONE', #5652, #2564 ) ;
#2512 = ORIENTED_EDGE ( 'NONE', *, *, #1413, .F. ) ;
#2514 = CARTESIAN_POINT ( 'NONE',  ( 9.639569805745200661E-18, 0.0000000000000000000, 3.875786328529849706E-18 ) ) ;
#2513 = LINE ( 'NONE', #327, #5423 ) ;
#2515 = EDGE_CURVE ( 'NONE', #1823, #1748, #3691, .T. ) ;
#2516 = ORIENTED_EDGE ( 'NONE', *, *, #574, .T. ) ;
#2518 = CARTESIAN_POINT ( 'NONE',  ( -0.09149999999999985922, 0.0000000000000000000, 0.1607879037738847716 ) ) ;
#2517 =( NAMED_UNIT ( * ) PLANE_ANGLE_UNIT ( ) SI_UNIT ( $, .RADIAN. ) );
#2519 = CARTESIAN_POINT ( 'NONE',  ( 0.0000000000000000000, 0.2750000000000000222, 0.0000000000000000000 ) ) ;
#2520 = EDGE_CURVE ( 'NONE', #1609, #3407, #3895, .T. ) ;
#2521 = CARTESIAN_POINT ( 'NONE',  ( -9.639569805745200661E-18, 0.1739999999999999880, 3.875786328529849706E-18 ) ) ;
#2522 = ORIENTED_EDGE ( 'NONE', *, *, #2455, .F. ) ;
#2523 = ORIENTED_EDGE ( 'NONE', *, *, #2197, .T. ) ;
#2524 = CYLINDRICAL_SURFACE ( 'NONE', #3519, 0.1849999999999999978 ) ;
#2525 = CARTESIAN_POINT ( 'NONE',  ( 0.0000000000000000000, 0.4000000000000000222, 0.0000000000000000000 ) ) ;
#2526 = LENGTH_MEASURE_WITH_UNIT ( LENGTH_MEASURE( 0.02539999999999999897 ), #1580 );
#2527 =( LENGTH_UNIT ( ) NAMED_UNIT ( * ) SI_UNIT ( $, .METRE. ) );
#2528 = EDGE_CURVE ( 'NONE', #2438, #3488, #5121, .T. ) ;
#2529 = DIMENSIONAL_EXPONENTS ( 1.000000000000000000, 0.0000000000000000000, 0.0000000000000000000, 0.0000000000000000000, 0.0000000000000000000, 0.0000000000000000000, 0.0000000000000000000 ) ;
#2530 = LINE ( 'NONE', #4321, #80 ) ;
#2531 = LINE ( 'NONE', #4368, #5459 ) ;
#2532 =( NAMED_UNIT ( * ) SI_UNIT ( $, .STERADIAN. ) SOLID_ANGLE_UNIT ( ) );
#2533 = CYLINDRICAL_SURFACE ( 'NONE', #2947, 0.04749999999999999362 ) ;
#2534 = CARTESIAN_POINT ( 'NONE',  ( 2.265596578422603655E-17, 0.2139999999999999958, 0.1849999999999999978 ) ) ;
#2535 = VECTOR ( 'NONE', #2681, 39.37007874015748143 ) ;
#2536 = CIRCLE ( 'NONE', #2166, 0.04749999999999999362 ) ;
#2537 = AXIS2_PLACEMENT_3D ( 'NONE', #3670, #518, #143 ) ;
#2538 = EDGE_CURVE ( 'NONE', #2348, #1452, #4840, .T. ) ;
#2539 = ORIENTED_EDGE ( 'NONE', *, *, #5706, .T. ) ;
#2540 = AXIS2_PLACEMENT_3D ( 'NONE', #1864, #3698, #2270 ) ;
#2542 = CARTESIAN_POINT ( 'NONE',  ( 0.0000000000000000000, 0.1499999999999999944, 0.04749999999999999362 ) ) ;
#2541 = LINE ( 'NONE', #4379, #1877 ) ;
#2543 = AXIS2_PLACEMENT_3D ( 'NONE', #5681, #3882, #1604 ) ;
#2544 = ORIENTED_EDGE ( 'NONE', *, *, #330, .F. ) ;
#2545 = VECTOR ( 'NONE', #3142, 39.37007874015748143 ) ;
#2546 = CYLINDRICAL_SURFACE ( 'NONE', #5120, 0.1849999999999999978 ) ;
#2547 = DIRECTION ( 'NONE',  ( 0.0000000000000000000, -0.0000000000000000000, 1.000000000000000000 ) ) ;
#2548 = AXIS2_PLACEMENT_3D ( 'NONE', #846, #5447, #3173 ) ;
#2549 = DIRECTION ( 'NONE',  ( 0.0000000000000000000, 0.0000000000000000000, -1.000000000000000000 ) ) ;
#2550 = EDGE_LOOP ( 'NONE', ( #3217, #2319, #1786, #3404 ) ) ;
#2551 = EDGE_LOOP ( 'NONE', ( #2895, #463, #139, #2204, #4948, #1089, #5349, #755, #639 ) ) ;
#2552 = ORIENTED_EDGE ( 'NONE', *, *, #771, .T. ) ;
#2553 = CARTESIAN_POINT ( 'NONE',  ( 0.0000000000000000000, 0.2740000000000000213, 0.04749999999999999362 ) ) ;
#2554 =( LENGTH_UNIT ( ) NAMED_UNIT ( * ) SI_UNIT ( $, .METRE. ) );
#2555 = AXIS2_PLACEMENT_3D ( 'NONE', #1326, #5514, #4064 ) ;
#2556 = EDGE_CURVE ( 'NONE', #5735, #551, #5887, .T. ) ;
#2557 = EDGE_LOOP ( 'NONE', ( #2980, #4046, #811, #4521 ) ) ;
#2558 = PRESENTATION_STYLE_ASSIGNMENT (( #2032 ) ) ;
#2559 =( CONVERSION_BASED_UNIT ( 'INCH', #315 ) LENGTH_UNIT ( ) NAMED_UNIT ( #1630 ) );
#2560 = CARTESIAN_POINT ( 'NONE',  ( 0.0000000000000000000, 0.2650000000000000133, 0.0000000000000000000 ) ) ;
#2561 = AXIS2_PLACEMENT_3D ( 'NONE', #824, #3726, #2344 ) ;
#2562 = FACE_OUTER_BOUND ( 'NONE', #2729, .T. ) ;
#2563 = FACE_OUTER_BOUND ( 'NONE', #2144, .T. ) ;
#2564 = VECTOR ( 'NONE', #2569, 39.37007874015748143 ) ;
#2565 = STYLED_ITEM ( 'NONE', ( #3147 ), #431 ) ;
#2566 = CARTESIAN_POINT ( 'NONE',  ( -0.01499999999999999944, 0.3799999999999999489, -0.03708099243547830631 ) ) ;
#2567 = CARTESIAN_POINT ( 'NONE',  ( -9.639569805745200661E-18, 0.2550000000000000044, 3.875786328529849706E-18 ) ) ;
#2568 = DIRECTION ( 'NONE',  ( 0.0000000000000000000, 0.0000000000000000000, 1.000000000000000000 ) ) ;
#2569 = DIRECTION ( 'NONE',  ( 0.0000000000000000000, -1.000000000000000000, 0.0000000000000000000 ) ) ;
#2570 = AXIS2_PLACEMENT_3D ( 'NONE', #2033, #4251, #5588 ) ;
#2571 = DIMENSIONAL_EXPONENTS ( 1.000000000000000000, 0.0000000000000000000, 0.0000000000000000000, 0.0000000000000000000, 0.0000000000000000000, 0.0000000000000000000, 0.0000000000000000000 ) ;
#2572 = EDGE_CURVE ( 'NONE', #3695, #2213, #4740, .T. ) ;
#2573 = VERTEX_POINT ( 'NONE', #2054 ) ;
#2574 = VECTOR ( 'NONE', #849, 39.37007874015748143 ) ;
#2575 = AXIS2_PLACEMENT_3D ( 'NONE', #5020, #1368, #5821 ) ;
#2577 = CARTESIAN_POINT ( 'NONE',  ( 0.0000000000000000000, 0.3650000000049665738, 0.0000000000000000000 ) ) ;
#2576 = SURFACE_STYLE_FILL_AREA ( #1662 ) ;
#2578 = ORIENTED_EDGE ( 'NONE', *, *, #4835, .T. ) ;
#2579 = CIRCLE ( 'NONE', #3736, 0.1469999999999999918 ) ;
#2580 = AXIS2_PLACEMENT_3D ( 'NONE', #2911, #5719, #4744 ) ;
#2581 = ORIENTED_EDGE ( 'NONE', *, *, #2356, .F. ) ;
#2583 = CARTESIAN_POINT ( 'NONE',  ( -9.639569805745200661E-18, 0.1950000000000000067, 3.875786328529849706E-18 ) ) ;
#2582 = FACE_OUTER_BOUND ( 'NONE', #39, .T. ) ;
#2584 = CARTESIAN_POINT ( 'NONE',  ( 2.265596578422603655E-17, 0.1950000000000000067, 0.1849999999999999978 ) ) ;
#2585 = VERTEX_POINT ( 'NONE', #1073 ) ;
#2586 = VERTEX_POINT ( 'NONE', #3800 ) ;
#2587 = EDGE_LOOP ( 'NONE', ( #5225, #847, #1302, #2142 ) ) ;
#2588 = DIRECTION ( 'NONE',  ( 0.0000000000000000000, 0.0000000000000000000, 1.000000000000000000 ) ) ;
#2589 = DIRECTION ( 'NONE',  ( 0.0000000000000000000, -0.0000000000000000000, 1.000000000000000000 ) ) ;
#2590 = ORIENTED_EDGE ( 'NONE', *, *, #1557, .F. ) ;
#2591 = CARTESIAN_POINT ( 'NONE',  ( 0.0000000000000000000, 0.2239999999999999769, 0.0000000000000000000 ) ) ;
#2592 =( NAMED_UNIT ( * ) PLANE_ANGLE_UNIT ( ) SI_UNIT ( $, .RADIAN. ) );
#2593 = DIRECTION ( 'NONE',  ( 0.0000000000000000000, -1.000000000000000000, 0.0000000000000000000 ) ) ;
#2594 = EDGE_CURVE ( 'NONE', #1201, #3899, #4268, .T. ) ;
#2595 = DIRECTION ( 'NONE',  ( 0.0000000000000000000, 0.0000000000000000000, -1.000000000000000000 ) ) ;
#2596 = LINE ( 'NONE', #3108, #1149 ) ;
#2597 = UNCERTAINTY_MEASURE_WITH_UNIT (LENGTH_MEASURE( 1.000000000000000082E-05 ), #3822, 'distance_accuracy_value', 'NONE');
#2598 = LENGTH_MEASURE_WITH_UNIT ( LENGTH_MEASURE( 0.02539999999999999897 ), #2965 );
#2599 =( NAMED_UNIT ( * ) PLANE_ANGLE_UNIT ( ) SI_UNIT ( $, .RADIAN. ) );
#2600 = DIRECTION ( 'NONE',  ( 0.0000000000000000000, 1.000000000000000000, 0.0000000000000000000 ) ) ;
#2601 = ADVANCED_FACE ( 'NONE', ( #2082 ), #1613, .T. ) ;
#2602 = CARTESIAN_POINT ( 'NONE',  ( 2.265596578422603655E-17, 0.2540000000000000036, 0.1849999999999999978 ) ) ;
#2603 = CARTESIAN_POINT ( 'NONE',  ( -9.639569805745200661E-18, 0.2239999999999999769, 3.875786328529849706E-18 ) ) ;
#2604 = VERTEX_POINT ( 'NONE', #5643 ) ;
#2605 = CARTESIAN_POINT ( 'NONE',  ( -0.04900000000000000189, 0.0000000000000000000, 0.1899999999999999745 ) ) ;
#2606 = ORIENTED_EDGE ( 'NONE', *, *, #717, .T. ) ;
#2607 = EDGE_CURVE ( 'NONE', #5495, #5353, #2828, .T. ) ;
#2608 = EDGE_CURVE ( 'NONE', #1661, #428, #4249, .T. ) ;
#2610 = CARTESIAN_POINT ( 'NONE',  ( 2.265596578422603655E-17, 0.2650000000000000133, 0.1849999999999999978 ) ) ;
#2609 = CARTESIAN_POINT ( 'NONE',  ( -0.02000000000000000042, -0.1209999999999999826, 0.2099999999999999922 ) ) ;
#2611 = ADVANCED_FACE ( 'NONE', ( #729 ), #4282, .T. ) ;
#2612 = CARTESIAN_POINT ( 'NONE',  ( -0.1261379814248090037, -0.04499999999999999833, 0.07548648648648649540 ) ) ;
#2613 = ORIENTED_EDGE ( 'NONE', *, *, #823, .F. ) ;
#2614 = ORIENTED_EDGE ( 'NONE', *, *, #2262, .T. ) ;
#2615 = ORIENTED_EDGE ( 'NONE', *, *, #2490, .T. ) ;
#2616 = CARTESIAN_POINT ( 'NONE',  ( 0.1425849022380637765, 0.05000000000000000971, -0.03575675675675674126 ) ) ;
#2617 = EDGE_LOOP ( 'NONE', ( #2406, #4422 ) ) ;
#2618 = ADVANCED_FACE ( 'NONE', ( #3344 ), #1549, .T. ) ;
#2619 = FACE_OUTER_BOUND ( 'NONE', #5599, .T. ) ;
#2620 = DIRECTION ( 'NONE',  ( 0.9699653213473709013, 0.0000000000000000000, -0.2432432432432427016 ) ) ;
#2621 = DIRECTION ( 'NONE',  ( 0.0000000000000000000, 1.000000000000000000, 0.0000000000000000000 ) ) ;
#2622 = CARTESIAN_POINT ( 'NONE',  ( -0.1980000000000000093, 0.05000000000000000278, -0.03500000000000000333 ) ) ;
#2623 = DIRECTION ( 'NONE',  ( 1.000000000000000000, 0.0000000000000000000, 0.0000000000000000000 ) ) ;
#2624 = LINE ( 'NONE', #1255, #4784 ) ;
#2625 = EDGE_CURVE ( 'NONE', #1960, #145, #3117, .T. ) ;
#2626 = DIRECTION ( 'NONE',  ( 0.0000000000000000000, 1.000000000000000000, 0.0000000000000000000 ) ) ;
#2627 = FACE_OUTER_BOUND ( 'NONE', #1294, .T. ) ;
#2628 = CARTESIAN_POINT ( 'NONE',  ( -0.1261379814248089481, 0.0000000000000000000, -0.07548648648648663417 ) ) ;
#2629 = DIRECTION ( 'NONE',  ( 0.0000000000000000000, -0.0000000000000000000, 1.000000000000000000 ) ) ;
#2630 = AXIS2_PLACEMENT_3D ( 'NONE', #5098, #30, #2763 ) ;
#2631 = EDGE_CURVE ( 'NONE', #4760, #4013, #935, .T. ) ;
#2632 = ORIENTED_EDGE ( 'NONE', *, *, #4722, .T. ) ;
#2634 = DIRECTION ( 'NONE',  ( -1.000000000000000000, 0.0000000000000000000, -0.0000000000000000000 ) ) ;
#2633 = CARTESIAN_POINT ( 'NONE',  ( -6.377882606357019692E-18, 0.05000000000000000278, 2.438845138700749578E-18 ) ) ;
#2635 = COLOUR_RGB ( '',0.9019607843137255054, 0.8392156862745098200, 0.6745098039215686736 ) ;
#2636 = AXIS2_PLACEMENT_3D ( 'NONE', #990, #4111, #3256 ) ;
#2637 = ORIENTED_EDGE ( 'NONE', *, *, #3150, .T. ) ;
#2638 = VECTOR ( 'NONE', #3727, 39.37007874015748143 ) ;
#2639 = COLOUR_RGB ( '',0.0000000000000000000, 0.0000000000000000000, 0.0000000000000000000 ) ;
#2640 = AXIS2_PLACEMENT_3D ( 'NONE', #5825, #820, #5858 ) ;
#2641 = AXIS2_PLACEMENT_3D ( 'NONE', #4992, #2709, #3520 ) ;
#2643 = DIRECTION ( 'NONE',  ( 0.0000000000000000000, 1.000000000000000000, 0.0000000000000000000 ) ) ;
#2642 = CARTESIAN_POINT ( 'NONE',  ( 2.265596578422603655E-17, 0.2049999999999999878, 0.1849999999999999978 ) ) ;
#2644 = LINE ( 'NONE', #2612, #4887 ) ;
#2645 = ORIENTED_EDGE ( 'NONE', *, *, #1483, .F. ) ;
#2646 = VERTEX_POINT ( 'NONE', #5174 ) ;
#2647 = ORIENTED_EDGE ( 'NONE', *, *, #2528, .T. ) ;
#2648 = VECTOR ( 'NONE', #441, 39.37007874015748143 ) ;
#2649 = DIRECTION ( 'NONE',  ( 1.000000000000000000, 0.0000000000000000000, -0.0000000000000000000 ) ) ;
#2650 = LINE ( 'NONE', #875, #471 ) ;
#2651 = ORIENTED_EDGE ( 'NONE', *, *, #5628, .T. ) ;
#2652 = EDGE_CURVE ( 'NONE', #5353, #5495, #3303, .T. ) ;
#2653 = CIRCLE ( 'NONE', #5700, 0.04749999999999999362 ) ;
#2654 = DIRECTION ( 'NONE',  ( -0.0000000000000000000, 1.000000000000000000, 0.0000000000000000000 ) ) ;
#2655 = CARTESIAN_POINT ( 'NONE',  ( 0.0000000000000000000, 0.2249999999999999778, 0.0000000000000000000 ) ) ;
#2656 = DIRECTION ( 'NONE',  ( 0.0000000000000000000, 0.0000000000000000000, -1.000000000000000000 ) ) ;
#2657 = DIRECTION ( 'NONE',  ( 0.0000000000000000000, 1.000000000000000000, 0.0000000000000000000 ) ) ;
#2658 = EDGE_CURVE ( 'NONE', #3141, #2586, #1648, .T. ) ;
#2659 = DIRECTION ( 'NONE',  ( -0.8580815062912166002, 0.0000000000000000000, -0.5135135135135165951 ) ) ;
#2660 = UNCERTAINTY_MEASURE_WITH_UNIT (LENGTH_MEASURE( 1.000000000000000082E-05 ), #2781, 'distance_accuracy_value', 'NONE');
#2661 =( GEOMETRIC_REPRESENTATION_CONTEXT ( 3 ) GLOBAL_UNCERTAINTY_ASSIGNED_CONTEXT ( ( #3156 ) ) GLOBAL_UNIT_ASSIGNED_CONTEXT ( ( #3222, #581, #1957 ) ) REPRESENTATION_CONTEXT ( 'NONE', 'WORKASPACE' ) );
#2662 = EDGE_CURVE ( 'NONE', #754, #27, #5290, .T. ) ;
#2663 = CARTESIAN_POINT ( 'NONE',  ( -0.1794435844492636434, 0.05000000000000000278, 0.04499999999999989425 ) ) ;
#2664 = AXIS2_PLACEMENT_3D ( 'NONE', #1587, #3415, #4460 ) ;
#2665 = CARTESIAN_POINT ( 'NONE',  ( 0.0000000000000000000, 0.0000000000000000000, 0.0000000000000000000 ) ) ;
#2666 = CARTESIAN_POINT ( 'NONE',  ( -9.639569805745200661E-18, 0.1839999999999999969, 3.875786328529849706E-18 ) ) ;
#2667 = EDGE_CURVE ( 'NONE', #5082, #2119, #2504, .T. ) ;
#2668 = DIRECTION ( 'NONE',  ( -2.731847993664270121E-16, 0.0000000000000000000, 1.000000000000000000 ) ) ;
#2669 = COLOUR_RGB ( '',0.9019607843137255054, 0.8392156862745098200, 0.6745098039215686736 ) ;
#2670 = ORIENTED_EDGE ( 'NONE', *, *, #5784, .F. ) ;
#2672 = DIRECTION ( 'NONE',  ( -0.0000000000000000000, 1.000000000000000000, -0.0000000000000000000 ) ) ;
#2671 = SURFACE_STYLE_FILL_AREA ( #26 ) ;
#2673 = CIRCLE ( 'NONE', #1813, 0.04749999999999999362 ) ;
#2674 = PRESENTATION_LAYER_ASSIGNMENT (  '', '', ( #4209 ) ) ;
#2675 = VERTEX_POINT ( 'NONE', #4872 ) ;
#2676 = UNCERTAINTY_MEASURE_WITH_UNIT (LENGTH_MEASURE( 1.000000000000000082E-05 ), #3145, 'distance_accuracy_value', 'NONE');
#2677 = EDGE_CURVE ( 'NONE', #5380, #4540, #747, .T. ) ;
#2678 = AXIS2_PLACEMENT_3D ( 'NONE', #345, #2154, #3990 ) ;
#2679 = VECTOR ( 'NONE', #909, 39.37007874015748143 ) ;
#2680 = EDGE_LOOP ( 'NONE', ( #2026, #3918, #2239, #515 ) ) ;
#2682 = DIRECTION ( 'NONE',  ( 1.000000000000000000, -0.0000000000000000000, -0.0000000000000000000 ) ) ;
#2681 = DIRECTION ( 'NONE',  ( -0.0000000000000000000, -1.000000000000000000, -0.0000000000000000000 ) ) ;
#2683 = DIRECTION ( 'NONE',  ( 0.0000000000000000000, 0.0000000000000000000, -1.000000000000000000 ) ) ;
#2684 = VERTEX_POINT ( 'NONE', #4965 ) ;
#2685 = ORIENTED_EDGE ( 'NONE', *, *, #1125, .F. ) ;
#2686 = ORIENTED_EDGE ( 'NONE', *, *, #3702, .F. ) ;
#2687 = CIRCLE ( 'NONE', #3450, 0.1320000000000000062 ) ;
#2688 = COLOUR_RGB ( '',0.7960784313725489669, 0.6039215686274509443, 0.2313725490196078538 ) ;
#2689 = AXIS2_PLACEMENT_3D ( 'NONE', #2210, #869, #5378 ) ;
#2690 = LINE ( 'NONE', #3044, #24 ) ;
#2691 = DIRECTION ( 'NONE',  ( 0.0000000000000000000, 1.000000000000000000, 0.0000000000000000000 ) ) ;
#2692 = ORIENTED_EDGE ( 'NONE', *, *, #5364, .T. ) ;
#2693 = CARTESIAN_POINT ( 'NONE',  ( 0.0000000000000000000, 0.05000000000000000278, 0.0000000000000000000 ) ) ;
#2694 = CYLINDRICAL_SURFACE ( 'NONE', #111, 0.1849999999999999978 ) ;
#2695 = CARTESIAN_POINT ( 'NONE',  ( 0.0000000000000000000, 0.2049999999999999878, 0.0000000000000000000 ) ) ;
#2696 = EDGE_LOOP ( 'NONE', ( #4393, #5684 ) ) ;
#2697 = CYLINDRICAL_SURFACE ( 'NONE', #3036, 0.04749999999999999362 ) ;
#2698 = DIRECTION ( 'NONE',  ( 0.9699653213473709013, 0.0000000000000000000, -0.2432432432432427016 ) ) ;
#2699 = LINE ( 'NONE', #506, #5463 ) ;
#2700 = DIRECTION ( 'NONE',  ( 0.0000000000000000000, -0.0000000000000000000, 1.000000000000000000 ) ) ;
#2701 = FILL_AREA_STYLE ('',( #4983 ) ) ;
#2702 = EDGE_CURVE ( 'NONE', #2712, #5353, #1730, .T. ) ;
#2704 = CARTESIAN_POINT ( 'NONE',  ( 0.06900000000000000577, 0.3420000000000000262, 0.2099999999999999922 ) ) ;
#2703 = FACE_BOUND ( 'NONE', #99, .T. ) ;
#2705 = FILL_AREA_STYLE_COLOUR ( '', #1892 ) ;
#2706 = CARTESIAN_POINT ( 'NONE',  ( 0.1920000000000000040, -0.1209999999999999826, 0.0000000000000000000 ) ) ;
#2707 = EDGE_CURVE ( 'NONE', #5584, #4311, #2650, .T. ) ;
#2709 = DIRECTION ( 'NONE',  ( -0.0000000000000000000, -1.000000000000000000, -0.0000000000000000000 ) ) ;
#2708 = DIRECTION ( 'NONE',  ( 0.0000000000000000000, 1.000000000000000000, 0.0000000000000000000 ) ) ;
#2710 = CARTESIAN_POINT ( 'NONE',  ( 0.0000000000000000000, 0.2650000000000000133, 0.0000000000000000000 ) ) ;
#2711 = ORIENTED_EDGE ( 'NONE', *, *, #1463, .F. ) ;
#2712 = VERTEX_POINT ( 'NONE', #5782 ) ;
#2713 = ORIENTED_EDGE ( 'NONE', *, *, #4789, .T. ) ;
#2714 = CYLINDRICAL_SURFACE ( 'NONE', #1790, 0.1849999999999999978 ) ;
#2715 = VERTEX_POINT ( 'NONE', #1337 ) ;
#2716 = EDGE_CURVE ( 'NONE', #3085, #2720, #3797, .T. ) ;
#2717 = CYLINDRICAL_SURFACE ( 'NONE', #3027, 0.1849999999999999978 ) ;
#2718 = CARTESIAN_POINT ( 'NONE',  ( 0.0000000000000000000, 0.1950000000000000067, -0.1849999999999999978 ) ) ;
#2719 = PLANE ( 'NONE',  #3713 ) ;
#2720 = VERTEX_POINT ( 'NONE', #790 ) ;
#2721 = FACE_OUTER_BOUND ( 'NONE', #1049, .T. ) ;
#2722 = DIRECTION ( 'NONE',  ( 1.000000000000000000, 0.0000000000000000000, 0.0000000000000000000 ) ) ;
#2723 =( LENGTH_UNIT ( ) NAMED_UNIT ( * ) SI_UNIT ( $, .METRE. ) );
#2724 = SURFACE_STYLE_FILL_AREA ( #4458 ) ;
#2725 = FACE_OUTER_BOUND ( 'NONE', #3862, .T. ) ;
#2726 = CARTESIAN_POINT ( 'NONE',  ( 2.265596578422603655E-17, 0.1640000000000000069, 0.1849999999999999978 ) ) ;
#2727 = ADVANCED_FACE ( 'NONE', ( #2218, #4481 ), #5383, .T. ) ;
#2728 = FACE_OUTER_BOUND ( 'NONE', #1233, .T. ) ;
#2729 = EDGE_LOOP ( 'NONE', ( #184, #4994 ) ) ;
#2730 = ORIENTED_EDGE ( 'NONE', *, *, #4021, .F. ) ;
#2731 = AXIS2_PLACEMENT_3D ( 'NONE', #4897, #4414, #868 ) ;
#2732 = ADVANCED_FACE ( 'NONE', ( #4421 ), #3132, .F. ) ;
#2733 = STYLED_ITEM ( 'NONE', ( #1443 ), #4790 ) ;
#2735 = FILL_AREA_STYLE ('',( #3668 ) ) ;
#2734 = CARTESIAN_POINT ( 'NONE',  ( 0.08899999999999999578, 0.1499999999999999944, 0.2099999999999999922 ) ) ;
#2736 = DIRECTION ( 'NONE',  ( 0.0000000000000000000, -1.000000000000000000, 0.0000000000000000000 ) ) ;
#2737 = VERTEX_POINT ( 'NONE', #2181 ) ;
#2738 = DIRECTION ( 'NONE',  ( 0.0000000000000000000, -1.000000000000000000, 0.0000000000000000000 ) ) ;
#2739 = COLOUR_RGB ( '',0.0000000000000000000, 0.0000000000000000000, 0.0000000000000000000 ) ;
#2740 = VECTOR ( 'NONE', #1876, 39.37007874015748143 ) ;
#2741 = ORIENTED_EDGE ( 'NONE', *, *, #4438, .F. ) ;
#2742 = CARTESIAN_POINT ( 'NONE',  ( 0.0000000000000000000, -0.04499999999999999833, 0.0000000000000000000 ) ) ;
#2743 = DIRECTION ( 'NONE',  ( 0.0000000000000000000, -1.000000000000000000, 0.0000000000000000000 ) ) ;
#2744 = CIRCLE ( 'NONE', #4373, 0.1469999999999999918 ) ;
#2745 = AXIS2_PLACEMENT_3D ( 'NONE', #3988, #1676, #3565 ) ;
#2746 =( NAMED_UNIT ( * ) SI_UNIT ( $, .STERADIAN. ) SOLID_ANGLE_UNIT ( ) );
#2747 = CIRCLE ( 'NONE', #2833, 0.1849999999999999978 ) ;
#2748 = ORIENTED_EDGE ( 'NONE', *, *, #439, .T. ) ;
#2749 = DIRECTION ( 'NONE',  ( 0.0000000000000000000, 0.0000000000000000000, -1.000000000000000000 ) ) ;
#2750 = SURFACE_STYLE_USAGE ( .BOTH. , #66 ) ;
#2751 = ADVANCED_FACE ( 'NONE', ( #3045, #3615 ), #5816, .F. ) ;
#2752 = AXIS2_PLACEMENT_3D ( 'NONE', #2891, #728, #5663 ) ;
#2753 = LINE ( 'NONE', #1797, #4791 ) ;
#2754 = DIRECTION ( 'NONE',  ( 0.0000000000000000000, -0.0000000000000000000, 1.000000000000000000 ) ) ;
#2755 = AXIS2_PLACEMENT_3D ( 'NONE', #5752, #1291, #862 ) ;
#2756 = LENGTH_MEASURE_WITH_UNIT ( LENGTH_MEASURE( 0.02539999999999999897 ), #4197 );
#2757 =( LENGTH_UNIT ( ) NAMED_UNIT ( * ) SI_UNIT ( $, .METRE. ) );
#2758 = DIRECTION ( 'NONE',  ( -1.000000000000000000, 0.0000000000000000000, -0.0000000000000000000 ) ) ;
#2759 = ORIENTED_EDGE ( 'NONE', *, *, #4606, .T. ) ;
#2760 = EDGE_CURVE ( 'NONE', #5556, #4135, #4074, .T. ) ;
#2761 = VECTOR ( 'NONE', #5008, 39.37007874015748143 ) ;
#2762 = COLOUR_RGB ( '',0.0000000000000000000, 0.0000000000000000000, 0.0000000000000000000 ) ;
#2763 = DIRECTION ( 'NONE',  ( 0.0000000000000000000, 0.0000000000000000000, -1.000000000000000000 ) ) ;
#2764 = EDGE_LOOP ( 'NONE', ( #3003, #4683, #3674, #4534 ) ) ;
#2765 = ORIENTED_EDGE ( 'NONE', *, *, #5485, .F. ) ;
#2766 = DIRECTION ( 'NONE',  ( -0.0000000000000000000, -1.000000000000000000, -0.0000000000000000000 ) ) ;
#2767 =( GEOMETRIC_REPRESENTATION_CONTEXT ( 3 ) GLOBAL_UNCERTAINTY_ASSIGNED_CONTEXT ( ( #3932 ) ) GLOBAL_UNIT_ASSIGNED_CONTEXT ( ( #3311, #3277, #4228 ) ) REPRESENTATION_CONTEXT ( 'NONE', 'WORKASPACE' ) );
#2768 = ORIENTED_EDGE ( 'NONE', *, *, #2375, .F. ) ;
#2769 =( NAMED_UNIT ( * ) SI_UNIT ( $, .STERADIAN. ) SOLID_ANGLE_UNIT ( ) );
#2770 = CIRCLE ( 'NONE', #3734, 0.1849999999999999978 ) ;
#2771 = EDGE_CURVE ( 'NONE', #291, #4892, #5757, .T. ) ;
#2772 = DIRECTION ( 'NONE',  ( 0.0000000000000000000, -0.0000000000000000000, 1.000000000000000000 ) ) ;
#2773 = AXIS2_PLACEMENT_3D ( 'NONE', #2655, #1788, #4577 ) ;
#2774 = FACE_OUTER_BOUND ( 'NONE', #5723, .T. ) ;
#2775 = ORIENTED_EDGE ( 'NONE', *, *, #4830, .F. ) ;
#2776 = ORIENTED_EDGE ( 'NONE', *, *, #2836, .F. ) ;
#2777 = PRESENTATION_STYLE_ASSIGNMENT (( #1933 ) ) ;
#2778 = AXIS2_PLACEMENT_3D ( 'NONE', #2519, #4357, #2949 ) ;
#2779 = EDGE_CURVE ( 'NONE', #4539, #5213, #5525, .T. ) ;
#2780 = LINE ( 'NONE', #532, #3316 ) ;
#2781 =( CONVERSION_BASED_UNIT ( 'INCH', #916 ) LENGTH_UNIT ( ) NAMED_UNIT ( #1048 ) );
#2782 =( CONVERSION_BASED_UNIT ( 'INCH', #2756 ) LENGTH_UNIT ( ) NAMED_UNIT ( #2999 ) );
#2783 = DIRECTION ( 'NONE',  ( 0.0000000000000000000, 0.0000000000000000000, 1.000000000000000000 ) ) ;
#2784 = EDGE_CURVE ( 'NONE', #5403, #5188, #4129, .T. ) ;
#2785 = CARTESIAN_POINT ( 'NONE',  ( 0.0000000000000000000, 0.1749999999999999889, 0.04749999999999999362 ) ) ;
#2786 = DIRECTION ( 'NONE',  ( -0.0000000000000000000, -1.000000000000000000, -0.0000000000000000000 ) ) ;
#2787 = SURFACE_SIDE_STYLE ('',( #2014 ) ) ;
#2788 =( NAMED_UNIT ( * ) PLANE_ANGLE_UNIT ( ) SI_UNIT ( $, .RADIAN. ) );
#2789 = UNCERTAINTY_MEASURE_WITH_UNIT (LENGTH_MEASURE( 1.000000000000000082E-05 ), #3777, 'distance_accuracy_value', 'NONE');
#2790 = CARTESIAN_POINT ( 'NONE',  ( 0.0000000000000000000, 0.0000000000000000000, 0.0000000000000000000 ) ) ;
#2791 = ADVANCED_FACE ( 'NONE', ( #5017 ), #494, .T. ) ;
#2792 = CARTESIAN_POINT ( 'NONE',  ( 0.0000000000000000000, 0.1499999999999999944, 0.0000000000000000000 ) ) ;
#2793 =( LENGTH_UNIT ( ) NAMED_UNIT ( * ) SI_UNIT ( $, .METRE. ) );
#2794 = EDGE_LOOP ( 'NONE', ( #1469, #903, #2875, #174 ) ) ;
#2795 = EDGE_CURVE ( 'NONE', #3204, #5876, #955, .T. ) ;
#2796 = EDGE_LOOP ( 'NONE', ( #281, #1186, #4631, #32 ) ) ;
#2797 = CARTESIAN_POINT ( 'NONE',  ( 0.0000000000000000000, 0.2999999999999999889, 0.0000000000000000000 ) ) ;
#2798 = ADVANCED_FACE ( 'NONE', ( #2300 ), #33, .T. ) ;
#2799 = CARTESIAN_POINT ( 'NONE',  ( -0.1980000000000000093, 0.05000000000000000278, 0.02000000000000000042 ) ) ;
#2800 = FACE_OUTER_BOUND ( 'NONE', #4479, .T. ) ;
#2801 = ORIENTED_EDGE ( 'NONE', *, *, #3364, .T. ) ;
#2802 = EDGE_LOOP ( 'NONE', ( #5279, #5881, #1547, #3118, #3041, #5839, #3740, #1816, #5342 ) ) ;
#2803 = ORIENTED_EDGE ( 'NONE', *, *, #4253, .F. ) ;
#2804 = FACE_OUTER_BOUND ( 'NONE', #3878, .T. ) ;
#2805 = CARTESIAN_POINT ( 'NONE',  ( -0.1794435844492635879, 0.0000000000000000000, -0.04500000000000010242 ) ) ;
#2806 = EDGE_CURVE ( 'NONE', #1871, #4572, #5894, .T. ) ;
#2807 = SURFACE_STYLE_FILL_AREA ( #1101 ) ;
#2808 = DIRECTION ( 'NONE',  ( 0.0000000000000000000, 0.0000000000000000000, -1.000000000000000000 ) ) ;
#2809 = CARTESIAN_POINT ( 'NONE',  ( 0.0000000000000000000, 0.1499999999999999944, 0.0000000000000000000 ) ) ;
#2810 = DIRECTION ( 'NONE',  ( 0.0000000000000000000, 0.0000000000000000000, -1.000000000000000000 ) ) ;
#2811 = EDGE_CURVE ( 'NONE', #3493, #924, #5789, .T. ) ;
#2812 = LINE ( 'NONE', #108, #1719 ) ;
#2813 = LENGTH_MEASURE_WITH_UNIT ( LENGTH_MEASURE( 0.02539999999999999897 ), #1020 );
#2814 = CARTESIAN_POINT ( 'NONE',  ( 0.0000000000000000000, 0.0000000000000000000, 0.0000000000000000000 ) ) ;
#2815 = CYLINDRICAL_SURFACE ( 'NONE', #4191, 0.1849999999999999978 ) ;
#2816 = EDGE_CURVE ( 'NONE', #4514, #257, #3309, .T. ) ;
#2818 = FILL_AREA_STYLE_COLOUR ( '', #3205 ) ;
#2817 = FACE_BOUND ( 'NONE', #1567, .T. ) ;
#2819 = CARTESIAN_POINT ( 'NONE',  ( 0.0000000000000000000, 0.1499999999999999944, 0.0000000000000000000 ) ) ;
#2820 = FILL_AREA_STYLE_COLOUR ( '', #4173 ) ;
#2821 = ORIENTED_EDGE ( 'NONE', *, *, #2168, .T. ) ;
#2822 = CIRCLE ( 'NONE', #69, 0.04749999999999999362 ) ;
#2823 = DIRECTION ( 'NONE',  ( -0.0000000000000000000, -1.000000000000000000, -0.0000000000000000000 ) ) ;
#2824 = FILL_AREA_STYLE ('',( #4629 ) ) ;
#2825 = ORIENTED_EDGE ( 'NONE', *, *, #2956, .T. ) ;
#2826 = EDGE_LOOP ( 'NONE', ( #4773, #2323, #1489, #4508 ) ) ;
#2827 = VERTEX_POINT ( 'NONE', #980 ) ;
#2828 = CIRCLE ( 'NONE', #3401, 0.04749999999999999362 ) ;
#2829 = AXIS2_PLACEMENT_3D ( 'NONE', #5019, #3189, #4575 ) ;
#2830 = CARTESIAN_POINT ( 'NONE',  ( 0.0000000000000000000, 0.2139999999999999958, 0.04749999999999999362 ) ) ;
#2831 = EDGE_CURVE ( 'NONE', #5105, #4076, #4283, .T. ) ;
#2832 = AXIS2_PLACEMENT_3D ( 'NONE', #3350, #247, #4367 ) ;
#2833 = AXIS2_PLACEMENT_3D ( 'NONE', #5435, #808, #3183 ) ;
#2834 = PLANE ( 'NONE',  #3618 ) ;
#2835 = SURFACE_STYLE_FILL_AREA ( #509 ) ;
#2836 = EDGE_CURVE ( 'NONE', #503, #2646, #5516, .T. ) ;
#2837 = VECTOR ( 'NONE', #2870, 39.37007874015748143 ) ;
#2838 = CARTESIAN_POINT ( 'NONE',  ( 2.265596578422603655E-17, 0.1549999999999999989, 0.1849999999999999978 ) ) ;
#2839 = CIRCLE ( 'NONE', #285, 0.04749999999999999362 ) ;
#2840 = ADVANCED_FACE ( 'NONE', ( #4997 ), #2714, .T. ) ;
#2841 = FACE_OUTER_BOUND ( 'NONE', #1500, .T. ) ;
#2842 = DIRECTION ( 'NONE',  ( 0.0000000000000000000, 0.0000000000000000000, -1.000000000000000000 ) ) ;
#2843 = VERTEX_POINT ( 'NONE', #5237 ) ;
#2844 = LENGTH_MEASURE_WITH_UNIT ( LENGTH_MEASURE( 0.02539999999999999897 ), #1471 );
#2845 = FILL_AREA_STYLE ('',( #607 ) ) ;
#2846 = CARTESIAN_POINT ( 'NONE',  ( -0.1920000000000000318, 0.04399999999999999745, 0.03500000000000000333 ) ) ;
#2847 = VECTOR ( 'NONE', #1533, 39.37007874015748143 ) ;
#2848 = ADVANCED_FACE ( 'NONE', ( #2927, #1620 ), #5295, .F. ) ;
#2849 = ORIENTED_EDGE ( 'NONE', *, *, #592, .T. ) ;
#2850 = AXIS2_PLACEMENT_3D ( 'NONE', #5862, #1321, #1257 ) ;
#2852 = DIRECTION ( 'NONE',  ( 0.0000000000000000000, -0.0000000000000000000, 1.000000000000000000 ) ) ;
#2851 = CYLINDRICAL_SURFACE ( 'NONE', #3206, 0.04749999999999999362 ) ;
#2853 =( LENGTH_UNIT ( ) NAMED_UNIT ( * ) SI_UNIT ( $, .METRE. ) );
#2854 = ORIENTED_EDGE ( 'NONE', *, *, #2868, .T. ) ;
#2855 = MECHANICAL_DESIGN_GEOMETRIC_PRESENTATION_REPRESENTATION (  '', ( #197 ), #1146 ) ;
#2856 = ORIENTED_EDGE ( 'NONE', *, *, #227, .T. ) ;
#2857 =( CONVERSION_BASED_UNIT ( 'INCH', #4339 ) LENGTH_UNIT ( ) NAMED_UNIT ( #2529 ) );
#2858 = DIRECTION ( 'NONE',  ( 0.0000000000000000000, 0.0000000000000000000, 1.000000000000000000 ) ) ;
#2859 = VECTOR ( 'NONE', #2722, 39.37007874015748143 ) ;
#2860 = VECTOR ( 'NONE', #4655, 39.37007874015748143 ) ;
#2861 = PLANE ( 'NONE',  #594 ) ;
#2862 = LINE ( 'NONE', #5644, #4862 ) ;
#2863 = LENGTH_MEASURE_WITH_UNIT ( LENGTH_MEASURE( 0.02539999999999999897 ), #2527 );
#2864 = EDGE_CURVE ( 'NONE', #4540, #5188, #2530, .T. ) ;
#2865 = DIRECTION ( 'NONE',  ( 0.0000000000000000000, 0.0000000000000000000, 1.000000000000000000 ) ) ;
#2866 = CIRCLE ( 'NONE', #3648, 0.04749999999999999362 ) ;
#2867 = CIRCLE ( 'NONE', #2580, 0.04749999999999999362 ) ;
#2868 = EDGE_CURVE ( 'NONE', #3669, #168, #3376, .T. ) ;
#2869 = CARTESIAN_POINT ( 'NONE',  ( -0.1261379814248090037, -0.04499999999999999833, -0.07548648648648657866 ) ) ;
#2870 = DIRECTION ( 'NONE',  ( 0.0000000000000000000, 1.000000000000000000, 0.0000000000000000000 ) ) ;
#2871 = DIRECTION ( 'NONE',  ( 0.0000000000000000000, 0.0000000000000000000, 1.000000000000000000 ) ) ;
#2872 = CARTESIAN_POINT ( 'NONE',  ( 0.0000000000000000000, 0.3700000000012945156, 0.0000000000000000000 ) ) ;
#2873 = DIRECTION ( 'NONE',  ( 0.0000000000000000000, -1.000000000000000000, 0.0000000000000000000 ) ) ;
#2874 = DIMENSIONAL_EXPONENTS ( 1.000000000000000000, 0.0000000000000000000, 0.0000000000000000000, 0.0000000000000000000, 0.0000000000000000000, 0.0000000000000000000, 0.0000000000000000000 ) ;
#2875 = ORIENTED_EDGE ( 'NONE', *, *, #3029, .T. ) ;
#2877 = DIRECTION ( 'NONE',  ( 0.0000000000000000000, 1.000000000000000000, 0.0000000000000000000 ) ) ;
#2876 = CARTESIAN_POINT ( 'NONE',  ( -0.1425849022380637487, -0.04499999999999999833, 0.03575675675675673432 ) ) ;
#2878 = DIRECTION ( 'NONE',  ( 0.0000000000000000000, 0.0000000000000000000, 1.000000000000000000 ) ) ;
#2879 = CARTESIAN_POINT ( 'NONE',  ( 0.0000000000000000000, 0.2340000000000000135, 0.0000000000000000000 ) ) ;
#2880 = ORIENTED_EDGE ( 'NONE', *, *, #3263, .F. ) ;
#2881 = ORIENTED_EDGE ( 'NONE', *, *, #3199, .T. ) ;
#2882 = EDGE_CURVE ( 'NONE', #3247, #4309, #2896, .T. ) ;
#2884 = PRESENTATION_STYLE_ASSIGNMENT (( #5102 ) ) ;
#2883 = CARTESIAN_POINT ( 'NONE',  ( 0.0000000000000000000, 0.1499999999999999944, 0.0000000000000000000 ) ) ;
#2885 = CARTESIAN_POINT ( 'NONE',  ( 0.0000000000000000000, 0.1499999999999999944, 0.04749999999999999362 ) ) ;
#2886 = SURFACE_SIDE_STYLE ('',( #4609 ) ) ;
#2887 = ORIENTED_EDGE ( 'NONE', *, *, #4756, .F. ) ;
#2888 = ORIENTED_EDGE ( 'NONE', *, *, #1137, .F. ) ;
#2889 = ORIENTED_EDGE ( 'NONE', *, *, #232, .T. ) ;
#2890 = ORIENTED_EDGE ( 'NONE', *, *, #3125, .F. ) ;
#2891 = CARTESIAN_POINT ( 'NONE',  ( 0.0000000000000000000, 0.2740000000000000213, 0.0000000000000000000 ) ) ;
#2892 = DIRECTION ( 'NONE',  ( 0.0000000000000000000, 1.000000000000000000, 0.0000000000000000000 ) ) ;
#2893 = ADVANCED_FACE ( 'NONE', ( #4344 ), #1554, .T. ) ;
#2894 =( LENGTH_UNIT ( ) NAMED_UNIT ( * ) SI_UNIT ( $, .METRE. ) );
#2895 = ORIENTED_EDGE ( 'NONE', *, *, #3682, .F. ) ;
#2896 = LINE ( 'NONE', #3442, #3700 ) ;
#2897 = DIRECTION ( 'NONE',  ( 0.0000000000000000000, 0.0000000000000000000, 1.000000000000000000 ) ) ;
#2898 = FACE_OUTER_BOUND ( 'NONE', #426, .T. ) ;
#2899 = VERTEX_POINT ( 'NONE', #4761 ) ;
#2900 = FACE_OUTER_BOUND ( 'NONE', #616, .T. ) ;
#2901 = EDGE_CURVE ( 'NONE', #1905, #5371, #1593, .T. ) ;
#2902 = CARTESIAN_POINT ( 'NONE',  ( 0.0000000000000000000, 0.2349999999999999867, 0.0000000000000000000 ) ) ;
#2903 = ORIENTED_EDGE ( 'NONE', *, *, #1119, .T. ) ;
#2905 = CARTESIAN_POINT ( 'NONE',  ( 0.0000000000000000000, 0.2650000000000000133, -0.1849999999999999978 ) ) ;
#2904 =( LENGTH_UNIT ( ) NAMED_UNIT ( * ) SI_UNIT ( $, .METRE. ) );
#2906 = ORIENTED_EDGE ( 'NONE', *, *, #3037, .F. ) ;
#2907 = ADVANCED_FACE ( 'NONE', ( #223 ), #2007, .F. ) ;
#2908 = DIMENSIONAL_EXPONENTS ( 1.000000000000000000, 0.0000000000000000000, 0.0000000000000000000, 0.0000000000000000000, 0.0000000000000000000, 0.0000000000000000000, 0.0000000000000000000 ) ;
#2910 = DIRECTION ( 'NONE',  ( 0.0000000000000000000, 1.000000000000000000, 0.0000000000000000000 ) ) ;
#2909 = CARTESIAN_POINT ( 'NONE',  ( 0.0000000000000000000, 0.2839999999999999747, 0.0000000000000000000 ) ) ;
#2911 = CARTESIAN_POINT ( 'NONE',  ( 0.0000000000000000000, 0.3799999999999999489, 0.0000000000000000000 ) ) ;
#2912 = DIRECTION ( 'NONE',  ( 1.000000000000000000, 0.0000000000000000000, -1.492566466189939985E-16 ) ) ;
#2913 = ORIENTED_EDGE ( 'NONE', *, *, #5784, .T. ) ;
#2914 = ORIENTED_EDGE ( 'NONE', *, *, #3096, .T. ) ;
#2915 = EDGE_LOOP ( 'NONE', ( #3122, #3423 ) ) ;
#2916 = EDGE_LOOP ( 'NONE', ( #3613, #905, #830, #3253 ) ) ;
#2917 = DIRECTION ( 'NONE',  ( -0.0000000000000000000, 1.000000000000000000, -0.0000000000000000000 ) ) ;
#2918 = CARTESIAN_POINT ( 'NONE',  ( 0.0000000000000000000, 0.05000000000000000278, 0.0000000000000000000 ) ) ;
#2919 = MECHANICAL_DESIGN_GEOMETRIC_PRESENTATION_REPRESENTATION (  '', ( #4555 ), #5324 ) ;
#2920 = CARTESIAN_POINT ( 'NONE',  ( -4.847560246624939958E-19, 0.4000000000000000222, 0.0000000000000000000 ) ) ;
#2921 = VECTOR ( 'NONE', #4923, 39.37007874015748143 ) ;
#2922 = VECTOR ( 'NONE', #4315, 39.37007874015748143 ) ;
#2923 =( NAMED_UNIT ( * ) SI_UNIT ( $, .STERADIAN. ) SOLID_ANGLE_UNIT ( ) );
#2924 = CARTESIAN_POINT ( 'NONE',  ( 0.1425849022380639985, 0.05000000000000000278, 0.03575675675675679677 ) ) ;
#2925 = ORIENTED_EDGE ( 'NONE', *, *, #2901, .F. ) ;
#2926 = EDGE_CURVE ( 'NONE', #5011, #5654, #1401, .T. ) ;
#2927 = FACE_BOUND ( 'NONE', #4090, .T. ) ;
#2928 =( GEOMETRIC_REPRESENTATION_CONTEXT ( 3 ) GLOBAL_UNCERTAINTY_ASSIGNED_CONTEXT ( ( #1237 ) ) GLOBAL_UNIT_ASSIGNED_CONTEXT ( ( #3058, #1634, #258 ) ) REPRESENTATION_CONTEXT ( 'NONE', 'WORKASPACE' ) );
#2929 = CIRCLE ( 'NONE', #2640, 0.1849999999999999978 ) ;
#2930 = VECTOR ( 'NONE', #1902, 39.37007874015748143 ) ;
#2931 =( NAMED_UNIT ( * ) SI_UNIT ( $, .STERADIAN. ) SOLID_ANGLE_UNIT ( ) );
#2932 = SURFACE_SIDE_STYLE ('',( #4293 ) ) ;
#2933 = VECTOR ( 'NONE', #2253, 39.37007874015748143 ) ;
#2934 = STYLED_ITEM ( 'NONE', ( #1072 ), #3185 ) ;
#2935 = CARTESIAN_POINT ( 'NONE',  ( 0.01499999999999999944, 0.3666724685030944841, -0.04330672559335644461 ) ) ;
#2936 = DIRECTION ( 'NONE',  ( -0.0000000000000000000, -1.000000000000000000, -0.0000000000000000000 ) ) ;
#2937 = VECTOR ( 'NONE', #4052, 39.37007874015748143 ) ;
#2938 = ORIENTED_EDGE ( 'NONE', *, *, #734, .F. ) ;
#2940 = DIRECTION ( 'NONE',  ( 0.0000000000000000000, 1.000000000000000000, 0.0000000000000000000 ) ) ;
#2939 =( NAMED_UNIT ( * ) PLANE_ANGLE_UNIT ( ) SI_UNIT ( $, .RADIAN. ) );
#2941 = ORIENTED_EDGE ( 'NONE', *, *, #2607, .F. ) ;
#2942 = VERTEX_POINT ( 'NONE', #5698 ) ;
#2943 = EDGE_CURVE ( 'NONE', #1599, #1034, #4699, .T. ) ;
#2944 = AXIS2_PLACEMENT_3D ( 'NONE', #985, #1450, #3272 ) ;
#2945 = ORIENTED_EDGE ( 'NONE', *, *, #841, .T. ) ;
#2946 = ADVANCED_FACE ( 'NONE', ( #4254 ), #159, .T. ) ;
#2947 = AXIS2_PLACEMENT_3D ( 'NONE', #775, #3940, #2568 ) ;
#2948 = LINE ( 'NONE', #5581, #1434 ) ;
#2949 = DIRECTION ( 'NONE',  ( 0.0000000000000000000, 0.0000000000000000000, -1.000000000000000000 ) ) ;
#2950 = ORIENTED_EDGE ( 'NONE', *, *, #1382, .T. ) ;
#2951 = EDGE_LOOP ( 'NONE', ( #3909, #4276, #490, #3165 ) ) ;
#2952 = ORIENTED_EDGE ( 'NONE', *, *, #3570, .F. ) ;
#2953 = CARTESIAN_POINT ( 'NONE',  ( -0.04900000000000000883, -0.02566611069585890068, 0.1899999999999999745 ) ) ;
#2954 = CARTESIAN_POINT ( 'NONE',  ( 0.0000000000000000000, 0.1499999999999999944, 0.04749999999999999362 ) ) ;
#2955 = COLOUR_RGB ( '',0.0000000000000000000, 0.0000000000000000000, 0.0000000000000000000 ) ;
#2956 = EDGE_CURVE ( 'NONE', #3129, #3223, #1707, .T. ) ;
#2957 = CIRCLE ( 'NONE', #1627, 0.02000000000000000042 ) ;
#2958 =( GEOMETRIC_REPRESENTATION_CONTEXT ( 3 ) GLOBAL_UNCERTAINTY_ASSIGNED_CONTEXT ( ( #4882 ) ) GLOBAL_UNIT_ASSIGNED_CONTEXT ( ( #2157, #1713, #323 ) ) REPRESENTATION_CONTEXT ( 'NONE', 'WORKASPACE' ) );
#2959 = PRESENTATION_STYLE_ASSIGNMENT (( #673 ) ) ;
#2960 = DIMENSIONAL_EXPONENTS ( 1.000000000000000000, 0.0000000000000000000, 0.0000000000000000000, 0.0000000000000000000, 0.0000000000000000000, 0.0000000000000000000, 0.0000000000000000000 ) ;
#2961 = CARTESIAN_POINT ( 'NONE',  ( 0.0000000000000000000, 0.2340000000000000135, 0.0000000000000000000 ) ) ;
#2962 = AXIS2_PLACEMENT_3D ( 'NONE', #2704, #649, #5592 ) ;
#2963 = PRESENTATION_LAYER_ASSIGNMENT (  '', '', ( #5545 ) ) ;
#2964 = ADVANCED_FACE ( 'NONE', ( #3107 ), #406, .T. ) ;
#2965 =( LENGTH_UNIT ( ) NAMED_UNIT ( * ) SI_UNIT ( $, .METRE. ) );
#2966 = CARTESIAN_POINT ( 'NONE',  ( -0.1920000000000000040, -0.1209999999999999826, -0.02000000000000000042 ) ) ;
#2967 = CIRCLE ( 'NONE', #2382, 0.02000000000000000042 ) ;
#2968 = VECTOR ( 'NONE', #708, 39.37007874015748143 ) ;
#2969 = DIRECTION ( 'NONE',  ( 0.0000000000000000000, 1.000000000000000000, 0.0000000000000000000 ) ) ;
#2970 = DIRECTION ( 'NONE',  ( -0.0000000000000000000, 1.000000000000000000, -0.0000000000000000000 ) ) ;
#2971 = EDGE_LOOP ( 'NONE', ( #3192, #3678, #1420, #3470 ) ) ;
#2973 = CARTESIAN_POINT ( 'NONE',  ( -9.639569805745200661E-18, 0.1640000000000000069, 3.875786328529849706E-18 ) ) ;
#2972 = CARTESIAN_POINT ( 'NONE',  ( 2.265596578422603655E-17, 0.2349999999999999867, 0.1849999999999999978 ) ) ;
#2974 = ORIENTED_EDGE ( 'NONE', *, *, #200, .T. ) ;
#2975 = EDGE_CURVE ( 'NONE', #3, #5613, #5424, .T. ) ;
#2976 = DIRECTION ( 'NONE',  ( 0.0000000000000000000, 0.0000000000000000000, -1.000000000000000000 ) ) ;
#2977 = CARTESIAN_POINT ( 'NONE',  ( 2.265596578422603655E-17, 0.2149999999999999967, 0.1849999999999999978 ) ) ;
#2978 = LINE ( 'NONE', #4307, #4585 ) ;
#2979 = ORIENTED_EDGE ( 'NONE', *, *, #1354, .T. ) ;
#2980 = ORIENTED_EDGE ( 'NONE', *, *, #5052, .F. ) ;
#2981 = ORIENTED_EDGE ( 'NONE', *, *, #4662, .F. ) ;
#2982 = DIRECTION ( 'NONE',  ( 0.0000000000000000000, 0.0000000000000000000, 1.000000000000000000 ) ) ;
#2983 = ADVANCED_FACE ( 'NONE', ( #3049, #2562 ), #3963, .T. ) ;
#2984 = CARTESIAN_POINT ( 'NONE',  ( 0.0000000000000000000, 0.1739999999999999880, 0.0000000000000000000 ) ) ;
#2985 = ADVANCED_FACE ( 'NONE', ( #3533 ), #3078, .T. ) ;
#2986 = EDGE_CURVE ( 'NONE', #152, #183, #4908, .T. ) ;
#2987 = DIRECTION ( 'NONE',  ( -0.0000000000000000000, -1.000000000000000000, -0.0000000000000000000 ) ) ;
#2988 = LINE ( 'NONE', #5269, #3908 ) ;
#2989 = ORIENTED_EDGE ( 'NONE', *, *, #3652, .T. ) ;
#2990 = DIRECTION ( 'NONE',  ( 0.0000000000000000000, 1.000000000000000000, 0.0000000000000000000 ) ) ;
#2991 = EDGE_CURVE ( 'NONE', #430, #4998, #274, .T. ) ;
#2992 = DIRECTION ( 'NONE',  ( -0.0000000000000000000, 1.000000000000000000, -0.0000000000000000000 ) ) ;
#2993 = PLANE ( 'NONE',  #1638 ) ;
#2994 = DIRECTION ( 'NONE',  ( -5.463695987328530381E-16, -0.0000000000000000000, -1.000000000000000000 ) ) ;
#2995 = CARTESIAN_POINT ( 'NONE',  ( 0.01499999999999999944, 0.3699999999999999956, -0.04506939094329989043 ) ) ;
#2996 = LINE ( 'NONE', #3477, #4382 ) ;
#2997 = DIRECTION ( 'NONE',  ( -0.0000000000000000000, -1.000000000000000000, -0.0000000000000000000 ) ) ;
#2998 = EDGE_CURVE ( 'NONE', #3525, #2942, #3604, .T. ) ;
#2999 = DIMENSIONAL_EXPONENTS ( 1.000000000000000000, 0.0000000000000000000, 0.0000000000000000000, 0.0000000000000000000, 0.0000000000000000000, 0.0000000000000000000, 0.0000000000000000000 ) ;
#3000 = ORIENTED_EDGE ( 'NONE', *, *, #2998, .F. ) ;
#3002 = DIRECTION ( 'NONE',  ( 0.0000000000000000000, -1.000000000000000000, 0.0000000000000000000 ) ) ;
#3001 = PLANE ( 'NONE',  #4462 ) ;
#3003 = ORIENTED_EDGE ( 'NONE', *, *, #4142, .F. ) ;
#3004 = EDGE_CURVE ( 'NONE', #2675, #3155, #2929, .T. ) ;
#3005 = SURFACE_STYLE_USAGE ( .BOTH. , #209 ) ;
#3006 = CARTESIAN_POINT ( 'NONE',  ( -0.01499999999999999944, 0.3799999999999999489, 0.04506939094329988349 ) ) ;
#3007 = CARTESIAN_POINT ( 'NONE',  ( 0.0000000000000000000, 0.3649999999999999911, 0.04749999999999999362 ) ) ;
#3008 = ORIENTED_EDGE ( 'NONE', *, *, #877, .F. ) ;
#3009 = ORIENTED_EDGE ( 'NONE', *, *, #3016, .T. ) ;
#3010 = CARTESIAN_POINT ( 'NONE',  ( 0.0000000000000000000, 0.05000000000000000278, 0.0000000000000000000 ) ) ;
#3011 = CARTESIAN_POINT ( 'NONE',  ( 0.0000000000000000000, 0.1499999999999999944, 0.0000000000000000000 ) ) ;
#3012 = CARTESIAN_POINT ( 'NONE',  ( 5.817072295949927179E-18, 0.1499999999999999944, -0.04749999999999999362 ) ) ;
#3013 = DIRECTION ( 'NONE',  ( 0.0000000000000000000, -0.0000000000000000000, 1.000000000000000000 ) ) ;
#3014 = DIRECTION ( 'NONE',  ( -0.0000000000000000000, -1.000000000000000000, -0.0000000000000000000 ) ) ;
#3015 = DIRECTION ( 'NONE',  ( 0.0000000000000000000, 0.0000000000000000000, -1.000000000000000000 ) ) ;
#3016 = EDGE_CURVE ( 'NONE', #4, #3669, #4370, .T. ) ;
#3017 = DIRECTION ( 'NONE',  ( 0.0000000000000000000, 1.000000000000000000, -0.0000000000000000000 ) ) ;
#3018 = UNCERTAINTY_MEASURE_WITH_UNIT (LENGTH_MEASURE( 1.000000000000000082E-05 ), #354, 'distance_accuracy_value', 'NONE');
#3019 = STYLED_ITEM ( 'NONE', ( #230 ), #4895 ) ;
#3020 = CIRCLE ( 'NONE', #466, 0.1849999999999999978 ) ;
#3021 =( NAMED_UNIT ( * ) PLANE_ANGLE_UNIT ( ) SI_UNIT ( $, .RADIAN. ) );
#3022 = EDGE_CURVE ( 'NONE', #2118, #5556, #767, .T. ) ;
#3023 = CARTESIAN_POINT ( 'NONE',  ( 0.0000000000000000000, 0.0000000000000000000, 0.0000000000000000000 ) ) ;
#3024 = CARTESIAN_POINT ( 'NONE',  ( 0.0000000000000000000, 0.1749999999999999889, 0.0000000000000000000 ) ) ;
#3025 = VECTOR ( 'NONE', #2011, 39.37007874015748143 ) ;
#3026 = VECTOR ( 'NONE', #838, 39.37007874015748143 ) ;
#3027 = AXIS2_PLACEMENT_3D ( 'NONE', #5819, #2304, #498 ) ;
#3028 = ORIENTED_EDGE ( 'NONE', *, *, #1285, .F. ) ;
#3029 = EDGE_CURVE ( 'NONE', #145, #5011, #5328, .T. ) ;
#3030 =( GEOMETRIC_REPRESENTATION_CONTEXT ( 3 ) GLOBAL_UNCERTAINTY_ASSIGNED_CONTEXT ( ( #3751 ) ) GLOBAL_UNIT_ASSIGNED_CONTEXT ( ( #287, #2599, #2532 ) ) REPRESENTATION_CONTEXT ( 'NONE', 'WORKASPACE' ) );
#3031 = AXIS2_PLACEMENT_3D ( 'NONE', #2424, #675, #5179 ) ;
#3032 = LENGTH_MEASURE_WITH_UNIT ( LENGTH_MEASURE( 0.02539999999999999897 ), #5708 );
#3033 = CIRCLE ( 'NONE', #1216, 0.04749999999999999362 ) ;
#3034 = VERTEX_POINT ( 'NONE', #1738 ) ;
#3035 = AXIS2_PLACEMENT_3D ( 'NONE', #2156, #1680, #5739 ) ;
#3036 = AXIS2_PLACEMENT_3D ( 'NONE', #4523, #437, #2251 ) ;
#3037 = EDGE_CURVE ( 'NONE', #56, #3657, #344, .T. ) ;
#3038 = PLANE ( 'NONE',  #2445 ) ;
#3039 = DIRECTION ( 'NONE',  ( 0.0000000000000000000, 0.0000000000000000000, 1.000000000000000000 ) ) ;
#3040 = CIRCLE ( 'NONE', #5433, 0.1849999999999999978 ) ;
#3041 = ORIENTED_EDGE ( 'NONE', *, *, #5190, .F. ) ;
#3042 = ORIENTED_EDGE ( 'NONE', *, *, #4947, .T. ) ;
#3043 = VERTEX_POINT ( 'NONE', #4490 ) ;
#3044 = CARTESIAN_POINT ( 'NONE',  ( -0.1425849022380639985, 0.05000000000000000278, -0.03575675675675679677 ) ) ;
#3045 = FACE_BOUND ( 'NONE', #3340, .T. ) ;
#3046 = VERTEX_POINT ( 'NONE', #1223 ) ;
#3047 = SURFACE_STYLE_FILL_AREA ( #3468 ) ;
#3048 = CARTESIAN_POINT ( 'NONE',  ( -0.1980000000000000093, -0.03099999999999999978, 0.03500000000000000333 ) ) ;
#3049 = FACE_BOUND ( 'NONE', #3679, .T. ) ;
#3050 = CARTESIAN_POINT ( 'NONE',  ( 0.1919999999999999485, -0.03099999999999999978, -0.03500000000000000333 ) ) ;
#3051 = AXIS2_PLACEMENT_3D ( 'NONE', #3084, #2290, #443 ) ;
#3052 = ADVANCED_FACE ( 'NONE', ( #2224 ), #4054, .T. ) ;
#3053 = CARTESIAN_POINT ( 'NONE',  ( 0.0000000000000000000, 0.2149999999999999967, 0.0000000000000000000 ) ) ;
#3054 = LINE ( 'NONE', #2037, #1884 ) ;
#3055 = DIRECTION ( 'NONE',  ( 0.0000000000000000000, 0.0000000000000000000, 1.000000000000000000 ) ) ;
#3056 = CARTESIAN_POINT ( 'NONE',  ( 0.01499999999999999944, 0.4000000000000000222, 0.0000000000000000000 ) ) ;
#3057 = ORIENTED_EDGE ( 'NONE', *, *, #4138, .F. ) ;
#3058 =( CONVERSION_BASED_UNIT ( 'INCH', #3032 ) LENGTH_UNIT ( ) NAMED_UNIT ( #2960 ) );
#3059 = ORIENTED_EDGE ( 'NONE', *, *, #4266, .T. ) ;
#3060 = EDGE_CURVE ( 'NONE', #4101, #2148, #4081, .T. ) ;
#3061 = VECTOR ( 'NONE', #2238, 39.37007874015748143 ) ;
#3062 = ORIENTED_EDGE ( 'NONE', *, *, #2956, .F. ) ;
#3064 = DIRECTION ( 'NONE',  ( 0.0000000000000000000, 0.0000000000000000000, 1.000000000000000000 ) ) ;
#3063 = CARTESIAN_POINT ( 'NONE',  ( 0.0000000000000000000, 0.2049999999999999878, 0.0000000000000000000 ) ) ;
#3065 = DIRECTION ( 'NONE',  ( -0.0000000000000000000, -1.000000000000000000, -0.0000000000000000000 ) ) ;
#3066 = ORIENTED_EDGE ( 'NONE', *, *, #3722, .T. ) ;
#3067 = ORIENTED_EDGE ( 'NONE', *, *, #1120, .T. ) ;
#3068 = EDGE_LOOP ( 'NONE', ( #2523, #702, #496, #2890, #1129, #3314, #4011 ) ) ;
#3069 = SURFACE_SIDE_STYLE ('',( #1700 ) ) ;
#3070 = SURFACE_SIDE_STYLE ('',( #5351 ) ) ;
#3071 = ADVANCED_FACE ( 'NONE', ( #886 ), #2697, .T. ) ;
#3072 = ORIENTED_EDGE ( 'NONE', *, *, #3946, .T. ) ;
#3073 = DIRECTION ( 'NONE',  ( -0.0000000000000000000, 0.0000000000000000000, -1.000000000000000000 ) ) ;
#3074 = PLANE ( 'NONE',  #1633 ) ;
#3075 = LENGTH_MEASURE_WITH_UNIT ( LENGTH_MEASURE( 0.02539999999999999897 ), #370 );
#3076 = DIRECTION ( 'NONE',  ( -0.0000000000000000000, -1.000000000000000000, 0.0000000000000000000 ) ) ;
#3077 = ORIENTED_EDGE ( 'NONE', *, *, #525, .F. ) ;
#3078 = CYLINDRICAL_SURFACE ( 'NONE', #5227, 0.1849999999999999978 ) ;
#3079 = DIRECTION ( 'NONE',  ( 0.0000000000000000000, 1.000000000000000000, 0.0000000000000000000 ) ) ;
#3080 = ADVANCED_FACE ( 'NONE', ( #5883 ), #4850, .T. ) ;
#3081 = DIRECTION ( 'NONE',  ( 0.0000000000000000000, 0.0000000000000000000, -1.000000000000000000 ) ) ;
#3082 = FILL_AREA_STYLE ('',( #3476 ) ) ;
#3083 = PLANE ( 'NONE',  #2561 ) ;
#3084 = CARTESIAN_POINT ( 'NONE',  ( 0.0000000000000000000, 0.2650000000000000133, 0.0000000000000000000 ) ) ;
#3085 = VERTEX_POINT ( 'NONE', #4661 ) ;
#3086 = ORIENTED_EDGE ( 'NONE', *, *, #3929, .T. ) ;
#3088 = FILL_AREA_STYLE_COLOUR ( '', #4842 ) ;
#3087 =( NAMED_UNIT ( * ) SI_UNIT ( $, .STERADIAN. ) SOLID_ANGLE_UNIT ( ) );
#3089 = EDGE_LOOP ( 'NONE', ( #2938, #5244, #744, #986, #1846, #3867, #63 ) ) ;
#3090 = EDGE_CURVE ( 'NONE', #5774, #4039, #84, .T. ) ;
#3091 = VERTEX_POINT ( 'NONE', #964 ) ;
#3092 = ORIENTED_EDGE ( 'NONE', *, *, #5343, .F. ) ;
#3094 = CARTESIAN_POINT ( 'NONE',  ( 0.01499999999999999944, 0.3699999999999999956, 0.03708099243547830631 ) ) ;
#3093 = DIRECTION ( 'NONE',  ( -0.0000000000000000000, 0.0000000000000000000, -1.000000000000000000 ) ) ;
#3095 = DIRECTION ( 'NONE',  ( 0.0000000000000000000, -1.000000000000000000, 0.0000000000000000000 ) ) ;
#3096 = EDGE_CURVE ( 'NONE', #3899, #1725, #481, .T. ) ;
#3097 = ORIENTED_EDGE ( 'NONE', *, *, #3438, .F. ) ;
#3098 = ORIENTED_EDGE ( 'NONE', *, *, #5811, .F. ) ;
#3099 = ORIENTED_EDGE ( 'NONE', *, *, #3667, .F. ) ;
#3100 = DIRECTION ( 'NONE',  ( -0.0000000000000000000, -1.000000000000000000, -0.0000000000000000000 ) ) ;
#3101 = DIRECTION ( 'NONE',  ( -0.0000000000000000000, -1.000000000000000000, -0.0000000000000000000 ) ) ;
#3102 = ORIENTED_EDGE ( 'NONE', *, *, #5079, .T. ) ;
#3103 = DIRECTION ( 'NONE',  ( 0.0000000000000000000, 0.0000000000000000000, 1.000000000000000000 ) ) ;
#3104 = PLANE ( 'NONE',  #4123 ) ;
#3105 = DIRECTION ( 'NONE',  ( 0.0000000000000000000, 1.000000000000000000, 0.0000000000000000000 ) ) ;
#3106 = LINE ( 'NONE', #3927, #3732 ) ;
#3107 = FACE_OUTER_BOUND ( 'NONE', #860, .T. ) ;
#3108 = CARTESIAN_POINT ( 'NONE',  ( -0.1794435844492640042, 0.05000000000000000278, 0.04499999999999999833 ) ) ;
#3109 = DIRECTION ( 'NONE',  ( 0.0000000000000000000, -1.000000000000000000, 0.0000000000000000000 ) ) ;
#3110 = ADVANCED_FACE ( 'NONE', ( #2804 ), #4156, .T. ) ;
#3111 = CARTESIAN_POINT ( 'NONE',  ( 0.0000000000000000000, 0.2750000000000000222, 0.0000000000000000000 ) ) ;
#3112 = CARTESIAN_POINT ( 'NONE',  ( 0.0000000000000000000, 0.2239999999999999769, -0.1849999999999999978 ) ) ;
#3113 = CARTESIAN_POINT ( 'NONE',  ( 0.0000000000000000000, 0.1839999999999999969, -0.1849999999999999978 ) ) ;
#3114 = MECHANICAL_DESIGN_GEOMETRIC_PRESENTATION_REPRESENTATION (  '', ( #3504 ), #1014 ) ;
#3115 = DIRECTION ( 'NONE',  ( 0.0000000000000000000, -0.0000000000000000000, 1.000000000000000000 ) ) ;
#3116 =( GEOMETRIC_REPRESENTATION_CONTEXT ( 3 ) GLOBAL_UNCERTAINTY_ASSIGNED_CONTEXT ( ( #50 ) ) GLOBAL_UNIT_ASSIGNED_CONTEXT ( ( #1183, #2517, #3577 ) ) REPRESENTATION_CONTEXT ( 'NONE', 'WORKASPACE' ) );
#3117 = CIRCLE ( 'NONE', #1306, 0.1849999999999999978 ) ;
#3118 = ORIENTED_EDGE ( 'NONE', *, *, #1100, .F. ) ;
#3119 = VECTOR ( 'NONE', #1339, 39.37007874015748143 ) ;
#3120 = VECTOR ( 'NONE', #4143, 39.37007874015748143 ) ;
#3121 = AXIS2_PLACEMENT_3D ( 'NONE', #1388, #1840, #5 ) ;
#3122 = ORIENTED_EDGE ( 'NONE', *, *, #374, .F. ) ;
#3124 = FACE_OUTER_BOUND ( 'NONE', #1564, .T. ) ;
#3123 = CARTESIAN_POINT ( 'NONE',  ( 0.0000000000000000000, 0.1749999999999999889, -0.1849999999999999978 ) ) ;
#3125 = EDGE_CURVE ( 'NONE', #5853, #5171, #4632, .T. ) ;
#3126 = CARTESIAN_POINT ( 'NONE',  ( 0.0000000000000000000, 0.1539999999999999702, 0.0000000000000000000 ) ) ;
#3127 = ORIENTED_EDGE ( 'NONE', *, *, #2335, .T. ) ;
#3128 = ORIENTED_EDGE ( 'NONE', *, *, #2868, .F. ) ;
#3129 = VERTEX_POINT ( 'NONE', #530 ) ;
#3130 = AXIS2_PLACEMENT_3D ( 'NONE', #4047, #5781, #2217 ) ;
#3131 = DIRECTION ( 'NONE',  ( 0.0000000000000000000, 0.0000000000000000000, 1.000000000000000000 ) ) ;
#3132 = PLANE ( 'NONE',  #2169 ) ;
#3133 = EDGE_CURVE ( 'NONE', #4746, #3669, #4549, .T. ) ;
#3134 = EDGE_LOOP ( 'NONE', ( #2207, #3609, #307, #4442 ) ) ;
#3135 = AXIS2_PLACEMENT_3D ( 'NONE', #619, #2421, #1968 ) ;
#3136 = AXIS2_PLACEMENT_3D ( 'NONE', #2706, #2402, #5546 ) ;
#3137 = CARTESIAN_POINT ( 'NONE',  ( -6.377882606357019692E-18, 0.05000000000000000278, 0.03500000000000000333 ) ) ;
#3138 = CARTESIAN_POINT ( 'NONE',  ( 2.265596578422603655E-17, 0.1749999999999999889, 0.1849999999999999978 ) ) ;
#3139 = DIRECTION ( 'NONE',  ( -0.0000000000000000000, 1.000000000000000000, -0.0000000000000000000 ) ) ;
#3140 = DIRECTION ( 'NONE',  ( 0.0000000000000000000, 0.0000000000000000000, -1.000000000000000000 ) ) ;
#3141 = VERTEX_POINT ( 'NONE', #40 ) ;
#3142 = DIRECTION ( 'NONE',  ( -0.8580815062912187097, 0.0000000000000000000, -0.5135135135135132645 ) ) ;
#3143 = CARTESIAN_POINT ( 'NONE',  ( 0.06900000000000000577, 0.3619999999999999885, 0.2000000000000000111 ) ) ;
#3144 = UNCERTAINTY_MEASURE_WITH_UNIT (LENGTH_MEASURE( 1.000000000000000082E-05 ), #2110, 'distance_accuracy_value', 'NONE');
#3145 =( CONVERSION_BASED_UNIT ( 'INCH', #1319 ) LENGTH_UNIT ( ) NAMED_UNIT ( #4343 ) );
#3146 = AXIS2_PLACEMENT_3D ( 'NONE', #2198, #4028, #4913 ) ;
#3147 = PRESENTATION_STYLE_ASSIGNMENT (( #1284 ) ) ;
#3148 = PLANE ( 'NONE',  #106 ) ;
#3149 = AXIS2_PLACEMENT_3D ( 'NONE', #198, #1230, #3850 ) ;
#3150 = EDGE_CURVE ( 'NONE', #3488, #2438, #1028, .T. ) ;
#3152 = DIRECTION ( 'NONE',  ( 0.0000000000000000000, 0.0000000000000000000, 1.000000000000000000 ) ) ;
#3151 = DIRECTION ( 'NONE',  ( 0.0000000000000000000, -0.0000000000000000000, 1.000000000000000000 ) ) ;
#3153 = AXIS2_PLACEMENT_3D ( 'NONE', #4799, #325, #5769 ) ;
#3154 = AXIS2_PLACEMENT_3D ( 'NONE', #5856, #5762, #1253 ) ;
#3155 = VERTEX_POINT ( 'NONE', #2391 ) ;
#3156 = UNCERTAINTY_MEASURE_WITH_UNIT (LENGTH_MEASURE( 1.000000000000000082E-05 ), #3222, 'distance_accuracy_value', 'NONE');
#3157 = EDGE_CURVE ( 'NONE', #4707, #2132, #1317, .T. ) ;
#3158 = CIRCLE ( 'NONE', #598, 0.1849999999999999978 ) ;
#3159 = VECTOR ( 'NONE', #1251, 39.37007874015748143 ) ;
#3161 = CARTESIAN_POINT ( 'NONE',  ( 0.01499999999999999944, 0.3799999999999999489, 0.04506939094329988349 ) ) ;
#3160 = DIRECTION ( 'NONE',  ( 1.000000000000000000, -0.0000000000000000000, 0.0000000000000000000 ) ) ;
#3162 = DIRECTION ( 'NONE',  ( -0.0000000000000000000, -1.000000000000000000, -0.0000000000000000000 ) ) ;
#3163 = ORIENTED_EDGE ( 'NONE', *, *, #5375, .T. ) ;
#3164 = VERTEX_POINT ( 'NONE', #129 ) ;
#3165 = ORIENTED_EDGE ( 'NONE', *, *, #859, .F. ) ;
#3166 = AXIS2_PLACEMENT_3D ( 'NONE', #5797, #1768, #853 ) ;
#3167 = CIRCLE ( 'NONE', #3938, 0.04749999999999999362 ) ;
#3168 = CIRCLE ( 'NONE', #2689, 0.1849999999999999978 ) ;
#3169 = CARTESIAN_POINT ( 'NONE',  ( 0.1920000000000000040, -0.03099999999999999978, -0.02750000000000000014 ) ) ;
#3170 = ORIENTED_EDGE ( 'NONE', *, *, #1749, .F. ) ;
#3171 = FACE_OUTER_BOUND ( 'NONE', #297, .T. ) ;
#3172 = DIRECTION ( 'NONE',  ( -0.0000000000000000000, -1.000000000000000000, -0.0000000000000000000 ) ) ;
#3173 = DIRECTION ( 'NONE',  ( 0.0000000000000000000, -0.0000000000000000000, 1.000000000000000000 ) ) ;
#3174 = ORIENTED_EDGE ( 'NONE', *, *, #2631, .F. ) ;
#3175 = ORIENTED_EDGE ( 'NONE', *, *, #4176, .T. ) ;
#3176 = LINE ( 'NONE', #4453, #2574 ) ;
#3177 = DIRECTION ( 'NONE',  ( 0.0000000000000000000, 0.0000000000000000000, 1.000000000000000000 ) ) ;
#3178 = SURFACE_SIDE_STYLE ('',( #2835 ) ) ;
#3179 = ADVANCED_FACE ( 'NONE', ( #2330 ), #3711, .T. ) ;
#3180 = DIRECTION ( 'NONE',  ( 0.0000000000000000000, -1.000000000000000000, 0.0000000000000000000 ) ) ;
#3181 = FILL_AREA_STYLE_COLOUR ( '', #1021 ) ;
#3182 = EDGE_LOOP ( 'NONE', ( #233, #2085 ) ) ;
#3183 = DIRECTION ( 'NONE',  ( 0.0000000000000000000, 0.0000000000000000000, 1.000000000000000000 ) ) ;
#3184 = DIRECTION ( 'NONE',  ( 0.0000000000000000000, 0.0000000000000000000, 1.000000000000000000 ) ) ;
#3185 = ADVANCED_FACE ( 'NONE', ( #2721 ), #4110, .T. ) ;
#3186 = ORIENTED_EDGE ( 'NONE', *, *, #1445, .T. ) ;
#3187 = DIRECTION ( 'NONE',  ( 0.0000000000000000000, 0.0000000000000000000, -1.000000000000000000 ) ) ;
#3188 = EDGE_LOOP ( 'NONE', ( #3072, #4008, #4871, #3067, #2552, #5779, #4003, #3242 ) ) ;
#3189 = DIRECTION ( 'NONE',  ( 0.0000000000000000000, 1.000000000000000000, 0.0000000000000000000 ) ) ;
#3190 = CARTESIAN_POINT ( 'NONE',  ( 2.265596578422603655E-17, 0.2249999999999999778, 0.1849999999999999978 ) ) ;
#3191 = LINE ( 'NONE', #5389, #2937 ) ;
#3192 = ORIENTED_EDGE ( 'NONE', *, *, #560, .T. ) ;
#3193 = VERTEX_POINT ( 'NONE', #186 ) ;
#3194 = CARTESIAN_POINT ( 'NONE',  ( 0.0000000000000000000, 0.2039999999999999869, 0.0000000000000000000 ) ) ;
#3195 = LINE ( 'NONE', #4634, #1974 ) ;
#3196 = DIRECTION ( 'NONE',  ( -0.2027027027027042128, 0.0000000000000000000, -0.9792403251076924331 ) ) ;
#3197 = CARTESIAN_POINT ( 'NONE',  ( 0.0000000000000000000, 0.1499999999999999944, 0.04749999999999999362 ) ) ;
#3198 = FILL_AREA_STYLE_COLOUR ( '', #1623 ) ;
#3199 = EDGE_CURVE ( 'NONE', #2471, #1181, #5796, .T. ) ;
#3200 = CARTESIAN_POINT ( 'NONE',  ( 5.817072295949927179E-18, 0.1950000000000000067, -0.04749999999999999362 ) ) ;
#3201 = EDGE_CURVE ( 'NONE', #4719, #168, #3889, .T. ) ;
#3202 = PLANE ( 'NONE',  #4278 ) ;
#3203 = DIRECTION ( 'NONE',  ( 0.0000000000000000000, 0.0000000000000000000, -1.000000000000000000 ) ) ;
#3204 = VERTEX_POINT ( 'NONE', #4313 ) ;
#3205 = COLOUR_RGB ( '',0.0000000000000000000, 0.0000000000000000000, 0.0000000000000000000 ) ;
#3206 = AXIS2_PLACEMENT_3D ( 'NONE', #2883, #1156, #4687 ) ;
#3207 = CIRCLE ( 'NONE', #1784, 0.1849999999999999978 ) ;
#3209 = SURFACE_STYLE_USAGE ( .BOTH. , #117 ) ;
#3208 = DIRECTION ( 'NONE',  ( -0.0000000000000000000, -1.000000000000000000, -0.0000000000000000000 ) ) ;
#3210 = CARTESIAN_POINT ( 'NONE',  ( 0.0000000000000000000, 0.1499999999999999944, 0.0000000000000000000 ) ) ;
#3211 = ORIENTED_EDGE ( 'NONE', *, *, #805, .F. ) ;
#3212 = CARTESIAN_POINT ( 'NONE',  ( 0.0000000000000000000, 0.2249999999999999778, 0.0000000000000000000 ) ) ;
#3213 = PRESENTATION_LAYER_ASSIGNMENT (  '', '', ( #4650 ) ) ;
#3214 = AXIS2_PLACEMENT_3D ( 'NONE', #3212, #2766, #4605 ) ;
#3215 = STYLED_ITEM ( 'NONE', ( #2884 ), #1853 ) ;
#3216 = EDGE_CURVE ( 'NONE', #501, #2439, #5608, .T. ) ;
#3217 = ORIENTED_EDGE ( 'NONE', *, *, #2505, .F. ) ;
#3218 = FILL_AREA_STYLE_COLOUR ( '', #3902 ) ;
#3219 = LINE ( 'NONE', #5047, #5363 ) ;
#3220 = VECTOR ( 'NONE', #4140, 39.37007874015748143 ) ;
#3221 = AXIS2_PLACEMENT_3D ( 'NONE', #319, #4975, #1765 ) ;
#3222 =( CONVERSION_BASED_UNIT ( 'INCH', #2415 ) LENGTH_UNIT ( ) NAMED_UNIT ( #2423 ) );
#3223 = VERTEX_POINT ( 'NONE', #2953 ) ;
#3224 = ORIENTED_EDGE ( 'NONE', *, *, #3473, .T. ) ;
#3225 = ORIENTED_EDGE ( 'NONE', *, *, #3324, .T. ) ;
#3226 = CARTESIAN_POINT ( 'NONE',  ( -0.02000000000000000042, -0.1209999999999999826, 0.2049999999999999878 ) ) ;
#3227 = CARTESIAN_POINT ( 'NONE',  ( 5.817072295949927179E-18, 0.2349999999999999867, -0.04749999999999999362 ) ) ;
#3228 = CIRCLE ( 'NONE', #1127, 0.1849999999999999978 ) ;
#3229 = EDGE_CURVE ( 'NONE', #4045, #4719, #3395, .T. ) ;
#3230 = CARTESIAN_POINT ( 'NONE',  ( 0.0000000000000000000, 0.1749999999999999889, -0.1849999999999999978 ) ) ;
#3231 = AXIS2_PLACEMENT_3D ( 'NONE', #5010, #483, #538 ) ;
#3232 = LINE ( 'NONE', #2838, #4594 ) ;
#3233 = LENGTH_MEASURE_WITH_UNIT ( LENGTH_MEASURE( 0.02539999999999999897 ), #2339 );
#3234 = ORIENTED_EDGE ( 'NONE', *, *, #1472, .T. ) ;
#3235 = EDGE_CURVE ( 'NONE', #748, #2074, #2029, .T. ) ;
#3236 = LENGTH_MEASURE_WITH_UNIT ( LENGTH_MEASURE( 0.02539999999999999897 ), #113 );
#3237 = CIRCLE ( 'NONE', #2664, 0.04749999999999999362 ) ;
#3238 = ADVANCED_FACE ( 'NONE', ( #1515 ), #4787, .T. ) ;
#3239 = CIRCLE ( 'NONE', #5540, 0.04749999999999999362 ) ;
#3240 =( NAMED_UNIT ( * ) PLANE_ANGLE_UNIT ( ) SI_UNIT ( $, .RADIAN. ) );
#3241 = CARTESIAN_POINT ( 'NONE',  ( 0.04899999999999998107, -0.02566611069585888680, 0.2099999999999999922 ) ) ;
#3242 = ORIENTED_EDGE ( 'NONE', *, *, #734, .T. ) ;
#3243 = EDGE_CURVE ( 'NONE', #4441, #1131, #377, .T. ) ;
#3244 = CIRCLE ( 'NONE', #2962, 0.02000000000000000042 ) ;
#3245 = DIRECTION ( 'NONE',  ( -0.0000000000000000000, 1.000000000000000000, -0.0000000000000000000 ) ) ;
#3246 = VECTOR ( 'NONE', #991, 39.37007874015748143 ) ;
#3247 = VERTEX_POINT ( 'NONE', #5689 ) ;
#3248 = VECTOR ( 'NONE', #5191, 39.37007874015748143 ) ;
#3249 = MECHANICAL_DESIGN_GEOMETRIC_PRESENTATION_REPRESENTATION (  '', ( #1045 ), #695 ) ;
#3250 = AXIS2_PLACEMENT_3D ( 'NONE', #1762, #2275, #4107 ) ;
#3251 = DIRECTION ( 'NONE',  ( -0.0000000000000000000, -1.000000000000000000, -0.0000000000000000000 ) ) ;
#3252 = EDGE_LOOP ( 'NONE', ( #2200, #3759, #2041, #5640 ) ) ;
#3253 = ORIENTED_EDGE ( 'NONE', *, *, #5770, .F. ) ;
#3254 = EDGE_CURVE ( 'NONE', #4919, #2143, #153, .T. ) ;
#3255 =( NAMED_UNIT ( * ) SI_UNIT ( $, .STERADIAN. ) SOLID_ANGLE_UNIT ( ) );
#3256 = DIRECTION ( 'NONE',  ( 0.0000000000000000000, 0.0000000000000000000, -1.000000000000000000 ) ) ;
#3257 = DIRECTION ( 'NONE',  ( -0.0000000000000000000, -1.000000000000000000, -0.0000000000000000000 ) ) ;
#3258 = ADVANCED_FACE ( 'NONE', ( #642 ), #2524, .T. ) ;
#3259 = CARTESIAN_POINT ( 'NONE',  ( 0.0000000000000000000, 0.3099999999999999978, 0.04749999999999999362 ) ) ;
#3260 = CARTESIAN_POINT ( 'NONE',  ( -0.1920000000000000040, -0.03100000000000000325, -0.03500000000000000333 ) ) ;
#3261 = CARTESIAN_POINT ( 'NONE',  ( 0.0000000000000000000, 0.2650000000000000133, 0.0000000000000000000 ) ) ;
#3262 = UNCERTAINTY_MEASURE_WITH_UNIT (LENGTH_MEASURE( 1.000000000000000082E-05 ), #2315, 'distance_accuracy_value', 'NONE');
#3263 = EDGE_CURVE ( 'NONE', #2899, #182, #4184, .T. ) ;
#3265 = CARTESIAN_POINT ( 'NONE',  ( -0.1794435844492636434, 0.0000000000000000000, 0.04499999999999987343 ) ) ;
#3264 = DIRECTION ( 'NONE',  ( 1.000000000000000000, 0.0000000000000000000, -7.725300189835330255E-17 ) ) ;
#3266 = FACE_OUTER_BOUND ( 'NONE', #1040, .T. ) ;
#3267 = EDGE_LOOP ( 'NONE', ( #813, #3000 ) ) ;
#3268 = ORIENTED_EDGE ( 'NONE', *, *, #5252, .T. ) ;
#3269 = ADVANCED_FACE ( 'NONE', ( #5173 ), #4361, .T. ) ;
#3270 = CARTESIAN_POINT ( 'NONE',  ( 0.06900000000000000577, 0.3420000000000000262, 0.2049999999999999878 ) ) ;
#3271 =( NAMED_UNIT ( * ) PLANE_ANGLE_UNIT ( ) SI_UNIT ( $, .RADIAN. ) );
#3272 = DIRECTION ( 'NONE',  ( 0.0000000000000000000, 0.0000000000000000000, -1.000000000000000000 ) ) ;
#3273 = ORIENTED_EDGE ( 'NONE', *, *, #4743, .F. ) ;
#3274 = ORIENTED_EDGE ( 'NONE', *, *, #4582, .F. ) ;
#3275 = DIRECTION ( 'NONE',  ( 0.0000000000000000000, -1.000000000000000000, 0.0000000000000000000 ) ) ;
#3276 = CARTESIAN_POINT ( 'NONE',  ( 0.0000000000000000000, -0.04499999999999999833, 0.0000000000000000000 ) ) ;
#3277 =( NAMED_UNIT ( * ) PLANE_ANGLE_UNIT ( ) SI_UNIT ( $, .RADIAN. ) );
#3278 = FACE_BOUND ( 'NONE', #2374, .T. ) ;
#3279 = CARTESIAN_POINT ( 'NONE',  ( 2.265596578422603655E-17, 0.1739999999999999880, 0.1849999999999999978 ) ) ;
#3280 = DIRECTION ( 'NONE',  ( 0.0000000000000000000, -1.000000000000000000, 0.0000000000000000000 ) ) ;
#3281 = EDGE_CURVE ( 'NONE', #5381, #4072, #1121, .T. ) ;
#3282 = DIRECTION ( 'NONE',  ( 0.0000000000000000000, -1.000000000000000000, 0.0000000000000000000 ) ) ;
#3283 =( NAMED_UNIT ( * ) PLANE_ANGLE_UNIT ( ) SI_UNIT ( $, .RADIAN. ) );
#3284 = DIRECTION ( 'NONE',  ( 0.0000000000000000000, -1.000000000000000000, -0.0000000000000000000 ) ) ;
#3285 = DIRECTION ( 'NONE',  ( 0.0000000000000000000, 0.0000000000000000000, 1.000000000000000000 ) ) ;
#3286 = VERTEX_POINT ( 'NONE', #2553 ) ;
#3287 = ORIENTED_EDGE ( 'NONE', *, *, #2707, .F. ) ;
#3289 = DIRECTION ( 'NONE',  ( 0.2027027027027029082, 0.0000000000000000000, -0.9792403251076926551 ) ) ;
#3288 = FACE_OUTER_BOUND ( 'NONE', #1862, .T. ) ;
#3290 = LINE ( 'NONE', #572, #6 ) ;
#3291 = CARTESIAN_POINT ( 'NONE',  ( -0.1587450786638749944, 0.0000000000000000000, -0.09499999999999998723 ) ) ;
#3292 = EDGE_LOOP ( 'NONE', ( #2647, #1514, #5804, #3979 ) ) ;
#3293 =( GEOMETRIC_REPRESENTATION_CONTEXT ( 3 ) GLOBAL_UNCERTAINTY_ASSIGNED_CONTEXT ( ( #3018 ) ) GLOBAL_UNIT_ASSIGNED_CONTEXT ( ( #354, #4864, #4037 ) ) REPRESENTATION_CONTEXT ( 'NONE', 'WORKASPACE' ) );
#3294 = EDGE_CURVE ( 'NONE', #1452, #4954, #4950, .T. ) ;
#3296 = DIRECTION ( 'NONE',  ( 0.0000000000000000000, 1.000000000000000000, 0.0000000000000000000 ) ) ;
#3295 = DIRECTION ( 'NONE',  ( 0.8580815062912183766, -0.0000000000000000000, 0.5135135135135135975 ) ) ;
#3297 = DIRECTION ( 'NONE',  ( -1.000000000000000000, -0.0000000000000000000, -0.0000000000000000000 ) ) ;
#3298 = CARTESIAN_POINT ( 'NONE',  ( -0.08899999999999999578, 0.1499999999999999944, 0.1899999999999999745 ) ) ;
#3299 = ORIENTED_EDGE ( 'NONE', *, *, #3594, .F. ) ;
#3300 = ORIENTED_EDGE ( 'NONE', *, *, #5354, .F. ) ;
#3301 = EDGE_LOOP ( 'NONE', ( #416, #4749 ) ) ;
#3302 = VECTOR ( 'NONE', #543, 39.37007874015748143 ) ;
#3303 = CIRCLE ( 'NONE', #264, 0.04749999999999999362 ) ;
#3304 = DIRECTION ( 'NONE',  ( -0.0000000000000000000, -1.000000000000000000, -0.0000000000000000000 ) ) ;
#3305 = CIRCLE ( 'NONE', #4847, 0.04749999999999999362 ) ;
#3306 = LENGTH_MEASURE_WITH_UNIT ( LENGTH_MEASURE( 0.02539999999999999897 ), #4614 );
#3307 = EDGE_CURVE ( 'NONE', #3616, #3480, #2579, .T. ) ;
#3308 = CONICAL_SURFACE ( 'NONE', #5596, 0.04749999999868431688, 0.7853981636212411521 ) ;
#3309 = CIRCLE ( 'NONE', #5129, 0.1849999999999999978 ) ;
#3310 = VECTOR ( 'NONE', #1723, 39.37007874015748143 ) ;
#3311 =( CONVERSION_BASED_UNIT ( 'INCH', #672 ) LENGTH_UNIT ( ) NAMED_UNIT ( #1499 ) );
#3312 = LINE ( 'NONE', #190, #5896 ) ;
#3313 = DIRECTION ( 'NONE',  ( 0.0000000000000000000, 1.000000000000000000, 0.0000000000000000000 ) ) ;
#3314 = ORIENTED_EDGE ( 'NONE', *, *, #5296, .T. ) ;
#3315 =( NAMED_UNIT ( * ) SI_UNIT ( $, .STERADIAN. ) SOLID_ANGLE_UNIT ( ) );
#3316 = VECTOR ( 'NONE', #4193, 39.37007874015748143 ) ;
#3317 = AXIS2_PLACEMENT_3D ( 'NONE', #5480, #3767, #912 ) ;
#3318 = CARTESIAN_POINT ( 'NONE',  ( 0.08899999999999999578, 0.3420000000000000262, 0.2099999999999999922 ) ) ;
#3319 = AXIS2_PLACEMENT_3D ( 'NONE', #883, #932, #4578 ) ;
#3320 = PRESENTATION_STYLE_ASSIGNMENT (( #135 ) ) ;
#3321 = DIRECTION ( 'NONE',  ( 0.0000000000000000000, 0.0000000000000000000, -1.000000000000000000 ) ) ;
#3322 = CARTESIAN_POINT ( 'NONE',  ( 0.0000000000000000000, 0.2449999999999999956, 0.04749999999999999362 ) ) ;
#3323 = UNCERTAINTY_MEASURE_WITH_UNIT (LENGTH_MEASURE( 1.000000000000000082E-05 ), #1573, 'distance_accuracy_value', 'NONE');
#3324 = EDGE_CURVE ( 'NONE', #1597, #953, #2116, .T. ) ;
#3325 = VECTOR ( 'NONE', #4717, 39.37007874015748143 ) ;
#3326 = ORIENTED_EDGE ( 'NONE', *, *, #3201, .T. ) ;
#3328 = DIRECTION ( 'NONE',  ( 0.0000000000000000000, 0.0000000000000000000, -1.000000000000000000 ) ) ;
#3327 = LINE ( 'NONE', #1565, #273 ) ;
#3329 = CARTESIAN_POINT ( 'NONE',  ( 0.01499999999999999944, 0.3799999999999999489, -0.04506939094329988349 ) ) ;
#3330 = CIRCLE ( 'NONE', #4768, 0.1469999999999999918 ) ;
#3331 = ORIENTED_EDGE ( 'NONE', *, *, #841, .F. ) ;
#3332 = ORIENTED_EDGE ( 'NONE', *, *, #5007, .F. ) ;
#3333 = EDGE_CURVE ( 'NONE', #2028, #907, #1272, .T. ) ;
#3334 = AXIS2_PLACEMENT_3D ( 'NONE', #5055, #5147, #5029 ) ;
#3335 = DIMENSIONAL_EXPONENTS ( 1.000000000000000000, 0.0000000000000000000, 0.0000000000000000000, 0.0000000000000000000, 0.0000000000000000000, 0.0000000000000000000, 0.0000000000000000000 ) ;
#3337 = DIRECTION ( 'NONE',  ( 0.0000000000000000000, -0.0000000000000000000, -1.000000000000000000 ) ) ;
#3336 = LINE ( 'NONE', #1992, #2485 ) ;
#3338 = CARTESIAN_POINT ( 'NONE',  ( 0.1794435844492636434, 0.05000000000000000278, 0.04499999999999991507 ) ) ;
#3339 = ORIENTED_EDGE ( 'NONE', *, *, #2405, .F. ) ;
#3340 = EDGE_LOOP ( 'NONE', ( #5084, #2711 ) ) ;
#3341 = PRESENTATION_LAYER_ASSIGNMENT (  '', '', ( #5155 ) ) ;
#3342 = VERTEX_POINT ( 'NONE', #338 ) ;
#3343 = VECTOR ( 'NONE', #316, 39.37007874015748143 ) ;
#3344 = FACE_OUTER_BOUND ( 'NONE', #4810, .T. ) ;
#3345 = VECTOR ( 'NONE', #4977, 39.37007874015748143 ) ;
#3346 = AXIS2_PLACEMENT_3D ( 'NONE', #4546, #844, #4016 ) ;
#3347 = LINE ( 'NONE', #1965, #203 ) ;
#3348 = FILL_AREA_STYLE_COLOUR ( '', #3813 ) ;
#3349 = CARTESIAN_POINT ( 'NONE',  ( -0.06900000000000000577, 0.3420000000000000262, 0.1950000000000000067 ) ) ;
#3350 = CARTESIAN_POINT ( 'NONE',  ( 0.1950000000000000067, -0.03099999999999999978, 0.02750000000000000014 ) ) ;
#3351 = CARTESIAN_POINT ( 'NONE',  ( 0.1980000000000000093, 0.05000000000000000278, -0.03500000000000000333 ) ) ;
#3352 = VECTOR ( 'NONE', #873, 39.37007874015748143 ) ;
#3353 = AXIS2_PLACEMENT_3D ( 'NONE', #5406, #3162, #3521 ) ;
#3354 = CARTESIAN_POINT ( 'NONE',  ( 0.0000000000000000000, 0.0000000000000000000, 0.0000000000000000000 ) ) ;
#3355 = EDGE_CURVE ( 'NONE', #4241, #277, #889, .T. ) ;
#3356 = LINE ( 'NONE', #5182, #3512 ) ;
#3357 = CARTESIAN_POINT ( 'NONE',  ( -0.08899999999999999578, 0.3619999999999999885, 0.2099999999999999922 ) ) ;
#3358 = FACE_OUTER_BOUND ( 'NONE', #1010, .T. ) ;
#3359 = VERTEX_POINT ( 'NONE', #2616 ) ;
#3360 = FACE_OUTER_BOUND ( 'NONE', #4781, .T. ) ;
#3361 =( NAMED_UNIT ( * ) SI_UNIT ( $, .STERADIAN. ) SOLID_ANGLE_UNIT ( ) );
#3362 = ORIENTED_EDGE ( 'NONE', *, *, #4735, .T. ) ;
#3363 = EDGE_LOOP ( 'NONE', ( #5610, #4380, #3681, #5106 ) ) ;
#3364 = EDGE_CURVE ( 'NONE', #4360, #4988, #5726, .T. ) ;
#3366 = CARTESIAN_POINT ( 'NONE',  ( 0.09149999999999992861, 0.0000000000000000000, 0.1607879037738847439 ) ) ;
#3365 = CARTESIAN_POINT ( 'NONE',  ( 0.0000000000000000000, 0.2849999999999999756, -0.1849999999999999978 ) ) ;
#3367 = CARTESIAN_POINT ( 'NONE',  ( 0.1794435844492636434, 0.0000000000000000000, 0.04499999999999992201 ) ) ;
#3368 = PLANE ( 'NONE',  #1990 ) ;
#3369 = ORIENTED_EDGE ( 'NONE', *, *, #1759, .T. ) ;
#3370 = ORIENTED_EDGE ( 'NONE', *, *, #2556, .F. ) ;
#3371 = ORIENTED_EDGE ( 'NONE', *, *, #1457, .T. ) ;
#3372 = EDGE_LOOP ( 'NONE', ( #3009, #2854, #4337, #3062, #2260, #2775, #1372, #1275 ) ) ;
#3373 = DIRECTION ( 'NONE',  ( 0.0000000000000000000, 1.000000000000000000, 0.0000000000000000000 ) ) ;
#3374 = DIRECTION ( 'NONE',  ( 0.0000000000000000000, 0.0000000000000000000, 1.000000000000000000 ) ) ;
#3375 = DIMENSIONAL_EXPONENTS ( 1.000000000000000000, 0.0000000000000000000, 0.0000000000000000000, 0.0000000000000000000, 0.0000000000000000000, 0.0000000000000000000, 0.0000000000000000000 ) ;
#3376 = LINE ( 'NONE', #3843, #5688 ) ;
#3377 = EDGE_CURVE ( 'NONE', #5747, #5759, #4929, .T. ) ;
#3378 = CARTESIAN_POINT ( 'NONE',  ( 0.1950000000000000067, -0.03099999999999999978, -0.02750000000000000014 ) ) ;
#3379 = CARTESIAN_POINT ( 'NONE',  ( 0.1980000000000000093, -0.1209999999999999826, 0.02000000000000000042 ) ) ;
#3380 = FACE_OUTER_BOUND ( 'NONE', #2496, .T. ) ;
#3381 = CARTESIAN_POINT ( 'NONE',  ( -0.01499999999999999944, 0.3683398820645752414, -0.04153923655008046750 ) ) ;
#3382 = ADVANCED_FACE ( 'NONE', ( #5815 ), #3465, .T. ) ;
#3383 = ORIENTED_EDGE ( 'NONE', *, *, #2926, .T. ) ;
#3385 = CARTESIAN_POINT ( 'NONE',  ( 0.0000000000000000000, 0.2049999999999999878, -0.1849999999999999978 ) ) ;
#3384 = SURFACE_SIDE_STYLE ('',( #4210 ) ) ;
#3386 = ORIENTED_EDGE ( 'NONE', *, *, #3422, .F. ) ;
#3388 =( LENGTH_UNIT ( ) NAMED_UNIT ( * ) SI_UNIT ( $, .METRE. ) );
#3387 = CARTESIAN_POINT ( 'NONE',  ( 0.04900000000000000189, -0.02566611069585890068, 0.1899999999999999745 ) ) ;
#3389 = DIRECTION ( 'NONE',  ( -1.000000000000000000, 0.0000000000000000000, -2.731847993664270121E-16 ) ) ;
#3390 = LINE ( 'NONE', #304, #3522 ) ;
#3391 = EDGE_LOOP ( 'NONE', ( #5785, #459, #2516, #4962, #5348, #4732 ) ) ;
#3392 = ORIENTED_EDGE ( 'NONE', *, *, #1324, .T. ) ;
#3393 = ORIENTED_EDGE ( 'NONE', *, *, #2282, .T. ) ;
#3394 = VERTEX_POINT ( 'NONE', #1189 ) ;
#3395 = LINE ( 'NONE', #215, #5042 ) ;
#3396 = DIRECTION ( 'NONE',  ( 0.0000000000000000000, 1.000000000000000000, 0.0000000000000000000 ) ) ;
#3397 = AXIS2_PLACEMENT_3D ( 'NONE', #2104, #5674, #4329 ) ;
#3398 = EDGE_CURVE ( 'NONE', #1335, #4963, #4405, .T. ) ;
#3399 = SURFACE_SIDE_STYLE ('',( #3529 ) ) ;
#3400 = CIRCLE ( 'NONE', #2353, 0.1320000000000000062 ) ;
#3401 = AXIS2_PLACEMENT_3D ( 'NONE', #5727, #2474, #3466 ) ;
#3402 =( LENGTH_UNIT ( ) NAMED_UNIT ( * ) SI_UNIT ( $, .METRE. ) );
#3403 = VECTOR ( 'NONE', #2654, 39.37007874015748143 ) ;
#3404 = ORIENTED_EDGE ( 'NONE', *, *, #374, .T. ) ;
#3405 =( CONVERSION_BASED_UNIT ( 'INCH', #2480 ) LENGTH_UNIT ( ) NAMED_UNIT ( #5293 ) );
#3406 = EDGE_CURVE ( 'NONE', #3554, #3765, #2690, .T. ) ;
#3407 = VERTEX_POINT ( 'NONE', #758 ) ;
#3408 =( GEOMETRIC_REPRESENTATION_CONTEXT ( 3 ) GLOBAL_UNCERTAINTY_ASSIGNED_CONTEXT ( ( #4640 ) ) GLOBAL_UNIT_ASSIGNED_CONTEXT ( ( #5186, #2939, #170 ) ) REPRESENTATION_CONTEXT ( 'NONE', 'WORKASPACE' ) );
#3409 = AXIS2_PLACEMENT_3D ( 'NONE', #4425, #5391, #2623 ) ;
#3410 = AXIS2_PLACEMENT_3D ( 'NONE', #87, #1895, #1837 ) ;
#3411 = FACE_OUTER_BOUND ( 'NONE', #1575, .T. ) ;
#3412 = LENGTH_MEASURE_WITH_UNIT ( LENGTH_MEASURE( 0.02539999999999999897 ), #1625 );
#3413 = COLOUR_RGB ( '',0.7960784313725489669, 0.6039215686274509443, 0.2313725490196078538 ) ;
#3414 = AXIS2_PLACEMENT_3D ( 'NONE', #2000, #2917, #2441 ) ;
#3415 = DIRECTION ( 'NONE',  ( -0.0000000000000000000, -1.000000000000000000, -0.0000000000000000000 ) ) ;
#3416 = DIRECTION ( 'NONE',  ( 0.0000000000000000000, -1.000000000000000000, 0.0000000000000000000 ) ) ;
#3417 = EDGE_CURVE ( 'NONE', #4926, #3043, #2486, .T. ) ;
#3418 = DIMENSIONAL_EXPONENTS ( 1.000000000000000000, 0.0000000000000000000, 0.0000000000000000000, 0.0000000000000000000, 0.0000000000000000000, 0.0000000000000000000, 0.0000000000000000000 ) ;
#3419 = ORIENTED_EDGE ( 'NONE', *, *, #850, .F. ) ;
#3421 = PRESENTATION_STYLE_ASSIGNMENT (( #1595 ) ) ;
#3420 = DIRECTION ( 'NONE',  ( 0.8580815062912183766, 0.0000000000000000000, -0.5135135135135135975 ) ) ;
#3422 = EDGE_CURVE ( 'NONE', #2675, #3833, #5064, .T. ) ;
#3423 = ORIENTED_EDGE ( 'NONE', *, *, #3199, .F. ) ;
#3424 = ADVANCED_FACE ( 'NONE', ( #3358 ), #2371, .T. ) ;
#3425 = PRESENTATION_LAYER_ASSIGNMENT (  '', '', ( #4112 ) ) ;
#3427 = CARTESIAN_POINT ( 'NONE',  ( 0.0000000000000000000, 0.2640000000000000124, 0.04749999999999999362 ) ) ;
#3426 = CARTESIAN_POINT ( 'NONE',  ( 2.265596578422603655E-17, 0.2849999999999999756, 0.1849999999999999978 ) ) ;
#3428 = ADVANCED_FACE ( 'NONE', ( #2341 ), #5574, .F. ) ;
#3429 = FACE_OUTER_BOUND ( 'NONE', #1451, .T. ) ;
#3430 = ORIENTED_EDGE ( 'NONE', *, *, #595, .F. ) ;
#3431 = ORIENTED_EDGE ( 'NONE', *, *, #2182, .T. ) ;
#3432 = VERTEX_POINT ( 'NONE', #83 ) ;
#3433 = ORIENTED_EDGE ( 'NONE', *, *, #646, .F. ) ;
#3434 = CARTESIAN_POINT ( 'NONE',  ( 0.0000000000000000000, 0.2449999999999999956, 0.0000000000000000000 ) ) ;
#3435 = DIRECTION ( 'NONE',  ( 0.0000000000000000000, 1.000000000000000000, 0.0000000000000000000 ) ) ;
#3436 = VECTOR ( 'NONE', #414, 39.37007874015748143 ) ;
#3437 = CIRCLE ( 'NONE', #5714, 0.04749999999999999362 ) ;
#3438 = EDGE_CURVE ( 'NONE', #1951, #1631, #1622, .T. ) ;
#3439 = FACE_OUTER_BOUND ( 'NONE', #5633, .T. ) ;
#3440 = DIRECTION ( 'NONE',  ( 0.9699653213473709013, 0.0000000000000000000, 0.2432432432432427016 ) ) ;
#3441 = ORIENTED_EDGE ( 'NONE', *, *, #2779, .T. ) ;
#3442 = CARTESIAN_POINT ( 'NONE',  ( 0.1980000000000000093, -0.03099999999999999978, 0.02000000000000000042 ) ) ;
#3443 = CARTESIAN_POINT ( 'NONE',  ( -0.1980000000000000093, -0.03099999999999999978, 0.03500000000000000333 ) ) ;
#3444 = AXIS2_PLACEMENT_3D ( 'NONE', #1462, #4162, #4638 ) ;
#3445 = AXIS2_PLACEMENT_3D ( 'NONE', #665, #5313, #4306 ) ;
#3446 = CARTESIAN_POINT ( 'NONE',  ( -0.1980000000000000093, -0.03099999999999999978, -0.02000000000000000042 ) ) ;
#3447 = ADVANCED_FACE ( 'NONE', ( #1890 ), #5548, .T. ) ;
#3448 = SURFACE_SIDE_STYLE ('',( #78 ) ) ;
#3449 = CARTESIAN_POINT ( 'NONE',  ( 0.0000000000000000000, 0.1839999999999999969, 0.0000000000000000000 ) ) ;
#3450 = AXIS2_PLACEMENT_3D ( 'NONE', #4058, #3109, #4910 ) ;
#3451 = VECTOR ( 'NONE', #5382, 39.37007874015748143 ) ;
#3452 = VECTOR ( 'NONE', #2141, 39.37007874015748854 ) ;
#3453 = CYLINDRICAL_SURFACE ( 'NONE', #864, 0.04749999999999999362 ) ;
#3454 = CARTESIAN_POINT ( 'NONE',  ( 0.1272752921819469973, 0.05000000000000000278, 0.03500000000000000333 ) ) ;
#3455 = EDGE_LOOP ( 'NONE', ( #4625, #1396 ) ) ;
#3456 = DIRECTION ( 'NONE',  ( 0.0000000000000000000, 1.000000000000000000, 0.0000000000000000000 ) ) ;
#3457 = ORIENTED_EDGE ( 'NONE', *, *, #1145, .F. ) ;
#3458 = DIMENSIONAL_EXPONENTS ( 1.000000000000000000, 0.0000000000000000000, 0.0000000000000000000, 0.0000000000000000000, 0.0000000000000000000, 0.0000000000000000000, 0.0000000000000000000 ) ;
#3460 = SURFACE_STYLE_FILL_AREA ( #1643 ) ;
#3459 = DIRECTION ( 'NONE',  ( 0.0000000000000000000, 0.0000000000000000000, -1.000000000000000000 ) ) ;
#3461 = CARTESIAN_POINT ( 'NONE',  ( 0.0000000000000000000, 0.2540000000000000036, 0.0000000000000000000 ) ) ;
#3462 = ORIENTED_EDGE ( 'NONE', *, *, #595, .T. ) ;
#3463 = EDGE_LOOP ( 'NONE', ( #4693, #90 ) ) ;
#3464 = VERTEX_POINT ( 'NONE', #1081 ) ;
#3465 = CYLINDRICAL_SURFACE ( 'NONE', #1639, 0.04749999999999999362 ) ;
#3466 = DIRECTION ( 'NONE',  ( 0.0000000000000000000, 0.0000000000000000000, 1.000000000000000000 ) ) ;
#3467 = DIRECTION ( 'NONE',  ( -0.0000000000000000000, -1.000000000000000000, -0.0000000000000000000 ) ) ;
#3468 = FILL_AREA_STYLE ('',( #1649 ) ) ;
#3469 = DIRECTION ( 'NONE',  ( 0.0000000000000000000, 0.0000000000000000000, 1.000000000000000000 ) ) ;
#3470 = ORIENTED_EDGE ( 'NONE', *, *, #3929, .F. ) ;
#3471 = DIRECTION ( 'NONE',  ( -0.0000000000000000000, -1.000000000000000000, -0.0000000000000000000 ) ) ;
#3472 = DIRECTION ( 'NONE',  ( -1.000000000000000000, -0.0000000000000000000, 0.0000000000000000000 ) ) ;
#3473 = EDGE_CURVE ( 'NONE', #5235, #2148, #2967, .T. ) ;
#3474 = DIRECTION ( 'NONE',  ( -1.000000000000000000, 0.0000000000000000000, 0.0000000000000000000 ) ) ;
#3475 = CARTESIAN_POINT ( 'NONE',  ( 0.01499999999999999944, 0.3799999999999999489, 0.03708099243547830631 ) ) ;
#3476 = FILL_AREA_STYLE_COLOUR ( '', #2669 ) ;
#3477 = CARTESIAN_POINT ( 'NONE',  ( 0.1794435844492636434, 0.0000000000000000000, -0.04499999999999992895 ) ) ;
#3478 = CARTESIAN_POINT ( 'NONE',  ( 0.0000000000000000000, 0.05000000000000000278, 0.0000000000000000000 ) ) ;
#3479 = EDGE_CURVE ( 'NONE', #1452, #4988, #601, .T. ) ;
#3480 = VERTEX_POINT ( 'NONE', #137 ) ;
#3482 = FILL_AREA_STYLE ('',( #3088 ) ) ;
#3481 = CARTESIAN_POINT ( 'NONE',  ( -0.1816590212458492892, 0.05000000000000000278, 0.03500000000000000333 ) ) ;
#3483 = VERTEX_POINT ( 'NONE', #3322 ) ;
#3484 = ORIENTED_EDGE ( 'NONE', *, *, #4507, .T. ) ;
#3485 = CARTESIAN_POINT ( 'NONE',  ( -0.06900000000000000577, 0.3420000000000000262, 0.1899999999999999745 ) ) ;
#3486 = PLANE ( 'NONE',  #5168 ) ;
#3487 = PLANE ( 'NONE',  #2373 ) ;
#3488 = VERTEX_POINT ( 'NONE', #5152 ) ;
#3489 = EDGE_LOOP ( 'NONE', ( #2069, #3622, #5281, #3576, #4901, #3728 ) ) ;
#3490 = EDGE_LOOP ( 'NONE', ( #3560, #2730, #632, #1480 ) ) ;
#3491 = DIRECTION ( 'NONE',  ( -0.0000000000000000000, -1.000000000000000000, -0.0000000000000000000 ) ) ;
#3492 = ADVANCED_FACE ( 'NONE', ( #1057, #1983 ), #4705, .F. ) ;
#3493 = VERTEX_POINT ( 'NONE', #2242 ) ;
#3494 = DIRECTION ( 'NONE',  ( -0.2432432432432430347, 0.0000000000000000000, -0.9699653213473709013 ) ) ;
#3495 = PRESENTATION_STYLE_ASSIGNMENT (( #1674 ) ) ;
#3496 = CARTESIAN_POINT ( 'NONE',  ( -0.08899999999999999578, 0.1499999999999999944, 0.1899999999999999745 ) ) ;
#3497 = DIMENSIONAL_EXPONENTS ( 1.000000000000000000, 0.0000000000000000000, 0.0000000000000000000, 0.0000000000000000000, 0.0000000000000000000, 0.0000000000000000000, 0.0000000000000000000 ) ;
#3498 =( GEOMETRIC_REPRESENTATION_CONTEXT ( 3 ) GLOBAL_UNCERTAINTY_ASSIGNED_CONTEXT ( ( #1710 ) ) GLOBAL_UNIT_ASSIGNED_CONTEXT ( ( #4681, #4237, #2318 ) ) REPRESENTATION_CONTEXT ( 'NONE', 'WORKASPACE' ) );
#3499 = CARTESIAN_POINT ( 'NONE',  ( -0.1587450786638753830, 0.0000000000000000000, 0.09500000000000011213 ) ) ;
#3500 = EDGE_CURVE ( 'NONE', #4353, #4711, #5710, .T. ) ;
#3501 = DIRECTION ( 'NONE',  ( 0.0000000000000000000, 0.0000000000000000000, 1.000000000000000000 ) ) ;
#3502 = UNCERTAINTY_MEASURE_WITH_UNIT (LENGTH_MEASURE( 1.000000000000000082E-05 ), #5268, 'distance_accuracy_value', 'NONE');
#3503 = AXIS2_PLACEMENT_3D ( 'NONE', #611, #178, #3825 ) ;
#3504 = STYLED_ITEM ( 'NONE', ( #3421 ), #2314 ) ;
#3505 = CARTESIAN_POINT ( 'NONE',  ( 5.817072295949927179E-18, 0.1940000000000000058, -0.04749999999999999362 ) ) ;
#3506 = FACE_BOUND ( 'NONE', #2389, .T. ) ;
#3507 = DIRECTION ( 'NONE',  ( 0.0000000000000000000, 0.0000000000000000000, -1.000000000000000000 ) ) ;
#3508 = LINE ( 'NONE', #3454, #5449 ) ;
#3509 =( GEOMETRIC_REPRESENTATION_CONTEXT ( 3 ) GLOBAL_UNCERTAINTY_ASSIGNED_CONTEXT ( ( #1772 ) ) GLOBAL_UNIT_ASSIGNED_CONTEXT ( ( #4298, #5631, #3087 ) ) REPRESENTATION_CONTEXT ( 'NONE', 'WORKASPACE' ) );
#3510 = VECTOR ( 'NONE', #2892, 39.37007874015748143 ) ;
#3511 = VERTEX_POINT ( 'NONE', #3969 ) ;
#3512 = VECTOR ( 'NONE', #996, 39.37007874015748143 ) ;
#3513 = VECTOR ( 'NONE', #4571, 39.37007874015748143 ) ;
#3514 = CARTESIAN_POINT ( 'NONE',  ( -0.1272752921819471084, 0.05000000000000000278, -0.03500000000000001721 ) ) ;
#3515 = VECTOR ( 'NONE', #3337, 39.37007874015748143 ) ;
#3516 = EDGE_CURVE ( 'NONE', #1696, #5170, #3167, .T. ) ;
#3517 = ORIENTED_EDGE ( 'NONE', *, *, #5852, .F. ) ;
#3518 = COLOUR_RGB ( '',0.7960784313725489669, 0.6039215686274509443, 0.2313725490196078538 ) ;
#3519 = AXIS2_PLACEMENT_3D ( 'NONE', #3434, #5262, #1163 ) ;
#3520 = DIRECTION ( 'NONE',  ( 0.0000000000000000000, 0.0000000000000000000, 1.000000000000000000 ) ) ;
#3521 = DIRECTION ( 'NONE',  ( 0.0000000000000000000, 0.0000000000000000000, 1.000000000000000000 ) ) ;
#3522 = VECTOR ( 'NONE', #4808, 39.37007874015748143 ) ;
#3523 = ORIENTED_EDGE ( 'NONE', *, *, #1740, .F. ) ;
#3524 = VERTEX_POINT ( 'NONE', #652 ) ;
#3525 = VERTEX_POINT ( 'NONE', #2534 ) ;
#3526 = DIRECTION ( 'NONE',  ( -0.0000000000000000000, -1.000000000000000000, -0.0000000000000000000 ) ) ;
#3527 = ORIENTED_EDGE ( 'NONE', *, *, #3947, .F. ) ;
#3528 = LINE ( 'NONE', #4446, #3403 ) ;
#3529 = SURFACE_STYLE_FILL_AREA ( #1673 ) ;
#3530 = DIRECTION ( 'NONE',  ( 0.0000000000000000000, 1.000000000000000000, 0.0000000000000000000 ) ) ;
#3531 = CARTESIAN_POINT ( 'NONE',  ( 0.0000000000000000000, 0.3699999999999999956, 0.0000000000000000000 ) ) ;
#3532 = EDGE_LOOP ( 'NONE', ( #3860, #3102, #1576, #4865 ) ) ;
#3533 = FACE_OUTER_BOUND ( 'NONE', #4358, .T. ) ;
#3534 = DIRECTION ( 'NONE',  ( -0.0000000000000000000, 0.0000000000000000000, -1.000000000000000000 ) ) ;
#3535 = PRESENTATION_LAYER_ASSIGNMENT (  '', '', ( #197 ) ) ;
#3536 = PLANE ( 'NONE',  #4219 ) ;
#3537 = SURFACE_STYLE_FILL_AREA ( #2062 ) ;
#3538 = FACE_BOUND ( 'NONE', #5846, .T. ) ;
#3539 =( LENGTH_UNIT ( ) NAMED_UNIT ( * ) SI_UNIT ( $, .METRE. ) );
#3540 = LINE ( 'NONE', #1745, #5713 ) ;
#3541 = VECTOR ( 'NONE', #3313, 39.37007874015748143 ) ;
#3542 = ORIENTED_EDGE ( 'NONE', *, *, #1463, .T. ) ;
#3543 = EDGE_CURVE ( 'NONE', #2843, #2586, #3632, .T. ) ;
#3544 = EDGE_LOOP ( 'NONE', ( #3638, #1195, #3785, #4014 ) ) ;
#3545 = VECTOR ( 'NONE', #4270, 39.37007874015748143 ) ;
#3546 = AXIS2_PLACEMENT_3D ( 'NONE', #149, #3735, #1867 ) ;
#3548 = LINE ( 'NONE', #1290, #2347 ) ;
#3547 = DIRECTION ( 'NONE',  ( -2.731847993664270121E-16, 0.0000000000000000000, 1.000000000000000000 ) ) ;
#3549 = ORIENTED_EDGE ( 'NONE', *, *, #77, .F. ) ;
#3550 = AXIS2_PLACEMENT_3D ( 'NONE', #5471, #1363, #3184 ) ;
#3552 = CARTESIAN_POINT ( 'NONE',  ( 0.1920000000000000040, 0.04399999999999999745, 0.02000000000000000042 ) ) ;
#3551 = DIRECTION ( 'NONE',  ( -0.0000000000000000000, 1.000000000000000000, -0.0000000000000000000 ) ) ;
#3553 = CARTESIAN_POINT ( 'NONE',  ( -0.1816590212458492060, 0.05000000000000000278, -0.03500000000000011435 ) ) ;
#3554 = VERTEX_POINT ( 'NONE', #5206 ) ;
#3555 = ORIENTED_EDGE ( 'NONE', *, *, #3869, .T. ) ;
#3556 = ORIENTED_EDGE ( 'NONE', *, *, #5370, .T. ) ;
#3557 = CARTESIAN_POINT ( 'NONE',  ( 2.265596578422603655E-17, 0.2650000000000000133, 0.1849999999999999978 ) ) ;
#3558 =( NAMED_UNIT ( * ) PLANE_ANGLE_UNIT ( ) SI_UNIT ( $, .RADIAN. ) );
#3559 = ORIENTED_EDGE ( 'NONE', *, *, #2356, .T. ) ;
#3560 = ORIENTED_EDGE ( 'NONE', *, *, #4092, .T. ) ;
#3561 = DIRECTION ( 'NONE',  ( 0.0000000000000000000, 0.0000000000000000000, 1.000000000000000000 ) ) ;
#3562 = CARTESIAN_POINT ( 'NONE',  ( 0.0000000000000000000, 0.2449999999999999956, 0.0000000000000000000 ) ) ;
#3563 = SURFACE_STYLE_USAGE ( .BOTH. , #5292 ) ;
#3564 = ORIENTED_EDGE ( 'NONE', *, *, #2447, .T. ) ;
#3565 = DIRECTION ( 'NONE',  ( 0.0000000000000000000, 0.0000000000000000000, -1.000000000000000000 ) ) ;
#3566 = CARTESIAN_POINT ( 'NONE',  ( 0.0000000000000000000, 0.1839999999999999969, 0.04749999999999999362 ) ) ;
#3567 = FACE_OUTER_BOUND ( 'NONE', #2351, .T. ) ;
#3568 = DIRECTION ( 'NONE',  ( 0.0000000000000000000, 1.000000000000000000, 0.0000000000000000000 ) ) ;
#3569 = CYLINDRICAL_SURFACE ( 'NONE', #5056, 0.1849999999999999978 ) ;
#3570 = EDGE_CURVE ( 'NONE', #5806, #3483, #2866, .T. ) ;
#3571 = ORIENTED_EDGE ( 'NONE', *, *, #1293, .F. ) ;
#3572 = CARTESIAN_POINT ( 'NONE',  ( 0.0000000000000000000, 0.2999999999999999889, 0.04749999999999999362 ) ) ;
#3573 = ORIENTED_EDGE ( 'NONE', *, *, #1556, .T. ) ;
#3574 = EDGE_CURVE ( 'NONE', #2585, #3851, #1058, .T. ) ;
#3575 = UNCERTAINTY_MEASURE_WITH_UNIT (LENGTH_MEASURE( 1.000000000000000082E-05 ), #3596, 'distance_accuracy_value', 'NONE');
#3576 = ORIENTED_EDGE ( 'NONE', *, *, #130, .T. ) ;
#3578 = CYLINDRICAL_SURFACE ( 'NONE', #567, 0.02000000000000000042 ) ;
#3577 =( NAMED_UNIT ( * ) SI_UNIT ( $, .STERADIAN. ) SOLID_ANGLE_UNIT ( ) );
#3579 = CYLINDRICAL_SURFACE ( 'NONE', #513, 0.1849999999999999978 ) ;
#3580 = EDGE_LOOP ( 'NONE', ( #5374, #387, #272, #121, #3573, #1338, #4247, #1848, #1083, #1839, #2914, #362, #4418, #836, #4916, #4224, #2913, #144, #1160, #2058, #1812, #5083, #1907, #685, #3431, #687 ) ) ;
#3581 = EDGE_LOOP ( 'NONE', ( #4712, #2637, #5347, #3393 ) ) ;
#3582 = EDGE_CURVE ( 'NONE', #428, #447, #1329, .T. ) ;
#3583 =( CONVERSION_BASED_UNIT ( 'INCH', #1671 ) LENGTH_UNIT ( ) NAMED_UNIT ( #1540 ) );
#3584 = ORIENTED_EDGE ( 'NONE', *, *, #1712, .T. ) ;
#3585 = CARTESIAN_POINT ( 'NONE',  ( 0.0000000000000000000, 0.2449999999999999956, -0.1849999999999999978 ) ) ;
#3586 = FACE_BOUND ( 'NONE', #3182, .T. ) ;
#3587 =( CONVERSION_BASED_UNIT ( 'INCH', #4487 ) LENGTH_UNIT ( ) NAMED_UNIT ( #4259 ) );
#3588 = EDGE_CURVE ( 'NONE', #1959, #1940, #716, .T. ) ;
#3589 = CARTESIAN_POINT ( 'NONE',  ( -0.1920000000000000040, -0.1209999999999999826, 0.02000000000000000042 ) ) ;
#3590 = LINE ( 'NONE', #3143, #3345 ) ;
#3591 = FILL_AREA_STYLE_COLOUR ( '', #3837 ) ;
#3592 = DIRECTION ( 'NONE',  ( 0.0000000000000000000, -1.000000000000000000, 0.0000000000000000000 ) ) ;
#3593 = PLANE ( 'NONE',  #3922 ) ;
#3594 = EDGE_CURVE ( 'NONE', #1161, #447, #3508, .T. ) ;
#3595 = FACE_OUTER_BOUND ( 'NONE', #1780, .T. ) ;
#3597 = CARTESIAN_POINT ( 'NONE',  ( 0.0000000000000000000, 0.3649999999999999911, 0.0000000000000000000 ) ) ;
#3596 =( CONVERSION_BASED_UNIT ( 'INCH', #418 ) LENGTH_UNIT ( ) NAMED_UNIT ( #2006 ) );
#3598 = DIRECTION ( 'NONE',  ( 0.0000000000000000000, -1.000000000000000000, 0.0000000000000000000 ) ) ;
#3599 =( GEOMETRIC_REPRESENTATION_CONTEXT ( 3 ) GLOBAL_UNCERTAINTY_ASSIGNED_CONTEXT ( ( #4469 ) ) GLOBAL_UNIT_ASSIGNED_CONTEXT ( ( #1807, #3240, #1383 ) ) REPRESENTATION_CONTEXT ( 'NONE', 'WORKASPACE' ) );
#3600 = VECTOR ( 'NONE', #187, 39.37007874015748143 ) ;
#3601 = ORIENTED_EDGE ( 'NONE', *, *, #1886, .T. ) ;
#3602 = EDGE_CURVE ( 'NONE', #898, #5082, #5278, .T. ) ;
#3603 = COLOUR_RGB ( '',0.0000000000000000000, 0.0000000000000000000, 0.0000000000000000000 ) ;
#3604 = CIRCLE ( 'NONE', #1022, 0.1849999999999999978 ) ;
#3605 = MECHANICAL_DESIGN_GEOMETRIC_PRESENTATION_REPRESENTATION (  '', ( #2358 ), #1024 ) ;
#3606 = EDGE_CURVE ( 'NONE', #4921, #1959, #91, .T. ) ;
#3608 = CARTESIAN_POINT ( 'NONE',  ( 0.04900000000000000189, 0.0000000000000000000, 0.2099999999999999922 ) ) ;
#3607 = CARTESIAN_POINT ( 'NONE',  ( 2.265596578422603655E-17, 0.2049999999999999878, 0.1849999999999999978 ) ) ;
#3609 = ORIENTED_EDGE ( 'NONE', *, *, #5492, .T. ) ;
#3610 = CARTESIAN_POINT ( 'NONE',  ( -0.1261379814248090314, -0.04499999999999999833, 0.07548648648648652315 ) ) ;
#3611 = VERTEX_POINT ( 'NONE', #5337 ) ;
#3612 = ORIENTED_EDGE ( 'NONE', *, *, #4067, .T. ) ;
#3613 = ORIENTED_EDGE ( 'NONE', *, *, #4376, .T. ) ;
#3614 = CIRCLE ( 'NONE', #478, 0.04749999999999999362 ) ;
#3615 = FACE_OUTER_BOUND ( 'NONE', #5744, .T. ) ;
#3616 = VERTEX_POINT ( 'NONE', #4767 ) ;
#3617 = ADVANCED_FACE ( 'NONE', ( #1175 ), #1588, .T. ) ;
#3618 = AXIS2_PLACEMENT_3D ( 'NONE', #4757, #3896, #3013 ) ;
#3619 = DIRECTION ( 'NONE',  ( 0.0000000000000000000, -1.000000000000000000, 0.0000000000000000000 ) ) ;
#3620 = CARTESIAN_POINT ( 'NONE',  ( -3.588191662306300277E-18, 0.04399999999999999745, -0.03500000000000000333 ) ) ;
#3621 = FACE_OUTER_BOUND ( 'NONE', #2696, .T. ) ;
#3622 = ORIENTED_EDGE ( 'NONE', *, *, #4401, .T. ) ;
#3623 = DIRECTION ( 'NONE',  ( 0.0000000000000000000, 0.0000000000000000000, 1.000000000000000000 ) ) ;
#3624 = DIRECTION ( 'NONE',  ( 0.0000000000000000000, -1.000000000000000000, 0.0000000000000000000 ) ) ;
#3625 = CIRCLE ( 'NONE', #2755, 0.1849999999999999978 ) ;
#3626 = FACE_BOUND ( 'NONE', #3463, .T. ) ;
#3627 = PRESENTATION_LAYER_ASSIGNMENT (  '', '', ( #292 ) ) ;
#3628 = CARTESIAN_POINT ( 'NONE',  ( 5.817072295949927179E-18, 0.1499999999999999944, -0.04749999999999999362 ) ) ;
#3629 = CARTESIAN_POINT ( 'NONE',  ( -4.847560246624939958E-19, 0.3799999999999999489, 0.0000000000000000000 ) ) ;
#3630 = PRODUCT_DEFINITION_SHAPE ( 'NONE', 'NONE',  #4316 ) ;
#3631 = LINE ( 'NONE', #4528, #5249 ) ;
#3632 = CIRCLE ( 'NONE', #3149, 0.04749999999999999362 ) ;
#3633 = STYLED_ITEM ( 'NONE', ( #3994 ), #422 ) ;
#3634 = EDGE_CURVE ( 'NONE', #5023, #1162, #295, .T. ) ;
#3635 =( CONVERSION_BASED_UNIT ( 'INCH', #5898 ) LENGTH_UNIT ( ) NAMED_UNIT ( #3418 ) );
#3636 = STYLED_ITEM ( 'NONE', ( #4399 ), #3874 ) ;
#3637 = CARTESIAN_POINT ( 'NONE',  ( -0.02979729729729728438, -0.04499999999999999833, -0.1439483277908309156 ) ) ;
#3638 = ORIENTED_EDGE ( 'NONE', *, *, #3819, .F. ) ;
#3639 = VECTOR ( 'NONE', #1552, 39.37007874015748143 ) ;
#3640 = ORIENTED_EDGE ( 'NONE', *, *, #5198, .T. ) ;
#3641 = UNCERTAINTY_MEASURE_WITH_UNIT (LENGTH_MEASURE( 1.000000000000000082E-05 ), #1854, 'distance_accuracy_value', 'NONE');
#3642 = AXIS2_PLACEMENT_3D ( 'NONE', #1977, #1019, #2897 ) ;
#3643 = CIRCLE ( 'NONE', #2102, 0.04749999999999999362 ) ;
#3645 = CARTESIAN_POINT ( 'NONE',  ( 0.1965000000000000080, -0.1209999999999999826, 0.0000000000000000000 ) ) ;
#3644 = FACE_OUTER_BOUND ( 'NONE', #1064, .T. ) ;
#3646 = LINE ( 'NONE', #4959, #5075 ) ;
#3647 = ORIENTED_EDGE ( 'NONE', *, *, #994, .F. ) ;
#3648 = AXIS2_PLACEMENT_3D ( 'NONE', #1683, #2997, #3906 ) ;
#3649 = AXIS2_PLACEMENT_3D ( 'NONE', #2469, #699, #5255 ) ;
#3650 = DIRECTION ( 'NONE',  ( 0.2027027027027042128, 0.0000000000000000000, -0.9792403251076924331 ) ) ;
#3651 = EDGE_LOOP ( 'NONE', ( #3831, #1695, #3059, #1395 ) ) ;
#3652 = EDGE_CURVE ( 'NONE', #1358, #4441, #2511, .T. ) ;
#3653 = FACE_OUTER_BOUND ( 'NONE', #1268, .T. ) ;
#3654 = CARTESIAN_POINT ( 'NONE',  ( -9.639569805745200661E-18, 0.2049999999999999878, 3.875786328529849706E-18 ) ) ;
#3655 = FACE_OUTER_BOUND ( 'NONE', #2802, .T. ) ;
#3656 = ORIENTED_EDGE ( 'NONE', *, *, #5215, .T. ) ;
#3657 = VERTEX_POINT ( 'NONE', #4825 ) ;
#3658 = SURFACE_STYLE_FILL_AREA ( #1824 ) ;
#3659 = ADVANCED_FACE ( 'NONE', ( #1109 ), #4407, .T. ) ;
#3660 = SURFACE_STYLE_FILL_AREA ( #4879 ) ;
#3661 = LINE ( 'NONE', #5482, #2305 ) ;
#3662 = PLANE ( 'NONE',  #5426 ) ;
#3663 = CARTESIAN_POINT ( 'NONE',  ( 0.0000000000000000000, 0.0000000000000000000, 0.0000000000000000000 ) ) ;
#3664 = SURFACE_STYLE_USAGE ( .BOTH. , #477 ) ;
#3665 = CARTESIAN_POINT ( 'NONE',  ( 0.0000000000000000000, 0.3650000000049665738, 0.0000000000000000000 ) ) ;
#3666 = EDGE_LOOP ( 'NONE', ( #3701, #5136, #5018, #2137 ) ) ;
#3667 = EDGE_CURVE ( 'NONE', #4711, #4353, #4302, .T. ) ;
#3668 = FILL_AREA_STYLE_COLOUR ( '', #1982 ) ;
#3669 = VERTEX_POINT ( 'NONE', #2489 ) ;
#3670 = CARTESIAN_POINT ( 'NONE',  ( 0.0000000000000000000, 0.3649999999999999911, 0.0000000000000000000 ) ) ;
#3671 = ORIENTED_EDGE ( 'NONE', *, *, #4527, .T. ) ;
#3672 = ORIENTED_EDGE ( 'NONE', *, *, #5002, .F. ) ;
#3673 = DIRECTION ( 'NONE',  ( 0.0000000000000000000, -1.000000000000000000, 0.0000000000000000000 ) ) ;
#3674 = ORIENTED_EDGE ( 'NONE', *, *, #4206, .F. ) ;
#3675 = FACE_OUTER_BOUND ( 'NONE', #2114, .T. ) ;
#3676 = CARTESIAN_POINT ( 'NONE',  ( -0.1920000000000000040, 0.04399999999999999745, -0.02000000000000000042 ) ) ;
#3677 = DIRECTION ( 'NONE',  ( 0.0000000000000000000, 1.000000000000000000, 0.0000000000000000000 ) ) ;
#3678 = ORIENTED_EDGE ( 'NONE', *, *, #3422, .T. ) ;
#3679 = EDGE_LOOP ( 'NONE', ( #1664, #2849 ) ) ;
#3680 = ORIENTED_EDGE ( 'NONE', *, *, #41, .F. ) ;
#3681 = ORIENTED_EDGE ( 'NONE', *, *, #3500, .T. ) ;
#3682 = EDGE_CURVE ( 'NONE', #4988, #2715, #5350, .T. ) ;
#3683 = DIRECTION ( 'NONE',  ( 0.0000000000000000000, 0.0000000000000000000, 1.000000000000000000 ) ) ;
#3684 = ADVANCED_FACE ( 'NONE', ( #5705 ), #1628, .T. ) ;
#3685 = LINE ( 'NONE', #3628, #2933 ) ;
#3686 = FACE_OUTER_BOUND ( 'NONE', #2245, .T. ) ;
#3687 = ADVANCED_FACE ( 'NONE', ( #825 ), #3569, .T. ) ;
#3688 = EDGE_LOOP ( 'NONE', ( #3795, #3811 ) ) ;
#3689 = CARTESIAN_POINT ( 'NONE',  ( 0.1920000000000000040, 0.04399999999999999745, -0.02000000000000000042 ) ) ;
#3690 = CIRCLE ( 'NONE', #2630, 0.1849999999999999978 ) ;
#3691 = CIRCLE ( 'NONE', #1397, 0.04749999999999999362 ) ;
#3692 = EDGE_CURVE ( 'NONE', #1940, #5817, #3239, .T. ) ;
#3694 =( NAMED_UNIT ( * ) SI_UNIT ( $, .STERADIAN. ) SOLID_ANGLE_UNIT ( ) );
#3693 = DIRECTION ( 'NONE',  ( -0.0000000000000000000, 1.000000000000000000, -0.0000000000000000000 ) ) ;
#3695 = VERTEX_POINT ( 'NONE', #5369 ) ;
#3696 = DIRECTION ( 'NONE',  ( -0.0000000000000000000, 1.000000000000000000, -0.0000000000000000000 ) ) ;
#3697 = ORIENTED_EDGE ( 'NONE', *, *, #2262, .F. ) ;
#3698 = DIRECTION ( 'NONE',  ( -0.0000000000000000000, -1.000000000000000000, -0.0000000000000000000 ) ) ;
#3699 = PRESENTATION_LAYER_ASSIGNMENT (  '', '', ( #4852 ) ) ;
#3700 = VECTOR ( 'NONE', #1652, 39.37007874015748143 ) ;
#3701 = ORIENTED_EDGE ( 'NONE', *, *, #1579, .F. ) ;
#3702 = EDGE_CURVE ( 'NONE', #2028, #2273, #2202, .T. ) ;
#3703 = CARTESIAN_POINT ( 'NONE',  ( 0.0000000000000000000, 0.1650000000000000078, 0.0000000000000000000 ) ) ;
#3704 = FILL_AREA_STYLE ('',( #580 ) ) ;
#3705 = VECTOR ( 'NONE', #1320, 39.37007874015748143 ) ;
#3706 = AXIS2_PLACEMENT_3D ( 'NONE', #2081, #1481, #789 ) ;
#3707 = CARTESIAN_POINT ( 'NONE',  ( -0.1272752921819469973, -0.03099999999999999978, 0.03500000000000000333 ) ) ;
#3708 = ORIENTED_EDGE ( 'NONE', *, *, #3398, .F. ) ;
#3709 = EDGE_LOOP ( 'NONE', ( #4560, #3127 ) ) ;
#3710 = ORIENTED_EDGE ( 'NONE', *, *, #4511, .F. ) ;
#3711 = PLANE ( 'NONE',  #3317 ) ;
#3712 = DIRECTION ( 'NONE',  ( 0.0000000000000000000, 1.000000000000000000, 0.0000000000000000000 ) ) ;
#3713 = AXIS2_PLACEMENT_3D ( 'NONE', #1278, #462, #2278 ) ;
#3714 = CARTESIAN_POINT ( 'NONE',  ( 0.0000000000000000000, 0.1739999999999999880, 0.04749999999999999362 ) ) ;
#3715 = CIRCLE ( 'NONE', #5239, 0.04749999999999999362 ) ;
#3716 = LENGTH_MEASURE_WITH_UNIT ( LENGTH_MEASURE( 0.02539999999999999897 ), #1715 );
#3717 = AXIS2_PLACEMENT_3D ( 'NONE', #2130, #5741, #3507 ) ;
#3718 = EDGE_CURVE ( 'NONE', #428, #5814, #3631, .T. ) ;
#3719 = CARTESIAN_POINT ( 'NONE',  ( 0.0000000000000000000, 0.2650000000000000133, -0.1849999999999999978 ) ) ;
#3720 = SURFACE_STYLE_USAGE ( .BOTH. , #2787 ) ;
#3721 =( NAMED_UNIT ( * ) SI_UNIT ( $, .STERADIAN. ) SOLID_ANGLE_UNIT ( ) );
#3722 = EDGE_CURVE ( 'NONE', #956, #1303, #874, .T. ) ;
#3723 = VECTOR ( 'NONE', #3076, 39.37007874015748143 ) ;
#3725 = LINE ( 'NONE', #571, #743 ) ;
#3724 = LINE ( 'NONE', #5552, #1490 ) ;
#3726 = DIRECTION ( 'NONE',  ( 0.0000000000000000000, 0.0000000000000000000, 1.000000000000000000 ) ) ;
#3727 = DIRECTION ( 'NONE',  ( -0.0000000000000000000, -1.000000000000000000, -0.0000000000000000000 ) ) ;
#3728 = ORIENTED_EDGE ( 'NONE', *, *, #3947, .T. ) ;
#3729 = EDGE_LOOP ( 'NONE', ( #3829, #5304, #4187, #2417, #4501, #5479, #395, #3912, #548, #12, #5630, #5194 ) ) ;
#3730 = VECTOR ( 'NONE', #3472, 39.37007874015748143 ) ;
#3731 = ADVANCED_FACE ( 'NONE', ( #858, #3595 ), #2255, .F. ) ;
#3732 = VECTOR ( 'NONE', #4449, 39.37007874015748143 ) ;
#3733 = EDGE_LOOP ( 'NONE', ( #1366, #1999 ) ) ;
#3734 = AXIS2_PLACEMENT_3D ( 'NONE', #2434, #5218, #2497 ) ;
#3735 = DIRECTION ( 'NONE',  ( -0.2432432432432430347, 0.0000000000000000000, -0.9699653213473709013 ) ) ;
#3736 = AXIS2_PLACEMENT_3D ( 'NONE', #837, #3954, #429 ) ;
#3737 = AXIS2_PLACEMENT_3D ( 'NONE', #5322, #2149, #764 ) ;
#3738 = PLANE ( 'NONE',  #286 ) ;
#3739 = VERTEX_POINT ( 'NONE', #3113 ) ;
#3740 = ORIENTED_EDGE ( 'NONE', *, *, #3582, .F. ) ;
#3741 = ORIENTED_EDGE ( 'NONE', *, *, #3243, .F. ) ;
#3742 = CARTESIAN_POINT ( 'NONE',  ( -0.01499999999999999944, 0.4000000000000000222, 0.0000000000000000000 ) ) ;
#3743 = EDGE_CURVE ( 'NONE', #5001, #3952, #502, .T. ) ;
#3744 = SURFACE_SIDE_STYLE ('',( #2807 ) ) ;
#3745 = DIRECTION ( 'NONE',  ( 0.0000000000000000000, 0.0000000000000000000, 1.000000000000000000 ) ) ;
#3746 = DIRECTION ( 'NONE',  ( 0.7660444431189781245, 0.6427876096865390299, 0.0000000000000000000 ) ) ;
#3747 = DIRECTION ( 'NONE',  ( -0.0000000000000000000, 0.0000000000000000000, -1.000000000000000000 ) ) ;
#3748 = CARTESIAN_POINT ( 'NONE',  ( 0.0000000000000000000, 0.3699999999999999956, 0.0000000000000000000 ) ) ;
#3749 = FACE_OUTER_BOUND ( 'NONE', #2557, .T. ) ;
#3750 = DIRECTION ( 'NONE',  ( 0.0000000000000000000, -1.000000000000000000, 0.0000000000000000000 ) ) ;
#3751 = UNCERTAINTY_MEASURE_WITH_UNIT (LENGTH_MEASURE( 1.000000000000000082E-05 ), #287, 'distance_accuracy_value', 'NONE');
#3752 = EDGE_CURVE ( 'NONE', #4746, #1130, #2957, .T. ) ;
#3753 = ORIENTED_EDGE ( 'NONE', *, *, #5672, .F. ) ;
#3754 = ORIENTED_EDGE ( 'NONE', *, *, #3801, .F. ) ;
#3756 = PRESENTATION_STYLE_ASSIGNMENT (( #3209 ) ) ;
#3755 = FILL_AREA_STYLE_COLOUR ( '', #3603 ) ;
#3757 = CARTESIAN_POINT ( 'NONE',  ( 0.0000000000000000000, 0.05000000000000000278, 0.0000000000000000000 ) ) ;
#3758 = SURFACE_STYLE_USAGE ( .BOTH. , #573 ) ;
#3759 = ORIENTED_EDGE ( 'NONE', *, *, #2068, .T. ) ;
#3760 = ORIENTED_EDGE ( 'NONE', *, *, #4680, .F. ) ;
#3762 = SURFACE_STYLE_FILL_AREA ( #124 ) ;
#3761 = CARTESIAN_POINT ( 'NONE',  ( 0.0000000000000000000, 0.1940000000000000058, -0.1849999999999999978 ) ) ;
#3763 = EDGE_CURVE ( 'NONE', #5747, #5403, #3540, .T. ) ;
#3764 = LENGTH_MEASURE_WITH_UNIT ( LENGTH_MEASURE( 0.02539999999999999897 ), #4628 );
#3765 = VERTEX_POINT ( 'NONE', #5892 ) ;
#3766 = EDGE_LOOP ( 'NONE', ( #4568, #5778, #1187, #3077 ) ) ;
#3767 = DIRECTION ( 'NONE',  ( -0.5135135135135072693, 0.0000000000000000000, 0.8580815062912223734 ) ) ;
#3768 = CARTESIAN_POINT ( 'NONE',  ( 2.265596578422603655E-17, 0.2750000000000000222, 0.1849999999999999978 ) ) ;
#3769 = DIRECTION ( 'NONE',  ( 0.0000000000000000000, 1.000000000000000000, -0.0000000000000000000 ) ) ;
#3770 = EDGE_CURVE ( 'NONE', #1940, #2684, #524, .T. ) ;
#3771 = LINE ( 'NONE', #5088, #1405 ) ;
#3772 = DIRECTION ( 'NONE',  ( 0.0000000000000000000, 0.0000000000000000000, -1.000000000000000000 ) ) ;
#3773 = ORIENTED_EDGE ( 'NONE', *, *, #677, .F. ) ;
#3774 = FACE_OUTER_BOUND ( 'NONE', #2080, .T. ) ;
#3775 = DIRECTION ( 'NONE',  ( 0.0000000000000000000, 0.0000000000000000000, -1.000000000000000000 ) ) ;
#3776 = EDGE_CURVE ( 'NONE', #3223, #4045, #2228, .T. ) ;
#3777 =( CONVERSION_BASED_UNIT ( 'INCH', #2813 ) LENGTH_UNIT ( ) NAMED_UNIT ( #5743 ) );
#3778 = DIRECTION ( 'NONE',  ( 1.000000000000000000, 0.0000000000000000000, 0.0000000000000000000 ) ) ;
#3779 = CARTESIAN_POINT ( 'NONE',  ( 0.1980000000000000093, 0.04399999999999999745, 0.02000000000000000042 ) ) ;
#3780 = DIRECTION ( 'NONE',  ( 0.0000000000000000000, 0.0000000000000000000, 1.000000000000000000 ) ) ;
#3781 = VERTEX_POINT ( 'NONE', #5863 ) ;
#3783 = FACE_OUTER_BOUND ( 'NONE', #3824, .T. ) ;
#3782 = DIRECTION ( 'NONE',  ( 0.0000000000000000000, -0.0000000000000000000, 1.000000000000000000 ) ) ;
#3784 =( LENGTH_UNIT ( ) NAMED_UNIT ( * ) SI_UNIT ( $, .METRE. ) );
#3785 = ORIENTED_EDGE ( 'NONE', *, *, #2261, .T. ) ;
#3786 = ORIENTED_EDGE ( 'NONE', *, *, #1976, .T. ) ;
#3787 = ORIENTED_EDGE ( 'NONE', *, *, #5580, .F. ) ;
#3788 = VECTOR ( 'NONE', #1665, 39.37007874015748143 ) ;
#3789 = VECTOR ( 'NONE', #4124, 39.37007874015748143 ) ;
#3791 = LINE ( 'NONE', #5605, #3515 ) ;
#3790 = DIRECTION ( 'NONE',  ( -1.000000000000000000, 0.0000000000000000000, 0.0000000000000000000 ) ) ;
#3792 = CARTESIAN_POINT ( 'NONE',  ( 0.1950000000000000067, -0.03099999999999999978, 0.03500000000000000333 ) ) ;
#3793 = DIRECTION ( 'NONE',  ( 1.000000000000000000, -0.0000000000000000000, 0.0000000000000000000 ) ) ;
#3794 = ORIENTED_EDGE ( 'NONE', *, *, #4075, .T. ) ;
#3795 = ORIENTED_EDGE ( 'NONE', *, *, #969, .F. ) ;
#3796 = AXIS2_PLACEMENT_3D ( 'NONE', #444, #1356, #3151 ) ;
#3797 = CIRCLE ( 'NONE', #1206, 0.04749999999999999362 ) ;
#3798 =( LENGTH_UNIT ( ) NAMED_UNIT ( * ) SI_UNIT ( $, .METRE. ) );
#3799 = AXIS2_PLACEMENT_3D ( 'NONE', #843, #4015, #368 ) ;
#3800 = CARTESIAN_POINT ( 'NONE',  ( 0.0000000000000000000, 0.2439999999999999669, 0.04749999999999999362 ) ) ;
#3801 = EDGE_CURVE ( 'NONE', #2715, #5613, #2159, .T. ) ;
#3802 = VECTOR ( 'NONE', #1559, 39.37007874015748143 ) ;
#3803 =( GEOMETRIC_REPRESENTATION_CONTEXT ( 3 ) GLOBAL_UNCERTAINTY_ASSIGNED_CONTEXT ( ( #5594 ) ) GLOBAL_UNIT_ASSIGNED_CONTEXT ( ( #3583, #3558, #1782 ) ) REPRESENTATION_CONTEXT ( 'NONE', 'WORKASPACE' ) );
#3804 = DIRECTION ( 'NONE',  ( 5.463695987328530381E-16, 0.0000000000000000000, -1.000000000000000000 ) ) ;
#3805 = CARTESIAN_POINT ( 'NONE',  ( -0.01499999999999999944, 0.4000000000000000222, -0.04506939094329989043 ) ) ;
#3806 = LINE ( 'NONE', #1076, #403 ) ;
#3807 = DIMENSIONAL_EXPONENTS ( 1.000000000000000000, 0.0000000000000000000, 0.0000000000000000000, 0.0000000000000000000, 0.0000000000000000000, 0.0000000000000000000, 0.0000000000000000000 ) ;
#3808 = DIRECTION ( 'NONE',  ( 0.0000000000000000000, 1.000000000000000000, 0.0000000000000000000 ) ) ;
#3809 = AXIS2_PLACEMENT_3D ( 'NONE', #1221, #2150, #2087 ) ;
#3810 = AXIS2_PLACEMENT_3D ( 'NONE', #1133, #3304, #5139 ) ;
#3811 = ORIENTED_EDGE ( 'NONE', *, *, #3516, .F. ) ;
#3812 = DIRECTION ( 'NONE',  ( 0.0000000000000000000, 0.0000000000000000000, -1.000000000000000000 ) ) ;
#3813 = COLOUR_RGB ( '',0.0000000000000000000, 0.0000000000000000000, 0.0000000000000000000 ) ;
#3814 = DIRECTION ( 'NONE',  ( 0.0000000000000000000, 0.0000000000000000000, 1.000000000000000000 ) ) ;
#3815 = DIRECTION ( 'NONE',  ( 0.0000000000000000000, 0.0000000000000000000, -1.000000000000000000 ) ) ;
#3816 = DIRECTION ( 'NONE',  ( 0.0000000000000000000, -0.0000000000000000000, 1.000000000000000000 ) ) ;
#3817 = VERTEX_POINT ( 'NONE', #1770 ) ;
#3818 =( GEOMETRIC_REPRESENTATION_CONTEXT ( 3 ) GLOBAL_UNCERTAINTY_ASSIGNED_CONTEXT ( ( #3323 ) ) GLOBAL_UNIT_ASSIGNED_CONTEXT ( ( #1573, #4335, #2078 ) ) REPRESENTATION_CONTEXT ( 'NONE', 'WORKASPACE' ) );
#3819 = EDGE_CURVE ( 'NONE', #4223, #668, #2673, .T. ) ;
#3820 = ORIENTED_EDGE ( 'NONE', *, *, #2864, .T. ) ;
#3821 = SURFACE_SIDE_STYLE ('',( #171 ) ) ;
#3822 =( CONVERSION_BASED_UNIT ( 'INCH', #4148 ) LENGTH_UNIT ( ) NAMED_UNIT ( #1082 ) );
#3823 = PRESENTATION_LAYER_ASSIGNMENT (  '', '', ( #495 ) ) ;
#3824 = EDGE_LOOP ( 'NONE', ( #4533, #1098, #335, #2440 ) ) ;
#3826 =( CONVERSION_BASED_UNIT ( 'INCH', #4806 ) LENGTH_UNIT ( ) NAMED_UNIT ( #4759 ) );
#3825 = DIRECTION ( 'NONE',  ( 0.0000000000000000000, 0.0000000000000000000, -1.000000000000000000 ) ) ;
#3827 = LINE ( 'NONE', #3367, #4504 ) ;
#3828 = FILL_AREA_STYLE_COLOUR ( '', #4667 ) ;
#3829 = ORIENTED_EDGE ( 'NONE', *, *, #3588, .F. ) ;
#3830 = ORIENTED_EDGE ( 'NONE', *, *, #4199, .T. ) ;
#3831 = ORIENTED_EDGE ( 'NONE', *, *, #3333, .F. ) ;
#3832 = VECTOR ( 'NONE', #2124, 39.37007874015748143 ) ;
#3833 = VERTEX_POINT ( 'NONE', #2726 ) ;
#3834 =( NAMED_UNIT ( * ) PLANE_ANGLE_UNIT ( ) SI_UNIT ( $, .RADIAN. ) );
#3835 = DIRECTION ( 'NONE',  ( 0.0000000000000000000, 1.000000000000000000, 0.0000000000000000000 ) ) ;
#3836 = ADVANCED_FACE ( 'NONE', ( #4553 ), #3148, .T. ) ;
#3837 = COLOUR_RGB ( '',0.0000000000000000000, 0.0000000000000000000, 0.0000000000000000000 ) ;
#3838 = VECTOR ( 'NONE', #4834, 39.37007874015748854 ) ;
#3839 = PRESENTATION_STYLE_ASSIGNMENT (( #4635 ) ) ;
#3840 = CARTESIAN_POINT ( 'NONE',  ( -0.09149999999999992861, 0.1499999999999999944, 0.1607879037738847439 ) ) ;
#3841 = CARTESIAN_POINT ( 'NONE',  ( -0.1794435844492635879, -0.04499999999999999833, -0.04500000000000003303 ) ) ;
#3842 = EDGE_CURVE ( 'NONE', #2118, #5853, #511, .T. ) ;
#3843 = CARTESIAN_POINT ( 'NONE',  ( -0.02000000000000000042, 0.0000000000000000000, 0.1899999999999999745 ) ) ;
#3844 = DIRECTION ( 'NONE',  ( 1.000000000000000000, 0.0000000000000000000, 7.725300189835330255E-17 ) ) ;
#3845 = CIRCLE ( 'NONE', #3550, 0.04749999999999999362 ) ;
#3846 = DIRECTION ( 'NONE',  ( 0.6427876096865391409, 0.7660444431189782355, 0.0000000000000000000 ) ) ;
#3847 = FACE_OUTER_BOUND ( 'NONE', #3267, .T. ) ;
#3848 = ADVANCED_FACE ( 'NONE', ( #993 ), #5570, .T. ) ;
#3849 = CARTESIAN_POINT ( 'NONE',  ( 0.1920000000000000040, 0.04399999999999999745, 0.02000000000000000042 ) ) ;
#3850 = DIRECTION ( 'NONE',  ( 0.0000000000000000000, 0.0000000000000000000, 1.000000000000000000 ) ) ;
#3851 = VERTEX_POINT ( 'NONE', #3200 ) ;
#3852 = DIRECTION ( 'NONE',  ( 7.725300189835330255E-17, 0.0000000000000000000, 1.000000000000000000 ) ) ;
#3853 = ADVANCED_FACE ( 'NONE', ( #5112 ), #4591, .T. ) ;
#3854 = EDGE_LOOP ( 'NONE', ( #703, #4071, #3786, #5450 ) ) ;
#3856 = PLANE ( 'NONE',  #4853 ) ;
#3855 = LINE ( 'NONE', #3387, #510 ) ;
#3857 = DIRECTION ( 'NONE',  ( -2.731847993664270121E-16, 0.0000000000000000000, 1.000000000000000000 ) ) ;
#3858 = CARTESIAN_POINT ( 'NONE',  ( 0.0000000000000000000, 0.2550000000000000044, 0.0000000000000000000 ) ) ;
#3859 = ORIENTED_EDGE ( 'NONE', *, *, #4666, .F. ) ;
#3860 = ORIENTED_EDGE ( 'NONE', *, *, #5842, .F. ) ;
#3861 = ORIENTED_EDGE ( 'NONE', *, *, #2926, .F. ) ;
#3862 = EDGE_LOOP ( 'NONE', ( #3564, #3672, #2167, #988, #1750, #2645, #3962, #866, #870, #384 ) ) ;
#3863 = CARTESIAN_POINT ( 'NONE',  ( 0.1425849022380639985, 0.0000000000000000000, -0.03575675675675679677 ) ) ;
#3864 = CARTESIAN_POINT ( 'NONE',  ( -0.1950000000000000067, -0.03099999999999999978, 0.02750000000000000014 ) ) ;
#3865 = DIRECTION ( 'NONE',  ( 0.0000000000000000000, -1.000000000000000000, 0.0000000000000000000 ) ) ;
#3866 = ADVANCED_FACE ( 'NONE', ( #3774 ), #5590, .T. ) ;
#3867 = ORIENTED_EDGE ( 'NONE', *, *, #389, .T. ) ;
#3868 =( NAMED_UNIT ( * ) PLANE_ANGLE_UNIT ( ) SI_UNIT ( $, .RADIAN. ) );
#3869 = EDGE_CURVE ( 'NONE', #3286, #4769, #300, .T. ) ;
#3870 = DIRECTION ( 'NONE',  ( 0.0000000000000000000, 0.0000000000000000000, -1.000000000000000000 ) ) ;
#3871 = SHAPE_DEFINITION_REPRESENTATION ( #3630, #2381 ) ;
#3872 = LENGTH_MEASURE_WITH_UNIT ( LENGTH_MEASURE( 0.02539999999999999897 ), #3539 );
#3873 = DIRECTION ( 'NONE',  ( 0.0000000000000000000, -1.000000000000000000, 0.0000000000000000000 ) ) ;
#3874 = ADVANCED_FACE ( 'NONE', ( #4700 ), #4255, .T. ) ;
#3875 = ORIENTED_EDGE ( 'NONE', *, *, #1660, .T. ) ;
#3876 = CYLINDRICAL_SURFACE ( 'NONE', #356, 0.1849999999999999978 ) ;
#3877 = ORIENTED_EDGE ( 'NONE', *, *, #707, .T. ) ;
#3878 = EDGE_LOOP ( 'NONE', ( #1747, #3877, #3542, #4541 ) ) ;
#3879 = EDGE_CURVE ( 'NONE', #343, #5063, #4774, .T. ) ;
#3880 = DIMENSIONAL_EXPONENTS ( 1.000000000000000000, 0.0000000000000000000, 0.0000000000000000000, 0.0000000000000000000, 0.0000000000000000000, 0.0000000000000000000, 0.0000000000000000000 ) ;
#3882 = DIRECTION ( 'NONE',  ( 0.0000000000000000000, -1.000000000000000000, 0.0000000000000000000 ) ) ;
#3881 = DIRECTION ( 'NONE',  ( -0.0000000000000000000, 0.0000000000000000000, 1.000000000000000000 ) ) ;
#3883 = LINE ( 'NONE', #334, #4128 ) ;
#3884 = DIRECTION ( 'NONE',  ( 0.0000000000000000000, -1.000000000000000000, 0.0000000000000000000 ) ) ;
#3885 = VERTEX_POINT ( 'NONE', #713 ) ;
#3886 = ORIENTED_EDGE ( 'NONE', *, *, #2652, .F. ) ;
#3887 = ORIENTED_EDGE ( 'NONE', *, *, #3096, .F. ) ;
#3888 = VERTEX_POINT ( 'NONE', #4322 ) ;
#3889 = LINE ( 'NONE', #2473, #4753 ) ;
#3890 = DIRECTION ( 'NONE',  ( -0.0000000000000000000, -1.000000000000000000, -0.0000000000000000000 ) ) ;
#3891 = AXIS2_PLACEMENT_3D ( 'NONE', #4467, #445, #4918 ) ;
#3892 = EDGE_CURVE ( 'NONE', #4013, #34, #4820, .T. ) ;
#3893 = CARTESIAN_POINT ( 'NONE',  ( 0.02000000000000000042, -0.05000000000000000278, 0.2099999999999999922 ) ) ;
#3894 = CIRCLE ( 'NONE', #746, 0.1320000000000000062 ) ;
#3895 = CIRCLE ( 'NONE', #4940, 0.1849999999999999978 ) ;
#3896 = DIRECTION ( 'NONE',  ( 0.0000000000000000000, 1.000000000000000000, 0.0000000000000000000 ) ) ;
#3897 = AXIS2_PLACEMENT_3D ( 'NONE', #2742, #5475, #1276 ) ;
#3898 = DIRECTION ( 'NONE',  ( -0.0000000000000000000, -1.000000000000000000, -0.0000000000000000000 ) ) ;
#3899 = VERTEX_POINT ( 'NONE', #224 ) ;
#3900 = CARTESIAN_POINT ( 'NONE',  ( 0.1532483426262880033, -0.04499999999999999833, 0.06344023412902699555 ) ) ;
#3901 = DIRECTION ( 'NONE',  ( 0.0000000000000000000, 1.000000000000000000, 0.0000000000000000000 ) ) ;
#3902 = COLOUR_RGB ( '',0.0000000000000000000, 0.0000000000000000000, 0.0000000000000000000 ) ;
#3903 = FILL_AREA_STYLE_COLOUR ( '', #5356 ) ;
#3904 = CARTESIAN_POINT ( 'NONE',  ( 0.1980000000000000093, 0.05000000000000000278, -0.03499999999999999639 ) ) ;
#3905 = LENGTH_MEASURE_WITH_UNIT ( LENGTH_MEASURE( 0.02539999999999999897 ), #3784 );
#3906 = DIRECTION ( 'NONE',  ( 0.0000000000000000000, 0.0000000000000000000, 1.000000000000000000 ) ) ;
#3907 = ADVANCED_FACE ( 'NONE', ( #2563 ), #4797, .T. ) ;
#3908 = VECTOR ( 'NONE', #5694, 39.37007874015748143 ) ;
#3909 = ORIENTED_EDGE ( 'NONE', *, *, #2811, .F. ) ;
#3911 = CARTESIAN_POINT ( 'NONE',  ( -6.377882606357019692E-18, 0.05000000000000000278, 0.03500000000000000333 ) ) ;
#3910 = FACE_OUTER_BOUND ( 'NONE', #222, .T. ) ;
#3912 = ORIENTED_EDGE ( 'NONE', *, *, #5215, .F. ) ;
#3913 = EDGE_CURVE ( 'NONE', #691, #1822, #320, .T. ) ;
#3914 = AXIS2_PLACEMENT_3D ( 'NONE', #1844, #3677, #5500 ) ;
#3915 = PRESENTATION_STYLE_ASSIGNMENT (( #807 ) ) ;
#3916 = FACE_OUTER_BOUND ( 'NONE', #4260, .T. ) ;
#3917 = CARTESIAN_POINT ( 'NONE',  ( 0.09149999999999999800, 0.0000000000000000000, 0.2340000000000000135 ) ) ;
#3918 = ORIENTED_EDGE ( 'NONE', *, *, #1938, .F. ) ;
#3919 = ORIENTED_EDGE ( 'NONE', *, *, #23, .T. ) ;
#3920 = ORIENTED_EDGE ( 'NONE', *, *, #3722, .F. ) ;
#3921 = DIRECTION ( 'NONE',  ( 1.000000000000000000, -0.0000000000000000000, -1.545060037967069995E-16 ) ) ;
#3922 = AXIS2_PLACEMENT_3D ( 'NONE', #2567, #3568, #349 ) ;
#3923 = AXIS2_PLACEMENT_3D ( 'NONE', #2603, #4499, #2629 ) ;
#3924 = FACE_OUTER_BOUND ( 'NONE', #2915, .T. ) ;
#3925 = CIRCLE ( 'NONE', #1051, 0.1849999999999999978 ) ;
#3926 = DIRECTION ( 'NONE',  ( 0.0000000000000000000, 0.0000000000000000000, -1.000000000000000000 ) ) ;
#3927 = CARTESIAN_POINT ( 'NONE',  ( 0.1920000000000000040, 0.05000000000000000278, 0.03500000000000000333 ) ) ;
#3928 = DIMENSIONAL_EXPONENTS ( 1.000000000000000000, 0.0000000000000000000, 0.0000000000000000000, 0.0000000000000000000, 0.0000000000000000000, 0.0000000000000000000, 0.0000000000000000000 ) ;
#3929 = EDGE_CURVE ( 'NONE', #3155, #4145, #248, .T. ) ;
#3930 = CARTESIAN_POINT ( 'NONE',  ( 0.04900000000000000189, -0.02566611069585890068, 0.1899999999999999745 ) ) ;
#3931 = LINE ( 'NONE', #1197, #1238 ) ;
#3932 = UNCERTAINTY_MEASURE_WITH_UNIT (LENGTH_MEASURE( 1.000000000000000082E-05 ), #3311, 'distance_accuracy_value', 'NONE');
#3933 = AXIS2_PLACEMENT_3D ( 'NONE', #5571, #3846, #2400 ) ;
#3934 = CIRCLE ( 'NONE', #3346, 0.04749999999999999362 ) ;
#3935 = LINE ( 'NONE', #800, #2396 ) ;
#3936 = DIRECTION ( 'NONE',  ( 0.0000000000000000000, -0.0000000000000000000, 1.000000000000000000 ) ) ;
#3937 = CIRCLE ( 'NONE', #1348, 0.1849999999999999978 ) ;
#3938 = AXIS2_PLACEMENT_3D ( 'NONE', #4295, #740, #5671 ) ;
#3939 = CIRCLE ( 'NONE', #1915, 0.04749999999999999362 ) ;
#3940 = DIRECTION ( 'NONE',  ( 0.0000000000000000000, 1.000000000000000000, 0.0000000000000000000 ) ) ;
#3941 = CARTESIAN_POINT ( 'NONE',  ( 0.0000000000000000000, 0.1950000000000000067, 0.0000000000000000000 ) ) ;
#3942 = VERTEX_POINT ( 'NONE', #4851 ) ;
#3944 = FACE_OUTER_BOUND ( 'NONE', #4927, .T. ) ;
#3943 = DIRECTION ( 'NONE',  ( 1.000000000000000000, 0.0000000000000000000, 0.0000000000000000000 ) ) ;
#3945 = ORIENTED_EDGE ( 'NONE', *, *, #5296, .F. ) ;
#3946 = EDGE_CURVE ( 'NONE', #3204, #2827, #5297, .T. ) ;
#3947 = EDGE_CURVE ( 'NONE', #182, #1411, #2531, .T. ) ;
#3948 = EDGE_CURVE ( 'NONE', #1869, #3554, #3931, .T. ) ;
#3949 = CARTESIAN_POINT ( 'NONE',  ( -0.1920000000000000040, -0.03099999999999999978, 0.03500000000000000333 ) ) ;
#3950 = DIRECTION ( 'NONE',  ( 0.0000000000000000000, 1.000000000000000000, 0.0000000000000000000 ) ) ;
#3951 = VERTEX_POINT ( 'NONE', #768 ) ;
#3952 = VERTEX_POINT ( 'NONE', #3964 ) ;
#3953 = ORIENTED_EDGE ( 'NONE', *, *, #1415, .T. ) ;
#3954 = DIRECTION ( 'NONE',  ( -0.0000000000000000000, -1.000000000000000000, -0.0000000000000000000 ) ) ;
#3955 = DIRECTION ( 'NONE',  ( 0.0000000000000000000, 0.0000000000000000000, 1.000000000000000000 ) ) ;
#3956 = ORIENTED_EDGE ( 'NONE', *, *, #877, .T. ) ;
#3957 = ORIENTED_EDGE ( 'NONE', *, *, #2515, .F. ) ;
#3958 = ADVANCED_FACE ( 'NONE', ( #676 ), #1526, .T. ) ;
#3959 = CARTESIAN_POINT ( 'NONE',  ( 0.0000000000000000000, 0.2640000000000000124, -0.1849999999999999978 ) ) ;
#3960 = CYLINDRICAL_SURFACE ( 'NONE', #3809, 0.04000000000000000083 ) ;
#3961 = CARTESIAN_POINT ( 'NONE',  ( 2.265596578422603655E-17, 0.2149999999999999967, 0.1849999999999999978 ) ) ;
#3962 = ORIENTED_EDGE ( 'NONE', *, *, #5333, .T. ) ;
#3963 = PLANE ( 'NONE',  #1495 ) ;
#3964 = CARTESIAN_POINT ( 'NONE',  ( 5.817072295949927179E-18, 0.2550000000000000044, -0.04749999999999999362 ) ) ;
#3965 = ADVANCED_FACE ( 'NONE', ( #4288 ), #191, .T. ) ;
#3966 = PRESENTATION_STYLE_ASSIGNMENT (( #4821 ) ) ;
#3967 = LENGTH_MEASURE_WITH_UNIT ( LENGTH_MEASURE( 0.02539999999999999897 ), #4027 );
#3968 = PRESENTATION_STYLE_ASSIGNMENT (( #3720 ) ) ;
#3969 = CARTESIAN_POINT ( 'NONE',  ( -0.1794435844492636434, -0.04499999999999999833, 0.04499999999999989425 ) ) ;
#3970 = DIMENSIONAL_EXPONENTS ( 1.000000000000000000, 0.0000000000000000000, 0.0000000000000000000, 0.0000000000000000000, 0.0000000000000000000, 0.0000000000000000000, 0.0000000000000000000 ) ;
#3971 = ORIENTED_EDGE ( 'NONE', *, *, #1441, .T. ) ;
#3972 = ORIENTED_EDGE ( 'NONE', *, *, #3133, .F. ) ;
#3974 = CARTESIAN_POINT ( 'NONE',  ( -0.1980000000000000093, 0.05000000000000000278, -0.03500000000000000333 ) ) ;
#3973 = DIRECTION ( 'NONE',  ( 0.0000000000000000000, 1.000000000000000000, 0.0000000000000000000 ) ) ;
#3975 = ORIENTED_EDGE ( 'NONE', *, *, #633, .F. ) ;
#3976 = CARTESIAN_POINT ( 'NONE',  ( 0.1980000000000000093, -0.1209999999999999826, 0.0000000000000000000 ) ) ;
#3977 = DIRECTION ( 'NONE',  ( -1.000000000000000000, -0.0000000000000000000, 7.725300189835330255E-17 ) ) ;
#3978 = ORIENTED_EDGE ( 'NONE', *, *, #256, .T. ) ;
#3979 = ORIENTED_EDGE ( 'NONE', *, *, #1569, .F. ) ;
#3980 = ORIENTED_EDGE ( 'NONE', *, *, #2229, .F. ) ;
#3981 = DIRECTION ( 'NONE',  ( 0.0000000000000000000, -1.000000000000000000, 0.0000000000000000000 ) ) ;
#3982 = CARTESIAN_POINT ( 'NONE',  ( 0.02979729729729730173, -0.04499999999999999833, -0.1439483277908309988 ) ) ;
#3983 = ORIENTED_EDGE ( 'NONE', *, *, #5283, .F. ) ;
#3984 = CARTESIAN_POINT ( 'NONE',  ( 0.0000000000000000000, 0.1499999999999999944, 0.04749999999999999362 ) ) ;
#3985 = CARTESIAN_POINT ( 'NONE',  ( -3.588191662306300277E-18, 0.04399999999999999745, -0.03500000000000000333 ) ) ;
#3986 = ORIENTED_EDGE ( 'NONE', *, *, #3016, .F. ) ;
#3987 = MECHANICAL_DESIGN_GEOMETRIC_PRESENTATION_REPRESENTATION (  '', ( #648 ), #3498 ) ;
#3988 = CARTESIAN_POINT ( 'NONE',  ( 0.0000000000000000000, 0.2239999999999999769, 0.0000000000000000000 ) ) ;
#3989 = EDGE_CURVE ( 'NONE', #4477, #3480, #2596, .T. ) ;
#3990 = DIRECTION ( 'NONE',  ( 0.0000000000000000000, 0.0000000000000000000, -1.000000000000000000 ) ) ;
#3991 = PRESENTATION_LAYER_ASSIGNMENT (  '', '', ( #4267 ) ) ;
#3992 = FACE_OUTER_BOUND ( 'NONE', #5880, .T. ) ;
#3993 = PRESENTATION_STYLE_ASSIGNMENT (( #1256 ) ) ;
#3994 = PRESENTATION_STYLE_ASSIGNMENT (( #5768 ) ) ;
#3995 = DIRECTION ( 'NONE',  ( 0.0000000000000000000, 1.000000000000000000, -0.0000000000000000000 ) ) ;
#3996 =( GEOMETRIC_REPRESENTATION_CONTEXT ( 3 ) GLOBAL_UNCERTAINTY_ASSIGNED_CONTEXT ( ( #4066 ) ) GLOBAL_UNIT_ASSIGNED_CONTEXT ( ( #733, #2479, #1196 ) ) REPRESENTATION_CONTEXT ( 'NONE', 'WORKASPACE' ) );
#3997 = CIRCLE ( 'NONE', #4091, 0.04749999999999999362 ) ;
#3998 = ORIENTED_EDGE ( 'NONE', *, *, #4764, .T. ) ;
#3999 = AXIS2_PLACEMENT_3D ( 'NONE', #5650, #5572, #3814 ) ;
#4000 = AXIS2_PLACEMENT_3D ( 'NONE', #5228, #3373, #1577 ) ;
#4001 = CARTESIAN_POINT ( 'NONE',  ( 0.0000000000000000000, 0.2550000000000000044, 0.04749999999999999362 ) ) ;
#4002 = PRESENTATION_LAYER_ASSIGNMENT (  '', '', ( #661 ) ) ;
#4003 = ORIENTED_EDGE ( 'NONE', *, *, #4835, .F. ) ;
#4004 = EDGE_CURVE ( 'NONE', #246, #3611, #1429, .T. ) ;
#4005 = EDGE_LOOP ( 'NONE', ( #766, #1394 ) ) ;
#4007 = DIRECTION ( 'NONE',  ( 5.463695987328530381E-16, 0.0000000000000000000, 1.000000000000000000 ) ) ;
#4006 = CARTESIAN_POINT ( 'NONE',  ( 0.0000000000000000000, 0.2849999999999999756, 0.04749999999999999362 ) ) ;
#4008 = ORIENTED_EDGE ( 'NONE', *, *, #1964, .T. ) ;
#4009 = CARTESIAN_POINT ( 'NONE',  ( 5.817072295949927179E-18, 0.1499999999999999944, -0.04749999999999999362 ) ) ;
#4010 = CIRCLE ( 'NONE', #383, 0.04749999999999999362 ) ;
#4011 = ORIENTED_EDGE ( 'NONE', *, *, #1100, .T. ) ;
#4012 = ORIENTED_EDGE ( 'NONE', *, *, #4562, .T. ) ;
#4013 = VERTEX_POINT ( 'NONE', #1795 ) ;
#4014 = ORIENTED_EDGE ( 'NONE', *, *, #4947, .F. ) ;
#4015 = DIRECTION ( 'NONE',  ( 0.0000000000000000000, 1.000000000000000000, 0.0000000000000000000 ) ) ;
#4016 = DIRECTION ( 'NONE',  ( 0.0000000000000000000, 0.0000000000000000000, 1.000000000000000000 ) ) ;
#4017 = DIRECTION ( 'NONE',  ( 0.0000000000000000000, 0.0000000000000000000, 1.000000000000000000 ) ) ;
#4018 = DIRECTION ( 'NONE',  ( -0.0000000000000000000, -1.000000000000000000, -0.0000000000000000000 ) ) ;
#4019 = CIRCLE ( 'NONE', #777, 0.04749999999999999362 ) ;
#4020 = CARTESIAN_POINT ( 'NONE',  ( -0.01499999999999999944, 0.4000000000000000222, 0.03708099243547829937 ) ) ;
#4021 = EDGE_CURVE ( 'NONE', #3407, #5735, #4492, .T. ) ;
#4022 = CARTESIAN_POINT ( 'NONE',  ( -0.1261379814248090037, -0.04499999999999999833, -0.07548648648648649540 ) ) ;
#4023 = VECTOR ( 'NONE', #5460, 39.37007874015748143 ) ;
#4024 = LINE ( 'NONE', #5860, #5634 ) ;
#4025 = EDGE_CURVE ( 'NONE', #551, #1869, #5415, .T. ) ;
#4026 =( NAMED_UNIT ( * ) SI_UNIT ( $, .STERADIAN. ) SOLID_ANGLE_UNIT ( ) );
#4027 =( LENGTH_UNIT ( ) NAMED_UNIT ( * ) SI_UNIT ( $, .METRE. ) );
#4028 = DIRECTION ( 'NONE',  ( -0.0000000000000000000, -1.000000000000000000, -0.0000000000000000000 ) ) ;
#4029 = AXIS2_PLACEMENT_3D ( 'NONE', #3748, #4201, #995 ) ;
#4030 = CARTESIAN_POINT ( 'NONE',  ( -0.01499999999999999944, 0.3683398820645635285, 0.04153923655009297833 ) ) ;
#4031 = VECTOR ( 'NONE', #4755, 39.37007874015748143 ) ;
#4032 = ORIENTED_EDGE ( 'NONE', *, *, #5393, .T. ) ;
#4033 = AXIS2_PLACEMENT_3D ( 'NONE', #2034, #4372, #1585 ) ;
#4034 = VECTOR ( 'NONE', #2145, 39.37007874015748143 ) ;
#4035 = CIRCLE ( 'NONE', #2575, 0.1849999999999999978 ) ;
#4037 =( NAMED_UNIT ( * ) SI_UNIT ( $, .STERADIAN. ) SOLID_ANGLE_UNIT ( ) );
#4036 = FACE_BOUND ( 'NONE', #4522, .T. ) ;
#4038 = ORIENTED_EDGE ( 'NONE', *, *, #5444, .T. ) ;
#4039 = VERTEX_POINT ( 'NONE', #4938 ) ;
#4040 = ADVANCED_FACE ( 'NONE', ( #1709 ), #1739, .T. ) ;
#4042 = DIRECTION ( 'NONE',  ( -1.000000000000000000, 0.0000000000000000000, 0.0000000000000000000 ) ) ;
#4041 = SURFACE_STYLE_FILL_AREA ( #267 ) ;
#4043 = DIRECTION ( 'NONE',  ( 0.0000000000000000000, 0.0000000000000000000, 1.000000000000000000 ) ) ;
#4044 = ORIENTED_EDGE ( 'NONE', *, *, #4296, .F. ) ;
#4045 = VERTEX_POINT ( 'NONE', #1315 ) ;
#4046 = ORIENTED_EDGE ( 'NONE', *, *, #2140, .F. ) ;
#4047 = CARTESIAN_POINT ( 'NONE',  ( 0.0000000000000000000, 0.1839999999999999969, 0.0000000000000000000 ) ) ;
#4048 = DIRECTION ( 'NONE',  ( 0.0000000000000000000, 0.0000000000000000000, 1.000000000000000000 ) ) ;
#4049 = ORIENTED_EDGE ( 'NONE', *, *, #2405, .T. ) ;
#4050 = DIRECTION ( 'NONE',  ( -1.000000000000000000, 0.0000000000000000000, 0.0000000000000000000 ) ) ;
#4051 = DIRECTION ( 'NONE',  ( 0.0000000000000000000, 0.0000000000000000000, -1.000000000000000000 ) ) ;
#4052 = DIRECTION ( 'NONE',  ( 0.0000000000000000000, 1.000000000000000000, 0.0000000000000000000 ) ) ;
#4053 = LINE ( 'NONE', #280, #5156 ) ;
#4054 = CYLINDRICAL_SURFACE ( 'NONE', #3221, 0.04749999999999999362 ) ;
#4055 = DIRECTION ( 'NONE',  ( 0.0000000000000000000, 0.0000000000000000000, 1.000000000000000000 ) ) ;
#4056 = UNCERTAINTY_MEASURE_WITH_UNIT (LENGTH_MEASURE( 1.000000000000000082E-05 ), #4622, 'distance_accuracy_value', 'NONE');
#4057 = EDGE_CURVE ( 'NONE', #2119, #5172, #2192, .T. ) ;
#4058 = CARTESIAN_POINT ( 'NONE',  ( 0.0000000000000000000, 0.05000000000000000278, 0.0000000000000000000 ) ) ;
#4059 =( CONVERSION_BASED_UNIT ( 'INCH', #1375 ) LENGTH_UNIT ( ) NAMED_UNIT ( #5629 ) );
#4060 = DIRECTION ( 'NONE',  ( 0.0000000000000000000, 0.0000000000000000000, -1.000000000000000000 ) ) ;
#4061 = EDGE_CURVE ( 'NONE', #277, #4711, #2624, .T. ) ;
#4063 = DIRECTION ( 'NONE',  ( 0.0000000000000000000, 0.0000000000000000000, -1.000000000000000000 ) ) ;
#4062 = SURFACE_SIDE_STYLE ('',( #2671 ) ) ;
#4064 = DIRECTION ( 'NONE',  ( 0.0000000000000000000, 0.0000000000000000000, 1.000000000000000000 ) ) ;
#4065 = EDGE_LOOP ( 'NONE', ( #4445, #28, #1647, #3953 ) ) ;
#4066 = UNCERTAINTY_MEASURE_WITH_UNIT (LENGTH_MEASURE( 1.000000000000000082E-05 ), #733, 'distance_accuracy_value', 'NONE');
#4067 = EDGE_CURVE ( 'NONE', #1701, #430, #5859, .T. ) ;
#4069 = FACE_BOUND ( 'NONE', #3709, .T. ) ;
#4068 = DIRECTION ( 'NONE',  ( -0.0000000000000000000, 1.000000000000000000, -0.0000000000000000000 ) ) ;
#4070 = CARTESIAN_POINT ( 'NONE',  ( 0.01499999999999999944, 0.3683398820645691907, 0.04153923655008691374 ) ) ;
#4071 = ORIENTED_EDGE ( 'NONE', *, *, #3989, .T. ) ;
#4072 = VERTEX_POINT ( 'NONE', #3566 ) ;
#4073 = ORIENTED_EDGE ( 'NONE', *, *, #5462, .F. ) ;
#4074 = LINE ( 'NONE', #3169, #2452 ) ;
#4075 = EDGE_CURVE ( 'NONE', #1931, #3464, #3176, .T. ) ;
#4076 = VERTEX_POINT ( 'NONE', #5884 ) ;
#4077 = DIRECTION ( 'NONE',  ( 0.0000000000000000000, 0.0000000000000000000, 1.000000000000000000 ) ) ;
#4078 = DIRECTION ( 'NONE',  ( 0.0000000000000000000, 0.0000000000000000000, 1.000000000000000000 ) ) ;
#4079 = CARTESIAN_POINT ( 'NONE',  ( 0.1920000000000000040, -0.03100000000000000325, -0.02000000000000000042 ) ) ;
#4080 = ORIENTED_EDGE ( 'NONE', *, *, #5649, .F. ) ;
#4081 = LINE ( 'NONE', #3589, #1985 ) ;
#4082 = CARTESIAN_POINT ( 'NONE',  ( 0.0000000000000000000, 0.1849999999999999978, 0.0000000000000000000 ) ) ;
#4083 = EDGE_CURVE ( 'NONE', #183, #1424, #2225, .T. ) ;
#4084 = DIRECTION ( 'NONE',  ( 0.0000000000000000000, 1.000000000000000000, -0.0000000000000000000 ) ) ;
#4085 =( NAMED_UNIT ( * ) SI_UNIT ( $, .STERADIAN. ) SOLID_ANGLE_UNIT ( ) );
#4086 = DIRECTION ( 'NONE',  ( 0.0000000000000000000, 0.0000000000000000000, 1.000000000000000000 ) ) ;
#4087 = COLOUR_RGB ( '',0.7450980392156862919, 0.7450980392156862919, 0.7450980392156862919 ) ;
#4088 = MECHANICAL_DESIGN_GEOMETRIC_PRESENTATION_REPRESENTATION (  '', ( #4267 ), #3116 ) ;
#4089 = VECTOR ( 'NONE', #1455, 39.37007874015748143 ) ;
#4090 = EDGE_LOOP ( 'NONE', ( #4748, #3098 ) ) ;
#4091 = AXIS2_PLACEMENT_3D ( 'NONE', #5555, #2320, #1033 ) ;
#4092 = EDGE_CURVE ( 'NONE', #4151, #5735, #375, .T. ) ;
#4093 = AXIS2_PLACEMENT_3D ( 'NONE', #718, #3547, #3943 ) ;
#4094 = COLOUR_RGB ( '',0.0000000000000000000, 0.0000000000000000000, 0.0000000000000000000 ) ;
#4095 = CIRCLE ( 'NONE', #2279, 0.02000000000000000042 ) ;
#4097 = DIRECTION ( 'NONE',  ( -0.0000000000000000000, -1.000000000000000000, -0.0000000000000000000 ) ) ;
#4096 = DIRECTION ( 'NONE',  ( 0.0000000000000000000, 0.0000000000000000000, 1.000000000000000000 ) ) ;
#4098 = EDGE_CURVE ( 'NONE', #1668, #2050, #3590, .T. ) ;
#4099 = CARTESIAN_POINT ( 'NONE',  ( 0.1794435844492636434, -0.04500000000000000527, 0.04499999999999991507 ) ) ;
#4100 = ORIENTED_EDGE ( 'NONE', *, *, #560, .F. ) ;
#4101 = VERTEX_POINT ( 'NONE', #5361 ) ;
#4102 = DIRECTION ( 'NONE',  ( 0.0000000000000000000, 0.0000000000000000000, -1.000000000000000000 ) ) ;
#4103 = ORIENTED_EDGE ( 'NONE', *, *, #5375, .F. ) ;
#4104 = CIRCLE ( 'NONE', #486, 0.04749999999999999362 ) ;
#4105 = CARTESIAN_POINT ( 'NONE',  ( -0.01499999999999999944, 0.4000000000000000222, 0.04506939094329988349 ) ) ;
#4106 = ADVANCED_FACE ( 'NONE', ( #887 ), #2252, .T. ) ;
#4107 = DIRECTION ( 'NONE',  ( 0.0000000000000000000, 0.0000000000000000000, 1.000000000000000000 ) ) ;
#4108 = CARTESIAN_POINT ( 'NONE',  ( 0.1980000000000000093, 0.05000000000000000278, -0.02000000000000000042 ) ) ;
#4109 = EDGE_LOOP ( 'NONE', ( #4899, #3527, #5440, #1641 ) ) ;
#4110 = CYLINDRICAL_SURFACE ( 'NONE', #4000, 0.04749999999999999362 ) ;
#4111 = DIRECTION ( 'NONE',  ( 0.0000000000000000000, -1.000000000000000000, 0.0000000000000000000 ) ) ;
#4112 = STYLED_ITEM ( 'NONE', ( #1009 ), #5711 ) ;
#4113 = DIRECTION ( 'NONE',  ( 0.2432432432432430347, 0.0000000000000000000, -0.9699653213473709013 ) ) ;
#4114 = CIRCLE ( 'NONE', #3146, 0.04749999999999999362 ) ;
#4115 = EDGE_CURVE ( 'NONE', #1453, #3885, #5003, .T. ) ;
#4116 = FILL_AREA_STYLE ('',( #2287 ) ) ;
#4117 = DIRECTION ( 'NONE',  ( 0.0000000000000000000, 1.000000000000000000, -0.0000000000000000000 ) ) ;
#4118 = MECHANICAL_DESIGN_GEOMETRIC_PRESENTATION_REPRESENTATION (  '', ( #5155 ), #1234 ) ;
#4119 = CIRCLE ( 'NONE', #401, 0.1849999999999999978 ) ;
#4120 = COLOUR_RGB ( '',0.7960784313725489669, 0.6039215686274509443, 0.2313725490196078538 ) ;
#4121 = EDGE_LOOP ( 'NONE', ( #5847, #4073 ) ) ;
#4122 = VECTOR ( 'NONE', #5453, 39.37007874015748143 ) ;
#4123 = AXIS2_PLACEMENT_3D ( 'NONE', #1843, #5499, #1392 ) ;
#4124 = DIRECTION ( 'NONE',  ( -0.0000000000000000000, -1.000000000000000000, -0.0000000000000000000 ) ) ;
#4125 = EDGE_CURVE ( 'NONE', #5408, #3432, #4550, .T. ) ;
#4126 = LINE ( 'NONE', #4898, #211 ) ;
#4127 = EDGE_LOOP ( 'NONE', ( #674, #2249, #1132, #3555 ) ) ;
#4128 = VECTOR ( 'NONE', #1209, 39.37007874015748143 ) ;
#4129 = LINE ( 'NONE', #5473, #1878 ) ;
#4130 = ADVANCED_FACE ( 'NONE', ( #5765 ), #1678, .T. ) ;
#4131 = ORIENTED_EDGE ( 'NONE', *, *, #2189, .F. ) ;
#4132 = CARTESIAN_POINT ( 'NONE',  ( 0.1587450786638761047, -0.04499999999999999833, 0.09499999999999894640 ) ) ;
#4133 = PLANE ( 'NONE',  #3319 ) ;
#4134 = ORIENTED_EDGE ( 'NONE', *, *, #4680, .T. ) ;
#4135 = VERTEX_POINT ( 'NONE', #3050 ) ;
#4136 = CARTESIAN_POINT ( 'NONE',  ( 0.0000000000000000000, 0.1749999999999999889, 0.0000000000000000000 ) ) ;
#4137 = LINE ( 'NONE', #5140, #2740 ) ;
#4138 = EDGE_CURVE ( 'NONE', #1131, #4441, #4310, .T. ) ;
#4139 = DIRECTION ( 'NONE',  ( 0.0000000000000000000, 1.000000000000000000, 0.0000000000000000000 ) ) ;
#4140 = DIRECTION ( 'NONE',  ( 0.0000000000000000000, 1.000000000000000000, 0.0000000000000000000 ) ) ;
#4141 = PRESENTATION_STYLE_ASSIGNMENT (( #2336 ) ) ;
#4142 = EDGE_CURVE ( 'NONE', #1636, #1668, #3244, .T. ) ;
#4143 = DIRECTION ( 'NONE',  ( -0.0000000000000000000, -1.000000000000000000, -0.0000000000000000000 ) ) ;
#4144 = PLANE ( 'NONE',  #3231 ) ;
#4145 = VERTEX_POINT ( 'NONE', #5542 ) ;
#4147 =( NAMED_UNIT ( * ) PLANE_ANGLE_UNIT ( ) SI_UNIT ( $, .RADIAN. ) );
#4146 = PLANE ( 'NONE',  #4363 ) ;
#4148 = LENGTH_MEASURE_WITH_UNIT ( LENGTH_MEASURE( 0.02539999999999999897 ), #1838 );
#4149 = VERTEX_POINT ( 'NONE', #3259 ) ;
#4150 = CARTESIAN_POINT ( 'NONE',  ( 0.0000000000000000000, 0.1650000000000000078, 0.0000000000000000000 ) ) ;
#4151 = VERTEX_POINT ( 'NONE', #2869 ) ;
#4152 = DIRECTION ( 'NONE',  ( 0.0000000000000000000, 0.0000000000000000000, 1.000000000000000000 ) ) ;
#4153 = DIRECTION ( 'NONE',  ( 0.0000000000000000000, 1.000000000000000000, 0.0000000000000000000 ) ) ;
#4154 = EDGE_LOOP ( 'NONE', ( #4134, #3830, #1344, #3549 ) ) ;
#4155 = ORIENTED_EDGE ( 'NONE', *, *, #5656, .F. ) ;
#4156 = CYLINDRICAL_SURFACE ( 'NONE', #4290, 0.04749999999999999362 ) ;
#4157 =( NAMED_UNIT ( * ) SI_UNIT ( $, .STERADIAN. ) SOLID_ANGLE_UNIT ( ) );
#4158 = EDGE_CURVE ( 'NONE', #3657, #2175, #4119, .T. ) ;
#4159 =( NAMED_UNIT ( * ) SI_UNIT ( $, .STERADIAN. ) SOLID_ANGLE_UNIT ( ) );
#4160 = DIRECTION ( 'NONE',  ( 0.0000000000000000000, 1.000000000000000000, 0.0000000000000000000 ) ) ;
#4161 = ADVANCED_FACE ( 'NONE', ( #2454 ), #1078, .T. ) ;
#4162 = DIRECTION ( 'NONE',  ( 0.0000000000000000000, 0.0000000000000000000, -1.000000000000000000 ) ) ;
#4163 = FILL_AREA_STYLE_COLOUR ( '', #851 ) ;
#4164 =( NAMED_UNIT ( * ) PLANE_ANGLE_UNIT ( ) SI_UNIT ( $, .RADIAN. ) );
#4165 = CARTESIAN_POINT ( 'NONE',  ( -6.377882606357019692E-18, 0.05000000000000000278, -0.03500000000000000333 ) ) ;
#4166 = DIRECTION ( 'NONE',  ( 0.0000000000000000000, 0.0000000000000000000, 1.000000000000000000 ) ) ;
#4167 = CIRCLE ( 'NONE', #558, 0.04749999999999999362 ) ;
#4168 = AXIS2_PLACEMENT_3D ( 'NONE', #2790, #3208, #2317 ) ;
#4169 = AXIS2_PLACEMENT_3D ( 'NONE', #4663, #585, #2392 ) ;
#4170 = B_SPLINE_CURVE_WITH_KNOTS ( 'NONE', 3,
 ( #1714, #2935, #4324, #2038 ),
 .UNSPECIFIED., .F., .F.,
 ( 4, 4 ),
 ( 3.533850547250156316E-14, 0.0001851540840414247352 ),
 .UNSPECIFIED. ) ;
#4172 = PLANE ( 'NONE',  #3410 ) ;
#4171 = LINE ( 'NONE', #3607, #3302 ) ;
#4173 = COLOUR_RGB ( '',0.7960784313725489669, 0.6039215686274509443, 0.2313725490196078538 ) ;
#4174 = LINE ( 'NONE', #4886, #3436 ) ;
#4175 = SURFACE_STYLE_FILL_AREA ( #2345 ) ;
#4176 = EDGE_CURVE ( 'NONE', #1041, #4998, #2812, .T. ) ;
#4177 = ORIENTED_EDGE ( 'NONE', *, *, #4722, .F. ) ;
#4178 = ORIENTED_EDGE ( 'NONE', *, *, #2035, .F. ) ;
#4179 = STYLED_ITEM ( 'NONE', ( #1993 ), #1932 ) ;
#4180 = ORIENTED_EDGE ( 'NONE', *, *, #2625, .F. ) ;
#4181 = DIRECTION ( 'NONE',  ( -0.0000000000000000000, -1.000000000000000000, -0.0000000000000000000 ) ) ;
#4182 = CARTESIAN_POINT ( 'NONE',  ( 0.01999999999999999001, -0.1209999999999999826, 0.2099999999999999922 ) ) ;
#4183 = AXIS2_PLACEMENT_3D ( 'NONE', #252, #2484, #3081 ) ;
#4184 = CIRCLE ( 'NONE', #2463, 0.02000000000000000042 ) ;
#4185 = LINE ( 'NONE', #3298, #769 ) ;
#4186 = ORIENTED_EDGE ( 'NONE', *, *, #5569, .T. ) ;
#4187 = ORIENTED_EDGE ( 'NONE', *, *, #5198, .F. ) ;
#4188 = CARTESIAN_POINT ( 'NONE',  ( 0.1980000000000000093, 0.05000000000000000278, -0.03500000000000000333 ) ) ;
#4189 = CARTESIAN_POINT ( 'NONE',  ( 0.0000000000000000000, 0.0000000000000000000, 0.0000000000000000000 ) ) ;
#4190 = AXIS2_PLACEMENT_3D ( 'NONE', #4905, #3105, #1313 ) ;
#4191 = AXIS2_PLACEMENT_3D ( 'NONE', #5150, #4672, #4639 ) ;
#4192 = CARTESIAN_POINT ( 'NONE',  ( 0.0000000000000000000, 0.2349999999999999867, -0.1849999999999999978 ) ) ;
#4193 = DIRECTION ( 'NONE',  ( -0.0000000000000000000, 0.0000000000000000000, -1.000000000000000000 ) ) ;
#4194 = DIRECTION ( 'NONE',  ( 0.0000000000000000000, 1.000000000000000000, 0.0000000000000000000 ) ) ;
#4195 = ADVANCED_FACE ( 'NONE', ( #5091 ), #1917, .T. ) ;
#4196 = COLOUR_RGB ( '',0.7960784313725489669, 0.6039215686274509443, 0.2313725490196078538 ) ;
#4197 =( LENGTH_UNIT ( ) NAMED_UNIT ( * ) SI_UNIT ( $, .METRE. ) );
#4198 = ORIENTED_EDGE ( 'NONE', *, *, #2901, .T. ) ;
#4199 = EDGE_CURVE ( 'NONE', #1597, #1998, #688, .T. ) ;
#4200 = AXIS2_PLACEMENT_3D ( 'NONE', #3261, #5095, #3321 ) ;
#4201 = DIRECTION ( 'NONE',  ( 0.0000000000000000000, -1.000000000000000000, 0.0000000000000000000 ) ) ;
#4202 = CARTESIAN_POINT ( 'NONE',  ( 5.817072295949927179E-18, 0.2999999999999999889, -0.04749999999999999362 ) ) ;
#4203 = VECTOR ( 'NONE', #2649, 39.37007874015748143 ) ;
#4204 = SURFACE_STYLE_FILL_AREA ( #1857 ) ;
#4205 = AXIS2_PLACEMENT_3D ( 'NONE', #2666, #2600, #4497 ) ;
#4206 = EDGE_CURVE ( 'NONE', #2050, #5584, #110, .T. ) ;
#4207 = VERTEX_POINT ( 'NONE', #4256 ) ;
#4208 = AXIS2_PLACEMENT_3D ( 'NONE', #2397, #4230, #1939 ) ;
#4209 = STYLED_ITEM ( 'NONE', ( #3839 ), #799 ) ;
#4211 = SURFACE_STYLE_FILL_AREA ( #2377 ) ;
#4210 = SURFACE_STYLE_FILL_AREA ( #1030 ) ;
#4212 = DIRECTION ( 'NONE',  ( 0.0000000000000000000, -0.0000000000000000000, 1.000000000000000000 ) ) ;
#4213 = ORIENTED_EDGE ( 'NONE', *, *, #5252, .F. ) ;
#4214 = AXIS2_PLACEMENT_3D ( 'NONE', #3351, #4727, #2450 ) ;
#4215 = CIRCLE ( 'NONE', #4500, 0.04749999999999999362 ) ;
#4216 = EDGE_CURVE ( 'NONE', #1725, #146, #3158, .T. ) ;
#4217 = ORIENTED_EDGE ( 'NONE', *, *, #1428, .F. ) ;
#4218 = CARTESIAN_POINT ( 'NONE',  ( 0.0000000000000000000, 0.2849999999999999756, -0.1849999999999999978 ) ) ;
#4219 = AXIS2_PLACEMENT_3D ( 'NONE', #4942, #1351, #5889 ) ;
#4220 = ORIENTED_EDGE ( 'NONE', *, *, #389, .F. ) ;
#4221 = LINE ( 'NONE', #1008, #4318 ) ;
#4222 = AXIS2_PLACEMENT_3D ( 'NONE', #1126, #4868, #5193 ) ;
#4223 = VERTEX_POINT ( 'NONE', #1529 ) ;
#4224 = ORIENTED_EDGE ( 'NONE', *, *, #5563, .T. ) ;
#4225 = ORIENTED_EDGE ( 'NONE', *, *, #4125, .F. ) ;
#4226 = CARTESIAN_POINT ( 'NONE',  ( 0.0000000000000000000, 0.05000000000000000278, 0.0000000000000000000 ) ) ;
#4227 = LINE ( 'NONE', #5586, #4456 ) ;
#4228 =( NAMED_UNIT ( * ) SI_UNIT ( $, .STERADIAN. ) SOLID_ANGLE_UNIT ( ) );
#4229 = ORIENTED_EDGE ( 'NONE', *, *, #1026, .F. ) ;
#4230 = DIRECTION ( 'NONE',  ( 0.0000000000000000000, 1.000000000000000000, 0.0000000000000000000 ) ) ;
#4231 = CARTESIAN_POINT ( 'NONE',  ( 0.0000000000000000000, 0.2249999999999999778, 0.0000000000000000000 ) ) ;
#4232 = LINE ( 'NONE', #164, #2837 ) ;
#4233 = DIRECTION ( 'NONE',  ( 0.0000000000000000000, 1.000000000000000000, 0.0000000000000000000 ) ) ;
#4234 = DIRECTION ( 'NONE',  ( 1.000000000000000000, -0.0000000000000000000, -1.545060037967069995E-16 ) ) ;
#4235 = EDGE_CURVE ( 'NONE', #1334, #4311, #2425, .T. ) ;
#4236 = ORIENTED_EDGE ( 'NONE', *, *, #1457, .F. ) ;
#4237 =( NAMED_UNIT ( * ) PLANE_ANGLE_UNIT ( ) SI_UNIT ( $, .RADIAN. ) );
#4238 = SURFACE_STYLE_FILL_AREA ( #2845 ) ;
#4239 = PLANE ( 'NONE',  #75 ) ;
#4240 = VERTEX_POINT ( 'NONE', #5114 ) ;
#4241 = VERTEX_POINT ( 'NONE', #163 ) ;
#4242 = ADVANCED_FACE ( 'NONE', ( #536 ), #596, .F. ) ;
#4243 = LINE ( 'NONE', #4332, #3248 ) ;
#4244 = PLANE ( 'NONE',  #3546 ) ;
#4245 = CARTESIAN_POINT ( 'NONE',  ( 0.0000000000000000000, 0.1499999999999999944, 0.0000000000000000000 ) ) ;
#4246 = VERTEX_POINT ( 'NONE', #5181 ) ;
#4247 = ORIENTED_EDGE ( 'NONE', *, *, #1619, .T. ) ;
#4248 = DIRECTION ( 'NONE',  ( -0.0000000000000000000, 0.0000000000000000000, -1.000000000000000000 ) ) ;
#4249 = LINE ( 'NONE', #2002, #2922 ) ;
#4250 = CARTESIAN_POINT ( 'NONE',  ( 0.0000000000000000000, 0.2750000000000000222, 0.0000000000000000000 ) ) ;
#4251 = DIRECTION ( 'NONE',  ( 0.0000000000000000000, 1.000000000000000000, 0.0000000000000000000 ) ) ;
#4252 = EDGE_LOOP ( 'NONE', ( #3225, #3971, #5320, #5502 ) ) ;
#4253 = EDGE_CURVE ( 'NONE', #3247, #1447, #76, .T. ) ;
#4254 = FACE_OUTER_BOUND ( 'NONE', #5818, .T. ) ;
#4255 = PLANE ( 'NONE',  #2475 ) ;
#4256 = CARTESIAN_POINT ( 'NONE',  ( 2.265596578422603655E-17, 0.2999999999999999889, -0.1849999999999999978 ) ) ;
#4257 = CARTESIAN_POINT ( 'NONE',  ( 0.0000000000000000000, 0.2049999999999999878, 0.0000000000000000000 ) ) ;
#4258 = PLANE ( 'NONE',  #577 ) ;
#4259 = DIMENSIONAL_EXPONENTS ( 1.000000000000000000, 0.0000000000000000000, 0.0000000000000000000, 0.0000000000000000000, 0.0000000000000000000, 0.0000000000000000000, 0.0000000000000000000 ) ;
#4260 = EDGE_LOOP ( 'NONE', ( #2821, #4178, #896, #484 ) ) ;
#4261 = DIRECTION ( 'NONE',  ( 0.0000000000000000000, 0.0000000000000000000, -1.000000000000000000 ) ) ;
#4262 = PRESENTATION_STYLE_ASSIGNMENT (( #3758 ) ) ;
#4263 = VECTOR ( 'NONE', #294, 39.37007874015748143 ) ;
#4264 = ORIENTED_EDGE ( 'NONE', *, *, #2045, .F. ) ;
#4265 = ORIENTED_EDGE ( 'NONE', *, *, #3570, .T. ) ;
#4266 = EDGE_CURVE ( 'NONE', #2273, #904, #1887, .T. ) ;
#4267 = STYLED_ITEM ( 'NONE', ( #3915 ), #4701 ) ;
#4268 = CIRCLE ( 'NONE', #1873, 0.1849999999999999978 ) ;
#4269 = ADVANCED_FACE ( 'NONE', ( #1941 ), #1408, .T. ) ;
#4271 = DIRECTION ( 'NONE',  ( 0.0000000000000000000, -0.0000000000000000000, 1.000000000000000000 ) ) ;
#4270 = DIRECTION ( 'NONE',  ( 0.2027027027027029082, 0.0000000000000000000, 0.9792403251076926551 ) ) ;
#4272 = SURFACE_STYLE_USAGE ( .BOTH. , #1928 ) ;
#4273 = CARTESIAN_POINT ( 'NONE',  ( 0.0000000000000000000, 0.2349999999999999867, 0.0000000000000000000 ) ) ;
#4274 = ORIENTED_EDGE ( 'NONE', *, *, #5603, .F. ) ;
#4275 = EDGE_LOOP ( 'NONE', ( #1011, #4785, #2321, #2269, #5288, #2416, #4849, #1568 ) ) ;
#4276 = ORIENTED_EDGE ( 'NONE', *, *, #5052, .T. ) ;
#4277 = ORIENTED_EDGE ( 'NONE', *, *, #662, .F. ) ;
#4278 = AXIS2_PLACEMENT_3D ( 'NONE', #5032, #4987, #944 ) ;
#4279 = COLOUR_RGB ( '',0.0000000000000000000, 0.0000000000000000000, 0.0000000000000000000 ) ;
#4280 = SURFACE_SIDE_STYLE ('',( #3658 ) ) ;
#4281 = AXIS2_PLACEMENT_3D ( 'NONE', #1476, #5133, #2852 ) ;
#4282 = CYLINDRICAL_SURFACE ( 'NONE', #1589, 0.04749999999999999362 ) ;
#4283 = CIRCLE ( 'NONE', #2540, 0.04749999999999999362 ) ;
#4284 = DIRECTION ( 'NONE',  ( 0.0000000000000000000, -1.000000000000000000, 0.0000000000000000000 ) ) ;
#4285 = CARTESIAN_POINT ( 'NONE',  ( 0.0000000000000000000, 0.1499999999999999944, 0.04749999999999999362 ) ) ;
#4286 = CARTESIAN_POINT ( 'NONE',  ( 0.0000000000000000000, 0.1499999999999999944, 0.04749999999999999362 ) ) ;
#4287 = ORIENTED_EDGE ( 'NONE', *, *, #4454, .F. ) ;
#4288 = FACE_OUTER_BOUND ( 'NONE', #2503, .T. ) ;
#4289 = STYLED_ITEM ( 'NONE', ( #3495 ), #5519 ) ;
#4290 = AXIS2_PLACEMENT_3D ( 'NONE', #5024, #1454, #1345 ) ;
#4291 = EDGE_CURVE ( 'NONE', #3524, #2122, #3232, .T. ) ;
#4292 = CARTESIAN_POINT ( 'NONE',  ( 0.0000000000000000000, 0.1749999999999999889, 0.0000000000000000000 ) ) ;
#4293 = SURFACE_STYLE_FILL_AREA ( #2401 ) ;
#4294 = FILL_AREA_STYLE ('',( #1466 ) ) ;
#4295 = CARTESIAN_POINT ( 'NONE',  ( 0.0000000000000000000, 0.2340000000000000135, 0.0000000000000000000 ) ) ;
#4296 = EDGE_CURVE ( 'NONE', #1701, #1041, #1054, .T. ) ;
#4297 = ORIENTED_EDGE ( 'NONE', *, *, #3634, .F. ) ;
#4299 = DIRECTION ( 'NONE',  ( 0.0000000000000000000, 0.0000000000000000000, 1.000000000000000000 ) ) ;
#4298 =( CONVERSION_BASED_UNIT ( 'INCH', #2407 ) LENGTH_UNIT ( ) NAMED_UNIT ( #5131 ) );
#4300 = VECTOR ( 'NONE', #5593, 39.37007874015748143 ) ;
#4301 = EDGE_LOOP ( 'NONE', ( #2945, #3371, #786, #1958 ) ) ;
#4302 = CIRCLE ( 'NONE', #4978, 0.04749999999999999362 ) ;
#4303 = MECHANICAL_DESIGN_GEOMETRIC_PRESENTATION_REPRESENTATION (  '', ( #199 ), #683 ) ;
#4304 = EDGE_CURVE ( 'NONE', #5584, #1636, #1492, .T. ) ;
#4305 = DIRECTION ( 'NONE',  ( 0.0000000000000000000, 0.0000000000000000000, 1.000000000000000000 ) ) ;
#4306 = DIRECTION ( 'NONE',  ( 3.552713678800500929E-15, 0.0000000000000000000, 1.000000000000000000 ) ) ;
#4307 = CARTESIAN_POINT ( 'NONE',  ( -0.03750000000000001249, 0.0000000000000000000, -0.1811594601449231512 ) ) ;
#4308 = ORIENTED_EDGE ( 'NONE', *, *, #3235, .F. ) ;
#4309 = VERTEX_POINT ( 'NONE', #1052 ) ;
#4310 = CIRCLE ( 'NONE', #2678, 0.1849999999999999978 ) ;
#4311 = VERTEX_POINT ( 'NONE', #5274 ) ;
#4312 = AXIS2_PLACEMENT_3D ( 'NONE', #1520, #588, #155 ) ;
#4313 = CARTESIAN_POINT ( 'NONE',  ( -0.1980000000000000093, -0.03100000000000000325, -0.03500000000000000333 ) ) ;
#4314 = ADVANCED_FACE ( 'NONE', ( #1144 ), #5299, .T. ) ;
#4315 = DIRECTION ( 'NONE',  ( 1.000000000000000000, 0.0000000000000000000, -0.0000000000000000000 ) ) ;
#4316 = PRODUCT_DEFINITION ( 'UNKNOWN', '', #4763, #2135 ) ;
#4317 = PRESENTATION_LAYER_ASSIGNMENT (  '', '', ( #1244 ) ) ;
#4318 = VECTOR ( 'NONE', #2823, 39.37007874015748143 ) ;
#4319 = CARTESIAN_POINT ( 'NONE',  ( -0.1980000000000000093, 0.05000000000000000278, -0.03500000000000000333 ) ) ;
#4320 = DIRECTION ( 'NONE',  ( 0.0000000000000000000, -0.0000000000000000000, 1.000000000000000000 ) ) ;
#4321 = CARTESIAN_POINT ( 'NONE',  ( 0.09149999999999999800, 0.1499999999999999944, 0.1607879037738849937 ) ) ;
#4322 = CARTESIAN_POINT ( 'NONE',  ( -0.1261379814248090592, 0.0000000000000000000, 0.07548648648648652315 ) ) ;
#4323 = VECTOR ( 'NONE', #1301, 39.37007874015748143 ) ;
#4324 = CARTESIAN_POINT ( 'NONE',  ( 0.01499999999999999944, 0.3683398820645751859, -0.04153923655008046750 ) ) ;
#4325 = DIRECTION ( 'NONE',  ( 0.0000000000000000000, -1.000000000000000000, 0.0000000000000000000 ) ) ;
#4326 = EDGE_CURVE ( 'NONE', #2827, #3942, #1198, .T. ) ;
#4327 = EDGE_LOOP ( 'NONE', ( #1865, #5409, #4783, #670, #701, #3331, #4869, #271, #3760, #472, #1760, #5260 ) ) ;
#4329 = DIRECTION ( 'NONE',  ( 0.0000000000000000000, 0.0000000000000000000, 1.000000000000000000 ) ) ;
#4328 = CARTESIAN_POINT ( 'NONE',  ( 0.0000000000000000000, 0.1539999999999999702, 0.04749999999999999362 ) ) ;
#4330 = ORIENTED_EDGE ( 'NONE', *, *, #750, .F. ) ;
#4331 = ADVANCED_FACE ( 'NONE', ( #347 ), #2155, .T. ) ;
#4333 =( NAMED_UNIT ( * ) PLANE_ANGLE_UNIT ( ) SI_UNIT ( $, .RADIAN. ) );
#4332 = CARTESIAN_POINT ( 'NONE',  ( 0.01499999999999999944, 0.3799999999999999489, -0.04506939094329989043 ) ) ;
#4334 = CARTESIAN_POINT ( 'NONE',  ( -0.02000000000000000042, -0.05000000000000000278, 0.2099999999999999922 ) ) ;
#4335 =( NAMED_UNIT ( * ) PLANE_ANGLE_UNIT ( ) SI_UNIT ( $, .RADIAN. ) );
#4336 = ORIENTED_EDGE ( 'NONE', *, *, #3602, .T. ) ;
#4337 = ORIENTED_EDGE ( 'NONE', *, *, #1232, .T. ) ;
#4338 = VERTEX_POINT ( 'NONE', #225 ) ;
#4339 = LENGTH_MEASURE_WITH_UNIT ( LENGTH_MEASURE( 0.02539999999999999897 ), #3798 );
#4340 = DIRECTION ( 'NONE',  ( 0.0000000000000000000, 0.0000000000000000000, 1.000000000000000000 ) ) ;
#4341 = FACE_OUTER_BOUND ( 'NONE', #3854, .T. ) ;
#4342 = CARTESIAN_POINT ( 'NONE',  ( 5.817072295949927179E-18, 0.1739999999999999880, -0.04749999999999999362 ) ) ;
#4343 = DIMENSIONAL_EXPONENTS ( 1.000000000000000000, 0.0000000000000000000, 0.0000000000000000000, 0.0000000000000000000, 0.0000000000000000000, 0.0000000000000000000, 0.0000000000000000000 ) ;
#4344 = FACE_OUTER_BOUND ( 'NONE', #2223, .T. ) ;
#4345 = EDGE_CURVE ( 'NONE', #3851, #3951, #3935, .T. ) ;
#4346 = DIRECTION ( 'NONE',  ( 0.0000000000000000000, 1.000000000000000000, 0.0000000000000000000 ) ) ;
#4347 = DIRECTION ( 'NONE',  ( -0.0000000000000000000, -1.000000000000000000, -0.0000000000000000000 ) ) ;
#4348 = ADVANCED_FACE ( 'NONE', ( #1679 ), #678, .T. ) ;
#4349 = CARTESIAN_POINT ( 'NONE',  ( -0.02000000000000000042, -0.05000000000000000971, 0.1899999999999999745 ) ) ;
#4350 = DIRECTION ( 'NONE',  ( 0.0000000000000000000, 0.0000000000000000000, -1.000000000000000000 ) ) ;
#4351 = ORIENTED_EDGE ( 'NONE', *, *, #2658, .T. ) ;
#4352 = CARTESIAN_POINT ( 'NONE',  ( 0.0000000000000000000, 0.1640000000000000069, 0.0000000000000000000 ) ) ;
#4353 = VERTEX_POINT ( 'NONE', #3505 ) ;
#4354 = EDGE_CURVE ( 'NONE', #5448, #4149, #2106, .T. ) ;
#4355 = CARTESIAN_POINT ( 'NONE',  ( 0.0000000000000000000, 0.1940000000000000058, 0.04749999999999999362 ) ) ;
#4356 = EDGE_LOOP ( 'NONE', ( #2887, #2309, #2880, #3008 ) ) ;
#4357 = DIRECTION ( 'NONE',  ( 0.0000000000000000000, -1.000000000000000000, 0.0000000000000000000 ) ) ;
#4358 = EDGE_LOOP ( 'NONE', ( #329, #5686, #1425, #454 ) ) ;
#4359 = ORIENTED_EDGE ( 'NONE', *, *, #5536, .F. ) ;
#4360 = VERTEX_POINT ( 'NONE', #1172 ) ;
#4361 = CYLINDRICAL_SURFACE ( 'NONE', #3706, 0.04749999999999999362 ) ;
#4362 = DIRECTION ( 'NONE',  ( 0.0000000000000000000, -1.000000000000000000, 0.0000000000000000000 ) ) ;
#4363 = AXIS2_PLACEMENT_3D ( 'NONE', #2734, #3160, #52 ) ;
#4364 = CIRCLE ( 'NONE', #5511, 0.04749999999999999362 ) ;
#4365 =( GEOMETRIC_REPRESENTATION_CONTEXT ( 3 ) GLOBAL_UNCERTAINTY_ASSIGNED_CONTEXT ( ( #4400 ) ) GLOBAL_UNIT_ASSIGNED_CONTEXT ( ( #579, #1866, #2769 ) ) REPRESENTATION_CONTEXT ( 'NONE', 'WORKASPACE' ) );
#4366 = DIRECTION ( 'NONE',  ( 0.0000000000000000000, 1.000000000000000000, 0.0000000000000000000 ) ) ;
#4367 = DIRECTION ( 'NONE',  ( 0.0000000000000000000, -0.0000000000000000000, -1.000000000000000000 ) ) ;
#4368 = CARTESIAN_POINT ( 'NONE',  ( -0.08899999999999999578, 0.1499999999999999944, 0.2099999999999999922 ) ) ;
#4369 = MECHANICAL_DESIGN_GEOMETRIC_PRESENTATION_REPRESENTATION (  '', ( #4650 ), #5128 ) ;
#4370 = CIRCLE ( 'NONE', #3409, 0.02000000000000000042 ) ;
#4371 = ADVANCED_FACE ( 'NONE', ( #3411 ), #2993, .T. ) ;
#4372 = DIRECTION ( 'NONE',  ( 0.0000000000000000000, 1.000000000000000000, 0.0000000000000000000 ) ) ;
#4373 = AXIS2_PLACEMENT_3D ( 'NONE', #2665, #4496, #1487 ) ;
#4374 = DIRECTION ( 'NONE',  ( 0.0000000000000000000, 0.0000000000000000000, 1.000000000000000000 ) ) ;
#4375 = ADVANCED_FACE ( 'NONE', ( #772 ), #321, .T. ) ;
#4376 = EDGE_CURVE ( 'NONE', #1756, #692, #5264, .T. ) ;
#4377 = AXIS2_PLACEMENT_3D ( 'NONE', #4486, #2621, #2248 ) ;
#4378 = ORIENTED_EDGE ( 'NONE', *, *, #1271, .F. ) ;
#4379 = CARTESIAN_POINT ( 'NONE',  ( 0.0000000000000000000, 0.1499999999999999944, 0.04749999999999999362 ) ) ;
#4380 = ORIENTED_EDGE ( 'NONE', *, *, #609, .T. ) ;
#4381 = AXIS2_PLACEMENT_3D ( 'NONE', #1802, #3598, #3203 ) ;
#4382 = VECTOR ( 'NONE', #4859, 39.37007874015748143 ) ;
#4383 = DIRECTION ( 'NONE',  ( 0.0000000000000000000, -1.000000000000000000, 0.0000000000000000000 ) ) ;
#4384 = LINE ( 'NONE', #1572, #3452 ) ;
#4385 = ORIENTED_EDGE ( 'NONE', *, *, #3004, .T. ) ;
#4386 = ORIENTED_EDGE ( 'NONE', *, *, #3294, .F. ) ;
#4387 = VERTEX_POINT ( 'NONE', #1558 ) ;
#4388 = CARTESIAN_POINT ( 'NONE',  ( -0.1272752921819471084, 0.05000000000000000278, -0.03500000000000001721 ) ) ;
#4389 = AXIS2_PLACEMENT_3D ( 'NONE', #3478, #3416, #1200 ) ;
#4390 = CARTESIAN_POINT ( 'NONE',  ( 0.01499999999999999944, 0.4000000000000000222, 0.04506939094329989043 ) ) ;
#4391 = PRESENTATION_LAYER_ASSIGNMENT (  '', '', ( #4873 ) ) ;
#4392 = EDGE_CURVE ( 'NONE', #1161, #5814, #2687, .T. ) ;
#4393 = ORIENTED_EDGE ( 'NONE', *, *, #3157, .F. ) ;
#4394 = DIRECTION ( 'NONE',  ( -0.6427876096865398070, 0.7660444431189777914, 0.0000000000000000000 ) ) ;
#4395 = AXIS2_PLACEMENT_3D ( 'NONE', #1139, #732, #1523 ) ;
#4396 = DIRECTION ( 'NONE',  ( -1.000000000000000000, -0.0000000000000000000, 0.0000000000000000000 ) ) ;
#4397 = EDGE_LOOP ( 'NONE', ( #5410, #1370, #4630, #5497 ) ) ;
#4398 = CARTESIAN_POINT ( 'NONE',  ( 0.1950000000000000067, -0.03099999999999999978, -0.02000000000000000042 ) ) ;
#4399 = PRESENTATION_STYLE_ASSIGNMENT (( #1171 ) ) ;
#4400 = UNCERTAINTY_MEASURE_WITH_UNIT (LENGTH_MEASURE( 1.000000000000000082E-05 ), #579, 'distance_accuracy_value', 'NONE');
#4401 = EDGE_CURVE ( 'NONE', #1334, #1636, #5419, .T. ) ;
#4402 = VECTOR ( 'NONE', #5148, 39.37007874015748143 ) ;
#4403 = DIRECTION ( 'NONE',  ( 1.000000000000000000, -0.0000000000000000000, 0.0000000000000000000 ) ) ;
#4404 = DIRECTION ( 'NONE',  ( 0.0000000000000000000, 1.000000000000000000, 0.0000000000000000000 ) ) ;
#4405 = CIRCLE ( 'NONE', #4792, 0.1849999999999999978 ) ;
#4406 = AXIS2_PLACEMENT_3D ( 'NONE', #2710, #4538, #453 ) ;
#4407 = CYLINDRICAL_SURFACE ( 'NONE', #3153, 0.04749999999999999362 ) ;
#4408 = ORIENTED_EDGE ( 'NONE', *, *, #1557, .T. ) ;
#4410 = DIRECTION ( 'NONE',  ( 0.0000000000000000000, 0.0000000000000000000, -1.000000000000000000 ) ) ;
#4409 = DIRECTION ( 'NONE',  ( 0.0000000000000000000, -0.0000000000000000000, 1.000000000000000000 ) ) ;
#4411 = EDGE_LOOP ( 'NONE', ( #1292, #2152, #5022, #5100 ) ) ;
#4412 = EDGE_LOOP ( 'NONE', ( #4155, #1546, #1381, #2230 ) ) ;
#4414 = DIRECTION ( 'NONE',  ( 0.0000000000000000000, 1.000000000000000000, 0.0000000000000000000 ) ) ;
#4413 = CYLINDRICAL_SURFACE ( 'NONE', #5886, 0.1849999999999999978 ) ;
#4415 = EDGE_CURVE ( 'NONE', #5872, #5258, #2753, .T. ) ;
#4416 = CARTESIAN_POINT ( 'NONE',  ( 0.04900000000000000189, 0.0000000000000000000, 0.1899999999999999745 ) ) ;
#4417 = ORIENTED_EDGE ( 'NONE', *, *, #954, .T. ) ;
#4418 = ORIENTED_EDGE ( 'NONE', *, *, #156, .T. ) ;
#4419 = ORIENTED_EDGE ( 'NONE', *, *, #942, .F. ) ;
#4420 = DIRECTION ( 'NONE',  ( 0.0000000000000000000, 1.000000000000000000, 0.0000000000000000000 ) ) ;
#4421 = FACE_OUTER_BOUND ( 'NONE', #812, .T. ) ;
#4422 = ORIENTED_EDGE ( 'NONE', *, *, #4527, .F. ) ;
#4423 = LINE ( 'NONE', #3012, #411 ) ;
#4424 = LINE ( 'NONE', #405, #4494 ) ;
#4425 = CARTESIAN_POINT ( 'NONE',  ( 2.731847993664276392E-18, -0.1209999999999999826, 0.1899999999999999745 ) ) ;
#4426 = CARTESIAN_POINT ( 'NONE',  ( 0.0000000000000000000, 0.2249999999999999778, -0.1849999999999999978 ) ) ;
#4427 = SURFACE_STYLE_FILL_AREA ( #5766 ) ;
#4428 = ADVANCED_FACE ( 'NONE', ( #3626, #2194 ), #3536, .T. ) ;
#4429 = CARTESIAN_POINT ( 'NONE',  ( -0.01499999999999999944, 0.3699999999999999956, 0.04506939094329989043 ) ) ;
#4430 = FACE_BOUND ( 'NONE', #5639, .T. ) ;
#4431 = CARTESIAN_POINT ( 'NONE',  ( 0.0000000000000000000, 0.1499999999999999944, 0.04749999999999999362 ) ) ;
#4432 = EDGE_LOOP ( 'NONE', ( #5035, #1545, #5517, #4419 ) ) ;
#4434 =( LENGTH_UNIT ( ) NAMED_UNIT ( * ) SI_UNIT ( $, .METRE. ) );
#4433 = SURFACE_SIDE_STYLE ('',( #2576 ) ) ;
#4435 = ORIENTED_EDGE ( 'NONE', *, *, #4115, .T. ) ;
#4437 = FACE_OUTER_BOUND ( 'NONE', #1460, .T. ) ;
#4436 = DIRECTION ( 'NONE',  ( -0.0000000000000000000, -0.0000000000000000000, -1.000000000000000000 ) ) ;
#4438 = EDGE_CURVE ( 'NONE', #1364, #1661, #4024, .T. ) ;
#4439 = ORIENTED_EDGE ( 'NONE', *, *, #2716, .F. ) ;
#4440 = CARTESIAN_POINT ( 'NONE',  ( 0.01499999999999999944, 0.3700000000006472556, 0.03976493430228552478 ) ) ;
#4441 = VERTEX_POINT ( 'NONE', #5831 ) ;
#4442 = ORIENTED_EDGE ( 'NONE', *, *, #3652, .F. ) ;
#4443 = LENGTH_MEASURE_WITH_UNIT ( LENGTH_MEASURE( 0.02539999999999999897 ), #5289 );
#4444 = EDGE_CURVE ( 'NONE', #3524, #4602, #2215, .T. ) ;
#4445 = ORIENTED_EDGE ( 'NONE', *, *, #5265, .F. ) ;
#4446 = CARTESIAN_POINT ( 'NONE',  ( 0.02000000000000000042, 0.0000000000000000000, 0.2099999999999999922 ) ) ;
#4447 = CARTESIAN_POINT ( 'NONE',  ( 0.1261379814248100029, -0.04499999999999999833, 0.07548648648648559334 ) ) ;
#4448 = CARTESIAN_POINT ( 'NONE',  ( 0.0000000000000000000, 0.1849999999999999978, 0.0000000000000000000 ) ) ;
#4449 = DIRECTION ( 'NONE',  ( 0.0000000000000000000, -1.000000000000000000, -0.0000000000000000000 ) ) ;
#4450 = EDGE_LOOP ( 'NONE', ( #2079, #361 ) ) ;
#4451 = PRESENTATION_LAYER_ASSIGNMENT (  '', '', ( #648 ) ) ;
#4452 = DIRECTION ( 'NONE',  ( -1.000000000000000000, -0.0000000000000000000, -0.0000000000000000000 ) ) ;
#4453 = CARTESIAN_POINT ( 'NONE',  ( 0.1920000000000000040, -0.1209999999999999826, -0.02000000000000000042 ) ) ;
#4454 = EDGE_CURVE ( 'NONE', #4207, #3394, #970, .T. ) ;
#4455 = AXIS2_PLACEMENT_3D ( 'NONE', #2046, #4714, #147 ) ;
#4456 = VECTOR ( 'NONE', #1099, 39.37007874015748143 ) ;
#4457 = DIRECTION ( 'NONE',  ( 0.0000000000000000000, 0.0000000000000000000, -1.000000000000000000 ) ) ;
#4458 = FILL_AREA_STYLE ('',( #5832 ) ) ;
#4459 = FILL_AREA_STYLE_COLOUR ( '', #2955 ) ;
#4460 = DIRECTION ( 'NONE',  ( 0.0000000000000000000, 0.0000000000000000000, 1.000000000000000000 ) ) ;
#4461 = CARTESIAN_POINT ( 'NONE',  ( -2.731847993664257903E-18, -0.1209999999999999826, 0.2099999999999999922 ) ) ;
#4462 = AXIS2_PLACEMENT_3D ( 'NONE', #2633, #3973, #4409 ) ;
#4463 = ADVANCED_FACE ( 'NONE', ( #3567 ), #4586, .T. ) ;
#4464 = ORIENTED_EDGE ( 'NONE', *, *, #1518, .T. ) ;
#4465 =( GEOMETRIC_REPRESENTATION_CONTEXT ( 3 ) GLOBAL_UNCERTAINTY_ASSIGNED_CONTEXT ( ( #541 ) ) GLOBAL_UNIT_ASSIGNED_CONTEXT ( ( #4059, #5861, #4026 ) ) REPRESENTATION_CONTEXT ( 'NONE', 'WORKASPACE' ) );
#4466 = VECTOR ( 'NONE', #1874, 39.37007874015748143 ) ;
#4467 = CARTESIAN_POINT ( 'NONE',  ( 0.0000000000000000000, 0.1950000000000000067, 0.0000000000000000000 ) ) ;
#4468 = ORIENTED_EDGE ( 'NONE', *, *, #4115, .F. ) ;
#4469 = UNCERTAINTY_MEASURE_WITH_UNIT (LENGTH_MEASURE( 1.000000000000000082E-05 ), #1807, 'distance_accuracy_value', 'NONE');
#4470 = AXIS2_PLACEMENT_3D ( 'NONE', #5790, #5761, #3926 ) ;
#4471 = CLOSED_SHELL ( 'NONE', ( #3428, #3110, #2091, #5512, #217, #2791, #340, #4195, #3659, #4106, #2798, #2289, #5420, #57, #2946, #1563, #4617, #4375, #3238, #3447, #686, #1538, #2964, #5837, #5882, #2985, #1809, #5248, #276, #4161, #3269, #1853, #3853, #138, #5009, #4932, #1932, #888, #4040, #2314, #346, #1591, #2191, #2227, #2732, #2147, #5468, #1176, #5526, #4488, #2907, #3179, #5805, #5118, #3836, #4543, #250, #1360, #2331, #2363, #431, #1733, #517, #3958, #3052, #721, #4130, #4242, #917, #5160, #4976, #1248, #5072, #5891, #85, #947, #3965, #2618, #1117, #4269, #4941, #95, #2893, #4907, #5799, #4371, #3424, #2016, #2751, #3907, #535, #4331, #4814, #1900, #3617, #5864, #3080, #2031, #523, #5547, #4428, #1830, #2256, #1777, #2727, #2601, #5749, #2840, #5591, #1654, #407, #4463, #65, #188, #5677, #3848, #2036, #982, #2848, #4706, #1065, #192, #5099, #51, #2983, #4626, #3731, #1708, #1210, #5113, #1861, #3687, #5030, #4348, #922, #3258, #5738, #3071, #4920, #4731, #417, #485, #3492, #3684, #2083, #2611, #5384, #3866, #2161, #809, #1299, #963, #507, #2021, #5236, #4790, #422, #5711, #2342, #5036, #1991, #3874, #5508, #4314, #449, #791, #3185, #3382, #5273, #799, #1677, #4701, #5519 ) ) ;
#4472 = EDGE_CURVE ( 'NONE', #5105, #4926, #2699, .T. ) ;
#4473 = ORIENTED_EDGE ( 'NONE', *, *, #4176, .F. ) ;
#4475 = DIRECTION ( 'NONE',  ( 0.0000000000000000000, -0.0000000000000000000, 1.000000000000000000 ) ) ;
#4474 = DIRECTION ( 'NONE',  ( 1.000000000000000000, 0.0000000000000000000, -0.0000000000000000000 ) ) ;
#4476 = CARTESIAN_POINT ( 'NONE',  ( 0.01499999999999999424, 0.3650000000009515078, 0.04506939094422092451 ) ) ;
#4477 = VERTEX_POINT ( 'NONE', #2663 ) ;
#4478 = ORIENTED_EDGE ( 'NONE', *, *, #114, .F. ) ;
#4479 = EDGE_LOOP ( 'NONE', ( #4803, #4131 ) ) ;
#4480 = SURFACE_STYLE_USAGE ( .BOTH. , #3069 ) ;
#4481 = FACE_OUTER_BOUND ( 'NONE', #1170, .T. ) ;
#4482 =( GEOMETRIC_REPRESENTATION_CONTEXT ( 3 ) GLOBAL_UNCERTAINTY_ASSIGNED_CONTEXT ( ( #2193 ) ) GLOBAL_UNIT_ASSIGNED_CONTEXT ( ( #1108, #1199, #350 ) ) REPRESENTATION_CONTEXT ( 'NONE', 'WORKASPACE' ) );
#4483 = ORIENTED_EDGE ( 'NONE', *, *, #2303, .F. ) ;
#4484 = CARTESIAN_POINT ( 'NONE',  ( 0.1816590212458492892, 0.05000000000000000278, -0.03499999999999999639 ) ) ;
#4485 = DIRECTION ( 'NONE',  ( -0.0000000000000000000, -1.000000000000000000, -0.0000000000000000000 ) ) ;
#4486 = CARTESIAN_POINT ( 'NONE',  ( 0.0000000000000000000, -0.04499999999999999833, 0.0000000000000000000 ) ) ;
#4487 = LENGTH_MEASURE_WITH_UNIT ( LENGTH_MEASURE( 0.02539999999999999897 ), #1763 );
#4488 = ADVANCED_FACE ( 'NONE', ( #3992 ), #1711, .T. ) ;
#4489 =( GEOMETRIC_REPRESENTATION_CONTEXT ( 3 ) GLOBAL_UNCERTAINTY_ASSIGNED_CONTEXT ( ( #5827 ) ) GLOBAL_UNIT_ASSIGNED_CONTEXT ( ( #2254, #1681, #5054 ) ) REPRESENTATION_CONTEXT ( 'NONE', 'WORKASPACE' ) );
#4490 = CARTESIAN_POINT ( 'NONE',  ( 5.817072295949927179E-18, 0.1539999999999999702, -0.04749999999999999362 ) ) ;
#4491 = EDGE_CURVE ( 'NONE', #5247, #1609, #3661, .T. ) ;
#4492 = LINE ( 'NONE', #5794, #4122 ) ;
#4493 =( GEOMETRIC_REPRESENTATION_CONTEXT ( 3 ) GLOBAL_UNCERTAINTY_ASSIGNED_CONTEXT ( ( #5012 ) ) GLOBAL_UNIT_ASSIGNED_CONTEXT ( ( #3405, #3868, #5668 ) ) REPRESENTATION_CONTEXT ( 'NONE', 'WORKASPACE' ) );
#4494 = VECTOR ( 'NONE', #4018, 39.37007874015748143 ) ;
#4495 = SURFACE_STYLE_FILL_AREA ( #440 ) ;
#4496 = DIRECTION ( 'NONE',  ( -0.0000000000000000000, -1.000000000000000000, -0.0000000000000000000 ) ) ;
#4497 = DIRECTION ( 'NONE',  ( 0.0000000000000000000, -0.0000000000000000000, 1.000000000000000000 ) ) ;
#4498 = VECTOR ( 'NONE', #3534, 39.37007874015748143 ) ;
#4499 = DIRECTION ( 'NONE',  ( 0.0000000000000000000, 1.000000000000000000, 0.0000000000000000000 ) ) ;
#4500 = AXIS2_PLACEMENT_3D ( 'NONE', #2591, #2987, #1136 ) ;
#4501 = ORIENTED_EDGE ( 'NONE', *, *, #2779, .F. ) ;
#4502 = AXIS2_PLACEMENT_3D ( 'NONE', #2061, #5238, #3870 ) ;
#4503 = PRESENTATION_LAYER_ASSIGNMENT (  '', '', ( #1045 ) ) ;
#4504 = VECTOR ( 'NONE', #2350, 39.37007874015748143 ) ;
#4505 =( NAMED_UNIT ( * ) PLANE_ANGLE_UNIT ( ) SI_UNIT ( $, .RADIAN. ) );
#4506 = CARTESIAN_POINT ( 'NONE',  ( 0.01499999999999999424, 0.3650000000009515078, 0.04506939094422092451 ) ) ;
#4507 = EDGE_CURVE ( 'NONE', #3611, #246, #2770, .T. ) ;
#4508 = ORIENTED_EDGE ( 'NONE', *, *, #902, .T. ) ;
#4509 = CARTESIAN_POINT ( 'NONE',  ( 0.06900000000000000577, 0.3619999999999999885, 0.1899999999999999745 ) ) ;
#4510 = FACE_OUTER_BOUND ( 'NONE', #2916, .T. ) ;
#4511 = EDGE_CURVE ( 'NONE', #2737, #4101, #5066, .T. ) ;
#4512 = ORIENTED_EDGE ( 'NONE', *, *, #1415, .F. ) ;
#4513 = ORIENTED_EDGE ( 'NONE', *, *, #489, .F. ) ;
#4514 = VERTEX_POINT ( 'NONE', #3761 ) ;
#4515 = DIRECTION ( 'NONE',  ( -0.9699653213473703461, 0.0000000000000000000, -0.2432432432432452274 ) ) ;
#4516 = CARTESIAN_POINT ( 'NONE',  ( 0.0000000000000000000, 0.2239999999999999769, 0.0000000000000000000 ) ) ;
#4517 = EDGE_LOOP ( 'NONE', ( #1096, #62, #239, #5137 ) ) ;
#4518 = DIRECTION ( 'NONE',  ( 0.0000000000000000000, -1.000000000000000000, 0.0000000000000000000 ) ) ;
#4519 = LINE ( 'NONE', #4447, #4984 ) ;
#4520 = DIRECTION ( 'NONE',  ( -0.0000000000000000000, -1.000000000000000000, -0.0000000000000000000 ) ) ;
#4521 = ORIENTED_EDGE ( 'NONE', *, *, #969, .T. ) ;
#4522 = EDGE_LOOP ( 'NONE', ( #5365, #5641, #3273, #4213 ) ) ;
#4523 = CARTESIAN_POINT ( 'NONE',  ( 0.0000000000000000000, 0.1499999999999999944, 0.0000000000000000000 ) ) ;
#4524 = CARTESIAN_POINT ( 'NONE',  ( -0.01499999999999999944, 0.3799999999999999489, 0.04506939094329989043 ) ) ;
#4525 = UNCERTAINTY_MEASURE_WITH_UNIT (LENGTH_MEASURE( 1.000000000000000082E-05 ), #53, 'distance_accuracy_value', 'NONE');
#4526 = CARTESIAN_POINT ( 'NONE',  ( -0.1272752921819470528, 0.04399999999999999745, 0.03500000000000000333 ) ) ;
#4527 = EDGE_CURVE ( 'NONE', #2573, #3739, #3937, .T. ) ;
#4528 = CARTESIAN_POINT ( 'NONE',  ( -0.1272752921819469973, 0.05000000000000000278, 0.03500000000000000333 ) ) ;
#4529 = EDGE_CURVE ( 'NONE', #3407, #241, #3336, .T. ) ;
#4531 = DIRECTION ( 'NONE',  ( 0.9699653213473705682, 0.0000000000000000000, 0.2432432432432438674 ) ) ;
#4530 = LINE ( 'NONE', #893, #3120 ) ;
#4532 =( NAMED_UNIT ( * ) SI_UNIT ( $, .STERADIAN. ) SOLID_ANGLE_UNIT ( ) );
#4533 = ORIENTED_EDGE ( 'NONE', *, *, #2520, .F. ) ;
#4534 = ORIENTED_EDGE ( 'NONE', *, *, #4098, .F. ) ;
#4535 = EDGE_CURVE ( 'NONE', #5853, #4135, #5657, .T. ) ;
#4537 = CARTESIAN_POINT ( 'NONE',  ( 2.265596578422603655E-17, 0.1749999999999999889, 0.1849999999999999978 ) ) ;
#4536 = SURFACE_STYLE_USAGE ( .BOTH. , #4957 ) ;
#4538 = DIRECTION ( 'NONE',  ( -0.0000000000000000000, -1.000000000000000000, -0.0000000000000000000 ) ) ;
#4539 = VERTEX_POINT ( 'NONE', #208 ) ;
#4540 = VERTEX_POINT ( 'NONE', #5680 ) ;
#4541 = ORIENTED_EDGE ( 'NONE', *, *, #4472, .F. ) ;
#4542 = CARTESIAN_POINT ( 'NONE',  ( 0.0000000000000000000, 0.1749999999999999889, 0.0000000000000000000 ) ) ;
#4543 = ADVANCED_FACE ( 'NONE', ( #1926 ), #5635, .T. ) ;
#4544 = ORIENTED_EDGE ( 'NONE', *, *, #4067, .F. ) ;
#4545 = CARTESIAN_POINT ( 'NONE',  ( 0.0000000000000000000, 0.2999999999999999889, 0.0000000000000000000 ) ) ;
#4546 = CARTESIAN_POINT ( 'NONE',  ( 0.0000000000000000000, 0.2340000000000000135, 0.0000000000000000000 ) ) ;
#4547 = ORIENTED_EDGE ( 'NONE', *, *, #2490, .F. ) ;
#4548 = ORIENTED_EDGE ( 'NONE', *, *, #4874, .T. ) ;
#4549 = LINE ( 'NONE', #3226, #4466 ) ;
#4550 = LINE ( 'NONE', #468, #1910 ) ;
#4551 = SURFACE_SIDE_STYLE ('',( #2724 ) ) ;
#4552 = CYLINDRICAL_SURFACE ( 'NONE', #2570, 0.1469999999999999918 ) ;
#4553 = FACE_OUTER_BOUND ( 'NONE', #2680, .T. ) ;
#4554 = CIRCLE ( 'NONE', #465, 0.04749999999999999362 ) ;
#4555 = STYLED_ITEM ( 'NONE', ( #1482 ), #2363 ) ;
#4556 = EDGE_CURVE ( 'NONE', #5235, #2737, #5165, .T. ) ;
#4557 = DIRECTION ( 'NONE',  ( 0.0000000000000000000, 0.0000000000000000000, 1.000000000000000000 ) ) ;
#4558 = STYLED_ITEM ( 'NONE', ( #3320 ), #5072 ) ;
#4559 = AXIS2_PLACEMENT_3D ( 'NONE', #5850, #2691, #2589 ) ;
#4560 = ORIENTED_EDGE ( 'NONE', *, *, #3574, .T. ) ;
#4561 = AXIS2_PLACEMENT_3D ( 'NONE', #3703, #4181, #4152 ) ;
#4562 = EDGE_CURVE ( 'NONE', #953, #1646, #4243, .T. ) ;
#4563 = AXIS2_PLACEMENT_3D ( 'NONE', #1971, #3808, #5620 ) ;
#4564 =( GEOMETRIC_REPRESENTATION_CONTEXT ( 3 ) GLOBAL_UNCERTAINTY_ASSIGNED_CONTEXT ( ( #5885 ) ) GLOBAL_UNIT_ASSIGNED_CONTEXT ( ( #3826, #4333, #4778 ) ) REPRESENTATION_CONTEXT ( 'NONE', 'WORKASPACE' ) );
#4566 = SURFACE_SIDE_STYLE ('',( #1920 ) ) ;
#4565 = LINE ( 'NONE', #2265, #5031 ) ;
#4567 = CARTESIAN_POINT ( 'NONE',  ( 0.09149999999999999800, 0.0000000000000000000, 3.875786328529849706E-18 ) ) ;
#4568 = ORIENTED_EDGE ( 'NONE', *, *, #1518, .F. ) ;
#4569 = CIRCLE ( 'NONE', #2462, 0.04749999999999999362 ) ;
#4570 = VECTOR ( 'NONE', #4452, 39.37007874015748143 ) ;
#4571 = DIRECTION ( 'NONE',  ( 0.0000000000000000000, 0.0000000000000000000, 1.000000000000000000 ) ) ;
#4572 = VERTEX_POINT ( 'NONE', #3426 ) ;
#4573 = AXIS2_PLACEMENT_3D ( 'NONE', #895, #420, #2758 ) ;
#4574 = CIRCLE ( 'NONE', #388, 0.04250000000011844997 ) ;
#4575 = DIRECTION ( 'NONE',  ( 0.0000000000000000000, 0.0000000000000000000, 1.000000000000000000 ) ) ;
#4576 = ORIENTED_EDGE ( 'NONE', *, *, #142, .F. ) ;
#4577 = DIRECTION ( 'NONE',  ( 0.0000000000000000000, 0.0000000000000000000, -1.000000000000000000 ) ) ;
#4578 = DIRECTION ( 'NONE',  ( 0.0000000000000000000, -0.0000000000000000000, 1.000000000000000000 ) ) ;
#4579 = ORIENTED_EDGE ( 'NONE', *, *, #4438, .T. ) ;
#4580 = ORIENTED_EDGE ( 'NONE', *, *, #4326, .T. ) ;
#4581 = ORIENTED_EDGE ( 'NONE', *, *, #2197, .F. ) ;
#4582 = EDGE_CURVE ( 'NONE', #1034, #229, #3855, .T. ) ;
#4583 = DIRECTION ( 'NONE',  ( 0.0000000000000000000, 0.0000000000000000000, -1.000000000000000000 ) ) ;
#4584 = DIRECTION ( 'NONE',  ( -0.0000000000000000000, -1.000000000000000000, -0.0000000000000000000 ) ) ;
#4585 = VECTOR ( 'NONE', #3950, 39.37007874015748143 ) ;
#4586 = CYLINDRICAL_SURFACE ( 'NONE', #4689, 0.1849999999999999978 ) ;
#4587 = MECHANICAL_DESIGN_GEOMETRIC_PRESENTATION_REPRESENTATION (  '', ( #495 ), #2093 ) ;
#4588 = LINE ( 'NONE', #1851, #3220 ) ;
#4589 = DIRECTION ( 'NONE',  ( 0.0000000000000000000, -0.0000000000000000000, 1.000000000000000000 ) ) ;
#4590 = EDGE_CURVE ( 'NONE', #3888, #3657, #2948, .T. ) ;
#4591 = CYLINDRICAL_SURFACE ( 'NONE', #4208, 0.04749999999999999362 ) ;
#4592 = COLOUR_RGB ( '',0.7960784313725489669, 0.6039215686274509443, 0.2313725490196078538 ) ;
#4593 = AXIS2_PLACEMENT_3D ( 'NONE', #2362, #5089, #1016 ) ;
#4594 = VECTOR ( 'NONE', #4669, 39.37007874015748143 ) ;
#4595 = AXIS2_PLACEMENT_3D ( 'NONE', #372, #4366, #884 ) ;
#4596 = ORIENTED_EDGE ( 'NONE', *, *, #1165, .F. ) ;
#4597 = UNCERTAINTY_MEASURE_WITH_UNIT (LENGTH_MEASURE( 1.000000000000000082E-05 ), #1757, 'distance_accuracy_value', 'NONE');
#4598 = MECHANICAL_DESIGN_GEOMETRIC_PRESENTATION_REPRESENTATION (  '', ( #1244 ), #4883 ) ;
#4599 = CIRCLE ( 'NONE', #2773, 0.1849999999999999978 ) ;
#4600 = FILL_AREA_STYLE_COLOUR ( '', #2635 ) ;
#4601 = LINE ( 'NONE', #55, #2638 ) ;
#4602 = VERTEX_POINT ( 'NONE', #5132 ) ;
#4603 = EDGE_LOOP ( 'NONE', ( #1371, #4610, #4891, #5812 ) ) ;
#4604 = AXIS2_PLACEMENT_3D ( 'NONE', #425, #1778, #1 ) ;
#4605 = DIRECTION ( 'NONE',  ( 0.0000000000000000000, 0.0000000000000000000, 1.000000000000000000 ) ) ;
#4606 = EDGE_CURVE ( 'NONE', #522, #5857, #2468, .T. ) ;
#4607 = SURFACE_STYLE_FILL_AREA ( #5046 ) ;
#4608 = CARTESIAN_POINT ( 'NONE',  ( 0.1272752921819470528, 0.05000000000000000278, 0.03500000000000000333 ) ) ;
#4609 = SURFACE_STYLE_FILL_AREA ( #2824 ) ;
#4610 = ORIENTED_EDGE ( 'NONE', *, *, #4990, .T. ) ;
#4611 = EDGE_LOOP ( 'NONE', ( #4198, #2539 ) ) ;
#4612 = CARTESIAN_POINT ( 'NONE',  ( 0.0000000000000000000, 0.05000000000000000278, 0.0000000000000000000 ) ) ;
#4613 = EDGE_LOOP ( 'NONE', ( #382, #1793 ) ) ;
#4614 =( LENGTH_UNIT ( ) NAMED_UNIT ( * ) SI_UNIT ( $, .METRE. ) );
#4615 = LINE ( 'NONE', #3805, #1984 ) ;
#4616 =( NAMED_UNIT ( * ) SI_UNIT ( $, .STERADIAN. ) SOLID_ANGLE_UNIT ( ) );
#4617 = ADVANCED_FACE ( 'NONE', ( #5253 ), #4777, .T. ) ;
#4618 = CARTESIAN_POINT ( 'NONE',  ( 0.1980000000000000093, 0.05000000000000000278, 0.02000000000000000042 ) ) ;
#4619 = DIRECTION ( 'NONE',  ( 8.881784197001252323E-16, 0.0000000000000000000, 1.000000000000000000 ) ) ;
#4620 = FACE_OUTER_BOUND ( 'NONE', #4121, .T. ) ;
#4621 = CARTESIAN_POINT ( 'NONE',  ( 0.0000000000000000000, 0.2439999999999999669, 0.0000000000000000000 ) ) ;
#4622 =( CONVERSION_BASED_UNIT ( 'INCH', #978 ) LENGTH_UNIT ( ) NAMED_UNIT ( #1122 ) );
#4623 = EDGE_LOOP ( 'NONE', ( #3300, #1781, #1231, #3559 ) ) ;
#4624 = ORIENTED_EDGE ( 'NONE', *, *, #2433, .T. ) ;
#4625 = ORIENTED_EDGE ( 'NONE', *, *, #5691, .F. ) ;
#4626 = ADVANCED_FACE ( 'NONE', ( #1066 ), #2851, .T. ) ;
#4627 =( LENGTH_UNIT ( ) NAMED_UNIT ( * ) SI_UNIT ( $, .METRE. ) );
#4628 =( LENGTH_UNIT ( ) NAMED_UNIT ( * ) SI_UNIT ( $, .METRE. ) );
#4629 = FILL_AREA_STYLE_COLOUR ( '', #4196 ) ;
#4630 = ORIENTED_EDGE ( 'NONE', *, *, #2702, .T. ) ;
#4631 = ORIENTED_EDGE ( 'NONE', *, *, #2607, .T. ) ;
#4632 = LINE ( 'NONE', #4188, #852 ) ;
#4633 = EDGE_CURVE ( 'NONE', #4076, #5105, #5510, .T. ) ;
#4634 = CARTESIAN_POINT ( 'NONE',  ( 0.0000000000000000000, 0.1950000000000000067, -0.1849999999999999978 ) ) ;
#4635 = SURFACE_STYLE_USAGE ( .BOTH. , #3744 ) ;
#4636 = DIRECTION ( 'NONE',  ( -0.0000000000000000000, -1.000000000000000000, -0.0000000000000000000 ) ) ;
#4637 = SURFACE_SIDE_STYLE ('',( #5539 ) ) ;
#4638 = DIRECTION ( 'NONE',  ( -1.000000000000000000, 0.0000000000000000000, 0.0000000000000000000 ) ) ;
#4639 = DIRECTION ( 'NONE',  ( 0.0000000000000000000, 0.0000000000000000000, -1.000000000000000000 ) ) ;
#4640 = UNCERTAINTY_MEASURE_WITH_UNIT (LENGTH_MEASURE( 1.000000000000000082E-05 ), #5186, 'distance_accuracy_value', 'NONE');
#4641 = PRESENTATION_LAYER_ASSIGNMENT (  '', '', ( #3504 ) ) ;
#4642 = EDGE_CURVE ( 'NONE', #5876, #3942, #2312, .T. ) ;
#4643 = CIRCLE ( 'NONE', #5416, 0.1849999999999999978 ) ;
#4644 = AXIS2_PLACEMENT_3D ( 'NONE', #3011, #3835, #5664 ) ;
#4646 = DIRECTION ( 'NONE',  ( 0.0000000000000000000, -0.0000000000000000000, 1.000000000000000000 ) ) ;
#4645 = PLANE ( 'NONE',  #4750 ) ;
#4647 = AXIS2_PLACEMENT_3D ( 'NONE', #2220, #4050, #5854 ) ;
#4648 = DIRECTION ( 'NONE',  ( 0.0000000000000000000, 0.0000000000000000000, 1.000000000000000000 ) ) ;
#4649 = EDGE_LOOP ( 'NONE', ( #4772, #5578, #1803, #2615 ) ) ;
#4650 = STYLED_ITEM ( 'NONE', ( #4951 ), #5036 ) ;
#4651 = AXIS2_PLACEMENT_3D ( 'NONE', #1273, #2243, #2146 ) ;
#4652 = VECTOR ( 'NONE', #723, 39.37007874015748143 ) ;
#4653 = ORIENTED_EDGE ( 'NONE', *, *, #227, .F. ) ;
#4654 = DIRECTION ( 'NONE',  ( -1.000000000000000000, 0.0000000000000000000, 0.0000000000000000000 ) ) ;
#4655 = DIRECTION ( 'NONE',  ( 1.000000000000000000, -0.0000000000000000000, 1.545060037967069995E-16 ) ) ;
#4656 = VECTOR ( 'NONE', #4404, 39.37007874015748143 ) ;
#4657 = MECHANICAL_DESIGN_GEOMETRIC_PRESENTATION_REPRESENTATION (  '', ( #2365 ), #660 ) ;
#4658 = DIRECTION ( 'NONE',  ( 0.0000000000000000000, 0.0000000000000000000, 1.000000000000000000 ) ) ;
#4659 = ORIENTED_EDGE ( 'NONE', *, *, #1120, .F. ) ;
#4660 = ORIENTED_EDGE ( 'NONE', *, *, #1798, .F. ) ;
#4661 = CARTESIAN_POINT ( 'NONE',  ( 5.817072295949927179E-18, 0.2239999999999999769, -0.04749999999999999362 ) ) ;
#4662 = EDGE_CURVE ( 'NONE', #3833, #4145, #1110, .T. ) ;
#4663 = CARTESIAN_POINT ( 'NONE',  ( 0.0000000000000000000, 0.3700000000012945156, 0.0000000000000000000 ) ) ;
#4664 = SURFACE_STYLE_USAGE ( .BOTH. , #967 ) ;
#4665 = DIRECTION ( 'NONE',  ( 0.0000000000000000000, 0.0000000000000000000, 1.000000000000000000 ) ) ;
#4666 = EDGE_CURVE ( 'NONE', #1871, #4387, #1541, .T. ) ;
#4667 = COLOUR_RGB ( '',0.0000000000000000000, 0.0000000000000000000, 0.0000000000000000000 ) ;
#4668 = VECTOR ( 'NONE', #2969, 39.37007874015748143 ) ;
#4669 = DIRECTION ( 'NONE',  ( 0.0000000000000000000, -1.000000000000000000, 0.0000000000000000000 ) ) ;
#4670 = EDGE_CURVE ( 'NONE', #711, #4387, #1485, .T. ) ;
#4671 = DIRECTION ( 'NONE',  ( 0.0000000000000000000, 1.000000000000000000, 0.0000000000000000000 ) ) ;
#4672 = DIRECTION ( 'NONE',  ( 0.0000000000000000000, -1.000000000000000000, 0.0000000000000000000 ) ) ;
#4673 = AXIS2_PLACEMENT_3D ( 'NONE', #290, #2970, #254 ) ;
#4674 = DIRECTION ( 'NONE',  ( -1.000000000000000000, 0.0000000000000000000, 0.0000000000000000000 ) ) ;
#4675 = MECHANICAL_DESIGN_GEOMETRIC_PRESENTATION_REPRESENTATION (  '', ( #3633 ), #2958 ) ;
#4676 = DIMENSIONAL_EXPONENTS ( 1.000000000000000000, 0.0000000000000000000, 0.0000000000000000000, 0.0000000000000000000, 0.0000000000000000000, 0.0000000000000000000, 0.0000000000000000000 ) ;
#4677 = ORIENTED_EDGE ( 'NONE', *, *, #2515, .T. ) ;
#4678 = AXIS2_PLACEMENT_3D ( 'NONE', #228, #4325, #4350 ) ;
#4679 = CIRCLE ( 'NONE', #5358, 0.04749999999999999362 ) ;
#4680 = EDGE_CURVE ( 'NONE', #1996, #1597, #5311, .T. ) ;
#4681 =( CONVERSION_BASED_UNIT ( 'INCH', #2844 ) LENGTH_UNIT ( ) NAMED_UNIT ( #3880 ) );
#4682 = SURFACE_SIDE_STYLE ('',( #4238 ) ) ;
#4683 = ORIENTED_EDGE ( 'NONE', *, *, #4304, .F. ) ;
#4684 = EDGE_LOOP ( 'NONE', ( #863, #127, #1672, #3980 ) ) ;
#4685 = AXIS2_PLACEMENT_3D ( 'NONE', #1511, #1994, #5559 ) ;
#4686 = EDGE_CURVE ( 'NONE', #2715, #299, #3400, .T. ) ;
#4688 = DIRECTION ( 'NONE',  ( -0.0000000000000000000, -1.000000000000000000, -0.0000000000000000000 ) ) ;
#4687 = DIRECTION ( 'NONE',  ( 0.0000000000000000000, 0.0000000000000000000, 1.000000000000000000 ) ) ;
#4689 = AXIS2_PLACEMENT_3D ( 'NONE', #890, #412, #4457 ) ;
#4690 = CIRCLE ( 'NONE', #25, 0.04749999999999999362 ) ;
#4691 = CARTESIAN_POINT ( 'NONE',  ( 0.0000000000000000000, 0.0000000000000000000, 0.1469999999999999918 ) ) ;
#4692 = EDGE_LOOP ( 'NONE', ( #1418, #4408, #5282, #3983 ) ) ;
#4693 = ORIENTED_EDGE ( 'NONE', *, *, #1285, .T. ) ;
#4694 = VERTEX_POINT ( 'NONE', #2642 ) ;
#4695 = DIRECTION ( 'NONE',  ( 0.9699653213473705682, 0.0000000000000000000, -0.2432432432432439229 ) ) ;
#4696 =( CONVERSION_BASED_UNIT ( 'INCH', #3306 ) LENGTH_UNIT ( ) NAMED_UNIT ( #3807 ) );
#4697 = CYLINDRICAL_SURFACE ( 'NONE', #4312, 0.04749999999999999362 ) ;
#4698 = CARTESIAN_POINT ( 'NONE',  ( 5.817072295949927179E-18, 0.1839999999999999969, -0.04749999999999999362 ) ) ;
#4699 = LINE ( 'NONE', #3930, #1214 ) ;
#4700 = FACE_OUTER_BOUND ( 'NONE', #4154, .T. ) ;
#4701 = ADVANCED_FACE ( 'NONE', ( #5284 ), #3038, .F. ) ;
#4702 = CARTESIAN_POINT ( 'NONE',  ( 0.0000000000000000000, 0.05000000000000000278, 0.0000000000000000000 ) ) ;
#4703 = PLANE ( 'NONE',  #762 ) ;
#4704 = DIRECTION ( 'NONE',  ( 0.0000000000000000000, -1.000000000000000000, 0.0000000000000000000 ) ) ;
#4705 = PLANE ( 'NONE',  #410 ) ;
#4706 = ADVANCED_FACE ( 'NONE', ( #2582 ), #2546, .T. ) ;
#4707 = VERTEX_POINT ( 'NONE', #3123 ) ;
#4709 = FILL_AREA_STYLE_COLOUR ( '', #2264 ) ;
#4708 =( LENGTH_UNIT ( ) NAMED_UNIT ( * ) SI_UNIT ( $, .METRE. ) );
#4710 =( NAMED_UNIT ( * ) SI_UNIT ( $, .STERADIAN. ) SOLID_ANGLE_UNIT ( ) );
#4711 = VERTEX_POINT ( 'NONE', #4355 ) ;
#4712 = ORIENTED_EDGE ( 'NONE', *, *, #2367, .F. ) ;
#4713 = DIMENSIONAL_EXPONENTS ( 1.000000000000000000, 0.0000000000000000000, 0.0000000000000000000, 0.0000000000000000000, 0.0000000000000000000, 0.0000000000000000000, 0.0000000000000000000 ) ;
#4715 = DIRECTION ( 'NONE',  ( 0.0000000000000000000, 0.0000000000000000000, 1.000000000000000000 ) ) ;
#4714 = DIRECTION ( 'NONE',  ( -0.0000000000000000000, -1.000000000000000000, -0.0000000000000000000 ) ) ;
#4716 = FACE_BOUND ( 'NONE', #4613, .T. ) ;
#4717 = DIRECTION ( 'NONE',  ( -0.0000000000000000000, -1.000000000000000000, -0.0000000000000000000 ) ) ;
#4718 = ORIENTED_EDGE ( 'NONE', *, *, #3842, .F. ) ;
#4719 = VERTEX_POINT ( 'NONE', #1264 ) ;
#4720 = ORIENTED_EDGE ( 'NONE', *, *, #3634, .T. ) ;
#4721 = DIRECTION ( 'NONE',  ( -0.0000000000000000000, -1.000000000000000000, -0.0000000000000000000 ) ) ;
#4722 = EDGE_CURVE ( 'NONE', #229, #4875, #2208, .T. ) ;
#4723 = LINE ( 'NONE', #644, #1720 ) ;
#4724 = DIRECTION ( 'NONE',  ( 1.000000000000000000, 0.0000000000000000000, -0.0000000000000000000 ) ) ;
#4725 = CARTESIAN_POINT ( 'NONE',  ( 0.0000000000000000000, 0.2149999999999999967, 0.0000000000000000000 ) ) ;
#4726 = PRESENTATION_STYLE_ASSIGNMENT (( #4819 ) ) ;
#4727 = DIRECTION ( 'NONE',  ( 1.000000000000000000, 0.0000000000000000000, -0.0000000000000000000 ) ) ;
#4728 = DIRECTION ( 'NONE',  ( 0.0000000000000000000, 0.0000000000000000000, -1.000000000000000000 ) ) ;
#4729 = DIRECTION ( 'NONE',  ( -1.000000000000000000, -0.0000000000000000000, 0.0000000000000000000 ) ) ;
#4730 = CARTESIAN_POINT ( 'NONE',  ( -9.639569805745200661E-18, 0.2640000000000000124, 3.875786328529849706E-18 ) ) ;
#4731 = ADVANCED_FACE ( 'NONE', ( #302 ), #4413, .T. ) ;
#4732 = ORIENTED_EDGE ( 'NONE', *, *, #2359, .T. ) ;
#4734 = CARTESIAN_POINT ( 'NONE',  ( 0.0000000000000000000, 0.2540000000000000036, 0.0000000000000000000 ) ) ;
#4733 = SURFACE_SIDE_STYLE ('',( #5210 ) ) ;
#4735 = EDGE_CURVE ( 'NONE', #3091, #4694, #4739, .T. ) ;
#4736 = DIRECTION ( 'NONE',  ( -1.000000000000000000, 0.0000000000000000000, 0.0000000000000000000 ) ) ;
#4737 = AXIS2_PLACEMENT_3D ( 'NONE', #3597, #1325, #3152 ) ;
#4738 = ORIENTED_EDGE ( 'NONE', *, *, #2419, .F. ) ;
#4739 = CIRCLE ( 'NONE', #4939, 0.1849999999999999978 ) ;
#4740 = CIRCLE ( 'NONE', #5216, 0.04749999999999999362 ) ;
#4742 = LINE ( 'NONE', #5285, #5310 ) ;
#4741 = CARTESIAN_POINT ( 'NONE',  ( -0.1920000000000000040, -0.03099999999999999978, -0.02750000000000000014 ) ) ;
#4743 = EDGE_CURVE ( 'NONE', #3129, #3164, #2138, .T. ) ;
#4744 = DIRECTION ( 'NONE',  ( 0.0000000000000000000, 0.0000000000000000000, 1.000000000000000000 ) ) ;
#4745 = DIRECTION ( 'NONE',  ( -1.492566466189939985E-16, 0.0000000000000000000, -1.000000000000000000 ) ) ;
#4746 = VERTEX_POINT ( 'NONE', #2609 ) ;
#4747 = EDGE_LOOP ( 'NONE', ( #2052, #4900 ) ) ;
#4748 = ORIENTED_EDGE ( 'NONE', *, *, #2127, .F. ) ;
#4749 = ORIENTED_EDGE ( 'NONE', *, *, #1524, .F. ) ;
#4750 = AXIS2_PLACEMENT_3D ( 'NONE', #2465, #3852, #3264 ) ;
#4751 = DIRECTION ( 'NONE',  ( 0.0000000000000000000, 1.000000000000000000, 0.0000000000000000000 ) ) ;
#4752 = PRESENTATION_LAYER_ASSIGNMENT (  '', '', ( #5231 ) ) ;
#4753 = VECTOR ( 'NONE', #4248, 39.37007874015748143 ) ;
#4754 = VECTOR ( 'NONE', #5470, 39.37007874015748143 ) ;
#4755 = DIRECTION ( 'NONE',  ( 0.0000000000000000000, -1.000000000000000000, 0.0000000000000000000 ) ) ;
#4756 = EDGE_CURVE ( 'NONE', #27, #5557, #1687, .T. ) ;
#4757 = CARTESIAN_POINT ( 'NONE',  ( 9.639569805745200661E-18, 0.0000000000000000000, 3.875786328529849706E-18 ) ) ;
#4758 = LINE ( 'NONE', #1488, #3541 ) ;
#4759 = DIMENSIONAL_EXPONENTS ( 1.000000000000000000, 0.0000000000000000000, 0.0000000000000000000, 0.0000000000000000000, 0.0000000000000000000, 0.0000000000000000000, 0.0000000000000000000 ) ;
#4760 = VERTEX_POINT ( 'NONE', #4006 ) ;
#4761 = CARTESIAN_POINT ( 'NONE',  ( -0.06900000000000000577, 0.3619999999999999885, 0.2099999999999999922 ) ) ;
#4762 = DIRECTION ( 'NONE',  ( 0.0000000000000000000, -1.000000000000000000, -0.0000000000000000000 ) ) ;
#4763 = PRODUCT_DEFINITION_FORMATION_WITH_SPECIFIED_SOURCE ( 'ANY', '', #497, .NOT_KNOWN. ) ;
#4764 = EDGE_CURVE ( 'NONE', #5613, #4360, #3894, .T. ) ;
#4765 = PLANE ( 'NONE',  #5607 ) ;
#4766 = DIRECTION ( 'NONE',  ( 0.0000000000000000000, 1.000000000000000000, 0.0000000000000000000 ) ) ;
#4767 = CARTESIAN_POINT ( 'NONE',  ( 0.0000000000000000000, 0.05000000000000000278, 0.1469999999999999918 ) ) ;
#4768 = AXIS2_PLACEMENT_3D ( 'NONE', #1658, #4888, #5302 ) ;
#4769 = VERTEX_POINT ( 'NONE', #1836 ) ;
#4771 = PLANE ( 'NONE',  #1389 ) ;
#4770 = CARTESIAN_POINT ( 'NONE',  ( 0.1980000000000000093, 0.05000000000000000278, 0.03500000000000000333 ) ) ;
#4772 = ORIENTED_EDGE ( 'NONE', *, *, #3606, .T. ) ;
#4773 = ORIENTED_EDGE ( 'NONE', *, *, #67, .F. ) ;
#4774 = CIRCLE ( 'NONE', #1906, 0.1849999999999999978 ) ;
#4775 = EDGE_CURVE ( 'NONE', #907, #904, #2065, .T. ) ;
#4776 =( GEOMETRIC_REPRESENTATION_CONTEXT ( 3 ) GLOBAL_UNCERTAINTY_ASSIGNED_CONTEXT ( ( #2660 ) ) GLOBAL_UNIT_ASSIGNED_CONTEXT ( ( #2781, #1459, #4616 ) ) REPRESENTATION_CONTEXT ( 'NONE', 'WORKASPACE' ) );
#4778 =( NAMED_UNIT ( * ) SI_UNIT ( $, .STERADIAN. ) SOLID_ANGLE_UNIT ( ) );
#4777 = CYLINDRICAL_SURFACE ( 'NONE', #4841, 0.04749999999999999362 ) ;
#4779 = CARTESIAN_POINT ( 'NONE',  ( 0.0000000000000000000, 0.1749999999999999889, 0.0000000000000000000 ) ) ;
#4780 = CARTESIAN_POINT ( 'NONE',  ( 0.0000000000000000000, 0.2149999999999999967, 0.0000000000000000000 ) ) ;
#4781 = EDGE_LOOP ( 'NONE', ( #306, #2981 ) ) ;
#4782 = EDGE_LOOP ( 'NONE', ( #455, #5611 ) ) ;
#4783 = ORIENTED_EDGE ( 'NONE', *, *, #4057, .F. ) ;
#4784 = VECTOR ( 'NONE', #3079, 39.37007874015748143 ) ;
#4785 = ORIENTED_EDGE ( 'NONE', *, *, #4253, .T. ) ;
#4786 = VECTOR ( 'NONE', #3469, 39.37007874015748143 ) ;
#4787 = CYLINDRICAL_SURFACE ( 'NONE', #1219, 0.04749999999999999362 ) ;
#4788 = DIRECTION ( 'NONE',  ( 0.0000000000000000000, -0.0000000000000000000, -1.000000000000000000 ) ) ;
#4789 = EDGE_CURVE ( 'NONE', #4145, #3833, #4643, .T. ) ;
#4790 = ADVANCED_FACE ( 'NONE', ( #3644 ), #450, .T. ) ;
#4791 = VECTOR ( 'NONE', #17, 39.37007874015748143 ) ;
#4792 = AXIS2_PLACEMENT_3D ( 'NONE', #4839, #3981, #4964 ) ;
#4793 = AXIS2_PLACEMENT_3D ( 'NONE', #2436, #179, #2772 ) ;
#4794 = LINE ( 'NONE', #794, #2968 ) ;
#4795 = FACE_OUTER_BOUND ( 'NONE', #4411, .T. ) ;
#4796 = DIRECTION ( 'NONE',  ( 0.0000000000000000000, -0.0000000000000000000, 1.000000000000000000 ) ) ;
#4797 = PLANE ( 'NONE',  #2481 ) ;
#4798 = CARTESIAN_POINT ( 'NONE',  ( 0.1587450786638761047, 0.0000000000000000000, 0.09499999999999894640 ) ) ;
#4799 = CARTESIAN_POINT ( 'NONE',  ( 0.0000000000000000000, 0.1499999999999999944, 0.0000000000000000000 ) ) ;
#4800 = EDGE_CURVE ( 'NONE', #5654, #3888, #1017, .T. ) ;
#4801 = ORIENTED_EDGE ( 'NONE', *, *, #5146, .T. ) ;
#4802 = DIRECTION ( 'NONE',  ( -0.0000000000000000000, -1.000000000000000000, -0.0000000000000000000 ) ) ;
#4803 = ORIENTED_EDGE ( 'NONE', *, *, #2816, .F. ) ;
#4804 = ORIENTED_EDGE ( 'NONE', *, *, #3869, .F. ) ;
#4806 = LENGTH_MEASURE_WITH_UNIT ( LENGTH_MEASURE( 0.02539999999999999897 ), #698 );
#4805 = DIRECTION ( 'NONE',  ( -0.0000000000000000000, 1.000000000000000000, -0.0000000000000000000 ) ) ;
#4807 = PLANE ( 'NONE',  #2216 ) ;
#4808 = DIRECTION ( 'NONE',  ( 0.0000000000000000000, -1.000000000000000000, 0.0000000000000000000 ) ) ;
#4809 = ORIENTED_EDGE ( 'NONE', *, *, #1382, .F. ) ;
#4810 = EDGE_LOOP ( 'NONE', ( #1263, #4435, #5107, #3753 ) ) ;
#4811 = ORIENTED_EDGE ( 'NONE', *, *, #2882, .T. ) ;
#4812 = DIRECTION ( 'NONE',  ( 1.000000000000000000, 0.0000000000000000000, 0.0000000000000000000 ) ) ;
#4813 = DIRECTION ( 'NONE',  ( 0.0000000000000000000, 0.0000000000000000000, 1.000000000000000000 ) ) ;
#4814 = ADVANCED_FACE ( 'NONE', ( #5469 ), #4146, .T. ) ;
#4815 = ORIENTED_EDGE ( 'NONE', *, *, #2771, .F. ) ;
#4816 = DIRECTION ( 'NONE',  ( -0.7660444431189776804, -0.6427876096865396960, 0.0000000000000000000 ) ) ;
#4817 = PRESENTATION_STYLE_ASSIGNMENT (( #5325 ) ) ;
#4818 = CARTESIAN_POINT ( 'NONE',  ( 0.0000000000000000000, 0.1650000000000000078, 0.0000000000000000000 ) ) ;
#4819 = SURFACE_STYLE_USAGE ( .BOTH. , #1077 ) ;
#4820 = LINE ( 'NONE', #2090, #20 ) ;
#4821 = SURFACE_STYLE_USAGE ( .BOTH. , #1624 ) ;
#4822 = PRESENTATION_STYLE_ASSIGNMENT (( #5275 ) ) ;
#4823 = SURFACE_STYLE_USAGE ( .BOTH. , #4682 ) ;
#4824 = LINE ( 'NONE', #324, #5243 ) ;
#4825 = CARTESIAN_POINT ( 'NONE',  ( -0.1587450786638753830, 0.0000000000000000000, 0.09500000000000015377 ) ) ;
#4826 = EDGE_LOOP ( 'NONE', ( #3886, #2941 ) ) ;
#4827 = ORIENTED_EDGE ( 'NONE', *, *, #5308, .F. ) ;
#4829 = CARTESIAN_POINT ( 'NONE',  ( 5.817072295949927179E-18, 0.1499999999999999944, -0.04749999999999999362 ) ) ;
#4828 = DIRECTION ( 'NONE',  ( 0.0000000000000000000, -1.000000000000000000, 0.0000000000000000000 ) ) ;
#4830 = EDGE_CURVE ( 'NONE', #1034, #3164, #4565, .T. ) ;
#4831 = VERTEX_POINT ( 'NONE', #1858 ) ;
#4833 = PRESENTATION_STYLE_ASSIGNMENT (( #3005 ) ) ;
#4832 = DIRECTION ( 'NONE',  ( 0.0000000000000000000, -1.000000000000000000, 0.0000000000000000000 ) ) ;
#4834 = DIRECTION ( 'NONE',  ( -0.7660444431189781245, 0.6427876096865390299, 0.0000000000000000000 ) ) ;
#4835 = EDGE_CURVE ( 'NONE', #2348, #4915, #1416, .T. ) ;
#4836 = FACE_OUTER_BOUND ( 'NONE', #3292, .T. ) ;
#4837 = ORIENTED_EDGE ( 'NONE', *, *, #3718, .T. ) ;
#4838 = ORIENTED_EDGE ( 'NONE', *, *, #1036, .T. ) ;
#4839 = CARTESIAN_POINT ( 'NONE',  ( 0.0000000000000000000, 0.2349999999999999867, 0.0000000000000000000 ) ) ;
#4840 = LINE ( 'NONE', #275, #1111 ) ;
#4841 = AXIS2_PLACEMENT_3D ( 'NONE', #235, #4139, #1038 ) ;
#4842 = COLOUR_RGB ( '',0.7960784313725489669, 0.6039215686274509443, 0.2313725490196078538 ) ;
#4843 = ORIENTED_EDGE ( 'NONE', *, *, #4454, .T. ) ;
#4844 = DIRECTION ( 'NONE',  ( 0.0000000000000000000, 1.000000000000000000, 0.0000000000000000000 ) ) ;
#4845 = VECTOR ( 'NONE', #2201, 39.37007874015748143 ) ;
#4846 = AXIS2_PLACEMENT_3D ( 'NONE', #154, #2030, #643 ) ;
#4847 = AXIS2_PLACEMENT_3D ( 'NONE', #4545, #1817, #4077 ) ;
#4848 = LINE ( 'NONE', #1194, #2482 ) ;
#4849 = ORIENTED_EDGE ( 'NONE', *, *, #5364, .F. ) ;
#4850 = CYLINDRICAL_SURFACE ( 'NONE', #1601, 0.1320000000000000062 ) ;
#4851 = CARTESIAN_POINT ( 'NONE',  ( -0.1920000000000000040, -0.03100000000000000325, -0.02000000000000000042 ) ) ;
#4852 = STYLED_ITEM ( 'NONE', ( #1717 ), #4941 ) ;
#4853 = AXIS2_PLACEMENT_3D ( 'NONE', #1208, #2435, #4271 ) ;
#4854 = DIRECTION ( 'NONE',  ( 0.0000000000000000000, 0.0000000000000000000, 1.000000000000000000 ) ) ;
#4855 =( LENGTH_UNIT ( ) NAMED_UNIT ( * ) SI_UNIT ( $, .METRE. ) );
#4856 = SURFACE_SIDE_STYLE ('',( #442 ) ) ;
#4857 = VECTOR ( 'NONE', #4160, 39.37007874015748143 ) ;
#4858 = MECHANICAL_DESIGN_GEOMETRIC_PRESENTATION_REPRESENTATION (  '', ( #2934 ), #5336 ) ;
#4859 = DIRECTION ( 'NONE',  ( -0.0000000000000000000, -1.000000000000000000, -0.0000000000000000000 ) ) ;
#4860 = CARTESIAN_POINT ( 'NONE',  ( -0.01499999999999999944, 0.3666724685030944841, -0.04330672559335642380 ) ) ;
#4861 = EDGE_CURVE ( 'NONE', #3193, #4892, #5069, .T. ) ;
#4862 = VECTOR ( 'NONE', #1881, 39.37007874015748143 ) ;
#4864 =( NAMED_UNIT ( * ) PLANE_ANGLE_UNIT ( ) SI_UNIT ( $, .RADIAN. ) );
#4863 = DIRECTION ( 'NONE',  ( 0.5135135135135137086, 0.0000000000000000000, 0.8580815062912184876 ) ) ;
#4865 = ORIENTED_EDGE ( 'NONE', *, *, #2658, .F. ) ;
#4866 = AXIS2_PLACEMENT_3D ( 'NONE', #3757, #2378, #4648 ) ;
#4867 = CARTESIAN_POINT ( 'NONE',  ( 0.0000000000000000000, 0.05000000000000000278, 0.0000000000000000000 ) ) ;
#4868 = DIRECTION ( 'NONE',  ( -0.0000000000000000000, 1.000000000000000000, -0.0000000000000000000 ) ) ;
#4869 = ORIENTED_EDGE ( 'NONE', *, *, #4562, .F. ) ;
#4870 = ORIENTED_EDGE ( 'NONE', *, *, #4075, .F. ) ;
#4871 = ORIENTED_EDGE ( 'NONE', *, *, #4511, .T. ) ;
#4872 = CARTESIAN_POINT ( 'NONE',  ( 2.265596578422603655E-17, 0.1650000000000000078, 0.1849999999999999978 ) ) ;
#4873 = STYLED_ITEM ( 'NONE', ( #5567 ), #449 ) ;
#4874 = EDGE_CURVE ( 'NONE', #4694, #5774, #4171, .T. ) ;
#4875 = VERTEX_POINT ( 'NONE', #86 ) ;
#4876 = MECHANICAL_DESIGN_GEOMETRIC_PRESENTATION_REPRESENTATION (  '', ( #1818 ), #202 ) ;
#4877 = DIRECTION ( 'NONE',  ( -0.9699653213473709013, 0.0000000000000000000, 0.2432432432432430347 ) ) ;
#4878 = STYLED_ITEM ( 'NONE', ( #5390 ), #791 ) ;
#4879 = FILL_AREA_STYLE ('',( #5773 ) ) ;
#4880 = DIRECTION ( 'NONE',  ( -0.0000000000000000000, 1.000000000000000000, -0.0000000000000000000 ) ) ;
#4881 = CARTESIAN_POINT ( 'NONE',  ( -0.08899999999999999578, 0.1499999999999999944, 0.2099999999999999922 ) ) ;
#4882 = UNCERTAINTY_MEASURE_WITH_UNIT (LENGTH_MEASURE( 1.000000000000000082E-05 ), #2157, 'distance_accuracy_value', 'NONE');
#4883 =( GEOMETRIC_REPRESENTATION_CONTEXT ( 3 ) GLOBAL_UNCERTAINTY_ASSIGNED_CONTEXT ( ( #2676 ) ) GLOBAL_UNIT_ASSIGNED_CONTEXT ( ( #3145, #1827, #474 ) ) REPRESENTATION_CONTEXT ( 'NONE', 'WORKASPACE' ) );
#4884 = DIRECTION ( 'NONE',  ( 0.0000000000000000000, -1.000000000000000000, 0.0000000000000000000 ) ) ;
#4885 = DIRECTION ( 'NONE',  ( 0.0000000000000000000, 1.000000000000000000, -0.0000000000000000000 ) ) ;
#4886 = CARTESIAN_POINT ( 'NONE',  ( -0.1920000000000000040, 0.05000000000000000278, -0.03500000000000000333 ) ) ;
#4887 = VECTOR ( 'NONE', #1332, 39.37007874015748854 ) ;
#4888 = DIRECTION ( 'NONE',  ( -0.0000000000000000000, -1.000000000000000000, -0.0000000000000000000 ) ) ;
#4889 = CARTESIAN_POINT ( 'NONE',  ( 0.0000000000000000000, 0.1950000000000000067, 0.0000000000000000000 ) ) ;
#4890 = EDGE_CURVE ( 'NONE', #4602, #3046, #3724, .T. ) ;
#4891 = ORIENTED_EDGE ( 'NONE', *, *, #3879, .T. ) ;
#4892 = VERTEX_POINT ( 'NONE', #2236 ) ;
#4893 = EDGE_CURVE ( 'NONE', #3141, #2472, #4554, .T. ) ;
#4894 = UNCERTAINTY_MEASURE_WITH_UNIT (LENGTH_MEASURE( 1.000000000000000082E-05 ), #1102, 'distance_accuracy_value', 'NONE');
#4895 = MANIFOLD_SOLID_BREP ( 'Solid1', #4471 ) ;
#4897 = CARTESIAN_POINT ( 'NONE',  ( 0.0000000000000000000, 0.1499999999999999944, 0.0000000000000000000 ) ) ;
#4896 = DIRECTION ( 'NONE',  ( 0.0000000000000000000, -1.000000000000000000, 0.0000000000000000000 ) ) ;
#4898 = CARTESIAN_POINT ( 'NONE',  ( 0.0000000000000000000, 0.2550000000000000044, -0.1849999999999999978 ) ) ;
#4899 = ORIENTED_EDGE ( 'NONE', *, *, #5656, .T. ) ;
#4900 = ORIENTED_EDGE ( 'NONE', *, *, #3543, .F. ) ;
#4901 = ORIENTED_EDGE ( 'NONE', *, *, #3263, .T. ) ;
#4902 = CARTESIAN_POINT ( 'NONE',  ( 0.01499999999999999944, 0.4000000000000000222, -0.03708099243547829937 ) ) ;
#4903 = ORIENTED_EDGE ( 'NONE', *, *, #5838, .F. ) ;
#4904 = DIRECTION ( 'NONE',  ( 0.0000000000000000000, 0.0000000000000000000, 1.000000000000000000 ) ) ;
#4905 = CARTESIAN_POINT ( 'NONE',  ( -3.588191662306300277E-18, 0.05000000000000000278, 1.718716642558139740E-17 ) ) ;
#4906 = FACE_OUTER_BOUND ( 'NONE', #5754, .T. ) ;
#4907 = ADVANCED_FACE ( 'NONE', ( #140 ), #4645, .T. ) ;
#4908 = LINE ( 'NONE', #4020, #2277 ) ;
#4909 = DIRECTION ( 'NONE',  ( 0.0000000000000000000, 0.0000000000000000000, -1.000000000000000000 ) ) ;
#4910 = DIRECTION ( 'NONE',  ( 0.0000000000000000000, 0.0000000000000000000, -1.000000000000000000 ) ) ;
#4911 = LENGTH_MEASURE_WITH_UNIT ( LENGTH_MEASURE( 0.02539999999999999897 ), #4855 );
#4912 = EDGE_CURVE ( 'NONE', #2148, #3885, #3327, .T. ) ;
#4913 = DIRECTION ( 'NONE',  ( 0.0000000000000000000, 0.0000000000000000000, 1.000000000000000000 ) ) ;
#4914 = DIRECTION ( 'NONE',  ( 0.0000000000000000000, 1.000000000000000000, 0.0000000000000000000 ) ) ;
#4915 = VERTEX_POINT ( 'NONE', #1086 ) ;
#4916 = ORIENTED_EDGE ( 'NONE', *, *, #4861, .T. ) ;
#4918 = DIRECTION ( 'NONE',  ( 0.0000000000000000000, 0.0000000000000000000, 1.000000000000000000 ) ) ;
#4917 = DIRECTION ( 'NONE',  ( -0.0000000000000000000, -1.000000000000000000, -0.0000000000000000000 ) ) ;
#4919 = VERTEX_POINT ( 'NONE', #4770 ) ;
#4920 = ADVANCED_FACE ( 'NONE', ( #2817, #5122 ), #570, .F. ) ;
#4921 = VERTEX_POINT ( 'NONE', #2493 ) ;
#4922 = EDGE_CURVE ( 'NONE', #2942, #3525, #1114, .T. ) ;
#4924 = CARTESIAN_POINT ( 'NONE',  ( -9.639569805745200661E-18, 0.2650000000000000133, 3.875786328529849706E-18 ) ) ;
#4923 = DIRECTION ( 'NONE',  ( 0.0000000000000000000, -0.0000000000000000000, 1.000000000000000000 ) ) ;
#4925 = CARTESIAN_POINT ( 'NONE',  ( 0.0000000000000000000, 0.2449999999999999956, 0.0000000000000000000 ) ) ;
#4926 = VERTEX_POINT ( 'NONE', #4328 ) ;
#4927 = EDGE_LOOP ( 'NONE', ( #3066, #2651, #1845, #3339 ) ) ;
#4928 = VERTEX_POINT ( 'NONE', #2876 ) ;
#4929 = LINE ( 'NONE', #309, #4203 ) ;
#4930 = DIRECTION ( 'NONE',  ( -0.0000000000000000000, -1.000000000000000000, -0.0000000000000000000 ) ) ;
#4931 = EDGE_LOOP ( 'NONE', ( #3224, #4967, #3710, #456 ) ) ;
#4932 = ADVANCED_FACE ( 'NONE', ( #3288 ), #2376, .T. ) ;
#4933 = CARTESIAN_POINT ( 'NONE',  ( 0.0000000000000000000, 0.1499999999999999944, 0.04749999999999999362 ) ) ;
#4934 = LINE ( 'NONE', #3138, #1245 ) ;
#4935 = LINE ( 'NONE', #4108, #1799 ) ;
#4936 = AXIS2_PLACEMENT_3D ( 'NONE', #4952, #419, #4531 ) ;
#4937 = CARTESIAN_POINT ( 'NONE',  ( -9.639569805745200661E-18, 0.2149999999999999967, 3.875786328529849706E-18 ) ) ;
#4938 = CARTESIAN_POINT ( 'NONE',  ( 0.0000000000000000000, 0.2039999999999999869, -0.1849999999999999978 ) ) ;
#4939 = AXIS2_PLACEMENT_3D ( 'NONE', #2109, #4896, #5716 ) ;
#4940 = AXIS2_PLACEMENT_3D ( 'NONE', #1578, #671, #1190 ) ;
#4941 = ADVANCED_FACE ( 'NONE', ( #5245 ), #3001, .F. ) ;
#4942 = CARTESIAN_POINT ( 'NONE',  ( -9.639569805745200661E-18, 0.1549999999999999989, 3.875786328529849706E-18 ) ) ;
#4943 = FACE_OUTER_BOUND ( 'NONE', #2617, .T. ) ;
#4944 = DIRECTION ( 'NONE',  ( 0.0000000000000000000, 0.0000000000000000000, -1.000000000000000000 ) ) ;
#4945 = AXIS2_PLACEMENT_3D ( 'NONE', #116, #1470, #1060 ) ;
#4946 = MECHANICAL_DESIGN_GEOMETRIC_PRESENTATION_REPRESENTATION (  '', ( #1691 ), #3996 ) ;
#4947 = EDGE_CURVE ( 'NONE', #668, #501, #2541, .T. ) ;
#4948 = ORIENTED_EDGE ( 'NONE', *, *, #1767, .T. ) ;
#4949 =( GEOMETRIC_REPRESENTATION_CONTEXT ( 3 ) GLOBAL_UNCERTAINTY_ASSIGNED_CONTEXT ( ( #2789 ) ) GLOBAL_UNIT_ASSIGNED_CONTEXT ( ( #3777, #3283, #5543 ) ) REPRESENTATION_CONTEXT ( 'NONE', 'WORKASPACE' ) );
#4950 = CIRCLE ( 'NONE', #5135, 0.1849999999999999978 ) ;
#4952 = CARTESIAN_POINT ( 'NONE',  ( -0.1425849022380639985, 0.0000000000000000000, -0.03575675675675679677 ) ) ;
#4951 = PRESENTATION_STYLE_ASSIGNMENT (( #5865 ) ) ;
#4953 = DIRECTION ( 'NONE',  ( 0.0000000000000000000, 1.000000000000000000, 0.0000000000000000000 ) ) ;
#4954 = VERTEX_POINT ( 'NONE', #3481 ) ;
#4955 = PRESENTATION_LAYER_ASSIGNMENT (  '', '', ( #576 ) ) ;
#4956 = EDGE_LOOP ( 'NONE', ( #2219, #3787, #2768, #4308 ) ) ;
#4958 = DIRECTION ( 'NONE',  ( 0.0000000000000000000, 0.0000000000000000000, -1.000000000000000000 ) ) ;
#4957 = SURFACE_SIDE_STYLE ('',( #1361 ) ) ;
#4959 = CARTESIAN_POINT ( 'NONE',  ( 0.09149999999999985922, 0.0000000000000000000, 0.1607879037738847716 ) ) ;
#4960 = CIRCLE ( 'NONE', #5701, 0.04749999999999999362 ) ;
#4961 = ORIENTED_EDGE ( 'NONE', *, *, #1483, .T. ) ;
#4962 = ORIENTED_EDGE ( 'NONE', *, *, #3588, .T. ) ;
#4963 = VERTEX_POINT ( 'NONE', #2972 ) ;
#4964 = DIRECTION ( 'NONE',  ( 0.0000000000000000000, 0.0000000000000000000, -1.000000000000000000 ) ) ;
#4965 = CARTESIAN_POINT ( 'NONE',  ( -0.01499999999999999944, 0.3700000000010787993, 0.03976493430182424793 ) ) ;
#4966 = AXIS2_PLACEMENT_3D ( 'NONE', #1229, #2063, #1682 ) ;
#4967 = ORIENTED_EDGE ( 'NONE', *, *, #3060, .F. ) ;
#4968 = EDGE_CURVE ( 'NONE', #904, #907, #5226, .T. ) ;
#4969 = CARTESIAN_POINT ( 'NONE',  ( 0.1980000000000000093, -0.03099999999999999978, -0.03500000000000000333 ) ) ;
#4970 = CARTESIAN_POINT ( 'NONE',  ( 0.04900000000000000883, -0.02566611069585889374, 0.1899999999999999745 ) ) ;
#4971 = CARTESIAN_POINT ( 'NONE',  ( 0.0000000000000000000, 0.2039999999999999869, 0.0000000000000000000 ) ) ;
#4972 = CARTESIAN_POINT ( 'NONE',  ( 0.0000000000000000000, 0.1549999999999999989, 0.04749999999999999362 ) ) ;
#4973 = VECTOR ( 'NONE', #4234, 39.37007874015748143 ) ;
#4974 = ORIENTED_EDGE ( 'NONE', *, *, #3243, .T. ) ;
#4975 = DIRECTION ( 'NONE',  ( 0.0000000000000000000, 1.000000000000000000, 0.0000000000000000000 ) ) ;
#4976 = ADVANCED_FACE ( 'NONE', ( #3910 ), #2103, .T. ) ;
#4977 = DIRECTION ( 'NONE',  ( -0.0000000000000000000, 0.0000000000000000000, -1.000000000000000000 ) ) ;
#4978 = AXIS2_PLACEMENT_3D ( 'NONE', #682, #2936, #2131 ) ;
#4979 = VECTOR ( 'NONE', #710, 39.37007874015748143 ) ;
#4980 =( LENGTH_UNIT ( ) NAMED_UNIT ( * ) SI_UNIT ( $, .METRE. ) );
#4981 = AXIS2_PLACEMENT_3D ( 'NONE', #2008, #5647, #3844 ) ;
#4982 = EDGE_CURVE ( 'NONE', #5314, #436, #79, .T. ) ;
#4983 = FILL_AREA_STYLE_COLOUR ( '', #1336 ) ;
#4984 = VECTOR ( 'NONE', #369, 39.37007874015748143 ) ;
#4985 = AXIS2_PLACEMENT_3D ( 'NONE', #1741, #2626, #3177 ) ;
#4986 = CIRCLE ( 'NONE', #2108, 0.04749999999999999362 ) ;
#4987 = DIRECTION ( 'NONE',  ( 0.0000000000000000000, 1.000000000000000000, 0.0000000000000000000 ) ) ;
#4988 = VERTEX_POINT ( 'NONE', #3514 ) ;
#4989 = EDGE_LOOP ( 'NONE', ( #3484, #952, #2881, #3523 ) ) ;
#4990 = EDGE_CURVE ( 'NONE', #4963, #343, #2513, .T. ) ;
#4992 = CARTESIAN_POINT ( 'NONE',  ( 0.0000000000000000000, 0.2039999999999999869, 0.0000000000000000000 ) ) ;
#4991 = DIRECTION ( 'NONE',  ( -0.0000000000000000000, -1.000000000000000000, -0.0000000000000000000 ) ) ;
#4993 = DIRECTION ( 'NONE',  ( -0.0000000000000000000, -1.000000000000000000, -0.0000000000000000000 ) ) ;
#4994 = ORIENTED_EDGE ( 'NONE', *, *, #5758, .F. ) ;
#4995 = ORIENTED_EDGE ( 'NONE', *, *, #265, .F. ) ;
#4996 = ORIENTED_EDGE ( 'NONE', *, *, #3150, .F. ) ;
#4997 = FACE_OUTER_BOUND ( 'NONE', #1689, .T. ) ;
#4998 = VERTEX_POINT ( 'NONE', #2163 ) ;
#4999 = DIRECTION ( 'NONE',  ( -0.0000000000000000000, -1.000000000000000000, -0.0000000000000000000 ) ) ;
#5000 = FACE_OUTER_BOUND ( 'NONE', #2501, .T. ) ;
#5001 = VERTEX_POINT ( 'NONE', #4001 ) ;
#5002 = EDGE_CURVE ( 'NONE', #241, #4151, #5372, .T. ) ;
#5003 = LINE ( 'NONE', #913, #2859 ) ;
#5004 = SURFACE_SIDE_STYLE ('',( #4495 ) ) ;
#5005 = LINE ( 'NONE', #413, #3705 ) ;
#5006 = FACE_OUTER_BOUND ( 'NONE', #311, .T. ) ;
#5007 = EDGE_CURVE ( 'NONE', #4045, #1822, #827, .T. ) ;
#5008 = DIRECTION ( 'NONE',  ( 0.0000000000000000000, 0.0000000000000000000, 1.000000000000000000 ) ) ;
#5009 = ADVANCED_FACE ( 'NONE', ( #4036, #1594 ), #3202, .F. ) ;
#5010 = CARTESIAN_POINT ( 'NONE',  ( -0.1920000000000000040, 0.04399999999999999745, -0.02000000000000000042 ) ) ;
#5011 = VERTEX_POINT ( 'NONE', #5059 ) ;
#5012 = UNCERTAINTY_MEASURE_WITH_UNIT (LENGTH_MEASURE( 1.000000000000000082E-05 ), #3405, 'distance_accuracy_value', 'NONE');
#5013 = EDGE_CURVE ( 'NONE', #5172, #1998, #4530, .T. ) ;
#5014 = DIRECTION ( 'NONE',  ( 0.0000000000000000000, 0.0000000000000000000, -1.000000000000000000 ) ) ;
#5015 = CARTESIAN_POINT ( 'NONE',  ( 0.0000000000000000000, 0.2049999999999999878, 0.0000000000000000000 ) ) ;
#5016 = ORIENTED_EDGE ( 'NONE', *, *, #1441, .F. ) ;
#5017 = FACE_OUTER_BOUND ( 'NONE', #2971, .T. ) ;
#5018 = ORIENTED_EDGE ( 'NONE', *, *, #1798, .T. ) ;
#5019 = CARTESIAN_POINT ( 'NONE',  ( 0.0000000000000000000, 0.1499999999999999944, 0.0000000000000000000 ) ) ;
#5020 = CARTESIAN_POINT ( 'NONE',  ( 0.0000000000000000000, 0.2540000000000000036, 0.0000000000000000000 ) ) ;
#5021 = CARTESIAN_POINT ( 'NONE',  ( 2.265596578422603655E-17, 0.1950000000000000067, 0.1849999999999999978 ) ) ;
#5022 = ORIENTED_EDGE ( 'NONE', *, *, #5838, .T. ) ;
#5023 = VERTEX_POINT ( 'NONE', #2785 ) ;
#5024 = CARTESIAN_POINT ( 'NONE',  ( 0.0000000000000000000, 0.1499999999999999944, 0.0000000000000000000 ) ) ;
#5025 = CARTESIAN_POINT ( 'NONE',  ( 5.817072295949927179E-18, 0.1640000000000000069, -0.04749999999999999362 ) ) ;
#5026 = CIRCLE ( 'NONE', #831, 0.1849999999999999978 ) ;
#5027 =( NAMED_UNIT ( * ) PLANE_ANGLE_UNIT ( ) SI_UNIT ( $, .RADIAN. ) );
#5028 = LINE ( 'NONE', #968, #2383 ) ;
#5029 = DIRECTION ( 'NONE',  ( 0.0000000000000000000, 0.0000000000000000000, -1.000000000000000000 ) ) ;
#5030 = ADVANCED_FACE ( 'NONE', ( #2703, #5428 ), #5465, .T. ) ;
#5031 = VECTOR ( 'NONE', #2708, 39.37007874015748143 ) ;
#5032 = CARTESIAN_POINT ( 'NONE',  ( 9.639569805745200661E-18, 0.0000000000000000000, 3.875786328529849706E-18 ) ) ;
#5033 = MECHANICAL_DESIGN_GEOMETRIC_PRESENTATION_REPRESENTATION (  '', ( #4558 ), #4949 ) ;
#5034 = VECTOR ( 'NONE', #3650, 39.37007874015748854 ) ;
#5035 = ORIENTED_EDGE ( 'NONE', *, *, #2335, .F. ) ;
#5036 = ADVANCED_FACE ( 'NONE', ( #1289 ), #3308, .T. ) ;
#5037 = PRESENTATION_LAYER_ASSIGNMENT (  '', '', ( #5134 ) ) ;
#5038 = AXIS2_PLACEMENT_3D ( 'NONE', #3900, #282, #4796 ) ;
#5039 = FACE_OUTER_BOUND ( 'NONE', #3729, .T. ) ;
#5040 = VERTEX_POINT ( 'NONE', #3572 ) ;
#5041 = ORIENTED_EDGE ( 'NONE', *, *, #122, .T. ) ;
#5042 = VECTOR ( 'NONE', #2053, 39.37007874015748854 ) ;
#5043 = CARTESIAN_POINT ( 'NONE',  ( 0.0000000000000000000, 0.1940000000000000058, 0.0000000000000000000 ) ) ;
#5044 = EDGE_LOOP ( 'NONE', ( #2692, #3457, #3887, #1241 ) ) ;
#5045 = PRESENTATION_LAYER_ASSIGNMENT (  '', '', ( #2 ) ) ;
#5046 = FILL_AREA_STYLE ('',( #3218 ) ) ;
#5047 = CARTESIAN_POINT ( 'NONE',  ( -0.1794435844492640042, -0.04499999999999999833, 0.04499999999999999833 ) ) ;
#5048 = CARTESIAN_POINT ( 'NONE',  ( -0.09149999999999999800, 0.0000000000000000000, 0.2340000000000000135 ) ) ;
#5049 = ORIENTED_EDGE ( 'NONE', *, *, #4968, .F. ) ;
#5050 = EDGE_LOOP ( 'NONE', ( #1506, #1834, #1950, #3859 ) ) ;
#5051 = FILL_AREA_STYLE_COLOUR ( '', #1703 ) ;
#5052 = EDGE_CURVE ( 'NONE', #3493, #1696, #597, .T. ) ;
#5053 = FILL_AREA_STYLE ('',( #3348 ) ) ;
#5054 =( NAMED_UNIT ( * ) SI_UNIT ( $, .STERADIAN. ) SOLID_ANGLE_UNIT ( ) );
#5055 = CARTESIAN_POINT ( 'NONE',  ( 0.0000000000000000000, 0.2750000000000000222, 0.0000000000000000000 ) ) ;
#5056 = AXIS2_PLACEMENT_3D ( 'NONE', #21, #3180, #1355 ) ;
#5057 = AXIS2_PLACEMENT_3D ( 'NONE', #3629, #5507, #4589 ) ;
#5058 = DIRECTION ( 'NONE',  ( 0.0000000000000000000, 1.000000000000000000, 0.0000000000000000000 ) ) ;
#5059 = CARTESIAN_POINT ( 'NONE',  ( 0.1261379814248098086, 0.0000000000000000000, 0.07548648648648562109 ) ) ;
#5060 = AXIS2_PLACEMENT_3D ( 'NONE', #4292, #5624, #3812 ) ;
#5061 =( CONVERSION_BASED_UNIT ( 'INCH', #3233 ) LENGTH_UNIT ( ) NAMED_UNIT ( #2908 ) );
#5062 = AXIS2_PLACEMENT_3D ( 'NONE', #3349, #1168, #2477 ) ;
#5063 = VERTEX_POINT ( 'NONE', #5115 ) ;
#5064 = LINE ( 'NONE', #5184, #2107 ) ;
#5065 = UNCERTAINTY_MEASURE_WITH_UNIT (LENGTH_MEASURE( 1.000000000000000082E-05 ), #3635, 'distance_accuracy_value', 'NONE');
#5066 = CIRCLE ( 'NONE', #2012, 0.02000000000000000042 ) ;
#5067 = MECHANICAL_DESIGN_GEOMETRIC_PRESENTATION_REPRESENTATION (  '', ( #1349 ), #312 ) ;
#5068 = MECHANICAL_DESIGN_GEOMETRIC_PRESENTATION_REPRESENTATION (  '', ( #207 ), #1342 ) ;
#5070 = LENGTH_MEASURE_WITH_UNIT ( LENGTH_MEASURE( 0.02539999999999999897 ), #5553 );
#5069 = LINE ( 'NONE', #976, #2535 ) ;
#5071 = DIRECTION ( 'NONE',  ( 0.0000000000000000000, -0.0000000000000000000, 1.000000000000000000 ) ) ;
#5072 = ADVANCED_FACE ( 'NONE', ( #2898 ), #5093, .F. ) ;
#5073 = CARTESIAN_POINT ( 'NONE',  ( 0.08899999999999999578, 0.3420000000000000262, 0.2099999999999999922 ) ) ;
#5074 = ORIENTED_EDGE ( 'NONE', *, *, #3743, .F. ) ;
#5075 = VECTOR ( 'NONE', #3065, 39.37007874015748143 ) ;
#5076 = DIRECTION ( 'NONE',  ( 0.0000000000000000000, 0.0000000000000000000, -1.000000000000000000 ) ) ;
#5077 = VERTEX_POINT ( 'NONE', #1053 ) ;
#5078 = PLANE ( 'NONE',  #4281 ) ;
#5079 = EDGE_CURVE ( 'NONE', #2472, #2843, #4232, .T. ) ;
#5080 = SURFACE_STYLE_FILL_AREA ( #3704 ) ;
#5081 = DIRECTION ( 'NONE',  ( 0.0000000000000000000, -0.0000000000000000000, 1.000000000000000000 ) ) ;
#5082 = VERTEX_POINT ( 'NONE', #2426 ) ;
#5083 = ORIENTED_EDGE ( 'NONE', *, *, #1721, .T. ) ;
#5084 = ORIENTED_EDGE ( 'NONE', *, *, #3417, .F. ) ;
#5085 = CARTESIAN_POINT ( 'NONE',  ( 0.0000000000000000000, 0.3649999999999999911, 0.0000000000000000000 ) ) ;
#5086 = FILL_AREA_STYLE_COLOUR ( '', #5250 ) ;
#5087 = EDGE_CURVE ( 'NONE', #1771, #1447, #1942, .T. ) ;
#5088 = CARTESIAN_POINT ( 'NONE',  ( -3.588191662306300277E-18, 0.04399999999999999745, 0.03500000000000000333 ) ) ;
#5089 = DIRECTION ( 'NONE',  ( -0.0000000000000000000, 1.000000000000000000, -0.0000000000000000000 ) ) ;
#5090 = CARTESIAN_POINT ( 'NONE',  ( 0.1980000000000000093, -0.03099999999999999978, -0.03500000000000000333 ) ) ;
#5091 = FACE_OUTER_BOUND ( 'NONE', #1726, .T. ) ;
#5092 = EDGE_CURVE ( 'NONE', #1334, #1411, #3356, .T. ) ;
#5093 = PLANE ( 'NONE',  #2364 ) ;
#5094 = CARTESIAN_POINT ( 'NONE',  ( 0.1980000000000000093, -0.03099999999999999978, -0.03499999999999999639 ) ) ;
#5095 = DIRECTION ( 'NONE',  ( 0.0000000000000000000, -1.000000000000000000, 0.0000000000000000000 ) ) ;
#5096 = DIRECTION ( 'NONE',  ( -0.0000000000000000000, -1.000000000000000000, -0.0000000000000000000 ) ) ;
#5098 = CARTESIAN_POINT ( 'NONE',  ( 0.0000000000000000000, 0.1940000000000000058, 0.0000000000000000000 ) ) ;
#5097 = FILL_AREA_STYLE ('',( #2019 ) ) ;
#5099 = ADVANCED_FACE ( 'NONE', ( #1493, #3847 ), #4703, .F. ) ;
#5100 = ORIENTED_EDGE ( 'NONE', *, *, #4890, .F. ) ;
#5101 = ORIENTED_EDGE ( 'NONE', *, *, #2455, .T. ) ;
#5102 = SURFACE_STYLE_USAGE ( .BOTH. , #983 ) ;
#5103 = CARTESIAN_POINT ( 'NONE',  ( 2.265596578422603655E-17, 0.2740000000000000213, 0.1849999999999999978 ) ) ;
#5104 = DIRECTION ( 'NONE',  ( 0.0000000000000000000, 0.0000000000000000000, 1.000000000000000000 ) ) ;
#5105 = VERTEX_POINT ( 'NONE', #624 ) ;
#5106 = ORIENTED_EDGE ( 'NONE', *, *, #4061, .F. ) ;
#5107 = ORIENTED_EDGE ( 'NONE', *, *, #662, .T. ) ;
#5108 = CARTESIAN_POINT ( 'NONE',  ( 5.817072295949927179E-18, 0.2540000000000000036, -0.04749999999999999362 ) ) ;
#5109 = EDGE_CURVE ( 'NONE', #1182, #1152, #3614, .T. ) ;
#5110 = DIRECTION ( 'NONE',  ( 0.0000000000000000000, -1.000000000000000000, 0.0000000000000000000 ) ) ;
#5111 = FACE_BOUND ( 'NONE', #123, .T. ) ;
#5112 = FACE_OUTER_BOUND ( 'NONE', #1833, .T. ) ;
#5113 = ADVANCED_FACE ( 'NONE', ( #3749 ), #1978, .T. ) ;
#5114 = CARTESIAN_POINT ( 'NONE',  ( 2.265596578422603655E-17, 0.1849999999999999978, 0.1849999999999999978 ) ) ;
#5115 = CARTESIAN_POINT ( 'NONE',  ( 0.0000000000000000000, 0.2340000000000000135, -0.1849999999999999978 ) ) ;
#5116 = CARTESIAN_POINT ( 'NONE',  ( -9.639569805745200661E-18, 0.1849999999999999978, 3.875786328529849706E-18 ) ) ;
#5117 = PRESENTATION_STYLE_ASSIGNMENT (( #5626 ) ) ;
#5118 = ADVANCED_FACE ( 'NONE', ( #2456, #5204, #1107 ), #4765, .T. ) ;
#5119 = ORIENTED_EDGE ( 'NONE', *, *, #3574, .F. ) ;
#5120 = AXIS2_PLACEMENT_3D ( 'NONE', #3063, #4383, #391 ) ;
#5121 = CIRCLE ( 'NONE', #2354, 0.1849999999999999978 ) ;
#5123 = CARTESIAN_POINT ( 'NONE',  ( -0.09149999999999992861, 0.0000000000000000000, 0.1607879037738847439 ) ) ;
#5122 = FACE_OUTER_BOUND ( 'NONE', #5185, .T. ) ;
#5124 =( GEOMETRIC_REPRESENTATION_CONTEXT ( 3 ) GLOBAL_UNCERTAINTY_ASSIGNED_CONTEXT ( ( #4056 ) ) GLOBAL_UNIT_ASSIGNED_CONTEXT ( ( #4622, #1385, #4710 ) ) REPRESENTATION_CONTEXT ( 'NONE', 'WORKASPACE' ) );
#5125 = DIRECTION ( 'NONE',  ( -0.0000000000000000000, 1.000000000000000000, 0.0000000000000000000 ) ) ;
#5126 = CYLINDRICAL_SURFACE ( 'NONE', #2453, 0.04749999999999999362 ) ;
#5127 = ORIENTED_EDGE ( 'NONE', *, *, #2001, .F. ) ;
#5128 =( GEOMETRIC_REPRESENTATION_CONTEXT ( 3 ) GLOBAL_UNCERTAINTY_ASSIGNED_CONTEXT ( ( #3575 ) ) GLOBAL_UNIT_ASSIGNED_CONTEXT ( ( #3596, #47, #482 ) ) REPRESENTATION_CONTEXT ( 'NONE', 'WORKASPACE' ) );
#5129 = AXIS2_PLACEMENT_3D ( 'NONE', #5043, #521, #58 ) ;
#5130 = PRESENTATION_LAYER_ASSIGNMENT (  '', '', ( #4179 ) ) ;
#5131 = DIMENSIONAL_EXPONENTS ( 1.000000000000000000, 0.0000000000000000000, 0.0000000000000000000, 0.0000000000000000000, 0.0000000000000000000, 0.0000000000000000000, 0.0000000000000000000 ) ;
#5133 = DIRECTION ( 'NONE',  ( 0.0000000000000000000, 1.000000000000000000, 0.0000000000000000000 ) ) ;
#5132 = CARTESIAN_POINT ( 'NONE',  ( 0.0000000000000000000, 0.1549999999999999989, -0.1849999999999999978 ) ) ;
#5134 = STYLED_ITEM ( 'NONE', ( #3993 ), #5236 ) ;
#5135 = AXIS2_PLACEMENT_3D ( 'NONE', #3010, #4420, #2588 ) ;
#5136 = ORIENTED_EDGE ( 'NONE', *, *, #3892, .T. ) ;
#5137 = ORIENTED_EDGE ( 'NONE', *, *, #3667, .T. ) ;
#5138 = ORIENTED_EDGE ( 'NONE', *, *, #2608, .T. ) ;
#5139 = DIRECTION ( 'NONE',  ( 0.0000000000000000000, 0.0000000000000000000, 1.000000000000000000 ) ) ;
#5140 = CARTESIAN_POINT ( 'NONE',  ( 2.265596578422603655E-17, 0.2550000000000000044, 0.1849999999999999978 ) ) ;
#5141 = VECTOR ( 'NONE', #1252, 39.37007874015748143 ) ;
#5142 = CIRCLE ( 'NONE', #857, 0.04749999999999999362 ) ;
#5143 = DIRECTION ( 'NONE',  ( 0.0000000000000000000, 1.000000000000000000, 0.0000000000000000000 ) ) ;
#5144 = DIRECTION ( 'NONE',  ( 0.0000000000000000000, -1.000000000000000000, 0.0000000000000000000 ) ) ;
#5145 = ORIENTED_EDGE ( 'NONE', *, *, #4800, .F. ) ;
#5146 = EDGE_CURVE ( 'NONE', #5448, #2604, #2128, .T. ) ;
#5147 = DIRECTION ( 'NONE',  ( 0.0000000000000000000, -1.000000000000000000, 0.0000000000000000000 ) ) ;
#5148 = DIRECTION ( 'NONE',  ( -0.0000000000000000000, -0.0000000000000000000, 1.000000000000000000 ) ) ;
#5149 = CARTESIAN_POINT ( 'NONE',  ( -9.639569805745200661E-18, 0.2139999999999999958, 3.875786328529849706E-18 ) ) ;
#5150 = CARTESIAN_POINT ( 'NONE',  ( 0.0000000000000000000, 0.2149999999999999967, 0.0000000000000000000 ) ) ;
#5151 = AXIS2_PLACEMENT_3D ( 'NONE', #3024, #776, #2015 ) ;
#5152 = CARTESIAN_POINT ( 'NONE',  ( 2.265596578422603655E-17, 0.2550000000000000044, 0.1849999999999999978 ) ) ;
#5153 = MECHANICAL_DESIGN_GEOMETRIC_PRESENTATION_REPRESENTATION (  '', ( #4873 ), #4776 ) ;
#5154 = ORIENTED_EDGE ( 'NONE', *, *, #3406, .T. ) ;
#5155 = STYLED_ITEM ( 'NONE', ( #5486 ), #3836 ) ;
#5156 = VECTOR ( 'NONE', #1650, 39.37007874015748143 ) ;
#5158 = FACE_OUTER_BOUND ( 'NONE', #5753, .T. ) ;
#5157 = CARTESIAN_POINT ( 'NONE',  ( -9.639569805745200661E-18, 0.2540000000000000036, 3.875786328529849706E-18 ) ) ;
#5159 = LINE ( 'NONE', #1174, #2379 ) ;
#5160 = ADVANCED_FACE ( 'NONE', ( #5767 ), #5366, .T. ) ;
#5161 = ORIENTED_EDGE ( 'NONE', *, *, #3801, .T. ) ;
#5162 = ORIENTED_EDGE ( 'NONE', *, *, #469, .F. ) ;
#5163 = PRESENTATION_LAYER_ASSIGNMENT (  '', '', ( #1818 ) ) ;
#5164 = AXIS2_PLACEMENT_3D ( 'NONE', #3893, #4394, #4816 ) ;
#5166 = CARTESIAN_POINT ( 'NONE',  ( 0.1980000000000000093, -0.1209999999999999826, -0.02000000000000000042 ) ) ;
#5165 = LINE ( 'NONE', #5604, #5550 ) ;
#5167 = LINE ( 'NONE', #2885, #512 ) ;
#5168 = AXIS2_PLACEMENT_3D ( 'NONE', #4416, #5220, #210 ) ;
#5169 = CARTESIAN_POINT ( 'NONE',  ( -0.1587450786638752998, -0.04499999999999999833, -0.09500000000000025091 ) ) ;
#5170 = VERTEX_POINT ( 'NONE', #1656 ) ;
#5171 = VERTEX_POINT ( 'NONE', #3904 ) ;
#5172 = VERTEX_POINT ( 'NONE', #3475 ) ;
#5173 = FACE_OUTER_BOUND ( 'NONE', #3666, .T. ) ;
#5174 = CARTESIAN_POINT ( 'NONE',  ( 0.0000000000000000000, 0.1739999999999999880, -0.1849999999999999978 ) ) ;
#5175 = CARTESIAN_POINT ( 'NONE',  ( -0.1980000000000000093, 0.05000000000000000278, 0.03500000000000000333 ) ) ;
#5176 = SURFACE_STYLE_FILL_AREA ( #5053 ) ;
#5177 = LINE ( 'NONE', #2005, #3639 ) ;
#5178 = DIMENSIONAL_EXPONENTS ( 1.000000000000000000, 0.0000000000000000000, 0.0000000000000000000, 0.0000000000000000000, 0.0000000000000000000, 0.0000000000000000000, 0.0000000000000000000 ) ;
#5179 = DIRECTION ( 'NONE',  ( 0.0000000000000000000, 0.0000000000000000000, 1.000000000000000000 ) ) ;
#5180 = DIRECTION ( 'NONE',  ( 0.0000000000000000000, 0.0000000000000000000, -1.000000000000000000 ) ) ;
#5181 = CARTESIAN_POINT ( 'NONE',  ( 0.01499999999999999944, 0.3700000000006472556, 0.03976493430228552478 ) ) ;
#5182 = CARTESIAN_POINT ( 'NONE',  ( 9.639569805745200661E-18, 0.1499999999999999944, 0.2099999999999999922 ) ) ;
#5183 = FACE_OUTER_BOUND ( 'NONE', #1930, .T. ) ;
#5184 = CARTESIAN_POINT ( 'NONE',  ( 2.265596578422603655E-17, 0.1650000000000000078, 0.1849999999999999978 ) ) ;
#5185 = EDGE_LOOP ( 'NONE', ( #205, #2329 ) ) ;
#5187 = DIRECTION ( 'NONE',  ( 0.0000000000000000000, -0.0000000000000000000, 1.000000000000000000 ) ) ;
#5186 =( CONVERSION_BASED_UNIT ( 'INCH', #1502 ) LENGTH_UNIT ( ) NAMED_UNIT ( #177 ) );
#5188 = VERTEX_POINT ( 'NONE', #1228 ) ;
#5189 = ORIENTED_EDGE ( 'NONE', *, *, #67, .T. ) ;
#5190 = EDGE_CURVE ( 'NONE', #3817, #627, #5300, .T. ) ;
#5192 = DIRECTION ( 'NONE',  ( -0.0000000000000000000, -1.000000000000000000, 0.0000000000000000000 ) ) ;
#5191 = DIRECTION ( 'NONE',  ( -0.0000000000000000000, 0.0000000000000000000, -1.000000000000000000 ) ) ;
#5193 = DIRECTION ( 'NONE',  ( 0.0000000000000000000, 0.0000000000000000000, -1.000000000000000000 ) ) ;
#5194 = ORIENTED_EDGE ( 'NONE', *, *, #3770, .F. ) ;
#5195 = ORIENTED_EDGE ( 'NONE', *, *, #5718, .F. ) ;
#5196 = ORIENTED_EDGE ( 'NONE', *, *, #4472, .T. ) ;
#5197 = DIRECTION ( 'NONE',  ( 0.0000000000000000000, 0.0000000000000000000, 1.000000000000000000 ) ) ;
#5198 = EDGE_CURVE ( 'NONE', #3034, #4921, #774, .T. ) ;
#5199 = LINE ( 'NONE', #4192, #4031 ) ;
#5200 = SURFACE_STYLE_FILL_AREA ( #731 ) ;
#5201 = CARTESIAN_POINT ( 'NONE',  ( -0.09149999999999999800, 0.0000000000000000000, 3.875786328529849706E-18 ) ) ;
#5202 =( LENGTH_UNIT ( ) NAMED_UNIT ( * ) SI_UNIT ( $, .METRE. ) );
#5203 = DIRECTION ( 'NONE',  ( 0.0000000000000000000, -0.0000000000000000000, 1.000000000000000000 ) ) ;
#5204 = FACE_BOUND ( 'NONE', #4412, .T. ) ;
#5205 = LINE ( 'NONE', #4165, #4300 ) ;
#5206 = CARTESIAN_POINT ( 'NONE',  ( -0.1425849022380637487, 0.05000000000000000278, -0.03575675675675674126 ) ) ;
#5207 = DIMENSIONAL_EXPONENTS ( 1.000000000000000000, 0.0000000000000000000, 0.0000000000000000000, 0.0000000000000000000, 0.0000000000000000000, 0.0000000000000000000, 0.0000000000000000000 ) ;
#5208 = EDGE_LOOP ( 'NONE', ( #4483, #4297, #5568, #929 ) ) ;
#5209 = EDGE_LOOP ( 'NONE', ( #4044, #5807 ) ) ;
#5211 = DIRECTION ( 'NONE',  ( 0.0000000000000000000, 0.0000000000000000000, 1.000000000000000000 ) ) ;
#5210 = SURFACE_STYLE_FILL_AREA ( #5097 ) ;
#5212 = VECTOR ( 'NONE', #3002, 39.37007874015748143 ) ;
#5213 = VERTEX_POINT ( 'NONE', #2566 ) ;
#5214 = EDGE_CURVE ( 'NONE', #3046, #2122, #278, .T. ) ;
#5215 = EDGE_CURVE ( 'NONE', #1424, #1823, #3054, .T. ) ;
#5216 = AXIS2_PLACEMENT_3D ( 'NONE', #5690, #3890, #1962 ) ;
#5217 =( GEOMETRIC_REPRESENTATION_CONTEXT ( 3 ) GLOBAL_UNCERTAINTY_ASSIGNED_CONTEXT ( ( #2597 ) ) GLOBAL_UNIT_ASSIGNED_CONTEXT ( ( #3822, #173, #3361 ) ) REPRESENTATION_CONTEXT ( 'NONE', 'WORKASPACE' ) );
#5219 = LENGTH_MEASURE_WITH_UNIT ( LENGTH_MEASURE( 0.02539999999999999897 ), #3388 );
#5218 = DIRECTION ( 'NONE',  ( 0.0000000000000000000, -1.000000000000000000, 0.0000000000000000000 ) ) ;
#5220 = DIRECTION ( 'NONE',  ( 1.000000000000000000, 0.0000000000000000000, -0.0000000000000000000 ) ) ;
#5221 = SURFACE_STYLE_FILL_AREA ( #5720 ) ;
#5222 = EDGE_LOOP ( 'NONE', ( #5016, #4012, #201, #1304 ) ) ;
#5223 = ORIENTED_EDGE ( 'NONE', *, *, #3254, .F. ) ;
#5224 = ORIENTED_EDGE ( 'NONE', *, *, #5462, .T. ) ;
#5225 = ORIENTED_EDGE ( 'NONE', *, *, #4291, .F. ) ;
#5226 = CIRCLE ( 'NONE', #2451, 0.1849999999999999978 ) ;
#5227 = AXIS2_PLACEMENT_3D ( 'NONE', #5764, #797, #3015 ) ;
#5228 = CARTESIAN_POINT ( 'NONE',  ( 0.0000000000000000000, 0.1499999999999999944, 0.0000000000000000000 ) ) ;
#5229 = VECTOR ( 'NONE', #392, 39.37007874015748143 ) ;
#5230 = DIRECTION ( 'NONE',  ( 0.0000000000000000000, 0.0000000000000000000, 1.000000000000000000 ) ) ;
#5231 = STYLED_ITEM ( 'NONE', ( #4822 ), #5118 ) ;
#5232 = PRESENTATION_LAYER_ASSIGNMENT (  '', '', ( #2934 ) ) ;
#5233 = SURFACE_SIDE_STYLE ('',( #5200 ) ) ;
#5234 = LINE ( 'NONE', #4286, #4979 ) ;
#5235 = VERTEX_POINT ( 'NONE', #2966 ) ;
#5236 = ADVANCED_FACE ( 'NONE', ( #3506, #714 ), #322, .F. ) ;
#5237 = CARTESIAN_POINT ( 'NONE',  ( 5.817072295949927179E-18, 0.2439999999999999669, -0.04749999999999999362 ) ) ;
#5238 = DIRECTION ( 'NONE',  ( 0.0000000000000000000, -1.000000000000000000, 0.0000000000000000000 ) ) ;
#5239 = AXIS2_PLACEMENT_3D ( 'NONE', #1423, #3251, #5104 ) ;
#5240 = DIRECTION ( 'NONE',  ( 0.0000000000000000000, 1.000000000000000000, 0.0000000000000000000 ) ) ;
#5241 = DIRECTION ( 'NONE',  ( 0.0000000000000000000, 1.000000000000000000, 0.0000000000000000000 ) ) ;
#5242 = CARTESIAN_POINT ( 'NONE',  ( -0.01499999999999999424, 0.3650000000009606116, -0.04506939094421133496 ) ) ;
#5243 = VECTOR ( 'NONE', #4766, 39.37007874015748143 ) ;
#5244 = ORIENTED_EDGE ( 'NONE', *, *, #2538, .T. ) ;
#5246 = LINE ( 'NONE', #3385, #5212 ) ;
#5245 = FACE_OUTER_BOUND ( 'NONE', #2551, .T. ) ;
#5247 = VERTEX_POINT ( 'NONE', #5457 ) ;
#5248 = ADVANCED_FACE ( 'NONE', ( #1352 ), #5395, .T. ) ;
#5249 = VECTOR ( 'NONE', #3995, 39.37007874015748143 ) ;
#5250 = COLOUR_RGB ( '',0.7960784313725489669, 0.6039215686274509443, 0.2313725490196078538 ) ;
#5251 = DIMENSIONAL_EXPONENTS ( 1.000000000000000000, 0.0000000000000000000, 0.0000000000000000000, 0.0000000000000000000, 0.0000000000000000000, 0.0000000000000000000, 0.0000000000000000000 ) ;
#5252 = EDGE_CURVE ( 'NONE', #1822, #3129, #5005, .T. ) ;
#5254 = CARTESIAN_POINT ( 'NONE',  ( 0.0000000000000000000, 0.2149999999999999967, 0.0000000000000000000 ) ) ;
#5253 = FACE_OUTER_BOUND ( 'NONE', #4692, .T. ) ;
#5255 = DIRECTION ( 'NONE',  ( 0.0000000000000000000, 0.0000000000000000000, 1.000000000000000000 ) ) ;
#5256 = DIRECTION ( 'NONE',  ( -0.0000000000000000000, -1.000000000000000000, -0.0000000000000000000 ) ) ;
#5257 = ORIENTED_EDGE ( 'NONE', *, *, #3692, .F. ) ;
#5258 = VERTEX_POINT ( 'NONE', #939 ) ;
#5259 = ORIENTED_EDGE ( 'NONE', *, *, #4800, .T. ) ;
#5260 = ORIENTED_EDGE ( 'NONE', *, *, #1472, .F. ) ;
#5261 = AXIS2_PLACEMENT_3D ( 'NONE', #5665, #3494, #4877 ) ;
#5262 = DIRECTION ( 'NONE',  ( 0.0000000000000000000, -1.000000000000000000, 0.0000000000000000000 ) ) ;
#5263 = CARTESIAN_POINT ( 'NONE',  ( 0.0000000000000000000, 0.0000000000000000000, 0.0000000000000000000 ) ) ;
#5264 = CIRCLE ( 'NONE', #1913, 0.1849999999999999978 ) ;
#5265 = EDGE_CURVE ( 'NONE', #5806, #2467, #3685, .T. ) ;
#5266 = AXIS2_PLACEMENT_3D ( 'NONE', #49, #2099, #5303 ) ;
#5267 = MECHANICAL_DESIGN_GEOMETRIC_PRESENTATION_REPRESENTATION (  '', ( #2017 ), #5124 ) ;
#5268 =( CONVERSION_BASED_UNIT ( 'INCH', #2526 ) LENGTH_UNIT ( ) NAMED_UNIT ( #645 ) );
#5269 = CARTESIAN_POINT ( 'NONE',  ( -0.1272752921819469973, 0.05000000000000000278, 0.03500000000000000333 ) ) ;
#5270 =( NAMED_UNIT ( * ) SI_UNIT ( $, .STERADIAN. ) SOLID_ANGLE_UNIT ( ) );
#5271 = CARTESIAN_POINT ( 'NONE',  ( -9.639569805745200661E-18, 0.2039999999999999869, 3.875786328529849706E-18 ) ) ;
#5272 = CARTESIAN_POINT ( 'NONE',  ( 9.639569805745200661E-18, 0.0000000000000000000, 0.2099999999999999922 ) ) ;
#5273 = ADVANCED_FACE ( 'NONE', ( #2313 ), #3662, .T. ) ;
#5274 = CARTESIAN_POINT ( 'NONE',  ( 0.08899999999999999578, 0.1499999999999999944, 0.1899999999999999745 ) ) ;
#5275 = SURFACE_STYLE_USAGE ( .BOTH. , #3448 ) ;
#5276 = CARTESIAN_POINT ( 'NONE',  ( 0.02979729729729730520, -0.04499999999999999833, -0.1439483277908309156 ) ) ;
#5277 = FACE_OUTER_BOUND ( 'NONE', #2826, .T. ) ;
#5278 = LINE ( 'NONE', #3056, #1805 ) ;
#5279 = ORIENTED_EDGE ( 'NONE', *, *, #737, .F. ) ;
#5280 = CARTESIAN_POINT ( 'NONE',  ( 0.1272752921819469973, 0.05000000000000000278, -0.03500000000000000333 ) ) ;
#5281 = ORIENTED_EDGE ( 'NONE', *, *, #4142, .T. ) ;
#5282 = ORIENTED_EDGE ( 'NONE', *, *, #2716, .T. ) ;
#5283 = EDGE_CURVE ( 'NONE', #38, #2720, #915, .T. ) ;
#5285 = CARTESIAN_POINT ( 'NONE',  ( -0.1425849022380639708, 0.0000000000000000000, 0.03575675675675678289 ) ) ;
#5284 = FACE_OUTER_BOUND ( 'NONE', #4327, .T. ) ;
#5286 = DIRECTION ( 'NONE',  ( -0.0000000000000000000, -1.000000000000000000, -0.0000000000000000000 ) ) ;
#5287 = EDGE_LOOP ( 'NONE', ( #2889, #5673, #3234, #3680 ) ) ;
#5288 = ORIENTED_EDGE ( 'NONE', *, *, #3842, .T. ) ;
#5289 =( LENGTH_UNIT ( ) NAMED_UNIT ( * ) SI_UNIT ( $, .METRE. ) );
#5290 = LINE ( 'NONE', #706, #3600 ) ;
#5291 = DIRECTION ( 'NONE',  ( 0.0000000000000000000, 0.0000000000000000000, 1.000000000000000000 ) ) ;
#5292 = SURFACE_SIDE_STYLE ('',( #2188 ) ) ;
#5293 = DIMENSIONAL_EXPONENTS ( 1.000000000000000000, 0.0000000000000000000, 0.0000000000000000000, 0.0000000000000000000, 0.0000000000000000000, 0.0000000000000000000, 0.0000000000000000000 ) ;
#5294 = ORIENTED_EDGE ( 'NONE', *, *, #3060, .T. ) ;
#5295 = PLANE ( 'NONE',  #757 ) ;
#5296 = EDGE_CURVE ( 'NONE', #4135, #627, #4588, .T. ) ;
#5297 = LINE ( 'NONE', #3443, #1527 ) ;
#5298 = UNCERTAINTY_MEASURE_WITH_UNIT (LENGTH_MEASURE( 1.000000000000000082E-05 ), #5597, 'distance_accuracy_value', 'NONE');
#5299 = CYLINDRICAL_SURFACE ( 'NONE', #4502, 0.04000000000000000083 ) ;
#5300 = LINE ( 'NONE', #801, #5520 ) ;
#5301 = LENGTH_MEASURE_WITH_UNIT ( LENGTH_MEASURE( 0.02539999999999999897 ), #1743 );
#5302 = DIRECTION ( 'NONE',  ( -7.105427357601001859E-15, 0.0000000000000000000, 1.000000000000000000 ) ) ;
#5303 = DIRECTION ( 'NONE',  ( 0.0000000000000000000, 0.0000000000000000000, 1.000000000000000000 ) ) ;
#5304 = ORIENTED_EDGE ( 'NONE', *, *, #3606, .F. ) ;
#5306 = SURFACE_STYLE_USAGE ( .BOTH. , #2133 ) ;
#5305 = DIRECTION ( 'NONE',  ( -0.0000000000000000000, 1.000000000000000000, -0.0000000000000000000 ) ) ;
#5307 = EDGE_LOOP ( 'NONE', ( #4180, #1269, #2281, #2500, #878, #2018, #5145, #3861, #337 ) ) ;
#5308 = EDGE_CURVE ( 'NONE', #4963, #1335, #5330, .T. ) ;
#5309 = ORIENTED_EDGE ( 'NONE', *, *, #2068, .F. ) ;
#5310 = VECTOR ( 'NONE', #5192, 39.37007874015748143 ) ;
#5312 =( NAMED_UNIT ( * ) SI_UNIT ( $, .STERADIAN. ) SOLID_ANGLE_UNIT ( ) );
#5311 = LINE ( 'NONE', #5748, #2921 ) ;
#5313 = DIRECTION ( 'NONE',  ( -0.0000000000000000000, -1.000000000000000000, -0.0000000000000000000 ) ) ;
#5314 = VERTEX_POINT ( 'NONE', #854 ) ;
#5315 = ORIENTED_EDGE ( 'NONE', *, *, #5492, .F. ) ;
#5316 = ORIENTED_EDGE ( 'NONE', *, *, #542, .T. ) ;
#5317 = FILL_AREA_STYLE ('',( #364 ) ) ;
#5318 = MECHANICAL_DESIGN_GEOMETRIC_PRESENTATION_REPRESENTATION (  '', ( #3019 ), #3408 ) ;
#5319 = PRESENTATION_LAYER_ASSIGNMENT (  '', '', ( #4555 ) ) ;
#5320 = ORIENTED_EDGE ( 'NONE', *, *, #5013, .T. ) ;
#5321 = ORIENTED_EDGE ( 'NONE', *, *, #5087, .T. ) ;
#5322 = CARTESIAN_POINT ( 'NONE',  ( -9.639569805745200661E-18, 0.2439999999999999669, 3.875786328529849706E-18 ) ) ;
#5323 = AXIS2_PLACEMENT_3D ( 'NONE', #5157, #1946, #3782 ) ;
#5324 =( GEOMETRIC_REPRESENTATION_CONTEXT ( 3 ) GLOBAL_UNCERTAINTY_ASSIGNED_CONTEXT ( ( #5841 ) ) GLOBAL_UNIT_ASSIGNED_CONTEXT ( ( #4696, #15, #4157 ) ) REPRESENTATION_CONTEXT ( 'NONE', 'WORKASPACE' ) );
#5325 = SURFACE_STYLE_USAGE ( .BOTH. , #5233 ) ;
#5326 = PRESENTATION_LAYER_ASSIGNMENT (  '', '', ( #3215 ) ) ;
#5327 = FILL_AREA_STYLE ('',( #765 ) ) ;
#5328 = LINE ( 'NONE', #373, #2545 ) ;
#5329 = DIRECTION ( 'NONE',  ( 0.0000000000000000000, -1.000000000000000000, 0.0000000000000000000 ) ) ;
#5330 = CIRCLE ( 'NONE', #1600, 0.1849999999999999978 ) ;
#5331 = MECHANICAL_DESIGN_GEOMETRIC_PRESENTATION_REPRESENTATION (  '', ( #661 ), #458 ) ;
#5332 = DIRECTION ( 'NONE',  ( 0.0000000000000000000, -1.000000000000000000, 0.0000000000000000000 ) ) ;
#5333 = EDGE_CURVE ( 'NONE', #1505, #748, #2744, .T. ) ;
#5334 = FILL_AREA_STYLE_COLOUR ( '', #1698 ) ;
#5335 = AXIS2_PLACEMENT_3D ( 'NONE', #4250, #5110, #157 ) ;
#5336 =( GEOMETRIC_REPRESENTATION_CONTEXT ( 3 ) GLOBAL_UNCERTAINTY_ASSIGNED_CONTEXT ( ( #1835 ) ) GLOBAL_UNIT_ASSIGNED_CONTEXT ( ( #2857, #3834, #1548 ) ) REPRESENTATION_CONTEXT ( 'NONE', 'WORKASPACE' ) );
#5337 = CARTESIAN_POINT ( 'NONE',  ( 0.0000000000000000000, 0.2449999999999999956, -0.1849999999999999978 ) ) ;
#5338 = AXIS2_PLACEMENT_3D ( 'NONE', #1128, #1607, #212 ) ;
#5339 = ORIENTED_EDGE ( 'NONE', *, *, #4893, .F. ) ;
#5340 = EDGE_CURVE ( 'NONE', #447, #3817, #3771, .T. ) ;
#5341 = CARTESIAN_POINT ( 'NONE',  ( -0.1261379814248090037, 0.0000000000000000000, 0.07548648648648649540 ) ) ;
#5342 = ORIENTED_EDGE ( 'NONE', *, *, #1036, .F. ) ;
#5343 = EDGE_CURVE ( 'NONE', #1303, #956, #1796, .T. ) ;
#5345 = LINE ( 'NONE', #900, #5229 ) ;
#5344 = DIRECTION ( 'NONE',  ( 0.0000000000000000000, 0.0000000000000000000, -1.000000000000000000 ) ) ;
#5346 = CARTESIAN_POINT ( 'NONE',  ( 0.02979729729729733642, 0.0000000000000000000, -0.1439483277908309156 ) ) ;
#5347 = ORIENTED_EDGE ( 'NONE', *, *, #1569, .T. ) ;
#5348 = ORIENTED_EDGE ( 'NONE', *, *, #3692, .T. ) ;
#5349 = ORIENTED_EDGE ( 'NONE', *, *, #4216, .F. ) ;
#5350 = CIRCLE ( 'NONE', #4678, 0.1320000000000000062 ) ;
#5351 = SURFACE_STYLE_FILL_AREA ( #5317 ) ;
#5352 = AXIS2_PLACEMENT_3D ( 'NONE', #476, #1353, #2754 ) ;
#5353 = VERTEX_POINT ( 'NONE', #3714 ) ;
#5354 = EDGE_CURVE ( 'NONE', #4572, #711, #3312, .T. ) ;
#5355 = PLANE ( 'NONE',  #4647 ) ;
#5356 = COLOUR_RGB ( '',0.7960784313725489669, 0.6039215686274509443, 0.2313725490196078538 ) ;
#5357 =( NAMED_UNIT ( * ) SI_UNIT ( $, .STERADIAN. ) SOLID_ANGLE_UNIT ( ) );
#5358 = AXIS2_PLACEMENT_3D ( 'NONE', #2560, #3014, #1737 ) ;
#5359 = PLANE ( 'NONE',  #3154 ) ;
#5360 = DIRECTION ( 'NONE',  ( 0.0000000000000000000, 1.000000000000000000, -0.0000000000000000000 ) ) ;
#5361 = CARTESIAN_POINT ( 'NONE',  ( -0.1980000000000000093, -0.1209999999999999826, 0.02000000000000000042 ) ) ;
#5362 = VECTOR ( 'NONE', #938, 39.37007874015748143 ) ;
#5363 = VECTOR ( 'NONE', #2620, 39.37007874015748143 ) ;
#5364 = EDGE_CURVE ( 'NONE', #4919, #5171, #2780, .T. ) ;
#5365 = ORIENTED_EDGE ( 'NONE', *, *, #3913, .F. ) ;
#5366 = PLANE ( 'NONE',  #3035 ) ;
#5367 = CIRCLE ( 'NONE', #5464, 0.04749999999999999362 ) ;
#5368 = FACE_OUTER_BOUND ( 'NONE', #1288, .T. ) ;
#5369 = CARTESIAN_POINT ( 'NONE',  ( 5.817072295949927179E-18, 0.2839999999999999747, -0.04749999999999999362 ) ) ;
#5370 = EDGE_CURVE ( 'NONE', #4760, #5040, #1046, .T. ) ;
#5371 = VERTEX_POINT ( 'NONE', #2004 ) ;
#5373 = FACE_OUTER_BOUND ( 'NONE', #4649, .T. ) ;
#5372 = LINE ( 'NONE', #1261, #5893 ) ;
#5374 = ORIENTED_EDGE ( 'NONE', *, *, #3037, .T. ) ;
#5375 = EDGE_CURVE ( 'NONE', #1090, #2410, #5692, .T. ) ;
#5377 = FACE_OUTER_BOUND ( 'NONE', #1923, .T. ) ;
#5376 = FILL_AREA_STYLE_COLOUR ( '', #5678 ) ;
#5378 = DIRECTION ( 'NONE',  ( 0.0000000000000000000, 0.0000000000000000000, -1.000000000000000000 ) ) ;
#5379 = ORIENTED_EDGE ( 'NONE', *, *, #1759, .F. ) ;
#5380 = VERTEX_POINT ( 'NONE', #3840 ) ;
#5381 = VERTEX_POINT ( 'NONE', #4698 ) ;
#5382 = DIRECTION ( 'NONE',  ( 0.0000000000000000000, 1.000000000000000000, 0.0000000000000000000 ) ) ;
#5383 = PLANE ( 'NONE',  #4559 ) ;
#5384 = ADVANCED_FACE ( 'NONE', ( #3278, #1075 ), #1936, .F. ) ;
#5385 = ORIENTED_EDGE ( 'NONE', *, *, #865, .T. ) ;
#5386 = ORIENTED_EDGE ( 'NONE', *, *, #2127, .T. ) ;
#5387 = DIRECTION ( 'NONE',  ( 0.0000000000000000000, 1.000000000000000000, 0.0000000000000000000 ) ) ;
#5388 = DIRECTION ( 'NONE',  ( -1.000000000000000000, -0.0000000000000000000, 0.0000000000000000000 ) ) ;
#5389 = CARTESIAN_POINT ( 'NONE',  ( 0.0000000000000000000, 0.1499999999999999944, 0.04749999999999999362 ) ) ;
#5390 = PRESENTATION_STYLE_ASSIGNMENT (( #3563 ) ) ;
#5391 = DIRECTION ( 'NONE',  ( 2.731847993664270121E-16, -0.0000000000000000000, -1.000000000000000000 ) ) ;
#5392 = DIRECTION ( 'NONE',  ( 0.9699653213473705682, 0.0000000000000000000, 0.2432432432432438674 ) ) ;
#5393 = EDGE_CURVE ( 'NONE', #5380, #5403, #2862, .T. ) ;
#5394 = SURFACE_STYLE_USAGE ( .BOTH. , #5004 ) ;
#5395 = CYLINDRICAL_SURFACE ( 'NONE', #2457, 0.1849999999999999978 ) ;
#5396 = SURFACE_STYLE_FILL_AREA ( #3082 ) ;
#5397 = CARTESIAN_POINT ( 'NONE',  ( -0.04900000000000000189, -0.02566611069585890068, 0.2099999999999999922 ) ) ;
#5398 = ORIENTED_EDGE ( 'NONE', *, *, #4912, .T. ) ;
#5399 = ORIENTED_EDGE ( 'NONE', *, *, #1690, .T. ) ;
#5400 = DIRECTION ( 'NONE',  ( 0.0000000000000000000, 0.0000000000000000000, -1.000000000000000000 ) ) ;
#5401 = CARTESIAN_POINT ( 'NONE',  ( 0.09149999999999999800, 0.1499999999999999944, 0.1607879037738849937 ) ) ;
#5402 = ORIENTED_EDGE ( 'NONE', *, *, #4922, .T. ) ;
#5403 = VERTEX_POINT ( 'NONE', #5538 ) ;
#5405 = CARTESIAN_POINT ( 'NONE',  ( 0.0000000000000000000, 0.05000000000000000278, 0.0000000000000000000 ) ) ;
#5404 = CARTESIAN_POINT ( 'NONE',  ( 0.02000000000000000042, -0.05000000000000000278, 0.2099999999999999922 ) ) ;
#5406 = CARTESIAN_POINT ( 'NONE',  ( 0.0000000000000000000, 0.4000000000000000222, 0.0000000000000000000 ) ) ;
#5407 = EDGE_CURVE ( 'NONE', #1162, #5023, #2653, .T. ) ;
#5408 = VERTEX_POINT ( 'NONE', #1912 ) ;
#5409 = ORIENTED_EDGE ( 'NONE', *, *, #5013, .F. ) ;
#5410 = ORIENTED_EDGE ( 'NONE', *, *, #2324, .F. ) ;
#5411 = ORIENTED_EDGE ( 'NONE', *, *, #1377, .T. ) ;
#5412 = DIRECTION ( 'NONE',  ( 0.0000000000000000000, -1.000000000000000000, 0.0000000000000000000 ) ) ;
#5413 = CARTESIAN_POINT ( 'NONE',  ( 0.0000000000000000000, 0.2849999999999999756, 0.0000000000000000000 ) ) ;
#5414 = DIRECTION ( 'NONE',  ( 1.000000000000000000, 0.0000000000000000000, -0.0000000000000000000 ) ) ;
#5415 = LINE ( 'NONE', #438, #5820 ) ;
#5416 = AXIS2_PLACEMENT_3D ( 'NONE', #1894, #4068, #5014 ) ;
#5417 = VECTOR ( 'NONE', #618, 39.37007874015748143 ) ;
#5418 = AXIS2_PLACEMENT_3D ( 'NONE', #816, #3619, #1734 ) ;
#5419 = LINE ( 'NONE', #822, #5362 ) ;
#5420 = ADVANCED_FACE ( 'NONE', ( #1522 ), #1015, .T. ) ;
#5421 = FACE_OUTER_BOUND ( 'NONE', #399, .T. ) ;
#5422 = CARTESIAN_POINT ( 'NONE',  ( -0.01500000000000000465, 0.3649999999999999911, 0.04506939094522375427 ) ) ;
#5423 = VECTOR ( 'NONE', #4828, 39.37007874015748143 ) ;
#5424 = CIRCLE ( 'NONE', #1980, 0.1320000000000000062 ) ;
#5425 = AXIS2_PLACEMENT_3D ( 'NONE', #2583, #5809, #1808 ) ;
#5426 = AXIS2_PLACEMENT_3D ( 'NONE', #5483, #5506, #1742 ) ;
#5427 = COLOUR_RGB ( '',0.7960784313725489669, 0.6039215686274509443, 0.2313725490196078538 ) ;
#5429 = CARTESIAN_POINT ( 'NONE',  ( 0.0000000000000000000, 0.2839999999999999747, 0.0000000000000000000 ) ) ;
#5428 = FACE_OUTER_BOUND ( 'NONE', #826, .T. ) ;
#5430 = FACE_OUTER_BOUND ( 'NONE', #5562, .T. ) ;
#5431 = ORIENTED_EDGE ( 'NONE', *, *, #4235, .T. ) ;
#5432 = UNCERTAINTY_MEASURE_WITH_UNIT (LENGTH_MEASURE( 1.000000000000000082E-05 ), #5702, 'distance_accuracy_value', 'NONE');
#5433 = AXIS2_PLACEMENT_3D ( 'NONE', #4971, #3139, #2656 ) ;
#5435 = CARTESIAN_POINT ( 'NONE',  ( 0.0000000000000000000, -0.04499999999999999833, 0.0000000000000000000 ) ) ;
#5434 = CARTESIAN_POINT ( 'NONE',  ( 0.0000000000000000000, 0.2999999999999999889, 0.0000000000000000000 ) ) ;
#5436 = EDGE_CURVE ( 'NONE', #436, #5314, #3228, .T. ) ;
#5437 = CARTESIAN_POINT ( 'NONE',  ( -0.1980000000000000093, -0.03100000000000000325, 0.02000000000000000042 ) ) ;
#5438 = STYLED_ITEM ( 'NONE', ( #269 ), #5805 ) ;
#5439 = ORIENTED_EDGE ( 'NONE', *, *, #439, .F. ) ;
#5440 = ORIENTED_EDGE ( 'NONE', *, *, #318, .F. ) ;
#5441 = EDGE_LOOP ( 'NONE', ( #2176, #4439 ) ) ;
#5442 = CARTESIAN_POINT ( 'NONE',  ( 0.0000000000000000000, 0.1499999999999999944, 0.04749999999999999362 ) ) ;
#5443 = ORIENTED_EDGE ( 'NONE', *, *, #200, .F. ) ;
#5444 = EDGE_CURVE ( 'NONE', #1748, #4539, #4615, .T. ) ;
#5445 = CARTESIAN_POINT ( 'NONE',  ( 0.0000000000000000000, 0.3799999999999999489, 0.0000000000000000000 ) ) ;
#5446 = DIRECTION ( 'NONE',  ( -0.0000000000000000000, -1.000000000000000000, 0.0000000000000000000 ) ) ;
#5447 = DIRECTION ( 'NONE',  ( 0.0000000000000000000, 1.000000000000000000, 0.0000000000000000000 ) ) ;
#5448 = VERTEX_POINT ( 'NONE', #2361 ) ;
#5449 = VECTOR ( 'NONE', #2064, 39.37007874015748143 ) ;
#5450 = ORIENTED_EDGE ( 'NONE', *, *, #1119, .F. ) ;
#5451 = AXIS2_PLACEMENT_3D ( 'NONE', #4621, #1473, #545 ) ;
#5452 = DIRECTION ( 'NONE',  ( 0.0000000000000000000, -0.0000000000000000000, 1.000000000000000000 ) ) ;
#5453 = DIRECTION ( 'NONE',  ( -0.0000000000000000000, -1.000000000000000000, -0.0000000000000000000 ) ) ;
#5454 = COLOUR_RGB ( '',0.7960784313725489669, 0.6039215686274509443, 0.2313725490196078538 ) ;
#5455 = CIRCLE ( 'NONE', #4395, 0.1849999999999999978 ) ;
#5456 = DIRECTION ( 'NONE',  ( 0.0000000000000000000, 1.000000000000000000, 0.0000000000000000000 ) ) ;
#5457 = CARTESIAN_POINT ( 'NONE',  ( -0.02979729729729728438, 0.0000000000000000000, -0.1439483277908309156 ) ) ;
#5458 = PLANE ( 'NONE',  #5352 ) ;
#5459 = VECTOR ( 'NONE', #4762, 39.37007874015748143 ) ;
#5460 = DIRECTION ( 'NONE',  ( 0.0000000000000000000, -1.000000000000000000, 0.0000000000000000000 ) ) ;
#5461 = CIRCLE ( 'NONE', #696, 0.04749999999999999362 ) ;
#5462 = EDGE_CURVE ( 'NONE', #2380, #1358, #1218, .T. ) ;
#5463 = VECTOR ( 'NONE', #5456, 39.37007874015748143 ) ;
#5464 = AXIS2_PLACEMENT_3D ( 'NONE', #1666, #303, #1093 ) ;
#5465 = PLANE ( 'NONE',  #3796 ) ;
#5466 = SURFACE_STYLE_FILL_AREA ( #446 ) ;
#5467 = ORIENTED_EDGE ( 'NONE', *, *, #3946, .F. ) ;
#5468 = ADVANCED_FACE ( 'NONE', ( #5587 ), #2834, .F. ) ;
#5470 = DIRECTION ( 'NONE',  ( -0.0000000000000000000, 1.000000000000000000, 0.0000000000000000000 ) ) ;
#5469 = FACE_OUTER_BOUND ( 'NONE', #339, .T. ) ;
#5471 = CARTESIAN_POINT ( 'NONE',  ( 0.0000000000000000000, 0.2849999999999999756, 0.0000000000000000000 ) ) ;
#5472 = ORIENTED_EDGE ( 'NONE', *, *, #4354, .T. ) ;
#5473 = CARTESIAN_POINT ( 'NONE',  ( 9.639569805745200661E-18, 0.1499999999999999944, 0.2340000000000000135 ) ) ;
#5474 = ORIENTED_EDGE ( 'NONE', *, *, #5436, .T. ) ;
#5475 = DIRECTION ( 'NONE',  ( 0.0000000000000000000, 1.000000000000000000, 0.0000000000000000000 ) ) ;
#5476 = DIRECTION ( 'NONE',  ( 0.0000000000000000000, -0.0000000000000000000, 1.000000000000000000 ) ) ;
#5477 = DIRECTION ( 'NONE',  ( 0.0000000000000000000, 1.000000000000000000, 0.0000000000000000000 ) ) ;
#5478 = ORIENTED_EDGE ( 'NONE', *, *, #2594, .F. ) ;
#5479 = ORIENTED_EDGE ( 'NONE', *, *, #5444, .F. ) ;
#5480 = CARTESIAN_POINT ( 'NONE',  ( 0.1587450786638759936, 0.0000000000000000000, 0.09499999999999890476 ) ) ;
#5481 = PLANE ( 'NONE',  #366 ) ;
#5482 = CARTESIAN_POINT ( 'NONE',  ( -0.02979729729729730173, 0.0000000000000000000, -0.1439483277908309988 ) ) ;
#5483 = CARTESIAN_POINT ( 'NONE',  ( -4.847560246624939958E-19, 0.4000000000000000222, 0.0000000000000000000 ) ) ;
#5484 = DIRECTION ( 'NONE',  ( 0.0000000000000000000, -1.000000000000000000, 0.0000000000000000000 ) ) ;
#5485 = EDGE_CURVE ( 'NONE', #4954, #4915, #2988, .T. ) ;
#5486 = PRESENTATION_STYLE_ASSIGNMENT (( #3664 ) ) ;
#5487 =( NAMED_UNIT ( * ) PLANE_ANGLE_UNIT ( ) SI_UNIT ( $, .RADIAN. ) );
#5488 = SURFACE_STYLE_USAGE ( .BOTH. , #1357 ) ;
#5489 = ORIENTED_EDGE ( 'NONE', *, *, #1916, .T. ) ;
#5491 = CARTESIAN_POINT ( 'NONE',  ( -0.1920000000000000040, -0.1209999999999999826, 0.02000000000000000042 ) ) ;
#5490 = DIRECTION ( 'NONE',  ( 0.0000000000000000000, 0.0000000000000000000, 1.000000000000000000 ) ) ;
#5492 = EDGE_CURVE ( 'NONE', #2380, #1131, #795, .T. ) ;
#5493 = ORIENTED_EDGE ( 'NONE', *, *, #221, .F. ) ;
#5494 = ORIENTED_EDGE ( 'NONE', *, *, #3235, .T. ) ;
#5495 = VERTEX_POINT ( 'NONE', #4342 ) ;
#5496 = DIRECTION ( 'NONE',  ( 1.000000000000000000, 0.0000000000000000000, 0.0000000000000000000 ) ) ;
#5497 = ORIENTED_EDGE ( 'NONE', *, *, #2652, .T. ) ;
#5498 = FACE_OUTER_BOUND ( 'NONE', #2764, .T. ) ;
#5499 = DIRECTION ( 'NONE',  ( 0.0000000000000000000, 0.0000000000000000000, 1.000000000000000000 ) ) ;
#5500 = DIRECTION ( 'NONE',  ( 0.0000000000000000000, -0.0000000000000000000, 1.000000000000000000 ) ) ;
#5501 = EDGE_LOOP ( 'NONE', ( #4359, #2429 ) ) ;
#5502 = ORIENTED_EDGE ( 'NONE', *, *, #4199, .F. ) ;
#5503 = ORIENTED_EDGE ( 'NONE', *, *, #245, .F. ) ;
#5504 = DIRECTION ( 'NONE',  ( -0.0000000000000000000, 1.000000000000000000, -0.0000000000000000000 ) ) ;
#5505 = COLOUR_RGB ( '',0.0000000000000000000, 0.0000000000000000000, 0.0000000000000000000 ) ;
#5506 = DIRECTION ( 'NONE',  ( 0.0000000000000000000, 1.000000000000000000, 0.0000000000000000000 ) ) ;
#5507 = DIRECTION ( 'NONE',  ( 0.0000000000000000000, 1.000000000000000000, 0.0000000000000000000 ) ) ;
#5508 = ADVANCED_FACE ( 'NONE', ( #3439 ), #3960, .T. ) ;
#5509 = DIRECTION ( 'NONE',  ( -1.000000000000000000, 0.0000000000000000000, 1.492566466189939985E-16 ) ) ;
#5510 = CIRCLE ( 'NONE', #4455, 0.04749999999999999362 ) ;
#5511 = AXIS2_PLACEMENT_3D ( 'NONE', #1013, #1850, #3683 ) ;
#5512 = ADVANCED_FACE ( 'NONE', ( #4795 ), #2056, .T. ) ;
#5513 = DIRECTION ( 'NONE',  ( 0.0000000000000000000, -1.000000000000000000, 0.0000000000000000000 ) ) ;
#5514 = DIRECTION ( 'NONE',  ( 0.0000000000000000000, 1.000000000000000000, 0.0000000000000000000 ) ) ;
#5515 = MECHANICAL_DESIGN_GEOMETRIC_PRESENTATION_REPRESENTATION (  '', ( #4852 ), #2928 ) ;
#5516 = CIRCLE ( 'NONE', #1699, 0.1849999999999999978 ) ;
#5517 = ORIENTED_EDGE ( 'NONE', *, *, #5811, .T. ) ;
#5518 = CARTESIAN_POINT ( 'NONE',  ( -0.1920000000000000040, -0.1209999999999999826, 0.0000000000000000000 ) ) ;
#5519 = ADVANCED_FACE ( 'NONE', ( #5733 ), #1581, .T. ) ;
#5520 = VECTOR ( 'NONE', #2994, 39.37007874015748143 ) ;
#5522 = PRESENTATION_STYLE_ASSIGNMENT (( #488 ) ) ;
#5521 =( LENGTH_UNIT ( ) NAMED_UNIT ( * ) SI_UNIT ( $, .METRE. ) );
#5523 = SURFACE_SIDE_STYLE ('',( #4175 ) ) ;
#5524 = ORIENTED_EDGE ( 'NONE', *, *, #4893, .T. ) ;
#5525 = LINE ( 'NONE', #926, #3513 ) ;
#5526 = ADVANCED_FACE ( 'NONE', ( #10 ), #2187, .T. ) ;
#5527 = EDGE_LOOP ( 'NONE', ( #2578, #2765, #4386, #5755 ) ) ;
#5528 =( GEOMETRIC_REPRESENTATION_CONTEXT ( 3 ) GLOBAL_UNCERTAINTY_ASSIGNED_CONTEXT ( ( #1468 ) ) GLOBAL_UNIT_ASSIGNED_CONTEXT ( ( #5061, #4164, #1438 ) ) REPRESENTATION_CONTEXT ( 'NONE', 'WORKASPACE' ) );
#5529 = FACE_BOUND ( 'NONE', #5612, .T. ) ;
#5530 = ORIENTED_EDGE ( 'NONE', *, *, #5407, .T. ) ;
#5531 = ORIENTED_EDGE ( 'NONE', *, *, #221, .T. ) ;
#5532 = ORIENTED_EDGE ( 'NONE', *, *, #238, .T. ) ;
#5533 = SURFACE_STYLE_FILL_AREA ( #1373 ) ;
#5534 = DIRECTION ( 'NONE',  ( 0.0000000000000000000, -1.000000000000000000, 0.0000000000000000000 ) ) ;
#5535 = CIRCLE ( 'NONE', #3717, 0.1849999999999999978 ) ;
#5536 = EDGE_CURVE ( 'NONE', #4039, #5774, #3040, .T. ) ;
#5537 = DIRECTION ( 'NONE',  ( 0.0000000000000000000, -0.0000000000000000000, 1.000000000000000000 ) ) ;
#5538 = CARTESIAN_POINT ( 'NONE',  ( -0.09149999999999999800, 0.1499999999999999944, 0.2340000000000000135 ) ) ;
#5539 = SURFACE_STYLE_FILL_AREA ( #534 ) ;
#5540 = AXIS2_PLACEMENT_3D ( 'NONE', #5802, #4914, #5836 ) ;
#5541 = EDGE_CURVE ( 'NONE', #277, #4241, #4569, .T. ) ;
#5542 = CARTESIAN_POINT ( 'NONE',  ( 0.0000000000000000000, 0.1640000000000000069, -0.1849999999999999978 ) ) ;
#5543 =( NAMED_UNIT ( * ) SI_UNIT ( $, .STERADIAN. ) SOLID_ANGLE_UNIT ( ) );
#5544 = VECTOR ( 'NONE', #2659, 39.37007874015748854 ) ;
#5545 = STYLED_ITEM ( 'NONE', ( #2558 ), #888 ) ;
#5546 = DIRECTION ( 'NONE',  ( 0.0000000000000000000, 0.0000000000000000000, 1.000000000000000000 ) ) ;
#5547 = ADVANCED_FACE ( 'NONE', ( #3655 ), #4133, .F. ) ;
#5548 = CYLINDRICAL_SURFACE ( 'NONE', #5729, 0.1849999999999999978 ) ;
#5549 = EDGE_CURVE ( 'NONE', #1152, #1182, #2839, .T. ) ;
#5550 = VECTOR ( 'NONE', #1509, 39.37007874015748143 ) ;
#5551 = AXIS2_PLACEMENT_3D ( 'NONE', #1215, #5096, #998 ) ;
#5553 =( LENGTH_UNIT ( ) NAMED_UNIT ( * ) SI_UNIT ( $, .METRE. ) );
#5552 = CARTESIAN_POINT ( 'NONE',  ( 0.0000000000000000000, 0.1549999999999999989, -0.1849999999999999978 ) ) ;
#5554 = CARTESIAN_POINT ( 'NONE',  ( 2.265596578422603655E-17, 0.1940000000000000058, 0.1849999999999999978 ) ) ;
#5555 = CARTESIAN_POINT ( 'NONE',  ( 0.0000000000000000000, 0.2999999999999999889, 0.0000000000000000000 ) ) ;
#5556 = VERTEX_POINT ( 'NONE', #4079 ) ;
#5557 = VERTEX_POINT ( 'NONE', #910 ) ;
#5558 = CARTESIAN_POINT ( 'NONE',  ( 0.0000000000000000000, 0.2550000000000000044, 0.0000000000000000000 ) ) ;
#5559 = DIRECTION ( 'NONE',  ( 0.0000000000000000000, 0.0000000000000000000, 1.000000000000000000 ) ) ;
#5560 = DIRECTION ( 'NONE',  ( 0.0000000000000000000, 1.000000000000000000, 0.0000000000000000000 ) ) ;
#5561 = ORIENTED_EDGE ( 'NONE', *, *, #3752, .F. ) ;
#5562 = EDGE_LOOP ( 'NONE', ( #1270, #2974, #5101, #5662 ) ) ;
#5563 = EDGE_CURVE ( 'NONE', #4892, #522, #1035, .T. ) ;
#5564 = DIRECTION ( 'NONE',  ( 0.0000000000000000000, -1.000000000000000000, 0.0000000000000000000 ) ) ;
#5565 =( NAMED_UNIT ( * ) SI_UNIT ( $, .STERADIAN. ) SOLID_ANGLE_UNIT ( ) );
#5566 = DIRECTION ( 'NONE',  ( -0.0000000000000000000, -1.000000000000000000, 0.0000000000000000000 ) ) ;
#5567 = PRESENTATION_STYLE_ASSIGNMENT (( #1882 ) ) ;
#5568 = ORIENTED_EDGE ( 'NONE', *, *, #2229, .T. ) ;
#5569 = EDGE_CURVE ( 'NONE', #1905, #2213, #3191, .T. ) ;
#5570 = CYLINDRICAL_SURFACE ( 'NONE', #2098, 0.1849999999999999978 ) ;
#5571 = CARTESIAN_POINT ( 'NONE',  ( -0.04900000000000000189, -0.02566611069585890068, 0.2099999999999999922 ) ) ;
#5572 = DIRECTION ( 'NONE',  ( 0.0000000000000000000, 1.000000000000000000, 0.0000000000000000000 ) ) ;
#5573 = CARTESIAN_POINT ( 'NONE',  ( -0.02979729729729730173, 0.0000000000000000000, -0.1439483277908309988 ) ) ;
#5574 = CYLINDRICAL_SURFACE ( 'NONE', #1825, 0.1469999999999999918 ) ;
#5575 = EDGE_LOOP ( 'NONE', ( #4624, #3957 ) ) ;
#5576 = CYLINDRICAL_SURFACE ( 'NONE', #193, 0.04749999999999999362 ) ;
#5577 = FILL_AREA_STYLE_COLOUR ( '', #973 ) ;
#5578 = ORIENTED_EDGE ( 'NONE', *, *, #1637, .F. ) ;
#5579 = ORIENTED_EDGE ( 'NONE', *, *, #4401, .F. ) ;
#5580 = EDGE_CURVE ( 'NONE', #3193, #1505, #818, .T. ) ;
#5581 = CARTESIAN_POINT ( 'NONE',  ( -0.1261379814248090037, 0.0000000000000000000, 0.07548648648648649540 ) ) ;
#5582 = DIRECTION ( 'NONE',  ( 1.000000000000000000, 0.0000000000000000000, 7.725300189835330255E-17 ) ) ;
#5583 = EDGE_LOOP ( 'NONE', ( #5309, #2925, #4186, #5532 ) ) ;
#5584 = VERTEX_POINT ( 'NONE', #5823 ) ;
#5585 = CARTESIAN_POINT ( 'NONE',  ( 0.1980000000000000093, 0.05000000000000000278, 0.03500000000000000333 ) ) ;
#5586 = CARTESIAN_POINT ( 'NONE',  ( 2.265596578422603655E-17, 0.2449999999999999956, 0.1849999999999999978 ) ) ;
#5587 = FACE_OUTER_BOUND ( 'NONE', #4956, .T. ) ;
#5588 = DIRECTION ( 'NONE',  ( 0.0000000000000000000, 0.0000000000000000000, 1.000000000000000000 ) ) ;
#5589 = DIMENSIONAL_EXPONENTS ( 1.000000000000000000, 0.0000000000000000000, 0.0000000000000000000, 0.0000000000000000000, 0.0000000000000000000, 0.0000000000000000000, 0.0000000000000000000 ) ;
#5590 = CYLINDRICAL_SURFACE ( 'NONE', #3334, 0.1849999999999999978 ) ;
#5591 = ADVANCED_FACE ( 'NONE', ( #1791, #3621 ), #2719, .T. ) ;
#5592 = DIRECTION ( 'NONE',  ( -1.000000000000000000, 0.0000000000000000000, 0.0000000000000000000 ) ) ;
#5593 = DIRECTION ( 'NONE',  ( 1.000000000000000000, 0.0000000000000000000, -0.0000000000000000000 ) ) ;
#5594 = UNCERTAINTY_MEASURE_WITH_UNIT (LENGTH_MEASURE( 1.000000000000000082E-05 ), #3583, 'distance_accuracy_value', 'NONE');
#5595 = MECHANICAL_DESIGN_GEOMETRIC_PRESENTATION_REPRESENTATION (  '', ( #1296 ), #3293 ) ;
#5596 = AXIS2_PLACEMENT_3D ( 'NONE', #3665, #5513, #1410 ) ;
#5597 =( CONVERSION_BASED_UNIT ( 'INCH', #3905 ) LENGTH_UNIT ( ) NAMED_UNIT ( #3497 ) );
#5598 = ORIENTED_EDGE ( 'NONE', *, *, #5343, .T. ) ;
#5599 = EDGE_LOOP ( 'NONE', ( #4473, #1279, #3612, #2214 ) ) ;
#5600 = AXIS2_PLACEMENT_3D ( 'NONE', #508, #18, #2700 ) ;
#5601 = AXIS2_PLACEMENT_3D ( 'NONE', #906, #3673, #1814 ) ;
#5602 = CIRCLE ( 'NONE', #2641, 0.04749999999999999362 ) ;
#5603 = EDGE_CURVE ( 'NONE', #1931, #2118, #4935, .T. ) ;
#5605 = CARTESIAN_POINT ( 'NONE',  ( 0.1920000000000000040, -0.03099999999999999978, 0.02750000000000000014 ) ) ;
#5604 = CARTESIAN_POINT ( 'NONE',  ( -0.1980000000000000093, -0.1209999999999999826, -0.02000000000000000042 ) ) ;
#5606 = CARTESIAN_POINT ( 'NONE',  ( 5.817072295949927179E-18, 0.2049999999999999878, -0.04749999999999999362 ) ) ;
#5607 = AXIS2_PLACEMENT_3D ( 'NONE', #2095, #5240, #3936 ) ;
#5608 = CIRCLE ( 'NONE', #3810, 0.04749999999999999362 ) ;
#5609 = LINE ( 'NONE', #1512, #3325 ) ;
#5610 = ORIENTED_EDGE ( 'NONE', *, *, #3355, .F. ) ;
#5611 = ORIENTED_EDGE ( 'NONE', *, *, #4982, .F. ) ;
#5612 = EDGE_LOOP ( 'NONE', ( #3099, #336 ) ) ;
#5613 = VERTEX_POINT ( 'NONE', #1369 ) ;
#5614 = DIRECTION ( 'NONE',  ( 0.0000000000000000000, 0.0000000000000000000, 1.000000000000000000 ) ) ;
#5615 = PRESENTATION_LAYER_ASSIGNMENT (  '', '', ( #4289 ) ) ;
#5616 = LINE ( 'NONE', #1074, #3246 ) ;
#5617 = DIRECTION ( 'NONE',  ( -0.0000000000000000000, -1.000000000000000000, -0.0000000000000000000 ) ) ;
#5618 = CARTESIAN_POINT ( 'NONE',  ( 0.0000000000000000000, 0.1549999999999999989, 0.0000000000000000000 ) ) ;
#5619 =( GEOMETRIC_REPRESENTATION_CONTEXT ( 3 ) GLOBAL_UNCERTAINTY_ASSIGNED_CONTEXT ( ( #3262 ) ) GLOBAL_UNIT_ASSIGNED_CONTEXT ( ( #2315, #5867, #4532 ) ) REPRESENTATION_CONTEXT ( 'NONE', 'WORKASPACE' ) );
#5620 = DIRECTION ( 'NONE',  ( 0.0000000000000000000, 0.0000000000000000000, 1.000000000000000000 ) ) ;
#5621 = SURFACE_STYLE_FILL_AREA ( #1972 ) ;
#5622 = ORIENTED_EDGE ( 'NONE', *, *, #469, .T. ) ;
#5623 = MECHANICAL_DESIGN_GEOMETRIC_PRESENTATION_REPRESENTATION (  '', ( #292 ), #4482 ) ;
#5624 = DIRECTION ( 'NONE',  ( 0.0000000000000000000, -1.000000000000000000, 0.0000000000000000000 ) ) ;
#5625 = DIRECTION ( 'NONE',  ( 0.0000000000000000000, 0.0000000000000000000, -1.000000000000000000 ) ) ;
#5626 = SURFACE_STYLE_USAGE ( .BOTH. , #975 ) ;
#5627 = PRESENTATION_LAYER_ASSIGNMENT (  '', '', ( #3633 ) ) ;
#5628 = EDGE_CURVE ( 'NONE', #1303, #257, #500, .T. ) ;
#5629 = DIMENSIONAL_EXPONENTS ( 1.000000000000000000, 0.0000000000000000000, 0.0000000000000000000, 0.0000000000000000000, 0.0000000000000000000, 0.0000000000000000000, 0.0000000000000000000 ) ;
#5630 = ORIENTED_EDGE ( 'NONE', *, *, #897, .F. ) ;
#5631 =( NAMED_UNIT ( * ) PLANE_ANGLE_UNIT ( ) SI_UNIT ( $, .RADIAN. ) );
#5632 = EDGE_LOOP ( 'NONE', ( #1811, #5316, #2212, #3571 ) ) ;
#5633 = EDGE_LOOP ( 'NONE', ( #3601, #3773, #1945, #2134 ) ) ;
#5634 = VECTOR ( 'NONE', #4084, 39.37007874015748143 ) ;
#5635 = PLANE ( 'NONE',  #5828 ) ;
#5636 = CARTESIAN_POINT ( 'NONE',  ( -0.02000000000000000042, -0.05000000000000000278, 0.1899999999999999745 ) ) ;
#5637 = AXIS2_PLACEMENT_3D ( 'NONE', #4779, #5751, #1694 ) ;
#5638 = CARTESIAN_POINT ( 'NONE',  ( 2.265596578422603655E-17, 0.2039999999999999869, 0.1849999999999999978 ) ) ;
#5639 = EDGE_LOOP ( 'NONE', ( #4995, #1970 ) ) ;
#5640 = ORIENTED_EDGE ( 'NONE', *, *, #5569, .F. ) ;
#5641 = ORIENTED_EDGE ( 'NONE', *, *, #2168, .F. ) ;
#5642 = SURFACE_STYLE_USAGE ( .BOTH. , #4280 ) ;
#5643 = CARTESIAN_POINT ( 'NONE',  ( 5.817072295949927179E-18, 0.3649999999999999911, -0.04749999999999999362 ) ) ;
#5644 = CARTESIAN_POINT ( 'NONE',  ( -0.09149999999999999800, 0.1499999999999999944, 3.875786328529849706E-18 ) ) ;
#5645 = DIRECTION ( 'NONE',  ( 0.0000000000000000000, 0.0000000000000000000, 1.000000000000000000 ) ) ;
#5646 = DIRECTION ( 'NONE',  ( 0.0000000000000000000, 1.000000000000000000, 0.0000000000000000000 ) ) ;
#5647 = DIRECTION ( 'NONE',  ( -7.725300189835330255E-17, 0.0000000000000000000, 1.000000000000000000 ) ) ;
#5648 = DIRECTION ( 'NONE',  ( 0.0000000000000000000, 0.0000000000000000000, -1.000000000000000000 ) ) ;
#5649 = EDGE_CURVE ( 'NONE', #5654, #3616, #2308, .T. ) ;
#5650 = CARTESIAN_POINT ( 'NONE',  ( 0.0000000000000000000, 0.1499999999999999944, 0.0000000000000000000 ) ) ;
#5651 = CARTESIAN_POINT ( 'NONE',  ( 0.0000000000000000000, 0.2149999999999999967, 0.04749999999999999362 ) ) ;
#5652 = CARTESIAN_POINT ( 'NONE',  ( 0.0000000000000000000, 0.2750000000000000222, -0.1849999999999999978 ) ) ;
#5653 = DIRECTION ( 'NONE',  ( -1.000000000000000000, -0.0000000000000000000, 0.0000000000000000000 ) ) ;
#5654 = VERTEX_POINT ( 'NONE', #4691 ) ;
#5655 = DIMENSIONAL_EXPONENTS ( 1.000000000000000000, 0.0000000000000000000, 0.0000000000000000000, 0.0000000000000000000, 0.0000000000000000000, 0.0000000000000000000, 0.0000000000000000000 ) ;
#5656 = EDGE_CURVE ( 'NONE', #754, #1411, #4185, .T. ) ;
#5658 = CARTESIAN_POINT ( 'NONE',  ( 0.01499999999999999944, 0.3700000000010787993, -0.03976493430182424793 ) ) ;
#5657 = LINE ( 'NONE', #1570, #206 ) ;
#5659 = DIRECTION ( 'NONE',  ( 0.0000000000000000000, 1.000000000000000000, 0.0000000000000000000 ) ) ;
#5660 = FACE_OUTER_BOUND ( 'NONE', #3068, .T. ) ;
#5661 = ORIENTED_EDGE ( 'NONE', *, *, #3022, .F. ) ;
#5662 = ORIENTED_EDGE ( 'NONE', *, *, #1690, .F. ) ;
#5663 = DIRECTION ( 'NONE',  ( 0.0000000000000000000, 0.0000000000000000000, -1.000000000000000000 ) ) ;
#5664 = DIRECTION ( 'NONE',  ( 0.0000000000000000000, 0.0000000000000000000, 1.000000000000000000 ) ) ;
#5665 = CARTESIAN_POINT ( 'NONE',  ( -0.1794435844492640042, 0.0000000000000000000, 0.04499999999999999833 ) ) ;
#5666 = DIRECTION ( 'NONE',  ( 0.0000000000000000000, -1.000000000000000000, 0.0000000000000000000 ) ) ;
#5667 = CARTESIAN_POINT ( 'NONE',  ( -0.03749999999999999167, -0.04499999999999999833, -0.1811594601449231512 ) ) ;
#5668 =( NAMED_UNIT ( * ) SI_UNIT ( $, .STERADIAN. ) SOLID_ANGLE_UNIT ( ) );
#5669 = EDGE_CURVE ( 'NONE', #2119, #1646, #4104, .T. ) ;
#5670 = DIRECTION ( 'NONE',  ( 0.0000000000000000000, 1.000000000000000000, 0.0000000000000000000 ) ) ;
#5671 = DIRECTION ( 'NONE',  ( 0.0000000000000000000, 0.0000000000000000000, 1.000000000000000000 ) ) ;
#5672 = EDGE_CURVE ( 'NONE', #4831, #1364, #1868, .T. ) ;
#5673 = ORIENTED_EDGE ( 'NONE', *, *, #77, .T. ) ;
#5674 = DIRECTION ( 'NONE',  ( -0.0000000000000000000, -1.000000000000000000, -0.0000000000000000000 ) ) ;
#5675 = CIRCLE ( 'NONE', #3891, 0.04749999999999999362 ) ;
#5676 = ORIENTED_EDGE ( 'NONE', *, *, #1598, .F. ) ;
#5677 = ADVANCED_FACE ( 'NONE', ( #5529, #2800 ), #3738, .F. ) ;
#5678 = COLOUR_RGB ( '',0.7960784313725489669, 0.6039215686274509443, 0.2313725490196078538 ) ;
#5679 = COLOUR_RGB ( '',0.9019607843137255054, 0.8392156862745098200, 0.6745098039215686736 ) ;
#5681 = CARTESIAN_POINT ( 'NONE',  ( -0.1532483426262880033, -0.04499999999999999833, 0.06344023412902749515 ) ) ;
#5680 = CARTESIAN_POINT ( 'NONE',  ( 0.09149999999999992861, 0.1499999999999999944, 0.1607879037738847439 ) ) ;
#5682 = CARTESIAN_POINT ( 'NONE',  ( -0.08899999999999999578, 0.1499999999999999944, 0.2099999999999999922 ) ) ;
#5683 = FACE_OUTER_BOUND ( 'NONE', #305, .T. ) ;
#5684 = ORIENTED_EDGE ( 'NONE', *, *, #1377, .F. ) ;
#5685 = ORIENTED_EDGE ( 'NONE', *, *, #1556, .F. ) ;
#5686 = ORIENTED_EDGE ( 'NONE', *, *, #3333, .T. ) ;
#5687 = EDGE_LOOP ( 'NONE', ( #427, #1308, #1651, #48 ) ) ;
#5688 = VECTOR ( 'NONE', #2990, 39.37007874015748143 ) ;
#5689 = CARTESIAN_POINT ( 'NONE',  ( 0.1980000000000000093, -0.03100000000000000325, 0.02000000000000000042 ) ) ;
#5690 = CARTESIAN_POINT ( 'NONE',  ( 0.0000000000000000000, 0.2839999999999999747, 0.0000000000000000000 ) ) ;
#5691 = EDGE_CURVE ( 'NONE', #4602, #3524, #492, .T. ) ;
#5692 = CIRCLE ( 'NONE', #1409, 0.04749999999999999362 ) ;
#5693 = CARTESIAN_POINT ( 'NONE',  ( 0.01499999999999999944, 0.4000000000000000222, -0.04506939094329988349 ) ) ;
#5694 = DIRECTION ( 'NONE',  ( -1.000000000000000000, -0.0000000000000000000, -7.725300189835330255E-17 ) ) ;
#5695 = DIRECTION ( 'NONE',  ( 0.0000000000000000000, 0.0000000000000000000, 1.000000000000000000 ) ) ;
#5696 = DIMENSIONAL_EXPONENTS ( 1.000000000000000000, 0.0000000000000000000, 0.0000000000000000000, 0.0000000000000000000, 0.0000000000000000000, 0.0000000000000000000, 0.0000000000000000000 ) ;
#5697 = EDGE_LOOP ( 'NONE', ( #1097, #741 ) ) ;
#5698 = CARTESIAN_POINT ( 'NONE',  ( 0.0000000000000000000, 0.2139999999999999958, -0.1849999999999999978 ) ) ;
#5699 = DIRECTION ( 'NONE',  ( 0.0000000000000000000, 1.000000000000000000, 0.0000000000000000000 ) ) ;
#5700 = AXIS2_PLACEMENT_3D ( 'NONE', #103, #3257, #1432 ) ;
#5701 = AXIS2_PLACEMENT_3D ( 'NONE', #4273, #2786, #4557 ) ;
#5702 =( CONVERSION_BASED_UNIT ( 'INCH', #3412 ) LENGTH_UNIT ( ) NAMED_UNIT ( #3375 ) );
#5703 = DIRECTION ( 'NONE',  ( 0.0000000000000000000, 0.0000000000000000000, 1.000000000000000000 ) ) ;
#5704 = CARTESIAN_POINT ( 'NONE',  ( -0.01499999999999999944, 0.3699999999999999956, 0.03708099243547830631 ) ) ;
#5705 = FACE_OUTER_BOUND ( 'NONE', #3651, .T. ) ;
#5706 = EDGE_CURVE ( 'NONE', #5371, #1905, #3715, .T. ) ;
#5707 = AXIS2_PLACEMENT_3D ( 'NONE', #2819, #5740, #5703 ) ;
#5709 = FACE_BOUND ( 'NONE', #4005, .T. ) ;
#5708 =( LENGTH_UNIT ( ) NAMED_UNIT ( * ) SI_UNIT ( $, .METRE. ) );
#5710 = CIRCLE ( 'NONE', #5266, 0.04749999999999999362 ) ;
#5711 = ADVANCED_FACE ( 'NONE', ( #2774 ), #126, .T. ) ;
#5712 = EDGE_LOOP ( 'NONE', ( #5294, #5398, #4468, #4659 ) ) ;
#5713 = VECTOR ( 'NONE', #4117, 39.37007874015748143 ) ;
#5714 = AXIS2_PLACEMENT_3D ( 'NONE', #620, #2422, #5645 ) ;
#5715 = ORIENTED_EDGE ( 'NONE', *, *, #4642, .F. ) ;
#5717 = CARTESIAN_POINT ( 'NONE',  ( -0.01499999999999999424, 0.3650000000009606116, -0.04506939094421133496 ) ) ;
#5716 = DIRECTION ( 'NONE',  ( 0.0000000000000000000, 0.0000000000000000000, -1.000000000000000000 ) ) ;
#5718 = EDGE_CURVE ( 'NONE', #5557, #2050, #150, .T. ) ;
#5719 = DIRECTION ( 'NONE',  ( 0.0000000000000000000, 1.000000000000000000, 0.0000000000000000000 ) ) ;
#5720 = FILL_AREA_STYLE ('',( #3828 ) ) ;
#5721 = EDGE_LOOP ( 'NONE', ( #1188, #5339, #4351, #493 ) ) ;
#5722 = ORIENTED_EDGE ( 'NONE', *, *, #2385, .F. ) ;
#5723 = EDGE_LOOP ( 'NONE', ( #1118, #5503, #5763, #5257, #2183, #2268 ) ) ;
#5724 = AXIS2_PLACEMENT_3D ( 'NONE', #1766, #5826, #4909 ) ;
#5725 = AXIS2_PLACEMENT_3D ( 'NONE', #3654, #881, #5476 ) ;
#5726 = LINE ( 'NONE', #4388, #4034 ) ;
#5727 = CARTESIAN_POINT ( 'NONE',  ( 0.0000000000000000000, 0.1739999999999999880, 0.0000000000000000000 ) ) ;
#5728 = AXIS2_PLACEMENT_3D ( 'NONE', #2126, #5332, #1227 ) ;
#5729 = AXIS2_PLACEMENT_3D ( 'NONE', #2902, #2873, #2842 ) ;
#5730 = CIRCLE ( 'NONE', #313, 0.04000000000000000083 ) ;
#5731 = PLANE ( 'NONE',  #3737 ) ;
#5732 = EDGE_CURVE ( 'NONE', #229, #4, #5609, .T. ) ;
#5733 = FACE_OUTER_BOUND ( 'NONE', #3391, .T. ) ;
#5734 = FACE_OUTER_BOUND ( 'NONE', #5222, .T. ) ;
#5735 = VERTEX_POINT ( 'NONE', #5169 ) ;
#5736 = FILL_AREA_STYLE ('',( #1584 ) ) ;
#5737 = DIRECTION ( 'NONE',  ( 0.0000000000000000000, -1.000000000000000000, 0.0000000000000000000 ) ) ;
#5738 = ADVANCED_FACE ( 'NONE', ( #637, #36 ), #1393, .T. ) ;
#5739 = DIRECTION ( 'NONE',  ( 5.463695987328530381E-16, 0.0000000000000000000, -1.000000000000000000 ) ) ;
#5740 = DIRECTION ( 'NONE',  ( 0.0000000000000000000, 1.000000000000000000, 0.0000000000000000000 ) ) ;
#5741 = DIRECTION ( 'NONE',  ( 0.0000000000000000000, -1.000000000000000000, 0.0000000000000000000 ) ) ;
#5742 = CARTESIAN_POINT ( 'NONE',  ( -0.01499999999999999944, 0.3649999999999999911, 0.04506939094329989043 ) ) ;
#5743 = DIMENSIONAL_EXPONENTS ( 1.000000000000000000, 0.0000000000000000000, 0.0000000000000000000, 0.0000000000000000000, 0.0000000000000000000, 0.0000000000000000000, 0.0000000000000000000 ) ;
#5744 = EDGE_LOOP ( 'NONE', ( #1085, #4903 ) ) ;
#5746 = CARTESIAN_POINT ( 'NONE',  ( 0.0000000000000000000, 0.1950000000000000067, 0.0000000000000000000 ) ) ;
#5745 = SURFACE_STYLE_USAGE ( .BOTH. , #4433 ) ;
#5747 = VERTEX_POINT ( 'NONE', #5048 ) ;
#5748 = CARTESIAN_POINT ( 'NONE',  ( 0.01499999999999999944, 0.3699999999999999956, -0.04506939094329989043 ) ) ;
#5749 = ADVANCED_FACE ( 'NONE', ( #2327, #5683 ), #3368, .F. ) ;
#5750 = ORIENTED_EDGE ( 'NONE', *, *, #3718, .F. ) ;
#5751 = DIRECTION ( 'NONE',  ( 0.0000000000000000000, -1.000000000000000000, 0.0000000000000000000 ) ) ;
#5752 = CARTESIAN_POINT ( 'NONE',  ( 0.0000000000000000000, 0.1539999999999999702, 0.0000000000000000000 ) ) ;
#5753 = EDGE_LOOP ( 'NONE', ( #2316, #5154, #5722, #804 ) ) ;
#5754 = EDGE_LOOP ( 'NONE', ( #693, #2112, #720, #1755, #5771, #1180 ) ) ;
#5755 = ORIENTED_EDGE ( 'NONE', *, *, #2538, .F. ) ;
#5756 = PRESENTATION_STYLE_ASSIGNMENT (( #4480 ) ) ;
#5757 = LINE ( 'NONE', #3982, #5034 ) ;
#5758 = EDGE_CURVE ( 'NONE', #692, #1756, #2084, .T. ) ;
#5759 = VERTEX_POINT ( 'NONE', #3917 ) ;
#5760 =( NAMED_UNIT ( * ) PLANE_ANGLE_UNIT ( ) SI_UNIT ( $, .RADIAN. ) );
#5761 = DIRECTION ( 'NONE',  ( 0.0000000000000000000, -1.000000000000000000, 0.0000000000000000000 ) ) ;
#5762 = DIRECTION ( 'NONE',  ( 0.0000000000000000000, 0.0000000000000000000, -1.000000000000000000 ) ) ;
#5763 = ORIENTED_EDGE ( 'NONE', *, *, #142, .T. ) ;
#5764 = CARTESIAN_POINT ( 'NONE',  ( 0.0000000000000000000, 0.2650000000000000133, 0.0000000000000000000 ) ) ;
#5765 = FACE_OUTER_BOUND ( 'NONE', #3489, .T. ) ;
#5766 = FILL_AREA_STYLE ('',( #3903 ) ) ;
#5767 = FACE_OUTER_BOUND ( 'NONE', #54, .T. ) ;
#5768 = SURFACE_STYLE_USAGE ( .BOTH. , #2226 ) ;
#5769 = DIRECTION ( 'NONE',  ( 0.0000000000000000000, 0.0000000000000000000, 1.000000000000000000 ) ) ;
#5770 = EDGE_CURVE ( 'NONE', #1756, #2942, #3390, .T. ) ;
#5771 = ORIENTED_EDGE ( 'NONE', *, *, #249, .F. ) ;
#5773 = FILL_AREA_STYLE_COLOUR ( '', #5505 ) ;
#5772 = CARTESIAN_POINT ( 'NONE',  ( 0.0000000000000000000, 0.3099999999999999978, 0.0000000000000000000 ) ) ;
#5774 = VERTEX_POINT ( 'NONE', #5638 ) ;
#5776 = DIRECTION ( 'NONE',  ( 0.0000000000000000000, 0.0000000000000000000, 1.000000000000000000 ) ) ;
#5775 =( LENGTH_UNIT ( ) NAMED_UNIT ( * ) SI_UNIT ( $, .METRE. ) );
#5777 = CARTESIAN_POINT ( 'NONE',  ( 0.0000000000000000000, 0.2349999999999999867, -0.1849999999999999978 ) ) ;
#5778 = ORIENTED_EDGE ( 'NONE', *, *, #1553, .T. ) ;
#5779 = ORIENTED_EDGE ( 'NONE', *, *, #823, .T. ) ;
#5780 = ORIENTED_EDGE ( 'NONE', *, *, #3743, .T. ) ;
#5781 = DIRECTION ( 'NONE',  ( -0.0000000000000000000, -1.000000000000000000, -0.0000000000000000000 ) ) ;
#5782 = CARTESIAN_POINT ( 'NONE',  ( 0.0000000000000000000, 0.1650000000000000078, 0.04749999999999999362 ) ) ;
#5783 = MECHANICAL_DESIGN_GEOMETRIC_PRESENTATION_REPRESENTATION (  '', ( #654 ), #3803 ) ;
#5784 = EDGE_CURVE ( 'NONE', #522, #1609, #2978, .T. ) ;
#5785 = ORIENTED_EDGE ( 'NONE', *, *, #4415, .T. ) ;
#5786 = DIRECTION ( 'NONE',  ( -1.000000000000000000, -0.0000000000000000000, 0.0000000000000000000 ) ) ;
#5787 = FACE_OUTER_BOUND ( 'NONE', #3089, .T. ) ;
#5788 =( GEOMETRIC_REPRESENTATION_CONTEXT ( 3 ) GLOBAL_UNCERTAINTY_ASSIGNED_CONTEXT ( ( #5065 ) ) GLOBAL_UNIT_ASSIGNED_CONTEXT ( ( #3635, #5487, #861 ) ) REPRESENTATION_CONTEXT ( 'NONE', 'WORKASPACE' ) );
#5789 = CIRCLE ( 'NONE', #3214, 0.04749999999999999362 ) ;
#5790 = CARTESIAN_POINT ( 'NONE',  ( 0.0000000000000000000, 0.1549999999999999989, 0.0000000000000000000 ) ) ;
#5791 = CARTESIAN_POINT ( 'NONE',  ( -0.1920000000000000040, -0.03099999999999999978, 0.02750000000000000014 ) ) ;
#5792 = VERTEX_POINT ( 'NONE', #1543 ) ;
#5793 = DIRECTION ( 'NONE',  ( 0.0000000000000000000, 1.000000000000000000, 0.0000000000000000000 ) ) ;
#5794 = CARTESIAN_POINT ( 'NONE',  ( -0.1587450786638752442, 0.0000000000000000000, -0.09500000000000033418 ) ) ;
#5795 = MECHANICAL_DESIGN_GEOMETRIC_PRESENTATION_REPRESENTATION (  '', ( #5231 ), #3030 ) ;
#5796 = CIRCLE ( 'NONE', #3414, 0.1849999999999999978 ) ;
#5797 = CARTESIAN_POINT ( 'NONE',  ( 0.0000000000000000000, 0.1549999999999999989, 0.0000000000000000000 ) ) ;
#5798 = FACE_BOUND ( 'NONE', #842, .T. ) ;
#5799 = ADVANCED_FACE ( 'NONE', ( #5660 ), #666, .T. ) ;
#5800 = VECTOR ( 'NONE', #5666, 39.37007874015748143 ) ;
#5801 = DIRECTION ( 'NONE',  ( 0.0000000000000000000, 1.000000000000000000, 0.0000000000000000000 ) ) ;
#5802 = CARTESIAN_POINT ( 'NONE',  ( 0.0000000000000000000, 0.3649999999999999911, 0.0000000000000000000 ) ) ;
#5803 = MECHANICAL_DESIGN_GEOMETRIC_PRESENTATION_REPRESENTATION (  '', ( #4112 ), #2661 ) ;
#5804 = ORIENTED_EDGE ( 'NONE', *, *, #1105, .T. ) ;
#5805 = ADVANCED_FACE ( 'NONE', ( #1995 ), #3487, .T. ) ;
#5806 = VERTEX_POINT ( 'NONE', #725 ) ;
#5807 = ORIENTED_EDGE ( 'NONE', *, *, #1091, .F. ) ;
#5808 = AXIS2_PLACEMENT_3D ( 'NONE', #3779, #566, #1056 ) ;
#5809 = DIRECTION ( 'NONE',  ( 0.0000000000000000000, 1.000000000000000000, 0.0000000000000000000 ) ) ;
#5810 = CYLINDRICAL_SURFACE ( 'NONE', #4604, 0.1849999999999999978 ) ;
#5811 = EDGE_CURVE ( 'NONE', #3951, #352, #4010, .T. ) ;
#5812 = ORIENTED_EDGE ( 'NONE', *, *, #865, .F. ) ;
#5813 = ORIENTED_EDGE ( 'NONE', *, *, #2244, .F. ) ;
#5814 = VERTEX_POINT ( 'NONE', #2470 ) ;
#5815 = FACE_OUTER_BOUND ( 'NONE', #4301, .T. ) ;
#5816 = PLANE ( 'NONE',  #4651 ) ;
#5817 = VERTEX_POINT ( 'NONE', #3007 ) ;
#5818 = EDGE_LOOP ( 'NONE', ( #528, #5189, #3163, #5813 ) ) ;
#5819 = CARTESIAN_POINT ( 'NONE',  ( 0.0000000000000000000, 0.2249999999999999778, 0.0000000000000000000 ) ) ;
#5820 = VECTOR ( 'NONE', #5392, 39.37007874015748854 ) ;
#5821 = DIRECTION ( 'NONE',  ( 0.0000000000000000000, 0.0000000000000000000, -1.000000000000000000 ) ) ;
#5822 =( GEOMETRIC_REPRESENTATION_CONTEXT ( 3 ) GLOBAL_UNCERTAINTY_ASSIGNED_CONTEXT ( ( #2125 ) ) GLOBAL_UNIT_ASSIGNED_CONTEXT ( ( #3587, #2420, #5565 ) ) REPRESENTATION_CONTEXT ( 'NONE', 'WORKASPACE' ) );
#5823 = CARTESIAN_POINT ( 'NONE',  ( 0.08899999999999999578, 0.3420000000000000262, 0.1899999999999999745 ) ) ;
#5824 = FACE_OUTER_BOUND ( 'NONE', #3532, .T. ) ;
#5825 = CARTESIAN_POINT ( 'NONE',  ( 0.0000000000000000000, 0.1650000000000000078, 0.0000000000000000000 ) ) ;
#5826 = DIRECTION ( 'NONE',  ( 0.0000000000000000000, -1.000000000000000000, 0.0000000000000000000 ) ) ;
#5827 = UNCERTAINTY_MEASURE_WITH_UNIT (LENGTH_MEASURE( 1.000000000000000082E-05 ), #2254, 'distance_accuracy_value', 'NONE');
#5828 = AXIS2_PLACEMENT_3D ( 'NONE', #697, #3790, #1123 ) ;
#5829 = AXIS2_PLACEMENT_3D ( 'NONE', #3689, #2428, #1412 ) ;
#5830 = MECHANICAL_DESIGN_GEOMETRIC_PRESENTATION_REPRESENTATION (  '', ( #5545 ), #1532 ) ;
#5831 = CARTESIAN_POINT ( 'NONE',  ( 0.0000000000000000000, 0.2740000000000000213, -0.1849999999999999978 ) ) ;
#5832 = FILL_AREA_STYLE_COLOUR ( '', #3413 ) ;
#5833 = PLANE ( 'NONE',  #2850 ) ;
#5834 = PRESENTATION_LAYER_ASSIGNMENT (  '', '', ( #2017 ) ) ;
#5835 = CARTESIAN_POINT ( 'NONE',  ( 9.639569805745200661E-18, 0.1499999999999999944, 0.1899999999999999745 ) ) ;
#5836 = DIRECTION ( 'NONE',  ( 0.0000000000000000000, 0.0000000000000000000, 1.000000000000000000 ) ) ;
#5837 = ADVANCED_FACE ( 'NONE', ( #4836 ), #752, .T. ) ;
#5838 = EDGE_CURVE ( 'NONE', #2122, #3046, #3625, .T. ) ;
#5839 = ORIENTED_EDGE ( 'NONE', *, *, #5340, .F. ) ;
#5840 = ORIENTED_EDGE ( 'NONE', *, *, #245, .T. ) ;
#5841 = UNCERTAINTY_MEASURE_WITH_UNIT (LENGTH_MEASURE( 1.000000000000000082E-05 ), #4696, 'distance_accuracy_value', 'NONE');
#5842 = EDGE_CURVE ( 'NONE', #2472, #3141, #4960, .T. ) ;
#5844 = LINE ( 'NONE', #3608, #4754 ) ;
#5843 = DIRECTION ( 'NONE',  ( 0.0000000000000000000, 0.0000000000000000000, 1.000000000000000000 ) ) ;
#5845 = LINE ( 'NONE', #4567, #115 ) ;
#5846 = EDGE_LOOP ( 'NONE', ( #5780, #2136 ) ) ;
#5847 = ORIENTED_EDGE ( 'NONE', *, *, #1318, .F. ) ;
#5848 = ORIENTED_EDGE ( 'NONE', *, *, #23, .F. ) ;
#5849 = FILL_AREA_STYLE_COLOUR ( '', #2688 ) ;
#5850 = CARTESIAN_POINT ( 'NONE',  ( -9.639569805745200661E-18, 0.1650000000000000078, 3.875786328529849706E-18 ) ) ;
#5851 = EDGE_LOOP ( 'NONE', ( #1012, #3517 ) ) ;
#5852 = EDGE_CURVE ( 'NONE', #4572, #1871, #1037, .T. ) ;
#5853 = VERTEX_POINT ( 'NONE', #5094 ) ;
#5854 = DIRECTION ( 'NONE',  ( 0.0000000000000000000, 0.0000000000000000000, 1.000000000000000000 ) ) ;
#5855 = DIRECTION ( 'NONE',  ( -1.000000000000000000, 0.0000000000000000000, 1.545060037967069995E-16 ) ) ;
#5856 = CARTESIAN_POINT ( 'NONE',  ( -0.04900000000000000189, 0.1499999999999999944, 0.1899999999999999745 ) ) ;
#5857 = VERTEX_POINT ( 'NONE', #3637 ) ;
#5858 = DIRECTION ( 'NONE',  ( 0.0000000000000000000, 0.0000000000000000000, -1.000000000000000000 ) ) ;
#5859 = LINE ( 'NONE', #4426, #2009 ) ;
#5860 = CARTESIAN_POINT ( 'NONE',  ( -0.1920000000000000040, 0.05000000000000000278, 0.03499999999999999639 ) ) ;
#5861 =( NAMED_UNIT ( * ) PLANE_ANGLE_UNIT ( ) SI_UNIT ( $, .RADIAN. ) );
#5862 = CARTESIAN_POINT ( 'NONE',  ( -9.639569805745200661E-18, 0.3099999999999999978, -3.875786328529849706E-18 ) ) ;
#5863 = CARTESIAN_POINT ( 'NONE',  ( 0.0000000000000000000, 0.2540000000000000036, 0.04749999999999999362 ) ) ;
#5864 = ADVANCED_FACE ( 'NONE', ( #514 ), #4144, .T. ) ;
#5866 = PRESENTATION_STYLE_ASSIGNMENT (( #5306 ) ) ;
#5865 = SURFACE_STYLE_USAGE ( .BOTH. , #4062 ) ;
#5867 =( NAMED_UNIT ( * ) PLANE_ANGLE_UNIT ( ) SI_UNIT ( $, .RADIAN. ) );
#5868 = EDGE_LOOP ( 'NONE', ( #5049, #1386 ) ) ;
#5870 = LINE ( 'NONE', #1752, #3310 ) ;
#5869 = DIRECTION ( 'NONE',  ( 0.0000000000000000000, 0.0000000000000000000, -1.000000000000000000 ) ) ;
#5871 = CARTESIAN_POINT ( 'NONE',  ( 5.817072295949927179E-18, 0.1499999999999999944, -0.04749999999999999362 ) ) ;
#5872 = VERTEX_POINT ( 'NONE', #4506 ) ;
#5873 = EDGE_LOOP ( 'NONE', ( #4277, #1333, #1177, #2888, #5715, #4220, #4838, #2741 ) ) ;
#5874 = ORIENTED_EDGE ( 'NONE', *, *, #5308, .T. ) ;
#5875 = PRESENTATION_STYLE_ASSIGNMENT (( #1758 ) ) ;
#5876 = VERTEX_POINT ( 'NONE', #3260 ) ;
#5877 = CARTESIAN_POINT ( 'NONE',  ( 0.0000000000000000000, 0.1499999999999999944, 0.0000000000000000000 ) ) ;
#5878 = CARTESIAN_POINT ( 'NONE',  ( 0.0000000000000000000, 0.2740000000000000213, 0.0000000000000000000 ) ) ;
#5879 = DIRECTION ( 'NONE',  ( -0.2027027027027029082, -0.0000000000000000000, 0.9792403251076926551 ) ) ;
#5880 = EDGE_LOOP ( 'NONE', ( #1898, #3462, #2685, #1387 ) ) ;
#5881 = ORIENTED_EDGE ( 'NONE', *, *, #4764, .F. ) ;
#5882 = ADVANCED_FACE ( 'NONE', ( #5430 ), #1855, .T. ) ;
#5883 = FACE_OUTER_BOUND ( 'NONE', #1143, .T. ) ;
#5884 = CARTESIAN_POINT ( 'NONE',  ( 5.817072295949927179E-18, 0.1499999999999999944, -0.04749999999999999362 ) ) ;
#5885 = UNCERTAINTY_MEASURE_WITH_UNIT (LENGTH_MEASURE( 1.000000000000000082E-05 ), #3826, 'distance_accuracy_value', 'NONE');
#5886 = AXIS2_PLACEMENT_3D ( 'NONE', #2075, #722, #332 ) ;
#5887 = CIRCLE ( 'NONE', #4846, 0.1849999999999999978 ) ;
#5888 = AXIS2_PLACEMENT_3D ( 'NONE', #3291, #89, #1417 ) ;
#5889 = DIRECTION ( 'NONE',  ( 0.0000000000000000000, -0.0000000000000000000, 1.000000000000000000 ) ) ;
#5890 = DIRECTION ( 'NONE',  ( 0.0000000000000000000, 0.0000000000000000000, -1.000000000000000000 ) ) ;
#5891 = ADVANCED_FACE ( 'NONE', ( #2728 ), #2258, .T. ) ;
#5892 = CARTESIAN_POINT ( 'NONE',  ( -0.1794435844492635879, 0.05000000000000000278, -0.04500000000000004691 ) ) ;
#5893 = VECTOR ( 'NONE', #4917, 39.37007874015748143 ) ;
#5894 = CIRCLE ( 'NONE', #5601, 0.1849999999999999978 ) ;
#5895 = VECTOR ( 'NONE', #1955, 39.37007874015748143 ) ;
#5896 = VECTOR ( 'NONE', #992, 39.37007874015748143 ) ;
#5897 = AXIS2_PLACEMENT_3D ( 'NONE', #554, #3275, #936 ) ;
#5898 = LENGTH_MEASURE_WITH_UNIT ( LENGTH_MEASURE( 0.02539999999999999897 ), #537 );
#5899 = ORIENTED_EDGE ( 'NONE', *, *, #1924, .T. ) ;
#5900 = ORIENTED_EDGE ( 'NONE', *, *, #2836, .T. ) ;
#5901 = VECTOR ( 'NONE', #3530, 39.37007874015748143 ) ;
#5903 = CARTESIAN_POINT ( 'NONE',  ( 0.1980000000000000093, -0.03100000000000000325, 0.03500000000000000333 ) ) ;
#5902 = CARTESIAN_POINT ( 'NONE',  ( 0.0000000000000000000, 0.2640000000000000124, 0.0000000000000000000 ) ) ;
ENDSEC;
END-ISO-10303-21;
