ISO-10303-21;
HEADER;
FILE_DESCRIPTION((''),'2;1');
FILE_NAME('USB_2_0_TYPE_B_CONNECTOR_RIGHT_','2022-06-22T10:41:13',('sjhdm'),
(''),'CREO PARAMETRIC BY PTC INC, 2021164',
'CREO PARAMETRIC BY PTC INC, 2021164','');
FILE_SCHEMA(('CONFIG_CONTROL_DESIGN','SHAPE_APPEARANCE_LAYERS_GROUPS'));
ENDSEC;
DATA;
#17=DIRECTION('',(-1.E0,5.307481436714E-12,0.E0));
#18=VECTOR('',#17,8.367230580933E-3);
#19=CARTESIAN_POINT('',(-5.75E0,-1.487470840711E1,6.300271330451E0));
#20=LINE('',#19,#18);
#21=DRAUGHTING_PRE_DEFINED_CURVE_FONT('continuous');
#22=CURVE_STYLE('',#21,POSITIVE_LENGTH_MEASURE(2.E-2),#8);
#23=PRESENTATION_STYLE_ASSIGNMENT((#22));
#24=STYLED_ITEM('',(#23),#20);
#25=CARTESIAN_POINT('',(-5.65E0,-1.487470840711E1,7.913291238046E0));
#26=DIRECTION('',(0.E0,-1.E0,2.670698880526E-14));
#27=DIRECTION('',(-7.619905949069E-1,1.776356839400E-14,6.475880891997E-1));
#28=AXIS2_PLACEMENT_3D('',#25,#26,#27);
#30=CURVE_STYLE('',#21,POSITIVE_LENGTH_MEASURE(2.E-2),#8);
#31=PRESENTATION_STYLE_ASSIGNMENT((#30));
#32=STYLED_ITEM('',(#31),#29);
#33=DIRECTION('',(-6.475880891296E-1,-1.187964841458E-14,-7.619905949666E-1));
#34=VECTOR('',#33,2.541999999996E0);
#35=CARTESIAN_POINT('',(-4.080030136931E0,-1.487470840711E1,9.915030139363E0));
#36=LINE('',#35,#34);
#37=CURVE_STYLE('',#21,POSITIVE_LENGTH_MEASURE(2.E-2),#8);
#38=PRESENTATION_STYLE_ASSIGNMENT((#37));
#39=STYLED_ITEM('',(#38),#36);
#40=CARTESIAN_POINT('',(-4.003831077433E0,-1.487470840711E1,9.850271330451E0));
#41=DIRECTION('',(0.E0,-1.E0,2.670698880526E-14));
#42=DIRECTION('',(2.220446049250E-13,3.552713678801E-14,1.E0));
#43=AXIS2_PLACEMENT_3D('',#40,#41,#42);
#45=CURVE_STYLE('',#21,POSITIVE_LENGTH_MEASURE(2.E-2),#8);
#46=PRESENTATION_STYLE_ASSIGNMENT((#45));
#47=STYLED_ITEM('',(#46),#44);
#48=CARTESIAN_POINT('',(1.503831077433E0,-1.487470840711E1,9.850271330451E0));
#49=DIRECTION('',(0.E0,-1.E0,2.670698880526E-14));
#50=DIRECTION('',(7.619905949748E-1,1.776356839400E-14,6.475880891199E-1));
#51=AXIS2_PLACEMENT_3D('',#48,#49,#50);
#53=CURVE_STYLE('',#21,POSITIVE_LENGTH_MEASURE(2.E-2),#8);
#54=PRESENTATION_STYLE_ASSIGNMENT((#53));
#55=STYLED_ITEM('',(#54),#52);
#56=DIRECTION('',(-6.475880891296E-1,1.397605695831E-14,7.619905949666E-1));
#57=VECTOR('',#56,2.541999999998E0);
#58=CARTESIAN_POINT('',(3.226199059496E0,-1.487470840711E1,7.978050046960E0));
#59=LINE('',#58,#57);
#60=CURVE_STYLE('',#21,POSITIVE_LENGTH_MEASURE(2.E-2),#8);
#61=PRESENTATION_STYLE_ASSIGNMENT((#60));
#62=STYLED_ITEM('',(#61),#59);
#63=CARTESIAN_POINT('',(3.15E0,-1.487470840711E1,7.913291238046E0));
#64=DIRECTION('',(0.E0,-1.E0,2.670698880526E-14));
#65=DIRECTION('',(1.E0,0.E0,7.993605777301E-14));
#66=AXIS2_PLACEMENT_3D('',#63,#64,#65);
#68=CURVE_STYLE('',#21,POSITIVE_LENGTH_MEASURE(2.E-2),#8);
#69=PRESENTATION_STYLE_ASSIGNMENT((#68));
#70=STYLED_ITEM('',(#69),#67);
#71=DIRECTION('',(-1.E0,-8.491970299874E-12,0.E0));
#72=VECTOR('',#71,8.367230579818E-3);
#73=CARTESIAN_POINT('',(3.258367230580E0,-1.487470840711E1,6.300271330451E0));
#74=LINE('',#73,#72);
#75=CURVE_STYLE('',#21,POSITIVE_LENGTH_MEASURE(2.E-2),#8);
#76=PRESENTATION_STYLE_ASSIGNMENT((#75));
#77=STYLED_ITEM('',(#76),#74);
#78=DIRECTION('',(1.E0,9.128868072226E-12,0.E0));
#79=VECTOR('',#78,8.367230579945E-3);
#80=CARTESIAN_POINT('',(3.25E0,-1.487470840711E1,3.200271330451E0));
#81=LINE('',#80,#79);
#82=CURVE_STYLE('',#21,POSITIVE_LENGTH_MEASURE(2.E-2),#8);
#83=PRESENTATION_STYLE_ASSIGNMENT((#82));
#84=STYLED_ITEM('',(#83),#81);
#85=CARTESIAN_POINT('',(3.15E0,-1.487470840711E1,1.650271330451E0));
#86=DIRECTION('',(0.E0,-1.E0,2.670698880526E-14));
#87=DIRECTION('',(0.E0,-3.552713678800E-14,-1.E0));
#88=AXIS2_PLACEMENT_3D('',#85,#86,#87);
#90=CURVE_STYLE('',#21,POSITIVE_LENGTH_MEASURE(2.E-2),#8);
#91=PRESENTATION_STYLE_ASSIGNMENT((#90));
#92=STYLED_ITEM('',(#91),#89);
#93=CARTESIAN_POINT('',(-5.65E0,-1.487470840711E1,1.650271330451E0));
#94=DIRECTION('',(0.E0,-1.E0,2.670698880526E-14));
#95=DIRECTION('',(-1.E0,0.E0,3.996802888651E-13));
#96=AXIS2_PLACEMENT_3D('',#93,#94,#95);
#98=CURVE_STYLE('',#21,POSITIVE_LENGTH_MEASURE(2.E-2),#8);
#99=PRESENTATION_STYLE_ASSIGNMENT((#98));
#100=STYLED_ITEM('',(#99),#97);
#101=DIRECTION('',(1.E0,-5.307481436729E-12,0.E0));
#102=VECTOR('',#101,8.367230580910E-3);
#103=CARTESIAN_POINT('',(-5.758367230581E0,-1.487470840711E1,3.200271330451E0));
#104=LINE('',#103,#102);
#105=CURVE_STYLE('',#21,POSITIVE_LENGTH_MEASURE(2.E-2),#8);
#106=PRESENTATION_STYLE_ASSIGNMENT((#105));
#107=STYLED_ITEM('',(#106),#104);
#108=DIRECTION('',(1.E0,0.E0,0.E0));
#109=VECTOR('',#108,1.164E1);
#110=CARTESIAN_POINT('',(-7.07E0,-1.487470840711E1,1.109998189125E1));
#111=LINE('',#110,#109);
#112=CURVE_STYLE('',#21,POSITIVE_LENGTH_MEASURE(2.E-2),#8);
#113=PRESENTATION_STYLE_ASSIGNMENT((#112));
#114=STYLED_ITEM('',(#113),#111);
#115=DIRECTION('',(0.E0,2.671213292331E-14,1.E0));
#116=VECTOR('',#115,1.064E1);
#117=CARTESIAN_POINT('',(-7.07E0,-1.487470840711E1,4.599818912492E-1));
#118=LINE('',#117,#116);
#119=CURVE_STYLE('',#21,POSITIVE_LENGTH_MEASURE(2.E-2),#8);
#120=PRESENTATION_STYLE_ASSIGNMENT((#119));
#121=STYLED_ITEM('',(#120),#118);
#122=DIRECTION('',(-1.E0,0.E0,0.E0));
#123=VECTOR('',#122,1.164E1);
#124=CARTESIAN_POINT('',(4.57E0,-1.487470840711E1,4.599818912492E-1));
#125=LINE('',#124,#123);
#126=CURVE_STYLE('',#21,POSITIVE_LENGTH_MEASURE(2.E-2),#8);
#127=PRESENTATION_STYLE_ASSIGNMENT((#126));
#128=STYLED_ITEM('',(#127),#125);
#129=DIRECTION('',(0.E0,-2.671213292331E-14,-1.E0));
#130=VECTOR('',#129,1.064E1);
#131=CARTESIAN_POINT('',(4.57E0,-1.487470840711E1,1.109998189125E1));
#132=LINE('',#131,#130);
#133=CURVE_STYLE('',#21,POSITIVE_LENGTH_MEASURE(2.E-2),#8);
#134=PRESENTATION_STYLE_ASSIGNMENT((#133));
#135=STYLED_ITEM('',(#134),#132);
#136=DIRECTION('',(0.E0,-2.693186175865E-14,-1.E0));
#137=VECTOR('',#136,3.1E0);
#138=CARTESIAN_POINT('',(-5.758367230581E0,-1.487470840711E1,6.300271330451E0));
#139=LINE('',#138,#137);
#140=CURVE_STYLE('',#21,POSITIVE_LENGTH_MEASURE(2.E-2),#8);
#141=PRESENTATION_STYLE_ASSIGNMENT((#140));
#142=STYLED_ITEM('',(#141),#139);
#143=DIRECTION('',(0.E0,1.948262339987E-14,1.E0));
#144=VECTOR('',#143,3.1E0);
#145=CARTESIAN_POINT('',(-5.748524040615E0,-1.486647238311E1,3.200271330451E0));
#146=LINE('',#145,#144);
#147=CURVE_STYLE('',#21,POSITIVE_LENGTH_MEASURE(2.E-2),#8);
#148=PRESENTATION_STYLE_ASSIGNMENT((#147));
#149=STYLED_ITEM('',(#148),#146);
#150=CARTESIAN_POINT('',(-5.758367230581E0,-1.486470840711E1,6.300271330451E0));
#151=DIRECTION('',(0.E0,-2.670698880526E-14,-1.E0));
#152=DIRECTION('',(9.843189965722E-1,-1.763975991535E-1,0.E0));
#153=AXIS2_PLACEMENT_3D('',#150,#151,#152);
#155=CURVE_STYLE('',#21,POSITIVE_LENGTH_MEASURE(2.E-2),#8);
#156=PRESENTATION_STYLE_ASSIGNMENT((#155));
#157=STYLED_ITEM('',(#156),#154);
#158=DIRECTION('',(-9.843189965877E-1,1.763975990670E-1,0.E0));
#159=VECTOR('',#158,3.000000000004E-1);
#160=CARTESIAN_POINT('',(-5.453228341639E0,-1.491939166283E1,6.300271330451E0));
#161=LINE('',#160,#159);
#162=CURVE_STYLE('',#21,POSITIVE_LENGTH_MEASURE(2.E-2),#8);
#163=PRESENTATION_STYLE_ASSIGNMENT((#162));
#164=STYLED_ITEM('',(#163),#161);
#165=CARTESIAN_POINT('',(-5.758367230581E0,-1.486470840711E1,6.300271330451E0));
#166=DIRECTION('',(0.E0,2.670698880526E-14,1.E0));
#167=DIRECTION('',(2.699106639033E-2,-9.996356748011E-1,2.578582508807E-14));
#168=AXIS2_PLACEMENT_3D('',#165,#166,#167);
#170=CURVE_STYLE('',#21,POSITIVE_LENGTH_MEASURE(2.E-2),#8);
#171=PRESENTATION_STYLE_ASSIGNMENT((#170));
#172=STYLED_ITEM('',(#171),#169);
#173=DIRECTION('',(0.E0,9.999999965265E-1,-8.334902224732E-5));
#174=VECTOR('',#173,2.999435306362E-1);
#175=CARTESIAN_POINT('',(-5.75E0,-1.517465193670E1,6.300296330451E0));
#176=LINE('',#175,#174);
#177=CURVE_STYLE('',#21,POSITIVE_LENGTH_MEASURE(2.E-2),#8);
#178=PRESENTATION_STYLE_ASSIGNMENT((#177));
#179=STYLED_ITEM('',(#178),#176);
#180=DIRECTION('',(0.E0,3.500966156051E-5,-9.999999993872E-1));
#181=VECTOR('',#180,1.612994908583E0);
#182=CARTESIAN_POINT('',(-5.75E0,-1.517470840711E1,7.913291238046E0));
#183=LINE('',#182,#181);
#184=CURVE_STYLE('',#21,POSITIVE_LENGTH_MEASURE(2.E-2),#8);
#185=PRESENTATION_STYLE_ASSIGNMENT((#184));
#186=STYLED_ITEM('',(#185),#183);
#187=DIRECTION('',(0.E0,-1.431640043838E-14,1.E0));
#188=VECTOR('',#187,1.613019907595E0);
#189=CARTESIAN_POINT('',(-5.75E0,-1.487470840711E1,6.300271330451E0));
#190=LINE('',#189,#188);
#191=CURVE_STYLE('',#21,POSITIVE_LENGTH_MEASURE(2.E-2),#8);
#192=PRESENTATION_STYLE_ASSIGNMENT((#191));
#193=STYLED_ITEM('',(#192),#190);
#194=CARTESIAN_POINT('',(-5.758367230581E0,-1.517470840711E1,6.300321330451E0));
#195=CARTESIAN_POINT('',(-5.756967773304E0,-1.517470840711E1,6.300321330451E0));
#196=CARTESIAN_POINT('',(-5.754173777598E0,-1.517473664231E1,6.300433830451E0));
#197=CARTESIAN_POINT('',(-5.751389619584E0,-1.517465193670E1,6.300296330451E0));
#198=CARTESIAN_POINT('',(-5.75E0,-1.517465193670E1,6.300296330451E0));
#200=CURVE_STYLE('',#21,POSITIVE_LENGTH_MEASURE(2.E-2),#8);
#201=PRESENTATION_STYLE_ASSIGNMENT((#200));
#202=STYLED_ITEM('',(#201),#199);
#203=CARTESIAN_POINT('',(-5.75E0,-1.517465193670E1,3.200246330451E0));
#204=CARTESIAN_POINT('',(-5.751389621705E0,-1.517465193670E1,3.200246330451E0));
#205=CARTESIAN_POINT('',(-5.754173781841E0,-1.517473664231E1,3.200108830451E0));
#206=CARTESIAN_POINT('',(-5.756967775426E0,-1.517470840711E1,3.200221330451E0));
#207=CARTESIAN_POINT('',(-5.758367230581E0,-1.517470840711E1,3.200221330451E0));
#209=CURVE_STYLE('',#21,POSITIVE_LENGTH_MEASURE(2.E-2),#8);
#210=PRESENTATION_STYLE_ASSIGNMENT((#209));
#211=STYLED_ITEM('',(#210),#208);
#212=CARTESIAN_POINT('',(-5.65E0,-1.517470840711E1,1.650271330451E0));
#213=DIRECTION('',(0.E0,1.E0,-2.670698880526E-14));
#214=DIRECTION('',(-1.865174681370E-13,-3.552713678800E-14,-1.E0));
#215=AXIS2_PLACEMENT_3D('',#212,#213,#214);
#217=CURVE_STYLE('',#21,POSITIVE_LENGTH_MEASURE(2.E-2),#8);
#218=PRESENTATION_STYLE_ASSIGNMENT((#217));
#219=STYLED_ITEM('',(#218),#216);
#220=CARTESIAN_POINT('',(3.15E0,-1.517470840711E1,1.650271330451E0));
#221=DIRECTION('',(0.E0,1.E0,-2.670698880526E-14));
#222=DIRECTION('',(1.E0,0.E0,-1.776356839400E-14));
#223=AXIS2_PLACEMENT_3D('',#220,#221,#222);
#225=CURVE_STYLE('',#21,POSITIVE_LENGTH_MEASURE(2.E-2),#8);
#226=PRESENTATION_STYLE_ASSIGNMENT((#225));
#227=STYLED_ITEM('',(#226),#224);
#228=CARTESIAN_POINT('',(3.258367230580E0,-1.517470840711E1,3.200221330451E0));
#229=CARTESIAN_POINT('',(3.256967773304E0,-1.517470840711E1,3.200221330451E0));
#230=CARTESIAN_POINT('',(3.254173777597E0,-1.517473664231E1,3.200108830451E0));
#231=CARTESIAN_POINT('',(3.251389619584E0,-1.517465193670E1,3.200246330451E0));
#232=CARTESIAN_POINT('',(3.25E0,-1.517465193670E1,3.200246330451E0));
#234=CURVE_STYLE('',#21,POSITIVE_LENGTH_MEASURE(2.E-2),#8);
#235=PRESENTATION_STYLE_ASSIGNMENT((#234));
#236=STYLED_ITEM('',(#235),#233);
#237=CARTESIAN_POINT('',(3.25E0,-1.517465193670E1,6.300296330451E0));
#238=CARTESIAN_POINT('',(3.251389621705E0,-1.517465193670E1,6.300296330451E0));
#239=CARTESIAN_POINT('',(3.254173781840E0,-1.517473664231E1,6.300433830451E0));
#240=CARTESIAN_POINT('',(3.256967775425E0,-1.517470840711E1,6.300321330451E0));
#241=CARTESIAN_POINT('',(3.258367230580E0,-1.517470840711E1,6.300321330451E0));
#243=CURVE_STYLE('',#21,POSITIVE_LENGTH_MEASURE(2.E-2),#8);
#244=PRESENTATION_STYLE_ASSIGNMENT((#243));
#245=STYLED_ITEM('',(#244),#242);
#246=CARTESIAN_POINT('',(3.15E0,-1.517470840711E1,7.913291238046E0));
#247=DIRECTION('',(0.E0,1.E0,-2.670698880526E-14));
#248=DIRECTION('',(7.619905949362E-1,1.776356839400E-14,6.475880891653E-1));
#249=AXIS2_PLACEMENT_3D('',#246,#247,#248);
#251=CURVE_STYLE('',#21,POSITIVE_LENGTH_MEASURE(2.E-2),#8);
#252=PRESENTATION_STYLE_ASSIGNMENT((#251));
#253=STYLED_ITEM('',(#252),#250);
#254=DIRECTION('',(6.475880891296E-1,-1.467485980623E-14,-7.619905949666E-1));
#255=VECTOR('',#254,2.541999999998E0);
#256=CARTESIAN_POINT('',(1.580030136930E0,-1.517470840711E1,9.915030139364E0));
#257=LINE('',#256,#255);
#258=CURVE_STYLE('',#21,POSITIVE_LENGTH_MEASURE(2.E-2),#8);
#259=PRESENTATION_STYLE_ASSIGNMENT((#258));
#260=STYLED_ITEM('',(#259),#257);
#261=CARTESIAN_POINT('',(1.503831077433E0,-1.517470840711E1,9.850271330451E0));
#262=DIRECTION('',(0.E0,1.E0,-2.670698880526E-14));
#263=DIRECTION('',(-6.217248937901E-14,3.552713678801E-14,1.E0));
#264=AXIS2_PLACEMENT_3D('',#261,#262,#263);
#266=CURVE_STYLE('',#21,POSITIVE_LENGTH_MEASURE(2.E-2),#8);
#267=PRESENTATION_STYLE_ASSIGNMENT((#266));
#268=STYLED_ITEM('',(#267),#265);
#269=CARTESIAN_POINT('',(-4.003831077433E0,-1.517470840711E1,9.850271330451E0));
#270=DIRECTION('',(0.E0,1.E0,-2.670698880526E-14));
#271=DIRECTION('',(-7.619905949945E-1,1.776356839400E-14,6.475880890967E-1));
#272=AXIS2_PLACEMENT_3D('',#269,#270,#271);
#274=CURVE_STYLE('',#21,POSITIVE_LENGTH_MEASURE(2.E-2),#8);
#275=PRESENTATION_STYLE_ASSIGNMENT((#274));
#276=STYLED_ITEM('',(#275),#273);
#277=DIRECTION('',(6.475880891296E-1,1.257845126249E-14,7.619905949666E-1));
#278=VECTOR('',#277,2.541999999996E0);
#279=CARTESIAN_POINT('',(-5.726199059495E0,-1.517470840711E1,7.978050046962E0));
#280=LINE('',#279,#278);
#281=CURVE_STYLE('',#21,POSITIVE_LENGTH_MEASURE(2.E-2),#8);
#282=PRESENTATION_STYLE_ASSIGNMENT((#281));
#283=STYLED_ITEM('',(#282),#280);
#284=CARTESIAN_POINT('',(-5.65E0,-1.517470840711E1,7.913291238046E0));
#285=DIRECTION('',(0.E0,1.E0,-2.670698880526E-14));
#286=DIRECTION('',(-1.E0,0.E0,-7.105427357601E-14));
#287=AXIS2_PLACEMENT_3D('',#284,#285,#286);
#289=CURVE_STYLE('',#21,POSITIVE_LENGTH_MEASURE(2.E-2),#8);
#290=PRESENTATION_STYLE_ASSIGNMENT((#289));
#291=STYLED_ITEM('',(#290),#288);
#292=DIRECTION('',(1.E0,0.E0,0.E0));
#293=VECTOR('',#292,1.16E1);
#294=CARTESIAN_POINT('',(-7.05E0,-1.517470840711E1,4.799818912492E-1));
#295=LINE('',#294,#293);
#296=CURVE_STYLE('',#21,POSITIVE_LENGTH_MEASURE(2.E-2),#8);
#297=PRESENTATION_STYLE_ASSIGNMENT((#296));
#298=STYLED_ITEM('',(#297),#295);
#299=DIRECTION('',(0.E0,-2.681293342491E-14,-1.E0));
#300=VECTOR('',#299,1.06E1);
#301=CARTESIAN_POINT('',(-7.05E0,-1.517470840711E1,1.107998189125E1));
#302=LINE('',#301,#300);
#303=CURVE_STYLE('',#21,POSITIVE_LENGTH_MEASURE(2.E-2),#8);
#304=PRESENTATION_STYLE_ASSIGNMENT((#303));
#305=STYLED_ITEM('',(#304),#302);
#306=DIRECTION('',(-1.E0,0.E0,0.E0));
#307=VECTOR('',#306,1.16E1);
#308=CARTESIAN_POINT('',(4.55E0,-1.517470840711E1,1.107998189125E1));
#309=LINE('',#308,#307);
#310=CURVE_STYLE('',#21,POSITIVE_LENGTH_MEASURE(2.E-2),#8);
#311=PRESENTATION_STYLE_ASSIGNMENT((#310));
#312=STYLED_ITEM('',(#311),#309);
#313=DIRECTION('',(0.E0,2.681293342491E-14,1.E0));
#314=VECTOR('',#313,1.06E1);
#315=CARTESIAN_POINT('',(4.55E0,-1.517470840711E1,4.799818912492E-1));
#316=LINE('',#315,#314);
#317=CURVE_STYLE('',#21,POSITIVE_LENGTH_MEASURE(2.E-2),#8);
#318=PRESENTATION_STYLE_ASSIGNMENT((#317));
#319=STYLED_ITEM('',(#318),#316);
#320=DIRECTION('',(1.461196754991E-14,1.547149505284E-14,1.E0));
#321=VECTOR('',#320,3.1E0);
#322=CARTESIAN_POINT('',(-5.453228341639E0,-1.491939166283E1,3.200271330451E0));
#323=LINE('',#322,#321);
#324=CURVE_STYLE('',#21,POSITIVE_LENGTH_MEASURE(2.E-2),#8);
#325=PRESENTATION_STYLE_ASSIGNMENT((#324));
#326=STYLED_ITEM('',(#325),#323);
#327=DIRECTION('',(0.E0,-2.635799316551E-14,-1.E0));
#328=VECTOR('',#327,3.1001E0);
#329=CARTESIAN_POINT('',(-5.758367230581E0,-1.517470840711E1,6.300321330451E0));
#330=LINE('',#329,#328);
#331=CURVE_STYLE('',#21,POSITIVE_LENGTH_MEASURE(2.E-2),#8);
#332=PRESENTATION_STYLE_ASSIGNMENT((#331));
#333=STYLED_ITEM('',(#332),#330);
#334=DIRECTION('',(1.755178346251E-1,9.794098092877E-1,9.974926164952E-2));
#335=VECTOR('',#334,2.977465648253E0);
#336=CARTESIAN_POINT('',(-5.453228341639E0,-1.491939166283E1,3.200271330451E0));
#337=LINE('',#336,#335);
#338=CURVE_STYLE('',#21,POSITIVE_LENGTH_MEASURE(2.E-2),#8);
#339=PRESENTATION_STYLE_ASSIGNMENT((#338));
#340=STYLED_ITEM('',(#339),#337);
#341=DIRECTION('',(-1.755178346250E-1,-9.794098092877E-1,9.974926164950E-2));
#342=VECTOR('',#341,2.977465648253E0);
#343=CARTESIAN_POINT('',(-4.930630018387E0,-1.200323260011E1,6.003271330451E0));
#344=LINE('',#343,#342);
#345=CURVE_STYLE('',#21,POSITIVE_LENGTH_MEASURE(2.E-2),#8);
#346=PRESENTATION_STYLE_ASSIGNMENT((#345));
#347=STYLED_ITEM('',(#346),#344);
#348=DIRECTION('',(-1.410594617082E-13,4.961890612850E-14,1.E0));
#349=VECTOR('',#348,2.506E0);
#350=CARTESIAN_POINT('',(-4.930630018387E0,-1.200323260011E1,3.497271330451E0));
#351=LINE('',#350,#349);
#352=CURVE_STYLE('',#21,POSITIVE_LENGTH_MEASURE(2.E-2),#8);
#353=PRESENTATION_STYLE_ASSIGNMENT((#352));
#354=STYLED_ITEM('',(#353),#351);
#355=DIRECTION('',(9.843189965877E-1,-1.763975990670E-1,-1.776356839398E-14));
#356=VECTOR('',#355,3.000000000003E-1);
#357=CARTESIAN_POINT('',(-5.225925717364E0,-1.195031332039E1,3.497271330451E0));
#358=LINE('',#357,#356);
#359=CURVE_STYLE('',#21,POSITIVE_LENGTH_MEASURE(2.E-2),#8);
#360=PRESENTATION_STYLE_ASSIGNMENT((#359));
#361=STYLED_ITEM('',(#360),#358);
#362=DIRECTION('',(-1.275914729019E-14,2.764481912873E-14,1.E0));
#363=VECTOR('',#362,2.506E0);
#364=CARTESIAN_POINT('',(-5.225925717364E0,-1.195031332039E1,3.497271330451E0));
#365=LINE('',#364,#363);
#366=CURVE_STYLE('',#21,POSITIVE_LENGTH_MEASURE(2.E-2),#8);
#367=PRESENTATION_STYLE_ASSIGNMENT((#366));
#368=STYLED_ITEM('',(#367),#365);
#369=DIRECTION('',(-9.843189965877E-1,1.763975990670E-1,0.E0));
#370=VECTOR('',#369,3.E-1);
#371=CARTESIAN_POINT('',(-4.930630018387E0,-1.200323260011E1,6.003271330451E0));
#372=LINE('',#371,#370);
#373=CURVE_STYLE('',#21,POSITIVE_LENGTH_MEASURE(2.E-2),#8);
#374=PRESENTATION_STYLE_ASSIGNMENT((#373));
#375=STYLED_ITEM('',(#374),#372);
#376=DIRECTION('',(-1.755178346251E-1,-9.794098092877E-1,-9.974926164952E-2));
#377=VECTOR('',#376,2.977465648253E0);
#378=CARTESIAN_POINT('',(-5.225925717364E0,-1.195031332039E1,3.497271330451E0));
#379=LINE('',#378,#377);
#380=CURVE_STYLE('',#21,POSITIVE_LENGTH_MEASURE(2.E-2),#8);
#381=PRESENTATION_STYLE_ASSIGNMENT((#380));
#382=STYLED_ITEM('',(#381),#379);
#383=DIRECTION('',(1.755178346251E-1,9.794098092877E-1,-9.974926164950E-2));
#384=VECTOR('',#383,2.977465648253E0);
#385=CARTESIAN_POINT('',(-5.748524040615E0,-1.486647238311E1,6.300271330451E0));
#386=LINE('',#385,#384);
#387=CURVE_STYLE('',#21,POSITIVE_LENGTH_MEASURE(2.E-2),#8);
#388=PRESENTATION_STYLE_ASSIGNMENT((#387));
#389=STYLED_ITEM('',(#388),#386);
#390=CARTESIAN_POINT('',(-5.758367230581E0,-1.486470840711E1,3.200271330451E0));
#391=DIRECTION('',(0.E0,-2.670698880526E-14,-1.E0));
#392=DIRECTION('',(9.843189965872E-1,-1.763975990695E-1,0.E0));
#393=AXIS2_PLACEMENT_3D('',#390,#391,#392);
#395=CURVE_STYLE('',#21,POSITIVE_LENGTH_MEASURE(2.E-2),#8);
#396=PRESENTATION_STYLE_ASSIGNMENT((#395));
#397=STYLED_ITEM('',(#396),#394);
#398=DIRECTION('',(9.843189965877E-1,-1.763975990670E-1,-1.184237892932E-14));
#399=VECTOR('',#398,3.000000000004E-1);
#400=CARTESIAN_POINT('',(-5.748524040615E0,-1.486647238311E1,3.200271330451E0));
#401=LINE('',#400,#399);
#402=CURVE_STYLE('',#21,POSITIVE_LENGTH_MEASURE(2.E-2),#8);
#403=PRESENTATION_STYLE_ASSIGNMENT((#402));
#404=STYLED_ITEM('',(#403),#401);
#405=CARTESIAN_POINT('',(-5.758367230581E0,-1.486470840711E1,3.200271330451E0));
#406=DIRECTION('',(0.E0,2.670698880526E-14,1.E0));
#407=DIRECTION('',(2.682298827494E-11,-1.E0,4.440892098501E-14));
#408=AXIS2_PLACEMENT_3D('',#405,#406,#407);
#410=CURVE_STYLE('',#21,POSITIVE_LENGTH_MEASURE(2.E-2),#8);
#411=PRESENTATION_STYLE_ASSIGNMENT((#410));
#412=STYLED_ITEM('',(#411),#409);
#413=DIRECTION('',(0.E0,-9.999999965265E-1,-8.334902219550E-5));
#414=VECTOR('',#413,2.999435306362E-1);
#415=CARTESIAN_POINT('',(-5.75E0,-1.487470840711E1,3.200271330451E0));
#416=LINE('',#415,#414);
#417=CURVE_STYLE('',#21,POSITIVE_LENGTH_MEASURE(2.E-2),#8);
#418=PRESENTATION_STYLE_ASSIGNMENT((#417));
#419=STYLED_ITEM('',(#418),#416);
#420=DIRECTION('',(0.E0,3.208902677626E-14,1.E0));
#421=VECTOR('',#420,1.55E0);
#422=CARTESIAN_POINT('',(-5.75E0,-1.487470840711E1,1.650271330451E0));
#423=LINE('',#422,#421);
#424=CURVE_STYLE('',#21,POSITIVE_LENGTH_MEASURE(2.E-2),#8);
#425=PRESENTATION_STYLE_ASSIGNMENT((#424));
#426=STYLED_ITEM('',(#425),#423);
#427=DIRECTION('',(0.E0,-3.643310752822E-5,-9.999999993363E-1));
#428=VECTOR('',#427,1.549975001029E0);
#429=CARTESIAN_POINT('',(-5.75E0,-1.517465193670E1,3.200246330451E0));
#430=LINE('',#429,#428);
#431=CURVE_STYLE('',#21,POSITIVE_LENGTH_MEASURE(2.E-2),#8);
#432=PRESENTATION_STYLE_ASSIGNMENT((#431));
#433=STYLED_ITEM('',(#432),#430);
#434=DIRECTION('',(0.E0,1.E0,-1.924386576016E-14));
#435=VECTOR('',#434,3.000000000001E-1);
#436=CARTESIAN_POINT('',(-5.75E0,-1.517470840711E1,1.650271330451E0));
#437=LINE('',#436,#435);
#438=CURVE_STYLE('',#21,POSITIVE_LENGTH_MEASURE(2.E-2),#8);
#439=PRESENTATION_STYLE_ASSIGNMENT((#438));
#440=STYLED_ITEM('',(#439),#437);
#441=DIRECTION('',(-1.184237892933E-14,-1.E0,1.924386576016E-14));
#442=VECTOR('',#441,3.000000000001E-1);
#443=CARTESIAN_POINT('',(-5.65E0,-1.487470840711E1,1.550271330451E0));
#444=LINE('',#443,#442);
#445=CURVE_STYLE('',#21,POSITIVE_LENGTH_MEASURE(2.E-2),#8);
#446=PRESENTATION_STYLE_ASSIGNMENT((#445));
#447=STYLED_ITEM('',(#446),#444);
#448=DIRECTION('',(1.E0,0.E0,0.E0));
#449=VECTOR('',#448,8.8E0);
#450=CARTESIAN_POINT('',(-5.65E0,-1.517470840711E1,1.550271330451E0));
#451=LINE('',#450,#449);
#452=CURVE_STYLE('',#21,POSITIVE_LENGTH_MEASURE(2.E-2),#8);
#453=PRESENTATION_STYLE_ASSIGNMENT((#452));
#454=STYLED_ITEM('',(#453),#451);
#455=DIRECTION('',(-1.E0,0.E0,0.E0));
#456=VECTOR('',#455,8.8E0);
#457=CARTESIAN_POINT('',(3.15E0,-1.487470840711E1,1.550271330451E0));
#458=LINE('',#457,#456);
#459=CURVE_STYLE('',#21,POSITIVE_LENGTH_MEASURE(2.E-2),#8);
#460=PRESENTATION_STYLE_ASSIGNMENT((#459));
#461=STYLED_ITEM('',(#460),#458);
#462=DIRECTION('',(2.368475785866E-14,1.E0,-1.258252761241E-14));
#463=VECTOR('',#462,3.000000000001E-1);
#464=CARTESIAN_POINT('',(3.15E0,-1.517470840711E1,1.550271330451E0));
#465=LINE('',#464,#463);
#466=CURVE_STYLE('',#21,POSITIVE_LENGTH_MEASURE(2.E-2),#8);
#467=PRESENTATION_STYLE_ASSIGNMENT((#466));
#468=STYLED_ITEM('',(#467),#465);
#469=DIRECTION('',(-1.036208156316E-14,-1.E0,1.554312234474E-14));
#470=VECTOR('',#469,3.000000000001E-1);
#471=CARTESIAN_POINT('',(3.25E0,-1.487470840711E1,1.650271330451E0));
#472=LINE('',#471,#470);
#473=CURVE_STYLE('',#21,POSITIVE_LENGTH_MEASURE(2.E-2),#8);
#474=PRESENTATION_STYLE_ASSIGNMENT((#473));
#475=STYLED_ITEM('',(#474),#472);
#476=DIRECTION('',(0.E0,9.999999965265E-1,8.334902219402E-5));
#477=VECTOR('',#476,2.999435306362E-1);
#478=CARTESIAN_POINT('',(3.25E0,-1.517465193670E1,3.200246330451E0));
#479=LINE('',#478,#477);
#480=CURVE_STYLE('',#21,POSITIVE_LENGTH_MEASURE(2.E-2),#8);
#481=PRESENTATION_STYLE_ASSIGNMENT((#480));
#482=STYLED_ITEM('',(#481),#479);
#483=DIRECTION('',(0.E0,3.643310752593E-5,9.999999993363E-1));
#484=VECTOR('',#483,1.549975001029E0);
#485=CARTESIAN_POINT('',(3.25E0,-1.517470840711E1,1.650271330451E0));
#486=LINE('',#485,#484);
#487=CURVE_STYLE('',#21,POSITIVE_LENGTH_MEASURE(2.E-2),#8);
#488=PRESENTATION_STYLE_ASSIGNMENT((#487));
#489=STYLED_ITEM('',(#488),#486);
#490=DIRECTION('',(0.E0,-3.094299010568E-14,-1.E0));
#491=VECTOR('',#490,1.55E0);
#492=CARTESIAN_POINT('',(3.25E0,-1.487470840711E1,3.200271330451E0));
#493=LINE('',#492,#491);
#494=CURVE_STYLE('',#21,POSITIVE_LENGTH_MEASURE(2.E-2),#8);
#495=PRESENTATION_STYLE_ASSIGNMENT((#494));
#496=STYLED_ITEM('',(#495),#493);
#497=CARTESIAN_POINT('',(3.258367230580E0,-1.486470840711E1,3.200271330451E0));
#498=DIRECTION('',(0.E0,2.670698880526E-14,1.E0));
#499=DIRECTION('',(-9.843189965705E-1,-1.763975991629E-1,0.E0));
#500=AXIS2_PLACEMENT_3D('',#497,#498,#499);
#502=CURVE_STYLE('',#21,POSITIVE_LENGTH_MEASURE(2.E-2),#8);
#503=PRESENTATION_STYLE_ASSIGNMENT((#502));
#504=STYLED_ITEM('',(#503),#501);
#505=DIRECTION('',(9.843189965877E-1,1.763975990667E-1,-1.776356839401E-14));
#506=VECTOR('',#505,2.999999999999E-1);
#507=CARTESIAN_POINT('',(2.953228341638E0,-1.491939166283E1,3.200271330451E0));
#508=LINE('',#507,#506);
#509=CURVE_STYLE('',#21,POSITIVE_LENGTH_MEASURE(2.E-2),#8);
#510=PRESENTATION_STYLE_ASSIGNMENT((#509));
#511=STYLED_ITEM('',(#510),#508);
#512=CARTESIAN_POINT('',(3.258367230580E0,-1.486470840711E1,3.200271330451E0));
#513=DIRECTION('',(0.E0,-2.670698880526E-14,-1.E0));
#514=DIRECTION('',(-2.699106638710E-2,-9.996356748012E-1,2.721837092629E-14));
#515=AXIS2_PLACEMENT_3D('',#512,#513,#514);
#517=CURVE_STYLE('',#21,POSITIVE_LENGTH_MEASURE(2.E-2),#8);
#518=PRESENTATION_STYLE_ASSIGNMENT((#517));
#519=STYLED_ITEM('',(#518),#516);
#520=DIRECTION('',(-8.695553238032E-14,-3.266204511155E-14,-1.E0));
#521=VECTOR('',#520,3.1E0);
#522=CARTESIAN_POINT('',(3.248524040615E0,-1.486647238311E1,6.300271330451E0));
#523=LINE('',#522,#521);
#524=CURVE_STYLE('',#21,POSITIVE_LENGTH_MEASURE(2.E-2),#8);
#525=PRESENTATION_STYLE_ASSIGNMENT((#524));
#526=STYLED_ITEM('',(#525),#523);
#527=DIRECTION('',(-4.068430180562E-14,2.578582508807E-14,1.E0));
#528=VECTOR('',#527,3.1E0);
#529=CARTESIAN_POINT('',(3.258367230580E0,-1.487470840711E1,3.200271330451E0));
#530=LINE('',#529,#528);
#531=CURVE_STYLE('',#21,POSITIVE_LENGTH_MEASURE(2.E-2),#8);
#532=PRESENTATION_STYLE_ASSIGNMENT((#531));
#533=STYLED_ITEM('',(#532),#530);
#534=CARTESIAN_POINT('',(3.258367230580E0,-1.486470840711E1,6.300271330451E0));
#535=DIRECTION('',(0.E0,2.670698880526E-14,1.E0));
#536=DIRECTION('',(-9.843189965871E-1,-1.763975990703E-1,0.E0));
#537=AXIS2_PLACEMENT_3D('',#534,#535,#536);
#539=CURVE_STYLE('',#21,POSITIVE_LENGTH_MEASURE(2.E-2),#8);
#540=PRESENTATION_STYLE_ASSIGNMENT((#539));
#541=STYLED_ITEM('',(#540),#538);
#542=DIRECTION('',(-9.843189965877E-1,-1.763975990667E-1,0.E0));
#543=VECTOR('',#542,3.000000000004E-1);
#544=CARTESIAN_POINT('',(3.248524040615E0,-1.486647238311E1,6.300271330451E0));
#545=LINE('',#544,#543);
#546=CURVE_STYLE('',#21,POSITIVE_LENGTH_MEASURE(2.E-2),#8);
#547=PRESENTATION_STYLE_ASSIGNMENT((#546));
#548=STYLED_ITEM('',(#547),#545);
#549=CARTESIAN_POINT('',(3.258367230580E0,-1.486470840711E1,6.300271330451E0));
#550=DIRECTION('',(0.E0,-2.670698880526E-14,-1.E0));
#551=DIRECTION('',(-5.444533712762E-11,-1.E0,0.E0));
#552=AXIS2_PLACEMENT_3D('',#549,#550,#551);
#554=CURVE_STYLE('',#21,POSITIVE_LENGTH_MEASURE(2.E-2),#8);
#555=PRESENTATION_STYLE_ASSIGNMENT((#554));
#556=STYLED_ITEM('',(#555),#553);
#557=DIRECTION('',(0.E0,-9.999999965265E-1,8.334902225028E-5));
#558=VECTOR('',#557,2.999435306362E-1);
#559=CARTESIAN_POINT('',(3.25E0,-1.487470840711E1,6.300271330451E0));
#560=LINE('',#559,#558);
#561=CURVE_STYLE('',#21,POSITIVE_LENGTH_MEASURE(2.E-2),#8);
#562=PRESENTATION_STYLE_ASSIGNMENT((#561));
#563=STYLED_ITEM('',(#562),#560);
#564=DIRECTION('',(0.E0,0.E0,-1.E0));
#565=VECTOR('',#564,1.613019907595E0);
#566=CARTESIAN_POINT('',(3.25E0,-1.487470840711E1,7.913291238046E0));
#567=LINE('',#566,#565);
#568=CURVE_STYLE('',#21,POSITIVE_LENGTH_MEASURE(2.E-2),#8);
#569=PRESENTATION_STYLE_ASSIGNMENT((#568));
#570=STYLED_ITEM('',(#569),#567);
#571=DIRECTION('',(0.E0,-3.500966155831E-5,9.999999993872E-1));
#572=VECTOR('',#571,1.612994908583E0);
#573=CARTESIAN_POINT('',(3.25E0,-1.517465193670E1,6.300296330451E0));
#574=LINE('',#573,#572);
#575=CURVE_STYLE('',#21,POSITIVE_LENGTH_MEASURE(2.E-2),#8);
#576=PRESENTATION_STYLE_ASSIGNMENT((#575));
#577=STYLED_ITEM('',(#576),#574);
#578=DIRECTION('',(0.E0,1.E0,0.E0));
#579=VECTOR('',#578,3.000000000001E-1);
#580=CARTESIAN_POINT('',(3.25E0,-1.517470840711E1,7.913291238046E0));
#581=LINE('',#580,#579);
#582=CURVE_STYLE('',#21,POSITIVE_LENGTH_MEASURE(2.E-2),#8);
#583=PRESENTATION_STYLE_ASSIGNMENT((#582));
#584=STYLED_ITEM('',(#583),#581);
#585=DIRECTION('',(0.E0,-1.E0,0.E0));
#586=VECTOR('',#585,3.000000000001E-1);
#587=CARTESIAN_POINT('',(3.226199059496E0,-1.487470840711E1,7.978050046960E0));
#588=LINE('',#587,#586);
#589=CURVE_STYLE('',#21,POSITIVE_LENGTH_MEASURE(2.E-2),#8);
#590=PRESENTATION_STYLE_ASSIGNMENT((#589));
#591=STYLED_ITEM('',(#590),#588);
#592=DIRECTION('',(0.E0,1.E0,-2.960594732332E-14));
#593=VECTOR('',#592,3.000000000001E-1);
#594=CARTESIAN_POINT('',(1.580030136930E0,-1.517470840711E1,9.915030139364E0));
#595=LINE('',#594,#593);
#596=CURVE_STYLE('',#21,POSITIVE_LENGTH_MEASURE(2.E-2),#8);
#597=PRESENTATION_STYLE_ASSIGNMENT((#596));
#598=STYLED_ITEM('',(#597),#595);
#599=DIRECTION('',(0.E0,-1.E0,1.184237892933E-14));
#600=VECTOR('',#599,3.000000000001E-1);
#601=CARTESIAN_POINT('',(1.503831077433E0,-1.487470840711E1,9.950271330451E0));
#602=LINE('',#601,#600);
#603=CURVE_STYLE('',#21,POSITIVE_LENGTH_MEASURE(2.E-2),#8);
#604=PRESENTATION_STYLE_ASSIGNMENT((#603));
#605=STYLED_ITEM('',(#604),#602);
#606=DIRECTION('',(-1.E0,0.E0,0.E0));
#607=VECTOR('',#606,5.507662154866E0);
#608=CARTESIAN_POINT('',(1.503831077433E0,-1.517470840711E1,9.950271330451E0));
#609=LINE('',#608,#607);
#610=CURVE_STYLE('',#21,POSITIVE_LENGTH_MEASURE(2.E-2),#8);
#611=PRESENTATION_STYLE_ASSIGNMENT((#610));
#612=STYLED_ITEM('',(#611),#609);
#613=DIRECTION('',(1.E0,0.E0,0.E0));
#614=VECTOR('',#613,5.507662154866E0);
#615=CARTESIAN_POINT('',(-4.003831077433E0,-1.487470840711E1,9.950271330451E0));
#616=LINE('',#615,#614);
#617=CURVE_STYLE('',#21,POSITIVE_LENGTH_MEASURE(2.E-2),#8);
#618=PRESENTATION_STYLE_ASSIGNMENT((#617));
#619=STYLED_ITEM('',(#618),#616);
#620=DIRECTION('',(0.E0,1.E0,-1.184237892933E-14));
#621=VECTOR('',#620,3.000000000001E-1);
#622=CARTESIAN_POINT('',(-4.003831077433E0,-1.517470840711E1,9.950271330451E0));
#623=LINE('',#622,#621);
#624=CURVE_STYLE('',#21,POSITIVE_LENGTH_MEASURE(2.E-2),#8);
#625=PRESENTATION_STYLE_ASSIGNMENT((#624));
#626=STYLED_ITEM('',(#625),#623);
#627=DIRECTION('',(0.E0,-1.E0,1.184237892933E-14));
#628=VECTOR('',#627,3.000000000001E-1);
#629=CARTESIAN_POINT('',(-4.080030136931E0,-1.487470840711E1,9.915030139363E0));
#630=LINE('',#629,#628);
#631=CURVE_STYLE('',#21,POSITIVE_LENGTH_MEASURE(2.E-2),#8);
#632=PRESENTATION_STYLE_ASSIGNMENT((#631));
#633=STYLED_ITEM('',(#632),#630);
#634=DIRECTION('',(0.E0,1.E0,-2.368475785866E-14));
#635=VECTOR('',#634,3.000000000001E-1);
#636=CARTESIAN_POINT('',(-5.726199059495E0,-1.517470840711E1,7.978050046962E0));
#637=LINE('',#636,#635);
#638=CURVE_STYLE('',#21,POSITIVE_LENGTH_MEASURE(2.E-2),#8);
#639=PRESENTATION_STYLE_ASSIGNMENT((#638));
#640=STYLED_ITEM('',(#639),#637);
#641=DIRECTION('',(0.E0,-1.E0,3.256654205566E-14));
#642=VECTOR('',#641,3.000000000001E-1);
#643=CARTESIAN_POINT('',(-5.75E0,-1.487470840711E1,7.913291238046E0));
#644=LINE('',#643,#642);
#645=CURVE_STYLE('',#21,POSITIVE_LENGTH_MEASURE(2.E-2),#8);
#646=PRESENTATION_STYLE_ASSIGNMENT((#645));
#647=STYLED_ITEM('',(#646),#644);
#648=DIRECTION('',(0.E0,2.693099301694E-14,1.E0));
#649=VECTOR('',#648,3.1001E0);
#650=CARTESIAN_POINT('',(3.258367230580E0,-1.517470840711E1,3.200221330451E0));
#651=LINE('',#650,#649);
#652=CURVE_STYLE('',#21,POSITIVE_LENGTH_MEASURE(2.E-2),#8);
#653=PRESENTATION_STYLE_ASSIGNMENT((#652));
#654=STYLED_ITEM('',(#653),#651);
#655=DIRECTION('',(9.268571573322E-14,0.E0,-1.E0));
#656=VECTOR('',#655,3.1E0);
#657=CARTESIAN_POINT('',(2.953228341638E0,-1.491939166283E1,6.300271330451E0));
#658=LINE('',#657,#656);
#659=CURVE_STYLE('',#21,POSITIVE_LENGTH_MEASURE(2.E-2),#8);
#660=PRESENTATION_STYLE_ASSIGNMENT((#659));
#661=STYLED_ITEM('',(#660),#658);
#662=DIRECTION('',(1.755178346249E-1,-9.794098092877E-1,-9.974926164952E-2));
#663=VECTOR('',#662,2.977465648253E0);
#664=CARTESIAN_POINT('',(2.430630018387E0,-1.200323260011E1,3.497271330451E0));
#665=LINE('',#664,#663);
#666=CURVE_STYLE('',#21,POSITIVE_LENGTH_MEASURE(2.E-2),#8);
#667=PRESENTATION_STYLE_ASSIGNMENT((#666));
#668=STYLED_ITEM('',(#667),#665);
#669=DIRECTION('',(-1.755178346248E-1,9.794098092877E-1,-9.974926164950E-2));
#670=VECTOR('',#669,2.977465648253E0);
#671=CARTESIAN_POINT('',(2.953228341638E0,-1.491939166283E1,6.300271330451E0));
#672=LINE('',#671,#670);
#673=CURVE_STYLE('',#21,POSITIVE_LENGTH_MEASURE(2.E-2),#8);
#674=PRESENTATION_STYLE_ASSIGNMENT((#673));
#675=STYLED_ITEM('',(#674),#672);
#676=DIRECTION('',(9.843189965877E-1,1.763975990670E-1,0.E0));
#677=VECTOR('',#676,2.999999999997E-1);
#678=CARTESIAN_POINT('',(2.430630018387E0,-1.200323260011E1,3.497271330451E0));
#679=LINE('',#678,#677);
#680=CURVE_STYLE('',#21,POSITIVE_LENGTH_MEASURE(2.E-2),#8);
#681=PRESENTATION_STYLE_ASSIGNMENT((#680));
#682=STYLED_ITEM('',(#681),#679);
#683=DIRECTION('',(-1.755178346250E-1,9.794098092877E-1,9.974926164952E-2));
#684=VECTOR('',#683,2.977465648253E0);
#685=CARTESIAN_POINT('',(3.248524040615E0,-1.486647238311E1,3.200271330451E0));
#686=LINE('',#685,#684);
#687=CURVE_STYLE('',#21,POSITIVE_LENGTH_MEASURE(2.E-2),#8);
#688=PRESENTATION_STYLE_ASSIGNMENT((#687));
#689=STYLED_ITEM('',(#688),#686);
#690=DIRECTION('',(1.755178346250E-1,-9.794098092877E-1,9.974926164950E-2));
#691=VECTOR('',#690,2.977465648253E0);
#692=CARTESIAN_POINT('',(2.725925717363E0,-1.195031332039E1,6.003271330451E0));
#693=LINE('',#692,#691);
#694=CURVE_STYLE('',#21,POSITIVE_LENGTH_MEASURE(2.E-2),#8);
#695=PRESENTATION_STYLE_ASSIGNMENT((#694));
#696=STYLED_ITEM('',(#695),#693);
#697=DIRECTION('',(1.414138824662E-13,4.891006461238E-14,1.E0));
#698=VECTOR('',#697,2.506E0);
#699=CARTESIAN_POINT('',(2.725925717363E0,-1.195031332039E1,3.497271330451E0));
#700=LINE('',#699,#698);
#701=CURVE_STYLE('',#21,POSITIVE_LENGTH_MEASURE(2.E-2),#8);
#702=PRESENTATION_STYLE_ASSIGNMENT((#701));
#703=STYLED_ITEM('',(#702),#700);
#704=DIRECTION('',(-9.843189965877E-1,-1.763975990670E-1,2.368475785867E-14));
#705=VECTOR('',#704,3.E-1);
#706=CARTESIAN_POINT('',(2.725925717363E0,-1.195031332039E1,6.003271330451E0));
#707=LINE('',#706,#705);
#708=CURVE_STYLE('',#21,POSITIVE_LENGTH_MEASURE(2.E-2),#8);
#709=PRESENTATION_STYLE_ASSIGNMENT((#708));
#710=STYLED_ITEM('',(#709),#707);
#711=DIRECTION('',(1.311356804825E-14,2.551829458037E-14,1.E0));
#712=VECTOR('',#711,2.506E0);
#713=CARTESIAN_POINT('',(2.430630018387E0,-1.200323260011E1,3.497271330451E0));
#714=LINE('',#713,#712);
#715=CURVE_STYLE('',#21,POSITIVE_LENGTH_MEASURE(2.E-2),#8);
#716=PRESENTATION_STYLE_ASSIGNMENT((#715));
#717=STYLED_ITEM('',(#716),#714);
#718=CARTESIAN_POINT('',(4.55E0,-1.497470840711E1,4.799818912492E-1));
#719=DIRECTION('',(0.E0,-2.667831150083E-14,-1.E0));
#720=DIRECTION('',(1.E0,0.E0,0.E0));
#721=AXIS2_PLACEMENT_3D('',#718,#719,#720);
#723=CURVE_STYLE('',#21,POSITIVE_LENGTH_MEASURE(2.E-2),#8);
#724=PRESENTATION_STYLE_ASSIGNMENT((#723));
#725=STYLED_ITEM('',(#724),#722);
#726=CARTESIAN_POINT('',(4.55E0,-1.497470840711E1,4.799818912492E-1));
#727=DIRECTION('',(0.E0,-1.E0,3.224684028686E-14));
#728=DIRECTION('',(0.E0,-3.552713678801E-14,-1.E0));
#729=AXIS2_PLACEMENT_3D('',#726,#727,#728);
#731=CURVE_STYLE('',#21,POSITIVE_LENGTH_MEASURE(2.E-2),#8);
#732=PRESENTATION_STYLE_ASSIGNMENT((#731));
#733=STYLED_ITEM('',(#732),#730);
#734=CARTESIAN_POINT('',(4.55E0,-1.497470840711E1,4.799818912492E-1));
#735=DIRECTION('',(1.E0,0.E0,0.E0));
#736=DIRECTION('',(0.E0,-1.E0,2.248201624866E-14));
#737=AXIS2_PLACEMENT_3D('',#734,#735,#736);
#739=CURVE_STYLE('',#21,POSITIVE_LENGTH_MEASURE(2.E-2),#8);
#740=PRESENTATION_STYLE_ASSIGNMENT((#739));
#741=STYLED_ITEM('',(#740),#738);
#742=CARTESIAN_POINT('',(4.55E0,-1.497470840711E1,1.107998189125E1));
#743=DIRECTION('',(1.E0,0.E0,0.E0));
#744=DIRECTION('',(0.E0,2.664535259100E-14,1.E0));
#745=AXIS2_PLACEMENT_3D('',#742,#743,#744);
#747=CURVE_STYLE('',#21,POSITIVE_LENGTH_MEASURE(2.E-2),#8);
#748=PRESENTATION_STYLE_ASSIGNMENT((#747));
#749=STYLED_ITEM('',(#748),#746);
#750=CARTESIAN_POINT('',(4.55E0,-1.497470840711E1,1.107998189125E1));
#751=DIRECTION('',(0.E0,-1.E0,2.555263673822E-14));
#752=DIRECTION('',(1.E0,0.E0,0.E0));
#753=AXIS2_PLACEMENT_3D('',#750,#751,#752);
#755=CURVE_STYLE('',#21,POSITIVE_LENGTH_MEASURE(2.E-2),#8);
#756=PRESENTATION_STYLE_ASSIGNMENT((#755));
#757=STYLED_ITEM('',(#756),#754);
#758=CARTESIAN_POINT('',(4.55E0,-1.497470840711E1,1.107998189125E1));
#759=DIRECTION('',(0.E0,2.667831150083E-14,1.E0));
#760=DIRECTION('',(0.E0,-1.E0,2.664535259100E-14));
#761=AXIS2_PLACEMENT_3D('',#758,#759,#760);
#763=CURVE_STYLE('',#21,POSITIVE_LENGTH_MEASURE(2.E-2),#8);
#764=PRESENTATION_STYLE_ASSIGNMENT((#763));
#765=STYLED_ITEM('',(#764),#762);
#766=DIRECTION('',(0.E0,1.E0,-2.681293342491E-14));
#767=VECTOR('',#766,1.59E1);
#768=CARTESIAN_POINT('',(4.55E0,-1.497470840711E1,1.127998189125E1));
#769=LINE('',#768,#767);
#770=CURVE_STYLE('',#21,POSITIVE_LENGTH_MEASURE(2.E-2),#8);
#771=PRESENTATION_STYLE_ASSIGNMENT((#770));
#772=STYLED_ITEM('',(#771),#769);
#773=DIRECTION('',(-1.E0,0.E0,0.E0));
#774=VECTOR('',#773,1.16E1);
#775=CARTESIAN_POINT('',(4.55E0,-1.497470840711E1,1.127998189125E1));
#776=LINE('',#775,#774);
#777=CURVE_STYLE('',#21,POSITIVE_LENGTH_MEASURE(2.E-2),#8);
#778=PRESENTATION_STYLE_ASSIGNMENT((#777));
#779=STYLED_ITEM('',(#778),#776);
#780=DIRECTION('',(0.E0,-1.E0,2.670121286897E-14));
#781=VECTOR('',#780,1.59E1);
#782=CARTESIAN_POINT('',(-7.05E0,9.252915928898E-1,1.127998189125E1));
#783=LINE('',#782,#781);
#784=CURVE_STYLE('',#21,POSITIVE_LENGTH_MEASURE(2.E-2),#8);
#785=PRESENTATION_STYLE_ASSIGNMENT((#784));
#786=STYLED_ITEM('',(#785),#783);
#787=DIRECTION('',(1.E0,0.E0,0.E0));
#788=VECTOR('',#787,1.164E1);
#789=CARTESIAN_POINT('',(-7.07E0,9.252915928898E-1,1.109998189125E1));
#790=LINE('',#789,#788);
#791=CURVE_STYLE('',#21,POSITIVE_LENGTH_MEASURE(2.E-2),#8);
#792=PRESENTATION_STYLE_ASSIGNMENT((#791));
#793=STYLED_ITEM('',(#792),#790);
#794=DIRECTION('',(0.E0,-2.676430505793E-14,-1.E0));
#795=VECTOR('',#794,1.064E1);
#796=CARTESIAN_POINT('',(4.57E0,9.252915928898E-1,1.109998189125E1));
#797=LINE('',#796,#795);
#798=CURVE_STYLE('',#21,POSITIVE_LENGTH_MEASURE(2.E-2),#8);
#799=PRESENTATION_STYLE_ASSIGNMENT((#798));
#800=STYLED_ITEM('',(#799),#797);
#801=DIRECTION('',(-1.E0,0.E0,0.E0));
#802=VECTOR('',#801,1.164E1);
#803=CARTESIAN_POINT('',(4.57E0,9.252915928895E-1,4.599818912488E-1));
#804=LINE('',#803,#802);
#805=CURVE_STYLE('',#21,POSITIVE_LENGTH_MEASURE(2.E-2),#8);
#806=PRESENTATION_STYLE_ASSIGNMENT((#805));
#807=STYLED_ITEM('',(#806),#804);
#808=DIRECTION('',(0.E0,2.677473948485E-14,1.E0));
#809=VECTOR('',#808,1.064E1);
#810=CARTESIAN_POINT('',(-7.07E0,9.252915928896E-1,4.599818912488E-1));
#811=LINE('',#810,#809);
#812=CURVE_STYLE('',#21,POSITIVE_LENGTH_MEASURE(2.E-2),#8);
#813=PRESENTATION_STYLE_ASSIGNMENT((#812));
#814=STYLED_ITEM('',(#813),#811);
#815=CARTESIAN_POINT('',(4.55E0,9.252915928898E-1,1.107998189125E1));
#816=DIRECTION('',(0.E0,1.E0,-2.671939280852E-14));
#817=DIRECTION('',(0.E0,2.664535259100E-14,1.E0));
#818=AXIS2_PLACEMENT_3D('',#815,#816,#817);
#820=CURVE_STYLE('',#21,POSITIVE_LENGTH_MEASURE(2.E-2),#8);
#821=PRESENTATION_STYLE_ASSIGNMENT((#820));
#822=STYLED_ITEM('',(#821),#819);
#823=DIRECTION('',(-1.E0,0.E0,0.E0));
#824=VECTOR('',#823,1.16E1);
#825=CARTESIAN_POINT('',(4.55E0,9.252915928898E-1,1.127998189125E1));
#826=LINE('',#825,#824);
#827=CURVE_STYLE('',#21,POSITIVE_LENGTH_MEASURE(2.E-2),#8);
#828=PRESENTATION_STYLE_ASSIGNMENT((#827));
#829=STYLED_ITEM('',(#828),#826);
#830=CARTESIAN_POINT('',(-7.05E0,9.252915928898E-1,1.107998189125E1));
#831=DIRECTION('',(0.E0,1.E0,-2.671939280852E-14));
#832=DIRECTION('',(-1.E0,0.E0,0.E0));
#833=AXIS2_PLACEMENT_3D('',#830,#831,#832);
#835=CURVE_STYLE('',#21,POSITIVE_LENGTH_MEASURE(2.E-2),#8);
#836=PRESENTATION_STYLE_ASSIGNMENT((#835));
#837=STYLED_ITEM('',(#836),#834);
#838=DIRECTION('',(0.E0,-2.643587654862E-14,-1.E0));
#839=VECTOR('',#838,1.06E1);
#840=CARTESIAN_POINT('',(-7.25E0,9.252915928898E-1,1.107998189125E1));
#841=LINE('',#840,#839);
#842=CURVE_STYLE('',#21,POSITIVE_LENGTH_MEASURE(2.E-2),#8);
#843=PRESENTATION_STYLE_ASSIGNMENT((#842));
#844=STYLED_ITEM('',(#843),#841);
#845=CARTESIAN_POINT('',(-7.05E0,9.252915928896E-1,4.799818912488E-1));
#846=DIRECTION('',(0.E0,1.E0,-2.670707186263E-14));
#847=DIRECTION('',(0.E0,-2.664535259100E-14,-1.E0));
#848=AXIS2_PLACEMENT_3D('',#845,#846,#847);
#850=CURVE_STYLE('',#21,POSITIVE_LENGTH_MEASURE(2.E-2),#8);
#851=PRESENTATION_STYLE_ASSIGNMENT((#850));
#852=STYLED_ITEM('',(#851),#849);
#853=DIRECTION('',(1.E0,0.E0,0.E0));
#854=VECTOR('',#853,1.16E1);
#855=CARTESIAN_POINT('',(-7.05E0,9.252915928895E-1,2.799818912488E-1));
#856=LINE('',#855,#854);
#857=CURVE_STYLE('',#21,POSITIVE_LENGTH_MEASURE(2.E-2),#8);
#858=PRESENTATION_STYLE_ASSIGNMENT((#857));
#859=STYLED_ITEM('',(#858),#856);
#860=CARTESIAN_POINT('',(4.55E0,9.252915928895E-1,4.799818912488E-1));
#861=DIRECTION('',(0.E0,1.E0,-2.670707186263E-14));
#862=DIRECTION('',(1.E0,0.E0,0.E0));
#863=AXIS2_PLACEMENT_3D('',#860,#861,#862);
#865=CURVE_STYLE('',#21,POSITIVE_LENGTH_MEASURE(2.E-2),#8);
#866=PRESENTATION_STYLE_ASSIGNMENT((#865));
#867=STYLED_ITEM('',(#866),#864);
#868=DIRECTION('',(0.E0,2.665582639312E-14,1.E0));
#869=VECTOR('',#868,1.06E1);
#870=CARTESIAN_POINT('',(4.75E0,9.252915928895E-1,4.799818912488E-1));
#871=LINE('',#870,#869);
#872=CURVE_STYLE('',#21,POSITIVE_LENGTH_MEASURE(2.E-2),#8);
#873=PRESENTATION_STYLE_ASSIGNMENT((#872));
#874=STYLED_ITEM('',(#873),#871);
#875=DIRECTION('',(0.E0,1.E0,-2.675778023907E-14));
#876=VECTOR('',#875,1.58E1);
#877=CARTESIAN_POINT('',(-7.07E0,-1.487470840711E1,1.109998189125E1));
#878=LINE('',#877,#876);
#879=CURVE_STYLE('',#21,POSITIVE_LENGTH_MEASURE(2.E-2),#8);
#880=PRESENTATION_STYLE_ASSIGNMENT((#879));
#881=STYLED_ITEM('',(#880),#878);
#882=DIRECTION('',(0.E0,1.E0,-2.675778023907E-14));
#883=VECTOR('',#882,1.58E1);
#884=CARTESIAN_POINT('',(4.57E0,-1.487470840711E1,1.109998189125E1));
#885=LINE('',#884,#883);
#886=CURVE_STYLE('',#21,POSITIVE_LENGTH_MEASURE(2.E-2),#8);
#887=PRESENTATION_STYLE_ASSIGNMENT((#886));
#888=STYLED_ITEM('',(#887),#885);
#889=DIRECTION('',(0.E0,1.E0,-2.668751295903E-14));
#890=VECTOR('',#889,1.58E1);
#891=CARTESIAN_POINT('',(4.57E0,-1.487470840711E1,4.599818912492E-1));
#892=LINE('',#891,#890);
#893=CURVE_STYLE('',#21,POSITIVE_LENGTH_MEASURE(2.E-2),#8);
#894=PRESENTATION_STYLE_ASSIGNMENT((#893));
#895=STYLED_ITEM('',(#894),#892);
#896=DIRECTION('',(0.E0,1.E0,-2.671210650704E-14));
#897=VECTOR('',#896,1.58E1);
#898=CARTESIAN_POINT('',(-7.07E0,-1.487470840711E1,4.599818912492E-1));
#899=LINE('',#898,#897);
#900=CURVE_STYLE('',#21,POSITIVE_LENGTH_MEASURE(2.E-2),#8);
#901=PRESENTATION_STYLE_ASSIGNMENT((#900));
#902=STYLED_ITEM('',(#901),#899);
#903=CARTESIAN_POINT('',(-7.05E0,-1.497470840711E1,1.107998189125E1));
#904=DIRECTION('',(0.E0,2.668402698061E-14,1.E0));
#905=DIRECTION('',(-1.E0,0.E0,0.E0));
#906=AXIS2_PLACEMENT_3D('',#903,#904,#905);
#908=CURVE_STYLE('',#21,POSITIVE_LENGTH_MEASURE(2.E-2),#8);
#909=PRESENTATION_STYLE_ASSIGNMENT((#908));
#910=STYLED_ITEM('',(#909),#907);
#911=CARTESIAN_POINT('',(-7.05E0,-1.497470840711E1,1.107998189125E1));
#912=DIRECTION('',(0.E0,-1.E0,2.671939280852E-14));
#913=DIRECTION('',(0.E0,2.664535259100E-14,1.E0));
#914=AXIS2_PLACEMENT_3D('',#911,#912,#913);
#916=CURVE_STYLE('',#21,POSITIVE_LENGTH_MEASURE(2.E-2),#8);
#917=PRESENTATION_STYLE_ASSIGNMENT((#916));
#918=STYLED_ITEM('',(#917),#915);
#919=CARTESIAN_POINT('',(-7.05E0,-1.497470840711E1,1.107998189125E1));
#920=DIRECTION('',(-1.E0,0.E0,0.E0));
#921=DIRECTION('',(0.E0,-1.E0,2.664535259100E-14));
#922=AXIS2_PLACEMENT_3D('',#919,#920,#921);
#924=CURVE_STYLE('',#21,POSITIVE_LENGTH_MEASURE(2.E-2),#8);
#925=PRESENTATION_STYLE_ASSIGNMENT((#924));
#926=STYLED_ITEM('',(#925),#923);
#927=DIRECTION('',(0.E0,-1.E0,2.670121286897E-14));
#928=VECTOR('',#927,1.59E1);
#929=CARTESIAN_POINT('',(-7.25E0,9.252915928898E-1,1.107998189125E1));
#930=LINE('',#929,#928);
#931=CURVE_STYLE('',#21,POSITIVE_LENGTH_MEASURE(2.E-2),#8);
#932=PRESENTATION_STYLE_ASSIGNMENT((#931));
#933=STYLED_ITEM('',(#932),#930);
#934=DIRECTION('',(0.E0,-2.647777175710E-14,-1.E0));
#935=VECTOR('',#934,1.06E1);
#936=CARTESIAN_POINT('',(-7.25E0,-1.497470840711E1,1.107998189125E1));
#937=LINE('',#936,#935);
#938=CURVE_STYLE('',#21,POSITIVE_LENGTH_MEASURE(2.E-2),#8);
#939=PRESENTATION_STYLE_ASSIGNMENT((#938));
#940=STYLED_ITEM('',(#939),#937);
#941=DIRECTION('',(0.E0,1.E0,-2.672216047321E-14));
#942=VECTOR('',#941,1.59E1);
#943=CARTESIAN_POINT('',(-7.25E0,-1.497470840711E1,4.799818912492E-1));
#944=LINE('',#943,#942);
#945=CURVE_STYLE('',#21,POSITIVE_LENGTH_MEASURE(2.E-2),#8);
#946=PRESENTATION_STYLE_ASSIGNMENT((#945));
#947=STYLED_ITEM('',(#946),#944);
#948=CARTESIAN_POINT('',(-7.05E0,-1.497470840711E1,4.799818912492E-1));
#949=DIRECTION('',(0.E0,-1.E0,2.998736836378E-14));
#950=DIRECTION('',(-1.E0,0.E0,0.E0));
#951=AXIS2_PLACEMENT_3D('',#948,#949,#950);
#953=CURVE_STYLE('',#21,POSITIVE_LENGTH_MEASURE(2.E-2),#8);
#954=PRESENTATION_STYLE_ASSIGNMENT((#953));
#955=STYLED_ITEM('',(#954),#952);
#956=CARTESIAN_POINT('',(-7.05E0,-1.497470840711E1,4.799818912492E-1));
#957=DIRECTION('',(0.E0,-2.672270137022E-14,-1.E0));
#958=DIRECTION('',(0.E0,-1.E0,2.664535259100E-14));
#959=AXIS2_PLACEMENT_3D('',#956,#957,#958);
#961=CURVE_STYLE('',#21,POSITIVE_LENGTH_MEASURE(2.E-2),#8);
#962=PRESENTATION_STYLE_ASSIGNMENT((#961));
#963=STYLED_ITEM('',(#962),#960);
#964=CARTESIAN_POINT('',(-7.05E0,-1.497470840711E1,4.799818912492E-1));
#965=DIRECTION('',(-1.E0,0.E0,0.E0));
#966=DIRECTION('',(0.E0,-2.664535259100E-14,-1.E0));
#967=AXIS2_PLACEMENT_3D('',#964,#965,#966);
#969=CURVE_STYLE('',#21,POSITIVE_LENGTH_MEASURE(2.E-2),#8);
#970=PRESENTATION_STYLE_ASSIGNMENT((#969));
#971=STYLED_ITEM('',(#970),#968);
#972=DIRECTION('',(0.E0,1.E0,-2.670470413635E-14));
#973=VECTOR('',#972,1.59E1);
#974=CARTESIAN_POINT('',(4.55E0,-1.497470840711E1,2.799818912492E-1));
#975=LINE('',#974,#973);
#976=CURVE_STYLE('',#21,POSITIVE_LENGTH_MEASURE(2.E-2),#8);
#977=PRESENTATION_STYLE_ASSIGNMENT((#976));
#978=STYLED_ITEM('',(#977),#975);
#979=DIRECTION('',(0.E0,1.E0,-2.671168667109E-14));
#980=VECTOR('',#979,1.59E1);
#981=CARTESIAN_POINT('',(-7.05E0,-1.497470840711E1,2.799818912492E-1));
#982=LINE('',#981,#980);
#983=CURVE_STYLE('',#21,POSITIVE_LENGTH_MEASURE(2.E-2),#8);
#984=PRESENTATION_STYLE_ASSIGNMENT((#983));
#985=STYLED_ITEM('',(#984),#982);
#986=DIRECTION('',(1.E0,0.E0,0.E0));
#987=VECTOR('',#986,1.16E1);
#988=CARTESIAN_POINT('',(-7.05E0,-1.497470840711E1,2.799818912492E-1));
#989=LINE('',#988,#987);
#990=CURVE_STYLE('',#21,POSITIVE_LENGTH_MEASURE(2.E-2),#8);
#991=PRESENTATION_STYLE_ASSIGNMENT((#990));
#992=STYLED_ITEM('',(#991),#989);
#993=DIRECTION('',(0.E0,1.E0,-2.681293342491E-14));
#994=VECTOR('',#993,1.59E1);
#995=CARTESIAN_POINT('',(4.75E0,-1.497470840711E1,1.107998189125E1));
#996=LINE('',#995,#994);
#997=CURVE_STYLE('',#21,POSITIVE_LENGTH_MEASURE(2.E-2),#8);
#998=PRESENTATION_STYLE_ASSIGNMENT((#997));
#999=STYLED_ITEM('',(#998),#996);
#1000=DIRECTION('',(0.E0,1.E0,-2.668724779948E-14));
#1001=VECTOR('',#1000,1.59E1);
#1002=CARTESIAN_POINT('',(4.75E0,-1.497470840711E1,4.799818912492E-1));
#1003=LINE('',#1002,#1001);
#1004=CURVE_STYLE('',#21,POSITIVE_LENGTH_MEASURE(2.E-2),#8);
#1005=PRESENTATION_STYLE_ASSIGNMENT((#1004));
#1006=STYLED_ITEM('',(#1005),#1003);
#1007=DIRECTION('',(0.E0,2.664535259100E-14,1.E0));
#1008=VECTOR('',#1007,1.06E1);
#1009=CARTESIAN_POINT('',(4.75E0,-1.497470840711E1,4.799818912492E-1));
#1010=LINE('',#1009,#1008);
#1011=CURVE_STYLE('',#21,POSITIVE_LENGTH_MEASURE(2.E-2),#8);
#1012=PRESENTATION_STYLE_ASSIGNMENT((#1011));
#1013=STYLED_ITEM('',(#1012),#1010);
#1014=CARTESIAN_POINT('',(2.430630018387E0,-1.200323260011E1,3.497271330451E0));
#1015=CARTESIAN_POINT('',(2.953228341638E0,-1.491939166283E1,3.200271330451E0));
#1016=VERTEX_POINT('',#1014);
#1017=VERTEX_POINT('',#1015);
#1018=CARTESIAN_POINT('',(2.725925717363E0,-1.195031332039E1,3.497271330451E0));
#1019=VERTEX_POINT('',#1018);
#1020=CARTESIAN_POINT('',(3.248524040615E0,-1.486647238311E1,3.200271330451E0));
#1021=VERTEX_POINT('',#1020);
#1022=CARTESIAN_POINT('',(2.953228341638E0,-1.491939166283E1,6.300271330451E0));
#1023=CARTESIAN_POINT('',(2.430630018387E0,-1.200323260011E1,6.003271330451E0));
#1024=VERTEX_POINT('',#1022);
#1025=VERTEX_POINT('',#1023);
#1026=CARTESIAN_POINT('',(3.248524040615E0,-1.486647238311E1,6.300271330451E0));
#1027=VERTEX_POINT('',#1026);
#1028=CARTESIAN_POINT('',(2.725925717363E0,-1.195031332039E1,6.003271330451E0));
#1029=VERTEX_POINT('',#1028);
#1030=CARTESIAN_POINT('',(3.258367230580E0,-1.517470840711E1,3.200221330451E0));
#1031=CARTESIAN_POINT('',(3.258367230580E0,-1.517470840711E1,6.300321330451E0));
#1032=VERTEX_POINT('',#1030);
#1033=VERTEX_POINT('',#1031);
#1034=CARTESIAN_POINT('',(3.258367230580E0,-1.487470840711E1,3.200271330451E0));
#1035=CARTESIAN_POINT('',(3.258367230580E0,-1.487470840711E1,6.300271330451E0));
#1036=VERTEX_POINT('',#1034);
#1037=VERTEX_POINT('',#1035);
#1038=CARTESIAN_POINT('',(-5.758367230581E0,-1.487470840711E1,
6.300271330451E0));
#1039=CARTESIAN_POINT('',(-5.758367230581E0,-1.487470840711E1,
3.200271330451E0));
#1040=VERTEX_POINT('',#1038);
#1041=VERTEX_POINT('',#1039);
#1042=CARTESIAN_POINT('',(-5.75E0,-1.487470840711E1,1.650271330451E0));
#1043=CARTESIAN_POINT('',(-5.75E0,-1.487470840711E1,3.200271330451E0));
#1044=VERTEX_POINT('',#1042);
#1045=VERTEX_POINT('',#1043);
#1046=CARTESIAN_POINT('',(-5.65E0,-1.487470840711E1,1.550271330451E0));
#1047=VERTEX_POINT('',#1046);
#1048=CARTESIAN_POINT('',(3.15E0,-1.487470840711E1,1.550271330451E0));
#1049=VERTEX_POINT('',#1048);
#1050=CARTESIAN_POINT('',(3.25E0,-1.487470840711E1,1.650271330451E0));
#1051=VERTEX_POINT('',#1050);
#1052=CARTESIAN_POINT('',(3.25E0,-1.487470840711E1,3.200271330451E0));
#1053=VERTEX_POINT('',#1052);
#1054=CARTESIAN_POINT('',(3.25E0,-1.487470840711E1,7.913291238046E0));
#1055=CARTESIAN_POINT('',(3.25E0,-1.487470840711E1,6.300271330451E0));
#1056=VERTEX_POINT('',#1054);
#1057=VERTEX_POINT('',#1055);
#1058=CARTESIAN_POINT('',(3.226199059494E0,-1.487470840711E1,7.978050046963E0));
#1059=VERTEX_POINT('',#1058);
#1060=CARTESIAN_POINT('',(1.580030136930E0,-1.487470840711E1,9.915030139364E0));
#1061=VERTEX_POINT('',#1060);
#1062=CARTESIAN_POINT('',(1.503831077433E0,-1.487470840711E1,9.950271330451E0));
#1063=VERTEX_POINT('',#1062);
#1064=CARTESIAN_POINT('',(-4.003831077433E0,-1.487470840711E1,
9.950271330451E0));
#1065=VERTEX_POINT('',#1064);
#1066=CARTESIAN_POINT('',(-4.080030136932E0,-1.487470840711E1,
9.915030139361E0));
#1067=VERTEX_POINT('',#1066);
#1068=CARTESIAN_POINT('',(-5.726199059495E0,-1.487470840711E1,
7.978050046962E0));
#1069=VERTEX_POINT('',#1068);
#1070=CARTESIAN_POINT('',(-5.75E0,-1.487470840711E1,7.913291238046E0));
#1071=VERTEX_POINT('',#1070);
#1072=CARTESIAN_POINT('',(-5.75E0,-1.487470840711E1,6.300271330451E0));
#1073=VERTEX_POINT('',#1072);
#1074=CARTESIAN_POINT('',(-5.75E0,-1.517470840711E1,7.913291238046E0));
#1075=CARTESIAN_POINT('',(-5.75E0,-1.517465193670E1,6.300296330451E0));
#1076=VERTEX_POINT('',#1074);
#1077=VERTEX_POINT('',#1075);
#1078=CARTESIAN_POINT('',(-5.726199059491E0,-1.517470840711E1,
7.978050046966E0));
#1079=VERTEX_POINT('',#1078);
#1080=CARTESIAN_POINT('',(-4.080030136931E0,-1.517470840711E1,
9.915030139363E0));
#1081=VERTEX_POINT('',#1080);
#1082=CARTESIAN_POINT('',(-4.003831077433E0,-1.517470840711E1,
9.950271330451E0));
#1083=VERTEX_POINT('',#1082);
#1084=CARTESIAN_POINT('',(1.503831077433E0,-1.517470840711E1,9.950271330451E0));
#1085=VERTEX_POINT('',#1084);
#1086=CARTESIAN_POINT('',(1.580030136930E0,-1.517470840711E1,9.915030139363E0));
#1087=VERTEX_POINT('',#1086);
#1088=CARTESIAN_POINT('',(3.226199059496E0,-1.517470840711E1,7.978050046960E0));
#1089=VERTEX_POINT('',#1088);
#1090=CARTESIAN_POINT('',(3.25E0,-1.517470840711E1,7.913291238046E0));
#1091=VERTEX_POINT('',#1090);
#1092=CARTESIAN_POINT('',(3.25E0,-1.517465193670E1,6.300296330451E0));
#1093=VERTEX_POINT('',#1092);
#1094=CARTESIAN_POINT('',(3.25E0,-1.517470840711E1,1.650271330451E0));
#1095=CARTESIAN_POINT('',(3.25E0,-1.517465193670E1,3.200246330451E0));
#1096=VERTEX_POINT('',#1094);
#1097=VERTEX_POINT('',#1095);
#1098=CARTESIAN_POINT('',(3.15E0,-1.517470840711E1,1.550271330451E0));
#1099=VERTEX_POINT('',#1098);
#1100=CARTESIAN_POINT('',(-5.65E0,-1.517470840711E1,1.550271330451E0));
#1101=VERTEX_POINT('',#1100);
#1102=CARTESIAN_POINT('',(-5.75E0,-1.517470840711E1,1.650271330451E0));
#1103=VERTEX_POINT('',#1102);
#1104=CARTESIAN_POINT('',(-5.75E0,-1.517465193670E1,3.200246330451E0));
#1105=VERTEX_POINT('',#1104);
#1106=CARTESIAN_POINT('',(-5.758367230581E0,-1.517470840711E1,
6.300321330451E0));
#1107=CARTESIAN_POINT('',(-5.758367230581E0,-1.517470840711E1,
3.200221330451E0));
#1108=VERTEX_POINT('',#1106);
#1109=VERTEX_POINT('',#1107);
#1110=CARTESIAN_POINT('',(-5.453228341639E0,-1.491939166283E1,
3.200271330451E0));
#1111=CARTESIAN_POINT('',(-4.930630018387E0,-1.200323260011E1,
3.497271330451E0));
#1112=VERTEX_POINT('',#1110);
#1113=VERTEX_POINT('',#1111);
#1114=CARTESIAN_POINT('',(-5.748524040615E0,-1.486647238311E1,
3.200271330451E0));
#1115=VERTEX_POINT('',#1114);
#1116=CARTESIAN_POINT('',(-5.225925717364E0,-1.195031332039E1,
3.497271330451E0));
#1117=VERTEX_POINT('',#1116);
#1118=CARTESIAN_POINT('',(-4.930630018387E0,-1.200323260011E1,
6.003271330451E0));
#1119=CARTESIAN_POINT('',(-5.453228341639E0,-1.491939166283E1,
6.300271330451E0));
#1120=VERTEX_POINT('',#1118);
#1121=VERTEX_POINT('',#1119);
#1122=CARTESIAN_POINT('',(-5.225925717364E0,-1.195031332039E1,
6.003271330451E0));
#1123=VERTEX_POINT('',#1122);
#1124=CARTESIAN_POINT('',(-5.748524040615E0,-1.486647238311E1,
6.300271330451E0));
#1125=VERTEX_POINT('',#1124);
#1126=CARTESIAN_POINT('',(-7.07E0,9.252915928898E-1,1.109998189125E1));
#1127=CARTESIAN_POINT('',(4.57E0,9.252915928898E-1,1.109998189125E1));
#1128=VERTEX_POINT('',#1126);
#1129=VERTEX_POINT('',#1127);
#1130=CARTESIAN_POINT('',(4.57E0,9.252915928895E-1,4.599818912488E-1));
#1131=VERTEX_POINT('',#1130);
#1132=CARTESIAN_POINT('',(-7.07E0,9.252915928896E-1,4.599818912488E-1));
#1133=VERTEX_POINT('',#1132);
#1134=CARTESIAN_POINT('',(-7.07E0,-1.487470840711E1,1.109998189125E1));
#1135=CARTESIAN_POINT('',(4.57E0,-1.487470840711E1,1.109998189125E1));
#1136=VERTEX_POINT('',#1134);
#1137=VERTEX_POINT('',#1135);
#1138=CARTESIAN_POINT('',(4.57E0,-1.487470840711E1,4.599818912492E-1));
#1139=VERTEX_POINT('',#1138);
#1140=CARTESIAN_POINT('',(-7.07E0,-1.487470840711E1,4.599818912492E-1));
#1141=VERTEX_POINT('',#1140);
#1142=CARTESIAN_POINT('',(4.55E0,9.252915928898E-1,1.127998189125E1));
#1143=CARTESIAN_POINT('',(4.75E0,9.252915928898E-1,1.107998189125E1));
#1144=VERTEX_POINT('',#1142);
#1145=VERTEX_POINT('',#1143);
#1146=CARTESIAN_POINT('',(4.75E0,-1.497470840711E1,1.107998189125E1));
#1147=VERTEX_POINT('',#1146);
#1148=CARTESIAN_POINT('',(4.55E0,-1.497470840711E1,1.127998189125E1));
#1149=VERTEX_POINT('',#1148);
#1150=CARTESIAN_POINT('',(4.75E0,9.252915928895E-1,4.799818912488E-1));
#1151=CARTESIAN_POINT('',(4.55E0,9.252915928895E-1,2.799818912488E-1));
#1152=VERTEX_POINT('',#1150);
#1153=VERTEX_POINT('',#1151);
#1154=CARTESIAN_POINT('',(4.55E0,-1.497470840711E1,2.799818912492E-1));
#1155=VERTEX_POINT('',#1154);
#1156=CARTESIAN_POINT('',(4.75E0,-1.497470840711E1,4.799818912492E-1));
#1157=VERTEX_POINT('',#1156);
#1158=CARTESIAN_POINT('',(-7.05E0,-1.517470840711E1,4.799818912492E-1));
#1159=CARTESIAN_POINT('',(4.55E0,-1.517470840711E1,4.799818912492E-1));
#1160=VERTEX_POINT('',#1158);
#1161=VERTEX_POINT('',#1159);
#1162=CARTESIAN_POINT('',(-7.05E0,-1.497470840711E1,2.799818912492E-1));
#1163=VERTEX_POINT('',#1162);
#1164=CARTESIAN_POINT('',(4.55E0,-1.517470840711E1,1.107998189125E1));
#1165=VERTEX_POINT('',#1164);
#1166=CARTESIAN_POINT('',(-7.05E0,-1.497470840711E1,1.127998189125E1));
#1167=VERTEX_POINT('',#1166);
#1168=CARTESIAN_POINT('',(-7.05E0,-1.517470840711E1,1.107998189125E1));
#1169=VERTEX_POINT('',#1168);
#1170=CARTESIAN_POINT('',(-7.25E0,9.252915928898E-1,1.107998189125E1));
#1171=CARTESIAN_POINT('',(-7.05E0,9.252915928898E-1,1.127998189125E1));
#1172=VERTEX_POINT('',#1170);
#1173=VERTEX_POINT('',#1171);
#1174=CARTESIAN_POINT('',(-7.25E0,-1.497470840711E1,1.107998189125E1));
#1175=VERTEX_POINT('',#1174);
#1176=CARTESIAN_POINT('',(-7.25E0,-1.497470840711E1,4.799818912492E-1));
#1177=VERTEX_POINT('',#1176);
#1178=CARTESIAN_POINT('',(-7.05E0,9.252915928895E-1,2.799818912488E-1));
#1179=CARTESIAN_POINT('',(-7.25E0,9.252915928896E-1,4.799818912488E-1));
#1180=VERTEX_POINT('',#1178);
#1181=VERTEX_POINT('',#1179);
#1182=CARTESIAN_POINT('',(-7.173053078405E0,-1.487470840711E1,
6.602713304510E-1));
#1183=DIRECTION('',(0.E0,-1.E0,2.670698880526E-14));
#1184=DIRECTION('',(0.E0,-2.670698880526E-14,-1.E0));
#1185=AXIS2_PLACEMENT_3D('',#1182,#1183,#1184);
#1186=PLANE('',#1185);
#1188=ORIENTED_EDGE('',*,*,#1187,.F.);
#1190=ORIENTED_EDGE('',*,*,#1189,.F.);
#1192=ORIENTED_EDGE('',*,*,#1191,.F.);
#1194=ORIENTED_EDGE('',*,*,#1193,.F.);
#1195=EDGE_LOOP('',(#1188,#1190,#1192,#1194));
#1196=FACE_OUTER_BOUND('',#1195,.F.);
#1198=ORIENTED_EDGE('',*,*,#1197,.F.);
#1200=ORIENTED_EDGE('',*,*,#1199,.F.);
#1202=ORIENTED_EDGE('',*,*,#1201,.T.);
#1204=ORIENTED_EDGE('',*,*,#1203,.F.);
#1206=ORIENTED_EDGE('',*,*,#1205,.F.);
#1208=ORIENTED_EDGE('',*,*,#1207,.F.);
#1210=ORIENTED_EDGE('',*,*,#1209,.T.);
#1212=ORIENTED_EDGE('',*,*,#1211,.F.);
#1214=ORIENTED_EDGE('',*,*,#1213,.F.);
#1216=ORIENTED_EDGE('',*,*,#1215,.F.);
#1218=ORIENTED_EDGE('',*,*,#1217,.T.);
#1220=ORIENTED_EDGE('',*,*,#1219,.F.);
#1222=ORIENTED_EDGE('',*,*,#1221,.F.);
#1224=ORIENTED_EDGE('',*,*,#1223,.F.);
#1226=ORIENTED_EDGE('',*,*,#1225,.T.);
#1228=ORIENTED_EDGE('',*,*,#1227,.F.);
#1230=ORIENTED_EDGE('',*,*,#1229,.T.);
#1232=ORIENTED_EDGE('',*,*,#1231,.F.);
#1234=ORIENTED_EDGE('',*,*,#1233,.T.);
#1236=ORIENTED_EDGE('',*,*,#1235,.F.);
#1237=EDGE_LOOP('',(#1198,#1200,#1202,#1204,#1206,#1208,#1210,#1212,#1214,#1216,
#1218,#1220,#1222,#1224,#1226,#1228,#1230,#1232,#1234,#1236));
#1238=FACE_BOUND('',#1237,.F.);
#1239=ADVANCED_FACE('',(#1196,#1238),#1186,.F.);
#1240=FILL_AREA_STYLE_COLOUR('',#15);
#1241=FILL_AREA_STYLE('',(#1240));
#1242=SURFACE_STYLE_FILL_AREA(#1241);
#1243=SURFACE_SIDE_STYLE('',(#1242));
#1244=SURFACE_STYLE_USAGE(.BOTH.,#1243);
#1245=PRESENTATION_STYLE_ASSIGNMENT((#1244));
#1246=OVER_RIDING_STYLED_ITEM('',(#1245),#1239,#16);
#1247=CARTESIAN_POINT('',(-5.758367230581E0,-1.486470840711E1,
4.750271330451E0));
#1248=DIRECTION('',(0.E0,2.670698880526E-14,1.E0));
#1249=DIRECTION('',(0.E0,-1.E0,2.670698880526E-14));
#1250=AXIS2_PLACEMENT_3D('',#1247,#1248,#1249);
#1251=CYLINDRICAL_SURFACE('',#1250,9.999999999999E-3);
#1253=ORIENTED_EDGE('',*,*,#1252,.T.);
#1254=ORIENTED_EDGE('',*,*,#1197,.T.);
#1256=ORIENTED_EDGE('',*,*,#1255,.T.);
#1258=ORIENTED_EDGE('',*,*,#1257,.T.);
#1259=EDGE_LOOP('',(#1253,#1254,#1256,#1258));
#1260=FACE_OUTER_BOUND('',#1259,.F.);
#1261=ADVANCED_FACE('',(#1260),#1251,.F.);
#1262=FILL_AREA_STYLE_COLOUR('',#15);
#1263=FILL_AREA_STYLE('',(#1262));
#1264=SURFACE_STYLE_FILL_AREA(#1263);
#1265=SURFACE_SIDE_STYLE('',(#1264));
#1266=SURFACE_STYLE_USAGE(.BOTH.,#1265);
#1267=PRESENTATION_STYLE_ASSIGNMENT((#1266));
#1268=OVER_RIDING_STYLED_ITEM('',(#1267),#1261,#16);
#1269=CARTESIAN_POINT('',(-5.748524040615E0,-1.486647238311E1,
6.300271330451E0));
#1270=DIRECTION('',(0.E0,2.670698880526E-14,1.E0));
#1271=DIRECTION('',(0.E0,1.E0,-2.670698880526E-14));
#1272=AXIS2_PLACEMENT_3D('',#1269,#1270,#1271);
#1273=PLANE('',#1272);
#1275=ORIENTED_EDGE('',*,*,#1274,.T.);
#1276=ORIENTED_EDGE('',*,*,#1199,.T.);
#1277=ORIENTED_EDGE('',*,*,#1252,.F.);
#1279=ORIENTED_EDGE('',*,*,#1278,.F.);
#1281=ORIENTED_EDGE('',*,*,#1280,.F.);
#1282=EDGE_LOOP('',(#1275,#1276,#1277,#1279,#1281));
#1283=FACE_OUTER_BOUND('',#1282,.F.);
#1284=ADVANCED_FACE('',(#1283),#1273,.T.);
#1285=FILL_AREA_STYLE_COLOUR('',#15);
#1286=FILL_AREA_STYLE('',(#1285));
#1287=SURFACE_STYLE_FILL_AREA(#1286);
#1288=SURFACE_SIDE_STYLE('',(#1287));
#1289=SURFACE_STYLE_USAGE(.BOTH.,#1288);
#1290=PRESENTATION_STYLE_ASSIGNMENT((#1289));
#1291=OVER_RIDING_STYLED_ITEM('',(#1290),#1284,#16);
#1292=CARTESIAN_POINT('',(-5.75E0,-1.517470840711E1,1.650271330451E0));
#1293=DIRECTION('',(-1.E0,0.E0,0.E0));
#1294=DIRECTION('',(0.E0,2.670698880526E-14,1.E0));
#1295=AXIS2_PLACEMENT_3D('',#1292,#1293,#1294);
#1296=PLANE('',#1295);
#1297=ORIENTED_EDGE('',*,*,#1274,.F.);
#1299=ORIENTED_EDGE('',*,*,#1298,.F.);
#1301=ORIENTED_EDGE('',*,*,#1300,.F.);
#1302=ORIENTED_EDGE('',*,*,#1201,.F.);
#1303=EDGE_LOOP('',(#1297,#1299,#1301,#1302));
#1304=FACE_OUTER_BOUND('',#1303,.F.);
#1305=ADVANCED_FACE('',(#1304),#1296,.F.);
#1306=FILL_AREA_STYLE_COLOUR('',#15);
#1307=FILL_AREA_STYLE('',(#1306));
#1308=SURFACE_STYLE_FILL_AREA(#1307);
#1309=SURFACE_SIDE_STYLE('',(#1308));
#1310=SURFACE_STYLE_USAGE(.BOTH.,#1309);
#1311=PRESENTATION_STYLE_ASSIGNMENT((#1310));
#1312=OVER_RIDING_STYLED_ITEM('',(#1311),#1305,#16);
#1313=CARTESIAN_POINT('',(-1.25E0,-1.517470840711E1,1.772271434125E1));
#1314=DIRECTION('',(0.E0,-1.E0,2.670698880526E-14));
#1315=DIRECTION('',(0.E0,2.670698880526E-14,1.E0));
#1316=AXIS2_PLACEMENT_3D('',#1313,#1314,#1315);
#1317=PLANE('',#1316);
#1319=ORIENTED_EDGE('',*,*,#1318,.F.);
#1321=ORIENTED_EDGE('',*,*,#1320,.F.);
#1323=ORIENTED_EDGE('',*,*,#1322,.F.);
#1325=ORIENTED_EDGE('',*,*,#1324,.F.);
#1326=EDGE_LOOP('',(#1319,#1321,#1323,#1325));
#1327=FACE_OUTER_BOUND('',#1326,.F.);
#1329=ORIENTED_EDGE('',*,*,#1328,.F.);
#1331=ORIENTED_EDGE('',*,*,#1330,.T.);
#1333=ORIENTED_EDGE('',*,*,#1332,.F.);
#1335=ORIENTED_EDGE('',*,*,#1334,.T.);
#1337=ORIENTED_EDGE('',*,*,#1336,.F.);
#1339=ORIENTED_EDGE('',*,*,#1338,.T.);
#1341=ORIENTED_EDGE('',*,*,#1340,.F.);
#1343=ORIENTED_EDGE('',*,*,#1342,.T.);
#1345=ORIENTED_EDGE('',*,*,#1344,.F.);
#1347=ORIENTED_EDGE('',*,*,#1346,.T.);
#1349=ORIENTED_EDGE('',*,*,#1348,.F.);
#1351=ORIENTED_EDGE('',*,*,#1350,.T.);
#1353=ORIENTED_EDGE('',*,*,#1352,.F.);
#1355=ORIENTED_EDGE('',*,*,#1354,.F.);
#1357=ORIENTED_EDGE('',*,*,#1356,.F.);
#1359=ORIENTED_EDGE('',*,*,#1358,.T.);
#1361=ORIENTED_EDGE('',*,*,#1360,.F.);
#1363=ORIENTED_EDGE('',*,*,#1362,.F.);
#1365=ORIENTED_EDGE('',*,*,#1364,.F.);
#1366=ORIENTED_EDGE('',*,*,#1298,.T.);
#1367=EDGE_LOOP('',(#1329,#1331,#1333,#1335,#1337,#1339,#1341,#1343,#1345,#1347,
#1349,#1351,#1353,#1355,#1357,#1359,#1361,#1363,#1365,#1366));
#1368=FACE_BOUND('',#1367,.F.);
#1369=ADVANCED_FACE('',(#1327,#1368),#1317,.T.);
#1370=FILL_AREA_STYLE_COLOUR('',#15);
#1371=FILL_AREA_STYLE('',(#1370));
#1372=SURFACE_STYLE_FILL_AREA(#1371);
#1373=SURFACE_SIDE_STYLE('',(#1372));
#1374=SURFACE_STYLE_USAGE(.BOTH.,#1373);
#1375=PRESENTATION_STYLE_ASSIGNMENT((#1374));
#1376=OVER_RIDING_STYLED_ITEM('',(#1375),#1369,#16);
#1377=CARTESIAN_POINT('',(-5.758367230581E0,-1.486470840711E1,
4.750271330451E0));
#1378=DIRECTION('',(0.E0,2.670698880526E-14,1.E0));
#1379=DIRECTION('',(0.E0,-1.E0,2.670698880526E-14));
#1380=AXIS2_PLACEMENT_3D('',#1377,#1378,#1379);
#1381=CYLINDRICAL_SURFACE('',#1380,3.1E-1);
#1382=ORIENTED_EDGE('',*,*,#1328,.T.);
#1383=ORIENTED_EDGE('',*,*,#1280,.T.);
#1385=ORIENTED_EDGE('',*,*,#1384,.F.);
#1387=ORIENTED_EDGE('',*,*,#1386,.T.);
#1388=ORIENTED_EDGE('',*,*,#1332,.T.);
#1389=ORIENTED_EDGE('',*,*,#1330,.F.);
#1390=EDGE_LOOP('',(#1382,#1383,#1385,#1387,#1388,#1389));
#1391=FACE_OUTER_BOUND('',#1390,.F.);
#1392=ADVANCED_FACE('',(#1391),#1381,.T.);
#1393=FILL_AREA_STYLE_COLOUR('',#15);
#1394=FILL_AREA_STYLE('',(#1393));
#1395=SURFACE_STYLE_FILL_AREA(#1394);
#1396=SURFACE_SIDE_STYLE('',(#1395));
#1397=SURFACE_STYLE_USAGE(.BOTH.,#1396);
#1398=PRESENTATION_STYLE_ASSIGNMENT((#1397));
#1399=OVER_RIDING_STYLED_ITEM('',(#1398),#1392,#16);
#1400=CARTESIAN_POINT('',(-5.209381329097E0,-1.355869714105E1,
4.750271330451E0));
#1401=DIRECTION('',(9.843189965877E-1,-1.763975990669E-1,0.E0));
#1402=DIRECTION('',(0.E0,2.635830594950E-14,1.E0));
#1403=AXIS2_PLACEMENT_3D('',#1400,#1401,#1402);
#1404=PLANE('',#1403);
#1406=ORIENTED_EDGE('',*,*,#1405,.F.);
#1407=ORIENTED_EDGE('',*,*,#1384,.T.);
#1409=ORIENTED_EDGE('',*,*,#1408,.F.);
#1411=ORIENTED_EDGE('',*,*,#1410,.F.);
#1412=EDGE_LOOP('',(#1406,#1407,#1409,#1411));
#1413=FACE_OUTER_BOUND('',#1412,.F.);
#1414=ADVANCED_FACE('',(#1413),#1404,.T.);
#1415=FILL_AREA_STYLE_COLOUR('',#15);
#1416=FILL_AREA_STYLE('',(#1415));
#1417=SURFACE_STYLE_FILL_AREA(#1416);
#1418=SURFACE_SIDE_STYLE('',(#1417));
#1419=SURFACE_STYLE_USAGE(.BOTH.,#1418);
#1420=PRESENTATION_STYLE_ASSIGNMENT((#1419));
#1421=OVER_RIDING_STYLED_ITEM('',(#1420),#1414,#16);
#1422=CARTESIAN_POINT('',(-5.453228341639E0,-1.491939166283E1,
3.200271330451E0));
#1423=DIRECTION('',(-1.759553026371E-2,-9.818509313722E-2,9.950126053475E-1));
#1424=DIRECTION('',(1.755178346249E-1,9.794098092877E-1,9.974926164952E-2));
#1425=AXIS2_PLACEMENT_3D('',#1422,#1423,#1424);
#1426=PLANE('',#1425);
#1427=ORIENTED_EDGE('',*,*,#1405,.T.);
#1429=ORIENTED_EDGE('',*,*,#1428,.F.);
#1431=ORIENTED_EDGE('',*,*,#1430,.T.);
#1433=ORIENTED_EDGE('',*,*,#1432,.T.);
#1434=EDGE_LOOP('',(#1427,#1429,#1431,#1433));
#1435=FACE_OUTER_BOUND('',#1434,.F.);
#1436=ADVANCED_FACE('',(#1435),#1426,.F.);
#1437=FILL_AREA_STYLE_COLOUR('',#15);
#1438=FILL_AREA_STYLE('',(#1437));
#1439=SURFACE_STYLE_FILL_AREA(#1438);
#1440=SURFACE_SIDE_STYLE('',(#1439));
#1441=SURFACE_STYLE_USAGE(.BOTH.,#1440);
#1442=PRESENTATION_STYLE_ASSIGNMENT((#1441));
#1443=OVER_RIDING_STYLED_ITEM('',(#1442),#1436,#16);
#1444=CARTESIAN_POINT('',(-5.225925717363E0,-1.195031332039E1,
6.300271330451E0));
#1445=DIRECTION('',(1.763975990669E-1,9.843189965877E-1,-2.643776537667E-14));
#1446=DIRECTION('',(-9.843189965877E-1,1.763975990669E-1,0.E0));
#1447=AXIS2_PLACEMENT_3D('',#1444,#1445,#1446);
#1448=PLANE('',#1447);
#1449=ORIENTED_EDGE('',*,*,#1428,.T.);
#1450=ORIENTED_EDGE('',*,*,#1410,.T.);
#1452=ORIENTED_EDGE('',*,*,#1451,.T.);
#1454=ORIENTED_EDGE('',*,*,#1453,.F.);
#1455=EDGE_LOOP('',(#1449,#1450,#1452,#1454));
#1456=FACE_OUTER_BOUND('',#1455,.F.);
#1457=ADVANCED_FACE('',(#1456),#1448,.T.);
#1458=FILL_AREA_STYLE_COLOUR('',#15);
#1459=FILL_AREA_STYLE('',(#1458));
#1460=SURFACE_STYLE_FILL_AREA(#1459);
#1461=SURFACE_SIDE_STYLE('',(#1460));
#1462=SURFACE_STYLE_USAGE(.BOTH.,#1461);
#1463=PRESENTATION_STYLE_ASSIGNMENT((#1462));
#1464=OVER_RIDING_STYLED_ITEM('',(#1463),#1457,#16);
#1465=CARTESIAN_POINT('',(-4.930630018387E0,-1.200323260011E1,
6.003271330451E0));
#1466=DIRECTION('',(-1.759553026371E-2,-9.818509313727E-2,-9.950126053475E-1));
#1467=DIRECTION('',(-1.755178346249E-1,-9.794098092877E-1,9.974926164957E-2));
#1468=AXIS2_PLACEMENT_3D('',#1465,#1466,#1467);
#1469=PLANE('',#1468);
#1470=ORIENTED_EDGE('',*,*,#1408,.T.);
#1471=ORIENTED_EDGE('',*,*,#1278,.T.);
#1473=ORIENTED_EDGE('',*,*,#1472,.T.);
#1474=ORIENTED_EDGE('',*,*,#1451,.F.);
#1475=EDGE_LOOP('',(#1470,#1471,#1473,#1474));
#1476=FACE_OUTER_BOUND('',#1475,.F.);
#1477=ADVANCED_FACE('',(#1476),#1469,.F.);
#1478=FILL_AREA_STYLE_COLOUR('',#15);
#1479=FILL_AREA_STYLE('',(#1478));
#1480=SURFACE_STYLE_FILL_AREA(#1479);
#1481=SURFACE_SIDE_STYLE('',(#1480));
#1482=SURFACE_STYLE_USAGE(.BOTH.,#1481);
#1483=PRESENTATION_STYLE_ASSIGNMENT((#1482));
#1484=OVER_RIDING_STYLED_ITEM('',(#1483),#1477,#16);
#1485=CARTESIAN_POINT('',(-5.504677028074E0,-1.350577786133E1,
4.750271330451E0));
#1486=DIRECTION('',(9.843189965877E-1,-1.763975990669E-1,0.E0));
#1487=DIRECTION('',(0.E0,2.635673780052E-14,1.E0));
#1488=AXIS2_PLACEMENT_3D('',#1485,#1486,#1487);
#1489=PLANE('',#1488);
#1490=ORIENTED_EDGE('',*,*,#1430,.F.);
#1491=ORIENTED_EDGE('',*,*,#1453,.T.);
#1492=ORIENTED_EDGE('',*,*,#1472,.F.);
#1493=ORIENTED_EDGE('',*,*,#1257,.F.);
#1494=EDGE_LOOP('',(#1490,#1491,#1492,#1493));
#1495=FACE_OUTER_BOUND('',#1494,.F.);
#1496=ADVANCED_FACE('',(#1495),#1489,.F.);
#1497=FILL_AREA_STYLE_COLOUR('',#15);
#1498=FILL_AREA_STYLE('',(#1497));
#1499=SURFACE_STYLE_FILL_AREA(#1498);
#1500=SURFACE_SIDE_STYLE('',(#1499));
#1501=SURFACE_STYLE_USAGE(.BOTH.,#1500);
#1502=PRESENTATION_STYLE_ASSIGNMENT((#1501));
#1503=OVER_RIDING_STYLED_ITEM('',(#1502),#1496,#16);
#1504=CARTESIAN_POINT('',(-5.453228341639E0,-1.491939166283E1,
3.200271330451E0));
#1505=DIRECTION('',(0.E0,-2.670698880526E-14,-1.E0));
#1506=DIRECTION('',(0.E0,-1.E0,2.670698880526E-14));
#1507=AXIS2_PLACEMENT_3D('',#1504,#1505,#1506);
#1508=PLANE('',#1507);
#1510=ORIENTED_EDGE('',*,*,#1509,.T.);
#1511=ORIENTED_EDGE('',*,*,#1386,.F.);
#1512=ORIENTED_EDGE('',*,*,#1432,.F.);
#1513=ORIENTED_EDGE('',*,*,#1255,.F.);
#1514=ORIENTED_EDGE('',*,*,#1235,.T.);
#1515=EDGE_LOOP('',(#1510,#1511,#1512,#1513,#1514));
#1516=FACE_OUTER_BOUND('',#1515,.F.);
#1517=ADVANCED_FACE('',(#1516),#1508,.T.);
#1518=FILL_AREA_STYLE_COLOUR('',#15);
#1519=FILL_AREA_STYLE('',(#1518));
#1520=SURFACE_STYLE_FILL_AREA(#1519);
#1521=SURFACE_SIDE_STYLE('',(#1520));
#1522=SURFACE_STYLE_USAGE(.BOTH.,#1521);
#1523=PRESENTATION_STYLE_ASSIGNMENT((#1522));
#1524=OVER_RIDING_STYLED_ITEM('',(#1523),#1517,#16);
#1525=CARTESIAN_POINT('',(-5.75E0,-1.517470840711E1,1.650271330451E0));
#1526=DIRECTION('',(-1.E0,0.E0,0.E0));
#1527=DIRECTION('',(0.E0,2.670698880526E-14,1.E0));
#1528=AXIS2_PLACEMENT_3D('',#1525,#1526,#1527);
#1529=PLANE('',#1528);
#1530=ORIENTED_EDGE('',*,*,#1509,.F.);
#1531=ORIENTED_EDGE('',*,*,#1233,.F.);
#1533=ORIENTED_EDGE('',*,*,#1532,.F.);
#1534=ORIENTED_EDGE('',*,*,#1334,.F.);
#1535=EDGE_LOOP('',(#1530,#1531,#1533,#1534));
#1536=FACE_OUTER_BOUND('',#1535,.F.);
#1537=ADVANCED_FACE('',(#1536),#1529,.F.);
#1538=FILL_AREA_STYLE_COLOUR('',#15);
#1539=FILL_AREA_STYLE('',(#1538));
#1540=SURFACE_STYLE_FILL_AREA(#1539);
#1541=SURFACE_SIDE_STYLE('',(#1540));
#1542=SURFACE_STYLE_USAGE(.BOTH.,#1541);
#1543=PRESENTATION_STYLE_ASSIGNMENT((#1542));
#1544=OVER_RIDING_STYLED_ITEM('',(#1543),#1537,#16);
#1545=CARTESIAN_POINT('',(-5.65E0,-1.517470840711E1,1.650271330451E0));
#1546=DIRECTION('',(0.E0,1.E0,-2.670698880526E-14));
#1547=DIRECTION('',(-1.E0,0.E0,0.E0));
#1548=AXIS2_PLACEMENT_3D('',#1545,#1546,#1547);
#1549=CYLINDRICAL_SURFACE('',#1548,1.E-1);
#1550=ORIENTED_EDGE('',*,*,#1532,.T.);
#1551=ORIENTED_EDGE('',*,*,#1231,.T.);
#1553=ORIENTED_EDGE('',*,*,#1552,.T.);
#1554=ORIENTED_EDGE('',*,*,#1336,.T.);
#1555=EDGE_LOOP('',(#1550,#1551,#1553,#1554));
#1556=FACE_OUTER_BOUND('',#1555,.F.);
#1557=ADVANCED_FACE('',(#1556),#1549,.F.);
#1558=FILL_AREA_STYLE_COLOUR('',#15);
#1559=FILL_AREA_STYLE('',(#1558));
#1560=SURFACE_STYLE_FILL_AREA(#1559);
#1561=SURFACE_SIDE_STYLE('',(#1560));
#1562=SURFACE_STYLE_USAGE(.BOTH.,#1561);
#1563=PRESENTATION_STYLE_ASSIGNMENT((#1562));
#1564=OVER_RIDING_STYLED_ITEM('',(#1563),#1557,#16);
#1565=CARTESIAN_POINT('',(3.15E0,-1.517470840711E1,1.550271330451E0));
#1566=DIRECTION('',(0.E0,-2.670698880526E-14,-1.E0));
#1567=DIRECTION('',(-1.E0,0.E0,0.E0));
#1568=AXIS2_PLACEMENT_3D('',#1565,#1566,#1567);
#1569=PLANE('',#1568);
#1570=ORIENTED_EDGE('',*,*,#1338,.F.);
#1571=ORIENTED_EDGE('',*,*,#1552,.F.);
#1572=ORIENTED_EDGE('',*,*,#1229,.F.);
#1574=ORIENTED_EDGE('',*,*,#1573,.F.);
#1575=EDGE_LOOP('',(#1570,#1571,#1572,#1574));
#1576=FACE_OUTER_BOUND('',#1575,.F.);
#1577=ADVANCED_FACE('',(#1576),#1569,.F.);
#1578=FILL_AREA_STYLE_COLOUR('',#15);
#1579=FILL_AREA_STYLE('',(#1578));
#1580=SURFACE_STYLE_FILL_AREA(#1579);
#1581=SURFACE_SIDE_STYLE('',(#1580));
#1582=SURFACE_STYLE_USAGE(.BOTH.,#1581);
#1583=PRESENTATION_STYLE_ASSIGNMENT((#1582));
#1584=OVER_RIDING_STYLED_ITEM('',(#1583),#1577,#16);
#1585=CARTESIAN_POINT('',(3.15E0,-1.517470840711E1,1.650271330451E0));
#1586=DIRECTION('',(0.E0,1.E0,-2.670698880526E-14));
#1587=DIRECTION('',(0.E0,-2.670698880526E-14,-1.E0));
#1588=AXIS2_PLACEMENT_3D('',#1585,#1586,#1587);
#1589=CYLINDRICAL_SURFACE('',#1588,1.E-1);
#1590=ORIENTED_EDGE('',*,*,#1573,.T.);
#1591=ORIENTED_EDGE('',*,*,#1227,.T.);
#1593=ORIENTED_EDGE('',*,*,#1592,.T.);
#1594=ORIENTED_EDGE('',*,*,#1340,.T.);
#1595=EDGE_LOOP('',(#1590,#1591,#1593,#1594));
#1596=FACE_OUTER_BOUND('',#1595,.F.);
#1597=ADVANCED_FACE('',(#1596),#1589,.F.);
#1598=FILL_AREA_STYLE_COLOUR('',#15);
#1599=FILL_AREA_STYLE('',(#1598));
#1600=SURFACE_STYLE_FILL_AREA(#1599);
#1601=SURFACE_SIDE_STYLE('',(#1600));
#1602=SURFACE_STYLE_USAGE(.BOTH.,#1601);
#1603=PRESENTATION_STYLE_ASSIGNMENT((#1602));
#1604=OVER_RIDING_STYLED_ITEM('',(#1603),#1597,#16);
#1605=CARTESIAN_POINT('',(3.25E0,-1.517470840711E1,7.913291238046E0));
#1606=DIRECTION('',(1.E0,0.E0,0.E0));
#1607=DIRECTION('',(0.E0,-2.670698880526E-14,-1.E0));
#1608=AXIS2_PLACEMENT_3D('',#1605,#1606,#1607);
#1609=PLANE('',#1608);
#1611=ORIENTED_EDGE('',*,*,#1610,.F.);
#1612=ORIENTED_EDGE('',*,*,#1342,.F.);
#1613=ORIENTED_EDGE('',*,*,#1592,.F.);
#1614=ORIENTED_EDGE('',*,*,#1225,.F.);
#1615=EDGE_LOOP('',(#1611,#1612,#1613,#1614));
#1616=FACE_OUTER_BOUND('',#1615,.F.);
#1617=ADVANCED_FACE('',(#1616),#1609,.F.);
#1618=FILL_AREA_STYLE_COLOUR('',#15);
#1619=FILL_AREA_STYLE('',(#1618));
#1620=SURFACE_STYLE_FILL_AREA(#1619);
#1621=SURFACE_SIDE_STYLE('',(#1620));
#1622=SURFACE_STYLE_USAGE(.BOTH.,#1621);
#1623=PRESENTATION_STYLE_ASSIGNMENT((#1622));
#1624=OVER_RIDING_STYLED_ITEM('',(#1623),#1617,#16);
#1625=CARTESIAN_POINT('',(2.953228341638E0,-1.491939166283E1,3.200271330451E0));
#1626=DIRECTION('',(0.E0,2.670698880526E-14,1.E0));
#1627=DIRECTION('',(0.E0,-1.E0,2.670698880526E-14));
#1628=AXIS2_PLACEMENT_3D('',#1625,#1626,#1627);
#1629=PLANE('',#1628);
#1630=ORIENTED_EDGE('',*,*,#1610,.T.);
#1631=ORIENTED_EDGE('',*,*,#1223,.T.);
#1633=ORIENTED_EDGE('',*,*,#1632,.F.);
#1635=ORIENTED_EDGE('',*,*,#1634,.F.);
#1637=ORIENTED_EDGE('',*,*,#1636,.F.);
#1638=EDGE_LOOP('',(#1630,#1631,#1633,#1635,#1637));
#1639=FACE_OUTER_BOUND('',#1638,.F.);
#1640=ADVANCED_FACE('',(#1639),#1629,.F.);
#1641=FILL_AREA_STYLE_COLOUR('',#15);
#1642=FILL_AREA_STYLE('',(#1641));
#1643=SURFACE_STYLE_FILL_AREA(#1642);
#1644=SURFACE_SIDE_STYLE('',(#1643));
#1645=SURFACE_STYLE_USAGE(.BOTH.,#1644);
#1646=PRESENTATION_STYLE_ASSIGNMENT((#1645));
#1647=OVER_RIDING_STYLED_ITEM('',(#1646),#1640,#16);
#1648=CARTESIAN_POINT('',(3.258367230580E0,-1.486470840711E1,4.750271330451E0));
#1649=DIRECTION('',(0.E0,-2.670698880526E-14,-1.E0));
#1650=DIRECTION('',(0.E0,-1.E0,2.670698880526E-14));
#1651=AXIS2_PLACEMENT_3D('',#1648,#1649,#1650);
#1652=CYLINDRICAL_SURFACE('',#1651,9.999999999999E-3);
#1654=ORIENTED_EDGE('',*,*,#1653,.T.);
#1656=ORIENTED_EDGE('',*,*,#1655,.T.);
#1657=ORIENTED_EDGE('',*,*,#1632,.T.);
#1658=ORIENTED_EDGE('',*,*,#1221,.T.);
#1659=EDGE_LOOP('',(#1654,#1656,#1657,#1658));
#1660=FACE_OUTER_BOUND('',#1659,.F.);
#1661=ADVANCED_FACE('',(#1660),#1652,.F.);
#1662=FILL_AREA_STYLE_COLOUR('',#15);
#1663=FILL_AREA_STYLE('',(#1662));
#1664=SURFACE_STYLE_FILL_AREA(#1663);
#1665=SURFACE_SIDE_STYLE('',(#1664));
#1666=SURFACE_STYLE_USAGE(.BOTH.,#1665);
#1667=PRESENTATION_STYLE_ASSIGNMENT((#1666));
#1668=OVER_RIDING_STYLED_ITEM('',(#1667),#1661,#16);
#1669=CARTESIAN_POINT('',(3.248524040615E0,-1.486647238311E1,6.300271330451E0));
#1670=DIRECTION('',(0.E0,-2.670698880526E-14,-1.E0));
#1671=DIRECTION('',(0.E0,1.E0,-2.670698880526E-14));
#1672=AXIS2_PLACEMENT_3D('',#1669,#1670,#1671);
#1673=PLANE('',#1672);
#1675=ORIENTED_EDGE('',*,*,#1674,.T.);
#1677=ORIENTED_EDGE('',*,*,#1676,.F.);
#1679=ORIENTED_EDGE('',*,*,#1678,.F.);
#1680=ORIENTED_EDGE('',*,*,#1653,.F.);
#1681=ORIENTED_EDGE('',*,*,#1219,.T.);
#1682=EDGE_LOOP('',(#1675,#1677,#1679,#1680,#1681));
#1683=FACE_OUTER_BOUND('',#1682,.F.);
#1684=ADVANCED_FACE('',(#1683),#1673,.F.);
#1685=FILL_AREA_STYLE_COLOUR('',#15);
#1686=FILL_AREA_STYLE('',(#1685));
#1687=SURFACE_STYLE_FILL_AREA(#1686);
#1688=SURFACE_SIDE_STYLE('',(#1687));
#1689=SURFACE_STYLE_USAGE(.BOTH.,#1688);
#1690=PRESENTATION_STYLE_ASSIGNMENT((#1689));
#1691=OVER_RIDING_STYLED_ITEM('',(#1690),#1684,#16);
#1692=CARTESIAN_POINT('',(3.25E0,-1.517470840711E1,7.913291238046E0));
#1693=DIRECTION('',(1.E0,0.E0,0.E0));
#1694=DIRECTION('',(0.E0,-2.670698880526E-14,-1.E0));
#1695=AXIS2_PLACEMENT_3D('',#1692,#1693,#1694);
#1696=PLANE('',#1695);
#1697=ORIENTED_EDGE('',*,*,#1674,.F.);
#1698=ORIENTED_EDGE('',*,*,#1217,.F.);
#1700=ORIENTED_EDGE('',*,*,#1699,.F.);
#1701=ORIENTED_EDGE('',*,*,#1350,.F.);
#1702=EDGE_LOOP('',(#1697,#1698,#1700,#1701));
#1703=FACE_OUTER_BOUND('',#1702,.F.);
#1704=ADVANCED_FACE('',(#1703),#1696,.F.);
#1705=FILL_AREA_STYLE_COLOUR('',#15);
#1706=FILL_AREA_STYLE('',(#1705));
#1707=SURFACE_STYLE_FILL_AREA(#1706);
#1708=SURFACE_SIDE_STYLE('',(#1707));
#1709=SURFACE_STYLE_USAGE(.BOTH.,#1708);
#1710=PRESENTATION_STYLE_ASSIGNMENT((#1709));
#1711=OVER_RIDING_STYLED_ITEM('',(#1710),#1704,#16);
#1712=CARTESIAN_POINT('',(3.15E0,-1.517470840711E1,7.913291238046E0));
#1713=DIRECTION('',(0.E0,1.E0,-2.670698880526E-14));
#1714=DIRECTION('',(1.E0,0.E0,0.E0));
#1715=AXIS2_PLACEMENT_3D('',#1712,#1713,#1714);
#1716=CYLINDRICAL_SURFACE('',#1715,1.E-1);
#1717=ORIENTED_EDGE('',*,*,#1699,.T.);
#1718=ORIENTED_EDGE('',*,*,#1215,.T.);
#1720=ORIENTED_EDGE('',*,*,#1719,.T.);
#1721=ORIENTED_EDGE('',*,*,#1352,.T.);
#1722=EDGE_LOOP('',(#1717,#1718,#1720,#1721));
#1723=FACE_OUTER_BOUND('',#1722,.F.);
#1724=ADVANCED_FACE('',(#1723),#1716,.F.);
#1725=FILL_AREA_STYLE_COLOUR('',#15);
#1726=FILL_AREA_STYLE('',(#1725));
#1727=SURFACE_STYLE_FILL_AREA(#1726);
#1728=SURFACE_SIDE_STYLE('',(#1727));
#1729=SURFACE_STYLE_USAGE(.BOTH.,#1728);
#1730=PRESENTATION_STYLE_ASSIGNMENT((#1729));
#1731=OVER_RIDING_STYLED_ITEM('',(#1730),#1724,#16);
#1732=CARTESIAN_POINT('',(1.580030136929E0,-1.517470840711E1,9.915030139364E0));
#1733=DIRECTION('',(7.619905949665E-1,1.557144460927E-14,6.475880891296E-1));
#1734=DIRECTION('',(6.475880891296E-1,-2.181536997379E-14,-7.619905949665E-1));
#1735=AXIS2_PLACEMENT_3D('',#1732,#1733,#1734);
#1736=PLANE('',#1735);
#1737=ORIENTED_EDGE('',*,*,#1354,.T.);
#1738=ORIENTED_EDGE('',*,*,#1719,.F.);
#1739=ORIENTED_EDGE('',*,*,#1213,.T.);
#1741=ORIENTED_EDGE('',*,*,#1740,.F.);
#1742=EDGE_LOOP('',(#1737,#1738,#1739,#1741));
#1743=FACE_OUTER_BOUND('',#1742,.F.);
#1744=ADVANCED_FACE('',(#1743),#1736,.F.);
#1745=FILL_AREA_STYLE_COLOUR('',#15);
#1746=FILL_AREA_STYLE('',(#1745));
#1747=SURFACE_STYLE_FILL_AREA(#1746);
#1748=SURFACE_SIDE_STYLE('',(#1747));
#1749=SURFACE_STYLE_USAGE(.BOTH.,#1748);
#1750=PRESENTATION_STYLE_ASSIGNMENT((#1749));
#1751=OVER_RIDING_STYLED_ITEM('',(#1750),#1744,#16);
#1752=CARTESIAN_POINT('',(1.503831077433E0,-1.517470840711E1,9.850271330451E0));
#1753=DIRECTION('',(0.E0,1.E0,-2.670698880526E-14));
#1754=DIRECTION('',(7.619905949665E-1,1.557144460928E-14,6.475880891296E-1));
#1755=AXIS2_PLACEMENT_3D('',#1752,#1753,#1754);
#1756=CYLINDRICAL_SURFACE('',#1755,1.E-1);
#1757=ORIENTED_EDGE('',*,*,#1740,.T.);
#1758=ORIENTED_EDGE('',*,*,#1211,.T.);
#1760=ORIENTED_EDGE('',*,*,#1759,.T.);
#1761=ORIENTED_EDGE('',*,*,#1356,.T.);
#1762=EDGE_LOOP('',(#1757,#1758,#1760,#1761));
#1763=FACE_OUTER_BOUND('',#1762,.F.);
#1764=ADVANCED_FACE('',(#1763),#1756,.F.);
#1765=FILL_AREA_STYLE_COLOUR('',#15);
#1766=FILL_AREA_STYLE('',(#1765));
#1767=SURFACE_STYLE_FILL_AREA(#1766);
#1768=SURFACE_SIDE_STYLE('',(#1767));
#1769=SURFACE_STYLE_USAGE(.BOTH.,#1768);
#1770=PRESENTATION_STYLE_ASSIGNMENT((#1769));
#1771=OVER_RIDING_STYLED_ITEM('',(#1770),#1764,#16);
#1772=CARTESIAN_POINT('',(-4.003831077433E0,-1.517470840711E1,
9.950271330451E0));
#1773=DIRECTION('',(0.E0,2.670698880526E-14,1.E0));
#1774=DIRECTION('',(1.E0,0.E0,0.E0));
#1775=AXIS2_PLACEMENT_3D('',#1772,#1773,#1774);
#1776=PLANE('',#1775);
#1777=ORIENTED_EDGE('',*,*,#1358,.F.);
#1778=ORIENTED_EDGE('',*,*,#1759,.F.);
#1779=ORIENTED_EDGE('',*,*,#1209,.F.);
#1781=ORIENTED_EDGE('',*,*,#1780,.F.);
#1782=EDGE_LOOP('',(#1777,#1778,#1779,#1781));
#1783=FACE_OUTER_BOUND('',#1782,.F.);
#1784=ADVANCED_FACE('',(#1783),#1776,.F.);
#1785=FILL_AREA_STYLE_COLOUR('',#15);
#1786=FILL_AREA_STYLE('',(#1785));
#1787=SURFACE_STYLE_FILL_AREA(#1786);
#1788=SURFACE_SIDE_STYLE('',(#1787));
#1789=SURFACE_STYLE_USAGE(.BOTH.,#1788);
#1790=PRESENTATION_STYLE_ASSIGNMENT((#1789));
#1791=OVER_RIDING_STYLED_ITEM('',(#1790),#1784,#16);
#1792=CARTESIAN_POINT('',(-4.003831077433E0,-1.517470840711E1,
9.850271330451E0));
#1793=DIRECTION('',(0.E0,1.E0,-2.670698880526E-14));
#1794=DIRECTION('',(-1.618039920271E-14,2.670698880526E-14,1.E0));
#1795=AXIS2_PLACEMENT_3D('',#1792,#1793,#1794);
#1796=CYLINDRICAL_SURFACE('',#1795,1.E-1);
#1797=ORIENTED_EDGE('',*,*,#1780,.T.);
#1798=ORIENTED_EDGE('',*,*,#1207,.T.);
#1800=ORIENTED_EDGE('',*,*,#1799,.T.);
#1801=ORIENTED_EDGE('',*,*,#1360,.T.);
#1802=EDGE_LOOP('',(#1797,#1798,#1800,#1801));
#1803=FACE_OUTER_BOUND('',#1802,.F.);
#1804=ADVANCED_FACE('',(#1803),#1796,.F.);
#1805=FILL_AREA_STYLE_COLOUR('',#15);
#1806=FILL_AREA_STYLE('',(#1805));
#1807=SURFACE_STYLE_FILL_AREA(#1806);
#1808=SURFACE_SIDE_STYLE('',(#1807));
#1809=SURFACE_STYLE_USAGE(.BOTH.,#1808);
#1810=PRESENTATION_STYLE_ASSIGNMENT((#1809));
#1811=OVER_RIDING_STYLED_ITEM('',(#1810),#1804,#16);
#1812=CARTESIAN_POINT('',(-5.726199059497E0,-1.517470840711E1,
7.978050046959E0));
#1813=DIRECTION('',(-7.619905949665E-1,1.901881108432E-14,6.475880891296E-1));
#1814=DIRECTION('',(6.475880891296E-1,1.888557860516E-14,7.619905949665E-1));
#1815=AXIS2_PLACEMENT_3D('',#1812,#1813,#1814);
#1816=PLANE('',#1815);
#1817=ORIENTED_EDGE('',*,*,#1362,.T.);
#1818=ORIENTED_EDGE('',*,*,#1799,.F.);
#1819=ORIENTED_EDGE('',*,*,#1205,.T.);
#1821=ORIENTED_EDGE('',*,*,#1820,.F.);
#1822=EDGE_LOOP('',(#1817,#1818,#1819,#1821));
#1823=FACE_OUTER_BOUND('',#1822,.F.);
#1824=ADVANCED_FACE('',(#1823),#1816,.F.);
#1825=FILL_AREA_STYLE_COLOUR('',#15);
#1826=FILL_AREA_STYLE('',(#1825));
#1827=SURFACE_STYLE_FILL_AREA(#1826);
#1828=SURFACE_SIDE_STYLE('',(#1827));
#1829=SURFACE_STYLE_USAGE(.BOTH.,#1828);
#1830=PRESENTATION_STYLE_ASSIGNMENT((#1829));
#1831=OVER_RIDING_STYLED_ITEM('',(#1830),#1824,#16);
#1832=CARTESIAN_POINT('',(-5.65E0,-1.517470840711E1,7.913291238046E0));
#1833=DIRECTION('',(0.E0,1.E0,-2.670698880526E-14));
#1834=DIRECTION('',(-7.619905949665E-1,1.901881108433E-14,6.475880891296E-1));
#1835=AXIS2_PLACEMENT_3D('',#1832,#1833,#1834);
#1836=CYLINDRICAL_SURFACE('',#1835,1.E-1);
#1837=ORIENTED_EDGE('',*,*,#1820,.T.);
#1838=ORIENTED_EDGE('',*,*,#1203,.T.);
#1839=ORIENTED_EDGE('',*,*,#1300,.T.);
#1840=ORIENTED_EDGE('',*,*,#1364,.T.);
#1841=EDGE_LOOP('',(#1837,#1838,#1839,#1840));
#1842=FACE_OUTER_BOUND('',#1841,.F.);
#1843=ADVANCED_FACE('',(#1842),#1836,.F.);
#1844=FILL_AREA_STYLE_COLOUR('',#15);
#1845=FILL_AREA_STYLE('',(#1844));
#1846=SURFACE_STYLE_FILL_AREA(#1845);
#1847=SURFACE_SIDE_STYLE('',(#1846));
#1848=SURFACE_STYLE_USAGE(.BOTH.,#1847);
#1849=PRESENTATION_STYLE_ASSIGNMENT((#1848));
#1850=OVER_RIDING_STYLED_ITEM('',(#1849),#1843,#16);
#1851=CARTESIAN_POINT('',(3.258367230580E0,-1.486470840711E1,4.750271330451E0));
#1852=DIRECTION('',(0.E0,-2.670698880526E-14,-1.E0));
#1853=DIRECTION('',(0.E0,-1.E0,2.670698880526E-14));
#1854=AXIS2_PLACEMENT_3D('',#1851,#1852,#1853);
#1855=CYLINDRICAL_SURFACE('',#1854,3.1E-1);
#1856=ORIENTED_EDGE('',*,*,#1676,.T.);
#1857=ORIENTED_EDGE('',*,*,#1348,.T.);
#1858=ORIENTED_EDGE('',*,*,#1346,.F.);
#1859=ORIENTED_EDGE('',*,*,#1344,.T.);
#1860=ORIENTED_EDGE('',*,*,#1636,.T.);
#1862=ORIENTED_EDGE('',*,*,#1861,.F.);
#1863=EDGE_LOOP('',(#1856,#1857,#1858,#1859,#1860,#1862));
#1864=FACE_OUTER_BOUND('',#1863,.F.);
#1865=ADVANCED_FACE('',(#1864),#1855,.T.);
#1866=FILL_AREA_STYLE_COLOUR('',#15);
#1867=FILL_AREA_STYLE('',(#1866));
#1868=SURFACE_STYLE_FILL_AREA(#1867);
#1869=SURFACE_SIDE_STYLE('',(#1868));
#1870=SURFACE_STYLE_USAGE(.BOTH.,#1869);
#1871=PRESENTATION_STYLE_ASSIGNMENT((#1870));
#1872=OVER_RIDING_STYLED_ITEM('',(#1871),#1865,#16);
#1873=CARTESIAN_POINT('',(2.709381329097E0,-1.355869714105E1,4.750271330451E0));
#1874=DIRECTION('',(9.843189965877E-1,1.763975990669E-1,0.E0));
#1875=DIRECTION('',(0.E0,2.635830594950E-14,1.E0));
#1876=AXIS2_PLACEMENT_3D('',#1873,#1874,#1875);
#1877=PLANE('',#1876);
#1879=ORIENTED_EDGE('',*,*,#1878,.F.);
#1881=ORIENTED_EDGE('',*,*,#1880,.T.);
#1883=ORIENTED_EDGE('',*,*,#1882,.F.);
#1884=ORIENTED_EDGE('',*,*,#1861,.T.);
#1885=EDGE_LOOP('',(#1879,#1881,#1883,#1884));
#1886=FACE_OUTER_BOUND('',#1885,.F.);
#1887=ADVANCED_FACE('',(#1886),#1877,.F.);
#1888=FILL_AREA_STYLE_COLOUR('',#15);
#1889=FILL_AREA_STYLE('',(#1888));
#1890=SURFACE_STYLE_FILL_AREA(#1889);
#1891=SURFACE_SIDE_STYLE('',(#1890));
#1892=SURFACE_STYLE_USAGE(.BOTH.,#1891);
#1893=PRESENTATION_STYLE_ASSIGNMENT((#1892));
#1894=OVER_RIDING_STYLED_ITEM('',(#1893),#1887,#16);
#1895=CARTESIAN_POINT('',(2.953228341638E0,-1.491939166283E1,3.200271330451E0));
#1896=DIRECTION('',(-1.759553026371E-2,9.818509313722E-2,-9.950126053475E-1));
#1897=DIRECTION('',(-1.755178346249E-1,9.794098092877E-1,9.974926164952E-2));
#1898=AXIS2_PLACEMENT_3D('',#1895,#1896,#1897);
#1899=PLANE('',#1898);
#1900=ORIENTED_EDGE('',*,*,#1878,.T.);
#1901=ORIENTED_EDGE('',*,*,#1634,.T.);
#1903=ORIENTED_EDGE('',*,*,#1902,.T.);
#1905=ORIENTED_EDGE('',*,*,#1904,.F.);
#1906=EDGE_LOOP('',(#1900,#1901,#1903,#1905));
#1907=FACE_OUTER_BOUND('',#1906,.F.);
#1908=ADVANCED_FACE('',(#1907),#1899,.T.);
#1909=FILL_AREA_STYLE_COLOUR('',#15);
#1910=FILL_AREA_STYLE('',(#1909));
#1911=SURFACE_STYLE_FILL_AREA(#1910);
#1912=SURFACE_SIDE_STYLE('',(#1911));
#1913=SURFACE_STYLE_USAGE(.BOTH.,#1912);
#1914=PRESENTATION_STYLE_ASSIGNMENT((#1913));
#1915=OVER_RIDING_STYLED_ITEM('',(#1914),#1908,#16);
#1916=CARTESIAN_POINT('',(3.004677028073E0,-1.350577786133E1,4.750271330451E0));
#1917=DIRECTION('',(9.843189965877E-1,1.763975990669E-1,0.E0));
#1918=DIRECTION('',(0.E0,2.635673780052E-14,1.E0));
#1919=AXIS2_PLACEMENT_3D('',#1916,#1917,#1918);
#1920=PLANE('',#1919);
#1921=ORIENTED_EDGE('',*,*,#1902,.F.);
#1922=ORIENTED_EDGE('',*,*,#1655,.F.);
#1924=ORIENTED_EDGE('',*,*,#1923,.F.);
#1926=ORIENTED_EDGE('',*,*,#1925,.F.);
#1927=EDGE_LOOP('',(#1921,#1922,#1924,#1926));
#1928=FACE_OUTER_BOUND('',#1927,.F.);
#1929=ADVANCED_FACE('',(#1928),#1920,.T.);
#1930=FILL_AREA_STYLE_COLOUR('',#15);
#1931=FILL_AREA_STYLE('',(#1930));
#1932=SURFACE_STYLE_FILL_AREA(#1931);
#1933=SURFACE_SIDE_STYLE('',(#1932));
#1934=SURFACE_STYLE_USAGE(.BOTH.,#1933);
#1935=PRESENTATION_STYLE_ASSIGNMENT((#1934));
#1936=OVER_RIDING_STYLED_ITEM('',(#1935),#1929,#16);
#1937=CARTESIAN_POINT('',(2.430630018387E0,-1.200323260011E1,6.003271330451E0));
#1938=DIRECTION('',(-1.759553026371E-2,9.818509313727E-2,9.950126053475E-1));
#1939=DIRECTION('',(1.755178346249E-1,-9.794098092877E-1,9.974926164957E-2));
#1940=AXIS2_PLACEMENT_3D('',#1937,#1938,#1939);
#1941=PLANE('',#1940);
#1942=ORIENTED_EDGE('',*,*,#1882,.T.);
#1944=ORIENTED_EDGE('',*,*,#1943,.F.);
#1945=ORIENTED_EDGE('',*,*,#1923,.T.);
#1946=ORIENTED_EDGE('',*,*,#1678,.T.);
#1947=EDGE_LOOP('',(#1942,#1944,#1945,#1946));
#1948=FACE_OUTER_BOUND('',#1947,.F.);
#1949=ADVANCED_FACE('',(#1948),#1941,.T.);
#1950=FILL_AREA_STYLE_COLOUR('',#15);
#1951=FILL_AREA_STYLE('',(#1950));
#1952=SURFACE_STYLE_FILL_AREA(#1951);
#1953=SURFACE_SIDE_STYLE('',(#1952));
#1954=SURFACE_STYLE_USAGE(.BOTH.,#1953);
#1955=PRESENTATION_STYLE_ASSIGNMENT((#1954));
#1956=OVER_RIDING_STYLED_ITEM('',(#1955),#1949,#16);
#1957=CARTESIAN_POINT('',(2.725925717363E0,-1.195031332039E1,6.300271330451E0));
#1958=DIRECTION('',(1.763975990669E-1,-9.843189965877E-1,2.636096327089E-14));
#1959=DIRECTION('',(9.843189965877E-1,1.763975990669E-1,0.E0));
#1960=AXIS2_PLACEMENT_3D('',#1957,#1958,#1959);
#1961=PLANE('',#1960);
#1962=ORIENTED_EDGE('',*,*,#1904,.T.);
#1963=ORIENTED_EDGE('',*,*,#1925,.T.);
#1964=ORIENTED_EDGE('',*,*,#1943,.T.);
#1965=ORIENTED_EDGE('',*,*,#1880,.F.);
#1966=EDGE_LOOP('',(#1962,#1963,#1964,#1965));
#1967=FACE_OUTER_BOUND('',#1966,.F.);
#1968=ADVANCED_FACE('',(#1967),#1961,.F.);
#1969=FILL_AREA_STYLE_COLOUR('',#15);
#1970=FILL_AREA_STYLE('',(#1969));
#1971=SURFACE_STYLE_FILL_AREA(#1970);
#1972=SURFACE_SIDE_STYLE('',(#1971));
#1973=SURFACE_STYLE_USAGE(.BOTH.,#1972);
#1974=PRESENTATION_STYLE_ASSIGNMENT((#1973));
#1975=OVER_RIDING_STYLED_ITEM('',(#1974),#1968,#16);
#1976=CARTESIAN_POINT('',(-2.28932E1,-1.497470840711E1,4.799818912492E-1));
#1977=DIRECTION('',(1.E0,0.E0,0.E0));
#1978=DIRECTION('',(0.E0,-1.E0,2.248201624866E-14));
#1979=AXIS2_PLACEMENT_3D('',#1976,#1977,#1978);
#1980=CYLINDRICAL_SURFACE('',#1979,2.E-1);
#1981=ORIENTED_EDGE('',*,*,#1318,.T.);
#1983=ORIENTED_EDGE('',*,*,#1982,.T.);
#1985=ORIENTED_EDGE('',*,*,#1984,.F.);
#1987=ORIENTED_EDGE('',*,*,#1986,.T.);
#1988=EDGE_LOOP('',(#1981,#1983,#1985,#1987));
#1989=FACE_OUTER_BOUND('',#1988,.F.);
#1990=ADVANCED_FACE('',(#1989),#1980,.T.);
#1991=CARTESIAN_POINT('',(4.55E0,-1.497470840711E1,4.799818912492E-1));
#1992=DIRECTION('',(-7.071067811865E-1,-2.512147933894E-14,-7.071067811865E-1));
#1993=DIRECTION('',(7.071067811865E-1,-1.256073966947E-14,-7.071067811865E-1));
#1994=AXIS2_PLACEMENT_3D('',#1991,#1992,#1993);
#1995=SPHERICAL_SURFACE('',#1994,2.E-1);
#1997=ORIENTED_EDGE('',*,*,#1996,.F.);
#1999=ORIENTED_EDGE('',*,*,#1998,.F.);
#2000=ORIENTED_EDGE('',*,*,#1982,.F.);
#2001=EDGE_LOOP('',(#1997,#1999,#2000));
#2002=FACE_OUTER_BOUND('',#2001,.F.);
#2003=ADVANCED_FACE('',(#2002),#1995,.T.);
#2004=CARTESIAN_POINT('',(4.55E0,-1.497470840711E1,-1.405961810875E1));
#2005=DIRECTION('',(0.E0,2.667831150083E-14,1.E0));
#2006=DIRECTION('',(0.E0,-1.E0,2.667831150083E-14));
#2007=AXIS2_PLACEMENT_3D('',#2004,#2005,#2006);
#2008=CYLINDRICAL_SURFACE('',#2007,2.E-1);
#2009=ORIENTED_EDGE('',*,*,#1324,.T.);
#2011=ORIENTED_EDGE('',*,*,#2010,.T.);
#2013=ORIENTED_EDGE('',*,*,#2012,.F.);
#2014=ORIENTED_EDGE('',*,*,#1996,.T.);
#2015=EDGE_LOOP('',(#2009,#2011,#2013,#2014));
#2016=FACE_OUTER_BOUND('',#2015,.F.);
#2017=ADVANCED_FACE('',(#2016),#2008,.T.);
#2018=CARTESIAN_POINT('',(4.55E0,-1.497470840711E1,1.107998189125E1));
#2019=DIRECTION('',(7.071067811865E-1,-1.884110950421E-14,-7.071067811865E-1));
#2020=DIRECTION('',(7.071067811865E-1,1.884110950421E-14,7.071067811865E-1));
#2021=AXIS2_PLACEMENT_3D('',#2018,#2019,#2020);
#2022=SPHERICAL_SURFACE('',#2021,2.E-1);
#2024=ORIENTED_EDGE('',*,*,#2023,.F.);
#2026=ORIENTED_EDGE('',*,*,#2025,.F.);
#2027=ORIENTED_EDGE('',*,*,#2010,.F.);
#2028=EDGE_LOOP('',(#2024,#2026,#2027));
#2029=FACE_OUTER_BOUND('',#2028,.F.);
#2030=ADVANCED_FACE('',(#2029),#2022,.T.);
#2031=CARTESIAN_POINT('',(2.03932E1,-1.497470840711E1,1.107998189125E1));
#2032=DIRECTION('',(-1.E0,0.E0,0.E0));
#2033=DIRECTION('',(0.E0,-1.E0,1.776356839400E-14));
#2034=AXIS2_PLACEMENT_3D('',#2031,#2032,#2033);
#2035=CYLINDRICAL_SURFACE('',#2034,2.E-1);
#2037=ORIENTED_EDGE('',*,*,#2036,.F.);
#2038=ORIENTED_EDGE('',*,*,#2023,.T.);
#2039=ORIENTED_EDGE('',*,*,#1322,.T.);
#2041=ORIENTED_EDGE('',*,*,#2040,.T.);
#2042=EDGE_LOOP('',(#2037,#2038,#2039,#2041));
#2043=FACE_OUTER_BOUND('',#2042,.F.);
#2044=ADVANCED_FACE('',(#2043),#2035,.T.);
#2045=CARTESIAN_POINT('',(-7.25E0,-1.517470840711E1,1.127998189125E1));
#2046=DIRECTION('',(0.E0,-2.670698880526E-14,-1.E0));
#2047=DIRECTION('',(1.E0,0.E0,0.E0));
#2048=AXIS2_PLACEMENT_3D('',#2045,#2046,#2047);
#2049=PLANE('',#2048);
#2051=ORIENTED_EDGE('',*,*,#2050,.F.);
#2052=ORIENTED_EDGE('',*,*,#2036,.T.);
#2054=ORIENTED_EDGE('',*,*,#2053,.F.);
#2056=ORIENTED_EDGE('',*,*,#2055,.F.);
#2057=EDGE_LOOP('',(#2051,#2052,#2054,#2056));
#2058=FACE_OUTER_BOUND('',#2057,.F.);
#2059=ADVANCED_FACE('',(#2058),#2049,.F.);
#2060=CARTESIAN_POINT('',(4.55E0,-3.616266840711E1,1.107998189125E1));
#2061=DIRECTION('',(0.E0,1.E0,-2.671939280852E-14));
#2062=DIRECTION('',(0.E0,2.671939280852E-14,1.E0));
#2063=AXIS2_PLACEMENT_3D('',#2060,#2061,#2062);
#2064=CYLINDRICAL_SURFACE('',#2063,2.E-1);
#2066=ORIENTED_EDGE('',*,*,#2065,.T.);
#2068=ORIENTED_EDGE('',*,*,#2067,.F.);
#2069=ORIENTED_EDGE('',*,*,#2025,.T.);
#2070=ORIENTED_EDGE('',*,*,#2050,.T.);
#2071=EDGE_LOOP('',(#2066,#2068,#2069,#2070));
#2072=FACE_OUTER_BOUND('',#2071,.F.);
#2073=ADVANCED_FACE('',(#2072),#2064,.T.);
#2074=CARTESIAN_POINT('',(0.E0,9.252915928895E-1,-2.497316038143E-14));
#2075=DIRECTION('',(0.E0,-1.E0,2.670698880526E-14));
#2076=DIRECTION('',(1.E0,0.E0,0.E0));
#2077=AXIS2_PLACEMENT_3D('',#2074,#2075,#2076);
#2078=PLANE('',#2077);
#2079=ORIENTED_EDGE('',*,*,#2065,.F.);
#2080=ORIENTED_EDGE('',*,*,#2055,.T.);
#2082=ORIENTED_EDGE('',*,*,#2081,.F.);
#2084=ORIENTED_EDGE('',*,*,#2083,.T.);
#2086=ORIENTED_EDGE('',*,*,#2085,.F.);
#2088=ORIENTED_EDGE('',*,*,#2087,.T.);
#2090=ORIENTED_EDGE('',*,*,#2089,.F.);
#2092=ORIENTED_EDGE('',*,*,#2091,.T.);
#2093=EDGE_LOOP('',(#2079,#2080,#2082,#2084,#2086,#2088,#2090,#2092));
#2094=FACE_OUTER_BOUND('',#2093,.F.);
#2096=ORIENTED_EDGE('',*,*,#2095,.T.);
#2098=ORIENTED_EDGE('',*,*,#2097,.T.);
#2100=ORIENTED_EDGE('',*,*,#2099,.T.);
#2102=ORIENTED_EDGE('',*,*,#2101,.T.);
#2103=EDGE_LOOP('',(#2096,#2098,#2100,#2102));
#2104=FACE_BOUND('',#2103,.F.);
#2105=ADVANCED_FACE('',(#2094,#2104),#2078,.F.);
#2106=CARTESIAN_POINT('',(-7.07E0,-1.517470840711E1,1.109998189125E1));
#2107=DIRECTION('',(0.E0,-2.670698880526E-14,-1.E0));
#2108=DIRECTION('',(1.E0,0.E0,0.E0));
#2109=AXIS2_PLACEMENT_3D('',#2106,#2107,#2108);
#2110=PLANE('',#2109);
#2111=ORIENTED_EDGE('',*,*,#1187,.T.);
#2113=ORIENTED_EDGE('',*,*,#2112,.T.);
#2114=ORIENTED_EDGE('',*,*,#2095,.F.);
#2116=ORIENTED_EDGE('',*,*,#2115,.F.);
#2117=EDGE_LOOP('',(#2111,#2113,#2114,#2116));
#2118=FACE_OUTER_BOUND('',#2117,.F.);
#2119=ADVANCED_FACE('',(#2118),#2110,.T.);
#2120=CARTESIAN_POINT('',(4.57E0,-1.517470840711E1,1.109998189125E1));
#2121=DIRECTION('',(-1.E0,0.E0,0.E0));
#2122=DIRECTION('',(0.E0,-2.670698880526E-14,-1.E0));
#2123=AXIS2_PLACEMENT_3D('',#2120,#2121,#2122);
#2124=PLANE('',#2123);
#2125=ORIENTED_EDGE('',*,*,#1193,.T.);
#2127=ORIENTED_EDGE('',*,*,#2126,.T.);
#2128=ORIENTED_EDGE('',*,*,#2097,.F.);
#2129=ORIENTED_EDGE('',*,*,#2112,.F.);
#2130=EDGE_LOOP('',(#2125,#2127,#2128,#2129));
#2131=FACE_OUTER_BOUND('',#2130,.F.);
#2132=ADVANCED_FACE('',(#2131),#2124,.T.);
#2133=CARTESIAN_POINT('',(4.57E0,-1.517470840711E1,4.599818912492E-1));
#2134=DIRECTION('',(0.E0,2.670698880526E-14,1.E0));
#2135=DIRECTION('',(-1.E0,0.E0,0.E0));
#2136=AXIS2_PLACEMENT_3D('',#2133,#2134,#2135);
#2137=PLANE('',#2136);
#2138=ORIENTED_EDGE('',*,*,#1191,.T.);
#2140=ORIENTED_EDGE('',*,*,#2139,.T.);
#2141=ORIENTED_EDGE('',*,*,#2099,.F.);
#2142=ORIENTED_EDGE('',*,*,#2126,.F.);
#2143=EDGE_LOOP('',(#2138,#2140,#2141,#2142));
#2144=FACE_OUTER_BOUND('',#2143,.F.);
#2145=ADVANCED_FACE('',(#2144),#2137,.T.);
#2146=CARTESIAN_POINT('',(-7.07E0,-1.517470840711E1,4.599818912492E-1));
#2147=DIRECTION('',(1.E0,0.E0,0.E0));
#2148=DIRECTION('',(0.E0,2.670698880526E-14,1.E0));
#2149=AXIS2_PLACEMENT_3D('',#2146,#2147,#2148);
#2150=PLANE('',#2149);
#2151=ORIENTED_EDGE('',*,*,#1189,.T.);
#2152=ORIENTED_EDGE('',*,*,#2115,.T.);
#2153=ORIENTED_EDGE('',*,*,#2101,.F.);
#2154=ORIENTED_EDGE('',*,*,#2139,.F.);
#2155=EDGE_LOOP('',(#2151,#2152,#2153,#2154));
#2156=FACE_OUTER_BOUND('',#2155,.F.);
#2157=ADVANCED_FACE('',(#2156),#2150,.T.);
#2158=CARTESIAN_POINT('',(-7.05E0,2.191325159289E1,1.107998189125E1));
#2159=DIRECTION('',(0.E0,-1.E0,2.671939280852E-14));
#2160=DIRECTION('',(0.E0,2.671939280852E-14,1.E0));
#2161=AXIS2_PLACEMENT_3D('',#2158,#2159,#2160);
#2162=CYLINDRICAL_SURFACE('',#2161,2.E-1);
#2163=ORIENTED_EDGE('',*,*,#2081,.T.);
#2164=ORIENTED_EDGE('',*,*,#2053,.T.);
#2166=ORIENTED_EDGE('',*,*,#2165,.T.);
#2168=ORIENTED_EDGE('',*,*,#2167,.F.);
#2169=EDGE_LOOP('',(#2163,#2164,#2166,#2168));
#2170=FACE_OUTER_BOUND('',#2169,.F.);
#2171=ADVANCED_FACE('',(#2170),#2162,.T.);
#2172=CARTESIAN_POINT('',(-7.05E0,-1.497470840711E1,1.107998189125E1));
#2173=DIRECTION('',(-7.071067811865E-1,7.071067811866E-1,-1.884110950421E-14));
#2174=DIRECTION('',(-7.071067811866E-1,-7.071067811865E-1,1.884110950421E-14));
#2175=AXIS2_PLACEMENT_3D('',#2172,#2173,#2174);
#2176=SPHERICAL_SURFACE('',#2175,2.E-1);
#2178=ORIENTED_EDGE('',*,*,#2177,.F.);
#2179=ORIENTED_EDGE('',*,*,#2165,.F.);
#2180=ORIENTED_EDGE('',*,*,#2040,.F.);
#2181=EDGE_LOOP('',(#2178,#2179,#2180));
#2182=FACE_OUTER_BOUND('',#2181,.F.);
#2183=ADVANCED_FACE('',(#2182),#2176,.T.);
#2184=CARTESIAN_POINT('',(-7.05E0,-1.497470840711E1,2.561958189125E1));
#2185=DIRECTION('',(0.E0,-2.672270137022E-14,-1.E0));
#2186=DIRECTION('',(0.E0,-1.E0,2.672270137022E-14));
#2187=AXIS2_PLACEMENT_3D('',#2184,#2185,#2186);
#2188=CYLINDRICAL_SURFACE('',#2187,2.E-1);
#2190=ORIENTED_EDGE('',*,*,#2189,.F.);
#2191=ORIENTED_EDGE('',*,*,#2177,.T.);
#2192=ORIENTED_EDGE('',*,*,#1320,.T.);
#2194=ORIENTED_EDGE('',*,*,#2193,.T.);
#2195=EDGE_LOOP('',(#2190,#2191,#2192,#2194));
#2196=FACE_OUTER_BOUND('',#2195,.F.);
#2197=ADVANCED_FACE('',(#2196),#2188,.T.);
#2198=CARTESIAN_POINT('',(-7.25E0,-1.517470840711E1,2.799818912492E-1));
#2199=DIRECTION('',(1.E0,0.E0,0.E0));
#2200=DIRECTION('',(0.E0,2.670698880526E-14,1.E0));
#2201=AXIS2_PLACEMENT_3D('',#2198,#2199,#2200);
#2202=PLANE('',#2201);
#2203=ORIENTED_EDGE('',*,*,#2167,.T.);
#2204=ORIENTED_EDGE('',*,*,#2189,.T.);
#2206=ORIENTED_EDGE('',*,*,#2205,.T.);
#2207=ORIENTED_EDGE('',*,*,#2083,.F.);
#2208=EDGE_LOOP('',(#2203,#2204,#2206,#2207));
#2209=FACE_OUTER_BOUND('',#2208,.F.);
#2210=ADVANCED_FACE('',(#2209),#2202,.F.);
#2211=CARTESIAN_POINT('',(-7.05E0,-3.616266840711E1,4.799818912498E-1));
#2212=DIRECTION('',(0.E0,1.E0,-2.670707186263E-14));
#2213=DIRECTION('',(0.E0,-2.670707186263E-14,-1.E0));
#2214=AXIS2_PLACEMENT_3D('',#2211,#2212,#2213);
#2215=CYLINDRICAL_SURFACE('',#2214,2.E-1);
#2216=ORIENTED_EDGE('',*,*,#2085,.T.);
#2217=ORIENTED_EDGE('',*,*,#2205,.F.);
#2219=ORIENTED_EDGE('',*,*,#2218,.T.);
#2221=ORIENTED_EDGE('',*,*,#2220,.T.);
#2222=EDGE_LOOP('',(#2216,#2217,#2219,#2221));
#2223=FACE_OUTER_BOUND('',#2222,.F.);
#2224=ADVANCED_FACE('',(#2223),#2215,.T.);
#2225=CARTESIAN_POINT('',(-7.05E0,-1.497470840711E1,4.799818912492E-1));
#2226=DIRECTION('',(-7.071067811865E-1,2.512147933894E-14,7.071067811865E-1));
#2227=DIRECTION('',(-7.071067811865E-1,-1.256073966947E-14,-7.071067811865E-1));
#2228=AXIS2_PLACEMENT_3D('',#2225,#2226,#2227);
#2229=SPHERICAL_SURFACE('',#2228,2.E-1);
#2230=ORIENTED_EDGE('',*,*,#2218,.F.);
#2231=ORIENTED_EDGE('',*,*,#2193,.F.);
#2232=ORIENTED_EDGE('',*,*,#1986,.F.);
#2233=EDGE_LOOP('',(#2230,#2231,#2232));
#2234=FACE_OUTER_BOUND('',#2233,.F.);
#2235=ADVANCED_FACE('',(#2234),#2229,.T.);
#2236=CARTESIAN_POINT('',(4.75E0,-1.517470840711E1,2.799818912492E-1));
#2237=DIRECTION('',(0.E0,2.670698880526E-14,1.E0));
#2238=DIRECTION('',(-1.E0,0.E0,0.E0));
#2239=AXIS2_PLACEMENT_3D('',#2236,#2237,#2238);
#2240=PLANE('',#2239);
#2242=ORIENTED_EDGE('',*,*,#2241,.T.);
#2243=ORIENTED_EDGE('',*,*,#2087,.F.);
#2244=ORIENTED_EDGE('',*,*,#2220,.F.);
#2245=ORIENTED_EDGE('',*,*,#1984,.T.);
#2246=EDGE_LOOP('',(#2242,#2243,#2244,#2245));
#2247=FACE_OUTER_BOUND('',#2246,.F.);
#2248=ADVANCED_FACE('',(#2247),#2240,.F.);
#2249=CARTESIAN_POINT('',(4.55E0,-3.616266840711E1,4.799818912498E-1));
#2250=DIRECTION('',(0.E0,1.E0,-2.670707186263E-14));
#2251=DIRECTION('',(1.E0,0.E0,0.E0));
#2252=AXIS2_PLACEMENT_3D('',#2249,#2250,#2251);
#2253=CYLINDRICAL_SURFACE('',#2252,2.E-1);
#2254=ORIENTED_EDGE('',*,*,#2089,.T.);
#2255=ORIENTED_EDGE('',*,*,#2241,.F.);
#2256=ORIENTED_EDGE('',*,*,#1998,.T.);
#2258=ORIENTED_EDGE('',*,*,#2257,.T.);
#2259=EDGE_LOOP('',(#2254,#2255,#2256,#2258));
#2260=FACE_OUTER_BOUND('',#2259,.F.);
#2261=ADVANCED_FACE('',(#2260),#2253,.T.);
#2262=CARTESIAN_POINT('',(4.75E0,-1.517470840711E1,1.127998189125E1));
#2263=DIRECTION('',(-1.E0,0.E0,0.E0));
#2264=DIRECTION('',(0.E0,-2.670698880526E-14,-1.E0));
#2265=AXIS2_PLACEMENT_3D('',#2262,#2263,#2264);
#2266=PLANE('',#2265);
#2267=ORIENTED_EDGE('',*,*,#2067,.T.);
#2268=ORIENTED_EDGE('',*,*,#2091,.F.);
#2269=ORIENTED_EDGE('',*,*,#2257,.F.);
#2270=ORIENTED_EDGE('',*,*,#2012,.T.);
#2271=EDGE_LOOP('',(#2267,#2268,#2269,#2270));
#2272=FACE_OUTER_BOUND('',#2271,.F.);
#2273=ADVANCED_FACE('',(#2272),#2266,.F.);
#2276=FILL_AREA_STYLE_COLOUR('',#8);
#2277=FILL_AREA_STYLE('',(#2276));
#2278=SURFACE_STYLE_FILL_AREA(#2277);
#2279=SURFACE_SIDE_STYLE('',(#2278));
#2280=SURFACE_STYLE_USAGE(.BOTH.,#2279);
#2281=PRESENTATION_STYLE_ASSIGNMENT((#2280));
#16=STYLED_ITEM('',(#2281),#2275);
#2283=DIMENSIONAL_EXPONENTS(0.E0,0.E0,0.E0,0.E0,0.E0,0.E0,0.E0);
#2285=PLANE_ANGLE_MEASURE_WITH_UNIT(PLANE_ANGLE_MEASURE(1.745329251994E-2),
#2284);
#2286=(CONVERSION_BASED_UNIT('DEGREE',#2285)NAMED_UNIT(*)PLANE_ANGLE_UNIT());
#2288=UNCERTAINTY_MEASURE_WITH_UNIT(LENGTH_MEASURE(2.647770625301E-3),#2282,
'closure',
'Maximum model space distance between geometric entities at asserted connectivities');
#2289=(GEOMETRIC_REPRESENTATION_CONTEXT(3)GLOBAL_UNCERTAINTY_ASSIGNED_CONTEXT((
#2288))GLOBAL_UNIT_ASSIGNED_CONTEXT((#2282,#2286,#2287))REPRESENTATION_CONTEXT(
'ID1','3'));
#2290=CARTESIAN_POINT('',(0.E0,0.E0,0.E0));
#2291=DIRECTION('',(0.E0,0.E0,1.E0));
#2292=DIRECTION('',(1.E0,0.E0,0.E0));
#2295=APPLICATION_CONTEXT(
'CONFIGURATION CONTROLLED 3D DESIGNS OF MECHANICAL PARTS AND ASSEMBLIES');
#2296=APPLICATION_PROTOCOL_DEFINITION('international standard',
'config_control_design',1994,#2295);
#2297=DESIGN_CONTEXT('',#2295,'design');
#2298=MECHANICAL_CONTEXT('',#2295,'mechanical');
#2299=PRODUCT('USB_2_0_TYPE_B_CONNECTOR_RIGH_1',
'USB_2_0_TYPE_B_CONNECTOR_RIGH_1','NOT SPECIFIED',(#2298));
#2300=PRODUCT_DEFINITION_FORMATION_WITH_SPECIFIED_SOURCE('3','LAST_VERSION',
#2299,.MADE.);
#2309=CARTESIAN_POINT('',(0.E0,0.E0,0.E0));
#2310=DIRECTION('',(0.E0,0.E0,1.E0));
#2311=DIRECTION('',(1.E0,0.E0,0.E0));
#2312=AXIS2_PLACEMENT_3D('',#2309,#2310,#2311);
#2313=ITEM_DEFINED_TRANSFORMATION('','',#2293,#2312);
#2314=(REPRESENTATION_RELATIONSHIP('','',#2294,#2306)REPRESENTATION_RELATIONSHIP_WITH_TRANSFORMATION(#2313)SHAPE_REPRESENTATION_RELATIONSHIP());
#2315=CONTEXT_DEPENDENT_SHAPE_REPRESENTATION(#2314,#2308);
#2318=DIRECTION('',(3.296496538661E-14,-7.626489289442E-13,1.E0));
#2319=VECTOR('',#2318,9.968947682334E-1);
#2320=CARTESIAN_POINT('',(2.975E0,-1.445111934632E1,6.819981891249E0));
#2321=LINE('',#2320,#2319);
#2322=CURVE_STYLE('',#21,POSITIVE_LENGTH_MEASURE(2.E-2),#8);
#2323=PRESENTATION_STYLE_ASSIGNMENT((#2322));
#2324=STYLED_ITEM('',(#2323),#2321);
#2325=DIRECTION('',(-5.649982845669E-1,7.985309088545E-1,-2.076663815847E-1));
#2326=VECTOR('',#2325,5.309750634553E-1);
#2327=CARTESIAN_POINT('',(3.275E0,-1.487511934632E1,7.927142329622E0));
#2328=LINE('',#2327,#2326);
#2329=CURVE_STYLE('',#21,POSITIVE_LENGTH_MEASURE(2.E-2),#8);
#2330=PRESENTATION_STYLE_ASSIGNMENT((#2329));
#2331=STYLED_ITEM('',(#2330),#2328);
#2332=DIRECTION('',(-5.775899117558E-1,8.163270752817E-1,4.788027020533E-14));
#2333=VECTOR('',#2332,5.193996534471E-1);
#2334=CARTESIAN_POINT('',(3.275E0,-1.487511934632E1,6.819981891249E0));
#2335=LINE('',#2334,#2333);
#2336=CURVE_STYLE('',#21,POSITIVE_LENGTH_MEASURE(2.E-2),#8);
#2337=PRESENTATION_STYLE_ASSIGNMENT((#2336));
#2338=STYLED_ITEM('',(#2337),#2335);
#2339=DIRECTION('',(-1.E0,-5.813531474412E-14,9.366245153219E-14));
#2340=VECTOR('',#2339,2.749999999995E-1);
#2341=CARTESIAN_POINT('',(3.55E0,-1.487511934632E1,6.819981891249E0));
#2342=LINE('',#2341,#2340);
#2343=CURVE_STYLE('',#21,POSITIVE_LENGTH_MEASURE(2.E-2),#8);
#2344=PRESENTATION_STYLE_ASSIGNMENT((#2343));
#2345=STYLED_ITEM('',(#2344),#2342);
#2346=DIRECTION('',(0.E0,1.E0,-2.048142036645E-14));
#2347=VECTOR('',#2346,8.195999999997E0);
#2348=CARTESIAN_POINT('',(2.975E0,-1.445111934632E1,6.819981891249E0));
#2349=LINE('',#2348,#2347);
#2350=CURVE_STYLE('',#21,POSITIVE_LENGTH_MEASURE(2.E-2),#8);
#2351=PRESENTATION_STYLE_ASSIGNMENT((#2350));
#2352=STYLED_ITEM('',(#2351),#2349);
#2353=DIRECTION('',(0.E0,-1.772811216966E-14,-1.E0));
#2354=VECTOR('',#2353,1.002E1);
#2355=CARTESIAN_POINT('',(-6.96E0,-1.487511934632E1,1.066998189125E1));
#2356=LINE('',#2355,#2354);
#2357=CURVE_STYLE('',#21,POSITIVE_LENGTH_MEASURE(2.E-2),#8);
#2358=PRESENTATION_STYLE_ASSIGNMENT((#2357));
#2359=STYLED_ITEM('',(#2358),#2356);
#2360=DIRECTION('',(-1.E0,1.026616036781E-14,1.228828286450E-14));
#2361=VECTOR('',#2360,1.142E1);
#2362=CARTESIAN_POINT('',(4.46E0,-1.487511934632E1,1.066998189125E1));
#2363=LINE('',#2362,#2361);
#2364=CURVE_STYLE('',#21,POSITIVE_LENGTH_MEASURE(2.E-2),#8);
#2365=PRESENTATION_STYLE_ASSIGNMENT((#2364));
#2366=STYLED_ITEM('',(#2365),#2363);
#2367=DIRECTION('',(-3.003920508902E-13,-2.021869573299E-14,-1.E0));
#2368=VECTOR('',#2367,1.230000000001E0);
#2369=CARTESIAN_POINT('',(3.275000000001E0,-1.487511934632E1,2.819981891249E0));
#2370=LINE('',#2369,#2368);
#2371=CURVE_STYLE('',#21,POSITIVE_LENGTH_MEASURE(2.E-2),#8);
#2372=PRESENTATION_STYLE_ASSIGNMENT((#2371));
#2373=STYLED_ITEM('',(#2372),#2370);
#2374=DIRECTION('',(3.413416018891E-13,0.E0,-1.E0));
#2375=VECTOR('',#2374,1.107160438373E0);
#2376=CARTESIAN_POINT('',(3.275E0,-1.487511934632E1,7.927142329622E0));
#2377=LINE('',#2376,#2375);
#2378=CURVE_STYLE('',#21,POSITIVE_LENGTH_MEASURE(2.E-2),#8);
#2379=PRESENTATION_STYLE_ASSIGNMENT((#2378));
#2380=STYLED_ITEM('',(#2379),#2377);
#2381=DIRECTION('',(6.476151315790E-1,0.E0,-7.619676117460E-1));
#2382=VECTOR('',#2381,2.681005767353E0);
#2383=CARTESIAN_POINT('',(1.538740097212E0,-1.487511934632E1,9.969981891249E0));
#2384=LINE('',#2383,#2382);
#2385=CURVE_STYLE('',#21,POSITIVE_LENGTH_MEASURE(2.E-2),#8);
#2386=PRESENTATION_STYLE_ASSIGNMENT((#2385));
#2387=STYLED_ITEM('',(#2386),#2384);
#2388=DIRECTION('',(1.E0,-1.942772783160E-14,2.197562656361E-14));
#2389=VECTOR('',#2388,5.577480194424E0);
#2390=CARTESIAN_POINT('',(-4.038740097212E0,-1.487511934632E1,
9.969981891249E0));
#2391=LINE('',#2390,#2389);
#2392=CURVE_STYLE('',#21,POSITIVE_LENGTH_MEASURE(2.E-2),#8);
#2393=PRESENTATION_STYLE_ASSIGNMENT((#2392));
#2394=STYLED_ITEM('',(#2393),#2391);
#2395=DIRECTION('',(6.476151315789E-1,0.E0,7.619676117461E-1));
#2396=VECTOR('',#2395,2.681005767353E0);
#2397=CARTESIAN_POINT('',(-5.775E0,-1.487511934632E1,7.927142329622E0));
#2398=LINE('',#2397,#2396);
#2399=CURVE_STYLE('',#21,POSITIVE_LENGTH_MEASURE(2.E-2),#8);
#2400=PRESENTATION_STYLE_ASSIGNMENT((#2399));
#2401=STYLED_ITEM('',(#2400),#2398);
#2402=DIRECTION('',(5.960442072940E-13,3.208851721636E-14,1.E0));
#2403=VECTOR('',#2402,1.107160438373E0);
#2404=CARTESIAN_POINT('',(-5.775000000001E0,-1.487511934632E1,
6.819981891249E0));
#2405=LINE('',#2404,#2403);
#2406=CURVE_STYLE('',#21,POSITIVE_LENGTH_MEASURE(2.E-2),#8);
#2407=PRESENTATION_STYLE_ASSIGNMENT((#2406));
#2408=STYLED_ITEM('',(#2407),#2405);
#2409=DIRECTION('',(-1.588611807593E-13,0.E0,1.E0));
#2410=VECTOR('',#2409,1.23E0);
#2411=CARTESIAN_POINT('',(-5.775E0,-1.487511934632E1,1.589981891249E0));
#2412=LINE('',#2411,#2410);
#2413=CURVE_STYLE('',#21,POSITIVE_LENGTH_MEASURE(2.E-2),#8);
#2414=PRESENTATION_STYLE_ASSIGNMENT((#2413));
#2415=STYLED_ITEM('',(#2414),#2412);
#2416=DIRECTION('',(-1.E0,1.315092908727E-14,8.256133652737E-14));
#2417=VECTOR('',#2416,9.050000000001E0);
#2418=CARTESIAN_POINT('',(3.275000000001E0,-1.487511934632E1,1.589981891248E0));
#2419=LINE('',#2418,#2417);
#2420=CURVE_STYLE('',#21,POSITIVE_LENGTH_MEASURE(2.E-2),#8);
#2421=PRESENTATION_STYLE_ASSIGNMENT((#2420));
#2422=STYLED_ITEM('',(#2421),#2419);
#2423=DIRECTION('',(-1.E0,2.762306366002E-14,-2.489710343042E-14));
#2424=VECTOR('',#2423,3.6655E0);
#2425=CARTESIAN_POINT('',(4.1655E0,1.024880653677E0,6.499818912489E-1));
#2426=LINE('',#2425,#2424);
#2427=CURVE_STYLE('',#21,POSITIVE_LENGTH_MEASURE(2.E-2),#8);
#2428=PRESENTATION_STYLE_ASSIGNMENT((#2427));
#2429=STYLED_ITEM('',(#2428),#2426);
#2430=DIRECTION('',(-1.E0,7.874996218866E-14,2.862258241088E-14));
#2431=VECTOR('',#2430,3.6655E0);
#2432=CARTESIAN_POINT('',(-3.E0,1.024880653677E0,6.499818912488E-1));
#2433=LINE('',#2432,#2431);
#2434=CURVE_STYLE('',#21,POSITIVE_LENGTH_MEASURE(2.E-2),#8);
#2435=PRESENTATION_STYLE_ASSIGNMENT((#2434));
#2436=STYLED_ITEM('',(#2435),#2433);
#2437=CARTESIAN_POINT('',(-6.9755E0,-2.019790786323E0,6.499818912490E-1));
#2438=DIRECTION('',(0.E0,2.636291895114E-14,1.E0));
#2439=DIRECTION('',(9.544439137603E-1,-2.983903743186E-1,0.E0));
#2440=AXIS2_PLACEMENT_3D('',#2437,#2438,#2439);
#2442=CURVE_STYLE('',#21,POSITIVE_LENGTH_MEASURE(2.E-2),#8);
#2443=PRESENTATION_STYLE_ASSIGNMENT((#2442));
#2444=STYLED_ITEM('',(#2443),#2441);
#2445=DIRECTION('',(2.983903743131E-1,9.544439137620E-1,-5.399678527597E-14));
#2446=VECTOR('',#2445,9.396335719998E-1);
#2447=CARTESIAN_POINT('',(-6.96E0,-3.009119346323E0,6.499818912490E-1));
#2448=LINE('',#2447,#2446);
#2449=CURVE_STYLE('',#21,POSITIVE_LENGTH_MEASURE(2.E-2),#8);
#2450=PRESENTATION_STYLE_ASSIGNMENT((#2449));
#2451=STYLED_ITEM('',(#2450),#2448);
#2452=DIRECTION('',(0.E0,1.E0,-1.786124855899E-14));
#2453=VECTOR('',#2452,1.1866E1);
#2454=CARTESIAN_POINT('',(-6.96E0,-1.487511934632E1,6.499818912492E-1));
#2455=LINE('',#2454,#2453);
#2456=CURVE_STYLE('',#21,POSITIVE_LENGTH_MEASURE(2.E-2),#8);
#2457=PRESENTATION_STYLE_ASSIGNMENT((#2456));
#2458=STYLED_ITEM('',(#2457),#2455);
#2459=DIRECTION('',(-1.E0,1.011061248345E-14,1.219106543678E-14));
#2460=VECTOR('',#2459,1.142E1);
#2461=CARTESIAN_POINT('',(4.46E0,-1.487511934632E1,6.499818912491E-1));
#2462=LINE('',#2461,#2460);
#2463=CURVE_STYLE('',#21,POSITIVE_LENGTH_MEASURE(2.E-2),#8);
#2464=PRESENTATION_STYLE_ASSIGNMENT((#2463));
#2465=STYLED_ITEM('',(#2464),#2462);
#2466=DIRECTION('',(-1.714081056054E-14,-1.E0,1.821678938940E-14));
#2467=VECTOR('',#2466,1.1866E1);
#2468=CARTESIAN_POINT('',(4.46E0,-3.009119346323E0,6.499818912489E-1));
#2469=LINE('',#2468,#2467);
#2470=CURVE_STYLE('',#21,POSITIVE_LENGTH_MEASURE(2.E-2),#8);
#2471=PRESENTATION_STYLE_ASSIGNMENT((#2470));
#2472=STYLED_ITEM('',(#2471),#2469);
#2473=DIRECTION('',(2.983903743130E-1,-9.544439137620E-1,-9.570546186737E-14));
#2474=VECTOR('',#2473,9.396335720031E-1);
#2475=CARTESIAN_POINT('',(4.179622386733E0,-2.112291802358E0,
6.499818912489E-1));
#2476=LINE('',#2475,#2474);
#2477=CURVE_STYLE('',#21,POSITIVE_LENGTH_MEASURE(2.E-2),#8);
#2478=PRESENTATION_STYLE_ASSIGNMENT((#2477));
#2479=STYLED_ITEM('',(#2478),#2476);
#2480=CARTESIAN_POINT('',(4.4755E0,-2.019790786323E0,6.499818912490E-1));
#2481=DIRECTION('',(0.E0,2.636291895114E-14,1.E0));
#2482=DIRECTION('',(-1.E0,-4.694452711867E-12,0.E0));
#2483=AXIS2_PLACEMENT_3D('',#2480,#2481,#2482);
#2485=CURVE_STYLE('',#21,POSITIVE_LENGTH_MEASURE(2.E-2),#8);
#2486=PRESENTATION_STYLE_ASSIGNMENT((#2485));
#2487=STYLED_ITEM('',(#2486),#2484);
#2488=DIRECTION('',(1.E0,0.E0,0.E0));
#2489=VECTOR('',#2488,1.5155E0);
#2490=CARTESIAN_POINT('',(2.65E0,1.024880653677E0,1.066998189125E1));
#2491=LINE('',#2490,#2489);
#2492=CURVE_STYLE('',#21,POSITIVE_LENGTH_MEASURE(2.E-2),#8);
#2493=PRESENTATION_STYLE_ASSIGNMENT((#2492));
#2494=STYLED_ITEM('',(#2493),#2491);
#2495=DIRECTION('',(-7.071067811865E-1,0.E0,7.071067811865E-1));
#2496=VECTOR('',#2495,1.414213562373E-1);
#2497=CARTESIAN_POINT('',(6.5E-1,1.024880653677E0,2.284981891249E0));
#2498=LINE('',#2497,#2496);
#2499=CURVE_STYLE('',#21,POSITIVE_LENGTH_MEASURE(2.E-2),#8);
#2500=PRESENTATION_STYLE_ASSIGNMENT((#2499));
#2501=STYLED_ITEM('',(#2500),#2498);
#2502=DIRECTION('',(7.071067811865E-1,-3.611212654973E-14,7.071067811865E-1));
#2503=VECTOR('',#2502,1.414213562373E-1);
#2504=CARTESIAN_POINT('',(5.5E-1,1.024880653677E0,8.849818912490E-1));
#2505=LINE('',#2504,#2503);
#2506=CURVE_STYLE('',#21,POSITIVE_LENGTH_MEASURE(2.E-2),#8);
#2507=PRESENTATION_STYLE_ASSIGNMENT((#2506));
#2508=STYLED_ITEM('',(#2507),#2505);
#2509=DIRECTION('',(-1.021004903225E-14,-1.E0,1.691950982487E-14));
#2510=VECTOR('',#2509,3.044671440001E0);
#2511=CARTESIAN_POINT('',(4.1655E0,1.024880653677E0,1.066998189125E1));
#2512=LINE('',#2511,#2510);
#2513=CURVE_STYLE('',#21,POSITIVE_LENGTH_MEASURE(2.E-2),#8);
#2514=PRESENTATION_STYLE_ASSIGNMENT((#2513));
#2515=STYLED_ITEM('',(#2514),#2512);
#2516=DIRECTION('',(0.E0,5.083536164651E-14,1.E0));
#2517=VECTOR('',#2516,1.002E1);
#2518=CARTESIAN_POINT('',(4.1655E0,1.024880653677E0,6.499818912489E-1));
#2519=LINE('',#2518,#2517);
#2520=CURVE_STYLE('',#21,POSITIVE_LENGTH_MEASURE(2.E-2),#8);
#2521=PRESENTATION_STYLE_ASSIGNMENT((#2520));
#2522=STYLED_ITEM('',(#2521),#2519);
#2523=DIRECTION('',(0.E0,1.E0,-1.775819242395E-14));
#2524=VECTOR('',#2523,3.044671440001E0);
#2525=CARTESIAN_POINT('',(4.1655E0,-2.019790786324E0,6.499818912489E-1));
#2526=LINE('',#2525,#2524);
#2527=CURVE_STYLE('',#21,POSITIVE_LENGTH_MEASURE(2.E-2),#8);
#2528=PRESENTATION_STYLE_ASSIGNMENT((#2527));
#2529=STYLED_ITEM('',(#2528),#2526);
#2530=CARTESIAN_POINT('',(4.4755E0,-2.019790786323E0,1.066998189125E1));
#2531=DIRECTION('',(0.E0,-2.636291895114E-14,-1.E0));
#2532=DIRECTION('',(-9.544439137707E-1,-2.983903742851E-1,0.E0));
#2533=AXIS2_PLACEMENT_3D('',#2530,#2531,#2532);
#2535=CURVE_STYLE('',#21,POSITIVE_LENGTH_MEASURE(2.E-2),#8);
#2536=PRESENTATION_STYLE_ASSIGNMENT((#2535));
#2537=STYLED_ITEM('',(#2536),#2534);
#2538=DIRECTION('',(-2.983903743130E-1,9.544439137620E-1,9.452391295545E-14));
#2539=VECTOR('',#2538,9.396335720028E-1);
#2540=CARTESIAN_POINT('',(4.46E0,-3.009119346322E0,1.066998189125E1));
#2541=LINE('',#2540,#2539);
#2542=CURVE_STYLE('',#21,POSITIVE_LENGTH_MEASURE(2.E-2),#8);
#2543=PRESENTATION_STYLE_ASSIGNMENT((#2542));
#2544=STYLED_ITEM('',(#2543),#2541);
#2545=DIRECTION('',(-2.983903743130E-1,-9.544439137620E-1,5.482386951443E-14));
#2546=VECTOR('',#2545,9.396335719982E-1);
#2547=CARTESIAN_POINT('',(-6.679622386734E0,-2.112291802362E0,
1.066998189125E1));
#2548=LINE('',#2547,#2546);
#2549=CURVE_STYLE('',#21,POSITIVE_LENGTH_MEASURE(2.E-2),#8);
#2550=PRESENTATION_STYLE_ASSIGNMENT((#2549));
#2551=STYLED_ITEM('',(#2550),#2548);
#2552=CARTESIAN_POINT('',(-6.9755E0,-2.019790786323E0,1.066998189125E1));
#2553=DIRECTION('',(0.E0,-2.636291895114E-14,-1.E0));
#2554=DIRECTION('',(1.E0,1.019972636817E-12,0.E0));
#2555=AXIS2_PLACEMENT_3D('',#2552,#2553,#2554);
#2557=CURVE_STYLE('',#21,POSITIVE_LENGTH_MEASURE(2.E-2),#8);
#2558=PRESENTATION_STYLE_ASSIGNMENT((#2557));
#2559=STYLED_ITEM('',(#2558),#2556);
#2560=DIRECTION('',(-1.030103837281E-14,-1.E0,1.785513317954E-14));
#2561=VECTOR('',#2560,3.88E0);
#2562=CARTESIAN_POINT('',(-5.15E0,1.024880653678E0,1.066998189125E1));
#2563=LINE('',#2562,#2561);
#2564=CURVE_STYLE('',#21,POSITIVE_LENGTH_MEASURE(2.E-2),#8);
#2565=PRESENTATION_STYLE_ASSIGNMENT((#2564));
#2566=STYLED_ITEM('',(#2565),#2563);
#2567=DIRECTION('',(0.E0,6.245899854665E-14,1.E0));
#2568=VECTOR('',#2567,7.750000000001E0);
#2569=CARTESIAN_POINT('',(-5.15E0,1.024880653677E0,2.919981891248E0));
#2570=LINE('',#2569,#2568);
#2571=CURVE_STYLE('',#21,POSITIVE_LENGTH_MEASURE(2.E-2),#8);
#2572=PRESENTATION_STYLE_ASSIGNMENT((#2571));
#2573=STYLED_ITEM('',(#2572),#2570);
#2574=DIRECTION('',(7.071067811865E-1,1.460185986581E-13,-7.071067811865E-1));
#2575=VECTOR('',#2574,1.414213562368E-1);
#2576=CARTESIAN_POINT('',(-3.15E0,1.024880653677E0,9.849818912487E-1));
#2577=LINE('',#2576,#2575);
#2578=CURVE_STYLE('',#21,POSITIVE_LENGTH_MEASURE(2.E-2),#8);
#2579=PRESENTATION_STYLE_ASSIGNMENT((#2578));
#2580=STYLED_ITEM('',(#2579),#2577);
#2581=DIRECTION('',(-7.071067811865E-1,-1.099064721079E-13,-7.071067811865E-1));
#2582=VECTOR('',#2581,1.414213562373E-1);
#2583=CARTESIAN_POINT('',(-3.05E0,1.024880653677E0,2.384981891249E0));
#2584=LINE('',#2583,#2582);
#2585=CURVE_STYLE('',#21,POSITIVE_LENGTH_MEASURE(2.E-2),#8);
#2586=PRESENTATION_STYLE_ASSIGNMENT((#2585));
#2587=STYLED_ITEM('',(#2586),#2584);
#2588=DIRECTION('',(1.E0,-1.010958610348E-14,-1.289338517546E-14));
#2589=VECTOR('',#2588,1.5155E0);
#2590=CARTESIAN_POINT('',(-6.6655E0,1.024880653678E0,1.066998189125E1));
#2591=LINE('',#2590,#2589);
#2592=CURVE_STYLE('',#21,POSITIVE_LENGTH_MEASURE(2.E-2),#8);
#2593=PRESENTATION_STYLE_ASSIGNMENT((#2592));
#2594=STYLED_ITEM('',(#2593),#2591);
#2595=DIRECTION('',(-1.536689646783E-14,-1.E0,2.636339118792E-14));
#2596=VECTOR('',#2595,3.15E0);
#2597=CARTESIAN_POINT('',(-3.E0,1.024880653677E0,6.499818912488E-1));
#2598=LINE('',#2597,#2596);
#2599=CURVE_STYLE('',#21,POSITIVE_LENGTH_MEASURE(2.E-2),#8);
#2600=PRESENTATION_STYLE_ASSIGNMENT((#2599));
#2601=STYLED_ITEM('',(#2600),#2598);
#2602=DIRECTION('',(-6.992042878485E-14,-2.267689582211E-14,-1.E0));
#2603=VECTOR('',#2602,2.350000000002E-1);
#2604=CARTESIAN_POINT('',(-3.E0,-2.125119346323E0,8.849818912491E-1));
#2605=LINE('',#2604,#2603);
#2606=CURVE_STYLE('',#21,POSITIVE_LENGTH_MEASURE(2.E-2),#8);
#2607=PRESENTATION_STYLE_ASSIGNMENT((#2606));
#2608=STYLED_ITEM('',(#2607),#2605);
#2609=DIRECTION('',(0.E0,-2.201548636063E-13,1.E0));
#2610=VECTOR('',#2609,2.350000000002E-1);
#2611=CARTESIAN_POINT('',(-3.E0,1.024880653677E0,6.499818912488E-1));
#2612=LINE('',#2611,#2610);
#2613=CURVE_STYLE('',#21,POSITIVE_LENGTH_MEASURE(2.E-2),#8);
#2614=PRESENTATION_STYLE_ASSIGNMENT((#2613));
#2615=STYLED_ITEM('',(#2614),#2612);
#2616=DIRECTION('',(1.E0,-1.598721155460E-14,0.E0));
#2617=VECTOR('',#2616,1.E0);
#2618=CARTESIAN_POINT('',(-3.E0,-2.125119346323E0,6.499818912489E-1));
#2619=LINE('',#2618,#2617);
#2620=CURVE_STYLE('',#21,POSITIVE_LENGTH_MEASURE(2.E-2),#8);
#2621=PRESENTATION_STYLE_ASSIGNMENT((#2620));
#2622=STYLED_ITEM('',(#2621),#2619);
#2623=DIRECTION('',(3.401534373317E-14,-4.724353296274E-14,-1.E0));
#2624=VECTOR('',#2623,2.350000000002E-1);
#2625=CARTESIAN_POINT('',(-2.E0,-2.125119346323E0,8.849818912490E-1));
#2626=LINE('',#2625,#2624);
#2627=CURVE_STYLE('',#21,POSITIVE_LENGTH_MEASURE(2.E-2),#8);
#2628=PRESENTATION_STYLE_ASSIGNMENT((#2627));
#2629=STYLED_ITEM('',(#2628),#2626);
#2630=DIRECTION('',(-7.071067811865E-1,0.E0,-7.071067811865E-1));
#2631=VECTOR('',#2630,1.414213562373E-1);
#2632=CARTESIAN_POINT('',(-1.85E0,-2.125119346323E0,9.849818912491E-1));
#2633=LINE('',#2632,#2631);
#2634=CURVE_STYLE('',#21,POSITIVE_LENGTH_MEASURE(2.E-2),#8);
#2635=PRESENTATION_STYLE_ASSIGNMENT((#2634));
#2636=STYLED_ITEM('',(#2635),#2633);
#2637=DIRECTION('',(7.071067811865E-1,3.140184917368E-14,-7.071067811865E-1));
#2638=VECTOR('',#2637,1.414213562373E-1);
#2639=CARTESIAN_POINT('',(-1.95E0,-2.125119346323E0,2.384981891249E0));
#2640=LINE('',#2639,#2638);
#2641=CURVE_STYLE('',#21,POSITIVE_LENGTH_MEASURE(2.E-2),#8);
#2642=PRESENTATION_STYLE_ASSIGNMENT((#2641));
#2643=STYLED_ITEM('',(#2642),#2640);
#2644=DIRECTION('',(0.E0,-1.245109934159E-14,-1.E0));
#2645=VECTOR('',#2644,5.35E-1);
#2646=CARTESIAN_POINT('',(-2.E0,-2.125119346323E0,2.919981891249E0));
#2647=LINE('',#2646,#2645);
#2648=CURVE_STYLE('',#21,POSITIVE_LENGTH_MEASURE(2.E-2),#8);
#2649=PRESENTATION_STYLE_ASSIGNMENT((#2648));
#2650=STYLED_ITEM('',(#2649),#2647);
#2651=DIRECTION('',(1.E0,-1.065814103640E-14,-1.421085471520E-14));
#2652=VECTOR('',#2651,1.E0);
#2653=CARTESIAN_POINT('',(-3.E0,-2.125119346323E0,2.919981891249E0));
#2654=LINE('',#2653,#2652);
#2655=CURVE_STYLE('',#21,POSITIVE_LENGTH_MEASURE(2.E-2),#8);
#2656=PRESENTATION_STYLE_ASSIGNMENT((#2655));
#2657=STYLED_ITEM('',(#2656),#2654);
#2658=DIRECTION('',(7.071067811865E-1,3.454203409104E-14,7.071067811865E-1));
#2659=VECTOR('',#2658,1.414213562373E-1);
#2660=CARTESIAN_POINT('',(-3.15E0,-2.125119346323E0,2.284981891249E0));
#2661=LINE('',#2660,#2659);
#2662=CURVE_STYLE('',#21,POSITIVE_LENGTH_MEASURE(2.E-2),#8);
#2663=PRESENTATION_STYLE_ASSIGNMENT((#2662));
#2664=STYLED_ITEM('',(#2663),#2661);
#2665=DIRECTION('',(-7.071067811865E-1,-7.222425309945E-14,7.071067811865E-1));
#2666=VECTOR('',#2665,1.414213562373E-1);
#2667=CARTESIAN_POINT('',(-3.05E0,-2.125119346323E0,8.849818912491E-1));
#2668=LINE('',#2667,#2666);
#2669=CURVE_STYLE('',#21,POSITIVE_LENGTH_MEASURE(2.E-2),#8);
#2670=PRESENTATION_STYLE_ASSIGNMENT((#2669));
#2671=STYLED_ITEM('',(#2670),#2668);
#2672=DIRECTION('',(1.536689646783E-14,1.E0,-2.632814601254E-14));
#2673=VECTOR('',#2672,3.15E0);
#2674=CARTESIAN_POINT('',(-2.E0,-2.125119346323E0,6.499818912489E-1));
#2675=LINE('',#2674,#2673);
#2676=CURVE_STYLE('',#21,POSITIVE_LENGTH_MEASURE(2.E-2),#8);
#2677=PRESENTATION_STYLE_ASSIGNMENT((#2676));
#2678=STYLED_ITEM('',(#2677),#2675);
#2679=DIRECTION('',(1.039357725180E-13,1.993677091027E-13,-1.E0));
#2680=VECTOR('',#2679,2.350000000002E-1);
#2681=CARTESIAN_POINT('',(-2.E0,1.024880653677E0,8.849818912490E-1));
#2682=LINE('',#2681,#2680);
#2683=CURVE_STYLE('',#21,POSITIVE_LENGTH_MEASURE(2.E-2),#8);
#2684=PRESENTATION_STYLE_ASSIGNMENT((#2683));
#2685=STYLED_ITEM('',(#2684),#2682);
#2686=DIRECTION('',(-1.E0,1.539509260814E-14,0.E0));
#2687=VECTOR('',#2686,1.5E0);
#2688=CARTESIAN_POINT('',(-5.E-1,1.024880653677E0,6.499818912488E-1));
#2689=LINE('',#2688,#2687);
#2690=CURVE_STYLE('',#21,POSITIVE_LENGTH_MEASURE(2.E-2),#8);
#2691=PRESENTATION_STYLE_ASSIGNMENT((#2690));
#2692=STYLED_ITEM('',(#2691),#2689);
#2693=DIRECTION('',(7.071067811865E-1,9.891582489708E-14,-7.071067811865E-1));
#2694=VECTOR('',#2693,1.414213562373E-1);
#2695=CARTESIAN_POINT('',(-6.5E-1,1.024880653677E0,9.849818912490E-1));
#2696=LINE('',#2695,#2694);
#2697=CURVE_STYLE('',#21,POSITIVE_LENGTH_MEASURE(2.E-2),#8);
#2698=PRESENTATION_STYLE_ASSIGNMENT((#2697));
#2699=STYLED_ITEM('',(#2698),#2696);
#2700=DIRECTION('',(-7.071067811865E-1,-6.594388326472E-14,-7.071067811865E-1));
#2701=VECTOR('',#2700,1.414213562373E-1);
#2702=CARTESIAN_POINT('',(-5.5E-1,1.024880653677E0,2.384981891249E0));
#2703=LINE('',#2702,#2701);
#2704=CURVE_STYLE('',#21,POSITIVE_LENGTH_MEASURE(2.E-2),#8);
#2705=PRESENTATION_STYLE_ASSIGNMENT((#2704));
#2706=STYLED_ITEM('',(#2705),#2703);
#2707=DIRECTION('',(-7.071067811865E-1,4.239249638446E-14,7.071067811865E-1));
#2708=VECTOR('',#2707,1.414213562373E-1);
#2709=CARTESIAN_POINT('',(-1.85E0,1.024880653677E0,2.284981891249E0));
#2710=LINE('',#2709,#2708);
#2711=CURVE_STYLE('',#21,POSITIVE_LENGTH_MEASURE(2.E-2),#8);
#2712=PRESENTATION_STYLE_ASSIGNMENT((#2711));
#2713=STYLED_ITEM('',(#2712),#2710);
#2714=DIRECTION('',(7.071067811865E-1,-8.007471539314E-14,7.071067811865E-1));
#2715=VECTOR('',#2714,1.414213562368E-1);
#2716=CARTESIAN_POINT('',(-1.95E0,1.024880653677E0,8.849818912490E-1));
#2717=LINE('',#2716,#2715);
#2718=CURVE_STYLE('',#21,POSITIVE_LENGTH_MEASURE(2.E-2),#8);
#2719=PRESENTATION_STYLE_ASSIGNMENT((#2718));
#2720=STYLED_ITEM('',(#2719),#2717);
#2721=DIRECTION('',(-1.536689646783E-14,-1.E0,2.632814601254E-14));
#2722=VECTOR('',#2721,3.15E0);
#2723=CARTESIAN_POINT('',(-5.E-1,1.024880653677E0,6.499818912488E-1));
#2724=LINE('',#2723,#2722);
#2725=CURVE_STYLE('',#21,POSITIVE_LENGTH_MEASURE(2.E-2),#8);
#2726=PRESENTATION_STYLE_ASSIGNMENT((#2725));
#2727=STYLED_ITEM('',(#2726),#2724);
#2728=DIRECTION('',(-6.897555812559E-14,0.E0,-1.E0));
#2729=VECTOR('',#2728,2.350000000002E-1);
#2730=CARTESIAN_POINT('',(-5.E-1,-2.125119346323E0,8.849818912491E-1));
#2731=LINE('',#2730,#2729);
#2732=CURVE_STYLE('',#21,POSITIVE_LENGTH_MEASURE(2.E-2),#8);
#2733=PRESENTATION_STYLE_ASSIGNMENT((#2732));
#2734=STYLED_ITEM('',(#2733),#2731);
#2735=DIRECTION('',(0.E0,-1.398408575697E-13,1.E0));
#2736=VECTOR('',#2735,2.350000000002E-1);
#2737=CARTESIAN_POINT('',(-5.E-1,1.024880653677E0,6.499818912488E-1));
#2738=LINE('',#2737,#2736);
#2739=CURVE_STYLE('',#21,POSITIVE_LENGTH_MEASURE(2.E-2),#8);
#2740=PRESENTATION_STYLE_ASSIGNMENT((#2739));
#2741=STYLED_ITEM('',(#2740),#2738);
#2742=DIRECTION('',(1.E0,-1.598721155460E-14,0.E0));
#2743=VECTOR('',#2742,1.E0);
#2744=CARTESIAN_POINT('',(-5.E-1,-2.125119346323E0,6.499818912489E-1));
#2745=LINE('',#2744,#2743);
#2746=CURVE_STYLE('',#21,POSITIVE_LENGTH_MEASURE(2.E-2),#8);
#2747=PRESENTATION_STYLE_ASSIGNMENT((#2746));
#2748=STYLED_ITEM('',(#2747),#2745);
#2749=DIRECTION('',(3.401534373317E-14,-2.645637845913E-14,-1.E0));
#2750=VECTOR('',#2749,2.350000000002E-1);
#2751=CARTESIAN_POINT('',(5.E-1,-2.125119346323E0,8.849818912490E-1));
#2752=LINE('',#2751,#2750);
#2753=CURVE_STYLE('',#21,POSITIVE_LENGTH_MEASURE(2.E-2),#8);
#2754=PRESENTATION_STYLE_ASSIGNMENT((#2753));
#2755=STYLED_ITEM('',(#2754),#2752);
#2756=DIRECTION('',(-7.071067811865E-1,-2.198129442157E-14,-7.071067811865E-1));
#2757=VECTOR('',#2756,1.414213562373E-1);
#2758=CARTESIAN_POINT('',(6.5E-1,-2.125119346323E0,9.849818912491E-1));
#2759=LINE('',#2758,#2757);
#2760=CURVE_STYLE('',#21,POSITIVE_LENGTH_MEASURE(2.E-2),#8);
#2761=PRESENTATION_STYLE_ASSIGNMENT((#2760));
#2762=STYLED_ITEM('',(#2761),#2759);
#2763=DIRECTION('',(7.071067811865E-1,7.536443801682E-14,-7.071067811865E-1));
#2764=VECTOR('',#2763,1.414213562373E-1);
#2765=CARTESIAN_POINT('',(5.5E-1,-2.125119346323E0,2.384981891249E0));
#2766=LINE('',#2765,#2764);
#2767=CURVE_STYLE('',#21,POSITIVE_LENGTH_MEASURE(2.E-2),#8);
#2768=PRESENTATION_STYLE_ASSIGNMENT((#2767));
#2769=STYLED_ITEM('',(#2768),#2766);
#2770=DIRECTION('',(0.E0,-1.245109934159E-14,-1.E0));
#2771=VECTOR('',#2770,5.35E-1);
#2772=CARTESIAN_POINT('',(5.E-1,-2.125119346323E0,2.919981891249E0));
#2773=LINE('',#2772,#2771);
#2774=CURVE_STYLE('',#21,POSITIVE_LENGTH_MEASURE(2.E-2),#8);
#2775=PRESENTATION_STYLE_ASSIGNMENT((#2774));
#2776=STYLED_ITEM('',(#2775),#2773);
#2777=DIRECTION('',(1.E0,-1.021405182655E-14,-1.421085471520E-14));
#2778=VECTOR('',#2777,1.E0);
#2779=CARTESIAN_POINT('',(-5.E-1,-2.125119346323E0,2.919981891249E0));
#2780=LINE('',#2779,#2778);
#2781=CURVE_STYLE('',#21,POSITIVE_LENGTH_MEASURE(2.E-2),#8);
#2782=PRESENTATION_STYLE_ASSIGNMENT((#2781));
#2783=STYLED_ITEM('',(#2782),#2780);
#2784=DIRECTION('',(7.071067811865E-1,0.E0,7.071067811865E-1));
#2785=VECTOR('',#2784,1.414213562373E-1);
#2786=CARTESIAN_POINT('',(-6.5E-1,-2.125119346323E0,2.284981891249E0));
#2787=LINE('',#2786,#2785);
#2788=CURVE_STYLE('',#21,POSITIVE_LENGTH_MEASURE(2.E-2),#8);
#2789=PRESENTATION_STYLE_ASSIGNMENT((#2788));
#2790=STYLED_ITEM('',(#2789),#2787);
#2791=DIRECTION('',(-7.071067811865E-1,-3.768221900841E-14,7.071067811865E-1));
#2792=VECTOR('',#2791,1.414213562373E-1);
#2793=CARTESIAN_POINT('',(-5.5E-1,-2.125119346323E0,8.849818912491E-1));
#2794=LINE('',#2793,#2792);
#2795=CURVE_STYLE('',#21,POSITIVE_LENGTH_MEASURE(2.E-2),#8);
#2796=PRESENTATION_STYLE_ASSIGNMENT((#2795));
#2797=STYLED_ITEM('',(#2796),#2794);
#2798=DIRECTION('',(1.529640611706E-14,1.E0,-2.632814601254E-14));
#2799=VECTOR('',#2798,3.15E0);
#2800=CARTESIAN_POINT('',(5.E-1,-2.125119346323E0,6.499818912489E-1));
#2801=LINE('',#2800,#2799);
#2802=CURVE_STYLE('',#21,POSITIVE_LENGTH_MEASURE(2.E-2),#8);
#2803=PRESENTATION_STYLE_ASSIGNMENT((#2802));
#2804=STYLED_ITEM('',(#2803),#2801);
#2805=DIRECTION('',(1.020460311995E-13,1.181088324068E-13,-1.E0));
#2806=VECTOR('',#2805,2.350000000002E-1);
#2807=CARTESIAN_POINT('',(5.E-1,1.024880653677E0,8.849818912490E-1));
#2808=LINE('',#2807,#2806);
#2809=CURVE_STYLE('',#21,POSITIVE_LENGTH_MEASURE(2.E-2),#8);
#2810=PRESENTATION_STYLE_ASSIGNMENT((#2809));
#2811=STYLED_ITEM('',(#2810),#2808);
#2812=DIRECTION('',(-1.018585568624E-14,-1.E0,1.758734251708E-14));
#2813=VECTOR('',#2812,3.15E0);
#2814=CARTESIAN_POINT('',(5.E-1,1.024880653677E0,8.849818912490E-1));
#2815=LINE('',#2814,#2813);
#2816=CURVE_STYLE('',#21,POSITIVE_LENGTH_MEASURE(2.E-2),#8);
#2817=PRESENTATION_STYLE_ASSIGNMENT((#2816));
#2818=STYLED_ITEM('',(#2817),#2815);
#2819=DIRECTION('',(-1.E0,1.465494392506E-13,-2.753353101072E-13));
#2820=VECTOR('',#2819,4.999999999998E-2);
#2821=CARTESIAN_POINT('',(5.5E-1,1.024880653677E0,8.849818912490E-1));
#2822=LINE('',#2821,#2820);
#2823=CURVE_STYLE('',#21,POSITIVE_LENGTH_MEASURE(2.E-2),#8);
#2824=PRESENTATION_STYLE_ASSIGNMENT((#2823));
#2825=STYLED_ITEM('',(#2824),#2822);
#2826=DIRECTION('',(1.022110086163E-14,1.E0,-1.758734251708E-14));
#2827=VECTOR('',#2826,3.15E0);
#2828=CARTESIAN_POINT('',(5.5E-1,-2.125119346323E0,8.849818912491E-1));
#2829=LINE('',#2828,#2827);
#2830=CURVE_STYLE('',#21,POSITIVE_LENGTH_MEASURE(2.E-2),#8);
#2831=PRESENTATION_STYLE_ASSIGNMENT((#2830));
#2832=STYLED_ITEM('',(#2831),#2829);
#2833=DIRECTION('',(1.E0,-7.105427357604E-14,2.775557561564E-13));
#2834=VECTOR('',#2833,4.999999999998E-2);
#2835=CARTESIAN_POINT('',(5.E-1,-2.125119346323E0,8.849818912490E-1));
#2836=LINE('',#2835,#2834);
#2837=CURVE_STYLE('',#21,POSITIVE_LENGTH_MEASURE(2.E-2),#8);
#2838=PRESENTATION_STYLE_ASSIGNMENT((#2837));
#2839=STYLED_ITEM('',(#2838),#2836);
#2840=DIRECTION('',(1.022110086163E-14,1.E0,-1.762258769246E-14));
#2841=VECTOR('',#2840,3.15E0);
#2842=CARTESIAN_POINT('',(6.5E-1,-2.125119346323E0,9.849818912491E-1));
#2843=LINE('',#2842,#2841);
#2844=CURVE_STYLE('',#21,POSITIVE_LENGTH_MEASURE(2.E-2),#8);
#2845=PRESENTATION_STYLE_ASSIGNMENT((#2844));
#2846=STYLED_ITEM('',(#2845),#2843);
#2847=DIRECTION('',(0.E0,1.366428338E-14,1.E0));
#2848=VECTOR('',#2847,1.3E0);
#2849=CARTESIAN_POINT('',(6.5E-1,-2.125119346323E0,9.849818912491E-1));
#2850=LINE('',#2849,#2848);
#2851=CURVE_STYLE('',#21,POSITIVE_LENGTH_MEASURE(2.E-2),#8);
#2852=PRESENTATION_STYLE_ASSIGNMENT((#2851));
#2853=STYLED_ITEM('',(#2852),#2850);
#2854=DIRECTION('',(0.E0,-3.450231553450E-14,-1.E0));
#2855=VECTOR('',#2854,1.3E0);
#2856=CARTESIAN_POINT('',(6.5E-1,1.024880653677E0,2.284981891249E0));
#2857=LINE('',#2856,#2855);
#2858=CURVE_STYLE('',#21,POSITIVE_LENGTH_MEASURE(2.E-2),#8);
#2859=PRESENTATION_STYLE_ASSIGNMENT((#2858));
#2860=STYLED_ITEM('',(#2859),#2857);
#2861=DIRECTION('',(1.022110086163E-14,1.E0,-1.748160699092E-14));
#2862=VECTOR('',#2861,3.15E0);
#2863=CARTESIAN_POINT('',(6.5E-1,-2.125119346323E0,2.284981891249E0));
#2864=LINE('',#2863,#2862);
#2865=CURVE_STYLE('',#21,POSITIVE_LENGTH_MEASURE(2.E-2),#8);
#2866=PRESENTATION_STYLE_ASSIGNMENT((#2865));
#2867=STYLED_ITEM('',(#2866),#2864);
#2868=DIRECTION('',(1.029159121240E-14,1.E0,-1.762258769246E-14));
#2869=VECTOR('',#2868,3.15E0);
#2870=CARTESIAN_POINT('',(5.5E-1,-2.125119346323E0,2.384981891249E0));
#2871=LINE('',#2870,#2869);
#2872=CURVE_STYLE('',#21,POSITIVE_LENGTH_MEASURE(2.E-2),#8);
#2873=PRESENTATION_STYLE_ASSIGNMENT((#2872));
#2874=STYLED_ITEM('',(#2873),#2871);
#2875=DIRECTION('',(1.020347827394E-14,1.E0,-1.762258769246E-14));
#2876=VECTOR('',#2875,3.15E0);
#2877=CARTESIAN_POINT('',(5.E-1,-2.125119346323E0,2.384981891249E0));
#2878=LINE('',#2877,#2876);
#2879=CURVE_STYLE('',#21,POSITIVE_LENGTH_MEASURE(2.E-2),#8);
#2880=PRESENTATION_STYLE_ASSIGNMENT((#2879));
#2881=STYLED_ITEM('',(#2880),#2878);
#2882=DIRECTION('',(-1.E0,4.085620730623E-13,-2.753353101072E-13));
#2883=VECTOR('',#2882,4.999999999998E-2);
#2884=CARTESIAN_POINT('',(5.5E-1,-2.125119346323E0,2.384981891249E0));
#2885=LINE('',#2884,#2883);
#2886=CURVE_STYLE('',#21,POSITIVE_LENGTH_MEASURE(2.E-2),#8);
#2887=PRESENTATION_STYLE_ASSIGNMENT((#2886));
#2888=STYLED_ITEM('',(#2887),#2885);
#2889=DIRECTION('',(1.E0,6.661338147754E-14,2.664535259102E-13));
#2890=VECTOR('',#2889,4.999999999998E-2);
#2891=CARTESIAN_POINT('',(5.E-1,1.024880653677E0,2.384981891249E0));
#2892=LINE('',#2891,#2890);
#2893=CURVE_STYLE('',#21,POSITIVE_LENGTH_MEASURE(2.E-2),#8);
#2894=PRESENTATION_STYLE_ASSIGNMENT((#2893));
#2895=STYLED_ITEM('',(#2894),#2892);
#2896=DIRECTION('',(0.E0,0.E0,-1.E0));
#2897=VECTOR('',#2896,5.349999999996E-1);
#2898=CARTESIAN_POINT('',(5.E-1,1.024880653677E0,2.919981891249E0));
#2899=LINE('',#2898,#2897);
#2900=CURVE_STYLE('',#21,POSITIVE_LENGTH_MEASURE(2.E-2),#8);
#2901=PRESENTATION_STYLE_ASSIGNMENT((#2900));
#2902=STYLED_ITEM('',(#2901),#2899);
#2903=DIRECTION('',(1.018585568624E-14,1.E0,-1.233581138472E-13));
#2904=VECTOR('',#2903,3.15E0);
#2905=CARTESIAN_POINT('',(5.E-1,-2.125119346323E0,2.919981891249E0));
#2906=LINE('',#2905,#2904);
#2907=CURVE_STYLE('',#21,POSITIVE_LENGTH_MEASURE(2.E-2),#8);
#2908=PRESENTATION_STYLE_ASSIGNMENT((#2907));
#2909=STYLED_ITEM('',(#2908),#2906);
#2910=DIRECTION('',(-1.E0,1.021405182655E-14,0.E0));
#2911=VECTOR('',#2910,1.5E0);
#2912=CARTESIAN_POINT('',(-5.E-1,1.024880653677E0,2.919981891249E0));
#2913=LINE('',#2912,#2911);
#2914=CURVE_STYLE('',#21,POSITIVE_LENGTH_MEASURE(2.E-2),#8);
#2915=PRESENTATION_STYLE_ASSIGNMENT((#2914));
#2916=STYLED_ITEM('',(#2915),#2913);
#2917=DIRECTION('',(-1.E0,3.139607437080E-14,0.E0));
#2918=VECTOR('',#2917,2.15E0);
#2919=CARTESIAN_POINT('',(2.65E0,1.024880653677E0,2.919981891249E0));
#2920=LINE('',#2919,#2918);
#2921=CURVE_STYLE('',#21,POSITIVE_LENGTH_MEASURE(2.E-2),#8);
#2922=PRESENTATION_STYLE_ASSIGNMENT((#2921));
#2923=STYLED_ITEM('',(#2922),#2920);
#2924=DIRECTION('',(1.018658239089E-14,1.E0,-1.034682076558E-13));
#2925=VECTOR('',#2924,3.879999999999E0);
#2926=CARTESIAN_POINT('',(2.65E0,-2.855119346322E0,2.919981891249E0));
#2927=LINE('',#2926,#2925);
#2928=CURVE_STYLE('',#21,POSITIVE_LENGTH_MEASURE(2.E-2),#8);
#2929=PRESENTATION_STYLE_ASSIGNMENT((#2928));
#2930=STYLED_ITEM('',(#2929),#2927);
#2931=DIRECTION('',(1.E0,-1.024821253500E-14,3.837386249217E-14));
#2932=VECTOR('',#2931,7.8E0);
#2933=CARTESIAN_POINT('',(-5.15E0,-2.855119346322E0,2.919981891249E0));
#2934=LINE('',#2933,#2932);
#2935=CURVE_STYLE('',#21,POSITIVE_LENGTH_MEASURE(2.E-2),#8);
#2936=PRESENTATION_STYLE_ASSIGNMENT((#2935));
#2937=STYLED_ITEM('',(#2936),#2934);
#2938=DIRECTION('',(-1.052995033665E-14,-1.E0,1.034682076558E-13));
#2939=VECTOR('',#2938,3.88E0);
#2940=CARTESIAN_POINT('',(-5.15E0,1.024880653677E0,2.919981891248E0));
#2941=LINE('',#2940,#2939);
#2942=CURVE_STYLE('',#21,POSITIVE_LENGTH_MEASURE(2.E-2),#8);
#2943=PRESENTATION_STYLE_ASSIGNMENT((#2942));
#2944=STYLED_ITEM('',(#2943),#2941);
#2945=DIRECTION('',(-1.E0,1.440708018002E-13,-1.511968844699E-13));
#2946=VECTOR('',#2945,2.15E0);
#2947=CARTESIAN_POINT('',(-3.E0,1.024880653677E0,2.919981891249E0));
#2948=LINE('',#2947,#2946);
#2949=CURVE_STYLE('',#21,POSITIVE_LENGTH_MEASURE(2.E-2),#8);
#2950=PRESENTATION_STYLE_ASSIGNMENT((#2949));
#2951=STYLED_ITEM('',(#2950),#2948);
#2952=DIRECTION('',(0.E0,-1.328117263103E-14,-1.E0));
#2953=VECTOR('',#2952,5.35E-1);
#2954=CARTESIAN_POINT('',(-3.E0,-2.125119346323E0,2.919981891249E0));
#2955=LINE('',#2954,#2953);
#2956=CURVE_STYLE('',#21,POSITIVE_LENGTH_MEASURE(2.E-2),#8);
#2957=PRESENTATION_STYLE_ASSIGNMENT((#2956));
#2958=STYLED_ITEM('',(#2957),#2955);
#2959=DIRECTION('',(-1.015061051086E-14,-1.E0,1.234990945488E-13));
#2960=VECTOR('',#2959,3.15E0);
#2961=CARTESIAN_POINT('',(-3.E0,1.024880653677E0,2.919981891249E0));
#2962=LINE('',#2961,#2960);
#2963=CURVE_STYLE('',#21,POSITIVE_LENGTH_MEASURE(2.E-2),#8);
#2964=PRESENTATION_STYLE_ASSIGNMENT((#2963));
#2965=STYLED_ITEM('',(#2964),#2962);
#2966=DIRECTION('',(0.E0,2.116686888072E-14,1.E0));
#2967=VECTOR('',#2966,5.349999999996E-1);
#2968=CARTESIAN_POINT('',(-3.E0,1.024880653677E0,2.384981891249E0));
#2969=LINE('',#2968,#2967);
#2970=CURVE_STYLE('',#21,POSITIVE_LENGTH_MEASURE(2.E-2),#8);
#2971=PRESENTATION_STYLE_ASSIGNMENT((#2970));
#2972=STYLED_ITEM('',(#2971),#2969);
#2973=DIRECTION('',(-1.015061051086E-14,-1.E0,1.762258769246E-14));
#2974=VECTOR('',#2973,3.15E0);
#2975=CARTESIAN_POINT('',(-3.E0,1.024880653677E0,2.384981891249E0));
#2976=LINE('',#2975,#2974);
#2977=CURVE_STYLE('',#21,POSITIVE_LENGTH_MEASURE(2.E-2),#8);
#2978=PRESENTATION_STYLE_ASSIGNMENT((#2977));
#2979=STYLED_ITEM('',(#2978),#2976);
#2980=DIRECTION('',(1.E0,-6.235012506295E-12,0.E0));
#2981=VECTOR('',#2980,5.E-2);
#2982=CARTESIAN_POINT('',(-3.05E0,1.024880653677E0,2.384981891249E0));
#2983=LINE('',#2982,#2981);
#2984=CURVE_STYLE('',#21,POSITIVE_LENGTH_MEASURE(2.E-2),#8);
#2985=PRESENTATION_STYLE_ASSIGNMENT((#2984));
#2986=STYLED_ITEM('',(#2985),#2983);
#2987=DIRECTION('',(1.015061051086E-14,1.E0,-1.762258769246E-14));
#2988=VECTOR('',#2987,3.15E0);
#2989=CARTESIAN_POINT('',(-3.05E0,-2.125119346323E0,2.384981891249E0));
#2990=LINE('',#2989,#2988);
#2991=CURVE_STYLE('',#21,POSITIVE_LENGTH_MEASURE(2.E-2),#8);
#2992=PRESENTATION_STYLE_ASSIGNMENT((#2991));
#2993=STYLED_ITEM('',(#2992),#2990);
#2994=DIRECTION('',(-1.E0,-3.463895836831E-13,0.E0));
#2995=VECTOR('',#2994,5.E-2);
#2996=CARTESIAN_POINT('',(-3.E0,-2.125119346323E0,2.384981891249E0));
#2997=LINE('',#2996,#2995);
#2998=CURVE_STYLE('',#21,POSITIVE_LENGTH_MEASURE(2.E-2),#8);
#2999=PRESENTATION_STYLE_ASSIGNMENT((#2998));
#3000=STYLED_ITEM('',(#2999),#2997);
#3001=DIRECTION('',(1.057355261548E-14,1.E0,-1.748160699092E-14));
#3002=VECTOR('',#3001,3.15E0);
#3003=CARTESIAN_POINT('',(-3.15E0,-2.125119346323E0,2.284981891249E0));
#3004=LINE('',#3003,#3002);
#3005=CURVE_STYLE('',#21,POSITIVE_LENGTH_MEASURE(2.E-2),#8);
#3006=PRESENTATION_STYLE_ASSIGNMENT((#3005));
#3007=STYLED_ITEM('',(#3006),#3004);
#3008=DIRECTION('',(0.E0,-1.366428338E-14,-1.E0));
#3009=VECTOR('',#3008,1.3E0);
#3010=CARTESIAN_POINT('',(-3.15E0,-2.125119346323E0,2.284981891249E0));
#3011=LINE('',#3010,#3009);
#3012=CURVE_STYLE('',#21,POSITIVE_LENGTH_MEASURE(2.E-2),#8);
#3013=PRESENTATION_STYLE_ASSIGNMENT((#3012));
#3014=STYLED_ITEM('',(#3013),#3011);
#3015=DIRECTION('',(0.E0,2.485191539737E-13,1.E0));
#3016=VECTOR('',#3015,1.3E0);
#3017=CARTESIAN_POINT('',(-3.15E0,1.024880653677E0,9.849818912487E-1));
#3018=LINE('',#3017,#3016);
#3019=CURVE_STYLE('',#21,POSITIVE_LENGTH_MEASURE(2.E-2),#8);
#3020=PRESENTATION_STYLE_ASSIGNMENT((#3019));
#3021=STYLED_ITEM('',(#3020),#3018);
#3022=DIRECTION('',(1.015061051086E-14,1.E0,-1.234990945488E-13));
#3023=VECTOR('',#3022,3.15E0);
#3024=CARTESIAN_POINT('',(-3.15E0,-2.125119346323E0,9.849818912491E-1));
#3025=LINE('',#3024,#3023);
#3026=CURVE_STYLE('',#21,POSITIVE_LENGTH_MEASURE(2.E-2),#8);
#3027=PRESENTATION_STYLE_ASSIGNMENT((#3026));
#3028=STYLED_ITEM('',(#3027),#3025);
#3029=DIRECTION('',(-9.572589634546E-14,1.E0,-1.758734251708E-14));
#3030=VECTOR('',#3029,3.15E0);
#3031=CARTESIAN_POINT('',(-3.05E0,-2.125119346323E0,8.849818912491E-1));
#3032=LINE('',#3031,#3030);
#3033=CURVE_STYLE('',#21,POSITIVE_LENGTH_MEASURE(2.E-2),#8);
#3034=PRESENTATION_STYLE_ASSIGNMENT((#3033));
#3035=STYLED_ITEM('',(#3034),#3032);
#3036=DIRECTION('',(1.015061051086E-14,1.E0,-1.758734251708E-14));
#3037=VECTOR('',#3036,3.15E0);
#3038=CARTESIAN_POINT('',(-3.E0,-2.125119346323E0,8.849818912491E-1));
#3039=LINE('',#3038,#3037);
#3040=CURVE_STYLE('',#21,POSITIVE_LENGTH_MEASURE(2.E-2),#8);
#3041=PRESENTATION_STYLE_ASSIGNMENT((#3040));
#3042=STYLED_ITEM('',(#3041),#3039);
#3043=DIRECTION('',(1.E0,1.776356839400E-14,0.E0));
#3044=VECTOR('',#3043,5.E-2);
#3045=CARTESIAN_POINT('',(-3.05E0,-2.125119346323E0,8.849818912491E-1));
#3046=LINE('',#3045,#3044);
#3047=CURVE_STYLE('',#21,POSITIVE_LENGTH_MEASURE(2.E-2),#8);
#3048=PRESENTATION_STYLE_ASSIGNMENT((#3047));
#3049=STYLED_ITEM('',(#3048),#3046);
#3050=DIRECTION('',(-1.E0,4.662936703395E-13,0.E0));
#3051=VECTOR('',#3050,5.000000000033E-2);
#3052=CARTESIAN_POINT('',(-3.E0,1.024880653677E0,8.849818912490E-1));
#3053=LINE('',#3052,#3051);
#3054=CURVE_STYLE('',#21,POSITIVE_LENGTH_MEASURE(2.E-2),#8);
#3055=PRESENTATION_STYLE_ASSIGNMENT((#3054));
#3056=STYLED_ITEM('',(#3055),#3053);
#3057=DIRECTION('',(0.E0,-2.116686888072E-14,-1.E0));
#3058=VECTOR('',#3057,5.349999999996E-1);
#3059=CARTESIAN_POINT('',(-2.E0,1.024880653677E0,2.919981891249E0));
#3060=LINE('',#3059,#3058);
#3061=CURVE_STYLE('',#21,POSITIVE_LENGTH_MEASURE(2.E-2),#8);
#3062=PRESENTATION_STYLE_ASSIGNMENT((#3061));
#3063=STYLED_ITEM('',(#3062),#3060);
#3064=DIRECTION('',(1.036208156317E-14,1.E0,-1.233581138472E-13));
#3065=VECTOR('',#3064,3.15E0);
#3066=CARTESIAN_POINT('',(-2.E0,-2.125119346323E0,2.919981891249E0));
#3067=LINE('',#3066,#3065);
#3068=CURVE_STYLE('',#21,POSITIVE_LENGTH_MEASURE(2.E-2),#8);
#3069=PRESENTATION_STYLE_ASSIGNMENT((#3068));
#3070=STYLED_ITEM('',(#3069),#3067);
#3071=DIRECTION('',(1.015061051086E-14,1.E0,-1.762258769246E-14));
#3072=VECTOR('',#3071,3.15E0);
#3073=CARTESIAN_POINT('',(-2.E0,-2.125119346323E0,2.384981891249E0));
#3074=LINE('',#3073,#3072);
#3075=CURVE_STYLE('',#21,POSITIVE_LENGTH_MEASURE(2.E-2),#8);
#3076=PRESENTATION_STYLE_ASSIGNMENT((#3075));
#3077=STYLED_ITEM('',(#3076),#3074);
#3078=DIRECTION('',(-1.E0,2.398081733191E-13,-2.753353101072E-13));
#3079=VECTOR('',#3078,4.999999999998E-2);
#3080=CARTESIAN_POINT('',(-1.95E0,-2.125119346323E0,2.384981891249E0));
#3081=LINE('',#3080,#3079);
#3082=CURVE_STYLE('',#21,POSITIVE_LENGTH_MEASURE(2.E-2),#8);
#3083=PRESENTATION_STYLE_ASSIGNMENT((#3082));
#3084=STYLED_ITEM('',(#3083),#3081);
#3085=DIRECTION('',(1.E0,2.398081733191E-13,2.664535259102E-13));
#3086=VECTOR('',#3085,4.999999999998E-2);
#3087=CARTESIAN_POINT('',(-2.E0,1.024880653677E0,2.384981891249E0));
#3088=LINE('',#3087,#3086);
#3089=CURVE_STYLE('',#21,POSITIVE_LENGTH_MEASURE(2.E-2),#8);
#3090=PRESENTATION_STYLE_ASSIGNMENT((#3089));
#3091=STYLED_ITEM('',(#3090),#3088);
#3092=DIRECTION('',(1.015061051086E-14,1.E0,-1.762258769246E-14));
#3093=VECTOR('',#3092,3.15E0);
#3094=CARTESIAN_POINT('',(-1.95E0,-2.125119346323E0,2.384981891249E0));
#3095=LINE('',#3094,#3093);
#3096=CURVE_STYLE('',#21,POSITIVE_LENGTH_MEASURE(2.E-2),#8);
#3097=PRESENTATION_STYLE_ASSIGNMENT((#3096));
#3098=STYLED_ITEM('',(#3097),#3095);
#3099=DIRECTION('',(0.E0,2.049642507E-14,1.E0));
#3100=VECTOR('',#3099,1.3E0);
#3101=CARTESIAN_POINT('',(-1.85E0,-2.125119346323E0,9.849818912491E-1));
#3102=LINE('',#3101,#3100);
#3103=CURVE_STYLE('',#21,POSITIVE_LENGTH_MEASURE(2.E-2),#8);
#3104=PRESENTATION_STYLE_ASSIGNMENT((#3103));
#3105=STYLED_ITEM('',(#3104),#3102);
#3106=DIRECTION('',(0.E0,-4.287168910475E-14,-1.E0));
#3107=VECTOR('',#3106,1.3E0);
#3108=CARTESIAN_POINT('',(-1.85E0,1.024880653677E0,2.284981891249E0));
#3109=LINE('',#3108,#3107);
#3110=CURVE_STYLE('',#21,POSITIVE_LENGTH_MEASURE(2.E-2),#8);
#3111=PRESENTATION_STYLE_ASSIGNMENT((#3110));
#3112=STYLED_ITEM('',(#3111),#3109);
#3113=DIRECTION('',(1.008012016009E-14,1.E0,-1.748160699092E-14));
#3114=VECTOR('',#3113,3.15E0);
#3115=CARTESIAN_POINT('',(-1.85E0,-2.125119346323E0,2.284981891249E0));
#3116=LINE('',#3115,#3114);
#3117=CURVE_STYLE('',#21,POSITIVE_LENGTH_MEASURE(2.E-2),#8);
#3118=PRESENTATION_STYLE_ASSIGNMENT((#3117));
#3119=STYLED_ITEM('',(#3118),#3116);
#3120=DIRECTION('',(1.022110086163E-14,1.E0,-1.234638493734E-13));
#3121=VECTOR('',#3120,3.15E0);
#3122=CARTESIAN_POINT('',(-1.85E0,-2.125119346323E0,9.849818912491E-1));
#3123=LINE('',#3122,#3121);
#3124=CURVE_STYLE('',#21,POSITIVE_LENGTH_MEASURE(2.E-2),#8);
#3125=PRESENTATION_STYLE_ASSIGNMENT((#3124));
#3126=STYLED_ITEM('',(#3125),#3123);
#3127=DIRECTION('',(-1.029159121240E-14,-1.E0,1.758734251708E-14));
#3128=VECTOR('',#3127,3.15E0);
#3129=CARTESIAN_POINT('',(-2.E0,1.024880653677E0,8.849818912490E-1));
#3130=LINE('',#3129,#3128);
#3131=CURVE_STYLE('',#21,POSITIVE_LENGTH_MEASURE(2.E-2),#8);
#3132=PRESENTATION_STYLE_ASSIGNMENT((#3131));
#3133=STYLED_ITEM('',(#3132),#3130);
#3134=DIRECTION('',(-1.E0,1.953992523328E-13,-2.753353101053E-13));
#3135=VECTOR('',#3134,5.000000000031E-2);
#3136=CARTESIAN_POINT('',(-1.95E0,1.024880653677E0,8.849818912490E-1));
#3137=LINE('',#3136,#3135);
#3138=CURVE_STYLE('',#21,POSITIVE_LENGTH_MEASURE(2.E-2),#8);
#3139=PRESENTATION_STYLE_ASSIGNMENT((#3138));
#3140=STYLED_ITEM('',(#3139),#3137);
#3141=DIRECTION('',(1.161680980687E-13,1.E0,-1.758734251708E-14));
#3142=VECTOR('',#3141,3.15E0);
#3143=CARTESIAN_POINT('',(-1.95E0,-2.125119346323E0,8.849818912491E-1));
#3144=LINE('',#3143,#3142);
#3145=CURVE_STYLE('',#21,POSITIVE_LENGTH_MEASURE(2.E-2),#8);
#3146=PRESENTATION_STYLE_ASSIGNMENT((#3145));
#3147=STYLED_ITEM('',(#3146),#3144);
#3148=DIRECTION('',(1.E0,-1.065814103641E-13,2.775557561564E-13));
#3149=VECTOR('',#3148,4.999999999998E-2);
#3150=CARTESIAN_POINT('',(-2.E0,-2.125119346323E0,8.849818912490E-1));
#3151=LINE('',#3150,#3149);
#3152=CURVE_STYLE('',#21,POSITIVE_LENGTH_MEASURE(2.E-2),#8);
#3153=PRESENTATION_STYLE_ASSIGNMENT((#3152));
#3154=STYLED_ITEM('',(#3153),#3151);
#3155=DIRECTION('',(0.E0,-1.245109934159E-14,-1.E0));
#3156=VECTOR('',#3155,5.35E-1);
#3157=CARTESIAN_POINT('',(-5.E-1,-2.125119346323E0,2.919981891249E0));
#3158=LINE('',#3157,#3156);
#3159=CURVE_STYLE('',#21,POSITIVE_LENGTH_MEASURE(2.E-2),#8);
#3160=PRESENTATION_STYLE_ASSIGNMENT((#3159));
#3161=STYLED_ITEM('',(#3160),#3158);
#3162=DIRECTION('',(-1.022110086163E-14,-1.E0,1.234990945488E-13));
#3163=VECTOR('',#3162,3.15E0);
#3164=CARTESIAN_POINT('',(-5.E-1,1.024880653677E0,2.919981891249E0));
#3165=LINE('',#3164,#3163);
#3166=CURVE_STYLE('',#21,POSITIVE_LENGTH_MEASURE(2.E-2),#8);
#3167=PRESENTATION_STYLE_ASSIGNMENT((#3166));
#3168=STYLED_ITEM('',(#3167),#3165);
#3169=DIRECTION('',(0.E0,0.E0,1.E0));
#3170=VECTOR('',#3169,5.349999999996E-1);
#3171=CARTESIAN_POINT('',(-5.E-1,1.024880653677E0,2.384981891249E0));
#3172=LINE('',#3171,#3170);
#3173=CURVE_STYLE('',#21,POSITIVE_LENGTH_MEASURE(2.E-2),#8);
#3174=PRESENTATION_STYLE_ASSIGNMENT((#3173));
#3175=STYLED_ITEM('',(#3174),#3172);
#3176=DIRECTION('',(-1.022110086163E-14,-1.E0,1.762258769246E-14));
#3177=VECTOR('',#3176,3.15E0);
#3178=CARTESIAN_POINT('',(-5.E-1,1.024880653677E0,2.384981891249E0));
#3179=LINE('',#3178,#3177);
#3180=CURVE_STYLE('',#21,POSITIVE_LENGTH_MEASURE(2.E-2),#8);
#3181=PRESENTATION_STYLE_ASSIGNMENT((#3180));
#3182=STYLED_ITEM('',(#3181),#3179);
#3183=DIRECTION('',(1.E0,3.819167204711E-13,0.E0));
#3184=VECTOR('',#3183,5.E-2);
#3185=CARTESIAN_POINT('',(-5.5E-1,1.024880653677E0,2.384981891249E0));
#3186=LINE('',#3185,#3184);
#3187=CURVE_STYLE('',#21,POSITIVE_LENGTH_MEASURE(2.E-2),#8);
#3188=PRESENTATION_STYLE_ASSIGNMENT((#3187));
#3189=STYLED_ITEM('',(#3188),#3186);
#3190=DIRECTION('',(1.018585568624E-14,1.E0,-1.762258769246E-14));
#3191=VECTOR('',#3190,3.15E0);
#3192=CARTESIAN_POINT('',(-5.5E-1,-2.125119346323E0,2.384981891249E0));
#3193=LINE('',#3192,#3191);
#3194=CURVE_STYLE('',#21,POSITIVE_LENGTH_MEASURE(2.E-2),#8);
#3195=PRESENTATION_STYLE_ASSIGNMENT((#3194));
#3196=STYLED_ITEM('',(#3195),#3193);
#3197=DIRECTION('',(-1.E0,-3.108624468950E-13,0.E0));
#3198=VECTOR('',#3197,5.E-2);
#3199=CARTESIAN_POINT('',(-5.E-1,-2.125119346323E0,2.384981891249E0));
#3200=LINE('',#3199,#3198);
#3201=CURVE_STYLE('',#21,POSITIVE_LENGTH_MEASURE(2.E-2),#8);
#3202=PRESENTATION_STYLE_ASSIGNMENT((#3201));
#3203=STYLED_ITEM('',(#3202),#3200);
#3204=DIRECTION('',(1.015061051086E-14,1.E0,-1.748160699092E-14));
#3205=VECTOR('',#3204,3.15E0);
#3206=CARTESIAN_POINT('',(-6.5E-1,-2.125119346323E0,2.284981891249E0));
#3207=LINE('',#3206,#3205);
#3208=CURVE_STYLE('',#21,POSITIVE_LENGTH_MEASURE(2.E-2),#8);
#3209=PRESENTATION_STYLE_ASSIGNMENT((#3208));
#3210=STYLED_ITEM('',(#3209),#3207);
#3211=DIRECTION('',(0.E0,-2.152124632350E-14,-1.E0));
#3212=VECTOR('',#3211,1.3E0);
#3213=CARTESIAN_POINT('',(-6.5E-1,-2.125119346323E0,2.284981891249E0));
#3214=LINE('',#3213,#3212);
#3215=CURVE_STYLE('',#21,POSITIVE_LENGTH_MEASURE(2.E-2),#8);
#3216=PRESENTATION_STYLE_ASSIGNMENT((#3215));
#3217=STYLED_ITEM('',(#3216),#3214);
#3218=DIRECTION('',(0.E0,0.E0,1.E0));
#3219=VECTOR('',#3218,1.3E0);
#3220=CARTESIAN_POINT('',(-6.5E-1,1.024880653677E0,9.849818912490E-1));
#3221=LINE('',#3220,#3219);
#3222=CURVE_STYLE('',#21,POSITIVE_LENGTH_MEASURE(2.E-2),#8);
#3223=PRESENTATION_STYLE_ASSIGNMENT((#3222));
#3224=STYLED_ITEM('',(#3223),#3221);
#3225=DIRECTION('',(1.015061051086E-14,1.E0,-1.758734251708E-14));
#3226=VECTOR('',#3225,3.15E0);
#3227=CARTESIAN_POINT('',(-6.5E-1,-2.125119346323E0,9.849818912491E-1));
#3228=LINE('',#3227,#3226);
#3229=CURVE_STYLE('',#21,POSITIVE_LENGTH_MEASURE(2.E-2),#8);
#3230=PRESENTATION_STYLE_ASSIGNMENT((#3229));
#3231=STYLED_ITEM('',(#3230),#3228);
#3232=DIRECTION('',(1.022110086163E-14,1.E0,-1.762258769246E-14));
#3233=VECTOR('',#3232,3.15E0);
#3234=CARTESIAN_POINT('',(-5.5E-1,-2.125119346323E0,8.849818912491E-1));
#3235=LINE('',#3234,#3233);
#3236=CURVE_STYLE('',#21,POSITIVE_LENGTH_MEASURE(2.E-2),#8);
#3237=PRESENTATION_STYLE_ASSIGNMENT((#3236));
#3238=STYLED_ITEM('',(#3237),#3235);
#3239=DIRECTION('',(1.022110086163E-14,1.E0,-1.758734251708E-14));
#3240=VECTOR('',#3239,3.15E0);
#3241=CARTESIAN_POINT('',(-5.E-1,-2.125119346323E0,8.849818912491E-1));
#3242=LINE('',#3241,#3240);
#3243=CURVE_STYLE('',#21,POSITIVE_LENGTH_MEASURE(2.E-2),#8);
#3244=PRESENTATION_STYLE_ASSIGNMENT((#3243));
#3245=STYLED_ITEM('',(#3244),#3242);
#3246=DIRECTION('',(1.E0,1.776356839400E-13,0.E0));
#3247=VECTOR('',#3246,5.E-2);
#3248=CARTESIAN_POINT('',(-5.5E-1,-2.125119346323E0,8.849818912491E-1));
#3249=LINE('',#3248,#3247);
#3250=CURVE_STYLE('',#21,POSITIVE_LENGTH_MEASURE(2.E-2),#8);
#3251=PRESENTATION_STYLE_ASSIGNMENT((#3250));
#3252=STYLED_ITEM('',(#3251),#3249);
#3253=DIRECTION('',(-1.E0,2.930988785010E-13,0.E0));
#3254=VECTOR('',#3253,5.E-2);
#3255=CARTESIAN_POINT('',(-5.E-1,1.024880653677E0,8.849818912490E-1));
#3256=LINE('',#3255,#3254);
#3257=CURVE_STYLE('',#21,POSITIVE_LENGTH_MEASURE(2.E-2),#8);
#3258=PRESENTATION_STYLE_ASSIGNMENT((#3257));
#3259=STYLED_ITEM('',(#3258),#3256);
#3260=DIRECTION('',(1.007212640897E-14,1.E0,-1.739730925186E-14));
#3261=VECTOR('',#3260,3.879999999999E0);
#3262=CARTESIAN_POINT('',(2.65E0,-2.855119346322E0,1.066998189125E1));
#3263=LINE('',#3262,#3261);
#3264=CURVE_STYLE('',#21,POSITIVE_LENGTH_MEASURE(2.E-2),#8);
#3265=PRESENTATION_STYLE_ASSIGNMENT((#3264));
#3266=STYLED_ITEM('',(#3265),#3263);
#3267=DIRECTION('',(0.E0,2.137358390633E-14,1.E0));
#3268=VECTOR('',#3267,7.75E0);
#3269=CARTESIAN_POINT('',(2.65E0,-2.855119346322E0,2.919981891249E0));
#3270=LINE('',#3269,#3268);
#3271=CURVE_STYLE('',#21,POSITIVE_LENGTH_MEASURE(2.E-2),#8);
#3272=PRESENTATION_STYLE_ASSIGNMENT((#3271));
#3273=STYLED_ITEM('',(#3272),#3270);
#3274=DIRECTION('',(0.E0,-6.245899854665E-14,-1.E0));
#3275=VECTOR('',#3274,7.75E0);
#3276=CARTESIAN_POINT('',(2.65E0,1.024880653677E0,1.066998189125E1));
#3277=LINE('',#3276,#3275);
#3278=CURVE_STYLE('',#21,POSITIVE_LENGTH_MEASURE(2.E-2),#8);
#3279=PRESENTATION_STYLE_ASSIGNMENT((#3278));
#3280=STYLED_ITEM('',(#3279),#3277);
#3281=DIRECTION('',(1.E0,-1.024821253500E-14,0.E0));
#3282=VECTOR('',#3281,7.8E0);
#3283=CARTESIAN_POINT('',(-5.15E0,-2.855119346322E0,1.066998189125E1));
#3284=LINE('',#3283,#3282);
#3285=CURVE_STYLE('',#21,POSITIVE_LENGTH_MEASURE(2.E-2),#8);
#3286=PRESENTATION_STYLE_ASSIGNMENT((#3285));
#3287=STYLED_ITEM('',(#3286),#3284);
#3288=DIRECTION('',(0.E0,2.137358390633E-14,1.E0));
#3289=VECTOR('',#3288,7.75E0);
#3290=CARTESIAN_POINT('',(-5.15E0,-2.855119346322E0,2.919981891249E0));
#3291=LINE('',#3290,#3289);
#3292=CURVE_STYLE('',#21,POSITIVE_LENGTH_MEASURE(2.E-2),#8);
#3293=PRESENTATION_STYLE_ASSIGNMENT((#3292));
#3294=STYLED_ITEM('',(#3293),#3291);
#3295=DIRECTION('',(0.E0,8.252366419261E-14,1.E0));
#3296=VECTOR('',#3295,5.08E0);
#3297=CARTESIAN_POINT('',(-6.5E-1,-2.855119346322E0,3.239981891249E0));
#3298=LINE('',#3297,#3296);
#3299=CURVE_STYLE('',#21,POSITIVE_LENGTH_MEASURE(2.E-2),#8);
#3300=PRESENTATION_STYLE_ASSIGNMENT((#3299));
#3301=STYLED_ITEM('',(#3300),#3298);
#3302=DIRECTION('',(0.E0,-3.562062925324E-13,-1.E0));
#3303=VECTOR('',#3302,9.5E-1);
#3304=CARTESIAN_POINT('',(-6.5E-1,-6.255119346322E0,4.189981891249E0));
#3305=LINE('',#3304,#3303);
#3306=CURVE_STYLE('',#21,POSITIVE_LENGTH_MEASURE(2.E-2),#8);
#3307=PRESENTATION_STYLE_ASSIGNMENT((#3306));
#3308=STYLED_ITEM('',(#3307),#3305);
#3309=DIRECTION('',(1.005121911628E-14,1.E0,-1.764514460471E-14));
#3310=VECTOR('',#3309,7.499999999998E0);
#3311=CARTESIAN_POINT('',(-6.500000000001E-1,-1.375511934632E1,
4.189981891249E0));
#3312=LINE('',#3311,#3310);
#3313=CURVE_STYLE('',#21,POSITIVE_LENGTH_MEASURE(2.E-2),#8);
#3314=PRESENTATION_STYLE_ASSIGNMENT((#3313));
#3315=STYLED_ITEM('',(#3314),#3312);
#3316=DIRECTION('',(0.E0,1.E0,-1.776356839401E-14));
#3317=VECTOR('',#3316,7.499999999998E0);
#3318=CARTESIAN_POINT('',(-6.500000000001E-1,-1.375511934632E1,
6.189981891249E0));
#3319=LINE('',#3318,#3317);
#3320=CURVE_STYLE('',#21,POSITIVE_LENGTH_MEASURE(2.E-2),#8);
#3321=PRESENTATION_STYLE_ASSIGNMENT((#3320));
#3322=STYLED_ITEM('',(#3321),#3319);
#3323=DIRECTION('',(-1.005121911628E-14,-1.E0,1.752672081542E-14));
#3324=VECTOR('',#3323,7.499999999998E0);
#3325=CARTESIAN_POINT('',(-6.5E-1,-6.255119346322E0,7.369981891249E0));
#3326=LINE('',#3325,#3324);
#3327=CURVE_STYLE('',#21,POSITIVE_LENGTH_MEASURE(2.E-2),#8);
#3328=PRESENTATION_STYLE_ASSIGNMENT((#3327));
#3329=STYLED_ITEM('',(#3328),#3326);
#3330=DIRECTION('',(0.E0,-1.121909582779E-14,-1.E0));
#3331=VECTOR('',#3330,9.5E-1);
#3332=CARTESIAN_POINT('',(-6.5E-1,-6.255119346322E0,8.319981891249E0));
#3333=LINE('',#3332,#3331);
#3334=CURVE_STYLE('',#21,POSITIVE_LENGTH_MEASURE(2.E-2),#8);
#3335=PRESENTATION_STYLE_ASSIGNMENT((#3334));
#3336=STYLED_ITEM('',(#3335),#3333);
#3337=DIRECTION('',(0.E0,-1.E0,1.776356839400E-14));
#3338=VECTOR('',#3337,3.4E0);
#3339=CARTESIAN_POINT('',(-6.5E-1,-2.855119346322E0,8.319981891249E0));
#3340=LINE('',#3339,#3338);
#3341=CURVE_STYLE('',#21,POSITIVE_LENGTH_MEASURE(2.E-2),#8);
#3342=PRESENTATION_STYLE_ASSIGNMENT((#3341));
#3343=STYLED_ITEM('',(#3342),#3340);
#3344=DIRECTION('',(-1.E0,2.732856676E-14,0.E0));
#3345=VECTOR('',#3344,1.3E0);
#3346=CARTESIAN_POINT('',(6.5E-1,-2.855119346322E0,3.239981891249E0));
#3347=LINE('',#3346,#3345);
#3348=CURVE_STYLE('',#21,POSITIVE_LENGTH_MEASURE(2.E-2),#8);
#3349=PRESENTATION_STYLE_ASSIGNMENT((#3348));
#3350=STYLED_ITEM('',(#3349),#3347);
#3351=DIRECTION('',(1.E0,-2.732856676E-14,0.E0));
#3352=VECTOR('',#3351,1.3E0);
#3353=CARTESIAN_POINT('',(-6.5E-1,-6.255119346322E0,3.239981891249E0));
#3354=LINE('',#3353,#3352);
#3355=CURVE_STYLE('',#21,POSITIVE_LENGTH_MEASURE(2.E-2),#8);
#3356=PRESENTATION_STYLE_ASSIGNMENT((#3355));
#3357=STYLED_ITEM('',(#3356),#3354);
#3358=DIRECTION('',(-1.005731445837E-14,-1.E0,1.737172497355E-14));
#3359=VECTOR('',#3358,3.4E0);
#3360=CARTESIAN_POINT('',(-6.5E-1,-2.855119346322E0,3.239981891249E0));
#3361=LINE('',#3360,#3359);
#3362=CURVE_STYLE('',#21,POSITIVE_LENGTH_MEASURE(2.E-2),#8);
#3363=PRESENTATION_STYLE_ASSIGNMENT((#3362));
#3364=STYLED_ITEM('',(#3363),#3361);
#3365=DIRECTION('',(0.E0,-8.252366419261E-14,-1.E0));
#3366=VECTOR('',#3365,5.08E0);
#3367=CARTESIAN_POINT('',(6.5E-1,-2.855119346322E0,8.319981891249E0));
#3368=LINE('',#3367,#3366);
#3369=CURVE_STYLE('',#21,POSITIVE_LENGTH_MEASURE(2.E-2),#8);
#3370=PRESENTATION_STYLE_ASSIGNMENT((#3369));
#3371=STYLED_ITEM('',(#3370),#3368);
#3372=DIRECTION('',(0.E0,1.121909582779E-14,1.E0));
#3373=VECTOR('',#3372,9.5E-1);
#3374=CARTESIAN_POINT('',(6.5E-1,-6.255119346322E0,7.369981891249E0));
#3375=LINE('',#3374,#3373);
#3376=CURVE_STYLE('',#21,POSITIVE_LENGTH_MEASURE(2.E-2),#8);
#3377=PRESENTATION_STYLE_ASSIGNMENT((#3376));
#3378=STYLED_ITEM('',(#3377),#3375);
#3379=DIRECTION('',(1.006602208994E-14,1.E0,-1.776356839401E-14));
#3380=VECTOR('',#3379,7.499999999998E0);
#3381=CARTESIAN_POINT('',(6.499999999999E-1,-1.375511934632E1,
7.369981891249E0));
#3382=LINE('',#3381,#3380);
#3383=CURVE_STYLE('',#21,POSITIVE_LENGTH_MEASURE(2.E-2),#8);
#3384=PRESENTATION_STYLE_ASSIGNMENT((#3383));
#3385=STYLED_ITEM('',(#3384),#3382);
#3386=DIRECTION('',(1.015483993191E-14,1.E0,-1.752672081542E-14));
#3387=VECTOR('',#3386,7.499999999998E0);
#3388=CARTESIAN_POINT('',(6.499999999999E-1,-1.375511934632E1,
5.369981891249E0));
#3389=LINE('',#3388,#3387);
#3390=CURVE_STYLE('',#21,POSITIVE_LENGTH_MEASURE(2.E-2),#8);
#3391=PRESENTATION_STYLE_ASSIGNMENT((#3390));
#3392=STYLED_ITEM('',(#3391),#3389);
#3393=DIRECTION('',(-1.011043101092E-14,-1.E0,1.752672081542E-14));
#3394=VECTOR('',#3393,7.499999999998E0);
#3395=CARTESIAN_POINT('',(6.5E-1,-6.255119346322E0,4.189981891249E0));
#3396=LINE('',#3395,#3394);
#3397=CURVE_STYLE('',#21,POSITIVE_LENGTH_MEASURE(2.E-2),#8);
#3398=PRESENTATION_STYLE_ASSIGNMENT((#3397));
#3399=STYLED_ITEM('',(#3398),#3396);
#3400=DIRECTION('',(0.E0,3.552713678800E-13,1.E0));
#3401=VECTOR('',#3400,9.5E-1);
#3402=CARTESIAN_POINT('',(6.5E-1,-6.255119346322E0,3.239981891249E0));
#3403=LINE('',#3402,#3401);
#3404=CURVE_STYLE('',#21,POSITIVE_LENGTH_MEASURE(2.E-2),#8);
#3405=PRESENTATION_STYLE_ASSIGNMENT((#3404));
#3406=STYLED_ITEM('',(#3405),#3403);
#3407=DIRECTION('',(-1.008996807674E-14,-1.E0,1.776356839400E-14));
#3408=VECTOR('',#3407,3.4E0);
#3409=CARTESIAN_POINT('',(6.5E-1,-2.855119346322E0,3.239981891249E0));
#3410=LINE('',#3409,#3408);
#3411=CURVE_STYLE('',#21,POSITIVE_LENGTH_MEASURE(2.E-2),#8);
#3412=PRESENTATION_STYLE_ASSIGNMENT((#3411));
#3413=STYLED_ITEM('',(#3412),#3410);
#3414=DIRECTION('',(1.E0,-2.732856676E-14,0.E0));
#3415=VECTOR('',#3414,1.3E0);
#3416=CARTESIAN_POINT('',(-6.5E-1,-2.855119346322E0,8.319981891249E0));
#3417=LINE('',#3416,#3415);
#3418=CURVE_STYLE('',#21,POSITIVE_LENGTH_MEASURE(2.E-2),#8);
#3419=PRESENTATION_STYLE_ASSIGNMENT((#3418));
#3420=STYLED_ITEM('',(#3419),#3417);
#3421=DIRECTION('',(-1.E0,2.664535259100E-14,0.E0));
#3422=VECTOR('',#3421,1.3E0);
#3423=CARTESIAN_POINT('',(6.5E-1,-6.255119346322E0,8.319981891249E0));
#3424=LINE('',#3423,#3422);
#3425=CURVE_STYLE('',#21,POSITIVE_LENGTH_MEASURE(2.E-2),#8);
#3426=PRESENTATION_STYLE_ASSIGNMENT((#3425));
#3427=STYLED_ITEM('',(#3426),#3424);
#3428=DIRECTION('',(-1.002466084E-14,-1.E0,1.776356839400E-14));
#3429=VECTOR('',#3428,3.4E0);
#3430=CARTESIAN_POINT('',(6.5E-1,-2.855119346322E0,8.319981891249E0));
#3431=LINE('',#3430,#3429);
#3432=CURVE_STYLE('',#21,POSITIVE_LENGTH_MEASURE(2.E-2),#8);
#3433=PRESENTATION_STYLE_ASSIGNMENT((#3432));
#3434=STYLED_ITEM('',(#3433),#3431);
#3435=DIRECTION('',(-6.476151315790E-1,-1.752983723093E-14,-7.619676117460E-1));
#3436=VECTOR('',#3435,2.432E0);
#3437=CARTESIAN_POINT('',(-3.9E0,-6.255119346322E0,9.669981891249E0));
#3438=LINE('',#3437,#3436);
#3439=CURVE_STYLE('',#21,POSITIVE_LENGTH_MEASURE(2.E-2),#8);
#3440=PRESENTATION_STYLE_ASSIGNMENT((#3439));
#3441=STYLED_ITEM('',(#3440),#3438);
#3442=DIRECTION('',(-1.E0,0.E0,0.E0));
#3443=VECTOR('',#3442,5.3E0);
#3444=CARTESIAN_POINT('',(1.4E0,-6.255119346322E0,9.669981891249E0));
#3445=LINE('',#3444,#3443);
#3446=CURVE_STYLE('',#21,POSITIVE_LENGTH_MEASURE(2.E-2),#8);
#3447=PRESENTATION_STYLE_ASSIGNMENT((#3446));
#3448=STYLED_ITEM('',(#3447),#3445);
#3449=DIRECTION('',(-6.476151315790E-1,1.347606237127E-13,7.619676117460E-1));
#3450=VECTOR('',#3449,2.432E0);
#3451=CARTESIAN_POINT('',(2.975E0,-6.255119346322E0,7.816876659482E0));
#3452=LINE('',#3451,#3450);
#3453=CURVE_STYLE('',#21,POSITIVE_LENGTH_MEASURE(2.E-2),#8);
#3454=PRESENTATION_STYLE_ASSIGNMENT((#3453));
#3455=STYLED_ITEM('',(#3454),#3452);
#3456=DIRECTION('',(0.E0,1.781890020897E-14,1.E0));
#3457=VECTOR('',#3456,9.968947682335E-1);
#3458=CARTESIAN_POINT('',(2.975E0,-6.255119346322E0,6.819981891249E0));
#3459=LINE('',#3458,#3457);
#3460=CURVE_STYLE('',#21,POSITIVE_LENGTH_MEASURE(2.E-2),#8);
#3461=PRESENTATION_STYLE_ASSIGNMENT((#3460));
#3462=STYLED_ITEM('',(#3461),#3459);
#3463=DIRECTION('',(-1.E0,-4.757547013350E-13,6.642029921236E-14));
#3464=VECTOR('',#3463,5.75E-1);
#3465=CARTESIAN_POINT('',(3.55E0,-6.255119346322E0,6.819981891249E0));
#3466=LINE('',#3465,#3464);
#3467=CURVE_STYLE('',#21,POSITIVE_LENGTH_MEASURE(2.E-2),#8);
#3468=PRESENTATION_STYLE_ASSIGNMENT((#3467));
#3469=STYLED_ITEM('',(#3468),#3466);
#3470=DIRECTION('',(0.E0,-2.951044426746E-13,1.E0));
#3471=VECTOR('',#3470,9.3E-1);
#3472=CARTESIAN_POINT('',(2.975E0,-6.255119346322E0,1.889981891249E0));
#3473=LINE('',#3472,#3471);
#3474=CURVE_STYLE('',#21,POSITIVE_LENGTH_MEASURE(2.E-2),#8);
#3475=PRESENTATION_STYLE_ASSIGNMENT((#3474));
#3476=STYLED_ITEM('',(#3475),#3473);
#3477=DIRECTION('',(1.E0,-4.320015745524E-14,0.E0));
#3478=VECTOR('',#3477,8.45E0);
#3479=CARTESIAN_POINT('',(-5.475E0,-6.255119346322E0,1.889981891249E0));
#3480=LINE('',#3479,#3478);
#3481=CURVE_STYLE('',#21,POSITIVE_LENGTH_MEASURE(2.E-2),#8);
#3482=PRESENTATION_STYLE_ASSIGNMENT((#3481));
#3483=STYLED_ITEM('',(#3482),#3480);
#3484=DIRECTION('',(2.196570285280E-14,-1.814558061753E-14,-1.E0));
#3485=VECTOR('',#3484,9.300000000001E-1);
#3486=CARTESIAN_POINT('',(-5.475E0,-6.255119346322E0,2.819981891249E0));
#3487=LINE('',#3486,#3485);
#3488=CURVE_STYLE('',#21,POSITIVE_LENGTH_MEASURE(2.E-2),#8);
#3489=PRESENTATION_STYLE_ASSIGNMENT((#3488));
#3490=STYLED_ITEM('',(#3489),#3487);
#3491=DIRECTION('',(1.E0,-1.019474360004E-13,6.487564109114E-14));
#3492=VECTOR('',#3491,5.75E-1);
#3493=CARTESIAN_POINT('',(-6.05E0,-6.255119346322E0,2.819981891249E0));
#3494=LINE('',#3493,#3492);
#3495=CURVE_STYLE('',#21,POSITIVE_LENGTH_MEASURE(2.E-2),#8);
#3496=PRESENTATION_STYLE_ASSIGNMENT((#3495));
#3497=STYLED_ITEM('',(#3496),#3494);
#3498=DIRECTION('',(0.E0,0.E0,-1.E0));
#3499=VECTOR('',#3498,9.968947682340E-1);
#3500=CARTESIAN_POINT('',(-5.475E0,-6.255119346322E0,7.816876659483E0));
#3501=LINE('',#3500,#3499);
#3502=CURVE_STYLE('',#21,POSITIVE_LENGTH_MEASURE(2.E-2),#8);
#3503=PRESENTATION_STYLE_ASSIGNMENT((#3502));
#3504=STYLED_ITEM('',(#3503),#3501);
#3505=CARTESIAN_POINT('',(-2.655201996563E0,-6.255119346323E0,
2.405778361774E0));
#3506=CARTESIAN_POINT('',(-2.644531264432E0,-6.255119346323E0,
2.353567993846E0));
#3507=CARTESIAN_POINT('',(-2.607660073942E0,-6.255119346321E0,
2.279825612867E0));
#3508=CARTESIAN_POINT('',(-2.544874248276E0,-6.255119346323E0,
2.258293599816E0));
#3509=CARTESIAN_POINT('',(-2.508288880969E0,-6.255119346323E0,
2.258293599816E0));
#3511=CURVE_STYLE('',#21,POSITIVE_LENGTH_MEASURE(2.E-2),#8);
#3512=PRESENTATION_STYLE_ASSIGNMENT((#3511));
#3513=STYLED_ITEM('',(#3512),#3510);
#3514=DIRECTION('',(9.916004111866E-1,0.E0,1.293391840652E-1));
#3515=VECTOR('',#3514,9.281466969419E-2);
#3516=CARTESIAN_POINT('',(-2.747237061196E0,-6.255119346323E0,
2.393773788127E0));
#3517=LINE('',#3516,#3515);
#3518=CURVE_STYLE('',#21,POSITIVE_LENGTH_MEASURE(2.E-2),#8);
#3519=PRESENTATION_STYLE_ASSIGNMENT((#3518));
#3520=STYLED_ITEM('',(#3519),#3517);
#3521=CARTESIAN_POINT('',(-2.508860527333E0,-6.255119346323E0,
2.182264633381E0));
#3522=CARTESIAN_POINT('',(-2.574790408002E0,-6.255119346323E0,
2.182264633381E0));
#3523=CARTESIAN_POINT('',(-2.687881113715E0,-6.255119346323E0,
2.225519208270E0));
#3524=CARTESIAN_POINT('',(-2.741139499978E0,-6.255119346323E0,
2.331273785643E0));
#3525=CARTESIAN_POINT('',(-2.747237061196E0,-6.255119346323E0,
2.393773788127E0));
#3527=CURVE_STYLE('',#21,POSITIVE_LENGTH_MEASURE(2.E-2),#8);
#3528=PRESENTATION_STYLE_ASSIGNMENT((#3527));
#3529=STYLED_ITEM('',(#3528),#3526);
#3530=CARTESIAN_POINT('',(-2.256192834366E0,-6.255119346323E0,
2.416639642694E0));
#3531=CARTESIAN_POINT('',(-2.256192834366E0,-6.255119346323E0,
2.384055799936E0));
#3532=CARTESIAN_POINT('',(-2.267741451985E0,-6.255119346322E0,
2.324257507054E0));
#3533=CARTESIAN_POINT('',(-2.323385100756E0,-6.255119346322E0,
2.246503393555E0));
#3534=CARTESIAN_POINT('',(-2.406324863415E0,-6.255119346322E0,
2.193187162125E0));
#3535=CARTESIAN_POINT('',(-2.472465708814E0,-6.255119346323E0,
2.182264633381E0));
#3536=CARTESIAN_POINT('',(-2.508860527333E0,-6.255119346323E0,
2.182264633381E0));
#3538=CURVE_STYLE('',#21,POSITIVE_LENGTH_MEASURE(2.E-2),#8);
#3539=PRESENTATION_STYLE_ASSIGNMENT((#3538));
#3540=STYLED_ITEM('',(#3539),#3537);
#3541=CARTESIAN_POINT('',(-2.396246193590E0,-6.255119346323E0,
2.601281418323E0));
#3542=CARTESIAN_POINT('',(-2.351657777184E0,-6.255119346323E0,
2.590991783768E0));
#3543=CARTESIAN_POINT('',(-2.281631097572E0,-6.255119346323E0,
2.547070288121E0));
#3544=CARTESIAN_POINT('',(-2.256192834366E0,-6.255119346323E0,
2.465039034861E0));
#3545=CARTESIAN_POINT('',(-2.256192834366E0,-6.255119346323E0,
2.416639642694E0));
#3547=CURVE_STYLE('',#21,POSITIVE_LENGTH_MEASURE(2.E-2),#8);
#3548=PRESENTATION_STYLE_ASSIGNMENT((#3547));
#3549=STYLED_ITEM('',(#3548),#3546);
#3550=CARTESIAN_POINT('',(-2.292778201674E0,-6.255119346323E0,
2.753339351195E0));
#3551=CARTESIAN_POINT('',(-2.292778201674E0,-6.255119346323E0,
2.720946057225E0));
#3552=CARTESIAN_POINT('',(-2.310213415781E0,-6.255119346323E0,
2.660542091410E0));
#3553=CARTESIAN_POINT('',(-2.361947411739E0,-6.255119346323E0,
2.616906418944E0));
#3554=CARTESIAN_POINT('',(-2.396246193590E0,-6.255119346323E0,
2.601281418323E0));
#3556=CURVE_STYLE('',#21,POSITIVE_LENGTH_MEASURE(2.E-2),#8);
#3557=PRESENTATION_STYLE_ASSIGNMENT((#3556));
#3558=STYLED_ITEM('',(#3557),#3555);
#3559=CARTESIAN_POINT('',(-2.512290405518E0,-6.255119346323E0,
2.947699115016E0));
#3560=CARTESIAN_POINT('',(-2.471512964873E0,-6.255119346323E0,
2.947699115016E0));
#3561=CARTESIAN_POINT('',(-2.393743652840E0,-6.255119346323E0,
2.929508057382E0));
#3562=CARTESIAN_POINT('',(-2.310969259307E0,-6.255119346323E0,
2.853593420219E0));
#3563=CARTESIAN_POINT('',(-2.292778201674E0,-6.255119346323E0,
2.787257035470E0));
#3564=CARTESIAN_POINT('',(-2.292778201674E0,-6.255119346323E0,
2.753339351195E0));
#3566=CURVE_STYLE('',#21,POSITIVE_LENGTH_MEASURE(2.E-2),#8);
#3567=PRESENTATION_STYLE_ASSIGNMENT((#3566));
#3568=STYLED_ITEM('',(#3567),#3565);
#3569=CARTESIAN_POINT('',(-2.738090719369E0,-6.255119346323E0,
2.753339351195E0));
#3570=CARTESIAN_POINT('',(-2.726657792086E0,-6.255119346323E0,
2.815077158526E0));
#3571=CARTESIAN_POINT('',(-2.673208857035E0,-6.255119346321E0,
2.912257040437E0));
#3572=CARTESIAN_POINT('',(-2.571741627393E0,-6.255119346323E0,
2.947699115016E0));
#3573=CARTESIAN_POINT('',(-2.512290405518E0,-6.255119346323E0,
2.947699115016E0));
#3575=CURVE_STYLE('',#21,POSITIVE_LENGTH_MEASURE(2.E-2),#8);
#3576=PRESENTATION_STYLE_ASSIGNMENT((#3575));
#3577=STYLED_ITEM('',(#3576),#3574);
#3578=DIRECTION('',(-9.841620013644E-1,0.E0,1.772714163942E-1));
#3579=VECTOR('',#3578,9.351617366387E-2);
#3580=CARTESIAN_POINT('',(-2.646055654736E0,-6.255119346323E0,
2.736761606634E0));
#3581=LINE('',#3580,#3579);
#3582=CURVE_STYLE('',#21,POSITIVE_LENGTH_MEASURE(2.E-2),#8);
#3583=PRESENTATION_STYLE_ASSIGNMENT((#3582));
#3584=STYLED_ITEM('',(#3583),#3581);
#3585=CARTESIAN_POINT('',(-2.510575466426E0,-6.255119346323E0,
2.872241794944E0));
#3586=CARTESIAN_POINT('',(-2.546398638581E0,-6.255119346323E0,
2.872241794944E0));
#3587=CARTESIAN_POINT('',(-2.607278976366E0,-6.255119346321E0,
2.849852312347E0));
#3588=CARTESIAN_POINT('',(-2.639195898366E0,-6.255119346323E0,
2.782112218192E0));
#3589=CARTESIAN_POINT('',(-2.646055654736E0,-6.255119346323E0,
2.736761606634E0));
#3591=CURVE_STYLE('',#21,POSITIVE_LENGTH_MEASURE(2.E-2),#8);
#3592=PRESENTATION_STYLE_ASSIGNMENT((#3591));
#3593=STYLED_ITEM('',(#3592),#3590);
#3594=CARTESIAN_POINT('',(-2.387671498127E0,-6.255119346323E0,
2.755054290288E0));
#3595=CARTESIAN_POINT('',(-2.387671498127E0,-6.255119346323E0,
2.788971974562E0));
#3596=CARTESIAN_POINT('',(-2.412919212545E0,-6.255119346323E0,
2.847565726890E0));
#3597=CARTESIAN_POINT('',(-2.474371196695E0,-6.255119346323E0,
2.872241794944E0));
#3598=CARTESIAN_POINT('',(-2.510575466426E0,-6.255119346323E0,
2.872241794944E0));
#3600=CURVE_STYLE('',#21,POSITIVE_LENGTH_MEASURE(2.E-2),#8);
#3601=PRESENTATION_STYLE_ASSIGNMENT((#3600));
#3602=STYLED_ITEM('',(#3601),#3599);
#3603=CARTESIAN_POINT('',(-2.540872723727E0,-6.255119346323E0,
2.629863736532E0));
#3604=CARTESIAN_POINT('',(-2.501619673387E0,-6.255119346323E0,
2.629863736532E0));
#3605=CARTESIAN_POINT('',(-2.425019060587E0,-6.255119346321E0,
2.650157182461E0));
#3606=CARTESIAN_POINT('',(-2.387671498127E0,-6.255119346323E0,
2.712752459339E0));
#3607=CARTESIAN_POINT('',(-2.387671498127E0,-6.255119346323E0,
2.755054290288E0));
#3609=CURVE_STYLE('',#21,POSITIVE_LENGTH_MEASURE(2.E-2),#8);
#3610=PRESENTATION_STYLE_ASSIGNMENT((#3609));
#3611=STYLED_ITEM('',(#3610),#3608);
#3612=CARTESIAN_POINT('',(-2.555735529196E0,-6.255119346322E0,
2.631007029261E0));
#3613=CARTESIAN_POINT('',(-2.549256870402E0,-6.255119346322E0,
2.630244834108E0));
#3614=CARTESIAN_POINT('',(-2.544302601912E0,-6.255119346323E0,
2.629863736532E0));
#3615=CARTESIAN_POINT('',(-2.540872723727E0,-6.255119346323E0,
2.629863736532E0));
#3617=CURVE_STYLE('',#21,POSITIVE_LENGTH_MEASURE(2.E-2),#8);
#3618=PRESENTATION_STYLE_ASSIGNMENT((#3617));
#3619=STYLED_ITEM('',(#3618),#3616);
#3620=DIRECTION('',(1.197005021428E-1,1.094006297812E-14,9.928100471826E-1));
#3621=VECTOR('',#3620,8.118585985077E-2);
#3622=CARTESIAN_POINT('',(-2.565453517387E0,-6.255119346322E0,
2.550404891912E0));
#3623=LINE('',#3622,#3621);
#3624=CURVE_STYLE('',#21,POSITIVE_LENGTH_MEASURE(2.E-2),#8);
#3625=PRESENTATION_STYLE_ASSIGNMENT((#3624));
#3626=STYLED_ITEM('',(#3625),#3623);
#3627=CARTESIAN_POINT('',(-2.500857478235E0,-6.255119346323E0,
2.560694526467E0));
#3628=CARTESIAN_POINT('',(-2.518006869160E0,-6.255119346323E0,
2.560694526467E0));
#3629=CARTESIAN_POINT('',(-2.539538882211E0,-6.255119346322E0,
2.557264648282E0));
#3630=CARTESIAN_POINT('',(-2.565453517387E0,-6.255119346322E0,
2.550404891912E0));
#3632=CURVE_STYLE('',#21,POSITIVE_LENGTH_MEASURE(2.E-2),#8);
#3633=PRESENTATION_STYLE_ASSIGNMENT((#3632));
#3634=STYLED_ITEM('',(#3633),#3631);
#3635=CARTESIAN_POINT('',(-2.353944362641E0,-6.255119346323E0,
2.414924703601E0));
#3636=CARTESIAN_POINT('',(-2.353944362641E0,-6.255119346323E0,
2.457226534550E0));
#3637=CARTESIAN_POINT('',(-2.384717991913E0,-6.255119346323E0,
2.530111445983E0));
#3638=CARTESIAN_POINT('',(-2.458174549710E0,-6.255119346323E0,
2.560694526467E0));
#3639=CARTESIAN_POINT('',(-2.500857478235E0,-6.255119346323E0,
2.560694526467E0));
#3641=CURVE_STYLE('',#21,POSITIVE_LENGTH_MEASURE(2.E-2),#8);
#3642=PRESENTATION_STYLE_ASSIGNMENT((#3641));
#3643=STYLED_ITEM('',(#3642),#3640);
#3644=CARTESIAN_POINT('',(-2.508288880969E0,-6.255119346323E0,
2.258293599816E0));
#3645=CARTESIAN_POINT('',(-2.464843757292E0,-6.255119346323E0,
2.258293599816E0));
#3646=CARTESIAN_POINT('',(-2.387671498128E0,-6.255119346323E0,
2.292401832879E0));
#3647=CARTESIAN_POINT('',(-2.353944362641E0,-6.255119346323E0,
2.370717384772E0));
#3648=CARTESIAN_POINT('',(-2.353944362641E0,-6.255119346323E0,
2.414924703601E0));
#3650=CURVE_STYLE('',#21,POSITIVE_LENGTH_MEASURE(2.E-2),#8);
#3651=PRESENTATION_STYLE_ASSIGNMENT((#3650));
#3652=STYLED_ITEM('',(#3651),#3649);
#3653=CARTESIAN_POINT('',(-1.774962047660E-1,-6.255119346322E0,
9.183339351039E0));
#3654=CARTESIAN_POINT('',(-1.260480319900E-1,-6.255119346322E0,
9.207348498334E0));
#3655=CARTESIAN_POINT('',(-3.372714417517E-2,-6.255119346322E0,
9.268991031271E0));
#3656=CARTESIAN_POINT('',(2.315166906066E-2,-6.255119346322E0,
9.339017710883E0));
#3657=CARTESIAN_POINT('',(3.915776725766E-2,-6.255119346322E0,
9.371411004854E0));
#3659=CURVE_STYLE('',#21,POSITIVE_LENGTH_MEASURE(2.E-2),#8);
#3660=PRESENTATION_STYLE_ASSIGNMENT((#3659));
#3661=STYLED_ITEM('',(#3660),#3658);
#3662=CARTESIAN_POINT('',(6.573924499486E-3,-6.255119346322E0,
9.205061912878E0));
#3663=CARTESIAN_POINT('',(-4.477905207966E-3,-6.255119346322E0,
9.194581729535E0));
#3664=CARTESIAN_POINT('',(-2.967798242886E-2,-6.255119346322E0,
9.173764274439E0));
#3665=CARTESIAN_POINT('',(-8.019722986332E-2,-6.255119346322E0,
9.141251887476E0));
#3666=CARTESIAN_POINT('',(-1.331459743455E-1,-6.255119346322E0,
9.112598113472E0));
#3667=CARTESIAN_POINT('',(-1.632050456617E-1,-6.255119346322E0,
9.099497884293E0));
#3668=CARTESIAN_POINT('',(-1.774962047660E-1,-6.255119346322E0,
9.094162518227E0));
#3670=CURVE_STYLE('',#21,POSITIVE_LENGTH_MEASURE(2.E-2),#8);
#3671=PRESENTATION_STYLE_ASSIGNMENT((#3670));
#3672=STYLED_ITEM('',(#3671),#3669);
#3673=CARTESIAN_POINT('',(-2.486566319130E0,-6.255119346322E0,
8.851212813451E0));
#3674=CARTESIAN_POINT('',(-2.514195893399E0,-6.255119346322E0,
8.828156410096E0));
#3675=CARTESIAN_POINT('',(-2.560158983204E0,-6.255119346322E0,
8.788896554441E0));
#3676=CARTESIAN_POINT('',(-2.595703137491E0,-6.255119346322E0,
8.755342954458E0));
#3677=CARTESIAN_POINT('',(-2.614383724035E0,-6.255119346322E0,
8.732793546986E0));
#3678=CARTESIAN_POINT('',(-2.626619678354E0,-6.255119346322E0,
8.715542076353E0));
#3679=CARTESIAN_POINT('',(-2.631764495632E0,-6.255119346322E0,
8.707157929678E0));
#3681=CURVE_STYLE('',#21,POSITIVE_LENGTH_MEASURE(2.E-2),#8);
#3682=PRESENTATION_STYLE_ASSIGNMENT((#3681));
#3683=STYLED_ITEM('',(#3682),#3680);
#3684=CARTESIAN_POINT('',(-2.265339176193E0,-6.255119346322E0,
9.163331728293E0));
#3685=CARTESIAN_POINT('',(-2.265339176193E0,-6.255119346322E0,
9.133225019779E0));
#3686=CARTESIAN_POINT('',(-2.273704641614E0,-6.255119346322E0,
9.089703302961E0));
#3687=CARTESIAN_POINT('',(-2.306274784786E0,-6.255119346322E0,
9.030265780672E0));
#3688=CARTESIAN_POINT('',(-2.341472134941E0,-6.255119346322E0,
8.984921707553E0));
#3689=CARTESIAN_POINT('',(-2.396624800332E0,-6.255119346322E0,
8.929626130571E0));
#3690=CARTESIAN_POINT('',(-2.453601378796E0,-6.255119346322E0,
8.879223485296E0));
#3691=CARTESIAN_POINT('',(-2.486566319130E0,-6.255119346322E0,
8.851212813451E0));
#3693=CURVE_STYLE('',#21,POSITIVE_LENGTH_MEASURE(2.E-2),#8);
#3694=PRESENTATION_STYLE_ASSIGNMENT((#3693));
#3695=STYLED_ITEM('',(#3694),#3692);
#3696=CARTESIAN_POINT('',(-2.499142539142E0,-6.255119346322E0,
9.371411004854E0));
#3697=CARTESIAN_POINT('',(-2.427115097256E0,-6.255119346322E0,
9.371411004854E0));
#3698=CARTESIAN_POINT('',(-2.310213415781E0,-6.255119346322E0,
9.326441490872E0));
#3699=CARTESIAN_POINT('',(-2.265339176193E0,-6.255119346322E0,
9.222401852591E0));
#3700=CARTESIAN_POINT('',(-2.265339176193E0,-6.255119346322E0,
9.163331728293E0));
#3702=CURVE_STYLE('',#21,POSITIVE_LENGTH_MEASURE(2.E-2),#8);
#3703=PRESENTATION_STYLE_ASSIGNMENT((#3702));
#3704=STYLED_ITEM('',(#3703),#3701);
#3705=CARTESIAN_POINT('',(-2.742663890282E0,-6.255119346322E0,
9.154757032830E0));
#3706=CARTESIAN_POINT('',(-2.736185231488E0,-6.255119346322E0,
9.225260084412E0));
#3707=CARTESIAN_POINT('',(-2.685689802653E0,-6.255119346322E0,
9.333587070424E0));
#3708=CARTESIAN_POINT('',(-2.570407785877E0,-6.255119346322E0,
9.371411004854E0));
#3709=CARTESIAN_POINT('',(-2.499142539142E0,-6.255119346322E0,
9.371411004854E0));
#3711=CURVE_STYLE('',#21,POSITIVE_LENGTH_MEASURE(2.E-2),#8);
#3712=PRESENTATION_STYLE_ASSIGNMENT((#3711));
#3713=STYLED_ITEM('',(#3712),#3710);
#3714=DIRECTION('',(-9.947970229635E-1,1.862212149444E-14,1.018768035569E-1));
#3715=VECTOR('',#3714,9.538960638454E-2);
#3716=CARTESIAN_POINT('',(-2.647770593829E0,-6.255119346322E0,
9.145039044639E0));
#3717=LINE('',#3716,#3715);
#3718=CURVE_STYLE('',#21,POSITIVE_LENGTH_MEASURE(2.E-2),#8);
#3719=PRESENTATION_STYLE_ASSIGNMENT((#3718));
#3720=STYLED_ITEM('',(#3719),#3717);
#3721=CARTESIAN_POINT('',(-2.501429124599E0,-6.255119346322E0,
9.295382038418E0));
#3722=CARTESIAN_POINT('',(-2.545636443429E0,-6.255119346322E0,
9.295382038418E0));
#3723=CARTESIAN_POINT('',(-2.618426080468E0,-6.255119346322E0,
9.267085543391E0));
#3724=CARTESIAN_POINT('',(-2.647389496253E0,-6.255119346322E0,
9.191914046502E0));
#3725=CARTESIAN_POINT('',(-2.647770593829E0,-6.255119346322E0,
9.145039044639E0));
#3727=CURVE_STYLE('',#21,POSITIVE_LENGTH_MEASURE(2.E-2),#8);
#3728=PRESENTATION_STYLE_ASSIGNMENT((#3727));
#3729=STYLED_ITEM('',(#3728),#3726);
#3730=CARTESIAN_POINT('',(-2.360232472647E0,-6.255119346322E0,
9.165618313749E0));
#3731=CARTESIAN_POINT('',(-2.360232472647E0,-6.255119346322E0,
9.202203681056E0));
#3732=CARTESIAN_POINT('',(-2.388910065250E0,-6.255119346322E0,
9.267085543391E0));
#3733=CARTESIAN_POINT('',(-2.459508391226E0,-6.255119346322E0,
9.295382038418E0));
#3734=CARTESIAN_POINT('',(-2.501429124599E0,-6.255119346322E0,
9.295382038418E0));
#3736=CURVE_STYLE('',#21,POSITIVE_LENGTH_MEASURE(2.E-2),#8);
#3737=PRESENTATION_STYLE_ASSIGNMENT((#3736));
#3738=STYLED_ITEM('',(#3737),#3735);
#3739=CARTESIAN_POINT('',(-2.567740102844E0,-6.255119346322E0,
8.895801229857E0));
#3740=CARTESIAN_POINT('',(-2.527153210987E0,-6.255119346322E0,
8.929337816555E0));
#3741=CARTESIAN_POINT('',(-2.458698558877E0,-6.255119346322E0,
8.989796224881E0));
#3742=CARTESIAN_POINT('',(-2.398032588478E0,-6.255119346322E0,
9.056719681373E0));
#3743=CARTESIAN_POINT('',(-2.367806786972E0,-6.255119346322E0,
9.111638564218E0));
#3744=CARTESIAN_POINT('',(-2.360232472647E0,-6.255119346322E0,
9.148087825248E0));
#3745=CARTESIAN_POINT('',(-2.360232472647E0,-6.255119346322E0,
9.165618313749E0));
#3747=CURVE_STYLE('',#21,POSITIVE_LENGTH_MEASURE(2.E-2),#8);
#3748=PRESENTATION_STYLE_ASSIGNMENT((#3747));
#3749=STYLED_ITEM('',(#3748),#3746);
#3750=CARTESIAN_POINT('',(-2.748952000288E0,-6.255119346322E0,
8.682577136018E0));
#3751=CARTESIAN_POINT('',(-2.736375780276E0,-6.255119346322E0,
8.716494820293E0));
#3752=CARTESIAN_POINT('',(-2.698361297058E0,-6.255119346322E0,
8.780042841111E0));
#3753=CARTESIAN_POINT('',(-2.620331568348E0,-6.255119346322E0,
8.852737203756E0));
#3754=CARTESIAN_POINT('',(-2.567740102844E0,-6.255119346322E0,
8.895801229857E0));
#3756=CURVE_STYLE('',#21,POSITIVE_LENGTH_MEASURE(2.E-2),#8);
#3757=PRESENTATION_STYLE_ASSIGNMENT((#3756));
#3758=STYLED_ITEM('',(#3757),#3755);
#3759=CARTESIAN_POINT('',(-2.759813281208E0,-6.255119346322E0,
8.618552743230E0));
#3760=CARTESIAN_POINT('',(-2.760575476360E0,-6.255119346322E0,
8.640656402645E0));
#3761=CARTESIAN_POINT('',(-2.756955049387E0,-6.255119346322E0,
8.661997866908E0));
#3762=CARTESIAN_POINT('',(-2.748952000288E0,-6.255119346322E0,
8.682577136018E0));
#3764=CURVE_STYLE('',#21,POSITIVE_LENGTH_MEASURE(2.E-2),#8);
#3765=PRESENTATION_STYLE_ASSIGNMENT((#3764));
#3766=STYLED_ITEM('',(#3765),#3763);
#3767=DIRECTION('',(5.753980646079E-1,2.541492926789E-14,8.178735032054E-1));
#3768=VECTOR('',#3767,5.941009308249E-1);
#3769=CARTESIAN_POINT('',(-2.781059648612E-1,-6.255119346323E0,
2.454082496599E0));
#3770=LINE('',#3769,#3768);
#3771=CURVE_STYLE('',#21,POSITIVE_LENGTH_MEASURE(2.E-2),#8);
#3772=PRESENTATION_STYLE_ASSIGNMENT((#3771));
#3773=STYLED_ITEM('',(#3772),#3770);
#3774=DIRECTION('',(-3.310621122724E-14,-1.E0,1.257060720903E-14));
#3775=VECTOR('',#3774,8.195999999998E0);
#3776=CARTESIAN_POINT('',(-3.9E0,-6.255119346322E0,9.669981891249E0));
#3777=LINE('',#3776,#3775);
#3778=CURVE_STYLE('',#21,POSITIVE_LENGTH_MEASURE(2.E-2),#8);
#3779=PRESENTATION_STYLE_ASSIGNMENT((#3778));
#3780=STYLED_ITEM('',(#3779),#3777);
#3781=DIRECTION('',(5.649982845671E-1,7.985309088545E-1,-2.076663815844E-1));
#3782=VECTOR('',#3781,5.309750634553E-1);
#3783=CARTESIAN_POINT('',(-5.775E0,-1.487511934632E1,7.927142329622E0));
#3784=LINE('',#3783,#3782);
#3785=CURVE_STYLE('',#21,POSITIVE_LENGTH_MEASURE(2.E-2),#8);
#3786=PRESENTATION_STYLE_ASSIGNMENT((#3785));
#3787=STYLED_ITEM('',(#3786),#3784);
#3788=DIRECTION('',(6.476151315789E-1,-2.848598550025E-14,7.619676117461E-1));
#3789=VECTOR('',#3788,2.432E0);
#3790=CARTESIAN_POINT('',(-5.475E0,-1.445111934632E1,7.816876659483E0));
#3791=LINE('',#3790,#3789);
#3792=CURVE_STYLE('',#21,POSITIVE_LENGTH_MEASURE(2.E-2),#8);
#3793=PRESENTATION_STYLE_ASSIGNMENT((#3792));
#3794=STYLED_ITEM('',(#3793),#3791);
#3795=DIRECTION('',(-5.775899117558E-1,-8.163270752817E-1,2.394013510263E-14));
#3796=VECTOR('',#3795,5.193996534479E-1);
#3797=CARTESIAN_POINT('',(-5.475E0,-1.445111934632E1,6.819981891249E0));
#3798=LINE('',#3797,#3796);
#3799=CURVE_STYLE('',#21,POSITIVE_LENGTH_MEASURE(2.E-2),#8);
#3800=PRESENTATION_STYLE_ASSIGNMENT((#3799));
#3801=STYLED_ITEM('',(#3800),#3798);
#3802=DIRECTION('',(-1.094509765614E-14,-1.E0,1.723040126066E-14));
#3803=VECTOR('',#3802,8.195999999997E0);
#3804=CARTESIAN_POINT('',(-5.475E0,-6.255119346322E0,6.819981891249E0));
#3805=LINE('',#3804,#3803);
#3806=CURVE_STYLE('',#21,POSITIVE_LENGTH_MEASURE(2.E-2),#8);
#3807=PRESENTATION_STYLE_ASSIGNMENT((#3806));
#3808=STYLED_ITEM('',(#3807),#3805);
#3809=DIRECTION('',(1.E0,-1.004027778791E-13,-1.312959403035E-13));
#3810=VECTOR('',#3809,5.750000000001E-1);
#3811=CARTESIAN_POINT('',(-6.05E0,-6.255119346322E0,6.819981891249E0));
#3812=LINE('',#3811,#3810);
#3813=CURVE_STYLE('',#21,POSITIVE_LENGTH_MEASURE(2.E-2),#8);
#3814=PRESENTATION_STYLE_ASSIGNMENT((#3813));
#3815=STYLED_ITEM('',(#3814),#3812);
#3816=DIRECTION('',(-1.E0,-2.583791766409E-14,2.680683957649E-13));
#3817=VECTOR('',#3816,2.749999999991E-1);
#3818=CARTESIAN_POINT('',(-5.775000000001E0,-1.487511934632E1,
6.819981891249E0));
#3819=LINE('',#3818,#3817);
#3820=CURVE_STYLE('',#21,POSITIVE_LENGTH_MEASURE(2.E-2),#8);
#3821=PRESENTATION_STYLE_ASSIGNMENT((#3820));
#3822=STYLED_ITEM('',(#3821),#3819);
#3823=DIRECTION('',(1.568063218390E-13,1.345326965778E-12,-1.E0));
#3824=VECTOR('',#3823,9.968947682336E-1);
#3825=CARTESIAN_POINT('',(-5.475E0,-1.445111934632E1,7.816876659483E0));
#3826=LINE('',#3825,#3824);
#3827=CURVE_STYLE('',#21,POSITIVE_LENGTH_MEASURE(2.E-2),#8);
#3828=PRESENTATION_STYLE_ASSIGNMENT((#3827));
#3829=STYLED_ITEM('',(#3828),#3826);
#3830=DIRECTION('',(-2.990937577322E-14,-1.E0,-2.633325475686E-14));
#3831=VECTOR('',#3830,8.195999999998E0);
#3832=CARTESIAN_POINT('',(-5.475E0,-6.255119346322E0,7.816876659483E0));
#3833=LINE('',#3832,#3831);
#3834=CURVE_STYLE('',#21,POSITIVE_LENGTH_MEASURE(2.E-2),#8);
#3835=PRESENTATION_STYLE_ASSIGNMENT((#3834));
#3836=STYLED_ITEM('',(#3835),#3833);
#3837=DIRECTION('',(-1.088018564133E-14,1.776356839400E-14,1.E0));
#3838=VECTOR('',#3837,4.E0);
#3839=CARTESIAN_POINT('',(-6.05E0,-6.255119346322E0,2.819981891249E0));
#3840=LINE('',#3839,#3838);
#3841=CURVE_STYLE('',#21,POSITIVE_LENGTH_MEASURE(2.E-2),#8);
#3842=PRESENTATION_STYLE_ASSIGNMENT((#3841));
#3843=STYLED_ITEM('',(#3842),#3840);
#3844=DIRECTION('',(1.020065702440E-14,1.E0,-1.746476126905E-14));
#3845=VECTOR('',#3844,8.619999999998E0);
#3846=CARTESIAN_POINT('',(-6.05E0,-1.487511934632E1,2.819981891249E0));
#3847=LINE('',#3846,#3845);
#3848=CURVE_STYLE('',#21,POSITIVE_LENGTH_MEASURE(2.E-2),#8);
#3849=PRESENTATION_STYLE_ASSIGNMENT((#3848));
#3850=STYLED_ITEM('',(#3849),#3847);
#3851=DIRECTION('',(1.065814103640E-14,-1.776356839400E-14,-1.E0));
#3852=VECTOR('',#3851,4.E0);
#3853=CARTESIAN_POINT('',(-6.05E0,-1.487511934632E1,6.819981891249E0));
#3854=LINE('',#3853,#3852);
#3855=CURVE_STYLE('',#21,POSITIVE_LENGTH_MEASURE(2.E-2),#8);
#3856=PRESENTATION_STYLE_ASSIGNMENT((#3855));
#3857=STYLED_ITEM('',(#3856),#3854);
#3858=DIRECTION('',(-1.009762008476E-14,-1.E0,1.741324279923E-14));
#3859=VECTOR('',#3858,8.619999999998E0);
#3860=CARTESIAN_POINT('',(-6.05E0,-6.255119346322E0,6.819981891249E0));
#3861=LINE('',#3860,#3859);
#3862=CURVE_STYLE('',#21,POSITIVE_LENGTH_MEASURE(2.E-2),#8);
#3863=PRESENTATION_STYLE_ASSIGNMENT((#3862));
#3864=STYLED_ITEM('',(#3863),#3861);
#3865=DIRECTION('',(5.775899117558E-1,8.163270752817E-1,5.130028950572E-14));
#3866=VECTOR('',#3865,5.193996534470E-1);
#3867=CARTESIAN_POINT('',(-5.775E0,-1.487511934632E1,2.819981891249E0));
#3868=LINE('',#3867,#3866);
#3869=CURVE_STYLE('',#21,POSITIVE_LENGTH_MEASURE(2.E-2),#8);
#3870=PRESENTATION_STYLE_ASSIGNMENT((#3869));
#3871=STYLED_ITEM('',(#3870),#3868);
#3872=DIRECTION('',(1.E0,1.937843824803E-14,9.366245153217E-14));
#3873=VECTOR('',#3872,2.749999999995E-1);
#3874=CARTESIAN_POINT('',(-6.05E0,-1.487511934632E1,2.819981891249E0));
#3875=LINE('',#3874,#3873);
#3876=CURVE_STYLE('',#21,POSITIVE_LENGTH_MEASURE(2.E-2),#8);
#3877=PRESENTATION_STYLE_ASSIGNMENT((#3876));
#3878=STYLED_ITEM('',(#3877),#3875);
#3879=DIRECTION('',(1.094509765614E-14,1.E0,-2.031886941116E-14));
#3880=VECTOR('',#3879,8.195999999997E0);
#3881=CARTESIAN_POINT('',(-5.475E0,-1.445111934632E1,2.819981891249E0));
#3882=LINE('',#3881,#3880);
#3883=CURVE_STYLE('',#21,POSITIVE_LENGTH_MEASURE(2.E-2),#8);
#3884=PRESENTATION_STYLE_ASSIGNMENT((#3883));
#3885=STYLED_ITEM('',(#3884),#3882);
#3886=DIRECTION('',(5.001556281859E-1,7.068866211692E-1,5.001556281859E-1));
#3887=VECTOR('',#3886,5.998133042874E-1);
#3888=CARTESIAN_POINT('',(-5.775E0,-1.487511934632E1,1.589981891249E0));
#3889=LINE('',#3888,#3887);
#3890=CURVE_STYLE('',#21,POSITIVE_LENGTH_MEASURE(2.E-2),#8);
#3891=PRESENTATION_STYLE_ASSIGNMENT((#3890));
#3892=STYLED_ITEM('',(#3891),#3889);
#3893=DIRECTION('',(-1.699954394694E-13,-7.334634691715E-13,-1.E0));
#3894=VECTOR('',#3893,9.300000000003E-1);
#3895=CARTESIAN_POINT('',(-5.475E0,-1.445111934632E1,2.819981891249E0));
#3896=LINE('',#3895,#3894);
#3897=CURVE_STYLE('',#21,POSITIVE_LENGTH_MEASURE(2.E-2),#8);
#3898=PRESENTATION_STYLE_ASSIGNMENT((#3897));
#3899=STYLED_ITEM('',(#3898),#3896);
#3900=DIRECTION('',(1.E0,-1.240296491415E-14,-6.629805186104E-14));
#3901=VECTOR('',#3900,8.450000000001E0);
#3902=CARTESIAN_POINT('',(-5.475E0,-1.445111934632E1,1.889981891249E0));
#3903=LINE('',#3902,#3901);
#3904=CURVE_STYLE('',#21,POSITIVE_LENGTH_MEASURE(2.E-2),#8);
#3905=PRESENTATION_STYLE_ASSIGNMENT((#3904));
#3906=STYLED_ITEM('',(#3905),#3903);
#3907=DIRECTION('',(-3.294366027195E-14,-1.E0,0.E0));
#3908=VECTOR('',#3907,8.195999999998E0);
#3909=CARTESIAN_POINT('',(-5.475E0,-6.255119346322E0,1.889981891249E0));
#3910=LINE('',#3909,#3908);
#3911=CURVE_STYLE('',#21,POSITIVE_LENGTH_MEASURE(2.E-2),#8);
#3912=PRESENTATION_STYLE_ASSIGNMENT((#3911));
#3913=STYLED_ITEM('',(#3912),#3910);
#3914=DIRECTION('',(5.001556281859E-1,-7.068866211690E-1,-5.001556281861E-1));
#3915=VECTOR('',#3914,5.998133042875E-1);
#3916=CARTESIAN_POINT('',(2.975E0,-1.445111934632E1,1.889981891248E0));
#3917=LINE('',#3916,#3915);
#3918=CURVE_STYLE('',#21,POSITIVE_LENGTH_MEASURE(2.E-2),#8);
#3919=PRESENTATION_STYLE_ASSIGNMENT((#3918));
#3920=STYLED_ITEM('',(#3919),#3917);
#3921=DIRECTION('',(5.775899117558E-1,-8.163270752817E-1,2.223012545244E-14));
#3922=VECTOR('',#3921,5.193996534479E-1);
#3923=CARTESIAN_POINT('',(2.975E0,-1.445111934632E1,2.819981891249E0));
#3924=LINE('',#3923,#3922);
#3925=CURVE_STYLE('',#21,POSITIVE_LENGTH_MEASURE(2.E-2),#8);
#3926=PRESENTATION_STYLE_ASSIGNMENT((#3925));
#3927=STYLED_ITEM('',(#3926),#3924);
#3928=DIRECTION('',(0.E0,-1.E0,1.733876856419E-14));
#3929=VECTOR('',#3928,8.195999999996E0);
#3930=CARTESIAN_POINT('',(2.975E0,-6.255119346323E0,2.819981891249E0));
#3931=LINE('',#3930,#3929);
#3932=CURVE_STYLE('',#21,POSITIVE_LENGTH_MEASURE(2.E-2),#8);
#3933=PRESENTATION_STYLE_ASSIGNMENT((#3932));
#3934=STYLED_ITEM('',(#3933),#3931);
#3935=DIRECTION('',(-1.E0,-4.788440175775E-13,-1.312959403035E-13));
#3936=VECTOR('',#3935,5.749999999999E-1);
#3937=CARTESIAN_POINT('',(3.55E0,-6.255119346322E0,2.819981891249E0));
#3938=LINE('',#3937,#3936);
#3939=CURVE_STYLE('',#21,POSITIVE_LENGTH_MEASURE(2.E-2),#8);
#3940=PRESENTATION_STYLE_ASSIGNMENT((#3939));
#3941=STYLED_ITEM('',(#3940),#3938);
#3942=DIRECTION('',(1.E0,4.521635591218E-14,2.712981354731E-13));
#3943=VECTOR('',#3942,2.749999999990E-1);
#3944=CARTESIAN_POINT('',(3.275000000001E0,-1.487511934632E1,2.819981891249E0));
#3945=LINE('',#3944,#3943);
#3946=CURVE_STYLE('',#21,POSITIVE_LENGTH_MEASURE(2.E-2),#8);
#3947=PRESENTATION_STYLE_ASSIGNMENT((#3946));
#3948=STYLED_ITEM('',(#3947),#3945);
#3949=DIRECTION('',(-4.417016334527E-13,1.522318710754E-12,1.E0));
#3950=VECTOR('',#3949,9.300000000007E-1);
#3951=CARTESIAN_POINT('',(2.975E0,-1.445111934632E1,1.889981891248E0));
#3952=LINE('',#3951,#3950);
#3953=CURVE_STYLE('',#21,POSITIVE_LENGTH_MEASURE(2.E-2),#8);
#3954=PRESENTATION_STYLE_ASSIGNMENT((#3953));
#3955=STYLED_ITEM('',(#3954),#3952);
#3956=DIRECTION('',(4.090865708112E-14,-1.E0,-7.377104187543E-14));
#3957=VECTOR('',#3956,8.195999999998E0);
#3958=CARTESIAN_POINT('',(2.975E0,-6.255119346322E0,1.889981891249E0));
#3959=LINE('',#3958,#3957);
#3960=CURVE_STYLE('',#21,POSITIVE_LENGTH_MEASURE(2.E-2),#8);
#3961=PRESENTATION_STYLE_ASSIGNMENT((#3960));
#3962=STYLED_ITEM('',(#3961),#3959);
#3963=DIRECTION('',(1.088018564133E-14,1.776356839400E-14,1.E0));
#3964=VECTOR('',#3963,4.E0);
#3965=CARTESIAN_POINT('',(3.55E0,-1.487511934632E1,2.819981891249E0));
#3966=LINE('',#3965,#3964);
#3967=CURVE_STYLE('',#21,POSITIVE_LENGTH_MEASURE(2.E-2),#8);
#3968=PRESENTATION_STYLE_ASSIGNMENT((#3967));
#3969=STYLED_ITEM('',(#3968),#3966);
#3970=DIRECTION('',(-1.020065702440E-14,-1.E0,1.761931667851E-14));
#3971=VECTOR('',#3970,8.619999999998E0);
#3972=CARTESIAN_POINT('',(3.55E0,-6.255119346322E0,2.819981891249E0));
#3973=LINE('',#3972,#3971);
#3974=CURVE_STYLE('',#21,POSITIVE_LENGTH_MEASURE(2.E-2),#8);
#3975=PRESENTATION_STYLE_ASSIGNMENT((#3974));
#3976=STYLED_ITEM('',(#3975),#3973);
#3977=DIRECTION('',(-1.088018564133E-14,-1.010302952409E-13,-1.E0));
#3978=VECTOR('',#3977,4.E0);
#3979=CARTESIAN_POINT('',(3.55E0,-6.255119346322E0,6.819981891249E0));
#3980=LINE('',#3979,#3978);
#3981=CURVE_STYLE('',#21,POSITIVE_LENGTH_MEASURE(2.E-2),#8);
#3982=PRESENTATION_STYLE_ASSIGNMENT((#3981));
#3983=STYLED_ITEM('',(#3982),#3980);
#3984=DIRECTION('',(1.004610161494E-14,1.E0,-1.761931667851E-14));
#3985=VECTOR('',#3984,8.619999999998E0);
#3986=CARTESIAN_POINT('',(3.55E0,-1.487511934632E1,6.819981891249E0));
#3987=LINE('',#3986,#3985);
#3988=CURVE_STYLE('',#21,POSITIVE_LENGTH_MEASURE(2.E-2),#8);
#3989=PRESENTATION_STYLE_ASSIGNMENT((#3988));
#3990=STYLED_ITEM('',(#3989),#3987);
#3991=DIRECTION('',(2.580681620767E-1,7.886753931932E-1,-5.580250423538E-1));
#3992=VECTOR('',#3991,5.376102813139E-1);
#3993=CARTESIAN_POINT('',(-4.038740097212E0,-1.487511934632E1,
9.969981891249E0));
#3994=LINE('',#3993,#3992);
#3995=CURVE_STYLE('',#21,POSITIVE_LENGTH_MEASURE(2.E-2),#8);
#3996=PRESENTATION_STYLE_ASSIGNMENT((#3995));
#3997=STYLED_ITEM('',(#3996),#3994);
#3998=DIRECTION('',(-2.580681620767E-1,7.886753931932E-1,-5.580250423538E-1));
#3999=VECTOR('',#3998,5.376102813140E-1);
#4000=CARTESIAN_POINT('',(1.538740097212E0,-1.487511934632E1,9.969981891249E0));
#4001=LINE('',#4000,#3999);
#4002=CURVE_STYLE('',#21,POSITIVE_LENGTH_MEASURE(2.E-2),#8);
#4003=PRESENTATION_STYLE_ASSIGNMENT((#4002));
#4004=STYLED_ITEM('',(#4003),#4001);
#4005=DIRECTION('',(6.476151315790E-1,2.337311630790E-14,-7.619676117460E-1));
#4006=VECTOR('',#4005,2.432E0);
#4007=CARTESIAN_POINT('',(1.4E0,-1.445111934632E1,9.669981891249E0));
#4008=LINE('',#4007,#4006);
#4009=CURVE_STYLE('',#21,POSITIVE_LENGTH_MEASURE(2.E-2),#8);
#4010=PRESENTATION_STYLE_ASSIGNMENT((#4009));
#4011=STYLED_ITEM('',(#4010),#4008);
#4012=DIRECTION('',(0.E0,-1.E0,0.E0));
#4013=VECTOR('',#4012,8.195999999998E0);
#4014=CARTESIAN_POINT('',(2.975E0,-6.255119346322E0,7.816876659482E0));
#4015=LINE('',#4014,#4013);
#4016=CURVE_STYLE('',#21,POSITIVE_LENGTH_MEASURE(2.E-2),#8);
#4017=PRESENTATION_STYLE_ASSIGNMENT((#4016));
#4018=STYLED_ITEM('',(#4017),#4015);
#4019=DIRECTION('',(-1.E0,1.675808339057E-14,-1.508227505151E-14));
#4020=VECTOR('',#4019,5.3E0);
#4021=CARTESIAN_POINT('',(1.4E0,-1.445111934632E1,9.669981891249E0));
#4022=LINE('',#4021,#4020);
#4023=CURVE_STYLE('',#21,POSITIVE_LENGTH_MEASURE(2.E-2),#8);
#4024=PRESENTATION_STYLE_ASSIGNMENT((#4023));
#4025=STYLED_ITEM('',(#4024),#4022);
#4026=DIRECTION('',(0.E0,-1.E0,2.427427598986E-14));
#4027=VECTOR('',#4026,8.195999999998E0);
#4028=CARTESIAN_POINT('',(1.4E0,-6.255119346322E0,9.669981891249E0));
#4029=LINE('',#4028,#4027);
#4030=CURVE_STYLE('',#21,POSITIVE_LENGTH_MEASURE(2.E-2),#8);
#4031=PRESENTATION_STYLE_ASSIGNMENT((#4030));
#4032=STYLED_ITEM('',(#4031),#4029);
#4033=DIRECTION('',(1.E0,0.E0,0.E0));
#4034=VECTOR('',#4033,9.E-1);
#4035=CARTESIAN_POINT('',(-4.05E0,-6.255119346322E0,4.189981891249E0));
#4036=LINE('',#4035,#4034);
#4037=CURVE_STYLE('',#21,POSITIVE_LENGTH_MEASURE(2.E-2),#8);
#4038=PRESENTATION_STYLE_ASSIGNMENT((#4037));
#4039=STYLED_ITEM('',(#4038),#4036);
#4040=DIRECTION('',(4.739798297439E-14,1.E0,2.540702690970E-14));
#4041=VECTOR('',#4040,8.319999999998E0);
#4042=CARTESIAN_POINT('',(-4.05E0,-1.457511934632E1,4.189981891249E0));
#4043=LINE('',#4042,#4041);
#4044=CURVE_STYLE('',#21,POSITIVE_LENGTH_MEASURE(2.E-2),#8);
#4045=PRESENTATION_STYLE_ASSIGNMENT((#4044));
#4046=STYLED_ITEM('',(#4045),#4043);
#4047=DIRECTION('',(-1.E0,0.E0,-6.042785319745E-14));
#4048=VECTOR('',#4047,5.6E0);
#4049=CARTESIAN_POINT('',(1.55E0,-1.457511934632E1,4.189981891249E0));
#4050=LINE('',#4049,#4048);
#4051=CURVE_STYLE('',#21,POSITIVE_LENGTH_MEASURE(2.E-2),#8);
#4052=PRESENTATION_STYLE_ASSIGNMENT((#4051));
#4053=STYLED_ITEM('',(#4052),#4050);
#4054=DIRECTION('',(1.E0,-3.592188275232E-13,0.E0));
#4055=VECTOR('',#4054,9.E-1);
#4056=CARTESIAN_POINT('',(6.5E-1,-6.255119346322E0,4.189981891249E0));
#4057=LINE('',#4056,#4055);
#4058=CURVE_STYLE('',#21,POSITIVE_LENGTH_MEASURE(2.E-2),#8);
#4059=PRESENTATION_STYLE_ASSIGNMENT((#4058));
#4060=STYLED_ITEM('',(#4059),#4057);
#4061=DIRECTION('',(1.E0,0.E0,0.E0));
#4062=VECTOR('',#4061,1.2E0);
#4063=CARTESIAN_POINT('',(-1.85E0,-6.255119346322E0,4.189981891249E0));
#4064=LINE('',#4063,#4062);
#4065=CURVE_STYLE('',#21,POSITIVE_LENGTH_MEASURE(2.E-2),#8);
#4066=PRESENTATION_STYLE_ASSIGNMENT((#4065));
#4067=STYLED_ITEM('',(#4066),#4064);
#4068=DIRECTION('',(0.E0,-8.252366419261E-14,-1.E0));
#4069=VECTOR('',#4068,5.08E0);
#4070=CARTESIAN_POINT('',(-1.85E0,-2.855119346322E0,8.319981891249E0));
#4071=LINE('',#4070,#4069);
#4072=CURVE_STYLE('',#21,POSITIVE_LENGTH_MEASURE(2.E-2),#8);
#4073=PRESENTATION_STYLE_ASSIGNMENT((#4072));
#4074=STYLED_ITEM('',(#4073),#4071);
#4075=DIRECTION('',(0.E0,0.E0,1.E0));
#4076=VECTOR('',#4075,9.5E-1);
#4077=CARTESIAN_POINT('',(-1.85E0,-6.255119346322E0,7.369981891249E0));
#4078=LINE('',#4077,#4076);
#4079=CURVE_STYLE('',#21,POSITIVE_LENGTH_MEASURE(2.E-2),#8);
#4080=PRESENTATION_STYLE_ASSIGNMENT((#4079));
#4081=STYLED_ITEM('',(#4080),#4078);
#4082=DIRECTION('',(1.006602208994E-14,1.E0,-1.776356839401E-14));
#4083=VECTOR('',#4082,7.499999999998E0);
#4084=CARTESIAN_POINT('',(-1.85E0,-1.375511934632E1,7.369981891249E0));
#4085=LINE('',#4084,#4083);
#4086=CURVE_STYLE('',#21,POSITIVE_LENGTH_MEASURE(2.E-2),#8);
#4087=PRESENTATION_STYLE_ASSIGNMENT((#4086));
#4088=STYLED_ITEM('',(#4087),#4085);
#4089=DIRECTION('',(1.006602208994E-14,1.E0,-1.752672081542E-14));
#4090=VECTOR('',#4089,7.499999999998E0);
#4091=CARTESIAN_POINT('',(-1.85E0,-1.375511934632E1,5.369981891249E0));
#4092=LINE('',#4091,#4090);
#4093=CURVE_STYLE('',#21,POSITIVE_LENGTH_MEASURE(2.E-2),#8);
#4094=PRESENTATION_STYLE_ASSIGNMENT((#4093));
#4095=STYLED_ITEM('',(#4094),#4092);
#4096=DIRECTION('',(-1.006602208994E-14,-1.E0,1.752672081542E-14));
#4097=VECTOR('',#4096,7.499999999998E0);
#4098=CARTESIAN_POINT('',(-1.85E0,-6.255119346322E0,4.189981891249E0));
#4099=LINE('',#4098,#4097);
#4100=CURVE_STYLE('',#21,POSITIVE_LENGTH_MEASURE(2.E-2),#8);
#4101=PRESENTATION_STYLE_ASSIGNMENT((#4100));
#4102=STYLED_ITEM('',(#4101),#4099);
#4103=DIRECTION('',(0.E0,3.627507650986E-13,1.E0));
#4104=VECTOR('',#4103,9.5E-1);
#4105=CARTESIAN_POINT('',(-1.85E0,-6.255119346322E0,3.239981891249E0));
#4106=LINE('',#4105,#4104);
#4107=CURVE_STYLE('',#21,POSITIVE_LENGTH_MEASURE(2.E-2),#8);
#4108=PRESENTATION_STYLE_ASSIGNMENT((#4107));
#4109=STYLED_ITEM('',(#4108),#4106);
#4110=DIRECTION('',(-1.005731445837E-14,-1.E0,1.776356839400E-14));
#4111=VECTOR('',#4110,3.4E0);
#4112=CARTESIAN_POINT('',(-1.85E0,-2.855119346322E0,3.239981891249E0));
#4113=LINE('',#4112,#4111);
#4114=CURVE_STYLE('',#21,POSITIVE_LENGTH_MEASURE(2.E-2),#8);
#4115=PRESENTATION_STYLE_ASSIGNMENT((#4114));
#4116=STYLED_ITEM('',(#4115),#4113);
#4117=DIRECTION('',(1.E0,-2.732856676E-14,0.E0));
#4118=VECTOR('',#4117,1.3E0);
#4119=CARTESIAN_POINT('',(-3.15E0,-2.855119346322E0,8.319981891249E0));
#4120=LINE('',#4119,#4118);
#4121=CURVE_STYLE('',#21,POSITIVE_LENGTH_MEASURE(2.E-2),#8);
#4122=PRESENTATION_STYLE_ASSIGNMENT((#4121));
#4123=STYLED_ITEM('',(#4122),#4120);
#4124=DIRECTION('',(-1.E0,2.732856676E-14,0.E0));
#4125=VECTOR('',#4124,1.3E0);
#4126=CARTESIAN_POINT('',(-1.85E0,-6.255119346322E0,8.319981891249E0));
#4127=LINE('',#4126,#4125);
#4128=CURVE_STYLE('',#21,POSITIVE_LENGTH_MEASURE(2.E-2),#8);
#4129=PRESENTATION_STYLE_ASSIGNMENT((#4128));
#4130=STYLED_ITEM('',(#4129),#4127);
#4131=DIRECTION('',(-1.012262169511E-14,-1.E0,1.776356839400E-14));
#4132=VECTOR('',#4131,3.4E0);
#4133=CARTESIAN_POINT('',(-1.85E0,-2.855119346322E0,8.319981891249E0));
#4134=LINE('',#4133,#4132);
#4135=CURVE_STYLE('',#21,POSITIVE_LENGTH_MEASURE(2.E-2),#8);
#4136=PRESENTATION_STYLE_ASSIGNMENT((#4135));
#4137=STYLED_ITEM('',(#4136),#4134);
#4138=DIRECTION('',(0.E0,8.252366419261E-14,1.E0));
#4139=VECTOR('',#4138,5.08E0);
#4140=CARTESIAN_POINT('',(-3.15E0,-2.855119346322E0,3.239981891249E0));
#4141=LINE('',#4140,#4139);
#4142=CURVE_STYLE('',#21,POSITIVE_LENGTH_MEASURE(2.E-2),#8);
#4143=PRESENTATION_STYLE_ASSIGNMENT((#4142));
#4144=STYLED_ITEM('',(#4143),#4141);
#4145=DIRECTION('',(0.E0,-3.636856897509E-13,-1.E0));
#4146=VECTOR('',#4145,9.5E-1);
#4147=CARTESIAN_POINT('',(-3.15E0,-6.255119346322E0,4.189981891249E0));
#4148=LINE('',#4147,#4146);
#4149=CURVE_STYLE('',#21,POSITIVE_LENGTH_MEASURE(2.E-2),#8);
#4150=PRESENTATION_STYLE_ASSIGNMENT((#4149));
#4151=STYLED_ITEM('',(#4150),#4148);
#4152=DIRECTION('',(1.012523398458E-14,1.E0,-1.752672081542E-14));
#4153=VECTOR('',#4152,7.499999999998E0);
#4154=CARTESIAN_POINT('',(-3.15E0,-1.375511934632E1,4.189981891249E0));
#4155=LINE('',#4154,#4153);
#4156=CURVE_STYLE('',#21,POSITIVE_LENGTH_MEASURE(2.E-2),#8);
#4157=PRESENTATION_STYLE_ASSIGNMENT((#4156));
#4158=STYLED_ITEM('',(#4157),#4155);
#4159=DIRECTION('',(1.012523398458E-14,1.E0,-1.776356839401E-14));
#4160=VECTOR('',#4159,7.499999999998E0);
#4161=CARTESIAN_POINT('',(-3.15E0,-1.375511934632E1,6.189981891249E0));
#4162=LINE('',#4161,#4160);
#4163=CURVE_STYLE('',#21,POSITIVE_LENGTH_MEASURE(2.E-2),#8);
#4164=PRESENTATION_STYLE_ASSIGNMENT((#4163));
#4165=STYLED_ITEM('',(#4164),#4162);
#4166=DIRECTION('',(-1.012523398458E-14,-1.E0,1.752672081542E-14));
#4167=VECTOR('',#4166,7.499999999998E0);
#4168=CARTESIAN_POINT('',(-3.15E0,-6.255119346322E0,7.369981891249E0));
#4169=LINE('',#4168,#4167);
#4170=CURVE_STYLE('',#21,POSITIVE_LENGTH_MEASURE(2.E-2),#8);
#4171=PRESENTATION_STYLE_ASSIGNMENT((#4170));
#4172=STYLED_ITEM('',(#4171),#4169);
#4173=DIRECTION('',(0.E0,0.E0,-1.E0));
#4174=VECTOR('',#4173,9.5E-1);
#4175=CARTESIAN_POINT('',(-3.15E0,-6.255119346322E0,8.319981891249E0));
#4176=LINE('',#4175,#4174);
#4177=CURVE_STYLE('',#21,POSITIVE_LENGTH_MEASURE(2.E-2),#8);
#4178=PRESENTATION_STYLE_ASSIGNMENT((#4177));
#4179=STYLED_ITEM('',(#4178),#4176);
#4180=DIRECTION('',(0.E0,-1.E0,1.776356839400E-14));
#4181=VECTOR('',#4180,3.4E0);
#4182=CARTESIAN_POINT('',(-3.15E0,-2.855119346322E0,8.319981891249E0));
#4183=LINE('',#4182,#4181);
#4184=CURVE_STYLE('',#21,POSITIVE_LENGTH_MEASURE(2.E-2),#8);
#4185=PRESENTATION_STYLE_ASSIGNMENT((#4184));
#4186=STYLED_ITEM('',(#4185),#4183);
#4187=DIRECTION('',(-1.E0,2.732856676E-14,0.E0));
#4188=VECTOR('',#4187,1.3E0);
#4189=CARTESIAN_POINT('',(-1.85E0,-2.855119346322E0,3.239981891249E0));
#4190=LINE('',#4189,#4188);
#4191=CURVE_STYLE('',#21,POSITIVE_LENGTH_MEASURE(2.E-2),#8);
#4192=PRESENTATION_STYLE_ASSIGNMENT((#4191));
#4193=STYLED_ITEM('',(#4192),#4190);
#4194=DIRECTION('',(1.E0,-2.732856676E-14,0.E0));
#4195=VECTOR('',#4194,1.3E0);
#4196=CARTESIAN_POINT('',(-3.15E0,-6.255119346322E0,3.239981891249E0));
#4197=LINE('',#4196,#4195);
#4198=CURVE_STYLE('',#21,POSITIVE_LENGTH_MEASURE(2.E-2),#8);
#4199=PRESENTATION_STYLE_ASSIGNMENT((#4198));
#4200=STYLED_ITEM('',(#4199),#4197);
#4201=DIRECTION('',(-1.005731445837E-14,-1.E0,1.750233944703E-14));
#4202=VECTOR('',#4201,3.4E0);
#4203=CARTESIAN_POINT('',(-3.15E0,-2.855119346322E0,3.239981891249E0));
#4204=LINE('',#4203,#4202);
#4205=CURVE_STYLE('',#21,POSITIVE_LENGTH_MEASURE(2.E-2),#8);
#4206=PRESENTATION_STYLE_ASSIGNMENT((#4205));
#4207=STYLED_ITEM('',(#4206),#4204);
#4208=DIRECTION('',(-1.E0,3.142785177400E-14,0.E0));
#4209=VECTOR('',#4208,1.3E0);
#4210=CARTESIAN_POINT('',(-1.85E0,-1.375511934632E1,4.189981891249E0));
#4211=LINE('',#4210,#4209);
#4212=CURVE_STYLE('',#21,POSITIVE_LENGTH_MEASURE(2.E-2),#8);
#4213=PRESENTATION_STYLE_ASSIGNMENT((#4212));
#4214=STYLED_ITEM('',(#4213),#4211);
#4215=DIRECTION('',(0.E0,-1.655925867238E-14,-1.E0));
#4216=VECTOR('',#4215,1.18E0);
#4217=CARTESIAN_POINT('',(-1.85E0,-1.375511934632E1,5.369981891249E0));
#4218=LINE('',#4217,#4216);
#4219=CURVE_STYLE('',#21,POSITIVE_LENGTH_MEASURE(2.E-2),#8);
#4220=PRESENTATION_STYLE_ASSIGNMENT((#4219));
#4221=STYLED_ITEM('',(#4220),#4218);
#4222=DIRECTION('',(1.E0,-3.279428011200E-14,0.E0));
#4223=VECTOR('',#4222,1.3E0);
#4224=CARTESIAN_POINT('',(-3.15E0,-1.375511934632E1,5.369981891249E0));
#4225=LINE('',#4224,#4223);
#4226=CURVE_STYLE('',#21,POSITIVE_LENGTH_MEASURE(2.E-2),#8);
#4227=PRESENTATION_STYLE_ASSIGNMENT((#4226));
#4228=STYLED_ITEM('',(#4227),#4225);
#4229=DIRECTION('',(0.E0,1.806464582441E-14,1.E0));
#4230=VECTOR('',#4229,1.18E0);
#4231=CARTESIAN_POINT('',(-3.15E0,-1.375511934632E1,4.189981891249E0));
#4232=LINE('',#4231,#4230);
#4233=CURVE_STYLE('',#21,POSITIVE_LENGTH_MEASURE(2.E-2),#8);
#4234=PRESENTATION_STYLE_ASSIGNMENT((#4233));
#4235=STYLED_ITEM('',(#4234),#4232);
#4236=DIRECTION('',(1.E0,-2.322928174600E-13,0.E0));
#4237=VECTOR('',#4236,1.3E0);
#4238=CARTESIAN_POINT('',(-3.15E0,-6.255119346322E0,5.369981891249E0));
#4239=LINE('',#4238,#4237);
#4240=CURVE_STYLE('',#21,POSITIVE_LENGTH_MEASURE(2.E-2),#8);
#4241=PRESENTATION_STYLE_ASSIGNMENT((#4240));
#4242=STYLED_ITEM('',(#4241),#4239);
#4243=DIRECTION('',(1.012523398458E-14,1.E0,-1.752672081542E-14));
#4244=VECTOR('',#4243,7.499999999998E0);
#4245=CARTESIAN_POINT('',(-3.15E0,-1.375511934632E1,5.369981891249E0));
#4246=LINE('',#4245,#4244);
#4247=CURVE_STYLE('',#21,POSITIVE_LENGTH_MEASURE(2.E-2),#8);
#4248=PRESENTATION_STYLE_ASSIGNMENT((#4247));
#4249=STYLED_ITEM('',(#4248),#4246);
#4250=DIRECTION('',(0.E0,-1.299773297122E-14,-1.E0));
#4251=VECTOR('',#4250,8.2E-1);
#4252=CARTESIAN_POINT('',(-1.85E0,-6.255119346322E0,6.189981891249E0));
#4253=LINE('',#4252,#4251);
#4254=CURVE_STYLE('',#21,POSITIVE_LENGTH_MEASURE(2.E-2),#8);
#4255=PRESENTATION_STYLE_ASSIGNMENT((#4254));
#4256=STYLED_ITEM('',(#4255),#4253);
#4257=DIRECTION('',(0.E0,1.299773297122E-14,1.E0));
#4258=VECTOR('',#4257,8.2E-1);
#4259=CARTESIAN_POINT('',(-3.15E0,-6.255119346322E0,5.369981891249E0));
#4260=LINE('',#4259,#4258);
#4261=CURVE_STYLE('',#21,POSITIVE_LENGTH_MEASURE(2.E-2),#8);
#4262=PRESENTATION_STYLE_ASSIGNMENT((#4261));
#4263=STYLED_ITEM('',(#4262),#4260);
#4264=DIRECTION('',(-1.E0,2.316096032910E-13,0.E0));
#4265=VECTOR('',#4264,1.3E0);
#4266=CARTESIAN_POINT('',(-1.85E0,-6.255119346322E0,6.189981891249E0));
#4267=LINE('',#4266,#4265);
#4268=CURVE_STYLE('',#21,POSITIVE_LENGTH_MEASURE(2.E-2),#8);
#4269=PRESENTATION_STYLE_ASSIGNMENT((#4268));
#4270=STYLED_ITEM('',(#4269),#4267);
#4271=DIRECTION('',(1.006602208994E-14,1.E0,-1.752672081542E-14));
#4272=VECTOR('',#4271,7.499999999998E0);
#4273=CARTESIAN_POINT('',(-1.85E0,-1.375511934632E1,6.189981891249E0));
#4274=LINE('',#4273,#4272);
#4275=CURVE_STYLE('',#21,POSITIVE_LENGTH_MEASURE(2.E-2),#8);
#4276=PRESENTATION_STYLE_ASSIGNMENT((#4275));
#4277=STYLED_ITEM('',(#4276),#4274);
#4278=DIRECTION('',(0.E0,-2.408619443255E-14,-1.E0));
#4279=VECTOR('',#4278,1.18E0);
#4280=CARTESIAN_POINT('',(-1.85E0,-1.375511934632E1,7.369981891249E0));
#4281=LINE('',#4280,#4279);
#4282=CURVE_STYLE('',#21,POSITIVE_LENGTH_MEASURE(2.E-2),#8);
#4283=PRESENTATION_STYLE_ASSIGNMENT((#4282));
#4284=STYLED_ITEM('',(#4283),#4281);
#4285=DIRECTION('',(1.E0,-3.279428011200E-14,0.E0));
#4286=VECTOR('',#4285,1.3E0);
#4287=CARTESIAN_POINT('',(-3.15E0,-1.375511934632E1,7.369981891249E0));
#4288=LINE('',#4287,#4286);
#4289=CURVE_STYLE('',#21,POSITIVE_LENGTH_MEASURE(2.E-2),#8);
#4290=PRESENTATION_STYLE_ASSIGNMENT((#4289));
#4291=STYLED_ITEM('',(#4290),#4288);
#4292=DIRECTION('',(0.E0,2.408619443255E-14,1.E0));
#4293=VECTOR('',#4292,1.18E0);
#4294=CARTESIAN_POINT('',(-3.15E0,-1.375511934632E1,6.189981891249E0));
#4295=LINE('',#4294,#4293);
#4296=CURVE_STYLE('',#21,POSITIVE_LENGTH_MEASURE(2.E-2),#8);
#4297=PRESENTATION_STYLE_ASSIGNMENT((#4296));
#4298=STYLED_ITEM('',(#4297),#4295);
#4299=DIRECTION('',(-1.E0,3.279428011200E-14,0.E0));
#4300=VECTOR('',#4299,1.3E0);
#4301=CARTESIAN_POINT('',(-1.85E0,-1.375511934632E1,6.189981891249E0));
#4302=LINE('',#4301,#4300);
#4303=CURVE_STYLE('',#21,POSITIVE_LENGTH_MEASURE(2.E-2),#8);
#4304=PRESENTATION_STYLE_ASSIGNMENT((#4303));
#4305=STYLED_ITEM('',(#4304),#4302);
#4306=DIRECTION('',(-1.E0,0.E0,0.E0));
#4307=VECTOR('',#4306,1.2E0);
#4308=CARTESIAN_POINT('',(-6.5E-1,-6.255119346322E0,7.369981891249E0));
#4309=LINE('',#4308,#4307);
#4310=CURVE_STYLE('',#21,POSITIVE_LENGTH_MEASURE(2.E-2),#8);
#4311=PRESENTATION_STYLE_ASSIGNMENT((#4310));
#4312=STYLED_ITEM('',(#4311),#4309);
#4313=DIRECTION('',(-1.E0,3.592188275232E-13,0.E0));
#4314=VECTOR('',#4313,9.E-1);
#4315=CARTESIAN_POINT('',(1.55E0,-6.255119346322E0,7.369981891249E0));
#4316=LINE('',#4315,#4314);
#4317=CURVE_STYLE('',#21,POSITIVE_LENGTH_MEASURE(2.E-2),#8);
#4318=PRESENTATION_STYLE_ASSIGNMENT((#4317));
#4319=STYLED_ITEM('',(#4318),#4316);
#4320=DIRECTION('',(0.E0,1.E0,-7.376577980925E-14));
#4321=VECTOR('',#4320,8.319999999998E0);
#4322=CARTESIAN_POINT('',(1.55E0,-1.457511934632E1,7.369981891250E0));
#4323=LINE('',#4322,#4321);
#4324=CURVE_STYLE('',#21,POSITIVE_LENGTH_MEASURE(2.E-2),#8);
#4325=PRESENTATION_STYLE_ASSIGNMENT((#4324));
#4326=STYLED_ITEM('',(#4325),#4323);
#4327=DIRECTION('',(1.E0,0.E0,9.230711433312E-14));
#4328=VECTOR('',#4327,5.6E0);
#4329=CARTESIAN_POINT('',(-4.05E0,-1.457511934632E1,7.369981891249E0));
#4330=LINE('',#4329,#4328);
#4331=CURVE_STYLE('',#21,POSITIVE_LENGTH_MEASURE(2.E-2),#8);
#4332=PRESENTATION_STYLE_ASSIGNMENT((#4331));
#4333=STYLED_ITEM('',(#4332),#4330);
#4334=DIRECTION('',(-1.E0,-1.085551401856E-14,0.E0));
#4335=VECTOR('',#4334,9.E-1);
#4336=CARTESIAN_POINT('',(-3.15E0,-6.255119346322E0,7.369981891249E0));
#4337=LINE('',#4336,#4335);
#4338=CURVE_STYLE('',#21,POSITIVE_LENGTH_MEASURE(2.E-2),#8);
#4339=PRESENTATION_STYLE_ASSIGNMENT((#4338));
#4340=STYLED_ITEM('',(#4339),#4337);
#4341=DIRECTION('',(-1.E0,3.279428011200E-14,0.E0));
#4342=VECTOR('',#4341,1.3E0);
#4343=CARTESIAN_POINT('',(6.499999999999E-1,-1.375511934632E1,
6.189981891249E0));
#4344=LINE('',#4343,#4342);
#4345=CURVE_STYLE('',#21,POSITIVE_LENGTH_MEASURE(2.E-2),#8);
#4346=PRESENTATION_STYLE_ASSIGNMENT((#4345));
#4347=STYLED_ITEM('',(#4346),#4344);
#4348=DIRECTION('',(0.E0,-1.806464582441E-14,-1.E0));
#4349=VECTOR('',#4348,1.18E0);
#4350=CARTESIAN_POINT('',(6.499999999999E-1,-1.375511934632E1,
7.369981891249E0));
#4351=LINE('',#4350,#4349);
#4352=CURVE_STYLE('',#21,POSITIVE_LENGTH_MEASURE(2.E-2),#8);
#4353=PRESENTATION_STYLE_ASSIGNMENT((#4352));
#4354=STYLED_ITEM('',(#4353),#4351);
#4355=DIRECTION('',(1.E0,-3.006142343600E-14,0.E0));
#4356=VECTOR('',#4355,1.3E0);
#4357=CARTESIAN_POINT('',(-6.500000000001E-1,-1.375511934632E1,
7.369981891249E0));
#4358=LINE('',#4357,#4356);
#4359=CURVE_STYLE('',#21,POSITIVE_LENGTH_MEASURE(2.E-2),#8);
#4360=PRESENTATION_STYLE_ASSIGNMENT((#4359));
#4361=STYLED_ITEM('',(#4360),#4358);
#4362=DIRECTION('',(0.E0,1.505387152034E-14,1.E0));
#4363=VECTOR('',#4362,1.18E0);
#4364=CARTESIAN_POINT('',(-6.500000000001E-1,-1.375511934632E1,
6.189981891249E0));
#4365=LINE('',#4364,#4363);
#4366=CURVE_STYLE('',#21,POSITIVE_LENGTH_MEASURE(2.E-2),#8);
#4367=PRESENTATION_STYLE_ASSIGNMENT((#4366));
#4368=STYLED_ITEM('',(#4367),#4365);
#4369=DIRECTION('',(-1.E0,2.316096032910E-13,0.E0));
#4370=VECTOR('',#4369,1.3E0);
#4371=CARTESIAN_POINT('',(6.5E-1,-6.255119346322E0,6.189981891249E0));
#4372=LINE('',#4371,#4370);
#4373=CURVE_STYLE('',#21,POSITIVE_LENGTH_MEASURE(2.E-2),#8);
#4374=PRESENTATION_STYLE_ASSIGNMENT((#4373));
#4375=STYLED_ITEM('',(#4374),#4372);
#4376=DIRECTION('',(1.012523398458E-14,1.E0,-1.752672081542E-14));
#4377=VECTOR('',#4376,7.499999999998E0);
#4378=CARTESIAN_POINT('',(6.499999999999E-1,-1.375511934632E1,
6.189981891249E0));
#4379=LINE('',#4378,#4377);
#4380=CURVE_STYLE('',#21,POSITIVE_LENGTH_MEASURE(2.E-2),#8);
#4381=PRESENTATION_STYLE_ASSIGNMENT((#4380));
#4382=STYLED_ITEM('',(#4381),#4379);
#4383=DIRECTION('',(0.E0,-1.299773297122E-14,-1.E0));
#4384=VECTOR('',#4383,8.2E-1);
#4385=CARTESIAN_POINT('',(6.5E-1,-6.255119346322E0,6.189981891249E0));
#4386=LINE('',#4385,#4384);
#4387=CURVE_STYLE('',#21,POSITIVE_LENGTH_MEASURE(2.E-2),#8);
#4388=PRESENTATION_STYLE_ASSIGNMENT((#4387));
#4389=STYLED_ITEM('',(#4388),#4386);
#4390=DIRECTION('',(0.E0,1.299773297122E-14,1.E0));
#4391=VECTOR('',#4390,8.2E-1);
#4392=CARTESIAN_POINT('',(-6.5E-1,-6.255119346322E0,5.369981891249E0));
#4393=LINE('',#4392,#4391);
#4394=CURVE_STYLE('',#21,POSITIVE_LENGTH_MEASURE(2.E-2),#8);
#4395=PRESENTATION_STYLE_ASSIGNMENT((#4394));
#4396=STYLED_ITEM('',(#4395),#4393);
#4397=DIRECTION('',(1.E0,-2.322928174600E-13,0.E0));
#4398=VECTOR('',#4397,1.3E0);
#4399=CARTESIAN_POINT('',(-6.5E-1,-6.255119346322E0,5.369981891249E0));
#4400=LINE('',#4399,#4398);
#4401=CURVE_STYLE('',#21,POSITIVE_LENGTH_MEASURE(2.E-2),#8);
#4402=PRESENTATION_STYLE_ASSIGNMENT((#4401));
#4403=STYLED_ITEM('',(#4402),#4400);
#4404=DIRECTION('',(0.E0,1.E0,-1.752672081542E-14));
#4405=VECTOR('',#4404,7.499999999998E0);
#4406=CARTESIAN_POINT('',(-6.500000000001E-1,-1.375511934632E1,
5.369981891249E0));
#4407=LINE('',#4406,#4405);
#4408=CURVE_STYLE('',#21,POSITIVE_LENGTH_MEASURE(2.E-2),#8);
#4409=PRESENTATION_STYLE_ASSIGNMENT((#4408));
#4410=STYLED_ITEM('',(#4409),#4407);
#4411=DIRECTION('',(0.E0,2.408619443255E-14,1.E0));
#4412=VECTOR('',#4411,1.18E0);
#4413=CARTESIAN_POINT('',(-6.500000000001E-1,-1.375511934632E1,
4.189981891249E0));
#4414=LINE('',#4413,#4412);
#4415=CURVE_STYLE('',#21,POSITIVE_LENGTH_MEASURE(2.E-2),#8);
#4416=PRESENTATION_STYLE_ASSIGNMENT((#4415));
#4417=STYLED_ITEM('',(#4416),#4414);
#4418=DIRECTION('',(-1.E0,3.279428011200E-14,0.E0));
#4419=VECTOR('',#4418,1.3E0);
#4420=CARTESIAN_POINT('',(6.499999999999E-1,-1.375511934632E1,
4.189981891249E0));
#4421=LINE('',#4420,#4419);
#4422=CURVE_STYLE('',#21,POSITIVE_LENGTH_MEASURE(2.E-2),#8);
#4423=PRESENTATION_STYLE_ASSIGNMENT((#4422));
#4424=STYLED_ITEM('',(#4423),#4421);
#4425=DIRECTION('',(0.E0,-2.408619443255E-14,-1.E0));
#4426=VECTOR('',#4425,1.18E0);
#4427=CARTESIAN_POINT('',(6.499999999999E-1,-1.375511934632E1,
5.369981891249E0));
#4428=LINE('',#4427,#4426);
#4429=CURVE_STYLE('',#21,POSITIVE_LENGTH_MEASURE(2.E-2),#8);
#4430=PRESENTATION_STYLE_ASSIGNMENT((#4429));
#4431=STYLED_ITEM('',(#4430),#4428);
#4432=DIRECTION('',(1.E0,-3.279428011200E-14,0.E0));
#4433=VECTOR('',#4432,1.3E0);
#4434=CARTESIAN_POINT('',(-6.500000000001E-1,-1.375511934632E1,
5.369981891249E0));
#4435=LINE('',#4434,#4433);
#4436=CURVE_STYLE('',#21,POSITIVE_LENGTH_MEASURE(2.E-2),#8);
#4437=PRESENTATION_STYLE_ASSIGNMENT((#4436));
#4438=STYLED_ITEM('',(#4437),#4435);
#4439=DIRECTION('',(0.E0,2.842170943040E-14,1.E0));
#4440=VECTOR('',#4439,2.5E-1);
#4441=CARTESIAN_POINT('',(-5.E-1,-1.375511934632E1,4.564981891249E0));
#4442=LINE('',#4441,#4440);
#4443=CURVE_STYLE('',#21,POSITIVE_LENGTH_MEASURE(2.E-2),#8);
#4444=PRESENTATION_STYLE_ASSIGNMENT((#4443));
#4445=STYLED_ITEM('',(#4444),#4442);
#4446=DIRECTION('',(1.021405182655E-14,1.E0,-1.776356839400E-14));
#4447=VECTOR('',#4446,5.E-1);
#4448=CARTESIAN_POINT('',(-5.E-1,-1.425511934632E1,4.564981891249E0));
#4449=LINE('',#4448,#4447);
#4450=CURVE_STYLE('',#21,POSITIVE_LENGTH_MEASURE(2.E-2),#8);
#4451=PRESENTATION_STYLE_ASSIGNMENT((#4450));
#4452=STYLED_ITEM('',(#4451),#4449);
#4453=DIRECTION('',(-1.E0,0.E0,0.E0));
#4454=VECTOR('',#4453,1.E0);
#4455=CARTESIAN_POINT('',(5.E-1,-1.375511934632E1,4.564981891249E0));
#4456=LINE('',#4455,#4454);
#4457=CURVE_STYLE('',#21,POSITIVE_LENGTH_MEASURE(2.E-2),#8);
#4458=PRESENTATION_STYLE_ASSIGNMENT((#4457));
#4459=STYLED_ITEM('',(#4458),#4456);
#4460=DIRECTION('',(1.010302952409E-14,1.E0,-1.776356839400E-14));
#4461=VECTOR('',#4460,5.E-1);
#4462=CARTESIAN_POINT('',(5.E-1,-1.425511934632E1,4.564981891249E0));
#4463=LINE('',#4462,#4461);
#4464=CURVE_STYLE('',#21,POSITIVE_LENGTH_MEASURE(2.E-2),#8);
#4465=PRESENTATION_STYLE_ASSIGNMENT((#4464));
#4466=STYLED_ITEM('',(#4465),#4463);
#4467=DIRECTION('',(0.E0,-3.552713678801E-14,-1.E0));
#4468=VECTOR('',#4467,2.5E-1);
#4469=CARTESIAN_POINT('',(5.E-1,-1.375511934632E1,4.814981891249E0));
#4470=LINE('',#4469,#4468);
#4471=CURVE_STYLE('',#21,POSITIVE_LENGTH_MEASURE(2.E-2),#8);
#4472=PRESENTATION_STYLE_ASSIGNMENT((#4471));
#4473=STYLED_ITEM('',(#4472),#4470);
#4474=DIRECTION('',(1.021405182655E-14,1.E0,-1.776356839400E-14));
#4475=VECTOR('',#4474,5.E-1);
#4476=CARTESIAN_POINT('',(5.E-1,-1.425511934632E1,4.814981891249E0));
#4477=LINE('',#4476,#4475);
#4478=CURVE_STYLE('',#21,POSITIVE_LENGTH_MEASURE(2.E-2),#8);
#4479=PRESENTATION_STYLE_ASSIGNMENT((#4478));
#4480=STYLED_ITEM('',(#4479),#4477);
#4481=DIRECTION('',(1.E0,-1.243449787580E-14,0.E0));
#4482=VECTOR('',#4481,1.E0);
#4483=CARTESIAN_POINT('',(-5.E-1,-1.375511934632E1,4.814981891249E0));
#4484=LINE('',#4483,#4482);
#4485=CURVE_STYLE('',#21,POSITIVE_LENGTH_MEASURE(2.E-2),#8);
#4486=PRESENTATION_STYLE_ASSIGNMENT((#4485));
#4487=STYLED_ITEM('',(#4486),#4484);
#4488=DIRECTION('',(0.E0,1.E0,-1.776356839400E-14));
#4489=VECTOR('',#4488,5.E-1);
#4490=CARTESIAN_POINT('',(-5.E-1,-1.425511934632E1,4.814981891249E0));
#4491=LINE('',#4490,#4489);
#4492=CURVE_STYLE('',#21,POSITIVE_LENGTH_MEASURE(2.E-2),#8);
#4493=PRESENTATION_STYLE_ASSIGNMENT((#4492));
#4494=STYLED_ITEM('',(#4493),#4491);
#4495=DIRECTION('',(-1.E0,1.065814103640E-14,0.E0));
#4496=VECTOR('',#4495,1.E0);
#4497=CARTESIAN_POINT('',(5.E-1,-1.425511934632E1,4.564981891249E0));
#4498=LINE('',#4497,#4496);
#4499=CURVE_STYLE('',#21,POSITIVE_LENGTH_MEASURE(2.E-2),#8);
#4500=PRESENTATION_STYLE_ASSIGNMENT((#4499));
#4501=STYLED_ITEM('',(#4500),#4498);
#4502=DIRECTION('',(0.E0,0.E0,-1.E0));
#4503=VECTOR('',#4502,2.5E-1);
#4504=CARTESIAN_POINT('',(5.E-1,-1.425511934632E1,4.814981891249E0));
#4505=LINE('',#4504,#4503);
#4506=CURVE_STYLE('',#21,POSITIVE_LENGTH_MEASURE(2.E-2),#8);
#4507=PRESENTATION_STYLE_ASSIGNMENT((#4506));
#4508=STYLED_ITEM('',(#4507),#4505);
#4509=DIRECTION('',(1.E0,-1.243449787580E-14,0.E0));
#4510=VECTOR('',#4509,1.E0);
#4511=CARTESIAN_POINT('',(-5.E-1,-1.425511934632E1,4.814981891249E0));
#4512=LINE('',#4511,#4510);
#4513=CURVE_STYLE('',#21,POSITIVE_LENGTH_MEASURE(2.E-2),#8);
#4514=PRESENTATION_STYLE_ASSIGNMENT((#4513));
#4515=STYLED_ITEM('',(#4514),#4512);
#4516=DIRECTION('',(0.E0,0.E0,1.E0));
#4517=VECTOR('',#4516,2.5E-1);
#4518=CARTESIAN_POINT('',(-5.E-1,-1.425511934632E1,4.564981891249E0));
#4519=LINE('',#4518,#4517);
#4520=CURVE_STYLE('',#21,POSITIVE_LENGTH_MEASURE(2.E-2),#8);
#4521=PRESENTATION_STYLE_ASSIGNMENT((#4520));
#4522=STYLED_ITEM('',(#4521),#4519);
#4523=DIRECTION('',(0.E0,4.263256414561E-14,1.E0));
#4524=VECTOR('',#4523,2.5E-1);
#4525=CARTESIAN_POINT('',(-5.E-1,-1.375511934632E1,6.744981891249E0));
#4526=LINE('',#4525,#4524);
#4527=CURVE_STYLE('',#21,POSITIVE_LENGTH_MEASURE(2.E-2),#8);
#4528=PRESENTATION_STYLE_ASSIGNMENT((#4527));
#4529=STYLED_ITEM('',(#4528),#4526);
#4530=DIRECTION('',(1.021405182655E-14,1.E0,-1.776356839400E-14));
#4531=VECTOR('',#4530,5.E-1);
#4532=CARTESIAN_POINT('',(-5.E-1,-1.425511934632E1,6.744981891249E0));
#4533=LINE('',#4532,#4531);
#4534=CURVE_STYLE('',#21,POSITIVE_LENGTH_MEASURE(2.E-2),#8);
#4535=PRESENTATION_STYLE_ASSIGNMENT((#4534));
#4536=STYLED_ITEM('',(#4535),#4533);
#4537=DIRECTION('',(-1.E0,1.065814103640E-14,0.E0));
#4538=VECTOR('',#4537,1.E0);
#4539=CARTESIAN_POINT('',(5.E-1,-1.375511934632E1,6.744981891249E0));
#4540=LINE('',#4539,#4538);
#4541=CURVE_STYLE('',#21,POSITIVE_LENGTH_MEASURE(2.E-2),#8);
#4542=PRESENTATION_STYLE_ASSIGNMENT((#4541));
#4543=STYLED_ITEM('',(#4542),#4540);
#4544=DIRECTION('',(1.010302952409E-14,1.E0,-1.776356839400E-14));
#4545=VECTOR('',#4544,5.E-1);
#4546=CARTESIAN_POINT('',(5.E-1,-1.425511934632E1,6.744981891249E0));
#4547=LINE('',#4546,#4545);
#4548=CURVE_STYLE('',#21,POSITIVE_LENGTH_MEASURE(2.E-2),#8);
#4549=PRESENTATION_STYLE_ASSIGNMENT((#4548));
#4550=STYLED_ITEM('',(#4549),#4547);
#4551=DIRECTION('',(0.E0,-1.421085471520E-14,-1.E0));
#4552=VECTOR('',#4551,2.5E-1);
#4553=CARTESIAN_POINT('',(5.E-1,-1.375511934632E1,6.994981891249E0));
#4554=LINE('',#4553,#4552);
#4555=CURVE_STYLE('',#21,POSITIVE_LENGTH_MEASURE(2.E-2),#8);
#4556=PRESENTATION_STYLE_ASSIGNMENT((#4555));
#4557=STYLED_ITEM('',(#4556),#4554);
#4558=DIRECTION('',(1.021405182655E-14,1.E0,-1.776356839400E-14));
#4559=VECTOR('',#4558,5.E-1);
#4560=CARTESIAN_POINT('',(5.E-1,-1.425511934632E1,6.994981891249E0));
#4561=LINE('',#4560,#4559);
#4562=CURVE_STYLE('',#21,POSITIVE_LENGTH_MEASURE(2.E-2),#8);
#4563=PRESENTATION_STYLE_ASSIGNMENT((#4562));
#4564=STYLED_ITEM('',(#4563),#4561);
#4565=DIRECTION('',(1.E0,0.E0,0.E0));
#4566=VECTOR('',#4565,1.E0);
#4567=CARTESIAN_POINT('',(-5.E-1,-1.375511934632E1,6.994981891249E0));
#4568=LINE('',#4567,#4566);
#4569=CURVE_STYLE('',#21,POSITIVE_LENGTH_MEASURE(2.E-2),#8);
#4570=PRESENTATION_STYLE_ASSIGNMENT((#4569));
#4571=STYLED_ITEM('',(#4570),#4568);
#4572=DIRECTION('',(0.E0,1.E0,-1.776356839400E-14));
#4573=VECTOR('',#4572,5.E-1);
#4574=CARTESIAN_POINT('',(-5.E-1,-1.425511934632E1,6.994981891249E0));
#4575=LINE('',#4574,#4573);
#4576=CURVE_STYLE('',#21,POSITIVE_LENGTH_MEASURE(2.E-2),#8);
#4577=PRESENTATION_STYLE_ASSIGNMENT((#4576));
#4578=STYLED_ITEM('',(#4577),#4575);
#4579=DIRECTION('',(-1.E0,1.065814103640E-14,0.E0));
#4580=VECTOR('',#4579,1.E0);
#4581=CARTESIAN_POINT('',(5.E-1,-1.425511934632E1,6.744981891249E0));
#4582=LINE('',#4581,#4580);
#4583=CURVE_STYLE('',#21,POSITIVE_LENGTH_MEASURE(2.E-2),#8);
#4584=PRESENTATION_STYLE_ASSIGNMENT((#4583));
#4585=STYLED_ITEM('',(#4584),#4582);
#4586=DIRECTION('',(0.E0,0.E0,-1.E0));
#4587=VECTOR('',#4586,2.5E-1);
#4588=CARTESIAN_POINT('',(5.E-1,-1.425511934632E1,6.994981891249E0));
#4589=LINE('',#4588,#4587);
#4590=CURVE_STYLE('',#21,POSITIVE_LENGTH_MEASURE(2.E-2),#8);
#4591=PRESENTATION_STYLE_ASSIGNMENT((#4590));
#4592=STYLED_ITEM('',(#4591),#4589);
#4593=DIRECTION('',(1.E0,-1.243449787580E-14,0.E0));
#4594=VECTOR('',#4593,1.E0);
#4595=CARTESIAN_POINT('',(-5.E-1,-1.425511934632E1,6.994981891249E0));
#4596=LINE('',#4595,#4594);
#4597=CURVE_STYLE('',#21,POSITIVE_LENGTH_MEASURE(2.E-2),#8);
#4598=PRESENTATION_STYLE_ASSIGNMENT((#4597));
#4599=STYLED_ITEM('',(#4598),#4596);
#4600=DIRECTION('',(0.E0,0.E0,1.E0));
#4601=VECTOR('',#4600,2.5E-1);
#4602=CARTESIAN_POINT('',(-5.E-1,-1.425511934632E1,6.744981891249E0));
#4603=LINE('',#4602,#4601);
#4604=CURVE_STYLE('',#21,POSITIVE_LENGTH_MEASURE(2.E-2),#8);
#4605=PRESENTATION_STYLE_ASSIGNMENT((#4604));
#4606=STYLED_ITEM('',(#4605),#4603);
#4607=DIRECTION('',(-3.100245427255E-14,-2.122690562805E-14,-1.E0));
#4608=VECTOR('',#4607,3.18E0);
#4609=CARTESIAN_POINT('',(1.55E0,-1.457511934632E1,7.369981891250E0));
#4610=LINE('',#4609,#4608);
#4611=CURVE_STYLE('',#21,POSITIVE_LENGTH_MEASURE(2.E-2),#8);
#4612=PRESENTATION_STYLE_ASSIGNMENT((#4611));
#4613=STYLED_ITEM('',(#4612),#4610);
#4614=DIRECTION('',(0.E0,2.178550840774E-14,1.E0));
#4615=VECTOR('',#4614,3.18E0);
#4616=CARTESIAN_POINT('',(1.55E0,-6.255119346322E0,4.189981891249E0));
#4617=LINE('',#4616,#4615);
#4618=CURVE_STYLE('',#21,POSITIVE_LENGTH_MEASURE(2.E-2),#8);
#4619=PRESENTATION_STYLE_ASSIGNMENT((#4618));
#4620=STYLED_ITEM('',(#4619),#4617);
#4621=DIRECTION('',(1.016814837457E-14,1.E0,-1.515881437469E-14));
#4622=VECTOR('',#4621,8.319999999998E0);
#4623=CARTESIAN_POINT('',(1.55E0,-1.457511934632E1,4.189981891249E0));
#4624=LINE('',#4623,#4622);
#4625=CURVE_STYLE('',#21,POSITIVE_LENGTH_MEASURE(2.E-2),#8);
#4626=PRESENTATION_STYLE_ASSIGNMENT((#4625));
#4627=STYLED_ITEM('',(#4626),#4624);
#4628=DIRECTION('',(6.323767431149E-1,4.474363748454E-1,-6.323767431149E-1));
#4629=VECTOR('',#4628,6.704863906150E-1);
#4630=CARTESIAN_POINT('',(1.126E0,-1.487511934632E1,4.613981891249E0));
#4631=LINE('',#4630,#4629);
#4632=CURVE_STYLE('',#21,POSITIVE_LENGTH_MEASURE(2.E-2),#8);
#4633=PRESENTATION_STYLE_ASSIGNMENT((#4632));
#4634=STYLED_ITEM('',(#4633),#4631);
#4635=DIRECTION('',(-6.323767431150E-1,4.474363748454E-1,-6.323767431147E-1));
#4636=VECTOR('',#4635,6.704863906149E-1);
#4637=CARTESIAN_POINT('',(-3.626E0,-1.487511934632E1,4.613981891249E0));
#4638=LINE('',#4637,#4636);
#4639=CURVE_STYLE('',#21,POSITIVE_LENGTH_MEASURE(2.E-2),#8);
#4640=PRESENTATION_STYLE_ASSIGNMENT((#4639));
#4641=STYLED_ITEM('',(#4640),#4638);
#4642=DIRECTION('',(1.061345281403E-13,2.066830284837E-14,1.E0));
#4643=VECTOR('',#4642,3.18E0);
#4644=CARTESIAN_POINT('',(-4.05E0,-1.457511934632E1,4.189981891249E0));
#4645=LINE('',#4644,#4643);
#4646=CURVE_STYLE('',#21,POSITIVE_LENGTH_MEASURE(2.E-2),#8);
#4647=PRESENTATION_STYLE_ASSIGNMENT((#4646));
#4648=STYLED_ITEM('',(#4647),#4645);
#4649=DIRECTION('',(0.E0,-2.178550840774E-14,-1.E0));
#4650=VECTOR('',#4649,3.18E0);
#4651=CARTESIAN_POINT('',(-4.05E0,-6.255119346322E0,7.369981891249E0));
#4652=LINE('',#4651,#4650);
#4653=CURVE_STYLE('',#21,POSITIVE_LENGTH_MEASURE(2.E-2),#8);
#4654=PRESENTATION_STYLE_ASSIGNMENT((#4653));
#4655=STYLED_ITEM('',(#4654),#4652);
#4656=DIRECTION('',(0.E0,1.E0,-1.174274352969E-14));
#4657=VECTOR('',#4656,8.319999999998E0);
#4658=CARTESIAN_POINT('',(-4.05E0,-1.457511934632E1,7.369981891249E0));
#4659=LINE('',#4658,#4657);
#4660=CURVE_STYLE('',#21,POSITIVE_LENGTH_MEASURE(2.E-2),#8);
#4661=PRESENTATION_STYLE_ASSIGNMENT((#4660));
#4662=STYLED_ITEM('',(#4661),#4659);
#4663=DIRECTION('',(6.323767431149E-1,-4.474363748453E-1,-6.323767431150E-1));
#4664=VECTOR('',#4663,6.704863906152E-1);
#4665=CARTESIAN_POINT('',(-4.05E0,-1.457511934632E1,7.369981891249E0));
#4666=LINE('',#4665,#4664);
#4667=CURVE_STYLE('',#21,POSITIVE_LENGTH_MEASURE(2.E-2),#8);
#4668=PRESENTATION_STYLE_ASSIGNMENT((#4667));
#4669=STYLED_ITEM('',(#4668),#4666);
#4670=DIRECTION('',(6.323767431149E-1,4.474363748454E-1,6.323767431149E-1));
#4671=VECTOR('',#4670,6.704863906150E-1);
#4672=CARTESIAN_POINT('',(1.126E0,-1.487511934632E1,6.945981891250E0));
#4673=LINE('',#4672,#4671);
#4674=CURVE_STYLE('',#21,POSITIVE_LENGTH_MEASURE(2.E-2),#8);
#4675=PRESENTATION_STYLE_ASSIGNMENT((#4674));
#4676=STYLED_ITEM('',(#4675),#4673);
#4677=DIRECTION('',(-1.932892572889E-13,-2.437539402264E-14,-1.E0));
#4678=VECTOR('',#4677,2.332E0);
#4679=CARTESIAN_POINT('',(-3.626E0,-1.487511934632E1,6.945981891249E0));
#4680=LINE('',#4679,#4678);
#4681=CURVE_STYLE('',#21,POSITIVE_LENGTH_MEASURE(2.E-2),#8);
#4682=PRESENTATION_STYLE_ASSIGNMENT((#4681));
#4683=STYLED_ITEM('',(#4682),#4680);
#4684=DIRECTION('',(-1.E0,0.E0,-1.446654244209E-13));
#4685=VECTOR('',#4684,4.752E0);
#4686=CARTESIAN_POINT('',(1.126E0,-1.487511934632E1,6.945981891250E0));
#4687=LINE('',#4686,#4685);
#4688=CURVE_STYLE('',#21,POSITIVE_LENGTH_MEASURE(2.E-2),#8);
#4689=PRESENTATION_STYLE_ASSIGNMENT((#4688));
#4690=STYLED_ITEM('',(#4689),#4687);
#4691=DIRECTION('',(5.627288229445E-14,2.361366295943E-14,1.E0));
#4692=VECTOR('',#4691,2.332000000001E0);
#4693=CARTESIAN_POINT('',(1.126E0,-1.487511934632E1,4.613981891249E0));
#4694=LINE('',#4693,#4692);
#4695=CURVE_STYLE('',#21,POSITIVE_LENGTH_MEASURE(2.E-2),#8);
#4696=PRESENTATION_STYLE_ASSIGNMENT((#4695));
#4697=STYLED_ITEM('',(#4696),#4694);
#4698=DIRECTION('',(1.E0,0.E0,9.513527264885E-14));
#4699=VECTOR('',#4698,4.752E0);
#4700=CARTESIAN_POINT('',(-3.626E0,-1.487511934632E1,4.613981891249E0));
#4701=LINE('',#4700,#4699);
#4702=CURVE_STYLE('',#21,POSITIVE_LENGTH_MEASURE(2.E-2),#8);
#4703=PRESENTATION_STYLE_ASSIGNMENT((#4702));
#4704=STYLED_ITEM('',(#4703),#4701);
#4705=DIRECTION('',(1.E0,-1.065814103640E-14,0.E0));
#4706=VECTOR('',#4705,1.E0);
#4707=CARTESIAN_POINT('',(-3.E0,-1.375511934632E1,6.994981891249E0));
#4708=LINE('',#4707,#4706);
#4709=CURVE_STYLE('',#21,POSITIVE_LENGTH_MEASURE(2.E-2),#8);
#4710=PRESENTATION_STYLE_ASSIGNMENT((#4709));
#4711=STYLED_ITEM('',(#4710),#4708);
#4712=DIRECTION('',(0.E0,1.E0,-1.776356839400E-14));
#4713=VECTOR('',#4712,5.E-1);
#4714=CARTESIAN_POINT('',(-3.E0,-1.425511934632E1,6.994981891249E0));
#4715=LINE('',#4714,#4713);
#4716=CURVE_STYLE('',#21,POSITIVE_LENGTH_MEASURE(2.E-2),#8);
#4717=PRESENTATION_STYLE_ASSIGNMENT((#4716));
#4718=STYLED_ITEM('',(#4717),#4715);
#4719=DIRECTION('',(0.E0,4.263256414561E-14,1.E0));
#4720=VECTOR('',#4719,2.5E-1);
#4721=CARTESIAN_POINT('',(-3.E0,-1.375511934632E1,6.744981891249E0));
#4722=LINE('',#4721,#4720);
#4723=CURVE_STYLE('',#21,POSITIVE_LENGTH_MEASURE(2.E-2),#8);
#4724=PRESENTATION_STYLE_ASSIGNMENT((#4723));
#4725=STYLED_ITEM('',(#4724),#4722);
#4726=DIRECTION('',(0.E0,1.E0,-1.776356839400E-14));
#4727=VECTOR('',#4726,5.E-1);
#4728=CARTESIAN_POINT('',(-3.E0,-1.425511934632E1,6.744981891249E0));
#4729=LINE('',#4728,#4727);
#4730=CURVE_STYLE('',#21,POSITIVE_LENGTH_MEASURE(2.E-2),#8);
#4731=PRESENTATION_STYLE_ASSIGNMENT((#4730));
#4732=STYLED_ITEM('',(#4731),#4729);
#4733=DIRECTION('',(-1.E0,1.243449787580E-14,0.E0));
#4734=VECTOR('',#4733,1.E0);
#4735=CARTESIAN_POINT('',(-2.E0,-1.375511934632E1,6.744981891249E0));
#4736=LINE('',#4735,#4734);
#4737=CURVE_STYLE('',#21,POSITIVE_LENGTH_MEASURE(2.E-2),#8);
#4738=PRESENTATION_STYLE_ASSIGNMENT((#4737));
#4739=STYLED_ITEM('',(#4738),#4736);
#4740=DIRECTION('',(0.E0,1.E0,-1.776356839400E-14));
#4741=VECTOR('',#4740,5.E-1);
#4742=CARTESIAN_POINT('',(-2.E0,-1.425511934632E1,6.744981891249E0));
#4743=LINE('',#4742,#4741);
#4744=CURVE_STYLE('',#21,POSITIVE_LENGTH_MEASURE(2.E-2),#8);
#4745=PRESENTATION_STYLE_ASSIGNMENT((#4744));
#4746=STYLED_ITEM('',(#4745),#4743);
#4747=DIRECTION('',(0.E0,-2.842170943040E-14,-1.E0));
#4748=VECTOR('',#4747,2.5E-1);
#4749=CARTESIAN_POINT('',(-2.E0,-1.375511934632E1,6.994981891249E0));
#4750=LINE('',#4749,#4748);
#4751=CURVE_STYLE('',#21,POSITIVE_LENGTH_MEASURE(2.E-2),#8);
#4752=PRESENTATION_STYLE_ASSIGNMENT((#4751));
#4753=STYLED_ITEM('',(#4752),#4750);
#4754=DIRECTION('',(0.E0,1.E0,-1.776356839400E-14));
#4755=VECTOR('',#4754,5.E-1);
#4756=CARTESIAN_POINT('',(-2.E0,-1.425511934632E1,6.994981891249E0));
#4757=LINE('',#4756,#4755);
#4758=CURVE_STYLE('',#21,POSITIVE_LENGTH_MEASURE(2.E-2),#8);
#4759=PRESENTATION_STYLE_ASSIGNMENT((#4758));
#4760=STYLED_ITEM('',(#4759),#4757);
#4761=DIRECTION('',(0.E0,0.E0,1.E0));
#4762=VECTOR('',#4761,2.5E-1);
#4763=CARTESIAN_POINT('',(-3.E0,-1.425511934632E1,6.744981891249E0));
#4764=LINE('',#4763,#4762);
#4765=CURVE_STYLE('',#21,POSITIVE_LENGTH_MEASURE(2.E-2),#8);
#4766=PRESENTATION_STYLE_ASSIGNMENT((#4765));
#4767=STYLED_ITEM('',(#4766),#4764);
#4768=DIRECTION('',(-1.E0,1.065814103640E-14,0.E0));
#4769=VECTOR('',#4768,1.E0);
#4770=CARTESIAN_POINT('',(-2.E0,-1.425511934632E1,6.744981891249E0));
#4771=LINE('',#4770,#4769);
#4772=CURVE_STYLE('',#21,POSITIVE_LENGTH_MEASURE(2.E-2),#8);
#4773=PRESENTATION_STYLE_ASSIGNMENT((#4772));
#4774=STYLED_ITEM('',(#4773),#4771);
#4775=DIRECTION('',(0.E0,0.E0,-1.E0));
#4776=VECTOR('',#4775,2.5E-1);
#4777=CARTESIAN_POINT('',(-2.E0,-1.425511934632E1,6.994981891249E0));
#4778=LINE('',#4777,#4776);
#4779=CURVE_STYLE('',#21,POSITIVE_LENGTH_MEASURE(2.E-2),#8);
#4780=PRESENTATION_STYLE_ASSIGNMENT((#4779));
#4781=STYLED_ITEM('',(#4780),#4778);
#4782=DIRECTION('',(1.E0,-1.243449787580E-14,0.E0));
#4783=VECTOR('',#4782,1.E0);
#4784=CARTESIAN_POINT('',(-3.E0,-1.425511934632E1,6.994981891249E0));
#4785=LINE('',#4784,#4783);
#4786=CURVE_STYLE('',#21,POSITIVE_LENGTH_MEASURE(2.E-2),#8);
#4787=PRESENTATION_STYLE_ASSIGNMENT((#4786));
#4788=STYLED_ITEM('',(#4787),#4785);
#4789=DIRECTION('',(0.E0,-3.552713678800E-14,-1.E0));
#4790=VECTOR('',#4789,2.5E-1);
#4791=CARTESIAN_POINT('',(-2.E0,-1.375511934632E1,4.814981891249E0));
#4792=LINE('',#4791,#4790);
#4793=CURVE_STYLE('',#21,POSITIVE_LENGTH_MEASURE(2.E-2),#8);
#4794=PRESENTATION_STYLE_ASSIGNMENT((#4793));
#4795=STYLED_ITEM('',(#4794),#4792);
#4796=DIRECTION('',(0.E0,1.E0,-1.776356839400E-14));
#4797=VECTOR('',#4796,5.E-1);
#4798=CARTESIAN_POINT('',(-2.E0,-1.425511934632E1,4.814981891249E0));
#4799=LINE('',#4798,#4797);
#4800=CURVE_STYLE('',#21,POSITIVE_LENGTH_MEASURE(2.E-2),#8);
#4801=PRESENTATION_STYLE_ASSIGNMENT((#4800));
#4802=STYLED_ITEM('',(#4801),#4799);
#4803=DIRECTION('',(1.E0,-1.243449787580E-14,0.E0));
#4804=VECTOR('',#4803,1.E0);
#4805=CARTESIAN_POINT('',(-3.E0,-1.375511934632E1,4.814981891249E0));
#4806=LINE('',#4805,#4804);
#4807=CURVE_STYLE('',#21,POSITIVE_LENGTH_MEASURE(2.E-2),#8);
#4808=PRESENTATION_STYLE_ASSIGNMENT((#4807));
#4809=STYLED_ITEM('',(#4808),#4806);
#4810=DIRECTION('',(0.E0,1.E0,-1.421085471520E-14));
#4811=VECTOR('',#4810,5.E-1);
#4812=CARTESIAN_POINT('',(-3.E0,-1.425511934632E1,4.814981891249E0));
#4813=LINE('',#4812,#4811);
#4814=CURVE_STYLE('',#21,POSITIVE_LENGTH_MEASURE(2.E-2),#8);
#4815=PRESENTATION_STYLE_ASSIGNMENT((#4814));
#4816=STYLED_ITEM('',(#4815),#4813);
#4817=DIRECTION('',(0.E0,2.842170943040E-14,1.E0));
#4818=VECTOR('',#4817,2.5E-1);
#4819=CARTESIAN_POINT('',(-3.E0,-1.375511934632E1,4.564981891249E0));
#4820=LINE('',#4819,#4818);
#4821=CURVE_STYLE('',#21,POSITIVE_LENGTH_MEASURE(2.E-2),#8);
#4822=PRESENTATION_STYLE_ASSIGNMENT((#4821));
#4823=STYLED_ITEM('',(#4822),#4820);
#4824=DIRECTION('',(0.E0,1.E0,-1.776356839400E-14));
#4825=VECTOR('',#4824,5.E-1);
#4826=CARTESIAN_POINT('',(-3.E0,-1.425511934632E1,4.564981891249E0));
#4827=LINE('',#4826,#4825);
#4828=CURVE_STYLE('',#21,POSITIVE_LENGTH_MEASURE(2.E-2),#8);
#4829=PRESENTATION_STYLE_ASSIGNMENT((#4828));
#4830=STYLED_ITEM('',(#4829),#4827);
#4831=DIRECTION('',(-1.E0,0.E0,0.E0));
#4832=VECTOR('',#4831,1.E0);
#4833=CARTESIAN_POINT('',(-2.E0,-1.375511934632E1,4.564981891249E0));
#4834=LINE('',#4833,#4832);
#4835=CURVE_STYLE('',#21,POSITIVE_LENGTH_MEASURE(2.E-2),#8);
#4836=PRESENTATION_STYLE_ASSIGNMENT((#4835));
#4837=STYLED_ITEM('',(#4836),#4834);
#4838=DIRECTION('',(0.E0,1.E0,-1.776356839400E-14));
#4839=VECTOR('',#4838,5.E-1);
#4840=CARTESIAN_POINT('',(-2.E0,-1.425511934632E1,4.564981891249E0));
#4841=LINE('',#4840,#4839);
#4842=CURVE_STYLE('',#21,POSITIVE_LENGTH_MEASURE(2.E-2),#8);
#4843=PRESENTATION_STYLE_ASSIGNMENT((#4842));
#4844=STYLED_ITEM('',(#4843),#4841);
#4845=DIRECTION('',(1.E0,-1.243449787580E-14,0.E0));
#4846=VECTOR('',#4845,1.E0);
#4847=CARTESIAN_POINT('',(-3.E0,-1.425511934632E1,4.814981891249E0));
#4848=LINE('',#4847,#4846);
#4849=CURVE_STYLE('',#21,POSITIVE_LENGTH_MEASURE(2.E-2),#8);
#4850=PRESENTATION_STYLE_ASSIGNMENT((#4849));
#4851=STYLED_ITEM('',(#4850),#4848);
#4852=DIRECTION('',(0.E0,0.E0,1.E0));
#4853=VECTOR('',#4852,2.5E-1);
#4854=CARTESIAN_POINT('',(-3.E0,-1.425511934632E1,4.564981891249E0));
#4855=LINE('',#4854,#4853);
#4856=CURVE_STYLE('',#21,POSITIVE_LENGTH_MEASURE(2.E-2),#8);
#4857=PRESENTATION_STYLE_ASSIGNMENT((#4856));
#4858=STYLED_ITEM('',(#4857),#4855);
#4859=DIRECTION('',(-1.E0,1.065814103640E-14,0.E0));
#4860=VECTOR('',#4859,1.E0);
#4861=CARTESIAN_POINT('',(-2.E0,-1.425511934632E1,4.564981891249E0));
#4862=LINE('',#4861,#4860);
#4863=CURVE_STYLE('',#21,POSITIVE_LENGTH_MEASURE(2.E-2),#8);
#4864=PRESENTATION_STYLE_ASSIGNMENT((#4863));
#4865=STYLED_ITEM('',(#4864),#4862);
#4866=DIRECTION('',(0.E0,0.E0,-1.E0));
#4867=VECTOR('',#4866,2.5E-1);
#4868=CARTESIAN_POINT('',(-2.E0,-1.425511934632E1,4.814981891249E0));
#4869=LINE('',#4868,#4867);
#4870=CURVE_STYLE('',#21,POSITIVE_LENGTH_MEASURE(2.E-2),#8);
#4871=PRESENTATION_STYLE_ASSIGNMENT((#4870));
#4872=STYLED_ITEM('',(#4871),#4869);
#4873=DIRECTION('',(0.E0,1.E0,0.E0));
#4874=VECTOR('',#4873,5.000000000031E-2);
#4875=CARTESIAN_POINT('',(-2.508288880969E0,-6.305119346323E0,
2.258293599816E0));
#4876=LINE('',#4875,#4874);
#4877=CURVE_STYLE('',#21,POSITIVE_LENGTH_MEASURE(2.E-2),#8);
#4878=PRESENTATION_STYLE_ASSIGNMENT((#4877));
#4879=STYLED_ITEM('',(#4878),#4876);
#4880=DIRECTION('',(-8.881784196945E-13,-1.E0,3.383959779036E-12));
#4881=VECTOR('',#4880,5.000000000032E-2);
#4882=CARTESIAN_POINT('',(-2.655201996563E0,-6.255119346323E0,
2.405778361774E0));
#4883=LINE('',#4882,#4881);
#4884=CURVE_STYLE('',#21,POSITIVE_LENGTH_MEASURE(2.E-2),#8);
#4885=PRESENTATION_STYLE_ASSIGNMENT((#4884));
#4886=STYLED_ITEM('',(#4885),#4883);
#4887=DIRECTION('',(0.E0,1.E0,0.E0));
#4888=VECTOR('',#4887,5.000000000031E-2);
#4889=CARTESIAN_POINT('',(-2.353944362641E0,-6.305119346323E0,
2.414924703601E0));
#4890=LINE('',#4889,#4888);
#4891=CURVE_STYLE('',#21,POSITIVE_LENGTH_MEASURE(2.E-2),#8);
#4892=PRESENTATION_STYLE_ASSIGNMENT((#4891));
#4893=STYLED_ITEM('',(#4892),#4890);
#4894=DIRECTION('',(0.E0,1.E0,0.E0));
#4895=VECTOR('',#4894,5.000000000031E-2);
#4896=CARTESIAN_POINT('',(-2.500857478235E0,-6.305119346323E0,
2.560694526467E0));
#4897=LINE('',#4896,#4895);
#4898=CURVE_STYLE('',#21,POSITIVE_LENGTH_MEASURE(2.E-2),#8);
#4899=PRESENTATION_STYLE_ASSIGNMENT((#4898));
#4900=STYLED_ITEM('',(#4899),#4897);
#4901=DIRECTION('',(-7.460698725387E-13,1.E0,-1.865174681347E-13));
#4902=VECTOR('',#4901,5.000000000063E-2);
#4903=CARTESIAN_POINT('',(-2.565453517387E0,-6.305119346323E0,
2.550404891912E0));
#4904=LINE('',#4903,#4902);
#4905=CURVE_STYLE('',#21,POSITIVE_LENGTH_MEASURE(2.E-2),#8);
#4906=PRESENTATION_STYLE_ASSIGNMENT((#4905));
#4907=STYLED_ITEM('',(#4906),#4904);
#4908=DIRECTION('',(0.E0,1.E0,0.E0));
#4909=VECTOR('',#4908,5.000000000031E-2);
#4910=CARTESIAN_POINT('',(-2.540872723727E0,-6.305119346323E0,
2.629863736532E0));
#4911=LINE('',#4910,#4909);
#4912=CURVE_STYLE('',#21,POSITIVE_LENGTH_MEASURE(2.E-2),#8);
#4913=PRESENTATION_STYLE_ASSIGNMENT((#4912));
#4914=STYLED_ITEM('',(#4913),#4911);
#4915=DIRECTION('',(6.838973831605E-13,-1.E0,-5.329070518133E-14));
#4916=VECTOR('',#4915,5.000000000063E-2);
#4917=CARTESIAN_POINT('',(-2.555735529196E0,-6.255119346322E0,
2.631007029261E0));
#4918=LINE('',#4917,#4916);
#4919=CURVE_STYLE('',#21,POSITIVE_LENGTH_MEASURE(2.E-2),#8);
#4920=PRESENTATION_STYLE_ASSIGNMENT((#4919));
#4921=STYLED_ITEM('',(#4920),#4918);
#4922=DIRECTION('',(0.E0,1.E0,0.E0));
#4923=VECTOR('',#4922,5.000000000014E-2);
#4924=CARTESIAN_POINT('',(-2.387671498127E0,-6.305119346323E0,
2.755054290288E0));
#4925=LINE('',#4924,#4923);
#4926=CURVE_STYLE('',#21,POSITIVE_LENGTH_MEASURE(2.E-2),#8);
#4927=PRESENTATION_STYLE_ASSIGNMENT((#4926));
#4928=STYLED_ITEM('',(#4927),#4925);
#4929=DIRECTION('',(0.E0,1.E0,0.E0));
#4930=VECTOR('',#4929,4.999999999986E-2);
#4931=CARTESIAN_POINT('',(-2.510575466426E0,-6.305119346323E0,
2.872241794944E0));
#4932=LINE('',#4931,#4930);
#4933=CURVE_STYLE('',#21,POSITIVE_LENGTH_MEASURE(2.E-2),#8);
#4934=PRESENTATION_STYLE_ASSIGNMENT((#4933));
#4935=STYLED_ITEM('',(#4934),#4932);
#4936=DIRECTION('',(-8.348877145177E-13,1.E0,-3.899103262482E-12));
#4937=VECTOR('',#4936,5.000000000003E-2);
#4938=CARTESIAN_POINT('',(-2.646055654736E0,-6.305119346323E0,
2.736761606634E0));
#4939=LINE('',#4938,#4937);
#4940=CURVE_STYLE('',#21,POSITIVE_LENGTH_MEASURE(2.E-2),#8);
#4941=PRESENTATION_STYLE_ASSIGNMENT((#4940));
#4942=STYLED_ITEM('',(#4941),#4939);
#4943=DIRECTION('',(0.E0,1.E0,0.E0));
#4944=VECTOR('',#4943,4.999999999987E-2);
#4945=CARTESIAN_POINT('',(-2.512290405518E0,-6.305119346323E0,
2.947699115016E0));
#4946=LINE('',#4945,#4944);
#4947=CURVE_STYLE('',#21,POSITIVE_LENGTH_MEASURE(2.E-2),#8);
#4948=PRESENTATION_STYLE_ASSIGNMENT((#4947));
#4949=STYLED_ITEM('',(#4948),#4946);
#4950=DIRECTION('',(9.947598300646E-13,-1.E0,3.872457909894E-12));
#4951=VECTOR('',#4950,4.999999999998E-2);
#4952=CARTESIAN_POINT('',(-2.738090719369E0,-6.255119346323E0,
2.753339351195E0));
#4953=LINE('',#4952,#4951);
#4954=CURVE_STYLE('',#21,POSITIVE_LENGTH_MEASURE(2.E-2),#8);
#4955=PRESENTATION_STYLE_ASSIGNMENT((#4954));
#4956=STYLED_ITEM('',(#4955),#4953);
#4957=DIRECTION('',(0.E0,1.E0,0.E0));
#4958=VECTOR('',#4957,5.000000000021E-2);
#4959=CARTESIAN_POINT('',(-2.292778201674E0,-6.305119346323E0,
2.753339351195E0));
#4960=LINE('',#4959,#4958);
#4961=CURVE_STYLE('',#21,POSITIVE_LENGTH_MEASURE(2.E-2),#8);
#4962=PRESENTATION_STYLE_ASSIGNMENT((#4961));
#4963=STYLED_ITEM('',(#4962),#4960);
#4964=DIRECTION('',(0.E0,1.E0,0.E0));
#4965=VECTOR('',#4964,5.000000000031E-2);
#4966=CARTESIAN_POINT('',(-2.396246193590E0,-6.305119346323E0,
2.601281418323E0));
#4967=LINE('',#4966,#4965);
#4968=CURVE_STYLE('',#21,POSITIVE_LENGTH_MEASURE(2.E-2),#8);
#4969=PRESENTATION_STYLE_ASSIGNMENT((#4968));
#4970=STYLED_ITEM('',(#4969),#4967);
#4971=DIRECTION('',(0.E0,1.E0,0.E0));
#4972=VECTOR('',#4971,5.000000000031E-2);
#4973=CARTESIAN_POINT('',(-2.256192834366E0,-6.305119346323E0,
2.416639642694E0));
#4974=LINE('',#4973,#4972);
#4975=CURVE_STYLE('',#21,POSITIVE_LENGTH_MEASURE(2.E-2),#8);
#4976=PRESENTATION_STYLE_ASSIGNMENT((#4975));
#4977=STYLED_ITEM('',(#4976),#4974);
#4978=DIRECTION('',(0.E0,1.E0,0.E0));
#4979=VECTOR('',#4978,5.000000000031E-2);
#4980=CARTESIAN_POINT('',(-2.508860527333E0,-6.305119346323E0,
2.182264633381E0));
#4981=LINE('',#4980,#4979);
#4982=CURVE_STYLE('',#21,POSITIVE_LENGTH_MEASURE(2.E-2),#8);
#4983=PRESENTATION_STYLE_ASSIGNMENT((#4982));
#4984=STYLED_ITEM('',(#4983),#4981);
#4985=DIRECTION('',(8.171241461190E-13,1.E0,-3.392841563233E-12));
#4986=VECTOR('',#4985,5.000000000032E-2);
#4987=CARTESIAN_POINT('',(-2.747237061196E0,-6.305119346323E0,
2.393773788127E0));
#4988=LINE('',#4987,#4986);
#4989=CURVE_STYLE('',#21,POSITIVE_LENGTH_MEASURE(2.E-2),#8);
#4990=PRESENTATION_STYLE_ASSIGNMENT((#4989));
#4991=STYLED_ITEM('',(#4990),#4988);
#4992=DIRECTION('',(-9.916004111866E-1,0.E0,-1.293391840652E-1));
#4993=VECTOR('',#4992,9.281466969418E-2);
#4994=CARTESIAN_POINT('',(-2.655201996563E0,-6.305119346323E0,
2.405778361774E0));
#4995=LINE('',#4994,#4993);
#4996=CURVE_STYLE('',#21,POSITIVE_LENGTH_MEASURE(2.E-2),#8);
#4997=PRESENTATION_STYLE_ASSIGNMENT((#4996));
#4998=STYLED_ITEM('',(#4997),#4995);
#4999=CARTESIAN_POINT('',(-2.508288880969E0,-6.305119346323E0,
2.258293599816E0));
#5000=CARTESIAN_POINT('',(-2.544874248276E0,-6.305119346323E0,
2.258293599816E0));
#5001=CARTESIAN_POINT('',(-2.607660073942E0,-6.305119346323E0,
2.279825612867E0));
#5002=CARTESIAN_POINT('',(-2.644531264432E0,-6.305119346323E0,
2.353567993846E0));
#5003=CARTESIAN_POINT('',(-2.655201996563E0,-6.305119346323E0,
2.405778361774E0));
#5005=CURVE_STYLE('',#21,POSITIVE_LENGTH_MEASURE(2.E-2),#8);
#5006=PRESENTATION_STYLE_ASSIGNMENT((#5005));
#5007=STYLED_ITEM('',(#5006),#5004);
#5008=CARTESIAN_POINT('',(-2.353944362641E0,-6.305119346323E0,
2.414924703601E0));
#5009=CARTESIAN_POINT('',(-2.353944362641E0,-6.305119346323E0,
2.370717384772E0));
#5010=CARTESIAN_POINT('',(-2.387671498128E0,-6.305119346323E0,
2.292401832879E0));
#5011=CARTESIAN_POINT('',(-2.464843757292E0,-6.305119346323E0,
2.258293599816E0));
#5012=CARTESIAN_POINT('',(-2.508288880969E0,-6.305119346323E0,
2.258293599816E0));
#5014=CURVE_STYLE('',#21,POSITIVE_LENGTH_MEASURE(2.E-2),#8);
#5015=PRESENTATION_STYLE_ASSIGNMENT((#5014));
#5016=STYLED_ITEM('',(#5015),#5013);
#5017=CARTESIAN_POINT('',(-2.500857478235E0,-6.305119346323E0,
2.560694526467E0));
#5018=CARTESIAN_POINT('',(-2.458174549710E0,-6.305119346323E0,
2.560694526467E0));
#5019=CARTESIAN_POINT('',(-2.384717991913E0,-6.305119346323E0,
2.530111445983E0));
#5020=CARTESIAN_POINT('',(-2.353944362641E0,-6.305119346323E0,
2.457226534550E0));
#5021=CARTESIAN_POINT('',(-2.353944362641E0,-6.305119346323E0,
2.414924703601E0));
#5023=CURVE_STYLE('',#21,POSITIVE_LENGTH_MEASURE(2.E-2),#8);
#5024=PRESENTATION_STYLE_ASSIGNMENT((#5023));
#5025=STYLED_ITEM('',(#5024),#5022);
#5026=CARTESIAN_POINT('',(-2.565453517387E0,-6.305119346323E0,
2.550404891912E0));
#5027=CARTESIAN_POINT('',(-2.539538882211E0,-6.305119346323E0,
2.557264648282E0));
#5028=CARTESIAN_POINT('',(-2.518006869160E0,-6.305119346323E0,
2.560694526467E0));
#5029=CARTESIAN_POINT('',(-2.500857478235E0,-6.305119346323E0,
2.560694526467E0));
#5031=CURVE_STYLE('',#21,POSITIVE_LENGTH_MEASURE(2.E-2),#8);
#5032=PRESENTATION_STYLE_ASSIGNMENT((#5031));
#5033=STYLED_ITEM('',(#5032),#5030);
#5034=DIRECTION('',(-1.197005021428E-1,-2.188012595624E-14,-9.928100471826E-1));
#5035=VECTOR('',#5034,8.118585985076E-2);
#5036=CARTESIAN_POINT('',(-2.555735529196E0,-6.305119346323E0,
2.631007029261E0));
#5037=LINE('',#5036,#5035);
#5038=CURVE_STYLE('',#21,POSITIVE_LENGTH_MEASURE(2.E-2),#8);
#5039=PRESENTATION_STYLE_ASSIGNMENT((#5038));
#5040=STYLED_ITEM('',(#5039),#5037);
#5041=CARTESIAN_POINT('',(-2.540872723727E0,-6.305119346323E0,
2.629863736532E0));
#5042=CARTESIAN_POINT('',(-2.544302601912E0,-6.305119346323E0,
2.629863736532E0));
#5043=CARTESIAN_POINT('',(-2.549256870402E0,-6.305119346323E0,
2.630244834108E0));
#5044=CARTESIAN_POINT('',(-2.555735529196E0,-6.305119346323E0,
2.631007029261E0));
#5046=CURVE_STYLE('',#21,POSITIVE_LENGTH_MEASURE(2.E-2),#8);
#5047=PRESENTATION_STYLE_ASSIGNMENT((#5046));
#5048=STYLED_ITEM('',(#5047),#5045);
#5049=CARTESIAN_POINT('',(-2.387671498127E0,-6.305119346323E0,
2.755054290288E0));
#5050=CARTESIAN_POINT('',(-2.387671498127E0,-6.305119346323E0,
2.712752459339E0));
#5051=CARTESIAN_POINT('',(-2.425019060587E0,-6.305119346323E0,
2.650157182461E0));
#5052=CARTESIAN_POINT('',(-2.501619673387E0,-6.305119346323E0,
2.629863736532E0));
#5053=CARTESIAN_POINT('',(-2.540872723727E0,-6.305119346323E0,
2.629863736532E0));
#5055=CURVE_STYLE('',#21,POSITIVE_LENGTH_MEASURE(2.E-2),#8);
#5056=PRESENTATION_STYLE_ASSIGNMENT((#5055));
#5057=STYLED_ITEM('',(#5056),#5054);
#5058=CARTESIAN_POINT('',(-2.510575466426E0,-6.305119346323E0,
2.872241794944E0));
#5059=CARTESIAN_POINT('',(-2.474371196695E0,-6.305119346323E0,
2.872241794944E0));
#5060=CARTESIAN_POINT('',(-2.412919212545E0,-6.305119346322E0,
2.847565726890E0));
#5061=CARTESIAN_POINT('',(-2.387671498127E0,-6.305119346323E0,
2.788971974562E0));
#5062=CARTESIAN_POINT('',(-2.387671498127E0,-6.305119346323E0,
2.755054290288E0));
#5064=CURVE_STYLE('',#21,POSITIVE_LENGTH_MEASURE(2.E-2),#8);
#5065=PRESENTATION_STYLE_ASSIGNMENT((#5064));
#5066=STYLED_ITEM('',(#5065),#5063);
#5067=CARTESIAN_POINT('',(-2.646055654736E0,-6.305119346323E0,
2.736761606634E0));
#5068=CARTESIAN_POINT('',(-2.639195898366E0,-6.305119346323E0,
2.782112218192E0));
#5069=CARTESIAN_POINT('',(-2.607278976366E0,-6.305119346323E0,
2.849852312347E0));
#5070=CARTESIAN_POINT('',(-2.546398638581E0,-6.305119346323E0,
2.872241794944E0));
#5071=CARTESIAN_POINT('',(-2.510575466426E0,-6.305119346323E0,
2.872241794944E0));
#5073=CURVE_STYLE('',#21,POSITIVE_LENGTH_MEASURE(2.E-2),#8);
#5074=PRESENTATION_STYLE_ASSIGNMENT((#5073));
#5075=STYLED_ITEM('',(#5074),#5072);
#5076=DIRECTION('',(9.841620013644E-1,-4.938747600005E-13,-1.772714163942E-1));
#5077=VECTOR('',#5076,9.351617366386E-2);
#5078=CARTESIAN_POINT('',(-2.738090719369E0,-6.305119346323E0,
2.753339351195E0));
#5079=LINE('',#5078,#5077);
#5080=CURVE_STYLE('',#21,POSITIVE_LENGTH_MEASURE(2.E-2),#8);
#5081=PRESENTATION_STYLE_ASSIGNMENT((#5080));
#5082=STYLED_ITEM('',(#5081),#5079);
#5083=CARTESIAN_POINT('',(-2.512290405518E0,-6.305119346323E0,
2.947699115016E0));
#5084=CARTESIAN_POINT('',(-2.571741627393E0,-6.305119346323E0,
2.947699115016E0));
#5085=CARTESIAN_POINT('',(-2.673208857035E0,-6.305119346323E0,
2.912257040437E0));
#5086=CARTESIAN_POINT('',(-2.726657792086E0,-6.305119346323E0,
2.815077158526E0));
#5087=CARTESIAN_POINT('',(-2.738090719369E0,-6.305119346323E0,
2.753339351195E0));
#5089=CURVE_STYLE('',#21,POSITIVE_LENGTH_MEASURE(2.E-2),#8);
#5090=PRESENTATION_STYLE_ASSIGNMENT((#5089));
#5091=STYLED_ITEM('',(#5090),#5088);
#5092=CARTESIAN_POINT('',(-2.292778201674E0,-6.305119346323E0,
2.753339351195E0));
#5093=CARTESIAN_POINT('',(-2.292778201674E0,-6.305119346323E0,
2.787257035470E0));
#5094=CARTESIAN_POINT('',(-2.310969259307E0,-6.305119346323E0,
2.853593420219E0));
#5095=CARTESIAN_POINT('',(-2.393743652840E0,-6.305119346323E0,
2.929508057382E0));
#5096=CARTESIAN_POINT('',(-2.471512964873E0,-6.305119346323E0,
2.947699115016E0));
#5097=CARTESIAN_POINT('',(-2.512290405518E0,-6.305119346323E0,
2.947699115016E0));
#5099=CURVE_STYLE('',#21,POSITIVE_LENGTH_MEASURE(2.E-2),#8);
#5100=PRESENTATION_STYLE_ASSIGNMENT((#5099));
#5101=STYLED_ITEM('',(#5100),#5098);
#5102=CARTESIAN_POINT('',(-2.396246193590E0,-6.305119346323E0,
2.601281418323E0));
#5103=CARTESIAN_POINT('',(-2.361947411739E0,-6.305119346323E0,
2.616906418944E0));
#5104=CARTESIAN_POINT('',(-2.310213415781E0,-6.305119346323E0,
2.660542091410E0));
#5105=CARTESIAN_POINT('',(-2.292778201674E0,-6.305119346323E0,
2.720946057225E0));
#5106=CARTESIAN_POINT('',(-2.292778201674E0,-6.305119346323E0,
2.753339351195E0));
#5108=CURVE_STYLE('',#21,POSITIVE_LENGTH_MEASURE(2.E-2),#8);
#5109=PRESENTATION_STYLE_ASSIGNMENT((#5108));
#5110=STYLED_ITEM('',(#5109),#5107);
#5111=CARTESIAN_POINT('',(-2.256192834366E0,-6.305119346323E0,
2.416639642694E0));
#5112=CARTESIAN_POINT('',(-2.256192834366E0,-6.305119346323E0,
2.465039034861E0));
#5113=CARTESIAN_POINT('',(-2.281631097572E0,-6.305119346323E0,
2.547070288121E0));
#5114=CARTESIAN_POINT('',(-2.351657777184E0,-6.305119346323E0,
2.590991783768E0));
#5115=CARTESIAN_POINT('',(-2.396246193590E0,-6.305119346323E0,
2.601281418323E0));
#5117=CURVE_STYLE('',#21,POSITIVE_LENGTH_MEASURE(2.E-2),#8);
#5118=PRESENTATION_STYLE_ASSIGNMENT((#5117));
#5119=STYLED_ITEM('',(#5118),#5116);
#5120=CARTESIAN_POINT('',(-2.508860527333E0,-6.305119346323E0,
2.182264633381E0));
#5121=CARTESIAN_POINT('',(-2.472465708814E0,-6.305119346323E0,
2.182264633381E0));
#5122=CARTESIAN_POINT('',(-2.406324863415E0,-6.305119346323E0,
2.193187162125E0));
#5123=CARTESIAN_POINT('',(-2.323385100756E0,-6.305119346323E0,
2.246503393555E0));
#5124=CARTESIAN_POINT('',(-2.267741451985E0,-6.305119346323E0,
2.324257507054E0));
#5125=CARTESIAN_POINT('',(-2.256192834366E0,-6.305119346323E0,
2.384055799936E0));
#5126=CARTESIAN_POINT('',(-2.256192834366E0,-6.305119346323E0,
2.416639642694E0));
#5128=CURVE_STYLE('',#21,POSITIVE_LENGTH_MEASURE(2.E-2),#8);
#5129=PRESENTATION_STYLE_ASSIGNMENT((#5128));
#5130=STYLED_ITEM('',(#5129),#5127);
#5131=CARTESIAN_POINT('',(-2.747237061196E0,-6.305119346323E0,
2.393773788127E0));
#5132=CARTESIAN_POINT('',(-2.741139499978E0,-6.305119346323E0,
2.331273785643E0));
#5133=CARTESIAN_POINT('',(-2.687881113715E0,-6.305119346323E0,
2.225519208270E0));
#5134=CARTESIAN_POINT('',(-2.574790408002E0,-6.305119346323E0,
2.182264633381E0));
#5135=CARTESIAN_POINT('',(-2.508860527333E0,-6.305119346323E0,
2.182264633381E0));
#5137=CURVE_STYLE('',#21,POSITIVE_LENGTH_MEASURE(2.E-2),#8);
#5138=PRESENTATION_STYLE_ASSIGNMENT((#5137));
#5139=STYLED_ITEM('',(#5138),#5136);
#5140=DIRECTION('',(0.E0,-1.968651140276E-14,-1.E0));
#5141=VECTOR('',#5140,5.865091696480E-1);
#5142=CARTESIAN_POINT('',(6.573924499486E-3,-6.255119346322E0,
9.205061912878E0));
#5143=LINE('',#5142,#5141);
#5144=CURVE_STYLE('',#21,POSITIVE_LENGTH_MEASURE(2.E-2),#8);
#5145=PRESENTATION_STYLE_ASSIGNMENT((#5144));
#5146=STYLED_ITEM('',(#5145),#5143);
#5147=DIRECTION('',(0.E0,1.817216437178E-14,1.E0));
#5148=VECTOR('',#5147,5.865091696480E-1);
#5149=CARTESIAN_POINT('',(6.573924499487E-3,-6.305119346322E0,
8.618552743230E0));
#5150=LINE('',#5149,#5148);
#5151=CURVE_STYLE('',#21,POSITIVE_LENGTH_MEASURE(2.E-2),#8);
#5152=PRESENTATION_STYLE_ASSIGNMENT((#5151));
#5153=STYLED_ITEM('',(#5152),#5150);
#5154=DIRECTION('',(0.E0,1.E0,-3.552713678798E-14));
#5155=VECTOR('',#5154,5.000000000004E-2);
#5156=CARTESIAN_POINT('',(-1.774962047660E-1,-6.305119346322E0,
9.094162518227E0));
#5157=LINE('',#5156,#5155);
#5158=CURVE_STYLE('',#21,POSITIVE_LENGTH_MEASURE(2.E-2),#8);
#5159=PRESENTATION_STYLE_ASSIGNMENT((#5158));
#5160=STYLED_ITEM('',(#5159),#5157);
#5161=DIRECTION('',(-1.047772979489E-14,-1.E0,3.552713678798E-14));
#5162=VECTOR('',#5161,5.000000000003E-2);
#5163=CARTESIAN_POINT('',(6.573924499486E-3,-6.255119346322E0,
9.205061912878E0));
#5164=LINE('',#5163,#5162);
#5165=CURVE_STYLE('',#21,POSITIVE_LENGTH_MEASURE(2.E-2),#8);
#5166=PRESENTATION_STYLE_ASSIGNMENT((#5165));
#5167=STYLED_ITEM('',(#5166),#5164);
#5168=DIRECTION('',(0.E0,-1.991948786906E-14,-1.E0));
#5169=VECTOR('',#5168,8.917683281200E-2);
#5170=CARTESIAN_POINT('',(-1.774962047660E-1,-6.255119346322E0,
9.183339351039E0));
#5171=LINE('',#5170,#5169);
#5172=CURVE_STYLE('',#21,POSITIVE_LENGTH_MEASURE(2.E-2),#8);
#5173=PRESENTATION_STYLE_ASSIGNMENT((#5172));
#5174=STYLED_ITEM('',(#5173),#5171);
#5175=DIRECTION('',(0.E0,2.987923180360E-14,1.E0));
#5176=VECTOR('',#5175,8.917683281200E-2);
#5177=CARTESIAN_POINT('',(-1.774962047660E-1,-6.305119346322E0,
9.094162518227E0));
#5178=LINE('',#5177,#5176);
#5179=CURVE_STYLE('',#21,POSITIVE_LENGTH_MEASURE(2.E-2),#8);
#5180=PRESENTATION_STYLE_ASSIGNMENT((#5179));
#5181=STYLED_ITEM('',(#5180),#5178);
#5182=DIRECTION('',(0.E0,1.E0,-3.552713678799E-14));
#5183=VECTOR('',#5182,5.000000000002E-2);
#5184=CARTESIAN_POINT('',(3.915776725766E-2,-6.305119346322E0,
9.371411004854E0));
#5185=LINE('',#5184,#5183);
#5186=CURVE_STYLE('',#21,POSITIVE_LENGTH_MEASURE(2.E-2),#8);
#5187=PRESENTATION_STYLE_ASSIGNMENT((#5186));
#5188=STYLED_ITEM('',(#5187),#5185);
#5189=DIRECTION('',(0.E0,-1.E0,3.552713678798E-14));
#5190=VECTOR('',#5189,5.000000000004E-2);
#5191=CARTESIAN_POINT('',(-1.774962047660E-1,-6.255119346322E0,
9.183339351039E0));
#5192=LINE('',#5191,#5190);
#5193=CURVE_STYLE('',#21,POSITIVE_LENGTH_MEASURE(2.E-2),#8);
#5194=PRESENTATION_STYLE_ASSIGNMENT((#5193));
#5195=STYLED_ITEM('',(#5194),#5192);
#5196=DIRECTION('',(-1.E0,-3.286715498401E-13,0.E0));
#5197=VECTOR('',#5196,5.945122187458E-2);
#5198=CARTESIAN_POINT('',(9.860898913224E-2,-6.255119346322E0,
9.371411004854E0));
#5199=LINE('',#5198,#5197);
#5200=CURVE_STYLE('',#21,POSITIVE_LENGTH_MEASURE(2.E-2),#8);
#5201=PRESENTATION_STYLE_ASSIGNMENT((#5200));
#5202=STYLED_ITEM('',(#5201),#5199);
#5203=DIRECTION('',(1.193489751471E-14,1.E0,-3.552713678798E-14));
#5204=VECTOR('',#5203,5.000000000004E-2);
#5205=CARTESIAN_POINT('',(9.860898913224E-2,-6.305119346322E0,
9.371411004854E0));
#5206=LINE('',#5205,#5204);
#5207=CURVE_STYLE('',#21,POSITIVE_LENGTH_MEASURE(2.E-2),#8);
#5208=PRESENTATION_STYLE_ASSIGNMENT((#5207));
#5209=STYLED_ITEM('',(#5208),#5206);
#5210=DIRECTION('',(1.E0,0.E0,2.987923180364E-14));
#5211=VECTOR('',#5210,5.945122187458E-2);
#5212=CARTESIAN_POINT('',(3.915776725766E-2,-6.305119346322E0,
9.371411004854E0));
#5213=LINE('',#5212,#5211);
#5214=CURVE_STYLE('',#21,POSITIVE_LENGTH_MEASURE(2.E-2),#8);
#5215=PRESENTATION_STYLE_ASSIGNMENT((#5214));
#5216=STYLED_ITEM('',(#5215),#5213);
#5217=DIRECTION('',(0.E0,1.887587005361E-14,1.E0));
#5218=VECTOR('',#5217,7.528582616240E-1);
#5219=CARTESIAN_POINT('',(9.860898913224E-2,-6.255119346322E0,
8.618552743230E0));
#5220=LINE('',#5219,#5218);
#5221=CURVE_STYLE('',#21,POSITIVE_LENGTH_MEASURE(2.E-2),#8);
#5222=PRESENTATION_STYLE_ASSIGNMENT((#5221));
#5223=STYLED_ITEM('',(#5222),#5220);
#5224=DIRECTION('',(1.165734175856E-14,1.E0,-3.552713678798E-14));
#5225=VECTOR('',#5224,5.000000000004E-2);
#5226=CARTESIAN_POINT('',(9.860898913224E-2,-6.305119346322E0,
8.618552743230E0));
#5227=LINE('',#5226,#5225);
#5228=CURVE_STYLE('',#21,POSITIVE_LENGTH_MEASURE(2.E-2),#8);
#5229=PRESENTATION_STYLE_ASSIGNMENT((#5228));
#5230=STYLED_ITEM('',(#5229),#5227);
#5231=DIRECTION('',(0.E0,-1.651638629691E-14,-1.E0));
#5232=VECTOR('',#5231,7.528582616240E-1);
#5233=CARTESIAN_POINT('',(9.860898913224E-2,-6.305119346322E0,
9.371411004854E0));
#5234=LINE('',#5233,#5232);
#5235=CURVE_STYLE('',#21,POSITIVE_LENGTH_MEASURE(2.E-2),#8);
#5236=PRESENTATION_STYLE_ASSIGNMENT((#5235));
#5237=STYLED_ITEM('',(#5236),#5234);
#5238=DIRECTION('',(1.E0,0.E0,0.E0));
#5239=VECTOR('',#5238,9.203506463275E-2);
#5240=CARTESIAN_POINT('',(6.573924499487E-3,-6.255119346322E0,
8.618552743230E0));
#5241=LINE('',#5240,#5239);
#5242=CURVE_STYLE('',#21,POSITIVE_LENGTH_MEASURE(2.E-2),#8);
#5243=PRESENTATION_STYLE_ASSIGNMENT((#5242));
#5244=STYLED_ITEM('',(#5243),#5241);
#5245=DIRECTION('',(1.547373340570E-14,1.E0,-3.552713678798E-14));
#5246=VECTOR('',#5245,5.000000000003E-2);
#5247=CARTESIAN_POINT('',(6.573924499487E-3,-6.305119346322E0,
8.618552743230E0));
#5248=LINE('',#5247,#5246);
#5249=CURVE_STYLE('',#21,POSITIVE_LENGTH_MEASURE(2.E-2),#8);
#5250=PRESENTATION_STYLE_ASSIGNMENT((#5249));
#5251=STYLED_ITEM('',(#5250),#5248);
#5252=DIRECTION('',(-1.E0,8.685391605034E-14,0.E0));
#5253=VECTOR('',#5252,9.203506463275E-2);
#5254=CARTESIAN_POINT('',(9.860898913224E-2,-6.305119346322E0,
8.618552743230E0));
#5255=LINE('',#5254,#5253);
#5256=CURVE_STYLE('',#21,POSITIVE_LENGTH_MEASURE(2.E-2),#8);
#5257=PRESENTATION_STYLE_ASSIGNMENT((#5256));
#5258=STYLED_ITEM('',(#5257),#5255);
#5259=CARTESIAN_POINT('',(-1.774962047660E-1,-6.305119346322E0,
9.094162518227E0));
#5260=CARTESIAN_POINT('',(-1.632050456617E-1,-6.305119346322E0,
9.099497884293E0));
#5261=CARTESIAN_POINT('',(-1.331459743455E-1,-6.305119346322E0,
9.112598113472E0));
#5262=CARTESIAN_POINT('',(-8.019722986332E-2,-6.305119346322E0,
9.141251887476E0));
#5263=CARTESIAN_POINT('',(-2.967798242886E-2,-6.305119346322E0,
9.173764274439E0));
#5264=CARTESIAN_POINT('',(-4.477905207967E-3,-6.305119346322E0,
9.194581729535E0));
#5265=CARTESIAN_POINT('',(6.573924499485E-3,-6.305119346322E0,
9.205061912878E0));
#5267=CURVE_STYLE('',#21,POSITIVE_LENGTH_MEASURE(2.E-2),#8);
#5268=PRESENTATION_STYLE_ASSIGNMENT((#5267));
#5269=STYLED_ITEM('',(#5268),#5266);
#5270=CARTESIAN_POINT('',(3.915776725766E-2,-6.305119346322E0,
9.371411004854E0));
#5271=CARTESIAN_POINT('',(2.315166906066E-2,-6.305119346322E0,
9.339017710883E0));
#5272=CARTESIAN_POINT('',(-3.372714417517E-2,-6.305119346322E0,
9.268991031271E0));
#5273=CARTESIAN_POINT('',(-1.260480319900E-1,-6.305119346322E0,
9.207348498334E0));
#5274=CARTESIAN_POINT('',(-1.774962047660E-1,-6.305119346322E0,
9.183339351039E0));
#5276=CURVE_STYLE('',#21,POSITIVE_LENGTH_MEASURE(2.E-2),#8);
#5277=PRESENTATION_STYLE_ASSIGNMENT((#5276));
#5278=STYLED_ITEM('',(#5277),#5275);
#5279=DIRECTION('',(1.E0,1.612858187324E-14,0.E0));
#5280=VECTOR('',#5279,4.956173977430E-1);
#5281=CARTESIAN_POINT('',(-2.759813281208E0,-6.255119346322E0,
8.618552743230E0));
#5282=LINE('',#5281,#5280);
#5283=CURVE_STYLE('',#21,POSITIVE_LENGTH_MEASURE(2.E-2),#8);
#5284=PRESENTATION_STYLE_ASSIGNMENT((#5283));
#5285=STYLED_ITEM('',(#5284),#5282);
#5286=DIRECTION('',(-1.E0,0.E0,0.E0));
#5287=VECTOR('',#5286,4.956173977430E-1);
#5288=CARTESIAN_POINT('',(-2.264195883465E0,-6.305119346322E0,
8.618552743230E0));
#5289=LINE('',#5288,#5287);
#5290=CURVE_STYLE('',#21,POSITIVE_LENGTH_MEASURE(2.E-2),#8);
#5291=PRESENTATION_STYLE_ASSIGNMENT((#5290));
#5292=STYLED_ITEM('',(#5291),#5289);
#5293=DIRECTION('',(0.E0,1.E0,0.E0));
#5294=VECTOR('',#5293,5.000000000003E-2);
#5295=CARTESIAN_POINT('',(-2.748952000288E0,-6.305119346322E0,
8.682577136018E0));
#5296=LINE('',#5295,#5294);
#5297=CURVE_STYLE('',#21,POSITIVE_LENGTH_MEASURE(2.E-2),#8);
#5298=PRESENTATION_STYLE_ASSIGNMENT((#5297));
#5299=STYLED_ITEM('',(#5298),#5296);
#5300=DIRECTION('',(-1.776356839399E-14,-1.E0,3.552713678798E-14));
#5301=VECTOR('',#5300,5.000000000004E-2);
#5302=CARTESIAN_POINT('',(-2.759813281208E0,-6.255119346322E0,
8.618552743230E0));
#5303=LINE('',#5302,#5301);
#5304=CURVE_STYLE('',#21,POSITIVE_LENGTH_MEASURE(2.E-2),#8);
#5305=PRESENTATION_STYLE_ASSIGNMENT((#5304));
#5306=STYLED_ITEM('',(#5305),#5303);
#5307=DIRECTION('',(0.E0,1.E0,0.E0));
#5308=VECTOR('',#5307,5.000000000003E-2);
#5309=CARTESIAN_POINT('',(-2.567740102844E0,-6.305119346322E0,
8.895801229857E0));
#5310=LINE('',#5309,#5308);
#5311=CURVE_STYLE('',#21,POSITIVE_LENGTH_MEASURE(2.E-2),#8);
#5312=PRESENTATION_STYLE_ASSIGNMENT((#5311));
#5313=STYLED_ITEM('',(#5312),#5310);
#5314=DIRECTION('',(0.E0,1.E0,0.E0));
#5315=VECTOR('',#5314,5.000000000004E-2);
#5316=CARTESIAN_POINT('',(-2.360232472647E0,-6.305119346322E0,
9.165618313749E0));
#5317=LINE('',#5316,#5315);
#5318=CURVE_STYLE('',#21,POSITIVE_LENGTH_MEASURE(2.E-2),#8);
#5319=PRESENTATION_STYLE_ASSIGNMENT((#5318));
#5320=STYLED_ITEM('',(#5319),#5317);
#5321=DIRECTION('',(0.E0,1.E0,0.E0));
#5322=VECTOR('',#5321,5.000000000003E-2);
#5323=CARTESIAN_POINT('',(-2.501429124599E0,-6.305119346322E0,
9.295382038418E0));
#5324=LINE('',#5323,#5322);
#5325=CURVE_STYLE('',#21,POSITIVE_LENGTH_MEASURE(2.E-2),#8);
#5326=PRESENTATION_STYLE_ASSIGNMENT((#5325));
#5327=STYLED_ITEM('',(#5326),#5324);
#5328=DIRECTION('',(-1.065814103639E-13,1.E0,-1.350031197943E-12));
#5329=VECTOR('',#5328,5.000000000004E-2);
#5330=CARTESIAN_POINT('',(-2.647770593829E0,-6.305119346322E0,
9.145039044639E0));
#5331=LINE('',#5330,#5329);
#5332=CURVE_STYLE('',#21,POSITIVE_LENGTH_MEASURE(2.E-2),#8);
#5333=PRESENTATION_STYLE_ASSIGNMENT((#5332));
#5334=STYLED_ITEM('',(#5333),#5331);
#5335=DIRECTION('',(0.E0,1.E0,0.E0));
#5336=VECTOR('',#5335,5.000000000003E-2);
#5337=CARTESIAN_POINT('',(-2.499142539142E0,-6.305119346322E0,
9.371411004854E0));
#5338=LINE('',#5337,#5336);
#5339=CURVE_STYLE('',#21,POSITIVE_LENGTH_MEASURE(2.E-2),#8);
#5340=PRESENTATION_STYLE_ASSIGNMENT((#5339));
#5341=STYLED_ITEM('',(#5340),#5338);
#5342=DIRECTION('',(1.953992523339E-13,-1.E0,1.350031197943E-12));
#5343=VECTOR('',#5342,5.000000000004E-2);
#5344=CARTESIAN_POINT('',(-2.742663890282E0,-6.255119346322E0,
9.154757032830E0));
#5345=LINE('',#5344,#5343);
#5346=CURVE_STYLE('',#21,POSITIVE_LENGTH_MEASURE(2.E-2),#8);
#5347=PRESENTATION_STYLE_ASSIGNMENT((#5346));
#5348=STYLED_ITEM('',(#5347),#5345);
#5349=DIRECTION('',(0.E0,1.E0,0.E0));
#5350=VECTOR('',#5349,5.000000000003E-2);
#5351=CARTESIAN_POINT('',(-2.265339176193E0,-6.305119346322E0,
9.163331728293E0));
#5352=LINE('',#5351,#5350);
#5353=CURVE_STYLE('',#21,POSITIVE_LENGTH_MEASURE(2.E-2),#8);
#5354=PRESENTATION_STYLE_ASSIGNMENT((#5353));
#5355=STYLED_ITEM('',(#5354),#5352);
#5356=DIRECTION('',(0.E0,1.E0,0.E0));
#5357=VECTOR('',#5356,5.000000000003E-2);
#5358=CARTESIAN_POINT('',(-2.486566319130E0,-6.305119346322E0,
8.851212813451E0));
#5359=LINE('',#5358,#5357);
#5360=CURVE_STYLE('',#21,POSITIVE_LENGTH_MEASURE(2.E-2),#8);
#5361=PRESENTATION_STYLE_ASSIGNMENT((#5360));
#5362=STYLED_ITEM('',(#5361),#5359);
#5363=DIRECTION('',(1.776356839399E-14,1.E0,3.552713678798E-14));
#5364=VECTOR('',#5363,5.000000000004E-2);
#5365=CARTESIAN_POINT('',(-2.631764495632E0,-6.305119346322E0,
8.707157929678E0));
#5366=LINE('',#5365,#5364);
#5367=CURVE_STYLE('',#21,POSITIVE_LENGTH_MEASURE(2.E-2),#8);
#5368=PRESENTATION_STYLE_ASSIGNMENT((#5367));
#5369=STYLED_ITEM('',(#5368),#5366);
#5370=DIRECTION('',(-1.E0,-2.657996981598E-14,0.E0));
#5371=VECTOR('',#5370,3.675686121670E-1);
#5372=CARTESIAN_POINT('',(-2.264195883465E0,-6.255119346322E0,
8.707157929678E0));
#5373=LINE('',#5372,#5371);
#5374=CURVE_STYLE('',#21,POSITIVE_LENGTH_MEASURE(2.E-2),#8);
#5375=PRESENTATION_STYLE_ASSIGNMENT((#5374));
#5376=STYLED_ITEM('',(#5375),#5373);
#5377=DIRECTION('',(0.E0,1.E0,0.E0));
#5378=VECTOR('',#5377,5.000000000005E-2);
#5379=CARTESIAN_POINT('',(-2.264195883465E0,-6.305119346322E0,
8.707157929678E0));
#5380=LINE('',#5379,#5378);
#5381=CURVE_STYLE('',#21,POSITIVE_LENGTH_MEASURE(2.E-2),#8);
#5382=PRESENTATION_STYLE_ASSIGNMENT((#5381));
#5383=STYLED_ITEM('',(#5382),#5380);
#5384=DIRECTION('',(1.E0,0.E0,0.E0));
#5385=VECTOR('',#5384,3.675686121670E-1);
#5386=CARTESIAN_POINT('',(-2.631764495632E0,-6.305119346322E0,
8.707157929678E0));
#5387=LINE('',#5386,#5385);
#5388=CURVE_STYLE('',#21,POSITIVE_LENGTH_MEASURE(2.E-2),#8);
#5389=PRESENTATION_STYLE_ASSIGNMENT((#5388));
#5390=STYLED_ITEM('',(#5389),#5387);
#5391=DIRECTION('',(0.E0,3.007200104098E-14,1.E0));
#5392=VECTOR('',#5391,8.860518644800E-2);
#5393=CARTESIAN_POINT('',(-2.264195883465E0,-6.255119346322E0,
8.618552743230E0));
#5394=LINE('',#5393,#5392);
#5395=CURVE_STYLE('',#21,POSITIVE_LENGTH_MEASURE(2.E-2),#8);
#5396=PRESENTATION_STYLE_ASSIGNMENT((#5395));
#5397=STYLED_ITEM('',(#5396),#5394);
#5398=DIRECTION('',(0.E0,1.E0,-3.552713678797E-14));
#5399=VECTOR('',#5398,5.000000000005E-2);
#5400=CARTESIAN_POINT('',(-2.264195883465E0,-6.305119346322E0,
8.618552743230E0));
#5401=LINE('',#5400,#5399);
#5402=CURVE_STYLE('',#21,POSITIVE_LENGTH_MEASURE(2.E-2),#8);
#5403=PRESENTATION_STYLE_ASSIGNMENT((#5402));
#5404=STYLED_ITEM('',(#5403),#5401);
#5405=DIRECTION('',(0.E0,2.004800069399E-14,-1.E0));
#5406=VECTOR('',#5405,8.860518644800E-2);
#5407=CARTESIAN_POINT('',(-2.264195883465E0,-6.305119346322E0,
8.707157929678E0));
#5408=LINE('',#5407,#5406);
#5409=CURVE_STYLE('',#21,POSITIVE_LENGTH_MEASURE(2.E-2),#8);
#5410=PRESENTATION_STYLE_ASSIGNMENT((#5409));
#5411=STYLED_ITEM('',(#5410),#5408);
#5412=CARTESIAN_POINT('',(-2.748952000288E0,-6.305119346322E0,
8.682577136018E0));
#5413=CARTESIAN_POINT('',(-2.756955049387E0,-6.305119346322E0,
8.661997866908E0));
#5414=CARTESIAN_POINT('',(-2.760575476360E0,-6.305119346322E0,
8.640656402645E0));
#5415=CARTESIAN_POINT('',(-2.759813281208E0,-6.305119346322E0,
8.618552743230E0));
#5417=CURVE_STYLE('',#21,POSITIVE_LENGTH_MEASURE(2.E-2),#8);
#5418=PRESENTATION_STYLE_ASSIGNMENT((#5417));
#5419=STYLED_ITEM('',(#5418),#5416);
#5420=CARTESIAN_POINT('',(-2.567740102844E0,-6.305119346322E0,
8.895801229857E0));
#5421=CARTESIAN_POINT('',(-2.620331568348E0,-6.305119346322E0,
8.852737203756E0));
#5422=CARTESIAN_POINT('',(-2.698361297058E0,-6.305119346322E0,
8.780042841111E0));
#5423=CARTESIAN_POINT('',(-2.736375780276E0,-6.305119346322E0,
8.716494820293E0));
#5424=CARTESIAN_POINT('',(-2.748952000288E0,-6.305119346322E0,
8.682577136018E0));
#5426=CURVE_STYLE('',#21,POSITIVE_LENGTH_MEASURE(2.E-2),#8);
#5427=PRESENTATION_STYLE_ASSIGNMENT((#5426));
#5428=STYLED_ITEM('',(#5427),#5425);
#5429=CARTESIAN_POINT('',(-2.360232472647E0,-6.305119346322E0,
9.165618313749E0));
#5430=CARTESIAN_POINT('',(-2.360232472647E0,-6.305119346322E0,
9.148087825248E0));
#5431=CARTESIAN_POINT('',(-2.367806786972E0,-6.305119346322E0,
9.111638564218E0));
#5432=CARTESIAN_POINT('',(-2.398032588478E0,-6.305119346322E0,
9.056719681373E0));
#5433=CARTESIAN_POINT('',(-2.458698558877E0,-6.305119346322E0,
8.989796224881E0));
#5434=CARTESIAN_POINT('',(-2.527153210987E0,-6.305119346322E0,
8.929337816555E0));
#5435=CARTESIAN_POINT('',(-2.567740102844E0,-6.305119346322E0,
8.895801229857E0));
#5437=CURVE_STYLE('',#21,POSITIVE_LENGTH_MEASURE(2.E-2),#8);
#5438=PRESENTATION_STYLE_ASSIGNMENT((#5437));
#5439=STYLED_ITEM('',(#5438),#5436);
#5440=CARTESIAN_POINT('',(-2.501429124599E0,-6.305119346322E0,
9.295382038418E0));
#5441=CARTESIAN_POINT('',(-2.459508391226E0,-6.305119346322E0,
9.295382038418E0));
#5442=CARTESIAN_POINT('',(-2.388910065250E0,-6.305119346322E0,
9.267085543391E0));
#5443=CARTESIAN_POINT('',(-2.360232472647E0,-6.305119346322E0,
9.202203681056E0));
#5444=CARTESIAN_POINT('',(-2.360232472647E0,-6.305119346322E0,
9.165618313749E0));
#5446=CURVE_STYLE('',#21,POSITIVE_LENGTH_MEASURE(2.E-2),#8);
#5447=PRESENTATION_STYLE_ASSIGNMENT((#5446));
#5448=STYLED_ITEM('',(#5447),#5445);
#5449=CARTESIAN_POINT('',(-2.647770593829E0,-6.305119346322E0,
9.145039044639E0));
#5450=CARTESIAN_POINT('',(-2.647389496253E0,-6.305119346322E0,
9.191914046502E0));
#5451=CARTESIAN_POINT('',(-2.618426080468E0,-6.305119346322E0,
9.267085543391E0));
#5452=CARTESIAN_POINT('',(-2.545636443429E0,-6.305119346322E0,
9.295382038418E0));
#5453=CARTESIAN_POINT('',(-2.501429124599E0,-6.305119346322E0,
9.295382038418E0));
#5455=CURVE_STYLE('',#21,POSITIVE_LENGTH_MEASURE(2.E-2),#8);
#5456=PRESENTATION_STYLE_ASSIGNMENT((#5455));
#5457=STYLED_ITEM('',(#5456),#5454);
#5458=DIRECTION('',(9.947970229635E-1,0.E0,-1.018768035569E-1));
#5459=VECTOR('',#5458,9.538960638454E-2);
#5460=CARTESIAN_POINT('',(-2.742663890282E0,-6.305119346322E0,
9.154757032830E0));
#5461=LINE('',#5460,#5459);
#5462=CURVE_STYLE('',#21,POSITIVE_LENGTH_MEASURE(2.E-2),#8);
#5463=PRESENTATION_STYLE_ASSIGNMENT((#5462));
#5464=STYLED_ITEM('',(#5463),#5461);
#5465=CARTESIAN_POINT('',(-2.499142539142E0,-6.305119346322E0,
9.371411004854E0));
#5466=CARTESIAN_POINT('',(-2.570407785877E0,-6.305119346322E0,
9.371411004854E0));
#5467=CARTESIAN_POINT('',(-2.685689802653E0,-6.305119346322E0,
9.333587070424E0));
#5468=CARTESIAN_POINT('',(-2.736185231488E0,-6.305119346322E0,
9.225260084412E0));
#5469=CARTESIAN_POINT('',(-2.742663890282E0,-6.305119346322E0,
9.154757032830E0));
#5471=CURVE_STYLE('',#21,POSITIVE_LENGTH_MEASURE(2.E-2),#8);
#5472=PRESENTATION_STYLE_ASSIGNMENT((#5471));
#5473=STYLED_ITEM('',(#5472),#5470);
#5474=CARTESIAN_POINT('',(-2.265339176193E0,-6.305119346322E0,
9.163331728293E0));
#5475=CARTESIAN_POINT('',(-2.265339176193E0,-6.305119346322E0,
9.222401852591E0));
#5476=CARTESIAN_POINT('',(-2.310213415781E0,-6.305119346322E0,
9.326441490872E0));
#5477=CARTESIAN_POINT('',(-2.427115097256E0,-6.305119346322E0,
9.371411004854E0));
#5478=CARTESIAN_POINT('',(-2.499142539142E0,-6.305119346322E0,
9.371411004854E0));
#5480=CURVE_STYLE('',#21,POSITIVE_LENGTH_MEASURE(2.E-2),#8);
#5481=PRESENTATION_STYLE_ASSIGNMENT((#5480));
#5482=STYLED_ITEM('',(#5481),#5479);
#5483=CARTESIAN_POINT('',(-2.486566319130E0,-6.305119346322E0,
8.851212813451E0));
#5484=CARTESIAN_POINT('',(-2.453601378796E0,-6.305119346322E0,
8.879223485296E0));
#5485=CARTESIAN_POINT('',(-2.396624800332E0,-6.305119346322E0,
8.929626130571E0));
#5486=CARTESIAN_POINT('',(-2.341472134941E0,-6.305119346322E0,
8.984921707553E0));
#5487=CARTESIAN_POINT('',(-2.306274784786E0,-6.305119346322E0,
9.030265780672E0));
#5488=CARTESIAN_POINT('',(-2.273704641614E0,-6.305119346322E0,
9.089703302961E0));
#5489=CARTESIAN_POINT('',(-2.265339176193E0,-6.305119346322E0,
9.133225019779E0));
#5490=CARTESIAN_POINT('',(-2.265339176193E0,-6.305119346322E0,
9.163331728293E0));
#5492=CURVE_STYLE('',#21,POSITIVE_LENGTH_MEASURE(2.E-2),#8);
#5493=PRESENTATION_STYLE_ASSIGNMENT((#5492));
#5494=STYLED_ITEM('',(#5493),#5491);
#5495=CARTESIAN_POINT('',(-2.631764495632E0,-6.305119346322E0,
8.707157929678E0));
#5496=CARTESIAN_POINT('',(-2.626619678354E0,-6.305119346322E0,
8.715542076353E0));
#5497=CARTESIAN_POINT('',(-2.614383724035E0,-6.305119346322E0,
8.732793546986E0));
#5498=CARTESIAN_POINT('',(-2.595703137491E0,-6.305119346322E0,
8.755342954458E0));
#5499=CARTESIAN_POINT('',(-2.560158983204E0,-6.305119346322E0,
8.788896554441E0));
#5500=CARTESIAN_POINT('',(-2.514195893399E0,-6.305119346322E0,
8.828156410096E0));
#5501=CARTESIAN_POINT('',(-2.486566319130E0,-6.305119346322E0,
8.851212813451E0));
#5503=CURVE_STYLE('',#21,POSITIVE_LENGTH_MEASURE(2.E-2),#8);
#5504=PRESENTATION_STYLE_ASSIGNMENT((#5503));
#5505=STYLED_ITEM('',(#5504),#5502);
#5506=DIRECTION('',(1.E0,0.E0,0.E0));
#5507=VECTOR('',#5506,3.252667812172E-1);
#5508=CARTESIAN_POINT('',(-2.781059648610E-1,-6.255119346323E0,
2.369478834700E0));
#5509=LINE('',#5508,#5507);
#5510=CURVE_STYLE('',#21,POSITIVE_LENGTH_MEASURE(2.E-2),#8);
#5511=PRESENTATION_STYLE_ASSIGNMENT((#5510));
#5512=STYLED_ITEM('',(#5511),#5509);
#5513=DIRECTION('',(0.E0,1.E0,-1.776356839390E-14));
#5514=VECTOR('',#5513,5.000000000028E-2);
#5515=CARTESIAN_POINT('',(-2.781059648610E-1,-6.305119346323E0,
2.369478834700E0));
#5516=LINE('',#5515,#5514);
#5517=CURVE_STYLE('',#21,POSITIVE_LENGTH_MEASURE(2.E-2),#8);
#5518=PRESENTATION_STYLE_ASSIGNMENT((#5517));
#5519=STYLED_ITEM('',(#5518),#5516);
#5520=DIRECTION('',(-1.E0,0.E0,0.E0));
#5521=VECTOR('',#5520,3.252667812172E-1);
#5522=CARTESIAN_POINT('',(4.716081635616E-2,-6.305119346323E0,
2.369478834700E0));
#5523=LINE('',#5522,#5521);
#5524=CURVE_STYLE('',#21,POSITIVE_LENGTH_MEASURE(2.E-2),#8);
#5525=PRESENTATION_STYLE_ASSIGNMENT((#5524));
#5526=STYLED_ITEM('',(#5525),#5523);
#5527=DIRECTION('',(1.958553361719E-12,3.149432541458E-14,-1.E0));
#5528=VECTOR('',#5527,8.460366189863E-2);
#5529=CARTESIAN_POINT('',(-2.781059648612E-1,-6.255119346323E0,
2.454082496599E0));
#5530=LINE('',#5529,#5528);
#5531=CURVE_STYLE('',#21,POSITIVE_LENGTH_MEASURE(2.E-2),#8);
#5532=PRESENTATION_STYLE_ASSIGNMENT((#5531));
#5533=STYLED_ITEM('',(#5532),#5530);
#5534=DIRECTION('',(1.110223024619E-14,1.E0,1.029398788427E-11));
#5535=VECTOR('',#5534,5.000000000028E-2);
#5536=CARTESIAN_POINT('',(-2.781059648612E-1,-6.305119346323E0,
2.454082496598E0));
#5537=LINE('',#5536,#5535);
#5538=CURVE_STYLE('',#21,POSITIVE_LENGTH_MEASURE(2.E-2),#8);
#5539=PRESENTATION_STYLE_ASSIGNMENT((#5538));
#5540=STYLED_ITEM('',(#5539),#5537);
#5541=DIRECTION('',(-1.958553361731E-12,0.E0,1.E0));
#5542=VECTOR('',#5541,8.460366189812E-2);
#5543=CARTESIAN_POINT('',(-2.781059648610E-1,-6.305119346323E0,
2.369478834700E0));
#5544=LINE('',#5543,#5542);
#5545=CURVE_STYLE('',#21,POSITIVE_LENGTH_MEASURE(2.E-2),#8);
#5546=PRESENTATION_STYLE_ASSIGNMENT((#5545));
#5547=STYLED_ITEM('',(#5546),#5544);
#5548=DIRECTION('',(-7.246425681687E-12,1.E0,-2.664535259085E-14));
#5549=VECTOR('',#5548,5.000000000029E-2);
#5550=CARTESIAN_POINT('',(6.373856091759E-2,-6.305119346323E0,
2.939981906150E0));
#5551=LINE('',#5550,#5549);
#5552=CURVE_STYLE('',#21,POSITIVE_LENGTH_MEASURE(2.E-2),#8);
#5553=PRESENTATION_STYLE_ASSIGNMENT((#5552));
#5554=STYLED_ITEM('',(#5553),#5551);
#5555=DIRECTION('',(-1.E0,9.416485174457E-14,0.E0));
#5556=VECTOR('',#5555,7.545732007178E-2);
#5557=CARTESIAN_POINT('',(1.391958809890E-1,-6.255119346323E0,
2.939981906150E0));
#5558=LINE('',#5557,#5556);
#5559=CURVE_STYLE('',#21,POSITIVE_LENGTH_MEASURE(2.E-2),#8);
#5560=PRESENTATION_STYLE_ASSIGNMENT((#5559));
#5561=STYLED_ITEM('',(#5560),#5558);
#5562=DIRECTION('',(1.054711873388E-14,1.E0,-2.664535259085E-14));
#5563=VECTOR('',#5562,5.000000000028E-2);
#5564=CARTESIAN_POINT('',(1.391958809890E-1,-6.305119346323E0,
2.939981906150E0));
#5565=LINE('',#5564,#5563);
#5566=CURVE_STYLE('',#21,POSITIVE_LENGTH_MEASURE(2.E-2),#8);
#5567=PRESENTATION_STYLE_ASSIGNMENT((#5566));
#5568=STYLED_ITEM('',(#5567),#5565);
#5569=DIRECTION('',(1.E0,-4.708242587251E-14,0.E0));
#5570=VECTOR('',#5569,7.545732007141E-2);
#5571=CARTESIAN_POINT('',(6.373856091759E-2,-6.305119346323E0,
2.939981906150E0));
#5572=LINE('',#5571,#5570);
#5573=CURVE_STYLE('',#21,POSITIVE_LENGTH_MEASURE(2.E-2),#8);
#5574=PRESENTATION_STYLE_ASSIGNMENT((#5573));
#5575=STYLED_ITEM('',(#5574),#5572);
#5576=DIRECTION('',(0.E0,1.645115351071E-14,1.E0));
#5577=VECTOR('',#5576,4.858994095520E-1);
#5578=CARTESIAN_POINT('',(1.391958809890E-1,-6.255119346323E0,
2.454082496598E0));
#5579=LINE('',#5578,#5577);
#5580=CURVE_STYLE('',#21,POSITIVE_LENGTH_MEASURE(2.E-2),#8);
#5581=PRESENTATION_STYLE_ASSIGNMENT((#5580));
#5582=STYLED_ITEM('',(#5581),#5579);
#5583=DIRECTION('',(1.054711873388E-14,1.E0,-1.776356839390E-14));
#5584=VECTOR('',#5583,5.000000000028E-2);
#5585=CARTESIAN_POINT('',(1.391958809890E-1,-6.305119346323E0,
2.454082496598E0));
#5586=LINE('',#5585,#5584);
#5587=CURVE_STYLE('',#21,POSITIVE_LENGTH_MEASURE(2.E-2),#8);
#5588=PRESENTATION_STYLE_ASSIGNMENT((#5587));
#5589=STYLED_ITEM('',(#5588),#5586);
#5590=DIRECTION('',(0.E0,-1.645115351071E-14,-1.E0));
#5591=VECTOR('',#5590,4.858994095520E-1);
#5592=CARTESIAN_POINT('',(1.391958809890E-1,-6.305119346323E0,
2.939981906150E0));
#5593=LINE('',#5592,#5591);
#5594=CURVE_STYLE('',#21,POSITIVE_LENGTH_MEASURE(2.E-2),#8);
#5595=PRESENTATION_STYLE_ASSIGNMENT((#5594));
#5596=STYLED_ITEM('',(#5595),#5593);
#5597=DIRECTION('',(-1.E0,0.E0,0.E0));
#5598=VECTOR('',#5597,1.011814064600E-1);
#5599=CARTESIAN_POINT('',(2.403772874490E-1,-6.255119346323E0,
2.454082496598E0));
#5600=LINE('',#5599,#5598);
#5601=CURVE_STYLE('',#21,POSITIVE_LENGTH_MEASURE(2.E-2),#8);
#5602=PRESENTATION_STYLE_ASSIGNMENT((#5601));
#5603=STYLED_ITEM('',(#5602),#5600);
#5604=DIRECTION('',(1.054711873388E-14,1.E0,-1.776356839390E-14));
#5605=VECTOR('',#5604,5.000000000028E-2);
#5606=CARTESIAN_POINT('',(2.403772874490E-1,-6.305119346323E0,
2.454082496598E0));
#5607=LINE('',#5606,#5605);
#5608=CURVE_STYLE('',#21,POSITIVE_LENGTH_MEASURE(2.E-2),#8);
#5609=PRESENTATION_STYLE_ASSIGNMENT((#5608));
#5610=STYLED_ITEM('',(#5609),#5607);
#5611=DIRECTION('',(1.E0,1.755615879981E-14,0.E0));
#5612=VECTOR('',#5611,1.011814064600E-1);
#5613=CARTESIAN_POINT('',(1.391958809890E-1,-6.305119346323E0,
2.454082496598E0));
#5614=LINE('',#5613,#5612);
#5615=CURVE_STYLE('',#21,POSITIVE_LENGTH_MEASURE(2.E-2),#8);
#5616=PRESENTATION_STYLE_ASSIGNMENT((#5615));
#5617=STYLED_ITEM('',(#5616),#5614);
#5618=DIRECTION('',(0.E0,1.049810847160E-14,1.E0));
#5619=VECTOR('',#5618,8.460366189800E-2);
#5620=CARTESIAN_POINT('',(2.403772874490E-1,-6.255119346323E0,
2.369478834700E0));
#5621=LINE('',#5620,#5619);
#5622=CURVE_STYLE('',#21,POSITIVE_LENGTH_MEASURE(2.E-2),#8);
#5623=PRESENTATION_STYLE_ASSIGNMENT((#5622));
#5624=STYLED_ITEM('',(#5623),#5621);
#5625=DIRECTION('',(1.054711873388E-14,1.E0,-1.776356839390E-14));
#5626=VECTOR('',#5625,5.000000000028E-2);
#5627=CARTESIAN_POINT('',(2.403772874490E-1,-6.305119346323E0,
2.369478834700E0));
#5628=LINE('',#5627,#5626);
#5629=CURVE_STYLE('',#21,POSITIVE_LENGTH_MEASURE(2.E-2),#8);
#5630=PRESENTATION_STYLE_ASSIGNMENT((#5629));
#5631=STYLED_ITEM('',(#5630),#5628);
#5632=DIRECTION('',(0.E0,-2.099621694321E-14,-1.E0));
#5633=VECTOR('',#5632,8.460366189800E-2);
#5634=CARTESIAN_POINT('',(2.403772874490E-1,-6.305119346323E0,
2.454082496598E0));
#5635=LINE('',#5634,#5633);
#5636=CURVE_STYLE('',#21,POSITIVE_LENGTH_MEASURE(2.E-2),#8);
#5637=PRESENTATION_STYLE_ASSIGNMENT((#5636));
#5638=STYLED_ITEM('',(#5637),#5635);
#5639=DIRECTION('',(1.E0,-2.633423819972E-14,0.E0));
#5640=VECTOR('',#5639,1.011814064600E-1);
#5641=CARTESIAN_POINT('',(1.391958809890E-1,-6.255119346323E0,
2.369478834700E0));
#5642=LINE('',#5641,#5640);
#5643=CURVE_STYLE('',#21,POSITIVE_LENGTH_MEASURE(2.E-2),#8);
#5644=PRESENTATION_STYLE_ASSIGNMENT((#5643));
#5645=STYLED_ITEM('',(#5644),#5642);
#5646=DIRECTION('',(1.054711873388E-14,1.E0,-1.776356839390E-14));
#5647=VECTOR('',#5646,5.000000000028E-2);
#5648=CARTESIAN_POINT('',(1.391958809890E-1,-6.305119346323E0,
2.369478834700E0));
#5649=LINE('',#5648,#5647);
#5650=CURVE_STYLE('',#21,POSITIVE_LENGTH_MEASURE(2.E-2),#8);
#5651=PRESENTATION_STYLE_ASSIGNMENT((#5650));
#5652=STYLED_ITEM('',(#5651),#5649);
#5653=DIRECTION('',(-1.E0,2.633423819972E-14,0.E0));
#5654=VECTOR('',#5653,1.011814064600E-1);
#5655=CARTESIAN_POINT('',(2.403772874490E-1,-6.305119346323E0,
2.369478834700E0));
#5656=LINE('',#5655,#5654);
#5657=CURVE_STYLE('',#21,POSITIVE_LENGTH_MEASURE(2.E-2),#8);
#5658=PRESENTATION_STYLE_ASSIGNMENT((#5657));
#5659=STYLED_ITEM('',(#5658),#5656);
#5660=DIRECTION('',(0.E0,2.968891822529E-14,1.E0));
#5661=VECTOR('',#5660,1.794969583520E-1);
#5662=CARTESIAN_POINT('',(1.391958809890E-1,-6.255119346323E0,
2.189981876348E0));
#5663=LINE('',#5662,#5661);
#5664=CURVE_STYLE('',#21,POSITIVE_LENGTH_MEASURE(2.E-2),#8);
#5665=PRESENTATION_STYLE_ASSIGNMENT((#5664));
#5666=STYLED_ITEM('',(#5665),#5663);
#5667=DIRECTION('',(1.054711873388E-14,1.E0,-1.776356839390E-14));
#5668=VECTOR('',#5667,5.000000000028E-2);
#5669=CARTESIAN_POINT('',(1.391958809890E-1,-6.305119346323E0,
2.189981876348E0));
#5670=LINE('',#5669,#5668);
#5671=CURVE_STYLE('',#21,POSITIVE_LENGTH_MEASURE(2.E-2),#8);
#5672=PRESENTATION_STYLE_ASSIGNMENT((#5671));
#5673=STYLED_ITEM('',(#5672),#5670);
#5674=DIRECTION('',(0.E0,-1.979261215019E-14,-1.E0));
#5675=VECTOR('',#5674,1.794969583520E-1);
#5676=CARTESIAN_POINT('',(1.391958809890E-1,-6.305119346323E0,
2.369478834700E0));
#5677=LINE('',#5676,#5675);
#5678=CURVE_STYLE('',#21,POSITIVE_LENGTH_MEASURE(2.E-2),#8);
#5679=PRESENTATION_STYLE_ASSIGNMENT((#5678));
#5680=STYLED_ITEM('',(#5679),#5677);
#5681=DIRECTION('',(1.E0,-1.930087023339E-14,0.E0));
#5682=VECTOR('',#5681,9.203506463284E-2);
#5683=CARTESIAN_POINT('',(4.716081635616E-2,-6.255119346323E0,
2.189981876348E0));
#5684=LINE('',#5683,#5682);
#5685=CURVE_STYLE('',#21,POSITIVE_LENGTH_MEASURE(2.E-2),#8);
#5686=PRESENTATION_STYLE_ASSIGNMENT((#5685));
#5687=STYLED_ITEM('',(#5686),#5684);
#5688=DIRECTION('',(1.068589661196E-14,1.E0,-1.776356839390E-14));
#5689=VECTOR('',#5688,5.000000000028E-2);
#5690=CARTESIAN_POINT('',(4.716081635616E-2,-6.305119346323E0,
2.189981876348E0));
#5691=LINE('',#5690,#5689);
#5692=CURVE_STYLE('',#21,POSITIVE_LENGTH_MEASURE(2.E-2),#8);
#5693=PRESENTATION_STYLE_ASSIGNMENT((#5692));
#5694=STYLED_ITEM('',(#5693),#5691);
#5695=DIRECTION('',(-1.E0,3.860174046678E-14,0.E0));
#5696=VECTOR('',#5695,9.203506463284E-2);
#5697=CARTESIAN_POINT('',(1.391958809890E-1,-6.305119346323E0,
2.189981876348E0));
#5698=LINE('',#5697,#5696);
#5699=CURVE_STYLE('',#21,POSITIVE_LENGTH_MEASURE(2.E-2),#8);
#5700=PRESENTATION_STYLE_ASSIGNMENT((#5699));
#5701=STYLED_ITEM('',(#5700),#5698);
#5702=DIRECTION('',(0.E0,0.E0,-1.E0));
#5703=VECTOR('',#5702,1.794969583520E-1);
#5704=CARTESIAN_POINT('',(4.716081635616E-2,-6.255119346323E0,
2.369478834700E0));
#5705=LINE('',#5704,#5703);
#5706=CURVE_STYLE('',#21,POSITIVE_LENGTH_MEASURE(2.E-2),#8);
#5707=PRESENTATION_STYLE_ASSIGNMENT((#5706));
#5708=STYLED_ITEM('',(#5707),#5705);
#5709=DIRECTION('',(1.096345236811E-14,1.E0,-1.776356839390E-14));
#5710=VECTOR('',#5709,5.000000000028E-2);
#5711=CARTESIAN_POINT('',(4.716081635616E-2,-6.305119346323E0,
2.369478834700E0));
#5712=LINE('',#5711,#5710);
#5713=CURVE_STYLE('',#21,POSITIVE_LENGTH_MEASURE(2.E-2),#8);
#5714=PRESENTATION_STYLE_ASSIGNMENT((#5713));
#5715=STYLED_ITEM('',(#5714),#5712);
#5716=DIRECTION('',(0.E0,0.E0,1.E0));
#5717=VECTOR('',#5716,1.794969583520E-1);
#5718=CARTESIAN_POINT('',(4.716081635616E-2,-6.305119346323E0,
2.189981876348E0));
#5719=LINE('',#5718,#5717);
#5720=CURVE_STYLE('',#21,POSITIVE_LENGTH_MEASURE(2.E-2),#8);
#5721=PRESENTATION_STYLE_ASSIGNMENT((#5720));
#5722=STYLED_ITEM('',(#5721),#5719);
#5723=DIRECTION('',(-5.753980646079E-1,0.E0,-8.178735032054E-1));
#5724=VECTOR('',#5723,5.941009308255E-1);
#5725=CARTESIAN_POINT('',(6.373856091759E-2,-6.305119346323E0,
2.939981906150E0));
#5726=LINE('',#5725,#5724);
#5727=CURVE_STYLE('',#21,POSITIVE_LENGTH_MEASURE(2.E-2),#8);
#5728=PRESENTATION_STYLE_ASSIGNMENT((#5727));
#5729=STYLED_ITEM('',(#5728),#5726);
#5730=DIRECTION('',(5.702917912504E-1,1.509128113878E-14,8.214421908037E-1));
#5731=VECTOR('',#5730,4.119762186343E-1);
#5732=CARTESIAN_POINT('',(-1.877858393213E-1,-6.305119346323E0,
2.454082496598E0));
#5733=LINE('',#5732,#5731);
#5734=CURVE_STYLE('',#21,POSITIVE_LENGTH_MEASURE(2.E-2),#8);
#5735=PRESENTATION_STYLE_ASSIGNMENT((#5734));
#5736=STYLED_ITEM('',(#5735),#5733);
#5737=DIRECTION('',(-1.E0,5.670511145215E-14,3.553520317668E-13));
#5738=VECTOR('',#5737,2.349466556775E-1);
#5739=CARTESIAN_POINT('',(4.716081635616E-2,-6.255119346323E0,
2.454082496598E0));
#5740=LINE('',#5739,#5738);
#5741=CURVE_STYLE('',#21,POSITIVE_LENGTH_MEASURE(2.E-2),#8);
#5742=PRESENTATION_STYLE_ASSIGNMENT((#5741));
#5743=STYLED_ITEM('',(#5742),#5740);
#5744=DIRECTION('',(1.068589661196E-14,1.E0,-1.776356839390E-14));
#5745=VECTOR('',#5744,5.000000000028E-2);
#5746=CARTESIAN_POINT('',(4.716081635616E-2,-6.305119346323E0,
2.454082496598E0));
#5747=LINE('',#5746,#5745);
#5748=CURVE_STYLE('',#21,POSITIVE_LENGTH_MEASURE(2.E-2),#8);
#5749=PRESENTATION_STYLE_ASSIGNMENT((#5748));
#5750=STYLED_ITEM('',(#5749),#5747);
#5751=DIRECTION('',(1.E0,0.E0,-3.553520317668E-13));
#5752=VECTOR('',#5751,2.349466556775E-1);
#5753=CARTESIAN_POINT('',(-1.877858393213E-1,-6.305119346323E0,
2.454082496598E0));
#5754=LINE('',#5753,#5752);
#5755=CURVE_STYLE('',#21,POSITIVE_LENGTH_MEASURE(2.E-2),#8);
#5756=PRESENTATION_STYLE_ASSIGNMENT((#5755));
#5757=STYLED_ITEM('',(#5756),#5754);
#5758=DIRECTION('',(-5.702917912504E-1,1.509128113878E-14,-8.214421908037E-1));
#5759=VECTOR('',#5758,4.119762186342E-1);
#5760=CARTESIAN_POINT('',(4.716081635616E-2,-6.255119346323E0,
2.792497144192E0));
#5761=LINE('',#5760,#5759);
#5762=CURVE_STYLE('',#21,POSITIVE_LENGTH_MEASURE(2.E-2),#8);
#5763=PRESENTATION_STYLE_ASSIGNMENT((#5762));
#5764=STYLED_ITEM('',(#5763),#5761);
#5765=DIRECTION('',(4.396483177490E-13,1.E0,-1.776356839390E-14));
#5766=VECTOR('',#5765,5.000000000029E-2);
#5767=CARTESIAN_POINT('',(-1.877858393213E-1,-6.305119346323E0,
2.454082496598E0));
#5768=LINE('',#5767,#5766);
#5769=CURVE_STYLE('',#21,POSITIVE_LENGTH_MEASURE(2.E-2),#8);
#5770=PRESENTATION_STYLE_ASSIGNMENT((#5769));
#5771=STYLED_ITEM('',(#5770),#5768);
#5772=DIRECTION('',(0.E0,-1.574716270731E-14,-1.E0));
#5773=VECTOR('',#5772,3.384146475940E-1);
#5774=CARTESIAN_POINT('',(4.716081635616E-2,-6.255119346323E0,
2.792497144192E0));
#5775=LINE('',#5774,#5773);
#5776=CURVE_STYLE('',#21,POSITIVE_LENGTH_MEASURE(2.E-2),#8);
#5777=PRESENTATION_STYLE_ASSIGNMENT((#5776));
#5778=STYLED_ITEM('',(#5777),#5775);
#5779=DIRECTION('',(1.082467449003E-14,1.E0,-6.394884621805E-13));
#5780=VECTOR('',#5779,5.000000000028E-2);
#5781=CARTESIAN_POINT('',(4.716081635616E-2,-6.305119346323E0,
2.792497144192E0));
#5782=LINE('',#5781,#5780);
#5783=CURVE_STYLE('',#21,POSITIVE_LENGTH_MEASURE(2.E-2),#8);
#5784=PRESENTATION_STYLE_ASSIGNMENT((#5783));
#5785=STYLED_ITEM('',(#5784),#5782);
#5786=DIRECTION('',(0.E0,1.837168982520E-14,1.E0));
#5787=VECTOR('',#5786,3.384146475941E-1);
#5788=CARTESIAN_POINT('',(4.716081635616E-2,-6.305119346323E0,
2.454082496598E0));
#5789=LINE('',#5788,#5787);
#5790=CURVE_STYLE('',#21,POSITIVE_LENGTH_MEASURE(2.E-2),#8);
#5791=PRESENTATION_STYLE_ASSIGNMENT((#5790));
#5792=STYLED_ITEM('',(#5791),#5789);
#5793=DIRECTION('',(1.050176471889E-14,1.E0,-1.691950982487E-14));
#5794=VECTOR('',#5793,3.044671440001E0);
#5795=CARTESIAN_POINT('',(-6.6655E0,-2.019790786323E0,1.066998189125E1));
#5796=LINE('',#5795,#5794);
#5797=CURVE_STYLE('',#21,POSITIVE_LENGTH_MEASURE(2.E-2),#8);
#5798=PRESENTATION_STYLE_ASSIGNMENT((#5797));
#5799=STYLED_ITEM('',(#5798),#5796);
#5800=DIRECTION('',(0.E0,-1.E0,1.739354781566E-14));
#5801=VECTOR('',#5800,3.044671440001E0);
#5802=CARTESIAN_POINT('',(-6.6655E0,1.024880653677E0,6.499818912489E-1));
#5803=LINE('',#5802,#5801);
#5804=CURVE_STYLE('',#21,POSITIVE_LENGTH_MEASURE(2.E-2),#8);
#5805=PRESENTATION_STYLE_ASSIGNMENT((#5804));
#5806=STYLED_ITEM('',(#5805),#5803);
#5807=DIRECTION('',(0.E0,-5.081320150630E-14,-1.E0));
#5808=VECTOR('',#5807,1.002E1);
#5809=CARTESIAN_POINT('',(-6.6655E0,1.024880653678E0,1.066998189125E1));
#5810=LINE('',#5809,#5808);
#5811=CURVE_STYLE('',#21,POSITIVE_LENGTH_MEASURE(2.E-2),#8);
#5812=PRESENTATION_STYLE_ASSIGNMENT((#5811));
#5813=STYLED_ITEM('',(#5812),#5810);
#5814=DIRECTION('',(4.928415183166E-14,1.400964064208E-13,-1.E0));
#5815=VECTOR('',#5814,1.002E1);
#5816=CARTESIAN_POINT('',(-6.679622386734E0,-2.112291802362E0,
1.066998189125E1));
#5817=LINE('',#5816,#5815);
#5818=CURVE_STYLE('',#21,POSITIVE_LENGTH_MEASURE(2.E-2),#8);
#5819=PRESENTATION_STYLE_ASSIGNMENT((#5818));
#5820=STYLED_ITEM('',(#5819),#5817);
#5821=DIRECTION('',(0.E0,5.087968192693E-14,1.E0));
#5822=VECTOR('',#5821,1.002E1);
#5823=CARTESIAN_POINT('',(-6.6655E0,-2.019790786323E0,6.499818912489E-1));
#5824=LINE('',#5823,#5822);
#5825=CURVE_STYLE('',#21,POSITIVE_LENGTH_MEASURE(2.E-2),#8);
#5826=PRESENTATION_STYLE_ASSIGNMENT((#5825));
#5827=STYLED_ITEM('',(#5826),#5824);
#5828=DIRECTION('',(0.E0,1.755083104797E-14,1.E0));
#5829=VECTOR('',#5828,1.002E1);
#5830=CARTESIAN_POINT('',(-6.96E0,-3.009119346323E0,6.499818912490E-1));
#5831=LINE('',#5830,#5829);
#5832=CURVE_STYLE('',#21,POSITIVE_LENGTH_MEASURE(2.E-2),#8);
#5833=PRESENTATION_STYLE_ASSIGNMENT((#5832));
#5834=STYLED_ITEM('',(#5833),#5831);
#5835=DIRECTION('',(0.E0,1.E0,-1.781446687078E-14));
#5836=VECTOR('',#5835,1.1866E1);
#5837=CARTESIAN_POINT('',(-6.96E0,-1.487511934632E1,1.066998189125E1));
#5838=LINE('',#5837,#5836);
#5839=CURVE_STYLE('',#21,POSITIVE_LENGTH_MEASURE(2.E-2),#8);
#5840=PRESENTATION_STYLE_ASSIGNMENT((#5839));
#5841=STYLED_ITEM('',(#5840),#5838);
#5842=DIRECTION('',(0.E0,-5.087968192693E-14,-1.E0));
#5843=VECTOR('',#5842,1.002E1);
#5844=CARTESIAN_POINT('',(4.1655E0,-2.019790786323E0,1.066998189125E1));
#5845=LINE('',#5844,#5843);
#5846=CURVE_STYLE('',#21,POSITIVE_LENGTH_MEASURE(2.E-2),#8);
#5847=PRESENTATION_STYLE_ASSIGNMENT((#5846));
#5848=STYLED_ITEM('',(#5847),#5845);
#5849=DIRECTION('',(0.E0,2.038732899511E-14,1.E0));
#5850=VECTOR('',#5849,1.002E1);
#5851=CARTESIAN_POINT('',(4.179622386733E0,-2.112291802358E0,
6.499818912489E-1));
#5852=LINE('',#5851,#5850);
#5853=CURVE_STYLE('',#21,POSITIVE_LENGTH_MEASURE(2.E-2),#8);
#5854=PRESENTATION_STYLE_ASSIGNMENT((#5853));
#5855=STYLED_ITEM('',(#5854),#5852);
#5856=DIRECTION('',(0.E0,-5.083536164651E-14,-1.E0));
#5857=VECTOR('',#5856,1.002E1);
#5858=CARTESIAN_POINT('',(4.46E0,-3.009119346322E0,1.066998189125E1));
#5859=LINE('',#5858,#5857);
#5860=CURVE_STYLE('',#21,POSITIVE_LENGTH_MEASURE(2.E-2),#8);
#5861=PRESENTATION_STYLE_ASSIGNMENT((#5860));
#5862=STYLED_ITEM('',(#5861),#5859);
#5863=DIRECTION('',(0.E0,-1.755083104797E-14,-1.E0));
#5864=VECTOR('',#5863,1.002E1);
#5865=CARTESIAN_POINT('',(4.46E0,-1.487511934632E1,1.066998189125E1));
#5866=LINE('',#5865,#5864);
#5867=CURVE_STYLE('',#21,POSITIVE_LENGTH_MEASURE(2.E-2),#8);
#5868=PRESENTATION_STYLE_ASSIGNMENT((#5867));
#5869=STYLED_ITEM('',(#5868),#5866);
#5870=DIRECTION('',(-1.714081056054E-14,-1.E0,1.811386967533E-14));
#5871=VECTOR('',#5870,1.1866E1);
#5872=CARTESIAN_POINT('',(4.46E0,-3.009119346322E0,1.066998189125E1));
#5873=LINE('',#5872,#5871);
#5874=CURVE_STYLE('',#21,POSITIVE_LENGTH_MEASURE(2.E-2),#8);
#5875=PRESENTATION_STYLE_ASSIGNMENT((#5874));
#5876=STYLED_ITEM('',(#5875),#5873);
#5877=CARTESIAN_POINT('',(4.716081635616E-2,-6.255119346323E0,
2.454082496598E0));
#5878=CARTESIAN_POINT('',(-1.877858393213E-1,-6.255119346323E0,
2.454082496598E0));
#5879=VERTEX_POINT('',#5877);
#5880=VERTEX_POINT('',#5878);
#5881=CARTESIAN_POINT('',(-1.877858393213E-1,-6.305119346323E0,
2.454082496598E0));
#5882=VERTEX_POINT('',#5881);
#5883=CARTESIAN_POINT('',(4.716081635616E-2,-6.305119346323E0,
2.454082496598E0));
#5884=VERTEX_POINT('',#5883);
#5885=CARTESIAN_POINT('',(4.716081635616E-2,-6.255119346323E0,
2.792497144192E0));
#5886=VERTEX_POINT('',#5885);
#5887=CARTESIAN_POINT('',(4.716081635616E-2,-6.305119346323E0,
2.792497144192E0));
#5888=VERTEX_POINT('',#5887);
#5889=CARTESIAN_POINT('',(-2.781059648610E-1,-6.255119346323E0,
2.369478834700E0));
#5890=CARTESIAN_POINT('',(4.716081635616E-2,-6.255119346323E0,
2.369478834700E0));
#5891=VERTEX_POINT('',#5889);
#5892=VERTEX_POINT('',#5890);
#5893=CARTESIAN_POINT('',(4.716081635616E-2,-6.305119346323E0,
2.369478834700E0));
#5894=VERTEX_POINT('',#5893);
#5895=CARTESIAN_POINT('',(-2.781059648610E-1,-6.305119346323E0,
2.369478834700E0));
#5896=VERTEX_POINT('',#5895);
#5897=CARTESIAN_POINT('',(-2.781059648612E-1,-6.255119346323E0,
2.454082496599E0));
#5898=VERTEX_POINT('',#5897);
#5899=CARTESIAN_POINT('',(-2.781059648612E-1,-6.305119346323E0,
2.454082496598E0));
#5900=VERTEX_POINT('',#5899);
#5901=CARTESIAN_POINT('',(6.373856091722E-2,-6.255119346323E0,
2.939981906150E0));
#5902=VERTEX_POINT('',#5901);
#5903=CARTESIAN_POINT('',(6.373856091759E-2,-6.305119346323E0,
2.939981906150E0));
#5904=VERTEX_POINT('',#5903);
#5905=CARTESIAN_POINT('',(1.391958809890E-1,-6.255119346323E0,
2.939981906150E0));
#5906=VERTEX_POINT('',#5905);
#5907=CARTESIAN_POINT('',(1.391958809890E-1,-6.305119346323E0,
2.939981906150E0));
#5908=VERTEX_POINT('',#5907);
#5909=CARTESIAN_POINT('',(1.391958809890E-1,-6.255119346323E0,
2.454082496598E0));
#5910=VERTEX_POINT('',#5909);
#5911=CARTESIAN_POINT('',(1.391958809890E-1,-6.305119346323E0,
2.454082496598E0));
#5912=VERTEX_POINT('',#5911);
#5913=CARTESIAN_POINT('',(2.403772874490E-1,-6.255119346323E0,
2.454082496598E0));
#5914=VERTEX_POINT('',#5913);
#5915=CARTESIAN_POINT('',(2.403772874490E-1,-6.305119346323E0,
2.454082496598E0));
#5916=VERTEX_POINT('',#5915);
#5917=CARTESIAN_POINT('',(2.403772874490E-1,-6.255119346323E0,
2.369478834700E0));
#5918=VERTEX_POINT('',#5917);
#5919=CARTESIAN_POINT('',(2.403772874490E-1,-6.305119346323E0,
2.369478834700E0));
#5920=VERTEX_POINT('',#5919);
#5921=CARTESIAN_POINT('',(1.391958809890E-1,-6.255119346323E0,
2.369478834700E0));
#5922=VERTEX_POINT('',#5921);
#5923=CARTESIAN_POINT('',(1.391958809890E-1,-6.305119346323E0,
2.369478834700E0));
#5924=VERTEX_POINT('',#5923);
#5925=CARTESIAN_POINT('',(1.391958809890E-1,-6.255119346323E0,
2.189981876348E0));
#5926=VERTEX_POINT('',#5925);
#5927=CARTESIAN_POINT('',(1.391958809890E-1,-6.305119346323E0,
2.189981876348E0));
#5928=VERTEX_POINT('',#5927);
#5929=CARTESIAN_POINT('',(4.716081635616E-2,-6.255119346323E0,
2.189981876348E0));
#5930=VERTEX_POINT('',#5929);
#5931=CARTESIAN_POINT('',(4.716081635616E-2,-6.305119346323E0,
2.189981876348E0));
#5932=VERTEX_POINT('',#5931);
#5933=CARTESIAN_POINT('',(-2.759813281208E0,-6.255119346322E0,
8.618552743230E0));
#5934=CARTESIAN_POINT('',(-2.264195883465E0,-6.255119346322E0,
8.618552743230E0));
#5935=VERTEX_POINT('',#5933);
#5936=VERTEX_POINT('',#5934);
#5937=CARTESIAN_POINT('',(-2.264195883465E0,-6.305119346322E0,
8.618552743230E0));
#5938=VERTEX_POINT('',#5937);
#5939=CARTESIAN_POINT('',(-2.759813281208E0,-6.305119346322E0,
8.618552743230E0));
#5940=VERTEX_POINT('',#5939);
#5941=VERTEX_POINT('',#3762);
#5942=VERTEX_POINT('',#5412);
#5943=VERTEX_POINT('',#3754);
#5944=VERTEX_POINT('',#5420);
#5945=VERTEX_POINT('',#3745);
#5946=VERTEX_POINT('',#5429);
#5947=VERTEX_POINT('',#3734);
#5948=VERTEX_POINT('',#5440);
#5949=VERTEX_POINT('',#3725);
#5950=VERTEX_POINT('',#5449);
#5951=CARTESIAN_POINT('',(-2.742663890282E0,-6.255119346322E0,
9.154757032830E0));
#5952=VERTEX_POINT('',#5951);
#5953=CARTESIAN_POINT('',(-2.742663890282E0,-6.305119346322E0,
9.154757032830E0));
#5954=VERTEX_POINT('',#5953);
#5955=VERTEX_POINT('',#3709);
#5956=VERTEX_POINT('',#5465);
#5957=VERTEX_POINT('',#3700);
#5958=VERTEX_POINT('',#5474);
#5959=VERTEX_POINT('',#3691);
#5960=VERTEX_POINT('',#5483);
#5961=VERTEX_POINT('',#3679);
#5962=VERTEX_POINT('',#5495);
#5963=CARTESIAN_POINT('',(-2.264195883465E0,-6.255119346322E0,
8.707157929678E0));
#5964=VERTEX_POINT('',#5963);
#5965=CARTESIAN_POINT('',(-2.264195883465E0,-6.305119346322E0,
8.707157929678E0));
#5966=VERTEX_POINT('',#5965);
#5967=CARTESIAN_POINT('',(6.573924499486E-3,-6.255119346322E0,
9.205061912878E0));
#5968=CARTESIAN_POINT('',(6.573924499487E-3,-6.255119346322E0,
8.618552743230E0));
#5969=VERTEX_POINT('',#5967);
#5970=VERTEX_POINT('',#5968);
#5971=CARTESIAN_POINT('',(6.573924499487E-3,-6.305119346322E0,
8.618552743230E0));
#5972=VERTEX_POINT('',#5971);
#5973=CARTESIAN_POINT('',(6.573924499485E-3,-6.305119346322E0,
9.205061912878E0));
#5974=VERTEX_POINT('',#5973);
#5975=VERTEX_POINT('',#3668);
#5976=VERTEX_POINT('',#5259);
#5977=CARTESIAN_POINT('',(-1.774962047660E-1,-6.255119346322E0,
9.183339351039E0));
#5978=VERTEX_POINT('',#5977);
#5979=CARTESIAN_POINT('',(-1.774962047660E-1,-6.305119346322E0,
9.183339351039E0));
#5980=VERTEX_POINT('',#5979);
#5981=VERTEX_POINT('',#3657);
#5982=VERTEX_POINT('',#5270);
#5983=CARTESIAN_POINT('',(9.860898913224E-2,-6.255119346322E0,
9.371411004854E0));
#5984=VERTEX_POINT('',#5983);
#5985=CARTESIAN_POINT('',(9.860898913224E-2,-6.305119346322E0,
9.371411004854E0));
#5986=VERTEX_POINT('',#5985);
#5987=CARTESIAN_POINT('',(9.860898913224E-2,-6.255119346322E0,
8.618552743230E0));
#5988=VERTEX_POINT('',#5987);
#5989=CARTESIAN_POINT('',(9.860898913224E-2,-6.305119346322E0,
8.618552743230E0));
#5990=VERTEX_POINT('',#5989);
#5991=VERTEX_POINT('',#3505);
#5992=VERTEX_POINT('',#3509);
#5993=CARTESIAN_POINT('',(-2.655201996563E0,-6.305119346323E0,
2.405778361774E0));
#5994=VERTEX_POINT('',#5993);
#5995=VERTEX_POINT('',#4999);
#5996=VERTEX_POINT('',#3648);
#5997=VERTEX_POINT('',#5008);
#5998=VERTEX_POINT('',#3639);
#5999=VERTEX_POINT('',#5017);
#6000=VERTEX_POINT('',#3630);
#6001=VERTEX_POINT('',#5026);
#6002=CARTESIAN_POINT('',(-2.555735529196E0,-6.255119346322E0,
2.631007029261E0));
#6003=VERTEX_POINT('',#6002);
#6004=CARTESIAN_POINT('',(-2.555735529196E0,-6.305119346323E0,
2.631007029261E0));
#6005=VERTEX_POINT('',#6004);
#6006=VERTEX_POINT('',#3615);
#6007=VERTEX_POINT('',#5041);
#6008=VERTEX_POINT('',#3607);
#6009=VERTEX_POINT('',#5049);
#6010=VERTEX_POINT('',#3598);
#6011=VERTEX_POINT('',#5058);
#6012=VERTEX_POINT('',#3589);
#6013=VERTEX_POINT('',#5067);
#6014=CARTESIAN_POINT('',(-2.738090719369E0,-6.255119346323E0,
2.753339351195E0));
#6015=VERTEX_POINT('',#6014);
#6016=CARTESIAN_POINT('',(-2.738090719369E0,-6.305119346323E0,
2.753339351195E0));
#6017=VERTEX_POINT('',#6016);
#6018=VERTEX_POINT('',#3573);
#6019=VERTEX_POINT('',#5083);
#6020=VERTEX_POINT('',#3564);
#6021=VERTEX_POINT('',#5092);
#6022=VERTEX_POINT('',#3554);
#6023=VERTEX_POINT('',#5102);
#6024=VERTEX_POINT('',#3545);
#6025=VERTEX_POINT('',#5111);
#6026=VERTEX_POINT('',#3536);
#6027=VERTEX_POINT('',#5120);
#6028=VERTEX_POINT('',#3525);
#6029=VERTEX_POINT('',#5131);
#6030=CARTESIAN_POINT('',(-3.9E0,-6.255119346322E0,9.669981891249E0));
#6031=CARTESIAN_POINT('',(-5.475E0,-6.255119346322E0,7.816876659483E0));
#6032=VERTEX_POINT('',#6030);
#6033=VERTEX_POINT('',#6031);
#6034=CARTESIAN_POINT('',(-5.475E0,-6.255119346322E0,6.819981891249E0));
#6035=VERTEX_POINT('',#6034);
#6036=CARTESIAN_POINT('',(-6.05E0,-6.255119346322E0,6.819981891249E0));
#6037=VERTEX_POINT('',#6036);
#6038=CARTESIAN_POINT('',(-6.05E0,-6.255119346322E0,2.819981891249E0));
#6039=VERTEX_POINT('',#6038);
#6040=CARTESIAN_POINT('',(-5.475E0,-6.255119346322E0,2.819981891249E0));
#6041=VERTEX_POINT('',#6040);
#6042=CARTESIAN_POINT('',(-5.475E0,-6.255119346322E0,1.889981891249E0));
#6043=VERTEX_POINT('',#6042);
#6044=CARTESIAN_POINT('',(2.975E0,-6.255119346322E0,1.889981891249E0));
#6045=VERTEX_POINT('',#6044);
#6046=CARTESIAN_POINT('',(2.975E0,-6.255119346323E0,2.819981891249E0));
#6047=VERTEX_POINT('',#6046);
#6048=CARTESIAN_POINT('',(3.55E0,-6.255119346322E0,2.819981891249E0));
#6049=VERTEX_POINT('',#6048);
#6050=CARTESIAN_POINT('',(3.55E0,-6.255119346322E0,6.819981891249E0));
#6051=VERTEX_POINT('',#6050);
#6052=CARTESIAN_POINT('',(2.975E0,-6.255119346322E0,6.819981891249E0));
#6053=VERTEX_POINT('',#6052);
#6054=CARTESIAN_POINT('',(2.975E0,-6.255119346322E0,7.816876659482E0));
#6055=VERTEX_POINT('',#6054);
#6056=CARTESIAN_POINT('',(1.4E0,-6.255119346322E0,9.669981891249E0));
#6057=VERTEX_POINT('',#6056);
#6058=CARTESIAN_POINT('',(6.5E-1,-6.255119346322E0,3.239981891249E0));
#6059=CARTESIAN_POINT('',(6.5E-1,-6.255119346322E0,4.189981891249E0));
#6060=VERTEX_POINT('',#6058);
#6061=VERTEX_POINT('',#6059);
#6062=CARTESIAN_POINT('',(-6.5E-1,-6.255119346322E0,3.239981891249E0));
#6063=VERTEX_POINT('',#6062);
#6064=CARTESIAN_POINT('',(-6.5E-1,-6.255119346322E0,4.189981891249E0));
#6065=VERTEX_POINT('',#6064);
#6066=CARTESIAN_POINT('',(-1.85E0,-6.255119346322E0,4.189981891249E0));
#6067=VERTEX_POINT('',#6066);
#6068=CARTESIAN_POINT('',(-1.85E0,-6.255119346322E0,3.239981891249E0));
#6069=VERTEX_POINT('',#6068);
#6070=CARTESIAN_POINT('',(-3.15E0,-6.255119346322E0,3.239981891249E0));
#6071=VERTEX_POINT('',#6070);
#6072=CARTESIAN_POINT('',(-3.15E0,-6.255119346322E0,4.189981891249E0));
#6073=VERTEX_POINT('',#6072);
#6074=CARTESIAN_POINT('',(-4.05E0,-6.255119346322E0,4.189981891249E0));
#6075=VERTEX_POINT('',#6074);
#6076=CARTESIAN_POINT('',(-4.05E0,-6.255119346322E0,7.369981891249E0));
#6077=VERTEX_POINT('',#6076);
#6078=CARTESIAN_POINT('',(-3.15E0,-6.255119346322E0,7.369981891249E0));
#6079=VERTEX_POINT('',#6078);
#6080=CARTESIAN_POINT('',(-3.15E0,-6.255119346322E0,8.319981891249E0));
#6081=VERTEX_POINT('',#6080);
#6082=CARTESIAN_POINT('',(-1.85E0,-6.255119346322E0,8.319981891249E0));
#6083=VERTEX_POINT('',#6082);
#6084=CARTESIAN_POINT('',(-1.85E0,-6.255119346322E0,7.369981891249E0));
#6085=VERTEX_POINT('',#6084);
#6086=CARTESIAN_POINT('',(-6.5E-1,-6.255119346322E0,7.369981891249E0));
#6087=VERTEX_POINT('',#6086);
#6088=CARTESIAN_POINT('',(-6.5E-1,-6.255119346322E0,8.319981891249E0));
#6089=VERTEX_POINT('',#6088);
#6090=CARTESIAN_POINT('',(6.5E-1,-6.255119346322E0,8.319981891249E0));
#6091=VERTEX_POINT('',#6090);
#6092=CARTESIAN_POINT('',(6.5E-1,-6.255119346322E0,7.369981891249E0));
#6093=VERTEX_POINT('',#6092);
#6094=CARTESIAN_POINT('',(1.55E0,-6.255119346322E0,7.369981891249E0));
#6095=VERTEX_POINT('',#6094);
#6096=CARTESIAN_POINT('',(1.55E0,-6.255119346322E0,4.189981891249E0));
#6097=VERTEX_POINT('',#6096);
#6098=CARTESIAN_POINT('',(-2.E0,1.024880653677E0,8.849818912490E-1));
#6099=CARTESIAN_POINT('',(-2.E0,-2.125119346323E0,8.849818912490E-1));
#6100=VERTEX_POINT('',#6098);
#6101=VERTEX_POINT('',#6099);
#6102=CARTESIAN_POINT('',(-1.95E0,-2.125119346323E0,8.849818912491E-1));
#6103=VERTEX_POINT('',#6102);
#6104=CARTESIAN_POINT('',(-1.95E0,1.024880653677E0,8.849818912490E-1));
#6105=VERTEX_POINT('',#6104);
#6106=CARTESIAN_POINT('',(-3.E0,-2.125119346323E0,8.849818912491E-1));
#6107=CARTESIAN_POINT('',(-3.E0,1.024880653677E0,8.849818912490E-1));
#6108=VERTEX_POINT('',#6106);
#6109=VERTEX_POINT('',#6107);
#6110=CARTESIAN_POINT('',(-3.05E0,1.024880653677E0,8.849818912490E-1));
#6111=VERTEX_POINT('',#6110);
#6112=CARTESIAN_POINT('',(-3.05E0,-2.125119346323E0,8.849818912491E-1));
#6113=VERTEX_POINT('',#6112);
#6114=CARTESIAN_POINT('',(-2.E0,-2.125119346323E0,2.384981891249E0));
#6115=CARTESIAN_POINT('',(-2.E0,1.024880653677E0,2.384981891249E0));
#6116=VERTEX_POINT('',#6114);
#6117=VERTEX_POINT('',#6115);
#6118=CARTESIAN_POINT('',(-1.95E0,1.024880653677E0,2.384981891249E0));
#6119=VERTEX_POINT('',#6118);
#6120=CARTESIAN_POINT('',(-1.95E0,-2.125119346323E0,2.384981891249E0));
#6121=VERTEX_POINT('',#6120);
#6122=CARTESIAN_POINT('',(-1.85E0,-2.125119346323E0,9.849818912491E-1));
#6123=VERTEX_POINT('',#6122);
#6124=CARTESIAN_POINT('',(-1.85E0,1.024880653677E0,9.849818912487E-1));
#6125=VERTEX_POINT('',#6124);
#6126=CARTESIAN_POINT('',(-3.15E0,-2.125119346323E0,9.849818912491E-1));
#6127=VERTEX_POINT('',#6126);
#6128=CARTESIAN_POINT('',(-3.15E0,1.024880653677E0,9.849818912487E-1));
#6129=VERTEX_POINT('',#6128);
#6130=CARTESIAN_POINT('',(-3.15E0,-2.125119346323E0,2.284981891249E0));
#6131=VERTEX_POINT('',#6130);
#6132=CARTESIAN_POINT('',(-3.15E0,1.024880653677E0,2.284981891249E0));
#6133=VERTEX_POINT('',#6132);
#6134=CARTESIAN_POINT('',(-3.05E0,-2.125119346323E0,2.384981891249E0));
#6135=VERTEX_POINT('',#6134);
#6136=CARTESIAN_POINT('',(-3.05E0,1.024880653677E0,2.384981891249E0));
#6137=VERTEX_POINT('',#6136);
#6138=CARTESIAN_POINT('',(-3.E0,1.024880653677E0,2.384981891249E0));
#6139=CARTESIAN_POINT('',(-3.E0,-2.125119346323E0,2.384981891249E0));
#6140=VERTEX_POINT('',#6138);
#6141=VERTEX_POINT('',#6139);
#6142=CARTESIAN_POINT('',(-1.85E0,-2.125119346323E0,2.284981891249E0));
#6143=VERTEX_POINT('',#6142);
#6144=CARTESIAN_POINT('',(-1.85E0,1.024880653677E0,2.284981891249E0));
#6145=VERTEX_POINT('',#6144);
#6146=CARTESIAN_POINT('',(5.E-1,-2.125119346323E0,2.384981891249E0));
#6147=CARTESIAN_POINT('',(5.E-1,1.024880653677E0,2.384981891249E0));
#6148=VERTEX_POINT('',#6146);
#6149=VERTEX_POINT('',#6147);
#6150=CARTESIAN_POINT('',(5.5E-1,1.024880653677E0,2.384981891249E0));
#6151=VERTEX_POINT('',#6150);
#6152=CARTESIAN_POINT('',(5.5E-1,-2.125119346323E0,2.384981891249E0));
#6153=VERTEX_POINT('',#6152);
#6154=CARTESIAN_POINT('',(5.E-1,1.024880653677E0,8.849818912490E-1));
#6155=CARTESIAN_POINT('',(5.E-1,-2.125119346323E0,8.849818912490E-1));
#6156=VERTEX_POINT('',#6154);
#6157=VERTEX_POINT('',#6155);
#6158=CARTESIAN_POINT('',(5.5E-1,-2.125119346323E0,8.849818912491E-1));
#6159=VERTEX_POINT('',#6158);
#6160=CARTESIAN_POINT('',(5.5E-1,1.024880653677E0,8.849818912490E-1));
#6161=VERTEX_POINT('',#6160);
#6162=CARTESIAN_POINT('',(-5.E-1,-2.125119346323E0,8.849818912491E-1));
#6163=CARTESIAN_POINT('',(-5.E-1,1.024880653677E0,8.849818912490E-1));
#6164=VERTEX_POINT('',#6162);
#6165=VERTEX_POINT('',#6163);
#6166=CARTESIAN_POINT('',(-5.5E-1,1.024880653677E0,8.849818912490E-1));
#6167=VERTEX_POINT('',#6166);
#6168=CARTESIAN_POINT('',(-5.5E-1,-2.125119346323E0,8.849818912491E-1));
#6169=VERTEX_POINT('',#6168);
#6170=CARTESIAN_POINT('',(-5.E-1,1.024880653677E0,2.384981891249E0));
#6171=CARTESIAN_POINT('',(-5.E-1,-2.125119346323E0,2.384981891249E0));
#6172=VERTEX_POINT('',#6170);
#6173=VERTEX_POINT('',#6171);
#6174=CARTESIAN_POINT('',(-5.5E-1,-2.125119346323E0,2.384981891249E0));
#6175=VERTEX_POINT('',#6174);
#6176=CARTESIAN_POINT('',(-5.5E-1,1.024880653677E0,2.384981891249E0));
#6177=VERTEX_POINT('',#6176);
#6178=CARTESIAN_POINT('',(-6.5E-1,-2.125119346323E0,2.284981891249E0));
#6179=VERTEX_POINT('',#6178);
#6180=CARTESIAN_POINT('',(-6.5E-1,1.024880653677E0,2.284981891249E0));
#6181=VERTEX_POINT('',#6180);
#6182=CARTESIAN_POINT('',(-6.5E-1,-2.125119346323E0,9.849818912491E-1));
#6183=VERTEX_POINT('',#6182);
#6184=CARTESIAN_POINT('',(-6.5E-1,1.024880653677E0,9.849818912490E-1));
#6185=VERTEX_POINT('',#6184);
#6186=CARTESIAN_POINT('',(6.5E-1,-2.125119346323E0,9.849818912491E-1));
#6187=VERTEX_POINT('',#6186);
#6188=CARTESIAN_POINT('',(6.5E-1,1.024880653677E0,9.849818912490E-1));
#6189=VERTEX_POINT('',#6188);
#6190=CARTESIAN_POINT('',(6.5E-1,-2.125119346323E0,2.284981891249E0));
#6191=VERTEX_POINT('',#6190);
#6192=CARTESIAN_POINT('',(6.5E-1,1.024880653677E0,2.284981891249E0));
#6193=VERTEX_POINT('',#6192);
#6194=CARTESIAN_POINT('',(-3.E0,1.024880653677E0,2.919981891249E0));
#6195=VERTEX_POINT('',#6194);
#6196=CARTESIAN_POINT('',(-3.E0,-2.125119346323E0,2.919981891249E0));
#6197=VERTEX_POINT('',#6196);
#6198=CARTESIAN_POINT('',(-2.E0,-2.125119346323E0,2.919981891249E0));
#6199=VERTEX_POINT('',#6198);
#6200=CARTESIAN_POINT('',(-2.E0,1.024880653677E0,2.919981891249E0));
#6201=VERTEX_POINT('',#6200);
#6202=CARTESIAN_POINT('',(-5.E-1,1.024880653677E0,2.919981891249E0));
#6203=VERTEX_POINT('',#6202);
#6204=CARTESIAN_POINT('',(-2.E0,-1.375511934632E1,4.814981891249E0));
#6205=CARTESIAN_POINT('',(-2.E0,-1.375511934632E1,4.564981891249E0));
#6206=VERTEX_POINT('',#6204);
#6207=VERTEX_POINT('',#6205);
#6208=CARTESIAN_POINT('',(-2.E0,-1.425511934632E1,4.564981891249E0));
#6209=VERTEX_POINT('',#6208);
#6210=CARTESIAN_POINT('',(-2.E0,-1.425511934632E1,4.814981891249E0));
#6211=VERTEX_POINT('',#6210);
#6212=CARTESIAN_POINT('',(-3.E0,-1.375511934632E1,4.564981891249E0));
#6213=VERTEX_POINT('',#6212);
#6214=CARTESIAN_POINT('',(-3.E0,-1.425511934632E1,4.564981891249E0));
#6215=VERTEX_POINT('',#6214);
#6216=CARTESIAN_POINT('',(-3.E0,-1.375511934632E1,4.814981891249E0));
#6217=VERTEX_POINT('',#6216);
#6218=CARTESIAN_POINT('',(-3.E0,-1.425511934632E1,4.814981891249E0));
#6219=VERTEX_POINT('',#6218);
#6220=CARTESIAN_POINT('',(-3.E0,-1.375511934632E1,6.994981891249E0));
#6221=CARTESIAN_POINT('',(-2.E0,-1.375511934632E1,6.994981891249E0));
#6222=VERTEX_POINT('',#6220);
#6223=VERTEX_POINT('',#6221);
#6224=CARTESIAN_POINT('',(-2.E0,-1.425511934632E1,6.994981891249E0));
#6225=VERTEX_POINT('',#6224);
#6226=CARTESIAN_POINT('',(-3.E0,-1.425511934632E1,6.994981891249E0));
#6227=VERTEX_POINT('',#6226);
#6228=CARTESIAN_POINT('',(-2.E0,-1.375511934632E1,6.744981891249E0));
#6229=VERTEX_POINT('',#6228);
#6230=CARTESIAN_POINT('',(-2.E0,-1.425511934632E1,6.744981891249E0));
#6231=VERTEX_POINT('',#6230);
#6232=CARTESIAN_POINT('',(-3.E0,-1.375511934632E1,6.744981891249E0));
#6233=VERTEX_POINT('',#6232);
#6234=CARTESIAN_POINT('',(-3.E0,-1.425511934632E1,6.744981891249E0));
#6235=VERTEX_POINT('',#6234);
#6236=CARTESIAN_POINT('',(-5.E-1,-1.375511934632E1,4.564981891249E0));
#6237=CARTESIAN_POINT('',(-5.E-1,-1.375511934632E1,4.814981891249E0));
#6238=VERTEX_POINT('',#6236);
#6239=VERTEX_POINT('',#6237);
#6240=CARTESIAN_POINT('',(-5.E-1,-1.425511934632E1,4.814981891249E0));
#6241=VERTEX_POINT('',#6240);
#6242=CARTESIAN_POINT('',(-5.E-1,-1.425511934632E1,4.564981891249E0));
#6243=VERTEX_POINT('',#6242);
#6244=CARTESIAN_POINT('',(5.E-1,-1.375511934632E1,4.814981891249E0));
#6245=VERTEX_POINT('',#6244);
#6246=CARTESIAN_POINT('',(5.E-1,-1.425511934632E1,4.814981891249E0));
#6247=VERTEX_POINT('',#6246);
#6248=CARTESIAN_POINT('',(5.E-1,-1.375511934632E1,4.564981891249E0));
#6249=VERTEX_POINT('',#6248);
#6250=CARTESIAN_POINT('',(5.E-1,-1.425511934632E1,4.564981891249E0));
#6251=VERTEX_POINT('',#6250);
#6252=CARTESIAN_POINT('',(-5.E-1,-1.375511934632E1,6.744981891249E0));
#6253=CARTESIAN_POINT('',(-5.E-1,-1.375511934632E1,6.994981891249E0));
#6254=VERTEX_POINT('',#6252);
#6255=VERTEX_POINT('',#6253);
#6256=CARTESIAN_POINT('',(-5.E-1,-1.425511934632E1,6.994981891249E0));
#6257=VERTEX_POINT('',#6256);
#6258=CARTESIAN_POINT('',(-5.E-1,-1.425511934632E1,6.744981891249E0));
#6259=VERTEX_POINT('',#6258);
#6260=CARTESIAN_POINT('',(5.E-1,-1.375511934632E1,6.994981891249E0));
#6261=VERTEX_POINT('',#6260);
#6262=CARTESIAN_POINT('',(5.E-1,-1.425511934632E1,6.994981891249E0));
#6263=VERTEX_POINT('',#6262);
#6264=CARTESIAN_POINT('',(5.E-1,-1.375511934632E1,6.744981891249E0));
#6265=VERTEX_POINT('',#6264);
#6266=CARTESIAN_POINT('',(5.E-1,-1.425511934632E1,6.744981891249E0));
#6267=VERTEX_POINT('',#6266);
#6268=CARTESIAN_POINT('',(-5.E-1,-2.125119346323E0,2.919981891249E0));
#6269=VERTEX_POINT('',#6268);
#6270=CARTESIAN_POINT('',(5.E-1,-2.125119346323E0,2.919981891249E0));
#6271=VERTEX_POINT('',#6270);
#6272=CARTESIAN_POINT('',(5.E-1,1.024880653677E0,2.919981891249E0));
#6273=VERTEX_POINT('',#6272);
#6274=CARTESIAN_POINT('',(2.65E0,1.024880653677E0,2.919981891249E0));
#6275=VERTEX_POINT('',#6274);
#6276=CARTESIAN_POINT('',(2.65E0,1.024880653677E0,1.066998189125E1));
#6277=VERTEX_POINT('',#6276);
#6278=CARTESIAN_POINT('',(4.1655E0,1.024880653677E0,1.066998189125E1));
#6279=VERTEX_POINT('',#6278);
#6280=CARTESIAN_POINT('',(4.1655E0,1.024880653677E0,6.499818912489E-1));
#6281=VERTEX_POINT('',#6280);
#6282=CARTESIAN_POINT('',(-6.6655E0,1.024880653678E0,1.066998189125E1));
#6283=CARTESIAN_POINT('',(-6.6655E0,1.024880653677E0,6.499818912489E-1));
#6284=VERTEX_POINT('',#6282);
#6285=VERTEX_POINT('',#6283);
#6286=CARTESIAN_POINT('',(-5.15E0,1.024880653678E0,1.066998189125E1));
#6287=VERTEX_POINT('',#6286);
#6288=CARTESIAN_POINT('',(-5.15E0,1.024880653677E0,2.919981891248E0));
#6289=VERTEX_POINT('',#6288);
#6290=CARTESIAN_POINT('',(4.1655E0,-2.019790786324E0,6.499818912489E-1));
#6291=VERTEX_POINT('',#6290);
#6292=CARTESIAN_POINT('',(4.179622386731E0,-2.112291802351E0,
6.499818912490E-1));
#6293=VERTEX_POINT('',#6292);
#6294=CARTESIAN_POINT('',(4.46E0,-3.009119346323E0,6.499818912489E-1));
#6295=VERTEX_POINT('',#6294);
#6296=CARTESIAN_POINT('',(4.46E0,-1.487511934632E1,6.499818912491E-1));
#6297=VERTEX_POINT('',#6296);
#6298=CARTESIAN_POINT('',(-6.96E0,-1.487511934632E1,6.499818912492E-1));
#6299=VERTEX_POINT('',#6298);
#6300=CARTESIAN_POINT('',(-6.96E0,-3.009119346323E0,6.499818912490E-1));
#6301=VERTEX_POINT('',#6300);
#6302=CARTESIAN_POINT('',(-6.679622386734E0,-2.112291802361E0,
6.499818912489E-1));
#6303=VERTEX_POINT('',#6302);
#6304=CARTESIAN_POINT('',(-6.6655E0,-2.019790786324E0,6.499818912490E-1));
#6305=VERTEX_POINT('',#6304);
#6306=CARTESIAN_POINT('',(-3.15E0,-6.255119346322E0,5.369981891249E0));
#6307=CARTESIAN_POINT('',(-1.85E0,-6.255119346322E0,5.369981891249E0));
#6308=VERTEX_POINT('',#6306);
#6309=VERTEX_POINT('',#6307);
#6310=CARTESIAN_POINT('',(-1.85E0,-1.375511934632E1,5.369981891249E0));
#6311=VERTEX_POINT('',#6310);
#6312=CARTESIAN_POINT('',(-3.15E0,-1.375511934632E1,5.369981891249E0));
#6313=VERTEX_POINT('',#6312);
#6314=CARTESIAN_POINT('',(-1.85E0,-1.375511934632E1,4.189981891249E0));
#6315=CARTESIAN_POINT('',(-3.15E0,-1.375511934632E1,4.189981891249E0));
#6316=VERTEX_POINT('',#6314);
#6317=VERTEX_POINT('',#6315);
#6318=CARTESIAN_POINT('',(-6.5E-1,-6.255119346322E0,5.369981891249E0));
#6319=CARTESIAN_POINT('',(6.5E-1,-6.255119346322E0,5.369981891249E0));
#6320=VERTEX_POINT('',#6318);
#6321=VERTEX_POINT('',#6319);
#6322=CARTESIAN_POINT('',(6.499999999999E-1,-1.375511934632E1,
5.369981891249E0));
#6323=VERTEX_POINT('',#6322);
#6324=CARTESIAN_POINT('',(-6.500000000001E-1,-1.375511934632E1,
5.369981891249E0));
#6325=VERTEX_POINT('',#6324);
#6326=CARTESIAN_POINT('',(-6.500000000001E-1,-1.375511934632E1,
4.189981891249E0));
#6327=VERTEX_POINT('',#6326);
#6328=CARTESIAN_POINT('',(6.499999999999E-1,-1.375511934632E1,
4.189981891249E0));
#6329=VERTEX_POINT('',#6328);
#6330=CARTESIAN_POINT('',(-1.85E0,-6.255119346322E0,6.189981891249E0));
#6331=CARTESIAN_POINT('',(-3.15E0,-6.255119346322E0,6.189981891249E0));
#6332=VERTEX_POINT('',#6330);
#6333=VERTEX_POINT('',#6331);
#6334=CARTESIAN_POINT('',(-3.15E0,-1.375511934632E1,6.189981891249E0));
#6335=VERTEX_POINT('',#6334);
#6336=CARTESIAN_POINT('',(-1.85E0,-1.375511934632E1,6.189981891249E0));
#6337=VERTEX_POINT('',#6336);
#6338=CARTESIAN_POINT('',(-1.85E0,-1.375511934632E1,7.369981891249E0));
#6339=VERTEX_POINT('',#6338);
#6340=CARTESIAN_POINT('',(-3.15E0,-1.375511934632E1,7.369981891249E0));
#6341=VERTEX_POINT('',#6340);
#6342=CARTESIAN_POINT('',(6.5E-1,-6.255119346322E0,6.189981891249E0));
#6343=CARTESIAN_POINT('',(-6.5E-1,-6.255119346322E0,6.189981891249E0));
#6344=VERTEX_POINT('',#6342);
#6345=VERTEX_POINT('',#6343);
#6346=CARTESIAN_POINT('',(-6.500000000001E-1,-1.375511934632E1,
6.189981891249E0));
#6347=VERTEX_POINT('',#6346);
#6348=CARTESIAN_POINT('',(6.499999999999E-1,-1.375511934632E1,
6.189981891249E0));
#6349=VERTEX_POINT('',#6348);
#6350=CARTESIAN_POINT('',(-6.500000000001E-1,-1.375511934632E1,
7.369981891249E0));
#6351=VERTEX_POINT('',#6350);
#6352=CARTESIAN_POINT('',(6.499999999999E-1,-1.375511934632E1,
7.369981891249E0));
#6353=VERTEX_POINT('',#6352);
#6354=CARTESIAN_POINT('',(-4.05E0,-1.457511934632E1,7.369981891249E0));
#6355=VERTEX_POINT('',#6354);
#6356=CARTESIAN_POINT('',(1.55E0,-1.457511934632E1,7.369981891250E0));
#6357=VERTEX_POINT('',#6356);
#6358=CARTESIAN_POINT('',(-6.5E-1,-2.855119346322E0,3.239981891249E0));
#6359=CARTESIAN_POINT('',(-6.5E-1,-2.855119346322E0,8.319981891249E0));
#6360=VERTEX_POINT('',#6358);
#6361=VERTEX_POINT('',#6359);
#6362=CARTESIAN_POINT('',(6.5E-1,-2.855119346322E0,3.239981891249E0));
#6363=VERTEX_POINT('',#6362);
#6364=CARTESIAN_POINT('',(6.5E-1,-2.855119346322E0,8.319981891249E0));
#6365=VERTEX_POINT('',#6364);
#6366=CARTESIAN_POINT('',(-1.85E0,-2.855119346322E0,8.319981891249E0));
#6367=CARTESIAN_POINT('',(-1.85E0,-2.855119346322E0,3.239981891249E0));
#6368=VERTEX_POINT('',#6366);
#6369=VERTEX_POINT('',#6367);
#6370=CARTESIAN_POINT('',(-3.15E0,-2.855119346322E0,3.239981891249E0));
#6371=VERTEX_POINT('',#6370);
#6372=CARTESIAN_POINT('',(-3.15E0,-2.855119346322E0,8.319981891249E0));
#6373=VERTEX_POINT('',#6372);
#6374=CARTESIAN_POINT('',(2.65E0,-2.855119346322E0,1.066998189125E1));
#6375=VERTEX_POINT('',#6374);
#6376=CARTESIAN_POINT('',(2.65E0,-2.855119346322E0,2.919981891249E0));
#6377=VERTEX_POINT('',#6376);
#6378=CARTESIAN_POINT('',(-5.15E0,-2.855119346322E0,1.066998189125E1));
#6379=VERTEX_POINT('',#6378);
#6380=CARTESIAN_POINT('',(-5.15E0,-2.855119346322E0,2.919981891249E0));
#6381=VERTEX_POINT('',#6380);
#6382=CARTESIAN_POINT('',(-3.626E0,-1.487511934632E1,4.613981891249E0));
#6383=CARTESIAN_POINT('',(-4.05E0,-1.457511934632E1,4.189981891249E0));
#6384=VERTEX_POINT('',#6382);
#6385=VERTEX_POINT('',#6383);
#6386=CARTESIAN_POINT('',(-3.626E0,-1.487511934632E1,6.945981891249E0));
#6387=VERTEX_POINT('',#6386);
#6388=CARTESIAN_POINT('',(1.126E0,-1.487511934632E1,4.613981891249E0));
#6389=VERTEX_POINT('',#6388);
#6390=CARTESIAN_POINT('',(1.126E0,-1.487511934632E1,6.945981891250E0));
#6391=VERTEX_POINT('',#6390);
#6392=CARTESIAN_POINT('',(1.55E0,-1.457511934632E1,4.189981891249E0));
#6393=VERTEX_POINT('',#6392);
#6394=CARTESIAN_POINT('',(2.975E0,-1.445111934632E1,2.819981891249E0));
#6395=CARTESIAN_POINT('',(3.275000000001E0,-1.487511934632E1,2.819981891249E0));
#6396=VERTEX_POINT('',#6394);
#6397=VERTEX_POINT('',#6395);
#6398=CARTESIAN_POINT('',(2.975E0,-1.445111934632E1,1.889981891248E0));
#6399=VERTEX_POINT('',#6398);
#6400=CARTESIAN_POINT('',(3.275000000001E0,-1.487511934632E1,1.589981891248E0));
#6401=VERTEX_POINT('',#6400);
#6402=CARTESIAN_POINT('',(3.55E0,-1.487511934632E1,2.819981891249E0));
#6403=VERTEX_POINT('',#6402);
#6404=CARTESIAN_POINT('',(4.46E0,-1.487511934632E1,1.066998189125E1));
#6405=VERTEX_POINT('',#6404);
#6406=CARTESIAN_POINT('',(-6.96E0,-1.487511934632E1,1.066998189125E1));
#6407=VERTEX_POINT('',#6406);
#6408=CARTESIAN_POINT('',(-5.775E0,-1.487511934632E1,1.589981891249E0));
#6409=VERTEX_POINT('',#6408);
#6410=CARTESIAN_POINT('',(-5.775E0,-1.487511934632E1,2.819981891249E0));
#6411=VERTEX_POINT('',#6410);
#6412=CARTESIAN_POINT('',(-6.05E0,-1.487511934632E1,2.819981891249E0));
#6413=VERTEX_POINT('',#6412);
#6414=CARTESIAN_POINT('',(-6.05E0,-1.487511934632E1,6.819981891249E0));
#6415=VERTEX_POINT('',#6414);
#6416=CARTESIAN_POINT('',(-5.775000000001E0,-1.487511934632E1,
6.819981891249E0));
#6417=VERTEX_POINT('',#6416);
#6418=CARTESIAN_POINT('',(-5.775E0,-1.487511934632E1,7.927142329622E0));
#6419=VERTEX_POINT('',#6418);
#6420=CARTESIAN_POINT('',(-4.038740097212E0,-1.487511934632E1,
9.969981891249E0));
#6421=VERTEX_POINT('',#6420);
#6422=CARTESIAN_POINT('',(1.538740097212E0,-1.487511934632E1,9.969981891249E0));
#6423=VERTEX_POINT('',#6422);
#6424=CARTESIAN_POINT('',(3.275E0,-1.487511934632E1,7.927142329622E0));
#6425=VERTEX_POINT('',#6424);
#6426=CARTESIAN_POINT('',(3.275E0,-1.487511934632E1,6.819981891249E0));
#6427=VERTEX_POINT('',#6426);
#6428=CARTESIAN_POINT('',(3.55E0,-1.487511934632E1,6.819981891249E0));
#6429=VERTEX_POINT('',#6428);
#6430=CARTESIAN_POINT('',(2.975E0,-1.445111934632E1,6.819981891249E0));
#6431=VERTEX_POINT('',#6430);
#6432=CARTESIAN_POINT('',(2.975E0,-1.445111934632E1,7.816876659483E0));
#6433=VERTEX_POINT('',#6432);
#6434=CARTESIAN_POINT('',(1.4E0,-1.445111934632E1,9.669981891249E0));
#6435=VERTEX_POINT('',#6434);
#6436=CARTESIAN_POINT('',(-3.9E0,-1.445111934632E1,9.669981891249E0));
#6437=VERTEX_POINT('',#6436);
#6438=CARTESIAN_POINT('',(-5.475E0,-1.445111934632E1,7.816876659483E0));
#6439=VERTEX_POINT('',#6438);
#6440=CARTESIAN_POINT('',(-5.475E0,-1.445111934632E1,6.819981891249E0));
#6441=VERTEX_POINT('',#6440);
#6442=CARTESIAN_POINT('',(-5.475E0,-1.445111934632E1,2.819981891249E0));
#6443=VERTEX_POINT('',#6442);
#6444=CARTESIAN_POINT('',(-5.475E0,-1.445111934632E1,1.889981891249E0));
#6445=VERTEX_POINT('',#6444);
#6446=CARTESIAN_POINT('',(-6.679622386734E0,-2.112291802362E0,
1.066998189125E1));
#6447=CARTESIAN_POINT('',(-6.96E0,-3.009119346322E0,1.066998189125E1));
#6448=VERTEX_POINT('',#6446);
#6449=VERTEX_POINT('',#6447);
#6450=CARTESIAN_POINT('',(-6.6655E0,-2.019790786323E0,1.066998189125E1));
#6451=VERTEX_POINT('',#6450);
#6452=CARTESIAN_POINT('',(4.1655E0,-2.019790786323E0,1.066998189125E1));
#6453=VERTEX_POINT('',#6452);
#6454=CARTESIAN_POINT('',(4.179622386733E0,-2.112291802358E0,1.066998189125E1));
#6455=VERTEX_POINT('',#6454);
#6456=CARTESIAN_POINT('',(4.46E0,-3.009119346322E0,1.066998189125E1));
#6457=VERTEX_POINT('',#6456);
#6458=CARTESIAN_POINT('',(-3.E0,1.024880653677E0,6.499818912488E-1));
#6459=CARTESIAN_POINT('',(-3.E0,-2.125119346323E0,6.499818912489E-1));
#6460=VERTEX_POINT('',#6458);
#6461=VERTEX_POINT('',#6459);
#6462=CARTESIAN_POINT('',(-5.E-1,1.024880653677E0,6.499818912488E-1));
#6463=CARTESIAN_POINT('',(-2.E0,1.024880653677E0,6.499818912488E-1));
#6464=VERTEX_POINT('',#6462);
#6465=VERTEX_POINT('',#6463);
#6466=CARTESIAN_POINT('',(-5.E-1,-2.125119346323E0,6.499818912489E-1));
#6467=VERTEX_POINT('',#6466);
#6468=CARTESIAN_POINT('',(5.E-1,-2.125119346323E0,6.499818912489E-1));
#6469=CARTESIAN_POINT('',(5.E-1,1.024880653677E0,6.499818912488E-1));
#6470=VERTEX_POINT('',#6468);
#6471=VERTEX_POINT('',#6469);
#6472=CARTESIAN_POINT('',(-2.E0,-2.125119346323E0,6.499818912489E-1));
#6473=VERTEX_POINT('',#6472);
#6474=CARTESIAN_POINT('',(2.975E0,-1.487511934632E1,7.816876659483E0));
#6475=DIRECTION('',(1.E0,-1.511063783167E-14,0.E0));
#6476=DIRECTION('',(0.E0,-2.636291895114E-14,-1.E0));
#6477=AXIS2_PLACEMENT_3D('',#6474,#6475,#6476);
#6478=PLANE('',#6477);
#6480=ORIENTED_EDGE('',*,*,#6479,.F.);
#6482=ORIENTED_EDGE('',*,*,#6481,.T.);
#6484=ORIENTED_EDGE('',*,*,#6483,.T.);
#6486=ORIENTED_EDGE('',*,*,#6485,.T.);
#6487=EDGE_LOOP('',(#6480,#6482,#6484,#6486));
#6488=FACE_OUTER_BOUND('',#6487,.F.);
#6489=ADVANCED_FACE('',(#6488),#6478,.F.);
#6490=FILL_AREA_STYLE_COLOUR('',#2316);
#6491=FILL_AREA_STYLE('',(#6490));
#6492=SURFACE_STYLE_FILL_AREA(#6491);
#6493=SURFACE_SIDE_STYLE('',(#6492));
#6494=SURFACE_STYLE_USAGE(.BOTH.,#6493);
#6495=PRESENTATION_STYLE_ASSIGNMENT((#6494));
#6496=OVER_RIDING_STYLED_ITEM('',(#6495),#6489,#2317);
#6497=CARTESIAN_POINT('',(3.125E0,-1.466311934632E1,4.233429275366E0));
#6498=DIRECTION('',(-8.163270752817E-1,-5.775899117558E-1,1.520658053601E-14));
#6499=DIRECTION('',(0.E0,2.636291895114E-14,1.E0));
#6500=AXIS2_PLACEMENT_3D('',#6497,#6498,#6499);
#6501=PLANE('',#6500);
#6503=ORIENTED_EDGE('',*,*,#6502,.T.);
#6504=ORIENTED_EDGE('',*,*,#6479,.T.);
#6506=ORIENTED_EDGE('',*,*,#6505,.F.);
#6508=ORIENTED_EDGE('',*,*,#6507,.T.);
#6509=EDGE_LOOP('',(#6503,#6504,#6506,#6508));
#6510=FACE_OUTER_BOUND('',#6509,.F.);
#6511=ADVANCED_FACE('',(#6510),#6501,.T.);
#6512=FILL_AREA_STYLE_COLOUR('',#2316);
#6513=FILL_AREA_STYLE('',(#6512));
#6514=SURFACE_STYLE_FILL_AREA(#6513);
#6515=SURFACE_SIDE_STYLE('',(#6514));
#6516=SURFACE_STYLE_USAGE(.BOTH.,#6515);
#6517=PRESENTATION_STYLE_ASSIGNMENT((#6516));
#6518=OVER_RIDING_STYLED_ITEM('',(#6517),#6511,#2317);
#6519=CARTESIAN_POINT('',(2.975E0,-6.255119346322E0,6.819981891249E0));
#6520=DIRECTION('',(0.E0,2.649171512569E-14,1.E0));
#6521=DIRECTION('',(-1.511063783167E-14,-1.E0,2.649171512569E-14));
#6522=AXIS2_PLACEMENT_3D('',#6519,#6520,#6521);
#6523=PLANE('',#6522);
#6524=ORIENTED_EDGE('',*,*,#6502,.F.);
#6526=ORIENTED_EDGE('',*,*,#6525,.F.);
#6528=ORIENTED_EDGE('',*,*,#6527,.T.);
#6530=ORIENTED_EDGE('',*,*,#6529,.T.);
#6531=ORIENTED_EDGE('',*,*,#6481,.F.);
#6532=EDGE_LOOP('',(#6524,#6526,#6528,#6530,#6531));
#6533=FACE_OUTER_BOUND('',#6532,.F.);
#6534=ADVANCED_FACE('',(#6533),#6523,.F.);
#6535=FILL_AREA_STYLE_COLOUR('',#2316);
#6536=FILL_AREA_STYLE('',(#6535));
#6537=SURFACE_STYLE_FILL_AREA(#6536);
#6538=SURFACE_SIDE_STYLE('',(#6537));
#6539=SURFACE_STYLE_USAGE(.BOTH.,#6538);
#6540=PRESENTATION_STYLE_ASSIGNMENT((#6539));
#6541=OVER_RIDING_STYLED_ITEM('',(#6540),#6534,#2317);
#6542=CARTESIAN_POINT('',(-6.96E0,-1.487511934632E1,6.499818912490E-1));
#6543=DIRECTION('',(-1.510939723805E-14,-1.E0,2.636291895114E-14));
#6544=DIRECTION('',(1.E0,-1.510939723805E-14,0.E0));
#6545=AXIS2_PLACEMENT_3D('',#6542,#6543,#6544);
#6546=PLANE('',#6545);
#6548=ORIENTED_EDGE('',*,*,#6547,.T.);
#6550=ORIENTED_EDGE('',*,*,#6549,.F.);
#6552=ORIENTED_EDGE('',*,*,#6551,.F.);
#6554=ORIENTED_EDGE('',*,*,#6553,.T.);
#6555=EDGE_LOOP('',(#6548,#6550,#6552,#6554));
#6556=FACE_OUTER_BOUND('',#6555,.F.);
#6558=ORIENTED_EDGE('',*,*,#6557,.F.);
#6560=ORIENTED_EDGE('',*,*,#6559,.T.);
#6562=ORIENTED_EDGE('',*,*,#6561,.T.);
#6563=ORIENTED_EDGE('',*,*,#6525,.T.);
#6564=ORIENTED_EDGE('',*,*,#6507,.F.);
#6566=ORIENTED_EDGE('',*,*,#6565,.F.);
#6568=ORIENTED_EDGE('',*,*,#6567,.F.);
#6570=ORIENTED_EDGE('',*,*,#6569,.F.);
#6572=ORIENTED_EDGE('',*,*,#6571,.F.);
#6574=ORIENTED_EDGE('',*,*,#6573,.T.);
#6576=ORIENTED_EDGE('',*,*,#6575,.T.);
#6578=ORIENTED_EDGE('',*,*,#6577,.T.);
#6580=ORIENTED_EDGE('',*,*,#6579,.F.);
#6582=ORIENTED_EDGE('',*,*,#6581,.F.);
#6583=EDGE_LOOP('',(#6558,#6560,#6562,#6563,#6564,#6566,#6568,#6570,#6572,#6574,
#6576,#6578,#6580,#6582));
#6584=FACE_BOUND('',#6583,.F.);
#6585=ADVANCED_FACE('',(#6556,#6584),#6546,.T.);
#6586=FILL_AREA_STYLE_COLOUR('',#2316);
#6587=FILL_AREA_STYLE('',(#6586));
#6588=SURFACE_STYLE_FILL_AREA(#6587);
#6589=SURFACE_SIDE_STYLE('',(#6588));
#6590=SURFACE_STYLE_USAGE(.BOTH.,#6589);
#6591=PRESENTATION_STYLE_ASSIGNMENT((#6590));
#6592=OVER_RIDING_STYLED_ITEM('',(#6591),#6585,#2317);
#6593=CARTESIAN_POINT('',(-1.25E0,-6.925119346323E0,6.499818912490E-1));
#6594=DIRECTION('',(0.E0,2.636291895114E-14,1.E0));
#6595=DIRECTION('',(1.530383209350E-14,1.E0,-2.636291895114E-14));
#6596=AXIS2_PLACEMENT_3D('',#6593,#6594,#6595);
#6597=PLANE('',#6596);
#6599=ORIENTED_EDGE('',*,*,#6598,.T.);
#6601=ORIENTED_EDGE('',*,*,#6600,.F.);
#6603=ORIENTED_EDGE('',*,*,#6602,.F.);
#6605=ORIENTED_EDGE('',*,*,#6604,.F.);
#6607=ORIENTED_EDGE('',*,*,#6606,.T.);
#6609=ORIENTED_EDGE('',*,*,#6608,.F.);
#6611=ORIENTED_EDGE('',*,*,#6610,.F.);
#6613=ORIENTED_EDGE('',*,*,#6612,.F.);
#6615=ORIENTED_EDGE('',*,*,#6614,.T.);
#6617=ORIENTED_EDGE('',*,*,#6616,.T.);
#6619=ORIENTED_EDGE('',*,*,#6618,.F.);
#6621=ORIENTED_EDGE('',*,*,#6620,.F.);
#6623=ORIENTED_EDGE('',*,*,#6622,.F.);
#6624=ORIENTED_EDGE('',*,*,#6547,.F.);
#6626=ORIENTED_EDGE('',*,*,#6625,.F.);
#6628=ORIENTED_EDGE('',*,*,#6627,.F.);
#6630=ORIENTED_EDGE('',*,*,#6629,.F.);
#6632=ORIENTED_EDGE('',*,*,#6631,.T.);
#6633=EDGE_LOOP('',(#6599,#6601,#6603,#6605,#6607,#6609,#6611,#6613,#6615,#6617,
#6619,#6621,#6623,#6624,#6626,#6628,#6630,#6632));
#6634=FACE_OUTER_BOUND('',#6633,.F.);
#6635=ADVANCED_FACE('',(#6634),#6597,.F.);
#6636=FILL_AREA_STYLE_COLOUR('',#2316);
#6637=FILL_AREA_STYLE('',(#6636));
#6638=SURFACE_STYLE_FILL_AREA(#6637);
#6639=SURFACE_SIDE_STYLE('',(#6638));
#6640=SURFACE_STYLE_USAGE(.BOTH.,#6639);
#6641=PRESENTATION_STYLE_ASSIGNMENT((#6640));
#6642=OVER_RIDING_STYLED_ITEM('',(#6641),#6635,#2317);
#6643=CARTESIAN_POINT('',(4.46E0,1.024880653677E0,6.499818912490E-1));
#6644=DIRECTION('',(1.530383209350E-14,1.E0,-2.636291895114E-14));
#6645=DIRECTION('',(-1.E0,1.530383209350E-14,0.E0));
#6646=AXIS2_PLACEMENT_3D('',#6643,#6644,#6645);
#6647=PLANE('',#6646);
#6648=ORIENTED_EDGE('',*,*,#6598,.F.);
#6650=ORIENTED_EDGE('',*,*,#6649,.T.);
#6652=ORIENTED_EDGE('',*,*,#6651,.F.);
#6654=ORIENTED_EDGE('',*,*,#6653,.T.);
#6656=ORIENTED_EDGE('',*,*,#6655,.T.);
#6658=ORIENTED_EDGE('',*,*,#6657,.T.);
#6660=ORIENTED_EDGE('',*,*,#6659,.T.);
#6662=ORIENTED_EDGE('',*,*,#6661,.F.);
#6664=ORIENTED_EDGE('',*,*,#6663,.T.);
#6666=ORIENTED_EDGE('',*,*,#6665,.F.);
#6668=ORIENTED_EDGE('',*,*,#6667,.T.);
#6670=ORIENTED_EDGE('',*,*,#6669,.T.);
#6671=EDGE_LOOP('',(#6648,#6650,#6652,#6654,#6656,#6658,#6660,#6662,#6664,#6666,
#6668,#6670));
#6672=FACE_OUTER_BOUND('',#6671,.F.);
#6673=ADVANCED_FACE('',(#6672),#6647,.T.);
#6674=FILL_AREA_STYLE_COLOUR('',#2316);
#6675=FILL_AREA_STYLE('',(#6674));
#6676=SURFACE_STYLE_FILL_AREA(#6675);
#6677=SURFACE_SIDE_STYLE('',(#6676));
#6678=SURFACE_STYLE_USAGE(.BOTH.,#6677);
#6679=PRESENTATION_STYLE_ASSIGNMENT((#6678));
#6680=OVER_RIDING_STYLED_ITEM('',(#6679),#6673,#2317);
#6681=CARTESIAN_POINT('',(4.1655E0,-2.019790786323E0,1.066998189125E1));
#6682=DIRECTION('',(-1.E0,1.530383209350E-14,0.E0));
#6683=DIRECTION('',(1.530383209350E-14,1.E0,-2.636291895114E-14));
#6684=AXIS2_PLACEMENT_3D('',#6681,#6682,#6683);
#6685=PLANE('',#6684);
#6687=ORIENTED_EDGE('',*,*,#6686,.F.);
#6688=ORIENTED_EDGE('',*,*,#6649,.F.);
#6689=ORIENTED_EDGE('',*,*,#6631,.F.);
#6691=ORIENTED_EDGE('',*,*,#6690,.F.);
#6692=EDGE_LOOP('',(#6687,#6688,#6689,#6691));
#6693=FACE_OUTER_BOUND('',#6692,.F.);
#6694=ADVANCED_FACE('',(#6693),#6685,.F.);
#6695=FILL_AREA_STYLE_COLOUR('',#2316);
#6696=FILL_AREA_STYLE('',(#6695));
#6697=SURFACE_STYLE_FILL_AREA(#6696);
#6698=SURFACE_SIDE_STYLE('',(#6697));
#6699=SURFACE_STYLE_USAGE(.BOTH.,#6698);
#6700=PRESENTATION_STYLE_ASSIGNMENT((#6699));
#6701=OVER_RIDING_STYLED_ITEM('',(#6700),#6694,#2317);
#6702=CARTESIAN_POINT('',(-1.25E0,-6.925119346322E0,1.066998189125E1));
#6703=DIRECTION('',(0.E0,2.636291895114E-14,1.E0));
#6704=DIRECTION('',(1.530383209350E-14,1.E0,-2.636291895114E-14));
#6705=AXIS2_PLACEMENT_3D('',#6702,#6703,#6704);
#6706=PLANE('',#6705);
#6708=ORIENTED_EDGE('',*,*,#6707,.T.);
#6710=ORIENTED_EDGE('',*,*,#6709,.T.);
#6712=ORIENTED_EDGE('',*,*,#6711,.T.);
#6713=ORIENTED_EDGE('',*,*,#6651,.T.);
#6714=ORIENTED_EDGE('',*,*,#6686,.T.);
#6716=ORIENTED_EDGE('',*,*,#6715,.F.);
#6718=ORIENTED_EDGE('',*,*,#6717,.F.);
#6720=ORIENTED_EDGE('',*,*,#6719,.T.);
#6721=ORIENTED_EDGE('',*,*,#6551,.T.);
#6723=ORIENTED_EDGE('',*,*,#6722,.T.);
#6725=ORIENTED_EDGE('',*,*,#6724,.F.);
#6727=ORIENTED_EDGE('',*,*,#6726,.F.);
#6729=ORIENTED_EDGE('',*,*,#6728,.T.);
#6731=ORIENTED_EDGE('',*,*,#6730,.T.);
#6732=EDGE_LOOP('',(#6708,#6710,#6712,#6713,#6714,#6716,#6718,#6720,#6721,#6723,
#6725,#6727,#6729,#6731));
#6733=FACE_OUTER_BOUND('',#6732,.F.);
#6734=ADVANCED_FACE('',(#6733),#6706,.T.);
#6735=FILL_AREA_STYLE_COLOUR('',#2316);
#6736=FILL_AREA_STYLE('',(#6735));
#6737=SURFACE_STYLE_FILL_AREA(#6736);
#6738=SURFACE_SIDE_STYLE('',(#6737));
#6739=SURFACE_STYLE_USAGE(.BOTH.,#6738);
#6740=PRESENTATION_STYLE_ASSIGNMENT((#6739));
#6741=OVER_RIDING_STYLED_ITEM('',(#6740),#6734,#2317);
#6742=CARTESIAN_POINT('',(-5.15E0,-2.855119346322E0,1.066998189125E1));
#6743=DIRECTION('',(-1.E0,1.558997204830E-14,0.E0));
#6744=DIRECTION('',(1.558997204830E-14,1.E0,-2.636291895114E-14));
#6745=AXIS2_PLACEMENT_3D('',#6742,#6743,#6744);
#6746=PLANE('',#6745);
#6747=ORIENTED_EDGE('',*,*,#6707,.F.);
#6749=ORIENTED_EDGE('',*,*,#6748,.F.);
#6751=ORIENTED_EDGE('',*,*,#6750,.T.);
#6753=ORIENTED_EDGE('',*,*,#6752,.T.);
#6754=EDGE_LOOP('',(#6747,#6749,#6751,#6753));
#6755=FACE_OUTER_BOUND('',#6754,.F.);
#6756=ADVANCED_FACE('',(#6755),#6746,.F.);
#6757=FILL_AREA_STYLE_COLOUR('',#2316);
#6758=FILL_AREA_STYLE('',(#6757));
#6759=SURFACE_STYLE_FILL_AREA(#6758);
#6760=SURFACE_SIDE_STYLE('',(#6759));
#6761=SURFACE_STYLE_USAGE(.BOTH.,#6760);
#6762=PRESENTATION_STYLE_ASSIGNMENT((#6761));
#6763=OVER_RIDING_STYLED_ITEM('',(#6762),#6756,#2317);
#6764=CARTESIAN_POINT('',(4.46E0,1.024880653677E0,6.499818912490E-1));
#6765=DIRECTION('',(1.530383209350E-14,1.E0,-2.636291895114E-14));
#6766=DIRECTION('',(-1.E0,1.530383209350E-14,0.E0));
#6767=AXIS2_PLACEMENT_3D('',#6764,#6765,#6766);
#6768=PLANE('',#6767);
#6769=ORIENTED_EDGE('',*,*,#6614,.F.);
#6771=ORIENTED_EDGE('',*,*,#6770,.T.);
#6773=ORIENTED_EDGE('',*,*,#6772,.T.);
#6775=ORIENTED_EDGE('',*,*,#6774,.F.);
#6777=ORIENTED_EDGE('',*,*,#6776,.T.);
#6779=ORIENTED_EDGE('',*,*,#6778,.F.);
#6781=ORIENTED_EDGE('',*,*,#6780,.T.);
#6783=ORIENTED_EDGE('',*,*,#6782,.T.);
#6785=ORIENTED_EDGE('',*,*,#6784,.T.);
#6786=ORIENTED_EDGE('',*,*,#6748,.T.);
#6787=ORIENTED_EDGE('',*,*,#6730,.F.);
#6789=ORIENTED_EDGE('',*,*,#6788,.T.);
#6790=EDGE_LOOP('',(#6769,#6771,#6773,#6775,#6777,#6779,#6781,#6783,#6785,#6786,
#6787,#6789));
#6791=FACE_OUTER_BOUND('',#6790,.F.);
#6792=ADVANCED_FACE('',(#6791),#6768,.T.);
#6793=FILL_AREA_STYLE_COLOUR('',#2316);
#6794=FILL_AREA_STYLE('',(#6793));
#6795=SURFACE_STYLE_FILL_AREA(#6794);
#6796=SURFACE_SIDE_STYLE('',(#6795));
#6797=SURFACE_STYLE_USAGE(.BOTH.,#6796);
#6798=PRESENTATION_STYLE_ASSIGNMENT((#6797));
#6799=OVER_RIDING_STYLED_ITEM('',(#6798),#6792,#2317);
#6800=CARTESIAN_POINT('',(-3.E0,1.024880653677E0,3.499818912490E-1));
#6801=DIRECTION('',(-1.E0,1.530383209350E-14,0.E0));
#6802=DIRECTION('',(-1.530383209350E-14,-1.E0,2.636291895114E-14));
#6803=AXIS2_PLACEMENT_3D('',#6800,#6801,#6802);
#6804=PLANE('',#6803);
#6805=ORIENTED_EDGE('',*,*,#6612,.T.);
#6807=ORIENTED_EDGE('',*,*,#6806,.F.);
#6809=ORIENTED_EDGE('',*,*,#6808,.T.);
#6810=ORIENTED_EDGE('',*,*,#6770,.F.);
#6811=EDGE_LOOP('',(#6805,#6807,#6809,#6810));
#6812=FACE_OUTER_BOUND('',#6811,.F.);
#6813=ADVANCED_FACE('',(#6812),#6804,.F.);
#6814=FILL_AREA_STYLE_COLOUR('',#2316);
#6815=FILL_AREA_STYLE('',(#6814));
#6816=SURFACE_STYLE_FILL_AREA(#6815);
#6817=SURFACE_SIDE_STYLE('',(#6816));
#6818=SURFACE_STYLE_USAGE(.BOTH.,#6817);
#6819=PRESENTATION_STYLE_ASSIGNMENT((#6818));
#6820=OVER_RIDING_STYLED_ITEM('',(#6819),#6813,#2317);
#6821=CARTESIAN_POINT('',(-3.E0,-2.125119346323E0,3.499818912490E-1));
#6822=DIRECTION('',(-1.530383209350E-14,-1.E0,2.636291895114E-14));
#6823=DIRECTION('',(1.E0,-1.530383209350E-14,0.E0));
#6824=AXIS2_PLACEMENT_3D('',#6821,#6822,#6823);
#6825=PLANE('',#6824);
#6826=ORIENTED_EDGE('',*,*,#6610,.T.);
#6828=ORIENTED_EDGE('',*,*,#6827,.F.);
#6830=ORIENTED_EDGE('',*,*,#6829,.T.);
#6832=ORIENTED_EDGE('',*,*,#6831,.F.);
#6834=ORIENTED_EDGE('',*,*,#6833,.T.);
#6836=ORIENTED_EDGE('',*,*,#6835,.F.);
#6838=ORIENTED_EDGE('',*,*,#6837,.T.);
#6840=ORIENTED_EDGE('',*,*,#6839,.F.);
#6842=ORIENTED_EDGE('',*,*,#6841,.F.);
#6844=ORIENTED_EDGE('',*,*,#6843,.T.);
#6846=ORIENTED_EDGE('',*,*,#6845,.T.);
#6848=ORIENTED_EDGE('',*,*,#6847,.F.);
#6850=ORIENTED_EDGE('',*,*,#6849,.T.);
#6852=ORIENTED_EDGE('',*,*,#6851,.F.);
#6854=ORIENTED_EDGE('',*,*,#6853,.T.);
#6855=ORIENTED_EDGE('',*,*,#6806,.T.);
#6856=EDGE_LOOP('',(#6826,#6828,#6830,#6832,#6834,#6836,#6838,#6840,#6842,#6844,
#6846,#6848,#6850,#6852,#6854,#6855));
#6857=FACE_OUTER_BOUND('',#6856,.F.);
#6858=ADVANCED_FACE('',(#6857),#6825,.F.);
#6859=FILL_AREA_STYLE_COLOUR('',#2316);
#6860=FILL_AREA_STYLE('',(#6859));
#6861=SURFACE_STYLE_FILL_AREA(#6860);
#6862=SURFACE_SIDE_STYLE('',(#6861));
#6863=SURFACE_STYLE_USAGE(.BOTH.,#6862);
#6864=PRESENTATION_STYLE_ASSIGNMENT((#6863));
#6865=OVER_RIDING_STYLED_ITEM('',(#6864),#6858,#2317);
#6866=CARTESIAN_POINT('',(-2.E0,-2.125119346323E0,3.499818912490E-1));
#6867=DIRECTION('',(1.E0,-1.528180385888E-14,0.E0));
#6868=DIRECTION('',(1.528180385888E-14,1.E0,-2.636291895114E-14));
#6869=AXIS2_PLACEMENT_3D('',#6866,#6867,#6868);
#6870=PLANE('',#6869);
#6871=ORIENTED_EDGE('',*,*,#6608,.T.);
#6873=ORIENTED_EDGE('',*,*,#6872,.F.);
#6875=ORIENTED_EDGE('',*,*,#6874,.T.);
#6876=ORIENTED_EDGE('',*,*,#6827,.T.);
#6877=EDGE_LOOP('',(#6871,#6873,#6875,#6876));
#6878=FACE_OUTER_BOUND('',#6877,.F.);
#6879=ADVANCED_FACE('',(#6878),#6870,.F.);
#6880=FILL_AREA_STYLE_COLOUR('',#2316);
#6881=FILL_AREA_STYLE('',(#6880));
#6882=SURFACE_STYLE_FILL_AREA(#6881);
#6883=SURFACE_SIDE_STYLE('',(#6882));
#6884=SURFACE_STYLE_USAGE(.BOTH.,#6883);
#6885=PRESENTATION_STYLE_ASSIGNMENT((#6884));
#6886=OVER_RIDING_STYLED_ITEM('',(#6885),#6879,#2317);
#6887=CARTESIAN_POINT('',(4.46E0,1.024880653677E0,6.499818912490E-1));
#6888=DIRECTION('',(1.530383209350E-14,1.E0,-2.636291895114E-14));
#6889=DIRECTION('',(-1.E0,1.530383209350E-14,0.E0));
#6890=AXIS2_PLACEMENT_3D('',#6887,#6888,#6889);
#6891=PLANE('',#6890);
#6892=ORIENTED_EDGE('',*,*,#6606,.F.);
#6894=ORIENTED_EDGE('',*,*,#6893,.T.);
#6896=ORIENTED_EDGE('',*,*,#6895,.T.);
#6898=ORIENTED_EDGE('',*,*,#6897,.F.);
#6900=ORIENTED_EDGE('',*,*,#6899,.T.);
#6902=ORIENTED_EDGE('',*,*,#6901,.F.);
#6904=ORIENTED_EDGE('',*,*,#6903,.T.);
#6906=ORIENTED_EDGE('',*,*,#6905,.T.);
#6908=ORIENTED_EDGE('',*,*,#6907,.T.);
#6910=ORIENTED_EDGE('',*,*,#6909,.T.);
#6912=ORIENTED_EDGE('',*,*,#6911,.T.);
#6914=ORIENTED_EDGE('',*,*,#6913,.F.);
#6916=ORIENTED_EDGE('',*,*,#6915,.T.);
#6918=ORIENTED_EDGE('',*,*,#6917,.F.);
#6920=ORIENTED_EDGE('',*,*,#6919,.T.);
#6921=ORIENTED_EDGE('',*,*,#6872,.T.);
#6922=EDGE_LOOP('',(#6892,#6894,#6896,#6898,#6900,#6902,#6904,#6906,#6908,#6910,
#6912,#6914,#6916,#6918,#6920,#6921));
#6923=FACE_OUTER_BOUND('',#6922,.F.);
#6924=ADVANCED_FACE('',(#6923),#6891,.T.);
#6925=FILL_AREA_STYLE_COLOUR('',#2316);
#6926=FILL_AREA_STYLE('',(#6925));
#6927=SURFACE_STYLE_FILL_AREA(#6926);
#6928=SURFACE_SIDE_STYLE('',(#6927));
#6929=SURFACE_STYLE_USAGE(.BOTH.,#6928);
#6930=PRESENTATION_STYLE_ASSIGNMENT((#6929));
#6931=OVER_RIDING_STYLED_ITEM('',(#6930),#6924,#2317);
#6932=CARTESIAN_POINT('',(-5.E-1,1.024880653677E0,3.499818912490E-1));
#6933=DIRECTION('',(-1.E0,1.539194503196E-14,0.E0));
#6934=DIRECTION('',(-1.539194503196E-14,-1.E0,2.636291895114E-14));
#6935=AXIS2_PLACEMENT_3D('',#6932,#6933,#6934);
#6936=PLANE('',#6935);
#6937=ORIENTED_EDGE('',*,*,#6604,.T.);
#6939=ORIENTED_EDGE('',*,*,#6938,.F.);
#6941=ORIENTED_EDGE('',*,*,#6940,.T.);
#6942=ORIENTED_EDGE('',*,*,#6893,.F.);
#6943=EDGE_LOOP('',(#6937,#6939,#6941,#6942));
#6944=FACE_OUTER_BOUND('',#6943,.F.);
#6945=ADVANCED_FACE('',(#6944),#6936,.F.);
#6946=FILL_AREA_STYLE_COLOUR('',#2316);
#6947=FILL_AREA_STYLE('',(#6946));
#6948=SURFACE_STYLE_FILL_AREA(#6947);
#6949=SURFACE_SIDE_STYLE('',(#6948));
#6950=SURFACE_STYLE_USAGE(.BOTH.,#6949);
#6951=PRESENTATION_STYLE_ASSIGNMENT((#6950));
#6952=OVER_RIDING_STYLED_ITEM('',(#6951),#6945,#2317);
#6953=CARTESIAN_POINT('',(-5.E-1,-2.125119346323E0,3.499818912490E-1));
#6954=DIRECTION('',(-1.530383209350E-14,-1.E0,2.636291895114E-14));
#6955=DIRECTION('',(1.E0,-1.530383209350E-14,0.E0));
#6956=AXIS2_PLACEMENT_3D('',#6953,#6954,#6955);
#6957=PLANE('',#6956);
#6958=ORIENTED_EDGE('',*,*,#6602,.T.);
#6960=ORIENTED_EDGE('',*,*,#6959,.F.);
#6962=ORIENTED_EDGE('',*,*,#6961,.T.);
#6964=ORIENTED_EDGE('',*,*,#6963,.F.);
#6966=ORIENTED_EDGE('',*,*,#6965,.T.);
#6968=ORIENTED_EDGE('',*,*,#6967,.F.);
#6970=ORIENTED_EDGE('',*,*,#6969,.T.);
#6972=ORIENTED_EDGE('',*,*,#6971,.F.);
#6974=ORIENTED_EDGE('',*,*,#6973,.F.);
#6976=ORIENTED_EDGE('',*,*,#6975,.T.);
#6978=ORIENTED_EDGE('',*,*,#6977,.T.);
#6980=ORIENTED_EDGE('',*,*,#6979,.F.);
#6982=ORIENTED_EDGE('',*,*,#6981,.T.);
#6984=ORIENTED_EDGE('',*,*,#6983,.F.);
#6986=ORIENTED_EDGE('',*,*,#6985,.T.);
#6987=ORIENTED_EDGE('',*,*,#6938,.T.);
#6988=EDGE_LOOP('',(#6958,#6960,#6962,#6964,#6966,#6968,#6970,#6972,#6974,#6976,
#6978,#6980,#6982,#6984,#6986,#6987));
#6989=FACE_OUTER_BOUND('',#6988,.F.);
#6990=ADVANCED_FACE('',(#6989),#6957,.F.);
#6991=FILL_AREA_STYLE_COLOUR('',#2316);
#6992=FILL_AREA_STYLE('',(#6991));
#6993=SURFACE_STYLE_FILL_AREA(#6992);
#6994=SURFACE_SIDE_STYLE('',(#6993));
#6995=SURFACE_STYLE_USAGE(.BOTH.,#6994);
#6996=PRESENTATION_STYLE_ASSIGNMENT((#6995));
#6997=OVER_RIDING_STYLED_ITEM('',(#6996),#6990,#2317);
#6998=CARTESIAN_POINT('',(5.E-1,-2.125119346323E0,3.499818912490E-1));
#6999=DIRECTION('',(1.E0,-1.530383209350E-14,0.E0));
#7000=DIRECTION('',(1.530383209350E-14,1.E0,-2.636291895114E-14));
#7001=AXIS2_PLACEMENT_3D('',#6998,#6999,#7000);
#7002=PLANE('',#7001);
#7003=ORIENTED_EDGE('',*,*,#6600,.T.);
#7004=ORIENTED_EDGE('',*,*,#6669,.F.);
#7006=ORIENTED_EDGE('',*,*,#7005,.T.);
#7007=ORIENTED_EDGE('',*,*,#6959,.T.);
#7008=EDGE_LOOP('',(#7003,#7004,#7006,#7007));
#7009=FACE_OUTER_BOUND('',#7008,.F.);
#7010=ADVANCED_FACE('',(#7009),#7002,.F.);
#7011=FILL_AREA_STYLE_COLOUR('',#2316);
#7012=FILL_AREA_STYLE('',(#7011));
#7013=SURFACE_STYLE_FILL_AREA(#7012);
#7014=SURFACE_SIDE_STYLE('',(#7013));
#7015=SURFACE_STYLE_USAGE(.BOTH.,#7014);
#7016=PRESENTATION_STYLE_ASSIGNMENT((#7015));
#7017=OVER_RIDING_STYLED_ITEM('',(#7016),#7010,#2317);
#7018=CARTESIAN_POINT('',(-5.5E-1,1.024880653677E0,8.849818912490E-1));
#7019=DIRECTION('',(0.E0,-2.636291895114E-14,-1.E0));
#7020=DIRECTION('',(1.E0,-1.530383209350E-14,0.E0));
#7021=AXIS2_PLACEMENT_3D('',#7018,#7019,#7020);
#7022=PLANE('',#7021);
#7023=ORIENTED_EDGE('',*,*,#7005,.F.);
#7024=ORIENTED_EDGE('',*,*,#6667,.F.);
#7026=ORIENTED_EDGE('',*,*,#7025,.F.);
#7027=ORIENTED_EDGE('',*,*,#6961,.F.);
#7028=EDGE_LOOP('',(#7023,#7024,#7026,#7027));
#7029=FACE_OUTER_BOUND('',#7028,.F.);
#7030=ADVANCED_FACE('',(#7029),#7022,.F.);
#7031=FILL_AREA_STYLE_COLOUR('',#2316);
#7032=FILL_AREA_STYLE('',(#7031));
#7033=SURFACE_STYLE_FILL_AREA(#7032);
#7034=SURFACE_SIDE_STYLE('',(#7033));
#7035=SURFACE_STYLE_USAGE(.BOTH.,#7034);
#7036=PRESENTATION_STYLE_ASSIGNMENT((#7035));
#7037=OVER_RIDING_STYLED_ITEM('',(#7036),#7030,#2317);
#7038=CARTESIAN_POINT('',(5.5E-1,1.024880653677E0,8.849818912490E-1));
#7039=DIRECTION('',(7.071067811865E-1,-2.946284221365E-14,-7.071067811865E-1));
#7040=DIRECTION('',(7.071067811865E-1,0.E0,7.071067811865E-1));
#7041=AXIS2_PLACEMENT_3D('',#7038,#7039,#7040);
#7042=PLANE('',#7041);
#7043=ORIENTED_EDGE('',*,*,#6963,.T.);
#7044=ORIENTED_EDGE('',*,*,#7025,.T.);
#7045=ORIENTED_EDGE('',*,*,#6665,.T.);
#7047=ORIENTED_EDGE('',*,*,#7046,.F.);
#7048=EDGE_LOOP('',(#7043,#7044,#7045,#7047));
#7049=FACE_OUTER_BOUND('',#7048,.F.);
#7050=ADVANCED_FACE('',(#7049),#7042,.F.);
#7051=FILL_AREA_STYLE_COLOUR('',#2316);
#7052=FILL_AREA_STYLE('',(#7051));
#7053=SURFACE_STYLE_FILL_AREA(#7052);
#7054=SURFACE_SIDE_STYLE('',(#7053));
#7055=SURFACE_STYLE_USAGE(.BOTH.,#7054);
#7056=PRESENTATION_STYLE_ASSIGNMENT((#7055));
#7057=OVER_RIDING_STYLED_ITEM('',(#7056),#7050,#2317);
#7058=CARTESIAN_POINT('',(6.5E-1,1.024880653677E0,9.849818912490E-1));
#7059=DIRECTION('',(1.E0,-1.530383209350E-14,0.E0));
#7060=DIRECTION('',(0.E0,2.636291895114E-14,1.E0));
#7061=AXIS2_PLACEMENT_3D('',#7058,#7059,#7060);
#7062=PLANE('',#7061);
#7063=ORIENTED_EDGE('',*,*,#6965,.F.);
#7064=ORIENTED_EDGE('',*,*,#7046,.T.);
#7065=ORIENTED_EDGE('',*,*,#6663,.F.);
#7067=ORIENTED_EDGE('',*,*,#7066,.F.);
#7068=EDGE_LOOP('',(#7063,#7064,#7065,#7067));
#7069=FACE_OUTER_BOUND('',#7068,.F.);
#7070=ADVANCED_FACE('',(#7069),#7062,.F.);
#7071=FILL_AREA_STYLE_COLOUR('',#2316);
#7072=FILL_AREA_STYLE('',(#7071));
#7073=SURFACE_STYLE_FILL_AREA(#7072);
#7074=SURFACE_SIDE_STYLE('',(#7073));
#7075=SURFACE_STYLE_USAGE(.BOTH.,#7074);
#7076=PRESENTATION_STYLE_ASSIGNMENT((#7075));
#7077=OVER_RIDING_STYLED_ITEM('',(#7076),#7070,#2317);
#7078=CARTESIAN_POINT('',(6.5E-1,1.024880653677E0,2.284981891249E0));
#7079=DIRECTION('',(7.071067811865E-1,0.E0,7.071067811865E-1));
#7080=DIRECTION('',(-7.071067811865E-1,2.946284221365E-14,7.071067811865E-1));
#7081=AXIS2_PLACEMENT_3D('',#7078,#7079,#7080);
#7082=PLANE('',#7081);
#7083=ORIENTED_EDGE('',*,*,#6967,.T.);
#7084=ORIENTED_EDGE('',*,*,#7066,.T.);
#7085=ORIENTED_EDGE('',*,*,#6661,.T.);
#7087=ORIENTED_EDGE('',*,*,#7086,.F.);
#7088=EDGE_LOOP('',(#7083,#7084,#7085,#7087));
#7089=FACE_OUTER_BOUND('',#7088,.F.);
#7090=ADVANCED_FACE('',(#7089),#7082,.F.);
#7091=FILL_AREA_STYLE_COLOUR('',#2316);
#7092=FILL_AREA_STYLE('',(#7091));
#7093=SURFACE_STYLE_FILL_AREA(#7092);
#7094=SURFACE_SIDE_STYLE('',(#7093));
#7095=SURFACE_STYLE_USAGE(.BOTH.,#7094);
#7096=PRESENTATION_STYLE_ASSIGNMENT((#7095));
#7097=OVER_RIDING_STYLED_ITEM('',(#7096),#7090,#2317);
#7098=CARTESIAN_POINT('',(5.5E-1,1.024880653677E0,2.384981891249E0));
#7099=DIRECTION('',(0.E0,2.636291895114E-14,1.E0));
#7100=DIRECTION('',(-1.E0,1.530383209350E-14,0.E0));
#7101=AXIS2_PLACEMENT_3D('',#7098,#7099,#7100);
#7102=PLANE('',#7101);
#7104=ORIENTED_EDGE('',*,*,#7103,.F.);
#7105=ORIENTED_EDGE('',*,*,#6969,.F.);
#7106=ORIENTED_EDGE('',*,*,#7086,.T.);
#7107=ORIENTED_EDGE('',*,*,#6659,.F.);
#7108=EDGE_LOOP('',(#7104,#7105,#7106,#7107));
#7109=FACE_OUTER_BOUND('',#7108,.F.);
#7110=ADVANCED_FACE('',(#7109),#7102,.F.);
#7111=FILL_AREA_STYLE_COLOUR('',#2316);
#7112=FILL_AREA_STYLE('',(#7111));
#7113=SURFACE_STYLE_FILL_AREA(#7112);
#7114=SURFACE_SIDE_STYLE('',(#7113));
#7115=SURFACE_STYLE_USAGE(.BOTH.,#7114);
#7116=PRESENTATION_STYLE_ASSIGNMENT((#7115));
#7117=OVER_RIDING_STYLED_ITEM('',(#7116),#7110,#2317);
#7118=CARTESIAN_POINT('',(5.E-1,-2.125119346323E0,3.499818912490E-1));
#7119=DIRECTION('',(1.E0,-1.530383209350E-14,0.E0));
#7120=DIRECTION('',(1.530383209350E-14,1.E0,-2.636291895114E-14));
#7121=AXIS2_PLACEMENT_3D('',#7118,#7119,#7120);
#7122=PLANE('',#7121);
#7123=ORIENTED_EDGE('',*,*,#7103,.T.);
#7124=ORIENTED_EDGE('',*,*,#6657,.F.);
#7126=ORIENTED_EDGE('',*,*,#7125,.F.);
#7127=ORIENTED_EDGE('',*,*,#6971,.T.);
#7128=EDGE_LOOP('',(#7123,#7124,#7126,#7127));
#7129=FACE_OUTER_BOUND('',#7128,.F.);
#7130=ADVANCED_FACE('',(#7129),#7122,.F.);
#7131=FILL_AREA_STYLE_COLOUR('',#2316);
#7132=FILL_AREA_STYLE('',(#7131));
#7133=SURFACE_STYLE_FILL_AREA(#7132);
#7134=SURFACE_SIDE_STYLE('',(#7133));
#7135=SURFACE_STYLE_USAGE(.BOTH.,#7134);
#7136=PRESENTATION_STYLE_ASSIGNMENT((#7135));
#7137=OVER_RIDING_STYLED_ITEM('',(#7136),#7130,#2317);
#7138=CARTESIAN_POINT('',(-1.25E0,-9.151193463230E-1,2.919981891249E0));
#7139=DIRECTION('',(0.E0,-2.636291895114E-14,-1.E0));
#7140=DIRECTION('',(-1.530383209350E-14,-1.E0,2.636291895114E-14));
#7141=AXIS2_PLACEMENT_3D('',#7138,#7139,#7140);
#7142=PLANE('',#7141);
#7144=ORIENTED_EDGE('',*,*,#7143,.T.);
#7145=ORIENTED_EDGE('',*,*,#6841,.T.);
#7147=ORIENTED_EDGE('',*,*,#7146,.T.);
#7148=ORIENTED_EDGE('',*,*,#6907,.F.);
#7150=ORIENTED_EDGE('',*,*,#7149,.T.);
#7151=ORIENTED_EDGE('',*,*,#6973,.T.);
#7152=ORIENTED_EDGE('',*,*,#7125,.T.);
#7153=ORIENTED_EDGE('',*,*,#6655,.F.);
#7155=ORIENTED_EDGE('',*,*,#7154,.F.);
#7157=ORIENTED_EDGE('',*,*,#7156,.F.);
#7158=ORIENTED_EDGE('',*,*,#6750,.F.);
#7159=ORIENTED_EDGE('',*,*,#6784,.F.);
#7160=EDGE_LOOP('',(#7144,#7145,#7147,#7148,#7150,#7151,#7152,#7153,#7155,#7157,
#7158,#7159));
#7161=FACE_OUTER_BOUND('',#7160,.F.);
#7162=ADVANCED_FACE('',(#7161),#7142,.F.);
#7163=FILL_AREA_STYLE_COLOUR('',#2316);
#7164=FILL_AREA_STYLE('',(#7163));
#7165=SURFACE_STYLE_FILL_AREA(#7164);
#7166=SURFACE_SIDE_STYLE('',(#7165));
#7167=SURFACE_STYLE_USAGE(.BOTH.,#7166);
#7168=PRESENTATION_STYLE_ASSIGNMENT((#7167));
#7169=OVER_RIDING_STYLED_ITEM('',(#7168),#7162,#2317);
#7170=CARTESIAN_POINT('',(-3.E0,1.024880653677E0,3.499818912490E-1));
#7171=DIRECTION('',(-1.E0,1.530383209350E-14,0.E0));
#7172=DIRECTION('',(-1.530383209350E-14,-1.E0,2.636291895114E-14));
#7173=AXIS2_PLACEMENT_3D('',#7170,#7171,#7172);
#7174=PLANE('',#7173);
#7176=ORIENTED_EDGE('',*,*,#7175,.T.);
#7177=ORIENTED_EDGE('',*,*,#6843,.F.);
#7178=ORIENTED_EDGE('',*,*,#7143,.F.);
#7179=ORIENTED_EDGE('',*,*,#6782,.F.);
#7180=EDGE_LOOP('',(#7176,#7177,#7178,#7179));
#7181=FACE_OUTER_BOUND('',#7180,.F.);
#7182=ADVANCED_FACE('',(#7181),#7174,.F.);
#7183=FILL_AREA_STYLE_COLOUR('',#2316);
#7184=FILL_AREA_STYLE('',(#7183));
#7185=SURFACE_STYLE_FILL_AREA(#7184);
#7186=SURFACE_SIDE_STYLE('',(#7185));
#7187=SURFACE_STYLE_USAGE(.BOTH.,#7186);
#7188=PRESENTATION_STYLE_ASSIGNMENT((#7187));
#7189=OVER_RIDING_STYLED_ITEM('',(#7188),#7182,#2317);
#7190=CARTESIAN_POINT('',(-1.95E0,1.024880653677E0,2.384981891249E0));
#7191=DIRECTION('',(0.E0,2.636291895114E-14,1.E0));
#7192=DIRECTION('',(-1.E0,1.530383209350E-14,0.E0));
#7193=AXIS2_PLACEMENT_3D('',#7190,#7191,#7192);
#7194=PLANE('',#7193);
#7195=ORIENTED_EDGE('',*,*,#7175,.F.);
#7196=ORIENTED_EDGE('',*,*,#6780,.F.);
#7198=ORIENTED_EDGE('',*,*,#7197,.F.);
#7199=ORIENTED_EDGE('',*,*,#6845,.F.);
#7200=EDGE_LOOP('',(#7195,#7196,#7198,#7199));
#7201=FACE_OUTER_BOUND('',#7200,.F.);
#7202=ADVANCED_FACE('',(#7201),#7194,.F.);
#7203=FILL_AREA_STYLE_COLOUR('',#2316);
#7204=FILL_AREA_STYLE('',(#7203));
#7205=SURFACE_STYLE_FILL_AREA(#7204);
#7206=SURFACE_SIDE_STYLE('',(#7205));
#7207=SURFACE_STYLE_USAGE(.BOTH.,#7206);
#7208=PRESENTATION_STYLE_ASSIGNMENT((#7207));
#7209=OVER_RIDING_STYLED_ITEM('',(#7208),#7202,#2317);
#7210=CARTESIAN_POINT('',(-3.05E0,1.024880653677E0,2.384981891249E0));
#7211=DIRECTION('',(-7.071067811865E-1,2.946284221365E-14,7.071067811865E-1));
#7212=DIRECTION('',(-7.071067811865E-1,0.E0,-7.071067811865E-1));
#7213=AXIS2_PLACEMENT_3D('',#7210,#7211,#7212);
#7214=PLANE('',#7213);
#7215=ORIENTED_EDGE('',*,*,#6847,.T.);
#7216=ORIENTED_EDGE('',*,*,#7197,.T.);
#7217=ORIENTED_EDGE('',*,*,#6778,.T.);
#7219=ORIENTED_EDGE('',*,*,#7218,.F.);
#7220=EDGE_LOOP('',(#7215,#7216,#7217,#7219));
#7221=FACE_OUTER_BOUND('',#7220,.F.);
#7222=ADVANCED_FACE('',(#7221),#7214,.F.);
#7223=FILL_AREA_STYLE_COLOUR('',#2316);
#7224=FILL_AREA_STYLE('',(#7223));
#7225=SURFACE_STYLE_FILL_AREA(#7224);
#7226=SURFACE_SIDE_STYLE('',(#7225));
#7227=SURFACE_STYLE_USAGE(.BOTH.,#7226);
#7228=PRESENTATION_STYLE_ASSIGNMENT((#7227));
#7229=OVER_RIDING_STYLED_ITEM('',(#7228),#7222,#2317);
#7230=CARTESIAN_POINT('',(-3.15E0,1.024880653677E0,2.284981891249E0));
#7231=DIRECTION('',(-1.E0,1.530383209350E-14,0.E0));
#7232=DIRECTION('',(0.E0,-2.636291895114E-14,-1.E0));
#7233=AXIS2_PLACEMENT_3D('',#7230,#7231,#7232);
#7234=PLANE('',#7233);
#7235=ORIENTED_EDGE('',*,*,#6849,.F.);
#7236=ORIENTED_EDGE('',*,*,#7218,.T.);
#7237=ORIENTED_EDGE('',*,*,#6776,.F.);
#7239=ORIENTED_EDGE('',*,*,#7238,.F.);
#7240=EDGE_LOOP('',(#7235,#7236,#7237,#7239));
#7241=FACE_OUTER_BOUND('',#7240,.F.);
#7242=ADVANCED_FACE('',(#7241),#7234,.F.);
#7243=FILL_AREA_STYLE_COLOUR('',#2316);
#7244=FILL_AREA_STYLE('',(#7243));
#7245=SURFACE_STYLE_FILL_AREA(#7244);
#7246=SURFACE_SIDE_STYLE('',(#7245));
#7247=SURFACE_STYLE_USAGE(.BOTH.,#7246);
#7248=PRESENTATION_STYLE_ASSIGNMENT((#7247));
#7249=OVER_RIDING_STYLED_ITEM('',(#7248),#7242,#2317);
#7250=CARTESIAN_POINT('',(-3.15E0,1.024880653677E0,9.849818912490E-1));
#7251=DIRECTION('',(-7.071067811865E-1,0.E0,-7.071067811865E-1));
#7252=DIRECTION('',(7.071067811865E-1,-2.946284221365E-14,-7.071067811865E-1));
#7253=AXIS2_PLACEMENT_3D('',#7250,#7251,#7252);
#7254=PLANE('',#7253);
#7255=ORIENTED_EDGE('',*,*,#6851,.T.);
#7256=ORIENTED_EDGE('',*,*,#7238,.T.);
#7257=ORIENTED_EDGE('',*,*,#6774,.T.);
#7259=ORIENTED_EDGE('',*,*,#7258,.F.);
#7260=EDGE_LOOP('',(#7255,#7256,#7257,#7259));
#7261=FACE_OUTER_BOUND('',#7260,.F.);
#7262=ADVANCED_FACE('',(#7261),#7254,.F.);
#7263=FILL_AREA_STYLE_COLOUR('',#2316);
#7264=FILL_AREA_STYLE('',(#7263));
#7265=SURFACE_STYLE_FILL_AREA(#7264);
#7266=SURFACE_SIDE_STYLE('',(#7265));
#7267=SURFACE_STYLE_USAGE(.BOTH.,#7266);
#7268=PRESENTATION_STYLE_ASSIGNMENT((#7267));
#7269=OVER_RIDING_STYLED_ITEM('',(#7268),#7262,#2317);
#7270=CARTESIAN_POINT('',(-3.05E0,1.024880653677E0,8.849818912490E-1));
#7271=DIRECTION('',(0.E0,-2.636291895114E-14,-1.E0));
#7272=DIRECTION('',(1.E0,-1.530383209350E-14,0.E0));
#7273=AXIS2_PLACEMENT_3D('',#7270,#7271,#7272);
#7274=PLANE('',#7273);
#7275=ORIENTED_EDGE('',*,*,#6808,.F.);
#7276=ORIENTED_EDGE('',*,*,#6853,.F.);
#7277=ORIENTED_EDGE('',*,*,#7258,.T.);
#7278=ORIENTED_EDGE('',*,*,#6772,.F.);
#7279=EDGE_LOOP('',(#7275,#7276,#7277,#7278));
#7280=FACE_OUTER_BOUND('',#7279,.F.);
#7281=ADVANCED_FACE('',(#7280),#7274,.F.);
#7282=FILL_AREA_STYLE_COLOUR('',#2316);
#7283=FILL_AREA_STYLE('',(#7282));
#7284=SURFACE_STYLE_FILL_AREA(#7283);
#7285=SURFACE_SIDE_STYLE('',(#7284));
#7286=SURFACE_STYLE_USAGE(.BOTH.,#7285);
#7287=PRESENTATION_STYLE_ASSIGNMENT((#7286));
#7288=OVER_RIDING_STYLED_ITEM('',(#7287),#7281,#2317);
#7289=CARTESIAN_POINT('',(-2.E0,-2.125119346323E0,3.499818912490E-1));
#7290=DIRECTION('',(1.E0,-1.528180385888E-14,0.E0));
#7291=DIRECTION('',(1.528180385888E-14,1.E0,-2.636291895114E-14));
#7292=AXIS2_PLACEMENT_3D('',#7289,#7290,#7291);
#7293=PLANE('',#7292);
#7295=ORIENTED_EDGE('',*,*,#7294,.T.);
#7296=ORIENTED_EDGE('',*,*,#6909,.F.);
#7297=ORIENTED_EDGE('',*,*,#7146,.F.);
#7298=ORIENTED_EDGE('',*,*,#6839,.T.);
#7299=EDGE_LOOP('',(#7295,#7296,#7297,#7298));
#7300=FACE_OUTER_BOUND('',#7299,.F.);
#7301=ADVANCED_FACE('',(#7300),#7293,.F.);
#7302=FILL_AREA_STYLE_COLOUR('',#2316);
#7303=FILL_AREA_STYLE('',(#7302));
#7304=SURFACE_STYLE_FILL_AREA(#7303);
#7305=SURFACE_SIDE_STYLE('',(#7304));
#7306=SURFACE_STYLE_USAGE(.BOTH.,#7305);
#7307=PRESENTATION_STYLE_ASSIGNMENT((#7306));
#7308=OVER_RIDING_STYLED_ITEM('',(#7307),#7301,#2317);
#7309=CARTESIAN_POINT('',(-1.95E0,1.024880653677E0,2.384981891249E0));
#7310=DIRECTION('',(0.E0,2.636291895114E-14,1.E0));
#7311=DIRECTION('',(-1.E0,1.530383209350E-14,0.E0));
#7312=AXIS2_PLACEMENT_3D('',#7309,#7310,#7311);
#7313=PLANE('',#7312);
#7314=ORIENTED_EDGE('',*,*,#7294,.F.);
#7315=ORIENTED_EDGE('',*,*,#6837,.F.);
#7317=ORIENTED_EDGE('',*,*,#7316,.T.);
#7318=ORIENTED_EDGE('',*,*,#6911,.F.);
#7319=EDGE_LOOP('',(#7314,#7315,#7317,#7318));
#7320=FACE_OUTER_BOUND('',#7319,.F.);
#7321=ADVANCED_FACE('',(#7320),#7313,.F.);
#7322=FILL_AREA_STYLE_COLOUR('',#2316);
#7323=FILL_AREA_STYLE('',(#7322));
#7324=SURFACE_STYLE_FILL_AREA(#7323);
#7325=SURFACE_SIDE_STYLE('',(#7324));
#7326=SURFACE_STYLE_USAGE(.BOTH.,#7325);
#7327=PRESENTATION_STYLE_ASSIGNMENT((#7326));
#7328=OVER_RIDING_STYLED_ITEM('',(#7327),#7321,#2317);
#7329=CARTESIAN_POINT('',(-1.85E0,1.024880653677E0,2.284981891249E0));
#7330=DIRECTION('',(7.071067811865E-1,0.E0,7.071067811865E-1));
#7331=DIRECTION('',(-7.071067811865E-1,2.946284221365E-14,7.071067811865E-1));
#7332=AXIS2_PLACEMENT_3D('',#7329,#7330,#7331);
#7333=PLANE('',#7332);
#7334=ORIENTED_EDGE('',*,*,#6835,.T.);
#7336=ORIENTED_EDGE('',*,*,#7335,.T.);
#7337=ORIENTED_EDGE('',*,*,#6913,.T.);
#7338=ORIENTED_EDGE('',*,*,#7316,.F.);
#7339=EDGE_LOOP('',(#7334,#7336,#7337,#7338));
#7340=FACE_OUTER_BOUND('',#7339,.F.);
#7341=ADVANCED_FACE('',(#7340),#7333,.F.);
#7342=FILL_AREA_STYLE_COLOUR('',#2316);
#7343=FILL_AREA_STYLE('',(#7342));
#7344=SURFACE_STYLE_FILL_AREA(#7343);
#7345=SURFACE_SIDE_STYLE('',(#7344));
#7346=SURFACE_STYLE_USAGE(.BOTH.,#7345);
#7347=PRESENTATION_STYLE_ASSIGNMENT((#7346));
#7348=OVER_RIDING_STYLED_ITEM('',(#7347),#7341,#2317);
#7349=CARTESIAN_POINT('',(-1.85E0,1.024880653677E0,9.849818912490E-1));
#7350=DIRECTION('',(1.E0,-1.530383209350E-14,0.E0));
#7351=DIRECTION('',(0.E0,2.636291895114E-14,1.E0));
#7352=AXIS2_PLACEMENT_3D('',#7349,#7350,#7351);
#7353=PLANE('',#7352);
#7354=ORIENTED_EDGE('',*,*,#6833,.F.);
#7356=ORIENTED_EDGE('',*,*,#7355,.T.);
#7357=ORIENTED_EDGE('',*,*,#6915,.F.);
#7358=ORIENTED_EDGE('',*,*,#7335,.F.);
#7359=EDGE_LOOP('',(#7354,#7356,#7357,#7358));
#7360=FACE_OUTER_BOUND('',#7359,.F.);
#7361=ADVANCED_FACE('',(#7360),#7353,.F.);
#7362=FILL_AREA_STYLE_COLOUR('',#2316);
#7363=FILL_AREA_STYLE('',(#7362));
#7364=SURFACE_STYLE_FILL_AREA(#7363);
#7365=SURFACE_SIDE_STYLE('',(#7364));
#7366=SURFACE_STYLE_USAGE(.BOTH.,#7365);
#7367=PRESENTATION_STYLE_ASSIGNMENT((#7366));
#7368=OVER_RIDING_STYLED_ITEM('',(#7367),#7361,#2317);
#7369=CARTESIAN_POINT('',(-1.95E0,1.024880653677E0,8.849818912490E-1));
#7370=DIRECTION('',(7.071067811865E-1,-2.946284221365E-14,-7.071067811865E-1));
#7371=DIRECTION('',(7.071067811865E-1,0.E0,7.071067811865E-1));
#7372=AXIS2_PLACEMENT_3D('',#7369,#7370,#7371);
#7373=PLANE('',#7372);
#7374=ORIENTED_EDGE('',*,*,#6831,.T.);
#7376=ORIENTED_EDGE('',*,*,#7375,.T.);
#7377=ORIENTED_EDGE('',*,*,#6917,.T.);
#7378=ORIENTED_EDGE('',*,*,#7355,.F.);
#7379=EDGE_LOOP('',(#7374,#7376,#7377,#7378));
#7380=FACE_OUTER_BOUND('',#7379,.F.);
#7381=ADVANCED_FACE('',(#7380),#7373,.F.);
#7382=FILL_AREA_STYLE_COLOUR('',#2316);
#7383=FILL_AREA_STYLE('',(#7382));
#7384=SURFACE_STYLE_FILL_AREA(#7383);
#7385=SURFACE_SIDE_STYLE('',(#7384));
#7386=SURFACE_STYLE_USAGE(.BOTH.,#7385);
#7387=PRESENTATION_STYLE_ASSIGNMENT((#7386));
#7388=OVER_RIDING_STYLED_ITEM('',(#7387),#7381,#2317);
#7389=CARTESIAN_POINT('',(-3.05E0,1.024880653677E0,8.849818912490E-1));
#7390=DIRECTION('',(0.E0,-2.636291895114E-14,-1.E0));
#7391=DIRECTION('',(1.E0,-1.530383209350E-14,0.E0));
#7392=AXIS2_PLACEMENT_3D('',#7389,#7390,#7391);
#7393=PLANE('',#7392);
#7394=ORIENTED_EDGE('',*,*,#6874,.F.);
#7395=ORIENTED_EDGE('',*,*,#6919,.F.);
#7396=ORIENTED_EDGE('',*,*,#7375,.F.);
#7397=ORIENTED_EDGE('',*,*,#6829,.F.);
#7398=EDGE_LOOP('',(#7394,#7395,#7396,#7397));
#7399=FACE_OUTER_BOUND('',#7398,.F.);
#7400=ADVANCED_FACE('',(#7399),#7393,.F.);
#7401=FILL_AREA_STYLE_COLOUR('',#2316);
#7402=FILL_AREA_STYLE('',(#7401));
#7403=SURFACE_STYLE_FILL_AREA(#7402);
#7404=SURFACE_SIDE_STYLE('',(#7403));
#7405=SURFACE_STYLE_USAGE(.BOTH.,#7404);
#7406=PRESENTATION_STYLE_ASSIGNMENT((#7405));
#7407=OVER_RIDING_STYLED_ITEM('',(#7406),#7400,#2317);
#7408=CARTESIAN_POINT('',(-5.E-1,1.024880653677E0,3.499818912490E-1));
#7409=DIRECTION('',(-1.E0,1.539194503196E-14,0.E0));
#7410=DIRECTION('',(-1.539194503196E-14,-1.E0,2.636291895114E-14));
#7411=AXIS2_PLACEMENT_3D('',#7408,#7409,#7410);
#7412=PLANE('',#7411);
#7414=ORIENTED_EDGE('',*,*,#7413,.T.);
#7415=ORIENTED_EDGE('',*,*,#6975,.F.);
#7416=ORIENTED_EDGE('',*,*,#7149,.F.);
#7417=ORIENTED_EDGE('',*,*,#6905,.F.);
#7418=EDGE_LOOP('',(#7414,#7415,#7416,#7417));
#7419=FACE_OUTER_BOUND('',#7418,.F.);
#7420=ADVANCED_FACE('',(#7419),#7412,.F.);
#7421=FILL_AREA_STYLE_COLOUR('',#2316);
#7422=FILL_AREA_STYLE('',(#7421));
#7423=SURFACE_STYLE_FILL_AREA(#7422);
#7424=SURFACE_SIDE_STYLE('',(#7423));
#7425=SURFACE_STYLE_USAGE(.BOTH.,#7424);
#7426=PRESENTATION_STYLE_ASSIGNMENT((#7425));
#7427=OVER_RIDING_STYLED_ITEM('',(#7426),#7420,#2317);
#7428=CARTESIAN_POINT('',(5.5E-1,1.024880653677E0,2.384981891249E0));
#7429=DIRECTION('',(0.E0,2.636291895114E-14,1.E0));
#7430=DIRECTION('',(-1.E0,1.530383209350E-14,0.E0));
#7431=AXIS2_PLACEMENT_3D('',#7428,#7429,#7430);
#7432=PLANE('',#7431);
#7433=ORIENTED_EDGE('',*,*,#7413,.F.);
#7434=ORIENTED_EDGE('',*,*,#6903,.F.);
#7436=ORIENTED_EDGE('',*,*,#7435,.F.);
#7437=ORIENTED_EDGE('',*,*,#6977,.F.);
#7438=EDGE_LOOP('',(#7433,#7434,#7436,#7437));
#7439=FACE_OUTER_BOUND('',#7438,.F.);
#7440=ADVANCED_FACE('',(#7439),#7432,.F.);
#7441=FILL_AREA_STYLE_COLOUR('',#2316);
#7442=FILL_AREA_STYLE('',(#7441));
#7443=SURFACE_STYLE_FILL_AREA(#7442);
#7444=SURFACE_SIDE_STYLE('',(#7443));
#7445=SURFACE_STYLE_USAGE(.BOTH.,#7444);
#7446=PRESENTATION_STYLE_ASSIGNMENT((#7445));
#7447=OVER_RIDING_STYLED_ITEM('',(#7446),#7440,#2317);
#7448=CARTESIAN_POINT('',(-5.5E-1,1.024880653677E0,2.384981891249E0));
#7449=DIRECTION('',(-7.071067811865E-1,2.946284221365E-14,7.071067811865E-1));
#7450=DIRECTION('',(-7.071067811865E-1,0.E0,-7.071067811865E-1));
#7451=AXIS2_PLACEMENT_3D('',#7448,#7449,#7450);
#7452=PLANE('',#7451);
#7453=ORIENTED_EDGE('',*,*,#6979,.T.);
#7454=ORIENTED_EDGE('',*,*,#7435,.T.);
#7455=ORIENTED_EDGE('',*,*,#6901,.T.);
#7457=ORIENTED_EDGE('',*,*,#7456,.F.);
#7458=EDGE_LOOP('',(#7453,#7454,#7455,#7457));
#7459=FACE_OUTER_BOUND('',#7458,.F.);
#7460=ADVANCED_FACE('',(#7459),#7452,.F.);
#7461=FILL_AREA_STYLE_COLOUR('',#2316);
#7462=FILL_AREA_STYLE('',(#7461));
#7463=SURFACE_STYLE_FILL_AREA(#7462);
#7464=SURFACE_SIDE_STYLE('',(#7463));
#7465=SURFACE_STYLE_USAGE(.BOTH.,#7464);
#7466=PRESENTATION_STYLE_ASSIGNMENT((#7465));
#7467=OVER_RIDING_STYLED_ITEM('',(#7466),#7460,#2317);
#7468=CARTESIAN_POINT('',(-6.5E-1,1.024880653677E0,2.284981891249E0));
#7469=DIRECTION('',(-1.E0,1.530383209350E-14,0.E0));
#7470=DIRECTION('',(0.E0,-2.636291895114E-14,-1.E0));
#7471=AXIS2_PLACEMENT_3D('',#7468,#7469,#7470);
#7472=PLANE('',#7471);
#7473=ORIENTED_EDGE('',*,*,#6981,.F.);
#7474=ORIENTED_EDGE('',*,*,#7456,.T.);
#7475=ORIENTED_EDGE('',*,*,#6899,.F.);
#7477=ORIENTED_EDGE('',*,*,#7476,.F.);
#7478=EDGE_LOOP('',(#7473,#7474,#7475,#7477));
#7479=FACE_OUTER_BOUND('',#7478,.F.);
#7480=ADVANCED_FACE('',(#7479),#7472,.F.);
#7481=FILL_AREA_STYLE_COLOUR('',#2316);
#7482=FILL_AREA_STYLE('',(#7481));
#7483=SURFACE_STYLE_FILL_AREA(#7482);
#7484=SURFACE_SIDE_STYLE('',(#7483));
#7485=SURFACE_STYLE_USAGE(.BOTH.,#7484);
#7486=PRESENTATION_STYLE_ASSIGNMENT((#7485));
#7487=OVER_RIDING_STYLED_ITEM('',(#7486),#7480,#2317);
#7488=CARTESIAN_POINT('',(-6.5E-1,1.024880653677E0,9.849818912490E-1));
#7489=DIRECTION('',(-7.071067811865E-1,0.E0,-7.071067811865E-1));
#7490=DIRECTION('',(7.071067811865E-1,-2.946284221365E-14,-7.071067811865E-1));
#7491=AXIS2_PLACEMENT_3D('',#7488,#7489,#7490);
#7492=PLANE('',#7491);
#7493=ORIENTED_EDGE('',*,*,#6983,.T.);
#7494=ORIENTED_EDGE('',*,*,#7476,.T.);
#7495=ORIENTED_EDGE('',*,*,#6897,.T.);
#7497=ORIENTED_EDGE('',*,*,#7496,.F.);
#7498=EDGE_LOOP('',(#7493,#7494,#7495,#7497));
#7499=FACE_OUTER_BOUND('',#7498,.F.);
#7500=ADVANCED_FACE('',(#7499),#7492,.F.);
#7501=FILL_AREA_STYLE_COLOUR('',#2316);
#7502=FILL_AREA_STYLE('',(#7501));
#7503=SURFACE_STYLE_FILL_AREA(#7502);
#7504=SURFACE_SIDE_STYLE('',(#7503));
#7505=SURFACE_STYLE_USAGE(.BOTH.,#7504);
#7506=PRESENTATION_STYLE_ASSIGNMENT((#7505));
#7507=OVER_RIDING_STYLED_ITEM('',(#7506),#7500,#2317);
#7508=CARTESIAN_POINT('',(-5.5E-1,1.024880653677E0,8.849818912490E-1));
#7509=DIRECTION('',(0.E0,-2.636291895114E-14,-1.E0));
#7510=DIRECTION('',(1.E0,-1.530383209350E-14,0.E0));
#7511=AXIS2_PLACEMENT_3D('',#7508,#7509,#7510);
#7512=PLANE('',#7511);
#7513=ORIENTED_EDGE('',*,*,#6940,.F.);
#7514=ORIENTED_EDGE('',*,*,#6985,.F.);
#7515=ORIENTED_EDGE('',*,*,#7496,.T.);
#7516=ORIENTED_EDGE('',*,*,#6895,.F.);
#7517=EDGE_LOOP('',(#7513,#7514,#7515,#7516));
#7518=FACE_OUTER_BOUND('',#7517,.F.);
#7519=ADVANCED_FACE('',(#7518),#7512,.F.);
#7520=FILL_AREA_STYLE_COLOUR('',#2316);
#7521=FILL_AREA_STYLE('',(#7520));
#7522=SURFACE_STYLE_FILL_AREA(#7521);
#7523=SURFACE_SIDE_STYLE('',(#7522));
#7524=SURFACE_STYLE_USAGE(.BOTH.,#7523);
#7525=PRESENTATION_STYLE_ASSIGNMENT((#7524));
#7526=OVER_RIDING_STYLED_ITEM('',(#7525),#7519,#2317);
#7527=CARTESIAN_POINT('',(2.65E0,1.024880653678E0,1.066998189125E1));
#7528=DIRECTION('',(1.E0,-1.501769213870E-14,0.E0));
#7529=DIRECTION('',(-1.501769213870E-14,-1.E0,2.636291895114E-14));
#7530=AXIS2_PLACEMENT_3D('',#7527,#7528,#7529);
#7531=PLANE('',#7530);
#7532=ORIENTED_EDGE('',*,*,#6711,.F.);
#7534=ORIENTED_EDGE('',*,*,#7533,.F.);
#7535=ORIENTED_EDGE('',*,*,#7154,.T.);
#7536=ORIENTED_EDGE('',*,*,#6653,.F.);
#7537=EDGE_LOOP('',(#7532,#7534,#7535,#7536));
#7538=FACE_OUTER_BOUND('',#7537,.F.);
#7539=ADVANCED_FACE('',(#7538),#7531,.F.);
#7540=FILL_AREA_STYLE_COLOUR('',#2316);
#7541=FILL_AREA_STYLE('',(#7540));
#7542=SURFACE_STYLE_FILL_AREA(#7541);
#7543=SURFACE_SIDE_STYLE('',(#7542));
#7544=SURFACE_STYLE_USAGE(.BOTH.,#7543);
#7545=PRESENTATION_STYLE_ASSIGNMENT((#7544));
#7546=OVER_RIDING_STYLED_ITEM('',(#7545),#7539,#2317);
#7547=CARTESIAN_POINT('',(2.65E0,-2.855119346322E0,1.066998189125E1));
#7548=DIRECTION('',(-1.530383209350E-14,-1.E0,2.636291895114E-14));
#7549=DIRECTION('',(-1.E0,1.530383209350E-14,0.E0));
#7550=AXIS2_PLACEMENT_3D('',#7547,#7548,#7549);
#7551=PLANE('',#7550);
#7552=ORIENTED_EDGE('',*,*,#6709,.F.);
#7553=ORIENTED_EDGE('',*,*,#6752,.F.);
#7554=ORIENTED_EDGE('',*,*,#7156,.T.);
#7555=ORIENTED_EDGE('',*,*,#7533,.T.);
#7556=EDGE_LOOP('',(#7552,#7553,#7554,#7555));
#7557=FACE_OUTER_BOUND('',#7556,.F.);
#7559=ORIENTED_EDGE('',*,*,#7558,.T.);
#7561=ORIENTED_EDGE('',*,*,#7560,.T.);
#7563=ORIENTED_EDGE('',*,*,#7562,.T.);
#7565=ORIENTED_EDGE('',*,*,#7564,.T.);
#7566=EDGE_LOOP('',(#7559,#7561,#7563,#7565));
#7567=FACE_BOUND('',#7566,.F.);
#7569=ORIENTED_EDGE('',*,*,#7568,.T.);
#7571=ORIENTED_EDGE('',*,*,#7570,.T.);
#7573=ORIENTED_EDGE('',*,*,#7572,.T.);
#7575=ORIENTED_EDGE('',*,*,#7574,.T.);
#7576=EDGE_LOOP('',(#7569,#7571,#7573,#7575));
#7577=FACE_BOUND('',#7576,.F.);
#7578=ADVANCED_FACE('',(#7557,#7567,#7577),#7551,.F.);
#7579=FILL_AREA_STYLE_COLOUR('',#2316);
#7580=FILL_AREA_STYLE('',(#7579));
#7581=SURFACE_STYLE_FILL_AREA(#7580);
#7582=SURFACE_SIDE_STYLE('',(#7581));
#7583=SURFACE_STYLE_USAGE(.BOTH.,#7582);
#7584=PRESENTATION_STYLE_ASSIGNMENT((#7583));
#7585=OVER_RIDING_STYLED_ITEM('',(#7584),#7578,#2317);
#7586=CARTESIAN_POINT('',(-6.5E-1,-6.255119346323E0,3.239981891249E0));
#7587=DIRECTION('',(-1.E0,1.508614130436E-14,0.E0));
#7588=DIRECTION('',(0.E0,2.636291895114E-14,1.E0));
#7589=AXIS2_PLACEMENT_3D('',#7586,#7587,#7588);
#7590=PLANE('',#7589);
#7591=ORIENTED_EDGE('',*,*,#7558,.F.);
#7593=ORIENTED_EDGE('',*,*,#7592,.T.);
#7595=ORIENTED_EDGE('',*,*,#7594,.F.);
#7597=ORIENTED_EDGE('',*,*,#7596,.F.);
#7599=ORIENTED_EDGE('',*,*,#7598,.T.);
#7601=ORIENTED_EDGE('',*,*,#7600,.T.);
#7603=ORIENTED_EDGE('',*,*,#7602,.T.);
#7605=ORIENTED_EDGE('',*,*,#7604,.F.);
#7607=ORIENTED_EDGE('',*,*,#7606,.T.);
#7609=ORIENTED_EDGE('',*,*,#7608,.F.);
#7611=ORIENTED_EDGE('',*,*,#7610,.F.);
#7613=ORIENTED_EDGE('',*,*,#7612,.F.);
#7614=EDGE_LOOP('',(#7591,#7593,#7595,#7597,#7599,#7601,#7603,#7605,#7607,#7609,
#7611,#7613));
#7615=FACE_OUTER_BOUND('',#7614,.F.);
#7616=ADVANCED_FACE('',(#7615),#7590,.F.);
#7617=FILL_AREA_STYLE_COLOUR('',#2316);
#7618=FILL_AREA_STYLE('',(#7617));
#7619=SURFACE_STYLE_FILL_AREA(#7618);
#7620=SURFACE_SIDE_STYLE('',(#7619));
#7621=SURFACE_STYLE_USAGE(.BOTH.,#7620);
#7622=PRESENTATION_STYLE_ASSIGNMENT((#7621));
#7623=OVER_RIDING_STYLED_ITEM('',(#7622),#7616,#2317);
#7624=CARTESIAN_POINT('',(6.5E-1,-6.255119346323E0,3.239981891249E0));
#7625=DIRECTION('',(0.E0,-2.636291895114E-14,-1.E0));
#7626=DIRECTION('',(-1.E0,1.511063783167E-14,0.E0));
#7627=AXIS2_PLACEMENT_3D('',#7624,#7625,#7626);
#7628=PLANE('',#7627);
#7629=ORIENTED_EDGE('',*,*,#7564,.F.);
#7631=ORIENTED_EDGE('',*,*,#7630,.T.);
#7633=ORIENTED_EDGE('',*,*,#7632,.F.);
#7634=ORIENTED_EDGE('',*,*,#7592,.F.);
#7635=EDGE_LOOP('',(#7629,#7631,#7633,#7634));
#7636=FACE_OUTER_BOUND('',#7635,.F.);
#7637=ADVANCED_FACE('',(#7636),#7628,.F.);
#7638=FILL_AREA_STYLE_COLOUR('',#2316);
#7639=FILL_AREA_STYLE('',(#7638));
#7640=SURFACE_STYLE_FILL_AREA(#7639);
#7641=SURFACE_SIDE_STYLE('',(#7640));
#7642=SURFACE_STYLE_USAGE(.BOTH.,#7641);
#7643=PRESENTATION_STYLE_ASSIGNMENT((#7642));
#7644=OVER_RIDING_STYLED_ITEM('',(#7643),#7637,#2317);
#7645=CARTESIAN_POINT('',(6.5E-1,-6.255119346322E0,8.319981891249E0));
#7646=DIRECTION('',(1.E0,-1.508614130436E-14,0.E0));
#7647=DIRECTION('',(0.E0,-2.636291895114E-14,-1.E0));
#7648=AXIS2_PLACEMENT_3D('',#7645,#7646,#7647);
#7649=PLANE('',#7648);
#7650=ORIENTED_EDGE('',*,*,#7562,.F.);
#7652=ORIENTED_EDGE('',*,*,#7651,.T.);
#7654=ORIENTED_EDGE('',*,*,#7653,.F.);
#7656=ORIENTED_EDGE('',*,*,#7655,.F.);
#7658=ORIENTED_EDGE('',*,*,#7657,.T.);
#7660=ORIENTED_EDGE('',*,*,#7659,.T.);
#7662=ORIENTED_EDGE('',*,*,#7661,.T.);
#7664=ORIENTED_EDGE('',*,*,#7663,.F.);
#7666=ORIENTED_EDGE('',*,*,#7665,.T.);
#7668=ORIENTED_EDGE('',*,*,#7667,.F.);
#7670=ORIENTED_EDGE('',*,*,#7669,.F.);
#7671=ORIENTED_EDGE('',*,*,#7630,.F.);
#7672=EDGE_LOOP('',(#7650,#7652,#7654,#7656,#7658,#7660,#7662,#7664,#7666,#7668,
#7670,#7671));
#7673=FACE_OUTER_BOUND('',#7672,.F.);
#7674=ADVANCED_FACE('',(#7673),#7649,.F.);
#7675=FILL_AREA_STYLE_COLOUR('',#2316);
#7676=FILL_AREA_STYLE('',(#7675));
#7677=SURFACE_STYLE_FILL_AREA(#7676);
#7678=SURFACE_SIDE_STYLE('',(#7677));
#7679=SURFACE_STYLE_USAGE(.BOTH.,#7678);
#7680=PRESENTATION_STYLE_ASSIGNMENT((#7679));
#7681=OVER_RIDING_STYLED_ITEM('',(#7680),#7674,#2317);
#7682=CARTESIAN_POINT('',(-6.5E-1,-6.255119346322E0,8.319981891249E0));
#7683=DIRECTION('',(0.E0,2.636291895114E-14,1.E0));
#7684=DIRECTION('',(1.E0,-1.511063783167E-14,0.E0));
#7685=AXIS2_PLACEMENT_3D('',#7682,#7683,#7684);
#7686=PLANE('',#7685);
#7687=ORIENTED_EDGE('',*,*,#7560,.F.);
#7688=ORIENTED_EDGE('',*,*,#7612,.T.);
#7690=ORIENTED_EDGE('',*,*,#7689,.F.);
#7691=ORIENTED_EDGE('',*,*,#7651,.F.);
#7692=EDGE_LOOP('',(#7687,#7688,#7690,#7691));
#7693=FACE_OUTER_BOUND('',#7692,.F.);
#7694=ADVANCED_FACE('',(#7693),#7686,.F.);
#7695=FILL_AREA_STYLE_COLOUR('',#2316);
#7696=FILL_AREA_STYLE('',(#7695));
#7697=SURFACE_STYLE_FILL_AREA(#7696);
#7698=SURFACE_SIDE_STYLE('',(#7697));
#7699=SURFACE_STYLE_USAGE(.BOTH.,#7698);
#7700=PRESENTATION_STYLE_ASSIGNMENT((#7699));
#7701=OVER_RIDING_STYLED_ITEM('',(#7700),#7694,#2317);
#7702=CARTESIAN_POINT('',(-1.25E0,-6.255119346322E0,5.779981891249E0));
#7703=DIRECTION('',(1.511063783167E-14,1.E0,-2.636291895114E-14));
#7704=DIRECTION('',(0.E0,-2.636291895114E-14,-1.E0));
#7705=AXIS2_PLACEMENT_3D('',#7702,#7703,#7704);
#7706=PLANE('',#7705);
#7708=ORIENTED_EDGE('',*,*,#7707,.F.);
#7710=ORIENTED_EDGE('',*,*,#7709,.F.);
#7712=ORIENTED_EDGE('',*,*,#7711,.F.);
#7713=ORIENTED_EDGE('',*,*,#6483,.F.);
#7714=ORIENTED_EDGE('',*,*,#6529,.F.);
#7716=ORIENTED_EDGE('',*,*,#7715,.T.);
#7718=ORIENTED_EDGE('',*,*,#7717,.T.);
#7720=ORIENTED_EDGE('',*,*,#7719,.F.);
#7722=ORIENTED_EDGE('',*,*,#7721,.F.);
#7724=ORIENTED_EDGE('',*,*,#7723,.F.);
#7726=ORIENTED_EDGE('',*,*,#7725,.F.);
#7728=ORIENTED_EDGE('',*,*,#7727,.T.);
#7730=ORIENTED_EDGE('',*,*,#7729,.T.);
#7732=ORIENTED_EDGE('',*,*,#7731,.F.);
#7733=EDGE_LOOP('',(#7708,#7710,#7712,#7713,#7714,#7716,#7718,#7720,#7722,#7724,
#7726,#7728,#7730,#7732));
#7734=FACE_OUTER_BOUND('',#7733,.F.);
#7735=ORIENTED_EDGE('',*,*,#7669,.T.);
#7737=ORIENTED_EDGE('',*,*,#7736,.T.);
#7739=ORIENTED_EDGE('',*,*,#7738,.T.);
#7741=ORIENTED_EDGE('',*,*,#7740,.T.);
#7742=ORIENTED_EDGE('',*,*,#7653,.T.);
#7743=ORIENTED_EDGE('',*,*,#7689,.T.);
#7744=ORIENTED_EDGE('',*,*,#7610,.T.);
#7746=ORIENTED_EDGE('',*,*,#7745,.T.);
#7748=ORIENTED_EDGE('',*,*,#7747,.T.);
#7750=ORIENTED_EDGE('',*,*,#7749,.T.);
#7752=ORIENTED_EDGE('',*,*,#7751,.T.);
#7754=ORIENTED_EDGE('',*,*,#7753,.T.);
#7756=ORIENTED_EDGE('',*,*,#7755,.T.);
#7758=ORIENTED_EDGE('',*,*,#7757,.T.);
#7760=ORIENTED_EDGE('',*,*,#7759,.T.);
#7762=ORIENTED_EDGE('',*,*,#7761,.T.);
#7764=ORIENTED_EDGE('',*,*,#7763,.T.);
#7766=ORIENTED_EDGE('',*,*,#7765,.T.);
#7767=ORIENTED_EDGE('',*,*,#7594,.T.);
#7768=ORIENTED_EDGE('',*,*,#7632,.T.);
#7769=EDGE_LOOP('',(#7735,#7737,#7739,#7741,#7742,#7743,#7744,#7746,#7748,#7750,
#7752,#7754,#7756,#7758,#7760,#7762,#7764,#7766,#7767,#7768));
#7770=FACE_BOUND('',#7769,.F.);
#7772=ORIENTED_EDGE('',*,*,#7771,.F.);
#7774=ORIENTED_EDGE('',*,*,#7773,.F.);
#7776=ORIENTED_EDGE('',*,*,#7775,.F.);
#7778=ORIENTED_EDGE('',*,*,#7777,.F.);
#7780=ORIENTED_EDGE('',*,*,#7779,.F.);
#7782=ORIENTED_EDGE('',*,*,#7781,.F.);
#7784=ORIENTED_EDGE('',*,*,#7783,.F.);
#7786=ORIENTED_EDGE('',*,*,#7785,.F.);
#7788=ORIENTED_EDGE('',*,*,#7787,.F.);
#7790=ORIENTED_EDGE('',*,*,#7789,.F.);
#7792=ORIENTED_EDGE('',*,*,#7791,.F.);
#7794=ORIENTED_EDGE('',*,*,#7793,.F.);
#7796=ORIENTED_EDGE('',*,*,#7795,.F.);
#7798=ORIENTED_EDGE('',*,*,#7797,.F.);
#7800=ORIENTED_EDGE('',*,*,#7799,.F.);
#7802=ORIENTED_EDGE('',*,*,#7801,.F.);
#7804=ORIENTED_EDGE('',*,*,#7803,.F.);
#7805=EDGE_LOOP('',(#7772,#7774,#7776,#7778,#7780,#7782,#7784,#7786,#7788,#7790,
#7792,#7794,#7796,#7798,#7800,#7802,#7804));
#7806=FACE_BOUND('',#7805,.F.);
#7808=ORIENTED_EDGE('',*,*,#7807,.T.);
#7810=ORIENTED_EDGE('',*,*,#7809,.T.);
#7812=ORIENTED_EDGE('',*,*,#7811,.T.);
#7814=ORIENTED_EDGE('',*,*,#7813,.T.);
#7816=ORIENTED_EDGE('',*,*,#7815,.F.);
#7818=ORIENTED_EDGE('',*,*,#7817,.T.);
#7820=ORIENTED_EDGE('',*,*,#7819,.F.);
#7821=EDGE_LOOP('',(#7808,#7810,#7812,#7814,#7816,#7818,#7820));
#7822=FACE_BOUND('',#7821,.F.);
#7824=ORIENTED_EDGE('',*,*,#7823,.T.);
#7826=ORIENTED_EDGE('',*,*,#7825,.T.);
#7828=ORIENTED_EDGE('',*,*,#7827,.T.);
#7830=ORIENTED_EDGE('',*,*,#7829,.F.);
#7832=ORIENTED_EDGE('',*,*,#7831,.F.);
#7834=ORIENTED_EDGE('',*,*,#7833,.F.);
#7836=ORIENTED_EDGE('',*,*,#7835,.F.);
#7838=ORIENTED_EDGE('',*,*,#7837,.F.);
#7840=ORIENTED_EDGE('',*,*,#7839,.F.);
#7842=ORIENTED_EDGE('',*,*,#7841,.F.);
#7844=ORIENTED_EDGE('',*,*,#7843,.F.);
#7846=ORIENTED_EDGE('',*,*,#7845,.F.);
#7848=ORIENTED_EDGE('',*,*,#7847,.F.);
#7849=EDGE_LOOP('',(#7824,#7826,#7828,#7830,#7832,#7834,#7836,#7838,#7840,#7842,
#7844,#7846,#7848));
#7850=FACE_BOUND('',#7849,.F.);
#7852=ORIENTED_EDGE('',*,*,#7851,.T.);
#7854=ORIENTED_EDGE('',*,*,#7853,.T.);
#7856=ORIENTED_EDGE('',*,*,#7855,.T.);
#7858=ORIENTED_EDGE('',*,*,#7857,.T.);
#7860=ORIENTED_EDGE('',*,*,#7859,.T.);
#7862=ORIENTED_EDGE('',*,*,#7861,.T.);
#7864=ORIENTED_EDGE('',*,*,#7863,.T.);
#7866=ORIENTED_EDGE('',*,*,#7865,.T.);
#7868=ORIENTED_EDGE('',*,*,#7867,.T.);
#7870=ORIENTED_EDGE('',*,*,#7869,.F.);
#7872=ORIENTED_EDGE('',*,*,#7871,.T.);
#7873=EDGE_LOOP('',(#7852,#7854,#7856,#7858,#7860,#7862,#7864,#7866,#7868,#7870,
#7872));
#7874=FACE_BOUND('',#7873,.F.);
#7875=ADVANCED_FACE('',(#7734,#7770,#7806,#7822,#7850,#7874),#7706,.F.);
#7876=FILL_AREA_STYLE_COLOUR('',#2316);
#7877=FILL_AREA_STYLE('',(#7876));
#7878=SURFACE_STYLE_FILL_AREA(#7877);
#7879=SURFACE_SIDE_STYLE('',(#7878));
#7880=SURFACE_STYLE_USAGE(.BOTH.,#7879);
#7881=PRESENTATION_STYLE_ASSIGNMENT((#7880));
#7882=OVER_RIDING_STYLED_ITEM('',(#7881),#7875,#2317);
#7883=CARTESIAN_POINT('',(-5.475E0,-1.487511934632E1,7.816876659483E0));
#7884=DIRECTION('',(-7.619676117460E-1,2.858684184590E-14,6.476151315790E-1));
#7885=DIRECTION('',(6.476151315790E-1,1.030261611146E-14,7.619676117460E-1));
#7886=AXIS2_PLACEMENT_3D('',#7883,#7884,#7885);
#7887=PLANE('',#7886);
#7889=ORIENTED_EDGE('',*,*,#7888,.T.);
#7891=ORIENTED_EDGE('',*,*,#7890,.F.);
#7892=ORIENTED_EDGE('',*,*,#7707,.T.);
#7894=ORIENTED_EDGE('',*,*,#7893,.T.);
#7895=EDGE_LOOP('',(#7889,#7891,#7892,#7894));
#7896=FACE_OUTER_BOUND('',#7895,.F.);
#7897=ADVANCED_FACE('',(#7896),#7887,.F.);
#7898=FILL_AREA_STYLE_COLOUR('',#2316);
#7899=FILL_AREA_STYLE('',(#7898));
#7900=SURFACE_STYLE_FILL_AREA(#7899);
#7901=SURFACE_SIDE_STYLE('',(#7900));
#7902=SURFACE_STYLE_USAGE(.BOTH.,#7901);
#7903=PRESENTATION_STYLE_ASSIGNMENT((#7902));
#7904=OVER_RIDING_STYLED_ITEM('',(#7903),#7897,#2317);
#7905=CARTESIAN_POINT('',(-7.668997856177E0,-1.466311934632E1,
5.467093227250E0));
#7906=DIRECTION('',(6.220147919559E-1,-5.775899117559E-1,-5.286657662699E-1));
#7907=DIRECTION('',(7.078297649700E-14,-6.751750434660E-1,7.376575497348E-1));
#7908=AXIS2_PLACEMENT_3D('',#7905,#7906,#7907);
#7909=PLANE('',#7908);
#7911=ORIENTED_EDGE('',*,*,#7910,.F.);
#7912=ORIENTED_EDGE('',*,*,#6569,.T.);
#7914=ORIENTED_EDGE('',*,*,#7913,.T.);
#7915=ORIENTED_EDGE('',*,*,#7888,.F.);
#7916=EDGE_LOOP('',(#7911,#7912,#7914,#7915));
#7917=FACE_OUTER_BOUND('',#7916,.F.);
#7918=ADVANCED_FACE('',(#7917),#7909,.T.);
#7919=FILL_AREA_STYLE_COLOUR('',#2316);
#7920=FILL_AREA_STYLE('',(#7919));
#7921=SURFACE_STYLE_FILL_AREA(#7920);
#7922=SURFACE_SIDE_STYLE('',(#7921));
#7923=SURFACE_STYLE_USAGE(.BOTH.,#7922);
#7924=PRESENTATION_STYLE_ASSIGNMENT((#7923));
#7925=OVER_RIDING_STYLED_ITEM('',(#7924),#7918,#2317);
#7926=CARTESIAN_POINT('',(-5.625E0,-1.466311934632E1,1.269981891249E0));
#7927=DIRECTION('',(8.163270752817E-1,-5.775899117558E-1,1.509441753734E-14));
#7928=DIRECTION('',(0.E0,2.609817404347E-14,1.E0));
#7929=AXIS2_PLACEMENT_3D('',#7926,#7927,#7928);
#7930=PLANE('',#7929);
#7932=ORIENTED_EDGE('',*,*,#7931,.T.);
#7933=ORIENTED_EDGE('',*,*,#6571,.T.);
#7934=ORIENTED_EDGE('',*,*,#7910,.T.);
#7936=ORIENTED_EDGE('',*,*,#7935,.T.);
#7937=EDGE_LOOP('',(#7932,#7933,#7934,#7936));
#7938=FACE_OUTER_BOUND('',#7937,.F.);
#7939=ADVANCED_FACE('',(#7938),#7930,.T.);
#7940=FILL_AREA_STYLE_COLOUR('',#2316);
#7941=FILL_AREA_STYLE('',(#7940));
#7942=SURFACE_STYLE_FILL_AREA(#7941);
#7943=SURFACE_SIDE_STYLE('',(#7942));
#7944=SURFACE_STYLE_USAGE(.BOTH.,#7943);
#7945=PRESENTATION_STYLE_ASSIGNMENT((#7944));
#7946=OVER_RIDING_STYLED_ITEM('',(#7945),#7939,#2317);
#7947=CARTESIAN_POINT('',(-5.475E0,-1.487511934632E1,6.819981891249E0));
#7948=DIRECTION('',(0.E0,2.623412277659E-14,1.E0));
#7949=DIRECTION('',(1.511063783167E-14,1.E0,-2.623412277659E-14));
#7950=AXIS2_PLACEMENT_3D('',#7947,#7948,#7949);
#7951=PLANE('',#7950);
#7952=ORIENTED_EDGE('',*,*,#7931,.F.);
#7954=ORIENTED_EDGE('',*,*,#7953,.F.);
#7955=ORIENTED_EDGE('',*,*,#7729,.F.);
#7957=ORIENTED_EDGE('',*,*,#7956,.T.);
#7958=ORIENTED_EDGE('',*,*,#6573,.F.);
#7959=EDGE_LOOP('',(#7952,#7954,#7955,#7957,#7958));
#7960=FACE_OUTER_BOUND('',#7959,.F.);
#7961=ADVANCED_FACE('',(#7960),#7951,.F.);
#7962=FILL_AREA_STYLE_COLOUR('',#2316);
#7963=FILL_AREA_STYLE('',(#7962));
#7964=SURFACE_STYLE_FILL_AREA(#7963);
#7965=SURFACE_SIDE_STYLE('',(#7964));
#7966=SURFACE_STYLE_USAGE(.BOTH.,#7965);
#7967=PRESENTATION_STYLE_ASSIGNMENT((#7966));
#7968=OVER_RIDING_STYLED_ITEM('',(#7967),#7961,#2317);
#7969=CARTESIAN_POINT('',(-5.475E0,-1.487511934632E1,1.889981891249E0));
#7970=DIRECTION('',(-1.E0,1.511063783167E-14,0.E0));
#7971=DIRECTION('',(0.E0,2.636291895114E-14,1.E0));
#7972=AXIS2_PLACEMENT_3D('',#7969,#7970,#7971);
#7973=PLANE('',#7972);
#7974=ORIENTED_EDGE('',*,*,#7935,.F.);
#7975=ORIENTED_EDGE('',*,*,#7893,.F.);
#7976=ORIENTED_EDGE('',*,*,#7731,.T.);
#7977=ORIENTED_EDGE('',*,*,#7953,.T.);
#7978=EDGE_LOOP('',(#7974,#7975,#7976,#7977));
#7979=FACE_OUTER_BOUND('',#7978,.F.);
#7980=ADVANCED_FACE('',(#7979),#7973,.F.);
#7981=FILL_AREA_STYLE_COLOUR('',#2316);
#7982=FILL_AREA_STYLE('',(#7981));
#7983=SURFACE_STYLE_FILL_AREA(#7982);
#7984=SURFACE_SIDE_STYLE('',(#7983));
#7985=SURFACE_STYLE_USAGE(.BOTH.,#7984);
#7986=PRESENTATION_STYLE_ASSIGNMENT((#7985));
#7987=OVER_RIDING_STYLED_ITEM('',(#7986),#7980,#2317);
#7988=CARTESIAN_POINT('',(-6.05E0,-1.056511934632E1,4.819981891249E0));
#7989=DIRECTION('',(-1.E0,1.530383209350E-14,0.E0));
#7990=DIRECTION('',(0.E0,2.636291895114E-14,1.E0));
#7991=AXIS2_PLACEMENT_3D('',#7988,#7989,#7990);
#7992=PLANE('',#7991);
#7993=ORIENTED_EDGE('',*,*,#7727,.F.);
#7995=ORIENTED_EDGE('',*,*,#7994,.F.);
#7996=ORIENTED_EDGE('',*,*,#6575,.F.);
#7997=ORIENTED_EDGE('',*,*,#7956,.F.);
#7998=EDGE_LOOP('',(#7993,#7995,#7996,#7997));
#7999=FACE_OUTER_BOUND('',#7998,.F.);
#8000=ADVANCED_FACE('',(#7999),#7992,.F.);
#8001=FILL_AREA_STYLE_COLOUR('',#2316);
#8002=FILL_AREA_STYLE('',(#8001));
#8003=SURFACE_STYLE_FILL_AREA(#8002);
#8004=SURFACE_SIDE_STYLE('',(#8003));
#8005=SURFACE_STYLE_USAGE(.BOTH.,#8004);
#8006=PRESENTATION_STYLE_ASSIGNMENT((#8005));
#8007=OVER_RIDING_STYLED_ITEM('',(#8006),#8000,#2317);
#8008=CARTESIAN_POINT('',(-5.475E0,-6.255119346322E0,2.819981891249E0));
#8009=DIRECTION('',(0.E0,-2.610532660204E-14,-1.E0));
#8010=DIRECTION('',(-1.511063783167E-14,-1.E0,2.610532660204E-14));
#8011=AXIS2_PLACEMENT_3D('',#8008,#8009,#8010);
#8012=PLANE('',#8011);
#8014=ORIENTED_EDGE('',*,*,#8013,.F.);
#8015=ORIENTED_EDGE('',*,*,#6577,.F.);
#8016=ORIENTED_EDGE('',*,*,#7994,.T.);
#8017=ORIENTED_EDGE('',*,*,#7725,.T.);
#8019=ORIENTED_EDGE('',*,*,#8018,.F.);
#8020=EDGE_LOOP('',(#8014,#8015,#8016,#8017,#8019));
#8021=FACE_OUTER_BOUND('',#8020,.F.);
#8022=ADVANCED_FACE('',(#8021),#8012,.F.);
#8023=FILL_AREA_STYLE_COLOUR('',#2316);
#8024=FILL_AREA_STYLE('',(#8023));
#8025=SURFACE_STYLE_FILL_AREA(#8024);
#8026=SURFACE_SIDE_STYLE('',(#8025));
#8027=SURFACE_STYLE_USAGE(.BOTH.,#8026);
#8028=PRESENTATION_STYLE_ASSIGNMENT((#8027));
#8029=OVER_RIDING_STYLED_ITEM('',(#8028),#8022,#2317);
#8030=CARTESIAN_POINT('',(-5.625E0,-1.466311934632E1,1.269981891249E0));
#8031=DIRECTION('',(8.163270752817E-1,-5.775899117558E-1,1.509441753734E-14));
#8032=DIRECTION('',(0.E0,2.609817404347E-14,1.E0));
#8033=AXIS2_PLACEMENT_3D('',#8030,#8031,#8032);
#8034=PLANE('',#8033);
#8035=ORIENTED_EDGE('',*,*,#8013,.T.);
#8037=ORIENTED_EDGE('',*,*,#8036,.T.);
#8039=ORIENTED_EDGE('',*,*,#8038,.F.);
#8040=ORIENTED_EDGE('',*,*,#6579,.T.);
#8041=EDGE_LOOP('',(#8035,#8037,#8039,#8040));
#8042=FACE_OUTER_BOUND('',#8041,.F.);
#8043=ADVANCED_FACE('',(#8042),#8034,.T.);
#8044=FILL_AREA_STYLE_COLOUR('',#2316);
#8045=FILL_AREA_STYLE('',(#8044));
#8046=SURFACE_STYLE_FILL_AREA(#8045);
#8047=SURFACE_SIDE_STYLE('',(#8046));
#8048=SURFACE_STYLE_USAGE(.BOTH.,#8047);
#8049=PRESENTATION_STYLE_ASSIGNMENT((#8048));
#8050=OVER_RIDING_STYLED_ITEM('',(#8049),#8043,#2317);
#8051=CARTESIAN_POINT('',(-5.475E0,-1.487511934632E1,1.889981891249E0));
#8052=DIRECTION('',(-1.E0,1.511063783167E-14,0.E0));
#8053=DIRECTION('',(0.E0,2.636291895114E-14,1.E0));
#8054=AXIS2_PLACEMENT_3D('',#8051,#8052,#8053);
#8055=PLANE('',#8054);
#8056=ORIENTED_EDGE('',*,*,#8036,.F.);
#8057=ORIENTED_EDGE('',*,*,#8018,.T.);
#8058=ORIENTED_EDGE('',*,*,#7723,.T.);
#8060=ORIENTED_EDGE('',*,*,#8059,.T.);
#8061=EDGE_LOOP('',(#8056,#8057,#8058,#8060));
#8062=FACE_OUTER_BOUND('',#8061,.F.);
#8063=ADVANCED_FACE('',(#8062),#8055,.F.);
#8064=FILL_AREA_STYLE_COLOUR('',#2316);
#8065=FILL_AREA_STYLE('',(#8064));
#8066=SURFACE_STYLE_FILL_AREA(#8065);
#8067=SURFACE_SIDE_STYLE('',(#8066));
#8068=SURFACE_STYLE_USAGE(.BOTH.,#8067);
#8069=PRESENTATION_STYLE_ASSIGNMENT((#8068));
#8070=OVER_RIDING_STYLED_ITEM('',(#8069),#8063,#2317);
#8071=CARTESIAN_POINT('',(2.975E0,-1.487511934632E1,1.889981891249E0));
#8072=DIRECTION('',(0.E0,-2.636291895114E-14,-1.E0));
#8073=DIRECTION('',(-1.E0,1.510939723805E-14,0.E0));
#8074=AXIS2_PLACEMENT_3D('',#8071,#8072,#8073);
#8075=PLANE('',#8074);
#8077=ORIENTED_EDGE('',*,*,#8076,.F.);
#8078=ORIENTED_EDGE('',*,*,#8059,.F.);
#8079=ORIENTED_EDGE('',*,*,#7721,.T.);
#8081=ORIENTED_EDGE('',*,*,#8080,.T.);
#8082=EDGE_LOOP('',(#8077,#8078,#8079,#8081));
#8083=FACE_OUTER_BOUND('',#8082,.F.);
#8084=ADVANCED_FACE('',(#8083),#8075,.F.);
#8085=FILL_AREA_STYLE_COLOUR('',#2316);
#8086=FILL_AREA_STYLE('',(#8085));
#8087=SURFACE_STYLE_FILL_AREA(#8086);
#8088=SURFACE_SIDE_STYLE('',(#8087));
#8089=SURFACE_STYLE_USAGE(.BOTH.,#8088);
#8090=PRESENTATION_STYLE_ASSIGNMENT((#8089));
#8091=OVER_RIDING_STYLED_ITEM('',(#8090),#8084,#2317);
#8092=CARTESIAN_POINT('',(-1.9925E0,-1.466311934632E1,1.739981891249E0));
#8093=DIRECTION('',(0.E0,-5.775899117558E-1,8.163270752817E-1));
#8094=DIRECTION('',(1.247851586995E-14,8.163270752817E-1,5.775899117558E-1));
#8095=AXIS2_PLACEMENT_3D('',#8092,#8093,#8094);
#8096=PLANE('',#8095);
#8097=ORIENTED_EDGE('',*,*,#8076,.T.);
#8099=ORIENTED_EDGE('',*,*,#8098,.T.);
#8100=ORIENTED_EDGE('',*,*,#6581,.T.);
#8101=ORIENTED_EDGE('',*,*,#8038,.T.);
#8102=EDGE_LOOP('',(#8097,#8099,#8100,#8101));
#8103=FACE_OUTER_BOUND('',#8102,.F.);
#8104=ADVANCED_FACE('',(#8103),#8096,.T.);
#8105=FILL_AREA_STYLE_COLOUR('',#2316);
#8106=FILL_AREA_STYLE('',(#8105));
#8107=SURFACE_STYLE_FILL_AREA(#8106);
#8108=SURFACE_SIDE_STYLE('',(#8107));
#8109=SURFACE_STYLE_USAGE(.BOTH.,#8108);
#8110=PRESENTATION_STYLE_ASSIGNMENT((#8109));
#8111=OVER_RIDING_STYLED_ITEM('',(#8110),#8104,#2317);
#8112=CARTESIAN_POINT('',(3.125E0,-1.466311934632E1,4.233429275366E0));
#8113=DIRECTION('',(-8.163270752817E-1,-5.775899117558E-1,1.520658053601E-14));
#8114=DIRECTION('',(0.E0,2.636291895114E-14,1.E0));
#8115=AXIS2_PLACEMENT_3D('',#8112,#8113,#8114);
#8116=PLANE('',#8115);
#8118=ORIENTED_EDGE('',*,*,#8117,.T.);
#8119=ORIENTED_EDGE('',*,*,#6557,.T.);
#8120=ORIENTED_EDGE('',*,*,#8098,.F.);
#8122=ORIENTED_EDGE('',*,*,#8121,.T.);
#8123=EDGE_LOOP('',(#8118,#8119,#8120,#8122));
#8124=FACE_OUTER_BOUND('',#8123,.F.);
#8125=ADVANCED_FACE('',(#8124),#8116,.T.);
#8126=FILL_AREA_STYLE_COLOUR('',#2316);
#8127=FILL_AREA_STYLE('',(#8126));
#8128=SURFACE_STYLE_FILL_AREA(#8127);
#8129=SURFACE_SIDE_STYLE('',(#8128));
#8130=SURFACE_STYLE_USAGE(.BOTH.,#8129);
#8131=PRESENTATION_STYLE_ASSIGNMENT((#8130));
#8132=OVER_RIDING_STYLED_ITEM('',(#8131),#8125,#2317);
#8133=CARTESIAN_POINT('',(2.975E0,-1.487511934632E1,2.819981891249E0));
#8134=DIRECTION('',(0.E0,-2.662051130024E-14,-1.E0));
#8135=DIRECTION('',(1.511063783167E-14,1.E0,-2.662051130024E-14));
#8136=AXIS2_PLACEMENT_3D('',#8133,#8134,#8135);
#8137=PLANE('',#8136);
#8138=ORIENTED_EDGE('',*,*,#8117,.F.);
#8140=ORIENTED_EDGE('',*,*,#8139,.F.);
#8141=ORIENTED_EDGE('',*,*,#7717,.F.);
#8143=ORIENTED_EDGE('',*,*,#8142,.T.);
#8144=ORIENTED_EDGE('',*,*,#6559,.F.);
#8145=EDGE_LOOP('',(#8138,#8140,#8141,#8143,#8144));
#8146=FACE_OUTER_BOUND('',#8145,.F.);
#8147=ADVANCED_FACE('',(#8146),#8137,.F.);
#8148=FILL_AREA_STYLE_COLOUR('',#2316);
#8149=FILL_AREA_STYLE('',(#8148));
#8150=SURFACE_STYLE_FILL_AREA(#8149);
#8151=SURFACE_SIDE_STYLE('',(#8150));
#8152=SURFACE_STYLE_USAGE(.BOTH.,#8151);
#8153=PRESENTATION_STYLE_ASSIGNMENT((#8152));
#8154=OVER_RIDING_STYLED_ITEM('',(#8153),#8147,#2317);
#8155=CARTESIAN_POINT('',(2.975E0,-1.487511934632E1,7.816876659483E0));
#8156=DIRECTION('',(1.E0,-1.511063783167E-14,0.E0));
#8157=DIRECTION('',(0.E0,-2.636291895114E-14,-1.E0));
#8158=AXIS2_PLACEMENT_3D('',#8155,#8156,#8157);
#8159=PLANE('',#8158);
#8160=ORIENTED_EDGE('',*,*,#8121,.F.);
#8161=ORIENTED_EDGE('',*,*,#8080,.F.);
#8162=ORIENTED_EDGE('',*,*,#7719,.T.);
#8163=ORIENTED_EDGE('',*,*,#8139,.T.);
#8164=EDGE_LOOP('',(#8160,#8161,#8162,#8163));
#8165=FACE_OUTER_BOUND('',#8164,.F.);
#8166=ADVANCED_FACE('',(#8165),#8159,.F.);
#8167=FILL_AREA_STYLE_COLOUR('',#2316);
#8168=FILL_AREA_STYLE('',(#8167));
#8169=SURFACE_STYLE_FILL_AREA(#8168);
#8170=SURFACE_SIDE_STYLE('',(#8169));
#8171=SURFACE_STYLE_USAGE(.BOTH.,#8170);
#8172=PRESENTATION_STYLE_ASSIGNMENT((#8171));
#8173=OVER_RIDING_STYLED_ITEM('',(#8172),#8166,#2317);
#8174=CARTESIAN_POINT('',(3.55E0,-1.056511934632E1,4.819981891249E0));
#8175=DIRECTION('',(1.E0,-1.530383209350E-14,0.E0));
#8176=DIRECTION('',(0.E0,-2.636291895114E-14,-1.E0));
#8177=AXIS2_PLACEMENT_3D('',#8174,#8175,#8176);
#8178=PLANE('',#8177);
#8179=ORIENTED_EDGE('',*,*,#6561,.F.);
#8180=ORIENTED_EDGE('',*,*,#8142,.F.);
#8181=ORIENTED_EDGE('',*,*,#7715,.F.);
#8182=ORIENTED_EDGE('',*,*,#6527,.F.);
#8183=EDGE_LOOP('',(#8179,#8180,#8181,#8182));
#8184=FACE_OUTER_BOUND('',#8183,.F.);
#8185=ADVANCED_FACE('',(#8184),#8178,.F.);
#8186=FILL_AREA_STYLE_COLOUR('',#2316);
#8187=FILL_AREA_STYLE('',(#8186));
#8188=SURFACE_STYLE_FILL_AREA(#8187);
#8189=SURFACE_SIDE_STYLE('',(#8188));
#8190=SURFACE_STYLE_USAGE(.BOTH.,#8189);
#8191=PRESENTATION_STYLE_ASSIGNMENT((#8190));
#8192=OVER_RIDING_STYLED_ITEM('',(#8191),#8185,#2317);
#8193=CARTESIAN_POINT('',(-5.43E0,-1.466311934632E1,9.819981891249E0));
#8194=DIRECTION('',(0.E0,-5.775899117558E-1,-8.163270752817E-1));
#8195=DIRECTION('',(-1.250734911702E-14,-8.163270752817E-1,5.775899117558E-1));
#8196=AXIS2_PLACEMENT_3D('',#8193,#8194,#8195);
#8197=PLANE('',#8196);
#8198=ORIENTED_EDGE('',*,*,#7913,.F.);
#8199=ORIENTED_EDGE('',*,*,#6567,.T.);
#8201=ORIENTED_EDGE('',*,*,#8200,.T.);
#8203=ORIENTED_EDGE('',*,*,#8202,.T.);
#8204=EDGE_LOOP('',(#8198,#8199,#8201,#8203));
#8205=FACE_OUTER_BOUND('',#8204,.F.);
#8206=ADVANCED_FACE('',(#8205),#8197,.T.);
#8207=FILL_AREA_STYLE_COLOUR('',#2316);
#8208=FILL_AREA_STYLE('',(#8207));
#8209=SURFACE_STYLE_FILL_AREA(#8208);
#8210=SURFACE_SIDE_STYLE('',(#8209));
#8211=SURFACE_STYLE_USAGE(.BOTH.,#8210);
#8212=PRESENTATION_STYLE_ASSIGNMENT((#8211));
#8213=OVER_RIDING_STYLED_ITEM('',(#8212),#8206,#2317);
#8214=CARTESIAN_POINT('',(1.986693258285E0,-1.466311934632E1,9.211312464982E0));
#8215=DIRECTION('',(-6.220147919559E-1,-5.775899117559E-1,-5.286657662699E-1));
#8216=DIRECTION('',(-8.342922626983E-14,-6.751750434659E-1,7.376575497348E-1));
#8217=AXIS2_PLACEMENT_3D('',#8214,#8215,#8216);
#8218=PLANE('',#8217);
#8219=ORIENTED_EDGE('',*,*,#8200,.F.);
#8220=ORIENTED_EDGE('',*,*,#6565,.T.);
#8221=ORIENTED_EDGE('',*,*,#6505,.T.);
#8223=ORIENTED_EDGE('',*,*,#8222,.F.);
#8224=EDGE_LOOP('',(#8219,#8220,#8221,#8223));
#8225=FACE_OUTER_BOUND('',#8224,.F.);
#8226=ADVANCED_FACE('',(#8225),#8218,.T.);
#8227=FILL_AREA_STYLE_COLOUR('',#2316);
#8228=FILL_AREA_STYLE('',(#8227));
#8229=SURFACE_STYLE_FILL_AREA(#8228);
#8230=SURFACE_SIDE_STYLE('',(#8229));
#8231=SURFACE_STYLE_USAGE(.BOTH.,#8230);
#8232=PRESENTATION_STYLE_ASSIGNMENT((#8231));
#8233=OVER_RIDING_STYLED_ITEM('',(#8232),#8226,#2317);
#8234=CARTESIAN_POINT('',(1.4E0,-1.487511934632E1,9.669981891249E0));
#8235=DIRECTION('',(7.619676117460E-1,0.E0,6.476151315790E-1));
#8236=DIRECTION('',(6.476151315790E-1,-2.987276467225E-14,-7.619676117460E-1));
#8237=AXIS2_PLACEMENT_3D('',#8234,#8235,#8236);
#8238=PLANE('',#8237);
#8239=ORIENTED_EDGE('',*,*,#8222,.T.);
#8240=ORIENTED_EDGE('',*,*,#6485,.F.);
#8241=ORIENTED_EDGE('',*,*,#7711,.T.);
#8243=ORIENTED_EDGE('',*,*,#8242,.T.);
#8244=EDGE_LOOP('',(#8239,#8240,#8241,#8243));
#8245=FACE_OUTER_BOUND('',#8244,.F.);
#8246=ADVANCED_FACE('',(#8245),#8238,.F.);
#8247=FILL_AREA_STYLE_COLOUR('',#2316);
#8248=FILL_AREA_STYLE('',(#8247));
#8249=SURFACE_STYLE_FILL_AREA(#8248);
#8250=SURFACE_SIDE_STYLE('',(#8249));
#8251=SURFACE_STYLE_USAGE(.BOTH.,#8250);
#8252=PRESENTATION_STYLE_ASSIGNMENT((#8251));
#8253=OVER_RIDING_STYLED_ITEM('',(#8252),#8246,#2317);
#8254=CARTESIAN_POINT('',(-3.9E0,-1.487511934632E1,9.669981891249E0));
#8255=DIRECTION('',(0.E0,2.636291895114E-14,1.E0));
#8256=DIRECTION('',(1.E0,-1.510939723805E-14,0.E0));
#8257=AXIS2_PLACEMENT_3D('',#8254,#8255,#8256);
#8258=PLANE('',#8257);
#8259=ORIENTED_EDGE('',*,*,#8202,.F.);
#8260=ORIENTED_EDGE('',*,*,#8242,.F.);
#8261=ORIENTED_EDGE('',*,*,#7709,.T.);
#8262=ORIENTED_EDGE('',*,*,#7890,.T.);
#8263=EDGE_LOOP('',(#8259,#8260,#8261,#8262));
#8264=FACE_OUTER_BOUND('',#8263,.F.);
#8265=ADVANCED_FACE('',(#8264),#8258,.F.);
#8266=FILL_AREA_STYLE_COLOUR('',#2316);
#8267=FILL_AREA_STYLE('',(#8266));
#8268=SURFACE_STYLE_FILL_AREA(#8267);
#8269=SURFACE_SIDE_STYLE('',(#8268));
#8270=SURFACE_STYLE_USAGE(.BOTH.,#8269);
#8271=PRESENTATION_STYLE_ASSIGNMENT((#8270));
#8272=OVER_RIDING_STYLED_ITEM('',(#8271),#8265,#2317);
#8273=CARTESIAN_POINT('',(-4.05E0,-6.255119346322E0,4.189981891249E0));
#8274=DIRECTION('',(0.E0,-2.636291895114E-14,-1.E0));
#8275=DIRECTION('',(1.E0,-1.511063783167E-14,0.E0));
#8276=AXIS2_PLACEMENT_3D('',#8273,#8274,#8275);
#8277=PLANE('',#8276);
#8279=ORIENTED_EDGE('',*,*,#8278,.T.);
#8281=ORIENTED_EDGE('',*,*,#8280,.T.);
#8283=ORIENTED_EDGE('',*,*,#8282,.T.);
#8284=ORIENTED_EDGE('',*,*,#7757,.F.);
#8286=ORIENTED_EDGE('',*,*,#8285,.F.);
#8288=ORIENTED_EDGE('',*,*,#8287,.F.);
#8290=ORIENTED_EDGE('',*,*,#8289,.T.);
#8291=ORIENTED_EDGE('',*,*,#7736,.F.);
#8292=ORIENTED_EDGE('',*,*,#7667,.T.);
#8294=ORIENTED_EDGE('',*,*,#8293,.T.);
#8295=ORIENTED_EDGE('',*,*,#7596,.T.);
#8296=ORIENTED_EDGE('',*,*,#7765,.F.);
#8297=EDGE_LOOP('',(#8279,#8281,#8283,#8284,#8286,#8288,#8290,#8291,#8292,#8294,
#8295,#8296));
#8298=FACE_OUTER_BOUND('',#8297,.F.);
#8299=ADVANCED_FACE('',(#8298),#8277,.T.);
#8300=FILL_AREA_STYLE_COLOUR('',#2316);
#8301=FILL_AREA_STYLE('',(#8300));
#8302=SURFACE_STYLE_FILL_AREA(#8301);
#8303=SURFACE_SIDE_STYLE('',(#8302));
#8304=SURFACE_STYLE_USAGE(.BOTH.,#8303);
#8305=PRESENTATION_STYLE_ASSIGNMENT((#8304));
#8306=OVER_RIDING_STYLED_ITEM('',(#8305),#8299,#2317);
#8307=CARTESIAN_POINT('',(-1.85E0,-6.255119346322E0,8.319981891249E0));
#8308=DIRECTION('',(1.E0,-1.510995123442E-14,0.E0));
#8309=DIRECTION('',(0.E0,-2.636291895114E-14,-1.E0));
#8310=AXIS2_PLACEMENT_3D('',#8307,#8308,#8309);
#8311=PLANE('',#8310);
#8312=ORIENTED_EDGE('',*,*,#7568,.F.);
#8314=ORIENTED_EDGE('',*,*,#8313,.T.);
#8315=ORIENTED_EDGE('',*,*,#7747,.F.);
#8317=ORIENTED_EDGE('',*,*,#8316,.F.);
#8319=ORIENTED_EDGE('',*,*,#8318,.T.);
#8321=ORIENTED_EDGE('',*,*,#8320,.T.);
#8323=ORIENTED_EDGE('',*,*,#8322,.T.);
#8325=ORIENTED_EDGE('',*,*,#8324,.F.);
#8327=ORIENTED_EDGE('',*,*,#8326,.T.);
#8328=ORIENTED_EDGE('',*,*,#8278,.F.);
#8329=ORIENTED_EDGE('',*,*,#7763,.F.);
#8331=ORIENTED_EDGE('',*,*,#8330,.F.);
#8332=EDGE_LOOP('',(#8312,#8314,#8315,#8317,#8319,#8321,#8323,#8325,#8327,#8328,
#8329,#8331));
#8333=FACE_OUTER_BOUND('',#8332,.F.);
#8334=ADVANCED_FACE('',(#8333),#8311,.F.);
#8335=FILL_AREA_STYLE_COLOUR('',#2316);
#8336=FILL_AREA_STYLE('',(#8335));
#8337=SURFACE_STYLE_FILL_AREA(#8336);
#8338=SURFACE_SIDE_STYLE('',(#8337));
#8339=SURFACE_STYLE_USAGE(.BOTH.,#8338);
#8340=PRESENTATION_STYLE_ASSIGNMENT((#8339));
#8341=OVER_RIDING_STYLED_ITEM('',(#8340),#8334,#2317);
#8342=CARTESIAN_POINT('',(-3.15E0,-6.255119346322E0,8.319981891249E0));
#8343=DIRECTION('',(0.E0,2.636291895114E-14,1.E0));
#8344=DIRECTION('',(1.E0,-1.511063783167E-14,0.E0));
#8345=AXIS2_PLACEMENT_3D('',#8342,#8343,#8344);
#8346=PLANE('',#8345);
#8347=ORIENTED_EDGE('',*,*,#7574,.F.);
#8349=ORIENTED_EDGE('',*,*,#8348,.T.);
#8350=ORIENTED_EDGE('',*,*,#7749,.F.);
#8351=ORIENTED_EDGE('',*,*,#8313,.F.);
#8352=EDGE_LOOP('',(#8347,#8349,#8350,#8351));
#8353=FACE_OUTER_BOUND('',#8352,.F.);
#8354=ADVANCED_FACE('',(#8353),#8346,.F.);
#8355=FILL_AREA_STYLE_COLOUR('',#2316);
#8356=FILL_AREA_STYLE('',(#8355));
#8357=SURFACE_STYLE_FILL_AREA(#8356);
#8358=SURFACE_SIDE_STYLE('',(#8357));
#8359=SURFACE_STYLE_USAGE(.BOTH.,#8358);
#8360=PRESENTATION_STYLE_ASSIGNMENT((#8359));
#8361=OVER_RIDING_STYLED_ITEM('',(#8360),#8354,#2317);
#8362=CARTESIAN_POINT('',(-3.15E0,-6.255119346322E0,3.239981891249E0));
#8363=DIRECTION('',(-1.E0,1.510995123442E-14,0.E0));
#8364=DIRECTION('',(0.E0,2.636291895114E-14,1.E0));
#8365=AXIS2_PLACEMENT_3D('',#8362,#8363,#8364);
#8366=PLANE('',#8365);
#8367=ORIENTED_EDGE('',*,*,#7572,.F.);
#8369=ORIENTED_EDGE('',*,*,#8368,.T.);
#8370=ORIENTED_EDGE('',*,*,#7759,.F.);
#8371=ORIENTED_EDGE('',*,*,#8282,.F.);
#8373=ORIENTED_EDGE('',*,*,#8372,.T.);
#8375=ORIENTED_EDGE('',*,*,#8374,.T.);
#8377=ORIENTED_EDGE('',*,*,#8376,.T.);
#8379=ORIENTED_EDGE('',*,*,#8378,.F.);
#8381=ORIENTED_EDGE('',*,*,#8380,.T.);
#8383=ORIENTED_EDGE('',*,*,#8382,.F.);
#8384=ORIENTED_EDGE('',*,*,#7751,.F.);
#8385=ORIENTED_EDGE('',*,*,#8348,.F.);
#8386=EDGE_LOOP('',(#8367,#8369,#8370,#8371,#8373,#8375,#8377,#8379,#8381,#8383,
#8384,#8385));
#8387=FACE_OUTER_BOUND('',#8386,.F.);
#8388=ADVANCED_FACE('',(#8387),#8366,.F.);
#8389=FILL_AREA_STYLE_COLOUR('',#2316);
#8390=FILL_AREA_STYLE('',(#8389));
#8391=SURFACE_STYLE_FILL_AREA(#8390);
#8392=SURFACE_SIDE_STYLE('',(#8391));
#8393=SURFACE_STYLE_USAGE(.BOTH.,#8392);
#8394=PRESENTATION_STYLE_ASSIGNMENT((#8393));
#8395=OVER_RIDING_STYLED_ITEM('',(#8394),#8388,#2317);
#8396=CARTESIAN_POINT('',(-1.85E0,-6.255119346323E0,3.239981891249E0));
#8397=DIRECTION('',(0.E0,-2.636291895114E-14,-1.E0));
#8398=DIRECTION('',(-1.E0,1.511063783167E-14,0.E0));
#8399=AXIS2_PLACEMENT_3D('',#8396,#8397,#8398);
#8400=PLANE('',#8399);
#8401=ORIENTED_EDGE('',*,*,#7570,.F.);
#8402=ORIENTED_EDGE('',*,*,#8330,.T.);
#8403=ORIENTED_EDGE('',*,*,#7761,.F.);
#8404=ORIENTED_EDGE('',*,*,#8368,.F.);
#8405=EDGE_LOOP('',(#8401,#8402,#8403,#8404));
#8406=FACE_OUTER_BOUND('',#8405,.F.);
#8407=ADVANCED_FACE('',(#8406),#8400,.F.);
#8408=FILL_AREA_STYLE_COLOUR('',#2316);
#8409=FILL_AREA_STYLE('',(#8408));
#8410=SURFACE_STYLE_FILL_AREA(#8409);
#8411=SURFACE_SIDE_STYLE('',(#8410));
#8412=SURFACE_STYLE_USAGE(.BOTH.,#8411);
#8413=PRESENTATION_STYLE_ASSIGNMENT((#8412));
#8414=OVER_RIDING_STYLED_ITEM('',(#8413),#8407,#2317);
#8415=CARTESIAN_POINT('',(-2.5E0,-1.375511934632E1,4.779981891249E0));
#8416=DIRECTION('',(-1.510954306419E-14,-1.E0,2.636291895114E-14));
#8417=DIRECTION('',(0.E0,2.636291895114E-14,1.E0));
#8418=AXIS2_PLACEMENT_3D('',#8415,#8416,#8417);
#8419=PLANE('',#8418);
#8420=ORIENTED_EDGE('',*,*,#8280,.F.);
#8421=ORIENTED_EDGE('',*,*,#8326,.F.);
#8423=ORIENTED_EDGE('',*,*,#8422,.F.);
#8424=ORIENTED_EDGE('',*,*,#8372,.F.);
#8425=EDGE_LOOP('',(#8420,#8421,#8423,#8424));
#8426=FACE_OUTER_BOUND('',#8425,.F.);
#8428=ORIENTED_EDGE('',*,*,#8427,.T.);
#8430=ORIENTED_EDGE('',*,*,#8429,.T.);
#8432=ORIENTED_EDGE('',*,*,#8431,.T.);
#8434=ORIENTED_EDGE('',*,*,#8433,.T.);
#8435=EDGE_LOOP('',(#8428,#8430,#8432,#8434));
#8436=FACE_BOUND('',#8435,.F.);
#8437=ADVANCED_FACE('',(#8426,#8436),#8419,.F.);
#8438=FILL_AREA_STYLE_COLOUR('',#2316);
#8439=FILL_AREA_STYLE('',(#8438));
#8440=SURFACE_STYLE_FILL_AREA(#8439);
#8441=SURFACE_SIDE_STYLE('',(#8440));
#8442=SURFACE_STYLE_USAGE(.BOTH.,#8441);
#8443=PRESENTATION_STYLE_ASSIGNMENT((#8442));
#8444=OVER_RIDING_STYLED_ITEM('',(#8443),#8437,#2317);
#8445=CARTESIAN_POINT('',(-1.85E0,-6.255119346322E0,5.369981891249E0));
#8446=DIRECTION('',(0.E0,2.636291895114E-14,1.E0));
#8447=DIRECTION('',(-1.E0,1.511063783167E-14,0.E0));
#8448=AXIS2_PLACEMENT_3D('',#8445,#8446,#8447);
#8449=PLANE('',#8448);
#8451=ORIENTED_EDGE('',*,*,#8450,.F.);
#8452=ORIENTED_EDGE('',*,*,#8374,.F.);
#8453=ORIENTED_EDGE('',*,*,#8422,.T.);
#8454=ORIENTED_EDGE('',*,*,#8324,.T.);
#8455=EDGE_LOOP('',(#8451,#8452,#8453,#8454));
#8456=FACE_OUTER_BOUND('',#8455,.F.);
#8457=ADVANCED_FACE('',(#8456),#8449,.F.);
#8458=FILL_AREA_STYLE_COLOUR('',#2316);
#8459=FILL_AREA_STYLE('',(#8458));
#8460=SURFACE_STYLE_FILL_AREA(#8459);
#8461=SURFACE_SIDE_STYLE('',(#8460));
#8462=SURFACE_STYLE_USAGE(.BOTH.,#8461);
#8463=PRESENTATION_STYLE_ASSIGNMENT((#8462));
#8464=OVER_RIDING_STYLED_ITEM('',(#8463),#8457,#2317);
#8465=CARTESIAN_POINT('',(-2.5E0,-6.255119346322E0,5.779981891249E0));
#8466=DIRECTION('',(-1.511063783167E-14,-1.E0,2.636291895114E-14));
#8467=DIRECTION('',(0.E0,2.636291895114E-14,1.E0));
#8468=AXIS2_PLACEMENT_3D('',#8465,#8466,#8467);
#8469=PLANE('',#8468);
#8470=ORIENTED_EDGE('',*,*,#8450,.T.);
#8471=ORIENTED_EDGE('',*,*,#8322,.F.);
#8473=ORIENTED_EDGE('',*,*,#8472,.T.);
#8474=ORIENTED_EDGE('',*,*,#8376,.F.);
#8475=EDGE_LOOP('',(#8470,#8471,#8473,#8474));
#8476=FACE_OUTER_BOUND('',#8475,.F.);
#8477=ADVANCED_FACE('',(#8476),#8469,.F.);
#8478=FILL_AREA_STYLE_COLOUR('',#2316);
#8479=FILL_AREA_STYLE('',(#8478));
#8480=SURFACE_STYLE_FILL_AREA(#8479);
#8481=SURFACE_SIDE_STYLE('',(#8480));
#8482=SURFACE_STYLE_USAGE(.BOTH.,#8481);
#8483=PRESENTATION_STYLE_ASSIGNMENT((#8482));
#8484=OVER_RIDING_STYLED_ITEM('',(#8483),#8477,#2317);
#8485=CARTESIAN_POINT('',(-3.15E0,-6.255119346322E0,6.189981891249E0));
#8486=DIRECTION('',(0.E0,-2.636291895114E-14,-1.E0));
#8487=DIRECTION('',(1.E0,-1.511063783167E-14,0.E0));
#8488=AXIS2_PLACEMENT_3D('',#8485,#8486,#8487);
#8489=PLANE('',#8488);
#8490=ORIENTED_EDGE('',*,*,#8472,.F.);
#8491=ORIENTED_EDGE('',*,*,#8320,.F.);
#8493=ORIENTED_EDGE('',*,*,#8492,.T.);
#8494=ORIENTED_EDGE('',*,*,#8378,.T.);
#8495=EDGE_LOOP('',(#8490,#8491,#8493,#8494));
#8496=FACE_OUTER_BOUND('',#8495,.F.);
#8497=ADVANCED_FACE('',(#8496),#8489,.F.);
#8498=FILL_AREA_STYLE_COLOUR('',#2316);
#8499=FILL_AREA_STYLE('',(#8498));
#8500=SURFACE_STYLE_FILL_AREA(#8499);
#8501=SURFACE_SIDE_STYLE('',(#8500));
#8502=SURFACE_STYLE_USAGE(.BOTH.,#8501);
#8503=PRESENTATION_STYLE_ASSIGNMENT((#8502));
#8504=OVER_RIDING_STYLED_ITEM('',(#8503),#8497,#2317);
#8505=CARTESIAN_POINT('',(-2.5E0,-1.375511934632E1,6.779981891249E0));
#8506=DIRECTION('',(-1.510954306419E-14,-1.E0,2.636291895114E-14));
#8507=DIRECTION('',(0.E0,2.636291895114E-14,1.E0));
#8508=AXIS2_PLACEMENT_3D('',#8505,#8506,#8507);
#8509=PLANE('',#8508);
#8510=ORIENTED_EDGE('',*,*,#8318,.F.);
#8512=ORIENTED_EDGE('',*,*,#8511,.F.);
#8513=ORIENTED_EDGE('',*,*,#8380,.F.);
#8514=ORIENTED_EDGE('',*,*,#8492,.F.);
#8515=EDGE_LOOP('',(#8510,#8512,#8513,#8514));
#8516=FACE_OUTER_BOUND('',#8515,.F.);
#8518=ORIENTED_EDGE('',*,*,#8517,.T.);
#8520=ORIENTED_EDGE('',*,*,#8519,.T.);
#8522=ORIENTED_EDGE('',*,*,#8521,.T.);
#8524=ORIENTED_EDGE('',*,*,#8523,.T.);
#8525=EDGE_LOOP('',(#8518,#8520,#8522,#8524));
#8526=FACE_BOUND('',#8525,.F.);
#8527=ADVANCED_FACE('',(#8516,#8526),#8509,.F.);
#8528=FILL_AREA_STYLE_COLOUR('',#2316);
#8529=FILL_AREA_STYLE('',(#8528));
#8530=SURFACE_STYLE_FILL_AREA(#8529);
#8531=SURFACE_SIDE_STYLE('',(#8530));
#8532=SURFACE_STYLE_USAGE(.BOTH.,#8531);
#8533=PRESENTATION_STYLE_ASSIGNMENT((#8532));
#8534=OVER_RIDING_STYLED_ITEM('',(#8533),#8527,#2317);
#8535=CARTESIAN_POINT('',(1.55E0,-6.255119346322E0,7.369981891249E0));
#8536=DIRECTION('',(0.E0,2.636291895114E-14,1.E0));
#8537=DIRECTION('',(-1.E0,1.511063783167E-14,0.E0));
#8538=AXIS2_PLACEMENT_3D('',#8535,#8536,#8537);
#8539=PLANE('',#8538);
#8540=ORIENTED_EDGE('',*,*,#8316,.T.);
#8541=ORIENTED_EDGE('',*,*,#7745,.F.);
#8542=ORIENTED_EDGE('',*,*,#7608,.T.);
#8544=ORIENTED_EDGE('',*,*,#8543,.T.);
#8545=ORIENTED_EDGE('',*,*,#7655,.T.);
#8546=ORIENTED_EDGE('',*,*,#7740,.F.);
#8548=ORIENTED_EDGE('',*,*,#8547,.F.);
#8550=ORIENTED_EDGE('',*,*,#8549,.F.);
#8552=ORIENTED_EDGE('',*,*,#8551,.T.);
#8553=ORIENTED_EDGE('',*,*,#7753,.F.);
#8554=ORIENTED_EDGE('',*,*,#8382,.T.);
#8555=ORIENTED_EDGE('',*,*,#8511,.T.);
#8556=EDGE_LOOP('',(#8540,#8541,#8542,#8544,#8545,#8546,#8548,#8550,#8552,#8553,
#8554,#8555));
#8557=FACE_OUTER_BOUND('',#8556,.F.);
#8558=ADVANCED_FACE('',(#8557),#8539,.T.);
#8559=FILL_AREA_STYLE_COLOUR('',#2316);
#8560=FILL_AREA_STYLE('',(#8559));
#8561=SURFACE_STYLE_FILL_AREA(#8560);
#8562=SURFACE_SIDE_STYLE('',(#8561));
#8563=SURFACE_STYLE_USAGE(.BOTH.,#8562);
#8564=PRESENTATION_STYLE_ASSIGNMENT((#8563));
#8565=OVER_RIDING_STYLED_ITEM('',(#8564),#8558,#2317);
#8566=CARTESIAN_POINT('',(-1.271205363196E-13,-1.375511934632E1,
6.779981891249E0));
#8567=DIRECTION('',(-1.508178748857E-14,-1.E0,2.636291895114E-14));
#8568=DIRECTION('',(0.E0,2.636291895114E-14,1.E0));
#8569=AXIS2_PLACEMENT_3D('',#8566,#8567,#8568);
#8570=PLANE('',#8569);
#8572=ORIENTED_EDGE('',*,*,#8571,.F.);
#8573=ORIENTED_EDGE('',*,*,#7657,.F.);
#8574=ORIENTED_EDGE('',*,*,#8543,.F.);
#8575=ORIENTED_EDGE('',*,*,#7606,.F.);
#8576=EDGE_LOOP('',(#8572,#8573,#8574,#8575));
#8577=FACE_OUTER_BOUND('',#8576,.F.);
#8579=ORIENTED_EDGE('',*,*,#8578,.T.);
#8581=ORIENTED_EDGE('',*,*,#8580,.T.);
#8583=ORIENTED_EDGE('',*,*,#8582,.T.);
#8585=ORIENTED_EDGE('',*,*,#8584,.T.);
#8586=EDGE_LOOP('',(#8579,#8581,#8583,#8585));
#8587=FACE_BOUND('',#8586,.F.);
#8588=ADVANCED_FACE('',(#8577,#8587),#8570,.F.);
#8589=FILL_AREA_STYLE_COLOUR('',#2316);
#8590=FILL_AREA_STYLE('',(#8589));
#8591=SURFACE_STYLE_FILL_AREA(#8590);
#8592=SURFACE_SIDE_STYLE('',(#8591));
#8593=SURFACE_STYLE_USAGE(.BOTH.,#8592);
#8594=PRESENTATION_STYLE_ASSIGNMENT((#8593));
#8595=OVER_RIDING_STYLED_ITEM('',(#8594),#8588,#2317);
#8596=CARTESIAN_POINT('',(-6.5E-1,-6.255119346322E0,6.189981891249E0));
#8597=DIRECTION('',(0.E0,-2.636291895114E-14,-1.E0));
#8598=DIRECTION('',(1.E0,-1.511063783167E-14,0.E0));
#8599=AXIS2_PLACEMENT_3D('',#8596,#8597,#8598);
#8600=PLANE('',#8599);
#8602=ORIENTED_EDGE('',*,*,#8601,.F.);
#8603=ORIENTED_EDGE('',*,*,#7659,.F.);
#8604=ORIENTED_EDGE('',*,*,#8571,.T.);
#8605=ORIENTED_EDGE('',*,*,#7604,.T.);
#8606=EDGE_LOOP('',(#8602,#8603,#8604,#8605));
#8607=FACE_OUTER_BOUND('',#8606,.F.);
#8608=ADVANCED_FACE('',(#8607),#8600,.F.);
#8609=FILL_AREA_STYLE_COLOUR('',#2316);
#8610=FILL_AREA_STYLE('',(#8609));
#8611=SURFACE_STYLE_FILL_AREA(#8610);
#8612=SURFACE_SIDE_STYLE('',(#8611));
#8613=SURFACE_STYLE_USAGE(.BOTH.,#8612);
#8614=PRESENTATION_STYLE_ASSIGNMENT((#8613));
#8615=OVER_RIDING_STYLED_ITEM('',(#8614),#8608,#2317);
#8616=CARTESIAN_POINT('',(-1.387778780781E-14,-6.255119346322E0,
5.779981891249E0));
#8617=DIRECTION('',(-1.511063783167E-14,-1.E0,2.636291895114E-14));
#8618=DIRECTION('',(0.E0,2.636291895114E-14,1.E0));
#8619=AXIS2_PLACEMENT_3D('',#8616,#8617,#8618);
#8620=PLANE('',#8619);
#8622=ORIENTED_EDGE('',*,*,#8621,.T.);
#8623=ORIENTED_EDGE('',*,*,#7661,.F.);
#8624=ORIENTED_EDGE('',*,*,#8601,.T.);
#8625=ORIENTED_EDGE('',*,*,#7602,.F.);
#8626=EDGE_LOOP('',(#8622,#8623,#8624,#8625));
#8627=FACE_OUTER_BOUND('',#8626,.F.);
#8628=ADVANCED_FACE('',(#8627),#8620,.F.);
#8629=FILL_AREA_STYLE_COLOUR('',#2316);
#8630=FILL_AREA_STYLE('',(#8629));
#8631=SURFACE_STYLE_FILL_AREA(#8630);
#8632=SURFACE_SIDE_STYLE('',(#8631));
#8633=SURFACE_STYLE_USAGE(.BOTH.,#8632);
#8634=PRESENTATION_STYLE_ASSIGNMENT((#8633));
#8635=OVER_RIDING_STYLED_ITEM('',(#8634),#8628,#2317);
#8636=CARTESIAN_POINT('',(6.5E-1,-6.255119346322E0,5.369981891249E0));
#8637=DIRECTION('',(0.E0,2.636291895114E-14,1.E0));
#8638=DIRECTION('',(-1.E0,1.511063783167E-14,0.E0));
#8639=AXIS2_PLACEMENT_3D('',#8636,#8637,#8638);
#8640=PLANE('',#8639);
#8641=ORIENTED_EDGE('',*,*,#8621,.F.);
#8642=ORIENTED_EDGE('',*,*,#7600,.F.);
#8644=ORIENTED_EDGE('',*,*,#8643,.T.);
#8645=ORIENTED_EDGE('',*,*,#7663,.T.);
#8646=EDGE_LOOP('',(#8641,#8642,#8644,#8645));
#8647=FACE_OUTER_BOUND('',#8646,.F.);
#8648=ADVANCED_FACE('',(#8647),#8640,.F.);
#8649=FILL_AREA_STYLE_COLOUR('',#2316);
#8650=FILL_AREA_STYLE('',(#8649));
#8651=SURFACE_STYLE_FILL_AREA(#8650);
#8652=SURFACE_SIDE_STYLE('',(#8651));
#8653=SURFACE_STYLE_USAGE(.BOTH.,#8652);
#8654=PRESENTATION_STYLE_ASSIGNMENT((#8653));
#8655=OVER_RIDING_STYLED_ITEM('',(#8654),#8648,#2317);
#8656=CARTESIAN_POINT('',(-1.273980920757E-13,-1.375511934632E1,
4.779981891249E0));
#8657=DIRECTION('',(-1.511879492273E-14,-1.E0,2.636291895114E-14));
#8658=DIRECTION('',(0.E0,2.636291895114E-14,1.E0));
#8659=AXIS2_PLACEMENT_3D('',#8656,#8657,#8658);
#8660=PLANE('',#8659);
#8661=ORIENTED_EDGE('',*,*,#7598,.F.);
#8662=ORIENTED_EDGE('',*,*,#8293,.F.);
#8663=ORIENTED_EDGE('',*,*,#7665,.F.);
#8664=ORIENTED_EDGE('',*,*,#8643,.F.);
#8665=EDGE_LOOP('',(#8661,#8662,#8663,#8664));
#8666=FACE_OUTER_BOUND('',#8665,.F.);
#8668=ORIENTED_EDGE('',*,*,#8667,.T.);
#8670=ORIENTED_EDGE('',*,*,#8669,.T.);
#8672=ORIENTED_EDGE('',*,*,#8671,.T.);
#8674=ORIENTED_EDGE('',*,*,#8673,.T.);
#8675=EDGE_LOOP('',(#8668,#8670,#8672,#8674));
#8676=FACE_BOUND('',#8675,.F.);
#8677=ADVANCED_FACE('',(#8666,#8676),#8660,.F.);
#8678=FILL_AREA_STYLE_COLOUR('',#2316);
#8679=FILL_AREA_STYLE('',(#8678));
#8680=SURFACE_STYLE_FILL_AREA(#8679);
#8681=SURFACE_SIDE_STYLE('',(#8680));
#8682=SURFACE_STYLE_USAGE(.BOTH.,#8681);
#8683=PRESENTATION_STYLE_ASSIGNMENT((#8682));
#8684=OVER_RIDING_STYLED_ITEM('',(#8683),#8677,#2317);
#8685=CARTESIAN_POINT('',(-5.E-1,-1.375511934632E1,4.814981891249E0));
#8686=DIRECTION('',(-1.E0,1.530383209350E-14,0.E0));
#8687=DIRECTION('',(0.E0,-2.636291895114E-14,-1.E0));
#8688=AXIS2_PLACEMENT_3D('',#8685,#8686,#8687);
#8689=PLANE('',#8688);
#8690=ORIENTED_EDGE('',*,*,#8667,.F.);
#8692=ORIENTED_EDGE('',*,*,#8691,.F.);
#8694=ORIENTED_EDGE('',*,*,#8693,.T.);
#8696=ORIENTED_EDGE('',*,*,#8695,.T.);
#8697=EDGE_LOOP('',(#8690,#8692,#8694,#8696));
#8698=FACE_OUTER_BOUND('',#8697,.F.);
#8699=ADVANCED_FACE('',(#8698),#8689,.F.);
#8700=FILL_AREA_STYLE_COLOUR('',#2316);
#8701=FILL_AREA_STYLE('',(#8700));
#8702=SURFACE_STYLE_FILL_AREA(#8701);
#8703=SURFACE_SIDE_STYLE('',(#8702));
#8704=SURFACE_STYLE_USAGE(.BOTH.,#8703);
#8705=PRESENTATION_STYLE_ASSIGNMENT((#8704));
#8706=OVER_RIDING_STYLED_ITEM('',(#8705),#8699,#2317);
#8707=CARTESIAN_POINT('',(-5.E-1,-1.375511934632E1,4.564981891249E0));
#8708=DIRECTION('',(0.E0,-2.636291895114E-14,-1.E0));
#8709=DIRECTION('',(1.E0,-1.510954306419E-14,0.E0));
#8710=AXIS2_PLACEMENT_3D('',#8707,#8708,#8709);
#8711=PLANE('',#8710);
#8712=ORIENTED_EDGE('',*,*,#8673,.F.);
#8714=ORIENTED_EDGE('',*,*,#8713,.F.);
#8716=ORIENTED_EDGE('',*,*,#8715,.T.);
#8717=ORIENTED_EDGE('',*,*,#8691,.T.);
#8718=EDGE_LOOP('',(#8712,#8714,#8716,#8717));
#8719=FACE_OUTER_BOUND('',#8718,.F.);
#8720=ADVANCED_FACE('',(#8719),#8711,.F.);
#8721=FILL_AREA_STYLE_COLOUR('',#2316);
#8722=FILL_AREA_STYLE('',(#8721));
#8723=SURFACE_STYLE_FILL_AREA(#8722);
#8724=SURFACE_SIDE_STYLE('',(#8723));
#8725=SURFACE_STYLE_USAGE(.BOTH.,#8724);
#8726=PRESENTATION_STYLE_ASSIGNMENT((#8725));
#8727=OVER_RIDING_STYLED_ITEM('',(#8726),#8720,#2317);
#8728=CARTESIAN_POINT('',(5.E-1,-1.375511934632E1,4.564981891249E0));
#8729=DIRECTION('',(1.E0,-1.530383209350E-14,0.E0));
#8730=DIRECTION('',(0.E0,2.636291895114E-14,1.E0));
#8731=AXIS2_PLACEMENT_3D('',#8728,#8729,#8730);
#8732=PLANE('',#8731);
#8733=ORIENTED_EDGE('',*,*,#8671,.F.);
#8735=ORIENTED_EDGE('',*,*,#8734,.F.);
#8737=ORIENTED_EDGE('',*,*,#8736,.T.);
#8738=ORIENTED_EDGE('',*,*,#8713,.T.);
#8739=EDGE_LOOP('',(#8733,#8735,#8737,#8738));
#8740=FACE_OUTER_BOUND('',#8739,.F.);
#8741=ADVANCED_FACE('',(#8740),#8732,.F.);
#8742=FILL_AREA_STYLE_COLOUR('',#2316);
#8743=FILL_AREA_STYLE('',(#8742));
#8744=SURFACE_STYLE_FILL_AREA(#8743);
#8745=SURFACE_SIDE_STYLE('',(#8744));
#8746=SURFACE_STYLE_USAGE(.BOTH.,#8745);
#8747=PRESENTATION_STYLE_ASSIGNMENT((#8746));
#8748=OVER_RIDING_STYLED_ITEM('',(#8747),#8741,#2317);
#8749=CARTESIAN_POINT('',(5.E-1,-1.375511934632E1,4.814981891249E0));
#8750=DIRECTION('',(0.E0,2.636291895114E-14,1.E0));
#8751=DIRECTION('',(-1.E0,1.510954306419E-14,0.E0));
#8752=AXIS2_PLACEMENT_3D('',#8749,#8750,#8751);
#8753=PLANE('',#8752);
#8754=ORIENTED_EDGE('',*,*,#8669,.F.);
#8755=ORIENTED_EDGE('',*,*,#8695,.F.);
#8757=ORIENTED_EDGE('',*,*,#8756,.T.);
#8758=ORIENTED_EDGE('',*,*,#8734,.T.);
#8759=EDGE_LOOP('',(#8754,#8755,#8757,#8758));
#8760=FACE_OUTER_BOUND('',#8759,.F.);
#8761=ADVANCED_FACE('',(#8760),#8753,.F.);
#8762=FILL_AREA_STYLE_COLOUR('',#2316);
#8763=FILL_AREA_STYLE('',(#8762));
#8764=SURFACE_STYLE_FILL_AREA(#8763);
#8765=SURFACE_SIDE_STYLE('',(#8764));
#8766=SURFACE_STYLE_USAGE(.BOTH.,#8765);
#8767=PRESENTATION_STYLE_ASSIGNMENT((#8766));
#8768=OVER_RIDING_STYLED_ITEM('',(#8767),#8761,#2317);
#8769=CARTESIAN_POINT('',(-1.329492071989E-13,-1.425511934632E1,
4.689981891249E0));
#8770=DIRECTION('',(-1.530383209350E-14,-1.E0,2.636291895114E-14));
#8771=DIRECTION('',(0.E0,2.636291895114E-14,1.E0));
#8772=AXIS2_PLACEMENT_3D('',#8769,#8770,#8771);
#8773=PLANE('',#8772);
#8774=ORIENTED_EDGE('',*,*,#8715,.F.);
#8775=ORIENTED_EDGE('',*,*,#8736,.F.);
#8776=ORIENTED_EDGE('',*,*,#8756,.F.);
#8777=ORIENTED_EDGE('',*,*,#8693,.F.);
#8778=EDGE_LOOP('',(#8774,#8775,#8776,#8777));
#8779=FACE_OUTER_BOUND('',#8778,.F.);
#8780=ADVANCED_FACE('',(#8779),#8773,.F.);
#8781=FILL_AREA_STYLE_COLOUR('',#2316);
#8782=FILL_AREA_STYLE('',(#8781));
#8783=SURFACE_STYLE_FILL_AREA(#8782);
#8784=SURFACE_SIDE_STYLE('',(#8783));
#8785=SURFACE_STYLE_USAGE(.BOTH.,#8784);
#8786=PRESENTATION_STYLE_ASSIGNMENT((#8785));
#8787=OVER_RIDING_STYLED_ITEM('',(#8786),#8780,#2317);
#8788=CARTESIAN_POINT('',(-5.E-1,-1.375511934632E1,6.994981891249E0));
#8789=DIRECTION('',(-1.E0,1.530383209350E-14,0.E0));
#8790=DIRECTION('',(0.E0,-2.636291895114E-14,-1.E0));
#8791=AXIS2_PLACEMENT_3D('',#8788,#8789,#8790);
#8792=PLANE('',#8791);
#8793=ORIENTED_EDGE('',*,*,#8578,.F.);
#8795=ORIENTED_EDGE('',*,*,#8794,.F.);
#8797=ORIENTED_EDGE('',*,*,#8796,.T.);
#8799=ORIENTED_EDGE('',*,*,#8798,.T.);
#8800=EDGE_LOOP('',(#8793,#8795,#8797,#8799));
#8801=FACE_OUTER_BOUND('',#8800,.F.);
#8802=ADVANCED_FACE('',(#8801),#8792,.F.);
#8803=FILL_AREA_STYLE_COLOUR('',#2316);
#8804=FILL_AREA_STYLE('',(#8803));
#8805=SURFACE_STYLE_FILL_AREA(#8804);
#8806=SURFACE_SIDE_STYLE('',(#8805));
#8807=SURFACE_STYLE_USAGE(.BOTH.,#8806);
#8808=PRESENTATION_STYLE_ASSIGNMENT((#8807));
#8809=OVER_RIDING_STYLED_ITEM('',(#8808),#8802,#2317);
#8810=CARTESIAN_POINT('',(-5.E-1,-1.375511934632E1,6.744981891249E0));
#8811=DIRECTION('',(0.E0,-2.636291895114E-14,-1.E0));
#8812=DIRECTION('',(1.E0,-1.510954306419E-14,0.E0));
#8813=AXIS2_PLACEMENT_3D('',#8810,#8811,#8812);
#8814=PLANE('',#8813);
#8815=ORIENTED_EDGE('',*,*,#8584,.F.);
#8817=ORIENTED_EDGE('',*,*,#8816,.F.);
#8819=ORIENTED_EDGE('',*,*,#8818,.T.);
#8820=ORIENTED_EDGE('',*,*,#8794,.T.);
#8821=EDGE_LOOP('',(#8815,#8817,#8819,#8820));
#8822=FACE_OUTER_BOUND('',#8821,.F.);
#8823=ADVANCED_FACE('',(#8822),#8814,.F.);
#8824=FILL_AREA_STYLE_COLOUR('',#2316);
#8825=FILL_AREA_STYLE('',(#8824));
#8826=SURFACE_STYLE_FILL_AREA(#8825);
#8827=SURFACE_SIDE_STYLE('',(#8826));
#8828=SURFACE_STYLE_USAGE(.BOTH.,#8827);
#8829=PRESENTATION_STYLE_ASSIGNMENT((#8828));
#8830=OVER_RIDING_STYLED_ITEM('',(#8829),#8823,#2317);
#8831=CARTESIAN_POINT('',(5.E-1,-1.375511934632E1,6.744981891249E0));
#8832=DIRECTION('',(1.E0,-1.530383209350E-14,0.E0));
#8833=DIRECTION('',(0.E0,2.636291895114E-14,1.E0));
#8834=AXIS2_PLACEMENT_3D('',#8831,#8832,#8833);
#8835=PLANE('',#8834);
#8836=ORIENTED_EDGE('',*,*,#8582,.F.);
#8838=ORIENTED_EDGE('',*,*,#8837,.F.);
#8840=ORIENTED_EDGE('',*,*,#8839,.T.);
#8841=ORIENTED_EDGE('',*,*,#8816,.T.);
#8842=EDGE_LOOP('',(#8836,#8838,#8840,#8841));
#8843=FACE_OUTER_BOUND('',#8842,.F.);
#8844=ADVANCED_FACE('',(#8843),#8835,.F.);
#8845=FILL_AREA_STYLE_COLOUR('',#2316);
#8846=FILL_AREA_STYLE('',(#8845));
#8847=SURFACE_STYLE_FILL_AREA(#8846);
#8848=SURFACE_SIDE_STYLE('',(#8847));
#8849=SURFACE_STYLE_USAGE(.BOTH.,#8848);
#8850=PRESENTATION_STYLE_ASSIGNMENT((#8849));
#8851=OVER_RIDING_STYLED_ITEM('',(#8850),#8844,#2317);
#8852=CARTESIAN_POINT('',(5.E-1,-1.375511934632E1,6.994981891249E0));
#8853=DIRECTION('',(0.E0,2.636291895114E-14,1.E0));
#8854=DIRECTION('',(-1.E0,1.510954306419E-14,0.E0));
#8855=AXIS2_PLACEMENT_3D('',#8852,#8853,#8854);
#8856=PLANE('',#8855);
#8857=ORIENTED_EDGE('',*,*,#8580,.F.);
#8858=ORIENTED_EDGE('',*,*,#8798,.F.);
#8860=ORIENTED_EDGE('',*,*,#8859,.T.);
#8861=ORIENTED_EDGE('',*,*,#8837,.T.);
#8862=EDGE_LOOP('',(#8857,#8858,#8860,#8861));
#8863=FACE_OUTER_BOUND('',#8862,.F.);
#8864=ADVANCED_FACE('',(#8863),#8856,.F.);
#8865=FILL_AREA_STYLE_COLOUR('',#2316);
#8866=FILL_AREA_STYLE('',(#8865));
#8867=SURFACE_STYLE_FILL_AREA(#8866);
#8868=SURFACE_SIDE_STYLE('',(#8867));
#8869=SURFACE_STYLE_USAGE(.BOTH.,#8868);
#8870=PRESENTATION_STYLE_ASSIGNMENT((#8869));
#8871=OVER_RIDING_STYLED_ITEM('',(#8870),#8864,#2317);
#8872=CARTESIAN_POINT('',(-1.335043187112E-13,-1.425511934632E1,
6.869981891249E0));
#8873=DIRECTION('',(-1.530383209350E-14,-1.E0,2.636291895114E-14));
#8874=DIRECTION('',(0.E0,2.636291895114E-14,1.E0));
#8875=AXIS2_PLACEMENT_3D('',#8872,#8873,#8874);
#8876=PLANE('',#8875);
#8877=ORIENTED_EDGE('',*,*,#8818,.F.);
#8878=ORIENTED_EDGE('',*,*,#8839,.F.);
#8879=ORIENTED_EDGE('',*,*,#8859,.F.);
#8880=ORIENTED_EDGE('',*,*,#8796,.F.);
#8881=EDGE_LOOP('',(#8877,#8878,#8879,#8880));
#8882=FACE_OUTER_BOUND('',#8881,.F.);
#8883=ADVANCED_FACE('',(#8882),#8876,.F.);
#8884=FILL_AREA_STYLE_COLOUR('',#2316);
#8885=FILL_AREA_STYLE('',(#8884));
#8886=SURFACE_STYLE_FILL_AREA(#8885);
#8887=SURFACE_SIDE_STYLE('',(#8886));
#8888=SURFACE_STYLE_USAGE(.BOTH.,#8887);
#8889=PRESENTATION_STYLE_ASSIGNMENT((#8888));
#8890=OVER_RIDING_STYLED_ITEM('',(#8889),#8883,#2317);
#8891=CARTESIAN_POINT('',(1.55E0,-6.255119346323E0,4.189981891249E0));
#8892=DIRECTION('',(1.E0,-1.511063783167E-14,0.E0));
#8893=DIRECTION('',(0.E0,2.636291895114E-14,1.E0));
#8894=AXIS2_PLACEMENT_3D('',#8891,#8892,#8893);
#8895=PLANE('',#8894);
#8897=ORIENTED_EDGE('',*,*,#8896,.F.);
#8898=ORIENTED_EDGE('',*,*,#8547,.T.);
#8899=ORIENTED_EDGE('',*,*,#7738,.F.);
#8900=ORIENTED_EDGE('',*,*,#8289,.F.);
#8901=EDGE_LOOP('',(#8897,#8898,#8899,#8900));
#8902=FACE_OUTER_BOUND('',#8901,.F.);
#8903=ADVANCED_FACE('',(#8902),#8895,.T.);
#8904=FILL_AREA_STYLE_COLOUR('',#2316);
#8905=FILL_AREA_STYLE('',(#8904));
#8906=SURFACE_STYLE_FILL_AREA(#8905);
#8907=SURFACE_SIDE_STYLE('',(#8906));
#8908=SURFACE_STYLE_USAGE(.BOTH.,#8907);
#8909=PRESENTATION_STYLE_ASSIGNMENT((#8908));
#8910=OVER_RIDING_STYLED_ITEM('',(#8909),#8903,#2317);
#8911=CARTESIAN_POINT('',(1.338E0,-1.472511934632E1,4.984981891249E0));
#8912=DIRECTION('',(5.775899117558E-1,-8.163270752817E-1,2.153518114679E-14));
#8913=DIRECTION('',(0.E0,2.636291895113E-14,1.E0));
#8914=AXIS2_PLACEMENT_3D('',#8911,#8912,#8913);
#8915=PLANE('',#8914);
#8917=ORIENTED_EDGE('',*,*,#8916,.F.);
#8919=ORIENTED_EDGE('',*,*,#8918,.T.);
#8921=ORIENTED_EDGE('',*,*,#8920,.T.);
#8922=ORIENTED_EDGE('',*,*,#8896,.T.);
#8923=EDGE_LOOP('',(#8917,#8919,#8921,#8922));
#8924=FACE_OUTER_BOUND('',#8923,.F.);
#8925=ADVANCED_FACE('',(#8924),#8915,.T.);
#8926=FILL_AREA_STYLE_COLOUR('',#2316);
#8927=FILL_AREA_STYLE('',(#8926));
#8928=SURFACE_STYLE_FILL_AREA(#8927);
#8929=SURFACE_SIDE_STYLE('',(#8928));
#8930=SURFACE_STYLE_USAGE(.BOTH.,#8929);
#8931=PRESENTATION_STYLE_ASSIGNMENT((#8930));
#8932=OVER_RIDING_STYLED_ITEM('',(#8931),#8925,#2317);
#8933=CARTESIAN_POINT('',(-2.65E0,-1.472511934632E1,4.401981891249E0));
#8934=DIRECTION('',(-1.203453222626E-14,-8.163270752817E-1,-5.775899117558E-1));
#8935=DIRECTION('',(0.E0,-5.775899117558E-1,8.163270752817E-1));
#8936=AXIS2_PLACEMENT_3D('',#8933,#8934,#8935);
#8937=PLANE('',#8936);
#8939=ORIENTED_EDGE('',*,*,#8938,.F.);
#8941=ORIENTED_EDGE('',*,*,#8940,.T.);
#8942=ORIENTED_EDGE('',*,*,#8916,.T.);
#8943=ORIENTED_EDGE('',*,*,#8287,.T.);
#8944=EDGE_LOOP('',(#8939,#8941,#8942,#8943));
#8945=FACE_OUTER_BOUND('',#8944,.F.);
#8946=ADVANCED_FACE('',(#8945),#8937,.T.);
#8947=FILL_AREA_STYLE_COLOUR('',#2316);
#8948=FILL_AREA_STYLE('',(#8947));
#8949=SURFACE_STYLE_FILL_AREA(#8948);
#8950=SURFACE_SIDE_STYLE('',(#8949));
#8951=SURFACE_STYLE_USAGE(.BOTH.,#8950);
#8952=PRESENTATION_STYLE_ASSIGNMENT((#8951));
#8953=OVER_RIDING_STYLED_ITEM('',(#8952),#8946,#2317);
#8954=CARTESIAN_POINT('',(-3.838E0,-1.472511934632E1,6.574981891249E0));
#8955=DIRECTION('',(-5.775899117558E-1,-8.163270752817E-1,2.110304373694E-14));
#8956=DIRECTION('',(0.E0,2.586887168136E-14,1.E0));
#8957=AXIS2_PLACEMENT_3D('',#8954,#8955,#8956);
#8958=PLANE('',#8957);
#8959=ORIENTED_EDGE('',*,*,#8938,.T.);
#8961=ORIENTED_EDGE('',*,*,#8960,.T.);
#8963=ORIENTED_EDGE('',*,*,#8962,.T.);
#8965=ORIENTED_EDGE('',*,*,#8964,.T.);
#8966=EDGE_LOOP('',(#8959,#8961,#8963,#8965));
#8967=FACE_OUTER_BOUND('',#8966,.F.);
#8968=ADVANCED_FACE('',(#8967),#8958,.T.);
#8969=FILL_AREA_STYLE_COLOUR('',#2316);
#8970=FILL_AREA_STYLE('',(#8969));
#8971=SURFACE_STYLE_FILL_AREA(#8970);
#8972=SURFACE_SIDE_STYLE('',(#8971));
#8973=SURFACE_STYLE_USAGE(.BOTH.,#8972);
#8974=PRESENTATION_STYLE_ASSIGNMENT((#8973));
#8975=OVER_RIDING_STYLED_ITEM('',(#8974),#8968,#2317);
#8976=CARTESIAN_POINT('',(-4.05E0,-6.255119346322E0,7.369981891249E0));
#8977=DIRECTION('',(-1.E0,1.511063783167E-14,0.E0));
#8978=DIRECTION('',(0.E0,-2.636291895114E-14,-1.E0));
#8979=AXIS2_PLACEMENT_3D('',#8976,#8977,#8978);
#8980=PLANE('',#8979);
#8981=ORIENTED_EDGE('',*,*,#8960,.F.);
#8982=ORIENTED_EDGE('',*,*,#8285,.T.);
#8983=ORIENTED_EDGE('',*,*,#7755,.F.);
#8984=ORIENTED_EDGE('',*,*,#8551,.F.);
#8985=EDGE_LOOP('',(#8981,#8982,#8983,#8984));
#8986=FACE_OUTER_BOUND('',#8985,.F.);
#8987=ADVANCED_FACE('',(#8986),#8980,.T.);
#8988=FILL_AREA_STYLE_COLOUR('',#2316);
#8989=FILL_AREA_STYLE('',(#8988));
#8990=SURFACE_STYLE_FILL_AREA(#8989);
#8991=SURFACE_SIDE_STYLE('',(#8990));
#8992=SURFACE_STYLE_USAGE(.BOTH.,#8991);
#8993=PRESENTATION_STYLE_ASSIGNMENT((#8992));
#8994=OVER_RIDING_STYLED_ITEM('',(#8993),#8987,#2317);
#8995=CARTESIAN_POINT('',(1.5E-1,-1.472511934632E1,7.157981891249E0));
#8996=DIRECTION('',(-1.257865855988E-14,-8.163270752817E-1,5.775899117558E-1));
#8997=DIRECTION('',(0.E0,5.775899117558E-1,8.163270752817E-1));
#8998=AXIS2_PLACEMENT_3D('',#8995,#8996,#8997);
#8999=PLANE('',#8998);
#9000=ORIENTED_EDGE('',*,*,#8962,.F.);
#9001=ORIENTED_EDGE('',*,*,#8549,.T.);
#9002=ORIENTED_EDGE('',*,*,#8920,.F.);
#9004=ORIENTED_EDGE('',*,*,#9003,.T.);
#9005=EDGE_LOOP('',(#9000,#9001,#9002,#9004));
#9006=FACE_OUTER_BOUND('',#9005,.F.);
#9007=ADVANCED_FACE('',(#9006),#8999,.T.);
#9008=FILL_AREA_STYLE_COLOUR('',#2316);
#9009=FILL_AREA_STYLE('',(#9008));
#9010=SURFACE_STYLE_FILL_AREA(#9009);
#9011=SURFACE_SIDE_STYLE('',(#9010));
#9012=SURFACE_STYLE_USAGE(.BOTH.,#9011);
#9013=PRESENTATION_STYLE_ASSIGNMENT((#9012));
#9014=OVER_RIDING_STYLED_ITEM('',(#9013),#9007,#2317);
#9015=CARTESIAN_POINT('',(-1.25E0,-1.487511934632E1,5.779981891249E0));
#9016=DIRECTION('',(-1.511063783167E-14,-1.E0,2.636291895114E-14));
#9017=DIRECTION('',(0.E0,2.636291895114E-14,1.E0));
#9018=AXIS2_PLACEMENT_3D('',#9015,#9016,#9017);
#9019=PLANE('',#9018);
#9020=ORIENTED_EDGE('',*,*,#8964,.F.);
#9021=ORIENTED_EDGE('',*,*,#9003,.F.);
#9022=ORIENTED_EDGE('',*,*,#8918,.F.);
#9023=ORIENTED_EDGE('',*,*,#8940,.F.);
#9024=EDGE_LOOP('',(#9020,#9021,#9022,#9023));
#9025=FACE_OUTER_BOUND('',#9024,.F.);
#9026=ADVANCED_FACE('',(#9025),#9019,.T.);
#9027=FILL_AREA_STYLE_COLOUR('',#2316);
#9028=FILL_AREA_STYLE('',(#9027));
#9029=SURFACE_STYLE_FILL_AREA(#9028);
#9030=SURFACE_SIDE_STYLE('',(#9029));
#9031=SURFACE_STYLE_USAGE(.BOTH.,#9030);
#9032=PRESENTATION_STYLE_ASSIGNMENT((#9031));
#9033=OVER_RIDING_STYLED_ITEM('',(#9032),#9026,#2317);
#9034=CARTESIAN_POINT('',(-2.E0,-1.375511934632E1,6.994981891249E0));
#9035=DIRECTION('',(0.E0,2.636291895114E-14,1.E0));
#9036=DIRECTION('',(-1.E0,1.510954306419E-14,0.E0));
#9037=AXIS2_PLACEMENT_3D('',#9034,#9035,#9036);
#9038=PLANE('',#9037);
#9039=ORIENTED_EDGE('',*,*,#8517,.F.);
#9041=ORIENTED_EDGE('',*,*,#9040,.F.);
#9043=ORIENTED_EDGE('',*,*,#9042,.T.);
#9045=ORIENTED_EDGE('',*,*,#9044,.T.);
#9046=EDGE_LOOP('',(#9039,#9041,#9043,#9045));
#9047=FACE_OUTER_BOUND('',#9046,.F.);
#9048=ADVANCED_FACE('',(#9047),#9038,.F.);
#9049=FILL_AREA_STYLE_COLOUR('',#2316);
#9050=FILL_AREA_STYLE('',(#9049));
#9051=SURFACE_STYLE_FILL_AREA(#9050);
#9052=SURFACE_SIDE_STYLE('',(#9051));
#9053=SURFACE_STYLE_USAGE(.BOTH.,#9052);
#9054=PRESENTATION_STYLE_ASSIGNMENT((#9053));
#9055=OVER_RIDING_STYLED_ITEM('',(#9054),#9048,#2317);
#9056=CARTESIAN_POINT('',(-3.E0,-1.375511934632E1,6.994981891249E0));
#9057=DIRECTION('',(-1.E0,1.502627633734E-14,0.E0));
#9058=DIRECTION('',(0.E0,-2.636291895114E-14,-1.E0));
#9059=AXIS2_PLACEMENT_3D('',#9056,#9057,#9058);
#9060=PLANE('',#9059);
#9061=ORIENTED_EDGE('',*,*,#8523,.F.);
#9063=ORIENTED_EDGE('',*,*,#9062,.F.);
#9065=ORIENTED_EDGE('',*,*,#9064,.T.);
#9066=ORIENTED_EDGE('',*,*,#9040,.T.);
#9067=EDGE_LOOP('',(#9061,#9063,#9065,#9066));
#9068=FACE_OUTER_BOUND('',#9067,.F.);
#9069=ADVANCED_FACE('',(#9068),#9060,.F.);
#9070=FILL_AREA_STYLE_COLOUR('',#2316);
#9071=FILL_AREA_STYLE('',(#9070));
#9072=SURFACE_STYLE_FILL_AREA(#9071);
#9073=SURFACE_SIDE_STYLE('',(#9072));
#9074=SURFACE_STYLE_USAGE(.BOTH.,#9073);
#9075=PRESENTATION_STYLE_ASSIGNMENT((#9074));
#9076=OVER_RIDING_STYLED_ITEM('',(#9075),#9069,#2317);
#9077=CARTESIAN_POINT('',(-3.E0,-1.375511934632E1,6.744981891249E0));
#9078=DIRECTION('',(0.E0,-2.636291895114E-14,-1.E0));
#9079=DIRECTION('',(1.E0,-1.510954306419E-14,0.E0));
#9080=AXIS2_PLACEMENT_3D('',#9077,#9078,#9079);
#9081=PLANE('',#9080);
#9082=ORIENTED_EDGE('',*,*,#8521,.F.);
#9084=ORIENTED_EDGE('',*,*,#9083,.F.);
#9086=ORIENTED_EDGE('',*,*,#9085,.T.);
#9087=ORIENTED_EDGE('',*,*,#9062,.T.);
#9088=EDGE_LOOP('',(#9082,#9084,#9086,#9087));
#9089=FACE_OUTER_BOUND('',#9088,.F.);
#9090=ADVANCED_FACE('',(#9089),#9081,.F.);
#9091=FILL_AREA_STYLE_COLOUR('',#2316);
#9092=FILL_AREA_STYLE('',(#9091));
#9093=SURFACE_STYLE_FILL_AREA(#9092);
#9094=SURFACE_SIDE_STYLE('',(#9093));
#9095=SURFACE_STYLE_USAGE(.BOTH.,#9094);
#9096=PRESENTATION_STYLE_ASSIGNMENT((#9095));
#9097=OVER_RIDING_STYLED_ITEM('',(#9096),#9090,#2317);
#9098=CARTESIAN_POINT('',(-2.E0,-1.375511934632E1,6.744981891249E0));
#9099=DIRECTION('',(1.E0,-1.502627633734E-14,0.E0));
#9100=DIRECTION('',(0.E0,2.636291895114E-14,1.E0));
#9101=AXIS2_PLACEMENT_3D('',#9098,#9099,#9100);
#9102=PLANE('',#9101);
#9103=ORIENTED_EDGE('',*,*,#8519,.F.);
#9104=ORIENTED_EDGE('',*,*,#9044,.F.);
#9106=ORIENTED_EDGE('',*,*,#9105,.T.);
#9107=ORIENTED_EDGE('',*,*,#9083,.T.);
#9108=EDGE_LOOP('',(#9103,#9104,#9106,#9107));
#9109=FACE_OUTER_BOUND('',#9108,.F.);
#9110=ADVANCED_FACE('',(#9109),#9102,.F.);
#9111=FILL_AREA_STYLE_COLOUR('',#2316);
#9112=FILL_AREA_STYLE('',(#9111));
#9113=SURFACE_STYLE_FILL_AREA(#9112);
#9114=SURFACE_SIDE_STYLE('',(#9113));
#9115=SURFACE_STYLE_USAGE(.BOTH.,#9114);
#9116=PRESENTATION_STYLE_ASSIGNMENT((#9115));
#9117=OVER_RIDING_STYLED_ITEM('',(#9116),#9110,#2317);
#9118=CARTESIAN_POINT('',(-2.5E0,-1.425511934632E1,6.869981891249E0));
#9119=DIRECTION('',(-1.502627633734E-14,-1.E0,2.636291895114E-14));
#9120=DIRECTION('',(0.E0,2.636291895114E-14,1.E0));
#9121=AXIS2_PLACEMENT_3D('',#9118,#9119,#9120);
#9122=PLANE('',#9121);
#9123=ORIENTED_EDGE('',*,*,#9064,.F.);
#9124=ORIENTED_EDGE('',*,*,#9085,.F.);
#9125=ORIENTED_EDGE('',*,*,#9105,.F.);
#9126=ORIENTED_EDGE('',*,*,#9042,.F.);
#9127=EDGE_LOOP('',(#9123,#9124,#9125,#9126));
#9128=FACE_OUTER_BOUND('',#9127,.F.);
#9129=ADVANCED_FACE('',(#9128),#9122,.F.);
#9130=FILL_AREA_STYLE_COLOUR('',#2316);
#9131=FILL_AREA_STYLE('',(#9130));
#9132=SURFACE_STYLE_FILL_AREA(#9131);
#9133=SURFACE_SIDE_STYLE('',(#9132));
#9134=SURFACE_STYLE_USAGE(.BOTH.,#9133);
#9135=PRESENTATION_STYLE_ASSIGNMENT((#9134));
#9136=OVER_RIDING_STYLED_ITEM('',(#9135),#9129,#2317);
#9137=CARTESIAN_POINT('',(-2.E0,-1.375511934632E1,4.564981891249E0));
#9138=DIRECTION('',(1.E0,-1.502627633734E-14,0.E0));
#9139=DIRECTION('',(0.E0,2.636291895114E-14,1.E0));
#9140=AXIS2_PLACEMENT_3D('',#9137,#9138,#9139);
#9141=PLANE('',#9140);
#9142=ORIENTED_EDGE('',*,*,#8427,.F.);
#9144=ORIENTED_EDGE('',*,*,#9143,.F.);
#9146=ORIENTED_EDGE('',*,*,#9145,.T.);
#9148=ORIENTED_EDGE('',*,*,#9147,.T.);
#9149=EDGE_LOOP('',(#9142,#9144,#9146,#9148));
#9150=FACE_OUTER_BOUND('',#9149,.F.);
#9151=ADVANCED_FACE('',(#9150),#9141,.F.);
#9152=FILL_AREA_STYLE_COLOUR('',#2316);
#9153=FILL_AREA_STYLE('',(#9152));
#9154=SURFACE_STYLE_FILL_AREA(#9153);
#9155=SURFACE_SIDE_STYLE('',(#9154));
#9156=SURFACE_STYLE_USAGE(.BOTH.,#9155);
#9157=PRESENTATION_STYLE_ASSIGNMENT((#9156));
#9158=OVER_RIDING_STYLED_ITEM('',(#9157),#9151,#2317);
#9159=CARTESIAN_POINT('',(-2.E0,-1.375511934632E1,4.814981891249E0));
#9160=DIRECTION('',(0.E0,2.636291895114E-14,1.E0));
#9161=DIRECTION('',(-1.E0,1.510954306419E-14,0.E0));
#9162=AXIS2_PLACEMENT_3D('',#9159,#9160,#9161);
#9163=PLANE('',#9162);
#9164=ORIENTED_EDGE('',*,*,#8433,.F.);
#9166=ORIENTED_EDGE('',*,*,#9165,.F.);
#9168=ORIENTED_EDGE('',*,*,#9167,.T.);
#9169=ORIENTED_EDGE('',*,*,#9143,.T.);
#9170=EDGE_LOOP('',(#9164,#9166,#9168,#9169));
#9171=FACE_OUTER_BOUND('',#9170,.F.);
#9172=ADVANCED_FACE('',(#9171),#9163,.F.);
#9173=FILL_AREA_STYLE_COLOUR('',#2316);
#9174=FILL_AREA_STYLE('',(#9173));
#9175=SURFACE_STYLE_FILL_AREA(#9174);
#9176=SURFACE_SIDE_STYLE('',(#9175));
#9177=SURFACE_STYLE_USAGE(.BOTH.,#9176);
#9178=PRESENTATION_STYLE_ASSIGNMENT((#9177));
#9179=OVER_RIDING_STYLED_ITEM('',(#9178),#9172,#2317);
#9180=CARTESIAN_POINT('',(-3.E0,-1.375511934632E1,4.814981891249E0));
#9181=DIRECTION('',(-1.E0,1.502627633734E-14,0.E0));
#9182=DIRECTION('',(0.E0,-2.636291895114E-14,-1.E0));
#9183=AXIS2_PLACEMENT_3D('',#9180,#9181,#9182);
#9184=PLANE('',#9183);
#9185=ORIENTED_EDGE('',*,*,#8431,.F.);
#9187=ORIENTED_EDGE('',*,*,#9186,.F.);
#9189=ORIENTED_EDGE('',*,*,#9188,.T.);
#9190=ORIENTED_EDGE('',*,*,#9165,.T.);
#9191=EDGE_LOOP('',(#9185,#9187,#9189,#9190));
#9192=FACE_OUTER_BOUND('',#9191,.F.);
#9193=ADVANCED_FACE('',(#9192),#9184,.F.);
#9194=FILL_AREA_STYLE_COLOUR('',#2316);
#9195=FILL_AREA_STYLE('',(#9194));
#9196=SURFACE_STYLE_FILL_AREA(#9195);
#9197=SURFACE_SIDE_STYLE('',(#9196));
#9198=SURFACE_STYLE_USAGE(.BOTH.,#9197);
#9199=PRESENTATION_STYLE_ASSIGNMENT((#9198));
#9200=OVER_RIDING_STYLED_ITEM('',(#9199),#9193,#2317);
#9201=CARTESIAN_POINT('',(-3.E0,-1.375511934632E1,4.564981891249E0));
#9202=DIRECTION('',(0.E0,-2.636291895114E-14,-1.E0));
#9203=DIRECTION('',(1.E0,-1.510954306419E-14,0.E0));
#9204=AXIS2_PLACEMENT_3D('',#9201,#9202,#9203);
#9205=PLANE('',#9204);
#9206=ORIENTED_EDGE('',*,*,#8429,.F.);
#9207=ORIENTED_EDGE('',*,*,#9147,.F.);
#9209=ORIENTED_EDGE('',*,*,#9208,.T.);
#9210=ORIENTED_EDGE('',*,*,#9186,.T.);
#9211=EDGE_LOOP('',(#9206,#9207,#9209,#9210));
#9212=FACE_OUTER_BOUND('',#9211,.F.);
#9213=ADVANCED_FACE('',(#9212),#9205,.F.);
#9214=FILL_AREA_STYLE_COLOUR('',#2316);
#9215=FILL_AREA_STYLE('',(#9214));
#9216=SURFACE_STYLE_FILL_AREA(#9215);
#9217=SURFACE_SIDE_STYLE('',(#9216));
#9218=SURFACE_STYLE_USAGE(.BOTH.,#9217);
#9219=PRESENTATION_STYLE_ASSIGNMENT((#9218));
#9220=OVER_RIDING_STYLED_ITEM('',(#9219),#9213,#2317);
#9221=CARTESIAN_POINT('',(-2.5E0,-1.425511934632E1,4.689981891249E0));
#9222=DIRECTION('',(-1.502627633734E-14,-1.E0,2.636291895114E-14));
#9223=DIRECTION('',(0.E0,2.636291895114E-14,1.E0));
#9224=AXIS2_PLACEMENT_3D('',#9221,#9222,#9223);
#9225=PLANE('',#9224);
#9226=ORIENTED_EDGE('',*,*,#9167,.F.);
#9227=ORIENTED_EDGE('',*,*,#9188,.F.);
#9228=ORIENTED_EDGE('',*,*,#9208,.F.);
#9229=ORIENTED_EDGE('',*,*,#9145,.F.);
#9230=EDGE_LOOP('',(#9226,#9227,#9228,#9229));
#9231=FACE_OUTER_BOUND('',#9230,.F.);
#9232=ADVANCED_FACE('',(#9231),#9225,.F.);
#9233=FILL_AREA_STYLE_COLOUR('',#2316);
#9234=FILL_AREA_STYLE('',(#9233));
#9235=SURFACE_STYLE_FILL_AREA(#9234);
#9236=SURFACE_SIDE_STYLE('',(#9235));
#9237=SURFACE_STYLE_USAGE(.BOTH.,#9236);
#9238=PRESENTATION_STYLE_ASSIGNMENT((#9237));
#9239=OVER_RIDING_STYLED_ITEM('',(#9238),#9232,#2317);
#9240=CARTESIAN_POINT('',(-2.493012839380E0,-6.255119346323E0,
2.258890130831E0));
#9241=CARTESIAN_POINT('',(-2.498199508084E0,-6.255119346323E0,
2.258494384735E0));
#9242=CARTESIAN_POINT('',(-2.540587086819E0,-6.255119346323E0,
2.256823344142E0));
#9243=CARTESIAN_POINT('',(-2.607660073942E0,-6.255119346323E0,
2.279825612867E0));
#9244=CARTESIAN_POINT('',(-2.646337996823E0,-6.255119346323E0,
2.357181458628E0));
#9245=CARTESIAN_POINT('',(-2.657218933680E0,-6.255119346323E0,
2.416159168074E0));
#9246=CARTESIAN_POINT('',(-2.658114325510E0,-6.255119346323E0,
2.421572710466E0));
#9248=CURVE_STYLE('',#21,POSITIVE_LENGTH_MEASURE(2.E-2),#2316);
#9249=PRESENTATION_STYLE_ASSIGNMENT((#9248));
#9250=STYLED_ITEM('',(#9249),#9247);
#9251=DIRECTION('',(0.E0,-1.E0,0.E0));
#9252=VECTOR('',#9251,1.E0);
#9253=SURFACE_OF_LINEAR_EXTRUSION('',#9247,#9252);
#9254=ORIENTED_EDGE('',*,*,#7771,.T.);
#9256=ORIENTED_EDGE('',*,*,#9255,.F.);
#9258=ORIENTED_EDGE('',*,*,#9257,.T.);
#9260=ORIENTED_EDGE('',*,*,#9259,.F.);
#9261=EDGE_LOOP('',(#9254,#9256,#9258,#9260));
#9262=FACE_OUTER_BOUND('',#9261,.F.);
#9263=ADVANCED_FACE('',(#9262),#9253,.T.);
#9264=FILL_AREA_STYLE_COLOUR('',#2316);
#9265=FILL_AREA_STYLE('',(#9264));
#9266=SURFACE_STYLE_FILL_AREA(#9265);
#9267=SURFACE_SIDE_STYLE('',(#9266));
#9268=SURFACE_STYLE_USAGE(.BOTH.,#9267);
#9269=PRESENTATION_STYLE_ASSIGNMENT((#9268));
#9270=OVER_RIDING_STYLED_ITEM('',(#9269),#9263,#2317);
#9271=CARTESIAN_POINT('',(-2.354555280888E0,-6.255119346323E0,
2.429577754410E0));
#9272=CARTESIAN_POINT('',(-2.354145397826E0,-6.255119346323E0,
2.424638415625E0));
#9273=CARTESIAN_POINT('',(-2.352103121086E0,-6.255119346323E0,
2.374992810078E0));
#9274=CARTESIAN_POINT('',(-2.387671498128E0,-6.255119346323E0,
2.292401832879E0));
#9275=CARTESIAN_POINT('',(-2.469240168064E0,-6.255119346323E0,
2.256350494808E0));
#9276=CARTESIAN_POINT('',(-2.518252025078E0,-6.255119346323E0,
2.258514992526E0));
#9277=CARTESIAN_POINT('',(-2.523319336632E0,-6.255119346323E0,
2.258966656001E0));
#9279=CURVE_STYLE('',#21,POSITIVE_LENGTH_MEASURE(2.E-2),#2316);
#9280=PRESENTATION_STYLE_ASSIGNMENT((#9279));
#9281=STYLED_ITEM('',(#9280),#9278);
#9282=DIRECTION('',(0.E0,-1.E0,0.E0));
#9283=VECTOR('',#9282,1.E0);
#9284=SURFACE_OF_LINEAR_EXTRUSION('',#9278,#9283);
#9285=ORIENTED_EDGE('',*,*,#7803,.T.);
#9287=ORIENTED_EDGE('',*,*,#9286,.F.);
#9289=ORIENTED_EDGE('',*,*,#9288,.T.);
#9290=ORIENTED_EDGE('',*,*,#9255,.T.);
#9291=EDGE_LOOP('',(#9285,#9287,#9289,#9290));
#9292=FACE_OUTER_BOUND('',#9291,.F.);
#9293=ADVANCED_FACE('',(#9292),#9284,.T.);
#9294=FILL_AREA_STYLE_COLOUR('',#2316);
#9295=FILL_AREA_STYLE('',(#9294));
#9296=SURFACE_STYLE_FILL_AREA(#9295);
#9297=SURFACE_SIDE_STYLE('',(#9296));
#9298=SURFACE_STYLE_USAGE(.BOTH.,#9297);
#9299=PRESENTATION_STYLE_ASSIGNMENT((#9298));
#9300=OVER_RIDING_STYLED_ITEM('',(#9299),#9293,#2317);
#9301=CARTESIAN_POINT('',(-2.515511587062E0,-6.255119346323E0,
2.560104880206E0));
#9302=CARTESIAN_POINT('',(-2.510555726333E0,-6.255119346323E0,
2.560500229271E0));
#9303=CARTESIAN_POINT('',(-2.462314624893E0,-6.255119346323E0,
2.562418215357E0));
#9304=CARTESIAN_POINT('',(-2.384717991913E0,-6.255119346323E0,
2.530111445983E0));
#9305=CARTESIAN_POINT('',(-2.352137394956E0,-6.255119346323E0,
2.452946874244E0));
#9306=CARTESIAN_POINT('',(-2.354156565900E0,-6.255119346323E0,
2.404908370444E0));
#9307=CARTESIAN_POINT('',(-2.354588610537E0,-6.255119346323E0,
2.399786629906E0));
#9309=CURVE_STYLE('',#21,POSITIVE_LENGTH_MEASURE(2.E-2),#2316);
#9310=PRESENTATION_STYLE_ASSIGNMENT((#9309));
#9311=STYLED_ITEM('',(#9310),#9308);
#9312=DIRECTION('',(0.E0,-1.E0,0.E0));
#9313=VECTOR('',#9312,1.E0);
#9314=SURFACE_OF_LINEAR_EXTRUSION('',#9308,#9313);
#9315=ORIENTED_EDGE('',*,*,#7801,.T.);
#9317=ORIENTED_EDGE('',*,*,#9316,.F.);
#9319=ORIENTED_EDGE('',*,*,#9318,.T.);
#9320=ORIENTED_EDGE('',*,*,#9286,.T.);
#9321=EDGE_LOOP('',(#9315,#9317,#9319,#9320));
#9322=FACE_OUTER_BOUND('',#9321,.F.);
#9323=ADVANCED_FACE('',(#9322),#9314,.T.);
#9324=FILL_AREA_STYLE_COLOUR('',#2316);
#9325=FILL_AREA_STYLE('',(#9324));
#9326=SURFACE_STYLE_FILL_AREA(#9325);
#9327=SURFACE_SIDE_STYLE('',(#9326));
#9328=SURFACE_STYLE_USAGE(.BOTH.,#9327);
#9329=PRESENTATION_STYLE_ASSIGNMENT((#9328));
#9330=OVER_RIDING_STYLED_ITEM('',(#9329),#9323,#2317);
#9331=CARTESIAN_POINT('',(-2.583436097604E0,-6.255119346323E0,
2.545306472275E0));
#9332=CARTESIAN_POINT('',(-2.577224151070E0,-6.255119346323E0,
2.547176360979E0));
#9333=CARTESIAN_POINT('',(-2.544338424500E0,-6.255119346323E0,
2.556500119422E0));
#9334=CARTESIAN_POINT('',(-2.510801562257E0,-6.255119346323E0,
2.561842274469E0));
#9335=CARTESIAN_POINT('',(-2.489870758854E0,-6.255119346323E0,
2.560310452921E0));
#9336=CARTESIAN_POINT('',(-2.485113540126E0,-6.255119346323E0,
2.559542305829E0));
#9338=CURVE_STYLE('',#21,POSITIVE_LENGTH_MEASURE(2.E-2),#2316);
#9339=PRESENTATION_STYLE_ASSIGNMENT((#9338));
#9340=STYLED_ITEM('',(#9339),#9337);
#9341=DIRECTION('',(0.E0,-1.E0,0.E0));
#9342=VECTOR('',#9341,1.E0);
#9343=SURFACE_OF_LINEAR_EXTRUSION('',#9337,#9342);
#9344=ORIENTED_EDGE('',*,*,#7799,.T.);
#9346=ORIENTED_EDGE('',*,*,#9345,.F.);
#9348=ORIENTED_EDGE('',*,*,#9347,.T.);
#9349=ORIENTED_EDGE('',*,*,#9316,.T.);
#9350=EDGE_LOOP('',(#9344,#9346,#9348,#9349));
#9351=FACE_OUTER_BOUND('',#9350,.F.);
#9352=ADVANCED_FACE('',(#9351),#9343,.T.);
#9353=FILL_AREA_STYLE_COLOUR('',#2316);
#9354=FILL_AREA_STYLE('',(#9353));
#9355=SURFACE_STYLE_FILL_AREA(#9354);
#9356=SURFACE_SIDE_STYLE('',(#9355));
#9357=SURFACE_STYLE_USAGE(.BOTH.,#9356);
#9358=PRESENTATION_STYLE_ASSIGNMENT((#9357));
#9359=OVER_RIDING_STYLED_ITEM('',(#9358),#9352,#2317);
#9360=CARTESIAN_POINT('',(-2.555735529196E0,-6.255119346323E0,
2.631007029261E0));
#9361=DIRECTION('',(-9.928100471826E-1,1.834945289921E-14,1.197005021430E-1));
#9362=DIRECTION('',(-1.197005021430E-1,-2.434149442144E-14,-9.928100471826E-1));
#9363=AXIS2_PLACEMENT_3D('',#9360,#9361,#9362);
#9364=PLANE('',#9363);
#9365=ORIENTED_EDGE('',*,*,#7797,.T.);
#9367=ORIENTED_EDGE('',*,*,#9366,.T.);
#9369=ORIENTED_EDGE('',*,*,#9368,.T.);
#9370=ORIENTED_EDGE('',*,*,#9345,.T.);
#9371=EDGE_LOOP('',(#9365,#9367,#9369,#9370));
#9372=FACE_OUTER_BOUND('',#9371,.F.);
#9373=ADVANCED_FACE('',(#9372),#9364,.T.);
#9374=FILL_AREA_STYLE_COLOUR('',#2316);
#9375=FILL_AREA_STYLE('',(#9374));
#9376=SURFACE_STYLE_FILL_AREA(#9375);
#9377=SURFACE_SIDE_STYLE('',(#9376));
#9378=SURFACE_STYLE_USAGE(.BOTH.,#9377);
#9379=PRESENTATION_STYLE_ASSIGNMENT((#9378));
#9380=OVER_RIDING_STYLED_ITEM('',(#9379),#9373,#2317);
#9381=CARTESIAN_POINT('',(-2.540668760304E0,-6.255119346323E0,
2.629864193849E0));
#9382=CARTESIAN_POINT('',(-2.540736138356E0,-6.255119346323E0,
2.629863888971E0));
#9383=CARTESIAN_POINT('',(-2.544203516543E0,-6.255119346323E0,
2.629856114580E0));
#9384=CARTESIAN_POINT('',(-2.549355955772E0,-6.255119346323E0,
2.630252456060E0));
#9385=CARTESIAN_POINT('',(-2.555995285304E0,-6.255119346323E0,
2.631037669506E0));
#9386=CARTESIAN_POINT('',(-2.556126077992E0,-6.255119346323E0,
2.631053218287E0));
#9388=CURVE_STYLE('',#21,POSITIVE_LENGTH_MEASURE(2.E-2),#2316);
#9389=PRESENTATION_STYLE_ASSIGNMENT((#9388));
#9390=STYLED_ITEM('',(#9389),#9387);
#9391=DIRECTION('',(0.E0,-1.E0,0.E0));
#9392=VECTOR('',#9391,1.E0);
#9393=SURFACE_OF_LINEAR_EXTRUSION('',#9387,#9392);
#9394=ORIENTED_EDGE('',*,*,#7795,.T.);
#9396=ORIENTED_EDGE('',*,*,#9395,.F.);
#9398=ORIENTED_EDGE('',*,*,#9397,.T.);
#9399=ORIENTED_EDGE('',*,*,#9366,.F.);
#9400=EDGE_LOOP('',(#9394,#9396,#9398,#9399));
#9401=FACE_OUTER_BOUND('',#9400,.F.);
#9402=ADVANCED_FACE('',(#9401),#9393,.T.);
#9403=FILL_AREA_STYLE_COLOUR('',#2316);
#9404=FILL_AREA_STYLE('',(#9403));
#9405=SURFACE_STYLE_FILL_AREA(#9404);
#9406=SURFACE_SIDE_STYLE('',(#9405));
#9407=SURFACE_STYLE_USAGE(.BOTH.,#9406);
#9408=PRESENTATION_STYLE_ASSIGNMENT((#9407));
#9409=OVER_RIDING_STYLED_ITEM('',(#9408),#9402,#2317);
#9410=CARTESIAN_POINT('',(-2.388389879558E0,-6.255119346323E0,
2.769715760143E0));
#9411=CARTESIAN_POINT('',(-2.387906781490E0,-6.255119346323E0,
2.764689550163E0));
#9412=CARTESIAN_POINT('',(-2.385575399358E0,-6.255119346323E0,
2.716265563653E0));
#9413=CARTESIAN_POINT('',(-2.425019060587E0,-6.255119346323E0,
2.650157182461E0));
#9414=CARTESIAN_POINT('',(-2.506402509265E0,-6.255119346323E0,
2.628596641952E0));
#9415=CARTESIAN_POINT('',(-2.550691204910E0,-6.255119346323E0,
2.630021967784E0));
#9416=CARTESIAN_POINT('',(-2.555605476837E0,-6.255119346323E0,
2.630337595379E0));
#9418=CURVE_STYLE('',#21,POSITIVE_LENGTH_MEASURE(2.E-2),#2316);
#9419=PRESENTATION_STYLE_ASSIGNMENT((#9418));
#9420=STYLED_ITEM('',(#9419),#9417);
#9421=DIRECTION('',(0.E0,-1.E0,0.E0));
#9422=VECTOR('',#9421,1.E0);
#9423=SURFACE_OF_LINEAR_EXTRUSION('',#9417,#9422);
#9424=ORIENTED_EDGE('',*,*,#7793,.T.);
#9426=ORIENTED_EDGE('',*,*,#9425,.F.);
#9428=ORIENTED_EDGE('',*,*,#9427,.T.);
#9429=ORIENTED_EDGE('',*,*,#9395,.T.);
#9430=EDGE_LOOP('',(#9424,#9426,#9428,#9429));
#9431=FACE_OUTER_BOUND('',#9430,.F.);
#9432=ADVANCED_FACE('',(#9431),#9423,.T.);
#9433=FILL_AREA_STYLE_COLOUR('',#2316);
#9434=FILL_AREA_STYLE('',(#9433));
#9435=SURFACE_STYLE_FILL_AREA(#9434);
#9436=SURFACE_SIDE_STYLE('',(#9435));
#9437=SURFACE_STYLE_USAGE(.BOTH.,#9436);
#9438=PRESENTATION_STYLE_ASSIGNMENT((#9437));
#9439=OVER_RIDING_STYLED_ITEM('',(#9438),#9432,#2317);
#9440=CARTESIAN_POINT('',(-2.525228050281E0,-6.255119346323E0,
2.871584661346E0));
#9441=CARTESIAN_POINT('',(-2.520253439735E0,-6.255119346323E0,
2.872025731083E0));
#9442=CARTESIAN_POINT('',(-2.478437258710E0,-6.255119346323E0,
2.873874523722E0));
#9443=CARTESIAN_POINT('',(-2.412919212545E0,-6.255119346323E0,
2.847565726890E0));
#9444=CARTESIAN_POINT('',(-2.385815439859E0,-6.255119346323E0,
2.784664518581E0));
#9445=CARTESIAN_POINT('',(-2.387944390337E0,-6.255119346323E0,
2.744980714748E0));
#9446=CARTESIAN_POINT('',(-2.388501530252E0,-6.255119346323E0,
2.739806357642E0));
#9448=CURVE_STYLE('',#21,POSITIVE_LENGTH_MEASURE(2.E-2),#2316);
#9449=PRESENTATION_STYLE_ASSIGNMENT((#9448));
#9450=STYLED_ITEM('',(#9449),#9447);
#9451=DIRECTION('',(0.E0,-1.E0,0.E0));
#9452=VECTOR('',#9451,1.E0);
#9453=SURFACE_OF_LINEAR_EXTRUSION('',#9447,#9452);
#9454=ORIENTED_EDGE('',*,*,#7791,.T.);
#9456=ORIENTED_EDGE('',*,*,#9455,.F.);
#9458=ORIENTED_EDGE('',*,*,#9457,.T.);
#9459=ORIENTED_EDGE('',*,*,#9425,.T.);
#9460=EDGE_LOOP('',(#9454,#9456,#9458,#9459));
#9461=FACE_OUTER_BOUND('',#9460,.F.);
#9462=ADVANCED_FACE('',(#9461),#9453,.T.);
#9463=FILL_AREA_STYLE_COLOUR('',#2316);
#9464=FILL_AREA_STYLE('',(#9463));
#9465=SURFACE_STYLE_FILL_AREA(#9464);
#9466=SURFACE_SIDE_STYLE('',(#9465));
#9467=SURFACE_STYLE_USAGE(.BOTH.,#9466);
#9468=PRESENTATION_STYLE_ASSIGNMENT((#9467));
#9469=OVER_RIDING_STYLED_ITEM('',(#9468),#9462,#2317);
#9470=CARTESIAN_POINT('',(-2.647901291430E0,-6.255119346323E0,
2.722213301390E0));
#9471=CARTESIAN_POINT('',(-2.647386238308E0,-6.255119346323E0,
2.727187455740E0));
#9472=CARTESIAN_POINT('',(-2.640858501142E0,-6.255119346323E0,
2.778583529911E0));
#9473=CARTESIAN_POINT('',(-2.607278976366E0,-6.255119346323E0,
2.849852312347E0));
#9474=CARTESIAN_POINT('',(-2.542157222407E0,-6.255119346323E0,
2.873801627183E0));
#9475=CARTESIAN_POINT('',(-2.500488031428E0,-6.255119346323E0,
2.872024453913E0));
#9476=CARTESIAN_POINT('',(-2.495292576697E0,-6.255119346323E0,
2.871590158449E0));
#9478=CURVE_STYLE('',#21,POSITIVE_LENGTH_MEASURE(2.E-2),#2316);
#9479=PRESENTATION_STYLE_ASSIGNMENT((#9478));
#9480=STYLED_ITEM('',(#9479),#9477);
#9481=DIRECTION('',(0.E0,-1.E0,0.E0));
#9482=VECTOR('',#9481,1.E0);
#9483=SURFACE_OF_LINEAR_EXTRUSION('',#9477,#9482);
#9484=ORIENTED_EDGE('',*,*,#7789,.T.);
#9486=ORIENTED_EDGE('',*,*,#9485,.F.);
#9488=ORIENTED_EDGE('',*,*,#9487,.T.);
#9489=ORIENTED_EDGE('',*,*,#9455,.T.);
#9490=EDGE_LOOP('',(#9484,#9486,#9488,#9489));
#9491=FACE_OUTER_BOUND('',#9490,.F.);
#9492=ADVANCED_FACE('',(#9491),#9483,.T.);
#9493=FILL_AREA_STYLE_COLOUR('',#2316);
#9494=FILL_AREA_STYLE('',(#9493));
#9495=SURFACE_STYLE_FILL_AREA(#9494);
#9496=SURFACE_SIDE_STYLE('',(#9495));
#9497=SURFACE_STYLE_USAGE(.BOTH.,#9496);
#9498=PRESENTATION_STYLE_ASSIGNMENT((#9497));
#9499=OVER_RIDING_STYLED_ITEM('',(#9498),#9492,#2317);
#9500=CARTESIAN_POINT('',(-2.738090719369E0,-6.255119346323E0,
2.753339351195E0));
#9501=DIRECTION('',(-1.772714163950E-1,-2.323245108528E-14,-9.841620013643E-1));
#9502=DIRECTION('',(9.841620013643E-1,-1.973484200446E-14,-1.772714163950E-1));
#9503=AXIS2_PLACEMENT_3D('',#9500,#9501,#9502);
#9504=PLANE('',#9503);
#9505=ORIENTED_EDGE('',*,*,#7787,.T.);
#9507=ORIENTED_EDGE('',*,*,#9506,.T.);
#9509=ORIENTED_EDGE('',*,*,#9508,.T.);
#9510=ORIENTED_EDGE('',*,*,#9485,.T.);
#9511=EDGE_LOOP('',(#9505,#9507,#9509,#9510));
#9512=FACE_OUTER_BOUND('',#9511,.F.);
#9513=ADVANCED_FACE('',(#9512),#9504,.T.);
#9514=FILL_AREA_STYLE_COLOUR('',#2316);
#9515=FILL_AREA_STYLE('',(#9514));
#9516=SURFACE_STYLE_FILL_AREA(#9515);
#9517=SURFACE_SIDE_STYLE('',(#9516));
#9518=SURFACE_STYLE_USAGE(.BOTH.,#9517);
#9519=PRESENTATION_STYLE_ASSIGNMENT((#9518));
#9520=OVER_RIDING_STYLED_ITEM('',(#9519),#9513,#2317);
#9521=CARTESIAN_POINT('',(-2.497631303994E0,-6.255119346323E0,
2.947347072612E0));
#9522=CARTESIAN_POINT('',(-2.502574022909E0,-6.255119346323E0,
2.947582176122E0));
#9523=CARTESIAN_POINT('',(-2.567620360617E0,-6.255119346323E0,
2.949138656087E0));
#9524=CARTESIAN_POINT('',(-2.673208857035E0,-6.255119346323E0,
2.912257040437E0));
#9525=CARTESIAN_POINT('',(-2.728764678867E0,-6.255119346323E0,
2.811246455288E0));
#9526=CARTESIAN_POINT('',(-2.739798361259E0,-6.255119346323E0,
2.743523139916E0));
#9527=CARTESIAN_POINT('',(-2.740508008609E0,-6.255119346323E0,
2.738493577189E0));
#9529=CURVE_STYLE('',#21,POSITIVE_LENGTH_MEASURE(2.E-2),#2316);
#9530=PRESENTATION_STYLE_ASSIGNMENT((#9529));
#9531=STYLED_ITEM('',(#9530),#9528);
#9532=DIRECTION('',(0.E0,-1.E0,0.E0));
#9533=VECTOR('',#9532,1.E0);
#9534=SURFACE_OF_LINEAR_EXTRUSION('',#9528,#9533);
#9535=ORIENTED_EDGE('',*,*,#7785,.T.);
#9537=ORIENTED_EDGE('',*,*,#9536,.F.);
#9539=ORIENTED_EDGE('',*,*,#9538,.T.);
#9540=ORIENTED_EDGE('',*,*,#9506,.F.);
#9541=EDGE_LOOP('',(#9535,#9537,#9539,#9540));
#9542=FACE_OUTER_BOUND('',#9541,.F.);
#9543=ADVANCED_FACE('',(#9542),#9534,.T.);
#9544=FILL_AREA_STYLE_COLOUR('',#2316);
#9545=FILL_AREA_STYLE('',(#9544));
#9546=SURFACE_STYLE_FILL_AREA(#9545);
#9547=SURFACE_SIDE_STYLE('',(#9546));
#9548=SURFACE_STYLE_USAGE(.BOTH.,#9547);
#9549=PRESENTATION_STYLE_ASSIGNMENT((#9548));
#9550=OVER_RIDING_STYLED_ITEM('',(#9549),#9543,#2317);
#9551=CARTESIAN_POINT('',(-2.293421750657E0,-6.255119346323E0,
2.737664536310E0));
#9552=CARTESIAN_POINT('',(-2.292992902284E0,-6.255119346323E0,
2.742899472641E0));
#9553=CARTESIAN_POINT('',(-2.291380769893E0,-6.255119346323E0,
2.782161093599E0));
#9554=CARTESIAN_POINT('',(-2.310969259307E0,-6.255119346323E0,
2.853593420219E0));
#9555=CARTESIAN_POINT('',(-2.393743652840E0,-6.255119346323E0,
2.929508057382E0));
#9556=CARTESIAN_POINT('',(-2.476529078905E0,-6.255119346323E0,
2.948872436691E0));
#9557=CARTESIAN_POINT('',(-2.522842469120E0,-6.255119346323E0,
2.947547756719E0));
#9558=CARTESIAN_POINT('',(-2.528157689307E0,-6.255119346323E0,
2.947242913078E0));
#9560=CURVE_STYLE('',#21,POSITIVE_LENGTH_MEASURE(2.E-2),#2316);
#9561=PRESENTATION_STYLE_ASSIGNMENT((#9560));
#9562=STYLED_ITEM('',(#9561),#9559);
#9563=DIRECTION('',(0.E0,-1.E0,0.E0));
#9564=VECTOR('',#9563,1.E0);
#9565=SURFACE_OF_LINEAR_EXTRUSION('',#9559,#9564);
#9566=ORIENTED_EDGE('',*,*,#7783,.T.);
#9568=ORIENTED_EDGE('',*,*,#9567,.F.);
#9570=ORIENTED_EDGE('',*,*,#9569,.T.);
#9571=ORIENTED_EDGE('',*,*,#9536,.T.);
#9572=EDGE_LOOP('',(#9566,#9568,#9570,#9571));
#9573=FACE_OUTER_BOUND('',#9572,.F.);
#9574=ADVANCED_FACE('',(#9573),#9565,.T.);
#9575=FILL_AREA_STYLE_COLOUR('',#2316);
#9576=FILL_AREA_STYLE('',(#9575));
#9577=SURFACE_STYLE_FILL_AREA(#9576);
#9578=SURFACE_SIDE_STYLE('',(#9577));
#9579=SURFACE_STYLE_USAGE(.BOTH.,#9578);
#9580=PRESENTATION_STYLE_ASSIGNMENT((#9579));
#9581=OVER_RIDING_STYLED_ITEM('',(#9580),#9574,#2317);
#9582=CARTESIAN_POINT('',(-2.409828074046E0,-6.255119346323E0,
2.595591153518E0));
#9583=CARTESIAN_POINT('',(-2.405162892920E0,-6.255119346323E0,
2.597383692914E0));
#9584=CARTESIAN_POINT('',(-2.365257680019E0,-6.255119346323E0,
2.614114332624E0));
#9585=CARTESIAN_POINT('',(-2.310213415781E0,-6.255119346323E0,
2.660542091410E0));
#9586=CARTESIAN_POINT('',(-2.291443845187E0,-6.255119346323E0,
2.725568909753E0));
#9587=CARTESIAN_POINT('',(-2.292982444332E0,-6.255119346323E0,
2.763307219962E0));
#9588=CARTESIAN_POINT('',(-2.293391442144E0,-6.255119346323E0,
2.768360988916E0));
#9590=CURVE_STYLE('',#21,POSITIVE_LENGTH_MEASURE(2.E-2),#2316);
#9591=PRESENTATION_STYLE_ASSIGNMENT((#9590));
#9592=STYLED_ITEM('',(#9591),#9589);
#9593=DIRECTION('',(0.E0,-1.E0,0.E0));
#9594=VECTOR('',#9593,1.E0);
#9595=SURFACE_OF_LINEAR_EXTRUSION('',#9589,#9594);
#9596=ORIENTED_EDGE('',*,*,#7781,.T.);
#9598=ORIENTED_EDGE('',*,*,#9597,.F.);
#9600=ORIENTED_EDGE('',*,*,#9599,.T.);
#9601=ORIENTED_EDGE('',*,*,#9567,.T.);
#9602=EDGE_LOOP('',(#9596,#9598,#9600,#9601));
#9603=FACE_OUTER_BOUND('',#9602,.F.);
#9604=ADVANCED_FACE('',(#9603),#9595,.T.);
#9605=FILL_AREA_STYLE_COLOUR('',#2316);
#9606=FILL_AREA_STYLE('',(#9605));
#9607=SURFACE_STYLE_FILL_AREA(#9606);
#9608=SURFACE_SIDE_STYLE('',(#9607));
#9609=SURFACE_STYLE_USAGE(.BOTH.,#9608);
#9610=PRESENTATION_STYLE_ASSIGNMENT((#9609));
#9611=OVER_RIDING_STYLED_ITEM('',(#9610),#9604,#2317);
#9612=CARTESIAN_POINT('',(-2.256571861770E0,-6.255119346323E0,
2.401980888466E0));
#9613=CARTESIAN_POINT('',(-2.256318661234E0,-6.255119346323E0,
2.406938779254E0));
#9614=CARTESIAN_POINT('',(-2.254927761840E0,-6.255119346323E0,
2.460959531320E0));
#9615=CARTESIAN_POINT('',(-2.281631097572E0,-6.255119346323E0,
2.547070288121E0));
#9616=CARTESIAN_POINT('',(-2.355457438001E0,-6.255119346323E0,
2.593374972390E0));
#9617=CARTESIAN_POINT('',(-2.406036459597E0,-6.255119346323E0,
2.603377241480E0));
#9618=CARTESIAN_POINT('',(-2.411098727342E0,-6.255119346323E0,
2.604216243113E0));
#9620=CURVE_STYLE('',#21,POSITIVE_LENGTH_MEASURE(2.E-2),#2316);
#9621=PRESENTATION_STYLE_ASSIGNMENT((#9620));
#9622=STYLED_ITEM('',(#9621),#9619);
#9623=DIRECTION('',(0.E0,-1.E0,0.E0));
#9624=VECTOR('',#9623,1.E0);
#9625=SURFACE_OF_LINEAR_EXTRUSION('',#9619,#9624);
#9626=ORIENTED_EDGE('',*,*,#7779,.T.);
#9628=ORIENTED_EDGE('',*,*,#9627,.F.);
#9630=ORIENTED_EDGE('',*,*,#9629,.T.);
#9631=ORIENTED_EDGE('',*,*,#9597,.T.);
#9632=EDGE_LOOP('',(#9626,#9628,#9630,#9631));
#9633=FACE_OUTER_BOUND('',#9632,.F.);
#9634=ADVANCED_FACE('',(#9633),#9625,.T.);
#9635=FILL_AREA_STYLE_COLOUR('',#2316);
#9636=FILL_AREA_STYLE('',(#9635));
#9637=SURFACE_STYLE_FILL_AREA(#9636);
#9638=SURFACE_SIDE_STYLE('',(#9637));
#9639=SURFACE_STYLE_USAGE(.BOTH.,#9638);
#9640=PRESENTATION_STYLE_ASSIGNMENT((#9639));
#9641=OVER_RIDING_STYLED_ITEM('',(#9640),#9634,#2317);
#9642=CARTESIAN_POINT('',(-2.523522821021E0,-6.255119346323E0,
2.182551382052E0));
#9643=CARTESIAN_POINT('',(-2.518575923965E0,-6.255119346323E0,
2.182360756565E0));
#9644=CARTESIAN_POINT('',(-2.476853108690E0,-6.255119346323E0,
2.181540096206E0));
#9645=CARTESIAN_POINT('',(-2.406324863415E0,-6.255119346323E0,
2.193187162125E0));
#9646=CARTESIAN_POINT('',(-2.323385100756E0,-6.255119346323E0,
2.246503393555E0));
#9647=CARTESIAN_POINT('',(-2.267741451985E0,-6.255119346323E0,
2.324257507054E0));
#9648=CARTESIAN_POINT('',(-2.255315823295E0,-6.255119346323E0,
2.388596929154E0));
#9649=CARTESIAN_POINT('',(-2.256326036182E0,-6.255119346323E0,
2.426599343502E0));
#9650=CARTESIAN_POINT('',(-2.256590293932E0,-6.255119346323E0,
2.431674521810E0));
#9652=CURVE_STYLE('',#21,POSITIVE_LENGTH_MEASURE(2.E-2),#2316);
#9653=PRESENTATION_STYLE_ASSIGNMENT((#9652));
#9654=STYLED_ITEM('',(#9653),#9651);
#9655=DIRECTION('',(0.E0,-1.E0,0.E0));
#9656=VECTOR('',#9655,1.E0);
#9657=SURFACE_OF_LINEAR_EXTRUSION('',#9651,#9656);
#9658=ORIENTED_EDGE('',*,*,#7777,.T.);
#9660=ORIENTED_EDGE('',*,*,#9659,.F.);
#9662=ORIENTED_EDGE('',*,*,#9661,.T.);
#9663=ORIENTED_EDGE('',*,*,#9627,.T.);
#9664=EDGE_LOOP('',(#9658,#9660,#9662,#9663));
#9665=FACE_OUTER_BOUND('',#9664,.F.);
#9666=ADVANCED_FACE('',(#9665),#9657,.T.);
#9667=FILL_AREA_STYLE_COLOUR('',#2316);
#9668=FILL_AREA_STYLE('',(#9667));
#9669=SURFACE_STYLE_FILL_AREA(#9668);
#9670=SURFACE_SIDE_STYLE('',(#9669));
#9671=SURFACE_STYLE_USAGE(.BOTH.,#9670);
#9672=PRESENTATION_STYLE_ASSIGNMENT((#9671));
#9673=OVER_RIDING_STYLED_ITEM('',(#9672),#9666,#2317);
#9674=CARTESIAN_POINT('',(-2.748278760751E0,-6.255119346323E0,
2.408399628673E0));
#9675=CARTESIAN_POINT('',(-2.748055291377E0,-6.255119346323E0,
2.403468975665E0));
#9676=CARTESIAN_POINT('',(-2.743192713046E0,-6.255119346323E0,
2.335350827691E0));
#9677=CARTESIAN_POINT('',(-2.687881113715E0,-6.255119346323E0,
2.225519208270E0));
#9678=CARTESIAN_POINT('',(-2.570553887097E0,-6.255119346323E0,
2.180644262285E0));
#9679=CARTESIAN_POINT('',(-2.498928581415E0,-6.255119346323E0,
2.182386035683E0));
#9680=CARTESIAN_POINT('',(-2.493885934061E0,-6.255119346323E0,
2.182631364664E0));
#9682=CURVE_STYLE('',#21,POSITIVE_LENGTH_MEASURE(2.E-2),#2316);
#9683=PRESENTATION_STYLE_ASSIGNMENT((#9682));
#9684=STYLED_ITEM('',(#9683),#9681);
#9685=DIRECTION('',(0.E0,-1.E0,0.E0));
#9686=VECTOR('',#9685,1.E0);
#9687=SURFACE_OF_LINEAR_EXTRUSION('',#9681,#9686);
#9688=ORIENTED_EDGE('',*,*,#7775,.T.);
#9690=ORIENTED_EDGE('',*,*,#9689,.F.);
#9692=ORIENTED_EDGE('',*,*,#9691,.T.);
#9693=ORIENTED_EDGE('',*,*,#9659,.T.);
#9694=EDGE_LOOP('',(#9688,#9690,#9692,#9693));
#9695=FACE_OUTER_BOUND('',#9694,.F.);
#9696=ADVANCED_FACE('',(#9695),#9687,.T.);
#9697=FILL_AREA_STYLE_COLOUR('',#2316);
#9698=FILL_AREA_STYLE('',(#9697));
#9699=SURFACE_STYLE_FILL_AREA(#9698);
#9700=SURFACE_SIDE_STYLE('',(#9699));
#9701=SURFACE_STYLE_USAGE(.BOTH.,#9700);
#9702=PRESENTATION_STYLE_ASSIGNMENT((#9701));
#9703=OVER_RIDING_STYLED_ITEM('',(#9702),#9696,#2317);
#9704=CARTESIAN_POINT('',(-2.655201996563E0,-6.255119346323E0,
2.405778361774E0));
#9705=DIRECTION('',(-1.293391840680E-1,2.812086642811E-14,9.916004111862E-1));
#9706=DIRECTION('',(-9.916004111862E-1,1.176552776985E-14,-1.293391840680E-1));
#9707=AXIS2_PLACEMENT_3D('',#9704,#9705,#9706);
#9708=PLANE('',#9707);
#9709=ORIENTED_EDGE('',*,*,#7773,.T.);
#9710=ORIENTED_EDGE('',*,*,#9259,.T.);
#9712=ORIENTED_EDGE('',*,*,#9711,.T.);
#9713=ORIENTED_EDGE('',*,*,#9689,.T.);
#9714=EDGE_LOOP('',(#9709,#9710,#9712,#9713));
#9715=FACE_OUTER_BOUND('',#9714,.F.);
#9716=ADVANCED_FACE('',(#9715),#9708,.T.);
#9717=FILL_AREA_STYLE_COLOUR('',#2316);
#9718=FILL_AREA_STYLE('',(#9717));
#9719=SURFACE_STYLE_FILL_AREA(#9718);
#9720=SURFACE_SIDE_STYLE('',(#9719));
#9721=SURFACE_STYLE_USAGE(.BOTH.,#9720);
#9722=PRESENTATION_STYLE_ASSIGNMENT((#9721));
#9723=OVER_RIDING_STYLED_ITEM('',(#9722),#9716,#2317);
#9724=CARTESIAN_POINT('',(-2.487370464304E0,-6.305119346323E0,
2.563280433963E0));
#9725=DIRECTION('',(1.530383209350E-14,1.E0,-2.636291895114E-14));
#9726=DIRECTION('',(0.E0,-2.636291895114E-14,-1.E0));
#9727=AXIS2_PLACEMENT_3D('',#9724,#9725,#9726);
#9728=PLANE('',#9727);
#9729=ORIENTED_EDGE('',*,*,#9711,.F.);
#9730=ORIENTED_EDGE('',*,*,#9257,.F.);
#9731=ORIENTED_EDGE('',*,*,#9288,.F.);
#9732=ORIENTED_EDGE('',*,*,#9318,.F.);
#9733=ORIENTED_EDGE('',*,*,#9347,.F.);
#9734=ORIENTED_EDGE('',*,*,#9368,.F.);
#9735=ORIENTED_EDGE('',*,*,#9397,.F.);
#9736=ORIENTED_EDGE('',*,*,#9427,.F.);
#9737=ORIENTED_EDGE('',*,*,#9457,.F.);
#9738=ORIENTED_EDGE('',*,*,#9487,.F.);
#9739=ORIENTED_EDGE('',*,*,#9508,.F.);
#9740=ORIENTED_EDGE('',*,*,#9538,.F.);
#9741=ORIENTED_EDGE('',*,*,#9569,.F.);
#9742=ORIENTED_EDGE('',*,*,#9599,.F.);
#9743=ORIENTED_EDGE('',*,*,#9629,.F.);
#9744=ORIENTED_EDGE('',*,*,#9661,.F.);
#9745=ORIENTED_EDGE('',*,*,#9691,.F.);
#9746=EDGE_LOOP('',(#9729,#9730,#9731,#9732,#9733,#9734,#9735,#9736,#9737,#9738,
#9739,#9740,#9741,#9742,#9743,#9744,#9745));
#9747=FACE_OUTER_BOUND('',#9746,.F.);
#9748=ADVANCED_FACE('',(#9747),#9728,.F.);
#9749=FILL_AREA_STYLE_COLOUR('',#2316);
#9750=FILL_AREA_STYLE('',(#9749));
#9751=SURFACE_STYLE_FILL_AREA(#9750);
#9752=SURFACE_SIDE_STYLE('',(#9751));
#9753=SURFACE_STYLE_USAGE(.BOTH.,#9752);
#9754=PRESENTATION_STYLE_ASSIGNMENT((#9753));
#9755=OVER_RIDING_STYLED_ITEM('',(#9754),#9748,#2317);
#9756=CARTESIAN_POINT('',(6.573924499485E-3,-6.255119346322E0,
9.205061912878E0));
#9757=DIRECTION('',(-1.E0,1.530383209350E-14,0.E0));
#9758=DIRECTION('',(0.E0,-2.636291895114E-14,-1.E0));
#9759=AXIS2_PLACEMENT_3D('',#9756,#9757,#9758);
#9760=PLANE('',#9759);
#9761=ORIENTED_EDGE('',*,*,#7807,.F.);
#9763=ORIENTED_EDGE('',*,*,#9762,.T.);
#9765=ORIENTED_EDGE('',*,*,#9764,.F.);
#9767=ORIENTED_EDGE('',*,*,#9766,.T.);
#9768=EDGE_LOOP('',(#9761,#9763,#9765,#9767));
#9769=FACE_OUTER_BOUND('',#9768,.F.);
#9770=ADVANCED_FACE('',(#9769),#9760,.T.);
#9771=FILL_AREA_STYLE_COLOUR('',#2316);
#9772=FILL_AREA_STYLE('',(#9771));
#9773=SURFACE_STYLE_FILL_AREA(#9772);
#9774=SURFACE_SIDE_STYLE('',(#9773));
#9775=SURFACE_STYLE_USAGE(.BOTH.,#9774);
#9776=PRESENTATION_STYLE_ASSIGNMENT((#9775));
#9777=OVER_RIDING_STYLED_ITEM('',(#9776),#9770,#2317);
#9778=CARTESIAN_POINT('',(-1.939044249463E-1,-6.255119346322E0,
9.088460500836E0));
#9779=CARTESIAN_POINT('',(-1.885246274770E-1,-6.255119346322E0,
9.090187909025E0));
#9780=CARTESIAN_POINT('',(-1.690631438325E-1,-6.255119346322E0,
9.096944830415E0));
#9781=CARTESIAN_POINT('',(-1.331459743455E-1,-6.255119346322E0,
9.112598113472E0));
#9782=CARTESIAN_POINT('',(-8.019722986332E-2,-6.255119346322E0,
9.141251887476E0));
#9783=CARTESIAN_POINT('',(-2.967798242886E-2,-6.255119346322E0,
9.173764274439E0));
#9784=CARTESIAN_POINT('',(1.791806351351E-4,-6.255119346322E0,
9.198428887405E0));
#9785=CARTESIAN_POINT('',(1.453213083524E-2,-6.255119346322E0,
9.212818811635E0));
#9786=CARTESIAN_POINT('',(1.822284500619E-2,-6.255119346322E0,
9.216726335388E0));
#9788=CURVE_STYLE('',#21,POSITIVE_LENGTH_MEASURE(2.E-2),#2316);
#9789=PRESENTATION_STYLE_ASSIGNMENT((#9788));
#9790=STYLED_ITEM('',(#9789),#9787);
#9791=DIRECTION('',(0.E0,-1.E0,0.E0));
#9792=VECTOR('',#9791,1.E0);
#9793=SURFACE_OF_LINEAR_EXTRUSION('',#9787,#9792);
#9794=ORIENTED_EDGE('',*,*,#7819,.T.);
#9796=ORIENTED_EDGE('',*,*,#9795,.F.);
#9798=ORIENTED_EDGE('',*,*,#9797,.T.);
#9799=ORIENTED_EDGE('',*,*,#9762,.F.);
#9800=EDGE_LOOP('',(#9794,#9796,#9798,#9799));
#9801=FACE_OUTER_BOUND('',#9800,.F.);
#9802=ADVANCED_FACE('',(#9801),#9793,.T.);
#9803=FILL_AREA_STYLE_COLOUR('',#2316);
#9804=FILL_AREA_STYLE('',(#9803));
#9805=SURFACE_STYLE_FILL_AREA(#9804);
#9806=SURFACE_SIDE_STYLE('',(#9805));
#9807=SURFACE_STYLE_USAGE(.BOTH.,#9806);
#9808=PRESENTATION_STYLE_ASSIGNMENT((#9807));
#9809=OVER_RIDING_STYLED_ITEM('',(#9808),#9802,#2317);
#9810=CARTESIAN_POINT('',(-1.774962047660E-1,-6.255119346322E0,
9.183339351039E0));
#9811=DIRECTION('',(-1.E0,1.530383209350E-14,0.E0));
#9812=DIRECTION('',(0.E0,-2.636291895114E-14,-1.E0));
#9813=AXIS2_PLACEMENT_3D('',#9810,#9811,#9812);
#9814=PLANE('',#9813);
#9815=ORIENTED_EDGE('',*,*,#7817,.F.);
#9817=ORIENTED_EDGE('',*,*,#9816,.T.);
#9819=ORIENTED_EDGE('',*,*,#9818,.F.);
#9820=ORIENTED_EDGE('',*,*,#9795,.T.);
#9821=EDGE_LOOP('',(#9815,#9817,#9819,#9820));
#9822=FACE_OUTER_BOUND('',#9821,.F.);
#9823=ADVANCED_FACE('',(#9822),#9814,.T.);
#9824=FILL_AREA_STYLE_COLOUR('',#2316);
#9825=FILL_AREA_STYLE('',(#9824));
#9826=SURFACE_STYLE_FILL_AREA(#9825);
#9827=SURFACE_SIDE_STYLE('',(#9826));
#9828=SURFACE_STYLE_USAGE(.BOTH.,#9827);
#9829=PRESENTATION_STYLE_ASSIGNMENT((#9828));
#9830=OVER_RIDING_STYLED_ITEM('',(#9829),#9823,#2317);
#9831=CARTESIAN_POINT('',(4.690330291404E-2,-6.255119346322E0,
9.389539747462E0));
#9832=CARTESIAN_POINT('',(4.478560948698E-2,-6.255119346322E0,
9.383612706402E0));
#9833=CARTESIAN_POINT('',(2.854928645185E-2,-6.255119346322E0,
9.345663018727E0));
#9834=CARTESIAN_POINT('',(-3.372714417517E-2,-6.255119346322E0,
9.268991031271E0));
#9835=CARTESIAN_POINT('',(-1.314144994216E-1,-6.255119346322E0,
9.203765315230E0));
#9836=CARTESIAN_POINT('',(-1.895300760579E-1,-6.255119346322E0,
9.177848965995E0));
#9837=CARTESIAN_POINT('',(-1.956485984904E-1,-6.255119346322E0,
9.175249289155E0));
#9839=CURVE_STYLE('',#21,POSITIVE_LENGTH_MEASURE(2.E-2),#2316);
#9840=PRESENTATION_STYLE_ASSIGNMENT((#9839));
#9841=STYLED_ITEM('',(#9840),#9838);
#9842=DIRECTION('',(0.E0,-1.E0,0.E0));
#9843=VECTOR('',#9842,1.E0);
#9844=SURFACE_OF_LINEAR_EXTRUSION('',#9838,#9843);
#9845=ORIENTED_EDGE('',*,*,#7815,.T.);
#9847=ORIENTED_EDGE('',*,*,#9846,.F.);
#9849=ORIENTED_EDGE('',*,*,#9848,.T.);
#9850=ORIENTED_EDGE('',*,*,#9816,.F.);
#9851=EDGE_LOOP('',(#9845,#9847,#9849,#9850));
#9852=FACE_OUTER_BOUND('',#9851,.F.);
#9853=ADVANCED_FACE('',(#9852),#9844,.T.);
#9854=FILL_AREA_STYLE_COLOUR('',#2316);
#9855=FILL_AREA_STYLE('',(#9854));
#9856=SURFACE_STYLE_FILL_AREA(#9855);
#9857=SURFACE_SIDE_STYLE('',(#9856));
#9858=SURFACE_STYLE_USAGE(.BOTH.,#9857);
#9859=PRESENTATION_STYLE_ASSIGNMENT((#9858));
#9860=OVER_RIDING_STYLED_ITEM('',(#9859),#9853,#2317);
#9861=CARTESIAN_POINT('',(9.860898913224E-2,-6.255119346322E0,
9.371411004854E0));
#9862=DIRECTION('',(0.E0,2.636291895114E-14,1.E0));
#9863=DIRECTION('',(-1.E0,1.530383209350E-14,0.E0));
#9864=AXIS2_PLACEMENT_3D('',#9861,#9862,#9863);
#9865=PLANE('',#9864);
#9866=ORIENTED_EDGE('',*,*,#7813,.F.);
#9868=ORIENTED_EDGE('',*,*,#9867,.F.);
#9870=ORIENTED_EDGE('',*,*,#9869,.F.);
#9871=ORIENTED_EDGE('',*,*,#9846,.T.);
#9872=EDGE_LOOP('',(#9866,#9868,#9870,#9871));
#9873=FACE_OUTER_BOUND('',#9872,.F.);
#9874=ADVANCED_FACE('',(#9873),#9865,.T.);
#9875=FILL_AREA_STYLE_COLOUR('',#2316);
#9876=FILL_AREA_STYLE('',(#9875));
#9877=SURFACE_STYLE_FILL_AREA(#9876);
#9878=SURFACE_SIDE_STYLE('',(#9877));
#9879=SURFACE_STYLE_USAGE(.BOTH.,#9878);
#9880=PRESENTATION_STYLE_ASSIGNMENT((#9879));
#9881=OVER_RIDING_STYLED_ITEM('',(#9880),#9874,#2317);
#9882=CARTESIAN_POINT('',(9.860898913224E-2,-6.255119346322E0,
8.618552743230E0));
#9883=DIRECTION('',(1.E0,-1.530383209350E-14,0.E0));
#9884=DIRECTION('',(0.E0,2.636291895114E-14,1.E0));
#9885=AXIS2_PLACEMENT_3D('',#9882,#9883,#9884);
#9886=PLANE('',#9885);
#9887=ORIENTED_EDGE('',*,*,#7811,.F.);
#9889=ORIENTED_EDGE('',*,*,#9888,.F.);
#9891=ORIENTED_EDGE('',*,*,#9890,.F.);
#9892=ORIENTED_EDGE('',*,*,#9867,.T.);
#9893=EDGE_LOOP('',(#9887,#9889,#9891,#9892));
#9894=FACE_OUTER_BOUND('',#9893,.F.);
#9895=ADVANCED_FACE('',(#9894),#9886,.T.);
#9896=FILL_AREA_STYLE_COLOUR('',#2316);
#9897=FILL_AREA_STYLE('',(#9896));
#9898=SURFACE_STYLE_FILL_AREA(#9897);
#9899=SURFACE_SIDE_STYLE('',(#9898));
#9900=SURFACE_STYLE_USAGE(.BOTH.,#9899);
#9901=PRESENTATION_STYLE_ASSIGNMENT((#9900));
#9902=OVER_RIDING_STYLED_ITEM('',(#9901),#9895,#2317);
#9903=CARTESIAN_POINT('',(6.573924499488E-3,-6.255119346322E0,
8.618552743230E0));
#9904=DIRECTION('',(0.E0,-2.636291895114E-14,-1.E0));
#9905=DIRECTION('',(1.E0,-1.530383209350E-14,0.E0));
#9906=AXIS2_PLACEMENT_3D('',#9903,#9904,#9905);
#9907=PLANE('',#9906);
#9908=ORIENTED_EDGE('',*,*,#7809,.F.);
#9909=ORIENTED_EDGE('',*,*,#9766,.F.);
#9911=ORIENTED_EDGE('',*,*,#9910,.F.);
#9912=ORIENTED_EDGE('',*,*,#9888,.T.);
#9913=EDGE_LOOP('',(#9908,#9909,#9911,#9912));
#9914=FACE_OUTER_BOUND('',#9913,.F.);
#9915=ADVANCED_FACE('',(#9914),#9907,.T.);
#9916=FILL_AREA_STYLE_COLOUR('',#2316);
#9917=FILL_AREA_STYLE('',(#9916));
#9918=SURFACE_STYLE_FILL_AREA(#9917);
#9919=SURFACE_SIDE_STYLE('',(#9918));
#9920=SURFACE_STYLE_USAGE(.BOTH.,#9919);
#9921=PRESENTATION_STYLE_ASSIGNMENT((#9920));
#9922=OVER_RIDING_STYLED_ITEM('',(#9921),#9915,#2317);
#9923=CARTESIAN_POINT('',(2.292993223376E-2,-6.305119346322E0,
9.012981851733E0));
#9924=DIRECTION('',(1.530383209350E-14,1.E0,-2.636291895114E-14));
#9925=DIRECTION('',(0.E0,-2.636291895114E-14,-1.E0));
#9926=AXIS2_PLACEMENT_3D('',#9923,#9924,#9925);
#9927=PLANE('',#9926);
#9928=ORIENTED_EDGE('',*,*,#9910,.T.);
#9929=ORIENTED_EDGE('',*,*,#9764,.T.);
#9930=ORIENTED_EDGE('',*,*,#9797,.F.);
#9931=ORIENTED_EDGE('',*,*,#9818,.T.);
#9932=ORIENTED_EDGE('',*,*,#9848,.F.);
#9933=ORIENTED_EDGE('',*,*,#9869,.T.);
#9934=ORIENTED_EDGE('',*,*,#9890,.T.);
#9935=EDGE_LOOP('',(#9928,#9929,#9930,#9931,#9932,#9933,#9934));
#9936=FACE_OUTER_BOUND('',#9935,.F.);
#9937=ADVANCED_FACE('',(#9936),#9927,.F.);
#9938=FILL_AREA_STYLE_COLOUR('',#2316);
#9939=FILL_AREA_STYLE('',(#9938));
#9940=SURFACE_STYLE_FILL_AREA(#9939);
#9941=SURFACE_SIDE_STYLE('',(#9940));
#9942=SURFACE_STYLE_USAGE(.BOTH.,#9941);
#9943=PRESENTATION_STYLE_ASSIGNMENT((#9942));
#9944=OVER_RIDING_STYLED_ITEM('',(#9943),#9937,#2317);
#9945=CARTESIAN_POINT('',(-2.759813281208E0,-6.255119346322E0,
8.618552743230E0));
#9946=DIRECTION('',(0.E0,-2.636291895114E-14,-1.E0));
#9947=DIRECTION('',(1.E0,-1.530383209350E-14,0.E0));
#9948=AXIS2_PLACEMENT_3D('',#9945,#9946,#9947);
#9949=PLANE('',#9948);
#9950=ORIENTED_EDGE('',*,*,#7823,.F.);
#9952=ORIENTED_EDGE('',*,*,#9951,.T.);
#9954=ORIENTED_EDGE('',*,*,#9953,.F.);
#9956=ORIENTED_EDGE('',*,*,#9955,.T.);
#9957=EDGE_LOOP('',(#9950,#9952,#9954,#9956));
#9958=FACE_OUTER_BOUND('',#9957,.F.);
#9959=ADVANCED_FACE('',(#9958),#9949,.T.);
#9960=FILL_AREA_STYLE_COLOUR('',#2316);
#9961=FILL_AREA_STYLE('',(#9960));
#9962=SURFACE_STYLE_FILL_AREA(#9961);
#9963=SURFACE_SIDE_STYLE('',(#9962));
#9964=SURFACE_STYLE_USAGE(.BOTH.,#9963);
#9965=PRESENTATION_STYLE_ASSIGNMENT((#9964));
#9966=OVER_RIDING_STYLED_ITEM('',(#9965),#9959,#2317);
#9967=CARTESIAN_POINT('',(-2.743051249072E0,-6.255119346322E0,
8.696012860823E0));
#9968=CARTESIAN_POINT('',(-2.745229146016E0,-6.255119346322E0,
8.691570978039E0));
#9969=CARTESIAN_POINT('',(-2.756160696844E0,-6.255119346322E0,
8.666680366109E0));
#9970=CARTESIAN_POINT('',(-2.761382881659E0,-6.255119346322E0,
8.635896960882E0));
#9971=CARTESIAN_POINT('',(-2.759255350626E0,-6.255119346322E0,
8.608655991672E0));
#9972=CARTESIAN_POINT('',(-2.758649429649E0,-6.255119346322E0,
8.603650754035E0));
#9974=CURVE_STYLE('',#21,POSITIVE_LENGTH_MEASURE(2.E-2),#2316);
#9975=PRESENTATION_STYLE_ASSIGNMENT((#9974));
#9976=STYLED_ITEM('',(#9975),#9973);
#9977=DIRECTION('',(0.E0,-1.E0,0.E0));
#9978=VECTOR('',#9977,1.E0);
#9979=SURFACE_OF_LINEAR_EXTRUSION('',#9973,#9978);
#9980=ORIENTED_EDGE('',*,*,#7847,.T.);
#9982=ORIENTED_EDGE('',*,*,#9981,.F.);
#9984=ORIENTED_EDGE('',*,*,#9983,.T.);
#9985=ORIENTED_EDGE('',*,*,#9951,.F.);
#9986=EDGE_LOOP('',(#9980,#9982,#9984,#9985));
#9987=FACE_OUTER_BOUND('',#9986,.F.);
#9988=ADVANCED_FACE('',(#9987),#9979,.T.);
#9989=FILL_AREA_STYLE_COLOUR('',#2316);
#9990=FILL_AREA_STYLE('',(#9989));
#9991=SURFACE_STYLE_FILL_AREA(#9990);
#9992=SURFACE_SIDE_STYLE('',(#9991));
#9993=SURFACE_STYLE_USAGE(.BOTH.,#9992);
#9994=PRESENTATION_STYLE_ASSIGNMENT((#9993));
#9995=OVER_RIDING_STYLED_ITEM('',(#9994),#9988,#2317);
#9996=CARTESIAN_POINT('',(-2.552884444728E0,-6.255119346322E0,
8.907855189402E0));
#9997=CARTESIAN_POINT('',(-2.557952987928E0,-6.255119346322E0,
8.903778107969E0));
#9998=CARTESIAN_POINT('',(-2.616743877318E0,-6.255119346322E0,
8.856079582579E0));
#9999=CARTESIAN_POINT('',(-2.698361297058E0,-6.255119346322E0,
8.780042841111E0));
#10000=CARTESIAN_POINT('',(-2.739721990608E0,-6.255119346322E0,
8.710901030088E0));
#10001=CARTESIAN_POINT('',(-2.753180749303E0,-6.255119346322E0,
8.670568331726E0));
#10002=CARTESIAN_POINT('',(-2.755015640021E0,-6.255119346322E0,
8.664440097126E0));
#10004=CURVE_STYLE('',#21,POSITIVE_LENGTH_MEASURE(2.E-2),#2316);
#10005=PRESENTATION_STYLE_ASSIGNMENT((#10004));
#10006=STYLED_ITEM('',(#10005),#10003);
#10007=DIRECTION('',(0.E0,-1.E0,0.E0));
#10008=VECTOR('',#10007,1.E0);
#10009=SURFACE_OF_LINEAR_EXTRUSION('',#10003,#10008);
#10010=ORIENTED_EDGE('',*,*,#7845,.T.);
#10012=ORIENTED_EDGE('',*,*,#10011,.F.);
#10014=ORIENTED_EDGE('',*,*,#10013,.T.);
#10015=ORIENTED_EDGE('',*,*,#9981,.T.);
#10016=EDGE_LOOP('',(#10010,#10012,#10014,#10015));
#10017=FACE_OUTER_BOUND('',#10016,.F.);
#10018=ADVANCED_FACE('',(#10017),#10009,.T.);
#10019=FILL_AREA_STYLE_COLOUR('',#2316);
#10020=FILL_AREA_STYLE('',(#10019));
#10021=SURFACE_STYLE_FILL_AREA(#10020);
#10022=SURFACE_SIDE_STYLE('',(#10021));
#10023=SURFACE_STYLE_USAGE(.BOTH.,#10022);
#10024=PRESENTATION_STYLE_ASSIGNMENT((#10023));
#10025=OVER_RIDING_STYLED_ITEM('',(#10024),#10018,#2317);
#10026=CARTESIAN_POINT('',(-2.362841911317E0,-6.255119346322E0,
9.189956763833E0));
#10027=CARTESIAN_POINT('',(-2.361079606893E0,-6.255119346322E0,
9.182045294272E0));
#10028=CARTESIAN_POINT('',(-2.358441319240E0,-6.255119346322E0,
9.156707248113E0));
#10029=CARTESIAN_POINT('',(-2.367806786972E0,-6.255119346322E0,
9.111638564218E0));
#10030=CARTESIAN_POINT('',(-2.398032588478E0,-6.255119346322E0,
9.056719681373E0));
#10031=CARTESIAN_POINT('',(-2.458698558877E0,-6.255119346322E0,
8.989796224881E0));
#10032=CARTESIAN_POINT('',(-2.532555814395E0,-6.255119346322E0,
8.924566295661E0));
#10033=CARTESIAN_POINT('',(-2.580711406031E0,-6.255119346322E0,
8.885131678880E0));
#10034=CARTESIAN_POINT('',(-2.587432201012E0,-6.255119346322E0,
8.879675867696E0));
#10036=CURVE_STYLE('',#21,POSITIVE_LENGTH_MEASURE(2.E-2),#2316);
#10037=PRESENTATION_STYLE_ASSIGNMENT((#10036));
#10038=STYLED_ITEM('',(#10037),#10035);
#10039=DIRECTION('',(0.E0,-1.E0,0.E0));
#10040=VECTOR('',#10039,1.E0);
#10041=SURFACE_OF_LINEAR_EXTRUSION('',#10035,#10040);
#10042=ORIENTED_EDGE('',*,*,#7843,.T.);
#10044=ORIENTED_EDGE('',*,*,#10043,.F.);
#10046=ORIENTED_EDGE('',*,*,#10045,.T.);
#10047=ORIENTED_EDGE('',*,*,#10011,.T.);
#10048=EDGE_LOOP('',(#10042,#10044,#10046,#10047));
#10049=FACE_OUTER_BOUND('',#10048,.F.);
#10050=ADVANCED_FACE('',(#10049),#10041,.T.);
#10051=FILL_AREA_STYLE_COLOUR('',#2316);
#10052=FILL_AREA_STYLE('',(#10051));
#10053=SURFACE_STYLE_FILL_AREA(#10052);
#10054=SURFACE_SIDE_STYLE('',(#10053));
#10055=SURFACE_STYLE_USAGE(.BOTH.,#10054);
#10056=PRESENTATION_STYLE_ASSIGNMENT((#10055));
#10057=OVER_RIDING_STYLED_ITEM('',(#10056),#10050,#2317);
#10058=CARTESIAN_POINT('',(-2.516084195075E0,-6.255119346322E0,
9.294818018507E0));
#10059=CARTESIAN_POINT('',(-2.511116215473E0,-6.255119346322E0,
9.295196534940E0));
#10060=CARTESIAN_POINT('',(-2.463550324240E0,-6.255119346322E0,
9.297002084444E0));
#10061=CARTESIAN_POINT('',(-2.388910065250E0,-6.255119346322E0,
9.267085543391E0));
#10062=CARTESIAN_POINT('',(-2.358287248790E0,-6.255119346322E0,
9.197802692862E0));
#10063=CARTESIAN_POINT('',(-2.360496364802E0,-6.255119346322E0,
9.155615581319E0));
#10064=CARTESIAN_POINT('',(-2.361033783006E0,-6.255119346322E0,
9.150512291771E0));
#10066=CURVE_STYLE('',#21,POSITIVE_LENGTH_MEASURE(2.E-2),#2316);
#10067=PRESENTATION_STYLE_ASSIGNMENT((#10066));
#10068=STYLED_ITEM('',(#10067),#10065);
#10069=DIRECTION('',(0.E0,-1.E0,0.E0));
#10070=VECTOR('',#10069,1.E0);
#10071=SURFACE_OF_LINEAR_EXTRUSION('',#10065,#10070);
#10072=ORIENTED_EDGE('',*,*,#7841,.T.);
#10074=ORIENTED_EDGE('',*,*,#10073,.F.);
#10076=ORIENTED_EDGE('',*,*,#10075,.T.);
#10077=ORIENTED_EDGE('',*,*,#10043,.T.);
#10078=EDGE_LOOP('',(#10072,#10074,#10076,#10077));
#10079=FACE_OUTER_BOUND('',#10078,.F.);
#10080=ADVANCED_FACE('',(#10079),#10071,.T.);
#10081=FILL_AREA_STYLE_COLOUR('',#2316);
#10082=FILL_AREA_STYLE('',(#10081));
#10083=SURFACE_STYLE_FILL_AREA(#10082);
#10084=SURFACE_SIDE_STYLE('',(#10083));
#10085=SURFACE_STYLE_USAGE(.BOTH.,#10084);
#10086=PRESENTATION_STYLE_ASSIGNMENT((#10085));
#10087=OVER_RIDING_STYLED_ITEM('',(#10086),#10080,#2317);
#10088=CARTESIAN_POINT('',(-2.647442192255E0,-6.255119346322E0,
9.130377647918E0));
#10089=CARTESIAN_POINT('',(-2.647701196475E0,-6.255119346322E0,
9.135360089137E0));
#10090=CARTESIAN_POINT('',(-2.648869629809E0,-6.255119346322E0,
9.188072515661E0));
#10091=CARTESIAN_POINT('',(-2.618426080468E0,-6.255119346322E0,
9.267085543391E0));
#10092=CARTESIAN_POINT('',(-2.541531301738E0,-6.255119346322E0,
9.296977885384E0));
#10093=CARTESIAN_POINT('',(-2.491357028748E0,-6.255119346322E0,
9.295202035380E0));
#10094=CARTESIAN_POINT('',(-2.486176399259E0,-6.255119346322E0,
9.294838542863E0));
#10096=CURVE_STYLE('',#21,POSITIVE_LENGTH_MEASURE(2.E-2),#2316);
#10097=PRESENTATION_STYLE_ASSIGNMENT((#10096));
#10098=STYLED_ITEM('',(#10097),#10095);
#10099=DIRECTION('',(0.E0,-1.E0,0.E0));
#10100=VECTOR('',#10099,1.E0);
#10101=SURFACE_OF_LINEAR_EXTRUSION('',#10095,#10100);
#10102=ORIENTED_EDGE('',*,*,#7839,.T.);
#10104=ORIENTED_EDGE('',*,*,#10103,.F.);
#10106=ORIENTED_EDGE('',*,*,#10105,.T.);
#10107=ORIENTED_EDGE('',*,*,#10073,.T.);
#10108=EDGE_LOOP('',(#10102,#10104,#10106,#10107));
#10109=FACE_OUTER_BOUND('',#10108,.F.);
#10110=ADVANCED_FACE('',(#10109),#10101,.T.);
#10111=FILL_AREA_STYLE_COLOUR('',#2316);
#10112=FILL_AREA_STYLE('',(#10111));
#10113=SURFACE_STYLE_FILL_AREA(#10112);
#10114=SURFACE_SIDE_STYLE('',(#10113));
#10115=SURFACE_STYLE_USAGE(.BOTH.,#10114);
#10116=PRESENTATION_STYLE_ASSIGNMENT((#10115));
#10117=OVER_RIDING_STYLED_ITEM('',(#10116),#10110,#2317);
#10118=CARTESIAN_POINT('',(-2.742663890282E0,-6.255119346322E0,
9.154757032830E0));
#10119=DIRECTION('',(-1.018768035569E-1,-2.466664779336E-14,
-9.947970229635E-1));
#10120=DIRECTION('',(9.947970229635E-1,-1.790997652170E-14,-1.018768035569E-1));
#10121=AXIS2_PLACEMENT_3D('',#10118,#10119,#10120);
#10122=PLANE('',#10121);
#10123=ORIENTED_EDGE('',*,*,#7837,.T.);
#10125=ORIENTED_EDGE('',*,*,#10124,.T.);
#10127=ORIENTED_EDGE('',*,*,#10126,.T.);
#10128=ORIENTED_EDGE('',*,*,#10103,.T.);
#10129=EDGE_LOOP('',(#10123,#10125,#10127,#10128));
#10130=FACE_OUTER_BOUND('',#10129,.F.);
#10131=ADVANCED_FACE('',(#10130),#10122,.T.);
#10132=FILL_AREA_STYLE_COLOUR('',#2316);
#10133=FILL_AREA_STYLE('',(#10132));
#10134=SURFACE_STYLE_FILL_AREA(#10133);
#10135=SURFACE_SIDE_STYLE('',(#10134));
#10136=SURFACE_STYLE_USAGE(.BOTH.,#10135);
#10137=PRESENTATION_STYLE_ASSIGNMENT((#10136));
#10138=OVER_RIDING_STYLED_ITEM('',(#10137),#10131,#2317);
#10139=CARTESIAN_POINT('',(-2.484482473761E0,-6.255119346322E0,
9.371150584102E0));
#10140=CARTESIAN_POINT('',(-2.489431070280E0,-6.255119346322E0,
9.371324330956E0));
#10141=CARTESIAN_POINT('',(-2.566505605143E0,-6.255119346322E0,
9.372691307128E0));
#10142=CARTESIAN_POINT('',(-2.685689802653E0,-6.255119346322E0,
9.333587070424E0));
#10143=CARTESIAN_POINT('',(-2.737953401372E0,-6.255119346322E0,
9.221466859586E0));
#10144=CARTESIAN_POINT('',(-2.743479273649E0,-6.255119346322E0,
9.144801831795E0));
#10145=CARTESIAN_POINT('',(-2.743747999609E0,-6.255119346322E0,
9.139704464500E0));
#10147=CURVE_STYLE('',#21,POSITIVE_LENGTH_MEASURE(2.E-2),#2316);
#10148=PRESENTATION_STYLE_ASSIGNMENT((#10147));
#10149=STYLED_ITEM('',(#10148),#10146);
#10150=DIRECTION('',(0.E0,-1.E0,0.E0));
#10151=VECTOR('',#10150,1.E0);
#10152=SURFACE_OF_LINEAR_EXTRUSION('',#10146,#10151);
#10153=ORIENTED_EDGE('',*,*,#7835,.T.);
#10155=ORIENTED_EDGE('',*,*,#10154,.F.);
#10157=ORIENTED_EDGE('',*,*,#10156,.T.);
#10158=ORIENTED_EDGE('',*,*,#10124,.F.);
#10159=EDGE_LOOP('',(#10153,#10155,#10157,#10158));
#10160=FACE_OUTER_BOUND('',#10159,.F.);
#10161=ADVANCED_FACE('',(#10160),#10152,.T.);
#10162=FILL_AREA_STYLE_COLOUR('',#2316);
#10163=FILL_AREA_STYLE('',(#10162));
#10164=SURFACE_STYLE_FILL_AREA(#10163);
#10165=SURFACE_SIDE_STYLE('',(#10164));
#10166=SURFACE_STYLE_USAGE(.BOTH.,#10165);
#10167=PRESENTATION_STYLE_ASSIGNMENT((#10166));
#10168=OVER_RIDING_STYLED_ITEM('',(#10167),#10161,#2317);
#10169=CARTESIAN_POINT('',(-2.265793444382E0,-6.255119346322E0,
9.148675108973E0));
#10170=CARTESIAN_POINT('',(-2.265489786765E0,-6.255119346322E0,
9.153605144908E0));
#10171=CARTESIAN_POINT('',(-2.263500897802E0,-6.255119346322E0,
9.218139856831E0));
#10172=CARTESIAN_POINT('',(-2.310213415781E0,-6.255119346322E0,
9.326441490872E0));
#10173=CARTESIAN_POINT('',(-2.431132958173E0,-6.255119346322E0,
9.372956587863E0));
#10174=CARTESIAN_POINT('',(-2.509108899326E0,-6.255119346322E0,
9.371304762797E0));
#10175=CARTESIAN_POINT('',(-2.514186866074E0,-6.255119346322E0,
9.371089772148E0));
#10177=CURVE_STYLE('',#21,POSITIVE_LENGTH_MEASURE(2.E-2),#2316);
#10178=PRESENTATION_STYLE_ASSIGNMENT((#10177));
#10179=STYLED_ITEM('',(#10178),#10176);
#10180=DIRECTION('',(0.E0,-1.E0,0.E0));
#10181=VECTOR('',#10180,1.E0);
#10182=SURFACE_OF_LINEAR_EXTRUSION('',#10176,#10181);
#10183=ORIENTED_EDGE('',*,*,#7833,.T.);
#10185=ORIENTED_EDGE('',*,*,#10184,.F.);
#10187=ORIENTED_EDGE('',*,*,#10186,.T.);
#10188=ORIENTED_EDGE('',*,*,#10154,.T.);
#10189=EDGE_LOOP('',(#10183,#10185,#10187,#10188));
#10190=FACE_OUTER_BOUND('',#10189,.F.);
#10191=ADVANCED_FACE('',(#10190),#10182,.T.);
#10192=FILL_AREA_STYLE_COLOUR('',#2316);
#10193=FILL_AREA_STYLE('',(#10192));
#10194=SURFACE_STYLE_FILL_AREA(#10193);
#10195=SURFACE_SIDE_STYLE('',(#10194));
#10196=SURFACE_STYLE_USAGE(.BOTH.,#10195);
#10197=PRESENTATION_STYLE_ASSIGNMENT((#10196));
#10198=OVER_RIDING_STYLED_ITEM('',(#10197),#10191,#2317);
#10199=CARTESIAN_POINT('',(-2.502910437800E0,-6.255119346322E0,
8.837403450662E0));
#10200=CARTESIAN_POINT('',(-2.497346913101E0,-6.255119346322E0,
8.842078440511E0));
#10201=CARTESIAN_POINT('',(-2.458209069052E0,-6.255119346322E0,
8.875147428365E0));
#10202=CARTESIAN_POINT('',(-2.396624800332E0,-6.255119346322E0,
8.929626130571E0));
#10203=CARTESIAN_POINT('',(-2.341472134941E0,-6.255119346322E0,
8.984921707553E0));
#10204=CARTESIAN_POINT('',(-2.306274784786E0,-6.255119346322E0,
9.030265780672E0));
#10205=CARTESIAN_POINT('',(-2.273704641614E0,-6.255119346322E0,
9.089703302961E0));
#10206=CARTESIAN_POINT('',(-2.264006219734E0,-6.255119346322E0,
9.140159786777E0));
#10207=CARTESIAN_POINT('',(-2.265657766881E0,-6.255119346322E0,
9.177785766457E0));
#10208=CARTESIAN_POINT('',(-2.266273624503E0,-6.255119346322E0,
9.185127701532E0));
#10210=CURVE_STYLE('',#21,POSITIVE_LENGTH_MEASURE(2.E-2),#2316);
#10211=PRESENTATION_STYLE_ASSIGNMENT((#10210));
#10212=STYLED_ITEM('',(#10211),#10209);
#10213=DIRECTION('',(0.E0,-1.E0,0.E0));
#10214=VECTOR('',#10213,1.E0);
#10215=SURFACE_OF_LINEAR_EXTRUSION('',#10209,#10214);
#10216=ORIENTED_EDGE('',*,*,#7831,.T.);
#10218=ORIENTED_EDGE('',*,*,#10217,.F.);
#10220=ORIENTED_EDGE('',*,*,#10219,.T.);
#10221=ORIENTED_EDGE('',*,*,#10184,.T.);
#10222=EDGE_LOOP('',(#10216,#10218,#10220,#10221));
#10223=FACE_OUTER_BOUND('',#10222,.F.);
#10224=ADVANCED_FACE('',(#10223),#10215,.T.);
#10225=FILL_AREA_STYLE_COLOUR('',#2316);
#10226=FILL_AREA_STYLE('',(#10225));
#10227=SURFACE_STYLE_FILL_AREA(#10226);
#10228=SURFACE_SIDE_STYLE('',(#10227));
#10229=SURFACE_STYLE_USAGE(.BOTH.,#10228);
#10230=PRESENTATION_STYLE_ASSIGNMENT((#10229));
#10231=OVER_RIDING_STYLED_ITEM('',(#10230),#10224,#2317);
#10232=CARTESIAN_POINT('',(-2.642833089295E0,-6.255119346322E0,
8.685094437802E0));
#10233=CARTESIAN_POINT('',(-2.640468384245E0,-6.255119346322E0,
8.691818129414E0));
#10234=CARTESIAN_POINT('',(-2.632292241431E0,-6.255119346322E0,
8.707544330302E0));
#10235=CARTESIAN_POINT('',(-2.614383724035E0,-6.255119346322E0,
8.732793546986E0));
#10236=CARTESIAN_POINT('',(-2.595703137491E0,-6.255119346322E0,
8.755342954458E0));
#10237=CARTESIAN_POINT('',(-2.560158983204E0,-6.255119346322E0,
8.788896554441E0));
#10238=CARTESIAN_POINT('',(-2.508540810799E0,-6.255119346322E0,
8.832986758262E0));
#10239=CARTESIAN_POINT('',(-2.472687225534E0,-6.255119346322E0,
8.862767295213E0));
#10240=CARTESIAN_POINT('',(-2.465339204966E0,-6.255119346322E0,
8.868843886034E0));
#10242=CURVE_STYLE('',#21,POSITIVE_LENGTH_MEASURE(2.E-2),#2316);
#10243=PRESENTATION_STYLE_ASSIGNMENT((#10242));
#10244=STYLED_ITEM('',(#10243),#10241);
#10245=DIRECTION('',(0.E0,-1.E0,0.E0));
#10246=VECTOR('',#10245,1.E0);
#10247=SURFACE_OF_LINEAR_EXTRUSION('',#10241,#10246);
#10248=ORIENTED_EDGE('',*,*,#7829,.T.);
#10250=ORIENTED_EDGE('',*,*,#10249,.F.);
#10252=ORIENTED_EDGE('',*,*,#10251,.T.);
#10253=ORIENTED_EDGE('',*,*,#10217,.T.);
#10254=EDGE_LOOP('',(#10248,#10250,#10252,#10253));
#10255=FACE_OUTER_BOUND('',#10254,.F.);
#10256=ADVANCED_FACE('',(#10255),#10247,.T.);
#10257=FILL_AREA_STYLE_COLOUR('',#2316);
#10258=FILL_AREA_STYLE('',(#10257));
#10259=SURFACE_STYLE_FILL_AREA(#10258);
#10260=SURFACE_SIDE_STYLE('',(#10259));
#10261=SURFACE_STYLE_USAGE(.BOTH.,#10260);
#10262=PRESENTATION_STYLE_ASSIGNMENT((#10261));
#10263=OVER_RIDING_STYLED_ITEM('',(#10262),#10256,#2317);
#10264=CARTESIAN_POINT('',(-2.264195883465E0,-6.255119346322E0,
8.707157929678E0));
#10265=DIRECTION('',(0.E0,2.636291895114E-14,1.E0));
#10266=DIRECTION('',(-1.E0,1.530383209350E-14,0.E0));
#10267=AXIS2_PLACEMENT_3D('',#10264,#10265,#10266);
#10268=PLANE('',#10267);
#10269=ORIENTED_EDGE('',*,*,#7827,.F.);
#10271=ORIENTED_EDGE('',*,*,#10270,.F.);
#10273=ORIENTED_EDGE('',*,*,#10272,.F.);
#10274=ORIENTED_EDGE('',*,*,#10249,.T.);
#10275=EDGE_LOOP('',(#10269,#10271,#10273,#10274));
#10276=FACE_OUTER_BOUND('',#10275,.F.);
#10277=ADVANCED_FACE('',(#10276),#10268,.T.);
#10278=FILL_AREA_STYLE_COLOUR('',#2316);
#10279=FILL_AREA_STYLE('',(#10278));
#10280=SURFACE_STYLE_FILL_AREA(#10279);
#10281=SURFACE_SIDE_STYLE('',(#10280));
#10282=SURFACE_STYLE_USAGE(.BOTH.,#10281);
#10283=PRESENTATION_STYLE_ASSIGNMENT((#10282));
#10284=OVER_RIDING_STYLED_ITEM('',(#10283),#10277,#2317);
#10285=CARTESIAN_POINT('',(-2.264195883465E0,-6.255119346322E0,
8.618552743230E0));
#10286=DIRECTION('',(1.E0,-1.530383209350E-14,0.E0));
#10287=DIRECTION('',(0.E0,2.636291895114E-14,1.E0));
#10288=AXIS2_PLACEMENT_3D('',#10285,#10286,#10287);
#10289=PLANE('',#10288);
#10290=ORIENTED_EDGE('',*,*,#7825,.F.);
#10291=ORIENTED_EDGE('',*,*,#9955,.F.);
#10293=ORIENTED_EDGE('',*,*,#10292,.F.);
#10294=ORIENTED_EDGE('',*,*,#10270,.T.);
#10295=EDGE_LOOP('',(#10290,#10291,#10293,#10294));
#10296=FACE_OUTER_BOUND('',#10295,.F.);
#10297=ADVANCED_FACE('',(#10296),#10289,.T.);
#10298=FILL_AREA_STYLE_COLOUR('',#2316);
#10299=FILL_AREA_STYLE('',(#10298));
#10300=SURFACE_STYLE_FILL_AREA(#10299);
#10301=SURFACE_SIDE_STYLE('',(#10300));
#10302=SURFACE_STYLE_USAGE(.BOTH.,#10301);
#10303=PRESENTATION_STYLE_ASSIGNMENT((#10302));
#10304=OVER_RIDING_STYLED_ITEM('',(#10303),#10297,#2317);
#10305=CARTESIAN_POINT('',(-2.496517987013E0,-6.305119346322E0,
8.945147958778E0));
#10306=DIRECTION('',(1.530383209350E-14,1.E0,-2.636291895114E-14));
#10307=DIRECTION('',(0.E0,-2.636291895114E-14,-1.E0));
#10308=AXIS2_PLACEMENT_3D('',#10305,#10306,#10307);
#10309=PLANE('',#10308);
#10310=ORIENTED_EDGE('',*,*,#10292,.T.);
#10311=ORIENTED_EDGE('',*,*,#9953,.T.);
#10312=ORIENTED_EDGE('',*,*,#9983,.F.);
#10313=ORIENTED_EDGE('',*,*,#10013,.F.);
#10314=ORIENTED_EDGE('',*,*,#10045,.F.);
#10315=ORIENTED_EDGE('',*,*,#10075,.F.);
#10316=ORIENTED_EDGE('',*,*,#10105,.F.);
#10317=ORIENTED_EDGE('',*,*,#10126,.F.);
#10318=ORIENTED_EDGE('',*,*,#10156,.F.);
#10319=ORIENTED_EDGE('',*,*,#10186,.F.);
#10320=ORIENTED_EDGE('',*,*,#10219,.F.);
#10321=ORIENTED_EDGE('',*,*,#10251,.F.);
#10322=ORIENTED_EDGE('',*,*,#10272,.T.);
#10323=EDGE_LOOP('',(#10310,#10311,#10312,#10313,#10314,#10315,#10316,#10317,
#10318,#10319,#10320,#10321,#10322));
#10324=FACE_OUTER_BOUND('',#10323,.F.);
#10325=ADVANCED_FACE('',(#10324),#10309,.F.);
#10326=FILL_AREA_STYLE_COLOUR('',#2316);
#10327=FILL_AREA_STYLE('',(#10326));
#10328=SURFACE_STYLE_FILL_AREA(#10327);
#10329=SURFACE_SIDE_STYLE('',(#10328));
#10330=SURFACE_STYLE_USAGE(.BOTH.,#10329);
#10331=PRESENTATION_STYLE_ASSIGNMENT((#10330));
#10332=OVER_RIDING_STYLED_ITEM('',(#10331),#10325,#2317);
#10333=CARTESIAN_POINT('',(-2.781059648610E-1,-6.255119346323E0,
2.369478834700E0));
#10334=DIRECTION('',(0.E0,-2.636291895114E-14,-1.E0));
#10335=DIRECTION('',(1.E0,-1.530383209350E-14,0.E0));
#10336=AXIS2_PLACEMENT_3D('',#10333,#10334,#10335);
#10337=PLANE('',#10336);
#10338=ORIENTED_EDGE('',*,*,#7851,.F.);
#10340=ORIENTED_EDGE('',*,*,#10339,.F.);
#10342=ORIENTED_EDGE('',*,*,#10341,.F.);
#10344=ORIENTED_EDGE('',*,*,#10343,.T.);
#10345=EDGE_LOOP('',(#10338,#10340,#10342,#10344));
#10346=FACE_OUTER_BOUND('',#10345,.F.);
#10347=ADVANCED_FACE('',(#10346),#10337,.T.);
#10348=FILL_AREA_STYLE_COLOUR('',#2316);
#10349=FILL_AREA_STYLE('',(#10348));
#10350=SURFACE_STYLE_FILL_AREA(#10349);
#10351=SURFACE_SIDE_STYLE('',(#10350));
#10352=SURFACE_STYLE_USAGE(.BOTH.,#10351);
#10353=PRESENTATION_STYLE_ASSIGNMENT((#10352));
#10354=OVER_RIDING_STYLED_ITEM('',(#10353),#10347,#2317);
#10355=CARTESIAN_POINT('',(-2.781059648610E-1,-6.255119346323E0,
2.454082496598E0));
#10356=DIRECTION('',(-1.E0,1.530383209350E-14,0.E0));
#10357=DIRECTION('',(0.E0,-2.636291895114E-14,-1.E0));
#10358=AXIS2_PLACEMENT_3D('',#10355,#10356,#10357);
#10359=PLANE('',#10358);
#10360=ORIENTED_EDGE('',*,*,#7871,.F.);
#10362=ORIENTED_EDGE('',*,*,#10361,.F.);
#10364=ORIENTED_EDGE('',*,*,#10363,.F.);
#10365=ORIENTED_EDGE('',*,*,#10339,.T.);
#10366=EDGE_LOOP('',(#10360,#10362,#10364,#10365));
#10367=FACE_OUTER_BOUND('',#10366,.F.);
#10368=ADVANCED_FACE('',(#10367),#10359,.T.);
#10369=FILL_AREA_STYLE_COLOUR('',#2316);
#10370=FILL_AREA_STYLE('',(#10369));
#10371=SURFACE_STYLE_FILL_AREA(#10370);
#10372=SURFACE_SIDE_STYLE('',(#10371));
#10373=SURFACE_STYLE_USAGE(.BOTH.,#10372);
#10374=PRESENTATION_STYLE_ASSIGNMENT((#10373));
#10375=OVER_RIDING_STYLED_ITEM('',(#10374),#10368,#2317);
#10376=CARTESIAN_POINT('',(6.373856091734E-2,-6.255119346323E0,
2.939981906150E0));
#10377=DIRECTION('',(-8.178735032052E-1,2.768577130869E-14,5.753980646082E-1));
#10378=DIRECTION('',(-5.753980646082E-1,-1.275573750960E-14,
-8.178735032052E-1));
#10379=AXIS2_PLACEMENT_3D('',#10376,#10377,#10378);
#10380=PLANE('',#10379);
#10381=ORIENTED_EDGE('',*,*,#7869,.T.);
#10383=ORIENTED_EDGE('',*,*,#10382,.F.);
#10385=ORIENTED_EDGE('',*,*,#10384,.T.);
#10386=ORIENTED_EDGE('',*,*,#10361,.T.);
#10387=EDGE_LOOP('',(#10381,#10383,#10385,#10386));
#10388=FACE_OUTER_BOUND('',#10387,.F.);
#10389=ADVANCED_FACE('',(#10388),#10380,.T.);
#10390=FILL_AREA_STYLE_COLOUR('',#2316);
#10391=FILL_AREA_STYLE('',(#10390));
#10392=SURFACE_STYLE_FILL_AREA(#10391);
#10393=SURFACE_SIDE_STYLE('',(#10392));
#10394=SURFACE_STYLE_USAGE(.BOTH.,#10393);
#10395=PRESENTATION_STYLE_ASSIGNMENT((#10394));
#10396=OVER_RIDING_STYLED_ITEM('',(#10395),#10389,#2317);
#10397=CARTESIAN_POINT('',(1.391958809890E-1,-6.255119346323E0,
2.939981906150E0));
#10398=DIRECTION('',(0.E0,2.636291895114E-14,1.E0));
#10399=DIRECTION('',(-1.E0,1.530383209350E-14,0.E0));
#10400=AXIS2_PLACEMENT_3D('',#10397,#10398,#10399);
#10401=PLANE('',#10400);
#10402=ORIENTED_EDGE('',*,*,#7867,.F.);
#10404=ORIENTED_EDGE('',*,*,#10403,.F.);
#10406=ORIENTED_EDGE('',*,*,#10405,.F.);
#10407=ORIENTED_EDGE('',*,*,#10382,.T.);
#10408=EDGE_LOOP('',(#10402,#10404,#10406,#10407));
#10409=FACE_OUTER_BOUND('',#10408,.F.);
#10410=ADVANCED_FACE('',(#10409),#10401,.T.);
#10411=FILL_AREA_STYLE_COLOUR('',#2316);
#10412=FILL_AREA_STYLE('',(#10411));
#10413=SURFACE_STYLE_FILL_AREA(#10412);
#10414=SURFACE_SIDE_STYLE('',(#10413));
#10415=SURFACE_STYLE_USAGE(.BOTH.,#10414);
#10416=PRESENTATION_STYLE_ASSIGNMENT((#10415));
#10417=OVER_RIDING_STYLED_ITEM('',(#10416),#10410,#2317);
#10418=CARTESIAN_POINT('',(1.391958809890E-1,-6.255119346323E0,
2.454082496598E0));
#10419=DIRECTION('',(1.E0,-1.530383209350E-14,0.E0));
#10420=DIRECTION('',(0.E0,2.636291895114E-14,1.E0));
#10421=AXIS2_PLACEMENT_3D('',#10418,#10419,#10420);
#10422=PLANE('',#10421);
#10423=ORIENTED_EDGE('',*,*,#7865,.F.);
#10425=ORIENTED_EDGE('',*,*,#10424,.F.);
#10427=ORIENTED_EDGE('',*,*,#10426,.F.);
#10428=ORIENTED_EDGE('',*,*,#10403,.T.);
#10429=EDGE_LOOP('',(#10423,#10425,#10427,#10428));
#10430=FACE_OUTER_BOUND('',#10429,.F.);
#10431=ADVANCED_FACE('',(#10430),#10422,.T.);
#10432=FILL_AREA_STYLE_COLOUR('',#2316);
#10433=FILL_AREA_STYLE('',(#10432));
#10434=SURFACE_STYLE_FILL_AREA(#10433);
#10435=SURFACE_SIDE_STYLE('',(#10434));
#10436=SURFACE_STYLE_USAGE(.BOTH.,#10435);
#10437=PRESENTATION_STYLE_ASSIGNMENT((#10436));
#10438=OVER_RIDING_STYLED_ITEM('',(#10437),#10431,#2317);
#10439=CARTESIAN_POINT('',(2.403772874490E-1,-6.255119346323E0,
2.454082496598E0));
#10440=DIRECTION('',(0.E0,2.636291895114E-14,1.E0));
#10441=DIRECTION('',(-1.E0,1.530383209350E-14,0.E0));
#10442=AXIS2_PLACEMENT_3D('',#10439,#10440,#10441);
#10443=PLANE('',#10442);
#10444=ORIENTED_EDGE('',*,*,#7863,.F.);
#10446=ORIENTED_EDGE('',*,*,#10445,.F.);
#10448=ORIENTED_EDGE('',*,*,#10447,.F.);
#10449=ORIENTED_EDGE('',*,*,#10424,.T.);
#10450=EDGE_LOOP('',(#10444,#10446,#10448,#10449));
#10451=FACE_OUTER_BOUND('',#10450,.F.);
#10452=ADVANCED_FACE('',(#10451),#10443,.T.);
#10453=FILL_AREA_STYLE_COLOUR('',#2316);
#10454=FILL_AREA_STYLE('',(#10453));
#10455=SURFACE_STYLE_FILL_AREA(#10454);
#10456=SURFACE_SIDE_STYLE('',(#10455));
#10457=SURFACE_STYLE_USAGE(.BOTH.,#10456);
#10458=PRESENTATION_STYLE_ASSIGNMENT((#10457));
#10459=OVER_RIDING_STYLED_ITEM('',(#10458),#10452,#2317);
#10460=CARTESIAN_POINT('',(2.403772874490E-1,-6.255119346323E0,
2.369478834700E0));
#10461=DIRECTION('',(1.E0,-1.530383209350E-14,0.E0));
#10462=DIRECTION('',(0.E0,2.636291895114E-14,1.E0));
#10463=AXIS2_PLACEMENT_3D('',#10460,#10461,#10462);
#10464=PLANE('',#10463);
#10465=ORIENTED_EDGE('',*,*,#7861,.F.);
#10467=ORIENTED_EDGE('',*,*,#10466,.F.);
#10469=ORIENTED_EDGE('',*,*,#10468,.F.);
#10470=ORIENTED_EDGE('',*,*,#10445,.T.);
#10471=EDGE_LOOP('',(#10465,#10467,#10469,#10470));
#10472=FACE_OUTER_BOUND('',#10471,.F.);
#10473=ADVANCED_FACE('',(#10472),#10464,.T.);
#10474=FILL_AREA_STYLE_COLOUR('',#2316);
#10475=FILL_AREA_STYLE('',(#10474));
#10476=SURFACE_STYLE_FILL_AREA(#10475);
#10477=SURFACE_SIDE_STYLE('',(#10476));
#10478=SURFACE_STYLE_USAGE(.BOTH.,#10477);
#10479=PRESENTATION_STYLE_ASSIGNMENT((#10478));
#10480=OVER_RIDING_STYLED_ITEM('',(#10479),#10473,#2317);
#10481=CARTESIAN_POINT('',(1.391958809890E-1,-6.255119346323E0,
2.369478834700E0));
#10482=DIRECTION('',(0.E0,-2.636291895114E-14,-1.E0));
#10483=DIRECTION('',(1.E0,-1.530383209350E-14,0.E0));
#10484=AXIS2_PLACEMENT_3D('',#10481,#10482,#10483);
#10485=PLANE('',#10484);
#10486=ORIENTED_EDGE('',*,*,#7859,.F.);
#10488=ORIENTED_EDGE('',*,*,#10487,.F.);
#10490=ORIENTED_EDGE('',*,*,#10489,.F.);
#10491=ORIENTED_EDGE('',*,*,#10466,.T.);
#10492=EDGE_LOOP('',(#10486,#10488,#10490,#10491));
#10493=FACE_OUTER_BOUND('',#10492,.F.);
#10494=ADVANCED_FACE('',(#10493),#10485,.T.);
#10495=FILL_AREA_STYLE_COLOUR('',#2316);
#10496=FILL_AREA_STYLE('',(#10495));
#10497=SURFACE_STYLE_FILL_AREA(#10496);
#10498=SURFACE_SIDE_STYLE('',(#10497));
#10499=SURFACE_STYLE_USAGE(.BOTH.,#10498);
#10500=PRESENTATION_STYLE_ASSIGNMENT((#10499));
#10501=OVER_RIDING_STYLED_ITEM('',(#10500),#10494,#2317);
#10502=CARTESIAN_POINT('',(1.391958809890E-1,-6.255119346323E0,
2.189981876348E0));
#10503=DIRECTION('',(1.E0,-1.530383209350E-14,0.E0));
#10504=DIRECTION('',(0.E0,2.636291895114E-14,1.E0));
#10505=AXIS2_PLACEMENT_3D('',#10502,#10503,#10504);
#10506=PLANE('',#10505);
#10507=ORIENTED_EDGE('',*,*,#7857,.F.);
#10509=ORIENTED_EDGE('',*,*,#10508,.F.);
#10511=ORIENTED_EDGE('',*,*,#10510,.F.);
#10512=ORIENTED_EDGE('',*,*,#10487,.T.);
#10513=EDGE_LOOP('',(#10507,#10509,#10511,#10512));
#10514=FACE_OUTER_BOUND('',#10513,.F.);
#10515=ADVANCED_FACE('',(#10514),#10506,.T.);
#10516=FILL_AREA_STYLE_COLOUR('',#2316);
#10517=FILL_AREA_STYLE('',(#10516));
#10518=SURFACE_STYLE_FILL_AREA(#10517);
#10519=SURFACE_SIDE_STYLE('',(#10518));
#10520=SURFACE_STYLE_USAGE(.BOTH.,#10519);
#10521=PRESENTATION_STYLE_ASSIGNMENT((#10520));
#10522=OVER_RIDING_STYLED_ITEM('',(#10521),#10515,#2317);
#10523=CARTESIAN_POINT('',(4.716081635616E-2,-6.255119346323E0,
2.189981876348E0));
#10524=DIRECTION('',(0.E0,-2.636291895114E-14,-1.E0));
#10525=DIRECTION('',(1.E0,-1.530383209350E-14,0.E0));
#10526=AXIS2_PLACEMENT_3D('',#10523,#10524,#10525);
#10527=PLANE('',#10526);
#10528=ORIENTED_EDGE('',*,*,#7855,.F.);
#10530=ORIENTED_EDGE('',*,*,#10529,.F.);
#10532=ORIENTED_EDGE('',*,*,#10531,.F.);
#10533=ORIENTED_EDGE('',*,*,#10508,.T.);
#10534=EDGE_LOOP('',(#10528,#10530,#10532,#10533));
#10535=FACE_OUTER_BOUND('',#10534,.F.);
#10536=ADVANCED_FACE('',(#10535),#10527,.T.);
#10537=FILL_AREA_STYLE_COLOUR('',#2316);
#10538=FILL_AREA_STYLE('',(#10537));
#10539=SURFACE_STYLE_FILL_AREA(#10538);
#10540=SURFACE_SIDE_STYLE('',(#10539));
#10541=SURFACE_STYLE_USAGE(.BOTH.,#10540);
#10542=PRESENTATION_STYLE_ASSIGNMENT((#10541));
#10543=OVER_RIDING_STYLED_ITEM('',(#10542),#10536,#2317);
#10544=CARTESIAN_POINT('',(4.716081635616E-2,-6.255119346323E0,
2.369478834700E0));
#10545=DIRECTION('',(-1.E0,1.530383209350E-14,0.E0));
#10546=DIRECTION('',(0.E0,-2.636291895114E-14,-1.E0));
#10547=AXIS2_PLACEMENT_3D('',#10544,#10545,#10546);
#10548=PLANE('',#10547);
#10549=ORIENTED_EDGE('',*,*,#7853,.F.);
#10550=ORIENTED_EDGE('',*,*,#10343,.F.);
#10552=ORIENTED_EDGE('',*,*,#10551,.F.);
#10553=ORIENTED_EDGE('',*,*,#10529,.T.);
#10554=EDGE_LOOP('',(#10549,#10550,#10552,#10553));
#10555=FACE_OUTER_BOUND('',#10554,.F.);
#10556=ADVANCED_FACE('',(#10555),#10548,.T.);
#10557=FILL_AREA_STYLE_COLOUR('',#2316);
#10558=FILL_AREA_STYLE('',(#10557));
#10559=SURFACE_STYLE_FILL_AREA(#10558);
#10560=SURFACE_SIDE_STYLE('',(#10559));
#10561=SURFACE_STYLE_USAGE(.BOTH.,#10560);
#10562=PRESENTATION_STYLE_ASSIGNMENT((#10561));
#10563=OVER_RIDING_STYLED_ITEM('',(#10562),#10556,#2317);
#10564=CARTESIAN_POINT('',(2.226965010317E-2,-6.305119346323E0,
2.527418132336E0));
#10565=DIRECTION('',(-1.530383209350E-14,-1.E0,2.636291895114E-14));
#10566=DIRECTION('',(0.E0,2.636291895114E-14,1.E0));
#10567=AXIS2_PLACEMENT_3D('',#10564,#10565,#10566);
#10568=PLANE('',#10567);
#10569=ORIENTED_EDGE('',*,*,#10551,.T.);
#10570=ORIENTED_EDGE('',*,*,#10341,.T.);
#10571=ORIENTED_EDGE('',*,*,#10363,.T.);
#10572=ORIENTED_EDGE('',*,*,#10384,.F.);
#10573=ORIENTED_EDGE('',*,*,#10405,.T.);
#10574=ORIENTED_EDGE('',*,*,#10426,.T.);
#10575=ORIENTED_EDGE('',*,*,#10447,.T.);
#10576=ORIENTED_EDGE('',*,*,#10468,.T.);
#10577=ORIENTED_EDGE('',*,*,#10489,.T.);
#10578=ORIENTED_EDGE('',*,*,#10510,.T.);
#10579=ORIENTED_EDGE('',*,*,#10531,.T.);
#10580=EDGE_LOOP('',(#10569,#10570,#10571,#10572,#10573,#10574,#10575,#10576,
#10577,#10578,#10579));
#10581=FACE_OUTER_BOUND('',#10580,.F.);
#10583=ORIENTED_EDGE('',*,*,#10582,.T.);
#10585=ORIENTED_EDGE('',*,*,#10584,.T.);
#10587=ORIENTED_EDGE('',*,*,#10586,.F.);
#10588=EDGE_LOOP('',(#10583,#10585,#10587));
#10589=FACE_BOUND('',#10588,.F.);
#10590=ADVANCED_FACE('',(#10581,#10589),#10568,.T.);
#10591=FILL_AREA_STYLE_COLOUR('',#2316);
#10592=FILL_AREA_STYLE('',(#10591));
#10593=SURFACE_STYLE_FILL_AREA(#10592);
#10594=SURFACE_SIDE_STYLE('',(#10593));
#10595=SURFACE_STYLE_USAGE(.BOTH.,#10594);
#10596=PRESENTATION_STYLE_ASSIGNMENT((#10595));
#10597=OVER_RIDING_STYLED_ITEM('',(#10596),#10590,#2317);
#10598=CARTESIAN_POINT('',(-1.877858393210E-1,-6.255119346323E0,
2.454082496598E0));
#10599=DIRECTION('',(0.E0,-2.636291895114E-14,-1.E0));
#10600=DIRECTION('',(1.E0,-1.530383209350E-14,0.E0));
#10601=AXIS2_PLACEMENT_3D('',#10598,#10599,#10600);
#10602=PLANE('',#10601);
#10604=ORIENTED_EDGE('',*,*,#10603,.F.);
#10606=ORIENTED_EDGE('',*,*,#10605,.F.);
#10607=ORIENTED_EDGE('',*,*,#10582,.F.);
#10609=ORIENTED_EDGE('',*,*,#10608,.T.);
#10610=EDGE_LOOP('',(#10604,#10606,#10607,#10609));
#10611=FACE_OUTER_BOUND('',#10610,.F.);
#10612=ADVANCED_FACE('',(#10611),#10602,.F.);
#10613=FILL_AREA_STYLE_COLOUR('',#2316);
#10614=FILL_AREA_STYLE('',(#10613));
#10615=SURFACE_STYLE_FILL_AREA(#10614);
#10616=SURFACE_SIDE_STYLE('',(#10615));
#10617=SURFACE_STYLE_USAGE(.BOTH.,#10616);
#10618=PRESENTATION_STYLE_ASSIGNMENT((#10617));
#10619=OVER_RIDING_STYLED_ITEM('',(#10618),#10612,#2317);
#10620=CARTESIAN_POINT('',(-1.25E0,-6.255119346322E0,5.779981891249E0));
#10621=DIRECTION('',(1.511063783167E-14,1.E0,-2.636291895114E-14));
#10622=DIRECTION('',(0.E0,-2.636291895114E-14,-1.E0));
#10623=AXIS2_PLACEMENT_3D('',#10620,#10621,#10622);
#10624=PLANE('',#10623);
#10625=ORIENTED_EDGE('',*,*,#10603,.T.);
#10627=ORIENTED_EDGE('',*,*,#10626,.F.);
#10629=ORIENTED_EDGE('',*,*,#10628,.T.);
#10630=EDGE_LOOP('',(#10625,#10627,#10629));
#10631=FACE_OUTER_BOUND('',#10630,.F.);
#10632=ADVANCED_FACE('',(#10631),#10624,.F.);
#10633=FILL_AREA_STYLE_COLOUR('',#2316);
#10634=FILL_AREA_STYLE('',(#10633));
#10635=SURFACE_STYLE_FILL_AREA(#10634);
#10636=SURFACE_SIDE_STYLE('',(#10635));
#10637=SURFACE_STYLE_USAGE(.BOTH.,#10636);
#10638=PRESENTATION_STYLE_ASSIGNMENT((#10637));
#10639=OVER_RIDING_STYLED_ITEM('',(#10638),#10632,#2317);
#10640=CARTESIAN_POINT('',(4.716081635616E-2,-6.255119346323E0,
2.792497144192E0));
#10641=DIRECTION('',(-8.214421908035E-1,2.760576963379E-14,5.702917912507E-1));
#10642=DIRECTION('',(-5.702917912507E-1,-1.292796408159E-14,
-8.214421908035E-1));
#10643=AXIS2_PLACEMENT_3D('',#10640,#10641,#10642);
#10644=PLANE('',#10643);
#10645=ORIENTED_EDGE('',*,*,#10626,.T.);
#10646=ORIENTED_EDGE('',*,*,#10608,.F.);
#10647=ORIENTED_EDGE('',*,*,#10586,.T.);
#10649=ORIENTED_EDGE('',*,*,#10648,.T.);
#10650=EDGE_LOOP('',(#10645,#10646,#10647,#10649));
#10651=FACE_OUTER_BOUND('',#10650,.F.);
#10652=ADVANCED_FACE('',(#10651),#10644,.F.);
#10653=FILL_AREA_STYLE_COLOUR('',#2316);
#10654=FILL_AREA_STYLE('',(#10653));
#10655=SURFACE_STYLE_FILL_AREA(#10654);
#10656=SURFACE_SIDE_STYLE('',(#10655));
#10657=SURFACE_STYLE_USAGE(.BOTH.,#10656);
#10658=PRESENTATION_STYLE_ASSIGNMENT((#10657));
#10659=OVER_RIDING_STYLED_ITEM('',(#10658),#10652,#2317);
#10660=CARTESIAN_POINT('',(4.716081635616E-2,-6.255119346323E0,
2.454082496598E0));
#10661=DIRECTION('',(1.E0,-1.530383209350E-14,0.E0));
#10662=DIRECTION('',(0.E0,2.636291895114E-14,1.E0));
#10663=AXIS2_PLACEMENT_3D('',#10660,#10661,#10662);
#10664=PLANE('',#10663);
#10665=ORIENTED_EDGE('',*,*,#10628,.F.);
#10666=ORIENTED_EDGE('',*,*,#10648,.F.);
#10667=ORIENTED_EDGE('',*,*,#10584,.F.);
#10668=ORIENTED_EDGE('',*,*,#10605,.T.);
#10669=EDGE_LOOP('',(#10665,#10666,#10667,#10668));
#10670=FACE_OUTER_BOUND('',#10669,.F.);
#10671=ADVANCED_FACE('',(#10670),#10664,.F.);
#10672=FILL_AREA_STYLE_COLOUR('',#2316);
#10673=FILL_AREA_STYLE('',(#10672));
#10674=SURFACE_STYLE_FILL_AREA(#10673);
#10675=SURFACE_SIDE_STYLE('',(#10674));
#10676=SURFACE_STYLE_USAGE(.BOTH.,#10675);
#10677=PRESENTATION_STYLE_ASSIGNMENT((#10676));
#10678=OVER_RIDING_STYLED_ITEM('',(#10677),#10671,#2317);
#10679=CARTESIAN_POINT('',(-6.6655E0,1.024880653678E0,1.066998189125E1));
#10680=DIRECTION('',(1.E0,-1.530383209350E-14,0.E0));
#10681=DIRECTION('',(-1.530383209350E-14,-1.E0,2.636291895114E-14));
#10682=AXIS2_PLACEMENT_3D('',#10679,#10680,#10681);
#10683=PLANE('',#10682);
#10684=ORIENTED_EDGE('',*,*,#6728,.F.);
#10686=ORIENTED_EDGE('',*,*,#10685,.F.);
#10687=ORIENTED_EDGE('',*,*,#6616,.F.);
#10688=ORIENTED_EDGE('',*,*,#6788,.F.);
#10689=EDGE_LOOP('',(#10684,#10686,#10687,#10688));
#10690=FACE_OUTER_BOUND('',#10689,.F.);
#10691=ADVANCED_FACE('',(#10690),#10683,.F.);
#10692=FILL_AREA_STYLE_COLOUR('',#2316);
#10693=FILL_AREA_STYLE('',(#10692));
#10694=SURFACE_STYLE_FILL_AREA(#10693);
#10695=SURFACE_SIDE_STYLE('',(#10694));
#10696=SURFACE_STYLE_USAGE(.BOTH.,#10695);
#10697=PRESENTATION_STYLE_ASSIGNMENT((#10696));
#10698=OVER_RIDING_STYLED_ITEM('',(#10697),#10691,#2317);
#10699=CARTESIAN_POINT('',(-6.9755E0,-2.019790786323E0,1.066998189125E1));
#10700=DIRECTION('',(0.E0,-2.636291895114E-14,-1.E0));
#10701=DIRECTION('',(9.544439137620E-1,-2.983903743130E-1,0.E0));
#10702=AXIS2_PLACEMENT_3D('',#10699,#10700,#10701);
#10703=CYLINDRICAL_SURFACE('',#10702,3.1E-1);
#10705=ORIENTED_EDGE('',*,*,#10704,.T.);
#10706=ORIENTED_EDGE('',*,*,#6618,.T.);
#10707=ORIENTED_EDGE('',*,*,#10685,.T.);
#10708=ORIENTED_EDGE('',*,*,#6726,.T.);
#10709=EDGE_LOOP('',(#10705,#10706,#10707,#10708));
#10710=FACE_OUTER_BOUND('',#10709,.F.);
#10711=ADVANCED_FACE('',(#10710),#10703,.F.);
#10712=FILL_AREA_STYLE_COLOUR('',#2316);
#10713=FILL_AREA_STYLE('',(#10712));
#10714=SURFACE_STYLE_FILL_AREA(#10713);
#10715=SURFACE_SIDE_STYLE('',(#10714));
#10716=SURFACE_STYLE_USAGE(.BOTH.,#10715);
#10717=PRESENTATION_STYLE_ASSIGNMENT((#10716));
#10718=OVER_RIDING_STYLED_ITEM('',(#10717),#10711,#2317);
#10719=CARTESIAN_POINT('',(-6.679622386734E0,-2.112291802360E0,
1.066998189125E1));
#10720=DIRECTION('',(9.544439137620E-1,-2.983903743130E-1,0.E0));
#10721=DIRECTION('',(-2.983903743130E-1,-9.544439137620E-1,2.515447972885E-14));
#10722=AXIS2_PLACEMENT_3D('',#10719,#10720,#10721);
#10723=PLANE('',#10722);
#10724=ORIENTED_EDGE('',*,*,#6724,.T.);
#10726=ORIENTED_EDGE('',*,*,#10725,.F.);
#10727=ORIENTED_EDGE('',*,*,#6620,.T.);
#10728=ORIENTED_EDGE('',*,*,#10704,.F.);
#10729=EDGE_LOOP('',(#10724,#10726,#10727,#10728));
#10730=FACE_OUTER_BOUND('',#10729,.F.);
#10731=ADVANCED_FACE('',(#10730),#10723,.F.);
#10732=FILL_AREA_STYLE_COLOUR('',#2316);
#10733=FILL_AREA_STYLE('',(#10732));
#10734=SURFACE_STYLE_FILL_AREA(#10733);
#10735=SURFACE_SIDE_STYLE('',(#10734));
#10736=SURFACE_STYLE_USAGE(.BOTH.,#10735);
#10737=PRESENTATION_STYLE_ASSIGNMENT((#10736));
#10738=OVER_RIDING_STYLED_ITEM('',(#10737),#10731,#2317);
#10739=CARTESIAN_POINT('',(-6.96E0,1.024880653678E0,6.499818912490E-1));
#10740=DIRECTION('',(-1.E0,1.530383209350E-14,0.E0));
#10741=DIRECTION('',(-1.530383209350E-14,-1.E0,2.636291895114E-14));
#10742=AXIS2_PLACEMENT_3D('',#10739,#10740,#10741);
#10743=PLANE('',#10742);
#10744=ORIENTED_EDGE('',*,*,#10725,.T.);
#10745=ORIENTED_EDGE('',*,*,#6722,.F.);
#10746=ORIENTED_EDGE('',*,*,#6549,.T.);
#10747=ORIENTED_EDGE('',*,*,#6622,.T.);
#10748=EDGE_LOOP('',(#10744,#10745,#10746,#10747));
#10749=FACE_OUTER_BOUND('',#10748,.F.);
#10750=ADVANCED_FACE('',(#10749),#10743,.T.);
#10751=FILL_AREA_STYLE_COLOUR('',#2316);
#10752=FILL_AREA_STYLE('',(#10751));
#10753=SURFACE_STYLE_FILL_AREA(#10752);
#10754=SURFACE_SIDE_STYLE('',(#10753));
#10755=SURFACE_STYLE_USAGE(.BOTH.,#10754);
#10756=PRESENTATION_STYLE_ASSIGNMENT((#10755));
#10757=OVER_RIDING_STYLED_ITEM('',(#10756),#10750,#2317);
#10758=CARTESIAN_POINT('',(4.4755E0,-2.019790786323E0,1.066998189125E1));
#10759=DIRECTION('',(0.E0,-2.636291895114E-14,-1.E0));
#10760=DIRECTION('',(-1.E0,0.E0,0.E0));
#10761=AXIS2_PLACEMENT_3D('',#10758,#10759,#10760);
#10762=CYLINDRICAL_SURFACE('',#10761,3.1E-1);
#10763=ORIENTED_EDGE('',*,*,#6690,.T.);
#10764=ORIENTED_EDGE('',*,*,#6629,.T.);
#10766=ORIENTED_EDGE('',*,*,#10765,.T.);
#10767=ORIENTED_EDGE('',*,*,#6715,.T.);
#10768=EDGE_LOOP('',(#10763,#10764,#10766,#10767));
#10769=FACE_OUTER_BOUND('',#10768,.F.);
#10770=ADVANCED_FACE('',(#10769),#10762,.F.);
#10771=FILL_AREA_STYLE_COLOUR('',#2316);
#10772=FILL_AREA_STYLE('',(#10771));
#10773=SURFACE_STYLE_FILL_AREA(#10772);
#10774=SURFACE_SIDE_STYLE('',(#10773));
#10775=SURFACE_STYLE_USAGE(.BOTH.,#10774);
#10776=PRESENTATION_STYLE_ASSIGNMENT((#10775));
#10777=OVER_RIDING_STYLED_ITEM('',(#10776),#10770,#2317);
#10778=CARTESIAN_POINT('',(4.46E0,-3.009119346322E0,1.066998189125E1));
#10779=DIRECTION('',(-9.544439137620E-1,-2.983903743130E-1,0.E0));
#10780=DIRECTION('',(-2.983903743130E-1,9.544439137620E-1,-2.516937535498E-14));
#10781=AXIS2_PLACEMENT_3D('',#10778,#10779,#10780);
#10782=PLANE('',#10781);
#10783=ORIENTED_EDGE('',*,*,#6717,.T.);
#10784=ORIENTED_EDGE('',*,*,#10765,.F.);
#10785=ORIENTED_EDGE('',*,*,#6627,.T.);
#10787=ORIENTED_EDGE('',*,*,#10786,.F.);
#10788=EDGE_LOOP('',(#10783,#10784,#10785,#10787));
#10789=FACE_OUTER_BOUND('',#10788,.F.);
#10790=ADVANCED_FACE('',(#10789),#10782,.F.);
#10791=FILL_AREA_STYLE_COLOUR('',#2316);
#10792=FILL_AREA_STYLE('',(#10791));
#10793=SURFACE_STYLE_FILL_AREA(#10792);
#10794=SURFACE_SIDE_STYLE('',(#10793));
#10795=SURFACE_STYLE_USAGE(.BOTH.,#10794);
#10796=PRESENTATION_STYLE_ASSIGNMENT((#10795));
#10797=OVER_RIDING_STYLED_ITEM('',(#10796),#10790,#2317);
#10798=CARTESIAN_POINT('',(4.46E0,-1.487511934632E1,6.499818912490E-1));
#10799=DIRECTION('',(1.E0,-1.530383209350E-14,0.E0));
#10800=DIRECTION('',(1.530383209350E-14,1.E0,-2.636291895114E-14));
#10801=AXIS2_PLACEMENT_3D('',#10798,#10799,#10800);
#10802=PLANE('',#10801);
#10803=ORIENTED_EDGE('',*,*,#10786,.T.);
#10804=ORIENTED_EDGE('',*,*,#6625,.T.);
#10805=ORIENTED_EDGE('',*,*,#6553,.F.);
#10806=ORIENTED_EDGE('',*,*,#6719,.F.);
#10807=EDGE_LOOP('',(#10803,#10804,#10805,#10806));
#10808=FACE_OUTER_BOUND('',#10807,.F.);
#10809=ADVANCED_FACE('',(#10808),#10802,.T.);
#10810=FILL_AREA_STYLE_COLOUR('',#2316);
#10811=FILL_AREA_STYLE('',(#10810));
#10812=SURFACE_STYLE_FILL_AREA(#10811);
#10813=SURFACE_SIDE_STYLE('',(#10812));
#10814=SURFACE_STYLE_USAGE(.BOTH.,#10813);
#10815=PRESENTATION_STYLE_ASSIGNMENT((#10814));
#10816=OVER_RIDING_STYLED_ITEM('',(#10815),#10809,#2317);
#10819=FILL_AREA_STYLE_COLOUR('',#8);
#10820=FILL_AREA_STYLE('',(#10819));
#10821=SURFACE_STYLE_FILL_AREA(#10820);
#10822=SURFACE_SIDE_STYLE('',(#10821));
#10823=SURFACE_STYLE_USAGE(.BOTH.,#10822);
#10824=PRESENTATION_STYLE_ASSIGNMENT((#10823));
#2317=STYLED_ITEM('',(#10824),#10818);
#10826=DIRECTION('',(0.E0,-2.812564995717E-14,-1.E0));
#10827=VECTOR('',#10826,3.E-1);
#10828=CARTESIAN_POINT('',(4.000000000001E-1,-2.855119346322E0,
7.879981891249E0));
#10829=LINE('',#10828,#10827);
#10830=CURVE_STYLE('',#21,POSITIVE_LENGTH_MEASURE(2.E-2),#8);
#10831=PRESENTATION_STYLE_ASSIGNMENT((#10830));
#10832=STYLED_ITEM('',(#10831),#10829);
#10833=DIRECTION('',(-1.E0,1.554312234475E-14,0.E0));
#10834=VECTOR('',#10833,8.E-1);
#10835=CARTESIAN_POINT('',(4.000000000001E-1,-2.855119346322E0,
7.579981891249E0));
#10836=LINE('',#10835,#10834);
#10837=CURVE_STYLE('',#21,POSITIVE_LENGTH_MEASURE(2.E-2),#8);
#10838=PRESENTATION_STYLE_ASSIGNMENT((#10837));
#10839=STYLED_ITEM('',(#10838),#10836);
#10840=DIRECTION('',(0.E0,2.812564995717E-14,1.E0));
#10841=VECTOR('',#10840,3.E-1);
#10842=CARTESIAN_POINT('',(-3.999999999999E-1,-2.855119346322E0,
7.579981891249E0));
#10843=LINE('',#10842,#10841);
#10844=CURVE_STYLE('',#21,POSITIVE_LENGTH_MEASURE(2.E-2),#8);
#10845=PRESENTATION_STYLE_ASSIGNMENT((#10844));
#10846=STYLED_ITEM('',(#10845),#10843);
#10847=DIRECTION('',(1.E0,-1.554312234475E-14,0.E0));
#10848=VECTOR('',#10847,8.E-1);
#10849=CARTESIAN_POINT('',(-3.999999999999E-1,-2.855119346322E0,
7.879981891249E0));
#10850=LINE('',#10849,#10848);
#10851=CURVE_STYLE('',#21,POSITIVE_LENGTH_MEASURE(2.E-2),#8);
#10852=PRESENTATION_STYLE_ASSIGNMENT((#10851));
#10853=STYLED_ITEM('',(#10852),#10850);
#10854=DIRECTION('',(1.529741724914E-14,1.E0,-2.664535259100E-14));
#10855=VECTOR('',#10854,6.1E0);
#10856=CARTESIAN_POINT('',(4.000000000001E-1,-2.855119346322E0,
7.879981891249E0));
#10857=LINE('',#10856,#10855);
#10858=CURVE_STYLE('',#21,POSITIVE_LENGTH_MEASURE(2.E-2),#8);
#10859=PRESENTATION_STYLE_ASSIGNMENT((#10858));
#10860=STYLED_ITEM('',(#10859),#10857);
#10861=DIRECTION('',(1.529741724914E-14,1.E0,-2.664535259100E-14));
#10862=VECTOR('',#10861,6.1E0);
#10863=CARTESIAN_POINT('',(-3.999999999999E-1,-2.855119346322E0,
7.879981891249E0));
#10864=LINE('',#10863,#10862);
#10865=CURVE_STYLE('',#21,POSITIVE_LENGTH_MEASURE(2.E-2),#8);
#10866=PRESENTATION_STYLE_ASSIGNMENT((#10865));
#10867=STYLED_ITEM('',(#10866),#10864);
#10868=DIRECTION('',(1.530651743786E-14,1.E0,-2.664535259100E-14));
#10869=VECTOR('',#10868,6.1E0);
#10870=CARTESIAN_POINT('',(-3.999999999999E-1,-2.855119346322E0,
7.579981891249E0));
#10871=LINE('',#10870,#10869);
#10872=CURVE_STYLE('',#21,POSITIVE_LENGTH_MEASURE(2.E-2),#8);
#10873=PRESENTATION_STYLE_ASSIGNMENT((#10872));
#10874=STYLED_ITEM('',(#10873),#10871);
#10875=DIRECTION('',(1.529741724914E-14,1.E0,-2.664535259100E-14));
#10876=VECTOR('',#10875,6.1E0);
#10877=CARTESIAN_POINT('',(4.000000000001E-1,-2.855119346322E0,
7.579981891249E0));
#10878=LINE('',#10877,#10876);
#10879=CURVE_STYLE('',#21,POSITIVE_LENGTH_MEASURE(2.E-2),#8);
#10880=PRESENTATION_STYLE_ASSIGNMENT((#10879));
#10881=STYLED_ITEM('',(#10880),#10878);
#10882=DIRECTION('',(0.E0,-2.812564995717E-14,-1.E0));
#10883=VECTOR('',#10882,3.E-1);
#10884=CARTESIAN_POINT('',(4.000000000001E-1,3.244880653678E0,
7.879981891249E0));
#10885=LINE('',#10884,#10883);
#10886=CURVE_STYLE('',#21,POSITIVE_LENGTH_MEASURE(2.E-2),#8);
#10887=PRESENTATION_STYLE_ASSIGNMENT((#10886));
#10888=STYLED_ITEM('',(#10887),#10885);
#10889=DIRECTION('',(1.E0,-1.554312234475E-14,0.E0));
#10890=VECTOR('',#10889,8.E-1);
#10891=CARTESIAN_POINT('',(-3.999999999999E-1,3.244880653678E0,
7.879981891249E0));
#10892=LINE('',#10891,#10890);
#10893=CURVE_STYLE('',#21,POSITIVE_LENGTH_MEASURE(2.E-2),#8);
#10894=PRESENTATION_STYLE_ASSIGNMENT((#10893));
#10895=STYLED_ITEM('',(#10894),#10892);
#10896=DIRECTION('',(0.E0,2.812564995717E-14,1.E0));
#10897=VECTOR('',#10896,3.E-1);
#10898=CARTESIAN_POINT('',(-3.999999999999E-1,3.244880653678E0,
7.579981891249E0));
#10899=LINE('',#10898,#10897);
#10900=CURVE_STYLE('',#21,POSITIVE_LENGTH_MEASURE(2.E-2),#8);
#10901=PRESENTATION_STYLE_ASSIGNMENT((#10900));
#10902=STYLED_ITEM('',(#10901),#10899);
#10903=DIRECTION('',(-1.E0,1.554312234475E-14,0.E0));
#10904=VECTOR('',#10903,8.E-1);
#10905=CARTESIAN_POINT('',(4.000000000001E-1,3.244880653678E0,
7.579981891249E0));
#10906=LINE('',#10905,#10904);
#10907=CURVE_STYLE('',#21,POSITIVE_LENGTH_MEASURE(2.E-2),#8);
#10908=PRESENTATION_STYLE_ASSIGNMENT((#10907));
#10909=STYLED_ITEM('',(#10908),#10906);
#10910=CARTESIAN_POINT('',(4.000000000001E-1,-2.855119346322E0,
7.879981891249E0));
#10911=CARTESIAN_POINT('',(4.000000000001E-1,-2.855119346322E0,
7.579981891249E0));
#10912=VERTEX_POINT('',#10910);
#10913=VERTEX_POINT('',#10911);
#10914=CARTESIAN_POINT('',(-3.999999999999E-1,-2.855119346322E0,
7.579981891249E0));
#10915=VERTEX_POINT('',#10914);
#10916=CARTESIAN_POINT('',(-3.999999999999E-1,-2.855119346322E0,
7.879981891249E0));
#10917=VERTEX_POINT('',#10916);
#10918=CARTESIAN_POINT('',(4.000000000001E-1,3.244880653678E0,
7.879981891249E0));
#10919=CARTESIAN_POINT('',(4.000000000001E-1,3.244880653678E0,
7.579981891249E0));
#10920=VERTEX_POINT('',#10918);
#10921=VERTEX_POINT('',#10919);
#10922=CARTESIAN_POINT('',(-3.999999999999E-1,3.244880653678E0,
7.579981891249E0));
#10923=VERTEX_POINT('',#10922);
#10924=CARTESIAN_POINT('',(-3.999999999999E-1,3.244880653678E0,
7.879981891249E0));
#10925=VERTEX_POINT('',#10924);
#10926=CARTESIAN_POINT('',(-4.352074256531E-14,-2.855119346322E0,
7.460698725481E-14));
#10927=DIRECTION('',(1.530383209350E-14,1.E0,-2.636291895114E-14));
#10928=DIRECTION('',(-1.E0,1.530383209350E-14,0.E0));
#10929=AXIS2_PLACEMENT_3D('',#10926,#10927,#10928);
#10930=PLANE('',#10929);
#10932=ORIENTED_EDGE('',*,*,#10931,.T.);
#10934=ORIENTED_EDGE('',*,*,#10933,.T.);
#10936=ORIENTED_EDGE('',*,*,#10935,.T.);
#10938=ORIENTED_EDGE('',*,*,#10937,.T.);
#10939=EDGE_LOOP('',(#10932,#10934,#10936,#10938));
#10940=FACE_OUTER_BOUND('',#10939,.F.);
#10941=ADVANCED_FACE('',(#10940),#10930,.F.);
#10942=CARTESIAN_POINT('',(4.000000000001E-1,-2.855119346322E0,
7.879981891249E0));
#10943=DIRECTION('',(1.E0,-1.530383209350E-14,0.E0));
#10944=DIRECTION('',(0.E0,-2.636291895114E-14,-1.E0));
#10945=AXIS2_PLACEMENT_3D('',#10942,#10943,#10944);
#10946=PLANE('',#10945);
#10947=ORIENTED_EDGE('',*,*,#10931,.F.);
#10949=ORIENTED_EDGE('',*,*,#10948,.T.);
#10951=ORIENTED_EDGE('',*,*,#10950,.T.);
#10953=ORIENTED_EDGE('',*,*,#10952,.F.);
#10954=EDGE_LOOP('',(#10947,#10949,#10951,#10953));
#10955=FACE_OUTER_BOUND('',#10954,.F.);
#10956=ADVANCED_FACE('',(#10955),#10946,.T.);
#10957=CARTESIAN_POINT('',(-3.999999999999E-1,-2.855119346322E0,
7.879981891249E0));
#10958=DIRECTION('',(0.E0,2.636291895114E-14,1.E0));
#10959=DIRECTION('',(1.E0,-1.530383209350E-14,0.E0));
#10960=AXIS2_PLACEMENT_3D('',#10957,#10958,#10959);
#10961=PLANE('',#10960);
#10962=ORIENTED_EDGE('',*,*,#10937,.F.);
#10964=ORIENTED_EDGE('',*,*,#10963,.T.);
#10966=ORIENTED_EDGE('',*,*,#10965,.T.);
#10967=ORIENTED_EDGE('',*,*,#10948,.F.);
#10968=EDGE_LOOP('',(#10962,#10964,#10966,#10967));
#10969=FACE_OUTER_BOUND('',#10968,.F.);
#10970=ADVANCED_FACE('',(#10969),#10961,.T.);
#10971=CARTESIAN_POINT('',(-3.999999999999E-1,-2.855119346322E0,
7.579981891249E0));
#10972=DIRECTION('',(-1.E0,1.530383209350E-14,0.E0));
#10973=DIRECTION('',(0.E0,2.636291895114E-14,1.E0));
#10974=AXIS2_PLACEMENT_3D('',#10971,#10972,#10973);
#10975=PLANE('',#10974);
#10976=ORIENTED_EDGE('',*,*,#10935,.F.);
#10978=ORIENTED_EDGE('',*,*,#10977,.T.);
#10980=ORIENTED_EDGE('',*,*,#10979,.T.);
#10981=ORIENTED_EDGE('',*,*,#10963,.F.);
#10982=EDGE_LOOP('',(#10976,#10978,#10980,#10981));
#10983=FACE_OUTER_BOUND('',#10982,.F.);
#10984=ADVANCED_FACE('',(#10983),#10975,.T.);
#10985=CARTESIAN_POINT('',(4.000000000001E-1,-2.855119346322E0,
7.579981891249E0));
#10986=DIRECTION('',(0.E0,-2.636291895114E-14,-1.E0));
#10987=DIRECTION('',(-1.E0,1.530383209350E-14,0.E0));
#10988=AXIS2_PLACEMENT_3D('',#10985,#10986,#10987);
#10989=PLANE('',#10988);
#10990=ORIENTED_EDGE('',*,*,#10933,.F.);
#10991=ORIENTED_EDGE('',*,*,#10952,.T.);
#10993=ORIENTED_EDGE('',*,*,#10992,.T.);
#10994=ORIENTED_EDGE('',*,*,#10977,.F.);
#10995=EDGE_LOOP('',(#10990,#10991,#10993,#10994));
#10996=FACE_OUTER_BOUND('',#10995,.F.);
#10997=ADVANCED_FACE('',(#10996),#10989,.T.);
#10998=CARTESIAN_POINT('',(4.983263320504E-14,3.244880653678E0,
-8.620681834714E-14));
#10999=DIRECTION('',(1.530383209350E-14,1.E0,-2.636291895114E-14));
#11000=DIRECTION('',(-1.E0,1.530383209350E-14,0.E0));
#11001=AXIS2_PLACEMENT_3D('',#10998,#10999,#11000);
#11002=PLANE('',#11001);
#11003=ORIENTED_EDGE('',*,*,#10950,.F.);
#11004=ORIENTED_EDGE('',*,*,#10965,.F.);
#11005=ORIENTED_EDGE('',*,*,#10979,.F.);
#11006=ORIENTED_EDGE('',*,*,#10992,.F.);
#11007=EDGE_LOOP('',(#11003,#11004,#11005,#11006));
#11008=FACE_OUTER_BOUND('',#11007,.F.);
#11009=ADVANCED_FACE('',(#11008),#11002,.T.);
#11012=FILL_AREA_STYLE_COLOUR('',#8);
#11013=FILL_AREA_STYLE('',(#11012));
#11014=SURFACE_STYLE_FILL_AREA(#11013);
#11015=SURFACE_SIDE_STYLE('',(#11014));
#11016=SURFACE_STYLE_USAGE(.POSITIVE.,#11015);
#11017=PRESENTATION_STYLE_ASSIGNMENT((#11016));
#10825=STYLED_ITEM('',(#11017),#11011);
#11019=DIRECTION('',(0.E0,-2.516505522484E-14,-1.E0));
#11020=VECTOR('',#11019,3.E-1);
#11021=CARTESIAN_POINT('',(4.000000000001E-1,-2.855119346322E0,
4.679981891249E0));
#11022=LINE('',#11021,#11020);
#11023=CURVE_STYLE('',#21,POSITIVE_LENGTH_MEASURE(2.E-2),#8);
#11024=PRESENTATION_STYLE_ASSIGNMENT((#11023));
#11025=STYLED_ITEM('',(#11024),#11022);
#11026=DIRECTION('',(-1.E0,1.554312234475E-14,0.E0));
#11027=VECTOR('',#11026,8.E-1);
#11028=CARTESIAN_POINT('',(4.000000000001E-1,-2.855119346322E0,
4.379981891249E0));
#11029=LINE('',#11028,#11027);
#11030=CURVE_STYLE('',#21,POSITIVE_LENGTH_MEASURE(2.E-2),#8);
#11031=PRESENTATION_STYLE_ASSIGNMENT((#11030));
#11032=STYLED_ITEM('',(#11031),#11029);
#11033=DIRECTION('',(0.E0,2.516505522484E-14,1.E0));
#11034=VECTOR('',#11033,3.E-1);
#11035=CARTESIAN_POINT('',(-3.999999999999E-1,-2.855119346322E0,
4.379981891249E0));
#11036=LINE('',#11035,#11034);
#11037=CURVE_STYLE('',#21,POSITIVE_LENGTH_MEASURE(2.E-2),#8);
#11038=PRESENTATION_STYLE_ASSIGNMENT((#11037));
#11039=STYLED_ITEM('',(#11038),#11036);
#11040=DIRECTION('',(1.E0,-1.554312234475E-14,0.E0));
#11041=VECTOR('',#11040,8.E-1);
#11042=CARTESIAN_POINT('',(-3.999999999999E-1,-2.855119346322E0,
4.679981891249E0));
#11043=LINE('',#11042,#11041);
#11044=CURVE_STYLE('',#21,POSITIVE_LENGTH_MEASURE(2.E-2),#8);
#11045=PRESENTATION_STYLE_ASSIGNMENT((#11044));
#11046=STYLED_ITEM('',(#11045),#11043);
#11047=DIRECTION('',(1.529741724914E-14,1.E0,-2.635414655176E-14));
#11048=VECTOR('',#11047,6.1E0);
#11049=CARTESIAN_POINT('',(4.000000000001E-1,-2.855119346322E0,
4.679981891249E0));
#11050=LINE('',#11049,#11048);
#11051=CURVE_STYLE('',#21,POSITIVE_LENGTH_MEASURE(2.E-2),#8);
#11052=PRESENTATION_STYLE_ASSIGNMENT((#11051));
#11053=STYLED_ITEM('',(#11052),#11050);
#11054=DIRECTION('',(1.529741724914E-14,1.E0,-2.635414655176E-14));
#11055=VECTOR('',#11054,6.1E0);
#11056=CARTESIAN_POINT('',(-3.999999999999E-1,-2.855119346322E0,
4.679981891249E0));
#11057=LINE('',#11056,#11055);
#11058=CURVE_STYLE('',#21,POSITIVE_LENGTH_MEASURE(2.E-2),#8);
#11059=PRESENTATION_STYLE_ASSIGNMENT((#11058));
#11060=STYLED_ITEM('',(#11059),#11057);
#11061=DIRECTION('',(1.530651743786E-14,1.E0,-2.620854353213E-14));
#11062=VECTOR('',#11061,6.1E0);
#11063=CARTESIAN_POINT('',(-3.999999999999E-1,-2.855119346322E0,
4.379981891249E0));
#11064=LINE('',#11063,#11062);
#11065=CURVE_STYLE('',#21,POSITIVE_LENGTH_MEASURE(2.E-2),#8);
#11066=PRESENTATION_STYLE_ASSIGNMENT((#11065));
#11067=STYLED_ITEM('',(#11066),#11064);
#11068=DIRECTION('',(1.529741724914E-14,1.E0,-2.620854353213E-14));
#11069=VECTOR('',#11068,6.1E0);
#11070=CARTESIAN_POINT('',(4.000000000001E-1,-2.855119346322E0,
4.379981891249E0));
#11071=LINE('',#11070,#11069);
#11072=CURVE_STYLE('',#21,POSITIVE_LENGTH_MEASURE(2.E-2),#8);
#11073=PRESENTATION_STYLE_ASSIGNMENT((#11072));
#11074=STYLED_ITEM('',(#11073),#11071);
#11075=DIRECTION('',(0.E0,-2.516505522484E-14,-1.E0));
#11076=VECTOR('',#11075,3.E-1);
#11077=CARTESIAN_POINT('',(4.000000000001E-1,3.244880653678E0,
4.679981891249E0));
#11078=LINE('',#11077,#11076);
#11079=CURVE_STYLE('',#21,POSITIVE_LENGTH_MEASURE(2.E-2),#8);
#11080=PRESENTATION_STYLE_ASSIGNMENT((#11079));
#11081=STYLED_ITEM('',(#11080),#11078);
#11082=DIRECTION('',(1.E0,-1.554312234475E-14,0.E0));
#11083=VECTOR('',#11082,8.E-1);
#11084=CARTESIAN_POINT('',(-3.999999999999E-1,3.244880653678E0,
4.679981891249E0));
#11085=LINE('',#11084,#11083);
#11086=CURVE_STYLE('',#21,POSITIVE_LENGTH_MEASURE(2.E-2),#8);
#11087=PRESENTATION_STYLE_ASSIGNMENT((#11086));
#11088=STYLED_ITEM('',(#11087),#11085);
#11089=DIRECTION('',(0.E0,2.516505522484E-14,1.E0));
#11090=VECTOR('',#11089,3.E-1);
#11091=CARTESIAN_POINT('',(-3.999999999999E-1,3.244880653678E0,
4.379981891249E0));
#11092=LINE('',#11091,#11090);
#11093=CURVE_STYLE('',#21,POSITIVE_LENGTH_MEASURE(2.E-2),#8);
#11094=PRESENTATION_STYLE_ASSIGNMENT((#11093));
#11095=STYLED_ITEM('',(#11094),#11092);
#11096=DIRECTION('',(-1.E0,1.554312234475E-14,0.E0));
#11097=VECTOR('',#11096,8.E-1);
#11098=CARTESIAN_POINT('',(4.000000000001E-1,3.244880653678E0,
4.379981891249E0));
#11099=LINE('',#11098,#11097);
#11100=CURVE_STYLE('',#21,POSITIVE_LENGTH_MEASURE(2.E-2),#8);
#11101=PRESENTATION_STYLE_ASSIGNMENT((#11100));
#11102=STYLED_ITEM('',(#11101),#11099);
#11103=CARTESIAN_POINT('',(4.000000000001E-1,-2.855119346322E0,
4.679981891249E0));
#11104=CARTESIAN_POINT('',(4.000000000001E-1,-2.855119346322E0,
4.379981891249E0));
#11105=VERTEX_POINT('',#11103);
#11106=VERTEX_POINT('',#11104);
#11107=CARTESIAN_POINT('',(-3.999999999999E-1,-2.855119346322E0,
4.379981891249E0));
#11108=VERTEX_POINT('',#11107);
#11109=CARTESIAN_POINT('',(-3.999999999999E-1,-2.855119346322E0,
4.679981891249E0));
#11110=VERTEX_POINT('',#11109);
#11111=CARTESIAN_POINT('',(4.000000000001E-1,3.244880653678E0,
4.679981891249E0));
#11112=CARTESIAN_POINT('',(4.000000000001E-1,3.244880653678E0,
4.379981891249E0));
#11113=VERTEX_POINT('',#11111);
#11114=VERTEX_POINT('',#11112);
#11115=CARTESIAN_POINT('',(-3.999999999999E-1,3.244880653678E0,
4.379981891249E0));
#11116=VERTEX_POINT('',#11115);
#11117=CARTESIAN_POINT('',(-3.999999999999E-1,3.244880653678E0,
4.679981891249E0));
#11118=VERTEX_POINT('',#11117);
#11119=CARTESIAN_POINT('',(-4.352074256531E-14,-2.855119346322E0,
7.460698725481E-14));
#11120=DIRECTION('',(1.530383209350E-14,1.E0,-2.636291895114E-14));
#11121=DIRECTION('',(-1.E0,1.530383209350E-14,0.E0));
#11122=AXIS2_PLACEMENT_3D('',#11119,#11120,#11121);
#11123=PLANE('',#11122);
#11125=ORIENTED_EDGE('',*,*,#11124,.T.);
#11127=ORIENTED_EDGE('',*,*,#11126,.T.);
#11129=ORIENTED_EDGE('',*,*,#11128,.T.);
#11131=ORIENTED_EDGE('',*,*,#11130,.T.);
#11132=EDGE_LOOP('',(#11125,#11127,#11129,#11131));
#11133=FACE_OUTER_BOUND('',#11132,.F.);
#11134=ADVANCED_FACE('',(#11133),#11123,.F.);
#11135=CARTESIAN_POINT('',(4.000000000001E-1,-2.855119346322E0,
4.679981891249E0));
#11136=DIRECTION('',(1.E0,-1.530383209350E-14,0.E0));
#11137=DIRECTION('',(0.E0,-2.636291895114E-14,-1.E0));
#11138=AXIS2_PLACEMENT_3D('',#11135,#11136,#11137);
#11139=PLANE('',#11138);
#11140=ORIENTED_EDGE('',*,*,#11124,.F.);
#11142=ORIENTED_EDGE('',*,*,#11141,.T.);
#11144=ORIENTED_EDGE('',*,*,#11143,.T.);
#11146=ORIENTED_EDGE('',*,*,#11145,.F.);
#11147=EDGE_LOOP('',(#11140,#11142,#11144,#11146));
#11148=FACE_OUTER_BOUND('',#11147,.F.);
#11149=ADVANCED_FACE('',(#11148),#11139,.T.);
#11150=CARTESIAN_POINT('',(-3.999999999999E-1,-2.855119346322E0,
4.679981891249E0));
#11151=DIRECTION('',(0.E0,2.636291895114E-14,1.E0));
#11152=DIRECTION('',(1.E0,-1.530383209350E-14,0.E0));
#11153=AXIS2_PLACEMENT_3D('',#11150,#11151,#11152);
#11154=PLANE('',#11153);
#11155=ORIENTED_EDGE('',*,*,#11130,.F.);
#11157=ORIENTED_EDGE('',*,*,#11156,.T.);
#11159=ORIENTED_EDGE('',*,*,#11158,.T.);
#11160=ORIENTED_EDGE('',*,*,#11141,.F.);
#11161=EDGE_LOOP('',(#11155,#11157,#11159,#11160));
#11162=FACE_OUTER_BOUND('',#11161,.F.);
#11163=ADVANCED_FACE('',(#11162),#11154,.T.);
#11164=CARTESIAN_POINT('',(-3.999999999999E-1,-2.855119346322E0,
4.379981891249E0));
#11165=DIRECTION('',(-1.E0,1.530383209350E-14,0.E0));
#11166=DIRECTION('',(0.E0,2.636291895114E-14,1.E0));
#11167=AXIS2_PLACEMENT_3D('',#11164,#11165,#11166);
#11168=PLANE('',#11167);
#11169=ORIENTED_EDGE('',*,*,#11128,.F.);
#11171=ORIENTED_EDGE('',*,*,#11170,.T.);
#11173=ORIENTED_EDGE('',*,*,#11172,.T.);
#11174=ORIENTED_EDGE('',*,*,#11156,.F.);
#11175=EDGE_LOOP('',(#11169,#11171,#11173,#11174));
#11176=FACE_OUTER_BOUND('',#11175,.F.);
#11177=ADVANCED_FACE('',(#11176),#11168,.T.);
#11178=CARTESIAN_POINT('',(4.000000000001E-1,-2.855119346322E0,
4.379981891249E0));
#11179=DIRECTION('',(0.E0,-2.636291895114E-14,-1.E0));
#11180=DIRECTION('',(-1.E0,1.530383209350E-14,0.E0));
#11181=AXIS2_PLACEMENT_3D('',#11178,#11179,#11180);
#11182=PLANE('',#11181);
#11183=ORIENTED_EDGE('',*,*,#11126,.F.);
#11184=ORIENTED_EDGE('',*,*,#11145,.T.);
#11186=ORIENTED_EDGE('',*,*,#11185,.T.);
#11187=ORIENTED_EDGE('',*,*,#11170,.F.);
#11188=EDGE_LOOP('',(#11183,#11184,#11186,#11187));
#11189=FACE_OUTER_BOUND('',#11188,.F.);
#11190=ADVANCED_FACE('',(#11189),#11182,.T.);
#11191=CARTESIAN_POINT('',(4.983263320504E-14,3.244880653678E0,
-8.620681834714E-14));
#11192=DIRECTION('',(1.530383209350E-14,1.E0,-2.636291895114E-14));
#11193=DIRECTION('',(-1.E0,1.530383209350E-14,0.E0));
#11194=AXIS2_PLACEMENT_3D('',#11191,#11192,#11193);
#11195=PLANE('',#11194);
#11196=ORIENTED_EDGE('',*,*,#11143,.F.);
#11197=ORIENTED_EDGE('',*,*,#11158,.F.);
#11198=ORIENTED_EDGE('',*,*,#11172,.F.);
#11199=ORIENTED_EDGE('',*,*,#11185,.F.);
#11200=EDGE_LOOP('',(#11196,#11197,#11198,#11199));
#11201=FACE_OUTER_BOUND('',#11200,.F.);
#11202=ADVANCED_FACE('',(#11201),#11195,.T.);
#11205=FILL_AREA_STYLE_COLOUR('',#8);
#11206=FILL_AREA_STYLE('',(#11205));
#11207=SURFACE_STYLE_FILL_AREA(#11206);
#11208=SURFACE_SIDE_STYLE('',(#11207));
#11209=SURFACE_STYLE_USAGE(.POSITIVE.,#11208);
#11210=PRESENTATION_STYLE_ASSIGNMENT((#11209));
#11018=STYLED_ITEM('',(#11210),#11204);
#11212=DIRECTION('',(1.E0,-1.554312234475E-14,0.E0));
#11213=VECTOR('',#11212,8.E-1);
#11214=CARTESIAN_POINT('',(-2.9E0,-2.855119346322E0,7.879981891249E0));
#11215=LINE('',#11214,#11213);
#11216=CURVE_STYLE('',#21,POSITIVE_LENGTH_MEASURE(2.E-2),#8);
#11217=PRESENTATION_STYLE_ASSIGNMENT((#11216));
#11218=STYLED_ITEM('',(#11217),#11215);
#11219=DIRECTION('',(0.E0,-2.516505522484E-14,-1.E0));
#11220=VECTOR('',#11219,3.E-1);
#11221=CARTESIAN_POINT('',(-2.1E0,-2.855119346322E0,7.879981891249E0));
#11222=LINE('',#11221,#11220);
#11223=CURVE_STYLE('',#21,POSITIVE_LENGTH_MEASURE(2.E-2),#8);
#11224=PRESENTATION_STYLE_ASSIGNMENT((#11223));
#11225=STYLED_ITEM('',(#11224),#11222);
#11226=DIRECTION('',(-1.E0,1.554312234475E-14,0.E0));
#11227=VECTOR('',#11226,8.E-1);
#11228=CARTESIAN_POINT('',(-2.1E0,-2.855119346322E0,7.579981891249E0));
#11229=LINE('',#11228,#11227);
#11230=CURVE_STYLE('',#21,POSITIVE_LENGTH_MEASURE(2.E-2),#8);
#11231=PRESENTATION_STYLE_ASSIGNMENT((#11230));
#11232=STYLED_ITEM('',(#11231),#11229);
#11233=DIRECTION('',(0.E0,2.516505522484E-14,1.E0));
#11234=VECTOR('',#11233,3.E-1);
#11235=CARTESIAN_POINT('',(-2.9E0,-2.855119346322E0,7.579981891249E0));
#11236=LINE('',#11235,#11234);
#11237=CURVE_STYLE('',#21,POSITIVE_LENGTH_MEASURE(2.E-2),#8);
#11238=PRESENTATION_STYLE_ASSIGNMENT((#11237));
#11239=STYLED_ITEM('',(#11238),#11236);
#11240=DIRECTION('',(1.536111857022E-14,1.E0,-2.664535259100E-14));
#11241=VECTOR('',#11240,6.1E0);
#11242=CARTESIAN_POINT('',(-2.9E0,-2.855119346322E0,7.879981891249E0));
#11243=LINE('',#11242,#11241);
#11244=CURVE_STYLE('',#21,POSITIVE_LENGTH_MEASURE(2.E-2),#8);
#11245=PRESENTATION_STYLE_ASSIGNMENT((#11244));
#11246=STYLED_ITEM('',(#11245),#11243);
#11247=DIRECTION('',(1.536111857022E-14,1.E0,-2.664535259100E-14));
#11248=VECTOR('',#11247,6.1E0);
#11249=CARTESIAN_POINT('',(-2.9E0,-2.855119346322E0,7.579981891249E0));
#11250=LINE('',#11249,#11248);
#11251=CURVE_STYLE('',#21,POSITIVE_LENGTH_MEASURE(2.E-2),#8);
#11252=PRESENTATION_STYLE_ASSIGNMENT((#11251));
#11253=STYLED_ITEM('',(#11252),#11250);
#11254=DIRECTION('',(1.528831706041E-14,1.E0,-2.664535259100E-14));
#11255=VECTOR('',#11254,6.1E0);
#11256=CARTESIAN_POINT('',(-2.1E0,-2.855119346322E0,7.579981891249E0));
#11257=LINE('',#11256,#11255);
#11258=CURVE_STYLE('',#21,POSITIVE_LENGTH_MEASURE(2.E-2),#8);
#11259=PRESENTATION_STYLE_ASSIGNMENT((#11258));
#11260=STYLED_ITEM('',(#11259),#11257);
#11261=DIRECTION('',(1.528831706041E-14,1.E0,-2.664535259100E-14));
#11262=VECTOR('',#11261,6.1E0);
#11263=CARTESIAN_POINT('',(-2.1E0,-2.855119346322E0,7.879981891249E0));
#11264=LINE('',#11263,#11262);
#11265=CURVE_STYLE('',#21,POSITIVE_LENGTH_MEASURE(2.E-2),#8);
#11266=PRESENTATION_STYLE_ASSIGNMENT((#11265));
#11267=STYLED_ITEM('',(#11266),#11264);
#11268=DIRECTION('',(1.E0,-1.554312234475E-14,0.E0));
#11269=VECTOR('',#11268,8.E-1);
#11270=CARTESIAN_POINT('',(-2.9E0,3.244880653678E0,7.879981891249E0));
#11271=LINE('',#11270,#11269);
#11272=CURVE_STYLE('',#21,POSITIVE_LENGTH_MEASURE(2.E-2),#8);
#11273=PRESENTATION_STYLE_ASSIGNMENT((#11272));
#11274=STYLED_ITEM('',(#11273),#11271);
#11275=DIRECTION('',(0.E0,2.516505522484E-14,1.E0));
#11276=VECTOR('',#11275,3.E-1);
#11277=CARTESIAN_POINT('',(-2.9E0,3.244880653678E0,7.579981891249E0));
#11278=LINE('',#11277,#11276);
#11279=CURVE_STYLE('',#21,POSITIVE_LENGTH_MEASURE(2.E-2),#8);
#11280=PRESENTATION_STYLE_ASSIGNMENT((#11279));
#11281=STYLED_ITEM('',(#11280),#11278);
#11282=DIRECTION('',(-1.E0,1.554312234475E-14,0.E0));
#11283=VECTOR('',#11282,8.E-1);
#11284=CARTESIAN_POINT('',(-2.1E0,3.244880653678E0,7.579981891249E0));
#11285=LINE('',#11284,#11283);
#11286=CURVE_STYLE('',#21,POSITIVE_LENGTH_MEASURE(2.E-2),#8);
#11287=PRESENTATION_STYLE_ASSIGNMENT((#11286));
#11288=STYLED_ITEM('',(#11287),#11285);
#11289=DIRECTION('',(0.E0,-2.516505522484E-14,-1.E0));
#11290=VECTOR('',#11289,3.E-1);
#11291=CARTESIAN_POINT('',(-2.1E0,3.244880653678E0,7.879981891249E0));
#11292=LINE('',#11291,#11290);
#11293=CURVE_STYLE('',#21,POSITIVE_LENGTH_MEASURE(2.E-2),#8);
#11294=PRESENTATION_STYLE_ASSIGNMENT((#11293));
#11295=STYLED_ITEM('',(#11294),#11292);
#11296=CARTESIAN_POINT('',(-2.9E0,-2.855119346322E0,7.879981891249E0));
#11297=CARTESIAN_POINT('',(-2.1E0,-2.855119346322E0,7.879981891249E0));
#11298=VERTEX_POINT('',#11296);
#11299=VERTEX_POINT('',#11297);
#11300=CARTESIAN_POINT('',(-2.1E0,-2.855119346322E0,7.579981891249E0));
#11301=VERTEX_POINT('',#11300);
#11302=CARTESIAN_POINT('',(-2.9E0,-2.855119346322E0,7.579981891249E0));
#11303=VERTEX_POINT('',#11302);
#11304=CARTESIAN_POINT('',(-2.9E0,3.244880653678E0,7.879981891249E0));
#11305=CARTESIAN_POINT('',(-2.1E0,3.244880653678E0,7.879981891249E0));
#11306=VERTEX_POINT('',#11304);
#11307=VERTEX_POINT('',#11305);
#11308=CARTESIAN_POINT('',(-2.1E0,3.244880653678E0,7.579981891249E0));
#11309=VERTEX_POINT('',#11308);
#11310=CARTESIAN_POINT('',(-2.9E0,3.244880653678E0,7.579981891249E0));
#11311=VERTEX_POINT('',#11310);
#11312=CARTESIAN_POINT('',(-4.352074256531E-14,-2.855119346322E0,
7.460698725481E-14));
#11313=DIRECTION('',(1.530383209350E-14,1.E0,-2.636291895114E-14));
#11314=DIRECTION('',(-1.E0,1.530383209350E-14,0.E0));
#11315=AXIS2_PLACEMENT_3D('',#11312,#11313,#11314);
#11316=PLANE('',#11315);
#11318=ORIENTED_EDGE('',*,*,#11317,.T.);
#11320=ORIENTED_EDGE('',*,*,#11319,.T.);
#11322=ORIENTED_EDGE('',*,*,#11321,.T.);
#11324=ORIENTED_EDGE('',*,*,#11323,.T.);
#11325=EDGE_LOOP('',(#11318,#11320,#11322,#11324));
#11326=FACE_OUTER_BOUND('',#11325,.F.);
#11327=ADVANCED_FACE('',(#11326),#11316,.F.);
#11328=CARTESIAN_POINT('',(-2.9E0,-2.855119346322E0,7.879981891249E0));
#11329=DIRECTION('',(0.E0,2.636291895114E-14,1.E0));
#11330=DIRECTION('',(1.E0,-1.530383209350E-14,0.E0));
#11331=AXIS2_PLACEMENT_3D('',#11328,#11329,#11330);
#11332=PLANE('',#11331);
#11333=ORIENTED_EDGE('',*,*,#11317,.F.);
#11335=ORIENTED_EDGE('',*,*,#11334,.T.);
#11337=ORIENTED_EDGE('',*,*,#11336,.T.);
#11339=ORIENTED_EDGE('',*,*,#11338,.F.);
#11340=EDGE_LOOP('',(#11333,#11335,#11337,#11339));
#11341=FACE_OUTER_BOUND('',#11340,.F.);
#11342=ADVANCED_FACE('',(#11341),#11332,.T.);
#11343=CARTESIAN_POINT('',(-2.9E0,-2.855119346322E0,7.579981891249E0));
#11344=DIRECTION('',(-1.E0,1.530383209350E-14,0.E0));
#11345=DIRECTION('',(0.E0,2.636291895114E-14,1.E0));
#11346=AXIS2_PLACEMENT_3D('',#11343,#11344,#11345);
#11347=PLANE('',#11346);
#11348=ORIENTED_EDGE('',*,*,#11323,.F.);
#11350=ORIENTED_EDGE('',*,*,#11349,.T.);
#11352=ORIENTED_EDGE('',*,*,#11351,.T.);
#11353=ORIENTED_EDGE('',*,*,#11334,.F.);
#11354=EDGE_LOOP('',(#11348,#11350,#11352,#11353));
#11355=FACE_OUTER_BOUND('',#11354,.F.);
#11356=ADVANCED_FACE('',(#11355),#11347,.T.);
#11357=CARTESIAN_POINT('',(-2.1E0,-2.855119346322E0,7.579981891249E0));
#11358=DIRECTION('',(0.E0,-2.636291895114E-14,-1.E0));
#11359=DIRECTION('',(-1.E0,1.530383209350E-14,0.E0));
#11360=AXIS2_PLACEMENT_3D('',#11357,#11358,#11359);
#11361=PLANE('',#11360);
#11362=ORIENTED_EDGE('',*,*,#11321,.F.);
#11364=ORIENTED_EDGE('',*,*,#11363,.T.);
#11366=ORIENTED_EDGE('',*,*,#11365,.T.);
#11367=ORIENTED_EDGE('',*,*,#11349,.F.);
#11368=EDGE_LOOP('',(#11362,#11364,#11366,#11367));
#11369=FACE_OUTER_BOUND('',#11368,.F.);
#11370=ADVANCED_FACE('',(#11369),#11361,.T.);
#11371=CARTESIAN_POINT('',(-2.1E0,-2.855119346322E0,7.879981891249E0));
#11372=DIRECTION('',(1.E0,-1.530383209350E-14,0.E0));
#11373=DIRECTION('',(0.E0,-2.636291895114E-14,-1.E0));
#11374=AXIS2_PLACEMENT_3D('',#11371,#11372,#11373);
#11375=PLANE('',#11374);
#11376=ORIENTED_EDGE('',*,*,#11319,.F.);
#11377=ORIENTED_EDGE('',*,*,#11338,.T.);
#11379=ORIENTED_EDGE('',*,*,#11378,.T.);
#11380=ORIENTED_EDGE('',*,*,#11363,.F.);
#11381=EDGE_LOOP('',(#11376,#11377,#11379,#11380));
#11382=FACE_OUTER_BOUND('',#11381,.F.);
#11383=ADVANCED_FACE('',(#11382),#11375,.T.);
#11384=CARTESIAN_POINT('',(4.983263320504E-14,3.244880653678E0,
-8.620681834714E-14));
#11385=DIRECTION('',(1.530383209350E-14,1.E0,-2.636291895114E-14));
#11386=DIRECTION('',(-1.E0,1.530383209350E-14,0.E0));
#11387=AXIS2_PLACEMENT_3D('',#11384,#11385,#11386);
#11388=PLANE('',#11387);
#11389=ORIENTED_EDGE('',*,*,#11336,.F.);
#11390=ORIENTED_EDGE('',*,*,#11351,.F.);
#11391=ORIENTED_EDGE('',*,*,#11365,.F.);
#11392=ORIENTED_EDGE('',*,*,#11378,.F.);
#11393=EDGE_LOOP('',(#11389,#11390,#11391,#11392));
#11394=FACE_OUTER_BOUND('',#11393,.F.);
#11395=ADVANCED_FACE('',(#11394),#11388,.T.);
#11398=FILL_AREA_STYLE_COLOUR('',#8);
#11399=FILL_AREA_STYLE('',(#11398));
#11400=SURFACE_STYLE_FILL_AREA(#11399);
#11401=SURFACE_SIDE_STYLE('',(#11400));
#11402=SURFACE_STYLE_USAGE(.POSITIVE.,#11401);
#11403=PRESENTATION_STYLE_ASSIGNMENT((#11402));
#11211=STYLED_ITEM('',(#11403),#11397);
#11405=DIRECTION('',(1.E0,-1.554312234475E-14,0.E0));
#11406=VECTOR('',#11405,8.E-1);
#11407=CARTESIAN_POINT('',(-2.9E0,-2.855119346322E0,4.679981891249E0));
#11408=LINE('',#11407,#11406);
#11409=CURVE_STYLE('',#21,POSITIVE_LENGTH_MEASURE(2.E-2),#8);
#11410=PRESENTATION_STYLE_ASSIGNMENT((#11409));
#11411=STYLED_ITEM('',(#11410),#11408);
#11412=DIRECTION('',(0.E0,-2.812564995717E-14,-1.E0));
#11413=VECTOR('',#11412,3.E-1);
#11414=CARTESIAN_POINT('',(-2.1E0,-2.855119346322E0,4.679981891249E0));
#11415=LINE('',#11414,#11413);
#11416=CURVE_STYLE('',#21,POSITIVE_LENGTH_MEASURE(2.E-2),#8);
#11417=PRESENTATION_STYLE_ASSIGNMENT((#11416));
#11418=STYLED_ITEM('',(#11417),#11415);
#11419=DIRECTION('',(-1.E0,1.554312234475E-14,0.E0));
#11420=VECTOR('',#11419,8.E-1);
#11421=CARTESIAN_POINT('',(-2.1E0,-2.855119346322E0,4.379981891249E0));
#11422=LINE('',#11421,#11420);
#11423=CURVE_STYLE('',#21,POSITIVE_LENGTH_MEASURE(2.E-2),#8);
#11424=PRESENTATION_STYLE_ASSIGNMENT((#11423));
#11425=STYLED_ITEM('',(#11424),#11422);
#11426=DIRECTION('',(0.E0,2.812564995717E-14,1.E0));
#11427=VECTOR('',#11426,3.E-1);
#11428=CARTESIAN_POINT('',(-2.9E0,-2.855119346322E0,4.379981891249E0));
#11429=LINE('',#11428,#11427);
#11430=CURVE_STYLE('',#21,POSITIVE_LENGTH_MEASURE(2.E-2),#8);
#11431=PRESENTATION_STYLE_ASSIGNMENT((#11430));
#11432=STYLED_ITEM('',(#11431),#11429);
#11433=DIRECTION('',(1.536111857022E-14,1.E0,-2.635414655176E-14));
#11434=VECTOR('',#11433,6.1E0);
#11435=CARTESIAN_POINT('',(-2.9E0,-2.855119346322E0,4.679981891249E0));
#11436=LINE('',#11435,#11434);
#11437=CURVE_STYLE('',#21,POSITIVE_LENGTH_MEASURE(2.E-2),#8);
#11438=PRESENTATION_STYLE_ASSIGNMENT((#11437));
#11439=STYLED_ITEM('',(#11438),#11436);
#11440=DIRECTION('',(1.536111857022E-14,1.E0,-2.620854353213E-14));
#11441=VECTOR('',#11440,6.1E0);
#11442=CARTESIAN_POINT('',(-2.9E0,-2.855119346322E0,4.379981891249E0));
#11443=LINE('',#11442,#11441);
#11444=CURVE_STYLE('',#21,POSITIVE_LENGTH_MEASURE(2.E-2),#8);
#11445=PRESENTATION_STYLE_ASSIGNMENT((#11444));
#11446=STYLED_ITEM('',(#11445),#11443);
#11447=DIRECTION('',(1.528831706041E-14,1.E0,-2.620854353213E-14));
#11448=VECTOR('',#11447,6.1E0);
#11449=CARTESIAN_POINT('',(-2.1E0,-2.855119346322E0,4.379981891249E0));
#11450=LINE('',#11449,#11448);
#11451=CURVE_STYLE('',#21,POSITIVE_LENGTH_MEASURE(2.E-2),#8);
#11452=PRESENTATION_STYLE_ASSIGNMENT((#11451));
#11453=STYLED_ITEM('',(#11452),#11450);
#11454=DIRECTION('',(1.528831706041E-14,1.E0,-2.635414655176E-14));
#11455=VECTOR('',#11454,6.1E0);
#11456=CARTESIAN_POINT('',(-2.1E0,-2.855119346322E0,4.679981891249E0));
#11457=LINE('',#11456,#11455);
#11458=CURVE_STYLE('',#21,POSITIVE_LENGTH_MEASURE(2.E-2),#8);
#11459=PRESENTATION_STYLE_ASSIGNMENT((#11458));
#11460=STYLED_ITEM('',(#11459),#11457);
#11461=DIRECTION('',(1.E0,-1.554312234475E-14,0.E0));
#11462=VECTOR('',#11461,8.E-1);
#11463=CARTESIAN_POINT('',(-2.9E0,3.244880653678E0,4.679981891249E0));
#11464=LINE('',#11463,#11462);
#11465=CURVE_STYLE('',#21,POSITIVE_LENGTH_MEASURE(2.E-2),#8);
#11466=PRESENTATION_STYLE_ASSIGNMENT((#11465));
#11467=STYLED_ITEM('',(#11466),#11464);
#11468=DIRECTION('',(0.E0,2.812564995717E-14,1.E0));
#11469=VECTOR('',#11468,3.E-1);
#11470=CARTESIAN_POINT('',(-2.9E0,3.244880653678E0,4.379981891249E0));
#11471=LINE('',#11470,#11469);
#11472=CURVE_STYLE('',#21,POSITIVE_LENGTH_MEASURE(2.E-2),#8);
#11473=PRESENTATION_STYLE_ASSIGNMENT((#11472));
#11474=STYLED_ITEM('',(#11473),#11471);
#11475=DIRECTION('',(-1.E0,1.554312234475E-14,0.E0));
#11476=VECTOR('',#11475,8.E-1);
#11477=CARTESIAN_POINT('',(-2.1E0,3.244880653678E0,4.379981891249E0));
#11478=LINE('',#11477,#11476);
#11479=CURVE_STYLE('',#21,POSITIVE_LENGTH_MEASURE(2.E-2),#8);
#11480=PRESENTATION_STYLE_ASSIGNMENT((#11479));
#11481=STYLED_ITEM('',(#11480),#11478);
#11482=DIRECTION('',(0.E0,-2.812564995717E-14,-1.E0));
#11483=VECTOR('',#11482,3.E-1);
#11484=CARTESIAN_POINT('',(-2.1E0,3.244880653678E0,4.679981891249E0));
#11485=LINE('',#11484,#11483);
#11486=CURVE_STYLE('',#21,POSITIVE_LENGTH_MEASURE(2.E-2),#8);
#11487=PRESENTATION_STYLE_ASSIGNMENT((#11486));
#11488=STYLED_ITEM('',(#11487),#11485);
#11489=CARTESIAN_POINT('',(-2.9E0,-2.855119346322E0,4.679981891249E0));
#11490=CARTESIAN_POINT('',(-2.1E0,-2.855119346322E0,4.679981891249E0));
#11491=VERTEX_POINT('',#11489);
#11492=VERTEX_POINT('',#11490);
#11493=CARTESIAN_POINT('',(-2.1E0,-2.855119346322E0,4.379981891249E0));
#11494=VERTEX_POINT('',#11493);
#11495=CARTESIAN_POINT('',(-2.9E0,-2.855119346322E0,4.379981891249E0));
#11496=VERTEX_POINT('',#11495);
#11497=CARTESIAN_POINT('',(-2.9E0,3.244880653678E0,4.679981891249E0));
#11498=CARTESIAN_POINT('',(-2.1E0,3.244880653678E0,4.679981891249E0));
#11499=VERTEX_POINT('',#11497);
#11500=VERTEX_POINT('',#11498);
#11501=CARTESIAN_POINT('',(-2.1E0,3.244880653678E0,4.379981891249E0));
#11502=VERTEX_POINT('',#11501);
#11503=CARTESIAN_POINT('',(-2.9E0,3.244880653678E0,4.379981891249E0));
#11504=VERTEX_POINT('',#11503);
#11505=CARTESIAN_POINT('',(-4.352074256531E-14,-2.855119346322E0,
7.460698725481E-14));
#11506=DIRECTION('',(1.530383209350E-14,1.E0,-2.636291895114E-14));
#11507=DIRECTION('',(-1.E0,1.530383209350E-14,0.E0));
#11508=AXIS2_PLACEMENT_3D('',#11505,#11506,#11507);
#11509=PLANE('',#11508);
#11511=ORIENTED_EDGE('',*,*,#11510,.T.);
#11513=ORIENTED_EDGE('',*,*,#11512,.T.);
#11515=ORIENTED_EDGE('',*,*,#11514,.T.);
#11517=ORIENTED_EDGE('',*,*,#11516,.T.);
#11518=EDGE_LOOP('',(#11511,#11513,#11515,#11517));
#11519=FACE_OUTER_BOUND('',#11518,.F.);
#11520=ADVANCED_FACE('',(#11519),#11509,.F.);
#11521=CARTESIAN_POINT('',(-2.9E0,-2.855119346322E0,4.679981891249E0));
#11522=DIRECTION('',(0.E0,2.636291895114E-14,1.E0));
#11523=DIRECTION('',(1.E0,-1.530383209350E-14,0.E0));
#11524=AXIS2_PLACEMENT_3D('',#11521,#11522,#11523);
#11525=PLANE('',#11524);
#11526=ORIENTED_EDGE('',*,*,#11510,.F.);
#11528=ORIENTED_EDGE('',*,*,#11527,.T.);
#11530=ORIENTED_EDGE('',*,*,#11529,.T.);
#11532=ORIENTED_EDGE('',*,*,#11531,.F.);
#11533=EDGE_LOOP('',(#11526,#11528,#11530,#11532));
#11534=FACE_OUTER_BOUND('',#11533,.F.);
#11535=ADVANCED_FACE('',(#11534),#11525,.T.);
#11536=CARTESIAN_POINT('',(-2.9E0,-2.855119346322E0,4.379981891249E0));
#11537=DIRECTION('',(-1.E0,1.530383209350E-14,0.E0));
#11538=DIRECTION('',(0.E0,2.636291895114E-14,1.E0));
#11539=AXIS2_PLACEMENT_3D('',#11536,#11537,#11538);
#11540=PLANE('',#11539);
#11541=ORIENTED_EDGE('',*,*,#11516,.F.);
#11543=ORIENTED_EDGE('',*,*,#11542,.T.);
#11545=ORIENTED_EDGE('',*,*,#11544,.T.);
#11546=ORIENTED_EDGE('',*,*,#11527,.F.);
#11547=EDGE_LOOP('',(#11541,#11543,#11545,#11546));
#11548=FACE_OUTER_BOUND('',#11547,.F.);
#11549=ADVANCED_FACE('',(#11548),#11540,.T.);
#11550=CARTESIAN_POINT('',(-2.1E0,-2.855119346322E0,4.379981891249E0));
#11551=DIRECTION('',(0.E0,-2.636291895114E-14,-1.E0));
#11552=DIRECTION('',(-1.E0,1.530383209350E-14,0.E0));
#11553=AXIS2_PLACEMENT_3D('',#11550,#11551,#11552);
#11554=PLANE('',#11553);
#11555=ORIENTED_EDGE('',*,*,#11514,.F.);
#11557=ORIENTED_EDGE('',*,*,#11556,.T.);
#11559=ORIENTED_EDGE('',*,*,#11558,.T.);
#11560=ORIENTED_EDGE('',*,*,#11542,.F.);
#11561=EDGE_LOOP('',(#11555,#11557,#11559,#11560));
#11562=FACE_OUTER_BOUND('',#11561,.F.);
#11563=ADVANCED_FACE('',(#11562),#11554,.T.);
#11564=CARTESIAN_POINT('',(-2.1E0,-2.855119346322E0,4.679981891249E0));
#11565=DIRECTION('',(1.E0,-1.530383209350E-14,0.E0));
#11566=DIRECTION('',(0.E0,-2.636291895114E-14,-1.E0));
#11567=AXIS2_PLACEMENT_3D('',#11564,#11565,#11566);
#11568=PLANE('',#11567);
#11569=ORIENTED_EDGE('',*,*,#11512,.F.);
#11570=ORIENTED_EDGE('',*,*,#11531,.T.);
#11572=ORIENTED_EDGE('',*,*,#11571,.T.);
#11573=ORIENTED_EDGE('',*,*,#11556,.F.);
#11574=EDGE_LOOP('',(#11569,#11570,#11572,#11573));
#11575=FACE_OUTER_BOUND('',#11574,.F.);
#11576=ADVANCED_FACE('',(#11575),#11568,.T.);
#11577=CARTESIAN_POINT('',(4.983263320504E-14,3.244880653678E0,
-8.620681834714E-14));
#11578=DIRECTION('',(1.530383209350E-14,1.E0,-2.636291895114E-14));
#11579=DIRECTION('',(-1.E0,1.530383209350E-14,0.E0));
#11580=AXIS2_PLACEMENT_3D('',#11577,#11578,#11579);
#11581=PLANE('',#11580);
#11582=ORIENTED_EDGE('',*,*,#11529,.F.);
#11583=ORIENTED_EDGE('',*,*,#11544,.F.);
#11584=ORIENTED_EDGE('',*,*,#11558,.F.);
#11585=ORIENTED_EDGE('',*,*,#11571,.F.);
#11586=EDGE_LOOP('',(#11582,#11583,#11584,#11585));
#11587=FACE_OUTER_BOUND('',#11586,.F.);
#11588=ADVANCED_FACE('',(#11587),#11581,.T.);
#11591=FILL_AREA_STYLE_COLOUR('',#8);
#11592=FILL_AREA_STYLE('',(#11591));
#11593=SURFACE_STYLE_FILL_AREA(#11592);
#11594=SURFACE_SIDE_STYLE('',(#11593));
#11595=SURFACE_STYLE_USAGE(.POSITIVE.,#11594);
#11596=PRESENTATION_STYLE_ASSIGNMENT((#11595));
#11404=STYLED_ITEM('',(#11596),#11590);
#11598=DIMENSIONAL_EXPONENTS(0.E0,0.E0,0.E0,0.E0,0.E0,0.E0,0.E0);
#11600=PLANE_ANGLE_MEASURE_WITH_UNIT(PLANE_ANGLE_MEASURE(1.745329251994E-2),
#11599);
#11601=(CONVERSION_BASED_UNIT('DEGREE',#11600)NAMED_UNIT(*)PLANE_ANGLE_UNIT());
#11603=UNCERTAINTY_MEASURE_WITH_UNIT(LENGTH_MEASURE(2.443379510887E-3),#11597,
'closure',
'Maximum model space distance between geometric entities at asserted connectivities');
#11604=(GEOMETRIC_REPRESENTATION_CONTEXT(3)GLOBAL_UNCERTAINTY_ASSIGNED_CONTEXT((
#11603))GLOBAL_UNIT_ASSIGNED_CONTEXT((#11597,#11601,#11602))REPRESENTATION_CONTEXT('ID2','3'));
#11605=CARTESIAN_POINT('',(0.E0,0.E0,0.E0));
#11606=DIRECTION('',(0.E0,0.E0,1.E0));
#11607=DIRECTION('',(1.E0,0.E0,0.E0));
#11610=MECHANICAL_CONTEXT('',#2295,'mechanical');
#11611=PRODUCT('USB_2_0_TYPE_B_CONNECTOR_RIGH_2',
'USB_2_0_TYPE_B_CONNECTOR_RIGH_2','NOT SPECIFIED',(#11610));
#11612=PRODUCT_DEFINITION_FORMATION_WITH_SPECIFIED_SOURCE('3','LAST_VERSION',
#11611,.MADE.);
#11618=CARTESIAN_POINT('',(0.E0,0.E0,0.E0));
#11619=DIRECTION('',(0.E0,0.E0,1.E0));
#11620=DIRECTION('',(1.E0,0.E0,0.E0));
#11621=AXIS2_PLACEMENT_3D('',#11618,#11619,#11620);
#11622=ITEM_DEFINED_TRANSFORMATION('','',#11608,#11621);
#11623=(REPRESENTATION_RELATIONSHIP('','',#11609,#2306)REPRESENTATION_RELATIONSHIP_WITH_TRANSFORMATION(#11622)SHAPE_REPRESENTATION_RELATIONSHIP());
#11624=CONTEXT_DEPENDENT_SHAPE_REPRESENTATION(#11623,#11617);
#11626=DIMENSIONAL_EXPONENTS(0.E0,0.E0,0.E0,0.E0,0.E0,0.E0,0.E0);
#11628=PLANE_ANGLE_MEASURE_WITH_UNIT(PLANE_ANGLE_MEASURE(1.745329251994E-2),
#11627);
#11629=(CONVERSION_BASED_UNIT('DEGREE',#11628)NAMED_UNIT(*)PLANE_ANGLE_UNIT());
#11631=UNCERTAINTY_MEASURE_WITH_UNIT(LENGTH_MEASURE(2.512351107670E-3),#11625,
'closure',
'Maximum model space distance between geometric entities at asserted connectivities');
#11632=(GEOMETRIC_REPRESENTATION_CONTEXT(3)GLOBAL_UNCERTAINTY_ASSIGNED_CONTEXT((
#11631))GLOBAL_UNIT_ASSIGNED_CONTEXT((#11625,#11629,#11630))REPRESENTATION_CONTEXT('ID3','3'));
#11633=CARTESIAN_POINT('',(0.E0,0.E0,0.E0));
#11634=DIRECTION('',(0.E0,0.E0,1.E0));
#11635=DIRECTION('',(1.E0,0.E0,0.E0));
#11637=MECHANICAL_DESIGN_GEOMETRIC_PRESENTATION_REPRESENTATION('',(#24,#32,#39,
#47,#55,#62,#70,#77,#84,#92,#100,#107,#114,#121,#128,#135,#142,#149,#157,#164,
#172,#179,#186,#193,#202,#211,#219,#227,#236,#245,#253,#260,#268,#276,#283,#291,
#298,#305,#312,#319,#326,#333,#340,#347,#354,#361,#368,#375,#382,#389,#397,#404,
#412,#419,#426,#433,#440,#447,#454,#461,#468,#475,#482,#489,#496,#504,#511,#519,
#526,#533,#541,#548,#556,#563,#570,#577,#584,#591,#598,#605,#612,#619,#626,#633,
#640,#647,#654,#661,#668,#675,#682,#689,#696,#703,#710,#717,#725,#733,#741,#749,
#757,#765,#772,#779,#786,#793,#800,#807,#814,#822,#829,#837,#844,#852,#859,#867,
#874,#881,#888,#895,#902,#910,#918,#926,#933,#940,#947,#955,#963,#971,#978,#985,
#992,#999,#1006,#1013,#1246,#1268,#1291,#1312,#1376,#1399,#1421,#1443,#1464,
#1484,#1503,#1524,#1544,#1564,#1584,#1604,#1624,#1647,#1668,#1691,#1711,#1731,
#1751,#1771,#1791,#1811,#1831,#1850,#1872,#1894,#1915,#1936,#1956,#1975,#16,
#2324,#2331,#2338,#2345,#2352,#2359,#2366,#2373,#2380,#2387,#2394,#2401,#2408,
#2415,#2422,#2429,#2436,#2444,#2451,#2458,#2465,#2472,#2479,#2487,#2494,#2501,
#2508,#2515,#2522,#2529,#2537,#2544,#2551,#2559,#2566,#2573,#2580,#2587,#2594,
#2601,#2608,#2615,#2622,#2629,#2636,#2643,#2650,#2657,#2664,#2671,#2678,#2685,
#2692,#2699,#2706,#2713,#2720,#2727,#2734,#2741,#2748,#2755,#2762,#2769,#2776,
#2783,#2790,#2797,#2804,#2811,#2818,#2825,#2832,#2839,#2846,#2853,#2860,#2867,
#2874,#2881,#2888,#2895,#2902,#2909,#2916,#2923,#2930,#2937,#2944,#2951,#2958,
#2965,#2972,#2979,#2986,#2993,#3000,#3007,#3014,#3021,#3028,#3035,#3042,#3049,
#3056,#3063,#3070,#3077,#3084,#3091,#3098,#3105,#3112,#3119,#3126,#3133,#3140,
#3147,#3154,#3161,#3168,#3175,#3182,#3189,#3196,#3203,#3210,#3217,#3224,#3231,
#3238,#3245,#3252,#3259,#3266,#3273,#3280,#3287,#3294,#3301,#3308,#3315,#3322,
#3329,#3336,#3343,#3350,#3357,#3364,#3371,#3378,#3385,#3392,#3399,#3406,#3413,
#3420,#3427,#3434,#3441,#3448,#3455,#3462,#3469,#3476,#3483,#3490,#3497,#3504,
#3513,#3520,#3529,#3540,#3549,#3558,#3568,#3577,#3584,#3593,#3602,#3611,#3619,
#3626,#3634,#3643,#3652,#3661,#3672,#3683,#3695,#3704,#3713,#3720,#3729,#3738,
#3749,#3758,#3766,#3773,#3780,#3787,#3794,#3801,#3808,#3815,#3822,#3829,#3836,
#3843,#3850,#3857,#3864,#3871,#3878,#3885,#3892,#3899,#3906,#3913,#3920,#3927,
#3934,#3941,#3948,#3955,#3962,#3969,#3976,#3983,#3990,#3997,#4004,#4011,#4018,
#4025,#4032,#4039,#4046,#4053,#4060,#4067,#4074,#4081,#4088,#4095,#4102,#4109,
#4116,#4123,#4130,#4137,#4144,#4151,#4158,#4165,#4172,#4179,#4186,#4193,#4200,
#4207,#4214,#4221,#4228,#4235,#4242,#4249,#4256,#4263,#4270,#4277,#4284,#4291,
#4298,#4305,#4312,#4319,#4326,#4333,#4340,#4347,#4354,#4361,#4368,#4375,#4382,
#4389,#4396,#4403,#4410,#4417,#4424,#4431,#4438,#4445,#4452,#4459,#4466,#4473,
#4480,#4487,#4494,#4501,#4508,#4515,#4522,#4529,#4536,#4543,#4550,#4557,#4564,
#4571,#4578,#4585,#4592,#4599,#4606,#4613,#4620,#4627,#4634,#4641,#4648,#4655,
#4662,#4669,#4676,#4683,#4690,#4697,#4704,#4711,#4718,#4725,#4732,#4739,#4746,
#4753,#4760,#4767,#4774,#4781,#4788,#4795,#4802,#4809,#4816,#4823,#4830,#4837,
#4844,#4851,#4858,#4865,#4872,#4879,#4886,#4893,#4900,#4907,#4914,#4921,#4928,
#4935,#4942,#4949,#4956,#4963,#4970,#4977,#4984,#4991,#4998,#5007,#5016,#5025,
#5033,#5040,#5048,#5057,#5066,#5075,#5082,#5091,#5101,#5110,#5119,#5130,#5139,
#5146,#5153,#5160,#5167,#5174,#5181,#5188,#5195,#5202,#5209,#5216,#5223,#5230,
#5237,#5244,#5251,#5258,#5269,#5278,#5285,#5292,#5299,#5306,#5313,#5320,#5327,
#5334,#5341,#5348,#5355,#5362,#5369,#5376,#5383,#5390,#5397,#5404,#5411,#5419,
#5428,#5439,#5448,#5457,#5464,#5473,#5482,#5494,#5505,#5512,#5519,#5526,#5533,
#5540,#5547,#5554,#5561,#5568,#5575,#5582,#5589,#5596,#5603,#5610,#5617,#5624,
#5631,#5638,#5645,#5652,#5659,#5666,#5673,#5680,#5687,#5694,#5701,#5708,#5715,
#5722,#5729,#5736,#5743,#5750,#5757,#5764,#5771,#5778,#5785,#5792,#5799,#5806,
#5813,#5820,#5827,#5834,#5841,#5848,#5855,#5862,#5869,#5876,#6496,#6518,#6541,
#6592,#6642,#6680,#6701,#6741,#6763,#6799,#6820,#6865,#6886,#6931,#6952,#6997,
#7017,#7037,#7057,#7077,#7097,#7117,#7137,#7169,#7189,#7209,#7229,#7249,#7269,
#7288,#7308,#7328,#7348,#7368,#7388,#7407,#7427,#7447,#7467,#7487,#7507,#7526,
#7546,#7585,#7623,#7644,#7681,#7701,#7882,#7904,#7925,#7946,#7968,#7987,#8007,
#8029,#8050,#8070,#8091,#8111,#8132,#8154,#8173,#8192,#8213,#8233,#8253,#8272,
#8306,#8341,#8361,#8395,#8414,#8444,#8464,#8484,#8504,#8534,#8565,#8595,#8615,
#8635,#8655,#8684,#8706,#8727,#8748,#8768,#8787,#8809,#8830,#8851,#8871,#8890,
#8910,#8932,#8953,#8975,#8994,#9014,#9033,#9055,#9076,#9097,#9117,#9136,#9158,
#9179,#9200,#9220,#9239,#9250,#9270,#9281,#9300,#9311,#9330,#9340,#9359,#9380,
#9390,#9409,#9420,#9439,#9450,#9469,#9480,#9499,#9520,#9531,#9550,#9562,#9581,
#9592,#9611,#9622,#9641,#9654,#9673,#9684,#9703,#9723,#9755,#9777,#9790,#9809,
#9830,#9841,#9860,#9881,#9902,#9922,#9944,#9966,#9976,#9995,#10006,#10025,
#10038,#10057,#10068,#10087,#10098,#10117,#10138,#10149,#10168,#10179,#10198,
#10212,#10231,#10244,#10263,#10284,#10304,#10332,#10354,#10375,#10396,#10417,
#10438,#10459,#10480,#10501,#10522,#10543,#10563,#10597,#10619,#10639,#10659,
#10678,#10698,#10718,#10738,#10757,#10777,#10797,#10816,#2317,#10832,#10839,
#10846,#10853,#10860,#10867,#10874,#10881,#10888,#10895,#10902,#10909,#10825,
#11025,#11032,#11039,#11046,#11053,#11060,#11067,#11074,#11081,#11088,#11095,
#11102,#11018,#11218,#11225,#11232,#11239,#11246,#11253,#11260,#11267,#11274,
#11281,#11288,#11295,#11211,#11411,#11418,#11425,#11432,#11439,#11446,#11453,
#11460,#11467,#11474,#11481,#11488,#11404),#11632);
#11638=DESIGN_CONTEXT('',#2295,'design');
#11639=MECHANICAL_CONTEXT('',#2295,'mechanical');
#11640=PRODUCT('USB_2_0_TYPE_B_CONNECTOR_RIGHT_',
'USB_2_0_TYPE_B_CONNECTOR_RIGHT_','NOT SPECIFIED',(#11639));
#11641=PRODUCT_DEFINITION_FORMATION_WITH_SPECIFIED_SOURCE('6','LAST_VERSION',
#11640,.MADE.);
#11643=PRODUCT_CATEGORY('part','');
#11644=PRODUCT_RELATED_PRODUCT_CATEGORY('assembly','',(#11640));
#11645=PRODUCT_CATEGORY_RELATIONSHIP('','',#11643,#11644);
#11646=PRODUCT_CATEGORY('part','');
#11647=PRODUCT_RELATED_PRODUCT_CATEGORY('detail','',(#2299,#11611));
#11648=PRODUCT_CATEGORY_RELATIONSHIP('','',#11646,#11647);
#11649=SECURITY_CLASSIFICATION_LEVEL('unclassified');
#11650=SECURITY_CLASSIFICATION('','',#11649);
#11651=CC_DESIGN_SECURITY_CLASSIFICATION(#11650,(#2300,#11612,#11641,#2307,
#11616));
#11652=APPROVAL_STATUS('approved');
#11653=APPROVAL(#11652,'');
#11654=CC_DESIGN_APPROVAL(#11653,(#11650,#2300,#11612,#11641,#2301,#11613,
#11642));
#11655=CALENDAR_DATE(122,22,6);
#11656=COORDINATED_UNIVERSAL_TIME_OFFSET(8,0,.AHEAD.);
#11657=LOCAL_TIME(10,41,1.3E1,#11656);
#11658=DATE_AND_TIME(#11655,#11657);
#11659=APPROVAL_DATE_TIME(#11658,#11653);
#11660=DATE_TIME_ROLE('creation_date');
#11661=CC_DESIGN_DATE_AND_TIME_ASSIGNMENT(#11658,#11660,(#2301,#11613,#11642));
#11662=DATE_TIME_ROLE('classification_date');
#11663=CC_DESIGN_DATE_AND_TIME_ASSIGNMENT(#11658,#11662,(#11650));
#11664=PERSON('UNSPECIFIED','UNSPECIFIED',$,$,$,$);
#11665=ORGANIZATION('UNSPECIFIED','UNSPECIFIED','UNSPECIFIED');
#11666=PERSON_AND_ORGANIZATION(#11664,#11665);
#11667=APPROVAL_ROLE('approver');
#11668=APPROVAL_PERSON_ORGANIZATION(#11666,#11653,#11667);
#11669=PERSON_AND_ORGANIZATION_ROLE('creator');
#11670=CC_DESIGN_PERSON_AND_ORGANIZATION_ASSIGNMENT(#11666,#11669,(#2300,#11612,
#11641,#2301,#11613,#11642));
#11671=PERSON_AND_ORGANIZATION_ROLE('design_supplier');
#11672=CC_DESIGN_PERSON_AND_ORGANIZATION_ASSIGNMENT(#11666,#11671,(#2300,#11612,
#11641));
#11673=PERSON_AND_ORGANIZATION_ROLE('classification_officer');
#11674=CC_DESIGN_PERSON_AND_ORGANIZATION_ASSIGNMENT(#11666,#11673,(#11650));
#11675=PERSON_AND_ORGANIZATION_ROLE('design_owner');
#11676=CC_DESIGN_PERSON_AND_ORGANIZATION_ASSIGNMENT(#11666,#11675,(#11640,#2299,
#11611));
#1=DRAUGHTING_PRE_DEFINED_COLOUR('green');
#2=COLOUR_RGB('',1.1E-2,1.2E-2,1.E0);
#3=COLOUR_RGB('',4.1E-1,2.61589E-1,1.12848E-1);
#4=COLOUR_RGB('',5.04854E-1,1.5455E-2,1.5455E-2);
#5=COLOUR_RGB('',6.35294E-1,6.86275E-1,7.4902E-1);
#6=COLOUR_RGB('',6.40777E-1,6.40777E-1,6.40777E-1);
#7=COLOUR_RGB('',6.69062E-1,6.69903E-1,6.55217E-1);
#8=COLOUR_RGB('',8.000000119210E-1,8.000000119210E-1,8.000000119210E-1);
#9=COLOUR_RGB('',9.21569E-1,7.05882E-1,4.70588E-1);
#10=DRAUGHTING_PRE_DEFINED_COLOUR('red');
#11=DRAUGHTING_PRE_DEFINED_COLOUR('yellow');
#12=COLOUR_RGB('',1.E0,1.E0,5.3E-1);
#13=COLOUR_RGB('',1.E0,1.E0,9.49E-1);
#14=DRAUGHTING_PRE_DEFINED_COLOUR('white');
#15=COLOUR_RGB('',7.450980544090E-1,7.372549176220E-1,7.294117808340E-1);
#29=CIRCLE('',#28,1.E-1);
#44=CIRCLE('',#43,1.E-1);
#52=CIRCLE('',#51,1.E-1);
#67=CIRCLE('',#66,1.E-1);
#89=CIRCLE('',#88,1.E-1);
#97=CIRCLE('',#96,1.E-1);
#154=CIRCLE('',#153,9.999999999999E-3);
#169=CIRCLE('',#168,3.1E-1);
#199=B_SPLINE_CURVE_WITH_KNOTS('',3,(#194,#195,#196,#197,#198),.UNSPECIFIED.,
.F.,.F.,(4,1,4),(0.E0,5.E-1,1.E0),.UNSPECIFIED.);
#208=B_SPLINE_CURVE_WITH_KNOTS('',3,(#203,#204,#205,#206,#207),.UNSPECIFIED.,
.F.,.F.,(4,1,4),(0.E0,5.E-1,1.E0),.UNSPECIFIED.);
#216=CIRCLE('',#215,1.E-1);
#224=CIRCLE('',#223,1.E-1);
#233=B_SPLINE_CURVE_WITH_KNOTS('',3,(#228,#229,#230,#231,#232),.UNSPECIFIED.,
.F.,.F.,(4,1,4),(0.E0,5.E-1,1.E0),.UNSPECIFIED.);
#242=B_SPLINE_CURVE_WITH_KNOTS('',3,(#237,#238,#239,#240,#241),.UNSPECIFIED.,
.F.,.F.,(4,1,4),(0.E0,5.E-1,1.E0),.UNSPECIFIED.);
#250=CIRCLE('',#249,1.E-1);
#265=CIRCLE('',#264,1.E-1);
#273=CIRCLE('',#272,1.E-1);
#288=CIRCLE('',#287,1.E-1);
#394=CIRCLE('',#393,3.1E-1);
#409=CIRCLE('',#408,9.999999999999E-3);
#501=CIRCLE('',#500,9.999999999999E-3);
#516=CIRCLE('',#515,3.1E-1);
#538=CIRCLE('',#537,3.1E-1);
#553=CIRCLE('',#552,9.999999999999E-3);
#722=CIRCLE('',#721,2.E-1);
#730=CIRCLE('',#729,2.E-1);
#738=CIRCLE('',#737,2.E-1);
#746=CIRCLE('',#745,2.E-1);
#754=CIRCLE('',#753,2.E-1);
#762=CIRCLE('',#761,2.E-1);
#819=CIRCLE('',#818,2.E-1);
#834=CIRCLE('',#833,2.E-1);
#849=CIRCLE('',#848,2.E-1);
#864=CIRCLE('',#863,2.E-1);
#907=CIRCLE('',#906,2.E-1);
#915=CIRCLE('',#914,2.E-1);
#923=CIRCLE('',#922,2.E-1);
#952=CIRCLE('',#951,2.E-1);
#960=CIRCLE('',#959,2.E-1);
#968=CIRCLE('',#967,2.E-1);
#1187=EDGE_CURVE('',#1136,#1137,#111,.T.);
#1189=EDGE_CURVE('',#1141,#1136,#118,.T.);
#1191=EDGE_CURVE('',#1139,#1141,#125,.T.);
#1193=EDGE_CURVE('',#1137,#1139,#132,.T.);
#1197=EDGE_CURVE('',#1040,#1041,#139,.T.);
#1199=EDGE_CURVE('',#1073,#1040,#20,.T.);
#1201=EDGE_CURVE('',#1073,#1071,#190,.T.);
#1203=EDGE_CURVE('',#1069,#1071,#29,.T.);
#1205=EDGE_CURVE('',#1067,#1069,#36,.T.);
#1207=EDGE_CURVE('',#1065,#1067,#44,.T.);
#1209=EDGE_CURVE('',#1065,#1063,#616,.T.);
#1211=EDGE_CURVE('',#1061,#1063,#52,.T.);
#1213=EDGE_CURVE('',#1059,#1061,#59,.T.);
#1215=EDGE_CURVE('',#1056,#1059,#67,.T.);
#1217=EDGE_CURVE('',#1056,#1057,#567,.T.);
#1219=EDGE_CURVE('',#1037,#1057,#74,.T.);
#1221=EDGE_CURVE('',#1036,#1037,#530,.T.);
#1223=EDGE_CURVE('',#1053,#1036,#81,.T.);
#1225=EDGE_CURVE('',#1053,#1051,#493,.T.);
#1227=EDGE_CURVE('',#1049,#1051,#89,.T.);
#1229=EDGE_CURVE('',#1049,#1047,#458,.T.);
#1231=EDGE_CURVE('',#1044,#1047,#97,.T.);
#1233=EDGE_CURVE('',#1044,#1045,#423,.T.);
#1235=EDGE_CURVE('',#1041,#1045,#104,.T.);
#1252=EDGE_CURVE('',#1125,#1040,#154,.T.);
#1255=EDGE_CURVE('',#1041,#1115,#409,.T.);
#1257=EDGE_CURVE('',#1115,#1125,#146,.T.);
#1274=EDGE_CURVE('',#1077,#1073,#176,.T.);
#1278=EDGE_CURVE('',#1121,#1125,#161,.T.);
#1280=EDGE_CURVE('',#1077,#1121,#169,.T.);
#1298=EDGE_CURVE('',#1076,#1077,#183,.T.);
#1300=EDGE_CURVE('',#1071,#1076,#644,.T.);
#1318=EDGE_CURVE('',#1160,#1161,#295,.T.);
#1320=EDGE_CURVE('',#1169,#1160,#302,.T.);
#1322=EDGE_CURVE('',#1165,#1169,#309,.T.);
#1324=EDGE_CURVE('',#1161,#1165,#316,.T.);
#1328=EDGE_CURVE('',#1108,#1077,#199,.T.);
#1330=EDGE_CURVE('',#1108,#1109,#330,.T.);
#1332=EDGE_CURVE('',#1105,#1109,#208,.T.);
#1334=EDGE_CURVE('',#1105,#1103,#430,.T.);
#1336=EDGE_CURVE('',#1101,#1103,#216,.T.);
#1338=EDGE_CURVE('',#1101,#1099,#451,.T.);
#1340=EDGE_CURVE('',#1096,#1099,#224,.T.);
#1342=EDGE_CURVE('',#1096,#1097,#486,.T.);
#1344=EDGE_CURVE('',#1032,#1097,#233,.T.);
#1346=EDGE_CURVE('',#1032,#1033,#651,.T.);
#1348=EDGE_CURVE('',#1093,#1033,#242,.T.);
#1350=EDGE_CURVE('',#1093,#1091,#574,.T.);
#1352=EDGE_CURVE('',#1089,#1091,#250,.T.);
#1354=EDGE_CURVE('',#1087,#1089,#257,.T.);
#1356=EDGE_CURVE('',#1085,#1087,#265,.T.);
#1358=EDGE_CURVE('',#1085,#1083,#609,.T.);
#1360=EDGE_CURVE('',#1081,#1083,#273,.T.);
#1362=EDGE_CURVE('',#1079,#1081,#280,.T.);
#1364=EDGE_CURVE('',#1076,#1079,#288,.T.);
#1384=EDGE_CURVE('',#1112,#1121,#323,.T.);
#1386=EDGE_CURVE('',#1112,#1105,#394,.T.);
#1405=EDGE_CURVE('',#1112,#1113,#337,.T.);
#1408=EDGE_CURVE('',#1120,#1121,#344,.T.);
#1410=EDGE_CURVE('',#1113,#1120,#351,.T.);
#1428=EDGE_CURVE('',#1117,#1113,#358,.T.);
#1430=EDGE_CURVE('',#1117,#1115,#379,.T.);
#1432=EDGE_CURVE('',#1115,#1112,#401,.T.);
#1451=EDGE_CURVE('',#1120,#1123,#372,.T.);
#1453=EDGE_CURVE('',#1117,#1123,#365,.T.);
#1472=EDGE_CURVE('',#1125,#1123,#386,.T.);
#1509=EDGE_CURVE('',#1045,#1105,#416,.T.);
#1532=EDGE_CURVE('',#1103,#1044,#437,.T.);
#1552=EDGE_CURVE('',#1047,#1101,#444,.T.);
#1573=EDGE_CURVE('',#1099,#1049,#465,.T.);
#1592=EDGE_CURVE('',#1051,#1096,#472,.T.);
#1610=EDGE_CURVE('',#1097,#1053,#479,.T.);
#1632=EDGE_CURVE('',#1021,#1036,#501,.T.);
#1634=EDGE_CURVE('',#1017,#1021,#508,.T.);
#1636=EDGE_CURVE('',#1097,#1017,#516,.T.);
#1653=EDGE_CURVE('',#1037,#1027,#553,.T.);
#1655=EDGE_CURVE('',#1027,#1021,#523,.T.);
#1674=EDGE_CURVE('',#1057,#1093,#560,.T.);
#1676=EDGE_CURVE('',#1024,#1093,#538,.T.);
#1678=EDGE_CURVE('',#1027,#1024,#545,.T.);
#1699=EDGE_CURVE('',#1091,#1056,#581,.T.);
#1719=EDGE_CURVE('',#1059,#1089,#588,.T.);
#1740=EDGE_CURVE('',#1087,#1061,#595,.T.);
#1759=EDGE_CURVE('',#1063,#1085,#602,.T.);
#1780=EDGE_CURVE('',#1083,#1065,#623,.T.);
#1799=EDGE_CURVE('',#1067,#1081,#630,.T.);
#1820=EDGE_CURVE('',#1079,#1069,#637,.T.);
#1861=EDGE_CURVE('',#1024,#1017,#658,.T.);
#1878=EDGE_CURVE('',#1016,#1017,#665,.T.);
#1880=EDGE_CURVE('',#1016,#1025,#714,.T.);
#1882=EDGE_CURVE('',#1024,#1025,#672,.T.);
#1902=EDGE_CURVE('',#1021,#1019,#686,.T.);
#1904=EDGE_CURVE('',#1016,#1019,#679,.T.);
#1923=EDGE_CURVE('',#1029,#1027,#693,.T.);
#1925=EDGE_CURVE('',#1019,#1029,#700,.T.);
#1943=EDGE_CURVE('',#1029,#1025,#707,.T.);
#1982=EDGE_CURVE('',#1161,#1155,#738,.T.);
#1984=EDGE_CURVE('',#1163,#1155,#989,.T.);
#1986=EDGE_CURVE('',#1163,#1160,#968,.T.);
#1996=EDGE_CURVE('',#1157,#1161,#722,.T.);
#1998=EDGE_CURVE('',#1155,#1157,#730,.T.);
#2010=EDGE_CURVE('',#1165,#1147,#762,.T.);
#2012=EDGE_CURVE('',#1157,#1147,#1010,.T.);
#2023=EDGE_CURVE('',#1149,#1165,#746,.T.);
#2025=EDGE_CURVE('',#1147,#1149,#754,.T.);
#2036=EDGE_CURVE('',#1149,#1167,#776,.T.);
#2040=EDGE_CURVE('',#1169,#1167,#923,.T.);
#2050=EDGE_CURVE('',#1149,#1144,#769,.T.);
#2053=EDGE_CURVE('',#1173,#1167,#783,.T.);
#2055=EDGE_CURVE('',#1144,#1173,#826,.T.);
#2065=EDGE_CURVE('',#1144,#1145,#819,.T.);
#2067=EDGE_CURVE('',#1147,#1145,#996,.T.);
#2081=EDGE_CURVE('',#1172,#1173,#834,.T.);
#2083=EDGE_CURVE('',#1172,#1181,#841,.T.);
#2085=EDGE_CURVE('',#1180,#1181,#849,.T.);
#2087=EDGE_CURVE('',#1180,#1153,#856,.T.);
#2089=EDGE_CURVE('',#1152,#1153,#864,.T.);
#2091=EDGE_CURVE('',#1152,#1145,#871,.T.);
#2095=EDGE_CURVE('',#1128,#1129,#790,.T.);
#2097=EDGE_CURVE('',#1129,#1131,#797,.T.);
#2099=EDGE_CURVE('',#1131,#1133,#804,.T.);
#2101=EDGE_CURVE('',#1133,#1128,#811,.T.);
#2112=EDGE_CURVE('',#1137,#1129,#885,.T.);
#2115=EDGE_CURVE('',#1136,#1128,#878,.T.);
#2126=EDGE_CURVE('',#1139,#1131,#892,.T.);
#2139=EDGE_CURVE('',#1141,#1133,#899,.T.);
#2165=EDGE_CURVE('',#1167,#1175,#915,.T.);
#2167=EDGE_CURVE('',#1172,#1175,#930,.T.);
#2177=EDGE_CURVE('',#1175,#1169,#907,.T.);
#2189=EDGE_CURVE('',#1175,#1177,#937,.T.);
#2193=EDGE_CURVE('',#1160,#1177,#960,.T.);
#2205=EDGE_CURVE('',#1177,#1181,#944,.T.);
#2218=EDGE_CURVE('',#1177,#1163,#952,.T.);
#2220=EDGE_CURVE('',#1163,#1180,#982,.T.);
#2241=EDGE_CURVE('',#1155,#1153,#975,.T.);
#2257=EDGE_CURVE('',#1157,#1152,#1003,.T.);
#2274=CLOSED_SHELL('',(#1239,#1261,#1284,#1305,#1369,#1392,#1414,#1436,#1457,
#1477,#1496,#1517,#1537,#1557,#1577,#1597,#1617,#1640,#1661,#1684,#1704,#1724,
#1744,#1764,#1784,#1804,#1824,#1843,#1865,#1887,#1908,#1929,#1949,#1968,#1990,
#2003,#2017,#2030,#2044,#2059,#2073,#2105,#2119,#2132,#2145,#2157,#2171,#2183,
#2197,#2210,#2224,#2235,#2248,#2261,#2273));
#2275=MANIFOLD_SOLID_BREP('',#2274);
#2282=(LENGTH_UNIT()NAMED_UNIT(*)SI_UNIT(.MILLI.,.METRE.));
#2284=(NAMED_UNIT(*)PLANE_ANGLE_UNIT()SI_UNIT($,.RADIAN.));
#2287=(NAMED_UNIT(*)SI_UNIT($,.STERADIAN.)SOLID_ANGLE_UNIT());
#2293=AXIS2_PLACEMENT_3D('',#2290,#2291,#2292);
#2294=ADVANCED_BREP_SHAPE_REPRESENTATION('',(#2293,#2275),#2289);
#2301=PRODUCT_DEFINITION('design','',#2300,#2297);
#2302=PRODUCT_DEFINITION_SHAPE('','SHAPE FOR USB_2_0_TYPE_B_CONNECTOR_RIGH_1.',
#2301);
#2303=SHAPE_DEFINITION_REPRESENTATION(#2302,#2294);
#2304=SHAPE_DEFINITION_REPRESENTATION(#2305,#2306);
#2305=PRODUCT_DEFINITION_SHAPE('','SHAPE FOR USB_2_0_TYPE_B_CONNECTOR_RIGHT_.',
#11642);
#2306=SHAPE_REPRESENTATION('',(#2312,#11621,#11636),#11632);
#2307=NEXT_ASSEMBLY_USAGE_OCCURRENCE('0','Next assembly relationship',
'USB_2_0_TYPE_B_CONNECTOR_RIGH_1',#11642,#2301,$);
#2308=PRODUCT_DEFINITION_SHAPE('Placement #0',
'Placement of USB_2_0_TYPE_B_CONNECTOR_RIGH_1 with respect to USB_2_0_TYPE_B_CONNECTOR_RIGHT_',#2307);
#2316=COLOUR_RGB('',8.980392217640E-1,8.980392217640E-1,8.980392217640E-1);
#2441=CIRCLE('',#2440,3.1E-1);
#2484=CIRCLE('',#2483,3.1E-1);
#2534=CIRCLE('',#2533,3.1E-1);
#2556=CIRCLE('',#2555,3.1E-1);
#3510=B_SPLINE_CURVE_WITH_KNOTS('',3,(#3505,#3506,#3507,#3508,#3509),
.UNSPECIFIED.,.F.,.F.,(4,1,4),(0.E0,5.E-1,1.E0),.UNSPECIFIED.);
#3526=B_SPLINE_CURVE_WITH_KNOTS('',3,(#3521,#3522,#3523,#3524,#3525),
.UNSPECIFIED.,.F.,.F.,(4,1,4),(0.E0,5.E-1,1.E0),.UNSPECIFIED.);
#3537=B_SPLINE_CURVE_WITH_KNOTS('',3,(#3530,#3531,#3532,#3533,#3534,#3535,
#3536),.UNSPECIFIED.,.F.,.F.,(4,1,1,1,4),(0.E0,2.5E-1,5.E-1,7.5E-1,1.E0),
.UNSPECIFIED.);
#3546=B_SPLINE_CURVE_WITH_KNOTS('',3,(#3541,#3542,#3543,#3544,#3545),
.UNSPECIFIED.,.F.,.F.,(4,1,4),(0.E0,5.E-1,1.E0),.UNSPECIFIED.);
#3555=B_SPLINE_CURVE_WITH_KNOTS('',3,(#3550,#3551,#3552,#3553,#3554),
.UNSPECIFIED.,.F.,.F.,(4,1,4),(0.E0,5.E-1,1.E0),.UNSPECIFIED.);
#3565=B_SPLINE_CURVE_WITH_KNOTS('',3,(#3559,#3560,#3561,#3562,#3563,#3564),
.UNSPECIFIED.,.F.,.F.,(4,1,1,4),(0.E0,3.333333333333E-1,6.666666666667E-1,1.E0),
.UNSPECIFIED.);
#3574=B_SPLINE_CURVE_WITH_KNOTS('',3,(#3569,#3570,#3571,#3572,#3573),
.UNSPECIFIED.,.F.,.F.,(4,1,4),(0.E0,5.E-1,1.E0),.UNSPECIFIED.);
#3590=B_SPLINE_CURVE_WITH_KNOTS('',3,(#3585,#3586,#3587,#3588,#3589),
.UNSPECIFIED.,.F.,.F.,(4,1,4),(0.E0,5.E-1,1.E0),.UNSPECIFIED.);
#3599=B_SPLINE_CURVE_WITH_KNOTS('',3,(#3594,#3595,#3596,#3597,#3598),
.UNSPECIFIED.,.F.,.F.,(4,1,4),(0.E0,5.E-1,1.E0),.UNSPECIFIED.);
#3608=B_SPLINE_CURVE_WITH_KNOTS('',3,(#3603,#3604,#3605,#3606,#3607),
.UNSPECIFIED.,.F.,.F.,(4,1,4),(0.E0,5.E-1,1.E0),.UNSPECIFIED.);
#3616=B_SPLINE_CURVE_WITH_KNOTS('',3,(#3612,#3613,#3614,#3615),.UNSPECIFIED.,
.F.,.F.,(4,4),(0.E0,1.E0),.UNSPECIFIED.);
#3631=B_SPLINE_CURVE_WITH_KNOTS('',3,(#3627,#3628,#3629,#3630),.UNSPECIFIED.,
.F.,.F.,(4,4),(0.E0,1.E0),.UNSPECIFIED.);
#3640=B_SPLINE_CURVE_WITH_KNOTS('',3,(#3635,#3636,#3637,#3638,#3639),
.UNSPECIFIED.,.F.,.F.,(4,1,4),(0.E0,5.E-1,1.E0),.UNSPECIFIED.);
#3649=B_SPLINE_CURVE_WITH_KNOTS('',3,(#3644,#3645,#3646,#3647,#3648),
.UNSPECIFIED.,.F.,.F.,(4,1,4),(0.E0,5.E-1,1.E0),.UNSPECIFIED.);
#3658=B_SPLINE_CURVE_WITH_KNOTS('',3,(#3653,#3654,#3655,#3656,#3657),
.UNSPECIFIED.,.F.,.F.,(4,1,4),(0.E0,5.E-1,1.E0),.UNSPECIFIED.);
#3669=B_SPLINE_CURVE_WITH_KNOTS('',3,(#3662,#3663,#3664,#3665,#3666,#3667,
#3668),.UNSPECIFIED.,.F.,.F.,(4,1,1,1,4),(0.E0,2.5E-1,5.E-1,7.5E-1,1.E0),
.UNSPECIFIED.);
#3680=B_SPLINE_CURVE_WITH_KNOTS('',3,(#3673,#3674,#3675,#3676,#3677,#3678,
#3679),.UNSPECIFIED.,.F.,.F.,(4,1,1,1,4),(0.E0,2.5E-1,5.E-1,7.5E-1,1.E0),
.UNSPECIFIED.);
#3692=B_SPLINE_CURVE_WITH_KNOTS('',3,(#3684,#3685,#3686,#3687,#3688,#3689,#3690,
#3691),.UNSPECIFIED.,.F.,.F.,(4,1,1,1,1,4),(0.E0,3.333333333333E-1,5.E-1,
6.666666666667E-1,8.333333333333E-1,1.E0),.UNSPECIFIED.);
#3701=B_SPLINE_CURVE_WITH_KNOTS('',3,(#3696,#3697,#3698,#3699,#3700),
.UNSPECIFIED.,.F.,.F.,(4,1,4),(0.E0,5.E-1,1.E0),.UNSPECIFIED.);
#3710=B_SPLINE_CURVE_WITH_KNOTS('',3,(#3705,#3706,#3707,#3708,#3709),
.UNSPECIFIED.,.F.,.F.,(4,1,4),(0.E0,5.E-1,1.E0),.UNSPECIFIED.);
#3726=B_SPLINE_CURVE_WITH_KNOTS('',3,(#3721,#3722,#3723,#3724,#3725),
.UNSPECIFIED.,.F.,.F.,(4,1,4),(0.E0,5.E-1,1.E0),.UNSPECIFIED.);
#3735=B_SPLINE_CURVE_WITH_KNOTS('',3,(#3730,#3731,#3732,#3733,#3734),
.UNSPECIFIED.,.F.,.F.,(4,1,4),(0.E0,5.E-1,1.E0),.UNSPECIFIED.);
#3746=B_SPLINE_CURVE_WITH_KNOTS('',3,(#3739,#3740,#3741,#3742,#3743,#3744,
#3745),.UNSPECIFIED.,.F.,.F.,(4,1,1,1,4),(0.E0,2.5E-1,5.E-1,7.5E-1,1.E0),
.UNSPECIFIED.);
#3755=B_SPLINE_CURVE_WITH_KNOTS('',3,(#3750,#3751,#3752,#3753,#3754),
.UNSPECIFIED.,.F.,.F.,(4,1,4),(0.E0,5.E-1,1.E0),.UNSPECIFIED.);
#3763=B_SPLINE_CURVE_WITH_KNOTS('',3,(#3759,#3760,#3761,#3762),.UNSPECIFIED.,
.F.,.F.,(4,4),(0.E0,1.E0),.UNSPECIFIED.);
#5004=B_SPLINE_CURVE_WITH_KNOTS('',3,(#4999,#5000,#5001,#5002,#5003),
.UNSPECIFIED.,.F.,.F.,(4,1,4),(0.E0,5.E-1,1.E0),.UNSPECIFIED.);
#5013=B_SPLINE_CURVE_WITH_KNOTS('',3,(#5008,#5009,#5010,#5011,#5012),
.UNSPECIFIED.,.F.,.F.,(4,1,4),(0.E0,5.E-1,1.E0),.UNSPECIFIED.);
#5022=B_SPLINE_CURVE_WITH_KNOTS('',3,(#5017,#5018,#5019,#5020,#5021),
.UNSPECIFIED.,.F.,.F.,(4,1,4),(0.E0,5.E-1,1.E0),.UNSPECIFIED.);
#5030=B_SPLINE_CURVE_WITH_KNOTS('',3,(#5026,#5027,#5028,#5029),.UNSPECIFIED.,
.F.,.F.,(4,4),(0.E0,1.E0),.UNSPECIFIED.);
#5045=B_SPLINE_CURVE_WITH_KNOTS('',3,(#5041,#5042,#5043,#5044),.UNSPECIFIED.,
.F.,.F.,(4,4),(0.E0,1.E0),.UNSPECIFIED.);
#5054=B_SPLINE_CURVE_WITH_KNOTS('',3,(#5049,#5050,#5051,#5052,#5053),
.UNSPECIFIED.,.F.,.F.,(4,1,4),(0.E0,5.E-1,1.E0),.UNSPECIFIED.);
#5063=B_SPLINE_CURVE_WITH_KNOTS('',3,(#5058,#5059,#5060,#5061,#5062),
.UNSPECIFIED.,.F.,.F.,(4,1,4),(0.E0,5.E-1,1.E0),.UNSPECIFIED.);
#5072=B_SPLINE_CURVE_WITH_KNOTS('',3,(#5067,#5068,#5069,#5070,#5071),
.UNSPECIFIED.,.F.,.F.,(4,1,4),(0.E0,5.E-1,1.E0),.UNSPECIFIED.);
#5088=B_SPLINE_CURVE_WITH_KNOTS('',3,(#5083,#5084,#5085,#5086,#5087),
.UNSPECIFIED.,.F.,.F.,(4,1,4),(0.E0,5.E-1,1.E0),.UNSPECIFIED.);
#5098=B_SPLINE_CURVE_WITH_KNOTS('',3,(#5092,#5093,#5094,#5095,#5096,#5097),
.UNSPECIFIED.,.F.,.F.,(4,1,1,4),(0.E0,3.333333333333E-1,6.666666666667E-1,1.E0),
.UNSPECIFIED.);
#5107=B_SPLINE_CURVE_WITH_KNOTS('',3,(#5102,#5103,#5104,#5105,#5106),
.UNSPECIFIED.,.F.,.F.,(4,1,4),(0.E0,5.E-1,1.E0),.UNSPECIFIED.);
#5116=B_SPLINE_CURVE_WITH_KNOTS('',3,(#5111,#5112,#5113,#5114,#5115),
.UNSPECIFIED.,.F.,.F.,(4,1,4),(0.E0,5.E-1,1.E0),.UNSPECIFIED.);
#5127=B_SPLINE_CURVE_WITH_KNOTS('',3,(#5120,#5121,#5122,#5123,#5124,#5125,
#5126),.UNSPECIFIED.,.F.,.F.,(4,1,1,1,4),(0.E0,2.5E-1,5.E-1,7.5E-1,1.E0),
.UNSPECIFIED.);
#5136=B_SPLINE_CURVE_WITH_KNOTS('',3,(#5131,#5132,#5133,#5134,#5135),
.UNSPECIFIED.,.F.,.F.,(4,1,4),(0.E0,5.E-1,1.E0),.UNSPECIFIED.);
#5266=B_SPLINE_CURVE_WITH_KNOTS('',3,(#5259,#5260,#5261,#5262,#5263,#5264,
#5265),.UNSPECIFIED.,.F.,.F.,(4,1,1,1,4),(0.E0,2.5E-1,5.E-1,7.5E-1,1.E0),
.UNSPECIFIED.);
#5275=B_SPLINE_CURVE_WITH_KNOTS('',3,(#5270,#5271,#5272,#5273,#5274),
.UNSPECIFIED.,.F.,.F.,(4,1,4),(0.E0,5.E-1,1.E0),.UNSPECIFIED.);
#5416=B_SPLINE_CURVE_WITH_KNOTS('',3,(#5412,#5413,#5414,#5415),.UNSPECIFIED.,
.F.,.F.,(4,4),(0.E0,1.E0),.UNSPECIFIED.);
#5425=B_SPLINE_CURVE_WITH_KNOTS('',3,(#5420,#5421,#5422,#5423,#5424),
.UNSPECIFIED.,.F.,.F.,(4,1,4),(0.E0,5.E-1,1.E0),.UNSPECIFIED.);
#5436=B_SPLINE_CURVE_WITH_KNOTS('',3,(#5429,#5430,#5431,#5432,#5433,#5434,
#5435),.UNSPECIFIED.,.F.,.F.,(4,1,1,1,4),(0.E0,2.5E-1,5.E-1,7.5E-1,1.E0),
.UNSPECIFIED.);
#5445=B_SPLINE_CURVE_WITH_KNOTS('',3,(#5440,#5441,#5442,#5443,#5444),
.UNSPECIFIED.,.F.,.F.,(4,1,4),(0.E0,5.E-1,1.E0),.UNSPECIFIED.);
#5454=B_SPLINE_CURVE_WITH_KNOTS('',3,(#5449,#5450,#5451,#5452,#5453),
.UNSPECIFIED.,.F.,.F.,(4,1,4),(0.E0,5.E-1,1.E0),.UNSPECIFIED.);
#5470=B_SPLINE_CURVE_WITH_KNOTS('',3,(#5465,#5466,#5467,#5468,#5469),
.UNSPECIFIED.,.F.,.F.,(4,1,4),(0.E0,5.E-1,1.E0),.UNSPECIFIED.);
#5479=B_SPLINE_CURVE_WITH_KNOTS('',3,(#5474,#5475,#5476,#5477,#5478),
.UNSPECIFIED.,.F.,.F.,(4,1,4),(0.E0,5.E-1,1.E0),.UNSPECIFIED.);
#5491=B_SPLINE_CURVE_WITH_KNOTS('',3,(#5483,#5484,#5485,#5486,#5487,#5488,#5489,
#5490),.UNSPECIFIED.,.F.,.F.,(4,1,1,1,1,4),(0.E0,1.666666666667E-1,
3.333333333333E-1,5.E-1,6.666666666667E-1,1.E0),.UNSPECIFIED.);
#5502=B_SPLINE_CURVE_WITH_KNOTS('',3,(#5495,#5496,#5497,#5498,#5499,#5500,
#5501),.UNSPECIFIED.,.F.,.F.,(4,1,1,1,4),(0.E0,2.5E-1,5.E-1,7.5E-1,1.E0),
.UNSPECIFIED.);
#6479=EDGE_CURVE('',#6431,#6433,#2321,.T.);
#6481=EDGE_CURVE('',#6431,#6053,#2349,.T.);
#6483=EDGE_CURVE('',#6053,#6055,#3459,.T.);
#6485=EDGE_CURVE('',#6055,#6433,#4015,.T.);
#6502=EDGE_CURVE('',#6427,#6431,#2335,.T.);
#6505=EDGE_CURVE('',#6425,#6433,#2328,.T.);
#6507=EDGE_CURVE('',#6425,#6427,#2377,.T.);
#6525=EDGE_CURVE('',#6429,#6427,#2342,.T.);
#6527=EDGE_CURVE('',#6429,#6051,#3987,.T.);
#6529=EDGE_CURVE('',#6051,#6053,#3466,.T.);
#6547=EDGE_CURVE('',#6297,#6299,#2462,.T.);
#6549=EDGE_CURVE('',#6407,#6299,#2356,.T.);
#6551=EDGE_CURVE('',#6405,#6407,#2363,.T.);
#6553=EDGE_CURVE('',#6405,#6297,#5866,.T.);
#6557=EDGE_CURVE('',#6397,#6401,#2370,.T.);
#6559=EDGE_CURVE('',#6397,#6403,#3945,.T.);
#6561=EDGE_CURVE('',#6403,#6429,#3966,.T.);
#6565=EDGE_CURVE('',#6423,#6425,#2384,.T.);
#6567=EDGE_CURVE('',#6421,#6423,#2391,.T.);
#6569=EDGE_CURVE('',#6419,#6421,#2398,.T.);
#6571=EDGE_CURVE('',#6417,#6419,#2405,.T.);
#6573=EDGE_CURVE('',#6417,#6415,#3819,.T.);
#6575=EDGE_CURVE('',#6415,#6413,#3854,.T.);
#6577=EDGE_CURVE('',#6413,#6411,#3875,.T.);
#6579=EDGE_CURVE('',#6409,#6411,#2412,.T.);
#6581=EDGE_CURVE('',#6401,#6409,#2419,.T.);
#6598=EDGE_CURVE('',#6281,#6471,#2426,.T.);
#6600=EDGE_CURVE('',#6470,#6471,#2801,.T.);
#6602=EDGE_CURVE('',#6467,#6470,#2745,.T.);
#6604=EDGE_CURVE('',#6464,#6467,#2724,.T.);
#6606=EDGE_CURVE('',#6464,#6465,#2689,.T.);
#6608=EDGE_CURVE('',#6473,#6465,#2675,.T.);
#6610=EDGE_CURVE('',#6461,#6473,#2619,.T.);
#6612=EDGE_CURVE('',#6460,#6461,#2598,.T.);
#6614=EDGE_CURVE('',#6460,#6285,#2433,.T.);
#6616=EDGE_CURVE('',#6285,#6305,#5803,.T.);
#6618=EDGE_CURVE('',#6303,#6305,#2441,.T.);
#6620=EDGE_CURVE('',#6301,#6303,#2448,.T.);
#6622=EDGE_CURVE('',#6299,#6301,#2455,.T.);
#6625=EDGE_CURVE('',#6295,#6297,#2469,.T.);
#6627=EDGE_CURVE('',#6293,#6295,#2476,.T.);
#6629=EDGE_CURVE('',#6291,#6293,#2484,.T.);
#6631=EDGE_CURVE('',#6291,#6281,#2526,.T.);
#6649=EDGE_CURVE('',#6281,#6279,#2519,.T.);
#6651=EDGE_CURVE('',#6277,#6279,#2491,.T.);
#6653=EDGE_CURVE('',#6277,#6275,#3277,.T.);
#6655=EDGE_CURVE('',#6275,#6273,#2920,.T.);
#6657=EDGE_CURVE('',#6273,#6149,#2899,.T.);
#6659=EDGE_CURVE('',#6149,#6151,#2892,.T.);
#6661=EDGE_CURVE('',#6193,#6151,#2498,.T.);
#6663=EDGE_CURVE('',#6193,#6189,#2857,.T.);
#6665=EDGE_CURVE('',#6161,#6189,#2505,.T.);
#6667=EDGE_CURVE('',#6161,#6156,#2822,.T.);
#6669=EDGE_CURVE('',#6156,#6471,#2808,.T.);
#6686=EDGE_CURVE('',#6279,#6453,#2512,.T.);
#6690=EDGE_CURVE('',#6453,#6291,#5845,.T.);
#6707=EDGE_CURVE('',#6287,#6379,#2563,.T.);
#6709=EDGE_CURVE('',#6379,#6375,#3284,.T.);
#6711=EDGE_CURVE('',#6375,#6277,#3263,.T.);
#6715=EDGE_CURVE('',#6455,#6453,#2534,.T.);
#6717=EDGE_CURVE('',#6457,#6455,#2541,.T.);
#6719=EDGE_CURVE('',#6457,#6405,#5873,.T.);
#6722=EDGE_CURVE('',#6407,#6449,#5838,.T.);
#6724=EDGE_CURVE('',#6448,#6449,#2548,.T.);
#6726=EDGE_CURVE('',#6451,#6448,#2556,.T.);
#6728=EDGE_CURVE('',#6451,#6284,#5796,.T.);
#6730=EDGE_CURVE('',#6284,#6287,#2591,.T.);
#6748=EDGE_CURVE('',#6289,#6287,#2570,.T.);
#6750=EDGE_CURVE('',#6289,#6381,#2941,.T.);
#6752=EDGE_CURVE('',#6381,#6379,#3291,.T.);
#6770=EDGE_CURVE('',#6460,#6109,#2612,.T.);
#6772=EDGE_CURVE('',#6109,#6111,#3053,.T.);
#6774=EDGE_CURVE('',#6129,#6111,#2577,.T.);
#6776=EDGE_CURVE('',#6129,#6133,#3018,.T.);
#6778=EDGE_CURVE('',#6137,#6133,#2584,.T.);
#6780=EDGE_CURVE('',#6137,#6140,#2983,.T.);
#6782=EDGE_CURVE('',#6140,#6195,#2969,.T.);
#6784=EDGE_CURVE('',#6195,#6289,#2948,.T.);
#6788=EDGE_CURVE('',#6284,#6285,#5810,.T.);
#6806=EDGE_CURVE('',#6108,#6461,#2605,.T.);
#6808=EDGE_CURVE('',#6108,#6109,#3039,.T.);
#6827=EDGE_CURVE('',#6101,#6473,#2626,.T.);
#6829=EDGE_CURVE('',#6101,#6103,#3151,.T.);
#6831=EDGE_CURVE('',#6123,#6103,#2633,.T.);
#6833=EDGE_CURVE('',#6123,#6143,#3102,.T.);
#6835=EDGE_CURVE('',#6121,#6143,#2640,.T.);
#6837=EDGE_CURVE('',#6121,#6116,#3081,.T.);
#6839=EDGE_CURVE('',#6199,#6116,#2647,.T.);
#6841=EDGE_CURVE('',#6197,#6199,#2654,.T.);
#6843=EDGE_CURVE('',#6197,#6141,#2955,.T.);
#6845=EDGE_CURVE('',#6141,#6135,#2997,.T.);
#6847=EDGE_CURVE('',#6131,#6135,#2661,.T.);
#6849=EDGE_CURVE('',#6131,#6127,#3011,.T.);
#6851=EDGE_CURVE('',#6113,#6127,#2668,.T.);
#6853=EDGE_CURVE('',#6113,#6108,#3046,.T.);
#6872=EDGE_CURVE('',#6100,#6465,#2682,.T.);
#6874=EDGE_CURVE('',#6100,#6101,#3130,.T.);
#6893=EDGE_CURVE('',#6464,#6165,#2738,.T.);
#6895=EDGE_CURVE('',#6165,#6167,#3256,.T.);
#6897=EDGE_CURVE('',#6185,#6167,#2696,.T.);
#6899=EDGE_CURVE('',#6185,#6181,#3221,.T.);
#6901=EDGE_CURVE('',#6177,#6181,#2703,.T.);
#6903=EDGE_CURVE('',#6177,#6172,#3186,.T.);
#6905=EDGE_CURVE('',#6172,#6203,#3172,.T.);
#6907=EDGE_CURVE('',#6203,#6201,#2913,.T.);
#6909=EDGE_CURVE('',#6201,#6117,#3060,.T.);
#6911=EDGE_CURVE('',#6117,#6119,#3088,.T.);
#6913=EDGE_CURVE('',#6145,#6119,#2710,.T.);
#6915=EDGE_CURVE('',#6145,#6125,#3109,.T.);
#6917=EDGE_CURVE('',#6105,#6125,#2717,.T.);
#6919=EDGE_CURVE('',#6105,#6100,#3137,.T.);
#6938=EDGE_CURVE('',#6164,#6467,#2731,.T.);
#6940=EDGE_CURVE('',#6164,#6165,#3242,.T.);
#6959=EDGE_CURVE('',#6157,#6470,#2752,.T.);
#6961=EDGE_CURVE('',#6157,#6159,#2836,.T.);
#6963=EDGE_CURVE('',#6187,#6159,#2759,.T.);
#6965=EDGE_CURVE('',#6187,#6191,#2850,.T.);
#6967=EDGE_CURVE('',#6153,#6191,#2766,.T.);
#6969=EDGE_CURVE('',#6153,#6148,#2885,.T.);
#6971=EDGE_CURVE('',#6271,#6148,#2773,.T.);
#6973=EDGE_CURVE('',#6269,#6271,#2780,.T.);
#6975=EDGE_CURVE('',#6269,#6173,#3158,.T.);
#6977=EDGE_CURVE('',#6173,#6175,#3200,.T.);
#6979=EDGE_CURVE('',#6179,#6175,#2787,.T.);
#6981=EDGE_CURVE('',#6179,#6183,#3214,.T.);
#6983=EDGE_CURVE('',#6169,#6183,#2794,.T.);
#6985=EDGE_CURVE('',#6169,#6164,#3249,.T.);
#7005=EDGE_CURVE('',#6156,#6157,#2815,.T.);
#7025=EDGE_CURVE('',#6159,#6161,#2829,.T.);
#7046=EDGE_CURVE('',#6187,#6189,#2843,.T.);
#7066=EDGE_CURVE('',#6191,#6193,#2864,.T.);
#7086=EDGE_CURVE('',#6153,#6151,#2871,.T.);
#7103=EDGE_CURVE('',#6148,#6149,#2878,.T.);
#7125=EDGE_CURVE('',#6271,#6273,#2906,.T.);
#7143=EDGE_CURVE('',#6195,#6197,#2962,.T.);
#7146=EDGE_CURVE('',#6199,#6201,#3067,.T.);
#7149=EDGE_CURVE('',#6203,#6269,#3165,.T.);
#7154=EDGE_CURVE('',#6377,#6275,#2927,.T.);
#7156=EDGE_CURVE('',#6381,#6377,#2934,.T.);
#7175=EDGE_CURVE('',#6140,#6141,#2976,.T.);
#7197=EDGE_CURVE('',#6135,#6137,#2990,.T.);
#7218=EDGE_CURVE('',#6131,#6133,#3004,.T.);
#7238=EDGE_CURVE('',#6127,#6129,#3025,.T.);
#7258=EDGE_CURVE('',#6113,#6111,#3032,.T.);
#7294=EDGE_CURVE('',#6116,#6117,#3074,.T.);
#7316=EDGE_CURVE('',#6121,#6119,#3095,.T.);
#7335=EDGE_CURVE('',#6143,#6145,#3116,.T.);
#7355=EDGE_CURVE('',#6123,#6125,#3123,.T.);
#7375=EDGE_CURVE('',#6103,#6105,#3144,.T.);
#7413=EDGE_CURVE('',#6172,#6173,#3179,.T.);
#7435=EDGE_CURVE('',#6175,#6177,#3193,.T.);
#7456=EDGE_CURVE('',#6179,#6181,#3207,.T.);
#7476=EDGE_CURVE('',#6183,#6185,#3228,.T.);
#7496=EDGE_CURVE('',#6169,#6167,#3235,.T.);
#7533=EDGE_CURVE('',#6377,#6375,#3270,.T.);
#7558=EDGE_CURVE('',#6360,#6361,#3298,.T.);
#7560=EDGE_CURVE('',#6361,#6365,#3417,.T.);
#7562=EDGE_CURVE('',#6365,#6363,#3368,.T.);
#7564=EDGE_CURVE('',#6363,#6360,#3347,.T.);
#7568=EDGE_CURVE('',#6368,#6369,#4071,.T.);
#7570=EDGE_CURVE('',#6369,#6371,#4190,.T.);
#7572=EDGE_CURVE('',#6371,#6373,#4141,.T.);
#7574=EDGE_CURVE('',#6373,#6368,#4120,.T.);
#7592=EDGE_CURVE('',#6360,#6063,#3361,.T.);
#7594=EDGE_CURVE('',#6065,#6063,#3305,.T.);
#7596=EDGE_CURVE('',#6327,#6065,#3312,.T.);
#7598=EDGE_CURVE('',#6327,#6325,#4414,.T.);
#7600=EDGE_CURVE('',#6325,#6320,#4407,.T.);
#7602=EDGE_CURVE('',#6320,#6345,#4393,.T.);
#7604=EDGE_CURVE('',#6347,#6345,#3319,.T.);
#7606=EDGE_CURVE('',#6347,#6351,#4365,.T.);
#7608=EDGE_CURVE('',#6087,#6351,#3326,.T.);
#7610=EDGE_CURVE('',#6089,#6087,#3333,.T.);
#7612=EDGE_CURVE('',#6361,#6089,#3340,.T.);
#7630=EDGE_CURVE('',#6363,#6060,#3410,.T.);
#7632=EDGE_CURVE('',#6063,#6060,#3354,.T.);
#7651=EDGE_CURVE('',#6365,#6091,#3431,.T.);
#7653=EDGE_CURVE('',#6093,#6091,#3375,.T.);
#7655=EDGE_CURVE('',#6353,#6093,#3382,.T.);
#7657=EDGE_CURVE('',#6353,#6349,#4351,.T.);
#7659=EDGE_CURVE('',#6349,#6344,#4379,.T.);
#7661=EDGE_CURVE('',#6344,#6321,#4386,.T.);
#7663=EDGE_CURVE('',#6323,#6321,#3389,.T.);
#7665=EDGE_CURVE('',#6323,#6329,#4428,.T.);
#7667=EDGE_CURVE('',#6061,#6329,#3396,.T.);
#7669=EDGE_CURVE('',#6060,#6061,#3403,.T.);
#7689=EDGE_CURVE('',#6091,#6089,#3424,.T.);
#7707=EDGE_CURVE('',#6032,#6033,#3438,.T.);
#7709=EDGE_CURVE('',#6057,#6032,#3445,.T.);
#7711=EDGE_CURVE('',#6055,#6057,#3452,.T.);
#7715=EDGE_CURVE('',#6051,#6049,#3980,.T.);
#7717=EDGE_CURVE('',#6049,#6047,#3938,.T.);
#7719=EDGE_CURVE('',#6045,#6047,#3473,.T.);
#7721=EDGE_CURVE('',#6043,#6045,#3480,.T.);
#7723=EDGE_CURVE('',#6041,#6043,#3487,.T.);
#7725=EDGE_CURVE('',#6039,#6041,#3494,.T.);
#7727=EDGE_CURVE('',#6039,#6037,#3840,.T.);
#7729=EDGE_CURVE('',#6037,#6035,#3812,.T.);
#7731=EDGE_CURVE('',#6033,#6035,#3501,.T.);
#7736=EDGE_CURVE('',#6061,#6097,#4057,.T.);
#7738=EDGE_CURVE('',#6097,#6095,#4617,.T.);
#7740=EDGE_CURVE('',#6095,#6093,#4316,.T.);
#7745=EDGE_CURVE('',#6087,#6085,#4309,.T.);
#7747=EDGE_CURVE('',#6085,#6083,#4078,.T.);
#7749=EDGE_CURVE('',#6083,#6081,#4127,.T.);
#7751=EDGE_CURVE('',#6081,#6079,#4176,.T.);
#7753=EDGE_CURVE('',#6079,#6077,#4337,.T.);
#7755=EDGE_CURVE('',#6077,#6075,#4652,.T.);
#7757=EDGE_CURVE('',#6075,#6073,#4036,.T.);
#7759=EDGE_CURVE('',#6073,#6071,#4148,.T.);
#7761=EDGE_CURVE('',#6071,#6069,#4197,.T.);
#7763=EDGE_CURVE('',#6069,#6067,#4106,.T.);
#7765=EDGE_CURVE('',#6067,#6065,#4064,.T.);
#7771=EDGE_CURVE('',#5991,#5992,#3510,.T.);
#7773=EDGE_CURVE('',#6028,#5991,#3517,.T.);
#7775=EDGE_CURVE('',#6026,#6028,#3526,.T.);
#7777=EDGE_CURVE('',#6024,#6026,#3537,.T.);
#7779=EDGE_CURVE('',#6022,#6024,#3546,.T.);
#7781=EDGE_CURVE('',#6020,#6022,#3555,.T.);
#7783=EDGE_CURVE('',#6018,#6020,#3565,.T.);
#7785=EDGE_CURVE('',#6015,#6018,#3574,.T.);
#7787=EDGE_CURVE('',#6012,#6015,#3581,.T.);
#7789=EDGE_CURVE('',#6010,#6012,#3590,.T.);
#7791=EDGE_CURVE('',#6008,#6010,#3599,.T.);
#7793=EDGE_CURVE('',#6006,#6008,#3608,.T.);
#7795=EDGE_CURVE('',#6003,#6006,#3616,.T.);
#7797=EDGE_CURVE('',#6000,#6003,#3623,.T.);
#7799=EDGE_CURVE('',#5998,#6000,#3631,.T.);
#7801=EDGE_CURVE('',#5996,#5998,#3640,.T.);
#7803=EDGE_CURVE('',#5992,#5996,#3649,.T.);
#7807=EDGE_CURVE('',#5969,#5970,#5143,.T.);
#7809=EDGE_CURVE('',#5970,#5988,#5241,.T.);
#7811=EDGE_CURVE('',#5988,#5984,#5220,.T.);
#7813=EDGE_CURVE('',#5984,#5981,#5199,.T.);
#7815=EDGE_CURVE('',#5978,#5981,#3658,.T.);
#7817=EDGE_CURVE('',#5978,#5975,#5171,.T.);
#7819=EDGE_CURVE('',#5969,#5975,#3669,.T.);
#7823=EDGE_CURVE('',#5935,#5936,#5282,.T.);
#7825=EDGE_CURVE('',#5936,#5964,#5394,.T.);
#7827=EDGE_CURVE('',#5964,#5961,#5373,.T.);
#7829=EDGE_CURVE('',#5959,#5961,#3680,.T.);
#7831=EDGE_CURVE('',#5957,#5959,#3692,.T.);
#7833=EDGE_CURVE('',#5955,#5957,#3701,.T.);
#7835=EDGE_CURVE('',#5952,#5955,#3710,.T.);
#7837=EDGE_CURVE('',#5949,#5952,#3717,.T.);
#7839=EDGE_CURVE('',#5947,#5949,#3726,.T.);
#7841=EDGE_CURVE('',#5945,#5947,#3735,.T.);
#7843=EDGE_CURVE('',#5943,#5945,#3746,.T.);
#7845=EDGE_CURVE('',#5941,#5943,#3755,.T.);
#7847=EDGE_CURVE('',#5935,#5941,#3763,.T.);
#7851=EDGE_CURVE('',#5891,#5892,#5509,.T.);
#7853=EDGE_CURVE('',#5892,#5930,#5705,.T.);
#7855=EDGE_CURVE('',#5930,#5926,#5684,.T.);
#7857=EDGE_CURVE('',#5926,#5922,#5663,.T.);
#7859=EDGE_CURVE('',#5922,#5918,#5642,.T.);
#7861=EDGE_CURVE('',#5918,#5914,#5621,.T.);
#7863=EDGE_CURVE('',#5914,#5910,#5600,.T.);
#7865=EDGE_CURVE('',#5910,#5906,#5579,.T.);
#7867=EDGE_CURVE('',#5906,#5902,#5558,.T.);
#7869=EDGE_CURVE('',#5898,#5902,#3770,.T.);
#7871=EDGE_CURVE('',#5898,#5891,#5530,.T.);
#7888=EDGE_CURVE('',#6439,#6437,#3791,.T.);
#7890=EDGE_CURVE('',#6032,#6437,#3777,.T.);
#7893=EDGE_CURVE('',#6033,#6439,#3833,.T.);
#7910=EDGE_CURVE('',#6419,#6439,#3784,.T.);
#7913=EDGE_CURVE('',#6421,#6437,#3994,.T.);
#7931=EDGE_CURVE('',#6441,#6417,#3798,.T.);
#7935=EDGE_CURVE('',#6439,#6441,#3826,.T.);
#7953=EDGE_CURVE('',#6035,#6441,#3805,.T.);
#7956=EDGE_CURVE('',#6037,#6415,#3861,.T.);
#7994=EDGE_CURVE('',#6413,#6039,#3847,.T.);
#8013=EDGE_CURVE('',#6411,#6443,#3868,.T.);
#8018=EDGE_CURVE('',#6443,#6041,#3882,.T.);
#8036=EDGE_CURVE('',#6443,#6445,#3896,.T.);
#8038=EDGE_CURVE('',#6409,#6445,#3889,.T.);
#8059=EDGE_CURVE('',#6043,#6445,#3910,.T.);
#8076=EDGE_CURVE('',#6445,#6399,#3903,.T.);
#8080=EDGE_CURVE('',#6045,#6399,#3959,.T.);
#8098=EDGE_CURVE('',#6399,#6401,#3917,.T.);
#8117=EDGE_CURVE('',#6396,#6397,#3924,.T.);
#8121=EDGE_CURVE('',#6399,#6396,#3952,.T.);
#8139=EDGE_CURVE('',#6047,#6396,#3931,.T.);
#8142=EDGE_CURVE('',#6049,#6403,#3973,.T.);
#8200=EDGE_CURVE('',#6423,#6435,#4001,.T.);
#8202=EDGE_CURVE('',#6435,#6437,#4022,.T.);
#8222=EDGE_CURVE('',#6435,#6433,#4008,.T.);
#8242=EDGE_CURVE('',#6057,#6435,#4029,.T.);
#8278=EDGE_CURVE('',#6067,#6316,#4099,.T.);
#8280=EDGE_CURVE('',#6316,#6317,#4211,.T.);
#8282=EDGE_CURVE('',#6317,#6073,#4155,.T.);
#8285=EDGE_CURVE('',#6385,#6075,#4043,.T.);
#8287=EDGE_CURVE('',#6393,#6385,#4050,.T.);
#8289=EDGE_CURVE('',#6393,#6097,#4624,.T.);
#8293=EDGE_CURVE('',#6329,#6327,#4421,.T.);
#8313=EDGE_CURVE('',#6368,#6083,#4134,.T.);
#8316=EDGE_CURVE('',#6339,#6085,#4085,.T.);
#8318=EDGE_CURVE('',#6339,#6337,#4281,.T.);
#8320=EDGE_CURVE('',#6337,#6332,#4274,.T.);
#8322=EDGE_CURVE('',#6332,#6309,#4253,.T.);
#8324=EDGE_CURVE('',#6311,#6309,#4092,.T.);
#8326=EDGE_CURVE('',#6311,#6316,#4218,.T.);
#8330=EDGE_CURVE('',#6369,#6069,#4113,.T.);
#8348=EDGE_CURVE('',#6373,#6081,#4183,.T.);
#8368=EDGE_CURVE('',#6371,#6071,#4204,.T.);
#8372=EDGE_CURVE('',#6317,#6313,#4232,.T.);
#8374=EDGE_CURVE('',#6313,#6308,#4246,.T.);
#8376=EDGE_CURVE('',#6308,#6333,#4260,.T.);
#8378=EDGE_CURVE('',#6335,#6333,#4162,.T.);
#8380=EDGE_CURVE('',#6335,#6341,#4295,.T.);
#8382=EDGE_CURVE('',#6079,#6341,#4169,.T.);
#8422=EDGE_CURVE('',#6313,#6311,#4225,.T.);
#8427=EDGE_CURVE('',#6206,#6207,#4792,.T.);
#8429=EDGE_CURVE('',#6207,#6213,#4834,.T.);
#8431=EDGE_CURVE('',#6213,#6217,#4820,.T.);
#8433=EDGE_CURVE('',#6217,#6206,#4806,.T.);
#8450=EDGE_CURVE('',#6308,#6309,#4239,.T.);
#8472=EDGE_CURVE('',#6332,#6333,#4267,.T.);
#8492=EDGE_CURVE('',#6337,#6335,#4302,.T.);
#8511=EDGE_CURVE('',#6341,#6339,#4288,.T.);
#8517=EDGE_CURVE('',#6222,#6223,#4708,.T.);
#8519=EDGE_CURVE('',#6223,#6229,#4750,.T.);
#8521=EDGE_CURVE('',#6229,#6233,#4736,.T.);
#8523=EDGE_CURVE('',#6233,#6222,#4722,.T.);
#8543=EDGE_CURVE('',#6351,#6353,#4358,.T.);
#8547=EDGE_CURVE('',#6357,#6095,#4323,.T.);
#8549=EDGE_CURVE('',#6355,#6357,#4330,.T.);
#8551=EDGE_CURVE('',#6355,#6077,#4659,.T.);
#8571=EDGE_CURVE('',#6349,#6347,#4344,.T.);
#8578=EDGE_CURVE('',#6254,#6255,#4526,.T.);
#8580=EDGE_CURVE('',#6255,#6261,#4568,.T.);
#8582=EDGE_CURVE('',#6261,#6265,#4554,.T.);
#8584=EDGE_CURVE('',#6265,#6254,#4540,.T.);
#8601=EDGE_CURVE('',#6344,#6345,#4372,.T.);
#8621=EDGE_CURVE('',#6320,#6321,#4400,.T.);
#8643=EDGE_CURVE('',#6325,#6323,#4435,.T.);
#8667=EDGE_CURVE('',#6238,#6239,#4442,.T.);
#8669=EDGE_CURVE('',#6239,#6245,#4484,.T.);
#8671=EDGE_CURVE('',#6245,#6249,#4470,.T.);
#8673=EDGE_CURVE('',#6249,#6238,#4456,.T.);
#8691=EDGE_CURVE('',#6243,#6238,#4449,.T.);
#8693=EDGE_CURVE('',#6243,#6241,#4519,.T.);
#8695=EDGE_CURVE('',#6241,#6239,#4491,.T.);
#8713=EDGE_CURVE('',#6251,#6249,#4463,.T.);
#8715=EDGE_CURVE('',#6251,#6243,#4498,.T.);
#8734=EDGE_CURVE('',#6247,#6245,#4477,.T.);
#8736=EDGE_CURVE('',#6247,#6251,#4505,.T.);
#8756=EDGE_CURVE('',#6241,#6247,#4512,.T.);
#8794=EDGE_CURVE('',#6259,#6254,#4533,.T.);
#8796=EDGE_CURVE('',#6259,#6257,#4603,.T.);
#8798=EDGE_CURVE('',#6257,#6255,#4575,.T.);
#8816=EDGE_CURVE('',#6267,#6265,#4547,.T.);
#8818=EDGE_CURVE('',#6267,#6259,#4582,.T.);
#8837=EDGE_CURVE('',#6263,#6261,#4561,.T.);
#8839=EDGE_CURVE('',#6263,#6267,#4589,.T.);
#8859=EDGE_CURVE('',#6257,#6263,#4596,.T.);
#8896=EDGE_CURVE('',#6357,#6393,#4610,.T.);
#8916=EDGE_CURVE('',#6389,#6393,#4631,.T.);
#8918=EDGE_CURVE('',#6389,#6391,#4694,.T.);
#8920=EDGE_CURVE('',#6391,#6357,#4673,.T.);
#8938=EDGE_CURVE('',#6384,#6385,#4638,.T.);
#8940=EDGE_CURVE('',#6384,#6389,#4701,.T.);
#8960=EDGE_CURVE('',#6385,#6355,#4645,.T.);
#8962=EDGE_CURVE('',#6355,#6387,#4666,.T.);
#8964=EDGE_CURVE('',#6387,#6384,#4680,.T.);
#9003=EDGE_CURVE('',#6391,#6387,#4687,.T.);
#9040=EDGE_CURVE('',#6227,#6222,#4715,.T.);
#9042=EDGE_CURVE('',#6227,#6225,#4785,.T.);
#9044=EDGE_CURVE('',#6225,#6223,#4757,.T.);
#9062=EDGE_CURVE('',#6235,#6233,#4729,.T.);
#9064=EDGE_CURVE('',#6235,#6227,#4764,.T.);
#9083=EDGE_CURVE('',#6231,#6229,#4743,.T.);
#9085=EDGE_CURVE('',#6231,#6235,#4771,.T.);
#9105=EDGE_CURVE('',#6225,#6231,#4778,.T.);
#9143=EDGE_CURVE('',#6211,#6206,#4799,.T.);
#9145=EDGE_CURVE('',#6211,#6209,#4869,.T.);
#9147=EDGE_CURVE('',#6209,#6207,#4841,.T.);
#9165=EDGE_CURVE('',#6219,#6217,#4813,.T.);
#9167=EDGE_CURVE('',#6219,#6211,#4848,.T.);
#9186=EDGE_CURVE('',#6215,#6213,#4827,.T.);
#9188=EDGE_CURVE('',#6215,#6219,#4855,.T.);
#9208=EDGE_CURVE('',#6209,#6215,#4862,.T.);
#9247=B_SPLINE_CURVE_WITH_KNOTS('',3,(#9240,#9241,#9242,#9243,#9244,#9245,
#9246),.UNSPECIFIED.,.F.,.F.,(4,1,1,1,4),(0.E0,6.111458137448E-2,
5.086285704926E-1,9.561425596107E-1,1.E0),.UNSPECIFIED.);
#9255=EDGE_CURVE('',#5995,#5992,#4876,.T.);
#9257=EDGE_CURVE('',#5995,#5994,#5004,.T.);
#9259=EDGE_CURVE('',#5991,#5994,#4883,.T.);
#9278=B_SPLINE_CURVE_WITH_KNOTS('',3,(#9271,#9272,#9273,#9274,#9275,#9276,
#9277),.UNSPECIFIED.,.F.,.F.,(4,1,1,1,4),(0.E0,4.911317107578E-2,
4.989310046538E-1,9.487488382317E-1,1.E0),.UNSPECIFIED.);
#9286=EDGE_CURVE('',#5997,#5996,#4890,.T.);
#9288=EDGE_CURVE('',#5997,#5995,#5013,.T.);
#9308=B_SPLINE_CURVE_WITH_KNOTS('',3,(#9301,#9302,#9303,#9304,#9305,#9306,
#9307),.UNSPECIFIED.,.F.,.F.,(4,1,1,1,4),(0.E0,5.054428393787E-2,
4.989430387970E-1,9.473417936560E-1,1.E0),.UNSPECIFIED.);
#9316=EDGE_CURVE('',#5999,#5998,#4897,.T.);
#9318=EDGE_CURVE('',#5999,#5997,#5022,.T.);
#9337=B_SPLINE_CURVE_WITH_KNOTS('',3,(#9331,#9332,#9333,#9334,#9335,#9336),
.UNSPECIFIED.,.F.,.F.,(4,1,1,4),(0.E0,1.431124430893E-1,7.851526224731E-1,1.E0),
.UNSPECIFIED.);
#9345=EDGE_CURVE('',#6001,#6000,#4904,.T.);
#9347=EDGE_CURVE('',#6001,#5999,#5030,.T.);
#9366=EDGE_CURVE('',#6003,#6005,#4918,.T.);
#9368=EDGE_CURVE('',#6005,#6001,#5037,.T.);
#9387=B_SPLINE_CURVE_WITH_KNOTS('',3,(#9381,#9382,#9383,#9384,#9385,#9386),
.UNSPECIFIED.,.F.,.F.,(4,1,1,4),(0.E0,1.923076923078E-2,9.807692307690E-1,1.E0),
.UNSPECIFIED.);
#9395=EDGE_CURVE('',#6007,#6006,#4911,.T.);
#9397=EDGE_CURVE('',#6007,#6005,#5045,.T.);
#9417=B_SPLINE_CURVE_WITH_KNOTS('',3,(#9410,#9411,#9412,#9413,#9414,#9415,
#9416),.UNSPECIFIED.,.F.,.F.,(4,1,1,1,4),(0.E0,5.017520305704E-2,
4.971774048601E-1,9.441796066632E-1,1.E0),.UNSPECIFIED.);
#9425=EDGE_CURVE('',#6009,#6008,#4925,.T.);
#9427=EDGE_CURVE('',#6009,#6007,#5054,.T.);
#9447=B_SPLINE_CURVE_WITH_KNOTS('',3,(#9440,#9441,#9442,#9443,#9444,#9445,
#9446),.UNSPECIFIED.,.F.,.F.,(4,1,1,1,4),(0.E0,5.805705585722E-2,
4.967765420184E-1,9.354960281796E-1,1.E0),.UNSPECIFIED.);
#9455=EDGE_CURVE('',#6011,#6010,#4932,.T.);
#9457=EDGE_CURVE('',#6011,#6009,#5063,.T.);
#9477=B_SPLINE_CURVE_WITH_KNOTS('',3,(#9470,#9471,#9472,#9473,#9474,#9475,
#9476),.UNSPECIFIED.,.F.,.F.,(4,1,1,1,4),(0.E0,4.643737722865E-2,
4.921656557533E-1,9.378939342779E-1,1.E0),.UNSPECIFIED.);
#9485=EDGE_CURVE('',#6013,#6012,#4939,.T.);
#9487=EDGE_CURVE('',#6013,#6011,#5072,.T.);
#9506=EDGE_CURVE('',#6015,#6017,#4953,.T.);
#9508=EDGE_CURVE('',#6017,#6013,#5079,.T.);
#9528=B_SPLINE_CURVE_WITH_KNOTS('',3,(#9521,#9522,#9523,#9524,#9525,#9526,
#9527),.UNSPECIFIED.,.F.,.F.,(4,1,1,1,4),(0.E0,3.760684752334E-2,
5.005546305279E-1,9.635024135324E-1,1.E0),.UNSPECIFIED.);
#9536=EDGE_CURVE('',#6019,#6018,#4946,.T.);
#9538=EDGE_CURVE('',#6019,#6017,#5088,.T.);
#9559=B_SPLINE_CURVE_WITH_KNOTS('',3,(#9551,#9552,#9553,#9554,#9555,#9556,#9557,
#9558),.UNSPECIFIED.,.F.,.F.,(4,1,1,1,1,4),(0.E0,4.680362634464E-2,
3.514365523006E-1,6.560694782566E-1,9.607024042126E-1,1.E0),.UNSPECIFIED.);
#9567=EDGE_CURVE('',#6021,#6020,#4960,.T.);
#9569=EDGE_CURVE('',#6021,#6019,#5098,.T.);
#9589=B_SPLINE_CURVE_WITH_KNOTS('',3,(#9582,#9583,#9584,#9585,#9586,#9587,
#9588),.UNSPECIFIED.,.F.,.F.,(4,1,1,1,4),(0.E0,5.610283373190E-2,
4.944998952586E-1,9.328969567854E-1,1.E0),.UNSPECIFIED.);
#9597=EDGE_CURVE('',#6023,#6022,#4967,.T.);
#9599=EDGE_CURVE('',#6023,#6021,#5107,.T.);
#9619=B_SPLINE_CURVE_WITH_KNOTS('',3,(#9612,#9613,#9614,#9615,#9616,#9617,
#9618),.UNSPECIFIED.,.F.,.F.,(4,1,1,1,4),(0.E0,4.504663201348E-2,
4.979487612222E-1,9.508508904309E-1,1.E0),.UNSPECIFIED.);
#9627=EDGE_CURVE('',#6025,#6024,#4974,.T.);
#9629=EDGE_CURVE('',#6025,#6023,#5116,.T.);
#9651=B_SPLINE_CURVE_WITH_KNOTS('',3,(#9642,#9643,#9644,#9645,#9646,#9647,#9648,
#9649,#9650),.UNSPECIFIED.,.F.,.F.,(4,1,1,1,1,1,4),(0.E0,3.096437092548E-2,
2.643611124742E-1,4.977578540230E-1,7.311545955717E-1,9.645513371205E-1,1.E0),
.UNSPECIFIED.);
#9659=EDGE_CURVE('',#6027,#6026,#4981,.T.);
#9661=EDGE_CURVE('',#6027,#6025,#5127,.T.);
#9681=B_SPLINE_CURVE_WITH_KNOTS('',3,(#9674,#9675,#9676,#9677,#9678,#9679,
#9680),.UNSPECIFIED.,.F.,.F.,(4,1,1,1,4),(0.E0,3.582848325390E-2,
5.005068038821E-1,9.651851245102E-1,1.E0),.UNSPECIFIED.);
#9689=EDGE_CURVE('',#6029,#6028,#4988,.T.);
#9691=EDGE_CURVE('',#6029,#6027,#5136,.T.);
#9711=EDGE_CURVE('',#5994,#6029,#4995,.T.);
#9762=EDGE_CURVE('',#5969,#5974,#5164,.T.);
#9764=EDGE_CURVE('',#5972,#5974,#5150,.T.);
#9766=EDGE_CURVE('',#5972,#5970,#5248,.T.);
#9787=B_SPLINE_CURVE_WITH_KNOTS('',3,(#9778,#9779,#9780,#9781,#9782,#9783,#9784,
#9785,#9786),.UNSPECIFIED.,.F.,.F.,(4,1,1,1,1,1,4),(0.E0,8.189560329268E-2,
2.920069489954E-1,5.021182946980E-1,7.122296404007E-1,9.223409861034E-1,1.E0),
.UNSPECIFIED.);
#9795=EDGE_CURVE('',#5976,#5975,#5157,.T.);
#9797=EDGE_CURVE('',#5976,#5974,#5266,.T.);
#9816=EDGE_CURVE('',#5978,#5980,#5192,.T.);
#9818=EDGE_CURVE('',#5976,#5980,#5178,.T.);
#9838=B_SPLINE_CURVE_WITH_KNOTS('',3,(#9831,#9832,#9833,#9834,#9835,#9836,
#9837),.UNSPECIFIED.,.F.,.F.,(4,1,1,1,4),(0.E0,8.230244986365E-2,
5.159443084255E-1,9.495861669874E-1,1.E0),.UNSPECIFIED.);
#9846=EDGE_CURVE('',#5982,#5981,#5185,.T.);
#9848=EDGE_CURVE('',#5982,#5980,#5275,.T.);
#9867=EDGE_CURVE('',#5986,#5984,#5206,.T.);
#9869=EDGE_CURVE('',#5982,#5986,#5213,.T.);
#9888=EDGE_CURVE('',#5990,#5988,#5227,.T.);
#9890=EDGE_CURVE('',#5986,#5990,#5234,.T.);
#9910=EDGE_CURVE('',#5990,#5972,#5255,.T.);
#9951=EDGE_CURVE('',#5935,#5940,#5303,.T.);
#9953=EDGE_CURVE('',#5938,#5940,#5289,.T.);
#9955=EDGE_CURVE('',#5938,#5936,#5401,.T.);
#9973=B_SPLINE_CURVE_WITH_KNOTS('',3,(#9967,#9968,#9969,#9970,#9971,#9972),
.UNSPECIFIED.,.F.,.F.,(4,1,1,4),(0.E0,1.521111510074E-1,8.453893671610E-1,1.E0),
.UNSPECIFIED.);
#9981=EDGE_CURVE('',#5942,#5941,#5296,.T.);
#9983=EDGE_CURVE('',#5942,#5940,#5416,.T.);
#10003=B_SPLINE_CURVE_WITH_KNOTS('',3,(#9996,#9997,#9998,#9999,#10000,#10001,
#10002),.UNSPECIFIED.,.F.,.F.,(4,1,1,1,4),(0.E0,4.054531546597E-2,
4.814612053234E-1,9.223770951809E-1,1.E0),.UNSPECIFIED.);
#10011=EDGE_CURVE('',#5944,#5943,#5310,.T.);
#10013=EDGE_CURVE('',#5944,#5942,#5425,.T.);
#10035=B_SPLINE_CURVE_WITH_KNOTS('',3,(#10026,#10027,#10028,#10029,#10030,
#10031,#10032,#10033,#10034),.UNSPECIFIED.,.F.,.F.,(4,1,1,1,1,1,4),(0.E0,
1.021323893939E-1,3.180778290606E-1,5.340232687272E-1,7.499687083939E-1,
9.659141480605E-1,1.E0),.UNSPECIFIED.);
#10043=EDGE_CURVE('',#5946,#5945,#5317,.T.);
#10045=EDGE_CURVE('',#5946,#5944,#5436,.T.);
#10065=B_SPLINE_CURVE_WITH_KNOTS('',3,(#10058,#10059,#10060,#10061,#10062,
#10063,#10064),.UNSPECIFIED.,.F.,.F.,(4,1,1,1,4),(0.E0,5.088737164907E-2,
4.952988993415E-1,9.397104270339E-1,1.E0),.UNSPECIFIED.);
#10073=EDGE_CURVE('',#5948,#5947,#5324,.T.);
#10075=EDGE_CURVE('',#5948,#5946,#5445,.T.);
#10095=B_SPLINE_CURVE_WITH_KNOTS('',3,(#10088,#10089,#10090,#10091,#10092,
#10093,#10094),.UNSPECIFIED.,.F.,.F.,(4,1,1,1,4),(0.E0,4.614312893668E-2,
4.976100333115E-1,9.490769376864E-1,1.E0),.UNSPECIFIED.);
#10103=EDGE_CURVE('',#5950,#5949,#5331,.T.);
#10105=EDGE_CURVE('',#5950,#5948,#5454,.T.);
#10124=EDGE_CURVE('',#5952,#5954,#5345,.T.);
#10126=EDGE_CURVE('',#5954,#5950,#5461,.T.);
#10146=B_SPLINE_CURVE_WITH_KNOTS('',3,(#10139,#10140,#10141,#10142,#10143,
#10144,#10145),.UNSPECIFIED.,.F.,.F.,(4,1,1,1,4),(0.E0,3.166815652118E-2,
4.994538897082E-1,9.672396228951E-1,1.E0),.UNSPECIFIED.);
#10154=EDGE_CURVE('',#5956,#5955,#5338,.T.);
#10156=EDGE_CURVE('',#5956,#5954,#5470,.T.);
#10176=B_SPLINE_CURVE_WITH_KNOTS('',3,(#10169,#10170,#10171,#10172,#10173,
#10174,#10175),.UNSPECIFIED.,.F.,.F.,(4,1,1,1,4),(0.E0,3.809522334499E-2,
5.030667390561E-1,9.680382547673E-1,1.E0),.UNSPECIFIED.);
#10184=EDGE_CURVE('',#5958,#5957,#5352,.T.);
#10186=EDGE_CURVE('',#5958,#5956,#5479,.T.);
#10209=B_SPLINE_CURVE_WITH_KNOTS('',3,(#10199,#10200,#10201,#10202,#10203,
#10204,#10205,#10206,#10207,#10208),.UNSPECIFIED.,.F.,.F.,(4,1,1,1,1,1,1,4),(
0.E0,2.435928087062E-2,1.749671126425E-1,3.255749444144E-1,4.761827761863E-1,
6.267906079582E-1,9.280062715020E-1,1.E0),.UNSPECIFIED.);
#10217=EDGE_CURVE('',#5960,#5959,#5359,.T.);
#10219=EDGE_CURVE('',#5960,#5958,#5491,.T.);
#10241=B_SPLINE_CURVE_WITH_KNOTS('',3,(#10232,#10233,#10234,#10235,#10236,
#10237,#10238,#10239,#10240),.UNSPECIFIED.,.F.,.F.,(4,1,1,1,1,1,4),(0.E0,
1.792283201290E-1,3.725297879369E-1,5.658312557447E-1,7.591327235526E-1,
9.524341913604E-1,1.E0),.UNSPECIFIED.);
#10249=EDGE_CURVE('',#5962,#5961,#5366,.T.);
#10251=EDGE_CURVE('',#5962,#5960,#5502,.T.);
#10270=EDGE_CURVE('',#5966,#5964,#5380,.T.);
#10272=EDGE_CURVE('',#5962,#5966,#5387,.T.);
#10292=EDGE_CURVE('',#5966,#5938,#5408,.T.);
#10339=EDGE_CURVE('',#5896,#5891,#5516,.T.);
#10341=EDGE_CURVE('',#5894,#5896,#5523,.T.);
#10343=EDGE_CURVE('',#5894,#5892,#5712,.T.);
#10361=EDGE_CURVE('',#5900,#5898,#5537,.T.);
#10363=EDGE_CURVE('',#5896,#5900,#5544,.T.);
#10382=EDGE_CURVE('',#5904,#5902,#5551,.T.);
#10384=EDGE_CURVE('',#5904,#5900,#5726,.T.);
#10403=EDGE_CURVE('',#5908,#5906,#5565,.T.);
#10405=EDGE_CURVE('',#5904,#5908,#5572,.T.);
#10424=EDGE_CURVE('',#5912,#5910,#5586,.T.);
#10426=EDGE_CURVE('',#5908,#5912,#5593,.T.);
#10445=EDGE_CURVE('',#5916,#5914,#5607,.T.);
#10447=EDGE_CURVE('',#5912,#5916,#5614,.T.);
#10466=EDGE_CURVE('',#5920,#5918,#5628,.T.);
#10468=EDGE_CURVE('',#5916,#5920,#5635,.T.);
#10487=EDGE_CURVE('',#5924,#5922,#5649,.T.);
#10489=EDGE_CURVE('',#5920,#5924,#5656,.T.);
#10508=EDGE_CURVE('',#5928,#5926,#5670,.T.);
#10510=EDGE_CURVE('',#5924,#5928,#5677,.T.);
#10529=EDGE_CURVE('',#5932,#5930,#5691,.T.);
#10531=EDGE_CURVE('',#5928,#5932,#5698,.T.);
#10551=EDGE_CURVE('',#5932,#5894,#5719,.T.);
#10582=EDGE_CURVE('',#5882,#5884,#5754,.T.);
#10584=EDGE_CURVE('',#5884,#5888,#5789,.T.);
#10586=EDGE_CURVE('',#5882,#5888,#5733,.T.);
#10603=EDGE_CURVE('',#5879,#5880,#5740,.T.);
#10605=EDGE_CURVE('',#5884,#5879,#5747,.T.);
#10608=EDGE_CURVE('',#5882,#5880,#5768,.T.);
#10626=EDGE_CURVE('',#5886,#5880,#5761,.T.);
#10628=EDGE_CURVE('',#5886,#5879,#5775,.T.);
#10648=EDGE_CURVE('',#5888,#5886,#5782,.T.);
#10685=EDGE_CURVE('',#6305,#6451,#5824,.T.);
#10704=EDGE_CURVE('',#6448,#6303,#5817,.T.);
#10725=EDGE_CURVE('',#6301,#6449,#5831,.T.);
#10765=EDGE_CURVE('',#6293,#6455,#5852,.T.);
#10786=EDGE_CURVE('',#6457,#6295,#5859,.T.);
#10817=CLOSED_SHELL('',(#6489,#6511,#6534,#6585,#6635,#6673,#6694,#6734,#6756,
#6792,#6813,#6858,#6879,#6924,#6945,#6990,#7010,#7030,#7050,#7070,#7090,#7110,
#7130,#7162,#7182,#7202,#7222,#7242,#7262,#7281,#7301,#7321,#7341,#7361,#7381,
#7400,#7420,#7440,#7460,#7480,#7500,#7519,#7539,#7578,#7616,#7637,#7674,#7694,
#7875,#7897,#7918,#7939,#7961,#7980,#8000,#8022,#8043,#8063,#8084,#8104,#8125,
#8147,#8166,#8185,#8206,#8226,#8246,#8265,#8299,#8334,#8354,#8388,#8407,#8437,
#8457,#8477,#8497,#8527,#8558,#8588,#8608,#8628,#8648,#8677,#8699,#8720,#8741,
#8761,#8780,#8802,#8823,#8844,#8864,#8883,#8903,#8925,#8946,#8968,#8987,#9007,
#9026,#9048,#9069,#9090,#9110,#9129,#9151,#9172,#9193,#9213,#9232,#9263,#9293,
#9323,#9352,#9373,#9402,#9432,#9462,#9492,#9513,#9543,#9574,#9604,#9634,#9666,
#9696,#9716,#9748,#9770,#9802,#9823,#9853,#9874,#9895,#9915,#9937,#9959,#9988,
#10018,#10050,#10080,#10110,#10131,#10161,#10191,#10224,#10256,#10277,#10297,
#10325,#10347,#10368,#10389,#10410,#10431,#10452,#10473,#10494,#10515,#10536,
#10556,#10590,#10612,#10632,#10652,#10671,#10691,#10711,#10731,#10750,#10770,
#10790,#10809));
#10818=MANIFOLD_SOLID_BREP('',#10817);
#10931=EDGE_CURVE('',#10912,#10913,#10829,.T.);
#10933=EDGE_CURVE('',#10913,#10915,#10836,.T.);
#10935=EDGE_CURVE('',#10915,#10917,#10843,.T.);
#10937=EDGE_CURVE('',#10917,#10912,#10850,.T.);
#10948=EDGE_CURVE('',#10912,#10920,#10857,.T.);
#10950=EDGE_CURVE('',#10920,#10921,#10885,.T.);
#10952=EDGE_CURVE('',#10913,#10921,#10878,.T.);
#10963=EDGE_CURVE('',#10917,#10925,#10864,.T.);
#10965=EDGE_CURVE('',#10925,#10920,#10892,.T.);
#10977=EDGE_CURVE('',#10915,#10923,#10871,.T.);
#10979=EDGE_CURVE('',#10923,#10925,#10899,.T.);
#10992=EDGE_CURVE('',#10921,#10923,#10906,.T.);
#11010=CLOSED_SHELL('',(#10941,#10956,#10970,#10984,#10997,#11009));
#11011=MANIFOLD_SOLID_BREP('',#11010);
#11124=EDGE_CURVE('',#11105,#11106,#11022,.T.);
#11126=EDGE_CURVE('',#11106,#11108,#11029,.T.);
#11128=EDGE_CURVE('',#11108,#11110,#11036,.T.);
#11130=EDGE_CURVE('',#11110,#11105,#11043,.T.);
#11141=EDGE_CURVE('',#11105,#11113,#11050,.T.);
#11143=EDGE_CURVE('',#11113,#11114,#11078,.T.);
#11145=EDGE_CURVE('',#11106,#11114,#11071,.T.);
#11156=EDGE_CURVE('',#11110,#11118,#11057,.T.);
#11158=EDGE_CURVE('',#11118,#11113,#11085,.T.);
#11170=EDGE_CURVE('',#11108,#11116,#11064,.T.);
#11172=EDGE_CURVE('',#11116,#11118,#11092,.T.);
#11185=EDGE_CURVE('',#11114,#11116,#11099,.T.);
#11203=CLOSED_SHELL('',(#11134,#11149,#11163,#11177,#11190,#11202));
#11204=MANIFOLD_SOLID_BREP('',#11203);
#11317=EDGE_CURVE('',#11298,#11299,#11215,.T.);
#11319=EDGE_CURVE('',#11299,#11301,#11222,.T.);
#11321=EDGE_CURVE('',#11301,#11303,#11229,.T.);
#11323=EDGE_CURVE('',#11303,#11298,#11236,.T.);
#11334=EDGE_CURVE('',#11298,#11306,#11243,.T.);
#11336=EDGE_CURVE('',#11306,#11307,#11271,.T.);
#11338=EDGE_CURVE('',#11299,#11307,#11264,.T.);
#11349=EDGE_CURVE('',#11303,#11311,#11250,.T.);
#11351=EDGE_CURVE('',#11311,#11306,#11278,.T.);
#11363=EDGE_CURVE('',#11301,#11309,#11257,.T.);
#11365=EDGE_CURVE('',#11309,#11311,#11285,.T.);
#11378=EDGE_CURVE('',#11307,#11309,#11292,.T.);
#11396=CLOSED_SHELL('',(#11327,#11342,#11356,#11370,#11383,#11395));
#11397=MANIFOLD_SOLID_BREP('',#11396);
#11510=EDGE_CURVE('',#11491,#11492,#11408,.T.);
#11512=EDGE_CURVE('',#11492,#11494,#11415,.T.);
#11514=EDGE_CURVE('',#11494,#11496,#11422,.T.);
#11516=EDGE_CURVE('',#11496,#11491,#11429,.T.);
#11527=EDGE_CURVE('',#11491,#11499,#11436,.T.);
#11529=EDGE_CURVE('',#11499,#11500,#11464,.T.);
#11531=EDGE_CURVE('',#11492,#11500,#11457,.T.);
#11542=EDGE_CURVE('',#11496,#11504,#11443,.T.);
#11544=EDGE_CURVE('',#11504,#11499,#11471,.T.);
#11556=EDGE_CURVE('',#11494,#11502,#11450,.T.);
#11558=EDGE_CURVE('',#11502,#11504,#11478,.T.);
#11571=EDGE_CURVE('',#11500,#11502,#11485,.T.);
#11589=CLOSED_SHELL('',(#11520,#11535,#11549,#11563,#11576,#11588));
#11590=MANIFOLD_SOLID_BREP('',#11589);
#11597=(LENGTH_UNIT()NAMED_UNIT(*)SI_UNIT(.MILLI.,.METRE.));
#11599=(NAMED_UNIT(*)PLANE_ANGLE_UNIT()SI_UNIT($,.RADIAN.));
#11602=(NAMED_UNIT(*)SI_UNIT($,.STERADIAN.)SOLID_ANGLE_UNIT());
#11608=AXIS2_PLACEMENT_3D('',#11605,#11606,#11607);
#11609=ADVANCED_BREP_SHAPE_REPRESENTATION('',(#11608,#10818,#11011,#11204,
#11397,#11590),#11604);
#11613=PRODUCT_DEFINITION('design','',#11612,#2297);
#11614=PRODUCT_DEFINITION_SHAPE('','SHAPE FOR USB_2_0_TYPE_B_CONNECTOR_RIGH_2.',
#11613);
#11615=SHAPE_DEFINITION_REPRESENTATION(#11614,#11609);
#11616=NEXT_ASSEMBLY_USAGE_OCCURRENCE('1','Next assembly relationship',
'USB_2_0_TYPE_B_CONNECTOR_RIGH_2',#11642,#11613,$);
#11617=PRODUCT_DEFINITION_SHAPE('Placement #1',
'Placement of USB_2_0_TYPE_B_CONNECTOR_RIGH_2 with respect to USB_2_0_TYPE_B_CONNECTOR_RIGHT_',#11616);
#11625=(LENGTH_UNIT()NAMED_UNIT(*)SI_UNIT(.MILLI.,.METRE.));
#11627=(NAMED_UNIT(*)PLANE_ANGLE_UNIT()SI_UNIT($,.RADIAN.));
#11630=(NAMED_UNIT(*)SI_UNIT($,.STERADIAN.)SOLID_ANGLE_UNIT());
#11636=AXIS2_PLACEMENT_3D('',#11633,#11634,#11635);
#11642=PRODUCT_DEFINITION('design','',#11641,#11638);
ENDSEC;
END-ISO-10303-21;
